book,surface,suggested_type,confidence,age,abv,region,cask,bottler,page,status
50 - Whisky Advocate September 2020_pdf -- W,Big Whisky,expression,0.4,,,,,,12,AMBIGUOUS
50 - Whisky Advocate September 2020_pdf -- W,"Cowdery
The",expression,0.4,,,,,,13,AMBIGUOUS
50 - Whisky Advocate September 2020_pdf -- W,"Whisky Advocate
Photos",expression,0.4,,,,,,13,AMBIGUOUS
50 - Whisky Advocate September 2020_pdf -- W,Buying Guide,expression,0.4,,,,,,18,AMBIGUOUS
50 - Whisky Advocate September 2020_pdf -- W,"Whisky 
Selector",expression,0.4,,,,,,18,AMBIGUOUS
50 - Whisky Advocate September 2020_pdf -- W,Whisky Notes,expression,0.4,,,,,,19,AMBIGUOUS
50 - Whisky Advocate September 2020_pdf -- W,Lot No,expression,0.4,,,,,,27,AMBIGUOUS
50 - Whisky Advocate September 2020_pdf -- W,Old Fashioned,expression,0.4,,,,,,36,AMBIGUOUS
50 - Whisky Advocate September 2020_pdf -- W,Tamworth Distillery,distillery,0.4,,,,,,41,AMBIGUOUS
50 - Whisky Advocate September 2020_pdf -- W,Co. Red,expression,0.4,,40,,,,46,AMBIGUOUS
50 - Whisky Advocate September 2020_pdf -- W,Whisky Auctioneer,expression,0.4,,,,,,48,AMBIGUOUS
50 - Whisky Advocate September 2020_pdf -- W,In July,expression,0.4,10,,,,,48,AMBIGUOUS
50 - Whisky Advocate September 2020_pdf -- W,"Old 
Forester Distillery",distillery,0.4,,,,,,74,AMBIGUOUS
50 - Whisky Advocate September 2020_pdf -- W,Batch No,expression,0.4,,56.8,,,,75,AMBIGUOUS
50 - Whisky Advocate September 2020_pdf -- W,"Kelvin 
Cask",expression,0.4,,57.8,,bourbon,,75,AMBIGUOUS
50 - Whisky Advocate September 2020_pdf -- W,Rare Breed,expression,0.4,,,,,,76,AMBIGUOUS
50 - Whisky Advocate September 2020_pdf -- W,"Envy  
Cask",expression,0.4,,,,port,,76,AMBIGUOUS
50 - Whisky Advocate September 2020_pdf -- W,"Macleod.
The",expression,0.4,,,,,,82,AMBIGUOUS
50 - Whisky Advocate September 2020_pdf -- W,Old Kiln,distillery,0.4,,,,,,89,AMBIGUOUS
50 - Whisky Advocate September 2020_pdf -- W,Ila Distillery,distillery,0.4,,,islay,,,96,AMBIGUOUS
50 - Whisky Advocate September 2020_pdf -- W,"Cask 
Strength",expression,0.4,12,,,,,99,AMBIGUOUS
50 - Whisky Advocate September 2020_pdf -- W,"The 
Whisky Exchange",expression,0.4,,,,,,106,AMBIGUOUS
50 - Whisky Advocate September 2020_pdf -- W,The Heart,distillery,0.4,,,,,,109,AMBIGUOUS
50 - Whisky Advocate September 2020_pdf -- W,Blended Curtain,expression,0.4,12,,,,,110,AMBIGUOUS
50 - Whisky Advocate September 2020_pdf -- W,Honey Distillery,distillery,0.4,,,,,,112,AMBIGUOUS
50 - Whisky Advocate September 2020_pdf -- W,Finished Single Malt,expression,0.4,10,55,,bourbon,,114,AMBIGUOUS
50 - Whisky Advocate September 2020_pdf -- W,Whisky Advocate Selections,expression,0.4,,,,,,115,AMBIGUOUS
50 - Whisky Advocate September 2020_pdf -- W,Double Cask,expression,0.4,18,43,,,,115,AMBIGUOUS
50 - Whisky Advocate September 2020_pdf -- W,"Rum 
Cask",expression,0.4,,63.2,,,,117,AMBIGUOUS
50 - Whisky Advocate September 2020_pdf -- W,Old Elk Blended,expression,0.4,,44,,,,120,AMBIGUOUS
50 - Whisky Advocate September 2020_pdf -- W,Key Distillery,distillery,0.4,,25,,bourbon,,120,AMBIGUOUS
50 - Whisky Advocate September 2020_pdf -- W,Sauvignon Cask,expression,0.4,,48,,,,120,AMBIGUOUS
50 - Whisky Advocate September 2020_pdf -- W,Co. Clare,expression,0.4,,47.8,,,,122,AMBIGUOUS
50 - Whisky Advocate September 2020_pdf -- W,Sherry Cask,expression,0.4,5,50,,sherry,,123,AMBIGUOUS
50 - Whisky Advocate September 2020_pdf -- W,Whisky Advo,expression,0.4,,,,,,126,AMBIGUOUS
A Field Guide to Whisky [eBook - Biblioboard,What Are,expression,0.4,,,,,,0,AMBIGUOUS
A Field Guide to Whisky [eBook - Biblioboard,Word Whisky,expression,0.4,,,,,,0,AMBIGUOUS
A Field Guide to Whisky [eBook - Biblioboard,Why Is Whisky,expression,0.4,,,,,,0,AMBIGUOUS
A Field Guide to Whisky [eBook - Biblioboard,Spelled With,expression,0.4,,,,,,0,AMBIGUOUS
A Field Guide to Whisky [eBook - Biblioboard,Malt Whisky Yearbook,expression,0.4,,,,,,0,AMBIGUOUS
A Field Guide to Whisky [eBook - Biblioboard,What Does,expression,0.4,,,,,,0,AMBIGUOUS
A Field Guide to Whisky [eBook - Biblioboard,Whisky Cost,expression,0.4,,,,,,0,AMBIGUOUS
A Field Guide to Whisky [eBook - Biblioboard,Is Older Whisky,expression,0.4,,,,,,0,AMBIGUOUS
A Field Guide to Whisky [eBook - Biblioboard,Whisky Around,expression,0.4,,,,,,0,AMBIGUOUS
A Field Guide to Whisky [eBook - Biblioboard,Paddy. The,expression,0.4,,,,,,0,AMBIGUOUS
A Field Guide to Whisky [eBook - Biblioboard,Japan. In,expression,0.4,,,,,,0,AMBIGUOUS
A Field Guide to Whisky [eBook - Biblioboard,Is Whisky Produced,expression,0.4,,,,,,0,AMBIGUOUS
A Field Guide to Whisky [eBook - Biblioboard,Gotemba Distillery,distillery,0.4,,,,,,0,AMBIGUOUS
A Field Guide to Whisky [eBook - Biblioboard,"Czech Whisky

The",expression,0.4,,,,,,0,AMBIGUOUS
A Field Guide to Whisky [eBook - Biblioboard,"Dutch Whisky
 
The",expression,0.4,,,,,,0,AMBIGUOUS
A Field Guide to Whisky [eBook - Biblioboard,Norfolk. In,distillery,0.4,,,,,,0,AMBIGUOUS
A Field Guide to Whisky [eBook - Biblioboard,"French Whisky

The",expression,0.4,,,,,,0,AMBIGUOUS
A Field Guide to Whisky [eBook - Biblioboard,"Icelandic Whisky 
It",distillery,0.4,,,,,,0,AMBIGUOUS
A Field Guide to Whisky [eBook - Biblioboard,La Alazana,distillery,0.4,,,,,,0,AMBIGUOUS
A Field Guide to Whisky [eBook - Biblioboard,"Swedish Whisky 
The",expression,0.4,,,,,,0,AMBIGUOUS
A Field Guide to Whisky [eBook - Biblioboard,Malt Whisky Production,expression,0.4,,,,,,0,AMBIGUOUS
A Field Guide to Whisky [eBook - Biblioboard,How Is Malt,expression,0.4,,,,,,0,AMBIGUOUS
A Field Guide to Whisky [eBook - Biblioboard,What Is Malting,expression,0.4,,,,,,0,AMBIGUOUS
A Field Guide to Whisky [eBook - Biblioboard,What Is Kilning,expression,0.4,,,,,,0,AMBIGUOUS
A Field Guide to Whisky [eBook - Biblioboard,In Ireland,expression,0.4,,,campbeltown,,,0,AMBIGUOUS
A Field Guide to Whisky [eBook - Biblioboard,Whisky Mature,expression,0.4,,,,,,0,AMBIGUOUS
A Field Guide to Whisky [eBook - Biblioboard,What Types,expression,0.4,,,,oak,,0,AMBIGUOUS
A Field Guide to Whisky [eBook - Biblioboard,Quarter Cask,expression,0.4,,,,quarter,,0,AMBIGUOUS
A Field Guide to Whisky [eBook - Biblioboard,Cask Influence,expression,0.4,,,,,,0,AMBIGUOUS
A Field Guide to Whisky [eBook - Biblioboard,At What Alcohol,expression,0.4,,,,,,0,AMBIGUOUS
A Field Guide to Whisky [eBook - Biblioboard,What Is Reracking,distillery,0.4,,,islay,,,0,AMBIGUOUS
A Field Guide to Whisky [eBook - Biblioboard,Ruby. In,expression,0.4,9,,,,,0,AMBIGUOUS
A Field Guide to Whisky [eBook - Biblioboard,Grain Whisky,expression,0.4,,,,,,0,AMBIGUOUS
A Field Guide to Whisky [eBook - Biblioboard,The Grouse,expression,0.4,,,,,,0,AMBIGUOUS
A Field Guide to Whisky [eBook - Biblioboard,So Many Blended,expression,0.4,,,,,,0,AMBIGUOUS
A Field Guide to Whisky [eBook - Biblioboard,The Pattisons,expression,0.4,,,,,,0,AMBIGUOUS
A Field Guide to Whisky [eBook - Biblioboard,Moore County,distillery,0.4,,,,,,0,AMBIGUOUS
A Field Guide to Whisky [eBook - Biblioboard,Can Single Malt,expression,0.4,,,,,,0,AMBIGUOUS
A Field Guide to Whisky [eBook - Biblioboard,"Repeal
The",expression,0.4,,,,,,0,AMBIGUOUS
A Field Guide to Whisky [eBook - Biblioboard,Single Malts,expression,0.4,,,,,,0,AMBIGUOUS
A Field Guide to Whisky [eBook - Biblioboard,Dave Broom,expression,0.4,,,,oak,,0,AMBIGUOUS
A Field Guide to Whisky [eBook - Biblioboard,World Atlas,expression,0.4,,,,,,0,AMBIGUOUS
A Field Guide to Whisky [eBook - Biblioboard,Japanese Alps,distillery,0.4,,,,,,0,AMBIGUOUS
A Field Guide to Whisky [eBook - Biblioboard,When Is Whisky,expression,0.4,,,,,,0,AMBIGUOUS
A Field Guide to Whisky [eBook - Biblioboard,Where Is Whisky,expression,0.4,,,,,,0,AMBIGUOUS
A Field Guide to Whisky [eBook - Biblioboard,Is Whisky Diluted,expression,0.4,,,,,,0,AMBIGUOUS
A Field Guide to Whisky [eBook - Biblioboard,Before Bottling,expression,0.4,,,,,,0,AMBIGUOUS
A Field Guide to Whisky [eBook - Biblioboard,Is Whisky Filtered,expression,0.4,,,,,,0,AMBIGUOUS
A Field Guide to Whisky [eBook - Biblioboard,What Is Raw,expression,0.4,,,,,,0,AMBIGUOUS
A Field Guide to Whisky [eBook - Biblioboard,Distillery Name,distillery,0.4,,,,,,0,AMBIGUOUS
A Field Guide to Whisky [eBook - Biblioboard,Logo.  The,expression,0.4,,,,,,0,AMBIGUOUS
A Field Guide to Whisky [eBook - Biblioboard,Scotch. Bourbon,expression,0.4,,,,bourbon,,0,AMBIGUOUS
A Field Guide to Whisky [eBook - Biblioboard,Whisky Bottle,expression,0.4,,,,,,0,AMBIGUOUS
A Field Guide to Whisky [eBook - Biblioboard,In Europe,expression,0.4,,,,,,0,AMBIGUOUS
A Field Guide to Whisky [eBook - Biblioboard,Malt Mean,expression,0.4,,,,,,0,AMBIGUOUS
A Field Guide to Whisky [eBook - Biblioboard,Official Distillery Bottling,distillery,0.4,,,,,signatory,0,AMBIGUOUS
A Field Guide to Whisky [eBook - Biblioboard,What Happens,expression,0.4,,,,wine,,0,AMBIGUOUS
A Field Guide to Whisky [eBook - Biblioboard,Tasting Whisky,expression,0.4,,,,,,0,AMBIGUOUS
A Field Guide to Whisky [eBook - Biblioboard,What Kind,expression,0.4,,,,,,0,AMBIGUOUS
A Field Guide to Whisky [eBook - Biblioboard,Drink Whisky,expression,0.4,,,,,,0,AMBIGUOUS
A Field Guide to Whisky [eBook - Biblioboard,Nose Whisky,expression,0.4,,,,,,0,AMBIGUOUS
A Field Guide to Whisky [eBook - Biblioboard,Taste Whisky,expression,0.4,,,,,,0,AMBIGUOUS
A Field Guide to Whisky [eBook - Biblioboard,The British,expression,0.4,,,,,,0,AMBIGUOUS
A Field Guide to Whisky [eBook - Biblioboard,Decant Whisky,expression,0.4,,,,,,0,AMBIGUOUS
A Field Guide to Whisky [eBook - Biblioboard,Cigar Malt,distillery,0.4,,,,,,0,AMBIGUOUS
A Field Guide to Whisky [eBook - Biblioboard,The Bluffer,expression,0.4,,,,,,0,AMBIGUOUS
A Field Guide to Whisky [eBook - Biblioboard,Jim Murray,expression,0.4,,,,,,0,AMBIGUOUS
A Field Guide to Whisky [eBook - Biblioboard,Whisky Classified,expression,0.4,,,,,,0,AMBIGUOUS
A Field Guide to Whisky [eBook - Biblioboard,"Whisky Clubs 
Whisky",expression,0.4,,,,,,0,AMBIGUOUS
A Field Guide to Whisky [eBook - Biblioboard,Appreciating Whisky,expression,0.4,,,,,,0,AMBIGUOUS
A Field Guide to Whisky [eBook - Biblioboard,Scotch Whisky International,expression,0.4,,,,,,0,AMBIGUOUS
A Field Guide to Whisky [eBook - Biblioboard,What Defines,expression,0.4,,,,,,0,AMBIGUOUS
A Field Guide to Whisky [eBook - Biblioboard,Buy Whisky,expression,0.4,,,,,,0,AMBIGUOUS
A Field Guide to Whisky [eBook - Biblioboard,"Netherlands.

In",expression,0.4,,,,,,0,AMBIGUOUS
A Field Guide to Whisky [eBook - Biblioboard,Bonhams.,expression,0.4,,,,,,0,AMBIGUOUS
A Field Guide to Whisky [eBook - Biblioboard,Whisky Index,expression,0.4,,,,,,0,AMBIGUOUS
A Field Guide to Whisky [eBook - Biblioboard,Whisky Is Sold,expression,0.4,,,,,,0,AMBIGUOUS
A Field Guide to Whisky [eBook - Biblioboard,Scotch Whisky Association,expression,0.4,,,,wine,,0,AMBIGUOUS
A Field Guide to Whisky [eBook - Biblioboard,What Kinds,expression,0.4,,,,,,0,AMBIGUOUS
A Field Guide to Whisky [eBook - Biblioboard,"Whisky Literature
In",expression,0.4,,,,,,0,AMBIGUOUS
A Field Guide to Whisky [eBook - Biblioboard,Prohibition. The,expression,0.4,,,,,,0,AMBIGUOUS
A Field Guide to Whisky [eBook - Biblioboard,"United Kingdom

Alfred",expression,0.4,,,,,,0,AMBIGUOUS
A Field Guide to Whisky [eBook - Biblioboard,"Barnard

The",expression,0.4,,,,,,0,AMBIGUOUS
A Field Guide to Whisky [eBook - Biblioboard,The Manufacture,expression,0.4,,,,,,0,AMBIGUOUS
A Field Guide to Whisky [eBook - Biblioboard,The Making,expression,0.4,,,,,,0,AMBIGUOUS
A Field Guide to Whisky [eBook - Biblioboard,His Malt Whisky,expression,0.4,,,,,,0,AMBIGUOUS
A Field Guide to Whisky [eBook - Biblioboard,Whisky Business,expression,0.4,,,,,,0,AMBIGUOUS
A Field Guide to Whisky [eBook - Biblioboard,Truths About Whisky,expression,0.4,,,,,,0,AMBIGUOUS
A Field Guide to Whisky [eBook - Biblioboard,The Product,expression,0.4,,,,,,0,AMBIGUOUS
A Field Guide to Whisky [eBook - Biblioboard,De Kergommeaux,expression,0.4,,,,,,0,AMBIGUOUS
A Field Guide to Whisky [eBook - Biblioboard,Japanese. Soon,expression,0.4,,,,,,0,AMBIGUOUS
A Field Guide to Whisky [eBook - Biblioboard,The Essential Guide,expression,0.4,,,,,,0,AMBIGUOUS
A Field Guide to Whisky [eBook - Biblioboard,Whisky Trends,expression,0.4,,,,,,0,AMBIGUOUS
A Field Guide to Whisky [eBook - Biblioboard,The Current Whisky,expression,0.4,,,,,,0,AMBIGUOUS
A Field Guide to Whisky [eBook - Biblioboard,"United States

Striped",distillery,0.4,,,,,,0,AMBIGUOUS
A Field Guide to Whisky [eBook - Biblioboard,Pig Distillery,distillery,0.4,,,,,,0,AMBIGUOUS
A Field Guide to Whisky [eBook - Biblioboard,Weller Distillery,distillery,0.4,,,,bourbon,,0,AMBIGUOUS
A Field Guide to Whisky [eBook - Biblioboard,Winkle. At,distillery,0.4,,,,,,0,AMBIGUOUS
A Field Guide to Whisky [eBook - Biblioboard,Whisky Quarterly,expression,0.4,,,,,,0,AMBIGUOUS
A Field Guide to Whisky [eBook - Biblioboard,"Sweden.

In",distillery,0.4,,,,,,0,AMBIGUOUS
A Field Guide to Whisky [eBook - Biblioboard,Italian Whisky,distillery,0.4,,,,,,0,AMBIGUOUS
A Field Guide to Whisky [eBook - Biblioboard,The Future,expression,0.4,,,,,,0,AMBIGUOUS
A Field Guide to Whisky [eBook - Biblioboard,Whisky Trivia,expression,0.4,,,,,,0,AMBIGUOUS
A Field Guide to Whisky [eBook - Biblioboard,Red Book,expression,0.4,,,,,,0,AMBIGUOUS
A Field Guide to Whisky [eBook - Biblioboard,The Moors,expression,0.4,,,,,,0,AMBIGUOUS
A Field Guide to Whisky [eBook - Biblioboard,Oldest Distillery,distillery,0.4,,,,,,0,AMBIGUOUS
A Field Guide to Whisky [eBook - Biblioboard,Lane Distillery,distillery,0.4,,,,,,0,AMBIGUOUS
A Field Guide to Whisky [eBook - Biblioboard,Club Whisky,expression,0.4,,,,,,0,AMBIGUOUS
A Field Guide to Whisky [eBook - Biblioboard,St. Helena,distillery,0.4,,,,,,0,AMBIGUOUS
A Field Guide to Whisky [eBook - Biblioboard,Feathers Distillery,distillery,0.4,,,,bourbon,,0,AMBIGUOUS
A Field Guide to Whisky [eBook - Biblioboard,Fiore Distillery,distillery,0.4,,,,,,0,AMBIGUOUS
A Field Guide to Whisky [eBook - Biblioboard,Redneck Distillery,distillery,0.4,,,,,,0,AMBIGUOUS
A Field Guide to Whisky [eBook - Biblioboard,La Vista,distillery,0.4,,,,,,0,AMBIGUOUS
A Field Guide to Whisky [eBook - Biblioboard,Claremont Distillery,distillery,0.4,,,,,,0,AMBIGUOUS
A Field Guide to Whisky [eBook - Biblioboard,Parallel Distillery,distillery,0.4,,,,,,0,AMBIGUOUS
A Field Guide to Whisky [eBook - Biblioboard,The Whisky Show,expression,0.4,,,,,,0,AMBIGUOUS
A Field Guide to Whisky [eBook - Biblioboard,The Whisky Fair,expression,0.4,,,,,,0,AMBIGUOUS
A Field Guide to Whisky [eBook - Biblioboard,The Hague,expression,0.4,,,,,,0,AMBIGUOUS
A Field Guide to Whisky [eBook - Biblioboard,"Africa
Whisky Live",expression,0.4,,,speyside,,,0,AMBIGUOUS
A Field Guide to Whisky [eBook - Biblioboard,Whisky Festival,expression,0.4,,,,bourbon,,0,AMBIGUOUS
A Field Guide to Whisky [eBook - Biblioboard,Scotch Whisky Industry,expression,0.4,,,,,,0,AMBIGUOUS
A Field Guide to Whisky [eBook - Biblioboard,Helen. The,expression,0.4,,,,,,0,AMBIGUOUS
A Field Guide to Whisky [eBook - Biblioboard,Scotch Whisky Through,expression,0.4,75,,,,,0,AMBIGUOUS
A Field Guide to Whisky [eBook - Biblioboard,Tom. The,expression,0.4,,,,,,0,AMBIGUOUS
A Field Guide to Whisky [eBook - Biblioboard,Ulf. Japanese,expression,0.4,,,,,,0,AMBIGUOUS
A Field Guide to Whisky [eBook - Biblioboard,Hughes. The,expression,0.4,,,,,,0,AMBIGUOUS
A Field Guide to Whisky [eBook - Biblioboard,Gerald. The,bottler,0.4,,,,bourbon,society,0,AMBIGUOUS
A Field Guide to Whisky [eBook - Biblioboard,Whisky. Suffolk,expression,0.4,,,,,,0,AMBIGUOUS
A Field Guide to Whisky [eBook - Biblioboard,Oscar. Whiskey,expression,0.4,,,,,,0,AMBIGUOUS
A Field Guide to Whisky [eBook - Biblioboard,Enjoying Scotch,expression,0.4,,,,,,0,AMBIGUOUS
A Field Guide to Whisky [eBook - Biblioboard,The Definitive World,expression,0.4,,,,,,0,AMBIGUOUS
A Field Guide to Whisky [eBook - Biblioboard,Aeneas. Whisky,expression,0.4,,,,,,0,AMBIGUOUS
A Field Guide to Whisky [eBook - Biblioboard,Original Malt Whisky,expression,0.4,,,,,,0,AMBIGUOUS
A Field Guide to Whisky [eBook - Biblioboard,Hume. The,expression,0.4,,,,,,0,AMBIGUOUS
A Field Guide to Whisky [eBook - Biblioboard,Enjoy Whisky,expression,0.4,,,,,,0,AMBIGUOUS
A Field Guide to Whisky [eBook - Biblioboard,The Science,expression,0.4,,,,,,0,AMBIGUOUS
A Field Guide to Whisky [eBook - Biblioboard,Ingvar. Malt,expression,0.4,,,,,,0,AMBIGUOUS
A Field Guide to Whisky [eBook - Biblioboard,Dominic. Whisky,expression,0.4,,,,,,0,AMBIGUOUS
A Field Guide to Whisky [eBook - Biblioboard,Smith. Whiskey,expression,0.4,,,,,,0,AMBIGUOUS
A Field Guide to Whisky [eBook - Biblioboard,Noah. The,expression,0.4,,,,,,0,AMBIGUOUS
A Field Guide to Whisky [eBook - Biblioboard,Mark. The,expression,0.4,,,,bourbon,,0,AMBIGUOUS
A Field Guide to Whisky [eBook - Biblioboard,Whisky According,expression,0.4,,,,,,0,AMBIGUOUS
A Field Guide to Whisky [eBook - Biblioboard,Tristan. The,expression,0.4,,,,bourbon,,0,AMBIGUOUS
A Field Guide to Whisky [eBook - Biblioboard,An Odyssey,expression,0.4,,,,bourbon,,0,AMBIGUOUS
A Field Guide to Whisky [eBook - Biblioboard,Brian. Scotch,distillery,0.4,,,,,,0,AMBIGUOUS
A Field Guide to Whisky [eBook - Biblioboard,Whisky. New,expression,0.4,,,,,,0,AMBIGUOUS
A Field Guide to Whisky [eBook - Biblioboard,Neil. The,bottler,0.4,,,,,douglas,0,AMBIGUOUS
A Field Guide to Whisky [eBook - Biblioboard,Whisky. Zwolle,expression,0.4,,,,,,0,AMBIGUOUS
A Field Guide to Whisky [eBook - Biblioboard,Whisky Tales,expression,0.4,,,,,,0,AMBIGUOUS
A Field Guide to Whisky [eBook - Biblioboard,"Avenue
The Whisky",expression,0.4,,,,,,0,AMBIGUOUS
A Field Guide to Whisky [eBook - Biblioboard,"Perth
Whisky",expression,0.4,,,,,,0,AMBIGUOUS
A Field Guide to Whisky [eBook - Biblioboard,Whisky Bar,expression,0.4,,,,,,0,AMBIGUOUS
A Field Guide to Whisky [eBook - Biblioboard,Dr. Jekyll,expression,0.4,,,,,,0,AMBIGUOUS
A Field Guide to Whisky [eBook - Biblioboard,Whisky Society,bottler,0.4,,,,,society,0,AMBIGUOUS
A Field Guide to Whisky [eBook - Biblioboard,The Torridon,expression,0.4,,,,,,0,AMBIGUOUS
A Field Guide to Whisky [eBook - Biblioboard,Whisky Couple,expression,0.4,,,,,,0,AMBIGUOUS
A Field Guide to Whisky [eBook - Biblioboard,"Distillery
Justerini",distillery,0.4,,,,,,0,AMBIGUOUS
A Field Guide to Whisky [eBook - Biblioboard,"Distillery
Lockhart",distillery,0.4,,,,,,0,AMBIGUOUS
A Field Guide to Whisky [eBook - Biblioboard,"Jr.
Van",distillery,0.4,,,,,,0,AMBIGUOUS
A Field Guide to Whisky [eBook - Biblioboard,"Contents

Dedication
Introduction",expression,0.4,,,,,,0,AMBIGUOUS
A Field Guide to Whisky [eBook - Biblioboard,Danish Whisky,expression,0.4,,,,,,0,AMBIGUOUS
A Field Guide to Whisky [eBook - Biblioboard,German Whisky,expression,0.4,,,,,,0,AMBIGUOUS
A Field Guide to Whisky [eBook - Biblioboard,Norwegian Whisky,expression,0.4,,,,,,0,AMBIGUOUS
A Field Guide to Whisky [eBook - Biblioboard,Spanish Whisky,expression,0.4,,,,,,0,AMBIGUOUS
A Field Guide to Whisky [eBook - Biblioboard,Taiwanese Whisky,expression,0.4,,,,,,0,AMBIGUOUS
A Field Guide to Whisky [eBook - Biblioboard,Welsh Whisky,expression,0.4,,,,wine,,0,AMBIGUOUS
A Field Guide to Whisky [eBook - Biblioboard,What Is Mashing,expression,0.4,,,,,,0,AMBIGUOUS
A Field Guide to Whisky [eBook - Biblioboard,What Is Column,expression,0.4,,,,,,0,AMBIGUOUS
A Field Guide to Whisky [eBook - Biblioboard,The Aftermath,expression,0.4,,,,,,0,AMBIGUOUS
A Field Guide to Whisky [eBook - Biblioboard,"Whisky 




Chapter",expression,0.4,,,,,,0,AMBIGUOUS
A field guide the whisky.pdf,What Are,expression,0.4,,,,,,13,AMBIGUOUS
A field guide the whisky.pdf,"Word
Whisky",expression,0.4,,,,,,13,AMBIGUOUS
A field guide the whisky.pdf,Why Is Whisky,expression,0.4,,,,,,13,AMBIGUOUS
A field guide the whisky.pdf,Spelled With,expression,0.4,,,,,,13,AMBIGUOUS
A field guide the whisky.pdf,"Malt
Whisky Yearbook",expression,0.4,,,,,,15,AMBIGUOUS
A field guide the whisky.pdf,What Does,expression,0.4,,,,,,17,AMBIGUOUS
A field guide the whisky.pdf,Whisky Cost,expression,0.4,,,,,,17,AMBIGUOUS
A field guide the whisky.pdf,Is Older Whisky,expression,0.4,,,,,,18,AMBIGUOUS
A field guide the whisky.pdf,"Paddy.
The",expression,0.4,,,,,,24,AMBIGUOUS
A field guide the whisky.pdf,Japan. In,expression,0.4,,,,,,27,AMBIGUOUS
A field guide the whisky.pdf,Is Whisky Produced,expression,0.4,,,,,,27,AMBIGUOUS
A field guide the whisky.pdf,Gotemba Distillery,distillery,0.4,,,,,,28,AMBIGUOUS
A field guide the whisky.pdf,Czech Whisky,expression,0.4,,,,,,29,AMBIGUOUS
A field guide the whisky.pdf,The Czechs,expression,0.4,,,,,,30,AMBIGUOUS
A field guide the whisky.pdf,"Dutch Whisky
The",expression,0.4,,,,,,31,AMBIGUOUS
A field guide the whisky.pdf,Norfolk. In,distillery,0.4,,,,,,32,AMBIGUOUS
A field guide the whisky.pdf,"French Whisky
The",expression,0.4,,,,,,33,AMBIGUOUS
A field guide the whisky.pdf,"Icelandic Whisky
It",distillery,0.4,,,,,,34,AMBIGUOUS
A field guide the whisky.pdf,Norwegian Whisky,distillery,0.4,,,,,,35,AMBIGUOUS
A field guide the whisky.pdf,La Alazana,distillery,0.4,,,,,,37,AMBIGUOUS
A field guide the whisky.pdf,"Swedish Whisky
The",expression,0.4,,,,,,38,AMBIGUOUS
A field guide the whisky.pdf,Welsh Whisky,expression,0.4,,,,,,40,AMBIGUOUS
A field guide the whisky.pdf,Malt Whisky Production,expression,0.4,,,,,,46,AMBIGUOUS
A field guide the whisky.pdf,How Is Malt,expression,0.4,,,,,,47,AMBIGUOUS
A field guide the whisky.pdf,What Is Malting,expression,0.4,,,,,,50,AMBIGUOUS
A field guide the whisky.pdf,What Is Kilning,expression,0.4,,,,,,51,AMBIGUOUS
A field guide the whisky.pdf,In Ireland,expression,0.4,,,campbeltown,,,71,AMBIGUOUS
A field guide the whisky.pdf,Whisky Mature,expression,0.4,,,,,,72,AMBIGUOUS
A field guide the whisky.pdf,What Types,expression,0.4,,,,oak,,76,AMBIGUOUS
A field guide the whisky.pdf,Quarter Cask,expression,0.4,,,,quarter,,81,AMBIGUOUS
A field guide the whisky.pdf,Cask Influence,expression,0.4,,,,,,84,AMBIGUOUS
A field guide the whisky.pdf,At What Alcohol,expression,0.4,,,,,,84,AMBIGUOUS
A field guide the whisky.pdf,What Is Reracking,distillery,0.4,,,islay,,,86,AMBIGUOUS
A field guide the whisky.pdf,Ruby. In,expression,0.4,9,,,,,88,AMBIGUOUS
A field guide the whisky.pdf,Grain Whisky,expression,0.4,,,,,,88,AMBIGUOUS
A field guide the whisky.pdf,The Grouse,expression,0.4,,,,,,101,AMBIGUOUS
A field guide the whisky.pdf,So Many Blended,expression,0.4,,,,,,109,AMBIGUOUS
A field guide the whisky.pdf,The Pattisons,expression,0.4,,,,,,112,AMBIGUOUS
A field guide the whisky.pdf,Moore County,distillery,0.4,,,,,,140,AMBIGUOUS
A field guide the whisky.pdf,Can Single Malt,expression,0.4,,,,,,142,AMBIGUOUS
A field guide the whisky.pdf,Single Malts,expression,0.4,,,,,,159,AMBIGUOUS
A field guide the whisky.pdf,Dave Broom,expression,0.4,,,,oak,,162,AMBIGUOUS
A field guide the whisky.pdf,World Atlas,expression,0.4,,,,,,162,AMBIGUOUS
A field guide the whisky.pdf,Japanese Alps,distillery,0.4,,,,,,164,AMBIGUOUS
A field guide the whisky.pdf,When Is Whisky,expression,0.4,,,,,,168,AMBIGUOUS
A field guide the whisky.pdf,Where Is Whisky,expression,0.4,,,,,,168,AMBIGUOUS
A field guide the whisky.pdf,Is Whisky Diluted,expression,0.4,,,,,,170,AMBIGUOUS
A field guide the whisky.pdf,Before Bottling,expression,0.4,,,,,,170,AMBIGUOUS
A field guide the whisky.pdf,Is Whisky Filtered,expression,0.4,,,,,,170,AMBIGUOUS
A field guide the whisky.pdf,What Is Raw,expression,0.4,,,,,,171,AMBIGUOUS
A field guide the whisky.pdf,Scotch. Bourbon,expression,0.4,,,,bourbon,,175,AMBIGUOUS
A field guide the whisky.pdf,"Whisky
Bottle",expression,0.4,,,,,,177,AMBIGUOUS
A field guide the whisky.pdf,In Europe,expression,0.4,,,,,,177,AMBIGUOUS
A field guide the whisky.pdf,Malt Mean,expression,0.4,,,,,,178,AMBIGUOUS
A field guide the whisky.pdf,Official Distillery Bottling,distillery,0.4,,,,,independent,179,AMBIGUOUS
A field guide the whisky.pdf,What Happens,expression,0.4,,,,wine,,181,AMBIGUOUS
A field guide the whisky.pdf,What Kind,expression,0.4,,,,,,188,AMBIGUOUS
A field guide the whisky.pdf,Drink Whisky,expression,0.4,,,,,,188,AMBIGUOUS
A field guide the whisky.pdf,Nose Whisky,expression,0.4,,,,,,188,AMBIGUOUS
A field guide the whisky.pdf,Taste Whisky,expression,0.4,,,,,,188,AMBIGUOUS
A field guide the whisky.pdf,The British,expression,0.4,,,,,,196,AMBIGUOUS
A field guide the whisky.pdf,Decant Whisky,expression,0.4,,,,,,197,AMBIGUOUS
A field guide the whisky.pdf,Cigar Malt,distillery,0.4,,,,,,205,AMBIGUOUS
A field guide the whisky.pdf,The Bluffer,expression,0.4,,,,,,208,AMBIGUOUS
A field guide the whisky.pdf,Jim Murray,expression,0.4,,,,,,208,AMBIGUOUS
A field guide the whisky.pdf,Whisky Classified,expression,0.4,,,,,,208,AMBIGUOUS
A field guide the whisky.pdf,"Whisky Clubs
Whisky",expression,0.4,,,,,,208,AMBIGUOUS
A field guide the whisky.pdf,Appreciating Whisky,expression,0.4,,,,,,208,AMBIGUOUS
A field guide the whisky.pdf,Scotch Whisky International,expression,0.4,,,,,,213,AMBIGUOUS
A field guide the whisky.pdf,What Defines,expression,0.4,,,,,,213,AMBIGUOUS
A field guide the whisky.pdf,Buy Whisky,expression,0.4,,,,,,214,AMBIGUOUS
A field guide the whisky.pdf,"Netherlands.
In",expression,0.4,,,,,,214,AMBIGUOUS
A field guide the whisky.pdf,Bonhams.,expression,0.4,,,,,,215,AMBIGUOUS
A field guide the whisky.pdf,Whisky Index,expression,0.4,,,,,,218,AMBIGUOUS
A field guide the whisky.pdf,Whisky Is Sold,expression,0.4,,,,,,220,AMBIGUOUS
A field guide the whisky.pdf,Scotch Whisky Association,expression,0.4,,,,wine,,220,AMBIGUOUS
A field guide the whisky.pdf,What Kinds,expression,0.4,,,,,,220,AMBIGUOUS
A field guide the whisky.pdf,"Whisky Literature
In",expression,0.4,,,,,,221,AMBIGUOUS
A field guide the whisky.pdf,Prohibition. The,expression,0.4,,,,,,221,AMBIGUOUS
A field guide the whisky.pdf,"United
Kingdom
Alfred",expression,0.4,,,,,,222,AMBIGUOUS
A field guide the whisky.pdf,"Barnard
The",expression,0.4,,,,,,222,AMBIGUOUS
A field guide the whisky.pdf,The Manufacture,expression,0.4,,,,,,222,AMBIGUOUS
A field guide the whisky.pdf,The Making,expression,0.4,,,,,,222,AMBIGUOUS
A field guide the whisky.pdf,His Malt Whisky,expression,0.4,,,,,,222,AMBIGUOUS
A field guide the whisky.pdf,Whisky Business,expression,0.4,,,,,,223,AMBIGUOUS
A field guide the whisky.pdf,Truths About Whisky,expression,0.4,,,,,,223,AMBIGUOUS
A field guide the whisky.pdf,The Product,expression,0.4,,,,,,224,AMBIGUOUS
A field guide the whisky.pdf,De Kergommeaux,expression,0.4,,,,,,224,AMBIGUOUS
A field guide the whisky.pdf,Japanese. Soon,expression,0.4,,,,,,224,AMBIGUOUS
A field guide the whisky.pdf,The Essential Guide,expression,0.4,,,,,,224,AMBIGUOUS
A field guide the whisky.pdf,The Current Whisky,expression,0.4,,,,,,227,AMBIGUOUS
A field guide the whisky.pdf,"United
States
Striped",distillery,0.4,,,,,,228,AMBIGUOUS
A field guide the whisky.pdf,Pig Distillery,distillery,0.4,,,,,,228,AMBIGUOUS
A field guide the whisky.pdf,Weller Distillery,distillery,0.4,,,,bourbon,,231,AMBIGUOUS
A field guide the whisky.pdf,Winkle. At,distillery,0.4,,,,,,231,AMBIGUOUS
A field guide the whisky.pdf,"Whisky
Quarterly",expression,0.4,,,,,,233,AMBIGUOUS
A field guide the whisky.pdf,"Sweden.
In",distillery,0.4,,,,,,235,AMBIGUOUS
A field guide the whisky.pdf,Italian Whisky,distillery,0.4,,,,,,236,AMBIGUOUS
A field guide the whisky.pdf,The Future,expression,0.4,,,,,,242,AMBIGUOUS
A field guide the whisky.pdf,Red Book,expression,0.4,,,,,,248,AMBIGUOUS
A field guide the whisky.pdf,The Moors,expression,0.4,,,,,,249,AMBIGUOUS
A field guide the whisky.pdf,Oldest Distillery,distillery,0.4,,,,,,251,AMBIGUOUS
A field guide the whisky.pdf,Lane Distillery,distillery,0.4,,,,,,262,AMBIGUOUS
A field guide the whisky.pdf,Club Whisky,expression,0.4,,,,,,269,AMBIGUOUS
A field guide the whisky.pdf,St. Helena,distillery,0.4,,,,,,292,AMBIGUOUS
A field guide the whisky.pdf,Feathers Distillery,distillery,0.4,,,,bourbon,,292,AMBIGUOUS
A field guide the whisky.pdf,Fiore Distillery,distillery,0.4,,,,,,293,AMBIGUOUS
A field guide the whisky.pdf,Redneck Distillery,distillery,0.4,,,,,,293,AMBIGUOUS
A field guide the whisky.pdf,La Vista,distillery,0.4,,,,,,294,AMBIGUOUS
A field guide the whisky.pdf,Claremont Distillery,distillery,0.4,,,,,,294,AMBIGUOUS
A field guide the whisky.pdf,Parallel Distillery,distillery,0.4,,,,,,296,AMBIGUOUS
A field guide the whisky.pdf,The Whisky Show,expression,0.4,,,,,,306,AMBIGUOUS
A field guide the whisky.pdf,The Whisky Fair,expression,0.4,,,,,,306,AMBIGUOUS
A field guide the whisky.pdf,The Hague,expression,0.4,,,,,,306,AMBIGUOUS
A field guide the whisky.pdf,Whisky Festival,expression,0.4,,,,bourbon,,307,AMBIGUOUS
A field guide the whisky.pdf,Scotch Whisky Industry,expression,0.4,,,,,,308,AMBIGUOUS
A field guide the whisky.pdf,Helen. The,expression,0.4,,,,,,308,AMBIGUOUS
A field guide the whisky.pdf,Scotch Whisky Through,expression,0.4,75,,,,,309,AMBIGUOUS
A field guide the whisky.pdf,Tom. The,expression,0.4,,,,,,309,AMBIGUOUS
A field guide the whisky.pdf,Ulf. Japanese,expression,0.4,,,,,,309,AMBIGUOUS
A field guide the whisky.pdf,Hughes. The,expression,0.4,,,,,,309,AMBIGUOUS
A field guide the whisky.pdf,Whisky. Suffolk,expression,0.4,,,,,,310,AMBIGUOUS
A field guide the whisky.pdf,Oscar. Whiskey,expression,0.4,,,,,,310,AMBIGUOUS
A field guide the whisky.pdf,Enjoying Scotch,expression,0.4,,,,,,311,AMBIGUOUS
A field guide the whisky.pdf,The Definitive World,expression,0.4,,,,,,311,AMBIGUOUS
A field guide the whisky.pdf,Aeneas. Whisky,expression,0.4,,,,,,311,AMBIGUOUS
A field guide the whisky.pdf,Original Malt Whisky,expression,0.4,,,,,,312,AMBIGUOUS
A field guide the whisky.pdf,Hume. The,expression,0.4,,,,,,312,AMBIGUOUS
A field guide the whisky.pdf,Enjoy Whisky,expression,0.4,,,,,,313,AMBIGUOUS
A field guide the whisky.pdf,The Science,expression,0.4,,,,,,314,AMBIGUOUS
A field guide the whisky.pdf,Ingvar. Malt,expression,0.4,,,,,,314,AMBIGUOUS
A field guide the whisky.pdf,Dominic. Whisky,expression,0.4,,,,,,314,AMBIGUOUS
A field guide the whisky.pdf,Smith. Whiskey,expression,0.4,,,,,,314,AMBIGUOUS
A field guide the whisky.pdf,Noah. The,expression,0.4,,,,,,314,AMBIGUOUS
A field guide the whisky.pdf,Mark. The,expression,0.4,,,,bourbon,,314,AMBIGUOUS
A field guide the whisky.pdf,Whisky According,expression,0.4,,,,,,315,AMBIGUOUS
A field guide the whisky.pdf,Tristan. The,expression,0.4,,,,bourbon,,315,AMBIGUOUS
A field guide the whisky.pdf,An Odyssey,expression,0.4,,,,bourbon,,315,AMBIGUOUS
A field guide the whisky.pdf,Brian. Scotch,distillery,0.4,,,,,,315,AMBIGUOUS
A field guide the whisky.pdf,Whisky. New,expression,0.4,,,,,,315,AMBIGUOUS
A field guide the whisky.pdf,Neil. The,bottler,0.4,,,,,douglas,315,AMBIGUOUS
A field guide the whisky.pdf,Whisky. Zwolle,expression,0.4,,,,,,316,AMBIGUOUS
A field guide the whisky.pdf,Whisky Tales,expression,0.4,,,,,,316,AMBIGUOUS
A field guide the whisky.pdf,"Avenue
The Whisky",expression,0.4,,,,,,319,AMBIGUOUS
A field guide the whisky.pdf,"Perth
Whisky",expression,0.4,,,,,,320,AMBIGUOUS
A field guide the whisky.pdf,Whisky Bar,expression,0.4,,,,,,320,AMBIGUOUS
A field guide the whisky.pdf,Dr. Jekyll,expression,0.4,,,,,,322,AMBIGUOUS
A field guide the whisky.pdf,Whisky Society,bottler,0.4,,,,,society,322,AMBIGUOUS
A field guide the whisky.pdf,Whisky Couple,expression,0.4,,,,,,325,AMBIGUOUS
A field guide the whisky.pdf,"Distillery
Justerini",distillery,0.4,,,,,,335,AMBIGUOUS
A field guide the whisky.pdf,"Distillery
Lockhart",distillery,0.4,,,,,,336,AMBIGUOUS
A field guide the whisky.pdf,"Jr.
Van",distillery,0.4,,,,,,343,AMBIGUOUS
"Charles, MacLean _ John, MacPherson - Whisky",World Consumption,expression,0.4,,,,,,0,AMBIGUOUS
"Charles, MacLean _ John, MacPherson - Whisky",Bottled Malt Whisky,expression,0.4,,,,,,0,AMBIGUOUS
"Charles, MacLean _ John, MacPherson - Whisky","Foreword
This",expression,0.4,,,,,,0,AMBIGUOUS
"Charles, MacLean _ John, MacPherson - Whisky",Whisky Boom,expression,0.4,,,,,,0,AMBIGUOUS
"Charles, MacLean _ John, MacPherson - Whisky",The Ascot Malt,distillery,0.4,,,,,,0,AMBIGUOUS
"Charles, MacLean _ John, MacPherson - Whisky",The Classic Malts,expression,0.4,,,,,,0,AMBIGUOUS
"Charles, MacLean _ John, MacPherson - Whisky",Pure Malt,expression,0.4,,,,,,0,AMBIGUOUS
"Charles, MacLean _ John, MacPherson - Whisky",Bottler. This,distillery,0.4,,,,,independent,0,AMBIGUOUS
"Charles, MacLean _ John, MacPherson - Whisky",Scotch Whisky Association,expression,0.4,,,lowland,,,0,AMBIGUOUS
"Charles, MacLean _ John, MacPherson - Whisky","Malt
Until",expression,0.4,,,,,,0,AMBIGUOUS
"Charles, MacLean _ John, MacPherson - Whisky","Casks
The",expression,0.4,,,,,,0,AMBIGUOUS
"Charles, MacLean _ John, MacPherson - Whisky",Double Cask,expression,0.4,12,,,,,0,AMBIGUOUS
"Charles, MacLean _ John, MacPherson - Whisky",Bhainne Distillery,distillery,0.4,,,,,,0,AMBIGUOUS
"Charles, MacLean _ John, MacPherson - Whisky",Scotch Whisky Director,bottler,0.4,,,,bourbon,douglas,0,AMBIGUOUS
"Charles, MacLean _ John, MacPherson - Whisky",Anniversary Bottling,expression,0.4,21,43,,,,0,AMBIGUOUS
"Charles, MacLean _ John, MacPherson - Whisky","Lowlands.
It",expression,0.4,,,,,,0,AMBIGUOUS
"Charles, MacLean _ John, MacPherson - Whisky",Cuban Whisky,expression,0.4,,,,,,0,AMBIGUOUS
"Charles, MacLean _ John, MacPherson - Whisky",Scotch Whisky Industry,expression,0.4,,,,,,0,AMBIGUOUS
"Charles, MacLean _ John, MacPherson - Whisky",Whisky Awards,expression,0.4,,,,,,0,AMBIGUOUS
"Charles, MacLean _ John, MacPherson - Whisky",World War,expression,0.4,,,,,,0,AMBIGUOUS
"Charles, MacLean _ John, MacPherson - Whisky",Nevis Distillery,distillery,0.4,,,,,,0,AMBIGUOUS
"Charles, MacLean _ John, MacPherson - Whisky",As Mr Walker,bottler,0.4,,,,,independent,0,AMBIGUOUS
"Charles, MacLean _ John, MacPherson - Whisky",In July,distillery,0.4,,,,,,0,AMBIGUOUS
"Charles, MacLean _ John, MacPherson - Whisky",Dave Broom,expression,0.4,,,,,,0,AMBIGUOUS
"Charles, MacLean _ John, MacPherson - Whisky","Forres.
The",distillery,0.4,,,,,,0,AMBIGUOUS
"Charles, MacLean _ John, MacPherson - Whisky",The Mutter,expression,0.4,,,,,,0,AMBIGUOUS
"Charles, MacLean _ John, MacPherson - Whisky",Whisky Road,expression,0.4,,,,,,0,AMBIGUOUS
"Charles, MacLean _ John, MacPherson - Whisky",Cellar Book,expression,0.4,,,,,,0,AMBIGUOUS
"Charles, MacLean _ John, MacPherson - Whisky",Bottling Hall,expression,0.4,,,,,,0,AMBIGUOUS
"Charles, MacLean _ John, MacPherson - Whisky",Old Parr,distillery,0.4,,,campbeltown,,,0,AMBIGUOUS
"Charles, MacLean _ John, MacPherson - Whisky",Ltd. This,distillery,0.4,,,islay,,,0,AMBIGUOUS
"Charles, MacLean _ John, MacPherson - Whisky",Sunbury Distillery,distillery,0.4,,,,,,0,AMBIGUOUS
"Charles, MacLean _ John, MacPherson - Whisky","Europe.
In",distillery,0.4,,,,,,0,AMBIGUOUS
"Charles, MacLean _ John, MacPherson - Whisky",Whisky. Not,expression,0.4,,,,,,0,AMBIGUOUS
"Charles, MacLean _ John, MacPherson - Whisky",Wandsworth Distillery,distillery,0.4,,,,,,0,AMBIGUOUS
"Charles, MacLean _ John, MacPherson - Whisky",Seggie Distillery,distillery,0.4,,,,,,0,AMBIGUOUS
"Charles, MacLean _ John, MacPherson - Whisky",Grain Whisky,expression,0.4,,,,,,0,AMBIGUOUS
"Charles, MacLean _ John, MacPherson - Whisky",Silent Malt,expression,0.4,,,,,,0,AMBIGUOUS
"Charles, MacLean _ John, MacPherson - Whisky",Flavoured Malt,expression,0.4,,,,,,0,AMBIGUOUS
"Charles, MacLean _ John, MacPherson - Whisky","Realm.
In",distillery,0.4,,,,,,0,AMBIGUOUS
"Charles, MacLean _ John, MacPherson - Whisky",The Queen,expression,0.4,,,,,,0,AMBIGUOUS
"Charles, MacLean _ John, MacPherson - Whisky",Whisky Trade,expression,0.4,12,40,,,,0,AMBIGUOUS
"Charles, MacLean _ John, MacPherson - Whisky","Alloa.
The",expression,0.4,,,,,,0,AMBIGUOUS
"Charles, MacLean _ John, MacPherson - Whisky",Cigar Malt,expression,0.4,30,43,,,,0,AMBIGUOUS
"Charles, MacLean _ John, MacPherson - Whisky",Cask Finish,expression,0.4,,44.6,,sherry,,0,AMBIGUOUS
"Charles, MacLean _ John, MacPherson - Whisky",Old Bannockburn,expression,0.4,,,,,,0,AMBIGUOUS
"Charles, MacLean _ John, MacPherson - Whisky",Cincinnati. In,distillery,0.4,,,,,,0,AMBIGUOUS
"Charles, MacLean _ John, MacPherson - Whisky",Ord Distillery,distillery,0.4,,,,,,0,AMBIGUOUS
"Charles, MacLean _ John, MacPherson - Whisky",Distillery Edition,distillery,0.4,10,40,,,,0,AMBIGUOUS
"Charles, MacLean _ John, MacPherson - Whisky",Aeneas Macdonald,expression,0.4,,,highland,,,0,AMBIGUOUS
"Charles, MacLean _ John, MacPherson - Whisky",Whisky Galore,expression,0.4,,,,,,0,AMBIGUOUS
"Charles, MacLean _ John, MacPherson - Whisky",Meldrum Distillery,distillery,0.4,,,,,,0,AMBIGUOUS
"Charles, MacLean _ John, MacPherson - Whisky",The Vaults,bottler,0.4,,,,wine,society,0,AMBIGUOUS
"Charles, MacLean _ John, MacPherson - Whisky",The Major,expression,0.4,,,,,,0,AMBIGUOUS
"Charles, MacLean _ John, MacPherson - Whisky",Keith. It,distillery,0.4,,,,,,0,AMBIGUOUS
"Charles, MacLean _ John, MacPherson - Whisky",The Museum,expression,0.4,,,,,,0,AMBIGUOUS
"Charles, MacLean _ John, MacPherson - Whisky",Malt Whisky Production,expression,0.4,,,,,,0,AMBIGUOUS
"Charles, MacLean _ John, MacPherson - Whisky",In February,expression,0.4,,,,,,0,AMBIGUOUS
"Charles, MacLean _ John, MacPherson - Whisky",Delnabo Distillery,distillery,0.4,,,,,,0,AMBIGUOUS
"Charles, MacLean _ John, MacPherson - Whisky",The Times,expression,0.4,,,,,,0,AMBIGUOUS
"Charles, MacLean _ John, MacPherson - Whisky",Old Mull,distillery,0.4,,,,,,0,AMBIGUOUS
"Charles, MacLean _ John, MacPherson - Whisky",Artisan Cask,expression,0.4,30,,,oak,,0,AMBIGUOUS
"Charles, MacLean _ John, MacPherson - Whisky",The Ladies,distillery,0.4,,,,,,0,AMBIGUOUS
"Charles, MacLean _ John, MacPherson - Whisky",The Hosh,distillery,0.4,,,,,,0,AMBIGUOUS
"Charles, MacLean _ John, MacPherson - Whisky",Best Single Malt,expression,0.4,23,,,,,0,AMBIGUOUS
"Charles, MacLean _ John, MacPherson - Whisky",Ambassador Cask,expression,0.4,30,48.1,highland,,,0,AMBIGUOUS
"Charles, MacLean _ John, MacPherson - Whisky",Buckie. The,distillery,0.4,,,,port,,0,AMBIGUOUS
"Charles, MacLean _ John, MacPherson - Whisky",Mark Distillery,distillery,0.4,,,,first-fill,,0,AMBIGUOUS
"Charles, MacLean _ John, MacPherson - Whisky",Distillery Select,distillery,0.4,,,lowland,,,0,AMBIGUOUS
"Charles, MacLean _ John, MacPherson - Whisky",Lowland. The,expression,0.4,,,lowland,,,0,AMBIGUOUS
"Charles, MacLean _ John, MacPherson - Whisky",Elchies Distillery,distillery,0.4,,,,,,0,AMBIGUOUS
"Charles, MacLean _ John, MacPherson - Whisky",The Fine,expression,0.4,,48,,sherry,,0,AMBIGUOUS
"Charles, MacLean _ John, MacPherson - Whisky",Wm Sanderson,expression,0.4,,,,,,0,AMBIGUOUS
"Charles, MacLean _ John, MacPherson - Whisky",The Lomond,expression,0.4,,,,,,0,AMBIGUOUS
"Charles, MacLean _ John, MacPherson - Whisky",Moffat Malt,distillery,0.4,,,,,,0,AMBIGUOUS
"Charles, MacLean _ John, MacPherson - Whisky",The Chairman,expression,0.4,,,,,,0,AMBIGUOUS
"Charles, MacLean _ John, MacPherson - Whisky",Brackla Distillery,distillery,0.4,,,,,,0,AMBIGUOUS
"Charles, MacLean _ John, MacPherson - Whisky",Riechlachan Distillery,distillery,0.4,,,,,,0,AMBIGUOUS
"Charles, MacLean _ John, MacPherson - Whisky","Trossachs.
The",expression,0.4,,,,,,0,AMBIGUOUS
"Charles, MacLean _ John, MacPherson - Whisky",In January,expression,0.4,,,,,,0,AMBIGUOUS
"Charles, MacLean _ John, MacPherson - Whisky",Edrington. The,distillery,0.4,,,,,,0,AMBIGUOUS
"Charles, MacLean _ John, MacPherson - Whisky",Dalbeallie. In,distillery,0.4,,,,,,0,AMBIGUOUS
"Charles, MacLean _ John, MacPherson - Whisky",Mr Stevenson,distillery,0.4,,,,,society,0,AMBIGUOUS
"Charles, MacLean _ John, MacPherson - Whisky",The Antiquary,expression,0.4,,,,,,0,AMBIGUOUS
"Charles, MacLean _ John, MacPherson - Whisky","Bacardi.

Malt",expression,0.4,,,,,,0,AMBIGUOUS
"Charles, MacLean _ John, MacPherson - Whisky",Raw Cask,expression,0.4,,,,,,0,AMBIGUOUS
"Charles, MacLean _ John, MacPherson - Whisky",Old Town,expression,0.4,,,campbeltown,,,0,AMBIGUOUS
"Charles, MacLean _ John, MacPherson - Whisky",Andrew. The,expression,0.4,,,,,,0,AMBIGUOUS
"Charles, MacLean _ John, MacPherson - Whisky",Whisky Society,bottler,0.4,,,,,society,0,AMBIGUOUS
"Charles, MacLean _ John, MacPherson - Whisky",Whisky Magazine Independent,bottler,0.4,,40,,,independent,0,AMBIGUOUS
"Charles, MacLean _ John, MacPherson - Whisky",Vintage Malt,expression,0.4,,,,,,0,AMBIGUOUS
"Charles, MacLean _ John, MacPherson - Whisky",Malt Whisky Yearbook,expression,0.4,,,,,,0,AMBIGUOUS
"Charles, MacLean _ John, MacPherson - Whisky",Distillery Profiles,distillery,0.4,,,,,gordon,0,AMBIGUOUS
"Charles, MacLean _ John, MacPherson - Whisky",Scotch Whisky News,distillery,0.4,,,,,gordon,0,AMBIGUOUS
"Charles, MacLean _ John, MacPherson - Whisky",The Making,expression,0.4,,,,,,0,AMBIGUOUS
"Charles, MacLean _ John, MacPherson - Whisky",The Manufacture,expression,0.4,,,,,,0,AMBIGUOUS
"Charles, MacLean _ John, MacPherson - Whisky",The Old Pipe,expression,0.4,,,,,,0,AMBIGUOUS
"Charles, MacLean _ John, MacPherson - Whisky",St Oedenrode,expression,0.4,,,,,,0,AMBIGUOUS
"Charles, MacLean _ John, MacPherson - Whisky",Whisky Miscellany,expression,0.4,,,,,,0,AMBIGUOUS
"Charles, MacLean _ John, MacPherson - Whisky",Whisky Tales,expression,0.4,,,,,,0,AMBIGUOUS
"Dave Broom - Whisky_ The Manual (2014, Mitch",Maureen Robinson,expression,0.4,,,,,,0,AMBIGUOUS
"Dave Broom - Whisky_ The Manual (2014, Mitch","Ireland.

In",expression,0.4,,,highland,,,0,AMBIGUOUS
"Dave Broom - Whisky_ The Manual (2014, Mitch",Whisky Toddy,expression,0.4,,,,,,0,AMBIGUOUS
"Dave Broom - Whisky_ The Manual (2014, Mitch",Scotch Noyau,expression,0.4,,,,,,0,AMBIGUOUS
"Dave Broom - Whisky_ The Manual (2014, Mitch",Scotch Het,expression,0.4,,,,,,0,AMBIGUOUS
"Dave Broom - Whisky_ The Manual (2014, Mitch",As Tovey,expression,0.4,,,,,,0,AMBIGUOUS
"Dave Broom - Whisky_ The Manual (2014, Mitch",Act. In,distillery,0.4,,,,,,0,AMBIGUOUS
"Dave Broom - Whisky_ The Manual (2014, Mitch",Old Taylor,expression,0.4,,,,bourbon,,0,AMBIGUOUS
"Dave Broom - Whisky_ The Manual (2014, Mitch",Although Scotch,expression,0.4,,,,,,0,AMBIGUOUS
"Dave Broom - Whisky_ The Manual (2014, Mitch",Scotch Whisky Skin,expression,0.4,,,islay,,,0,AMBIGUOUS
"Dave Broom - Whisky_ The Manual (2014, Mitch",Hot Scotch Whisky,expression,0.4,,,islay,,,0,AMBIGUOUS
"Dave Broom - Whisky_ The Manual (2014, Mitch",On March,expression,0.4,,,,,,0,AMBIGUOUS
"Dave Broom - Whisky_ The Manual (2014, Mitch",Japan. In,expression,0.4,,,,,,0,AMBIGUOUS
"Dave Broom - Whisky_ The Manual (2014, Mitch",The Nonjatta,expression,0.4,,,,,,0,AMBIGUOUS
"Dave Broom - Whisky_ The Manual (2014, Mitch",Mizuwari. It,expression,0.4,,,,,,0,AMBIGUOUS
"Dave Broom - Whisky_ The Manual (2014, Mitch",Julian. In,expression,0.4,,,,wine,,0,AMBIGUOUS
"Dave Broom - Whisky_ The Manual (2014, Mitch",Old Potrero,expression,0.4,,,,,,0,AMBIGUOUS
"Dave Broom - Whisky_ The Manual (2014, Mitch",What Coffey,expression,0.4,,,,,,0,AMBIGUOUS
"Dave Broom - Whisky_ The Manual (2014, Mitch","Scotch Blends
In",expression,0.4,,,,,,0,AMBIGUOUS
"Dave Broom - Whisky_ The Manual (2014, Mitch","Occasion
Whisky",expression,0.4,,,,,,0,AMBIGUOUS
"Dave Broom - Whisky_ The Manual (2014, Mitch","Cola
The",expression,0.4,,,,,,0,AMBIGUOUS
"Dave Broom - Whisky_ The Manual (2014, Mitch",Old Parr,expression,0.4,12,,,,,0,AMBIGUOUS
"Dave Broom - Whisky_ The Manual (2014, Mitch",To Orkney,expression,0.4,12,,highland,,,0,AMBIGUOUS
"Dave Broom - Whisky_ The Manual (2014, Mitch",The Labrot,distillery,0.4,,,,bourbon,,0,AMBIGUOUS
"Dave Broom - Whisky_ The Manual (2014, Mitch","Sushi
It",expression,0.4,,,,,,0,AMBIGUOUS
"Dave Broom - Whisky_ The Manual (2014, Mitch","Cheese
This",expression,0.4,,,,oak,,0,AMBIGUOUS
"Dave Broom - Whisky_ The Manual (2014, Mitch","The Sour
The",expression,0.4,,,,,,0,AMBIGUOUS
"Dave Broom - Whisky_ The Manual (2014, Mitch","Fashioned
The Whisky",expression,0.4,,,,,,0,AMBIGUOUS
"Dave Broom - Whisky_ The Manual (2014, Mitch",Maybe Scotch,expression,0.4,,,,,,0,AMBIGUOUS
"Dave Broom - Whisky_ The Manual (2014, Mitch",Whisky Drink,expression,0.4,,,,,,0,AMBIGUOUS
"Dave Broom - Whisky_ The Manual (2014, Mitch",Scotch. When,expression,0.4,,,,,,0,AMBIGUOUS
"Dave Broom - Whisky_ The Manual (2014, Mitch",The Manhattan,expression,0.4,,,,,,0,AMBIGUOUS
"Dave Broom - Whisky_ The Manual (2014, Mitch",Gean Whisky,expression,0.4,,,,,,0,AMBIGUOUS
"Dave Broom - Whisky_ The Manual (2014, Mitch",Hector. The,distillery,0.4,,,,,,0,AMBIGUOUS
"Dave Broom - Whisky_ The Manual (2014, Mitch",Edward. The,expression,0.4,,,,,,0,AMBIGUOUS
"Dave Broom - Whisky_ The Manual (2014, Mitch",Ambrose. The,expression,0.4,,,,,,0,AMBIGUOUS
"Dave Broom - Whisky_ The Manual (2014, Mitch",Aeneas. Whisky,expression,0.4,,,,,,0,AMBIGUOUS
"Dave Broom - Whisky_ The Manual (2014, Mitch",The Making,expression,0.4,,,,,,0,AMBIGUOUS
"Dave Broom - Whisky_ The Manual (2014, Mitch",Malt Maniacs,expression,0.4,,,,,,0,AMBIGUOUS
"Dave Broom - Whisky_ The Manual (2014, Mitch",Club Classic,expression,0.4,12,,,,,0,AMBIGUOUS
"Dave Broom - Whisky_ The Manual (2014, Mitch",Co. Ltd,expression,0.4,12,,,,,0,AMBIGUOUS
"Dave Broom - Whisky_ The Manual (2014, Mitch","Pint
Scotch",expression,0.4,,,,,,0,AMBIGUOUS
"Dave Broom - Whisky_ The Manual (2014, Mitch","Whiskey Cocktail
Whiskey",expression,0.4,,,,,,0,AMBIGUOUS
"Dave Broom - Whisky_ The Manual (2014, Mitch",The Manual,expression,0.4,,,,,,0,AMBIGUOUS
"Dave Broom - Whisky_ The Manual (2014, Mitch",Note The,expression,0.4,,,,,,0,AMBIGUOUS
Japanese whisky _ the ultimate guide to the ,The Science,expression,0.4,,,,,,0,AMBIGUOUS
Japanese whisky _ the ultimate guide to the ,Nonjatta.,expression,0.4,,,,,,0,AMBIGUOUS
Japanese whisky _ the ultimate guide to the ,Tasting Whiskey,expression,0.4,,,,,,0,AMBIGUOUS
Japanese whisky _ the ultimate guide to the ,How Japanese Whisky,distillery,0.4,,,,,,0,AMBIGUOUS
Japanese whisky _ the ultimate guide to the ,Japanese Whisky Even,expression,0.4,,,,,,0,AMBIGUOUS
Japanese whisky _ the ultimate guide to the ,"More Japanese
The",expression,0.4,,,,,,0,AMBIGUOUS
Japanese whisky _ the ultimate guide to the ,The Future,distillery,0.4,,,,,,0,AMBIGUOUS
Japanese whisky _ the ultimate guide to the ,"Japanese Whisky
Acknowledgments",expression,0.4,,,,,,0,AMBIGUOUS
Japanese whisky _ the ultimate guide to the ,Whisky Become So,expression,0.4,,,,,,0,AMBIGUOUS
Japanese whisky _ the ultimate guide to the ,Japanese Whisky Comes,expression,0.4,,,,,,0,AMBIGUOUS
Japanese whisky _ the ultimate guide to the ,"Age
The",expression,0.4,,,,,,0,AMBIGUOUS
Japanese whisky _ the ultimate guide to the ,Venture Whisky,distillery,0.4,,,,,,0,AMBIGUOUS
Japanese whisky _ the ultimate guide to the ,Many Japanese,expression,0.4,,,,,,0,AMBIGUOUS
Japanese whisky _ the ultimate guide to the ,Ocean Whisky,expression,0.4,,,,,,0,AMBIGUOUS
Japanese whisky _ the ultimate guide to the ,But Japanese,expression,0.4,,,,,,0,AMBIGUOUS
Japanese whisky _ the ultimate guide to the ,Independent Japanese,bottler,0.4,,,,,independent,0,AMBIGUOUS
Japanese whisky _ the ultimate guide to the ,Old Parr,expression,0.4,,,,,,0,AMBIGUOUS
Japanese whisky _ the ultimate guide to the ,Scotch. Besides,expression,0.4,,,,,,0,AMBIGUOUS
Japanese whisky _ the ultimate guide to the ,"Aoyama.

What",expression,0.4,,,,,,0,AMBIGUOUS
Japanese whisky _ the ultimate guide to the ,Whisky Magazine Japan,expression,0.4,,,,,,0,AMBIGUOUS
Japanese whisky _ the ultimate guide to the ,Alp Whisky,expression,0.4,,,,,,0,AMBIGUOUS
Japanese whisky _ the ultimate guide to the ,With World War,expression,0.4,,,,,,0,AMBIGUOUS
Japanese whisky _ the ultimate guide to the ,The Manufacture,expression,0.4,,,,,,0,AMBIGUOUS
Japanese whisky _ the ultimate guide to the ,The Birthplace,expression,0.4,,,,,,0,AMBIGUOUS
Japanese whisky _ the ultimate guide to the ,The Birth,expression,0.4,,,,,,0,AMBIGUOUS
Japanese whisky _ the ultimate guide to the ,Bonzai Whisky,expression,0.4,,,,,,0,AMBIGUOUS
Japanese whisky _ the ultimate guide to the ,Whiskey Trust,expression,0.4,,,,,,0,AMBIGUOUS
Japanese whisky _ the ultimate guide to the ,By September,expression,0.4,,,,,,0,AMBIGUOUS
Japanese whisky _ the ultimate guide to the ,Japanese. Rivals,expression,0.4,,,,,,0,AMBIGUOUS
Japanese whisky _ the ultimate guide to the ,Japanese Navy,expression,0.4,,,,,,0,AMBIGUOUS
Japanese whisky _ the ultimate guide to the ,Young Japanese,expression,0.4,,,,,,0,AMBIGUOUS
Japanese whisky _ the ultimate guide to the ,Oh God,expression,0.4,,,,,,0,AMBIGUOUS
Japanese whisky _ the ultimate guide to the ,Conquering The Whisky,expression,0.4,,,,,,0,AMBIGUOUS
Japanese whisky _ the ultimate guide to the ,Jim Murray,expression,0.4,,,,sherry,,0,AMBIGUOUS
Japanese whisky _ the ultimate guide to the ,Sherry Cask,expression,0.4,,,,sherry,,0,AMBIGUOUS
Japanese whisky _ the ultimate guide to the ,"Made
Not",expression,0.4,,,,,,0,AMBIGUOUS
Japanese whisky _ the ultimate guide to the ,"The Grains
As",expression,0.4,,,,,,0,AMBIGUOUS
Japanese whisky _ the ultimate guide to the ,For Scotch,expression,0.4,,,,,,0,AMBIGUOUS
Japanese whisky _ the ultimate guide to the ,"Maturation
It",expression,0.4,,,,,,0,AMBIGUOUS
Japanese whisky _ the ultimate guide to the ,"Peat
Japanese",expression,0.4,,,,,,0,AMBIGUOUS
Japanese whisky _ the ultimate guide to the ,Precious Made,expression,0.4,,,,,,0,AMBIGUOUS
Japanese whisky _ the ultimate guide to the ,Traditional Japanese,expression,0.4,,,,,,0,AMBIGUOUS
Japanese whisky _ the ultimate guide to the ,At Ariake,expression,0.4,,,,,,0,AMBIGUOUS
Japanese whisky _ the ultimate guide to the ,In Hokkaido,expression,0.4,,,,wine,,0,AMBIGUOUS
Japanese whisky _ the ultimate guide to the ,Making Japanese Whisky,expression,0.4,,,,,,0,AMBIGUOUS
Japanese whisky _ the ultimate guide to the ,After Japanese,expression,0.4,,,,oak,,0,AMBIGUOUS
Japanese whisky _ the ultimate guide to the ,In Osaka,expression,0.4,,,,,,0,AMBIGUOUS
Japanese whisky _ the ultimate guide to the ,"Food
The",expression,0.4,,,,,,0,AMBIGUOUS
Japanese whisky _ the ultimate guide to the ,Since Japanese,expression,0.4,,,,,,0,AMBIGUOUS
Japanese whisky _ the ultimate guide to the ,Eating Japanese,expression,0.4,,,,,,0,AMBIGUOUS
Japanese whisky _ the ultimate guide to the ,Japanese. Each,expression,0.4,,,,bourbon,,0,AMBIGUOUS
Japanese whisky _ the ultimate guide to the ,On November,distillery,0.4,,,,,,0,AMBIGUOUS
Japanese whisky _ the ultimate guide to the ,Scotch. Ditto,expression,0.4,,,,,,0,AMBIGUOUS
Japanese whisky _ the ultimate guide to the ,Mt Tenno,distillery,0.4,,,,,,0,AMBIGUOUS
Japanese whisky _ the ultimate guide to the ,Hermes Whisky Distillery,distillery,0.4,,,,,,0,AMBIGUOUS
Japanese whisky _ the ultimate guide to the ,Konishi Co,expression,0.4,,,,,,0,AMBIGUOUS
Japanese whisky _ the ultimate guide to the ,Pure Malt,expression,0.4,,,,,,0,AMBIGUOUS
Japanese whisky _ the ultimate guide to the ,Saji Japanese,distillery,0.4,,,,,,0,AMBIGUOUS
Japanese whisky _ the ultimate guide to the ,"Distillery.



While",distillery,0.4,,,,,,0,AMBIGUOUS
Japanese whisky _ the ultimate guide to the ,"Yesteryear
On",distillery,0.4,,,,,,0,AMBIGUOUS
Japanese whisky _ the ultimate guide to the ,Kotobukiya. The,expression,0.4,,,,sherry,,0,AMBIGUOUS
Japanese whisky _ the ultimate guide to the ,The Secrets Of,expression,0.4,,,,sherry,,0,AMBIGUOUS
Japanese whisky _ the ultimate guide to the ,Cask Bottled In,expression,0.4,,,,sherry,,0,AMBIGUOUS
Japanese whisky _ the ultimate guide to the ,"Perhaps.
The",expression,0.4,,,,,,0,AMBIGUOUS
Japanese whisky _ the ultimate guide to the ,Malt Whisky Mizunara,expression,0.4,,,,,,0,AMBIGUOUS
Japanese whisky _ the ultimate guide to the ,Cask Finish,expression,0.4,,,,,,0,AMBIGUOUS
Japanese whisky _ the ultimate guide to the ,"Enchanting.
The",expression,0.4,,,,,,0,AMBIGUOUS
Japanese whisky _ the ultimate guide to the ,The Owner,expression,0.4,,,,,,0,AMBIGUOUS
Japanese whisky _ the ultimate guide to the ,Blended Whisky Houga,expression,0.4,21,,,,,0,AMBIGUOUS
Japanese whisky _ the ultimate guide to the ,Za Japanese Blend,expression,0.4,2,,,,,0,AMBIGUOUS
Japanese whisky _ the ultimate guide to the ,July. The,expression,0.4,,,,,,0,AMBIGUOUS
Japanese whisky _ the ultimate guide to the ,"Japanese Whisky
Yet",expression,0.4,,,,,,0,AMBIGUOUS
Japanese whisky _ the ultimate guide to the ,Red Japanese Blended,expression,0.4,,,,oak,,0,AMBIGUOUS
Japanese whisky _ the ultimate guide to the ,Bourbon Cask,expression,0.4,3,,,oak,,0,AMBIGUOUS
Japanese whisky _ the ultimate guide to the ,"Whisky
During",expression,0.4,,,,,,0,AMBIGUOUS
Japanese whisky _ the ultimate guide to the ,World Whisky Awards,distillery,0.4,,,,,,0,AMBIGUOUS
Japanese whisky _ the ultimate guide to the ,The Sendai Distillery,distillery,0.4,,,,,,0,AMBIGUOUS
Japanese whisky _ the ultimate guide to the ,Tokyo. This,expression,0.4,,,,,,0,AMBIGUOUS
Japanese whisky _ the ultimate guide to the ,Excellent Japanese,expression,0.4,,,,,,0,AMBIGUOUS
Japanese whisky _ the ultimate guide to the ,Another Japanese,expression,0.4,,,,,,0,AMBIGUOUS
Japanese whisky _ the ultimate guide to the ,The Father,expression,0.4,,,,,,0,AMBIGUOUS
Japanese whisky _ the ultimate guide to the ,Single Malt Peaty,expression,0.4,12,,,,,0,AMBIGUOUS
Japanese whisky _ the ultimate guide to the ,"Years Old



Taketsuru",expression,0.4,15,,,,,0,AMBIGUOUS
Japanese whisky _ the ultimate guide to the ,Other Japanese,expression,0.4,,,,,,0,AMBIGUOUS
Japanese whisky _ the ultimate guide to the ,Whisky Museum,expression,0.4,,,,,,0,AMBIGUOUS
Japanese whisky _ the ultimate guide to the ,New Japanese Whisky,expression,0.4,,,,,,0,AMBIGUOUS
Japanese whisky _ the ultimate guide to the ,"Culture
The",expression,0.4,,,,,,0,AMBIGUOUS
Japanese whisky _ the ultimate guide to the ,Scotch Whisky Association,expression,0.4,,,,,,0,AMBIGUOUS
Japanese whisky _ the ultimate guide to the ,Japanese. Now,expression,0.4,,,,,,0,AMBIGUOUS
Japanese whisky _ the ultimate guide to the ,Komagatake Single Cask,expression,0.4,25,,,,,0,AMBIGUOUS
Japanese whisky _ the ultimate guide to the ,The Revival,expression,0.4,10,,,wine,,0,AMBIGUOUS
Japanese whisky _ the ultimate guide to the ,Single Malt Nature,expression,0.4,28,,,,,0,AMBIGUOUS
Japanese whisky _ the ultimate guide to the ,The Heart,expression,0.4,,,,,,0,AMBIGUOUS
Japanese whisky _ the ultimate guide to the ,Blended Whisky Kunpu,distillery,0.4,,,,,,0,AMBIGUOUS
Japanese whisky _ the ultimate guide to the ,Single Grain Whisky,distillery,0.4,25,,,,,0,AMBIGUOUS
Japanese whisky _ the ultimate guide to the ,In May,expression,0.4,,,,,,0,AMBIGUOUS
Japanese whisky _ the ultimate guide to the ,"Kyoto.

The",expression,0.4,,,,,,0,AMBIGUOUS
Japanese whisky _ the ultimate guide to the ,Months Old,expression,0.4,,,,hogshead,,0,AMBIGUOUS
Japanese whisky _ the ultimate guide to the ,Malt Five,expression,0.4,,,,,,0,AMBIGUOUS
Japanese whisky _ the ultimate guide to the ,Malt Two,expression,0.4,,,,,,0,AMBIGUOUS
Japanese whisky _ the ultimate guide to the ,"Japanese Whisky
Purple",expression,0.4,,,,,,0,AMBIGUOUS
Japanese whisky _ the ultimate guide to the ,The Emergence,expression,0.4,,,,,,0,AMBIGUOUS
Japanese whisky _ the ultimate guide to the ,Unlike Scotch,expression,0.4,,,,,,0,AMBIGUOUS
Jim Murray's Whisky Bible 2020 _ Rest of Wor,Jim Murray,expression,0.4,,,,,,2,AMBIGUOUS
Jim Murray's Whisky Bible 2020 _ Rest of Wor,Ah Neti,expression,0.4,,,,,,6,AMBIGUOUS
Jim Murray's Whisky Bible 2020 _ Rest of Wor,Laliduidl. Al,expression,0.4,,,,,,6,AMBIGUOUS
Jim Murray's Whisky Bible 2020 _ Rest of Wor,Old Forester Distillery,distillery,0.4,,,,,,6,AMBIGUOUS
Jim Murray's Whisky Bible 2020 _ Rest of Wor,In Tennessee,distillery,0.4,,,,,,6,AMBIGUOUS
Jim Murray's Whisky Bible 2020 _ Rest of Wor,Taste Whisky,expression,0.4,,,,,,8,AMBIGUOUS
Jim Murray's Whisky Bible 2020 _ Rest of Wor,Single Grait,expression,0.4,,,,,,9,AMBIGUOUS
Jim Murray's Whisky Bible 2020 _ Rest of Wor,Single Malt Rye,expression,0.4,,,,bourbon,,9,AMBIGUOUS
Jim Murray's Whisky Bible 2020 _ Rest of Wor,Single Grain,expression,0.4,,,,,,9,AMBIGUOUS
Jim Murray's Whisky Bible 2020 _ Rest of Wor,Japanese Blends,expression,0.4,,,,,,9,AMBIGUOUS
Jim Murray's Whisky Bible 2020 _ Rest of Wor,Welsh Whisky,expression,0.4,,,,,,9,AMBIGUOUS
Jim Murray's Whisky Bible 2020 _ Rest of Wor,"Tom Moore 
Distillery",distillery,0.4,,,,bourbon,,10,AMBIGUOUS
Jim Murray's Whisky Bible 2020 _ Rest of Wor,Year. Of,expression,0.4,,,,,,10,AMBIGUOUS
Jim Murray's Whisky Bible 2020 _ Rest of Wor,Drastically. And,expression,0.4,,,,,,10,AMBIGUOUS
Jim Murray's Whisky Bible 2020 _ Rest of Wor,"Read 
The Bible",expression,0.4,,,,,,11,AMBIGUOUS
Jim Murray's Whisky Bible 2020 _ Rest of Wor,"Thousands. 
This",expression,0.4,,,,,,11,AMBIGUOUS
Jim Murray's Whisky Bible 2020 _ Rest of Wor,Whisky Club,expression,0.4,,,,,,12,AMBIGUOUS
Jim Murray's Whisky Bible 2020 _ Rest of Wor,Cask Finish,expression,0.4,,,,bourbon,,15,AMBIGUOUS
Jim Murray's Whisky Bible 2020 _ Rest of Wor,Japanese Mizunara,expression,0.4,,,,,,15,AMBIGUOUS
Jim Murray's Whisky Bible 2020 _ Rest of Wor,Malt Cask Strength,expression,0.4,,,islay,,,17,AMBIGUOUS
Jim Murray's Whisky Bible 2020 _ Rest of Wor,"Years Old 
Sherry",expression,0.4,18,,,sherry,,17,AMBIGUOUS
Jim Murray's Whisky Bible 2020 _ Rest of Wor,Years Aged,expression,0.4,10,,,,,17,AMBIGUOUS
Jim Murray's Whisky Bible 2020 _ Rest of Wor,"Whisky Bible 
Awards",expression,0.4,,,,,,18,AMBIGUOUS
Jim Murray's Whisky Bible 2020 _ Rest of Wor,Finest Whisky,expression,0.4,,,,bourbon,,18,AMBIGUOUS
Jim Murray's Whisky Bible 2020 _ Rest of Wor,Bourbon Cask,distillery,0.4,,,,bourbon,,18,AMBIGUOUS
Jim Murray's Whisky Bible 2020 _ Rest of Wor,Years Rare Edition,expression,0.4,18,,,,,19,AMBIGUOUS
Jim Murray's Whisky Bible 2020 _ Rest of Wor,The Macphail,bottler,0.4,,,,,macphail,19,AMBIGUOUS
Jim Murray's Whisky Bible 2020 _ Rest of Wor,Scotch Blend,bottler,0.4,17,,,,macphail,19,AMBIGUOUS
Jim Murray's Whisky Bible 2020 _ Rest of Wor,Scotch Vatted Malt,expression,0.4,,,,,,19,AMBIGUOUS
Jim Murray's Whisky Bible 2020 _ Rest of Wor,The Whisky Shop,expression,0.4,27,,,,,19,AMBIGUOUS
Jim Murray's Whisky Bible 2020 _ Rest of Wor,Whisky Bible Award,expression,0.4,12,,,,,19,AMBIGUOUS
Jim Murray's Whisky Bible 2020 _ Rest of Wor,Micro Whisky,expression,0.4,,,,,,19,AMBIGUOUS
Jim Murray's Whisky Bible 2020 _ Rest of Wor,Runner Up,expression,0.4,2,,,,,19,AMBIGUOUS
Jim Murray's Whisky Bible 2020 _ Rest of Wor,"Pure Malt 
Single",expression,0.4,,,,,,19,AMBIGUOUS
Jim Murray's Whisky Bible 2020 _ Rest of Wor,European Whisky,expression,0.4,,,,,,19,AMBIGUOUS
Jim Murray's Whisky Bible 2020 _ Rest of Wor,Thy Whisky No,expression,0.4,,,,,,19,AMBIGUOUS
Jim Murray's Whisky Bible 2020 _ Rest of Wor,Bag Single Malt,expression,0.4,,,,,,19,AMBIGUOUS
Jim Murray's Whisky Bible 2020 _ Rest of Wor,Asian Whisky,distillery,0.4,,,,bourbon,,19,AMBIGUOUS
Jim Murray's Whisky Bible 2020 _ Rest of Wor,Peated Malt Cask,expression,0.4,,,,,,19,AMBIGUOUS
Jim Murray's Whisky Bible 2020 _ Rest of Wor,Whisky Bible Liquid,expression,0.4,,,,,,20,AMBIGUOUS
Jim Murray's Whisky Bible 2020 _ Rest of Wor,Issue No,expression,0.4,41,,,,,20,AMBIGUOUS
Jim Murray's Whisky Bible 2020 _ Rest of Wor,Coffey Malt,expression,0.4,12,,,,,20,AMBIGUOUS
Jim Murray's Whisky Bible 2020 _ Rest of Wor,Society Cask,bottler,0.4,24,,,,society,20,AMBIGUOUS
Jim Murray's Whisky Bible 2020 _ Rest of Wor,"Years 
Whisky Illuminati",expression,0.4,21,,highland,,,20,AMBIGUOUS
Jim Murray's Whisky Bible 2020 _ Rest of Wor,"Years Old 
Gleann",expression,0.4,14,,,port,,20,AMBIGUOUS
Jim Murray's Whisky Bible 2020 _ Rest of Wor,Years The Vintage,expression,0.4,35,,,,,21,AMBIGUOUS
Jim Murray's Whisky Bible 2020 _ Rest of Wor,Years Dream Cask,expression,0.4,12,,,bourbon,,21,AMBIGUOUS
Jim Murray's Whisky Bible 2020 _ Rest of Wor,"Single Mait 
The",expression,0.4,12,,,bourbon,,21,AMBIGUOUS
Jim Murray's Whisky Bible 2020 _ Rest of Wor,Whisky Forum,expression,0.4,,,,,,21,AMBIGUOUS
Jim Murray's Whisky Bible 2020 _ Rest of Wor,The Norfolk Single,expression,0.4,,,,,,21,AMBIGUOUS
Jim Murray's Whisky Bible 2020 _ Rest of Wor,Wales No,expression,0.4,,,,,,21,AMBIGUOUS
Jim Murray's Whisky Bible 2020 _ Rest of Wor,Owl Single Malt,expression,0.4,,,,,,21,AMBIGUOUS
Jim Murray's Whisky Bible 2020 _ Rest of Wor,"Years 
Old Particular",expression,0.4,17,,,,,21,AMBIGUOUS
Jim Murray's Whisky Bible 2020 _ Rest of Wor,Selection No,expression,0.4,21,,,,,21,AMBIGUOUS
Jim Murray's Whisky Bible 2020 _ Rest of Wor,"Malt 
Hicks",expression,0.4,18,,,,,22,AMBIGUOUS
Jim Murray's Whisky Bible 2020 _ Rest of Wor,Night Single Malt,distillery,0.4,,,,,,22,AMBIGUOUS
Jim Murray's Whisky Bible 2020 _ Rest of Wor,Redlands Distillery Single,distillery,0.4,13,,,,,22,AMBIGUOUS
Jim Murray's Whisky Bible 2020 _ Rest of Wor,Malt Intense,expression,0.4,13,,,,,22,AMBIGUOUS
Jim Murray's Whisky Bible 2020 _ Rest of Wor,Svensk Single Malt,expression,0.4,,,,,,22,AMBIGUOUS
Jim Murray's Whisky Bible 2020 _ Rest of Wor,Solist Single Cask,expression,0.4,,,,sherry,,22,AMBIGUOUS
Jim Murray's Whisky Bible 2020 _ Rest of Wor,Years Matured In,expression,0.4,32,,,sherry,,22,AMBIGUOUS
Jim Murray's Whisky Bible 2020 _ Rest of Wor,"Years 
Fadandel.",expression,0.4,15,,islay,,,22,AMBIGUOUS
Jim Murray's Whisky Bible 2020 _ Rest of Wor,Cadenheads Single Cask,expression,0.4,21,,,,,22,AMBIGUOUS
Jim Murray's Whisky Bible 2020 _ Rest of Wor,"Years 
Cnoc",expression,0.4,24,,highland,,,22,AMBIGUOUS
Jim Murray's Whisky Bible 2020 _ Rest of Wor,The Whisky Agency,expression,0.4,,,islay,,,22,AMBIGUOUS
Jim Murray's Whisky Bible 2020 _ Rest of Wor,Single Malt New,expression,0.4,,,,,,23,AMBIGUOUS
Jim Murray's Whisky Bible 2020 _ Rest of Wor,"Malt 
Danish Single",expression,0.4,13,,,,,23,AMBIGUOUS
Jim Murray's Whisky Bible 2020 _ Rest of Wor,German Single Malt,expression,0.4,10,,,,,23,AMBIGUOUS
Jim Murray's Whisky Bible 2020 _ Rest of Wor,"Years 
Slovakian Single",expression,0.4,5,,,,,23,AMBIGUOUS
Jim Murray's Whisky Bible 2020 _ Rest of Wor,"Years Old 
Swedish",expression,0.4,5,,,,,23,AMBIGUOUS
Jim Murray's Whisky Bible 2020 _ Rest of Wor,Taiwanese Single Malt,expression,0.4,,,,port,,23,AMBIGUOUS
Jim Murray's Whisky Bible 2020 _ Rest of Wor,"Years 
Sansibar Whisky",expression,0.4,21,,,,,23,AMBIGUOUS
Jim Murray's Whisky Bible 2020 _ Rest of Wor,"Cask 
Dramfool",expression,0.4,33,,islay,port,,23,AMBIGUOUS
Jim Murray's Whisky Bible 2020 _ Rest of Wor,Perth Blended Malt,expression,0.4,23,,,,,23,AMBIGUOUS
Jim Murray's Whisky Bible 2020 _ Rest of Wor,Years Tree,expression,0.4,25,,,bourbon,,24,AMBIGUOUS
Jim Murray's Whisky Bible 2020 _ Rest of Wor,"Years Old 
Fitzgerald",bottler,0.4,9,,,bourbon,society,24,AMBIGUOUS
Jim Murray's Whisky Bible 2020 _ Rest of Wor,"Distillery 
Projects",distillery,0.4,,,,oak,,24,AMBIGUOUS
Jim Murray's Whisky Bible 2020 _ Rest of Wor,"Dorf 
St",expression,0.4,,,,,,24,AMBIGUOUS
Jim Murray's Whisky Bible 2020 _ Rest of Wor,St. Kilian,expression,0.4,,,,,,24,AMBIGUOUS
Jim Murray's Whisky Bible 2020 _ Rest of Wor,Batch No,expression,0.4,,,,,,24,AMBIGUOUS
Jim Murray's Whisky Bible 2020 _ Rest of Wor,Years Old Lot,expression,0.4,12,,,bourbon,,24,AMBIGUOUS
Jim Murray's Whisky Bible 2020 _ Rest of Wor,Two Years,expression,0.4,,,,bourbon,,24,AMBIGUOUS
Jim Murray's Whisky Bible 2020 _ Rest of Wor,"Select 
Japanese Single",expression,0.4,,,,,,24,AMBIGUOUS
Jim Murray's Whisky Bible 2020 _ Rest of Wor,Whisky Founder,expression,0.4,,,,sherry,,25,AMBIGUOUS
Jim Murray's Whisky Bible 2020 _ Rest of Wor,"Alkaid 
Single Malt",expression,0.4,7,,,,,25,AMBIGUOUS
Jim Murray's Whisky Bible 2020 _ Rest of Wor,St. Ola,expression,0.4,34,,,port,,25,AMBIGUOUS
Jim Murray's Whisky Bible 2020 _ Rest of Wor,Orcadian Blended Malt,expression,0.4,8,,,,,25,AMBIGUOUS
Jim Murray's Whisky Bible 2020 _ Rest of Wor,"Whisky 
Hobart Whisky",expression,0.4,,,,,,25,AMBIGUOUS
Jim Murray's Whisky Bible 2020 _ Rest of Wor,Tasmanian Single Malt,distillery,0.4,,,,,,25,AMBIGUOUS
Jim Murray's Whisky Bible 2020 _ Rest of Wor,"Single Malt 
Bodding",expression,0.4,,,,port,,25,AMBIGUOUS
Jim Murray's Whisky Bible 2020 _ Rest of Wor,Lokn Single Cask,expression,0.4,,,,port,,25,AMBIGUOUS
Jim Murray's Whisky Bible 2020 _ Rest of Wor,Italian Single Malt,expression,0.4,5,,,,,25,AMBIGUOUS
Jim Murray's Whisky Bible 2020 _ Rest of Wor,"Single Malt 
Netherlands",expression,0.4,5,,,,,25,AMBIGUOUS
Jim Murray's Whisky Bible 2020 _ Rest of Wor,Ww Ete,expression,0.4,,,,,,28,AMBIGUOUS
Jim Murray's Whisky Bible 2020 _ Rest of Wor,Years Old Double,expression,0.4,12,43,,,,29,AMBIGUOUS
Jim Murray's Whisky Bible 2020 _ Rest of Wor,The Whisky Chamber,expression,0.4,9,61.2,,,,31,AMBIGUOUS
Jim Murray's Whisky Bible 2020 _ Rest of Wor,Le Gus,expression,0.4,8,54.8,,bourbon,,35,AMBIGUOUS
Jim Murray's Whisky Bible 2020 _ Rest of Wor,Years Oloroso,expression,0.4,24,40,,oak,,37,AMBIGUOUS
Jim Murray's Whisky Bible 2020 _ Rest of Wor,The Single Malts,expression,0.4,19,43,,,,41,AMBIGUOUS
Jim Murray's Whisky Bible 2020 _ Rest of Wor,Years Old Rum,expression,0.4,17,471,,,,42,AMBIGUOUS
Jim Murray's Whisky Bible 2020 _ Rest of Wor,"Superb. 
And",expression,0.4,,,,sherry,,44,AMBIGUOUS
Jim Murray's Whisky Bible 2020 _ Rest of Wor,Saar Whisky,expression,0.4,,51.5,,,,44,AMBIGUOUS
Jim Murray's Whisky Bible 2020 _ Rest of Wor,Years Fino,expression,0.4,22,53.1,,,,44,AMBIGUOUS
Jim Murray's Whisky Bible 2020 _ Rest of Wor,The Whisky Embassy,expression,0.4,20,51.7,,sherry,,44,AMBIGUOUS
Jim Murray's Whisky Bible 2020 _ Rest of Wor,Years Old Finished,expression,0.4,22,,,port,,48,AMBIGUOUS
Jim Murray's Whisky Bible 2020 _ Rest of Wor,Anniversary Bottling,expression,0.4,,57,,,,48,AMBIGUOUS
Jim Murray's Whisky Bible 2020 _ Rest of Wor,Guess. The,expression,0.4,,,,,,51,AMBIGUOUS
Jim Murray's Whisky Bible 2020 _ Rest of Wor,Years Spanish,expression,0.4,10,,islay,oak,,51,AMBIGUOUS
Jim Murray's Whisky Bible 2020 _ Rest of Wor,Oid Malt Cask,expression,0.4,21,58,,refill,,53,AMBIGUOUS
Jim Murray's Whisky Bible 2020 _ Rest of Wor,"Fans. 
The",expression,0.4,22,54.1,,,,54,AMBIGUOUS
Jim Murray's Whisky Bible 2020 _ Rest of Wor,Classic Laddie,expression,0.4,,,,,,56,AMBIGUOUS
Jim Murray's Whisky Bible 2020 _ Rest of Wor,Years Cognac,expression,0.4,5,57,,,,56,AMBIGUOUS
Jim Murray's Whisky Bible 2020 _ Rest of Wor,Be Thankful,expression,0.4,,,,sherry,,73,AMBIGUOUS
Jim Murray's Whisky Bible 2020 _ Rest of Wor,Years Series No,expression,0.4,15,46,,oak,,73,AMBIGUOUS
Jim Murray's Whisky Bible 2020 _ Rest of Wor,My God,expression,0.4,,,,,,73,AMBIGUOUS
Jim Murray's Whisky Bible 2020 _ Rest of Wor,The Exceptional,expression,0.4,21,46,,,,74,AMBIGUOUS
Jim Murray's Whisky Bible 2020 _ Rest of Wor,Years Old Pedro,expression,0.4,25,,,,,75,AMBIGUOUS
Jim Murray's Whisky Bible 2020 _ Rest of Wor,Years Old Ill,expression,0.4,50,44.4,,sherry,,77,AMBIGUOUS
Jim Murray's Whisky Bible 2020 _ Rest of Wor,Years Madeira Cask,expression,0.4,19,40,,,,80,AMBIGUOUS
Jim Murray's Whisky Bible 2020 _ Rest of Wor,Ayr United,expression,0.4,,,,,,80,AMBIGUOUS
Jim Murray's Whisky Bible 2020 _ Rest of Wor,Years The Renaissance,expression,0.4,16,,,,,81,AMBIGUOUS
Jim Murray's Whisky Bible 2020 _ Rest of Wor,Single Cask International,bottler,0.4,23,,speyside,,cadenhead,89,AMBIGUOUS
Jim Murray's Whisky Bible 2020 _ Rest of Wor,Dr. Lumsden,expression,0.4,,,,,,91,AMBIGUOUS
Jim Murray's Whisky Bible 2020 _ Rest of Wor,Lasanta Id,expression,0.4,,,,,,92,AMBIGUOUS
Jim Murray's Whisky Bible 2020 _ Rest of Wor,"Thought 
Id",expression,0.4,,,,port,,93,AMBIGUOUS
Jim Murray's Whisky Bible 2020 _ Rest of Wor,Seotch Malt Whisky,bottler,0.4,10,48.4,,,society,95,AMBIGUOUS
Jim Murray's Whisky Bible 2020 _ Rest of Wor,Whisky Bibles,bottler,0.4,,,,,independent,100,AMBIGUOUS
Jim Murray's Whisky Bible 2020 _ Rest of Wor,Years Ist,expression,0.4,10,61,,sherry,,100,AMBIGUOUS
Jim Murray's Whisky Bible 2020 _ Rest of Wor,Whisky Exchange,expression,0.4,10,40,highland,,,102,AMBIGUOUS
Jim Murray's Whisky Bible 2020 _ Rest of Wor,Soul Cask,expression,0.4,5,40,highland,sherry,,103,AMBIGUOUS
Jim Murray's Whisky Bible 2020 _ Rest of Wor,Years Old Platin,expression,0.4,21,50.2,,sherry,,107,AMBIGUOUS
Jim Murray's Whisky Bible 2020 _ Rest of Wor,Release No,expression,0.4,,46,,,,108,AMBIGUOUS
Jim Murray's Whisky Bible 2020 _ Rest of Wor,The Whisky Talker,expression,0.4,,46,,,,108,AMBIGUOUS
Jim Murray's Whisky Bible 2020 _ Rest of Wor,Years Old Original,expression,0.4,10,40,,,,111,AMBIGUOUS
Jim Murray's Whisky Bible 2020 _ Rest of Wor,Creative Whisky Co,expression,0.4,,58.7,,,,113,AMBIGUOUS
Jim Murray's Whisky Bible 2020 _ Rest of Wor,Malt Fest,expression,0.4,,58.5,,,,114,AMBIGUOUS
Jim Murray's Whisky Bible 2020 _ Rest of Wor,Astonishing. And,expression,0.4,10,46,,,,116,AMBIGUOUS
Jim Murray's Whisky Bible 2020 _ Rest of Wor,"Demolished. 
The",expression,0.4,44,,,,,117,AMBIGUOUS
Jim Murray's Whisky Bible 2020 _ Rest of Wor,Birthday Bottling,expression,0.4,,44.1,,,,120,AMBIGUOUS
Jim Murray's Whisky Bible 2020 _ Rest of Wor,Years The Wee,expression,0.4,12,,speyside,sherry,,123,AMBIGUOUS
Jim Murray's Whisky Bible 2020 _ Rest of Wor,Years Old Guyana,bottler,0.4,14,,,,cadenhead,123,AMBIGUOUS
Jim Murray's Whisky Bible 2020 _ Rest of Wor,Spitfire. The,expression,0.4,,,,sherry,,123,AMBIGUOUS
Jim Murray's Whisky Bible 2020 _ Rest of Wor,Al. Even,expression,0.4,,,,,,126,AMBIGUOUS
Jim Murray's Whisky Bible 2020 _ Rest of Wor,Certainly. Do,expression,0.4,,61.4,,,,128,AMBIGUOUS
Jim Murray's Whisky Bible 2020 _ Rest of Wor,The Maltman,expression,0.4,,471,speyside,,,133,AMBIGUOUS
Jim Murray's Whisky Bible 2020 _ Rest of Wor,Years Old Friends,expression,0.4,12,45.8,,,,134,AMBIGUOUS
Jim Murray's Whisky Bible 2020 _ Rest of Wor,Japanese Shochu,expression,0.4,,46,,oak,,140,AMBIGUOUS
Jim Murray's Whisky Bible 2020 _ Rest of Wor,The Cyprus Whisky,expression,0.4,4,46,,quarter,,144,AMBIGUOUS
Jim Murray's Whisky Bible 2020 _ Rest of Wor,La Martiniquaise,expression,0.4,,40,,oak,,145,AMBIGUOUS
Jim Murray's Whisky Bible 2020 _ Rest of Wor,No. But,expression,0.4,,,,,,146,AMBIGUOUS
Jim Murray's Whisky Bible 2020 _ Rest of Wor,Nectar Blended Malt,expression,0.4,,40,,,,154,AMBIGUOUS
Jim Murray's Whisky Bible 2020 _ Rest of Wor,Whisky Co Ltd,expression,0.4,8,46,,,,154,AMBIGUOUS
Jim Murray's Whisky Bible 2020 _ Rest of Wor,Simple Malt,expression,0.4,,46,,,,155,AMBIGUOUS
Jim Murray's Whisky Bible 2020 _ Rest of Wor,"Scotch Whisky 
Association",expression,0.4,,,,,,155,AMBIGUOUS
Jim Murray's Whisky Bible 2020 _ Rest of Wor,Whisky Federation,expression,0.4,,48.9,,,,156,AMBIGUOUS
Jim Murray's Whisky Bible 2020 _ Rest of Wor,The Spaniard,expression,0.4,,46,,wine,,156,AMBIGUOUS
Jim Murray's Whisky Bible 2020 _ Rest of Wor,Sark Blended Malt,expression,0.4,,40,,,,157,AMBIGUOUS
Jim Murray's Whisky Bible 2020 _ Rest of Wor,Than Old Blended,expression,0.4,,46.8,,,,157,AMBIGUOUS
Jim Murray's Whisky Bible 2020 _ Rest of Wor,Extra Old Blended,expression,0.4,,523,,,,157,AMBIGUOUS
Jim Murray's Whisky Bible 2020 _ Rest of Wor,Hogwash Blended Malt,bottler,0.4,,46.2,,,hunter,159,AMBIGUOUS
Jim Murray's Whisky Bible 2020 _ Rest of Wor,The Living Cask,expression,0.4,,596,,,,160,AMBIGUOUS
Jim Murray's Whisky Bible 2020 _ Rest of Wor,Antarctic. And,expression,0.4,,,,,,160,AMBIGUOUS
Jim Murray's Whisky Bible 2020 _ Rest of Wor,"Soho. 
Mo",expression,0.4,,40,,,,161,AMBIGUOUS
Jim Murray's Whisky Bible 2020 _ Rest of Wor,Years Twilight,expression,0.4,10,44.9,,,,162,AMBIGUOUS
Jim Murray's Whisky Bible 2020 _ Rest of Wor,Years Nightcap,expression,0.4,15,40,,,,162,AMBIGUOUS
Jim Murray's Whisky Bible 2020 _ Rest of Wor,"Linne. 
The",expression,0.4,8,43,,,,162,AMBIGUOUS
Jim Murray's Whisky Bible 2020 _ Rest of Wor,Fassle Blended Malt,expression,0.4,,43,,sherry,,165,AMBIGUOUS
Jim Murray's Whisky Bible 2020 _ Rest of Wor,The Sovereign Blended,expression,0.4,28,40,,bourbon,,173,AMBIGUOUS
Jim Murray's Whisky Bible 2020 _ Rest of Wor,"Diageo. 
The",expression,0.4,,40,,first fill,,177,AMBIGUOUS
Jim Murray's Whisky Bible 2020 _ Rest of Wor,Is Not,expression,0.4,,49,,,,180,AMBIGUOUS
Jim Murray's Whisky Bible 2020 _ Rest of Wor,Luxury Whisky,expression,0.4,,49,,,,180,AMBIGUOUS
Jim Murray's Whisky Bible 2020 _ Rest of Wor,Years The Ancestor,expression,0.4,12,40,,,,181,AMBIGUOUS
Jim Murray's Whisky Bible 2020 _ Rest of Wor,Years The Monarch,expression,0.4,15,40,,,,181,AMBIGUOUS
Jim Murray's Whisky Bible 2020 _ Rest of Wor,Lombard Scotch Whisky,expression,0.4,12,40,,,,182,AMBIGUOUS
Jim Murray's Whisky Bible 2020 _ Rest of Wor,Boomsma Distillery,distillery,0.4,32,40,,,,183,AMBIGUOUS
Jim Murray's Whisky Bible 2020 _ Rest of Wor,Whisky Shack,expression,0.4,,43,,,,183,AMBIGUOUS
Jim Murray's Whisky Bible 2020 _ Rest of Wor,Cask Editions No,expression,0.4,,40,,,,184,AMBIGUOUS
Jim Murray's Whisky Bible 2020 _ Rest of Wor,Queen Blended Scotch,expression,0.4,,,highland,,,186,AMBIGUOUS
Jim Murray's Whisky Bible 2020 _ Rest of Wor,Years Manzanilla La,expression,0.4,8,43,islay,,,186,AMBIGUOUS
Jim Murray's Whisky Bible 2020 _ Rest of Wor,Ruby Cask,expression,0.4,,405,,,,190,AMBIGUOUS
Jim Murray's Whisky Bible 2020 _ Rest of Wor,St Isidore,expression,0.4,,475,,,,192,AMBIGUOUS
Jim Murray's Whisky Bible 2020 _ Rest of Wor,Old People,expression,0.4,,,,,,194,AMBIGUOUS
Jim Murray's Whisky Bible 2020 _ Rest of Wor,Sia Blended Scotch,expression,0.4,,40,,,,195,AMBIGUOUS
Jim Murray's Whisky Bible 2020 _ Rest of Wor,World War,expression,0.4,,46,,,,196,AMBIGUOUS
Jim Murray's Whisky Bible 2020 _ Rest of Wor,The Tweeddale Blended,expression,0.4,14,46,,,,196,AMBIGUOUS
Jim Murray's Whisky Bible 2020 _ Rest of Wor,Years Old Pot,distillery,0.4,25,,,,,199,AMBIGUOUS
Jim Murray's Whisky Bible 2020 _ Rest of Wor,"Avalon. 
The",expression,0.4,13,43,,,,203,AMBIGUOUS
Jim Murray's Whisky Bible 2020 _ Rest of Wor,Madness Single Malt,expression,0.4,,,,bourbon,,204,AMBIGUOUS
Jim Murray's Whisky Bible 2020 _ Rest of Wor,Tra Single Malt,expression,0.4,,,,,,205,AMBIGUOUS
Jim Murray's Whisky Bible 2020 _ Rest of Wor,Whiskey Bodega,expression,0.4,,,,sherry,,205,AMBIGUOUS
Jim Murray's Whisky Bible 2020 _ Rest of Wor,Malt Autumn,expression,0.4,16,,,,,208,AMBIGUOUS
Jim Murray's Whisky Bible 2020 _ Rest of Wor,Ah. Sadly,expression,0.4,,,,,,209,AMBIGUOUS
Jim Murray's Whisky Bible 2020 _ Rest of Wor,Years Sauterne,expression,0.4,24,49.5,,bourbon,,209,AMBIGUOUS
Jim Murray's Whisky Bible 2020 _ Rest of Wor,Malt Vol,expression,0.4,14,46,,sherry,,209,AMBIGUOUS
Jim Murray's Whisky Bible 2020 _ Rest of Wor,Years Natural Cask,expression,0.4,7,,,,,210,AMBIGUOUS
Jim Murray's Whisky Bible 2020 _ Rest of Wor,Years How The,expression,0.4,10,46,,sherry,,210,AMBIGUOUS
Jim Murray's Whisky Bible 2020 _ Rest of Wor,Aras Cask,expression,0.4,,42,,,,211,AMBIGUOUS
Jim Murray's Whisky Bible 2020 _ Rest of Wor,"Co. 
Flannigans",expression,0.4,,40,,,,212,AMBIGUOUS
Jim Murray's Whisky Bible 2020 _ Rest of Wor,The Blender,expression,0.4,,43,,,,213,AMBIGUOUS
Jim Murray's Whisky Bible 2020 _ Rest of Wor,Oldest Distillery,distillery,0.4,,,,,,215,AMBIGUOUS
Jim Murray's Whisky Bible 2020 _ Rest of Wor,Blarney. It,distillery,0.4,,,,,,215,AMBIGUOUS
Jim Murray's Whisky Bible 2020 _ Rest of Wor,Whiskey Untamed,expression,0.4,,,,,,219,AMBIGUOUS
Jim Murray's Whisky Bible 2020 _ Rest of Wor,Benchmark Old No,expression,0.4,,52.7,,,,239,AMBIGUOUS
Jim Murray's Whisky Bible 2020 _ Rest of Wor,At Least,expression,0.4,4,43,,bourbon,,240,AMBIGUOUS
Jim Murray's Whisky Bible 2020 _ Rest of Wor,Mongolia. And,expression,0.4,,,,bourbon,,240,AMBIGUOUS
Jim Murray's Whisky Bible 2020 _ Rest of Wor,Old Fine Whisky,expression,0.4,,50,,,,241,AMBIGUOUS
Jim Murray's Whisky Bible 2020 _ Rest of Wor,Years Fall,expression,0.4,9,575,,,,241,AMBIGUOUS
Jim Murray's Whisky Bible 2020 _ Rest of Wor,Old Taylor,expression,0.4,,53.5,,,,242,AMBIGUOUS
Jim Murray's Whisky Bible 2020 _ Rest of Wor,Old Timers,expression,0.4,,40,,bourbon,,242,AMBIGUOUS
Jim Murray's Whisky Bible 2020 _ Rest of Wor,"Graham 
Distillery",distillery,0.4,,,,,,249,AMBIGUOUS
Jim Murray's Whisky Bible 2020 _ Rest of Wor,Premium Whiskey,expression,0.4,,55.1,,,,249,AMBIGUOUS
Jim Murray's Whisky Bible 2020 _ Rest of Wor,Old Potrero Single,distillery,0.4,,50,,,,251,AMBIGUOUS
Jim Murray's Whisky Bible 2020 _ Rest of Wor,Whiskey Essay,distillery,0.4,,,,,,251,AMBIGUOUS
Jim Murray's Whisky Bible 2020 _ Rest of Wor,Dramatic. And,expression,0.4,,636,,,,255,AMBIGUOUS
Jim Murray's Whisky Bible 2020 _ Rest of Wor,Texas Single Malt,distillery,0.4,,,,oak,,257,AMBIGUOUS
Jim Murray's Whisky Bible 2020 _ Rest of Wor,Days Old,expression,0.4,,50,,,,260,AMBIGUOUS
Jim Murray's Whisky Bible 2020 _ Rest of Wor,Project No,expression,0.4,,45,,bourbon,,260,AMBIGUOUS
Jim Murray's Whisky Bible 2020 _ Rest of Wor,Distillery Medusa,distillery,0.4,,42.5,,,,260,AMBIGUOUS
Jim Murray's Whisky Bible 2020 _ Rest of Wor,Months Old,expression,0.4,,475,,,,262,AMBIGUOUS
Jim Murray's Whisky Bible 2020 _ Rest of Wor,Diamond Whiskey,expression,0.4,,,,,,265,AMBIGUOUS
Jim Murray's Whisky Bible 2020 _ Rest of Wor,Wheat Whiskey,expression,0.4,,44,,,,265,AMBIGUOUS
Jim Murray's Whisky Bible 2020 _ Rest of Wor,Unsmoked Single Malt,expression,0.4,,,,,,268,AMBIGUOUS
Jim Murray's Whisky Bible 2020 _ Rest of Wor,Whiskey Under,expression,0.4,4,48.2,,sherry,,268,AMBIGUOUS
Jim Murray's Whisky Bible 2020 _ Rest of Wor,Alabama Single Malt,expression,0.4,4,,,,,269,AMBIGUOUS
Jim Murray's Whisky Bible 2020 _ Rest of Wor,Years Bottled,expression,0.4,6,,,bourbon,,271,AMBIGUOUS
Jim Murray's Whisky Bible 2020 _ Rest of Wor,The Crying,distillery,0.4,,,,,,272,AMBIGUOUS
Jim Murray's Whisky Bible 2020 _ Rest of Wor,My Panama,expression,0.4,,,,sherry,,274,AMBIGUOUS
Jim Murray's Whisky Bible 2020 _ Rest of Wor,Line Single Malt,expression,0.4,,45,,,,274,AMBIGUOUS
Jim Murray's Whisky Bible 2020 _ Rest of Wor,The Emerald,expression,0.4,,43,,,,275,AMBIGUOUS
Jim Murray's Whisky Bible 2020 _ Rest of Wor,"Massachusetts. 
The",distillery,0.4,12,475,,,,279,AMBIGUOUS
Jim Murray's Whisky Bible 2020 _ Rest of Wor,Distillery Exclusive,distillery,0.4,,50,,,,281,AMBIGUOUS
Jim Murray's Whisky Bible 2020 _ Rest of Wor,Chocolate Malt Single,expression,0.4,,,,,,288,AMBIGUOUS
Jim Murray's Whisky Bible 2020 _ Rest of Wor,Malt Whisky Sauternes,expression,0.4,,,,,,288,AMBIGUOUS
Jim Murray's Whisky Bible 2020 _ Rest of Wor,Niagara. And,expression,0.4,,,,wine,,288,AMBIGUOUS
Jim Murray's Whisky Bible 2020 _ Rest of Wor,Fintry Single Malt,distillery,0.4,,,,oak,,290,AMBIGUOUS
Jim Murray's Whisky Bible 2020 _ Rest of Wor,Whisky French,expression,0.4,,,,oak,,290,AMBIGUOUS
Jim Murray's Whisky Bible 2020 _ Rest of Wor,Braiche Single Malt,distillery,0.4,,,,,,292,AMBIGUOUS
Jim Murray's Whisky Bible 2020 _ Rest of Wor,Years Plus,expression,0.4,15,40,,,,294,AMBIGUOUS
Jim Murray's Whisky Bible 2020 _ Rest of Wor,Mischief Whiskey,expression,0.4,,,,,,296,AMBIGUOUS
Jim Murray's Whisky Bible 2020 _ Rest of Wor,Hopped Whisky,expression,0.4,,,,,,297,AMBIGUOUS
Jim Murray's Whisky Bible 2020 _ Rest of Wor,Malt Red,expression,0.4,,43,,oak,,305,AMBIGUOUS
Jim Murray's Whisky Bible 2020 _ Rest of Wor,Whisky Kiyosato Field,expression,0.4,,43,,,,305,AMBIGUOUS
Jim Murray's Whisky Bible 2020 _ Rest of Wor,"Japanese Whisky 
Taketsuru",expression,0.4,12,,,,,306,AMBIGUOUS
Jim Murray's Whisky Bible 2020 _ Rest of Wor,Japanese Old Parr,expression,0.4,,43,,,,307,AMBIGUOUS
Jim Murray's Whisky Bible 2020 _ Rest of Wor,Sensei Whisky,expression,0.4,,43,,,,307,AMBIGUOUS
Jim Murray's Whisky Bible 2020 _ Rest of Wor,Yorkshire Distillery,distillery,0.4,,,,,,308,AMBIGUOUS
Jim Murray's Whisky Bible 2020 _ Rest of Wor,The Boutique,expression,0.4,,46,,,,313,AMBIGUOUS
Jim Murray's Whisky Bible 2020 _ Rest of Wor,Da Mhile Single,distillery,0.4,,,,,,316,AMBIGUOUS
Jim Murray's Whisky Bible 2020 _ Rest of Wor,Ch. Margaux,expression,0.4,,,,,,319,AMBIGUOUS
Jim Murray's Whisky Bible 2020 _ Rest of Wor,Edgbaston. And,expression,0.4,,,,,,322,AMBIGUOUS
Jim Murray's Whisky Bible 2020 _ Rest of Wor,Gate Single Malt,distillery,0.4,,100,,first fill,,323,AMBIGUOUS
Jim Murray's Whisky Bible 2020 _ Rest of Wor,Fannys. This,expression,0.4,,,,sherry,,324,AMBIGUOUS
Jim Murray's Whisky Bible 2020 _ Rest of Wor,The Gorge,expression,0.4,,46.2,,,,325,AMBIGUOUS
Jim Murray's Whisky Bible 2020 _ Rest of Wor,Impressive. And,expression,0.4,,,,wine,,326,AMBIGUOUS
Jim Murray's Whisky Bible 2020 _ Rest of Wor,Old Kempton Distillery,distillery,0.4,,,,oak,,328,AMBIGUOUS
Jim Murray's Whisky Bible 2020 _ Rest of Wor,Single Malt Pinot,distillery,0.4,,46,,,,328,AMBIGUOUS
Jim Murray's Whisky Bible 2020 _ Rest of Wor,Single Malt Tokay,distillery,0.4,,46,,,,329,AMBIGUOUS
Jim Murray's Whisky Bible 2020 _ Rest of Wor,Malt Apera,expression,0.4,,,,sherry,,329,AMBIGUOUS
Jim Murray's Whisky Bible 2020 _ Rest of Wor,"Tasmania 
Distillery",distillery,0.4,,69.1,,,,330,AMBIGUOUS
Jim Murray's Whisky Bible 2020 _ Rest of Wor,Whisky Governor,expression,0.4,,60,,,,330,AMBIGUOUS
Jim Murray's Whisky Bible 2020 _ Rest of Wor,Iniquity Single Malt,expression,0.4,,60,,,,331,AMBIGUOUS
Jim Murray's Whisky Bible 2020 _ Rest of Wor,Rogg Single Malt,expression,0.4,,67,,,,333,AMBIGUOUS
Jim Murray's Whisky Bible 2020 _ Rest of Wor,Malt Peaty,expression,0.4,5,40,,,,334,AMBIGUOUS
Jim Murray's Whisky Bible 2020 _ Rest of Wor,Single Malt Roggen,expression,0.4,7,,,,,335,AMBIGUOUS
Jim Murray's Whisky Bible 2020 _ Rest of Wor,Malt Tiroler Whisky,expression,0.4,,42,,,,335,AMBIGUOUS
Jim Murray's Whisky Bible 2020 _ Rest of Wor,Single Malt Eiche,expression,0.4,,,,,,335,AMBIGUOUS
Jim Murray's Whisky Bible 2020 _ Rest of Wor,Wachauer Whisky Malt,expression,0.4,,40,,,,336,AMBIGUOUS
Jim Murray's Whisky Bible 2020 _ Rest of Wor,Choice Single Malt,expression,0.4,7,,,,,336,AMBIGUOUS
Jim Murray's Whisky Bible 2020 _ Rest of Wor,Fassfinish Ex,expression,0.4,,69,,,,337,AMBIGUOUS
Jim Murray's Whisky Bible 2020 _ Rest of Wor,World Cup,expression,0.4,,,,,,337,AMBIGUOUS
Jim Murray's Whisky Bible 2020 _ Rest of Wor,Kirsch Whisky,expression,0.4,5,46,,sherry,,338,AMBIGUOUS
Jim Murray's Whisky Bible 2020 _ Rest of Wor,By Jove,expression,0.4,,73.7,,first fill,,338,AMBIGUOUS
Jim Murray's Whisky Bible 2020 _ Rest of Wor,Vuur Single Malt,expression,0.4,3,46,,quarter,,340,AMBIGUOUS
Jim Murray's Whisky Bible 2020 _ Rest of Wor,Carolus Single Malt,expression,0.4,,45,,first fill,,340,AMBIGUOUS
Jim Murray's Whisky Bible 2020 _ Rest of Wor,Cock Single Malt,distillery,0.4,8,,,oak,,341,AMBIGUOUS
Jim Murray's Whisky Bible 2020 _ Rest of Wor,Years Old Czech,expression,0.4,8,,,oak,,341,AMBIGUOUS
Jim Murray's Whisky Bible 2020 _ Rest of Wor,Fjordboen Single Malt,expression,0.4,,52.1,,,,345,AMBIGUOUS
Jim Murray's Whisky Bible 2020 _ Rest of Wor,Beg Single Malt,expression,0.4,,51.6,,,,345,AMBIGUOUS
Jim Murray's Whisky Bible 2020 _ Rest of Wor,Single Malt Nimbus,distillery,0.4,,,,,,345,AMBIGUOUS
Jim Murray's Whisky Bible 2020 _ Rest of Wor,Kolding Single Malt,expression,0.4,,46,,oak,,345,AMBIGUOUS
Jim Murray's Whisky Bible 2020 _ Rest of Wor,Single Cask Organic,expression,0.4,,,,,,347,AMBIGUOUS
Jim Murray's Whisky Bible 2020 _ Rest of Wor,St Erwan,expression,0.4,,,,,,349,AMBIGUOUS
Jim Murray's Whisky Bible 2020 _ Rest of Wor,Rozelieures Whisky De,expression,0.4,,46,,,,349,AMBIGUOUS
Jim Murray's Whisky Bible 2020 _ Rest of Wor,Lorraine Single Malt,expression,0.4,,,,,,349,AMBIGUOUS
Jim Murray's Whisky Bible 2020 _ Rest of Wor,Alsace Whisky Single,expression,0.4,,,,,,349,AMBIGUOUS
Jim Murray's Whisky Bible 2020 _ Rest of Wor,Elsass Single Malt,expression,0.4,7,40,,,,350,AMBIGUOUS
Jim Murray's Whisky Bible 2020 _ Rest of Wor,Le Whisky Alsacien,expression,0.4,,50,,,,350,AMBIGUOUS
Jim Murray's Whisky Bible 2020 _ Rest of Wor,En Fut De,expression,0.4,,,,,,350,AMBIGUOUS
Jim Murray's Whisky Bible 2020 _ Rest of Wor,Pur Malt No,expression,0.4,,40,,,,350,AMBIGUOUS
Jim Murray's Whisky Bible 2020 _ Rest of Wor,Le Whisky Artisanal,expression,0.4,,53,,,,350,AMBIGUOUS
Jim Murray's Whisky Bible 2020 _ Rest of Wor,Malt Whisky Estate,expression,0.4,,40,,,,351,AMBIGUOUS
Jim Murray's Whisky Bible 2020 _ Rest of Wor,Partie Single Malt,expression,0.4,,46,,,,351,AMBIGUOUS
Jim Murray's Whisky Bible 2020 _ Rest of Wor,Le Guip Single,expression,0.4,,46,,oak,,351,AMBIGUOUS
Jim Murray's Whisky Bible 2020 _ Rest of Wor,Fass Single Malt,expression,0.4,15,43,,port,,352,AMBIGUOUS
Jim Murray's Whisky Bible 2020 _ Rest of Wor,Gilors Single Malt,expression,0.4,,44,,bourbon,,353,AMBIGUOUS
Jim Murray's Whisky Bible 2020 _ Rest of Wor,Kilpen Single Malt,expression,0.4,,40,,,,354,AMBIGUOUS
Jim Murray's Whisky Bible 2020 _ Rest of Wor,"Germany 
Whisky",expression,0.4,,,,,,355,AMBIGUOUS
Jim Murray's Whisky Bible 2020 _ Rest of Wor,Senft Whisky,expression,0.4,,,,,,356,AMBIGUOUS
Jim Murray's Whisky Bible 2020 _ Rest of Wor,Years Sassicaia,expression,0.4,4,,,,,356,AMBIGUOUS
Jim Murray's Whisky Bible 2020 _ Rest of Wor,Whisky Eilay,expression,0.4,,46,,first fill,,357,AMBIGUOUS
Jim Murray's Whisky Bible 2020 _ Rest of Wor,Miinsterlander Single Malt,expression,0.4,,42,,oak,,358,AMBIGUOUS
Jim Murray's Whisky Bible 2020 _ Rest of Wor,The Handfilled,expression,0.4,,,,,,358,AMBIGUOUS
Jim Murray's Whisky Bible 2020 _ Rest of Wor,Wismarian Single Malt,expression,0.4,,,,,,359,AMBIGUOUS
Jim Murray's Whisky Bible 2020 _ Rest of Wor,Toffee Whisky,expression,0.4,,,,,,359,AMBIGUOUS
Jim Murray's Whisky Bible 2020 _ Rest of Wor,Single Malt Hohlenwhisky,expression,0.4,,,,,,360,AMBIGUOUS
Jim Murray's Whisky Bible 2020 _ Rest of Wor,Pfalzer Single Malt,expression,0.4,5,597,,,,360,AMBIGUOUS
Jim Murray's Whisky Bible 2020 _ Rest of Wor,Malt Whisky Age,expression,0.4,3,,,,,360,AMBIGUOUS
Jim Murray's Whisky Bible 2020 _ Rest of Wor,Raven Single Malt,expression,0.4,,,,,,361,AMBIGUOUS
Jim Murray's Whisky Bible 2020 _ Rest of Wor,Bavarian Single Malt,expression,0.4,,43,,,,361,AMBIGUOUS
Jim Murray's Whisky Bible 2020 _ Rest of Wor,Sloupisti Single Malt,expression,0.4,,59,,,,362,AMBIGUOUS
Jim Murray's Whisky Bible 2020 _ Rest of Wor,Bayerwold Single Malt,expression,0.4,,42,,,,363,AMBIGUOUS
Jim Murray's Whisky Bible 2020 _ Rest of Wor,Tecker Single Malt,expression,0.4,,467,,port,,363,AMBIGUOUS
Jim Murray's Whisky Bible 2020 _ Rest of Wor,Old Fahr Single,expression,0.4,,46.8,,oak,,365,AMBIGUOUS
Jim Murray's Whisky Bible 2020 _ Rest of Wor,"Sc. 
Spinnaker",expression,0.4,20,40,,,,365,AMBIGUOUS
Jim Murray's Whisky Bible 2020 _ Rest of Wor,Malt Whisky Fassstarke,expression,0.4,,40,,oak,,365,AMBIGUOUS
Jim Murray's Whisky Bible 2020 _ Rest of Wor,Honey Distillery Single,distillery,0.4,,40,,,,365,AMBIGUOUS
Jim Murray's Whisky Bible 2020 _ Rest of Wor,Italians. The,expression,0.4,,,islay,,,366,AMBIGUOUS
Jim Murray's Whisky Bible 2020 _ Rest of Wor,Dutch Single Malt,expression,0.4,,46,,,,367,AMBIGUOUS
Jim Murray's Whisky Bible 2020 _ Rest of Wor,Selected Blended Whisky,expression,0.4,,40,,,,368,AMBIGUOUS
Jim Murray's Whisky Bible 2020 _ Rest of Wor,Ten Years Single,expression,0.4,,46.1,,,,370,AMBIGUOUS
Jim Murray's Whisky Bible 2020 _ Rest of Wor,Motorhead Whisky,expression,0.4,,46.1,,oak,,370,AMBIGUOUS
Jim Murray's Whisky Bible 2020 _ Rest of Wor,Dubbel Single Cask,expression,0.4,,,,sherry,,370,AMBIGUOUS
Jim Murray's Whisky Bible 2020 _ Rest of Wor,Alioth Single Malt,expression,0.4,,,,,,371,AMBIGUOUS
Jim Murray's Whisky Bible 2020 _ Rest of Wor,Mizar Single Malt,expression,0.4,,45,,,,371,AMBIGUOUS
Jim Murray's Whisky Bible 2020 _ Rest of Wor,Years Old Moschtfass,expression,0.4,10,,,,,372,AMBIGUOUS
Jim Murray's Whisky Bible 2020 _ Rest of Wor,Buechibarger Whisky Single,expression,0.4,,45,,,,372,AMBIGUOUS
Jim Murray's Whisky Bible 2020 _ Rest of Wor,Switzerland. It,expression,0.4,,,,,,372,AMBIGUOUS
Jim Murray's Whisky Bible 2020 _ Rest of Wor,Best Whisky No,expression,0.4,,,,,,372,AMBIGUOUS
Jim Murray's Whisky Bible 2020 _ Rest of Wor,Fiirsterlander Single Malt,expression,0.4,,42,,,,373,AMBIGUOUS
Jim Murray's Whisky Bible 2020 _ Rest of Wor,Whisky Los Nr,expression,0.4,,,,,,373,AMBIGUOUS
Jim Murray's Whisky Bible 2020 _ Rest of Wor,Gossauer Single Malt,expression,0.4,,40,,sherry,,373,AMBIGUOUS
Jim Murray's Whisky Bible 2020 _ Rest of Wor,Pakistan. The,expression,0.4,,,,,,378,AMBIGUOUS
Jim Murray's Whisky Bible 2020 _ Rest of Wor,Bhutan. So,expression,0.4,,,,,,379,AMBIGUOUS
Jim Murray's Whisky Bible 2020 _ Rest of Wor,Years Old Chairman,expression,0.4,10,50,,bourbon,,379,AMBIGUOUS
Jim Murray's Whisky Bible 2020 _ Rest of Wor,Pipe Single Cask,expression,0.4,,571,,port,,380,AMBIGUOUS
Jim Murray's Whisky Bible 2020 _ Rest of Wor,Unpeated Single Malt,expression,0.4,,50,,,,380,AMBIGUOUS
Jim Murray's Whisky Bible 2020 _ Rest of Wor,Dram Single Malt,distillery,0.4,,,,bourbon,,381,AMBIGUOUS
Jim Murray's Whisky Bible 2020 _ Rest of Wor,Zealand Whisky,expression,0.4,,30,,,,381,AMBIGUOUS
Jim Murray's Whisky Bible 2020 _ Rest of Wor,Distillery Selects,distillery,0.4,,40,,,,383,AMBIGUOUS
Jim Murray's Whisky Bible 2020 _ Rest of Wor,Whisky Podium,expression,0.4,,40,,,,383,AMBIGUOUS
Jim Murray's Whisky Bible 2020 _ Rest of Wor,Conductor Single Malt,expression,0.4,,54.8,,,,384,AMBIGUOUS
Jim Murray's Whisky Bible 2020 _ Rest of Wor,Blended Whisky Malta,expression,0.4,,,,,,385,AMBIGUOUS
Jim Murray's Whisky Bible 2020 _ Rest of Wor,The Art,expression,0.4,,,,,,391,AMBIGUOUS
Jim Murray's Whisky Bible 2020 _ Rest of Wor,"Whisky 
Cover",expression,0.4,,,,,,391,AMBIGUOUS
Koder-Scotch-Malt-Whisky-Society.pdf,Koder Scotch Malt,bottler,0.4,,,,,society,1,AMBIGUOUS
Koder-Scotch-Malt-Whisky-Society.pdf,Whisky Society,bottler,0.4,,,,,society,1,AMBIGUOUS
Koder-Scotch-Malt-Whisky-Society.pdf,"Malt Whisky     
Code",distillery,0.4,,,,,,1,AMBIGUOUS
Koder-Scotch-Malt-Whisky-Society.pdf,Distillery Country,distillery,0.4,,,speyside,,,1,AMBIGUOUS
Koder-Scotch-Malt-Whisky-Society.pdf,Whisky Sweden,distillery,0.4,,,,,,7,AMBIGUOUS
Koder-Scotch-Malt-Whisky-Society.pdf,Japan This,expression,0.4,,,,,,8,AMBIGUOUS
Koder-Scotch-Malt-Whisky-Society.pdf,Co. New,distillery,0.4,,,,,,9,AMBIGUOUS
"Lerner, Daniel - Single Malt and Scotch Whis",The Essential,expression,0.4,,,,,,0,AMBIGUOUS
"Lerner, Daniel - Single Malt and Scotch Whis",Making Scotch,expression,0.4,,,,,,0,AMBIGUOUS
"Lerner, Daniel - Single Malt and Scotch Whis",Mull. It,expression,0.4,,,,,,0,AMBIGUOUS
"Lerner, Daniel - Single Malt and Scotch Whis",Skye. It,expression,0.4,,,,,,0,AMBIGUOUS
"Lerner, Daniel - Single Malt and Scotch Whis",The French,distillery,0.4,,,islay,,,0,AMBIGUOUS
"Lerner, Daniel - Single Malt and Scotch Whis",Wm. Cadenhead,bottler,0.4,,,,,independent,0,AMBIGUOUS
"Lerner, Daniel - Single Malt and Scotch Whis",Vintage Malt Whisky,bottler,0.4,,,,,signatory,0,AMBIGUOUS
"Lerner, Daniel - Single Malt and Scotch Whis",Grain Whisky,bottler,0.4,,,,,independent,0,AMBIGUOUS
"Lerner, Daniel - Single Malt and Scotch Whis",Vatted Malt,expression,0.4,,,,,,0,AMBIGUOUS
"Lerner, Daniel - Single Malt and Scotch Whis","Cask Strength
Bottling",expression,0.4,,,,,,0,AMBIGUOUS
"Lerner, Daniel - Single Malt and Scotch Whis",Whisky Galore,bottler,0.4,,43,,,independent,0,AMBIGUOUS
"Lerner, Daniel - Single Malt and Scotch Whis",An Cnoc,distillery,0.4,,,,,,0,AMBIGUOUS
"Lerner, Daniel - Single Malt and Scotch Whis",World War,distillery,0.4,,,,,,0,AMBIGUOUS
"Lerner, Daniel - Single Malt and Scotch Whis",Voyage. The,expression,0.4,,,,,,0,AMBIGUOUS
"Lerner, Daniel - Single Malt and Scotch Whis",Gaelic. This,distillery,0.4,,,,,,0,AMBIGUOUS
"Lerner, Daniel - Single Malt and Scotch Whis",Mr. Smith,expression,0.4,,,,,,0,AMBIGUOUS
"Lerner, Daniel - Single Malt and Scotch Whis",Cigar Malt,expression,0.4,,,highland,,,0,AMBIGUOUS
"Lerner, Daniel - Single Malt and Scotch Whis",Old Parr,expression,0.4,,,,,,0,AMBIGUOUS
"Lerner, Daniel - Single Malt and Scotch Whis",Baxter. The,expression,0.4,,,,,,0,AMBIGUOUS
"Lerner, Daniel - Single Malt and Scotch Whis",Mr. Eunson,expression,0.4,,,,,,0,AMBIGUOUS
"Lerner, Daniel - Single Malt and Scotch Whis",The Tochineal Distillery,distillery,0.4,,,speyside,,,0,AMBIGUOUS
"Lerner, Daniel - Single Malt and Scotch Whis",Old Rhosdhu,bottler,0.4,,40,,,independent,0,AMBIGUOUS
"Lerner, Daniel - Single Malt and Scotch Whis",Co. Although,distillery,0.4,,,,,,0,AMBIGUOUS
"Lerner, Daniel - Single Malt and Scotch Whis",Scotch Deluxe,expression,0.4,,,,,,0,AMBIGUOUS
"Lerner, Daniel - Single Malt and Scotch Whis",Claymore Scotch,expression,0.4,,,,,,0,AMBIGUOUS
"Lerner, Daniel - Single Malt and Scotch Whis",Cluny Scotch,expression,0.4,,,,,,0,AMBIGUOUS
"Lerner, Daniel - Single Malt and Scotch Whis",Stuart Scotch,expression,0.4,,,,,,0,AMBIGUOUS
"Lerner, Daniel - Single Malt and Scotch Whis",Scotch Select,expression,0.4,,,,,,0,AMBIGUOUS
"Lerner, Daniel - Single Malt and Scotch Whis",Dant Scotch,expression,0.4,,,,,,0,AMBIGUOUS
"Lerner, Daniel - Single Malt and Scotch Whis",Legacy Scotch,expression,0.4,,,,,,0,AMBIGUOUS
"Lerner, Daniel - Single Malt and Scotch Whis",Scotch Perfection,expression,0.4,,,,,,0,AMBIGUOUS
"Lerner, Daniel - Single Malt and Scotch Whis",The Definitive Guide,expression,0.4,,,,,,0,AMBIGUOUS
"Lerner, Daniel - Single Malt and Scotch Whis",Maltwhiskytrail.,bottler,0.4,,,,,independent,0,AMBIGUOUS
"Lerner, Daniel - Single Malt and Scotch Whis",Finest Scotch Whisky,expression,0.4,,,,,,0,AMBIGUOUS
Malt whisky ; a contemporary guide -- Graham,Contemporary Guide,expression,0.4,,,,,,7,AMBIGUOUS
Malt whisky ; a contemporary guide -- Graham,"Wm 
Cadenhead",distillery,0.4,,,,,independent,7,AMBIGUOUS
Malt whisky ; a contemporary guide -- Graham,The Vintage Malt,bottler,0.4,,,,,signatory,7,AMBIGUOUS
Malt whisky ; a contemporary guide -- Graham,"Act. 
The",expression,0.4,,,,,,14,AMBIGUOUS
Malt whisky ; a contemporary guide -- Graham,"Dock 
Distillery",distillery,0.4,,,,,,16,AMBIGUOUS
Malt whisky ; a contemporary guide -- Graham,Scotch Whisky Association,expression,0.4,,,,,,20,AMBIGUOUS
Malt whisky ; a contemporary guide -- Graham,Co. Ltd,distillery,0.4,,,,,,24,AMBIGUOUS
Malt whisky ; a contemporary guide -- Graham,Canongate. The,expression,0.4,,,,,,27,AMBIGUOUS
Malt whisky ; a contemporary guide -- Graham,World War,distillery,0.4,,,,,,27,AMBIGUOUS
Malt whisky ; a contemporary guide -- Graham,Spain. By,expression,0.4,,,,sherry,,52,AMBIGUOUS
Malt whisky ; a contemporary guide -- Graham,Lowlands. The,expression,0.4,,,,,,57,AMBIGUOUS
Malt whisky ; a contemporary guide -- Graham,St Magdalene,bottler,0.4,,,,,gordon,60,AMBIGUOUS
Malt whisky ; a contemporary guide -- Graham,"Sis 
Single Malt",bottler,0.4,,,,,gordon,62,AMBIGUOUS
Malt whisky ; a contemporary guide -- Graham,Scotch Whisky Elgin,bottler,0.4,,,,,macphail,62,AMBIGUOUS
Malt whisky ; a contemporary guide -- Graham,Single Malt Tcolch,distillery,0.4,,,,,,62,AMBIGUOUS
Malt whisky ; a contemporary guide -- Graham,Whisky Shop,bottler,0.4,,,,,cadenhead,62,AMBIGUOUS
Malt whisky ; a contemporary guide -- Graham,"Se 
Sig",distillery,0.4,,,,,,62,AMBIGUOUS
Malt whisky ; a contemporary guide -- Graham,Se Telephone,expression,0.4,,,,,,62,AMBIGUOUS
Malt whisky ; a contemporary guide -- Graham,"Perthshires. 
The",expression,0.4,,,highland,,,63,AMBIGUOUS
Malt whisky ; a contemporary guide -- Graham,"Caithness. 
The",expression,0.4,,,,,,65,AMBIGUOUS
Malt whisky ; a contemporary guide -- Graham,Wm Sanderson,distillery,0.4,,,,,,67,AMBIGUOUS
Malt whisky ; a contemporary guide -- Graham,"Lomond 
Distillery",distillery,0.4,,,,,,68,AMBIGUOUS
Malt whisky ; a contemporary guide -- Graham,Newcastle. It,distillery,0.4,,,,,,68,AMBIGUOUS
Malt whisky ; a contemporary guide -- Graham,Rieclachan Distillery,distillery,0.4,,,,,,71,AMBIGUOUS
Malt whisky ; a contemporary guide -- Graham,Bottle No,expression,0.4,,,,,,72,AMBIGUOUS
Malt whisky ; a contemporary guide -- Graham,"Whisky 
Bee",distillery,0.4,,,,port,,73,AMBIGUOUS
Malt whisky ; a contemporary guide -- Graham,"Baxter. 
The",distillery,0.4,,,,,,74,AMBIGUOUS
Malt whisky ; a contemporary guide -- Graham,Ardenistle Distillery,distillery,0.4,,,,,,74,AMBIGUOUS
Malt whisky ; a contemporary guide -- Graham,"Whisky 
Disritimy",expression,0.4,,,,,,77,AMBIGUOUS
Malt whisky ; a contemporary guide -- Graham,"Jsland Malt 
Scotch",expression,0.4,,,,,,83,AMBIGUOUS
Malt whisky ; a contemporary guide -- Graham,Ni Mae,expression,0.4,,,,,,85,AMBIGUOUS
Malt whisky ; a contemporary guide -- Graham,"Dur 
Me",distillery,0.4,,,,,,86,AMBIGUOUS
Malt whisky ; a contemporary guide -- Graham,"Classic 
Malts",expression,0.4,,,,,,86,AMBIGUOUS
Malt whisky ; a contemporary guide -- Graham,Stemster Distillery,distillery,0.4,,,,,,91,AMBIGUOUS
Malt whisky ; a contemporary guide -- Graham,In June,distillery,0.4,,,,,,91,AMBIGUOUS
Malt whisky ; a contemporary guide -- Graham,"Tain 
The",distillery,0.4,,,,,,94,AMBIGUOUS
Malt whisky ; a contemporary guide -- Graham,Single Htighland Malt,expression,0.4,,,,,,95,AMBIGUOUS
Malt whisky ; a contemporary guide -- Graham,Ord Distillery,distillery,0.4,,,,,,97,AMBIGUOUS
Malt whisky ; a contemporary guide -- Graham,Skye. It,expression,0.4,,,,,,97,AMBIGUOUS
Malt whisky ; a contemporary guide -- Graham,Shuzo Co,distillery,0.4,,,,,,98,AMBIGUOUS
Malt whisky ; a contemporary guide -- Graham,Sir Ao,expression,0.4,,,,,,99,AMBIGUOUS
Malt whisky ; a contemporary guide -- Graham,Gen Cc,expression,0.4,,,,,,100,AMBIGUOUS
Malt whisky ; a contemporary guide -- Graham,The Antiquary,expression,0.4,,,,,,103,AMBIGUOUS
Malt whisky ; a contemporary guide -- Graham,Kilnflat Distillery,distillery,0.4,,,,,,104,AMBIGUOUS
Malt whisky ; a contemporary guide -- Graham,Tochineal Distillery,distillery,0.4,,,,,,110,AMBIGUOUS
Malt whisky ; a contemporary guide -- Graham,Beas Malt,expression,0.4,,,,,,112,AMBIGUOUS
Malt whisky ; a contemporary guide -- Graham,"Wales. 
The",distillery,0.4,,,,,,122,AMBIGUOUS
Malt whisky ; a contemporary guide -- Graham,St Drostan,distillery,0.4,,,,,,123,AMBIGUOUS
Malt whisky ; a contemporary guide -- Graham,United Kinedom,expression,0.4,,,,,,126,AMBIGUOUS
Malt whisky ; a contemporary guide -- Graham,The Steel,expression,0.4,,,,,,126,AMBIGUOUS
Malt whisky ; a contemporary guide -- Graham,Dalbeallie. The,distillery,0.4,,,,,,129,AMBIGUOUS
Malt whisky ; a contemporary guide -- Graham,"At 
Soe",distillery,0.4,,,,,,130,AMBIGUOUS
Malt whisky ; a contemporary guide -- Graham,"Brooks 
Yt",expression,0.4,,40,,,,130,AMBIGUOUS
Malt whisky ; a contemporary guide -- Graham,Guinness Book,distillery,0.4,,,,,,131,AMBIGUOUS
Malt whisky ; a contemporary guide -- Graham,"The 
Smith",expression,0.4,,,,,,134,AMBIGUOUS
Malt whisky ; a contemporary guide -- Graham,Bedford. He,expression,0.4,,,,,,138,AMBIGUOUS
Malt whisky ; a contemporary guide -- Graham,The Pattison,expression,0.4,,,,,,140,AMBIGUOUS
Malt whisky ; a contemporary guide -- Graham,Vly Hh,expression,0.4,,,,,,141,AMBIGUOUS
Malt whisky ; a contemporary guide -- Graham,April. The,expression,0.4,,,,,,145,AMBIGUOUS
Malt whisky ; a contemporary guide -- Graham,Old Parr,expression,0.4,,,,,,145,AMBIGUOUS
Malt whisky ; a contemporary guide -- Graham,Bros. Lt,expression,0.4,,,,,,151,AMBIGUOUS
Malt whisky ; a contemporary guide -- Graham,"Sato 
In",distillery,0.4,,,,,,153,AMBIGUOUS
Malt whisky ; a contemporary guide -- Graham,"At 
Cnoc",expression,0.4,,,,,,153,AMBIGUOUS
Malt whisky ; a contemporary guide -- Graham,Seach Whisky,expression,0.4,,,,,,154,AMBIGUOUS
Malt whisky ; a contemporary guide -- Graham,"Re 
Ranaiccn",expression,0.4,,,,,,154,AMBIGUOUS
Malt whisky ; a contemporary guide -- Graham,Distillery Street,distillery,0.4,,,,,,157,AMBIGUOUS
Malt whisky ; a contemporary guide -- Graham,"Deeside. 
The",distillery,0.4,,,,,,158,AMBIGUOUS
Malt whisky ; a contemporary guide -- Graham,"Queen 
He",distillery,0.4,,,,,,158,AMBIGUOUS
Malt whisky ; a contemporary guide -- Graham,"Whisky 
Bre",distillery,0.4,,,,,,160,AMBIGUOUS
Malt whisky ; a contemporary guide -- Graham,The Lowland,distillery,0.4,,,lowland,,,165,AMBIGUOUS
Malt whisky ; a contemporary guide -- Graham,Ne Ocl,expression,0.4,,,highland,,,169,AMBIGUOUS
Malt whisky ; a contemporary guide -- Graham,"Scotch Whisky 
Matured",expression,0.4,11,,lowland,oak,,174,AMBIGUOUS
Malt whisky ; a contemporary guide -- Graham,"Malt Whisky 
Production",expression,0.4,,,,,,175,AMBIGUOUS
Malt whisky ; a contemporary guide -- Graham,Wigtown. It,distillery,0.4,,,lowland,,,177,AMBIGUOUS
Malt whisky ; a contemporary guide -- Graham,Nairn. The,distillery,0.4,,,,,,181,AMBIGUOUS
Malt whisky ; a contemporary guide -- Graham,Bowtie No,expression,0.4,33,,,,,181,AMBIGUOUS
Malt whisky ; a contemporary guide -- Graham,Linlithgow. The,distillery,0.4,,,,,,183,AMBIGUOUS
Malt whisky ; a contemporary guide -- Graham,Airdrie. The,distillery,0.4,,,,,,184,AMBIGUOUS
Malt whisky ; a contemporary guide -- Graham,By Appt,expression,0.4,,,,,,186,AMBIGUOUS
Malt whisky ; a contemporary guide -- Graham,Whisky Tour,expression,0.4,,,,,,187,AMBIGUOUS
Malt whisky ; a contemporary guide -- Graham,The See,distillery,0.4,,,,,,195,AMBIGUOUS
"Malt whisky yearbook 2019 _ the facts, the p",Malt Whisky Yearbook,expression,0.4,,,,,,2,AMBIGUOUS
"Malt whisky yearbook 2019 _ the facts, the p",The Whisky Exchange,bottler,0.4,,,,,independent,2,AMBIGUOUS
"Malt whisky yearbook 2019 _ the facts, the p",Autumn. And,expression,0.4,,,,,,2,AMBIGUOUS
"Malt whisky yearbook 2019 _ the facts, the p",Bestshotwhiskyreviews.,expression,0.4,,,,,,2,AMBIGUOUS
"Malt whisky yearbook 2019 _ the facts, the p",In The Air,expression,0.4,,,,,,5,AMBIGUOUS
"Malt whisky yearbook 2019 _ the facts, the p",Scotch Whisky Tourism,expression,0.4,,,,,,5,AMBIGUOUS
"Malt whisky yearbook 2019 _ the facts, the p",Feel The Whisky,expression,0.4,,,,,,5,AMBIGUOUS
"Malt whisky yearbook 2019 _ the facts, the p",Single Malts,expression,0.4,,,,,,5,AMBIGUOUS
"Malt whisky yearbook 2019 _ the facts, the p",Whisky Shops,bottler,0.4,,,,,independent,5,AMBIGUOUS
"Malt whisky yearbook 2019 _ the facts, the p","The 
Whisky Year",expression,0.4,,,,,,6,AMBIGUOUS
"Malt whisky yearbook 2019 _ the facts, the p","Spain. 
The",expression,0.4,,,,,,10,AMBIGUOUS
"Malt whisky yearbook 2019 _ the facts, the p",Scotch Whisky Association,expression,0.4,,,,,,10,AMBIGUOUS
"Malt whisky yearbook 2019 _ the facts, the p",The Apostoles,expression,0.4,,,,,,12,AMBIGUOUS
"Malt whisky yearbook 2019 _ the facts, the p","Oloroso. 
The",expression,0.4,,,,wine,,15,AMBIGUOUS
"Malt whisky yearbook 2019 _ the facts, the p",Whisky Etc,expression,0.4,,,,,,15,AMBIGUOUS
"Malt whisky yearbook 2019 _ the facts, the p",Whisky Quarterly,expression,0.4,,,,,,15,AMBIGUOUS
"Malt whisky yearbook 2019 _ the facts, the p",Definitive World Guide,expression,0.4,,,,,,15,AMBIGUOUS
"Malt whisky yearbook 2019 _ the facts, the p",The Shackleton,expression,0.4,,,,,,21,AMBIGUOUS
"Malt whisky yearbook 2019 _ the facts, the p",You About Whisky,expression,0.4,,,,,,23,AMBIGUOUS
"Malt whisky yearbook 2019 _ the facts, the p","Texan. 
As",expression,0.4,,,,,,28,AMBIGUOUS
"Malt whisky yearbook 2019 _ the facts, the p",The New World,distillery,0.4,,,,,,29,AMBIGUOUS
"Malt whisky yearbook 2019 _ the facts, the p",In Taiwan,expression,0.4,,,,,,29,AMBIGUOUS
"Malt whisky yearbook 2019 _ the facts, the p",Taiwanese. By,expression,0.4,,,,,,29,AMBIGUOUS
"Malt whisky yearbook 2019 _ the facts, the p","World 
Whisky Forum",expression,0.4,,,,,,29,AMBIGUOUS
"Malt whisky yearbook 2019 _ the facts, the p",Scotch Whisky Experience,expression,0.4,,,,,,34,AMBIGUOUS
"Malt whisky yearbook 2019 _ the facts, the p",Whisky Director,expression,0.4,,,,,,35,AMBIGUOUS
"Malt whisky yearbook 2019 _ the facts, the p",Single Mabe,expression,0.4,,,,,,38,AMBIGUOUS
"Malt whisky yearbook 2019 _ the facts, the p","Whiky 
The",expression,0.4,,,,,,38,AMBIGUOUS
"Malt whisky yearbook 2019 _ the facts, the p",Whisky Auctioneer,expression,0.4,,,,,,40,AMBIGUOUS
"Malt whisky yearbook 2019 _ the facts, the p",Single Malt Fund,expression,0.4,,,,,,42,AMBIGUOUS
"Malt whisky yearbook 2019 _ the facts, the p",The Swedish,expression,0.4,,,,,,43,AMBIGUOUS
"Malt whisky yearbook 2019 _ the facts, the p",In Sweden,expression,0.4,,,,,,43,AMBIGUOUS
"Malt whisky yearbook 2019 _ the facts, the p",Scotch Whisky Industry,expression,0.4,,,,,,45,AMBIGUOUS
"Malt whisky yearbook 2019 _ the facts, the p",Aeneas Macdonald,expression,0.4,,,,,,47,AMBIGUOUS
"Malt whisky yearbook 2019 _ the facts, the p",Cellar Book,expression,0.4,,,,,,48,AMBIGUOUS
"Malt whisky yearbook 2019 _ the facts, the p",Dr. Nicholas,expression,0.4,,,,,,50,AMBIGUOUS
"Malt whisky yearbook 2019 _ the facts, the p",Whisky Crea,expression,0.4,,,,,,54,AMBIGUOUS
"Malt whisky yearbook 2019 _ the facts, the p",Sherry. And,expression,0.4,,,,oak,,55,AMBIGUOUS
"Malt whisky yearbook 2019 _ the facts, the p",Whisky Creation,expression,0.4,,,,,,57,AMBIGUOUS
"Malt whisky yearbook 2019 _ the facts, the p","Patience. 
It",expression,0.4,,,,,,57,AMBIGUOUS
"Malt whisky yearbook 2019 _ the facts, the p",Whisky Time,expression,0.4,,,,,,59,AMBIGUOUS
"Malt whisky yearbook 2019 _ the facts, the p","Wo 
Asli",distillery,0.4,,,,,,63,AMBIGUOUS
"Malt whisky yearbook 2019 _ the facts, the p",Chang. So,distillery,0.4,,,,,,63,AMBIGUOUS
"Malt whisky yearbook 2019 _ the facts, the p",Distillery Select,distillery,0.4,,,,,,63,AMBIGUOUS
"Malt whisky yearbook 2019 _ the facts, the p",The Science,expression,0.4,,,,,,63,AMBIGUOUS
"Malt whisky yearbook 2019 _ the facts, the p",Pernod Ri,distillery,0.4,,,,,,66,AMBIGUOUS
"Malt whisky yearbook 2019 _ the facts, the p","Double 
Cask",expression,0.4,12,,,sherry,,66,AMBIGUOUS
"Malt whisky yearbook 2019 _ the facts, the p",St Fergus,expression,0.4,,,highland,,,70,AMBIGUOUS
"Malt whisky yearbook 2019 _ the facts, the p",The Bothy,expression,0.4,,,,,,71,AMBIGUOUS
"Malt whisky yearbook 2019 _ the facts, the p",The Devil,expression,0.4,2,,,,,71,AMBIGUOUS
"Malt whisky yearbook 2019 _ the facts, the p",In February,expression,0.4,,,,,,73,AMBIGUOUS
"Malt whisky yearbook 2019 _ the facts, the p",Peaty Cask,expression,0.4,38,,,,,75,AMBIGUOUS
"Malt whisky yearbook 2019 _ the facts, the p",Madeira Cask,expression,0.4,25,,,,,77,AMBIGUOUS
"Malt whisky yearbook 2019 _ the facts, the p","Roasted 
Malt",expression,0.4,17,,,,,77,AMBIGUOUS
"Malt whisky yearbook 2019 _ the facts, the p",Vintage Cask,expression,0.4,14,,,sherry,,77,AMBIGUOUS
"Malt whisky yearbook 2019 _ the facts, the p",Rum Cask,expression,0.4,17,,,,,77,AMBIGUOUS
"Malt whisky yearbook 2019 _ the facts, the p",Peated Cask,expression,0.4,14,,,,,77,AMBIGUOUS
"Malt whisky yearbook 2019 _ the facts, the p",Carribean Cask,expression,0.4,14,,,,,77,AMBIGUOUS
"Malt whisky yearbook 2019 _ the facts, the p","Nevis 
Distillery",distillery,0.4,,,,,,78,AMBIGUOUS
"Malt whisky yearbook 2019 _ the facts, the p",Quarter Cask,expression,0.4,,,,quarter,,79,AMBIGUOUS
"Malt whisky yearbook 2019 _ the facts, the p",The Saladin,expression,0.4,,,,,,80,AMBIGUOUS
"Malt whisky yearbook 2019 _ the facts, the p",Fauna. In,expression,0.4,12,,,,,83,AMBIGUOUS
"Malt whisky yearbook 2019 _ the facts, the p",Aldour Distillery,distillery,0.4,,,,,,83,AMBIGUOUS
"Malt whisky yearbook 2019 _ the facts, the p",The Duke,distillery,0.4,,,,,,83,AMBIGUOUS
"Malt whisky yearbook 2019 _ the facts, the p","Ltd. 
Japanese",distillery,0.4,,35,,,,84,AMBIGUOUS
"Malt whisky yearbook 2019 _ the facts, the p",Yes. We,expression,0.4,,,lowland,,,87,AMBIGUOUS
"Malt whisky yearbook 2019 _ the facts, the p",The Classic Laddie,expression,0.4,,,islay,,,88,AMBIGUOUS
"Malt whisky yearbook 2019 _ the facts, the p",In November,expression,0.4,,,,,,88,AMBIGUOUS
"Malt whisky yearbook 2019 _ the facts, the p",The Distillery Valinch,distillery,0.4,,,,butt,,88,AMBIGUOUS
"Malt whisky yearbook 2019 _ the facts, the p",July. In,expression,0.4,,,,,,88,AMBIGUOUS
"Malt whisky yearbook 2019 _ the facts, the p",An Cladach,distillery,0.4,,,,bourbon,,90,AMBIGUOUS
"Malt whisky yearbook 2019 _ the facts, the p","Cask 
Strength",expression,0.4,12,,,,,91,AMBIGUOUS
"Malt whisky yearbook 2019 _ the facts, the p",Malt Maniacs,expression,0.4,,,,,,93,AMBIGUOUS
"Malt whisky yearbook 2019 _ the facts, the p",Old Parr,expression,0.4,,,,,,95,AMBIGUOUS
"Malt whisky yearbook 2019 _ the facts, the p",Cigar Malt,expression,0.4,25,,,,,98,AMBIGUOUS
"Malt whisky yearbook 2019 _ the facts, the p","Co. 
Operations",expression,0.4,,,,,,99,AMBIGUOUS
"Malt whisky yearbook 2019 _ the facts, the p",The Friends,expression,0.4,,,,,,99,AMBIGUOUS
"Malt whisky yearbook 2019 _ the facts, the p",Old Bannockburn,expression,0.4,,,,,,100,AMBIGUOUS
"Malt whisky yearbook 2019 _ the facts, the p",Jingle Malt,expression,0.4,25,,,bourbon,,101,AMBIGUOUS
"Malt whisky yearbook 2019 _ the facts, the p",In March,expression,0.4,,,,,,104,AMBIGUOUS
"Malt whisky yearbook 2019 _ the facts, the p",Kilnflat Distillery,distillery,0.4,,,,,,105,AMBIGUOUS
"Malt whisky yearbook 2019 _ the facts, the p",The Lomond,expression,0.4,,,,,,105,AMBIGUOUS
"Malt whisky yearbook 2019 _ the facts, the p","May. 
The",distillery,0.4,,,,,,107,AMBIGUOUS
"Malt whisky yearbook 2019 _ the facts, the p",The Hielan,expression,0.4,8,,,,,107,AMBIGUOUS
"Malt whisky yearbook 2019 _ the facts, the p",Octaves Classic,distillery,0.4,,,,,,107,AMBIGUOUS
"Malt whisky yearbook 2019 _ the facts, the p",Hidden Malt,expression,0.4,12,,,,,109,AMBIGUOUS
"Malt whisky yearbook 2019 _ the facts, the p","Co. 
Pattison",distillery,0.4,,,,,,110,AMBIGUOUS
"Malt whisky yearbook 2019 _ the facts, the p",Family Cask,expression,0.4,40,,,,,111,AMBIGUOUS
"Malt whisky yearbook 2019 _ the facts, the p",Distillery Edition,distillery,0.4,25,,,oak,,112,AMBIGUOUS
"Malt whisky yearbook 2019 _ the facts, the p","Rare 
Cask Series",expression,0.4,51,,,,,116,AMBIGUOUS
"Malt whisky yearbook 2019 _ the facts, the p",Dandelaith Distillery,distillery,0.4,,,,,,118,AMBIGUOUS
"Malt whisky yearbook 2019 _ the facts, the p",My Dad,expression,0.4,,,,,,121,AMBIGUOUS
"Malt whisky yearbook 2019 _ the facts, the p",Rare Show,expression,0.4,,,,,,121,AMBIGUOUS
"Malt whisky yearbook 2019 _ the facts, the p",The Lowlands,expression,0.4,12,,,,,123,AMBIGUOUS
"Malt whisky yearbook 2019 _ the facts, the p","Cask 
Finish",expression,0.4,,,,,,124,AMBIGUOUS
"Malt whisky yearbook 2019 _ the facts, the p",The Only Whisky,expression,0.4,17,,,,,127,AMBIGUOUS
"Malt whisky yearbook 2019 _ the facts, the p","Bacalta. 
The",expression,0.4,,,,,,128,AMBIGUOUS
"Malt whisky yearbook 2019 _ the facts, the p",Spios. The,expression,0.4,,,,,,128,AMBIGUOUS
"Malt whisky yearbook 2019 _ the facts, the p",Society. The,bottler,0.4,,,,,society,129,AMBIGUOUS
"Malt whisky yearbook 2019 _ the facts, the p",La Martiniquaise,distillery,0.4,14,,,oak,,130,AMBIGUOUS
"Malt whisky yearbook 2019 _ the facts, the p","Extraordinary 
Cask",expression,0.4,,,,sherry,,132,AMBIGUOUS
"Malt whisky yearbook 2019 _ the facts, the p",An Odyssey,expression,0.4,,,,bourbon,,133,AMBIGUOUS
"Malt whisky yearbook 2019 _ the facts, the p",Hosh Distillery,distillery,0.4,,,,,,137,AMBIGUOUS
"Malt whisky yearbook 2019 _ the facts, the p",The Light,expression,0.4,,,,,,139,AMBIGUOUS
"Malt whisky yearbook 2019 _ the facts, the p",Tochineal Distillery,distillery,0.4,,,,,,140,AMBIGUOUS
"Malt whisky yearbook 2019 _ the facts, the p",The Sound,expression,0.4,,,,sherry,,141,AMBIGUOUS
"Malt whisky yearbook 2019 _ the facts, the p",The Road,expression,0.4,,,,sherry,,141,AMBIGUOUS
"Malt whisky yearbook 2019 _ the facts, the p",The Paps,expression,0.4,,,,sherry,,141,AMBIGUOUS
"Malt whisky yearbook 2019 _ the facts, the p","With 
Peatheart",expression,0.4,,,,,,145,AMBIGUOUS
"Malt whisky yearbook 2019 _ the facts, the p",Ardenistiel Distillery,distillery,0.4,,,,,,148,AMBIGUOUS
"Malt whisky yearbook 2019 _ the facts, the p","Diageo. 
The",distillery,0.4,,,,,,150,AMBIGUOUS
"Malt whisky yearbook 2019 _ the facts, the p","Saree 
The",distillery,0.4,,,,,,154,AMBIGUOUS
"Malt whisky yearbook 2019 _ the facts, the p",Exceptional Single Cask,expression,0.4,,,,,,154,AMBIGUOUS
"Malt whisky yearbook 2019 _ the facts, the p",Elchies Distillery,distillery,0.4,,,,,,154,AMBIGUOUS
"Malt whisky yearbook 2019 _ the facts, the p",World War,expression,0.4,,,,,,157,AMBIGUOUS
"Malt whisky yearbook 2019 _ the facts, the p",Worts. The,distillery,0.4,,,,,,158,AMBIGUOUS
"Malt whisky yearbook 2019 _ the facts, the p",The Lighthouse,expression,0.4,,,,,,161,AMBIGUOUS
"Malt whisky yearbook 2019 _ the facts, the p",Windsor. The,expression,0.4,,,,,,163,AMBIGUOUS
"Malt whisky yearbook 2019 _ the facts, the p",Europe. In,expression,0.4,,,,,,165,AMBIGUOUS
"Malt whisky yearbook 2019 _ the facts, the p",Co. They,distillery,0.4,,,,,,165,AMBIGUOUS
"Malt whisky yearbook 2019 _ the facts, the p",Cu Dubh,expression,0.4,12,,,,,166,AMBIGUOUS
"Malt whisky yearbook 2019 _ the facts, the p","Distillery 
How",distillery,0.4,,,,,,167,AMBIGUOUS
"Malt whisky yearbook 2019 _ the facts, the p",The Reid,distillery,0.4,,,,,,168,AMBIGUOUS
"Malt whisky yearbook 2019 _ the facts, the p","June. 
The",distillery,0.4,,,,,,171,AMBIGUOUS
"Malt whisky yearbook 2019 _ the facts, the p",On Skye,distillery,0.4,,,,,,172,AMBIGUOUS
"Malt whisky yearbook 2019 _ the facts, the p",Anniversary Single Cask,distillery,0.4,,,,,,174,AMBIGUOUS
"Malt whisky yearbook 2019 _ the facts, the p",Cu Bocan,expression,0.4,,,,sherry,,178,AMBIGUOUS
"Malt whisky yearbook 2019 _ the facts, the p",The Mur,expression,0.4,,,,,,181,AMBIGUOUS
"Malt whisky yearbook 2019 _ the facts, the p",St Andrews,distillery,0.4,,,,bourbon,,183,AMBIGUOUS
"Malt whisky yearbook 2019 _ the facts, the p",St Andrew,distillery,0.4,,,,,,183,AMBIGUOUS
"Malt whisky yearbook 2019 _ the facts, the p",The Art,expression,0.4,,,,,,184,AMBIGUOUS
"Malt whisky yearbook 2019 _ the facts, the p","Whisky 
Making",expression,0.4,,,,,,184,AMBIGUOUS
"Malt whisky yearbook 2019 _ the facts, the p",The Glover,expression,0.4,,,,,,184,AMBIGUOUS
"Malt whisky yearbook 2019 _ the facts, the p","Fife. 
The",distillery,0.4,,,,,,185,AMBIGUOUS
"Malt whisky yearbook 2019 _ the facts, the p",Alloa. The,expression,0.4,,,,,,186,AMBIGUOUS
"Malt whisky yearbook 2019 _ the facts, the p",The Gaelic,distillery,0.4,,,,,,186,AMBIGUOUS
"Malt whisky yearbook 2019 _ the facts, the p",St Lewis,expression,0.4,3,58,,,,186,AMBIGUOUS
"Malt whisky yearbook 2019 _ the facts, the p",Elgin. The,distillery,0.4,,,,,,187,AMBIGUOUS
"Malt whisky yearbook 2019 _ the facts, the p",In September,expression,0.4,,,,,,187,AMBIGUOUS
"Malt whisky yearbook 2019 _ the facts, the p",Prometheus. The,expression,0.4,28,,,,,189,AMBIGUOUS
"Malt whisky yearbook 2019 _ the facts, the p",The Stirling,distillery,0.4,,,,,,191,AMBIGUOUS
"Malt whisky yearbook 2019 _ the facts, the p","Ayrshire. 
The",distillery,0.4,,,,,,193,AMBIGUOUS
"Malt whisky yearbook 2019 _ the facts, the p",Ferintosh. It,distillery,0.4,,,,,,195,AMBIGUOUS
"Malt whisky yearbook 2019 _ the facts, the p",The Clas,expression,0.4,,,,,,201,AMBIGUOUS
"Malt whisky yearbook 2019 _ the facts, the p",St. Magdalene,expression,0.4,,,,,,201,AMBIGUOUS
"Malt whisky yearbook 2019 _ the facts, the p",The Ascot Malt,expression,0.4,,,,,,201,AMBIGUOUS
"Malt whisky yearbook 2019 _ the facts, the p",Boortmalt. The,distillery,0.4,,,,,,202,AMBIGUOUS
"Malt whisky yearbook 2019 _ the facts, the p",Whisky Maga,expression,0.4,,,,,,205,AMBIGUOUS
"Malt whisky yearbook 2019 _ the facts, the p","Whisky 
Magazine Japan",expression,0.4,,,,,,205,AMBIGUOUS
"Malt whisky yearbook 2019 _ the facts, the p","Whisky 
Rising",expression,0.4,,,,,,205,AMBIGUOUS
"Malt whisky yearbook 2019 _ the facts, the p","Venture Whisky 
Malt",expression,0.4,,,,,,207,AMBIGUOUS
"Malt whisky yearbook 2019 _ the facts, the p",Single Grain,expression,0.4,,,,,,207,AMBIGUOUS
"Malt whisky yearbook 2019 _ the facts, the p",The Essence,expression,0.4,,,,,,208,AMBIGUOUS
"Malt whisky yearbook 2019 _ the facts, the p",Coffey Malt,expression,0.4,,,,,,209,AMBIGUOUS
"Malt whisky yearbook 2019 _ the facts, the p",Key Malt,distillery,0.4,,,,,,209,AMBIGUOUS
"Malt whisky yearbook 2019 _ the facts, the p",Co. Shiga,expression,0.4,,,,,,209,AMBIGUOUS
"Malt whisky yearbook 2019 _ the facts, the p",Mt. Tsukuba,distillery,0.4,,,,,,210,AMBIGUOUS
"Malt whisky yearbook 2019 _ the facts, the p","Whisky 
Founded",expression,0.4,,,,,,210,AMBIGUOUS
"Malt whisky yearbook 2019 _ the facts, the p",Osaka. The,distillery,0.4,,,,,,213,AMBIGUOUS
"Malt whisky yearbook 2019 _ the facts, the p","Rye 
Whisky No",expression,0.4,,,,,,216,AMBIGUOUS
"Malt whisky yearbook 2019 _ the facts, the p",Old Raven,expression,0.4,,,,,,216,AMBIGUOUS
"Malt whisky yearbook 2019 _ the facts, the p",Single Malt Red,expression,0.4,,,,wine,,216,AMBIGUOUS
"Malt whisky yearbook 2019 _ the facts, the p",Keckeis Single Malt,expression,0.4,,,,,,216,AMBIGUOUS
"Malt whisky yearbook 2019 _ the facts, the p",Baby Malt,expression,0.4,,,,,,217,AMBIGUOUS
"Malt whisky yearbook 2019 _ the facts, the p",Eternity. The,distillery,0.4,5,,,,,217,AMBIGUOUS
"Malt whisky yearbook 2019 _ the facts, the p",Malt. Limited,expression,0.4,3,,,,,217,AMBIGUOUS
"Malt whisky yearbook 2019 _ the facts, the p",Denmark. The,expression,0.4,,40,,,,218,AMBIGUOUS
"Malt whisky yearbook 2019 _ the facts, the p",Nimbus No,expression,0.4,,,,,,218,AMBIGUOUS
"Malt whisky yearbook 2019 _ the facts, the p",Thy Whisky,expression,0.4,,,,,,218,AMBIGUOUS
"Malt whisky yearbook 2019 _ the facts, the p",Ere Whisky,expression,0.4,,,,,,218,AMBIGUOUS
"Malt whisky yearbook 2019 _ the facts, the p",Young Malt,distillery,0.4,,,,,,218,AMBIGUOUS
"Malt whisky yearbook 2019 _ the facts, the p","Distillery 
Roudham",distillery,0.4,,,,,,218,AMBIGUOUS
"Malt whisky yearbook 2019 _ the facts, the p",The Norfolk,expression,0.4,,,,,,219,AMBIGUOUS
"Malt whisky yearbook 2019 _ the facts, the p",The One,expression,0.4,,,,,,219,AMBIGUOUS
"Malt whisky yearbook 2019 _ the facts, the p",Whisky Breton,expression,0.4,,,,,,221,AMBIGUOUS
"Malt whisky yearbook 2019 _ the facts, the p",Mor Distillery,distillery,0.4,,,,,,221,AMBIGUOUS
"Malt whisky yearbook 2019 _ the facts, the p",Ed Gwenn,expression,0.4,4,,,,,221,AMBIGUOUS
"Malt whisky yearbook 2019 _ the facts, the p",Elsass Whisky,expression,0.4,,,,,,221,AMBIGUOUS
"Malt whisky yearbook 2019 _ the facts, the p",Tradition Malt,expression,0.4,,,,,,222,AMBIGUOUS
"Malt whisky yearbook 2019 _ the facts, the p","Pur 
Malt",expression,0.4,,,,,,223,AMBIGUOUS
"Malt whisky yearbook 2019 _ the facts, the p",Meteor Single Malt,expression,0.4,,,,,,223,AMBIGUOUS
"Malt whisky yearbook 2019 _ the facts, the p",Cask Jaune,expression,0.4,,,,wine,,223,AMBIGUOUS
"Malt whisky yearbook 2019 _ the facts, the p",La Piautre,expression,0.4,,42,,,,224,AMBIGUOUS
"Malt whisky yearbook 2019 _ the facts, the p",Badische Whisky,distillery,0.4,,,,,,225,AMBIGUOUS
"Malt whisky yearbook 2019 _ the facts, the p",Biberacher Whisky,expression,0.4,4,,,,,225,AMBIGUOUS
"Malt whisky yearbook 2019 _ the facts, the p",Neccarus Single Malt,expression,0.4,4,,,,,226,AMBIGUOUS
"Malt whisky yearbook 2019 _ the facts, the p",Tecker Whisky,expression,0.4,,,,wine,,226,AMBIGUOUS
"Malt whisky yearbook 2019 _ the facts, the p",Lubbehusen Malt Distillery,distillery,0.4,,,,,,227,AMBIGUOUS
"Malt whisky yearbook 2019 _ the facts, the p",St. Kilian,distillery,0.4,,,,,,227,AMBIGUOUS
"Malt whisky yearbook 2019 _ the facts, the p",Old Sandhill Whisky,expression,0.4,5,,,sherry,,228,AMBIGUOUS
"Malt whisky yearbook 2019 _ the facts, the p",Garschda Malt,expression,0.4,5,43,,,,228,AMBIGUOUS
"Malt whisky yearbook 2019 _ the facts, the p",Iceland. In,expression,0.4,,,,,,228,AMBIGUOUS
"Malt whisky yearbook 2019 _ the facts, the p",Co. Cork,distillery,0.4,,,,,,229,AMBIGUOUS
"Malt whisky yearbook 2019 _ the facts, the p",The Blender,expression,0.4,,,,,,229,AMBIGUOUS
"Malt whisky yearbook 2019 _ the facts, the p",Co. Offaly,distillery,0.4,,,,port,,229,AMBIGUOUS
"Malt whisky yearbook 2019 _ the facts, the p",Co. Louth,distillery,0.4,,,,,,229,AMBIGUOUS
"Malt whisky yearbook 2019 _ the facts, the p",Brabazon Bottling,expression,0.4,12,,,,,230,AMBIGUOUS
"Malt whisky yearbook 2019 _ the facts, the p",Co. Kerry,distillery,0.4,,,,,,231,AMBIGUOUS
"Malt whisky yearbook 2019 _ the facts, the p",Batch No,expression,0.4,,,,bourbon,,231,AMBIGUOUS
"Malt whisky yearbook 2019 _ the facts, the p",Co. Leitrim,distillery,0.4,,,,,,231,AMBIGUOUS
"Malt whisky yearbook 2019 _ the facts, the p",Co. Meath,distillery,0.4,,,,,,231,AMBIGUOUS
"Malt whisky yearbook 2019 _ the facts, the p",Co. Wicklow,distillery,0.4,,,,,,231,AMBIGUOUS
"Malt whisky yearbook 2019 _ the facts, the p",Japanese Mizunara,expression,0.4,13,,,oak,,231,AMBIGUOUS
"Malt whisky yearbook 2019 _ the facts, the p","The Netherlands 
Us",distillery,0.4,,,,,,232,AMBIGUOUS
"Malt whisky yearbook 2019 _ the facts, the p",Co. Antrim,distillery,0.4,,,,,,232,AMBIGUOUS
"Malt whisky yearbook 2019 _ the facts, the p","Distillery 
Kircubbin",distillery,0.4,,,,,,233,AMBIGUOUS
"Malt whisky yearbook 2019 _ the facts, the p",Kjernekar Single Cask,expression,0.4,,,,,,233,AMBIGUOUS
"Malt whisky yearbook 2019 _ the facts, the p",Pure Malt,distillery,0.4,8,,,,,233,AMBIGUOUS
"Malt whisky yearbook 2019 _ the facts, the p",The Pioneer,expression,0.4,,,,,,234,AMBIGUOUS
"Malt whisky yearbook 2019 _ the facts, the p",Lab Distillery,distillery,0.4,,,,,,234,AMBIGUOUS
"Malt whisky yearbook 2019 _ the facts, the p",Svensk Ek,distillery,0.4,,,,,,234,AMBIGUOUS
"Malt whisky yearbook 2019 _ the facts, the p",Enjoying Malt Whisky,expression,0.4,,,,,,235,AMBIGUOUS
"Malt whisky yearbook 2019 _ the facts, the p",Old Mustang,expression,0.4,,,,bourbon,,236,AMBIGUOUS
"Malt whisky yearbook 2019 _ the facts, the p",The Welsh Whisky,expression,0.4,,,,,,236,AMBIGUOUS
"Malt whisky yearbook 2019 _ the facts, the p","Distillery 
Llandyssul",distillery,0.4,,,,,,236,AMBIGUOUS
"Malt whisky yearbook 2019 _ the facts, the p",Texas Single Malt,expression,0.4,,,,,,237,AMBIGUOUS
"Malt whisky yearbook 2019 _ the facts, the p",April. The,distillery,0.4,,,,,,237,AMBIGUOUS
"Malt whisky yearbook 2019 _ the facts, the p","Distillery 
Bozeman",distillery,0.4,,,,,,238,AMBIGUOUS
"Malt whisky yearbook 2019 _ the facts, the p",Brooklyn. The,distillery,0.4,,,,,,239,AMBIGUOUS
"Malt whisky yearbook 2019 _ the facts, the p",Rua Single Malt,expression,0.4,,,,,,239,AMBIGUOUS
"Malt whisky yearbook 2019 _ the facts, the p",Vodka. In,distillery,0.4,,,,,,240,AMBIGUOUS
"Malt whisky yearbook 2019 _ the facts, the p","The 
Nighthawk",expression,0.4,,,,bourbon,,240,AMBIGUOUS
"Malt whisky yearbook 2019 _ the facts, the p","Wheat 
Whiskey",expression,0.4,,,,bourbon,,240,AMBIGUOUS
"Malt whisky yearbook 2019 _ the facts, the p","Distillery 
Kelso",distillery,0.4,,,,,,241,AMBIGUOUS
"Malt whisky yearbook 2019 _ the facts, the p",Utah. It,distillery,0.4,,,,,,241,AMBIGUOUS
"Malt whisky yearbook 2019 _ the facts, the p",Solas Distillery,distillery,0.4,,56,,,,242,AMBIGUOUS
"Malt whisky yearbook 2019 _ the facts, the p",La Vista,distillery,0.4,,56,,,,242,AMBIGUOUS
"Malt whisky yearbook 2019 _ the facts, the p",Ravenswood. The,distillery,0.4,,,,,,242,AMBIGUOUS
"Malt whisky yearbook 2019 _ the facts, the p",Tenderfoot Whiskey,distillery,0.4,,77,,,,242,AMBIGUOUS
"Malt whisky yearbook 2019 _ the facts, the p",Ye Old Barley,expression,0.4,,100,,bourbon,,242,AMBIGUOUS
"Malt whisky yearbook 2019 _ the facts, the p",Civilized Single Malt,expression,0.4,3,,,,,242,AMBIGUOUS
"Malt whisky yearbook 2019 _ the facts, the p","Neukomm 
Whiskey",expression,0.4,,,,,,242,AMBIGUOUS
"Malt whisky yearbook 2019 _ the facts, the p",Montgomery Single Malt,expression,0.4,3,,,,,243,AMBIGUOUS
"Malt whisky yearbook 2019 _ the facts, the p",Alabama Single Malt,expression,0.4,,,,,,243,AMBIGUOUS
"Malt whisky yearbook 2019 _ the facts, the p","Wayward 
Whiskey",expression,0.4,,,,,,243,AMBIGUOUS
"Malt whisky yearbook 2019 _ the facts, the p",Defiant Single Malt,expression,0.4,,,,,,244,AMBIGUOUS
"Malt whisky yearbook 2019 _ the facts, the p",Kursed Single Malt,expression,0.4,,,,,,244,AMBIGUOUS
"Malt whisky yearbook 2019 _ the facts, the p",Old Line,expression,0.4,,,,,,245,AMBIGUOUS
"Malt whisky yearbook 2019 _ the facts, the p",Callaghan. It,expression,0.4,5,,,oak,,245,AMBIGUOUS
"Malt whisky yearbook 2019 _ the facts, the p","Distillery 
Atlanta",distillery,0.4,,,,,,245,AMBIGUOUS
"Malt whisky yearbook 2019 _ the facts, the p",Ameireaganach Single Malt,expression,0.4,,,,,,245,AMBIGUOUS
"Malt whisky yearbook 2019 _ the facts, the p","Co 
Fairfield",expression,0.4,,,,oak,,248,AMBIGUOUS
"Malt whisky yearbook 2019 _ the facts, the p",Dr. Jim,expression,0.4,,,,,,248,AMBIGUOUS
"Malt whisky yearbook 2019 _ the facts, the p",The Laird,expression,0.4,,,,,,249,AMBIGUOUS
"Malt whisky yearbook 2019 _ the facts, the p","Distillery 
Oliver",distillery,0.4,,,,,,249,AMBIGUOUS
"Malt whisky yearbook 2019 _ the facts, the p",Old Hobart Distillery,distillery,0.4,,,,,,250,AMBIGUOUS
"Malt whisky yearbook 2019 _ the facts, the p",Wine Cask,expression,0.4,,,,wine,,251,AMBIGUOUS
"Malt whisky yearbook 2019 _ the facts, the p",Old Kempton Distillery,distillery,0.4,3,,,port,,251,AMBIGUOUS
"Malt whisky yearbook 2019 _ the facts, the p",The Summit,distillery,0.4,,58,,,,251,AMBIGUOUS
"Malt whisky yearbook 2019 _ the facts, the p","Distillery 
Wondecla",distillery,0.4,,,,,,252,AMBIGUOUS
"Malt whisky yearbook 2019 _ the facts, the p","Whisky Distillery 
Auckland",distillery,0.4,,,,,,253,AMBIGUOUS
"Malt whisky yearbook 2019 _ the facts, the p",Bangalore Malt,expression,0.4,,,,,,254,AMBIGUOUS
"Malt whisky yearbook 2019 _ the facts, the p",Delhi. It,distillery,0.4,,,,,,254,AMBIGUOUS
"Malt whisky yearbook 2019 _ the facts, the p","Distillery 
Ponda",distillery,0.4,,,,,,254,AMBIGUOUS
"Malt whisky yearbook 2019 _ the facts, the p","Distillery 
Katzrin",distillery,0.4,,,,,,254,AMBIGUOUS
"Malt whisky yearbook 2019 _ the facts, the p",Honey Distillery,distillery,0.4,,,,,,254,AMBIGUOUS
"Malt whisky yearbook 2019 _ the facts, the p",Dr. Swan,expression,0.4,,,,,,255,AMBIGUOUS
"Malt whisky yearbook 2019 _ the facts, the p",La Alazana Distillery,distillery,0.4,,,,,,257,AMBIGUOUS
"Malt whisky yearbook 2019 _ the facts, the p",Argentina. The,distillery,0.4,,,,,,257,AMBIGUOUS
"Malt whisky yearbook 2019 _ the facts, the p","Asia 
The",expression,0.4,,,,,,260,AMBIGUOUS
"Malt whisky yearbook 2019 _ the facts, the p",Rare. Just,expression,0.4,,,,,,265,AMBIGUOUS
"Malt whisky yearbook 2019 _ the facts, the p",Ireland. The,distillery,0.4,,,,,,268,AMBIGUOUS
"Malt whisky yearbook 2019 _ the facts, the p",The Bor,distillery,0.4,,,,,,269,AMBIGUOUS
"Malt whisky yearbook 2019 _ the facts, the p",Jedburgh. The,distillery,0.4,,,,,,269,AMBIGUOUS
"Malt whisky yearbook 2019 _ the facts, the p",Jedhart Distillery,distillery,0.4,,,,,,269,AMBIGUOUS
"Malt whisky yearbook 2019 _ the facts, the p","Whisky 
Galore",expression,0.4,,,,,,270,AMBIGUOUS
"Malt whisky yearbook 2019 _ the facts, the p",Liag Distillery,distillery,0.4,,,,,,271,AMBIGUOUS
"Malt whisky yearbook 2019 _ the facts, the p",Co. Roscommon,distillery,0.4,00,,,,,271,AMBIGUOUS
"Malt whisky yearbook 2019 _ the facts, the p",Boatyard Distillery,distillery,0.4,,,,,,271,AMBIGUOUS
"Malt whisky yearbook 2019 _ the facts, the p",Enniskillen. The,distillery,0.4,,,,,,271,AMBIGUOUS
"Malt whisky yearbook 2019 _ the facts, the p",The Bay,expression,0.4,,,,,,272,AMBIGUOUS
"Malt whisky yearbook 2019 _ the facts, the p",Metal. The,expression,0.4,,,,,,273,AMBIGUOUS
"Malt whisky yearbook 2019 _ the facts, the p",As We Get,expression,0.4,,,highland,,,275,AMBIGUOUS
"Malt whisky yearbook 2019 _ the facts, the p",Raw Cask,expression,0.4,,46,,,,275,AMBIGUOUS
"Malt whisky yearbook 2019 _ the facts, the p",Creative Whisky Co,expression,0.4,,,,,,275,AMBIGUOUS
"Malt whisky yearbook 2019 _ the facts, the p","Lowands. 
The",expression,0.4,,,speyside,,,275,AMBIGUOUS
"Malt whisky yearbook 2019 _ the facts, the p",The Octave,expression,0.4,39,,,,,275,AMBIGUOUS
"Malt whisky yearbook 2019 _ the facts, the p",The Tantalus,expression,0.4,,,,sherry,,275,AMBIGUOUS
"Malt whisky yearbook 2019 _ the facts, the p",Mystery Malt,distillery,0.4,,46,,,,276,AMBIGUOUS
"Malt whisky yearbook 2019 _ the facts, the p",The Vatting,distillery,0.4,,,,,,276,AMBIGUOUS
"Malt whisky yearbook 2019 _ the facts, the p",No Name,expression,0.4,,,,,,276,AMBIGUOUS
"Malt whisky yearbook 2019 _ the facts, the p",Scotch Delilah,expression,0.4,,,,,,276,AMBIGUOUS
"Malt whisky yearbook 2019 _ the facts, the p",The Half,expression,0.4,,,,,,277,AMBIGUOUS
"Malt whisky yearbook 2019 _ the facts, the p",The Whisky Agency,expression,0.4,,,,,,277,AMBIGUOUS
"Malt whisky yearbook 2019 _ the facts, the p","Whisky 
Fair",expression,0.4,,,,,,277,AMBIGUOUS
"Malt whisky yearbook 2019 _ the facts, the p","Tennessee 
Whiskey",expression,0.4,13,,,,,277,AMBIGUOUS
"Malt whisky yearbook 2019 _ the facts, the p",Cask Orkney,expression,0.4,18,,,,,277,AMBIGUOUS
"Malt whisky yearbook 2019 _ the facts, the p",Old Parti,expression,0.4,,,,,,278,AMBIGUOUS
"Malt whisky yearbook 2019 _ the facts, the p",The Gauldrons,distillery,0.4,,46.2,,,,278,AMBIGUOUS
"Malt whisky yearbook 2019 _ the facts, the p",Rare Selection,expression,0.4,,50,,,,278,AMBIGUOUS
"Malt whisky yearbook 2019 _ the facts, the p",The Sovereign,expression,0.4,,,,,,278,AMBIGUOUS
"Malt whisky yearbook 2019 _ the facts, the p",In January,expression,0.4,,,highland,,,278,AMBIGUOUS
"Malt whisky yearbook 2019 _ the facts, the p",The Hive,expression,0.4,,,,,,279,AMBIGUOUS
"Malt whisky yearbook 2019 _ the facts, the p","Single Cask 
Nation",bottler,0.4,,,,,independent,279,AMBIGUOUS
"Malt whisky yearbook 2019 _ the facts, the p",Whisky Jewbilee,expression,0.4,,,,,,279,AMBIGUOUS
"Malt whisky yearbook 2019 _ the facts, the p",The Maltman,expression,0.4,,,,,,279,AMBIGUOUS
"Malt whisky yearbook 2019 _ the facts, the p",The Grainman,expression,0.4,,,,,,279,AMBIGUOUS
"Malt whisky yearbook 2019 _ the facts, the p",Excalibur Blended Scotch,expression,0.4,,,,,,279,AMBIGUOUS
"Malt whisky yearbook 2019 _ the facts, the p",Wm Cadenhead,bottler,0.4,,,,,wm cadenhead,280,AMBIGUOUS
"Malt whisky yearbook 2019 _ the facts, the p",Fusion Whisky,expression,0.4,,,,,,280,AMBIGUOUS
"Malt whisky yearbook 2019 _ the facts, the p",The Brisbane,expression,0.4,,,,,,280,AMBIGUOUS
"Malt whisky yearbook 2019 _ the facts, the p",Aston. The,expression,0.4,,,,,,281,AMBIGUOUS
"Malt whisky yearbook 2019 _ the facts, the p",Old Perth,expression,0.4,,,,,,281,AMBIGUOUS
"Malt whisky yearbook 2019 _ the facts, the p",Sansibar Whisky,expression,0.4,,,,,,281,AMBIGUOUS
"Malt whisky yearbook 2019 _ the facts, the p",Old Town,expression,0.4,,,,,,281,AMBIGUOUS
"Malt whisky yearbook 2019 _ the facts, the p",The Odd Whisky,expression,0.4,,,,,,282,AMBIGUOUS
"Malt whisky yearbook 2019 _ the facts, the p","Whisky 
Shop",expression,0.4,,,,,,282,AMBIGUOUS
"Malt whisky yearbook 2019 _ the facts, the p",The Whisky Chamber,expression,0.4,,,,,,282,AMBIGUOUS
"Malt whisky yearbook 2019 _ the facts, the p","Houthalen 
Whisky",expression,0.4,,,,,,282,AMBIGUOUS
"Malt whisky yearbook 2019 _ the facts, the p",Anverness Whisky,expression,0.4,,,,,,282,AMBIGUOUS
"Malt whisky yearbook 2019 _ the facts, the p",We Are Whisky,expression,0.4,,,,,,282,AMBIGUOUS
"Malt whisky yearbook 2019 _ the facts, the p",Old Smithy,expression,0.4,,,,wine,,283,AMBIGUOUS
"Malt whisky yearbook 2019 _ the facts, the p",Morley Rd,expression,0.4,,,,,,283,AMBIGUOUS
"Malt whisky yearbook 2019 _ the facts, the p",Whisky Club,expression,0.4,,,,,,283,AMBIGUOUS
"Malt whisky yearbook 2019 _ the facts, the p",The Lincoln Whisky,expression,0.4,,,,,,283,AMBIGUOUS
"Malt whisky yearbook 2019 _ the facts, the p","Paris. 
The",expression,0.4,,,,,,284,AMBIGUOUS
"Malt whisky yearbook 2019 _ the facts, the p",Am Grundwassersee,expression,0.4,,,,,,284,AMBIGUOUS
"Malt whisky yearbook 2019 _ the facts, the p","Whisky 
Ackerbeeke",expression,0.4,,,,,,285,AMBIGUOUS
"Malt whisky yearbook 2019 _ the facts, the p","Whisky 
Hedwigstrasse",expression,0.4,,,,,,285,AMBIGUOUS
"Malt whisky yearbook 2019 _ the facts, the p",Orders.,expression,0.4,,,,,,285,AMBIGUOUS
"Malt whisky yearbook 2019 _ the facts, the p",Whisky Antique,expression,0.4,,,,,,285,AMBIGUOUS
"Malt whisky yearbook 2019 _ the facts, the p","Co. 
Via",expression,0.4,,,,,,285,AMBIGUOUS
"Malt whisky yearbook 2019 _ the facts, the p",Bourbon. Ar,expression,0.4,,,,bourbon,,285,AMBIGUOUS
"Malt whisky yearbook 2019 _ the facts, the p",Whisky Live Warsaw,expression,0.4,,,,,,286,AMBIGUOUS
"Malt whisky yearbook 2019 _ the facts, the p",Whisky Fringe,expression,0.4,,,,,,286,AMBIGUOUS
"Malt whisky yearbook 2019 _ the facts, the p","Whisky 
Liqueur",expression,0.4,,,,,,286,AMBIGUOUS
"Malt whisky yearbook 2019 _ the facts, the p",Festivals. On,bottler,0.4,,,,,cadenhead,286,AMBIGUOUS
"Malt whisky yearbook 2019 _ the facts, the p",The Carnegie Whisky,expression,0.4,,,,,,286,AMBIGUOUS
"Malt whisky yearbook 2019 _ the facts, the p",Abbey Whisky,bottler,0.4,,,,,independent,286,AMBIGUOUS
"Malt whisky yearbook 2019 _ the facts, the p",The Rare Casks,expression,0.4,,,,,,286,AMBIGUOUS
"Malt whisky yearbook 2019 _ the facts, the p","Total. 
The",expression,0.4,,,,,,289,AMBIGUOUS
"Malt whisky yearbook 2019 _ the facts, the p",Old Tavern,expression,0.4,,,,,,290,AMBIGUOUS
"Malt whisky yearbook 2019 _ the facts, the p",World Consumption,expression,0.4,,,,,,291,AMBIGUOUS
"Malt whisky yearbook 2019 _ the facts, the p",Malt Distillery Capacity,distillery,0.4,,,,,,293,AMBIGUOUS
"Malt whisky yearbook 2019 _ the facts, the p",Distillery Index,distillery,0.4,,,,,,296,AMBIGUOUS
"Malt whisky yearbook 2019 _ the facts, the p",Howls Distillery,distillery,0.4,,,,,,296,AMBIGUOUS
"Malt whisky yearbook 2019 _ the facts, the p",Wells Distillery,distillery,0.4,,,,,,296,AMBIGUOUS
"Malt whisky yearbook 2019 _ the facts, the p",Adams Distillery,distillery,0.4,,,,,,296,AMBIGUOUS
"Malt whisky yearbook 2019 _ the facts, the p",Aero Whisky,distillery,0.4,,,,,,296,AMBIGUOUS
"Malt whisky yearbook 2019 _ the facts, the p",Amalga Distillery,distillery,0.4,,,,,,296,AMBIGUOUS
"Malt whisky yearbook 2019 _ the facts, the p",Applewood Distillery,distillery,0.4,,,,,,296,AMBIGUOUS
"Malt whisky yearbook 2019 _ the facts, the p",Coburns Distillery,distillery,0.4,,,,,,296,AMBIGUOUS
"Malt whisky yearbook 2019 _ the facts, the p",Da Mhile Distillery,distillery,0.4,,,,,,296,AMBIGUOUS
"Malt whisky yearbook 2019 _ the facts, the p",Dorwood Distillery,distillery,0.4,,,,,,296,AMBIGUOUS
"Malt whisky yearbook 2019 _ the facts, the p",Eimwerk Distillery,distillery,0.4,,,,,,296,AMBIGUOUS
"Malt whisky yearbook 2019 _ the facts, the p",Schaubrenneri Am,distillery,0.4,,,,,,297,AMBIGUOUS
"Malt whisky yearbook 2019 _ the facts, the p",Joadja Distillery,distillery,0.4,,,,,,297,AMBIGUOUS
"Malt whisky yearbook 2019 _ the facts, the p",Lepelaar Distillery,distillery,0.4,,,,,,297,AMBIGUOUS
"Malt whisky yearbook 2019 _ the facts, the p",Liibbehusen Malt Distillery,distillery,0.4,,,,,,297,AMBIGUOUS
"Malt whisky yearbook 2019 _ the facts, the p",Madoc Distillery,distillery,0.4,,,,,,297,AMBIGUOUS
"Malt whisky yearbook 2019 _ the facts, the p",Harbor Distillery,distillery,0.4,,,,oak,,298,AMBIGUOUS
"Malt whisky yearbook 2019 _ the facts, the p",Owl Distillery,distillery,0.4,,,,,,298,AMBIGUOUS
"Malt whisky yearbook 2019 _ the facts, the p",Punt Distillery,distillery,0.4,,,,,,298,AMBIGUOUS
"Malt whisky yearbook 2019 _ the facts, the p",Shene Distillery,distillery,0.4,,,,,,298,AMBIGUOUS
"Malt whisky yearbook 2019 _ the facts, the p",Distillery Two,distillery,0.4,,,,,,298,AMBIGUOUS
"Malt whisky yearbook 2019 _ the facts, the p",Us Heit Distillery,distillery,0.4,,,,,,298,AMBIGUOUS
"Malt whisky yearbook 2019 _ the facts, the p",Vikre Distillery,distillery,0.4,,,,,,298,AMBIGUOUS
"Malt whisky yearbook 2019 _ the facts, the p",Wanderback Whiskey,distillery,0.4,,,,,,298,AMBIGUOUS
The Complete Whiskey Course -- Robin Robinso,In Gaelic,expression,0.4,,,,,,0,AMBIGUOUS
The Complete Whiskey Course -- Robin Robinso,Mull. The,distillery,0.4,,,,,,0,AMBIGUOUS
The Complete Whiskey Course -- Robin Robinso,Coffey Malt,distillery,0.4,,,,,,0,AMBIGUOUS
The Complete Whiskey Course -- Robin Robinso,"Yeast
As",distillery,0.4,,,,,,0,AMBIGUOUS
The Complete Whiskey Course -- Robin Robinso,The Whisky Exchange,expression,0.4,,,,port,,0,AMBIGUOUS
The Complete Whiskey Course -- Robin Robinso,Octave Cask,expression,0.4,,,,,,0,AMBIGUOUS
The Complete Whiskey Course -- Robin Robinso,Sia Scotch Whisky,expression,0.4,,43,speyside,,,0,AMBIGUOUS
The Complete Whiskey Course -- Robin Robinso,The Nose Is,expression,0.4,,,,,,0,AMBIGUOUS
The Complete Whiskey Course -- Robin Robinso,"Promise
The",expression,0.4,,,,,,0,AMBIGUOUS
The Complete Whiskey Course -- Robin Robinso,Malt Whiskey One,expression,0.4,,50,,,,0,AMBIGUOUS
The Complete Whiskey Course -- Robin Robinso,Trace Distillery,distillery,0.4,,,,,,0,AMBIGUOUS
The Complete Whiskey Course -- Robin Robinso,Old Taylor Distillery,distillery,0.4,,,,,,0,AMBIGUOUS
The Complete Whiskey Course -- Robin Robinso,Texas. It,expression,0.4,,100,,,,0,AMBIGUOUS
The Complete Whiskey Course -- Robin Robinso,Weller Distillery,distillery,0.4,,,,,,0,AMBIGUOUS
The Complete Whiskey Course -- Robin Robinso,"United States
 Rye",expression,0.4,,62.5,,,,0,AMBIGUOUS
The Complete Whiskey Course -- Robin Robinso,The Role,distillery,0.4,,,,bourbon,,0,AMBIGUOUS
The Complete Whiskey Course -- Robin Robinso,Style Guide,expression,0.4,,,,,,0,AMBIGUOUS
The Complete Whiskey Course -- Robin Robinso,"Robin
In",expression,0.4,,,,,,0,AMBIGUOUS
The Complete Whiskey Course -- Robin Robinso,The Barber,expression,0.4,,48.3,,,,0,AMBIGUOUS
The Complete Whiskey Course -- Robin Robinso,World War,distillery,0.4,,,,,,0,AMBIGUOUS
The Complete Whiskey Course -- Robin Robinso,The Likarish,expression,0.4,,,,bourbon,,0,AMBIGUOUS
The Complete Whiskey Course -- Robin Robinso,Stout Whiskey,expression,0.4,,,,,,0,AMBIGUOUS
The Complete Whiskey Course -- Robin Robinso,Worts Distillery,distillery,0.4,,,,,,0,AMBIGUOUS
The Complete Whiskey Course -- Robin Robinso,Dr. Don,expression,0.4,,,,,,0,AMBIGUOUS
The Complete Whiskey Course -- Robin Robinso,"Navy
The",expression,0.4,,40,,,,0,AMBIGUOUS
The Complete Whiskey Course -- Robin Robinso,Scotch Whisky Association,expression,0.4,,,,,,0,AMBIGUOUS
The Complete Whiskey Course -- Robin Robinso,In Ireland,expression,0.4,,,,,,0,AMBIGUOUS
The Complete Whiskey Course -- Robin Robinso,The Blender,expression,0.4,,,,,,0,AMBIGUOUS
The Complete Whiskey Course -- Robin Robinso,"Nirvana
The",expression,0.4,,,,,,0,AMBIGUOUS
The Complete Whiskey Course -- Robin Robinso,Lane Distillery,distillery,0.4,,,,,,0,AMBIGUOUS
The Complete Whiskey Course -- Robin Robinso,Malt Tax,expression,0.4,,,,,,0,AMBIGUOUS
The Complete Whiskey Course -- Robin Robinso,Malt Riots,expression,0.4,,,,,,0,AMBIGUOUS
The Complete Whiskey Course -- Robin Robinso,In Japan,expression,0.4,,51,,,,0,AMBIGUOUS
The Complete Whiskey Course -- Robin Robinso,Truths About Whisky,expression,0.4,,,,,,0,AMBIGUOUS
The Complete Whiskey Course -- Robin Robinso,Son. It,expression,0.4,,,,,,0,AMBIGUOUS
The Complete Whiskey Course -- Robin Robinso,"Antrim.
In",distillery,0.4,,,,,,0,AMBIGUOUS
The Complete Whiskey Course -- Robin Robinso,Daly Distillery,distillery,0.4,,,,,,0,AMBIGUOUS
The Complete Whiskey Course -- Robin Robinso,Batch No,distillery,0.4,,,,,,0,AMBIGUOUS
The Complete Whiskey Course -- Robin Robinso,"Scotch Whisky

Closing",expression,0.4,,,,,,0,AMBIGUOUS
The Complete Whiskey Course -- Robin Robinso,"Gaels
The",expression,0.4,,,,,,0,AMBIGUOUS
The Complete Whiskey Course -- Robin Robinso,The Taxman,expression,0.4,,,,,,0,AMBIGUOUS
The Complete Whiskey Course -- Robin Robinso,The Rise,expression,0.4,,46,,,,0,AMBIGUOUS
The Complete Whiskey Course -- Robin Robinso,Lowlands. The,expression,0.4,,,,,,0,AMBIGUOUS
The Complete Whiskey Course -- Robin Robinso,Saved Scotch Whisky,expression,0.4,,,,port,,0,AMBIGUOUS
The Complete Whiskey Course -- Robin Robinso,Single Grain Scotch,expression,0.4,,,,,,0,AMBIGUOUS
The Complete Whiskey Course -- Robin Robinso,Whisky. When,expression,0.4,,,,,,0,AMBIGUOUS
The Complete Whiskey Course -- Robin Robinso,The Art,expression,0.4,,,,,,0,AMBIGUOUS
The Complete Whiskey Course -- Robin Robinso,"Filtration
As",expression,0.4,,,,,,0,AMBIGUOUS
The Complete Whiskey Course -- Robin Robinso,Single Cask Nation,bottler,0.4,,,,,douglas,0,AMBIGUOUS
The Complete Whiskey Course -- Robin Robinso,Drying. In,expression,0.4,,,,,,0,AMBIGUOUS
The Complete Whiskey Course -- Robin Robinso,Kilning. The,expression,0.4,,,,,,0,AMBIGUOUS
The Complete Whiskey Course -- Robin Robinso,Distillery Profile,distillery,0.4,,46.3,,,,0,AMBIGUOUS
The Complete Whiskey Course -- Robin Robinso,Family Cask,expression,0.4,,100,,sherry,,0,AMBIGUOUS
The Complete Whiskey Course -- Robin Robinso,The Classic Laddie,expression,0.4,12,,,,,0,AMBIGUOUS
The Complete Whiskey Course -- Robin Robinso,Scotch Single Malts,expression,0.4,,,,,,0,AMBIGUOUS
The Complete Whiskey Course -- Robin Robinso,Best Whisky,expression,0.4,,,,,,0,AMBIGUOUS
The Complete Whiskey Course -- Robin Robinso,The Scientist,expression,0.4,,,,,,0,AMBIGUOUS
The Complete Whiskey Course -- Robin Robinso,Torys Blended Whisky,expression,0.4,,,,wine,,0,AMBIGUOUS
The Complete Whiskey Course -- Robin Robinso,Japanese Alps,distillery,0.4,,,,,,0,AMBIGUOUS
The Complete Whiskey Course -- Robin Robinso,Japanese Whisky Manual,expression,0.4,,,,,,0,AMBIGUOUS
The Complete Whiskey Course -- Robin Robinso,Other Japanese Whisky,expression,0.4,,,,,,0,AMBIGUOUS
The Complete Whiskey Course -- Robin Robinso,The Komagatake,expression,0.4,,100,,,,0,AMBIGUOUS
The Complete Whiskey Course -- Robin Robinso,Japanese Whisky While,expression,0.4,,,,,,0,AMBIGUOUS
The Complete Whiskey Course -- Robin Robinso,"World Whisky

Harvesting",expression,0.4,,,,,,0,AMBIGUOUS
The Complete Whiskey Course -- Robin Robinso,Welsh Whisky Distillery,distillery,0.4,00,,,,,0,AMBIGUOUS
The Complete Whiskey Course -- Robin Robinso,Dr. Jim,expression,0.4,,,,,,0,AMBIGUOUS
The Complete Whiskey Course -- Robin Robinso,Swan. The,distillery,0.4,,,,,,0,AMBIGUOUS
The Complete Whiskey Course -- Robin Robinso,In January,expression,0.4,,,,,,0,AMBIGUOUS
The Complete Whiskey Course -- Robin Robinso,La Martiniquaise,expression,0.4,,,,,,0,AMBIGUOUS
The Complete Whiskey Course -- Robin Robinso,"Rozelieures
The",expression,0.4,,,,,,0,AMBIGUOUS
The Complete Whiskey Course -- Robin Robinso,"Sweden
In",expression,0.4,,46,,,,0,AMBIGUOUS
The Complete Whiskey Course -- Robin Robinso,Sedgwick Distillery,distillery,0.4,,,,,,0,AMBIGUOUS
The Complete Whiskey Course -- Robin Robinso,Year Single Malt,expression,0.4,,,,,,0,AMBIGUOUS
The Complete Whiskey Course -- Robin Robinso,Cove Distillery,distillery,0.4,,41,,,,0,AMBIGUOUS
The Complete Whiskey Course -- Robin Robinso,The Reidel,expression,0.4,,,,,,0,AMBIGUOUS
The Complete Whiskey Course -- Robin Robinso,Origin Bottling,distillery,0.4,,,,,independent,0,AMBIGUOUS
The Complete Whiskey Course -- Robin Robinso,Malt Maniacs,expression,0.4,,,,,,0,AMBIGUOUS
The Complete Whiskey Course -- Robin Robinso,The Onion,expression,0.4,,,,,,0,AMBIGUOUS
The Complete Whiskey Course -- Robin Robinso,The Way,expression,0.4,,,,,,0,AMBIGUOUS
The Complete Whiskey Course -- Robin Robinso,In Women,expression,0.4,,,,,,0,AMBIGUOUS
The Complete Whiskey Course -- Robin Robinso,St. Clair,expression,0.4,,,,,,0,AMBIGUOUS
The Complete Whiskey Course -- Robin Robinso,"Minnesota
The St",expression,0.4,,,,,,0,AMBIGUOUS
The Complete Whiskey Course -- Robin Robinso,The Whisky Bar,expression,0.4,,,,,,0,AMBIGUOUS
The Complete Whiskey Course -- Robin Robinso,County Distillery,distillery,0.4,,,,,,0,AMBIGUOUS
The Complete Whiskey Course -- Robin Robinso,"Scotch Whisky
Class",expression,0.4,,,,,,0,AMBIGUOUS
The Famous Grouse whisky companion _ heritag,La Grouse,expression,0.4,,,,,,0,AMBIGUOUS
The Famous Grouse whisky companion _ heritag,The Making,expression,0.4,,,,,,0,AMBIGUOUS
The Famous Grouse whisky companion _ heritag,Whisky. His,expression,0.4,,,,,,0,AMBIGUOUS
The Famous Grouse whisky companion _ heritag,Best Blended Whisky,expression,0.4,,,,,,0,AMBIGUOUS
The Famous Grouse whisky companion _ heritag,Perth Whisky,expression,0.4,,,,,,0,AMBIGUOUS
The Famous Grouse whisky companion _ heritag,World War,expression,0.4,,,,,,0,AMBIGUOUS
The Famous Grouse whisky companion _ heritag,The Snow,expression,0.4,,,,,,0,AMBIGUOUS
The Famous Grouse whisky companion _ heritag,In November,expression,0.4,,,,,,0,AMBIGUOUS
The Famous Grouse whisky companion _ heritag,Whisky School,expression,0.4,,,,,,0,AMBIGUOUS
The Whisky Tasting Guide -- Graham Moore -- ,Malt Tax,expression,0.4,,,,,,6,AMBIGUOUS
The Whisky Tasting Guide -- Graham Moore -- ,The Lowland,expression,0.4,,,lowland,,,6,AMBIGUOUS
The Whisky Tasting Guide -- Graham Moore -- ,Dock Distillery,distillery,0.4,,,,,,7,AMBIGUOUS
The Whisky Tasting Guide -- Graham Moore -- ,Ireland. The,distillery,0.4,,,,,,7,AMBIGUOUS
The Whisky Tasting Guide -- Graham Moore -- ,The Coffey,expression,0.4,,,highland,,,7,AMBIGUOUS
The Whisky Tasting Guide -- Graham Moore -- ,World Wars,expression,0.4,,,,,,8,AMBIGUOUS
The Whisky Tasting Guide -- Graham Moore -- ,How Malt Whisky,expression,0.4,,,,,,10,AMBIGUOUS
The Whisky Tasting Guide -- Graham Moore -- ,"Is Made
 
Many",expression,0.4,,,,,,10,AMBIGUOUS
The Whisky Tasting Guide -- Graham Moore -- ,"Lowlands
 
The",expression,0.4,,,,,,21,AMBIGUOUS
The Whisky Tasting Guide -- Graham Moore -- ,"Single Malt
 
Legal",expression,0.4,,,,,,22,AMBIGUOUS
The Whisky Tasting Guide -- Graham Moore -- ,"Implications
 
To",expression,0.4,,,,,,22,AMBIGUOUS
The Whisky Tasting Guide -- Graham Moore -- ,The Vintage Malt,distillery,0.4,,,,,,26,AMBIGUOUS
The Whisky Tasting Guide -- Graham Moore -- ,And Drink Malt,expression,0.4,,,,,,28,AMBIGUOUS
The Whisky Tasting Guide -- Graham Moore -- ,"Whisky
 
Although",expression,0.4,,,,,,28,AMBIGUOUS
The Whisky Tasting Guide -- Graham Moore -- ,Quick Guide To,expression,0.4,,,,,,35,AMBIGUOUS
The Whisky Tasting Guide -- Graham Moore -- ,Single Malts,expression,0.4,,,,,,35,AMBIGUOUS
The Whisky Tasting Guide -- Graham Moore -- ,See Whisky,expression,0.4,,40,,,,39,AMBIGUOUS
The Whisky Tasting Guide -- Graham Moore -- ,An Cnoc,expression,0.4,,40,speyside,,,39,AMBIGUOUS
The Whisky Tasting Guide -- Graham Moore -- ,"No
Tasting",expression,0.4,,,speyside,,,40,AMBIGUOUS
The Whisky Tasting Guide -- Graham Moore -- ,Distillery Road,distillery,0.4,,40,,,,47,AMBIGUOUS
The Whisky Tasting Guide -- Graham Moore -- ,Co. Antrim,distillery,0.4,,,,,,47,AMBIGUOUS
The Whisky Tasting Guide -- Graham Moore -- ,Distillery Street,distillery,0.4,,,highland,,,56,AMBIGUOUS
The Whisky Tasting Guide -- Graham Moore -- ,Old Rhosdhu,expression,0.4,,,,,,67,AMBIGUOUS
The Whisky Tasting Guide -- Graham Moore -- ,"No
Website",distillery,0.4,,,,,,75,AMBIGUOUS
The Whisky Tasting Guide -- Graham Moore -- ,Whisky Table,expression,0.4,,,,,,81,AMBIGUOUS
The flavour of whisky -- David Wishart(Fello,"Lowland 
Scotch",expression,0.4,,,highland,,,2,AMBIGUOUS
The flavour of whisky -- David Wishart(Fello,Whisky Month,expression,0.4,,,,,,4,AMBIGUOUS
The flavour of whisky -- David Wishart(Fello,Pentlands Scotch Whisky,expression,0.4,,,,,,4,AMBIGUOUS
The flavour of whisky -- David Wishart(Fello,Scotch Whisky Industry,expression,0.4,,,,,,5,AMBIGUOUS
The flavour of whisky -- David Wishart(Fello,"Summary
Whisky",expression,0.4,,,,,,6,AMBIGUOUS
The flavour of whisky -- David Wishart(Fello,Diageo Single Malt,expression,0.4,,,,,,6,AMBIGUOUS
The flavour of whisky -- David Wishart(Fello,Whisky Conference,expression,0.4,,,,,,7,AMBIGUOUS
The flavour of whisky -- David Wishart(Fello,Malt Whisky Com,expression,0.4,,,,,,7,AMBIGUOUS
The flavour of whisky -- David Wishart(Fello,Pure Malt Scotch,expression,0.4,,,,,,7,AMBIGUOUS
The flavour of whisky -- David Wishart(Fello,St Andrews,expression,0.4,,,,,,7,AMBIGUOUS
The ultimate book of whiskey ; over 300 sing,"The Whisky 
Lounge",expression,0.4,,,,,,8,AMBIGUOUS
The ultimate book of whiskey ; over 300 sing,As European,expression,0.4,,,,,,13,AMBIGUOUS
The ultimate book of whiskey ; over 300 sing,While Scotch,expression,0.4,,,,,,13,AMBIGUOUS
The ultimate book of whiskey ; over 300 sing,The Uleimate Book,expression,0.4,,,,,,14,AMBIGUOUS
The ultimate book of whiskey ; over 300 sing,Scotch Whisky Association,expression,0.4,,,,,,16,AMBIGUOUS
The ultimate book of whiskey ; over 300 sing,Scotch Whisky Act,expression,0.4,,,,,,16,AMBIGUOUS
The ultimate book of whiskey ; over 300 sing,Like Scotch,expression,0.4,,,,oak,,17,AMBIGUOUS
The ultimate book of whiskey ; over 300 sing,Sa Gat,expression,0.4,,,,,,22,AMBIGUOUS
The ultimate book of whiskey ; over 300 sing,Tak Oa,expression,0.4,,,,,,22,AMBIGUOUS
The ultimate book of whiskey ; over 300 sing,Fine Old Scotch,expression,0.4,,,,,,23,AMBIGUOUS
The ultimate book of whiskey ; over 300 sing,Although Scotch,expression,0.4,,,,,,23,AMBIGUOUS
The ultimate book of whiskey ; over 300 sing,Europe. The,expression,0.4,,,,,,28,AMBIGUOUS
The ultimate book of whiskey ; over 300 sing,Abunadh. The,expression,0.4,,,,,,28,AMBIGUOUS
The ultimate book of whiskey ; over 300 sing,Scotch. Notes,expression,0.4,,,,,,31,AMBIGUOUS
The ultimate book of whiskey ; over 300 sing,All Scotch,expression,0.4,,,,,,32,AMBIGUOUS
The ultimate book of whiskey ; over 300 sing,"Single Malt 
However",expression,0.4,,43,,,,32,AMBIGUOUS
The ultimate book of whiskey ; over 300 sing,"Old 
Parr",distillery,0.4,,,,,,33,AMBIGUOUS
The ultimate book of whiskey ; over 300 sing,"Old 
Asmooth",bottler,0.4,,,,sherry,independent,33,AMBIGUOUS
The ultimate book of whiskey ; over 300 sing,Old Original,expression,0.4,,,,,,35,AMBIGUOUS
The ultimate book of whiskey ; over 300 sing,"Single Malt 
Revival",expression,0.4,,43,,,,35,AMBIGUOUS
The ultimate book of whiskey ; over 300 sing,"Cask Strength 
This",expression,0.4,,43,,,,37,AMBIGUOUS
The ultimate book of whiskey ; over 300 sing,Distillery Edition,distillery,0.4,,,,,,38,AMBIGUOUS
The ultimate book of whiskey ; over 300 sing,"Leading Malt 
The",expression,0.4,,,,,,39,AMBIGUOUS
The ultimate book of whiskey ; over 300 sing,The Major,expression,0.4,,,,sherry,,40,AMBIGUOUS
The ultimate book of whiskey ; over 300 sing,"Vintage 
Ts",expression,0.4,,43,,,,43,AMBIGUOUS
The ultimate book of whiskey ; over 300 sing,"Old 
Buttery",distillery,0.4,,,,,,45,AMBIGUOUS
The ultimate book of whiskey ; over 300 sing,Dimple. The,expression,0.4,,,,,,48,AMBIGUOUS
The ultimate book of whiskey ; over 300 sing,Matumen Be No,expression,0.4,,,,oak,,50,AMBIGUOUS
The ultimate book of whiskey ; over 300 sing,In May,expression,0.4,,,,port,,51,AMBIGUOUS
The ultimate book of whiskey ; over 300 sing,"Whiskey 
Whereas",expression,0.4,,,,,,52,AMBIGUOUS
The ultimate book of whiskey ; over 300 sing,"St. 
Magdalene",expression,0.4,,,lowland,,,53,AMBIGUOUS
The ultimate book of whiskey ; over 300 sing,World War,distillery,0.4,,,,,,54,AMBIGUOUS
The ultimate book of whiskey ; over 300 sing,"Old 
Light",expression,0.4,,43,,,,55,AMBIGUOUS
The ultimate book of whiskey ; over 300 sing,"Single Malt 
Pad",expression,0.4,,43,,oak,,57,AMBIGUOUS
The ultimate book of whiskey ; over 300 sing,Traditional Cask,distillery,0.4,,,,,,60,AMBIGUOUS
The ultimate book of whiskey ; over 300 sing,These.,expression,0.4,,,,quarter,,60,AMBIGUOUS
The ultimate book of whiskey ; over 300 sing,"Single Malt 
Ben",expression,0.4,,46,,,,60,AMBIGUOUS
The ultimate book of whiskey ; over 300 sing,"Single Malt 
Tsai",expression,0.4,,43,,,,62,AMBIGUOUS
The ultimate book of whiskey ; over 300 sing,The Speaker,expression,0.4,,43,,,,62,AMBIGUOUS
The ultimate book of whiskey ; over 300 sing,The Elgin,bottler,0.4,,,,,gordon,62,AMBIGUOUS
The ultimate book of whiskey ; over 300 sing,As Bercow,expression,0.4,,,,,,62,AMBIGUOUS
The ultimate book of whiskey ; over 300 sing,"Old 
Fresh",expression,0.4,,,highland,,,63,AMBIGUOUS
The ultimate book of whiskey ; over 300 sing,Cask Finish,expression,0.4,,,highland,,,66,AMBIGUOUS
The ultimate book of whiskey ; over 300 sing,"Old 
Vanilla",expression,0.4,,,,,,66,AMBIGUOUS
The ultimate book of whiskey ; over 300 sing,"Single Malt 
Pnpichedl",expression,0.4,,46,,,,66,AMBIGUOUS
The ultimate book of whiskey ; over 300 sing,Edrington. In,distillery,0.4,,,,,,68,AMBIGUOUS
The ultimate book of whiskey ; over 300 sing,"Old 
Soft",expression,0.4,,58.7,,,,69,AMBIGUOUS
The ultimate book of whiskey ; over 300 sing,"Old 
Asubtle",expression,0.4,,,,,,72,AMBIGUOUS
The ultimate book of whiskey ; over 300 sing,"Old 
Perfect",expression,0.4,,,,,,73,AMBIGUOUS
The ultimate book of whiskey ; over 300 sing,Wick. The,distillery,0.4,,,,,,75,AMBIGUOUS
The ultimate book of whiskey ; over 300 sing,Trace Distillery,distillery,0.4,,,,,,80,AMBIGUOUS
The ultimate book of whiskey ; over 300 sing,"Old 
Intense",expression,0.4,,,islay,,,80,AMBIGUOUS
The ultimate book of whiskey ; over 300 sing,The Cllimate,expression,0.4,,,,,,80,AMBIGUOUS
The ultimate book of whiskey ; over 300 sing,"Single Malt 
Uigeadail",expression,0.4,,46,,,,80,AMBIGUOUS
The ultimate book of whiskey ; over 300 sing,"The 
Harveys",distillery,0.4,,,,,,82,AMBIGUOUS
The ultimate book of whiskey ; over 300 sing,Ila Distillery,distillery,0.4,,43,,,,85,AMBIGUOUS
The ultimate book of whiskey ; over 300 sing,Malt Aneto,distillery,0.4,,43,,port,,85,AMBIGUOUS
The ultimate book of whiskey ; over 300 sing,"Sherry 
Cask",expression,0.4,,,,sherry,,86,AMBIGUOUS
The ultimate book of whiskey ; over 300 sing,Quarter Cask,expression,0.4,,,,quarter,,89,AMBIGUOUS
The ultimate book of whiskey ; over 300 sing,"Champagne. 
In",expression,0.4,,,,wine,,92,AMBIGUOUS
The ultimate book of whiskey ; over 300 sing,Cc Wrran,expression,0.4,,,,,,92,AMBIGUOUS
The ultimate book of whiskey ; over 300 sing,"Old 
Lush",expression,0.4,,,,,,92,AMBIGUOUS
The ultimate book of whiskey ; over 300 sing,"Single Malt 
Spicy",expression,0.4,,45.8,,,,96,AMBIGUOUS
The ultimate book of whiskey ; over 300 sing,"Balamory. 
The",distillery,0.4,,,,,,97,AMBIGUOUS
The ultimate book of whiskey ; over 300 sing,Gaelic. The,distillery,0.4,,,,,,97,AMBIGUOUS
The ultimate book of whiskey ; over 300 sing,"Single Malt 
Mri",expression,0.4,,46,,,,103,AMBIGUOUS
The ultimate book of whiskey ; over 300 sing,The Matheson,expression,0.4,,,,,,103,AMBIGUOUS
The ultimate book of whiskey ; over 300 sing,"Finest 
The",expression,0.4,,,,,,106,AMBIGUOUS
The ultimate book of whiskey ; over 300 sing,Scotch Blends,expression,0.4,,40,,oak,,106,AMBIGUOUS
The ultimate book of whiskey ; over 300 sing,"Blended Whisky 
Lemon",expression,0.4,,,,,,107,AMBIGUOUS
The ultimate book of whiskey ; over 300 sing,Percent Pi,expression,0.4,,,,,,107,AMBIGUOUS
The ultimate book of whiskey ; over 300 sing,Lowlands. The,distillery,0.4,,,,,,110,AMBIGUOUS
The ultimate book of whiskey ; over 300 sing,The Tweeddale,expression,0.4,,40,,,,115,AMBIGUOUS
The ultimate book of whiskey ; over 300 sing,The Vat,expression,0.4,,,,,,118,AMBIGUOUS
The ultimate book of whiskey ; over 300 sing,Shackleton Rare Old,expression,0.4,,,highland,,,122,AMBIGUOUS
The ultimate book of whiskey ; over 300 sing,Be Maa,expression,0.4,,240,,,,124,AMBIGUOUS
The ultimate book of whiskey ; over 300 sing,Grain Le,distillery,0.4,,240,,,,124,AMBIGUOUS
The ultimate book of whiskey ; over 300 sing,Scotch. Meanwhile,expression,0.4,,,,,,128,AMBIGUOUS
The ultimate book of whiskey ; over 300 sing,Causeway. The,distillery,0.4,,,,,,130,AMBIGUOUS
The ultimate book of whiskey ; over 300 sing,Single Malt Fat,expression,0.4,,40,,,,132,AMBIGUOUS
The ultimate book of whiskey ; over 300 sing,Derry. The,distillery,0.4,,,,,,138,AMBIGUOUS
The ultimate book of whiskey ; over 300 sing,Te Laos,distillery,0.4,,40,,,,139,AMBIGUOUS
The ultimate book of whiskey ; over 300 sing,Jim Murray,expression,0.4,,,,,,143,AMBIGUOUS
The ultimate book of whiskey ; over 300 sing,"Whiskey 
Bourbon",expression,0.4,,,,bourbon,,144,AMBIGUOUS
The ultimate book of whiskey ; over 300 sing,Boliled. The,expression,0.4,,,,,,146,AMBIGUOUS
The ultimate book of whiskey ; over 300 sing,The Ulumate Book,expression,0.4,,43,,bourbon,,148,AMBIGUOUS
The ultimate book of whiskey ; over 300 sing,Taylor Jr,distillery,0.4,50,,,,,149,AMBIGUOUS
The ultimate book of whiskey ; over 300 sing,Old Tub,distillery,0.4,,,,,,152,AMBIGUOUS
The ultimate book of whiskey ; over 300 sing,"Whiskey 
Spee",expression,0.4,,40,,bourbon,,156,AMBIGUOUS
The ultimate book of whiskey ; over 300 sing,Rare Breed,expression,0.4,,,,,,157,AMBIGUOUS
The ultimate book of whiskey ; over 300 sing,Cumberland Cask,expression,0.4,,,,bourbon,,159,AMBIGUOUS
The ultimate book of whiskey ; over 300 sing,Quinoa Whiskey,expression,0.4,,,,bourbon,,160,AMBIGUOUS
The ultimate book of whiskey ; over 300 sing,Rye Pd,expression,0.4,,,,,,161,AMBIGUOUS
The ultimate book of whiskey ; over 300 sing,Prohibition. The,distillery,0.4,,,,,,164,AMBIGUOUS
The ultimate book of whiskey ; over 300 sing,Distillery Database,distillery,0.4,,,,,,164,AMBIGUOUS
The ultimate book of whiskey ; over 300 sing,Share Single Malt,expression,0.4,,,,bourbon,,166,AMBIGUOUS
The ultimate book of whiskey ; over 300 sing,Washington. On,distillery,0.4,,,,,,166,AMBIGUOUS
The ultimate book of whiskey ; over 300 sing,And Bottled By,expression,0.4,,,,,,169,AMBIGUOUS
The ultimate book of whiskey ; over 300 sing,Al Capone,expression,0.4,,,,,,176,AMBIGUOUS
The ultimate book of whiskey ; over 300 sing,Quebec. The,distillery,0.4,,,,,,180,AMBIGUOUS
The ultimate book of whiskey ; over 300 sing,"Cask Two 
The",distillery,0.4,,,,,,180,AMBIGUOUS
The ultimate book of whiskey ; over 300 sing,Hokkaido. This,distillery,0.4,,,,,,183,AMBIGUOUS
The ultimate book of whiskey ; over 300 sing,"Best Single 
Malt",expression,0.4,,,,,,183,AMBIGUOUS
The ultimate book of whiskey ; over 300 sing,In Japan,expression,0.4,,,,,,185,AMBIGUOUS
The ultimate book of whiskey ; over 300 sing,Tokyo. The,distillery,0.4,,,,,,186,AMBIGUOUS
The ultimate book of whiskey ; over 300 sing,Single Malt See,expression,0.4,,43,,bourbon,,187,AMBIGUOUS
The ultimate book of whiskey ; over 300 sing,Yeats Old,expression,0.4,,,,,,188,AMBIGUOUS
The ultimate book of whiskey ; over 300 sing,Umeshu. The,expression,0.4,,,,,,188,AMBIGUOUS
The ultimate book of whiskey ; over 300 sing,Italy. The,distillery,0.4,,,,,,196,AMBIGUOUS
The ultimate book of whiskey ; over 300 sing,Patagonia. The,expression,0.4,,,,,,197,AMBIGUOUS
The ultimate book of whiskey ; over 300 sing,La Alazana,expression,0.4,,,,,,197,AMBIGUOUS
The ultimate book of whiskey ; over 300 sing,When St,distillery,0.4,,,,,,200,AMBIGUOUS
The ultimate book of whiskey ; over 300 sing,Norfolk. It,expression,0.4,,,,,,200,AMBIGUOUS
The ultimate book of whiskey ; over 300 sing,The Madeira,expression,0.4,,,,,,201,AMBIGUOUS
The ultimate book of whiskey ; over 300 sing,"Malt Whisky 
Matured",expression,0.4,,,,oak,,202,AMBIGUOUS
The ultimate book of whiskey ; over 300 sing,Bavaria. In,distillery,0.4,,,,,,202,AMBIGUOUS
The ultimate book of whiskey ; over 300 sing,"Jahogane 
The",expression,0.4,,,,,,202,AMBIGUOUS
The ultimate book of whiskey ; over 300 sing,"Germany 
The Ultimate",expression,0.4,,43,,,,202,AMBIGUOUS
The ultimate book of whiskey ; over 300 sing,Valbo. The,distillery,0.4,,,,,,207,AMBIGUOUS
The ultimate book of whiskey ; over 300 sing,"Cognac. 
The",expression,0.4,,,,,,208,AMBIGUOUS
The ultimate book of whiskey ; over 300 sing,Ships Single Malt,expression,0.4,,43,,,,211,AMBIGUOUS
The ultimate book of whiskey ; over 300 sing,The Goa,expression,0.4,,,,,,213,AMBIGUOUS
The ultimate book of whiskey ; over 300 sing,Bangalore. This,distillery,0.4,,,,,,214,AMBIGUOUS
The ultimate book of whiskey ; over 300 sing,Moira Malt,expression,0.4,,,,,,220,AMBIGUOUS
The ultimate book of whiskey ; over 300 sing,In January,expression,0.4,00,,,,,220,AMBIGUOUS
The ultimate book of whiskey ; over 300 sing,Hobart. The,distillery,0.4,,,,,,221,AMBIGUOUS
The ultimate book of whiskey ; over 300 sing,"Tasmania 
Wi",expression,0.4,,40,,,,221,AMBIGUOUS
The ultimate book of whiskey ; over 300 sing,Double Cask,expression,0.4,,,,oak,,221,AMBIGUOUS
The ultimate book of whiskey ; over 300 sing,New World Whisky,expression,0.4,,,,,,223,AMBIGUOUS
The ultimate book of whiskey ; over 300 sing,Melbourne. The,distillery,0.4,,,,,,223,AMBIGUOUS
The ultimate book of whiskey ; over 300 sing,Milford Single Malt,distillery,0.4,,,,,,223,AMBIGUOUS
The ultimate book of whiskey ; over 300 sing,Se. Soe,distillery,0.4,,,,,,223,AMBIGUOUS
The ultimate book of whiskey ; over 300 sing,Siniele Malt,expression,0.4,,40,,,,223,AMBIGUOUS
The ultimate book of whiskey ; over 300 sing,Ii Dunedin Distillery,distillery,0.4,,,,,,226,AMBIGUOUS
The ultimate book of whiskey ; over 300 sing,Ol Gaeta,expression,0.4,,,,,,227,AMBIGUOUS
The ultimate book of whiskey ; over 300 sing,Cask Ali,expression,0.4,,,,oak,,228,AMBIGUOUS
The ultimate book of whiskey ; over 300 sing,The Tae,expression,0.4,,,,,,228,AMBIGUOUS
The world atlas of whisky.pdf,World Atlas Whisky,expression,0.4,,,,,,2,AMBIGUOUS
The world atlas of whisky.pdf,Malt Production,expression,0.4,,,,,,4,AMBIGUOUS
The world atlas of whisky.pdf,Dave Broom,expression,0.4,,,,,,5,AMBIGUOUS
The world atlas of whisky.pdf,Whisky. Since,expression,0.4,,,,,,5,AMBIGUOUS
The world atlas of whisky.pdf,Asia. It,expression,0.4,,,,,,6,AMBIGUOUS
The world atlas of whisky.pdf,Mothballed This,expression,0.4,,,,,,7,AMBIGUOUS
The world atlas of whisky.pdf,All Scotch,expression,0.4,,,,,,9,AMBIGUOUS
The world atlas of whisky.pdf,No. Does,expression,0.4,,,,,,12,AMBIGUOUS
The world atlas of whisky.pdf,"Japanese.
Pick",expression,0.4,,,,bourbon,,13,AMBIGUOUS
The world atlas of whisky.pdf,"Peaty
The",expression,0.4,,,,,,15,AMBIGUOUS
The world atlas of whisky.pdf,The Macpherson,expression,0.4,,,,,,25,AMBIGUOUS
The world atlas of whisky.pdf,"The
Guru",bottler,0.4,,,,,douglas,27,AMBIGUOUS
The world atlas of whisky.pdf,"Text
This",expression,0.4,,,speyside,,,29,AMBIGUOUS
The world atlas of whisky.pdf,The Ben,distillery,0.4,,,,,,29,AMBIGUOUS
The world atlas of whisky.pdf,This Jerezano,expression,0.4,15,,,,,34,AMBIGUOUS
The world atlas of whisky.pdf,"Scotch Whisky
Association",expression,0.4,,,,,,39,AMBIGUOUS
The world atlas of whisky.pdf,The Major,distillery,0.4,,,,,,41,AMBIGUOUS
The world atlas of whisky.pdf,Chanel No,expression,0.4,,,,,,42,AMBIGUOUS
The world atlas of whisky.pdf,Malt. Then,expression,0.4,10,40,,,,46,AMBIGUOUS
The world atlas of whisky.pdf,"Scotch.
Job",expression,0.4,,,,,,48,AMBIGUOUS
The world atlas of whisky.pdf,Vetiver. Malt,distillery,0.4,,40,,,,53,AMBIGUOUS
The world atlas of whisky.pdf,Crieff. The,distillery,0.4,,,,,,56,AMBIGUOUS
The world atlas of whisky.pdf,In Moulin,distillery,0.4,,,,,,57,AMBIGUOUS
The world atlas of whisky.pdf,Co. When,expression,0.4,,,,,,62,AMBIGUOUS
The world atlas of whisky.pdf,Own Whisky,expression,0.4,,,,sherry,,65,AMBIGUOUS
The world atlas of whisky.pdf,Dr. Bill,expression,0.4,,,,,,67,AMBIGUOUS
The world atlas of whisky.pdf,"Stemster. 
He",expression,0.4,,,,,,69,AMBIGUOUS
The world atlas of whisky.pdf,"Malt
Simpson",expression,0.4,,,,,,72,AMBIGUOUS
The world atlas of whisky.pdf,"Fife
My",expression,0.4,,,,,,74,AMBIGUOUS
The world atlas of whisky.pdf,Quarter Cask,expression,0.4,,,,quarter,,81,AMBIGUOUS
The world atlas of whisky.pdf,Madeira Cask,expression,0.4,17,,,,,89,AMBIGUOUS
The world atlas of whisky.pdf,If Espie,expression,0.4,12,,,,,93,AMBIGUOUS
The world atlas of whisky.pdf,The Art,expression,0.4,,,,,,98,AMBIGUOUS
The world atlas of whisky.pdf,"Blending
The",expression,0.4,,,,,,98,AMBIGUOUS
The world atlas of whisky.pdf,In Ireland,expression,0.4,,,,,,100,AMBIGUOUS
The world atlas of whisky.pdf,Original. It,expression,0.4,,,,,,102,AMBIGUOUS
The world atlas of whisky.pdf,Supple. In,expression,0.4,,61.5,,port,,105,AMBIGUOUS
The world atlas of whisky.pdf,In Cork,expression,0.4,,,,,,106,AMBIGUOUS
The world atlas of whisky.pdf,In Japan,expression,0.4,,,,,,109,AMBIGUOUS
The world atlas of whisky.pdf,Coffey Malt,expression,0.4,,,,,,111,AMBIGUOUS
The world atlas of whisky.pdf,Japanese Alps,distillery,0.4,,,,,,113,AMBIGUOUS
The world atlas of whisky.pdf,The Joker,expression,0.4,,,,,,113,AMBIGUOUS
The world atlas of whisky.pdf,Hokkaido. It,expression,0.4,,,,,,114,AMBIGUOUS
The world atlas of whisky.pdf,"Japanese Blends
Japanese",expression,0.4,,,,,,115,AMBIGUOUS
The world atlas of whisky.pdf,Old Forester,expression,0.4,,,,,,120,AMBIGUOUS
The world atlas of whisky.pdf,Distillery Inc,distillery,0.4,,,,,,130,AMBIGUOUS
The world atlas of whisky.pdf,Prohibition. He,distillery,0.4,,,,,,131,AMBIGUOUS
The world atlas of whisky.pdf,Erenzo. He,distillery,0.4,,,,,,131,AMBIGUOUS
The world atlas of whisky.pdf,Dusty. Malt,expression,0.4,,,,oak,,131,AMBIGUOUS
The world atlas of whisky.pdf,"Brooklyn. 
The",distillery,0.4,,,,,,132,AMBIGUOUS
The world atlas of whisky.pdf,Oatcakes. And,distillery,0.4,,,,,,134,AMBIGUOUS
The world atlas of whisky.pdf,Diageo. It,distillery,0.4,,,,,,139,AMBIGUOUS
The world atlas of whisky.pdf,"Windsor. 
The",distillery,0.4,,,,,,139,AMBIGUOUS
The world atlas of whisky.pdf,Dr. Don,expression,0.4,,,,,,140,AMBIGUOUS
The world atlas of whisky.pdf,Livermore. He,expression,0.4,,,,,,140,AMBIGUOUS
The world atlas of whisky.pdf,Ricard. What,distillery,0.4,,,,,,140,AMBIGUOUS
The world atlas of whisky.pdf,Norfolk. The,distillery,0.4,,,,,,146,AMBIGUOUS
The world atlas of whisky.pdf,As Fitt,expression,0.4,,,,,,146,AMBIGUOUS
The world atlas of whisky.pdf,The Sherrywood,expression,0.4,,,,bourbon,,146,AMBIGUOUS
The world atlas of whisky.pdf,Whisky Breton,distillery,0.4,,,,,,147,AMBIGUOUS
The world atlas of whisky.pdf,Us Heit,distillery,0.4,,,,,,148,AMBIGUOUS
The world atlas of whisky.pdf,Old Potrero,expression,0.4,,,,,,148,AMBIGUOUS
The world atlas of whisky.pdf,The Owl,expression,0.4,,,,,,149,AMBIGUOUS
The world atlas of whisky.pdf,The Stetter,distillery,0.4,,,,,,150,AMBIGUOUS
The world atlas of whisky.pdf,His Classic,expression,0.4,,,,wine,,150,AMBIGUOUS
The world atlas of whisky.pdf,In Bad,expression,0.4,,,,wine,,150,AMBIGUOUS
The world atlas of whisky.pdf,The Schraml,expression,0.4,,,,oak,,150,AMBIGUOUS
The world atlas of whisky.pdf,The Holstein,distillery,0.4,,,,,,150,AMBIGUOUS
The world atlas of whisky.pdf,Elsass Single Malt,expression,0.4,,,,,,151,AMBIGUOUS
The world atlas of whisky.pdf,Old Raven,expression,0.4,,,,,,152,AMBIGUOUS
The world atlas of whisky.pdf,St Nikolai,expression,0.4,,,,,,152,AMBIGUOUS
The world atlas of whisky.pdf,Roggenreith. The,expression,0.4,,,,,,152,AMBIGUOUS
The world atlas of whisky.pdf,Pur Malt,expression,0.4,,,,,,153,AMBIGUOUS
The world atlas of whisky.pdf,Whisky Festival,expression,0.4,,,,,,153,AMBIGUOUS
The world atlas of whisky.pdf,Scotch. You,expression,0.4,,,,,,153,AMBIGUOUS
The world atlas of whisky.pdf,"Sweden
The",expression,0.4,,,,,,154,AMBIGUOUS
The world atlas of whisky.pdf,Statement Whisky,expression,0.4,,,,,,156,AMBIGUOUS
The world atlas of whisky.pdf,Lion. It,expression,0.4,,,,,,157,AMBIGUOUS
The world atlas of whisky.pdf,Busnello Distillery,distillery,0.4,,,,,,158,AMBIGUOUS
The world atlas of whisky.pdf,La Alazana,distillery,0.4,,,,,,158,AMBIGUOUS
The world atlas of whisky.pdf,Goa. The,distillery,0.4,,,,,,160,AMBIGUOUS
The world atlas of whisky.pdf,Chang. It,expression,0.4,,,,,,160,AMBIGUOUS
The world atlas of whisky.pdf,Hobart Distillery,distillery,0.4,,,,port,,161,AMBIGUOUS
The world atlas of whisky.pdf,Tasmania Distillery,distillery,0.4,,,,,,162,AMBIGUOUS
The world atlas of whisky.pdf,"Cove. 
The",distillery,0.4,,,,,,162,AMBIGUOUS
The world atlas of whisky.pdf,New World Whisky,expression,0.4,,,,,,162,AMBIGUOUS
The world atlas of whisky.pdf,The Tasmanian Whisky,expression,0.4,,,,,,163,AMBIGUOUS
The world atlas of whisky.pdf,Komagatake Single Malt,expression,0.4,15,,,port,,164,AMBIGUOUS
The world atlas of whisky.pdf,Bourbon Cask,expression,0.4,5,,,bourbon,,164,AMBIGUOUS
The world atlas of whisky.pdf,Sherry Cask,expression,0.4,5,,,bourbon,,164,AMBIGUOUS
The world atlas of whisky.pdf,Old Holbart,expression,0.4,,,,port,,164,AMBIGUOUS
The world atlas of whisky.pdf,"Single 
Malt Liechenstein",expression,0.4,5,,,,,164,AMBIGUOUS
The world atlas of whisky.pdf,Old Parr,expression,0.4,32,,,,,164,AMBIGUOUS
The world atlas of whisky.pdf,Choice Single Cask,expression,0.4,17,,,,,164,AMBIGUOUS
The world atlas of whisky.pdf,"Single 
Cask Germany",expression,0.4,3,,,,,165,AMBIGUOUS
The world atlas of whisky.pdf,Foreshots The,expression,0.4,,,,,,165,AMBIGUOUS
The world atlas of whisky.pdf,Malting The,expression,0.4,,,,,,165,AMBIGUOUS
The world atlas of whisky.pdf,Maturation The,expression,0.4,,,,,,166,AMBIGUOUS
The world atlas of whisky.pdf,Viscimetry The,expression,0.4,,,,,,166,AMBIGUOUS
The world atlas of whisky.pdf,Wash The,expression,0.4,,,,,,166,AMBIGUOUS
The world atlas of whisky.pdf,The Much,expression,0.4,,,,,,166,AMBIGUOUS
The world atlas of whisky.pdf,The Return,expression,0.4,,,,,,166,AMBIGUOUS
The world atlas of whisky.pdf,The Making,expression,0.4,,,,,,166,AMBIGUOUS
The world atlas of whisky.pdf,Malt Maniacs,expression,0.4,,,,,,166,AMBIGUOUS
The world atlas of whisky.pdf,Intermediate Cask,distillery,0.4,,,,,,167,AMBIGUOUS
The world atlas of whisky.pdf,Peated Malt,distillery,0.4,,,,,,167,AMBIGUOUS
The world atlas of whisky.pdf,Tom Moore,distillery,0.4,4,,,,,167,AMBIGUOUS
The world atlas of whisky.pdf,Extraordinary Cask,expression,0.4,,,,,,167,AMBIGUOUS
The world atlas of whisky.pdf,"Single Malt
Karamel",expression,0.4,,,,,,168,AMBIGUOUS
The world atlas of whisky.pdf,Select Cask,expression,0.4,,,,,,168,AMBIGUOUS
The world atlas of whisky.pdf,Kasauli Distillery,distillery,0.4,,,,,,168,AMBIGUOUS
The world atlas of whisky.pdf,La Martiniquaise,distillery,0.4,10,,,,,168,AMBIGUOUS
The world atlas of whisky.pdf,The Laddie,distillery,0.4,10,,,,,168,AMBIGUOUS
The world atlas of whisky.pdf,Rare Breed,distillery,0.4,,,,,,168,AMBIGUOUS
The world atlas of whisky.pdf,Solist Single Cask,expression,0.4,,,,,,169,AMBIGUOUS
The world atlas of whisky.pdf,Rye Single Cask,distillery,0.4,,,,,,169,AMBIGUOUS
The world atlas of whisky.pdf,The Wee,expression,0.4,,,,,,169,AMBIGUOUS
The world atlas of whisky.pdf,Drinksology.,distillery,0.4,,,,,,169,AMBIGUOUS
The world atlas of whisky.pdf,Haider Distillery,distillery,0.4,,,,,,169,AMBIGUOUS
The world atlas of whisky.pdf,Hemis.,distillery,0.4,,,,,,169,AMBIGUOUS
The world atlas of whisky.pdf,The Welsh Whisky,distillery,0.4,,,,,,169,AMBIGUOUS
The world atlas of whisky.pdf,Co Ltd,distillery,0.4,,,,,,169,AMBIGUOUS
The world atlas of whisky.pdf,"The
Whisky Couple",distillery,0.4,,,,,,169,AMBIGUOUS
The world atlas of whisky.pdf,The Whisky Exchange,expression,0.4,,,,,,169,AMBIGUOUS
The world atlas of whisky.pdf,Venture Whisky,expression,0.4,,,,,,170,AMBIGUOUS
The world atlas of whisky.pdf,Gillian Macdonald,expression,0.4,,,,,,170,AMBIGUOUS
The world guide to whisky michael jackson.pd,The Lowlands,expression,0.4,,,campbeltown,,,7,AMBIGUOUS
The world guide to whisky michael jackson.pd,Palestine Whisky,expression,0.4,,,,,,8,AMBIGUOUS
The world guide to whisky michael jackson.pd,Scotch. Nor,expression,0.4,,,,,,9,AMBIGUOUS
The world guide to whisky michael jackson.pd,Tokyo. In,expression,0.4,,,,,,9,AMBIGUOUS
The world guide to whisky michael jackson.pd,Sassenach. At,expression,0.4,,,,,,9,AMBIGUOUS
The world guide to whisky michael jackson.pd,In Europe,expression,0.4,,,,sherry,,9,AMBIGUOUS
The world guide to whisky michael jackson.pd,New World,expression,0.4,,,,,,9,AMBIGUOUS
The world guide to whisky michael jackson.pd,"Some 
Scotch",expression,0.4,,,,,,11,AMBIGUOUS
The world guide to whisky michael jackson.pd,Old Town,expression,0.4,,,,,,18,AMBIGUOUS
The world guide to whisky michael jackson.pd,Leith. The,bottler,0.4,,,,wine,society,19,AMBIGUOUS
The world guide to whisky michael jackson.pd,The Vaults,expression,0.4,,,,wine,,19,AMBIGUOUS
The world guide to whisky michael jackson.pd,Livet. The,expression,0.4,,,,,,21,AMBIGUOUS
The world guide to whisky michael jackson.pd,Whisky Society,bottler,0.4,,,,,society,21,AMBIGUOUS
The world guide to whisky michael jackson.pd,Finest Scotch Whisky,expression,0.4,,100,,,,26,AMBIGUOUS
The world guide to whisky michael jackson.pd,"Fine Old 
Scotch",expression,0.4,,,,,,27,AMBIGUOUS
The world guide to whisky michael jackson.pd,Choice Old Scotch,expression,0.4,,,,,,27,AMBIGUOUS
The world guide to whisky michael jackson.pd,Plymouth. Whisky,expression,0.4,,,,,,29,AMBIGUOUS
The world guide to whisky michael jackson.pd,"Ireland. 
The",expression,0.4,,,,,,30,AMBIGUOUS
The world guide to whisky michael jackson.pd,The Commission,expression,0.4,,,,,,30,AMBIGUOUS
The world guide to whisky michael jackson.pd,The Lowland,expression,0.4,,,lowland,,,31,AMBIGUOUS
The world guide to whisky michael jackson.pd,St Magdalene,distillery,0.4,,,,,,31,AMBIGUOUS
The world guide to whisky michael jackson.pd,Wm Cadenhead,distillery,0.4,,46,,,wm cadenhead,35,AMBIGUOUS
The world guide to whisky michael jackson.pd,Parc Malt Whisky,distillery,0.4,,,,,,35,AMBIGUOUS
The world guide to whisky michael jackson.pd,"Co 
Eiubllihtd",expression,0.4,,,,,,37,AMBIGUOUS
The world guide to whisky michael jackson.pd,Olitlllcry Co,expression,0.4,,,,,,37,AMBIGUOUS
The world guide to whisky michael jackson.pd,Co Ltd,distillery,0.4,,,campbeltown,,,37,AMBIGUOUS
The world guide to whisky michael jackson.pd,"Old 
Court",expression,0.4,,,,,,38,AMBIGUOUS
The world guide to whisky michael jackson.pd,Drambuie. The,distillery,0.4,,,,,,38,AMBIGUOUS
The world guide to whisky michael jackson.pd,"Scotch 
Pare Malt",expression,0.4,,,,,,42,AMBIGUOUS
The world guide to whisky michael jackson.pd,"Scotch 
Pape Malt",distillery,0.4,,,islay,,,42,AMBIGUOUS
The world guide to whisky michael jackson.pd,Old Mull,expression,0.4,,,,,,50,AMBIGUOUS
The world guide to whisky michael jackson.pd,St Columba,expression,0.4,,,,,,51,AMBIGUOUS
The world guide to whisky michael jackson.pd,Te Bheag,expression,0.4,,,,,,53,AMBIGUOUS
The world guide to whisky michael jackson.pd,Old Orkney,expression,0.4,,,,,,60,AMBIGUOUS
The world guide to whisky michael jackson.pd,Wick. This,distillery,0.4,,,,,,62,AMBIGUOUS
The world guide to whisky michael jackson.pd,Edderton. The,distillery,0.4,,,,,,62,AMBIGUOUS
The world guide to whisky michael jackson.pd,"Cognacs. 
The",distillery,0.4,,,,,,63,AMBIGUOUS
The world guide to whisky michael jackson.pd,Ord. This,distillery,0.4,,,,,,64,AMBIGUOUS
The world guide to whisky michael jackson.pd,"Naim. 
The",distillery,0.4,,,,,,67,AMBIGUOUS
The world guide to whisky michael jackson.pd,Wines. The,expression,0.4,,,,,,68,AMBIGUOUS
The world guide to whisky michael jackson.pd,Old St Andrews,expression,0.4,,,,,,69,AMBIGUOUS
The world guide to whisky michael jackson.pd,Wm Cjdenheotl,distillery,0.4,,,,,,69,AMBIGUOUS
The world guide to whisky michael jackson.pd,The Antiquary,distillery,0.4,,,,,,69,AMBIGUOUS
The world guide to whisky michael jackson.pd,"The Findhom 
The",expression,0.4,,,,,,70,AMBIGUOUS
The world guide to whisky michael jackson.pd,At Forres,distillery,0.4,,,,,,71,AMBIGUOUS
The world guide to whisky michael jackson.pd,Mr Urquhart,expression,0.4,,,,,,73,AMBIGUOUS
The world guide to whisky michael jackson.pd,Chequers. The,distillery,0.4,,,,,,73,AMBIGUOUS
The world guide to whisky michael jackson.pd,"The 
Elgin",distillery,0.4,,,,,,74,AMBIGUOUS
The world guide to whisky michael jackson.pd,Mr Macgregor,expression,0.4,,,,,,75,AMBIGUOUS
The world guide to whisky michael jackson.pd,Advie. With,distillery,0.4,,,,,,75,AMBIGUOUS
The world guide to whisky michael jackson.pd,"Distillery 
Piopricton",distillery,0.4,,,,,,76,AMBIGUOUS
The world guide to whisky michael jackson.pd,Co. Mil,distillery,0.4,,40,,,,76,AMBIGUOUS
The world guide to whisky michael jackson.pd,"The 
Whisky Roads",expression,0.4,,,,,,78,AMBIGUOUS
The world guide to whisky michael jackson.pd,The Tam,distillery,0.4,,,highland,,,79,AMBIGUOUS
The world guide to whisky michael jackson.pd,Carron. This,distillery,0.4,,,,,,79,AMBIGUOUS
The world guide to whisky michael jackson.pd,Perth. Whisky,expression,0.4,,,,,,82,AMBIGUOUS
The world guide to whisky michael jackson.pd,"Cl 
Bottled",distillery,0.4,,,highland,,,85,AMBIGUOUS
The world guide to whisky michael jackson.pd,No Bourbon,expression,0.4,,,,oak,,86,AMBIGUOUS
The world guide to whisky michael jackson.pd,Old Parr,distillery,0.4,12,,,,,87,AMBIGUOUS
The world guide to whisky michael jackson.pd,Co. Lid,distillery,0.4,,40,,,,88,AMBIGUOUS
The world guide to whisky michael jackson.pd,The Keith,expression,0.4,,,,,,89,AMBIGUOUS
The world guide to whisky michael jackson.pd,Old Meldrum,distillery,0.4,,,,,,93,AMBIGUOUS
The world guide to whisky michael jackson.pd,Wales. The,distillery,0.4,,,,,,93,AMBIGUOUS
The world guide to whisky michael jackson.pd,"Wm 
Sanderson",expression,0.4,,,,,,95,AMBIGUOUS
The world guide to whisky michael jackson.pd,The Bogie,expression,0.4,,,,,,96,AMBIGUOUS
The world guide to whisky michael jackson.pd,"Guinness. 
The",expression,0.4,,,,,,98,AMBIGUOUS
The world guide to whisky michael jackson.pd,"Scotch. 
Should",expression,0.4,,,,,,109,AMBIGUOUS
The world guide to whisky michael jackson.pd,"Cork. 
It",distillery,0.4,,,,,,121,AMBIGUOUS
The world guide to whisky michael jackson.pd,The Netherlands,distillery,0.4,,,,,,126,AMBIGUOUS
The world guide to whisky michael jackson.pd,De Kuyper,distillery,0.4,,,,,,126,AMBIGUOUS
The world guide to whisky michael jackson.pd,Quebec. In,expression,0.4,,,,,,127,AMBIGUOUS
The world guide to whisky michael jackson.pd,The De Luxe,expression,0.4,,,,,,130,AMBIGUOUS
The world guide to whisky michael jackson.pd,The Meagher,expression,0.4,,,,,,130,AMBIGUOUS
The world guide to whisky michael jackson.pd,La Salle,distillery,0.4,,,,,,135,AMBIGUOUS
The world guide to whisky michael jackson.pd,"The 
Adams",expression,0.4,,,,,,136,AMBIGUOUS
The world guide to whisky michael jackson.pd,Quarter Whiskey,expression,0.4,,,,quarter,,153,AMBIGUOUS
The world guide to whisky michael jackson.pd,Old Taylor,distillery,0.4,,,,,,160,AMBIGUOUS
The world guide to whisky michael jackson.pd,The Leestown,expression,0.4,,,,,,161,AMBIGUOUS
The world guide to whisky michael jackson.pd,Ky. Who,expression,0.4,,,,,,163,AMBIGUOUS
The world guide to whisky michael jackson.pd,The Olde,distillery,0.4,20,,,,,170,AMBIGUOUS
The world guide to whisky michael jackson.pd,The Clermont,distillery,0.4,,,,,,173,AMBIGUOUS
The world guide to whisky michael jackson.pd,"Ky. 
Ninety",expression,0.4,,,,,,175,AMBIGUOUS
The world guide to whisky michael jackson.pd,Mark Distillery,distillery,0.4,,,,,,175,AMBIGUOUS
The world guide to whisky michael jackson.pd,Distillery Row,distillery,0.4,,,,,,176,AMBIGUOUS
The world guide to whisky michael jackson.pd,Old Fitzgerald,expression,0.4,12,,,,,181,AMBIGUOUS
The world guide to whisky michael jackson.pd,Old Weller,expression,0.4,,,,,,181,AMBIGUOUS
The world guide to whisky michael jackson.pd,The Medley,expression,0.4,,,,,,185,AMBIGUOUS
The world guide to whisky michael jackson.pd,Old Hickory,expression,0.4,,,,bourbon,,186,AMBIGUOUS
The world guide to whisky michael jackson.pd,What Vickies,expression,0.4,,,,,,187,AMBIGUOUS
The world guide to whisky michael jackson.pd,Tennessee Whisky,expression,0.4,,,,,,187,AMBIGUOUS
The world guide to whisky michael jackson.pd,Normandy. The,distillery,0.4,,,,,,196,AMBIGUOUS
The world guide to whisky michael jackson.pd,The Geo,distillery,0.4,,,,,,197,AMBIGUOUS
The world guide to whisky michael jackson.pd,Japan. It,expression,0.4,,,,,,200,AMBIGUOUS
The world guide to whisky michael jackson.pd,Although Japanese,expression,0.4,,,,,,202,AMBIGUOUS
The world guide to whisky michael jackson.pd,"Mexico. 
At",distillery,0.4,,,,,,202,AMBIGUOUS
The world guide to whisky michael jackson.pd,"Kyoto. 
In",distillery,0.4,,,,,,208,AMBIGUOUS
The world guide to whisky michael jackson.pd,Whisky. There,distillery,0.4,,,,,,210,AMBIGUOUS
The world guide to whisky michael jackson.pd,Kaju. It,distillery,0.4,,,,,,212,AMBIGUOUS
The world guide to whisky michael jackson.pd,Asama. The,expression,0.4,,,,,,216,AMBIGUOUS
The world guide to whisky michael jackson.pd,In Jopuu,expression,0.4,,,,,,220,AMBIGUOUS
The world guide to whisky michael jackson.pd,Pure Malt Whisky,expression,0.4,,,,,,220,AMBIGUOUS
The world guide to whisky michael jackson.pd,Old Comber,expression,0.4,,,,,,225,AMBIGUOUS
The world guide to whisky michael jackson.pd,Scotch Apple,bottler,0.4,,,,,society,226,AMBIGUOUS
The world guide to whisky michael jackson.pd,Malt Whisky Almanac,expression,0.4,,,,,,228,AMBIGUOUS
The world guide to whisky michael jackson.pd,The Making,expression,0.4,,,,,,228,AMBIGUOUS
Whiskey Opus -- Whiskey Opus -- 4e7241405dc5,Bourbon. It,expression,0.4,,,,bourbon,,26,AMBIGUOUS
Whiskey Opus -- Whiskey Opus -- 4e7241405dc5,World Whisky Day,expression,0.4,,,,,,34,AMBIGUOUS
Whiskey Opus -- Whiskey Opus -- 4e7241405dc5,Neil Macdonald,expression,0.4,,,,,,38,AMBIGUOUS
Whiskey Opus -- Whiskey Opus -- 4e7241405dc5,The Founder,expression,0.4,,,,,,39,AMBIGUOUS
Whiskey Opus -- Whiskey Opus -- 4e7241405dc5,Roasted Malt,expression,0.4,,,,,,41,AMBIGUOUS
Whiskey Opus -- Whiskey Opus -- 4e7241405dc5,Peated Cask,expression,0.4,,,,,,41,AMBIGUOUS
Whiskey Opus -- Whiskey Opus -- 4e7241405dc5,"Cruickshank.  
 In",distillery,0.4,,,,,,42,AMBIGUOUS
Whiskey Opus -- Whiskey Opus -- 4e7241405dc5,The Smith,distillery,0.4,,,,,,46,AMBIGUOUS
Whiskey Opus -- Whiskey Opus -- 4e7241405dc5,Italy. In,expression,0.4,,,,,,55,AMBIGUOUS
Whiskey Opus -- Whiskey Opus -- 4e7241405dc5,Malcolm. Of,expression,0.4,,,,,,55,AMBIGUOUS
Whiskey Opus -- Whiskey Opus -- 4e7241405dc5,Distillery Edition,distillery,0.4,,,,,,55,AMBIGUOUS
Whiskey Opus -- Whiskey Opus -- 4e7241405dc5,La Martiniquaise,distillery,0.4,,,,,,58,AMBIGUOUS
Whiskey Opus -- Whiskey Opus -- 4e7241405dc5,In November,expression,0.4,,,,,,60,AMBIGUOUS
Whiskey Opus -- Whiskey Opus -- 4e7241405dc5,"Brazil. 
 The",distillery,0.4,,,,,,64,AMBIGUOUS
Whiskey Opus -- Whiskey Opus -- 4e7241405dc5,Traditional Cask,expression,0.4,,,,,,64,AMBIGUOUS
Whiskey Opus -- Whiskey Opus -- 4e7241405dc5,Ltd. The,distillery,0.4,,,,,,71,AMBIGUOUS
Whiskey Opus -- Whiskey Opus -- 4e7241405dc5,Bhainne Distillery,distillery,0.4,,,,,,74,AMBIGUOUS
Whiskey Opus -- Whiskey Opus -- 4e7241405dc5,The Best,expression,0.4,,,,,,78,AMBIGUOUS
Whiskey Opus -- Whiskey Opus -- 4e7241405dc5,The Perthshire,distillery,0.4,,,,,,78,AMBIGUOUS
Whiskey Opus -- Whiskey Opus -- 4e7241405dc5,Whiskey Tom,expression,0.4,,,,,,81,AMBIGUOUS
Whiskey Opus -- Whiskey Opus -- 4e7241405dc5,"Hobbs
The",distillery,0.4,,,,,,82,AMBIGUOUS
Whiskey Opus -- Whiskey Opus -- 4e7241405dc5,Aldour. The,distillery,0.4,,,,,,84,AMBIGUOUS
Whiskey Opus -- Whiskey Opus -- 4e7241405dc5,World War,distillery,0.4,,,,,,85,AMBIGUOUS
Whiskey Opus -- Whiskey Opus -- 4e7241405dc5,The Duke,distillery,0.4,,,,,,86,AMBIGUOUS
Whiskey Opus -- Whiskey Opus -- 4e7241405dc5,Sutherland. At,distillery,0.4,,,,,,87,AMBIGUOUS
Whiskey Opus -- Whiskey Opus -- 4e7241405dc5,Distillery Road,distillery,0.4,,,,,,94,AMBIGUOUS
Whiskey Opus -- Whiskey Opus -- 4e7241405dc5,Whisky Creation,expression,0.4,,,,,,100,AMBIGUOUS
Whiskey Opus -- Whiskey Opus -- 4e7241405dc5,The Flight,distillery,0.4,,,,,,102,AMBIGUOUS
Whiskey Opus -- Whiskey Opus -- 4e7241405dc5,Malts. He,expression,0.4,,,,,,102,AMBIGUOUS
Whiskey Opus -- Whiskey Opus -- 4e7241405dc5,The Guinness Book,distillery,0.4,,,,,,103,AMBIGUOUS
Whiskey Opus -- Whiskey Opus -- 4e7241405dc5,French Scotch,expression,0.4,,,,oak,,110,AMBIGUOUS
Whiskey Opus -- Whiskey Opus -- 4e7241405dc5,"Scotch  
Whisky Association",expression,0.4,,,,,,116,AMBIGUOUS
Whiskey Opus -- Whiskey Opus -- 4e7241405dc5,"Distillery Select 
Scotch",distillery,0.4,,,,,,116,AMBIGUOUS
Whiskey Opus -- Whiskey Opus -- 4e7241405dc5,Whisky Experience,expression,0.4,,,,,,117,AMBIGUOUS
Whiskey Opus -- Whiskey Opus -- 4e7241405dc5,Own Whisky,expression,0.4,,,,,,117,AMBIGUOUS
Whiskey Opus -- Whiskey Opus -- 4e7241405dc5,"Nairn. 
 The",distillery,0.4,,,,,,117,AMBIGUOUS
Whiskey Opus -- Whiskey Opus -- 4e7241405dc5,Dr. Bill,expression,0.4,,,,,,123,AMBIGUOUS
Whiskey Opus -- Whiskey Opus -- 4e7241405dc5,"Cask 
Strength",expression,0.4,15,,,,,127,AMBIGUOUS
Whiskey Opus -- Whiskey Opus -- 4e7241405dc5,"Sound
The",distillery,0.4,,,,,,132,AMBIGUOUS
Whiskey Opus -- Whiskey Opus -- 4e7241405dc5,Camlachie Distillery,distillery,0.4,,,,,,132,AMBIGUOUS
Whiskey Opus -- Whiskey Opus -- 4e7241405dc5,Orkneys. The,distillery,0.4,,,,,,134,AMBIGUOUS
Whiskey Opus -- Whiskey Opus -- 4e7241405dc5,Ambassador Cask,expression,0.4,,,,,,135,AMBIGUOUS
Whiskey Opus -- Whiskey Opus -- 4e7241405dc5,Quarter Cask,expression,0.4,,,,quarter,,141,AMBIGUOUS
Whiskey Opus -- Whiskey Opus -- 4e7241405dc5,Skye. The,distillery,0.4,,,,,,143,AMBIGUOUS
Whiskey Opus -- Whiskey Opus -- 4e7241405dc5,St. Ola,expression,0.4,,,,,,147,AMBIGUOUS
Whiskey Opus -- Whiskey Opus -- 4e7241405dc5,"The Whisky 
Fringe",expression,0.4,,,,,,148,AMBIGUOUS
Whiskey Opus -- Whiskey Opus -- 4e7241405dc5,"Whisky 
Festival",expression,0.4,,,,,,148,AMBIGUOUS
Whiskey Opus -- Whiskey Opus -- 4e7241405dc5,St. Magdalene,expression,0.4,,,,,,154,AMBIGUOUS
Whiskey Opus -- Whiskey Opus -- 4e7241405dc5,The Haig,distillery,0.4,,,,,,154,AMBIGUOUS
Whiskey Opus -- Whiskey Opus -- 4e7241405dc5,Malt Whisky Production,expression,0.4,,,,,,155,AMBIGUOUS
Whiskey Opus -- Whiskey Opus -- 4e7241405dc5,Whisky City,expression,0.4,,,campbeltown,,,157,AMBIGUOUS
Whiskey Opus -- Whiskey Opus -- 4e7241405dc5,By Cupar,distillery,0.4,,,,,,159,AMBIGUOUS
Whiskey Opus -- Whiskey Opus -- 4e7241405dc5,The Shapira,expression,0.4,,,,,,182,AMBIGUOUS
Whiskey Opus -- Whiskey Opus -- 4e7241405dc5,Old Potrero,distillery,0.4,,,,,,193,AMBIGUOUS
Whiskey Opus -- Whiskey Opus -- 4e7241405dc5,The Notch,expression,0.4,,,,,,202,AMBIGUOUS
Whiskey Opus -- Whiskey Opus -- 4e7241405dc5,"Montreal. 
 The",distillery,0.4,,,,,,213,AMBIGUOUS
Whiskey Opus -- Whiskey Opus -- 4e7241405dc5,"Events
Whisky Live",expression,0.4,,,,,,220,AMBIGUOUS
Whiskey Opus -- Whiskey Opus -- 4e7241405dc5,Sendai Distillery,distillery,0.4,,,,,,224,AMBIGUOUS
Whiskey Opus -- Whiskey Opus -- 4e7241405dc5,Single Coffey Malt,distillery,0.4,12,,,,,225,AMBIGUOUS
Whiskey Opus -- Whiskey Opus -- 4e7241405dc5,Pure Malt,expression,0.4,,,,,,225,AMBIGUOUS
Whiskey Opus -- Whiskey Opus -- 4e7241405dc5,World Whisky Awards,expression,0.4,,,,,,227,AMBIGUOUS
Whiskey Opus -- Whiskey Opus -- 4e7241405dc5,Hokkaido Distillery,distillery,0.4,,,,,,228,AMBIGUOUS
Whiskey Opus -- Whiskey Opus -- 4e7241405dc5,Japanese Alps,expression,0.4,,,,,,230,AMBIGUOUS
Whiskey Opus -- Whiskey Opus -- 4e7241405dc5,Ireland. It,expression,0.4,,,,,,236,AMBIGUOUS
Whiskey Opus -- Whiskey Opus -- 4e7241405dc5,"Whisky 
Village",distillery,0.4,,,,,,236,AMBIGUOUS
Whiskey Opus -- Whiskey Opus -- 4e7241405dc5,In Sweden,expression,0.4,,,,,,237,AMBIGUOUS
Whiskey Opus -- Whiskey Opus -- 4e7241405dc5,The Moscatel,expression,0.4,,,,,,239,AMBIGUOUS
Whiskey Opus -- Whiskey Opus -- 4e7241405dc5,The Welsh Whisky,expression,0.4,,,,,,240,AMBIGUOUS
Whiskey Opus -- Whiskey Opus -- 4e7241405dc5,Gillian Macdonald,distillery,0.4,,,,,,240,AMBIGUOUS
Whiskey Opus -- Whiskey Opus -- 4e7241405dc5,Le Lay,expression,0.4,,,,,,243,AMBIGUOUS
Whiskey Opus -- Whiskey Opus -- 4e7241405dc5,Whisky Breton,expression,0.4,,,,sherry,,243,AMBIGUOUS
Whiskey Opus -- Whiskey Opus -- 4e7241405dc5,Pirate Whiskey,expression,0.4,,,,,,250,AMBIGUOUS
Whiskey Opus -- Whiskey Opus -- 4e7241405dc5,Whisky Tag,expression,0.4,,,,,,251,AMBIGUOUS
Whiskey Opus -- Whiskey Opus -- 4e7241405dc5,At Haider,distillery,0.4,,,,,,255,AMBIGUOUS
Whiskey Opus -- Whiskey Opus -- 4e7241405dc5,Us Heit,expression,0.4,,,,,,261,AMBIGUOUS
Whiskey Opus -- Whiskey Opus -- 4e7241405dc5,"Choice 
The",expression,0.4,,,,port,,264,AMBIGUOUS
Whiskey Opus -- Whiskey Opus -- 4e7241405dc5,"Old 
Hobart",expression,0.4,,,,,,264,AMBIGUOUS
Whiskey Opus -- Whiskey Opus -- 4e7241405dc5,"Whisky  
Live Sydney",expression,0.4,,,,,,264,AMBIGUOUS
Whiskey Opus -- Whiskey Opus -- 4e7241405dc5,Malt Whisky Society,bottler,0.4,,,,,society,264,AMBIGUOUS
Whiskey Opus -- Whiskey Opus -- 4e7241405dc5,"Tasmania
Distillery
Old",distillery,0.4,,,,,,265,AMBIGUOUS
Whiskey Opus -- Whiskey Opus -- 4e7241405dc5,New World,distillery,0.4,,,,,,266,AMBIGUOUS
Whiskey Opus -- Whiskey Opus -- 4e7241405dc5,What Maguire,expression,0.4,,,,,,270,AMBIGUOUS
Whiskey Opus -- Whiskey Opus -- 4e7241405dc5,"Britain.  
He",expression,0.4,,,,,,282,AMBIGUOUS
Whiskey Opus -- Whiskey Opus -- 4e7241405dc5,"Ponda 
Distillery",distillery,0.4,,,,,,284,AMBIGUOUS
Whiskey Opus -- Whiskey Opus -- 4e7241405dc5,"United 
Breweries",expression,0.4,,,,,,284,AMBIGUOUS
Whiskey Opus -- Whiskey Opus -- 4e7241405dc5,Taiwan. It,distillery,0.4,,,,,,286,AMBIGUOUS
Whiskey Opus -- Whiskey Opus -- 4e7241405dc5,Kilning In,expression,0.4,,,,,,288,AMBIGUOUS
Whiskey Opus -- Whiskey Opus -- 4e7241405dc5,Malting The,expression,0.4,,,,,,289,AMBIGUOUS
Whiskey Opus -- Whiskey Opus -- 4e7241405dc5,Mash The,expression,0.4,,,,,,289,AMBIGUOUS
Whiskey Opus -- Whiskey Opus -- 4e7241405dc5,Vatting The,expression,0.4,,,,,,289,AMBIGUOUS
Whiskey Opus -- Whiskey Opus -- 4e7241405dc5,Wort The,expression,0.4,,,,,,289,AMBIGUOUS
Whiskey Opus -- Whiskey Opus -- 4e7241405dc5,"Cask  
 Matured",expression,0.4,,,highland,oak,,290,AMBIGUOUS
Whiskey Opus -- Whiskey Opus -- 4e7241405dc5,Old Forester,expression,0.4,,,,bourbon,,290,AMBIGUOUS
Whiskey Opus -- Whiskey Opus -- 4e7241405dc5,Cask Editions,expression,0.4,,,,,,291,AMBIGUOUS
Whiskey Opus -- Whiskey Opus -- 4e7241405dc5,Clermont Distillery,distillery,0.4,,,,,,291,AMBIGUOUS
Whiskey Opus -- Whiskey Opus -- 4e7241405dc5,Distillery Exclusive,distillery,0.4,,,,,,292,AMBIGUOUS
Whiskey Opus -- Whiskey Opus -- 4e7241405dc5,Double Cask,expression,0.4,,,,,,292,AMBIGUOUS
Whiskey Opus -- Whiskey Opus -- 4e7241405dc5,Graham Distillery,distillery,0.4,,,,,,294,AMBIGUOUS
Whiskey Opus -- Whiskey Opus -- 4e7241405dc5,Dr. Vijay,expression,0.4,,,,,,294,AMBIGUOUS
Whiskey Opus -- Whiskey Opus -- 4e7241405dc5,The Nectar,expression,0.4,,,,,,295,AMBIGUOUS
Whiskey Opus -- Whiskey Opus -- 4e7241405dc5,Tennessee Whiskey,distillery,0.4,,,,,,295,AMBIGUOUS
Whiskey Opus -- Whiskey Opus -- 4e7241405dc5,Sedgwick Distillery,distillery,0.4,,,,,,296,AMBIGUOUS
Whiskey Opus -- Whiskey Opus -- 4e7241405dc5,Sherry Cask,expression,0.4,,,,sherry,,296,AMBIGUOUS
Whiskey Opus -- Whiskey Opus -- 4e7241405dc5,Single Peaty Cask,expression,0.4,,,,,,296,AMBIGUOUS
Whiskey Opus -- Whiskey Opus -- 4e7241405dc5,Touch.,expression,0.4,,,,,,297,AMBIGUOUS
Whiskey Opus -- Whiskey Opus -- 4e7241405dc5,Pause.,expression,0.4,,,,,,297,AMBIGUOUS
Whiskey Opus -- Whiskey Opus -- 4e7241405dc5,World Whisky Review,expression,0.4,,,,,,302,AMBIGUOUS
Whiskey Opus -- Whiskey Opus -- 4e7241405dc5,"The 
World Atlas",expression,0.4,,,,,,302,AMBIGUOUS
Whisky Advocate - Wol_ 32 No_ 04 [Winter 202,"Whisky Advocate
Photosfromourreaders",expression,0.4,,,,,,12,AMBIGUOUS
Whisky Advocate - Wol_ 32 No_ 04 [Winter 202,Whisky Year,expression,0.4,,,,,,15,AMBIGUOUS
Whisky Advocate - Wol_ 32 No_ 04 [Winter 202,Batch No,expression,0.4,19,,,,,21,AMBIGUOUS
Whisky Advocate - Wol_ 32 No_ 04 [Winter 202,Anniversary Single Malt,expression,0.4,21,,,,,21,AMBIGUOUS
Whisky Advocate - Wol_ 32 No_ 04 [Winter 202,Toyama Distillery,distillery,0.4,,,,,,22,AMBIGUOUS
Whisky Advocate - Wol_ 32 No_ 04 [Winter 202,"Mark.
We",expression,0.4,,,,,,22,AMBIGUOUS
Whisky Advocate - Wol_ 32 No_ 04 [Winter 202,Double Whisky,expression,0.4,,,,,,27,AMBIGUOUS
Whisky Advocate - Wol_ 32 No_ 04 [Winter 202,"Old 
Fashioned",expression,0.4,,,,,,29,AMBIGUOUS
Whisky Advocate - Wol_ 32 No_ 04 [Winter 202,"Whisky
Bars",expression,0.4,,,,,,33,AMBIGUOUS
Whisky Advocate - Wol_ 32 No_ 04 [Winter 202,Macquarie St,expression,0.4,,,,,,33,AMBIGUOUS
Whisky Advocate - Wol_ 32 No_ 04 [Winter 202,Knox St,expression,0.4,,,,,,33,AMBIGUOUS
Whisky Advocate - Wol_ 32 No_ 04 [Winter 202,Vat No,expression,0.4,,59.9,,,,53,AMBIGUOUS
Whisky Advocate - Wol_ 32 No_ 04 [Winter 202,"Try
In",expression,0.4,,,,,,53,AMBIGUOUS
Whisky Advocate - Wol_ 32 No_ 04 [Winter 202,An Estate,distillery,0.4,,,,,,57,AMBIGUOUS
Whisky Advocate - Wol_ 32 No_ 04 [Winter 202,"York
Scotch",bottler,0.4,,,,,society,60,AMBIGUOUS
Whisky Advocate - Wol_ 32 No_ 04 [Winter 202,The Sassenach,expression,0.4,,,,,,61,AMBIGUOUS
Whisky Advocate - Wol_ 32 No_ 04 [Winter 202,The Ink,expression,0.4,12,,,,,62,AMBIGUOUS
Whisky Advocate - Wol_ 32 No_ 04 [Winter 202,Kansas. In,distillery,0.4,,,,,,65,AMBIGUOUS
Whisky Advocate - Wol_ 32 No_ 04 [Winter 202,In Retrospect,expression,0.4,,05,,,,74,AMBIGUOUS
Whisky Advocate - Wol_ 32 No_ 04 [Winter 202,Dr. Rachel,expression,0.4,,,,,,76,AMBIGUOUS
Whisky Advocate - Wol_ 32 No_ 04 [Winter 202,"Cask 
Strength",expression,0.4,6,75,,,,78,AMBIGUOUS
Whisky Advocate - Wol_ 32 No_ 04 [Winter 202,"Quaich. 
An",expression,0.4,,,,,,78,AMBIGUOUS
Whisky Advocate - Wol_ 32 No_ 04 [Winter 202,Buying Guide,expression,0.4,,,,,,78,AMBIGUOUS
Whisky Advocate - Wol_ 32 No_ 04 [Winter 202,Cuba. It,expression,0.4,6,,,,,79,AMBIGUOUS
Whisky Advocate - Wol_ 32 No_ 04 [Winter 202,Old Elk,expression,0.4,,,,bourbon,,79,AMBIGUOUS
Whisky Advocate - Wol_ 32 No_ 04 [Winter 202,Cask Finish,expression,0.4,,,,bourbon,,79,AMBIGUOUS
Whisky Advocate - Wol_ 32 No_ 04 [Winter 202,When Whisky Advocate,expression,0.4,,,,,,83,AMBIGUOUS
Whisky Advocate - Wol_ 32 No_ 04 [Winter 202,"Cask Program 
As",expression,0.4,,,,,,84,AMBIGUOUS
Whisky Advocate - Wol_ 32 No_ 04 [Winter 202,"Cask
Pay",distillery,0.4,,,,,,84,AMBIGUOUS
Whisky Advocate - Wol_ 32 No_ 04 [Winter 202,"Bottle It
Scotch",expression,0.4,,,,,,85,AMBIGUOUS
Whisky Advocate - Wol_ 32 No_ 04 [Winter 202,"Scotch Whisky 
Regulations",expression,0.4,,,,,,85,AMBIGUOUS
Whisky Advocate - Wol_ 32 No_ 04 [Winter 202,"Auction It
Whisky",expression,0.4,,,,,,85,AMBIGUOUS
Whisky Advocate - Wol_ 32 No_ 04 [Winter 202,Your Cask Is,expression,0.4,,,,,,85,AMBIGUOUS
Whisky Advocate - Wol_ 32 No_ 04 [Winter 202,Now What,expression,0.4,,,,,,85,AMBIGUOUS
Whisky Advocate - Wol_ 32 No_ 04 [Winter 202,Main St,distillery,0.4,,,,,,93,AMBIGUOUS
Whisky Advocate - Wol_ 32 No_ 04 [Winter 202,Bond St,distillery,0.4,,,,,,93,AMBIGUOUS
Whisky Advocate - Wol_ 32 No_ 04 [Winter 202,Old Fash,expression,0.4,,,,,,94,AMBIGUOUS
Whisky Advocate - Wol_ 32 No_ 04 [Winter 202,Cranmore. The,distillery,0.4,,,,,,94,AMBIGUOUS
Whisky Advocate - Wol_ 32 No_ 04 [Winter 202,Oloroso Cask,expression,0.4,18,,,,,98,AMBIGUOUS
Whisky Advocate - Wol_ 32 No_ 04 [Winter 202,"Untamed. 
It",distillery,0.4,,,,,,98,AMBIGUOUS
Whisky Advocate - Wol_ 32 No_ 04 [Winter 202,Lot No,distillery,0.4,,,,oak,,103,AMBIGUOUS
Whisky Advocate - Wol_ 32 No_ 04 [Winter 202,"Gins
No",expression,0.4,,,,,,105,AMBIGUOUS
Whisky Advocate - Wol_ 32 No_ 04 [Winter 202,Old Tom,expression,0.4,,,,,,105,AMBIGUOUS
Whisky Advocate - Wol_ 32 No_ 04 [Winter 202,Spain. It,expression,0.4,,,,,,106,AMBIGUOUS
Whisky Advocate - Wol_ 32 No_ 04 [Winter 202,Cask Series,expression,0.4,,,,sherry,,106,AMBIGUOUS
Whisky Advocate - Wol_ 32 No_ 04 [Winter 202,"Whisky 
Negroni",expression,0.4,,,,,,107,AMBIGUOUS
Whisky Advocate - Wol_ 32 No_ 04 [Winter 202,Peninsula. The,expression,0.4,,40,,,,107,AMBIGUOUS
Whisky Advocate - Wol_ 32 No_ 04 [Winter 202,The Hearach,expression,0.4,,,,sherry,,109,AMBIGUOUS
Whisky Advocate - Wol_ 32 No_ 04 [Winter 202,"Guide
Reviews",expression,0.4,,,,,,109,AMBIGUOUS
Whisky Advocate - Wol_ 32 No_ 04 [Winter 202,Whisky Advocate Selections,expression,0.4,,,,,,112,AMBIGUOUS
Whisky Advocate - Wol_ 32 No_ 04 [Winter 202,"Impact. 
He",expression,0.4,,,,,,112,AMBIGUOUS
Whisky Advocate - Wol_ 32 No_ 04 [Winter 202,Dr. Stuart,expression,0.4,,,,,,113,AMBIGUOUS
Whisky Advocate - Wol_ 32 No_ 04 [Winter 202,"Cask 
Finished",expression,0.4,,46.3,,oak,,115,AMBIGUOUS
Whisky Advocate - Wol_ 32 No_ 04 [Winter 202,Old Fitzgerald,expression,0.4,10,,,,,118,AMBIGUOUS
Whisky Advocate - Wol_ 32 No_ 04 [Winter 202,Old Fitz,expression,0.4,,50,,,,118,AMBIGUOUS
Whisky Advocate - Wol_ 32 No_ 04 [Winter 202,"Maureen 
Robinson",expression,0.4,,,,,,120,AMBIGUOUS
Whisky Advocate - Wol_ 32 No_ 04 [Winter 202,Peated Single Malt,expression,0.4,10,46,,,,124,AMBIGUOUS
Whisky Advocate - Wol_ 32 No_ 04 [Winter 202,Cask Edition,expression,0.4,,46,,port,,124,AMBIGUOUS
Whisky Advocate - Wol_ 32 No_ 04 [Winter 202,Ireland. The,expression,0.4,,,,,,126,AMBIGUOUS
Whisky Advocate - Wol_ 32 No_ 04 [Winter 202,"Ki 
One",expression,0.4,,,,sherry,,126,AMBIGUOUS
Whisky Advocate - Wol_ 32 No_ 04 [Winter 202,New World,expression,0.4,,,,,,126,AMBIGUOUS
Whisky Advocate - Wol_ 32 No_ 04 [Winter 202,Dr. Emma,expression,0.4,,,,,,128,AMBIGUOUS
Whisky Advocate - Wol_ 32 No_ 04 [Winter 202,Ultima. This,expression,0.4,,,,,,128,AMBIGUOUS
Whisky Advocate - Wol_ 32 No_ 04 [Winter 202,Whisky Advocate Summer,expression,0.4,,,,,,132,AMBIGUOUS
Whisky Advocate - Wol_ 32 No_ 04 [Winter 202,Publication No,expression,0.4,,,,,,132,AMBIGUOUS
Whisky Advocate - Wol_ 32 No_ 04 [Winter 202,The Ingredients As,expression,0.4,,,,,,141,AMBIGUOUS
Whisky Advocate - Wol_ 32 No_ 04 [Winter 202,The Lowlands,expression,0.4,,,islands,,,141,AMBIGUOUS
Whisky Advocate - Wol_ 32 No_ 04 [Winter 202,"Mt.  
Tennozan",distillery,0.4,,,,,,145,AMBIGUOUS
Whisky Advocate - Wol_ 32 No_ 04 [Winter 202,Japan. He,distillery,0.4,,,,,,145,AMBIGUOUS
Whisky Advocate - Wol_ 32 No_ 04 [Winter 202,Jim Murray,expression,0.4,,,,sherry,,145,AMBIGUOUS
Whisky Advocate - Wol_ 32 No_ 04 [Winter 202,Japanese Harmony,expression,0.4,,,,,,146,AMBIGUOUS
Whisky Advocate - Wol_ 32 No_ 04 [Winter 202,Bill Murray,expression,0.4,,,,,,148,AMBIGUOUS
Whisky Advocate December 2020_pdf -- Whisky ,Single Malt Not,expression,0.4,,,,,,12,AMBIGUOUS
Whisky Advocate December 2020_pdf -- Whisky ,Malt Mixers,expression,0.4,,,,,,12,AMBIGUOUS
Whisky Advocate December 2020_pdf -- Whisky ,"Whisky Advocate
Photos",expression,0.4,,,,,,13,AMBIGUOUS
Whisky Advocate December 2020_pdf -- Whisky ,Whisky Advocate Top,expression,0.4,,,,,,16,AMBIGUOUS
Whisky Advocate December 2020_pdf -- Whisky ,Baking With Whisky,expression,0.4,,,,,,24,AMBIGUOUS
Whisky Advocate December 2020_pdf -- Whisky ,This Brooklyn,expression,0.4,,,,,,29,AMBIGUOUS
Whisky Advocate December 2020_pdf -- Whisky ,County Distillery,distillery,0.4,,,,,,29,AMBIGUOUS
Whisky Advocate December 2020_pdf -- Whisky ,The Alice,expression,0.4,5,,,,,29,AMBIGUOUS
Whisky Advocate December 2020_pdf -- Whisky ,"Go
Instead",expression,0.4,,,,,,29,AMBIGUOUS
Whisky Advocate December 2020_pdf -- Whisky ,Distillery Map,distillery,0.4,,,,,,31,AMBIGUOUS
Whisky Advocate December 2020_pdf -- Whisky ,Stout Cask,expression,0.4,,,,,,34,AMBIGUOUS
Whisky Advocate December 2020_pdf -- Whisky ,"Cask 
Strength",bottler,0.4,12,,,,society,36,AMBIGUOUS
Whisky Advocate December 2020_pdf -- Whisky ,This End Up,expression,0.4,,,,,,38,AMBIGUOUS
Whisky Advocate December 2020_pdf -- Whisky ,The Chef,expression,0.4,,,,,,39,AMBIGUOUS
Whisky Advocate December 2020_pdf -- Whisky ,"Whiskey 
Sours",expression,0.4,,,,,,39,AMBIGUOUS
Whisky Advocate December 2020_pdf -- Whisky ,Leith Distillery,distillery,0.4,,,,port,,42,AMBIGUOUS
Whisky Advocate December 2020_pdf -- Whisky ,Fife. The,distillery,0.4,,,,,,42,AMBIGUOUS
Whisky Advocate December 2020_pdf -- Whisky ,Dr. Bill,expression,0.4,,,,wine,,43,AMBIGUOUS
Whisky Advocate December 2020_pdf -- Whisky ,Moscatel Cask,expression,0.4,16,,,,,48,AMBIGUOUS
Whisky Advocate December 2020_pdf -- Whisky ,Instagram Live,expression,0.4,,,,,,52,AMBIGUOUS
Whisky Advocate December 2020_pdf -- Whisky ,Whisky Auctioneer,expression,0.4,,,,,,56,AMBIGUOUS
Whisky Advocate December 2020_pdf -- Whisky ,Whisky Auction,expression,0.4,,,,,,56,AMBIGUOUS
Whisky Advocate December 2020_pdf -- Whisky ,World War,expression,0.4,,,,,,60,AMBIGUOUS
Whisky Advocate December 2020_pdf -- Whisky ,Dave Broom,expression,0.4,,,,,,61,AMBIGUOUS
Whisky Advocate December 2020_pdf -- Whisky ,"Brazil.
In",expression,0.4,,,,,,61,AMBIGUOUS
Whisky Advocate December 2020_pdf -- Whisky ,Whisky Advo,expression,0.4,,,,,,65,AMBIGUOUS
Whisky Advocate December 2020_pdf -- Whisky ,"Year.
We",expression,0.4,,,,,,65,AMBIGUOUS
Whisky Advocate December 2020_pdf -- Whisky ,Buying Guide,expression,0.4,,,,,,73,AMBIGUOUS
Whisky Advocate December 2020_pdf -- Whisky ,Double Cask,expression,0.4,15,43,speyside,,,74,AMBIGUOUS
Whisky Advocate December 2020_pdf -- Whisky ,"Honey 
Distillery",distillery,0.4,,,,,,75,AMBIGUOUS
Whisky Advocate December 2020_pdf -- Whisky ,Whisky Nation,expression,0.4,,,,,,81,AMBIGUOUS
Whisky Advocate December 2020_pdf -- Whisky ,Falls Distillery,distillery,0.4,,,,,,81,AMBIGUOUS
Whisky Advocate December 2020_pdf -- Whisky ,The Federation,expression,0.4,,,,,,84,AMBIGUOUS
Whisky Advocate December 2020_pdf -- Whisky ,Denmark. This,expression,0.4,,,,,,88,AMBIGUOUS
Whisky Advocate December 2020_pdf -- Whisky ,Emeishan Distillery,distillery,0.4,,,,,,89,AMBIGUOUS
Whisky Advocate December 2020_pdf -- Whisky ,"Wales
The",expression,0.4,,,,,,89,AMBIGUOUS
Whisky Advocate December 2020_pdf -- Whisky ,"Scotch 
Whisky Regulations",expression,0.4,,,,,,89,AMBIGUOUS
Whisky Advocate December 2020_pdf -- Whisky ,"Oceania
As",expression,0.4,5,43,islay,oak,,92,AMBIGUOUS
Whisky Advocate December 2020_pdf -- Whisky ,Unless Japanese,expression,0.4,,,,,,92,AMBIGUOUS
Whisky Advocate December 2020_pdf -- Whisky ,"Mayville.
Whisky",expression,0.4,,,,,,97,AMBIGUOUS
Whisky Advocate December 2020_pdf -- Whisky ,Distillery Rye,distillery,0.4,,,,,,97,AMBIGUOUS
Whisky Advocate December 2020_pdf -- Whisky ,"Oaks
Single Malt",expression,0.4,,,,,,97,AMBIGUOUS
Whisky Advocate December 2020_pdf -- Whisky ,Blended Malt Cocktails,expression,0.4,,,,,,103,AMBIGUOUS
Whisky Advocate December 2020_pdf -- Whisky ,"Hyslop. 
The",expression,0.4,,,,,,104,AMBIGUOUS
Whisky Advocate December 2020_pdf -- Whisky ,"People
In",expression,0.4,,,,,,104,AMBIGUOUS
Whisky Advocate December 2020_pdf -- Whisky ,Stuart. In,expression,0.4,,,,,,104,AMBIGUOUS
Whisky Advocate December 2020_pdf -- Whisky ,The Rare Casks,expression,0.4,28,46.7,,,,110,AMBIGUOUS
Whisky Advocate December 2020_pdf -- Whisky ,Cognac Cask,expression,0.4,28,46.7,,,,110,AMBIGUOUS
Whisky Advocate December 2020_pdf -- Whisky ,"Release 
No",expression,0.4,28,46.7,,,,110,AMBIGUOUS
Whisky Advocate December 2020_pdf -- Whisky ,Whisky Advocate Selections,expression,0.4,,,,,,111,AMBIGUOUS
Whisky Advocate December 2020_pdf -- Whisky ,Old Forester,expression,0.4,,,,oak,,116,AMBIGUOUS
Whisky Advocate December 2020_pdf -- Whisky ,"Sherry 
Cask",expression,0.4,,50,,bourbon,,117,AMBIGUOUS
Whisky Advocate December 2020_pdf -- Whisky ,Cadillac Cask,expression,0.4,17,46,,wine,,121,AMBIGUOUS
Whisky Advocate December 2020_pdf -- Whisky ,Pure Malt,expression,0.4,15,40,,,,125,AMBIGUOUS
Whisky Advocate December 2020_pdf -- Whisky ,Co. Donegal,distillery,0.4,75,,,,,125,AMBIGUOUS
Whisky Advocate December 2020_pdf -- Whisky ,With Ireland,expression,0.4,,40,,port,,125,AMBIGUOUS
Whisky Advocate December 2020_pdf -- Whisky ,Finished Single Malt,expression,0.4,,46,islay,wine,,128,AMBIGUOUS
Whisky Advocate December 2020_pdf -- Whisky ,"Mizunara 
Cask",expression,0.4,11,42.4,,,,128,AMBIGUOUS
Whisky Advocate December 2020_pdf -- Whisky ,Publication No,expression,0.4,,,,,,130,AMBIGUOUS
Whisky Advocate December 2020_pdf -- Whisky ,There Is No,expression,0.4,,,,,,131,AMBIGUOUS
Whisky classified ; choosing single malts by,Whisky Regions,expression,0.4,,,,,,9,AMBIGUOUS
Whisky classified ; choosing single malts by,Making Whisky,expression,0.4,,,,,,9,AMBIGUOUS
Whisky classified ; choosing single malts by,Whisky Flavours,expression,0.4,,,,,,9,AMBIGUOUS
Whisky classified ; choosing single malts by,Whisky Types,distillery,0.4,,,,,,9,AMBIGUOUS
Whisky classified ; choosing single malts by,Tasting Whisky,distillery,0.4,,,,,,9,AMBIGUOUS
Whisky classified ; choosing single malts by,Whisky Analyst,expression,0.4,,,,,,9,AMBIGUOUS
Whisky classified ; choosing single malts by,"Whisky 
Classified",expression,0.4,,,,,,10,AMBIGUOUS
Whisky classified ; choosing single malts by,"Brackla. 
The",expression,0.4,,,,,,17,AMBIGUOUS
Whisky classified ; choosing single malts by,"World 
War",expression,0.4,,,,,,19,AMBIGUOUS
Whisky classified ; choosing single malts by,"Atlantic. 
Whisky",expression,0.4,,,,,,19,AMBIGUOUS
Whisky classified ; choosing single malts by,"Lowlands. 
The",expression,0.4,,,islay,,,21,AMBIGUOUS
Whisky classified ; choosing single malts by,Scotch Whisky Association,expression,0.4,,,islay,,,21,AMBIGUOUS
Whisky classified ; choosing single malts by,Pentlands Scotch Whisky,expression,0.4,,,,,,32,AMBIGUOUS
Whisky classified ; choosing single malts by,An Cnoc,expression,0.4,,,,,,37,AMBIGUOUS
Whisky classified ; choosing single malts by,The Lowland Malt,distillery,0.4,,,lowland,,,62,AMBIGUOUS
Whisky classified ; choosing single malts by,Skvsioe Single Malt,expression,0.4,,,speyside,,,67,AMBIGUOUS
Whisky classified ; choosing single malts by,"Cromdale. 
The",distillery,0.4,,,,,,70,AMBIGUOUS
Whisky classified ; choosing single malts by,"Ecro 
Ry",distillery,0.4,,,,,,80,AMBIGUOUS
Whisky classified ; choosing single malts by,Whisky School,distillery,0.4,,,,,,83,AMBIGUOUS
Whisky classified ; choosing single malts by,The Bum,expression,0.4,,,,,,85,AMBIGUOUS
Whisky classified ; choosing single malts by,"Rare 
Malts",bottler,0.4,23,,,,independent,95,AMBIGUOUS
Whisky classified ; choosing single malts by,Ila Distillery,distillery,0.4,,,islay,port,,95,AMBIGUOUS
Whisky classified ; choosing single malts by,"Scotch Whisky 
Batch",expression,0.4,,,speyside,,,97,AMBIGUOUS
Whisky classified ; choosing single malts by,Whisky Trade,expression,0.4,,,,,,98,AMBIGUOUS
Whisky classified ; choosing single malts by,Perthshire. The,distillery,0.4,,,,,,106,AMBIGUOUS
Whisky classified ; choosing single malts by,Cigar Malt,expression,0.4,,,,,,108,AMBIGUOUS
Whisky classified ; choosing single malts by,Sluic. In,distillery,0.4,,,,,,110,AMBIGUOUS
Whisky classified ; choosing single malts by,Scotch Whisky Liqueur,expression,0.4,,,,,,113,AMBIGUOUS
Whisky classified ; choosing single malts by,"Barley. 
It",expression,0.4,,,,,,124,AMBIGUOUS
Whisky classified ; choosing single malts by,Finest Scotch Whisky,bottler,0.4,12,,,,signatory,126,AMBIGUOUS
Whisky classified ; choosing single malts by,Old Parr,expression,0.4,,,,,,130,AMBIGUOUS
Whisky classified ; choosing single malts by,Old Meldrum,distillery,0.4,,,,,,138,AMBIGUOUS
Whisky classified ; choosing single malts by,Unpeated Malt,expression,0.4,,,,,,140,AMBIGUOUS
Whisky classified ; choosing single malts by,Malt Whisky Production,expression,0.4,,,,,,147,AMBIGUOUS
Whisky classified ; choosing single malts by,Artisan Cask,expression,0.4,9,,,port,,153,AMBIGUOUS
Whisky classified ; choosing single malts by,"Scotch Whisky 
Ten",expression,0.4,,,highland,,,153,AMBIGUOUS
Whisky classified ; choosing single malts by,Vintage Malt,expression,0.4,,,,,,157,AMBIGUOUS
Whisky classified ; choosing single malts by,"Scotch Whisky 
Orkney",expression,0.4,,,islands,,,169,AMBIGUOUS
Whisky classified ; choosing single malts by,Culloden. The,distillery,0.4,,,,,,174,AMBIGUOUS
Whisky classified ; choosing single malts by,Extra Old,expression,0.4,18,,,,,175,AMBIGUOUS
Whisky classified ; choosing single malts by,Distillery Select,distillery,0.4,10,,,,,183,AMBIGUOUS
Whisky classified ; choosing single malts by,Age No,distillery,0.4,,40,,,,183,AMBIGUOUS
Whisky classified ; choosing single malts by,"St. 
Marnoch",distillery,0.4,,,,,,184,AMBIGUOUS
Whisky classified ; choosing single malts by,"Malt. 
Other",expression,0.4,30,,,,,186,AMBIGUOUS
Whisky classified ; choosing single malts by,Own Whisky,expression,0.4,,,,,,198,AMBIGUOUS
Whisky classified ; choosing single malts by,"Thane. 
The",distillery,0.4,,,,,,198,AMBIGUOUS
Whisky classified ; choosing single malts by,"The 
Queen",distillery,0.4,,,,,,200,AMBIGUOUS
Whisky classified ; choosing single malts by,Livet. The,distillery,0.4,,,,,,218,AMBIGUOUS
Whisky classified ; choosing single malts by,Old Laird,expression,0.4,,,,,,224,AMBIGUOUS
Whisky classified ; choosing single malts by,The Majestic Malt,expression,0.4,,,,,,230,AMBIGUOUS
Whisky classified ; choosing single malts by,Whisky Ale,distillery,0.4,,,,,,230,AMBIGUOUS
Whisky classified ; choosing single malts by,Kieran. This,expression,0.4,,,,,,232,AMBIGUOUS
Whisky classified ; choosing single malts by,Co. Ltd,distillery,0.4,,,,,,240,AMBIGUOUS
Whisky classified ; choosing single malts by,Nose If,expression,0.4,,,,,,242,AMBIGUOUS
Whisky classified ; choosing single malts by,Whisky Exchange,expression,0.4,,,,,,244,AMBIGUOUS
Whisky classified ; choosing single malts by,St Andrews,expression,0.4,,,,,,247,AMBIGUOUS
Whisky_ The First Definitive Book on Whisky ,Whisky Paradise,expression,0.4,,,,,,0,AMBIGUOUS
Whisky_ The First Definitive Book on Whisky ,The Manufacture,expression,0.4,,,,,,0,AMBIGUOUS
Whisky_ The First Definitive Book on Whisky ,The Pattison,expression,0.4,,,,,,0,AMBIGUOUS
Whisky_ The First Definitive Book on Whisky ,Cask Boy,expression,0.4,,,,,,0,AMBIGUOUS
Whisky_ The First Definitive Book on Whisky ,In February,expression,0.4,,,,,,0,AMBIGUOUS
Whisky_ The First Definitive Book on Whisky ,Mr Aeneas,expression,0.4,,,,,,0,AMBIGUOUS
Whisky_ The First Definitive Book on Whisky ,Whisky Lore,expression,0.4,,,,,,0,AMBIGUOUS
Whisky_ The First Definitive Book on Whisky ,Scotch Whisky Association,expression,0.4,,,,,,0,AMBIGUOUS
Whisky_ The First Definitive Book on Whisky ,Ireland. The,expression,0.4,,,,,,0,AMBIGUOUS
Whisky_ The First Definitive Book on Whisky ,In The Lyon,expression,0.4,,,highland,,,0,AMBIGUOUS
Whisky_ The First Definitive Book on Whisky ,Cheap Whisky,expression,0.4,,,,,,0,AMBIGUOUS
Whisky_ The First Definitive Book on Whisky ,Dock Distillery,distillery,0.4,,,,,,0,AMBIGUOUS
Whisky_ The First Definitive Book on Whisky ,Whisky Commission,expression,0.4,,,,,,0,AMBIGUOUS
Whisky_ The First Definitive Book on Whisky ,Scotch Whisky Orders,expression,0.4,,,,,,0,AMBIGUOUS
Whisky_ The First Definitive Book on Whisky ,An Account,expression,0.4,,,,,,0,AMBIGUOUS
Whisky_ The First Definitive Book on Whisky ,Making Malt,expression,0.4,,,,,,0,AMBIGUOUS
Whisky_ The First Definitive Book on Whisky ,Bad Whisky,expression,0.4,,,,,,0,AMBIGUOUS
Whisky_ The First Definitive Book on Whisky ,Ness. The,distillery,0.4,,,,,,0,AMBIGUOUS
Whisky_ The First Definitive Book on Whisky ,Old Orkney,distillery,0.4,,,,,,0,AMBIGUOUS
Whisky_ The First Definitive Book on Whisky ,Tummel. At,expression,0.4,,,,,,0,AMBIGUOUS
Whisky_ The First Definitive Book on Whisky ,Own Whisky,expression,0.4,,,highland,,,0,AMBIGUOUS
Whisky_ The First Definitive Book on Whisky ,St. Ronan,expression,0.4,,,,,,0,AMBIGUOUS
Whisky_ The First Definitive Book on Whisky ,The Lowland,expression,0.4,,,lowland,,,0,AMBIGUOUS
Whisky_ The First Definitive Book on Whisky ,Lane Distillery,distillery,0.4,,,,,,0,AMBIGUOUS
Whisky_ The First Definitive Book on Whisky ,At Cork,distillery,0.4,,,,,,0,AMBIGUOUS
Whisky_ The First Definitive Book on Whisky ,Co. Antrim,distillery,0.4,,,,,,0,AMBIGUOUS
Whisky_ The First Definitive Book on Whisky ,Whisky. Fellow,expression,0.4,,,,,,0,AMBIGUOUS
Whisky_ The First Definitive Book on Whisky ,Dave Broom,expression,0.4,,,,,,0,AMBIGUOUS
"Whisky{Bruning, Ted}(2015, Bloomsbury Publis",Scotch Whisky Act,expression,0.4,,,,,,0,AMBIGUOUS
"Whisky{Bruning, Ted}(2015, Bloomsbury Publis",Scotch Whisky Association,expression,0.4,,,,,,0,AMBIGUOUS
"Whisky{Bruning, Ted}(2015, Bloomsbury Publis",Ireland. This,distillery,0.4,,,,,,0,AMBIGUOUS
"Whisky{Bruning, Ted}(2015, Bloomsbury Publis",Pond. The,distillery,0.4,,,,,society,0,AMBIGUOUS
"Whisky{Bruning, Ted}(2015, Bloomsbury Publis",Whisky Galore,expression,0.4,,,,,,0,AMBIGUOUS
"Whisky{Bruning, Ted}(2015, Bloomsbury Publis",Keith. In,distillery,0.4,,,,,,0,AMBIGUOUS
"Whisky{Bruning, Ted}(2015, Bloomsbury Publis","Airdrie.
With",distillery,0.4,,,,,,0,AMBIGUOUS
"Whisky{Bruning, Ted}(2015, Bloomsbury Publis",Rare. Designed,expression,0.4,,,,,,0,AMBIGUOUS
"Whisky{Bruning, Ted}(2015, Bloomsbury Publis","Brazil.

The",expression,0.4,,,,,,0,AMBIGUOUS
"Whisky{Bruning, Ted}(2015, Bloomsbury Publis",The Hosh,distillery,0.4,,,,,,0,AMBIGUOUS
"Whisky{Bruning, Ted}(2015, Bloomsbury Publis",Distillery Road,distillery,0.4,,,,,,0,AMBIGUOUS
"Whisky{Bruning, Ted}(2015, Bloomsbury Publis",Alfred. The,expression,0.4,,,,,,0,AMBIGUOUS
"Whisky{Bruning, Ted}(2015, Bloomsbury Publis",The Science,bottler,0.4,,,,,society,0,AMBIGUOUS
"Whisky{Bruning, Ted}(2015, Bloomsbury Publis",Whisky. Harold,expression,0.4,,,,,,0,AMBIGUOUS
"Whisky{Bruning, Ted}(2015, Bloomsbury Publis",Curt Robinson,expression,0.4,,,,,,0,AMBIGUOUS
World Whisky{Charles Maclean}(2016){10664435,Making Whisky,expression,0.4,,,,,,7,AMBIGUOUS
World Whisky{Charles Maclean}(2016){10664435,Whisky Types,expression,0.4,,,,,,7,AMBIGUOUS
World Whisky{Charles Maclean}(2016){10664435,Appreciating Whisky,expression,0.4,,,,,,7,AMBIGUOUS
World Whisky{Charles Maclean}(2016){10664435,"Brazil. 
 The",expression,0.4,,,,,,9,AMBIGUOUS
World Whisky{Charles Maclean}(2016){10664435,Taste  By,expression,0.4,,,,,,16,AMBIGUOUS
World Whisky{Charles Maclean}(2016){10664435,"Whisky.
Although",distillery,0.4,,,,,,22,AMBIGUOUS
World Whisky{Charles Maclean}(2016){10664435,Shuzo Co,distillery,0.4,,,,,,25,AMBIGUOUS
World Whisky{Charles Maclean}(2016){10664435,The Antiquary,expression,0.4,,,,,,25,AMBIGUOUS
World Whisky{Charles Maclean}(2016){10664435,The Gaelic,expression,0.4,,40,islay,,,26,AMBIGUOUS
World Whisky{Charles Maclean}(2016){10664435,"Asia.
The",expression,0.4,,,,,,37,AMBIGUOUS
World Whisky{Charles Maclean}(2016){10664435,Aldour Distillery,distillery,0.4,,,,,,50,AMBIGUOUS
World Whisky{Charles Maclean}(2016){10664435,Edrington. As,distillery,0.4,,,,,,58,AMBIGUOUS
World Whisky{Charles Maclean}(2016){10664435,Scotch Whisky Association,expression,0.4,,,,,,66,AMBIGUOUS
World Whisky{Charles Maclean}(2016){10664435,"Classic 
Malts",expression,0.4,,,,,,66,AMBIGUOUS
World Whisky{Charles Maclean}(2016){10664435,"Morayshire
This",distillery,0.4,,,,,,71,AMBIGUOUS
World Whisky{Charles Maclean}(2016){10664435,Cigar Malt,expression,0.4,,,,,,73,AMBIGUOUS
World Whisky{Charles Maclean}(2016){10664435,Old Bannockburn,expression,0.4,,,,,,76,AMBIGUOUS
World Whisky{Charles Maclean}(2016){10664435,His Old,expression,0.4,,,,,,80,AMBIGUOUS
World Whisky{Charles Maclean}(2016){10664435,"Ayrshire
The",distillery,0.4,,,,,,81,AMBIGUOUS
World Whisky{Charles Maclean}(2016){10664435,Kilnflat Distillery,distillery,0.4,,,,,,81,AMBIGUOUS
World Whisky{Charles Maclean}(2016){10664435,Angus. It,distillery,0.4,,,,,,82,AMBIGUOUS
World Whisky{Charles Maclean}(2016){10664435,"Dave  
Broom",expression,0.4,,,,,,87,AMBIGUOUS
World Whisky{Charles Maclean}(2016){10664435,Leith. In,distillery,0.4,,,,,,92,AMBIGUOUS
World Whisky{Charles Maclean}(2016){10664435,The Mash,expression,0.4,,,,,,94,AMBIGUOUS
World Whisky{Charles Maclean}(2016){10664435,Whisky Shop,expression,0.4,,,,,,94,AMBIGUOUS
World Whisky{Charles Maclean}(2016){10664435,Whisky School,distillery,0.4,,,speyside,,,95,AMBIGUOUS
World Whisky{Charles Maclean}(2016){10664435,"Vintage 
Single Malt",expression,0.4,,,,,,107,AMBIGUOUS
World Whisky{Charles Maclean}(2016){10664435,"Ferintosh 
Distillery",distillery,0.4,,,,,,108,AMBIGUOUS
World Whisky{Charles Maclean}(2016){10664435,The Guinness Book,distillery,0.4,,,,,,109,AMBIGUOUS
World Whisky{Charles Maclean}(2016){10664435,"By 
Hand",distillery,0.4,,,,,,109,AMBIGUOUS
World Whisky{Charles Maclean}(2016){10664435,"Best Scotch 
Blended",expression,0.4,,,,,,116,AMBIGUOUS
World Whisky{Charles Maclean}(2016){10664435,"Brooks. 
The",expression,0.4,,,,,,118,AMBIGUOUS
World Whisky{Charles Maclean}(2016){10664435,"Diageo. 
In",expression,0.4,,,,,,126,AMBIGUOUS
World Whisky{Charles Maclean}(2016){10664435,La Martiniquaise,expression,0.4,,,,,,127,AMBIGUOUS
World Whisky{Charles Maclean}(2016){10664435,Quarter Cask,expression,0.4,,,,quarter,,130,AMBIGUOUS
World Whisky{Charles Maclean}(2016){10664435,Living Cask,expression,0.4,,,,,,135,AMBIGUOUS
World Whisky{Charles Maclean}(2016){10664435,Elgin. The,distillery,0.4,,,,,,136,AMBIGUOUS
World Whisky{Charles Maclean}(2016){10664435,Elchies Distillery,distillery,0.4,,,,,,138,AMBIGUOUS
World Whisky{Charles Maclean}(2016){10664435,"The Auld 
Distillery",distillery,0.4,,,,,,144,AMBIGUOUS
World Whisky{Charles Maclean}(2016){10664435,Old Parr,expression,0.4,,,,,,148,AMBIGUOUS
World Whisky{Charles Maclean}(2016){10664435,The Ascot Malt,expression,0.4,,,,,,154,AMBIGUOUS
World Whisky{Charles Maclean}(2016){10664435,St Ola,expression,0.4,,,,,,157,AMBIGUOUS
World Whisky{Charles Maclean}(2016){10664435,"The 
Whisky Exchange",expression,0.4,,,,,,159,AMBIGUOUS
World Whisky{Charles Maclean}(2016){10664435,"Keith.  
The",distillery,0.4,,,,,,164,AMBIGUOUS
World Whisky{Charles Maclean}(2016){10664435,Domecq. The,distillery,0.4,,,,sherry,,172,AMBIGUOUS
World Whisky{Charles Maclean}(2016){10664435,Pure Malt,expression,0.4,,,speyside,,,174,AMBIGUOUS
World Whisky{Charles Maclean}(2016){10664435,The Korean,expression,0.4,,,,,,180,AMBIGUOUS
World Whisky{Charles Maclean}(2016){10664435,Distillery Road,distillery,0.4,,,,,,187,AMBIGUOUS
World Whisky{Charles Maclean}(2016){10664435,St Columb,distillery,0.4,,,,,,188,AMBIGUOUS
World Whisky{Charles Maclean}(2016){10664435,Ireland. It,expression,0.4,,,,,,192,AMBIGUOUS
World Whisky{Charles Maclean}(2016){10664435,Cork. This,distillery,0.4,,,,,,211,AMBIGUOUS
World Whisky{Charles Maclean}(2016){10664435,"Skibereen.  
It",expression,0.4,,,,,,213,AMBIGUOUS
World Whisky{Charles Maclean}(2016){10664435,The Revival,expression,0.4,,,,,,214,AMBIGUOUS
World Whisky{Charles Maclean}(2016){10664435,Single Grain,expression,0.4,,,,,,214,AMBIGUOUS
World Whisky{Charles Maclean}(2016){10664435,Forman Distillery,distillery,0.4,,,,,,222,AMBIGUOUS
World Whisky{Charles Maclean}(2016){10664435,Distillery Row,distillery,0.4,,,,,,222,AMBIGUOUS
World Whisky{Charles Maclean}(2016){10664435,Old Forester Distillery,distillery,0.4,,,,,,222,AMBIGUOUS
World Whisky{Charles Maclean}(2016){10664435,Madison. It,distillery,0.4,,,,,,225,AMBIGUOUS
World Whisky{Charles Maclean}(2016){10664435,Clermont Distillery,distillery,0.4,,,,,,229,AMBIGUOUS
World Whisky{Charles Maclean}(2016){10664435,"Mark 
Distillery",distillery,0.4,,,,bourbon,,229,AMBIGUOUS
World Whisky{Charles Maclean}(2016){10664435,Medley Distillery,distillery,0.4,,,,,,231,AMBIGUOUS
World Whisky{Charles Maclean}(2016){10664435,Jr. During,distillery,0.4,,,,,,233,AMBIGUOUS
World Whisky{Charles Maclean}(2016){10664435,"Bourye. 
The",distillery,0.4,,,,bourbon,,237,AMBIGUOUS
World Whisky{Charles Maclean}(2016){10664435,Rye Whiskey,expression,0.4,,,,,,245,AMBIGUOUS
World Whisky{Charles Maclean}(2016){10664435,The Notch Whiskey,expression,0.4,,,,,,249,AMBIGUOUS
World Whisky{Charles Maclean}(2016){10664435,"Beam.
The",expression,0.4,,,,bourbon,,251,AMBIGUOUS
World Whisky{Charles Maclean}(2016){10664435,"Switzerland.  
He",expression,0.4,,,,,,251,AMBIGUOUS
World Whisky{Charles Maclean}(2016){10664435,Angostura Distillery,distillery,0.4,,,,,,257,AMBIGUOUS
World Whisky{Charles Maclean}(2016){10664435,Old Potrero,expression,0.4,,,,,,262,AMBIGUOUS
World Whisky{Charles Maclean}(2016){10664435,Graham Distillery,distillery,0.4,,,,,,266,AMBIGUOUS
World Whisky{Charles Maclean}(2016){10664435,Old Palliser Distillery,distillery,0.4,,,,,,271,AMBIGUOUS
World Whisky{Charles Maclean}(2016){10664435,Venture Whisky,expression,0.4,,,,,,282,AMBIGUOUS
World Whisky{Charles Maclean}(2016){10664435,Japan. The,distillery,0.4,,,,,,282,AMBIGUOUS
World Whisky{Charles Maclean}(2016){10664435,The Ace,expression,0.4,,55,,,,283,AMBIGUOUS
World Whisky{Charles Maclean}(2016){10664435,Gotemba Distillery,distillery,0.4,,,,,,284,AMBIGUOUS
World Whisky{Charles Maclean}(2016){10664435,The Crane,expression,0.4,,,,,,286,AMBIGUOUS
World Whisky{Charles Maclean}(2016){10664435,Japanese Alps,distillery,0.4,,,,,,291,AMBIGUOUS
World Whisky{Charles Maclean}(2016){10664435,Microdistillery Whisky,distillery,0.4,,,,,,305,AMBIGUOUS
World Whisky{Charles Maclean}(2016){10664435,"Jim 
Murray",expression,0.4,,,,,,305,AMBIGUOUS
World Whisky{Charles Maclean}(2016){10664435,Us Heit Distillery,distillery,0.4,,,,,,307,AMBIGUOUS
World Whisky{Charles Maclean}(2016){10664435,The Owl Distillery,distillery,0.4,,,,,,308,AMBIGUOUS
World Whisky{Charles Maclean}(2016){10664435,Whisky Breton,expression,0.4,,,,,,308,AMBIGUOUS
World Whisky{Charles Maclean}(2016){10664435,La Marana,expression,0.4,,,,,,310,AMBIGUOUS
World Whisky{Charles Maclean}(2016){10664435,Mavela. The,expression,0.4,,,,,,310,AMBIGUOUS
World Whisky{Charles Maclean}(2016){10664435,"Uberach Single 
Malt",expression,0.4,,,,,,310,AMBIGUOUS
World Whisky{Charles Maclean}(2016){10664435,"Roggenhof 
Distillery",distillery,0.4,,,,,,312,AMBIGUOUS
World Whisky{Charles Maclean}(2016){10664435,Whisky Experience,expression,0.4,,,,,,313,AMBIGUOUS
World Whisky{Charles Maclean}(2016){10664435,Fascination Whisky,expression,0.4,,,,,,313,AMBIGUOUS
World Whisky{Charles Maclean}(2016){10664435,Czechoslovakia. The,distillery,0.4,,,,,,314,AMBIGUOUS
World Whisky{Charles Maclean}(2016){10664435,Jelinek Distillery,distillery,0.4,,,,,,314,AMBIGUOUS
World Whisky{Charles Maclean}(2016){10664435,The Fleischmann,distillery,0.4,,,,,,314,AMBIGUOUS
World Whisky{Charles Maclean}(2016){10664435,Old Fahr,expression,0.4,,,,,,314,AMBIGUOUS
World Whisky{Charles Maclean}(2016){10664435,Sweden. The,distillery,0.4,,,,,,316,AMBIGUOUS
World Whisky{Charles Maclean}(2016){10664435,The Pioneer,expression,0.4,,,,,,316,AMBIGUOUS
World Whisky{Charles Maclean}(2016){10664435,Merak Single Malt,expression,0.4,,,,,,317,AMBIGUOUS
World Whisky{Charles Maclean}(2016){10664435,Svensk Ek,expression,0.4,,,,oak,,318,AMBIGUOUS
World Whisky{Charles Maclean}(2016){10664435,Malt Whisky  Blends,expression,0.4,,,,,,320,AMBIGUOUS
World Whisky{Charles Maclean}(2016){10664435,Abhishek. The,expression,0.4,,,,,,321,AMBIGUOUS
World Whisky{Charles Maclean}(2016){10664435,In Hindu,expression,0.4,,,,,,322,AMBIGUOUS
World Whisky{Charles Maclean}(2016){10664435,Himalayas. This,expression,0.4,,,,,,322,AMBIGUOUS
World Whisky{Charles Maclean}(2016){10664435,Old Hobart Distillery,distillery,0.4,,,,,,331,AMBIGUOUS
World Whisky{Charles Maclean}(2016){10664435,Tasmania Distillery,distillery,0.4,,,,,,332,AMBIGUOUS
World Whisky{Charles Maclean}(2016){10664435,Cove. The,distillery,0.4,,,,,,332,AMBIGUOUS
World Whisky{Charles Maclean}(2016){10664435,Whisky Society,bottler,0.4,,,,,society,332,AMBIGUOUS
World Whisky{Charles Maclean}(2016){10664435,Old Hokonui,expression,0.4,,,,,,334,AMBIGUOUS
World Whisky{Charles Maclean}(2016){10664435,Harbour St,expression,0.4,,,,,,334,AMBIGUOUS
World Whisky{Charles Maclean}(2016){10664435,Foreshots  The,expression,0.4,,,,bourbon,,342,AMBIGUOUS
World Whisky{Charles Maclean}(2016){10664435,Kilning  In,expression,0.4,,,,,,342,AMBIGUOUS
World Whisky{Charles Maclean}(2016){10664435,Malting  The,expression,0.4,,,,,,343,AMBIGUOUS
World Whisky{Charles Maclean}(2016){10664435,Mashbill  The,expression,0.4,,,,,,343,AMBIGUOUS
World Whisky{Charles Maclean}(2016){10664435,Reflux  The,expression,0.4,,,,,,343,AMBIGUOUS
World Whisky{Charles Maclean}(2016){10664435,Vatting  The,expression,0.4,,,,,,343,AMBIGUOUS
World Whisky{Charles Maclean}(2016){10664435,Wort  The,expression,0.4,,,,,,343,AMBIGUOUS
World Whisky{Charles Maclean}(2016){10664435,The French,expression,0.4,,,,,,344,AMBIGUOUS
World Whisky{Charles Maclean}(2016){10664435,Its Scotch,expression,0.4,,,,,,344,AMBIGUOUS
World Whisky{Charles Maclean}(2016){10664435,Denver Distillery,distillery,0.4,,,,,,347,AMBIGUOUS
World Whisky{Charles Maclean}(2016){10664435,Dunedin Distillery,distillery,0.4,,,,,,347,AMBIGUOUS
World Whisky{Charles Maclean}(2016){10664435,Kizlyar Distillery,distillery,0.4,,,,,,349,AMBIGUOUS
World Whisky{Charles Maclean}(2016){10664435,Ruthrie Distillery,distillery,0.4,,,,,,349,AMBIGUOUS
World Whisky{Charles Maclean}(2016){10664435,"Co.
Mitchell",distillery,0.4,,,,,,349,AMBIGUOUS
World Whisky{Charles Maclean}(2016){10664435,Rare Breed,distillery,0.4,,,,,,350,AMBIGUOUS
World Whisky{Charles Maclean}(2016){10664435,Whisky Couple,expression,0.4,,,,,,352,AMBIGUOUS
World Whisky{Charles Maclean}(2016){10664435,Bourbon Whisky,distillery,0.4,,45,,bourbon,,352,AMBIGUOUS
World Whisky{Charles Maclean}(2016){10664435,The Peated,distillery,0.4,,,,,,353,AMBIGUOUS
World Whisky{Charles Maclean}(2016){10664435,La Marttiniquaise,distillery,0.4,,,,,,353,AMBIGUOUS
World Whisky{Charles Maclean}(2016){10664435,"Cask 
Matured",distillery,0.4,,,,port,,353,AMBIGUOUS
World Whisky{Charles Maclean}(2016){10664435,The Herald,expression,0.4,,,,,,354,AMBIGUOUS
World Whisky{Charles Maclean}(2016){10664435,The Times,expression,0.4,,,,,,354,AMBIGUOUS
World Whisky{Charles Maclean}(2016){10664435,Quaich. He,expression,0.4,,,,,,354,AMBIGUOUS
[Scotch Whisky 2023-apr] - (2023) - libgen.l,"Scotch Whisky
From",expression,0.4,,,,,,3,AMBIGUOUS
[Scotch Whisky 2023-apr] - (2023) - libgen.l,The Angus,distillery,0.4,,,highland,,,3,AMBIGUOUS
[Scotch Whisky 2023-apr] - (2023) - libgen.l,Murray Orr,expression,0.4,,,,,,4,AMBIGUOUS
[Scotch Whisky 2023-apr] - (2023) - libgen.l,Whisky  Directory,distillery,0.4,,,,,,7,AMBIGUOUS
[Scotch Whisky 2023-apr] - (2023) - libgen.l,The Munros,distillery,0.4,,,,,,8,AMBIGUOUS
[Scotch Whisky 2023-apr] - (2023) - libgen.l,The Kilnman,expression,0.4,,,,,,8,AMBIGUOUS
[Scotch Whisky 2023-apr] - (2023) - libgen.l,The Sovereign,expression,0.4,,,,,,8,AMBIGUOUS
[Scotch Whisky 2023-apr] - (2023) - libgen.l,Whisky Quay,distillery,0.4,,,islay,port,,9,AMBIGUOUS
[Scotch Whisky 2023-apr] - (2023) - libgen.l,Cask Classics,expression,0.4,,,,,,9,AMBIGUOUS
[Scotch Whisky 2023-apr] - (2023) - libgen.l,Uncharted Whisky Co,expression,0.4,,,,,,9,AMBIGUOUS
[Scotch Whisky 2023-apr] - (2023) - libgen.l,"Scotch Whisky
Contributor",expression,0.4,,,,,,10,AMBIGUOUS
[Scotch Whisky 2023-apr] - (2023) - libgen.l,"Smith
The",expression,0.4,,,,,,10,AMBIGUOUS
[Scotch Whisky 2023-apr] - (2023) - libgen.l,Scotch Whisky Association,expression,0.4,,,,,,10,AMBIGUOUS
[Scotch Whisky 2023-apr] - (2023) - libgen.l,Culture  The Scotch,bottler,0.4,,,,,society,12,AMBIGUOUS
[Scotch Whisky 2023-apr] - (2023) - libgen.l,Malt Whisky Society,bottler,0.4,,,,,society,12,AMBIGUOUS
[Scotch Whisky 2023-apr] - (2023) - libgen.l,"Scotch Whisky
Ayrshire",expression,0.4,,,,,,20,AMBIGUOUS
[Scotch Whisky 2023-apr] - (2023) - libgen.l,"Lothians
The",expression,0.4,,,,,,20,AMBIGUOUS
[Scotch Whisky 2023-apr] - (2023) - libgen.l,In Leith,distillery,0.4,,,,,,21,AMBIGUOUS
[Scotch Whisky 2023-apr] - (2023) - libgen.l,Britannia. The,distillery,0.4,,,,,,21,AMBIGUOUS
[Scotch Whisky 2023-apr] - (2023) - libgen.l,Seggie Distillery,distillery,0.4,,,,,,23,AMBIGUOUS
[Scotch Whisky 2023-apr] - (2023) - libgen.l,"Scotch Whisky
Lowland",expression,0.4,,,lowland,,,24,AMBIGUOUS
[Scotch Whisky 2023-apr] - (2023) - libgen.l,"Scotch Whisky
Interview",expression,0.4,,,,,,27,AMBIGUOUS
[Scotch Whisky 2023-apr] - (2023) - libgen.l,The Explorer,expression,0.4,,,,,,37,AMBIGUOUS
[Scotch Whisky 2023-apr] - (2023) - libgen.l,"Scotch Whisky
These",expression,0.4,,,,,,39,AMBIGUOUS
[Scotch Whisky 2023-apr] - (2023) - libgen.l,Coachbuilt Blended Scotch,expression,0.4,,,,,,44,AMBIGUOUS
[Scotch Whisky 2023-apr] - (2023) - libgen.l,Old Perth,expression,0.4,,,,,,51,AMBIGUOUS
[Scotch Whisky 2023-apr] - (2023) - libgen.l,In January,expression,0.4,,,,,,54,AMBIGUOUS
[Scotch Whisky 2023-apr] - (2023) - libgen.l,As Bunford,expression,0.4,,,,,,54,AMBIGUOUS
[Scotch Whisky 2023-apr] - (2023) - libgen.l,Distillery Name,distillery,0.4,,,,,,56,AMBIGUOUS
[Scotch Whisky 2023-apr] - (2023) - libgen.l,"Co.
Parent",distillery,0.4,,,,,,56,AMBIGUOUS
[Scotch Whisky 2023-apr] - (2023) - libgen.l,Distillery Focus,distillery,0.4,,,,,,58,AMBIGUOUS
[Scotch Whisky 2023-apr] - (2023) - libgen.l,"No
Receivers",expression,0.4,,64,,,,64,AMBIGUOUS
[Scotch Whisky 2023-apr] - (2023) - libgen.l,"Diageo
Scotch Whisky",distillery,0.4,,,,,,69,AMBIGUOUS
[Scotch Whisky 2023-apr] - (2023) - libgen.l,"Scotch Whisky
Opening",expression,0.4,,,,,,74,AMBIGUOUS
[Scotch Whisky 2023-apr] - (2023) - libgen.l,"Perthshire. 
It",expression,0.4,,,,,,78,AMBIGUOUS
[Scotch Whisky 2023-apr] - (2023) - libgen.l,Whisky Hotels,expression,0.4,,,,,,82,AMBIGUOUS
[Scotch Whisky 2023-apr] - (2023) - libgen.l,Years Old Double,expression,0.4,18,,,,,84,AMBIGUOUS
[Scotch Whisky 2023-apr] - (2023) - libgen.l,Cask. During,expression,0.4,18,,,,,84,AMBIGUOUS
[Scotch Whisky 2023-apr] - (2023) - libgen.l,"Scotch 
Whisky Experience",bottler,0.4,,,,,society,84,AMBIGUOUS
[Scotch Whisky 2023-apr] - (2023) - libgen.l,Dave Broom,expression,0.4,,,,,,85,AMBIGUOUS
[Scotch Whisky 2023-apr] - (2023) - libgen.l,Whisky Bar,expression,0.4,,,,,,85,AMBIGUOUS
[Scotch Whisky 2023-apr] - (2023) - libgen.l,"Peated 
Malt",expression,0.4,,,,puncheon,,89,AMBIGUOUS
[Scotch Whisky 2023-apr] - (2023) - libgen.l,"Scotch Whisky
Production",expression,0.4,,,,,,101,AMBIGUOUS
[Scotch Whisky 2023-apr] - (2023) - libgen.l,Whisky Raiders,expression,0.4,,,,,,105,AMBIGUOUS
[Scotch Whisky 2023-apr] - (2023) - libgen.l,Medium. On,expression,0.4,,,,,,110,AMBIGUOUS
[Scotch Whisky 2023-apr] - (2023) - libgen.l,La Martiniquaise,distillery,0.4,12,40,,,,113,AMBIGUOUS
[Scotch Whisky 2023-apr] - (2023) - libgen.l,Single Grain,distillery,0.4,,40,lowland,,,121,AMBIGUOUS
_OceanofPDF.com_Whisky_Advocate_-_Fall_2023_,"Robin Robinson
Scotch",expression,0.4,,,,,,11,AMBIGUOUS
_OceanofPDF.com_Whisky_Advocate_-_Fall_2023_,"Whisky Advocate
Photos",expression,0.4,,,,,,12,AMBIGUOUS
_OceanofPDF.com_Whisky_Advocate_-_Fall_2023_,"Taylor 
Distillery",distillery,0.4,,,,,,21,AMBIGUOUS
_OceanofPDF.com_Whisky_Advocate_-_Fall_2023_,Pepper Distillery,distillery,0.4,,,,,,22,AMBIGUOUS
_OceanofPDF.com_Whisky_Advocate_-_Fall_2023_,Key Distillery,distillery,0.4,,,,,,25,AMBIGUOUS
_OceanofPDF.com_Whisky_Advocate_-_Fall_2023_,Manchester St,distillery,0.4,,,,,,25,AMBIGUOUS
_OceanofPDF.com_Whisky_Advocate_-_Fall_2023_,Main St,distillery,0.4,,,,bourbon,,25,AMBIGUOUS
_OceanofPDF.com_Whisky_Advocate_-_Fall_2023_,"Peated Single 
Malt",expression,0.4,,,,,,30,AMBIGUOUS
_OceanofPDF.com_Whisky_Advocate_-_Fall_2023_,"Scotch
Dried",expression,0.4,,,,,,30,AMBIGUOUS
_OceanofPDF.com_Whisky_Advocate_-_Fall_2023_,Making It,expression,0.4,,,,,,36,AMBIGUOUS
_OceanofPDF.com_Whisky_Advocate_-_Fall_2023_,"Japanese 
Whisky Night",expression,0.4,,,,,,36,AMBIGUOUS
_OceanofPDF.com_Whisky_Advocate_-_Fall_2023_,Old Fashioned,expression,0.4,,,,,,40,AMBIGUOUS
_OceanofPDF.com_Whisky_Advocate_-_Fall_2023_,"It Up
Pour",expression,0.4,,,,,,40,AMBIGUOUS
_OceanofPDF.com_Whisky_Advocate_-_Fall_2023_,The Los,expression,0.4,,,,,,41,AMBIGUOUS
_OceanofPDF.com_Whisky_Advocate_-_Fall_2023_,Polugar No,expression,0.4,,,,,,42,AMBIGUOUS
_OceanofPDF.com_Whisky_Advocate_-_Fall_2023_,"Malt Dream 
Cask",expression,0.4,10,61.9,,,,56,AMBIGUOUS
_OceanofPDF.com_Whisky_Advocate_-_Fall_2023_,Whisky Auctioneer,expression,0.4,,61.9,,,,56,AMBIGUOUS
_OceanofPDF.com_Whisky_Advocate_-_Fall_2023_,Scotch Whisky Associ,expression,0.4,,,,,,60,AMBIGUOUS
_OceanofPDF.com_Whisky_Advocate_-_Fall_2023_,Whiskey Commission,expression,0.4,,,,,,68,AMBIGUOUS
_OceanofPDF.com_Whisky_Advocate_-_Fall_2023_,In Iowa,expression,0.4,,62.4,,,,72,AMBIGUOUS
_OceanofPDF.com_Whisky_Advocate_-_Fall_2023_,Murphy. He,expression,0.4,,,,wine,,72,AMBIGUOUS
_OceanofPDF.com_Whisky_Advocate_-_Fall_2023_,Old Line Cask,expression,0.4,,62.2,,,,78,AMBIGUOUS
_OceanofPDF.com_Whisky_Advocate_-_Fall_2023_,Cask Finish,expression,0.4,,46,,,,80,AMBIGUOUS
_OceanofPDF.com_Whisky_Advocate_-_Fall_2023_,The Notch,distillery,0.4,12,47.5,,,,80,AMBIGUOUS
_OceanofPDF.com_Whisky_Advocate_-_Fall_2023_,Street Distillery,distillery,0.4,12,48,,,,80,AMBIGUOUS
_OceanofPDF.com_Whisky_Advocate_-_Fall_2023_,The Blender,expression,0.4,,,,,,85,AMBIGUOUS
_OceanofPDF.com_Whisky_Advocate_-_Fall_2023_,Classic Laddie,expression,0.4,,,,,,86,AMBIGUOUS
_OceanofPDF.com_Whisky_Advocate_-_Fall_2023_,Japanese Whisky Bar,expression,0.4,20,,,,,93,AMBIGUOUS
_OceanofPDF.com_Whisky_Advocate_-_Fall_2023_,St. Moritz,expression,0.4,,,,,,93,AMBIGUOUS
_OceanofPDF.com_Whisky_Advocate_-_Fall_2023_,Whisky Shops,expression,0.4,,,,,,94,AMBIGUOUS
_OceanofPDF.com_Whisky_Advocate_-_Fall_2023_,Exceptional Single Cask,expression,0.4,,,,,,97,AMBIGUOUS
_OceanofPDF.com_Whisky_Advocate_-_Fall_2023_,Whisky Club,expression,0.4,,,,,,97,AMBIGUOUS
_OceanofPDF.com_Whisky_Advocate_-_Fall_2023_,Ripplewood Whiskey,expression,0.4,,,,,,103,AMBIGUOUS
_OceanofPDF.com_Whisky_Advocate_-_Fall_2023_,El Dorado,expression,0.4,8,,,,,104,AMBIGUOUS
_OceanofPDF.com_Whisky_Advocate_-_Fall_2023_,Whisky Lovers,expression,0.4,,40,,,,111,AMBIGUOUS
_OceanofPDF.com_Whisky_Advocate_-_Fall_2023_,The Spanish,expression,0.4,25,46,highland,oak,,120,AMBIGUOUS
_OceanofPDF.com_Whisky_Advocate_-_Fall_2023_,The Buying Guide,expression,0.4,,,,,,120,AMBIGUOUS
_OceanofPDF.com_Whisky_Advocate_-_Fall_2023_,Whisky Advocate Selections,expression,0.4,,,,,,120,AMBIGUOUS
_OceanofPDF.com_Whisky_Advocate_-_Fall_2023_,"Impact. 
He",expression,0.4,,,,,,120,AMBIGUOUS
_OceanofPDF.com_Whisky_Advocate_-_Fall_2023_,"Cask 
Finished",expression,0.4,,85,,,,126,AMBIGUOUS
_OceanofPDF.com_Whisky_Advocate_-_Fall_2023_,"Cask 
Strength",expression,0.4,,36,,,,126,AMBIGUOUS
_OceanofPDF.com_Whisky_Advocate_-_Fall_2023_,Madness Malt,expression,0.4,,46,,,,132,AMBIGUOUS
_OceanofPDF.com_Whisky_Advocate_-_Fall_2023_,Whiskey Alois,expression,0.4,,44.9,,,,133,AMBIGUOUS
_OceanofPDF.com_Whisky_Advocate_-_Fall_2023_,"Old 
Plum",expression,0.4,,,,oak,,133,AMBIGUOUS
_OceanofPDF.com_Whisky_Advocate_-_Fall_2023_,Whiskey Wilhelm,expression,0.4,,46,,,,133,AMBIGUOUS
_OceanofPDF.com_Whisky_Advocate_-_Fall_2023_,Artesia Single Malt,expression,0.4,,45,,oak,,133,AMBIGUOUS
_OceanofPDF.com_Whisky_Advocate_-_Fall_2023_,Riachi Distillery,distillery,0.4,,55,,,,133,AMBIGUOUS
_OceanofPDF.com_Whisky_Advocate_-_Fall_2023_,Whiskey Society,bottler,0.4,,,,wine,society,134,AMBIGUOUS
_OceanofPDF.com_Whisky_Advocate_-_Fall_2023_,New World,expression,0.4,,,,,,137,AMBIGUOUS
_OceanofPDF.com_Whisky_Advocate_-_Fall_2023_,"Place
We",distillery,0.4,,,,,,139,AMBIGUOUS
_OceanofPDF.com_Whisky_Advocate_-_Fall_2023_,The Whisky Frontier,expression,0.4,,,,bourbon,,146,AMBIGUOUS
_OceanofPDF.com_Whisky_Advocate_-_Fall_2023_,"Prairie
The",expression,0.4,,,,,,147,AMBIGUOUS
_OceanofPDF.com_Whisky_Advocate_-_Fall_2023_,"Rye 
Whisky",expression,0.4,,66,,,,148,AMBIGUOUS
_OceanofPDF.com_Whisky_Advocate_-_Fall_2025_,"Whisky Advocate
Photos",expression,0.4,,,,,,14,AMBIGUOUS
_OceanofPDF.com_Whisky_Advocate_-_Fall_2025_,The Doctor,distillery,0.4,,,,,,24,AMBIGUOUS
_OceanofPDF.com_Whisky_Advocate_-_Fall_2025_,"Spices
The",expression,0.4,,,,,,30,AMBIGUOUS
_OceanofPDF.com_Whisky_Advocate_-_Fall_2025_,Whisky Auctioneer,expression,0.4,26,,,sherry,,39,AMBIGUOUS
_OceanofPDF.com_Whisky_Advocate_-_Fall_2025_,"Mark.
The",expression,0.4,,,,,,39,AMBIGUOUS
_OceanofPDF.com_Whisky_Advocate_-_Fall_2025_,Covid. The,distillery,0.4,,,,,,42,AMBIGUOUS
_OceanofPDF.com_Whisky_Advocate_-_Fall_2025_,"Hedonism. 
It",expression,0.4,,,,,,49,AMBIGUOUS
_OceanofPDF.com_Whisky_Advocate_-_Fall_2025_,"Lot 
No",distillery,0.4,,,,,,49,AMBIGUOUS
_OceanofPDF.com_Whisky_Advocate_-_Fall_2025_,Tokyo. At,expression,0.4,,,,,,51,AMBIGUOUS
_OceanofPDF.com_Whisky_Advocate_-_Fall_2025_,In Wisconsin,distillery,0.4,,,,,,55,AMBIGUOUS
_OceanofPDF.com_Whisky_Advocate_-_Fall_2025_,Tom Moore,distillery,0.4,,,,,,56,AMBIGUOUS
_OceanofPDF.com_Whisky_Advocate_-_Fall_2025_,Vikre Distillery,distillery,0.4,,,,,,58,AMBIGUOUS
_OceanofPDF.com_Whisky_Advocate_-_Fall_2025_,St. Andrews,expression,0.4,,,,,,58,AMBIGUOUS
_OceanofPDF.com_Whisky_Advocate_-_Fall_2025_,Bourbon Cask,expression,0.4,,,,sherry,,62,AMBIGUOUS
_OceanofPDF.com_Whisky_Advocate_-_Fall_2025_,Sherry Cask,distillery,0.4,,,,sherry,,62,AMBIGUOUS
_OceanofPDF.com_Whisky_Advocate_-_Fall_2025_,Whiskey Row,distillery,0.4,,,,,,62,AMBIGUOUS
_OceanofPDF.com_Whisky_Advocate_-_Fall_2025_,Minneapolis. In,distillery,0.4,,,,,,62,AMBIGUOUS
_OceanofPDF.com_Whisky_Advocate_-_Fall_2025_,Year. The,expression,0.4,,,,,,68,AMBIGUOUS
_OceanofPDF.com_Whisky_Advocate_-_Fall_2025_,Old Forester,expression,0.4,,,,,,68,AMBIGUOUS
_OceanofPDF.com_Whisky_Advocate_-_Fall_2025_,Old Taylor Distillery,distillery,0.4,,,,,,69,AMBIGUOUS
_OceanofPDF.com_Whisky_Advocate_-_Fall_2025_,In Bond,expression,0.4,13,49,,,,70,AMBIGUOUS
_OceanofPDF.com_Whisky_Advocate_-_Fall_2025_,Whisky Advo,expression,0.4,,,,,,70,AMBIGUOUS
_OceanofPDF.com_Whisky_Advocate_-_Fall_2025_,"Whisky Advocate 
Top",expression,0.4,,,,,,70,AMBIGUOUS
_OceanofPDF.com_Whisky_Advocate_-_Fall_2025_,Jane Distillery,distillery,0.4,,,,,,73,AMBIGUOUS
_OceanofPDF.com_Whisky_Advocate_-_Fall_2025_,Whiskey Commis,expression,0.4,,,,,,74,AMBIGUOUS
_OceanofPDF.com_Whisky_Advocate_-_Fall_2025_,"Cask 
Strength",expression,0.4,,,,,,74,AMBIGUOUS
_OceanofPDF.com_Whisky_Advocate_-_Fall_2025_,"Maureen 
Robinson",expression,0.4,,,,,,75,AMBIGUOUS
_OceanofPDF.com_Whisky_Advocate_-_Fall_2025_,"Scotch Whisky 
Association",expression,0.4,,,,,,75,AMBIGUOUS
_OceanofPDF.com_Whisky_Advocate_-_Fall_2025_,"Weller 
Distillery",distillery,0.4,,,,,,77,AMBIGUOUS
_OceanofPDF.com_Whisky_Advocate_-_Fall_2025_,Dr. Bill,expression,0.4,,,,,,77,AMBIGUOUS
_OceanofPDF.com_Whisky_Advocate_-_Fall_2025_,"Revival
In",expression,0.4,,,,,,86,AMBIGUOUS
_OceanofPDF.com_Whisky_Advocate_-_Fall_2025_,The Committee,distillery,0.4,,,,,,86,AMBIGUOUS
_OceanofPDF.com_Whisky_Advocate_-_Fall_2025_,"No 
Visitors",distillery,0.4,,,,,,88,AMBIGUOUS
_OceanofPDF.com_Whisky_Advocate_-_Fall_2025_,Quarter Cask,expression,0.4,,,,quarter,,89,AMBIGUOUS
_OceanofPDF.com_Whisky_Advocate_-_Fall_2025_,Whiskey Flipping,expression,0.4,,,,,,91,AMBIGUOUS
_OceanofPDF.com_Whisky_Advocate_-_Fall_2025_,New World,expression,0.4,,,,,,91,AMBIGUOUS
_OceanofPDF.com_Whisky_Advocate_-_Fall_2025_,"Cask 
Exploration",expression,0.4,,54.4,,port,,100,AMBIGUOUS
_OceanofPDF.com_Whisky_Advocate_-_Fall_2025_,Cask Finished,bottler,0.4,,46,,,independent,100,AMBIGUOUS
_OceanofPDF.com_Whisky_Advocate_-_Fall_2025_,Whisky Advocate Selections,expression,0.4,,,,,,100,AMBIGUOUS
_OceanofPDF.com_Whisky_Advocate_-_Fall_2025_,"Impact. 
He",expression,0.4,,,,,,100,AMBIGUOUS
_OceanofPDF.com_Whisky_Advocate_-_Fall_2025_,Buying Guide,expression,0.4,,,,,,100,AMBIGUOUS
_OceanofPDF.com_Whisky_Advocate_-_Fall_2025_,"Luminary 
No",expression,0.4,17,49.2,highland,,,101,AMBIGUOUS
_OceanofPDF.com_Whisky_Advocate_-_Fall_2025_,"Batch 
No",expression,0.4,,48.4,,,,102,AMBIGUOUS
_OceanofPDF.com_Whisky_Advocate_-_Fall_2025_,This Texas,expression,0.4,,50,,oak,,105,AMBIGUOUS
_OceanofPDF.com_Whisky_Advocate_-_Fall_2025_,Release No.,expression,0.4,20,47,,bourbon,,106,AMBIGUOUS
_OceanofPDF.com_Whisky_Advocate_-_Fall_2025_,Exceptional Cask,expression,0.4,,52.2,,wine,,107,AMBIGUOUS
_OceanofPDF.com_Whisky_Advocate_-_Fall_2025_,"Falcon 
Single Malt",expression,0.4,,52,,,,107,AMBIGUOUS
_OceanofPDF.com_Whisky_Advocate_-_Fall_2025_,Tailgating With,expression,0.4,,,,,,109,AMBIGUOUS
_OceanofPDF.com_Whisky_Advocate_-_Fall_2025_,El Tesoro,distillery,0.4,,,,,,116,AMBIGUOUS
_OceanofPDF.com_Whisky_Advocate_-_Fall_2025_,Cask Evolution,expression,0.4,,,,,,122,AMBIGUOUS
_OceanofPDF.com_Whisky_Advocate_-_Fall_2025_,"El Pandillo 
Distillery",distillery,0.4,,40,,,,126,AMBIGUOUS
_OceanofPDF.com_Whisky_Advocate_-_May_2023_-,"Whisky Advocate
Photos",expression,0.4,,,,,,12,AMBIGUOUS
_OceanofPDF.com_Whisky_Advocate_-_May_2023_-,"Son 
Distillery",distillery,0.4,,,,,,15,AMBIGUOUS
_OceanofPDF.com_Whisky_Advocate_-_May_2023_-,Distillery Wedding,distillery,0.4,,,,,,21,AMBIGUOUS
_OceanofPDF.com_Whisky_Advocate_-_May_2023_-,"Europe. 
As",expression,0.4,,,,,,23,AMBIGUOUS
_OceanofPDF.com_Whisky_Advocate_-_May_2023_-,The Whisky Exchange,expression,0.4,,,,,,23,AMBIGUOUS
_OceanofPDF.com_Whisky_Advocate_-_May_2023_-,Edition No,expression,0.4,,,,,,24,AMBIGUOUS
_OceanofPDF.com_Whisky_Advocate_-_May_2023_-,"Beefeater 
Distillery",distillery,0.4,,,,,,24,AMBIGUOUS
_OceanofPDF.com_Whisky_Advocate_-_May_2023_-,The Whisky Thing,expression,0.4,,,,,,27,AMBIGUOUS
_OceanofPDF.com_Whisky_Advocate_-_May_2023_-,Sunbeam Rd,distillery,0.4,,,,,,27,AMBIGUOUS
_OceanofPDF.com_Whisky_Advocate_-_May_2023_-,Grove Rd,distillery,0.4,,,,,,27,AMBIGUOUS
_OceanofPDF.com_Whisky_Advocate_-_May_2023_-,Tabard St,distillery,0.4,,,,oak,,27,AMBIGUOUS
_OceanofPDF.com_Whisky_Advocate_-_May_2023_-,"Single 
Malt
Morello",expression,0.4,,,,,,31,AMBIGUOUS
_OceanofPDF.com_Whisky_Advocate_-_May_2023_-,"Summer 
If",expression,0.4,,,,,,34,AMBIGUOUS
_OceanofPDF.com_Whisky_Advocate_-_May_2023_-,Key Distillery,distillery,0.4,,,,,,44,AMBIGUOUS
_OceanofPDF.com_Whisky_Advocate_-_May_2023_-,Whisky Auctioneer,expression,0.4,,46,,,,49,AMBIGUOUS
_OceanofPDF.com_Whisky_Advocate_-_May_2023_-,The Rehabilitation,expression,0.4,,,,,,55,AMBIGUOUS
_OceanofPDF.com_Whisky_Advocate_-_May_2023_-,The Scully,distillery,0.4,,,,,,65,AMBIGUOUS
_OceanofPDF.com_Whisky_Advocate_-_May_2023_-,Distillery. Inspired,distillery,0.4,,,,,,65,AMBIGUOUS
_OceanofPDF.com_Whisky_Advocate_-_May_2023_-,Micil Distillery,distillery,0.4,,,,,,68,AMBIGUOUS
_OceanofPDF.com_Whisky_Advocate_-_May_2023_-,Ardara Distillery,distillery,0.4,,,,,,72,AMBIGUOUS
_OceanofPDF.com_Whisky_Advocate_-_May_2023_-,Crolly Distillery,distillery,0.4,,,,,,72,AMBIGUOUS
_OceanofPDF.com_Whisky_Advocate_-_May_2023_-,"Baoilleach 
Distillery",distillery,0.4,,,,,,72,AMBIGUOUS
_OceanofPDF.com_Whisky_Advocate_-_May_2023_-,Distillery Tours,distillery,0.4,,,,,,72,AMBIGUOUS
_OceanofPDF.com_Whisky_Advocate_-_May_2023_-,Sicily. In,expression,0.4,,,,,,77,AMBIGUOUS
_OceanofPDF.com_Whisky_Advocate_-_May_2023_-,Boatyard Distillery,distillery,0.4,,,,,,85,AMBIGUOUS
_OceanofPDF.com_Whisky_Advocate_-_May_2023_-,Antrim Distillery,distillery,0.4,,,,,,85,AMBIGUOUS
_OceanofPDF.com_Whisky_Advocate_-_May_2023_-,Copeland Distillery,distillery,0.4,,,,,,86,AMBIGUOUS
_OceanofPDF.com_Whisky_Advocate_-_May_2023_-,The Flintlock,expression,0.4,15,55.3,,,,88,AMBIGUOUS
_OceanofPDF.com_Whisky_Advocate_-_May_2023_-,"Tears Japanese 
Cask",expression,0.4,,43,,,,88,AMBIGUOUS
_OceanofPDF.com_Whisky_Advocate_-_May_2023_-,Old Fitzgerald,expression,0.4,,,,bourbon,,98,AMBIGUOUS
_OceanofPDF.com_Whisky_Advocate_-_May_2023_-,The Deacon,expression,0.4,,40,,,,107,AMBIGUOUS
_OceanofPDF.com_Whisky_Advocate_-_May_2023_-,Whisky Advocate Selections,expression,0.4,,,,,,108,AMBIGUOUS
_OceanofPDF.com_Whisky_Advocate_-_May_2023_-,"Impact. 
He",expression,0.4,,,,,,108,AMBIGUOUS
_OceanofPDF.com_Whisky_Advocate_-_May_2023_-,"Cask 
Strength",expression,0.4,18,52.7,,,,110,AMBIGUOUS
_OceanofPDF.com_Whisky_Advocate_-_May_2023_-,Cask Finished,expression,0.4,,45,,,,111,AMBIGUOUS
_OceanofPDF.com_Whisky_Advocate_-_May_2023_-,This Barbados,expression,0.4,,40,,,,113,AMBIGUOUS
_OceanofPDF.com_Whisky_Advocate_-_May_2023_-,"Hakata Whisky
If",expression,0.4,,,,oak,,113,AMBIGUOUS
_OceanofPDF.com_Whisky_Advocate_-_May_2023_-,Shuzo Co,expression,0.4,,,,,,113,AMBIGUOUS
_OceanofPDF.com_Whisky_Advocate_-_May_2023_-,Sherry Cask,expression,0.4,16,42,,sherry,,113,AMBIGUOUS
_OceanofPDF.com_Whisky_Advocate_-_May_2023_-,Whisky Advocate Clubs,expression,0.4,,,,,,116,AMBIGUOUS
_OceanofPDF.com_Whisky_Advocate_-_September_,Whisky Regions,expression,0.4,,,,,,13,AMBIGUOUS
_OceanofPDF.com_Whisky_Advocate_-_September_,Distillery Dining,distillery,0.4,,,,,,13,AMBIGUOUS
_OceanofPDF.com_Whisky_Advocate_-_September_,"Whisky Advocate
Photos",expression,0.4,,,,,,14,AMBIGUOUS
_OceanofPDF.com_Whisky_Advocate_-_September_,My Best,expression,0.4,,,,,,17,AMBIGUOUS
_OceanofPDF.com_Whisky_Advocate_-_September_,Scotch Whisky Association,expression,0.4,,,,,,17,AMBIGUOUS
_OceanofPDF.com_Whisky_Advocate_-_September_,"Ed Reidt
Dear",expression,0.4,,,,bourbon,,19,AMBIGUOUS
_OceanofPDF.com_Whisky_Advocate_-_September_,Buying Guide,expression,0.4,,,,,,19,AMBIGUOUS
_OceanofPDF.com_Whisky_Advocate_-_September_,The Fall,expression,0.4,,,,,,19,AMBIGUOUS
_OceanofPDF.com_Whisky_Advocate_-_September_,"The 
Summer",expression,0.4,,,,,,19,AMBIGUOUS
_OceanofPDF.com_Whisky_Advocate_-_September_,The Malt Mates,expression,0.4,,,,,,19,AMBIGUOUS
_OceanofPDF.com_Whisky_Advocate_-_September_,Dear Jennifer,expression,0.4,,,,,,20,AMBIGUOUS
_OceanofPDF.com_Whisky_Advocate_-_September_,"Resorts World
Whiskey",expression,0.4,,,,,,26,AMBIGUOUS
_OceanofPDF.com_Whisky_Advocate_-_September_,Las Ve,expression,0.4,,,,wine,,26,AMBIGUOUS
_OceanofPDF.com_Whisky_Advocate_-_September_,Whisky Attic,distillery,0.4,,,,,,29,AMBIGUOUS
_OceanofPDF.com_Whisky_Advocate_-_September_,Losee Rd,expression,0.4,,,,wine,,29,AMBIGUOUS
_OceanofPDF.com_Whisky_Advocate_-_September_,The Barbershop,expression,0.4,,,,,,29,AMBIGUOUS
_OceanofPDF.com_Whisky_Advocate_-_September_,Whisky Advo,expression,0.4,,,,,,29,AMBIGUOUS
_OceanofPDF.com_Whisky_Advocate_-_September_,With Chili,expression,0.4,,,,,,34,AMBIGUOUS
_OceanofPDF.com_Whisky_Advocate_-_September_,Double Cask,expression,0.4,30,43,,,,40,AMBIGUOUS
_OceanofPDF.com_Whisky_Advocate_-_September_,Edition Single Cask,expression,0.4,30,52.7,,,,41,AMBIGUOUS
_OceanofPDF.com_Whisky_Advocate_-_September_,Whisky Lovers,distillery,0.4,,,islay,,,52,AMBIGUOUS
_OceanofPDF.com_Whisky_Advocate_-_September_,"Art
No",expression,0.4,,,,,,53,AMBIGUOUS
_OceanofPDF.com_Whisky_Advocate_-_September_,"Wick. 
Is",expression,0.4,,,,,,58,AMBIGUOUS
_OceanofPDF.com_Whisky_Advocate_-_September_,The Ambassadors,expression,0.4,,,,,,67,AMBIGUOUS
_OceanofPDF.com_Whisky_Advocate_-_September_,The Inn,expression,0.4,,,,,,68,AMBIGUOUS
_OceanofPDF.com_Whisky_Advocate_-_September_,Whisky Bar,expression,0.4,,,,,,68,AMBIGUOUS
_OceanofPDF.com_Whisky_Advocate_-_September_,"Am 
Politician",expression,0.4,,,,,,82,AMBIGUOUS
_OceanofPDF.com_Whisky_Advocate_-_September_,Whisky Galore,expression,0.4,,,,,,82,AMBIGUOUS
_OceanofPDF.com_Whisky_Advocate_-_September_,By Air,expression,0.4,,,islands,,,82,AMBIGUOUS
_OceanofPDF.com_Whisky_Advocate_-_September_,World War,expression,0.4,,,,,,83,AMBIGUOUS
_OceanofPDF.com_Whisky_Advocate_-_September_,"Turnberry
This",expression,0.4,,,,,,92,AMBIGUOUS
_OceanofPDF.com_Whisky_Advocate_-_September_,"Blended 
Bourbon",expression,0.4,,44.4,,bourbon,,99,AMBIGUOUS
_OceanofPDF.com_Whisky_Advocate_-_September_,Tamworth Distillery,distillery,0.4,,,,,,100,AMBIGUOUS
_OceanofPDF.com_Whisky_Advocate_-_September_,"Distillery 
Batchers",distillery,0.4,,46,,bourbon,,100,AMBIGUOUS
_OceanofPDF.com_Whisky_Advocate_-_September_,"Distillery
Tasting",distillery,0.4,,,,,,100,AMBIGUOUS
_OceanofPDF.com_Whisky_Advocate_-_September_,Whisky Advocate Selections,expression,0.4,,,,,,106,AMBIGUOUS
_OceanofPDF.com_Whisky_Advocate_-_September_,"Impact. 
He",expression,0.4,,,,,,106,AMBIGUOUS
_OceanofPDF.com_Whisky_Advocate_-_September_,Cask Matured,expression,0.4,14,43.8,,oak,,108,AMBIGUOUS
_OceanofPDF.com_Whisky_Advocate_-_September_,"Cask 
Finish",expression,0.4,,46.8,,,,109,AMBIGUOUS
_OceanofPDF.com_Whisky_Advocate_-_September_,"Whiskey Sherry 
Cask",expression,0.4,,42,,sherry,,114,AMBIGUOUS
_OceanofPDF.com_Whisky_Advocate_-_September_,Cask Finished,expression,0.4,,47.5,,sherry,,114,AMBIGUOUS
_OceanofPDF.com_Whisky_Advocate_-_September_,Musette Single Malt,expression,0.4,,45,,,,118,AMBIGUOUS
_OceanofPDF.com_Whisky_Advocate_-_September_,The Mexican,expression,0.4,,,,,,132,AMBIGUOUS
_OceanofPDF.com_Whisky_Advocate_-_September_,"Distillery. 
Right",distillery,0.4,,,,,,137,AMBIGUOUS
_OceanofPDF.com_Whisky_Advocate_-_September_,La Mexicana,distillery,0.4,,,,,,142,AMBIGUOUS
_OceanofPDF.com_Whisky_Advocate_-_September_,La Cofradia,distillery,0.4,,,,,,143,AMBIGUOUS
_OceanofPDF.com_Whisky_Advocate_-_September_,El Llano,distillery,0.4,,,,,,144,AMBIGUOUS
_OceanofPDF.com_Whisky_Advocate_-_September_,Teremana Distillery,distillery,0.4,,,,,,150,AMBIGUOUS
_OceanofPDF.com_Whisky_Advocate_-_September_,"Distillery.
Entertainer",distillery,0.4,,,,,,153,AMBIGUOUS
_OceanofPDF.com_Whisky_Advocate_-_Spring_202,"Whisky Advocate
Photos",expression,0.4,,,,,,8,AMBIGUOUS
_OceanofPDF.com_Whisky_Advocate_-_Spring_202,Whisky Bars,expression,0.4,,,,,,15,AMBIGUOUS
_OceanofPDF.com_Whisky_Advocate_-_Spring_202,Prohibition. Distillery,distillery,0.4,,,,,,17,AMBIGUOUS
_OceanofPDF.com_Whisky_Advocate_-_Spring_202,The Aquifer,distillery,0.4,,,,,,17,AMBIGUOUS
_OceanofPDF.com_Whisky_Advocate_-_Spring_202,Wenzel Whiskey,expression,0.4,,,,,,19,AMBIGUOUS
_OceanofPDF.com_Whisky_Advocate_-_Spring_202,"Old 
Forester",expression,0.4,,,,,,24,AMBIGUOUS
_OceanofPDF.com_Whisky_Advocate_-_Spring_202,Old Fashioned,expression,0.4,,,,,,26,AMBIGUOUS
_OceanofPDF.com_Whisky_Advocate_-_Spring_202,The French,expression,0.4,,,,wine,,28,AMBIGUOUS
_OceanofPDF.com_Whisky_Advocate_-_Spring_202,Whisky Sours,expression,0.4,,,,,,35,AMBIGUOUS
_OceanofPDF.com_Whisky_Advocate_-_Spring_202,"Glesta. 
What",expression,0.4,,,,,,36,AMBIGUOUS
_OceanofPDF.com_Whisky_Advocate_-_Spring_202,Bourbon Co,expression,0.4,,,,bourbon,,39,AMBIGUOUS
_OceanofPDF.com_Whisky_Advocate_-_Spring_202,Family Distillery,distillery,0.4,17,67.5,,,,40,AMBIGUOUS
_OceanofPDF.com_Whisky_Advocate_-_Spring_202,Copeland Distillery,distillery,0.4,,,,,,43,AMBIGUOUS
_OceanofPDF.com_Whisky_Advocate_-_Spring_202,Casino. As,expression,0.4,,,,,,44,AMBIGUOUS
_OceanofPDF.com_Whisky_Advocate_-_Spring_202,Uncharted Whisky Co,bottler,0.4,,,,,independent,45,AMBIGUOUS
_OceanofPDF.com_Whisky_Advocate_-_Spring_202,Wrapping Up,expression,0.4,,,,,,46,AMBIGUOUS
_OceanofPDF.com_Whisky_Advocate_-_Spring_202,Komoro Japanese,expression,0.4,,,,,,46,AMBIGUOUS
_OceanofPDF.com_Whisky_Advocate_-_Spring_202,Is Born,expression,0.4,,,,,,49,AMBIGUOUS
_OceanofPDF.com_Whisky_Advocate_-_Spring_202,Whiskey Com,expression,0.4,,,,,,49,AMBIGUOUS
_OceanofPDF.com_Whisky_Advocate_-_Spring_202,"Whiskey 
Commission",expression,0.4,,,,,,49,AMBIGUOUS
_OceanofPDF.com_Whisky_Advocate_-_Spring_202,Cask Origin,expression,0.4,,,,,,59,AMBIGUOUS
_OceanofPDF.com_Whisky_Advocate_-_Spring_202,"Old 
Potrero",expression,0.4,,100,,,,64,AMBIGUOUS
_OceanofPDF.com_Whisky_Advocate_-_Spring_202,Street Distillery,distillery,0.4,,,,,,64,AMBIGUOUS
_OceanofPDF.com_Whisky_Advocate_-_Spring_202,Lot No,expression,0.4,,45,,,,64,AMBIGUOUS
_OceanofPDF.com_Whisky_Advocate_-_Spring_202,Steve Mc,distillery,0.4,,,,,,65,AMBIGUOUS
_OceanofPDF.com_Whisky_Advocate_-_Spring_202,"Distillery 
Row",distillery,0.4,,62.5,,,,65,AMBIGUOUS
_OceanofPDF.com_Whisky_Advocate_-_Spring_202,Cask Finished,expression,0.4,,43,islands,,,65,AMBIGUOUS
_OceanofPDF.com_Whisky_Advocate_-_Spring_202,The Huber,expression,0.4,,35,,bourbon,,67,AMBIGUOUS
_OceanofPDF.com_Whisky_Advocate_-_Spring_202,The Quint,expression,0.4,,46,,,,68,AMBIGUOUS
_OceanofPDF.com_Whisky_Advocate_-_Spring_202,Parallel Distillery,distillery,0.4,,46,,,,69,AMBIGUOUS
_OceanofPDF.com_Whisky_Advocate_-_Spring_202,Distillery Series,distillery,0.4,,,,bourbon,,69,AMBIGUOUS
_OceanofPDF.com_Whisky_Advocate_-_Spring_202,"Cask 
Strength",expression,0.4,,58.9,,,,70,AMBIGUOUS
_OceanofPDF.com_Whisky_Advocate_-_Spring_202,"Old 
Scout",expression,0.4,,,,bourbon,,70,AMBIGUOUS
_OceanofPDF.com_Whisky_Advocate_-_Spring_202,The Notch,expression,0.4,8,48,,,,70,AMBIGUOUS
_OceanofPDF.com_Whisky_Advocate_-_Spring_202,Jaywalk Distillery,distillery,0.4,,50,,,,71,AMBIGUOUS
_OceanofPDF.com_Whisky_Advocate_-_Spring_202,Tenmile Distillery,distillery,0.4,3,46,,,,71,AMBIGUOUS
_OceanofPDF.com_Whisky_Advocate_-_Spring_202,"Cigar 
Malt",distillery,0.4,,,,,,84,AMBIGUOUS
_OceanofPDF.com_Whisky_Advocate_-_Spring_202,"Finish
It",expression,0.4,,,,sherry,,84,AMBIGUOUS
_OceanofPDF.com_Whisky_Advocate_-_Spring_202,Old Elk,expression,0.4,,,,,,85,AMBIGUOUS
_OceanofPDF.com_Whisky_Advocate_-_Spring_202,Whisky Trader,expression,0.4,,,,,,91,AMBIGUOUS
_OceanofPDF.com_Whisky_Advocate_-_Spring_202,Liquor Co,expression,0.4,,40,,,,97,AMBIGUOUS
_OceanofPDF.com_Whisky_Advocate_-_Spring_202,"Choice
The",expression,0.4,,,,,,99,AMBIGUOUS
_OceanofPDF.com_Whisky_Advocate_-_Spring_202,Whisky Advocate Selections,expression,0.4,,,,,,101,AMBIGUOUS
_OceanofPDF.com_Whisky_Advocate_-_Spring_202,"Impact. 
He",expression,0.4,,,,,,101,AMBIGUOUS
_OceanofPDF.com_Whisky_Advocate_-_Spring_202,Buying Guide,expression,0.4,,,,,,101,AMBIGUOUS
_OceanofPDF.com_Whisky_Advocate_-_Spring_202,Dr. Bill,expression,0.4,,46,,,,102,AMBIGUOUS
_OceanofPDF.com_Whisky_Advocate_-_Spring_202,Gillian Macdonald,expression,0.4,,,,oak,,102,AMBIGUOUS
_OceanofPDF.com_Whisky_Advocate_-_Spring_202,"Single Distillery 
Edition",distillery,0.4,,40,,,,103,AMBIGUOUS
_OceanofPDF.com_Whisky_Advocate_-_Spring_202,Batch No,expression,0.4,,52,,,,105,AMBIGUOUS
_OceanofPDF.com_Whisky_Advocate_-_Spring_202,Do It Again,expression,0.4,,,,,,105,AMBIGUOUS
_OceanofPDF.com_Whisky_Advocate_-_Spring_202,Double Distillery,distillery,0.4,,,,,,106,AMBIGUOUS
_OceanofPDF.com_Whisky_Advocate_-_Spring_202,Light Whiskey,distillery,0.4,17,67.5,,,,107,AMBIGUOUS
_OceanofPDF.com_Whisky_Advocate_-_Spring_202,Aged Single Malt,expression,0.4,,57.4,,wine,,108,AMBIGUOUS
_OceanofPDF.com_Whisky_Advocate_-_Spring_202,This Aussie,expression,0.4,,57.4,,wine,,108,AMBIGUOUS
_OceanofPDF.com_Whisky_Advocate_-_Spring_202,"Congratulations 
Mr",expression,0.4,,,,,,110,AMBIGUOUS
_OceanofPDF.com_Whisky_Advocate_-_Spring_202,In Praise,expression,0.4,,,,,,1,AMBIGUOUS
_OceanofPDF.com_Whisky_Advocate_-_Spring_202,Aged Scotch,expression,0.4,,,,,,7,AMBIGUOUS
_OceanofPDF.com_Whisky_Advocate_-_Spring_202,Cask Notes,expression,0.4,,,,,,8,AMBIGUOUS
_OceanofPDF.com_Whisky_Advocate_-_Spring_202,"Whisky Advocate
Photos",expression,0.4,,,,,,8,AMBIGUOUS
_OceanofPDF.com_Whisky_Advocate_-_Spring_202,"An Old 
Fashioned",expression,0.4,,,,,,15,AMBIGUOUS
_OceanofPDF.com_Whisky_Advocate_-_Spring_202,The Whisky Has,expression,0.4,,,,,,16,AMBIGUOUS
_OceanofPDF.com_Whisky_Advocate_-_Spring_202,Permission Whiskey,distillery,0.4,,,,,,19,AMBIGUOUS
_OceanofPDF.com_Whisky_Advocate_-_Spring_202,Old Forester,expression,0.4,,,,,,19,AMBIGUOUS
_OceanofPDF.com_Whisky_Advocate_-_Spring_202,"Chai 
Me",expression,0.4,,,,bourbon,,24,AMBIGUOUS
_OceanofPDF.com_Whisky_Advocate_-_Spring_202,Whiskey Sour,expression,0.4,,,,,,30,AMBIGUOUS
_OceanofPDF.com_Whisky_Advocate_-_Spring_202,Whisky Smash,expression,0.4,,,,,,30,AMBIGUOUS
_OceanofPDF.com_Whisky_Advocate_-_Spring_202,"Silly 
Scotch",expression,0.4,,,,,,37,AMBIGUOUS
_OceanofPDF.com_Whisky_Advocate_-_Spring_202,Pennco Distillery,distillery,0.4,,,,,,38,AMBIGUOUS
_OceanofPDF.com_Whisky_Advocate_-_Spring_202,Whisky Auctioneer,expression,0.4,,,,,,43,AMBIGUOUS
_OceanofPDF.com_Whisky_Advocate_-_Spring_202,Old Swagger,expression,0.4,12,50,,bourbon,,61,AMBIGUOUS
_OceanofPDF.com_Whisky_Advocate_-_Spring_202,Dr. Jim,expression,0.4,,,,,,64,AMBIGUOUS
_OceanofPDF.com_Whisky_Advocate_-_Spring_202,Dr. Calum,expression,0.4,21,,,,,65,AMBIGUOUS
_OceanofPDF.com_Whisky_Advocate_-_Spring_202,Dr. Kirstie,expression,0.4,,,,bourbon,,65,AMBIGUOUS
_OceanofPDF.com_Whisky_Advocate_-_Spring_202,Year Old,expression,0.4,15,46,,wine,,65,AMBIGUOUS
_OceanofPDF.com_Whisky_Advocate_-_Spring_202,Cask Exploration,expression,0.4,,,,port,,68,AMBIGUOUS
_OceanofPDF.com_Whisky_Advocate_-_Spring_202,Oloroso Cask,expression,0.4,29,,,,,69,AMBIGUOUS
_OceanofPDF.com_Whisky_Advocate_-_Spring_202,September. The,expression,0.4,,,,,,69,AMBIGUOUS
_OceanofPDF.com_Whisky_Advocate_-_Spring_202,Mark Distillery,distillery,0.4,,,,,,70,AMBIGUOUS
_OceanofPDF.com_Whisky_Advocate_-_Spring_202,Single Bar,expression,0.4,,42.4,,,,71,AMBIGUOUS
_OceanofPDF.com_Whisky_Advocate_-_Spring_202,"Scotch Whisky 
Association",expression,0.4,,,,,,76,AMBIGUOUS
_OceanofPDF.com_Whisky_Advocate_-_Spring_202,Enjoying Blended Scotch,expression,0.4,,,,,,76,AMBIGUOUS
_OceanofPDF.com_Whisky_Advocate_-_Spring_202,The Solid,expression,0.4,,46,,,,76,AMBIGUOUS
_OceanofPDF.com_Whisky_Advocate_-_Spring_202,The Sassenach,expression,0.4,,,,,,77,AMBIGUOUS
_OceanofPDF.com_Whisky_Advocate_-_Spring_202,"Cask 
Magma",expression,0.4,21,,,oak,,77,AMBIGUOUS
_OceanofPDF.com_Whisky_Advocate_-_Spring_202,"Up
While",expression,0.4,,,,,,77,AMBIGUOUS
_OceanofPDF.com_Whisky_Advocate_-_Spring_202,Una Distillery,distillery,0.4,,,,,,79,AMBIGUOUS
_OceanofPDF.com_Whisky_Advocate_-_Spring_202,"Single 
Malts",bottler,0.4,,,,,independent,80,AMBIGUOUS
_OceanofPDF.com_Whisky_Advocate_-_Spring_202,Select Cask,expression,0.4,,48,,sherry,,81,AMBIGUOUS
_OceanofPDF.com_Whisky_Advocate_-_Spring_202,Whisky Advo,expression,0.4,,,,,,81,AMBIGUOUS
_OceanofPDF.com_Whisky_Advocate_-_Spring_202,New World,expression,0.4,,,,,,81,AMBIGUOUS
_OceanofPDF.com_Whisky_Advocate_-_Spring_202,"Old 
Potrero",expression,0.4,,,,,,83,AMBIGUOUS
_OceanofPDF.com_Whisky_Advocate_-_Spring_202,"Impact. 
He",expression,0.4,,,,,,85,AMBIGUOUS
_OceanofPDF.com_Whisky_Advocate_-_Spring_202,Lowlands. This,expression,0.4,00,,,,,86,AMBIGUOUS
_OceanofPDF.com_Whisky_Advocate_-_Spring_202,Beam Distillery,distillery,0.4,,,,,,86,AMBIGUOUS
_OceanofPDF.com_Whisky_Advocate_-_Spring_202,"Whiskey 
Bottled",expression,0.4,,50,,,,88,AMBIGUOUS
_OceanofPDF.com_Whisky_Advocate_-_Spring_202,Chocolate Malt,expression,0.4,,50,,,,88,AMBIGUOUS
_OceanofPDF.com_Whisky_Advocate_-_Spring_202,Squibb Distillery,distillery,0.4,,51.4,,bourbon,,88,AMBIGUOUS
_OceanofPDF.com_Whisky_Advocate_-_Spring_202,Selection No,expression,0.4,,55.7,,,,88,AMBIGUOUS
_OceanofPDF.com_Whisky_Advocate_-_Spring_202,This Pennsylvania,expression,0.4,4,46,,sherry,,89,AMBIGUOUS
_OceanofPDF.com_Whisky_Advocate_-_Spring_202,Cask Finished,expression,0.4,,48.5,,oak,,89,AMBIGUOUS
_OceanofPDF.com_Whisky_Advocate_-_Spring_202,Cask Finish Cask,expression,0.4,,54,,port,,90,AMBIGUOUS
_OceanofPDF.com_Whisky_Advocate_-_Spring_202,"Cask 
Edition",expression,0.4,,43,,sherry,,90,AMBIGUOUS
_OceanofPDF.com_Whisky_Advocate_-_Spring_202,"Distillery Revolutionary 
Whisky",distillery,0.4,,,,,,90,AMBIGUOUS
_OceanofPDF.com_Whisky_Advocate_-_Spring_202,Batch No.,expression,0.4,,44.6,,wine,,90,AMBIGUOUS
_OceanofPDF.com_Whisky_Advocate_-_Spring_202,Rye Whiskey,expression,0.4,,46,,,,90,AMBIGUOUS
_OceanofPDF.com_Whisky_Advocate_-_Spring_202,Single Grain,expression,0.4,,45,,,,90,AMBIGUOUS
_OceanofPDF.com_Whisky_Advocate_-_Spring_202,Old Fashioneds,expression,0.4,,,,,,97,AMBIGUOUS
_OceanofPDF.com_Whisky_Advocate_-_Spring_202,The Secret,expression,0.4,,,,,,99,AMBIGUOUS
_OceanofPDF.com_Whisky_Advocate_-_Spring_202,"Single Cask 
Extra",expression,0.4,,40,,,,101,AMBIGUOUS
_OceanofPDF.com_Whisky_Advocate_-_Summer_202,"Whisky Advocate
Photos",expression,0.4,,,,,,12,AMBIGUOUS
_OceanofPDF.com_Whisky_Advocate_-_Summer_202,"Mezcals
The",expression,0.4,,,,,,12,AMBIGUOUS
_OceanofPDF.com_Whisky_Advocate_-_Summer_202,Buying Guide,expression,0.4,,,,,,15,AMBIGUOUS
_OceanofPDF.com_Whisky_Advocate_-_Summer_202,Whiskey Bar,expression,0.4,,,,,,20,AMBIGUOUS
_OceanofPDF.com_Whisky_Advocate_-_Summer_202,Denver Distillery,distillery,0.4,,,,,,21,AMBIGUOUS
_OceanofPDF.com_Whisky_Advocate_-_Summer_202,Whiskey Society,distillery,0.4,,,,,society,23,AMBIGUOUS
_OceanofPDF.com_Whisky_Advocate_-_Summer_202,The Kurgan,expression,0.4,,,,,,27,AMBIGUOUS
_OceanofPDF.com_Whisky_Advocate_-_Summer_202,What Else Is,expression,0.4,,,,,,28,AMBIGUOUS
_OceanofPDF.com_Whisky_Advocate_-_Summer_202,"States
While",expression,0.4,,,,,,28,AMBIGUOUS
_OceanofPDF.com_Whisky_Advocate_-_Summer_202,Old Fashioned,expression,0.4,,,,,,30,AMBIGUOUS
_OceanofPDF.com_Whisky_Advocate_-_Summer_202,"Minnesota
This",expression,0.4,,,,,,34,AMBIGUOUS
_OceanofPDF.com_Whisky_Advocate_-_Summer_202,Old Forester,expression,0.4,,30,,,,37,AMBIGUOUS
_OceanofPDF.com_Whisky_Advocate_-_Summer_202,The Single Malts,expression,0.4,,,,,,39,AMBIGUOUS
_OceanofPDF.com_Whisky_Advocate_-_Summer_202,Whisky Auctioneer,expression,0.4,32,,islay,,,39,AMBIGUOUS
_OceanofPDF.com_Whisky_Advocate_-_Summer_202,Scotch Whisky Auctions,expression,0.4,47,,,sherry,,39,AMBIGUOUS
_OceanofPDF.com_Whisky_Advocate_-_Summer_202,The Fred,distillery,0.4,,,,,,41,AMBIGUOUS
_OceanofPDF.com_Whisky_Advocate_-_Summer_202,Noe Distillery,distillery,0.4,,,,,,41,AMBIGUOUS
_OceanofPDF.com_Whisky_Advocate_-_Summer_202,Weller Distillery,distillery,0.4,,,,,,42,AMBIGUOUS
_OceanofPDF.com_Whisky_Advocate_-_Summer_202,Old Fitzgerald Distillery,distillery,0.4,,,,,,42,AMBIGUOUS
_OceanofPDF.com_Whisky_Advocate_-_Summer_202,French Cask,expression,0.4,8,,,,,47,AMBIGUOUS
_OceanofPDF.com_Whisky_Advocate_-_Summer_202,Cask Finished,expression,0.4,,47,,,,53,AMBIGUOUS
_OceanofPDF.com_Whisky_Advocate_-_Summer_202,Single Grain,expression,0.4,,43,,bourbon,,55,AMBIGUOUS
_OceanofPDF.com_Whisky_Advocate_-_Summer_202,Causeway Distillery,distillery,0.4,,,,,,55,AMBIGUOUS
_OceanofPDF.com_Whisky_Advocate_-_Summer_202,Ardara Distillery,distillery,0.4,,,,,,55,AMBIGUOUS
_OceanofPDF.com_Whisky_Advocate_-_Summer_202,The Giant,expression,0.4,,,,,,61,AMBIGUOUS
_OceanofPDF.com_Whisky_Advocate_-_Summer_202,This November,distillery,0.4,,,,,,63,AMBIGUOUS
_OceanofPDF.com_Whisky_Advocate_-_Summer_202,"Whisky Tour
The",expression,0.4,,,highland,,,69,AMBIGUOUS
_OceanofPDF.com_Whisky_Advocate_-_Summer_202,Quarter Cask,distillery,0.4,,,,quarter,,76,AMBIGUOUS
_OceanofPDF.com_Whisky_Advocate_-_Summer_202,The Manor,expression,0.4,,,,,,77,AMBIGUOUS
_OceanofPDF.com_Whisky_Advocate_-_Summer_202,The Retreat,expression,0.4,50,,,,,77,AMBIGUOUS
_OceanofPDF.com_Whisky_Advocate_-_Summer_202,Strengths. Cask,expression,0.4,,,,,,81,AMBIGUOUS
_OceanofPDF.com_Whisky_Advocate_-_Summer_202,Whisky Home,expression,0.4,,,,,,81,AMBIGUOUS
_OceanofPDF.com_Whisky_Advocate_-_Summer_202,Amarone Cask,expression,0.4,10,47.3,,,,84,AMBIGUOUS
_OceanofPDF.com_Whisky_Advocate_-_Summer_202,Whisky Advocate Selections,expression,0.4,,,,,,85,AMBIGUOUS
_OceanofPDF.com_Whisky_Advocate_-_Summer_202,"Impact. 
He",expression,0.4,,,,,,85,AMBIGUOUS
_OceanofPDF.com_Whisky_Advocate_-_Summer_202,Cask Finish,expression,0.4,10,46.3,,wine,,88,AMBIGUOUS
_OceanofPDF.com_Whisky_Advocate_-_Summer_202,Cask Matured,expression,0.4,,60,,oak,,89,AMBIGUOUS
_OceanofPDF.com_Whisky_Advocate_-_Summer_202,Experimental Distillery,distillery,0.4,,55,,,,91,AMBIGUOUS
_OceanofPDF.com_Whisky_Advocate_-_Summer_202,"Cask 
Strength",expression,0.4,,55,,,,92,AMBIGUOUS
_OceanofPDF.com_Whisky_Advocate_-_Summer_202,Vernon Distillery,distillery,0.4,,,,,,92,AMBIGUOUS
_OceanofPDF.com_Whisky_Advocate_-_Summer_202,Rare Perfection,expression,0.4,15,85,,,,92,AMBIGUOUS
_OceanofPDF.com_Whisky_Advocate_-_Summer_202,"Sherry 
Single Cask",expression,0.4,15,56.1,,sherry,,92,AMBIGUOUS
_OceanofPDF.com_Whisky_Advocate_-_Summer_202,Moscatel Cask,expression,0.4,10,48.5,,,,93,AMBIGUOUS
_OceanofPDF.com_Whisky_Advocate_-_Summer_202,Silent Distillery,distillery,0.4,,,,,,94,AMBIGUOUS
_OceanofPDF.com_Whisky_Advocate_-_Summer_202,Bourbon Cask,expression,0.4,,50,,bourbon,,94,AMBIGUOUS
_OceanofPDF.com_Whisky_Advocate_-_Summer_202,El Tesoro,expression,0.4,,,,,,101,AMBIGUOUS
_OceanofPDF.com_Whisky_Advocate_-_Summer_202,Norlan Whisky,expression,0.4,,,,,,108,AMBIGUOUS
_OceanofPDF.com_Whisky_Advocate_-_Summer_202,El Tropico,expression,0.4,,,,,,110,AMBIGUOUS
_OceanofPDF.com_Whisky_Advocate_-_Summer_202,Fino Ex,expression,0.4,,,,sherry,,116,AMBIGUOUS
_OceanofPDF.com_Whisky_Advocate_-_Summer_202,"Agaves 
Distillery",distillery,0.4,,,,,,117,AMBIGUOUS
_OceanofPDF.com_Whisky_Advocate_-_Summer_202,Whisky Advocates,expression,0.4,,,,bourbon,,120,AMBIGUOUS
_OceanofPDF.com_Whisky_Advocate_-_Summer_202,Wide Whisky World,expression,0.4,,,,,,11,AMBIGUOUS
_OceanofPDF.com_Whisky_Advocate_-_Summer_202,Single Malts,expression,0.4,,,,,,11,AMBIGUOUS
_OceanofPDF.com_Whisky_Advocate_-_Summer_202,Cask Notes,expression,0.4,,,,,,12,AMBIGUOUS
_OceanofPDF.com_Whisky_Advocate_-_Summer_202,"Whisky Advocate
Photos",expression,0.4,,,,,,12,AMBIGUOUS
_OceanofPDF.com_Whisky_Advocate_-_Summer_202,Old Fashioned,expression,0.4,,,,,,19,AMBIGUOUS
_OceanofPDF.com_Whisky_Advocate_-_Summer_202,Old Wives,expression,0.4,,,,,,19,AMBIGUOUS
_OceanofPDF.com_Whisky_Advocate_-_Summer_202,Harbor Distillery,distillery,0.4,,,,,,19,AMBIGUOUS
_OceanofPDF.com_Whisky_Advocate_-_Summer_202,Old Forester,expression,0.4,,,,,,22,AMBIGUOUS
_OceanofPDF.com_Whisky_Advocate_-_Summer_202,The Falls,expression,0.4,,,,,,22,AMBIGUOUS
_OceanofPDF.com_Whisky_Advocate_-_Summer_202,"Old 
Fitzgerald Distillery",distillery,0.4,,,,,,29,AMBIGUOUS
_OceanofPDF.com_Whisky_Advocate_-_Summer_202,"Scotch 
Whisky Association",expression,0.4,,,,,,34,AMBIGUOUS
_OceanofPDF.com_Whisky_Advocate_-_Summer_202,Experimental Distillery,distillery,0.4,,,,,,44,AMBIGUOUS
_OceanofPDF.com_Whisky_Advocate_-_Summer_202,The Oldest,distillery,0.4,,,,,,46,AMBIGUOUS
_OceanofPDF.com_Whisky_Advocate_-_Summer_202,The Farm,distillery,0.4,,,,bourbon,,54,AMBIGUOUS
_OceanofPDF.com_Whisky_Advocate_-_Summer_202,Wayward Distillery,distillery,0.4,,,,,,62,AMBIGUOUS
_OceanofPDF.com_Whisky_Advocate_-_Summer_202,Arbutus Distillery,distillery,0.4,,,,bourbon,,62,AMBIGUOUS
_OceanofPDF.com_Whisky_Advocate_-_Summer_202,"Whisky Advocate 
Top",distillery,0.4,,34,,,,68,AMBIGUOUS
_OceanofPDF.com_Whisky_Advocate_-_Summer_202,Whiskey Acres,distillery,0.4,,,,,,68,AMBIGUOUS
_OceanofPDF.com_Whisky_Advocate_-_Summer_202,Byars. He,distillery,0.4,,,,,,72,AMBIGUOUS
_OceanofPDF.com_Whisky_Advocate_-_Summer_202,"At 
The New",expression,0.4,,,,,,73,AMBIGUOUS
_OceanofPDF.com_Whisky_Advocate_-_Summer_202,Waiheke Whisky,expression,0.4,,,,,,74,AMBIGUOUS
_OceanofPDF.com_Whisky_Advocate_-_Summer_202,"Choice
The",expression,0.4,,,,,,77,AMBIGUOUS
_OceanofPDF.com_Whisky_Advocate_-_Summer_202,Skellig. On,expression,0.4,,,,,,78,AMBIGUOUS
_OceanofPDF.com_Whisky_Advocate_-_Summer_202,Cask Finished,expression,0.4,,50,,,,78,AMBIGUOUS
_OceanofPDF.com_Whisky_Advocate_-_Summer_202,Buying Guide,expression,0.4,,,,,,79,AMBIGUOUS
_OceanofPDF.com_Whisky_Advocate_-_Summer_202,"Impact. 
He",expression,0.4,,,,,,79,AMBIGUOUS
_OceanofPDF.com_Whisky_Advocate_-_Summer_202,Whisky Souls,bottler,0.4,,,,,independent,80,AMBIGUOUS
_OceanofPDF.com_Whisky_Advocate_-_Summer_202,"Cask 
Bourbon Cask",expression,0.4,,43,,bourbon,,80,AMBIGUOUS
_OceanofPDF.com_Whisky_Advocate_-_Summer_202,The Original,expression,0.4,,40,,,,80,AMBIGUOUS
_OceanofPDF.com_Whisky_Advocate_-_Summer_202,Old Elk,expression,0.4,,44,,,,82,AMBIGUOUS
_OceanofPDF.com_Whisky_Advocate_-_Summer_202,"Cask 
Strength",expression,0.4,8,62,,,,83,AMBIGUOUS
_OceanofPDF.com_Whisky_Advocate_-_Summer_202,This Pennsylvania,distillery,0.4,,50,,,,83,AMBIGUOUS
_OceanofPDF.com_Whisky_Advocate_-_Summer_202,"Blend 
No",expression,0.4,,60,,,,83,AMBIGUOUS
_OceanofPDF.com_Whisky_Advocate_-_Summer_202,The Prisoner,expression,0.4,,,,wine,,84,AMBIGUOUS
_OceanofPDF.com_Whisky_Advocate_-_Summer_202,Cask Finish,expression,0.4,,46,,wine,,84,AMBIGUOUS
_OceanofPDF.com_Whisky_Advocate_-_Summer_202,"El 
Silencio",expression,0.4,,43,,,,99,AMBIGUOUS
_OceanofPDF.com_Whisky_Advocate_-_Whisky_of_,"Whisky Club
The",bottler,0.4,,,,,society,12,AMBIGUOUS
_OceanofPDF.com_Whisky_Advocate_-_Whisky_of_,"Whisky Advocate
Photos",bottler,0.4,,,,,society,12,AMBIGUOUS
_OceanofPDF.com_Whisky_Advocate_-_Whisky_of_,Single Malt Founders,expression,0.4,,,,,,23,AMBIGUOUS
_OceanofPDF.com_Whisky_Advocate_-_Whisky_of_,Beam. The,expression,0.4,,,,,,23,AMBIGUOUS
_OceanofPDF.com_Whisky_Advocate_-_Whisky_of_,"Resorts 
World",expression,0.4,,,,,,23,AMBIGUOUS
_OceanofPDF.com_Whisky_Advocate_-_Whisky_of_,"Tchoupitoulas 
St",distillery,0.4,,,,,,29,AMBIGUOUS
_OceanofPDF.com_Whisky_Advocate_-_Whisky_of_,Frenchmen St,expression,0.4,,,,,,29,AMBIGUOUS
_OceanofPDF.com_Whisky_Advocate_-_Whisky_of_,The Next Whisky,expression,0.4,,,,,,37,AMBIGUOUS
_OceanofPDF.com_Whisky_Advocate_-_Whisky_of_,Single Estate,expression,0.4,,40,,,,45,AMBIGUOUS
_OceanofPDF.com_Whisky_Advocate_-_Whisky_of_,"Neisson 
Distillery",distillery,0.4,90,45,,,,53,AMBIGUOUS
_OceanofPDF.com_Whisky_Advocate_-_Whisky_of_,"Whisky 
Auctioneer",expression,0.4,,,,hogshead,,55,AMBIGUOUS
_OceanofPDF.com_Whisky_Advocate_-_Whisky_of_,Scotch Whisky Auctions,expression,0.4,,,,,,55,AMBIGUOUS
_OceanofPDF.com_Whisky_Advocate_-_Whisky_of_,The Perils,expression,0.4,,,,,,57,AMBIGUOUS
_OceanofPDF.com_Whisky_Advocate_-_Whisky_of_,Shibui Whisky,expression,0.4,,,,,,58,AMBIGUOUS
_OceanofPDF.com_Whisky_Advocate_-_Whisky_of_,"Limavady 
Distillery",distillery,0.4,,,,,,70,AMBIGUOUS
_OceanofPDF.com_Whisky_Advocate_-_Whisky_of_,Quaich. An,expression,0.4,,,,,,72,AMBIGUOUS
_OceanofPDF.com_Whisky_Advocate_-_Whisky_of_,Buying Guide,expression,0.4,,,,,,72,AMBIGUOUS
_OceanofPDF.com_Whisky_Advocate_-_Whisky_of_,"Yorkshire 
Distillery",distillery,0.4,,,,,,78,AMBIGUOUS
_OceanofPDF.com_Whisky_Advocate_-_Whisky_of_,Dr. Jim,distillery,0.4,,,,,,78,AMBIGUOUS
_OceanofPDF.com_Whisky_Advocate_-_Whisky_of_,Scotch Whisky Associ,expression,0.4,,,,,,79,AMBIGUOUS
_OceanofPDF.com_Whisky_Advocate_-_Whisky_of_,Ad Gefrin,expression,0.4,,,,,,80,AMBIGUOUS
_OceanofPDF.com_Whisky_Advocate_-_Whisky_of_,Wiltshire Whisky,expression,0.4,,,,,,80,AMBIGUOUS
_OceanofPDF.com_Whisky_Advocate_-_Whisky_of_,Batch No,expression,0.4,,51.6,,bourbon,,80,AMBIGUOUS
_OceanofPDF.com_Whisky_Advocate_-_Whisky_of_,Cask Finished,expression,0.4,,43,islands,,,90,AMBIGUOUS
_OceanofPDF.com_Whisky_Advocate_-_Whisky_of_,Prohibition. As,distillery,0.4,,,,,,91,AMBIGUOUS
_OceanofPDF.com_Whisky_Advocate_-_Whisky_of_,Peated Cask,expression,0.4,,,,,,93,AMBIGUOUS
_OceanofPDF.com_Whisky_Advocate_-_Whisky_of_,In Illinois,expression,0.4,,,,,,94,AMBIGUOUS
_OceanofPDF.com_Whisky_Advocate_-_Whisky_of_,Israeli Single Malt,expression,0.4,,59.6,,,,94,AMBIGUOUS
_OceanofPDF.com_Whisky_Advocate_-_Whisky_of_,Italian Single Malt,expression,0.4,,46,,,,94,AMBIGUOUS
_OceanofPDF.com_Whisky_Advocate_-_Whisky_of_,Welsh Single Malt,expression,0.4,,46,,,,94,AMBIGUOUS
_OceanofPDF.com_Whisky_Advocate_-_Whisky_of_,Scotch Cobbler,expression,0.4,,,,sherry,,98,AMBIGUOUS
_OceanofPDF.com_Whisky_Advocate_-_Whisky_of_,Double Cask,expression,0.4,12,,,,,98,AMBIGUOUS
_OceanofPDF.com_Whisky_Advocate_-_Whisky_of_,Quad Malt,expression,0.4,,100,,bourbon,,104,AMBIGUOUS
_OceanofPDF.com_Whisky_Advocate_-_Whisky_of_,Single Grain,distillery,0.4,5,100,,,,109,AMBIGUOUS
_OceanofPDF.com_Whisky_Advocate_-_Whisky_of_,And Japan,distillery,0.4,,,,,,111,AMBIGUOUS
_OceanofPDF.com_Whisky_Advocate_-_Whisky_of_,Whisky Advocate Selections,expression,0.4,,,,,,114,AMBIGUOUS
_OceanofPDF.com_Whisky_Advocate_-_Whisky_of_,"Impact. 
He",expression,0.4,,,,,,114,AMBIGUOUS
_OceanofPDF.com_Whisky_Advocate_-_Whisky_of_,The Sassenach,expression,0.4,,46,,,,115,AMBIGUOUS
_OceanofPDF.com_Whisky_Advocate_-_Whisky_of_,"Cask Strength 
Single",expression,0.4,6,56.5,,,,116,AMBIGUOUS
_OceanofPDF.com_Whisky_Advocate_-_Whisky_of_,World Whiskey Society,bottler,0.4,10,,,,society,116,AMBIGUOUS
_OceanofPDF.com_Whisky_Advocate_-_Whisky_of_,Squibb Distillery,distillery,0.4,,50,,,,118,AMBIGUOUS
_OceanofPDF.com_Whisky_Advocate_-_Whisky_of_,Brewing Co,expression,0.4,,,,,,122,AMBIGUOUS
_OceanofPDF.com_Whisky_Advocate_-_Whisky_of_,Kumesen Distillery,distillery,0.4,23,43,,bourbon,,122,AMBIGUOUS
_OceanofPDF.com_Whisky_Advocate_-_Whisky_of_,Cask Ryukyu,expression,0.4,10,43,,oak,,122,AMBIGUOUS
_OceanofPDF.com_Whisky_Advocate_-_Whisky_of_,Pure Malt,expression,0.4,,48,,,,123,AMBIGUOUS
_OceanofPDF.com_Whisky_Advocate_-_Whisky_of_,Cask Finish,expression,0.4,,40,,sherry,,124,AMBIGUOUS
_OceanofPDF.com_Whisky_Advocate_-_Whisky_of_,Arte No.,expression,0.4,,43,,,,127,AMBIGUOUS
_OceanofPDF.com_Whisky_Advocate_-_Whisky_of_,"Rye Single 
Cask",expression,0.4,6,60.7,,,,127,AMBIGUOUS
_OceanofPDF.com_Whisky_Advocate_-_Whisky_of_,Parthenon. We,expression,0.4,,,,,,130,AMBIGUOUS
_OceanofPDF.com_Whisky_Advocate_-_Whisky_of_,Whisky Advocates,expression,0.4,,,,,,130,AMBIGUOUS
_OceanofPDF.com_Whisky_Advocate_-_Whisky_of_,Texas. What,expression,0.4,,,,,,130,AMBIGUOUS
_OceanofPDF.com_Whisky_Advocate_-_Whisky_of_,Publication No,expression,0.4,,,,,,130,AMBIGUOUS
_OceanofPDF.com_Whisky_Advocate_-_Whisky_of_,Japanese. New,expression,0.4,,,,bourbon,,132,AMBIGUOUS
_OceanofPDF.com_Whisky_Advocate_-_Whisky_of_,The Roost,expression,0.4,,,,,,136,AMBIGUOUS
_OceanofPDF.com_Whisky_Advocate_-_Whisky_of_,St. Suite,expression,0.4,,,,,,136,AMBIGUOUS
_OceanofPDF.com_Whisky_Advocate_-_Whisky_of_,Main St,expression,0.4,,,,,,137,AMBIGUOUS
_OceanofPDF.com_Whisky_Advocate_-_Whisky_of_,Whiskey Bar,expression,0.4,,,,,,137,AMBIGUOUS
_OceanofPDF.com_Whisky_Advocate_-_Whisky_of_,Pima Rd,expression,0.4,,,,,,137,AMBIGUOUS
_OceanofPDF.com_Whisky_Advocate_-_Whisky_of_,The Monarch,bottler,0.4,,,,,douglas,140,AMBIGUOUS
_OceanofPDF.com_Whisky_Advocate_-_Whisky_of_,State St,expression,0.4,,,,bourbon,,140,AMBIGUOUS
_OceanofPDF.com_Whisky_Advocate_-_Whisky_of_,Old Fashioneds,expression,0.4,,,,,,140,AMBIGUOUS
_OceanofPDF.com_Whisky_Advocate_-_Whisky_of_,Old Forester,expression,0.4,,,,,,140,AMBIGUOUS
_OceanofPDF.com_Whisky_Advocate_-_Whisky_of_,St. Elmo,expression,0.4,,,,,,140,AMBIGUOUS
_OceanofPDF.com_Whisky_Advocate_-_Whisky_of_,Freret St,expression,0.4,,,,,,141,AMBIGUOUS
_OceanofPDF.com_Whisky_Advocate_-_Whisky_of_,Boylston St,expression,0.4,,,,,,145,AMBIGUOUS
_OceanofPDF.com_Whisky_Advocate_-_Whisky_of_,Parham Rd,expression,0.4,,,,,,145,AMBIGUOUS
_OceanofPDF.com_Whisky_Advocate_-_Whisky_of_,Old Hickory Whiskey,expression,0.4,,,,,,148,AMBIGUOUS
_OceanofPDF.com_Whisky_Advocate_-_Winter_202,"Whisky Advocate
Photos",expression,0.4,,,,,,12,AMBIGUOUS
_OceanofPDF.com_Whisky_Advocate_-_Winter_202,My Kind,expression,0.4,,,,,,20,AMBIGUOUS
_OceanofPDF.com_Whisky_Advocate_-_Winter_202,Wrigley Field,expression,0.4,,,,,,21,AMBIGUOUS
_OceanofPDF.com_Whisky_Advocate_-_Winter_202,The Generator,expression,0.4,,,,,,22,AMBIGUOUS
_OceanofPDF.com_Whisky_Advocate_-_Winter_202,Old Elk,expression,0.4,,,,bourbon,,25,AMBIGUOUS
_OceanofPDF.com_Whisky_Advocate_-_Winter_202,Cask Finish,expression,0.4,,,,,,30,AMBIGUOUS
_OceanofPDF.com_Whisky_Advocate_-_Winter_202,"Strength Scotch 
Single",expression,0.4,,,,port,,30,AMBIGUOUS
_OceanofPDF.com_Whisky_Advocate_-_Winter_202,"Double 
Cask",expression,0.4,,80,,bourbon,,32,AMBIGUOUS
_OceanofPDF.com_Whisky_Advocate_-_Winter_202,La Bomba,expression,0.4,,,islay,,,32,AMBIGUOUS
_OceanofPDF.com_Whisky_Advocate_-_Winter_202,Whisky Smash,expression,0.4,,,,,,37,AMBIGUOUS
_OceanofPDF.com_Whisky_Advocate_-_Winter_202,Annual Single Cask,expression,0.4,,,,,,37,AMBIGUOUS
_OceanofPDF.com_Whisky_Advocate_-_Winter_202,Cigar Malt,expression,0.4,,,highland,,,38,AMBIGUOUS
_OceanofPDF.com_Whisky_Advocate_-_Winter_202,Whisky Bar,expression,0.4,,,,,,38,AMBIGUOUS
_OceanofPDF.com_Whisky_Advocate_-_Winter_202,Old Rarity,expression,0.4,10,,,,,38,AMBIGUOUS
_OceanofPDF.com_Whisky_Advocate_-_Winter_202,Whiskey Tote,expression,0.4,,,,wine,,41,AMBIGUOUS
_OceanofPDF.com_Whisky_Advocate_-_Winter_202,Is Used,expression,0.4,,,,,,43,AMBIGUOUS
_OceanofPDF.com_Whisky_Advocate_-_Winter_202,The Brewer,distillery,0.4,,,,,,50,AMBIGUOUS
_OceanofPDF.com_Whisky_Advocate_-_Winter_202,Year. It,expression,0.4,,,,,,50,AMBIGUOUS
_OceanofPDF.com_Whisky_Advocate_-_Winter_202,Brewing Co,expression,0.4,,,,,,50,AMBIGUOUS
_OceanofPDF.com_Whisky_Advocate_-_Winter_202,Donut Distillery,distillery,0.4,,,,,,52,AMBIGUOUS
_OceanofPDF.com_Whisky_Advocate_-_Winter_202,Whisky Auctioneer,expression,0.4,,,,,,55,AMBIGUOUS
_OceanofPDF.com_Whisky_Advocate_-_Winter_202,Shively Distillery,distillery,0.4,,,,,,55,AMBIGUOUS
_OceanofPDF.com_Whisky_Advocate_-_Winter_202,Finished Blended Malt,expression,0.4,12,,,,,59,AMBIGUOUS
_OceanofPDF.com_Whisky_Advocate_-_Winter_202,Pure Malt,expression,0.4,,,,,,64,AMBIGUOUS
_OceanofPDF.com_Whisky_Advocate_-_Winter_202,"The  
Holdovers",expression,0.4,,,,,,64,AMBIGUOUS
_OceanofPDF.com_Whisky_Advocate_-_Winter_202,The Ink,expression,0.4,12,56.4,,,,74,AMBIGUOUS
_OceanofPDF.com_Whisky_Advocate_-_Winter_202,The Nectar,expression,0.4,16,46,,,,76,AMBIGUOUS
_OceanofPDF.com_Whisky_Advocate_-_Winter_202,Buying Guide,expression,0.4,,,,,,78,AMBIGUOUS
_OceanofPDF.com_Whisky_Advocate_-_Winter_202,"Quaich. 
An",expression,0.4,,,,,,78,AMBIGUOUS
_OceanofPDF.com_Whisky_Advocate_-_Winter_202,This Melbourne,expression,0.4,,,,,,80,AMBIGUOUS
_OceanofPDF.com_Whisky_Advocate_-_Winter_202,Stout Cask,distillery,0.4,,50,,,,80,AMBIGUOUS
_OceanofPDF.com_Whisky_Advocate_-_Winter_202,Jackson Purchase Distillery,distillery,0.4,,,,,,84,AMBIGUOUS
_OceanofPDF.com_Whisky_Advocate_-_Winter_202,Bill Jr,distillery,0.4,,,,,,89,AMBIGUOUS
_OceanofPDF.com_Whisky_Advocate_-_Winter_202,"Ron.
In",expression,0.4,,,,,,90,AMBIGUOUS
_OceanofPDF.com_Whisky_Advocate_-_Winter_202,Antoni. The,expression,0.4,,,,,,97,AMBIGUOUS
_OceanofPDF.com_Whisky_Advocate_-_Winter_202,Bourbon Co,expression,0.4,,,,bourbon,,97,AMBIGUOUS
_OceanofPDF.com_Whisky_Advocate_-_Winter_202,"The 
Kelvin",expression,0.4,,,,,,97,AMBIGUOUS
_OceanofPDF.com_Whisky_Advocate_-_Winter_202,Squibb Distillery,distillery,0.4,,,,,,98,AMBIGUOUS
_OceanofPDF.com_Whisky_Advocate_-_Winter_202,At Vermont,expression,0.4,,,,,,101,AMBIGUOUS
_OceanofPDF.com_Whisky_Advocate_-_Winter_202,Tenmile Distillery,distillery,0.4,,,,,,106,AMBIGUOUS
_OceanofPDF.com_Whisky_Advocate_-_Winter_202,"Scotch 
Whisky Association",distillery,0.4,,,,,,106,AMBIGUOUS
_OceanofPDF.com_Whisky_Advocate_-_Winter_202,Maggie Moore,distillery,0.4,,,,,,106,AMBIGUOUS
_OceanofPDF.com_Whisky_Advocate_-_Winter_202,New World,expression,0.4,,,,,,106,AMBIGUOUS
_OceanofPDF.com_Whisky_Advocate_-_Winter_202,Gareth Moore,distillery,0.4,,,,,,107,AMBIGUOUS
_OceanofPDF.com_Whisky_Advocate_-_Winter_202,Clermont Distillery,distillery,0.4,,,,sherry,,108,AMBIGUOUS
_OceanofPDF.com_Whisky_Advocate_-_Winter_202,World Whiskey Society,bottler,0.4,,,,,society,111,AMBIGUOUS
_OceanofPDF.com_Whisky_Advocate_-_Winter_202,"Peated 
Single Malt",expression,0.4,,46,,,,111,AMBIGUOUS
_OceanofPDF.com_Whisky_Advocate_-_Winter_202,"The 
Utah",distillery,0.4,,,,,,111,AMBIGUOUS
_OceanofPDF.com_Whisky_Advocate_-_Winter_202,El Cielo,expression,0.4,2,40,,oak,,119,AMBIGUOUS
_OceanofPDF.com_Whisky_Advocate_-_Winter_202,The Hearach,distillery,0.4,,,,,,125,AMBIGUOUS
_OceanofPDF.com_Whisky_Advocate_-_Winter_202,Regenerative Cask,expression,0.4,,,,,,125,AMBIGUOUS
_OceanofPDF.com_Whisky_Advocate_-_Winter_202,"Selection 
No",distillery,0.4,,53.5,,oak,,126,AMBIGUOUS
_OceanofPDF.com_Whisky_Advocate_-_Winter_202,Hioki. It,distillery,0.4,,,,oak,,126,AMBIGUOUS
_OceanofPDF.com_Whisky_Advocate_-_Winter_202,Whisky Advocate Selections,expression,0.4,,,,,,128,AMBIGUOUS
_OceanofPDF.com_Whisky_Advocate_-_Winter_202,"Impact. 
He",expression,0.4,,,,,,128,AMBIGUOUS
_OceanofPDF.com_Whisky_Advocate_-_Winter_202,Release No,expression,0.4,14,56.8,campbeltown,,,129,AMBIGUOUS
_OceanofPDF.com_Whisky_Advocate_-_Winter_202,"Malt 
Project",expression,0.4,,45,,,,132,AMBIGUOUS
_OceanofPDF.com_Whisky_Advocate_-_Winter_202,Series Blended Malt,distillery,0.4,,45.5,,,,133,AMBIGUOUS
_OceanofPDF.com_Whisky_Advocate_-_Winter_202,Daichiuchi Single Cask,expression,0.4,,61,,bourbon,,134,AMBIGUOUS
_OceanofPDF.com_Whisky_Advocate_-_Winter_202,Minokedashi Single Cask,expression,0.4,,60,,sherry,,134,AMBIGUOUS
_OceanofPDF.com_Whisky_Advocate_-_Winter_202,"The 
Sicilian",expression,0.4,,,,,,134,AMBIGUOUS
_OceanofPDF.com_Whisky_Advocate_-_Winter_202,Forman. The,expression,0.4,,,,bourbon,,134,AMBIGUOUS
_OceanofPDF.com_Whisky_Advocate_-_Winter_202,"The 
Madeira",expression,0.4,,,,oak,,134,AMBIGUOUS
_OceanofPDF.com_Whisky_Advocate_-_Winter_202,"Oyashirome 
Single Cask",expression,0.4,,64,,bourbon,,135,AMBIGUOUS
_OceanofPDF.com_Whisky_Advocate_-_Winter_202,"Sarahebi 
Single Cask",expression,0.4,,,,oak,,135,AMBIGUOUS
_OceanofPDF.com_Whisky_Advocate_-_Winter_202,Single Malts,expression,0.4,,46,,,,136,AMBIGUOUS
_OceanofPDF.com_Whisky_Advocate_-_Winter_202,"Anniversary 
Single Malt",expression,0.4,,52,,,,137,AMBIGUOUS
_OceanofPDF.com_Whisky_Advocate_-_Winter_202,Do It Again,expression,0.4,,,,,,138,AMBIGUOUS
_OceanofPDF.com_Whisky_Advocate_-_Winter_202,Publication No,expression,0.4,,,,,,140,AMBIGUOUS
_OceanofPDF.com_Whisky_Advocate_-_Winter_202,Old Lightning,expression,0.4,,,,,,145,AMBIGUOUS
_OceanofPDF.com_Whisky_Advocate_-_Winter_202,"Club
Cask",expression,0.4,,,,,,148,AMBIGUOUS
_OceanofPDF.com_Whisky_Advocate_-_Winter_202,"Whiskey 
Lounge",expression,0.4,,,,wine,,152,AMBIGUOUS
_OceanofPDF.com_Whisky_Advocate_-_Winter_202,The Daley,expression,0.4,,,,,,154,AMBIGUOUS
_OceanofPDF.com_Whisky_Advocate_-_Winter_202,Whisky Room,expression,0.4,,,,,,156,AMBIGUOUS
_OceanofPDF.com_Whisky_Advocate_-_Winter_202,Canon Whiskey,expression,0.4,,,,,,156,AMBIGUOUS
_OceanofPDF.com_Whisky_Advocate_-_Winter_202,Old Fashioneds,expression,0.4,,,,,,157,AMBIGUOUS
_OceanofPDF.com_Whisky_Advocate_-_Wol_32_No_,"Whisky Advocate
Photosfromourreaders",expression,0.4,,,,,,12,AMBIGUOUS
_OceanofPDF.com_Whisky_Advocate_-_Wol_32_No_,Whisky Year,expression,0.4,,,,,,15,AMBIGUOUS
_OceanofPDF.com_Whisky_Advocate_-_Wol_32_No_,Batch No,expression,0.4,19,,,,,21,AMBIGUOUS
_OceanofPDF.com_Whisky_Advocate_-_Wol_32_No_,Anniversary Single Malt,expression,0.4,21,,,,,21,AMBIGUOUS
_OceanofPDF.com_Whisky_Advocate_-_Wol_32_No_,Toyama Distillery,distillery,0.4,,,,,,22,AMBIGUOUS
_OceanofPDF.com_Whisky_Advocate_-_Wol_32_No_,"Mark.
We",expression,0.4,,,,,,22,AMBIGUOUS
_OceanofPDF.com_Whisky_Advocate_-_Wol_32_No_,Double Whisky,expression,0.4,,,,,,27,AMBIGUOUS
_OceanofPDF.com_Whisky_Advocate_-_Wol_32_No_,"Old 
Fashioned",expression,0.4,,,,,,29,AMBIGUOUS
_OceanofPDF.com_Whisky_Advocate_-_Wol_32_No_,"Whisky
Bars",expression,0.4,,,,,,33,AMBIGUOUS
_OceanofPDF.com_Whisky_Advocate_-_Wol_32_No_,Macquarie St,expression,0.4,,,,,,33,AMBIGUOUS
_OceanofPDF.com_Whisky_Advocate_-_Wol_32_No_,Knox St,expression,0.4,,,,,,33,AMBIGUOUS
_OceanofPDF.com_Whisky_Advocate_-_Wol_32_No_,Vat No,expression,0.4,,59.9,,,,53,AMBIGUOUS
_OceanofPDF.com_Whisky_Advocate_-_Wol_32_No_,"Try
In",expression,0.4,,,,,,53,AMBIGUOUS
_OceanofPDF.com_Whisky_Advocate_-_Wol_32_No_,An Estate,distillery,0.4,,,,,,57,AMBIGUOUS
_OceanofPDF.com_Whisky_Advocate_-_Wol_32_No_,"York
Scotch",bottler,0.4,,,,,society,60,AMBIGUOUS
_OceanofPDF.com_Whisky_Advocate_-_Wol_32_No_,The Sassenach,expression,0.4,,,,,,61,AMBIGUOUS
_OceanofPDF.com_Whisky_Advocate_-_Wol_32_No_,The Ink,expression,0.4,12,,,,,62,AMBIGUOUS
_OceanofPDF.com_Whisky_Advocate_-_Wol_32_No_,Kansas. In,distillery,0.4,,,,,,65,AMBIGUOUS
_OceanofPDF.com_Whisky_Advocate_-_Wol_32_No_,In Retrospect,expression,0.4,,05,,,,74,AMBIGUOUS
_OceanofPDF.com_Whisky_Advocate_-_Wol_32_No_,Dr. Rachel,expression,0.4,,,,,,76,AMBIGUOUS
_OceanofPDF.com_Whisky_Advocate_-_Wol_32_No_,"Cask 
Strength",expression,0.4,6,75,,,,78,AMBIGUOUS
_OceanofPDF.com_Whisky_Advocate_-_Wol_32_No_,"Quaich. 
An",expression,0.4,,,,,,78,AMBIGUOUS
_OceanofPDF.com_Whisky_Advocate_-_Wol_32_No_,Buying Guide,expression,0.4,,,,,,78,AMBIGUOUS
_OceanofPDF.com_Whisky_Advocate_-_Wol_32_No_,Cuba. It,expression,0.4,6,,,,,79,AMBIGUOUS
_OceanofPDF.com_Whisky_Advocate_-_Wol_32_No_,Old Elk,expression,0.4,,,,bourbon,,79,AMBIGUOUS
_OceanofPDF.com_Whisky_Advocate_-_Wol_32_No_,Cask Finish,expression,0.4,,,,bourbon,,79,AMBIGUOUS
_OceanofPDF.com_Whisky_Advocate_-_Wol_32_No_,When Whisky Advocate,expression,0.4,,,,,,83,AMBIGUOUS
_OceanofPDF.com_Whisky_Advocate_-_Wol_32_No_,"Cask Program 
As",expression,0.4,,,,,,84,AMBIGUOUS
_OceanofPDF.com_Whisky_Advocate_-_Wol_32_No_,"Cask
Pay",distillery,0.4,,,,,,84,AMBIGUOUS
_OceanofPDF.com_Whisky_Advocate_-_Wol_32_No_,"Bottle It
Scotch",expression,0.4,,,,,,85,AMBIGUOUS
_OceanofPDF.com_Whisky_Advocate_-_Wol_32_No_,"Scotch Whisky 
Regulations",expression,0.4,,,,,,85,AMBIGUOUS
_OceanofPDF.com_Whisky_Advocate_-_Wol_32_No_,"Auction It
Whisky",expression,0.4,,,,,,85,AMBIGUOUS
_OceanofPDF.com_Whisky_Advocate_-_Wol_32_No_,Your Cask Is,expression,0.4,,,,,,85,AMBIGUOUS
_OceanofPDF.com_Whisky_Advocate_-_Wol_32_No_,Now What,expression,0.4,,,,,,85,AMBIGUOUS
_OceanofPDF.com_Whisky_Advocate_-_Wol_32_No_,Main St,distillery,0.4,,,,,,93,AMBIGUOUS
_OceanofPDF.com_Whisky_Advocate_-_Wol_32_No_,Bond St,distillery,0.4,,,,,,93,AMBIGUOUS
_OceanofPDF.com_Whisky_Advocate_-_Wol_32_No_,Old Fash,expression,0.4,,,,,,94,AMBIGUOUS
_OceanofPDF.com_Whisky_Advocate_-_Wol_32_No_,Cranmore. The,distillery,0.4,,,,,,94,AMBIGUOUS
_OceanofPDF.com_Whisky_Advocate_-_Wol_32_No_,Oloroso Cask,expression,0.4,18,,,,,98,AMBIGUOUS
_OceanofPDF.com_Whisky_Advocate_-_Wol_32_No_,"Untamed. 
It",distillery,0.4,,,,,,98,AMBIGUOUS
_OceanofPDF.com_Whisky_Advocate_-_Wol_32_No_,Lot No,distillery,0.4,,,,oak,,103,AMBIGUOUS
_OceanofPDF.com_Whisky_Advocate_-_Wol_32_No_,"Gins
No",expression,0.4,,,,,,105,AMBIGUOUS
_OceanofPDF.com_Whisky_Advocate_-_Wol_32_No_,Old Tom,expression,0.4,,,,,,105,AMBIGUOUS
_OceanofPDF.com_Whisky_Advocate_-_Wol_32_No_,Spain. It,expression,0.4,,,,,,106,AMBIGUOUS
_OceanofPDF.com_Whisky_Advocate_-_Wol_32_No_,Cask Series,expression,0.4,,,,sherry,,106,AMBIGUOUS
_OceanofPDF.com_Whisky_Advocate_-_Wol_32_No_,"Whisky 
Negroni",expression,0.4,,,,,,107,AMBIGUOUS
_OceanofPDF.com_Whisky_Advocate_-_Wol_32_No_,Peninsula. The,expression,0.4,,40,,,,107,AMBIGUOUS
_OceanofPDF.com_Whisky_Advocate_-_Wol_32_No_,The Hearach,expression,0.4,,,,sherry,,109,AMBIGUOUS
_OceanofPDF.com_Whisky_Advocate_-_Wol_32_No_,"Guide
Reviews",expression,0.4,,,,,,109,AMBIGUOUS
_OceanofPDF.com_Whisky_Advocate_-_Wol_32_No_,Whisky Advocate Selections,expression,0.4,,,,,,112,AMBIGUOUS
_OceanofPDF.com_Whisky_Advocate_-_Wol_32_No_,"Impact. 
He",expression,0.4,,,,,,112,AMBIGUOUS
_OceanofPDF.com_Whisky_Advocate_-_Wol_32_No_,Dr. Stuart,expression,0.4,,,,,,113,AMBIGUOUS
_OceanofPDF.com_Whisky_Advocate_-_Wol_32_No_,"Cask 
Finished",expression,0.4,,46.3,,oak,,115,AMBIGUOUS
_OceanofPDF.com_Whisky_Advocate_-_Wol_32_No_,Old Fitzgerald,expression,0.4,10,,,,,118,AMBIGUOUS
_OceanofPDF.com_Whisky_Advocate_-_Wol_32_No_,Old Fitz,expression,0.4,,50,,,,118,AMBIGUOUS
_OceanofPDF.com_Whisky_Advocate_-_Wol_32_No_,"Maureen 
Robinson",expression,0.4,,,,,,120,AMBIGUOUS
_OceanofPDF.com_Whisky_Advocate_-_Wol_32_No_,Peated Single Malt,expression,0.4,10,46,,,,124,AMBIGUOUS
_OceanofPDF.com_Whisky_Advocate_-_Wol_32_No_,Cask Edition,expression,0.4,,46,,port,,124,AMBIGUOUS
_OceanofPDF.com_Whisky_Advocate_-_Wol_32_No_,Ireland. The,expression,0.4,,,,,,126,AMBIGUOUS
_OceanofPDF.com_Whisky_Advocate_-_Wol_32_No_,"Ki 
One",expression,0.4,,,,sherry,,126,AMBIGUOUS
_OceanofPDF.com_Whisky_Advocate_-_Wol_32_No_,New World,expression,0.4,,,,,,126,AMBIGUOUS
_OceanofPDF.com_Whisky_Advocate_-_Wol_32_No_,Dr. Emma,expression,0.4,,,,,,128,AMBIGUOUS
_OceanofPDF.com_Whisky_Advocate_-_Wol_32_No_,Ultima. This,expression,0.4,,,,,,128,AMBIGUOUS
_OceanofPDF.com_Whisky_Advocate_-_Wol_32_No_,Whisky Advocate Summer,expression,0.4,,,,,,132,AMBIGUOUS
_OceanofPDF.com_Whisky_Advocate_-_Wol_32_No_,Publication No,expression,0.4,,,,,,132,AMBIGUOUS
_OceanofPDF.com_Whisky_Advocate_-_Wol_32_No_,The Ingredients As,expression,0.4,,,,,,141,AMBIGUOUS
_OceanofPDF.com_Whisky_Advocate_-_Wol_32_No_,The Lowlands,expression,0.4,,,islands,,,141,AMBIGUOUS
_OceanofPDF.com_Whisky_Advocate_-_Wol_32_No_,"Mt.  
Tennozan",distillery,0.4,,,,,,145,AMBIGUOUS
_OceanofPDF.com_Whisky_Advocate_-_Wol_32_No_,Japan. He,distillery,0.4,,,,,,145,AMBIGUOUS
_OceanofPDF.com_Whisky_Advocate_-_Wol_32_No_,Jim Murray,expression,0.4,,,,sherry,,145,AMBIGUOUS
_OceanofPDF.com_Whisky_Advocate_-_Wol_32_No_,Japanese Harmony,expression,0.4,,,,,,146,AMBIGUOUS
_OceanofPDF.com_Whisky_Advocate_-_Wol_32_No_,Bill Murray,expression,0.4,,,,,,148,AMBIGUOUS
annas-arch-21eb2f4fc714.pdf,Malt Whisky Yearbook,expression,0.4,,,,,,2,AMBIGUOUS
annas-arch-21eb2f4fc714.pdf,The Whisky Exchange,bottler,0.4,,,,,independent,2,AMBIGUOUS
annas-arch-21eb2f4fc714.pdf,Autumn. And,expression,0.4,,,,,,2,AMBIGUOUS
annas-arch-21eb2f4fc714.pdf,Bestshotwhiskyreviews.,expression,0.4,,,,,,2,AMBIGUOUS
annas-arch-21eb2f4fc714.pdf,In The Air,expression,0.4,,,,,,5,AMBIGUOUS
annas-arch-21eb2f4fc714.pdf,Scotch Whisky Tourism,expression,0.4,,,,,,5,AMBIGUOUS
annas-arch-21eb2f4fc714.pdf,Feel The Whisky,expression,0.4,,,,,,5,AMBIGUOUS
annas-arch-21eb2f4fc714.pdf,Single Malts,expression,0.4,,,,,,5,AMBIGUOUS
annas-arch-21eb2f4fc714.pdf,Whisky Shops,bottler,0.4,,,,,independent,5,AMBIGUOUS
annas-arch-21eb2f4fc714.pdf,"The 
Whisky Year",expression,0.4,,,,,,6,AMBIGUOUS
annas-arch-21eb2f4fc714.pdf,"Spain. 
The",expression,0.4,,,,,,10,AMBIGUOUS
annas-arch-21eb2f4fc714.pdf,Scotch Whisky Association,expression,0.4,,,,,,10,AMBIGUOUS
annas-arch-21eb2f4fc714.pdf,The Apostoles,expression,0.4,,,,,,12,AMBIGUOUS
annas-arch-21eb2f4fc714.pdf,"Oloroso. 
The",expression,0.4,,,,wine,,15,AMBIGUOUS
annas-arch-21eb2f4fc714.pdf,Whisky Etc,expression,0.4,,,,,,15,AMBIGUOUS
annas-arch-21eb2f4fc714.pdf,Whisky Quarterly,expression,0.4,,,,,,15,AMBIGUOUS
annas-arch-21eb2f4fc714.pdf,Definitive World Guide,expression,0.4,,,,,,15,AMBIGUOUS
annas-arch-21eb2f4fc714.pdf,The Shackleton,expression,0.4,,,,,,21,AMBIGUOUS
annas-arch-21eb2f4fc714.pdf,You About Whisky,expression,0.4,,,,,,23,AMBIGUOUS
annas-arch-21eb2f4fc714.pdf,"Texan. 
As",expression,0.4,,,,,,28,AMBIGUOUS
annas-arch-21eb2f4fc714.pdf,The New World,distillery,0.4,,,,,,29,AMBIGUOUS
annas-arch-21eb2f4fc714.pdf,In Taiwan,expression,0.4,,,,,,29,AMBIGUOUS
annas-arch-21eb2f4fc714.pdf,Taiwanese. By,expression,0.4,,,,,,29,AMBIGUOUS
annas-arch-21eb2f4fc714.pdf,"World 
Whisky Forum",expression,0.4,,,,,,29,AMBIGUOUS
annas-arch-21eb2f4fc714.pdf,Scotch Whisky Experience,expression,0.4,,,,,,34,AMBIGUOUS
annas-arch-21eb2f4fc714.pdf,Whisky Director,expression,0.4,,,,,,35,AMBIGUOUS
annas-arch-21eb2f4fc714.pdf,Single Mabe,expression,0.4,,,,,,38,AMBIGUOUS
annas-arch-21eb2f4fc714.pdf,"Whiky 
The",expression,0.4,,,,,,38,AMBIGUOUS
annas-arch-21eb2f4fc714.pdf,Whisky Auctioneer,expression,0.4,,,,,,40,AMBIGUOUS
annas-arch-21eb2f4fc714.pdf,Single Malt Fund,expression,0.4,,,,,,42,AMBIGUOUS
annas-arch-21eb2f4fc714.pdf,The Swedish,expression,0.4,,,,,,43,AMBIGUOUS
annas-arch-21eb2f4fc714.pdf,In Sweden,expression,0.4,,,,,,43,AMBIGUOUS
annas-arch-21eb2f4fc714.pdf,Scotch Whisky Industry,expression,0.4,,,,,,45,AMBIGUOUS
annas-arch-21eb2f4fc714.pdf,Aeneas Macdonald,expression,0.4,,,,,,47,AMBIGUOUS
annas-arch-21eb2f4fc714.pdf,Cellar Book,expression,0.4,,,,,,48,AMBIGUOUS
annas-arch-21eb2f4fc714.pdf,Dr. Nicholas,expression,0.4,,,,,,50,AMBIGUOUS
annas-arch-21eb2f4fc714.pdf,Whisky Crea,expression,0.4,,,,,,54,AMBIGUOUS
annas-arch-21eb2f4fc714.pdf,Sherry. And,expression,0.4,,,,oak,,55,AMBIGUOUS
annas-arch-21eb2f4fc714.pdf,Whisky Creation,expression,0.4,,,,,,57,AMBIGUOUS
annas-arch-21eb2f4fc714.pdf,"Patience. 
It",expression,0.4,,,,,,57,AMBIGUOUS
annas-arch-21eb2f4fc714.pdf,Whisky Time,expression,0.4,,,,,,59,AMBIGUOUS
annas-arch-21eb2f4fc714.pdf,"Wo 
Asli",distillery,0.4,,,,,,63,AMBIGUOUS
annas-arch-21eb2f4fc714.pdf,Chang. So,distillery,0.4,,,,,,63,AMBIGUOUS
annas-arch-21eb2f4fc714.pdf,Distillery Select,distillery,0.4,,,,,,63,AMBIGUOUS
annas-arch-21eb2f4fc714.pdf,The Science,expression,0.4,,,,,,63,AMBIGUOUS
annas-arch-21eb2f4fc714.pdf,Pernod Ri,distillery,0.4,,,,,,66,AMBIGUOUS
annas-arch-21eb2f4fc714.pdf,"Double 
Cask",expression,0.4,12,,,sherry,,66,AMBIGUOUS
annas-arch-21eb2f4fc714.pdf,St Fergus,expression,0.4,,,highland,,,70,AMBIGUOUS
annas-arch-21eb2f4fc714.pdf,The Bothy,expression,0.4,,,,,,71,AMBIGUOUS
annas-arch-21eb2f4fc714.pdf,The Devil,expression,0.4,2,,,,,71,AMBIGUOUS
annas-arch-21eb2f4fc714.pdf,In February,expression,0.4,,,,,,73,AMBIGUOUS
annas-arch-21eb2f4fc714.pdf,Peaty Cask,expression,0.4,38,,,,,75,AMBIGUOUS
annas-arch-21eb2f4fc714.pdf,Madeira Cask,expression,0.4,25,,,,,77,AMBIGUOUS
annas-arch-21eb2f4fc714.pdf,"Roasted 
Malt",expression,0.4,17,,,,,77,AMBIGUOUS
annas-arch-21eb2f4fc714.pdf,Vintage Cask,expression,0.4,14,,,sherry,,77,AMBIGUOUS
annas-arch-21eb2f4fc714.pdf,Rum Cask,expression,0.4,17,,,,,77,AMBIGUOUS
annas-arch-21eb2f4fc714.pdf,Peated Cask,expression,0.4,14,,,,,77,AMBIGUOUS
annas-arch-21eb2f4fc714.pdf,Carribean Cask,expression,0.4,14,,,,,77,AMBIGUOUS
annas-arch-21eb2f4fc714.pdf,"Nevis 
Distillery",distillery,0.4,,,,,,78,AMBIGUOUS
annas-arch-21eb2f4fc714.pdf,Quarter Cask,expression,0.4,,,,quarter,,79,AMBIGUOUS
annas-arch-21eb2f4fc714.pdf,The Saladin,expression,0.4,,,,,,80,AMBIGUOUS
annas-arch-21eb2f4fc714.pdf,Fauna. In,expression,0.4,12,,,,,83,AMBIGUOUS
annas-arch-21eb2f4fc714.pdf,Aldour Distillery,distillery,0.4,,,,,,83,AMBIGUOUS
annas-arch-21eb2f4fc714.pdf,The Duke,distillery,0.4,,,,,,83,AMBIGUOUS
annas-arch-21eb2f4fc714.pdf,"Ltd. 
Japanese",distillery,0.4,,35,,,,84,AMBIGUOUS
annas-arch-21eb2f4fc714.pdf,Yes. We,expression,0.4,,,lowland,,,87,AMBIGUOUS
annas-arch-21eb2f4fc714.pdf,The Classic Laddie,expression,0.4,,,islay,,,88,AMBIGUOUS
annas-arch-21eb2f4fc714.pdf,In November,expression,0.4,,,,,,88,AMBIGUOUS
annas-arch-21eb2f4fc714.pdf,The Distillery Valinch,distillery,0.4,,,,butt,,88,AMBIGUOUS
annas-arch-21eb2f4fc714.pdf,July. In,expression,0.4,,,,,,88,AMBIGUOUS
annas-arch-21eb2f4fc714.pdf,An Cladach,distillery,0.4,,,,bourbon,,90,AMBIGUOUS
annas-arch-21eb2f4fc714.pdf,"Cask 
Strength",expression,0.4,12,,,,,91,AMBIGUOUS
annas-arch-21eb2f4fc714.pdf,Malt Maniacs,expression,0.4,,,,,,93,AMBIGUOUS
annas-arch-21eb2f4fc714.pdf,Old Parr,expression,0.4,,,,,,95,AMBIGUOUS
annas-arch-21eb2f4fc714.pdf,Cigar Malt,expression,0.4,25,,,,,98,AMBIGUOUS
annas-arch-21eb2f4fc714.pdf,"Co. 
Operations",expression,0.4,,,,,,99,AMBIGUOUS
annas-arch-21eb2f4fc714.pdf,The Friends,expression,0.4,,,,,,99,AMBIGUOUS
annas-arch-21eb2f4fc714.pdf,Old Bannockburn,expression,0.4,,,,,,100,AMBIGUOUS
annas-arch-21eb2f4fc714.pdf,Jingle Malt,expression,0.4,25,,,bourbon,,101,AMBIGUOUS
annas-arch-21eb2f4fc714.pdf,In March,expression,0.4,,,,,,104,AMBIGUOUS
annas-arch-21eb2f4fc714.pdf,Kilnflat Distillery,distillery,0.4,,,,,,105,AMBIGUOUS
annas-arch-21eb2f4fc714.pdf,The Lomond,expression,0.4,,,,,,105,AMBIGUOUS
annas-arch-21eb2f4fc714.pdf,"May. 
The",distillery,0.4,,,,,,107,AMBIGUOUS
annas-arch-21eb2f4fc714.pdf,The Hielan,expression,0.4,8,,,,,107,AMBIGUOUS
annas-arch-21eb2f4fc714.pdf,Octaves Classic,distillery,0.4,,,,,,107,AMBIGUOUS
annas-arch-21eb2f4fc714.pdf,Hidden Malt,expression,0.4,12,,,,,109,AMBIGUOUS
annas-arch-21eb2f4fc714.pdf,"Co. 
Pattison",distillery,0.4,,,,,,110,AMBIGUOUS
annas-arch-21eb2f4fc714.pdf,Family Cask,expression,0.4,40,,,,,111,AMBIGUOUS
annas-arch-21eb2f4fc714.pdf,Distillery Edition,distillery,0.4,25,,,oak,,112,AMBIGUOUS
annas-arch-21eb2f4fc714.pdf,"Rare 
Cask Series",expression,0.4,51,,,,,116,AMBIGUOUS
annas-arch-21eb2f4fc714.pdf,Dandelaith Distillery,distillery,0.4,,,,,,118,AMBIGUOUS
annas-arch-21eb2f4fc714.pdf,My Dad,expression,0.4,,,,,,121,AMBIGUOUS
annas-arch-21eb2f4fc714.pdf,Rare Show,expression,0.4,,,,,,121,AMBIGUOUS
annas-arch-21eb2f4fc714.pdf,The Lowlands,expression,0.4,12,,,,,123,AMBIGUOUS
annas-arch-21eb2f4fc714.pdf,"Cask 
Finish",expression,0.4,,,,,,124,AMBIGUOUS
annas-arch-21eb2f4fc714.pdf,The Only Whisky,expression,0.4,17,,,,,127,AMBIGUOUS
annas-arch-21eb2f4fc714.pdf,"Bacalta. 
The",expression,0.4,,,,,,128,AMBIGUOUS
annas-arch-21eb2f4fc714.pdf,Spios. The,expression,0.4,,,,,,128,AMBIGUOUS
annas-arch-21eb2f4fc714.pdf,Society. The,bottler,0.4,,,,,society,129,AMBIGUOUS
annas-arch-21eb2f4fc714.pdf,La Martiniquaise,distillery,0.4,14,,,oak,,130,AMBIGUOUS
annas-arch-21eb2f4fc714.pdf,"Extraordinary 
Cask",expression,0.4,,,,sherry,,132,AMBIGUOUS
annas-arch-21eb2f4fc714.pdf,An Odyssey,expression,0.4,,,,bourbon,,133,AMBIGUOUS
annas-arch-21eb2f4fc714.pdf,Hosh Distillery,distillery,0.4,,,,,,137,AMBIGUOUS
annas-arch-21eb2f4fc714.pdf,The Light,expression,0.4,,,,,,139,AMBIGUOUS
annas-arch-21eb2f4fc714.pdf,Tochineal Distillery,distillery,0.4,,,,,,140,AMBIGUOUS
annas-arch-21eb2f4fc714.pdf,The Sound,expression,0.4,,,,sherry,,141,AMBIGUOUS
annas-arch-21eb2f4fc714.pdf,The Road,expression,0.4,,,,sherry,,141,AMBIGUOUS
annas-arch-21eb2f4fc714.pdf,The Paps,expression,0.4,,,,sherry,,141,AMBIGUOUS
annas-arch-21eb2f4fc714.pdf,"With 
Peatheart",expression,0.4,,,,,,145,AMBIGUOUS
annas-arch-21eb2f4fc714.pdf,Ardenistiel Distillery,distillery,0.4,,,,,,148,AMBIGUOUS
annas-arch-21eb2f4fc714.pdf,"Diageo. 
The",distillery,0.4,,,,,,150,AMBIGUOUS
annas-arch-21eb2f4fc714.pdf,"Saree 
The",distillery,0.4,,,,,,154,AMBIGUOUS
annas-arch-21eb2f4fc714.pdf,Exceptional Single Cask,expression,0.4,,,,,,154,AMBIGUOUS
annas-arch-21eb2f4fc714.pdf,Elchies Distillery,distillery,0.4,,,,,,154,AMBIGUOUS
annas-arch-21eb2f4fc714.pdf,World War,expression,0.4,,,,,,157,AMBIGUOUS
annas-arch-21eb2f4fc714.pdf,Worts. The,distillery,0.4,,,,,,158,AMBIGUOUS
annas-arch-21eb2f4fc714.pdf,The Lighthouse,expression,0.4,,,,,,161,AMBIGUOUS
annas-arch-21eb2f4fc714.pdf,Windsor. The,expression,0.4,,,,,,163,AMBIGUOUS
annas-arch-21eb2f4fc714.pdf,Europe. In,expression,0.4,,,,,,165,AMBIGUOUS
annas-arch-21eb2f4fc714.pdf,Co. They,distillery,0.4,,,,,,165,AMBIGUOUS
annas-arch-21eb2f4fc714.pdf,Cu Dubh,expression,0.4,12,,,,,166,AMBIGUOUS
annas-arch-21eb2f4fc714.pdf,"Distillery 
How",distillery,0.4,,,,,,167,AMBIGUOUS
annas-arch-21eb2f4fc714.pdf,The Reid,distillery,0.4,,,,,,168,AMBIGUOUS
annas-arch-21eb2f4fc714.pdf,"June. 
The",distillery,0.4,,,,,,171,AMBIGUOUS
annas-arch-21eb2f4fc714.pdf,On Skye,distillery,0.4,,,,,,172,AMBIGUOUS
annas-arch-21eb2f4fc714.pdf,Anniversary Single Cask,distillery,0.4,,,,,,174,AMBIGUOUS
annas-arch-21eb2f4fc714.pdf,Cu Bocan,expression,0.4,,,,sherry,,178,AMBIGUOUS
annas-arch-21eb2f4fc714.pdf,The Mur,expression,0.4,,,,,,181,AMBIGUOUS
annas-arch-21eb2f4fc714.pdf,St Andrews,distillery,0.4,,,,bourbon,,183,AMBIGUOUS
annas-arch-21eb2f4fc714.pdf,St Andrew,distillery,0.4,,,,,,183,AMBIGUOUS
annas-arch-21eb2f4fc714.pdf,The Art,expression,0.4,,,,,,184,AMBIGUOUS
annas-arch-21eb2f4fc714.pdf,"Whisky 
Making",expression,0.4,,,,,,184,AMBIGUOUS
annas-arch-21eb2f4fc714.pdf,The Glover,expression,0.4,,,,,,184,AMBIGUOUS
annas-arch-21eb2f4fc714.pdf,"Fife. 
The",distillery,0.4,,,,,,185,AMBIGUOUS
annas-arch-21eb2f4fc714.pdf,Alloa. The,expression,0.4,,,,,,186,AMBIGUOUS
annas-arch-21eb2f4fc714.pdf,The Gaelic,distillery,0.4,,,,,,186,AMBIGUOUS
annas-arch-21eb2f4fc714.pdf,St Lewis,expression,0.4,3,58,,,,186,AMBIGUOUS
annas-arch-21eb2f4fc714.pdf,Elgin. The,distillery,0.4,,,,,,187,AMBIGUOUS
annas-arch-21eb2f4fc714.pdf,In September,expression,0.4,,,,,,187,AMBIGUOUS
annas-arch-21eb2f4fc714.pdf,Prometheus. The,expression,0.4,28,,,,,189,AMBIGUOUS
annas-arch-21eb2f4fc714.pdf,The Stirling,distillery,0.4,,,,,,191,AMBIGUOUS
annas-arch-21eb2f4fc714.pdf,"Ayrshire. 
The",distillery,0.4,,,,,,193,AMBIGUOUS
annas-arch-21eb2f4fc714.pdf,Ferintosh. It,distillery,0.4,,,,,,195,AMBIGUOUS
annas-arch-21eb2f4fc714.pdf,The Clas,expression,0.4,,,,,,201,AMBIGUOUS
annas-arch-21eb2f4fc714.pdf,St. Magdalene,expression,0.4,,,,,,201,AMBIGUOUS
annas-arch-21eb2f4fc714.pdf,The Ascot Malt,expression,0.4,,,,,,201,AMBIGUOUS
annas-arch-21eb2f4fc714.pdf,Boortmalt. The,distillery,0.4,,,,,,202,AMBIGUOUS
annas-arch-21eb2f4fc714.pdf,Whisky Maga,expression,0.4,,,,,,205,AMBIGUOUS
annas-arch-21eb2f4fc714.pdf,"Whisky 
Magazine Japan",expression,0.4,,,,,,205,AMBIGUOUS
annas-arch-21eb2f4fc714.pdf,"Whisky 
Rising",expression,0.4,,,,,,205,AMBIGUOUS
annas-arch-21eb2f4fc714.pdf,"Venture Whisky 
Malt",expression,0.4,,,,,,207,AMBIGUOUS
annas-arch-21eb2f4fc714.pdf,Single Grain,expression,0.4,,,,,,207,AMBIGUOUS
annas-arch-21eb2f4fc714.pdf,The Essence,expression,0.4,,,,,,208,AMBIGUOUS
annas-arch-21eb2f4fc714.pdf,Coffey Malt,expression,0.4,,,,,,209,AMBIGUOUS
annas-arch-21eb2f4fc714.pdf,Key Malt,distillery,0.4,,,,,,209,AMBIGUOUS
annas-arch-21eb2f4fc714.pdf,Co. Shiga,expression,0.4,,,,,,209,AMBIGUOUS
annas-arch-21eb2f4fc714.pdf,Mt. Tsukuba,distillery,0.4,,,,,,210,AMBIGUOUS
annas-arch-21eb2f4fc714.pdf,"Whisky 
Founded",expression,0.4,,,,,,210,AMBIGUOUS
annas-arch-21eb2f4fc714.pdf,Osaka. The,distillery,0.4,,,,,,213,AMBIGUOUS
annas-arch-21eb2f4fc714.pdf,"Rye 
Whisky No",expression,0.4,,,,,,216,AMBIGUOUS
annas-arch-21eb2f4fc714.pdf,Old Raven,expression,0.4,,,,,,216,AMBIGUOUS
annas-arch-21eb2f4fc714.pdf,Single Malt Red,expression,0.4,,,,wine,,216,AMBIGUOUS
annas-arch-21eb2f4fc714.pdf,Keckeis Single Malt,expression,0.4,,,,,,216,AMBIGUOUS
annas-arch-21eb2f4fc714.pdf,Baby Malt,expression,0.4,,,,,,217,AMBIGUOUS
annas-arch-21eb2f4fc714.pdf,Eternity. The,distillery,0.4,5,,,,,217,AMBIGUOUS
annas-arch-21eb2f4fc714.pdf,Malt. Limited,expression,0.4,3,,,,,217,AMBIGUOUS
annas-arch-21eb2f4fc714.pdf,Denmark. The,expression,0.4,,40,,,,218,AMBIGUOUS
annas-arch-21eb2f4fc714.pdf,Nimbus No,expression,0.4,,,,,,218,AMBIGUOUS
annas-arch-21eb2f4fc714.pdf,Thy Whisky,expression,0.4,,,,,,218,AMBIGUOUS
annas-arch-21eb2f4fc714.pdf,Ere Whisky,expression,0.4,,,,,,218,AMBIGUOUS
annas-arch-21eb2f4fc714.pdf,Young Malt,distillery,0.4,,,,,,218,AMBIGUOUS
annas-arch-21eb2f4fc714.pdf,"Distillery 
Roudham",distillery,0.4,,,,,,218,AMBIGUOUS
annas-arch-21eb2f4fc714.pdf,The Norfolk,expression,0.4,,,,,,219,AMBIGUOUS
annas-arch-21eb2f4fc714.pdf,The One,expression,0.4,,,,,,219,AMBIGUOUS
annas-arch-21eb2f4fc714.pdf,Whisky Breton,expression,0.4,,,,,,221,AMBIGUOUS
annas-arch-21eb2f4fc714.pdf,Mor Distillery,distillery,0.4,,,,,,221,AMBIGUOUS
annas-arch-21eb2f4fc714.pdf,Ed Gwenn,expression,0.4,4,,,,,221,AMBIGUOUS
annas-arch-21eb2f4fc714.pdf,Elsass Whisky,expression,0.4,,,,,,221,AMBIGUOUS
annas-arch-21eb2f4fc714.pdf,Tradition Malt,expression,0.4,,,,,,222,AMBIGUOUS
annas-arch-21eb2f4fc714.pdf,"Pur 
Malt",expression,0.4,,,,,,223,AMBIGUOUS
annas-arch-21eb2f4fc714.pdf,Meteor Single Malt,expression,0.4,,,,,,223,AMBIGUOUS
annas-arch-21eb2f4fc714.pdf,Cask Jaune,expression,0.4,,,,wine,,223,AMBIGUOUS
annas-arch-21eb2f4fc714.pdf,La Piautre,expression,0.4,,42,,,,224,AMBIGUOUS
annas-arch-21eb2f4fc714.pdf,Badische Whisky,distillery,0.4,,,,,,225,AMBIGUOUS
annas-arch-21eb2f4fc714.pdf,Biberacher Whisky,expression,0.4,4,,,,,225,AMBIGUOUS
annas-arch-21eb2f4fc714.pdf,Neccarus Single Malt,expression,0.4,4,,,,,226,AMBIGUOUS
annas-arch-21eb2f4fc714.pdf,Tecker Whisky,expression,0.4,,,,wine,,226,AMBIGUOUS
annas-arch-21eb2f4fc714.pdf,Lubbehusen Malt Distillery,distillery,0.4,,,,,,227,AMBIGUOUS
annas-arch-21eb2f4fc714.pdf,St. Kilian,distillery,0.4,,,,,,227,AMBIGUOUS
annas-arch-21eb2f4fc714.pdf,Old Sandhill Whisky,expression,0.4,5,,,sherry,,228,AMBIGUOUS
annas-arch-21eb2f4fc714.pdf,Garschda Malt,expression,0.4,5,43,,,,228,AMBIGUOUS
annas-arch-21eb2f4fc714.pdf,Iceland. In,expression,0.4,,,,,,228,AMBIGUOUS
annas-arch-21eb2f4fc714.pdf,Co. Cork,distillery,0.4,,,,,,229,AMBIGUOUS
annas-arch-21eb2f4fc714.pdf,The Blender,expression,0.4,,,,,,229,AMBIGUOUS
annas-arch-21eb2f4fc714.pdf,Co. Offaly,distillery,0.4,,,,port,,229,AMBIGUOUS
annas-arch-21eb2f4fc714.pdf,Co. Louth,distillery,0.4,,,,,,229,AMBIGUOUS
annas-arch-21eb2f4fc714.pdf,Brabazon Bottling,expression,0.4,12,,,,,230,AMBIGUOUS
annas-arch-21eb2f4fc714.pdf,Co. Kerry,distillery,0.4,,,,,,231,AMBIGUOUS
annas-arch-21eb2f4fc714.pdf,Batch No,expression,0.4,,,,bourbon,,231,AMBIGUOUS
annas-arch-21eb2f4fc714.pdf,Co. Leitrim,distillery,0.4,,,,,,231,AMBIGUOUS
annas-arch-21eb2f4fc714.pdf,Co. Meath,distillery,0.4,,,,,,231,AMBIGUOUS
annas-arch-21eb2f4fc714.pdf,Co. Wicklow,distillery,0.4,,,,,,231,AMBIGUOUS
annas-arch-21eb2f4fc714.pdf,Japanese Mizunara,expression,0.4,13,,,oak,,231,AMBIGUOUS
annas-arch-21eb2f4fc714.pdf,"The Netherlands 
Us",distillery,0.4,,,,,,232,AMBIGUOUS
annas-arch-21eb2f4fc714.pdf,Co. Antrim,distillery,0.4,,,,,,232,AMBIGUOUS
annas-arch-21eb2f4fc714.pdf,"Distillery 
Kircubbin",distillery,0.4,,,,,,233,AMBIGUOUS
annas-arch-21eb2f4fc714.pdf,Kjernekar Single Cask,expression,0.4,,,,,,233,AMBIGUOUS
annas-arch-21eb2f4fc714.pdf,Pure Malt,distillery,0.4,8,,,,,233,AMBIGUOUS
annas-arch-21eb2f4fc714.pdf,The Pioneer,expression,0.4,,,,,,234,AMBIGUOUS
annas-arch-21eb2f4fc714.pdf,Lab Distillery,distillery,0.4,,,,,,234,AMBIGUOUS
annas-arch-21eb2f4fc714.pdf,Svensk Ek,distillery,0.4,,,,,,234,AMBIGUOUS
annas-arch-21eb2f4fc714.pdf,Enjoying Malt Whisky,expression,0.4,,,,,,235,AMBIGUOUS
annas-arch-21eb2f4fc714.pdf,Old Mustang,expression,0.4,,,,bourbon,,236,AMBIGUOUS
annas-arch-21eb2f4fc714.pdf,The Welsh Whisky,expression,0.4,,,,,,236,AMBIGUOUS
annas-arch-21eb2f4fc714.pdf,"Distillery 
Llandyssul",distillery,0.4,,,,,,236,AMBIGUOUS
annas-arch-21eb2f4fc714.pdf,Texas Single Malt,expression,0.4,,,,,,237,AMBIGUOUS
annas-arch-21eb2f4fc714.pdf,April. The,distillery,0.4,,,,,,237,AMBIGUOUS
annas-arch-21eb2f4fc714.pdf,"Distillery 
Bozeman",distillery,0.4,,,,,,238,AMBIGUOUS
annas-arch-21eb2f4fc714.pdf,Brooklyn. The,distillery,0.4,,,,,,239,AMBIGUOUS
annas-arch-21eb2f4fc714.pdf,Rua Single Malt,expression,0.4,,,,,,239,AMBIGUOUS
annas-arch-21eb2f4fc714.pdf,Vodka. In,distillery,0.4,,,,,,240,AMBIGUOUS
annas-arch-21eb2f4fc714.pdf,"The 
Nighthawk",expression,0.4,,,,bourbon,,240,AMBIGUOUS
annas-arch-21eb2f4fc714.pdf,"Wheat 
Whiskey",expression,0.4,,,,bourbon,,240,AMBIGUOUS
annas-arch-21eb2f4fc714.pdf,"Distillery 
Kelso",distillery,0.4,,,,,,241,AMBIGUOUS
annas-arch-21eb2f4fc714.pdf,Utah. It,distillery,0.4,,,,,,241,AMBIGUOUS
annas-arch-21eb2f4fc714.pdf,Solas Distillery,distillery,0.4,,56,,,,242,AMBIGUOUS
annas-arch-21eb2f4fc714.pdf,La Vista,distillery,0.4,,56,,,,242,AMBIGUOUS
annas-arch-21eb2f4fc714.pdf,Ravenswood. The,distillery,0.4,,,,,,242,AMBIGUOUS
annas-arch-21eb2f4fc714.pdf,Tenderfoot Whiskey,distillery,0.4,,77,,,,242,AMBIGUOUS
annas-arch-21eb2f4fc714.pdf,Ye Old Barley,expression,0.4,,100,,bourbon,,242,AMBIGUOUS
annas-arch-21eb2f4fc714.pdf,Civilized Single Malt,expression,0.4,3,,,,,242,AMBIGUOUS
annas-arch-21eb2f4fc714.pdf,"Neukomm 
Whiskey",expression,0.4,,,,,,242,AMBIGUOUS
annas-arch-21eb2f4fc714.pdf,Montgomery Single Malt,expression,0.4,3,,,,,243,AMBIGUOUS
annas-arch-21eb2f4fc714.pdf,Alabama Single Malt,expression,0.4,,,,,,243,AMBIGUOUS
annas-arch-21eb2f4fc714.pdf,"Wayward 
Whiskey",expression,0.4,,,,,,243,AMBIGUOUS
annas-arch-21eb2f4fc714.pdf,Defiant Single Malt,expression,0.4,,,,,,244,AMBIGUOUS
annas-arch-21eb2f4fc714.pdf,Kursed Single Malt,expression,0.4,,,,,,244,AMBIGUOUS
annas-arch-21eb2f4fc714.pdf,Old Line,expression,0.4,,,,,,245,AMBIGUOUS
annas-arch-21eb2f4fc714.pdf,Callaghan. It,expression,0.4,5,,,oak,,245,AMBIGUOUS
annas-arch-21eb2f4fc714.pdf,"Distillery 
Atlanta",distillery,0.4,,,,,,245,AMBIGUOUS
annas-arch-21eb2f4fc714.pdf,Ameireaganach Single Malt,expression,0.4,,,,,,245,AMBIGUOUS
annas-arch-21eb2f4fc714.pdf,"Co 
Fairfield",expression,0.4,,,,oak,,248,AMBIGUOUS
annas-arch-21eb2f4fc714.pdf,Dr. Jim,expression,0.4,,,,,,248,AMBIGUOUS
annas-arch-21eb2f4fc714.pdf,The Laird,expression,0.4,,,,,,249,AMBIGUOUS
annas-arch-21eb2f4fc714.pdf,"Distillery 
Oliver",distillery,0.4,,,,,,249,AMBIGUOUS
annas-arch-21eb2f4fc714.pdf,Old Hobart Distillery,distillery,0.4,,,,,,250,AMBIGUOUS
annas-arch-21eb2f4fc714.pdf,Wine Cask,expression,0.4,,,,wine,,251,AMBIGUOUS
annas-arch-21eb2f4fc714.pdf,Old Kempton Distillery,distillery,0.4,3,,,port,,251,AMBIGUOUS
annas-arch-21eb2f4fc714.pdf,The Summit,distillery,0.4,,58,,,,251,AMBIGUOUS
annas-arch-21eb2f4fc714.pdf,"Distillery 
Wondecla",distillery,0.4,,,,,,252,AMBIGUOUS
annas-arch-21eb2f4fc714.pdf,"Whisky Distillery 
Auckland",distillery,0.4,,,,,,253,AMBIGUOUS
annas-arch-21eb2f4fc714.pdf,Bangalore Malt,expression,0.4,,,,,,254,AMBIGUOUS
annas-arch-21eb2f4fc714.pdf,Delhi. It,distillery,0.4,,,,,,254,AMBIGUOUS
annas-arch-21eb2f4fc714.pdf,"Distillery 
Ponda",distillery,0.4,,,,,,254,AMBIGUOUS
annas-arch-21eb2f4fc714.pdf,"Distillery 
Katzrin",distillery,0.4,,,,,,254,AMBIGUOUS
annas-arch-21eb2f4fc714.pdf,Honey Distillery,distillery,0.4,,,,,,254,AMBIGUOUS
annas-arch-21eb2f4fc714.pdf,Dr. Swan,expression,0.4,,,,,,255,AMBIGUOUS
annas-arch-21eb2f4fc714.pdf,La Alazana Distillery,distillery,0.4,,,,,,257,AMBIGUOUS
annas-arch-21eb2f4fc714.pdf,Argentina. The,distillery,0.4,,,,,,257,AMBIGUOUS
annas-arch-21eb2f4fc714.pdf,"Asia 
The",expression,0.4,,,,,,260,AMBIGUOUS
annas-arch-21eb2f4fc714.pdf,Rare. Just,expression,0.4,,,,,,265,AMBIGUOUS
annas-arch-21eb2f4fc714.pdf,Ireland. The,distillery,0.4,,,,,,268,AMBIGUOUS
annas-arch-21eb2f4fc714.pdf,The Bor,distillery,0.4,,,,,,269,AMBIGUOUS
annas-arch-21eb2f4fc714.pdf,Jedburgh. The,distillery,0.4,,,,,,269,AMBIGUOUS
annas-arch-21eb2f4fc714.pdf,Jedhart Distillery,distillery,0.4,,,,,,269,AMBIGUOUS
annas-arch-21eb2f4fc714.pdf,"Whisky 
Galore",expression,0.4,,,,,,270,AMBIGUOUS
annas-arch-21eb2f4fc714.pdf,Liag Distillery,distillery,0.4,,,,,,271,AMBIGUOUS
annas-arch-21eb2f4fc714.pdf,Co. Roscommon,distillery,0.4,00,,,,,271,AMBIGUOUS
annas-arch-21eb2f4fc714.pdf,Boatyard Distillery,distillery,0.4,,,,,,271,AMBIGUOUS
annas-arch-21eb2f4fc714.pdf,Enniskillen. The,distillery,0.4,,,,,,271,AMBIGUOUS
annas-arch-21eb2f4fc714.pdf,The Bay,expression,0.4,,,,,,272,AMBIGUOUS
annas-arch-21eb2f4fc714.pdf,Metal. The,expression,0.4,,,,,,273,AMBIGUOUS
annas-arch-21eb2f4fc714.pdf,As We Get,expression,0.4,,,highland,,,275,AMBIGUOUS
annas-arch-21eb2f4fc714.pdf,Raw Cask,expression,0.4,,46,,,,275,AMBIGUOUS
annas-arch-21eb2f4fc714.pdf,Creative Whisky Co,expression,0.4,,,,,,275,AMBIGUOUS
annas-arch-21eb2f4fc714.pdf,"Lowands. 
The",expression,0.4,,,speyside,,,275,AMBIGUOUS
annas-arch-21eb2f4fc714.pdf,The Octave,expression,0.4,39,,,,,275,AMBIGUOUS
annas-arch-21eb2f4fc714.pdf,The Tantalus,expression,0.4,,,,sherry,,275,AMBIGUOUS
annas-arch-21eb2f4fc714.pdf,Mystery Malt,distillery,0.4,,46,,,,276,AMBIGUOUS
annas-arch-21eb2f4fc714.pdf,The Vatting,distillery,0.4,,,,,,276,AMBIGUOUS
annas-arch-21eb2f4fc714.pdf,No Name,expression,0.4,,,,,,276,AMBIGUOUS
annas-arch-21eb2f4fc714.pdf,Scotch Delilah,expression,0.4,,,,,,276,AMBIGUOUS
annas-arch-21eb2f4fc714.pdf,The Half,expression,0.4,,,,,,277,AMBIGUOUS
annas-arch-21eb2f4fc714.pdf,The Whisky Agency,expression,0.4,,,,,,277,AMBIGUOUS
annas-arch-21eb2f4fc714.pdf,"Whisky 
Fair",expression,0.4,,,,,,277,AMBIGUOUS
annas-arch-21eb2f4fc714.pdf,"Tennessee 
Whiskey",expression,0.4,13,,,,,277,AMBIGUOUS
annas-arch-21eb2f4fc714.pdf,Cask Orkney,expression,0.4,18,,,,,277,AMBIGUOUS
annas-arch-21eb2f4fc714.pdf,Old Parti,expression,0.4,,,,,,278,AMBIGUOUS
annas-arch-21eb2f4fc714.pdf,The Gauldrons,distillery,0.4,,46.2,,,,278,AMBIGUOUS
annas-arch-21eb2f4fc714.pdf,Rare Selection,expression,0.4,,50,,,,278,AMBIGUOUS
annas-arch-21eb2f4fc714.pdf,The Sovereign,expression,0.4,,,,,,278,AMBIGUOUS
annas-arch-21eb2f4fc714.pdf,In January,expression,0.4,,,highland,,,278,AMBIGUOUS
annas-arch-21eb2f4fc714.pdf,The Hive,expression,0.4,,,,,,279,AMBIGUOUS
annas-arch-21eb2f4fc714.pdf,"Single Cask 
Nation",bottler,0.4,,,,,independent,279,AMBIGUOUS
annas-arch-21eb2f4fc714.pdf,Whisky Jewbilee,expression,0.4,,,,,,279,AMBIGUOUS
annas-arch-21eb2f4fc714.pdf,The Maltman,expression,0.4,,,,,,279,AMBIGUOUS
annas-arch-21eb2f4fc714.pdf,The Grainman,expression,0.4,,,,,,279,AMBIGUOUS
annas-arch-21eb2f4fc714.pdf,Excalibur Blended Scotch,expression,0.4,,,,,,279,AMBIGUOUS
annas-arch-21eb2f4fc714.pdf,Wm Cadenhead,bottler,0.4,,,,,wm cadenhead,280,AMBIGUOUS
annas-arch-21eb2f4fc714.pdf,Fusion Whisky,expression,0.4,,,,,,280,AMBIGUOUS
annas-arch-21eb2f4fc714.pdf,The Brisbane,expression,0.4,,,,,,280,AMBIGUOUS
annas-arch-21eb2f4fc714.pdf,Aston. The,expression,0.4,,,,,,281,AMBIGUOUS
annas-arch-21eb2f4fc714.pdf,Old Perth,expression,0.4,,,,,,281,AMBIGUOUS
annas-arch-21eb2f4fc714.pdf,Sansibar Whisky,expression,0.4,,,,,,281,AMBIGUOUS
annas-arch-21eb2f4fc714.pdf,Old Town,expression,0.4,,,,,,281,AMBIGUOUS
annas-arch-21eb2f4fc714.pdf,The Odd Whisky,expression,0.4,,,,,,282,AMBIGUOUS
annas-arch-21eb2f4fc714.pdf,"Whisky 
Shop",expression,0.4,,,,,,282,AMBIGUOUS
annas-arch-21eb2f4fc714.pdf,The Whisky Chamber,expression,0.4,,,,,,282,AMBIGUOUS
annas-arch-21eb2f4fc714.pdf,"Houthalen 
Whisky",expression,0.4,,,,,,282,AMBIGUOUS
annas-arch-21eb2f4fc714.pdf,Anverness Whisky,expression,0.4,,,,,,282,AMBIGUOUS
annas-arch-21eb2f4fc714.pdf,We Are Whisky,expression,0.4,,,,,,282,AMBIGUOUS
annas-arch-21eb2f4fc714.pdf,Old Smithy,expression,0.4,,,,wine,,283,AMBIGUOUS
annas-arch-21eb2f4fc714.pdf,Morley Rd,expression,0.4,,,,,,283,AMBIGUOUS
annas-arch-21eb2f4fc714.pdf,Whisky Club,expression,0.4,,,,,,283,AMBIGUOUS
annas-arch-21eb2f4fc714.pdf,The Lincoln Whisky,expression,0.4,,,,,,283,AMBIGUOUS
annas-arch-21eb2f4fc714.pdf,"Paris. 
The",expression,0.4,,,,,,284,AMBIGUOUS
annas-arch-21eb2f4fc714.pdf,Am Grundwassersee,expression,0.4,,,,,,284,AMBIGUOUS
annas-arch-21eb2f4fc714.pdf,"Whisky 
Ackerbeeke",expression,0.4,,,,,,285,AMBIGUOUS
annas-arch-21eb2f4fc714.pdf,"Whisky 
Hedwigstrasse",expression,0.4,,,,,,285,AMBIGUOUS
annas-arch-21eb2f4fc714.pdf,Orders.,expression,0.4,,,,,,285,AMBIGUOUS
annas-arch-21eb2f4fc714.pdf,Whisky Antique,expression,0.4,,,,,,285,AMBIGUOUS
annas-arch-21eb2f4fc714.pdf,"Co. 
Via",expression,0.4,,,,,,285,AMBIGUOUS
annas-arch-21eb2f4fc714.pdf,Bourbon. Ar,expression,0.4,,,,bourbon,,285,AMBIGUOUS
annas-arch-21eb2f4fc714.pdf,Whisky Live Warsaw,expression,0.4,,,,,,286,AMBIGUOUS
annas-arch-21eb2f4fc714.pdf,Whisky Fringe,expression,0.4,,,,,,286,AMBIGUOUS
annas-arch-21eb2f4fc714.pdf,"Whisky 
Liqueur",expression,0.4,,,,,,286,AMBIGUOUS
annas-arch-21eb2f4fc714.pdf,Festivals. On,bottler,0.4,,,,,cadenhead,286,AMBIGUOUS
annas-arch-21eb2f4fc714.pdf,The Carnegie Whisky,expression,0.4,,,,,,286,AMBIGUOUS
annas-arch-21eb2f4fc714.pdf,Abbey Whisky,bottler,0.4,,,,,independent,286,AMBIGUOUS
annas-arch-21eb2f4fc714.pdf,The Rare Casks,expression,0.4,,,,,,286,AMBIGUOUS
annas-arch-21eb2f4fc714.pdf,"Total. 
The",expression,0.4,,,,,,289,AMBIGUOUS
annas-arch-21eb2f4fc714.pdf,Old Tavern,expression,0.4,,,,,,290,AMBIGUOUS
annas-arch-21eb2f4fc714.pdf,World Consumption,expression,0.4,,,,,,291,AMBIGUOUS
annas-arch-21eb2f4fc714.pdf,Malt Distillery Capacity,distillery,0.4,,,,,,293,AMBIGUOUS
annas-arch-21eb2f4fc714.pdf,Distillery Index,distillery,0.4,,,,,,296,AMBIGUOUS
annas-arch-21eb2f4fc714.pdf,Howls Distillery,distillery,0.4,,,,,,296,AMBIGUOUS
annas-arch-21eb2f4fc714.pdf,Wells Distillery,distillery,0.4,,,,,,296,AMBIGUOUS
annas-arch-21eb2f4fc714.pdf,Adams Distillery,distillery,0.4,,,,,,296,AMBIGUOUS
annas-arch-21eb2f4fc714.pdf,Aero Whisky,distillery,0.4,,,,,,296,AMBIGUOUS
annas-arch-21eb2f4fc714.pdf,Amalga Distillery,distillery,0.4,,,,,,296,AMBIGUOUS
annas-arch-21eb2f4fc714.pdf,Applewood Distillery,distillery,0.4,,,,,,296,AMBIGUOUS
annas-arch-21eb2f4fc714.pdf,Coburns Distillery,distillery,0.4,,,,,,296,AMBIGUOUS
annas-arch-21eb2f4fc714.pdf,Da Mhile Distillery,distillery,0.4,,,,,,296,AMBIGUOUS
annas-arch-21eb2f4fc714.pdf,Dorwood Distillery,distillery,0.4,,,,,,296,AMBIGUOUS
annas-arch-21eb2f4fc714.pdf,Eimwerk Distillery,distillery,0.4,,,,,,296,AMBIGUOUS
annas-arch-21eb2f4fc714.pdf,Schaubrenneri Am,distillery,0.4,,,,,,297,AMBIGUOUS
annas-arch-21eb2f4fc714.pdf,Joadja Distillery,distillery,0.4,,,,,,297,AMBIGUOUS
annas-arch-21eb2f4fc714.pdf,Lepelaar Distillery,distillery,0.4,,,,,,297,AMBIGUOUS
annas-arch-21eb2f4fc714.pdf,Liibbehusen Malt Distillery,distillery,0.4,,,,,,297,AMBIGUOUS
annas-arch-21eb2f4fc714.pdf,Madoc Distillery,distillery,0.4,,,,,,297,AMBIGUOUS
annas-arch-21eb2f4fc714.pdf,Harbor Distillery,distillery,0.4,,,,oak,,298,AMBIGUOUS
annas-arch-21eb2f4fc714.pdf,Owl Distillery,distillery,0.4,,,,,,298,AMBIGUOUS
annas-arch-21eb2f4fc714.pdf,Punt Distillery,distillery,0.4,,,,,,298,AMBIGUOUS
annas-arch-21eb2f4fc714.pdf,Shene Distillery,distillery,0.4,,,,,,298,AMBIGUOUS
annas-arch-21eb2f4fc714.pdf,Distillery Two,distillery,0.4,,,,,,298,AMBIGUOUS
annas-arch-21eb2f4fc714.pdf,Us Heit Distillery,distillery,0.4,,,,,,298,AMBIGUOUS
annas-arch-21eb2f4fc714.pdf,Vikre Distillery,distillery,0.4,,,,,,298,AMBIGUOUS
annas-arch-21eb2f4fc714.pdf,Wanderback Whiskey,distillery,0.4,,,,,,298,AMBIGUOUS
let me tell you about whisky.pdf,World Whisky Awards,expression,0.4,,,,,,2,AMBIGUOUS
let me tell you about whisky.pdf,Scotch Whisky Experience,expression,0.4,,,,,,13,AMBIGUOUS
let me tell you about whisky.pdf,In Let,expression,0.4,,,,,,20,AMBIGUOUS
let me tell you about whisky.pdf,Nonsense. Blended,expression,0.4,,,,,,30,AMBIGUOUS
let me tell you about whisky.pdf,In Ireland,expression,0.4,,70,,,,50,AMBIGUOUS
let me tell you about whisky.pdf,Maturation The,expression,0.4,,,,oak,,53,AMBIGUOUS
let me tell you about whisky.pdf,"Peated
Scotch",expression,0.4,,,islands,,,72,AMBIGUOUS
let me tell you about whisky.pdf,Scotch Whisky Association,expression,0.4,,,,,,75,AMBIGUOUS
let me tell you about whisky.pdf,Dave Broom,bottler,0.4,,,,,independent,88,AMBIGUOUS
let me tell you about whisky.pdf,Co. Ltd,distillery,0.4,,,,,,106,AMBIGUOUS
let me tell you about whisky.pdf,Age The,expression,0.4,,60,,,,109,AMBIGUOUS
let me tell you about whisky.pdf,Region Whisky,expression,0.4,,,,,,109,AMBIGUOUS
let me tell you about whisky.pdf,Tumbler This,expression,0.4,,,,,,112,AMBIGUOUS
let me tell you about whisky.pdf,Bru. This,expression,0.4,,,,,,116,AMBIGUOUS
let me tell you about whisky.pdf,The Soho Whisky,expression,0.4,,,,,,139,AMBIGUOUS
let me tell you about whisky.pdf,Bolivar. The,expression,0.4,,,,,,140,AMBIGUOUS
let me tell you about whisky.pdf,Guinness Book,expression,0.4,,,,,,145,AMBIGUOUS
let me tell you about whisky.pdf,World Records,expression,0.4,,,,,,145,AMBIGUOUS
let me tell you about whisky.pdf,St Magdalene,expression,0.4,,,,,,146,AMBIGUOUS
let me tell you about whisky.pdf,Scotch Whisky Auctions,expression,0.4,,,,,,154,AMBIGUOUS
let me tell you about whisky.pdf,Nose This,expression,0.4,,43,,,,175,AMBIGUOUS
let me tell you about whisky.pdf,"Pure
Malt",distillery,0.4,,,,,,194,AMBIGUOUS
let me tell you about whisky.pdf,The Italians,distillery,0.4,,,,,,203,AMBIGUOUS
let me tell you about whisky.pdf,Finish The,expression,0.4,,,,,,204,AMBIGUOUS
let me tell you about whisky.pdf,Sherry. The,distillery,0.4,,,,sherry,,212,AMBIGUOUS
let me tell you about whisky.pdf,La Martiniquaise,expression,0.4,,,,,,213,AMBIGUOUS
let me tell you about whisky.pdf,The Lowlands,expression,0.4,,,,,,214,AMBIGUOUS
let me tell you about whisky.pdf,Book Town,distillery,0.4,,,,,,220,AMBIGUOUS
let me tell you about whisky.pdf,"Wigtown.
The",distillery,0.4,,,,,,220,AMBIGUOUS
let me tell you about whisky.pdf,Whisky School,expression,0.4,,,,,,220,AMBIGUOUS
let me tell you about whisky.pdf,Malt Whisky Production,expression,0.4,,,,,,222,AMBIGUOUS
let me tell you about whisky.pdf,The Laddie,expression,0.4,,46,,,,238,AMBIGUOUS
let me tell you about whisky.pdf,Whisky City,expression,0.4,,,,,,252,AMBIGUOUS
let me tell you about whisky.pdf,The Boby,expression,0.4,,,,,,254,AMBIGUOUS
let me tell you about whisky.pdf,"Orkney
No",expression,0.4,,,,,,274,AMBIGUOUS
let me tell you about whisky.pdf,"Mull
The",expression,0.4,,,,port,,280,AMBIGUOUS
let me tell you about whisky.pdf,The Grouse,expression,0.4,,,,wine,,295,AMBIGUOUS
let me tell you about whisky.pdf,"Vatted
Malt",expression,0.4,,,,,,304,AMBIGUOUS
let me tell you about whisky.pdf,Old Comber Distillery,distillery,0.4,,,,,,315,AMBIGUOUS
let me tell you about whisky.pdf,"Cork.
The",distillery,0.4,,,,,,321,AMBIGUOUS
let me tell you about whisky.pdf,Old Single Grain,expression,0.4,,40,,,,327,AMBIGUOUS
let me tell you about whisky.pdf,"Japan.
Japanese",expression,0.4,,,,,,333,AMBIGUOUS
let me tell you about whisky.pdf,Japanese Ume,expression,0.4,,,,wine,,335,AMBIGUOUS
let me tell you about whisky.pdf,Best Blended Whisky,expression,0.4,,,,,,335,AMBIGUOUS
let me tell you about whisky.pdf,All Malt,expression,0.4,,,,,,336,AMBIGUOUS
let me tell you about whisky.pdf,Tokyo. The,distillery,0.4,,,,,,342,AMBIGUOUS
let me tell you about whisky.pdf,"Japanese
Mizunara",expression,0.4,,,,oak,,348,AMBIGUOUS
let me tell you about whisky.pdf,"Moore
County",distillery,0.4,,,,,,384,AMBIGUOUS
let me tell you about whisky.pdf,"Tennessee
Whiskey",expression,0.4,,,,,,384,AMBIGUOUS
let me tell you about whisky.pdf,Mark Distillery,distillery,0.4,,,,,,390,AMBIGUOUS
let me tell you about whisky.pdf,Bourbon Whisky,expression,0.4,,45,,bourbon,,391,AMBIGUOUS
let me tell you about whisky.pdf,Weller Distillery,distillery,0.4,,,,,,393,AMBIGUOUS
let me tell you about whisky.pdf,Rye Whiskey,expression,0.4,,100,,,,410,AMBIGUOUS
let me tell you about whisky.pdf,De Luxe,expression,0.4,,,,,,432,AMBIGUOUS
let me tell you about whisky.pdf,Only Single Malt,expression,0.4,,,,,,435,AMBIGUOUS
let me tell you about whisky.pdf,Club Whisky,distillery,0.4,,,,,,438,AMBIGUOUS
let me tell you about whisky.pdf,Al Capone,distillery,0.4,,,,,,438,AMBIGUOUS
let me tell you about whisky.pdf,Co. Chapter,expression,0.4,,,,,,457,AMBIGUOUS
let me tell you about whisky.pdf,"Wales
With",expression,0.4,,,,,,471,AMBIGUOUS
let me tell you about whisky.pdf,Owl Distillery,distillery,0.4,,,,,,475,AMBIGUOUS
let me tell you about whisky.pdf,Zurich. He,distillery,0.4,,,,,,476,AMBIGUOUS
let me tell you about whisky.pdf,Kasauli Distillery,distillery,0.4,,,,,,479,AMBIGUOUS
let me tell you about whisky.pdf,Bangalore. The,expression,0.4,,,,,,480,AMBIGUOUS
let me tell you about whisky.pdf,"Taiwan
The",expression,0.4,,,,,,483,AMBIGUOUS
let me tell you about whisky.pdf,Sedgwick Distillery,distillery,0.4,,,,,,488,AMBIGUOUS
let me tell you about whisky.pdf,Tasmanian Single Malt,expression,0.4,,58,,,,497,AMBIGUOUS
let me tell you about whisky.pdf,Cask Matured,distillery,0.4,,,,oak,,499,AMBIGUOUS
let me tell you about whisky.pdf,Barley The,expression,0.4,,,,,,502,AMBIGUOUS
let me tell you about whisky.pdf,Brewing The,expression,0.4,,,,,,503,AMBIGUOUS
let me tell you about whisky.pdf,Butt The,expression,0.4,,,,butt,,503,AMBIGUOUS
let me tell you about whisky.pdf,Condenser An,distillery,0.4,,,,,,504,AMBIGUOUS
let me tell you about whisky.pdf,Mash Malt,expression,0.4,,,,,,508,AMBIGUOUS
let me tell you about whisky.pdf,Pagoda The,distillery,0.4,,,,,,509,AMBIGUOUS
let me tell you about whisky.pdf,Vatting The,distillery,0.4,,,,,,512,AMBIGUOUS
let me tell you about whisky.pdf,"For
Scotch",expression,0.4,,,,,,512,AMBIGUOUS
let me tell you about whisky.pdf,Wash The,expression,0.4,,,,,,512,AMBIGUOUS
let me tell you about whisky.pdf,The Anderson,expression,0.4,,,,,,519,AMBIGUOUS
let me tell you about whisky.pdf,Bascule Whisky,expression,0.4,,,,wine,,520,AMBIGUOUS
let me tell you about whisky.pdf,St Moritz,expression,0.4,,,,,,520,AMBIGUOUS
let me tell you about whisky.pdf,The Bar,bottler,0.4,,,,,society,520,AMBIGUOUS
let me tell you about whisky.pdf,Whisky Paradise,expression,0.4,,,,,,523,AMBIGUOUS
let me tell you about whisky.pdf,The Whisky Exchange,expression,0.4,,,,,,524,AMBIGUOUS
let me tell you about whisky.pdf,The Whisky Shop,expression,0.4,,,,,,524,AMBIGUOUS
let me tell you about whisky.pdf,The Doctor,expression,0.4,,,,,,525,AMBIGUOUS
let me tell you about whisky.pdf,Whisky Advocate Blog,expression,0.4,,,,,,525,AMBIGUOUS
let me tell you about whisky.pdf,Whisky Boys,expression,0.4,,,,,,525,AMBIGUOUS
let me tell you about whisky.pdf,Whisky Fun,expression,0.4,,,,,,526,AMBIGUOUS
let me tell you about whisky.pdf,Whisky Intelligence,expression,0.4,,,,,,526,AMBIGUOUS
let me tell you about whisky.pdf,Whisky Israel,expression,0.4,,,,,,526,AMBIGUOUS
let me tell you about whisky.pdf,Whisky Wire,expression,0.4,,,,,,526,AMBIGUOUS
let me tell you about whisky.pdf,The Whisky Woman,expression,0.4,,,,,,526,AMBIGUOUS
let me tell you about whisky.pdf,Whisky Marketplace,expression,0.4,,,,,,527,AMBIGUOUS
let me tell you about whisky.pdf,Malt Maniacs,expression,0.4,,,,,,527,AMBIGUOUS
let me tell you about whisky.pdf,The Whisky Festival,expression,0.4,,,,,,529,AMBIGUOUS
let me tell you about whisky.pdf,The Whisky Lounge,expression,0.4,,,,,,529,AMBIGUOUS
let me tell you about whisky.pdf,Whisky Yearbook,expression,0.4,,,,,,530,AMBIGUOUS
let me tell you about whisky.pdf,"Jim Murray
The",expression,0.4,,,,,,530,AMBIGUOUS
let me tell you about whisky.pdf,Whisky Atlas,expression,0.4,,,,,,530,AMBIGUOUS
let me tell you about whisky.pdf,Old Buck,expression,0.4,,,,oak,,558,AMBIGUOUS
let me tell you about whisky.pdf,Solan No,expression,0.4,,,,,,564,AMBIGUOUS
let me tell you about whisky.pdf,Whisky Sour,expression,0.4,,,,,,570,AMBIGUOUS
let me tell you about whisky.pdf,Whisky Society,bottler,0.4,,,,,society,572,AMBIGUOUS
"Маклин, Чарльз - Whiskypedia_ An Introductio",Dave Broom.,expression,0.4,,,,,,0,AMBIGUOUS
"Маклин, Чарльз - Whiskypedia_ An Introductio",Bhainne Distillery,distillery,0.4,,,,,,0,AMBIGUOUS
"Маклин, Чарльз - Whiskypedia_ An Introductio",Scotch Whisky Director,bottler,0.4,,,,,douglas,0,AMBIGUOUS
"Маклин, Чарльз - Whiskypedia_ An Introductio",Anniversary Bottling,expression,0.4,21,43,,,,0,AMBIGUOUS
"Маклин, Чарльз - Whiskypedia_ An Introductio",Lowlands. It,expression,0.4,,,,,,0,AMBIGUOUS
"Маклин, Чарльз - Whiskypedia_ An Introductio",Grassy.,expression,0.4,,,,,,0,AMBIGUOUS
"Маклин, Чарльз - Whiskypedia_ An Introductio",Cuban Cask,expression,0.4,14,43,,,,0,AMBIGUOUS
"Маклин, Чарльз - Whiskypedia_ An Introductio",Roasted Malt,expression,0.4,14,47.1,,,,0,AMBIGUOUS
"Маклин, Чарльз - Whiskypedia_ An Introductio",Cask Selection,expression,0.4,14,47.1,islay,,,0,AMBIGUOUS
"Маклин, Чарльз - Whiskypedia_ An Introductio",Rum Cask,expression,0.4,17,43,,sherry,,0,AMBIGUOUS
"Маклин, Чарльз - Whiskypedia_ An Introductio",Madeira Cask,expression,0.4,17,43,,,,0,AMBIGUOUS
"Маклин, Чарльз - Whiskypedia_ An Introductio",Peated Cask,expression,0.4,17,43,,,,0,AMBIGUOUS
"Маклин, Чарльз - Whiskypedia_ An Introductio",Distillery Exclusives,distillery,0.4,17,47.6,,,,0,AMBIGUOUS
"Маклин, Чарльз - Whiskypedia_ An Introductio",Prohibition. In,distillery,0.4,,,,,,0,AMBIGUOUS
"Маклин, Чарльз - Whiskypedia_ An Introductio",World War,expression,0.4,,,,,,0,AMBIGUOUS
"Маклин, Чарльз - Whiskypedia_ An Introductio",Awards.,distillery,0.4,,,speyside,,,0,AMBIGUOUS
"Маклин, Чарльз - Whiskypedia_ An Introductio",Forres. The,distillery,0.4,,,,,,0,AMBIGUOUS
"Маклин, Чарльз - Whiskypedia_ An Introductio",Elgin.,bottler,0.4,,,,refill,gordon,0,AMBIGUOUS
"Маклин, Чарльз - Whiskypedia_ An Introductio",Keith.,expression,0.4,,,,refill,,0,AMBIGUOUS
"Маклин, Чарльз - Whiskypedia_ An Introductio",Bottling Hall,expression,0.4,,,,,,0,AMBIGUOUS
"Маклин, Чарльз - Whiskypedia_ An Introductio",Ban. In,distillery,0.4,,,,,,0,AMBIGUOUS
"Маклин, Чарльз - Whiskypedia_ An Introductio",Leith.,expression,0.4,,,,,,0,AMBIGUOUS
"Маклин, Чарльз - Whiskypedia_ An Introductio",Cigar Malt,expression,0.4,,40,,,,0,AMBIGUOUS
"Маклин, Чарльз - Whiskypedia_ An Introductio",Airdrie.,expression,0.4,,15,,,,0,AMBIGUOUS
"Маклин, Чарльз - Whiskypedia_ An Introductio",Grain Whisky,expression,0.4,,40,,,,0,AMBIGUOUS
"Маклин, Чарльз - Whiskypedia_ An Introductio",Mulben.,expression,0.4,,,,,,0,AMBIGUOUS
"Маклин, Чарльз - Whiskypedia_ An Introductio",Barley. The,distillery,0.4,,,,,,0,AMBIGUOUS
"Маклин, Чарльз - Whiskypedia_ An Introductio",Distillery Edition,distillery,0.4,15,51,,,,0,AMBIGUOUS
"Маклин, Чарльз - Whiskypedia_ An Introductio",Meldrum Distillery,distillery,0.4,,,,,,0,AMBIGUOUS
"Маклин, Чарльз - Whiskypedia_ An Introductio",Broxburn.,expression,0.4,,,,,,0,AMBIGUOUS
"Маклин, Чарльз - Whiskypedia_ An Introductio",Tweed.,expression,0.4,,40,,sherry,,0,AMBIGUOUS
"Маклин, Чарльз - Whiskypedia_ An Introductio",In June,distillery,0.4,,,,,,0,AMBIGUOUS
"Маклин, Чарльз - Whiskypedia_ An Introductio",Old Mull,distillery,0.4,,,,,,0,AMBIGUOUS
"Маклин, Чарльз - Whiskypedia_ An Introductio",Artisan Cask,expression,0.4,30,,,oak,,0,AMBIGUOUS
"Маклин, Чарльз - Whiskypedia_ An Introductio",Ord Distillery,distillery,0.4,,,,,,0,AMBIGUOUS
"Маклин, Чарльз - Whiskypedia_ An Introductio",Buckie.,expression,0.4,,,,bourbon,,0,AMBIGUOUS
"Маклин, Чарльз - Whiskypedia_ An Introductio",The Hosh,distillery,0.4,,,,,,0,AMBIGUOUS
"Маклин, Чарльз - Whiskypedia_ An Introductio",The Guinness Book,expression,0.4,,,,,,0,AMBIGUOUS
"Маклин, Чарльз - Whiskypedia_ An Introductio",Bishopbriggs.,expression,0.4,,,,,,0,AMBIGUOUS
"Маклин, Чарльз - Whiskypedia_ An Introductio",Diageo.,expression,0.4,,,,wine,,0,AMBIGUOUS
"Маклин, Чарльз - Whiskypedia_ An Introductio",Cnoc.,expression,0.4,,,speyside,,,0,AMBIGUOUS
"Маклин, Чарльз - Whiskypedia_ An Introductio",Mark Distillery,distillery,0.4,,,,first-fill,,0,AMBIGUOUS
"Маклин, Чарльз - Whiskypedia_ An Introductio",Lomond Distillery,distillery,0.4,,,,,,0,AMBIGUOUS
"Маклин, Чарльз - Whiskypedia_ An Introductio",Distillery Select,distillery,0.4,,,lowland,,,0,AMBIGUOUS
"Маклин, Чарльз - Whiskypedia_ An Introductio",Lowland. The,expression,0.4,,,lowland,,,0,AMBIGUOUS
"Маклин, Чарльз - Whiskypedia_ An Introductio",Elchies Distillery,distillery,0.4,,,,,,0,AMBIGUOUS
"Маклин, Чарльз - Whiskypedia_ An Introductio",The Fine,distillery,0.4,,,,,,0,AMBIGUOUS
"Маклин, Чарльз - Whiskypedia_ An Introductio",Brackla Distillery,distillery,0.4,,,,,,0,AMBIGUOUS
"Маклин, Чарльз - Whiskypedia_ An Introductio",Best Whisky,expression,0.4,20,59.8,,,,0,AMBIGUOUS
"Маклин, Чарльз - Whiskypedia_ An Introductio",Whisky Galore,expression,0.4,,,,,,0,AMBIGUOUS
"Маклин, Чарльз - Whiskypedia_ An Introductio",Carnoustie.,expression,0.4,,,,bourbon,,0,AMBIGUOUS
