book,surface,suggested_type,confidence,age,abv,region,cask,bottler,page,status
50 - Whisky Advocate September 2020_pdf -- W,"Zak Kostro
Less",expression,0.55,,,,bourbon,,12,CREATE
50 - Whisky Advocate September 2020_pdf -- W,Sticker Shock,expression,0.55,,,,bourbon,,12,CREATE
50 - Whisky Advocate September 2020_pdf -- W,The Malts Behind,expression,0.55,,,,,,12,CREATE
50 - Whisky Advocate September 2020_pdf -- W,"Ted Simmons
Breaking",expression,0.55,,,,,,12,CREATE
50 - Whisky Advocate September 2020_pdf -- W,Larger Than Life,expression,0.55,,,islay,,,12,CREATE
50 - Whisky Advocate September 2020_pdf -- W,"Ted Simmons
An",expression,0.55,,,,,,12,CREATE
50 - Whisky Advocate September 2020_pdf -- W,"Buying Guide
Reviews",expression,0.55,,,,,,13,CREATE
50 - Whisky Advocate September 2020_pdf -- W,Lighter Dram,expression,0.55,,,,,,13,CREATE
50 - Whisky Advocate September 2020_pdf -- W,"Celebrate Big
Marvin",expression,0.55,,,,,,16,CREATE
50 - Whisky Advocate September 2020_pdf -- W,"Shanken
Editor",expression,0.55,,,,,,16,CREATE
50 - Whisky Advocate September 2020_pdf -- W,Build Your Best,expression,0.55,,,,,,18,CREATE
50 - Whisky Advocate September 2020_pdf -- W,Art Director John,expression,0.55,,,,,,19,CREATE
50 - Whisky Advocate September 2020_pdf -- W,Events Joan,expression,0.55,,,,,,19,CREATE
50 - Whisky Advocate September 2020_pdf -- W,Senior Whisky Specialist,expression,0.55,,,,,,19,CREATE
50 - Whisky Advocate September 2020_pdf -- W,Digital Editor Susannah,expression,0.55,,,,,,19,CREATE
50 - Whisky Advocate September 2020_pdf -- W,"Skiver Barton
 Contributing",expression,0.55,,,,,,19,CREATE
50 - Whisky Advocate September 2020_pdf -- W,Chairman Marvin,expression,0.55,,,,,,19,CREATE
50 - Whisky Advocate September 2020_pdf -- W,Wine Spectator,expression,0.55,,,,wine,,19,CREATE
50 - Whisky Advocate September 2020_pdf -- W,Try Now,expression,0.55,,,,,,19,CREATE
50 - Whisky Advocate September 2020_pdf -- W,"Dave Cole
Hello",expression,0.55,,,,,,19,CREATE
50 - Whisky Advocate September 2020_pdf -- W,Stylish Whisky Water,expression,0.55,,,,,,24,CREATE
50 - Whisky Advocate September 2020_pdf -- W,Coffee Flavor Meets,expression,0.55,,,,,,24,CREATE
50 - Whisky Advocate September 2020_pdf -- W,Christina Basham,expression,0.55,,,,,,25,CREATE
50 - Whisky Advocate September 2020_pdf -- W,Pinball Meets Pappy,expression,0.55,,,,,,29,CREATE
50 - Whisky Advocate September 2020_pdf -- W,Pinballz Lake Creek,expression,0.55,,,,,,29,CREATE
50 - Whisky Advocate September 2020_pdf -- W,Legacy Cana,expression,0.55,,,,,,29,CREATE
50 - Whisky Advocate September 2020_pdf -- W,Vintage Games,expression,0.55,,,,,,29,CREATE
50 - Whisky Advocate September 2020_pdf -- W,"Aged Whiskies
Emporium",expression,0.55,,,,,,29,CREATE
50 - Whisky Advocate September 2020_pdf -- W,Arcade Bar Chicago,expression,0.55,,,,,,29,CREATE
50 - Whisky Advocate September 2020_pdf -- W,"Share Loch 
Ness",expression,0.55,,,,,,32,CREATE
50 - Whisky Advocate September 2020_pdf -- W,Salt House,expression,0.55,,,,,,36,CREATE
50 - Whisky Advocate September 2020_pdf -- W,"Cointreau
Cinnamon",expression,0.55,,,,,,36,CREATE
50 - Whisky Advocate September 2020_pdf -- W,Brazilian Spirit,expression,0.75,2,40,,,,37,CREATE
50 - Whisky Advocate September 2020_pdf -- W,Cuca Fresca Ouro,expression,0.75,4,40,,,,37,CREATE
50 - Whisky Advocate September 2020_pdf -- W,Leblon Reserva Especial,expression,0.75,2,40,,,,37,CREATE
50 - Whisky Advocate September 2020_pdf -- W,Novo Fogo Barrel,expression,0.75,2,40,,bourbon,,37,CREATE
50 - Whisky Advocate September 2020_pdf -- W,Yaguara Ouro,expression,0.75,,42,,,,37,CREATE
50 - Whisky Advocate September 2020_pdf -- W,Ouro Reserva Especial,expression,0.75,2,40,,,,37,CREATE
50 - Whisky Advocate September 2020_pdf -- W,Zak Kostro,expression,0.55,,,,,,40,CREATE
50 - Whisky Advocate September 2020_pdf -- W,"Community
Kentucky",expression,0.55,,,,bourbon,,40,CREATE
50 - Whisky Advocate September 2020_pdf -- W,Original Black Bourbon,expression,0.55,,,,bourbon,,40,CREATE
50 - Whisky Advocate September 2020_pdf -- W,Steven Grasse,distillery,0.55,,,,,,41,CREATE
50 - Whisky Advocate September 2020_pdf -- W,Tamworth Inn,distillery,0.55,,,,,,41,CREATE
50 - Whisky Advocate September 2020_pdf -- W,The General Lewis,expression,0.55,,,,,,42,CREATE
50 - Whisky Advocate September 2020_pdf -- W,Grist Mill Lane,distillery,0.55,,,,,,42,CREATE
50 - Whisky Advocate September 2020_pdf -- W,"Ralph 
Erenzo",distillery,0.55,,,,,,42,CREATE
50 - Whisky Advocate September 2020_pdf -- W,Silent Night,distillery,0.55,,,,,,42,CREATE
50 - Whisky Advocate September 2020_pdf -- W,Jay Erisman,expression,0.55,,,,,,43,CREATE
50 - Whisky Advocate September 2020_pdf -- W,"Sean Evans
Inspired",expression,0.55,,,,,,43,CREATE
50 - Whisky Advocate September 2020_pdf -- W,Cold Cut,expression,0.75,,46.5,,bourbon,,46,CREATE
50 - Whisky Advocate September 2020_pdf -- W,"Eye 
Rye Craft",expression,0.75,,40,,,,46,CREATE
50 - Whisky Advocate September 2020_pdf -- W,Infused Rye,expression,0.75,,40,,,,46,CREATE
50 - Whisky Advocate September 2020_pdf -- W,Mickey Heads,distillery,0.55,,,,,,48,CREATE
50 - Whisky Advocate September 2020_pdf -- W,Support During Pandemic,expression,0.55,,,,,,48,CREATE
50 - Whisky Advocate September 2020_pdf -- W,Go Tip Your,expression,0.55,,,,,,53,CREATE
50 - Whisky Advocate September 2020_pdf -- W,Noe Craft Distillery,distillery,0.55,,,,,,61,CREATE
50 - Whisky Advocate September 2020_pdf -- W,"Mark 
Lancaster",distillery,0.55,,,,,,63,CREATE
50 - Whisky Advocate September 2020_pdf -- W,"Sizing Up 
Distilleries",distillery,0.55,,,,,,66,CREATE
50 - Whisky Advocate September 2020_pdf -- W,"Biggest 
Whisky Operations",expression,0.55,,,,,,66,CREATE
50 - Whisky Advocate September 2020_pdf -- W,"Capacity
Master",expression,0.55,,,,,,66,CREATE
50 - Whisky Advocate September 2020_pdf -- W,"Logan.
Pot",expression,0.55,,,,,,67,CREATE
50 - Whisky Advocate September 2020_pdf -- W,The Dock Man,distillery,0.75,42,,,,,68,CREATE
50 - Whisky Advocate September 2020_pdf -- W,Tobacco Tax,expression,0.55,,,,,,74,CREATE
50 - Whisky Advocate September 2020_pdf -- W,Trade Bureau,expression,0.55,,,,,,74,CREATE
50 - Whisky Advocate September 2020_pdf -- W,Harlen Wheatley,expression,0.55,,,,,,75,CREATE
50 - Whisky Advocate September 2020_pdf -- W,Antique Collection,expression,0.55,,,,bourbon,,75,CREATE
50 - Whisky Advocate September 2020_pdf -- W,Denny Potter,distillery,0.55,,,,,,75,CREATE
50 - Whisky Advocate September 2020_pdf -- W,"Weller 
Full Proof",expression,0.75,,57,,bourbon,,75,CREATE
50 - Whisky Advocate September 2020_pdf -- W,"Strength 
Reserve",expression,0.75,,56.8,,,,75,CREATE
50 - Whisky Advocate September 2020_pdf -- W,"Cinnamon Red 
Hots",expression,0.75,,56.8,,,,75,CREATE
50 - Whisky Advocate September 2020_pdf -- W,"Mark 
Cask Strength",expression,0.55,,,,bourbon,,75,CREATE
50 - Whisky Advocate September 2020_pdf -- W,"Strength Port 
Barrel",expression,0.55,,,,port,,76,CREATE
50 - Whisky Advocate September 2020_pdf -- W,"Full Proof  
Kentucky",expression,0.75,,62.5,,oak,,76,CREATE
50 - Whisky Advocate September 2020_pdf -- W,Silent Distillery Chapter,distillery,0.55,,,,,,78,CREATE
50 - Whisky Advocate September 2020_pdf -- W,Jonny Fowle,expression,0.55,,,,,,79,CREATE
50 - Whisky Advocate September 2020_pdf -- W,Splurge Worthy,expression,0.75,25,43,,,,79,CREATE
50 - Whisky Advocate September 2020_pdf -- W,Bars Where You,expression,0.75,25,43,,,,79,CREATE
50 - Whisky Advocate September 2020_pdf -- W,"Can Buy 
Whisky",expression,0.75,,43,,,,79,CREATE
50 - Whisky Advocate September 2020_pdf -- W,"Bragging Rights
Brandy",expression,0.55,,,,,,79,CREATE
50 - Whisky Advocate September 2020_pdf -- W,Hot Numbers,expression,0.55,,,,,,82,CREATE
50 - Whisky Advocate September 2020_pdf -- W,Stephanie Macleod,expression,0.55,,,,,,82,CREATE
50 - Whisky Advocate September 2020_pdf -- W,Double Double,expression,0.75,21,,,,,82,CREATE
50 - Whisky Advocate September 2020_pdf -- W,"Beveridge. 
Widely",expression,0.55,,,,,,83,CREATE
50 - Whisky Advocate September 2020_pdf -- W,"Beveridge.
That",expression,0.55,,,,,,83,CREATE
50 - Whisky Advocate September 2020_pdf -- W,For Knob Creek,expression,0.55,,,,,,83,CREATE
50 - Whisky Advocate September 2020_pdf -- W,Fred Noe,expression,0.75,,59.8,,,,83,CREATE
50 - Whisky Advocate September 2020_pdf -- W,Seaview Cottage,distillery,0.75,,57.1,,,,89,CREATE
50 - Whisky Advocate September 2020_pdf -- W,The Illicit Still,distillery,0.55,,,,,,90,CREATE
50 - Whisky Advocate September 2020_pdf -- W,Beam Suntory,expression,0.55,,,,,,91,CREATE
50 - Whisky Advocate September 2020_pdf -- W,Adam Hannett,expression,0.55,,,,,,93,CREATE
50 - Whisky Advocate September 2020_pdf -- W,While Caol Ila,expression,0.55,,,,,,96,CREATE
50 - Whisky Advocate September 2020_pdf -- W,Diageo Special Releases,distillery,0.55,,,,,,96,CREATE
50 - Whisky Advocate September 2020_pdf -- W,Miguel Mar,expression,0.55,,,,sherry,,98,CREATE
50 - Whisky Advocate September 2020_pdf -- W,Crinan Canal,expression,0.75,16,,,,,99,CREATE
50 - Whisky Advocate September 2020_pdf -- W,Alfred Bar,expression,0.75,8,,,,,99,CREATE
50 - Whisky Advocate September 2020_pdf -- W,"Sukhinder 
Singh",expression,0.55,,,,port,,106,CREATE
50 - Whisky Advocate September 2020_pdf -- W,"Voluminous Vessels
The",distillery,0.55,,,,,,107,CREATE
50 - Whisky Advocate September 2020_pdf -- W,Guinness World Records,distillery,0.55,,,,,,107,CREATE
50 - Whisky Advocate September 2020_pdf -- W,Mint Julep,expression,0.55,,,,,,107,CREATE
50 - Whisky Advocate September 2020_pdf -- W,Massive Mixers Monkey,expression,0.55,,,,,,107,CREATE
50 - Whisky Advocate September 2020_pdf -- W,Oscar Mayer Wienermobile,expression,0.55,,,,,,107,CREATE
50 - Whisky Advocate September 2020_pdf -- W,Gaslamp Quarter,expression,0.55,,,,quarter,,107,CREATE
50 - Whisky Advocate September 2020_pdf -- W,"Sandy 
Hyslop",expression,0.55,,,,,,109,CREATE
50 - Whisky Advocate September 2020_pdf -- W,Emma Walker,expression,0.55,,,,,,109,CREATE
50 - Whisky Advocate September 2020_pdf -- W,"Jane 
Walker",expression,0.55,,,,,,109,CREATE
50 - Whisky Advocate September 2020_pdf -- W,"Brian 
Kinsman",expression,0.55,,,,,,110,CREATE
50 - Whisky Advocate September 2020_pdf -- W,Pernod Ricard,expression,0.55,,,,,,110,CREATE
50 - Whisky Advocate September 2020_pdf -- W,Wine Casks,expression,0.55,,,,port,,112,CREATE
50 - Whisky Advocate September 2020_pdf -- W,Focus On Puni,expression,0.55,,,,,,112,CREATE
50 - Whisky Advocate September 2020_pdf -- W,Breed Barrel,expression,0.75,,56.1,,,,114,CREATE
50 - Whisky Advocate September 2020_pdf -- W,Double Oak,expression,0.75,12,40,speyside,oak,,114,CREATE
50 - Whisky Advocate September 2020_pdf -- W,"Best Values
Whiskies",expression,0.55,,,,oak,,114,CREATE
50 - Whisky Advocate September 2020_pdf -- W,Susannah Skiver Barton,expression,0.55,,,,,,115,CREATE
50 - Whisky Advocate September 2020_pdf -- W,"Kedem 
Port Cask",expression,0.75,12,40,,port,,115,CREATE
50 - Whisky Advocate September 2020_pdf -- W,Kedem Winery,expression,0.55,,,,port,,115,CREATE
50 - Whisky Advocate September 2020_pdf -- W,"Oloroso 
Sherry Cask",expression,0.75,12,40,,sherry,,116,CREATE
50 - Whisky Advocate September 2020_pdf -- W,Peaty Tang,expression,0.75,,40,,oak,,116,CREATE
50 - Whisky Advocate September 2020_pdf -- W,"Bond 
House No",expression,0.75,23,43,,,,116,CREATE
50 - Whisky Advocate September 2020_pdf -- W,"Strength 
Connoisseurs Choice",bottler,0.55,,,,,gordon,116,CREATE
50 - Whisky Advocate September 2020_pdf -- W,"Kelvin 
Collaboration",expression,0.55,,,,,,117,CREATE
50 - Whisky Advocate September 2020_pdf -- W,Exploratory Cask Series,expression,0.75,15,,,,,119,CREATE
50 - Whisky Advocate September 2020_pdf -- W,"Peyton 
Manning",expression,0.55,,,,,,119,CREATE
50 - Whisky Advocate September 2020_pdf -- W,See Editors,expression,0.75,12,50,,,,119,CREATE
50 - Whisky Advocate September 2020_pdf -- W,From Washington,expression,0.75,,44,,,,120,CREATE
50 - Whisky Advocate September 2020_pdf -- W,Flagship Series Sherry,expression,0.75,13,45,,sherry,,120,CREATE
50 - Whisky Advocate September 2020_pdf -- W,Pot Distilled Oregon,distillery,0.75,3,42.5,,,,122,CREATE
50 - Whisky Advocate September 2020_pdf -- W,Corry The Hanson,expression,0.75,,46,,,,122,CREATE
50 - Whisky Advocate September 2020_pdf -- W,Corry The Vatting,expression,0.75,,47.8,,,,122,CREATE
50 - Whisky Advocate September 2020_pdf -- W,Corry The Gael,expression,0.75,,46,,,,122,CREATE
50 - Whisky Advocate September 2020_pdf -- W,See Collectibles,expression,0.75,,55.5,,,,123,CREATE
50 - Whisky Advocate September 2020_pdf -- W,Yakushima Island,expression,0.55,,,,,,123,CREATE
50 - Whisky Advocate September 2020_pdf -- W,See Best Values,expression,0.75,,45,,,,123,CREATE
50 - Whisky Advocate September 2020_pdf -- W,Tel Avivian,expression,0.55,,,,sherry,,124,CREATE
50 - Whisky Advocate September 2020_pdf -- W,Venosta Valley,distillery,0.55,,,,,,124,CREATE
50 - Whisky Advocate September 2020_pdf -- W,Tim Ahaus,expression,0.55,,,,,,126,CREATE
50 - Whisky Advocate September 2020_pdf -- W,Chuck Hasty,expression,0.55,,,,bourbon,,126,CREATE
50 - Whisky Advocate September 2020_pdf -- W,Are You,expression,0.55,,,,bourbon,,126,CREATE
50 - Whisky Advocate September 2020_pdf -- W,Then Show Us,expression,0.55,,,,,,126,CREATE
50 - Whisky Advocate September 2020_pdf -- W,Bob Kahn,expression,0.55,,,,,,126,CREATE
50 - Whisky Advocate September 2020_pdf -- W,"Shenandoah 
National Park",expression,0.55,,,,,,126,CREATE
50 - Whisky Advocate September 2020_pdf -- W,Shanken Communications,expression,0.55,,,,,,126,CREATE
50 - Whisky Advocate September 2020_pdf -- W,Osaka. Then,expression,0.55,,,,,,126,CREATE
50 - Whisky Advocate September 2020_pdf -- W,Happy Anniversary,expression,0.55,,,,,,126,CREATE
50 - Whisky Advocate September 2020_pdf -- W,Dan Dovan,distillery,0.55,,,,,,126,CREATE
50 - Whisky Advocate September 2020_pdf -- W,Rusty Nailguns,expression,0.55,,,,,,127,CREATE
A Field Guide to Whisky [eBook - Biblioboard,Ireland. Eventually,expression,0.55,,,,,,0,CREATE
A Field Guide to Whisky [eBook - Biblioboard,Different Types,expression,0.55,,,,,,0,CREATE
A Field Guide to Whisky [eBook - Biblioboard,How Many Brands,expression,0.55,,,,,,0,CREATE
A Field Guide to Whisky [eBook - Biblioboard,Whisky Are There,distillery,0.55,,,,,,0,CREATE
A Field Guide to Whisky [eBook - Biblioboard,Prohibition Irish,distillery,0.55,,,,,,0,CREATE
A Field Guide to Whisky [eBook - Biblioboard,Which Country Produces,expression,0.55,,,,,,0,CREATE
A Field Guide to Whisky [eBook - Biblioboard,Which Countries Are,expression,0.55,,,,,,0,CREATE
A Field Guide to Whisky [eBook - Biblioboard,Biggest Exporters,expression,0.55,,,,,,0,CREATE
A Field Guide to Whisky [eBook - Biblioboard,Mark Twain,expression,0.55,,,,,,0,CREATE
A Field Guide to Whisky [eBook - Biblioboard,Better Than Younger,expression,0.55,,,,,,0,CREATE
A Field Guide to Whisky [eBook - Biblioboard,Can Anybody Make,expression,0.55,,,,,,0,CREATE
A Field Guide to Whisky [eBook - Biblioboard,Eilean Donan Castle,expression,0.55,,,,,,0,CREATE
A Field Guide to Whisky [eBook - Biblioboard,"Ireland

The Irish",distillery,0.55,,,,,,0,CREATE
A Field Guide to Whisky [eBook - Biblioboard,Nova Scotia,expression,0.55,,,,,,0,CREATE
A Field Guide to Whisky [eBook - Biblioboard,"Japan
The Land",expression,0.55,,,,,,0,CREATE
A Field Guide to Whisky [eBook - Biblioboard,Rising Sun,expression,0.55,,,,,,0,CREATE
A Field Guide to Whisky [eBook - Biblioboard,Anywhere Else,expression,0.55,,,,,,0,CREATE
A Field Guide to Whisky [eBook - Biblioboard,"Danish Whisky 

Braunstein",expression,0.55,,,,,,0,CREATE
A Field Guide to Whisky [eBook - Biblioboard,Raymond Chandler,expression,0.55,,,,,,0,CREATE
A Field Guide to Whisky [eBook - Biblioboard,Bolsward. Since,expression,0.55,,,,,,0,CREATE
A Field Guide to Whisky [eBook - Biblioboard,Frysk Hynder,expression,0.55,,,,,,0,CREATE
A Field Guide to Whisky [eBook - Biblioboard,Alfred Barnard,expression,0.55,,,,,,0,CREATE
A Field Guide to Whisky [eBook - Biblioboard,Des Menhirs,expression,0.55,,,,,,0,CREATE
A Field Guide to Whisky [eBook - Biblioboard,"German Whisky
Germany",expression,0.55,,,,,,0,CREATE
A Field Guide to Whisky [eBook - Biblioboard,"Italian Whisky
For",expression,0.55,,,,,,0,CREATE
A Field Guide to Whisky [eBook - Biblioboard,"Norwegian Whisky

For",distillery,0.55,,,,,,0,CREATE
A Field Guide to Whisky [eBook - Biblioboard,Moritz Kallmeyer,expression,0.55,,,,,,0,CREATE
A Field Guide to Whisky [eBook - Biblioboard,"Spanish Whisky

Spain",expression,0.55,,,,,,0,CREATE
A Field Guide to Whisky [eBook - Biblioboard,Iberian Peninsula,expression,0.55,,,,,,0,CREATE
A Field Guide to Whisky [eBook - Biblioboard,"Taiwanese Whisky

King",distillery,0.55,,,,,,0,CREATE
A Field Guide to Whisky [eBook - Biblioboard,Car Kavalan Distillery,distillery,0.55,,,,,,0,CREATE
A Field Guide to Whisky [eBook - Biblioboard,"Taiwan.

Although",distillery,0.55,,,,,,0,CREATE
A Field Guide to Whisky [eBook - Biblioboard,Yilan. Its,distillery,0.55,,,,,,0,CREATE
A Field Guide to Whisky [eBook - Biblioboard,"Welsh Whisky

There",expression,0.55,,,,,,0,CREATE
A Field Guide to Whisky [eBook - Biblioboard,Wales. Its,expression,0.55,,,,,,0,CREATE
A Field Guide to Whisky [eBook - Biblioboard,Does Whisky Have,expression,0.55,,,,wine,,0,CREATE
A Field Guide to Whisky [eBook - Biblioboard,Appellation Like Wine,expression,0.55,,,,wine,,0,CREATE
A Field Guide to Whisky [eBook - Biblioboard,From Grain,expression,0.55,,,,,,0,CREATE
A Field Guide to Whisky [eBook - Biblioboard,"Drinking

Find",expression,0.55,,,,,,0,CREATE
A Field Guide to Whisky [eBook - Biblioboard,Where Does,expression,0.55,,,,,,0,CREATE
A Field Guide to Whisky [eBook - Biblioboard,Sir Robert Bruce,expression,0.55,,,,,,0,CREATE
A Field Guide to Whisky [eBook - Biblioboard,Barley Come From,expression,0.55,,,,,,0,CREATE
A Field Guide to Whisky [eBook - Biblioboard,How Does Peat,expression,0.55,,,,,,0,CREATE
A Field Guide to Whisky [eBook - Biblioboard,Malted Barley,expression,0.55,,,,,,0,CREATE
A Field Guide to Whisky [eBook - Biblioboard,What Are Phenols,expression,0.55,,,,,,0,CREATE
A Field Guide to Whisky [eBook - Biblioboard,Malted Barley Milled,expression,0.55,,,islay,,,0,CREATE
A Field Guide to Whisky [eBook - Biblioboard,"Mull.

Once",distillery,0.55,,,,,,0,CREATE
A Field Guide to Whisky [eBook - Biblioboard,Pot Still,distillery,0.55,,,,,,0,CREATE
A Field Guide to Whisky [eBook - Biblioboard,Why Do Pot,distillery,0.55,,,,,,0,CREATE
A Field Guide to Whisky [eBook - Biblioboard,What Are Feints,expression,0.55,,,,oak,,0,CREATE
A Field Guide to Whisky [eBook - Biblioboard,How Does Spirit,expression,0.55,,,,,,0,CREATE
A Field Guide to Whisky [eBook - Biblioboard,How Long Does,expression,0.55,,,,,,0,CREATE
A Field Guide to Whisky [eBook - Biblioboard,Dunnage Warehouse,expression,0.55,,,,,,0,CREATE
A Field Guide to Whisky [eBook - Biblioboard,Racked Warehouse,distillery,0.55,,,,,,0,CREATE
A Field Guide to Whisky [eBook - Biblioboard,Does Whisky Always,expression,0.55,,,,,,0,CREATE
A Field Guide to Whisky [eBook - Biblioboard,Main Characteristics,expression,0.55,,,,oak,,0,CREATE
A Field Guide to Whisky [eBook - Biblioboard,Difference Between First,expression,0.55,,,,first fill,,0,CREATE
A Field Guide to Whisky [eBook - Biblioboard,Refill Casks,expression,0.55,,,,first fill,,0,CREATE
A Field Guide to Whisky [eBook - Biblioboard,How Many Times,expression,0.55,,,,refill,,0,CREATE
A Field Guide to Whisky [eBook - Biblioboard,What Happens During,expression,0.55,,,speyside,,,0,CREATE
A Field Guide to Whisky [eBook - Biblioboard,Maturation Process,expression,0.55,,,,,,0,CREATE
A Field Guide to Whisky [eBook - Biblioboard,Does Location Influence,expression,0.55,,,,hogshead,,0,CREATE
A Field Guide to Whisky [eBook - Biblioboard,Percentage Is Spirit,expression,0.55,,,,,,0,CREATE
A Field Guide to Whisky [eBook - Biblioboard,Percentage Does Whisky,expression,0.55,,,,,,0,CREATE
A Field Guide to Whisky [eBook - Biblioboard,Come Out,expression,0.55,,,,,,0,CREATE
A Field Guide to Whisky [eBook - Biblioboard,Extra Maturation,expression,0.55,,,,,,0,CREATE
A Field Guide to Whisky [eBook - Biblioboard,Final Flavor,expression,0.55,,,,bourbon,,0,CREATE
A Field Guide to Whisky [eBook - Biblioboard,How Many Single,expression,0.55,,,,,,0,CREATE
A Field Guide to Whisky [eBook - Biblioboard,Malts Come,expression,0.55,,,,,,0,CREATE
A Field Guide to Whisky [eBook - Biblioboard,How Is Grain,expression,0.55,,,,,,0,CREATE
A Field Guide to Whisky [eBook - Biblioboard,How Does,distillery,0.55,,,,,,0,CREATE
A Field Guide to Whisky [eBook - Biblioboard,Analyzer Work,distillery,0.55,,,,,,0,CREATE
A Field Guide to Whisky [eBook - Biblioboard,How Does Grain,expression,0.55,,,,,,0,CREATE
A Field Guide to Whisky [eBook - Biblioboard,How Many Grain,expression,0.55,,,,,,0,CREATE
A Field Guide to Whisky [eBook - Biblioboard,How Do You,expression,0.55,,,,,,0,CREATE
A Field Guide to Whisky [eBook - Biblioboard,Rachel Barrie,expression,0.55,,,,,,0,CREATE
A Field Guide to Whisky [eBook - Biblioboard,How Many Blends,expression,0.55,,,,,,0,CREATE
A Field Guide to Whisky [eBook - Biblioboard,Who Was Johnnie,expression,0.55,,,,,,0,CREATE
A Field Guide to Whisky [eBook - Biblioboard,Andrew Usher,expression,0.55,,,,,,0,CREATE
A Field Guide to Whisky [eBook - Biblioboard,Pernod Ricard,expression,0.55,,,,,,0,CREATE
A Field Guide to Whisky [eBook - Biblioboard,Name Black,expression,0.55,,,,,,0,CREATE
A Field Guide to Whisky [eBook - Biblioboard,Tommy Dewar,expression,0.55,,,,,,0,CREATE
A Field Guide to Whisky [eBook - Biblioboard,When Buchanan,expression,0.55,,,,,,0,CREATE
A Field Guide to Whisky [eBook - Biblioboard,Inn. There,expression,0.55,,,,,,0,CREATE
A Field Guide to Whisky [eBook - Biblioboard,What Other Scottish,expression,0.55,,,,,,0,CREATE
A Field Guide to Whisky [eBook - Biblioboard,Blends Are Available,expression,0.55,,,,,,0,CREATE
A Field Guide to Whisky [eBook - Biblioboard,Why Are There,expression,0.55,,,,,,0,CREATE
A Field Guide to Whisky [eBook - Biblioboard,Alexander Bell,expression,0.55,,,,,,0,CREATE
A Field Guide to Whisky [eBook - Biblioboard,Perth. William,expression,0.55,,,,,,0,CREATE
A Field Guide to Whisky [eBook - Biblioboard,"International Conquest
Blended",expression,0.55,,,,,,0,CREATE
A Field Guide to Whisky [eBook - Biblioboard,Fats Waller,expression,0.55,,,,,,0,CREATE
A Field Guide to Whisky [eBook - Biblioboard,How Is Irish,distillery,0.55,,,,,,0,CREATE
A Field Guide to Whisky [eBook - Biblioboard,How Does Irish,expression,0.55,,,,,,0,CREATE
A Field Guide to Whisky [eBook - Biblioboard,How Many Irish,expression,0.55,,,,first fill,,0,CREATE
A Field Guide to Whisky [eBook - Biblioboard,National College,distillery,0.55,,,,,,0,CREATE
A Field Guide to Whisky [eBook - Biblioboard,Ireland. Founded,distillery,0.55,,,,,,0,CREATE
A Field Guide to Whisky [eBook - Biblioboard,How Is Bourbon,expression,0.55,,,,bourbon,,0,CREATE
A Field Guide to Whisky [eBook - Biblioboard,Mash Cooker,expression,0.55,,,,,,0,CREATE
A Field Guide to Whisky [eBook - Biblioboard,General Grant,expression,0.55,,,,,,0,CREATE
A Field Guide to Whisky [eBook - Biblioboard,Tail Box,expression,0.55,,,,,,0,CREATE
A Field Guide to Whisky [eBook - Biblioboard,Lincoln County,distillery,0.55,,,,,,0,CREATE
A Field Guide to Whisky [eBook - Biblioboard,How Is Rye,distillery,0.55,,,,,,0,CREATE
A Field Guide to Whisky [eBook - Biblioboard,Saloon League,expression,0.55,,,,,,0,CREATE
A Field Guide to Whisky [eBook - Biblioboard,How Is Canadian,expression,0.55,,,,,,0,CREATE
A Field Guide to Whisky [eBook - Biblioboard,"Flavor Additives


Empty",distillery,0.55,,,,,,0,CREATE
A Field Guide to Whisky [eBook - Biblioboard,Drugs Act,expression,0.55,,,,,,0,CREATE
A Field Guide to Whisky [eBook - Biblioboard,Alcohol Percentage,expression,0.55,,,,,,0,CREATE
A Field Guide to Whisky [eBook - Biblioboard,Type. Type,expression,0.55,,,,,,0,CREATE
A Field Guide to Whisky [eBook - Biblioboard,Region. Region,expression,0.55,,,,bourbon,,0,CREATE
A Field Guide to Whisky [eBook - Biblioboard,Age Statement,expression,0.55,,,,,,0,CREATE
A Field Guide to Whisky [eBook - Biblioboard,Some Scottish,expression,0.55,,,,,,0,CREATE
A Field Guide to Whisky [eBook - Biblioboard,Name.  Whiskies,distillery,0.55,,,,,,0,CREATE
A Field Guide to Whisky [eBook - Biblioboard,Filtering.  Most,expression,0.55,,,,,,0,CREATE
A Field Guide to Whisky [eBook - Biblioboard,Foundation Date,distillery,0.55,,,,,,0,CREATE
A Field Guide to Whisky [eBook - Biblioboard,Type Tell Me,expression,0.55,,,,,,0,CREATE
A Field Guide to Whisky [eBook - Biblioboard,Are Age Statements,expression,0.55,,,,,,0,CREATE
A Field Guide to Whisky [eBook - Biblioboard,What Does Proof,expression,0.55,,,,,,0,CREATE
A Field Guide to Whisky [eBook - Biblioboard,Independent Bottler,distillery,0.55,,,,,independent,0,CREATE
A Field Guide to Whisky [eBook - Biblioboard,Difference Between,distillery,0.55,,,,,signatory,0,CREATE
A Field Guide to Whisky [eBook - Biblioboard,Independent One,distillery,0.55,,,,,independent,0,CREATE
A Field Guide to Whisky [eBook - Biblioboard,Valhalla Collection,expression,0.55,,,highland,,,0,CREATE
A Field Guide to Whisky [eBook - Biblioboard,How Long Can,expression,0.55,,,,,,0,CREATE
A Field Guide to Whisky [eBook - Biblioboard,Best Method,expression,0.55,,,,,,0,CREATE
A Field Guide to Whisky [eBook - Biblioboard,Screw Cap Used,expression,0.55,,,,,,0,CREATE
A Field Guide to Whisky [eBook - Biblioboard,Many Scottish Whisky,expression,0.55,,,,,,0,CREATE
A Field Guide to Whisky [eBook - Biblioboard,Names Begin,expression,0.55,,,,,,0,CREATE
A Field Guide to Whisky [eBook - Biblioboard,Adding Ice,expression,0.55,,,,,,0,CREATE
A Field Guide to Whisky [eBook - Biblioboard,Adding Water,expression,0.55,,,,,,0,CREATE
A Field Guide to Whisky [eBook - Biblioboard,Family Casks,expression,0.55,,,,,,0,CREATE
A Field Guide to Whisky [eBook - Biblioboard,Pairing Food,expression,0.55,,,,,,0,CREATE
A Field Guide to Whisky [eBook - Biblioboard,Which Whiskies Go,expression,0.55,,,,,,0,CREATE
A Field Guide to Whisky [eBook - Biblioboard,Vegetarian Dishes,expression,0.55,,,,bourbon,,0,CREATE
A Field Guide to Whisky [eBook - Biblioboard,How Many Glasses,expression,0.55,,,,,,0,CREATE
A Field Guide to Whisky [eBook - Biblioboard,What Are Some,expression,0.55,,,,,,0,CREATE
A Field Guide to Whisky [eBook - Biblioboard,Especially Good Whisky,expression,0.55,,,highland,,,0,CREATE
A Field Guide to Whisky [eBook - Biblioboard,How Can,expression,0.55,,,,,,0,CREATE
A Field Guide to Whisky [eBook - Biblioboard,Interpret Whisky Scores,expression,0.55,,,,,,0,CREATE
A Field Guide to Whisky [eBook - Biblioboard,"Resources.


Tulip",expression,0.55,,,,,,0,CREATE
A Field Guide to Whisky [eBook - Biblioboard,More Expensive Than,expression,0.55,,,,,,0,CREATE
A Field Guide to Whisky [eBook - Biblioboard,Where Can,expression,0.55,,,,,,0,CREATE
A Field Guide to Whisky [eBook - Biblioboard,Eric Bartels,expression,0.55,,,,,,0,CREATE
A Field Guide to Whisky [eBook - Biblioboard,Sold Online,expression,0.55,,,,,,0,CREATE
A Field Guide to Whisky [eBook - Biblioboard,What Supermarkets Sell,expression,0.55,,,,,,0,CREATE
A Field Guide to Whisky [eBook - Biblioboard,Bid Online,expression,0.55,,,,,,0,CREATE
A Field Guide to Whisky [eBook - Biblioboard,Netherlands. Unique,expression,0.55,,,,port,,0,CREATE
A Field Guide to Whisky [eBook - Biblioboard,Best Brand,expression,0.55,,,,,,0,CREATE
A Field Guide to Whisky [eBook - Biblioboard,Best Way,expression,0.55,,,,,,0,CREATE
A Field Guide to Whisky [eBook - Biblioboard,Unopened Bottle,expression,0.55,,,,,,0,CREATE
A Field Guide to Whisky [eBook - Biblioboard,Risks Involved When,expression,0.55,,,,,,0,CREATE
A Field Guide to Whisky [eBook - Biblioboard,Dutchman Michel Kappen,expression,0.55,,,,,,0,CREATE
A Field Guide to Whisky [eBook - Biblioboard,Dow Jones,expression,0.55,,,,,,0,CREATE
A Field Guide to Whisky [eBook - Biblioboard,How Much Scotch,expression,0.55,,,,,,0,CREATE
A Field Guide to Whisky [eBook - Biblioboard,Annually Worldwide,expression,0.55,,,,,,0,CREATE
A Field Guide to Whisky [eBook - Biblioboard,International Wine,expression,0.55,,,,wine,,0,CREATE
A Field Guide to Whisky [eBook - Biblioboard,How Much American,expression,0.55,,,,,,0,CREATE
A Field Guide to Whisky [eBook - Biblioboard,Related Things Can,expression,0.55,,,,,,0,CREATE
A Field Guide to Whisky [eBook - Biblioboard,Weekly Gazette,expression,0.55,,,,,,0,CREATE
A Field Guide to Whisky [eBook - Biblioboard,His Whisky Distilleries,distillery,0.55,,,,,,0,CREATE
A Field Guide to Whisky [eBook - Biblioboard,Plain Spirit,expression,0.55,,,,,,0,CREATE
A Field Guide to Whisky [eBook - Biblioboard,"Japan

Books",expression,0.55,,,,,,0,CREATE
A Field Guide to Whisky [eBook - Biblioboard,Hideo Yamaoka,expression,0.55,,,,,,0,CREATE
A Field Guide to Whisky [eBook - Biblioboard,Ulf Buxrud,expression,0.55,,,,,,0,CREATE
A Field Guide to Whisky [eBook - Biblioboard,Dominic Roskrow,expression,0.55,,,,,,0,CREATE
A Field Guide to Whisky [eBook - Biblioboard,Queen Victoria,expression,0.55,,,,,,0,CREATE
A Field Guide to Whisky [eBook - Biblioboard,Amy Westlake Hansell,expression,0.55,,,,,,0,CREATE
A Field Guide to Whisky [eBook - Biblioboard,Amy Lee Bell,distillery,0.55,,,,,,0,CREATE
A Field Guide to Whisky [eBook - Biblioboard,Beam Global,distillery,0.55,,,,,,0,CREATE
A Field Guide to Whisky [eBook - Biblioboard,"Netherlands 


Teeling Distillery",distillery,0.55,,,,bourbon,,0,CREATE
A Field Guide to Whisky [eBook - Biblioboard,Although Jenever,expression,0.55,,,,,,0,CREATE
A Field Guide to Whisky [eBook - Biblioboard,Other Parts,distillery,0.55,,,,,,0,CREATE
A Field Guide to Whisky [eBook - Biblioboard,"Europe


Mackmyra Distillery",distillery,0.55,,,,,,0,CREATE
A Field Guide to Whisky [eBook - Biblioboard,"Japan
In Japan",expression,0.55,,,,,,0,CREATE
A Field Guide to Whisky [eBook - Biblioboard,Taiwan. Forsyth,expression,0.55,,,,,,0,CREATE
A Field Guide to Whisky [eBook - Biblioboard,"Industry
Innovation",expression,0.55,,,,,,0,CREATE
A Field Guide to Whisky [eBook - Biblioboard,Darek Bell,expression,0.55,,,,,,0,CREATE
A Field Guide to Whisky [eBook - Biblioboard,Rick Wasmund,distillery,0.55,,,,,,0,CREATE
A Field Guide to Whisky [eBook - Biblioboard,Flavor Innovations,expression,0.55,,,,,,0,CREATE
A Field Guide to Whisky [eBook - Biblioboard,Who Invented Distilling,distillery,0.55,,,,,,0,CREATE
A Field Guide to Whisky [eBook - Biblioboard,Which Nation Was,expression,0.55,,,,,,0,CREATE
A Field Guide to Whisky [eBook - Biblioboard,Why Was Whisky,expression,0.55,,,,,,0,CREATE
A Field Guide to Whisky [eBook - Biblioboard,Predominantly Distilled,distillery,0.55,,,,,,0,CREATE
A Field Guide to Whisky [eBook - Biblioboard,Colder Regions,expression,0.55,,,,,,0,CREATE
A Field Guide to Whisky [eBook - Biblioboard,How Did Whisky,expression,0.55,,,,,,0,CREATE
A Field Guide to Whisky [eBook - Biblioboard,Making Knowledge End,expression,0.55,,,,,,0,CREATE
A Field Guide to Whisky [eBook - Biblioboard,Ireland. Built,distillery,0.55,,,,,,0,CREATE
A Field Guide to Whisky [eBook - Biblioboard,Beam Suntory,distillery,0.55,,,,,,0,CREATE
A Field Guide to Whisky [eBook - Biblioboard,County Antrim,distillery,0.55,,,,,,0,CREATE
A Field Guide to Whisky [eBook - Biblioboard,Who Was John,expression,0.55,,,,,,0,CREATE
A Field Guide to Whisky [eBook - Biblioboard,Friar John Cor,expression,0.55,,,,,,0,CREATE
A Field Guide to Whisky [eBook - Biblioboard,Old Oscar Pepper,distillery,0.55,,,,,,0,CREATE
A Field Guide to Whisky [eBook - Biblioboard,County Cork,distillery,0.55,,,,,,0,CREATE
A Field Guide to Whisky [eBook - Biblioboard,Who Was James,distillery,0.55,,,,,,0,CREATE
A Field Guide to Whisky [eBook - Biblioboard,"Ireland. 

Robert",distillery,0.55,,,,,,0,CREATE
A Field Guide to Whisky [eBook - Biblioboard,Who Was Charles,distillery,0.55,,,,,,0,CREATE
A Field Guide to Whisky [eBook - Biblioboard,Who Is Tatsuya,distillery,0.55,,,,,,0,CREATE
A Field Guide to Whisky [eBook - Biblioboard,Tatsuya Minagawa,expression,0.55,,,,,,0,CREATE
A Field Guide to Whisky [eBook - Biblioboard,Who Was Hiram,expression,0.55,,,,,,0,CREATE
A Field Guide to Whisky [eBook - Biblioboard,Saidye Bronfman Family,expression,0.55,,,,,,0,CREATE
A Field Guide to Whisky [eBook - Biblioboard,"Ireland


Bushmills",expression,0.55,,,,,,0,CREATE
A Field Guide to Whisky [eBook - Biblioboard,"Wales


One",distillery,0.55,,,,,,0,CREATE
A Field Guide to Whisky [eBook - Biblioboard,Arkansas Moonshine,distillery,0.55,,,,,,0,CREATE
A Field Guide to Whisky [eBook - Biblioboard,Elm City Distillery,distillery,0.55,,,,,,0,CREATE
A Field Guide to Whisky [eBook - Biblioboard,Onyx Spirits Co,distillery,0.55,,,,,,0,CREATE
A Field Guide to Whisky [eBook - Biblioboard,Key West Distilling,distillery,0.55,,,,,,0,CREATE
A Field Guide to Whisky [eBook - Biblioboard,Key West,distillery,0.55,,,,,,0,CREATE
A Field Guide to Whisky [eBook - Biblioboard,Dalton Distillers,distillery,0.55,,,,,,0,CREATE
A Field Guide to Whisky [eBook - Biblioboard,Idaho Bourbon Distillers,distillery,0.55,,,,bourbon,,0,CREATE
A Field Guide to Whisky [eBook - Biblioboard,Quincy Street Distillery,distillery,0.55,,,,,,0,CREATE
A Field Guide to Whisky [eBook - Biblioboard,Midwest Grain Products,distillery,0.55,,,,,,0,CREATE
A Field Guide to Whisky [eBook - Biblioboard,Liquid Riot Bottling,expression,0.55,,,,,,0,CREATE
A Field Guide to Whisky [eBook - Biblioboard,Wiggly Bridge Distillery,distillery,0.55,,,,,,0,CREATE
A Field Guide to Whisky [eBook - Biblioboard,Old Line Spirits,distillery,0.55,,,,,,0,CREATE
A Field Guide to Whisky [eBook - Biblioboard,Sandy Hook,distillery,0.55,,,,,,0,CREATE
A Field Guide to Whisky [eBook - Biblioboard,Walnut Shade,distillery,0.55,,,,,,0,CREATE
A Field Guide to Whisky [eBook - Biblioboard,Baiting Hollow,distillery,0.55,,,,,,0,CREATE
A Field Guide to Whisky [eBook - Biblioboard,Striped Pig Distillery,distillery,0.55,,,,,,0,CREATE
A Field Guide to Whisky [eBook - Biblioboard,Appalachian Gap Distillery,distillery,0.55,,,,port,,0,CREATE
A Field Guide to Whisky [eBook - Biblioboard,Smith Bowman,distillery,0.55,,,,,,0,CREATE
A Field Guide to Whisky [eBook - Biblioboard,"Japan 


Miyagikyo Distillery",distillery,0.55,,,,,,0,CREATE
A Field Guide to Whisky [eBook - Biblioboard,Quaich Bar,expression,0.55,,,speyside,,,0,CREATE
A Field Guide to Whisky [eBook - Biblioboard,Tel Aviv,expression,0.55,,,,,,0,CREATE
A Field Guide to Whisky [eBook - Biblioboard,International Whisky Festival,expression,0.55,,,,,,0,CREATE
A Field Guide to Whisky [eBook - Biblioboard,Whisky Festival Northern,expression,0.55,,,,,,0,CREATE
A Field Guide to Whisky [eBook - Biblioboard,Allied Domecq Spirits,expression,0.55,,,,wine,,0,CREATE
A Field Guide to Whisky [eBook - Biblioboard,Uisge Beatha,expression,0.55,,,,wine,,0,CREATE
A Field Guide to Whisky [eBook - Biblioboard,Experimental Smoked Malts,distillery,0.55,,,,,,0,CREATE
A Field Guide to Whisky [eBook - Biblioboard,Mitchell Beazley,expression,0.55,,,,,,0,CREATE
A Field Guide to Whisky [eBook - Biblioboard,Lomond Books,expression,0.55,,,,,,0,CREATE
A Field Guide to Whisky [eBook - Biblioboard,Sir Robert,expression,0.55,,,,,,0,CREATE
A Field Guide to Whisky [eBook - Biblioboard,Taste. Limhamn,expression,0.55,,,,,,0,CREATE
A Field Guide to Whisky [eBook - Biblioboard,Its Past,expression,0.55,,,,,,0,CREATE
A Field Guide to Whisky [eBook - Biblioboard,Illustrated History,expression,0.55,,,,,,0,CREATE
A Field Guide to Whisky [eBook - Biblioboard,Harold Starke,expression,0.55,,,,,,0,CREATE
A Field Guide to Whisky [eBook - Biblioboard,Alvin Rosenbaum Projects,expression,0.55,,,,,,0,CREATE
A Field Guide to Whisky [eBook - Biblioboard,Porpoise Press,expression,0.55,,,,,,0,CREATE
A Field Guide to Whisky [eBook - Biblioboard,Ian. Bottled,expression,0.55,,,,,,0,CREATE
A Field Guide to Whisky [eBook - Biblioboard,Envisage Books,expression,0.55,,,,,,0,CREATE
A Field Guide to Whisky [eBook - Biblioboard,Galore. London,expression,0.55,,,,,,0,CREATE
A Field Guide to Whisky [eBook - Biblioboard,Liquid History,expression,0.55,,,,,,0,CREATE
A Field Guide to Whisky [eBook - Biblioboard,Cassell Illustrated,expression,0.55,,,,,,0,CREATE
A Field Guide to Whisky [eBook - Biblioboard,Oval Books,expression,0.55,,,,,,0,CREATE
A Field Guide to Whisky [eBook - Biblioboard,Fred. Women,expression,0.55,,,,,,0,CREATE
A Field Guide to Whisky [eBook - Biblioboard,Industry. London,expression,0.55,,,,,,0,CREATE
A Field Guide to Whisky [eBook - Biblioboard,Brien Press,expression,0.55,,,,,,0,CREATE
A Field Guide to Whisky [eBook - Biblioboard,Deluxe Blend,expression,0.55,,,,,,0,CREATE
A Field Guide to Whisky [eBook - Biblioboard,Historic Posters,expression,0.55,,,,,,0,CREATE
A Field Guide to Whisky [eBook - Biblioboard,Public Record Office,expression,0.55,,,,,,0,CREATE
A Field Guide to Whisky [eBook - Biblioboard,Prion Books,expression,0.55,,,,bourbon,,0,CREATE
A Field Guide to Whisky [eBook - Biblioboard,Plate. Isle,expression,0.55,,,islay,,,0,CREATE
A Field Guide to Whisky [eBook - Biblioboard,Blender. Castle,bottler,0.55,,,,,douglas,0,CREATE
A Field Guide to Whisky [eBook - Biblioboard,Neil Wilson,bottler,0.55,,,,,douglas,0,CREATE
A Field Guide to Whisky [eBook - Biblioboard,Industry. Beamsville,expression,0.55,,,,,,0,CREATE
A Field Guide to Whisky [eBook - Biblioboard,Smith. Let,expression,0.55,,,,,,0,CREATE
A Field Guide to Whisky [eBook - Biblioboard,Me Tell You,expression,0.55,,,,,,0,CREATE
A Field Guide to Whisky [eBook - Biblioboard,From Absinthe,expression,0.55,,,,,,0,CREATE
A Field Guide to Whisky [eBook - Biblioboard,Finest Artisan Spirits,expression,0.55,,,,,,0,CREATE
A Field Guide to Whisky [eBook - Biblioboard,Sterling Epicure,expression,0.55,,,,,,0,CREATE
A Field Guide to Whisky [eBook - Biblioboard,Adam. Proof,expression,0.55,,,,,,0,CREATE
A Field Guide to Whisky [eBook - Biblioboard,Booze. New,expression,0.55,,,,,,0,CREATE
A Field Guide to Whisky [eBook - Biblioboard,Kegan Paul,expression,0.55,,,,,,0,CREATE
A Field Guide to Whisky [eBook - Biblioboard,Graham Stewart,expression,0.55,,,,,,0,CREATE
A Field Guide to Whisky [eBook - Biblioboard,Ralph. Still,expression,0.55,,,,,,0,CREATE
A Field Guide to Whisky [eBook - Biblioboard,Ralph Steadman,expression,0.55,,,,,,0,CREATE
A Field Guide to Whisky [eBook - Biblioboard,Random House,expression,0.55,,,,,,0,CREATE
A Field Guide to Whisky [eBook - Biblioboard,Curious Bartender,expression,0.55,,,,bourbon,,0,CREATE
A Field Guide to Whisky [eBook - Biblioboard,Rye Whiskies,expression,0.55,,,,bourbon,,0,CREATE
A Field Guide to Whisky [eBook - Biblioboard,Ryland Peters,expression,0.55,,,,bourbon,,0,CREATE
A Field Guide to Whisky [eBook - Biblioboard,Historic Journey,distillery,0.55,,,,,,0,CREATE
A Field Guide to Whisky [eBook - Biblioboard,Liquid Gold,expression,0.55,,,,,,0,CREATE
A Field Guide to Whisky [eBook - Biblioboard,Windsor Verlag,expression,0.55,,,,,,0,CREATE
A Field Guide to Whisky [eBook - Biblioboard,Max. Chasing,expression,0.55,,,,,,0,CREATE
A Field Guide to Whisky [eBook - Biblioboard,Choosing Single Malts,expression,0.55,,,,,,0,CREATE
A Field Guide to Whisky [eBook - Biblioboard,Pavilion Books,expression,0.55,,,,,,0,CREATE
A Field Guide to Whisky [eBook - Biblioboard,Conceptual Continuity,expression,0.55,,,,,,0,CREATE
A Field Guide to Whisky [eBook - Biblioboard,Jazz. Charleston,expression,0.55,,,,bourbon,,0,CREATE
A Field Guide to Whisky [eBook - Biblioboard,Maple Drive,expression,0.55,,,,,,0,CREATE
A Field Guide to Whisky [eBook - Biblioboard,"Texas 
The Blackheart",expression,0.55,,,,,,0,CREATE
A Field Guide to Whisky [eBook - Biblioboard,"Magazine Street
New",expression,0.55,,,,,,0,CREATE
A Field Guide to Whisky [eBook - Biblioboard,"Street
Portland",expression,0.55,,,,,,0,CREATE
A Field Guide to Whisky [eBook - Biblioboard,"Avenue
San Francisco",expression,0.55,,,,,,0,CREATE
A Field Guide to Whisky [eBook - Biblioboard,"Folsom Street
Santa",expression,0.55,,,,,,0,CREATE
A Field Guide to Whisky [eBook - Biblioboard,"Avenue
The Pike",expression,0.55,,,,bourbon,,0,CREATE
A Field Guide to Whisky [eBook - Biblioboard,"Avenue
Washington",expression,0.55,,,,,,0,CREATE
A Field Guide to Whisky [eBook - Biblioboard,"Melbourne 
Belgium
De",expression,0.55,,,,,,0,CREATE
A Field Guide to Whisky [eBook - Biblioboard,The Feathers Pub,expression,0.55,,,,,,0,CREATE
A Field Guide to Whisky [eBook - Biblioboard,Fets Whisky Kitchen,expression,0.55,,,,,,0,CREATE
A Field Guide to Whisky [eBook - Biblioboard,Commercial Drive,expression,0.55,,,,,,0,CREATE
A Field Guide to Whisky [eBook - Biblioboard,Shebeen Whiskey House,expression,0.55,,,,,,0,CREATE
A Field Guide to Whisky [eBook - Biblioboard,"Hamburg
Loch Ness",expression,0.55,,,,,,0,CREATE
A Field Guide to Whisky [eBook - Biblioboard,"Berlin
Offside Pub",expression,0.55,,,,,,0,CREATE
A Field Guide to Whisky [eBook - Biblioboard,"Berlin
Ryan",expression,0.55,,,,,,0,CREATE
A Field Guide to Whisky [eBook - Biblioboard,Muddy Boot,expression,0.55,,,,,,0,CREATE
A Field Guide to Whisky [eBook - Biblioboard,Tamura Building,expression,0.55,,,,,,0,CREATE
A Field Guide to Whisky [eBook - Biblioboard,"Tokyo
Lithuania
King",expression,0.55,,,,,,0,CREATE
A Field Guide to Whisky [eBook - Biblioboard,"Vilnius
Malaysia
The",expression,0.55,,,,,,0,CREATE
A Field Guide to Whisky [eBook - Biblioboard,Changkat Bukit Bintang,expression,0.55,,,,,,0,CREATE
A Field Guide to Whisky [eBook - Biblioboard,Bukit Bintang,expression,0.55,,,,,,0,CREATE
A Field Guide to Whisky [eBook - Biblioboard,"Kuala Lumpur
The",expression,0.55,,,,,,0,CREATE
A Field Guide to Whisky [eBook - Biblioboard,Music Bar,expression,0.55,,,,,,0,CREATE
A Field Guide to Whisky [eBook - Biblioboard,"Amsterdam
Whiskycafe",expression,0.55,,,,,,0,CREATE
A Field Guide to Whisky [eBook - Biblioboard,Korte Leidsedwarsstraat,expression,0.55,,,,,,0,CREATE
A Field Guide to Whisky [eBook - Biblioboard,"Amsterdam
Northern Ireland",expression,0.55,,,,,,0,CREATE
A Field Guide to Whisky [eBook - Biblioboard,"Oslo
Poland
Dom",expression,0.55,,,,,,0,CREATE
A Field Guide to Whisky [eBook - Biblioboard,Droga Rybacka,expression,0.55,,,,bourbon,,0,CREATE
A Field Guide to Whisky [eBook - Biblioboard,Potapovskiy Lane,expression,0.55,,,,bourbon,,0,CREATE
A Field Guide to Whisky [eBook - Biblioboard,"Moscow
Whisky Bar",expression,0.55,,,,bourbon,,0,CREATE
A Field Guide to Whisky [eBook - Biblioboard,Nekrasova Street,expression,0.55,,,,bourbon,,0,CREATE
A Field Guide to Whisky [eBook - Biblioboard,Queen Street,bottler,0.55,,,,,society,0,CREATE
A Field Guide to Whisky [eBook - Biblioboard,Auldstone House,expression,0.55,,,,,,0,CREATE
A Field Guide to Whisky [eBook - Biblioboard,Naledi Drive,expression,0.55,,,,,,0,CREATE
A Field Guide to Whisky [eBook - Biblioboard,"Dullstroom
Spain
Bar",expression,0.55,,,,,,0,CREATE
A Field Guide to Whisky [eBook - Biblioboard,Widder Bar,expression,0.55,,,,,,0,CREATE
A Field Guide to Whisky [eBook - Biblioboard,Xinyi Ahnhe Station,expression,0.55,,,,,,0,CREATE
A Field Guide to Whisky [eBook - Biblioboard,European Waterways,expression,0.55,,,,,,0,CREATE
A Field Guide to Whisky [eBook - Biblioboard,Jewish Travel Agency,expression,0.55,,,,,,0,CREATE
A Field Guide to Whisky [eBook - Biblioboard,Erik Marinovich,expression,0.55,,,,,,0,CREATE
A Field Guide to Whisky [eBook - Biblioboard,Raphael Geroni,expression,0.55,,,,,,0,CREATE
A Field Guide to Whisky [eBook - Biblioboard,Becky Lovett Offringa,expression,0.55,,,,,,0,CREATE
A Field Guide to Whisky [eBook - Biblioboard,"Rachel
Bartels",expression,0.55,,,,,,0,CREATE
A Field Guide to Whisky [eBook - Biblioboard,"Darek
Bellino",expression,0.55,,,,,,0,CREATE
A Field Guide to Whisky [eBook - Biblioboard,"Margherita
Black",expression,0.55,,,,,,0,CREATE
A Field Guide to Whisky [eBook - Biblioboard,Bourbon Heritage Center,distillery,0.55,,,,bourbon,,0,CREATE
A Field Guide to Whisky [eBook - Biblioboard,"Dan
Canada",expression,0.55,,,,,,0,CREATE
A Field Guide to Whisky [eBook - Biblioboard,"Ea
Eilean Donan",expression,0.55,,,,,,0,CREATE
A Field Guide to Whisky [eBook - Biblioboard,"Oscar
Gimli Distillery",distillery,0.55,,,,,,0,CREATE
A Field Guide to Whisky [eBook - Biblioboard,"Haig
Haig",distillery,0.55,,,,,,0,CREATE
A Field Guide to Whisky [eBook - Biblioboard,"Herbert
Hume",distillery,0.55,,,,hogshead,,0,CREATE
A Field Guide to Whisky [eBook - Biblioboard,"Moritz
Kane",distillery,0.55,,,,,,0,CREATE
A Field Guide to Whisky [eBook - Biblioboard,"Tatsuya
Miyagikyo Distillery",distillery,0.55,,,,,,0,CREATE
A Field Guide to Whisky [eBook - Biblioboard,"Bugs
Moss",distillery,0.55,,,,,,0,CREATE
A Field Guide to Whisky [eBook - Biblioboard,"Vernon Distillery
Mulryan",distillery,0.55,,,,,,0,CREATE
A Field Guide to Whisky [eBook - Biblioboard,"Gary
Regan",expression,0.55,,,,,,0,CREATE
A Field Guide to Whisky [eBook - Biblioboard,Day Massacre,distillery,0.55,,,,,society,0,CREATE
A Field Guide to Whisky [eBook - Biblioboard,"Masataka
Taketsuru",distillery,0.55,,,,,,0,CREATE
A Field Guide to Whisky [eBook - Biblioboard,"Rita
Talisker Distillery",distillery,0.55,,,,,,0,CREATE
A Field Guide to Whisky [eBook - Biblioboard,"Prohibition
Tennessee",expression,0.55,,,,,,0,CREATE
A Field Guide to Whisky [eBook - Biblioboard,"Jock
Wilson",distillery,0.55,,,,,,0,CREATE
A Field Guide to Whisky [eBook - Biblioboard,Honorary Scotsman,expression,0.55,,,,,,0,CREATE
A Field Guide to Whisky [eBook - Biblioboard,International Whisky School,expression,0.55,,,,,,0,CREATE
A Field Guide to Whisky [eBook - Biblioboard,Dutch Whisky Awards,expression,0.55,,,,,,0,CREATE
A Field Guide to Whisky [eBook - Biblioboard,"Uithoorn
Photographs",expression,0.55,,,,,,0,CREATE
A Field Guide to Whisky [eBook - Biblioboard,Original Title,expression,0.55,,,,,,0,CREATE
A Field Guide to Whisky [eBook - Biblioboard,"Hans Offringa
Research",expression,0.55,,,,,,0,CREATE
A Field Guide to Whisky [eBook - Biblioboard,Grains Are Used,expression,0.55,,,,,,0,CREATE
A Field Guide to Whisky [eBook - Biblioboard,Mash Tun,expression,0.55,,,,,,0,CREATE
A Field Guide to Whisky [eBook - Biblioboard,Rectifier Work,expression,0.55,,,,,,0,CREATE
A Field Guide to Whisky [eBook - Biblioboard,Who Was Andrew,expression,0.55,,,,,,0,CREATE
A Field Guide to Whisky [eBook - Biblioboard,How Long Must,expression,0.55,,,,,,0,CREATE
A Field Guide to Whisky [eBook - Biblioboard,Wheat Whiskey Mature,expression,0.55,,,,,,0,CREATE
A Field Guide to Whisky [eBook - Biblioboard,"Prohibition


Canadian Whisky",expression,0.55,,,,,,0,CREATE
A Field Guide to Whisky [eBook - Biblioboard,Origin Tell Me,expression,0.55,,,,,,0,CREATE
A Field Guide to Whisky [eBook - Biblioboard,Name Tell Me,expression,0.55,,,,,,0,CREATE
A Field Guide to Whisky [eBook - Biblioboard,Limited Edition,expression,0.55,,,,,,0,CREATE
A Field Guide to Whisky [eBook - Biblioboard,Bottles Are Used,expression,0.55,,,,,,0,CREATE
A Field Guide to Whisky [eBook - Biblioboard,Old Bottle Effect,expression,0.55,,,,,,0,CREATE
A Field Guide to Whisky [eBook - Biblioboard,Cork Used,expression,0.55,,,,,,0,CREATE
A Field Guide to Whisky [eBook - Biblioboard,How Many Flavors,expression,0.55,,,,,,0,CREATE
A Field Guide to Whisky [eBook - Biblioboard,Aromas Can Be,expression,0.55,,,,,,0,CREATE
A Field Guide to Whisky [eBook - Biblioboard,Shot Glass,expression,0.55,,,,,,0,CREATE
A Field Guide to Whisky [eBook - Biblioboard,Tasting Note,expression,0.55,,,,,,0,CREATE
A Field Guide to Whisky [eBook - Biblioboard,Versus Women,expression,0.55,,,,,,0,CREATE
A Field Guide to Whisky [eBook - Biblioboard,"Whisky Clubs 




Chapter",expression,0.55,,,,,,0,CREATE
A Field Guide to Whisky [eBook - Biblioboard,Who Was Saint,expression,0.55,,,,,,0,CREATE
A Field Guide to Whisky [eBook - Biblioboard,Who Was Samuel,expression,0.55,,,,,,0,CREATE
A field guide the whisky.pdf,"Ireland.
Eventually",expression,0.55,,,,,,8,CREATE
A field guide the whisky.pdf,Different Types,expression,0.55,,,,,,13,CREATE
A field guide the whisky.pdf,How Many Brands,expression,0.55,,,,,,14,CREATE
A field guide the whisky.pdf,"Whisky Are
There",distillery,0.55,,,,,,14,CREATE
A field guide the whisky.pdf,Prohibition Irish,distillery,0.55,,,,,,14,CREATE
A field guide the whisky.pdf,Which Country Produces,expression,0.55,,,,,,15,CREATE
A field guide the whisky.pdf,Which Countries Are,expression,0.55,,,,,,16,CREATE
A field guide the whisky.pdf,"Biggest
Exporters",expression,0.55,,,,,,16,CREATE
A field guide the whisky.pdf,Mark Twain,expression,0.55,,,,,,17,CREATE
A field guide the whisky.pdf,Better Than Younger,expression,0.55,,,,,,18,CREATE
A field guide the whisky.pdf,Can Anybody Make,expression,0.55,,,,,,19,CREATE
A field guide the whisky.pdf,Eilean Donan Castle,expression,0.55,,,,,,23,CREATE
A field guide the whisky.pdf,"Japan
The Land",expression,0.55,,,,,,27,CREATE
A field guide the whisky.pdf,Rising Sun,expression,0.55,,,,,,27,CREATE
A field guide the whisky.pdf,Anywhere Else,expression,0.55,,,,,,27,CREATE
A field guide the whisky.pdf,"Danish Whisky
Braunstein",expression,0.55,,,,,,30,CREATE
A field guide the whisky.pdf,Raymond Chandler,expression,0.55,,,,,,31,CREATE
A field guide the whisky.pdf,Bolsward. Since,expression,0.55,,,,,,31,CREATE
A field guide the whisky.pdf,"Frysk
Hynder",expression,0.55,,,,,,31,CREATE
A field guide the whisky.pdf,When Alfred Barnard,expression,0.55,,,,,,32,CREATE
A field guide the whisky.pdf,Des Menhirs,expression,0.55,,,,,,33,CREATE
A field guide the whisky.pdf,"German Whisky
Germany",expression,0.55,,,,,,33,CREATE
A field guide the whisky.pdf,"Italian Whisky
For",expression,0.55,,,,,,34,CREATE
A field guide the whisky.pdf,Moritz Kallmeyer,expression,0.55,,,,,,37,CREATE
A field guide the whisky.pdf,"Spanish Whisky
Spain",expression,0.55,,,,,,37,CREATE
A field guide the whisky.pdf,Iberian Peninsula,expression,0.55,,,,,,38,CREATE
A field guide the whisky.pdf,"Taiwanese Whisky
King",distillery,0.55,,,,,,40,CREATE
A field guide the whisky.pdf,Car Kavalan Distillery,distillery,0.55,,,,,,40,CREATE
A field guide the whisky.pdf,"Taiwan.
Although",distillery,0.55,,,,,,40,CREATE
A field guide the whisky.pdf,Yilan. Its,distillery,0.55,,,,,,40,CREATE
A field guide the whisky.pdf,Alfred Barnard,expression,0.55,,,,,,41,CREATE
A field guide the whisky.pdf,Wales. Its,expression,0.55,,,,,,41,CREATE
A field guide the whisky.pdf,Does Whisky Have,expression,0.55,,,,wine,,41,CREATE
A field guide the whisky.pdf,"Appellation Like
Wine",expression,0.55,,,,wine,,41,CREATE
A field guide the whisky.pdf,"Drinking
Find",expression,0.55,,,,,,47,CREATE
A field guide the whisky.pdf,Where Does,expression,0.55,,,,,,47,CREATE
A field guide the whisky.pdf,Sir Robert Bruce,expression,0.55,,,,,,48,CREATE
A field guide the whisky.pdf,How Does Peat,expression,0.55,,,,,,52,CREATE
A field guide the whisky.pdf,Malted Barley,expression,0.55,,,,,,52,CREATE
A field guide the whisky.pdf,What Are Phenols,expression,0.55,,,,,,52,CREATE
A field guide the whisky.pdf,Malted Barley Milled,expression,0.55,,,islay,,,53,CREATE
A field guide the whisky.pdf,"Mull.
Once",distillery,0.55,,,,,,53,CREATE
A field guide the whisky.pdf,Pot Still,distillery,0.55,,,,,,61,CREATE
A field guide the whisky.pdf,Why Do Pot,distillery,0.55,,,,,,65,CREATE
A field guide the whisky.pdf,What Are Feints,expression,0.55,,,,oak,,69,CREATE
A field guide the whisky.pdf,How Does Spirit,expression,0.55,,,,,,71,CREATE
A field guide the whisky.pdf,How Long Does,expression,0.55,,,,,,72,CREATE
A field guide the whisky.pdf,Dunnage Warehouse,expression,0.55,,,,,,73,CREATE
A field guide the whisky.pdf,Racked Warehouse,expression,0.55,,,,,,75,CREATE
A field guide the whisky.pdf,Does Whisky Always,expression,0.55,,,,,,76,CREATE
A field guide the whisky.pdf,Main Characteristics,expression,0.55,,,,oak,,78,CREATE
A field guide the whisky.pdf,Difference Between First,expression,0.55,,,,refill,,82,CREATE
A field guide the whisky.pdf,Refill Casks,expression,0.55,,,,refill,,82,CREATE
A field guide the whisky.pdf,How Many Times,expression,0.55,,,,refill,,82,CREATE
A field guide the whisky.pdf,What Happens During,expression,0.55,,,speyside,,,83,CREATE
A field guide the whisky.pdf,Maturation Process,expression,0.55,,,,,,84,CREATE
A field guide the whisky.pdf,Does Location Influence,expression,0.55,,,,hogshead,,84,CREATE
A field guide the whisky.pdf,Percentage Is Spirit,expression,0.55,,,,,,84,CREATE
A field guide the whisky.pdf,"Percentage Does
Whisky",expression,0.55,,,,,,85,CREATE
A field guide the whisky.pdf,Come Out,expression,0.55,,,,,,85,CREATE
A field guide the whisky.pdf,"Extra
Maturation",expression,0.55,,,,,,86,CREATE
A field guide the whisky.pdf,"Final
Flavor",expression,0.55,,,,bourbon,,87,CREATE
A field guide the whisky.pdf,How Many Single,expression,0.55,,,,,,88,CREATE
A field guide the whisky.pdf,Malts Come,expression,0.55,,,,,,88,CREATE
A field guide the whisky.pdf,How Is Grain,expression,0.55,,,,,,88,CREATE
A field guide the whisky.pdf,How Does,distillery,0.55,,,,,,90,CREATE
A field guide the whisky.pdf,Analyzer Work,distillery,0.55,,,,,,90,CREATE
A field guide the whisky.pdf,How Does Grain,expression,0.55,,,,,,92,CREATE
A field guide the whisky.pdf,How Many Grain,expression,0.55,,,,,,93,CREATE
A field guide the whisky.pdf,How Do You,expression,0.55,,,,,,95,CREATE
A field guide the whisky.pdf,Rachel Barrie,expression,0.55,,,,,,96,CREATE
A field guide the whisky.pdf,How Many Blends,expression,0.55,,,,,,96,CREATE
A field guide the whisky.pdf,Who Was Johnnie,expression,0.55,,,,,,98,CREATE
A field guide the whisky.pdf,Andrew Usher,expression,0.55,,,,,,100,CREATE
A field guide the whisky.pdf,Pernod Ricard,expression,0.55,,,,,,102,CREATE
A field guide the whisky.pdf,Name Black,expression,0.55,,,,,,104,CREATE
A field guide the whisky.pdf,Tommy Dewar,expression,0.55,,,,,,105,CREATE
A field guide the whisky.pdf,When Buchanan,expression,0.55,,,,,,105,CREATE
A field guide the whisky.pdf,What Other Scottish,expression,0.55,,,,,,108,CREATE
A field guide the whisky.pdf,"Blends Are
Available",expression,0.55,,,,,,108,CREATE
A field guide the whisky.pdf,Why Are There,expression,0.55,,,,,,109,CREATE
A field guide the whisky.pdf,Alexander Bell,expression,0.55,,,,,,110,CREATE
A field guide the whisky.pdf,Perth. William,expression,0.55,,,,,,110,CREATE
A field guide the whisky.pdf,"Fats
Waller",expression,0.55,,,,,,115,CREATE
A field guide the whisky.pdf,How Is Irish,distillery,0.55,,,,,,116,CREATE
A field guide the whisky.pdf,How Does Irish,expression,0.55,,,,,,119,CREATE
A field guide the whisky.pdf,How Many Irish,expression,0.55,,,,first fill,,119,CREATE
A field guide the whisky.pdf,National College,distillery,0.55,,,,,,121,CREATE
A field guide the whisky.pdf,"Ireland.
Founded",distillery,0.55,,,,,,122,CREATE
A field guide the whisky.pdf,Mash Cooker,expression,0.55,,,,,,126,CREATE
A field guide the whisky.pdf,Tail Box,expression,0.55,,,,,,130,CREATE
A field guide the whisky.pdf,Lincoln County,distillery,0.55,,,,,,140,CREATE
A field guide the whisky.pdf,How Is Rye,distillery,0.55,,,,,,141,CREATE
A field guide the whisky.pdf,Saloon League,expression,0.55,,,,,,149,CREATE
A field guide the whisky.pdf,How Is Canadian,expression,0.55,,,,,,155,CREATE
A field guide the whisky.pdf,Nova Scotia,distillery,0.55,,,,,,159,CREATE
A field guide the whisky.pdf,Drugs Act,expression,0.55,,,,,,159,CREATE
A field guide the whisky.pdf,Alcohol Percentage,expression,0.55,,,,,,169,CREATE
A field guide the whisky.pdf,"Some
Scottish",expression,0.55,,,,,,173,CREATE
A field guide the whisky.pdf,Type Tell Me,expression,0.55,,,,,,175,CREATE
A field guide the whisky.pdf,Are Age Statements,expression,0.55,,,,,,175,CREATE
A field guide the whisky.pdf,What Does Proof,expression,0.55,,,,,,177,CREATE
A field guide the whisky.pdf,Independent Bottler,distillery,0.55,,,,,independent,178,CREATE
A field guide the whisky.pdf,Difference Between,distillery,0.55,,,,,,179,CREATE
A field guide the whisky.pdf,Independent One,distillery,0.55,,,,,independent,179,CREATE
A field guide the whisky.pdf,Valhalla Collection,expression,0.55,,,highland,,,180,CREATE
A field guide the whisky.pdf,How Long Can,expression,0.55,,,,,,180,CREATE
A field guide the whisky.pdf,Best Method,expression,0.55,,,,,,181,CREATE
A field guide the whisky.pdf,Many Scottish Whisky,expression,0.55,,,,,,185,CREATE
A field guide the whisky.pdf,Names Begin,expression,0.55,,,,,,185,CREATE
A field guide the whisky.pdf,Adding Ice,expression,0.55,,,,,,198,CREATE
A field guide the whisky.pdf,Adding Water,expression,0.55,,,,,,198,CREATE
A field guide the whisky.pdf,Family Casks,expression,0.55,,,,,,200,CREATE
A field guide the whisky.pdf,Pairing Food,expression,0.55,,,,,,203,CREATE
A field guide the whisky.pdf,Which Whiskies Go,expression,0.55,,,,,,204,CREATE
A field guide the whisky.pdf,Vegetarian Dishes,expression,0.55,,,,bourbon,,204,CREATE
A field guide the whisky.pdf,How Many Glasses,expression,0.55,,,,,,206,CREATE
A field guide the whisky.pdf,What Are Some,expression,0.55,,,,,,206,CREATE
A field guide the whisky.pdf,"Especially Good
Whisky",expression,0.55,,,,,,206,CREATE
A field guide the whisky.pdf,How Can,expression,0.55,,,,,,208,CREATE
A field guide the whisky.pdf,Interpret Whisky Scores,expression,0.55,,,,,,208,CREATE
A field guide the whisky.pdf,More Expensive Than,expression,0.55,,,,,,213,CREATE
A field guide the whisky.pdf,Where Can,expression,0.55,,,,,,214,CREATE
A field guide the whisky.pdf,Eric Bartels,expression,0.55,,,,,,214,CREATE
A field guide the whisky.pdf,Sold Online,expression,0.55,,,,,,214,CREATE
A field guide the whisky.pdf,What Supermarkets Sell,expression,0.55,,,,,,215,CREATE
A field guide the whisky.pdf,Bid Online,expression,0.55,,,,,,215,CREATE
A field guide the whisky.pdf,Netherlands. Unique,expression,0.55,,,,port,,215,CREATE
A field guide the whisky.pdf,Best Brand,expression,0.55,,,,,,216,CREATE
A field guide the whisky.pdf,Best Way,expression,0.55,,,,,,217,CREATE
A field guide the whisky.pdf,Unopened Bottle,expression,0.55,,,,,,217,CREATE
A field guide the whisky.pdf,Risks Involved When,expression,0.55,,,,,,218,CREATE
A field guide the whisky.pdf,Dutchman Michel Kappen,expression,0.55,,,,,,218,CREATE
A field guide the whisky.pdf,Dow Jones,expression,0.55,,,,,,218,CREATE
A field guide the whisky.pdf,How Much Scotch,expression,0.55,,,,,,220,CREATE
A field guide the whisky.pdf,Annually Worldwide,expression,0.55,,,,,,220,CREATE
A field guide the whisky.pdf,International Wine,expression,0.55,,,,wine,,220,CREATE
A field guide the whisky.pdf,How Much American,expression,0.55,,,,,,220,CREATE
A field guide the whisky.pdf,"Related
Things Can",expression,0.55,,,,,,220,CREATE
A field guide the whisky.pdf,Weekly Gazette,expression,0.55,,,,,,222,CREATE
A field guide the whisky.pdf,"His
Whisky Distilleries",distillery,0.55,,,,,,222,CREATE
A field guide the whisky.pdf,Plain Spirit,expression,0.55,,,,,,222,CREATE
A field guide the whisky.pdf,"Japan
Books",expression,0.55,,,,,,223,CREATE
A field guide the whisky.pdf,Hideo Yamaoka,expression,0.55,,,,,,224,CREATE
A field guide the whisky.pdf,"Ulf
Buxrud",expression,0.55,,,,,,224,CREATE
A field guide the whisky.pdf,Dominic Roskrow,expression,0.55,,,,,,224,CREATE
A field guide the whisky.pdf,Queen Victoria,expression,0.55,,,,,,227,CREATE
A field guide the whisky.pdf,"Amy Westlake
Hansell",expression,0.55,,,,,,228,CREATE
A field guide the whisky.pdf,Amy Lee Bell,distillery,0.55,,,,,,230,CREATE
A field guide the whisky.pdf,"Ireland
Irish",expression,0.55,,,,,,233,CREATE
A field guide the whisky.pdf,Beam Global,distillery,0.55,,,,,,233,CREATE
A field guide the whisky.pdf,"Netherlands
Teeling Distillery",distillery,0.55,,,,,,234,CREATE
A field guide the whisky.pdf,"Although
Jenever",expression,0.55,,,,,,234,CREATE
A field guide the whisky.pdf,Other Parts,distillery,0.55,,,,,,235,CREATE
A field guide the whisky.pdf,"Europe
Mackmyra Distillery",distillery,0.55,,,,,,235,CREATE
A field guide the whisky.pdf,"Japan
In Japan",expression,0.55,,,,,,238,CREATE
A field guide the whisky.pdf,Taiwan. Forsyth,expression,0.55,,,,,,239,CREATE
A field guide the whisky.pdf,"Industry
Innovation",expression,0.55,,,,,,239,CREATE
A field guide the whisky.pdf,Darek Bell,expression,0.55,,,,,,239,CREATE
A field guide the whisky.pdf,Rick Wasmund,distillery,0.55,,,,,,239,CREATE
A field guide the whisky.pdf,Flavor Innovations,expression,0.55,,,,,,241,CREATE
A field guide the whisky.pdf,Which Nation Was,expression,0.55,,,,,,247,CREATE
A field guide the whisky.pdf,Why Was Whisky,expression,0.55,,,,,,249,CREATE
A field guide the whisky.pdf,"Predominantly
Distilled",distillery,0.55,,,,,,249,CREATE
A field guide the whisky.pdf,Colder Regions,expression,0.55,,,,,,249,CREATE
A field guide the whisky.pdf,How Did Whisky,expression,0.55,,,,,,249,CREATE
A field guide the whisky.pdf,"Making Knowledge
End",expression,0.55,,,,,,249,CREATE
A field guide the whisky.pdf,Ireland. Built,distillery,0.55,,,,,,252,CREATE
A field guide the whisky.pdf,Beam Suntory,distillery,0.55,,,,,,253,CREATE
A field guide the whisky.pdf,County Antrim,distillery,0.55,,,,,,253,CREATE
A field guide the whisky.pdf,Who Was John,expression,0.55,,,,,,253,CREATE
A field guide the whisky.pdf,Friar John Cor,expression,0.55,,,,,,253,CREATE
A field guide the whisky.pdf,Old Oscar Pepper,distillery,0.55,,,,,,260,CREATE
A field guide the whisky.pdf,County Cork,distillery,0.55,,,,,,261,CREATE
A field guide the whisky.pdf,Who Was James,distillery,0.55,,,,,,261,CREATE
A field guide the whisky.pdf,"Ireland.
Robert",distillery,0.55,,,,,,263,CREATE
A field guide the whisky.pdf,Who Is Tatsuya,distillery,0.55,,,,,,267,CREATE
A field guide the whisky.pdf,Tatsuya Minagawa,expression,0.55,,,,,,267,CREATE
A field guide the whisky.pdf,Who Was Hiram,expression,0.55,,,,,,268,CREATE
A field guide the whisky.pdf,Saidye Bronfman Family,expression,0.55,,,,,,270,CREATE
A field guide the whisky.pdf,"Ireland
Bushmills",expression,0.55,,,,,,283,CREATE
A field guide the whisky.pdf,Arkansas Moonshine,distillery,0.55,,,,,,291,CREATE
A field guide the whisky.pdf,Elm City Distillery,distillery,0.55,,,,,,292,CREATE
A field guide the whisky.pdf,Onyx Spirits Co,distillery,0.55,,,,,,292,CREATE
A field guide the whisky.pdf,Key West Distilling,distillery,0.55,,,,,,292,CREATE
A field guide the whisky.pdf,Key West,distillery,0.55,,,,,,292,CREATE
A field guide the whisky.pdf,Dalton Distillers,distillery,0.55,,,,,,292,CREATE
A field guide the whisky.pdf,Idaho Bourbon Distillers,distillery,0.55,,,,bourbon,,292,CREATE
A field guide the whisky.pdf,Quincy Street Distillery,distillery,0.55,,,,,,292,CREATE
A field guide the whisky.pdf,Midwest Grain Products,distillery,0.55,,,,,,292,CREATE
A field guide the whisky.pdf,Liquid Riot Bottling,expression,0.55,,,,,,293,CREATE
A field guide the whisky.pdf,Wiggly Bridge Distillery,distillery,0.55,,,,,,293,CREATE
A field guide the whisky.pdf,Old Line Spirits,distillery,0.55,,,,,,293,CREATE
A field guide the whisky.pdf,Sandy Hook,distillery,0.55,,,,,,293,CREATE
A field guide the whisky.pdf,Walnut Shade,distillery,0.55,,,,,,293,CREATE
A field guide the whisky.pdf,Baiting Hollow,distillery,0.55,,,,,,294,CREATE
A field guide the whisky.pdf,Striped Pig Distillery,distillery,0.55,,,,,,295,CREATE
A field guide the whisky.pdf,Appalachian Gap Distillery,distillery,0.55,,,,port,,295,CREATE
A field guide the whisky.pdf,Smith Bowman,distillery,0.55,,,,,,295,CREATE
A field guide the whisky.pdf,"Japan
Miyagikyo Distillery",distillery,0.55,,,,,,299,CREATE
A field guide the whisky.pdf,Quaich Bar,expression,0.55,,,speyside,,,302,CREATE
A field guide the whisky.pdf,Tel Aviv,expression,0.55,,,,,,306,CREATE
A field guide the whisky.pdf,International Whisky Festival,expression,0.55,,,,,,306,CREATE
A field guide the whisky.pdf,Whisky Festival Northern,expression,0.55,,,,,,307,CREATE
A field guide the whisky.pdf,Allied Domecq Spirits,expression,0.55,,,,wine,,309,CREATE
A field guide the whisky.pdf,Uisge Beatha,expression,0.55,,,,wine,,309,CREATE
A field guide the whisky.pdf,Experimental Smoked Malts,distillery,0.55,,,,,,309,CREATE
A field guide the whisky.pdf,"Mitchell
Beazley",expression,0.55,,,,,,309,CREATE
A field guide the whisky.pdf,Lomond Books,expression,0.55,,,,,,309,CREATE
A field guide the whisky.pdf,Sir Robert,expression,0.55,,,,,,309,CREATE
A field guide the whisky.pdf,Taste. Limhamn,expression,0.55,,,,,,309,CREATE
A field guide the whisky.pdf,Its Past,expression,0.55,,,,,,310,CREATE
A field guide the whisky.pdf,Illustrated History,expression,0.55,,,,,,310,CREATE
A field guide the whisky.pdf,"Harold
Starke",expression,0.55,,,,,,310,CREATE
A field guide the whisky.pdf,Porpoise Press,expression,0.55,,,,,,311,CREATE
A field guide the whisky.pdf,Ian. Bottled,expression,0.55,,,,,,311,CREATE
A field guide the whisky.pdf,Envisage Books,expression,0.55,,,,,,311,CREATE
A field guide the whisky.pdf,Galore. London,expression,0.55,,,,,,311,CREATE
A field guide the whisky.pdf,Liquid History,expression,0.55,,,,,,312,CREATE
A field guide the whisky.pdf,Cassell Illustrated,expression,0.55,,,,,,312,CREATE
A field guide the whisky.pdf,Oval Books,expression,0.55,,,,,,312,CREATE
A field guide the whisky.pdf,Fred. Women,expression,0.55,,,,,,312,CREATE
A field guide the whisky.pdf,Industry. London,expression,0.55,,,,,,312,CREATE
A field guide the whisky.pdf,Brien Press,expression,0.55,,,,,,312,CREATE
A field guide the whisky.pdf,Deluxe Blend,expression,0.55,,,,,,312,CREATE
A field guide the whisky.pdf,Historic Posters,expression,0.55,,,,,,312,CREATE
A field guide the whisky.pdf,Public Record Office,expression,0.55,,,,,,312,CREATE
A field guide the whisky.pdf,Prion Books,expression,0.55,,,,bourbon,,312,CREATE
A field guide the whisky.pdf,Plate. Isle,expression,0.55,,,islay,,,313,CREATE
A field guide the whisky.pdf,Blender. Castle,bottler,0.55,,,,,douglas,313,CREATE
A field guide the whisky.pdf,"Neil
Wilson",bottler,0.55,,,,,douglas,313,CREATE
A field guide the whisky.pdf,"Industry.
Beamsville",expression,0.55,,,,,,313,CREATE
A field guide the whisky.pdf,Smith. Let,expression,0.55,,,,,,313,CREATE
A field guide the whisky.pdf,Me Tell You,expression,0.55,,,,,,313,CREATE
A field guide the whisky.pdf,From Absinthe,expression,0.55,,,,,,313,CREATE
A field guide the whisky.pdf,Finest Artisan Spirits,expression,0.55,,,,,,313,CREATE
A field guide the whisky.pdf,Sterling Epicure,expression,0.55,,,,,,314,CREATE
A field guide the whisky.pdf,Adam. Proof,expression,0.55,,,,,,314,CREATE
A field guide the whisky.pdf,Booze. New,expression,0.55,,,,,,314,CREATE
A field guide the whisky.pdf,Kegan Paul,expression,0.55,,,,,,314,CREATE
A field guide the whisky.pdf,Graham Stewart,expression,0.55,,,,,,314,CREATE
A field guide the whisky.pdf,Ralph. Still,expression,0.55,,,,,,315,CREATE
A field guide the whisky.pdf,"Ralph
Steadman",expression,0.55,,,,,,315,CREATE
A field guide the whisky.pdf,Random House,expression,0.55,,,,,,315,CREATE
A field guide the whisky.pdf,Curious Bartender,expression,0.55,,,,bourbon,,315,CREATE
A field guide the whisky.pdf,Rye Whiskies,expression,0.55,,,,bourbon,,315,CREATE
A field guide the whisky.pdf,Ryland Peters,expression,0.55,,,,bourbon,,315,CREATE
A field guide the whisky.pdf,Historic Journey,distillery,0.55,,,,,,315,CREATE
A field guide the whisky.pdf,Liquid Gold,expression,0.55,,,,,,315,CREATE
A field guide the whisky.pdf,Windsor Verlag,expression,0.55,,,,,,315,CREATE
A field guide the whisky.pdf,Max. Chasing,expression,0.55,,,,,,315,CREATE
A field guide the whisky.pdf,Choosing Single Malts,expression,0.55,,,,,,315,CREATE
A field guide the whisky.pdf,Pavilion Books,expression,0.55,,,,,,315,CREATE
A field guide the whisky.pdf,Conceptual Continuity,expression,0.55,,,,,,316,CREATE
A field guide the whisky.pdf,Jazz. Charleston,expression,0.55,,,,bourbon,,316,CREATE
A field guide the whisky.pdf,Maple Drive,expression,0.55,,,,,,317,CREATE
A field guide the whisky.pdf,"Texas
The Blackheart",expression,0.55,,,,,,317,CREATE
A field guide the whisky.pdf,"Magazine Street
New",expression,0.55,,,,,,318,CREATE
A field guide the whisky.pdf,"Street
Portland",expression,0.55,,,,,,319,CREATE
A field guide the whisky.pdf,"Avenue
San Francisco",expression,0.55,,,,,,319,CREATE
A field guide the whisky.pdf,"Folsom Street
Santa",expression,0.55,,,,,,319,CREATE
A field guide the whisky.pdf,"Avenue
The Pike",expression,0.55,,,,bourbon,,319,CREATE
A field guide the whisky.pdf,"Avenue
Washington",expression,0.55,,,,,,319,CREATE
A field guide the whisky.pdf,"Melbourne
Belgium
De",expression,0.55,,,,,,320,CREATE
A field guide the whisky.pdf,The Feathers Pub,expression,0.55,,,,,,320,CREATE
A field guide the whisky.pdf,Fets Whisky Kitchen,expression,0.55,,,,,,320,CREATE
A field guide the whisky.pdf,Commercial Drive,expression,0.55,,,,,,320,CREATE
A field guide the whisky.pdf,Shebeen Whiskey House,expression,0.55,,,,,,320,CREATE
A field guide the whisky.pdf,"Hamburg
Loch Ness",expression,0.55,,,,,,320,CREATE
A field guide the whisky.pdf,Offside Pub,expression,0.55,,,,,,321,CREATE
A field guide the whisky.pdf,"Berlin
Ryan",expression,0.55,,,,,,321,CREATE
A field guide the whisky.pdf,Muddy Boot,expression,0.55,,,,,,321,CREATE
A field guide the whisky.pdf,Tamura Building,expression,0.55,,,,,,321,CREATE
A field guide the whisky.pdf,"Tokyo
Lithuania
King",expression,0.55,,,,,,321,CREATE
A field guide the whisky.pdf,"Vilnius
Malaysia
The",expression,0.55,,,,,,321,CREATE
A field guide the whisky.pdf,Changkat Bukit Bintang,expression,0.55,,,,,,321,CREATE
A field guide the whisky.pdf,Bukit Bintang,expression,0.55,,,,,,321,CREATE
A field guide the whisky.pdf,"Kuala
Lumpur
The",expression,0.55,,,,,,321,CREATE
A field guide the whisky.pdf,Music Bar,expression,0.55,,,,,,322,CREATE
A field guide the whisky.pdf,"Amsterdam
Whiskycafe",expression,0.55,,,,,,322,CREATE
A field guide the whisky.pdf,Korte Leidsedwarsstraat,expression,0.55,,,,,,322,CREATE
A field guide the whisky.pdf,"Amsterdam
Northern Ireland",expression,0.55,,,,,,322,CREATE
A field guide the whisky.pdf,"Oslo
Poland
Dom",expression,0.55,,,,,,322,CREATE
A field guide the whisky.pdf,Droga Rybacka,expression,0.55,,,,bourbon,,322,CREATE
A field guide the whisky.pdf,Potapovskiy Lane,expression,0.55,,,,bourbon,,322,CREATE
A field guide the whisky.pdf,"Moscow
Whisky Bar",expression,0.55,,,,bourbon,,322,CREATE
A field guide the whisky.pdf,Nekrasova Street,expression,0.55,,,,bourbon,,322,CREATE
A field guide the whisky.pdf,Queen Street,bottler,0.55,,,,,society,322,CREATE
A field guide the whisky.pdf,Auldstone House,expression,0.55,,,,,,323,CREATE
A field guide the whisky.pdf,Naledi Drive,expression,0.55,,,,,,323,CREATE
A field guide the whisky.pdf,"Dullstroom
Spain
Bar",expression,0.55,,,,,,323,CREATE
A field guide the whisky.pdf,Widder Bar,expression,0.55,,,,,,323,CREATE
A field guide the whisky.pdf,Xinyi Ahnhe Station,expression,0.55,,,,,,323,CREATE
A field guide the whisky.pdf,European Waterways,expression,0.55,,,,,,324,CREATE
A field guide the whisky.pdf,Jewish Travel Agency,expression,0.55,,,,,,324,CREATE
A field guide the whisky.pdf,"Erik
Marinovich",expression,0.55,,,,,,325,CREATE
A field guide the whisky.pdf,Raphael Geroni,expression,0.55,,,,,,325,CREATE
A field guide the whisky.pdf,Becky Lovett Offringa,expression,0.55,,,,,,325,CREATE
A field guide the whisky.pdf,"Rachel
Bartels",expression,0.55,,,,,,327,CREATE
A field guide the whisky.pdf,"Darek
Bellino",expression,0.55,,,,,,327,CREATE
A field guide the whisky.pdf,"Margherita
Black",expression,0.55,,,,,,327,CREATE
A field guide the whisky.pdf,Bourbon Heritage Center,distillery,0.55,,,,bourbon,,328,CREATE
A field guide the whisky.pdf,"Dan
Canada",expression,0.55,,,,,,329,CREATE
A field guide the whisky.pdf,"Ea
Eilean Donan",expression,0.55,,,,,,331,CREATE
A field guide the whisky.pdf,"Oscar
Gimli Distillery",distillery,0.55,,,,,,333,CREATE
A field guide the whisky.pdf,"Haig
Haig",distillery,0.55,,,,,,334,CREATE
A field guide the whisky.pdf,"Herbert
Hume",distillery,0.55,,,,hogshead,,334,CREATE
A field guide the whisky.pdf,"Moritz
Kane",distillery,0.55,,,,,,335,CREATE
A field guide the whisky.pdf,"Tatsuya
Miyagikyo Distillery",distillery,0.55,,,,,,337,CREATE
A field guide the whisky.pdf,"Bugs
Moss",distillery,0.55,,,,,,337,CREATE
A field guide the whisky.pdf,"Vernon Distillery
Mulryan",distillery,0.55,,,,,,337,CREATE
A field guide the whisky.pdf,"Gary
Regan",expression,0.55,,,,,,339,CREATE
A field guide the whisky.pdf,Day Massacre,distillery,0.55,,,,,society,340,CREATE
A field guide the whisky.pdf,"Masataka
Taketsuru",distillery,0.55,,,,,,341,CREATE
A field guide the whisky.pdf,"Rita
Talisker Distillery",distillery,0.55,,,,,,341,CREATE
A field guide the whisky.pdf,"Prohibition
Tennessee",expression,0.55,,,,,,343,CREATE
A field guide the whisky.pdf,"Jock
Wilson",distillery,0.55,,,,,,345,CREATE
A field guide the whisky.pdf,Honorary Scotsman,expression,0.55,,,,,,346,CREATE
A field guide the whisky.pdf,International Whisky School,expression,0.55,,,,,,346,CREATE
A field guide the whisky.pdf,"Dutch
Whisky Awards",expression,0.55,,,,,,346,CREATE
A field guide the whisky.pdf,"Uithoorn
Photographs",expression,0.55,,,,,,347,CREATE
A field guide the whisky.pdf,Original Title,expression,0.55,,,,,,347,CREATE
A field guide the whisky.pdf,"Hans Offringa
Research",expression,0.55,,,,,,347,CREATE
"Charles, MacLean _ John, MacPherson - Whisky",Barbara Mowlem,expression,0.55,,,,,,0,CREATE
"Charles, MacLean _ John, MacPherson - Whisky",Andrew Jefford,expression,0.55,,,,,,0,CREATE
"Charles, MacLean _ John, MacPherson - Whisky",Essential Medical World,expression,0.55,,,,,,0,CREATE
"Charles, MacLean _ John, MacPherson - Whisky",Major Consumers,expression,0.55,,,,,,0,CREATE
"Charles, MacLean _ John, MacPherson - Whisky",Leading Independent Bottlers,bottler,0.55,,,,,independent,0,CREATE
"Charles, MacLean _ John, MacPherson - Whisky","Acknowledgements
Charles",bottler,0.55,,,,,independent,0,CREATE
"Charles, MacLean _ John, MacPherson - Whisky",Liquid History,expression,0.55,,,,,,0,CREATE
"Charles, MacLean _ John, MacPherson - Whisky",Historical Overview,expression,0.55,,,,,,0,CREATE
"Charles, MacLean _ John, MacPherson - Whisky",Global Recession,expression,0.55,,,,,,0,CREATE
"Charles, MacLean _ John, MacPherson - Whisky",Like Longfellow,expression,0.55,,,,,,0,CREATE
"Charles, MacLean _ John, MacPherson - Whisky",Old Vatted Glenlivet,expression,0.55,,,,,,0,CREATE
"Charles, MacLean _ John, MacPherson - Whisky",Patent Still Grain,expression,0.55,,,,,,0,CREATE
"Charles, MacLean _ John, MacPherson - Whisky",Bill Smith Grant,distillery,0.55,,,,,,0,CREATE
"Charles, MacLean _ John, MacPherson - Whisky",Armando Giovinetti,expression,0.55,,,,,,0,CREATE
"Charles, MacLean _ John, MacPherson - Whisky",Julian. Through,expression,0.55,,,,,,0,CREATE
"Charles, MacLean _ John, MacPherson - Whisky",Regional Differences,distillery,0.55,,,,,,0,CREATE
"Charles, MacLean _ John, MacPherson - Whisky",Age Statement,distillery,0.55,,,,,,0,CREATE
"Charles, MacLean _ John, MacPherson - Whisky",Alcohol By Volume,expression,0.75,,40,,,,0,CREATE
"Charles, MacLean _ John, MacPherson - Whisky",Double Matured,expression,0.55,,,,sherry,,0,CREATE
"Charles, MacLean _ John, MacPherson - Whisky",Fermented Beverages,expression,0.55,,,,,,0,CREATE
"Charles, MacLean _ John, MacPherson - Whisky",Not Irish,expression,0.55,,,,,,0,CREATE
"Charles, MacLean _ John, MacPherson - Whisky",United Breweries Group,distillery,0.55,,,,,,0,CREATE
"Charles, MacLean _ John, MacPherson - Whisky",Pitilie Brewery,distillery,0.55,,,,,,0,CREATE
"Charles, MacLean _ John, MacPherson - Whisky",Stephanie Macleod,expression,0.55,,,,,,0,CREATE
"Charles, MacLean _ John, MacPherson - Whisky",Pitilie Burn,expression,0.55,,,,,,0,CREATE
"Charles, MacLean _ John, MacPherson - Whisky",Ian Mitchell,distillery,0.55,,,,,,0,CREATE
"Charles, MacLean _ John, MacPherson - Whisky",Cuvee Marie,expression,0.75,12,,,,,0,CREATE
"Charles, MacLean _ John, MacPherson - Whisky",Penwhapple Loch,bottler,0.55,,,,,independent,0,CREATE
"Charles, MacLean _ John, MacPherson - Whisky",Scurran Burns,distillery,0.55,,,,,,0,CREATE
"Charles, MacLean _ John, MacPherson - Whisky",But Allied,distillery,0.55,,,,,,0,CREATE
"Charles, MacLean _ John, MacPherson - Whisky",Beam Global Spirits,expression,0.55,,,,wine,,0,CREATE
"Charles, MacLean _ John, MacPherson - Whisky",Adam Teacher,expression,0.55,,,,,,0,CREATE
"Charles, MacLean _ John, MacPherson - Whisky",Unusual. Robust,expression,0.55,,,highland,,,0,CREATE
"Charles, MacLean _ John, MacPherson - Whisky",Harold Currie,distillery,0.55,,,,,,0,CREATE
"Charles, MacLean _ John, MacPherson - Whisky",International Burns Club,distillery,0.55,,,,,,0,CREATE
"Charles, MacLean _ John, MacPherson - Whisky",Easan Biorach,distillery,0.75,,90,,,,0,CREATE
"Charles, MacLean _ John, MacPherson - Whisky",Bass Charrington,distillery,0.55,,,,,,0,CREATE
"Charles, MacLean _ John, MacPherson - Whisky",Eadie Cairns,distillery,0.55,,,,,,0,CREATE
"Charles, MacLean _ John, MacPherson - Whisky",Cigar Challenge,expression,0.55,,,,,,0,CREATE
"Charles, MacLean _ John, MacPherson - Whisky",Bolivar Imensas,expression,0.55,,,,,,0,CREATE
"Charles, MacLean _ John, MacPherson - Whisky",Independent Distillers,distillery,0.55,,,,,independent,0,CREATE
"Charles, MacLean _ John, MacPherson - Whisky",Alexander Edward,distillery,0.55,,,,,,0,CREATE
"Charles, MacLean _ John, MacPherson - Whisky",Professor Ronnie Martin,expression,0.55,,,,,,0,CREATE
"Charles, MacLean _ John, MacPherson - Whisky",Production Director,expression,0.75,10,,,,,0,CREATE
"Charles, MacLean _ John, MacPherson - Whisky",Under John Dewar,expression,0.75,21,60.9,,,,0,CREATE
"Charles, MacLean _ John, MacPherson - Whisky",Ryeriggs. Unpeated,expression,0.55,,,,,,0,CREATE
"Charles, MacLean _ John, MacPherson - Whisky",Andrew Ross,distillery,0.55,,,,,,0,CREATE
"Charles, MacLean _ John, MacPherson - Whisky",Alfred Barnard,expression,0.55,,,,,,0,CREATE
"Charles, MacLean _ John, MacPherson - Whisky",Eddie Drummond,expression,0.75,33,,,,,0,CREATE
"Charles, MacLean _ John, MacPherson - Whisky",Stuart Harvey,expression,0.75,,46,,,,0,CREATE
"Charles, MacLean _ John, MacPherson - Whisky",Struie Hills,distillery,0.55,,,,,,0,CREATE
"Charles, MacLean _ John, MacPherson - Whisky",Sir Robert Bruce,expression,0.55,,,,,,0,CREATE
"Charles, MacLean _ John, MacPherson - Whisky",Tay Bridge,distillery,0.55,,,,,,0,CREATE
"Charles, MacLean _ John, MacPherson - Whisky",Knight. Inverarity,expression,0.55,,,,,,0,CREATE
"Charles, MacLean _ John, MacPherson - Whisky",Bottle Your Own,expression,0.55,,,,,,0,CREATE
"Charles, MacLean _ John, MacPherson - Whisky",Before World War,expression,0.55,,,,,,0,CREATE
"Charles, MacLean _ John, MacPherson - Whisky",Pure All,expression,0.55,,,highland,,,0,CREATE
"Charles, MacLean _ John, MacPherson - Whisky","Commons.
Only",expression,0.55,,,highland,,,0,CREATE
"Charles, MacLean _ John, MacPherson - Whisky",Asahi Breweries,distillery,0.55,,,,,,0,CREATE
"Charles, MacLean _ John, MacPherson - Whisky",Buckingham Palace,expression,0.55,,,,,,0,CREATE
"Charles, MacLean _ John, MacPherson - Whisky",Allied Distillers,distillery,0.55,,,,,,0,CREATE
"Charles, MacLean _ John, MacPherson - Whisky",Masataka Taketsuru,expression,0.55,,,,,,0,CREATE
"Charles, MacLean _ John, MacPherson - Whisky",Joe Hobbs,expression,0.55,,,,,,0,CREATE
"Charles, MacLean _ John, MacPherson - Whisky",Pernod Ricard,expression,0.55,,,,,,0,CREATE
"Charles, MacLean _ John, MacPherson - Whisky",Billy Walker,expression,0.55,,,,,,0,CREATE
"Charles, MacLean _ John, MacPherson - Whisky",See Glendronach,distillery,0.55,,,,,,0,CREATE
"Charles, MacLean _ John, MacPherson - Whisky",Pedro Ximinez,expression,0.75,12,46,,,,0,CREATE
"Charles, MacLean _ John, MacPherson - Whisky",Arumaticus Fumosas,expression,0.75,12,46,,,,0,CREATE
"Charles, MacLean _ John, MacPherson - Whisky",Sanquhar Estate,distillery,0.55,,,,,,0,CREATE
"Charles, MacLean _ John, MacPherson - Whisky",See Aultmore,distillery,0.55,,,,,,0,CREATE
"Charles, MacLean _ John, MacPherson - Whisky",Soil Association,expression,0.75,8,,,oak,,0,CREATE
"Charles, MacLean _ John, MacPherson - Whisky",Inland Revenue,expression,0.75,,100,,,,0,CREATE
"Charles, MacLean _ John, MacPherson - Whisky",Arthur Bell,distillery,0.55,,,,,,0,CREATE
"Charles, MacLean _ John, MacPherson - Whisky",Perth Road,expression,0.55,,,highland,,,0,CREATE
"Charles, MacLean _ John, MacPherson - Whisky",Extra Special,expression,0.55,,,,,,0,CREATE
"Charles, MacLean _ John, MacPherson - Whisky",Hector Simpson,distillery,0.55,,,,,,0,CREATE
"Charles, MacLean _ John, MacPherson - Whisky",During World War,distillery,0.55,,,,,,0,CREATE
"Charles, MacLean _ John, MacPherson - Whisky",Air Ministry,distillery,0.55,,,,,,0,CREATE
"Charles, MacLean _ John, MacPherson - Whisky",Windsor Castle,expression,0.55,,,islay,,,0,CREATE
"Charles, MacLean _ John, MacPherson - Whisky",Low Road,expression,0.55,,,,,,0,CREATE
"Charles, MacLean _ John, MacPherson - Whisky",Keith Bond,expression,0.55,,,,,,0,CREATE
"Charles, MacLean _ John, MacPherson - Whisky","Lowlands.

Braeval",distillery,0.55,,,,,,0,CREATE
"Charles, MacLean _ John, MacPherson - Whisky",Well Burns,bottler,0.55,,,,,independent,0,CREATE
"Charles, MacLean _ John, MacPherson - Whisky",While Caol Ila,distillery,0.55,,,,,,0,CREATE
"Charles, MacLean _ John, MacPherson - Whisky",See Clynelish,distillery,0.55,,,,,,0,CREATE
"Charles, MacLean _ John, MacPherson - Whisky",When William Harvey,distillery,0.55,,,,,,0,CREATE
"Charles, MacLean _ John, MacPherson - Whisky",Graham Menzies,distillery,0.55,,,,,,0,CREATE
"Charles, MacLean _ John, MacPherson - Whisky",Pure Patent Still,expression,0.55,,,,,,0,CREATE
"Charles, MacLean _ John, MacPherson - Whisky",Ochil Hills,distillery,0.55,,,,,,0,CREATE
"Charles, MacLean _ John, MacPherson - Whisky",Sandy. There,expression,0.55,,,,,,0,CREATE
"Charles, MacLean _ John, MacPherson - Whisky",Captain Wemyss,expression,0.55,,,,,,0,CREATE
"Charles, MacLean _ John, MacPherson - Whisky","Alloa.
When",distillery,0.55,,,,,,0,CREATE
"Charles, MacLean _ John, MacPherson - Whisky",Pot Still,expression,0.55,,,,,,0,CREATE
"Charles, MacLean _ John, MacPherson - Whisky",Pot Still Irish,expression,0.55,,,,,,0,CREATE
"Charles, MacLean _ John, MacPherson - Whisky",Choice Old Cameron,expression,0.55,,,,,,0,CREATE
"Charles, MacLean _ John, MacPherson - Whisky",Major James Grant,distillery,0.55,,,,,,0,CREATE
"Charles, MacLean _ John, MacPherson - Whisky",Sir Ronald Cumming,expression,0.55,,,,,,0,CREATE
"Charles, MacLean _ John, MacPherson - Whisky",Elizabeth Cumming,distillery,0.55,,,,,,0,CREATE
"Charles, MacLean _ John, MacPherson - Whisky",Lynne Burn,distillery,0.55,,,,,,0,CREATE
"Charles, MacLean _ John, MacPherson - Whisky",Hidden Malts,expression,0.75,14,43,,,,0,CREATE
"Charles, MacLean _ John, MacPherson - Whisky",Son Ltd,expression,0.55,,,,,,0,CREATE
"Charles, MacLean _ John, MacPherson - Whisky",British Empire,expression,0.55,,,,,,0,CREATE
"Charles, MacLean _ John, MacPherson - Whisky",Brian Spiller,expression,0.55,,,,,,0,CREATE
"Charles, MacLean _ John, MacPherson - Whisky",Alloa. Process,expression,0.55,,,,,,0,CREATE
"Charles, MacLean _ John, MacPherson - Whisky",When Thomas,distillery,0.55,,,,,,0,CREATE
"Charles, MacLean _ John, MacPherson - Whisky",Vice President George,expression,0.55,,,,,,0,CREATE
"Charles, MacLean _ John, MacPherson - Whisky",Historic Scotland,expression,0.75,24,58,,,,0,CREATE
"Charles, MacLean _ John, MacPherson - Whisky",Mrs Margaret Sutherland,distillery,0.55,,,,,,0,CREATE
"Charles, MacLean _ John, MacPherson - Whisky",Yankee Pier,distillery,0.55,,,,,,0,CREATE
"Charles, MacLean _ John, MacPherson - Whisky",Eduardo Giaccone,expression,0.75,20,,,,,0,CREATE
"Charles, MacLean _ John, MacPherson - Whisky",Gonzales Byass Sherry,expression,0.75,,44.6,,sherry,,0,CREATE
"Charles, MacLean _ John, MacPherson - Whisky",British Rail,expression,0.55,,,,,,0,CREATE
"Charles, MacLean _ John, MacPherson - Whisky",Until Braes,expression,0.55,,,highland,,,0,CREATE
"Charles, MacLean _ John, MacPherson - Whisky",Doune Castle,distillery,0.55,,,,,,0,CREATE
"Charles, MacLean _ John, MacPherson - Whisky",Brodie Hepburn Ltd,distillery,0.55,,,,,,0,CREATE
"Charles, MacLean _ John, MacPherson - Whisky",The Real Mackenzie,expression,0.55,,,,wine,,0,CREATE
"Charles, MacLean _ John, MacPherson - Whisky",Some Dufftown,expression,0.55,,,,,,0,CREATE
"Charles, MacLean _ John, MacPherson - Whisky",Allied Lyons,distillery,0.55,,,,,,0,CREATE
"Charles, MacLean _ John, MacPherson - Whisky",Irving Haim,distillery,0.55,,,,,,0,CREATE
"Charles, MacLean _ John, MacPherson - Whisky",Andrew Symington,bottler,0.55,,,,,signatory,0,CREATE
"Charles, MacLean _ John, MacPherson - Whisky",Pedro Ximinez Finish,expression,0.75,21,,,,,0,CREATE
"Charles, MacLean _ John, MacPherson - Whisky",Yquem Finish,expression,0.75,22,,,,,0,CREATE
"Charles, MacLean _ John, MacPherson - Whisky",Lewis Grassic Gibbon,distillery,0.55,,,,,,0,CREATE
"Charles, MacLean _ John, MacPherson - Whisky",Sunset Song,distillery,0.55,,,,,,0,CREATE
"Charles, MacLean _ John, MacPherson - Whisky",Sir Alexander Ramsay,distillery,0.55,,,,,,0,CREATE
"Charles, MacLean _ John, MacPherson - Whisky",Ewart Gladstone,expression,0.55,,,,,,0,CREATE
"Charles, MacLean _ John, MacPherson - Whisky",Grampian Hills,expression,0.55,,,,,,0,CREATE
"Charles, MacLean _ John, MacPherson - Whisky",Muirtown Brewery,distillery,0.55,,,,,,0,CREATE
"Charles, MacLean _ John, MacPherson - Whisky",Lothian Barclay,expression,0.55,,,,,,0,CREATE
"Charles, MacLean _ John, MacPherson - Whisky",Maurice Walsh,expression,0.55,,,highland,,,0,CREATE
"Charles, MacLean _ John, MacPherson - Whisky",Margaret Lockwood,expression,0.55,,,,,,0,CREATE
"Charles, MacLean _ John, MacPherson - Whisky",Moray Firth,expression,0.55,,,,,,0,CREATE
"Charles, MacLean _ John, MacPherson - Whisky",Gilmore Thomson,expression,0.55,,,,,,0,CREATE
"Charles, MacLean _ John, MacPherson - Whisky",Barley. Allied,distillery,0.55,,,,,,0,CREATE
"Charles, MacLean _ John, MacPherson - Whisky",Angus Dundee Ltd,distillery,0.55,,,,,,0,CREATE
"Charles, MacLean _ John, MacPherson - Whisky",Angus Dundee,bottler,0.75,15,40,,,independent,0,CREATE
"Charles, MacLean _ John, MacPherson - Whisky",Captain Charles Grant,distillery,0.55,,,,,,0,CREATE
"Charles, MacLean _ John, MacPherson - Whisky",Dronac Burn,distillery,0.55,,,,,,0,CREATE
"Charles, MacLean _ John, MacPherson - Whisky",When Betty Boothroyd,expression,0.55,,,,,,0,CREATE
"Charles, MacLean _ John, MacPherson - Whisky",The Family Casks,expression,0.55,,,,,,0,CREATE
"Charles, MacLean _ John, MacPherson - Whisky",Sir Compton Mackenzie,expression,0.55,,,,,,0,CREATE
"Charles, MacLean _ John, MacPherson - Whisky",Christmas Day,expression,0.55,,,,,,0,CREATE
"Charles, MacLean _ John, MacPherson - Whisky",Export Achievement,expression,0.55,,,,,,0,CREATE
"Charles, MacLean _ John, MacPherson - Whisky",Hans Schleger,expression,0.55,,,,,,0,CREATE
"Charles, MacLean _ John, MacPherson - Whisky",Robbie Dubh,expression,0.55,,,,,,0,CREATE
"Charles, MacLean _ John, MacPherson - Whisky",Society. William,bottler,0.55,,,,,society,0,CREATE
"Charles, MacLean _ John, MacPherson - Whisky",Tweed. Soft,expression,0.55,,,,,,0,CREATE
"Charles, MacLean _ John, MacPherson - Whisky",The Scaent Group,distillery,0.55,,,,,,0,CREATE
"Charles, MacLean _ John, MacPherson - Whisky",Ian Macleod Distillers,distillery,0.55,,,,,,0,CREATE
"Charles, MacLean _ John, MacPherson - Whisky",Ian Macleod,distillery,0.55,,,,,,0,CREATE
"Charles, MacLean _ John, MacPherson - Whisky",Air Marshall Sir,expression,0.55,,,,,,0,CREATE
"Charles, MacLean _ John, MacPherson - Whisky",Arthur Tedder,expression,0.55,,,,,,0,CREATE
"Charles, MacLean _ John, MacPherson - Whisky",Baron Tedder,distillery,0.55,,,,,,0,CREATE
"Charles, MacLean _ John, MacPherson - Whisky",Dennis Malcolm,distillery,0.55,,,,,,0,CREATE
"Charles, MacLean _ John, MacPherson - Whisky",Tall Slender Stills,expression,0.55,,,,,,0,CREATE
"Charles, MacLean _ John, MacPherson - Whisky",Mitchell Ltd,distillery,0.55,,,,,,0,CREATE
"Charles, MacLean _ John, MacPherson - Whisky",Hedley Wright,distillery,0.55,,,,,,0,CREATE
"Charles, MacLean _ John, MacPherson - Whisky",Crosshills Loch,expression,0.75,5,,,,,0,CREATE
"Charles, MacLean _ John, MacPherson - Whisky",Own Saladin,expression,0.55,,,,,,0,CREATE
"Charles, MacLean _ John, MacPherson - Whisky",Major James Grey,distillery,0.55,,,,,,0,CREATE
"Charles, MacLean _ John, MacPherson - Whisky",Supreme Champion,distillery,0.55,,,,,,0,CREATE
"Charles, MacLean _ John, MacPherson - Whisky",British Empire Exhibition,distillery,0.55,,,,,,0,CREATE
"Charles, MacLean _ John, MacPherson - Whisky",Andrew Usher,expression,0.55,,,,,,0,CREATE
"Charles, MacLean _ John, MacPherson - Whisky",Minmore Farm,distillery,0.55,,,,,,0,CREATE
"Charles, MacLean _ John, MacPherson - Whisky",Smith Grant,expression,0.55,,,,,,0,CREATE
"Charles, MacLean _ John, MacPherson - Whisky",Roman Catholicism,expression,0.55,,,,,,0,CREATE
"Charles, MacLean _ John, MacPherson - Whisky",Christopher North,expression,0.55,,,,,,0,CREATE
"Charles, MacLean _ John, MacPherson - Whisky",Alexander Grigor Allen,distillery,0.55,,,,,,0,CREATE
"Charles, MacLean _ John, MacPherson - Whisky",Procurator Fiscal,distillery,0.55,,,,,,0,CREATE
"Charles, MacLean _ John, MacPherson - Whisky",Gedloch Burn,expression,0.55,,,,,,0,CREATE
"Charles, MacLean _ John, MacPherson - Whisky",Foths. Floor,expression,0.55,,,,,,0,CREATE
"Charles, MacLean _ John, MacPherson - Whisky","Orkney.
Harper",expression,0.55,,,,,,0,CREATE
"Charles, MacLean _ John, MacPherson - Whisky",Alexander Matheson,distillery,0.55,,,,,,0,CREATE
"Charles, MacLean _ John, MacPherson - Whisky",Truffle Oak Reserve,expression,0.75,30,,,oak,,0,CREATE
"Charles, MacLean _ John, MacPherson - Whisky",Chenin Blanc,expression,0.75,16,,,,,0,CREATE
"Charles, MacLean _ John, MacPherson - Whisky",Diageo. Over,distillery,0.55,,,,,,0,CREATE
"Charles, MacLean _ John, MacPherson - Whisky",The Edrington Group,expression,0.55,,,,,,0,CREATE
"Charles, MacLean _ John, MacPherson - Whisky",Ardcanny Spring,distillery,0.55,,,,,,0,CREATE
"Charles, MacLean _ John, MacPherson - Whisky",Select Reserve,distillery,0.55,,,,sherry,,0,CREATE
"Charles, MacLean _ John, MacPherson - Whisky",Sir Maurice Bloch,distillery,0.55,,,,,,0,CREATE
"Charles, MacLean _ John, MacPherson - Whisky",Crosshill Loch,expression,0.55,,,,,,0,CREATE
"Charles, MacLean _ John, MacPherson - Whisky",Doonie Spring,expression,0.55,,,,,,0,CREATE
"Charles, MacLean _ John, MacPherson - Whisky",Elgin. There,distillery,0.55,,,,,,0,CREATE
"Charles, MacLean _ John, MacPherson - Whisky",Refill American,expression,0.55,,,speyside,refill,,0,CREATE
"Charles, MacLean _ John, MacPherson - Whisky",The British Prime,distillery,0.55,,,,,douglas,0,CREATE
"Charles, MacLean _ John, MacPherson - Whisky",Won Most Outstanding,expression,0.75,28,,,,,0,CREATE
"Charles, MacLean _ John, MacPherson - Whisky",Crantit Lagoons,distillery,0.55,,,,,,0,CREATE
"Charles, MacLean _ John, MacPherson - Whisky",Hobbister Hill,expression,0.55,,,,,,0,CREATE
"Charles, MacLean _ John, MacPherson - Whisky",Pirries Mill,distillery,0.55,,,,,,0,CREATE
"Charles, MacLean _ John, MacPherson - Whisky",When Euan Shand,expression,0.55,,,,,,0,CREATE
"Charles, MacLean _ John, MacPherson - Whisky",Queen Victoria,distillery,0.55,,,,,,0,CREATE
"Charles, MacLean _ John, MacPherson - Whisky",Diamond Jubilee,distillery,0.55,,,,,,0,CREATE
"Charles, MacLean _ John, MacPherson - Whisky",When Allied,distillery,0.75,,60,,,,0,CREATE
"Charles, MacLean _ John, MacPherson - Whisky",Balintomb Burn,expression,0.55,,,,,,0,CREATE
"Charles, MacLean _ John, MacPherson - Whisky",Alexander Wilson,distillery,0.55,,,,port,,0,CREATE
"Charles, MacLean _ John, MacPherson - Whisky",Buckie Town Council,distillery,0.55,,,,,,0,CREATE
"Charles, MacLean _ John, MacPherson - Whisky",Arthur Kinmond Bell,distillery,0.55,,,,,,0,CREATE
"Charles, MacLean _ John, MacPherson - Whisky",Norman Buchanan,distillery,0.55,,,,,,0,CREATE
"Charles, MacLean _ John, MacPherson - Whisky",Tony Riley,expression,0.55,,,,,,0,CREATE
"Charles, MacLean _ John, MacPherson - Whisky",Dr Alan Rutherford,distillery,0.55,,,,,,0,CREATE
"Charles, MacLean _ John, MacPherson - Whisky",Pencaitland. Water,expression,0.55,,,,,,0,CREATE
"Charles, MacLean _ John, MacPherson - Whisky",Anthony Wills,distillery,0.55,,,islay,wine,,0,CREATE
"Charles, MacLean _ John, MacPherson - Whisky",Mark French,expression,0.55,,,,,,0,CREATE
"Charles, MacLean _ John, MacPherson - Whisky",Family Reserve,expression,0.55,,,,,,0,CREATE
"Charles, MacLean _ John, MacPherson - Whisky",Innes Shaw,expression,0.55,,,,,,0,CREATE
"Charles, MacLean _ John, MacPherson - Whisky",Ternemny Burn,bottler,0.55,,,,,independent,0,CREATE
"Charles, MacLean _ John, MacPherson - Whisky",Mrs Udo,distillery,0.55,,,,,,0,CREATE
"Charles, MacLean _ John, MacPherson - Whisky",Lapsang Souchong,expression,0.55,,,islay,sherry,,0,CREATE
"Charles, MacLean _ John, MacPherson - Whisky",Sir Peter,distillery,0.55,,,,,,0,CREATE
"Charles, MacLean _ John, MacPherson - Whisky",Ian Hunter,bottler,0.55,,,,,hunter,0,CREATE
"Charles, MacLean _ John, MacPherson - Whisky",Bessie Williamson,distillery,0.55,,,,,,0,CREATE
"Charles, MacLean _ John, MacPherson - Whisky",Iain Henderson,expression,0.55,,,,,,0,CREATE
"Charles, MacLean _ John, MacPherson - Whisky",Beinne Brice,expression,0.75,,15,,,,0,CREATE
"Charles, MacLean _ John, MacPherson - Whisky",Innes Cameron,distillery,0.55,,,,,,0,CREATE
"Charles, MacLean _ John, MacPherson - Whisky",Light Brigade,expression,0.55,,,,,,0,CREATE
"Charles, MacLean _ John, MacPherson - Whisky",Crimean War,expression,0.55,,,,,,0,CREATE
"Charles, MacLean _ John, MacPherson - Whisky",Recently Littlemill,expression,0.55,,,,,,0,CREATE
"Charles, MacLean _ John, MacPherson - Whisky",Captain Haddock,expression,0.55,,,,,,0,CREATE
"Charles, MacLean _ John, MacPherson - Whisky",Current Distillery Select,distillery,0.75,,40,,,,0,CREATE
"Charles, MacLean _ John, MacPherson - Whisky",Mainly American,expression,0.55,,,,oak,,0,CREATE
"Charles, MacLean _ John, MacPherson - Whisky",Marketing Director,expression,0.55,,,,,,0,CREATE
"Charles, MacLean _ John, MacPherson - Whisky",Dr Nicholas Morgan,expression,0.55,,,,,,0,CREATE
"Charles, MacLean _ John, MacPherson - Whisky",Alexander Reid,distillery,0.55,,,,,,0,CREATE
"Charles, MacLean _ John, MacPherson - Whisky",Roderick Kemp,distillery,0.55,,,,,,0,CREATE
"Charles, MacLean _ John, MacPherson - Whisky",Allan Shiach,expression,0.55,,,,,,0,CREATE
"Charles, MacLean _ John, MacPherson - Whisky","Elgin.
Since",bottler,0.55,,,,,gordon,0,CREATE
"Charles, MacLean _ John, MacPherson - Whisky",Traditional Macallan,expression,0.55,,,,sherry,,0,CREATE
"Charles, MacLean _ John, MacPherson - Whisky",Global Duty Free,expression,0.75,30,,,,,0,CREATE
"Charles, MacLean _ John, MacPherson - Whisky",Estate Reserve,expression,0.75,,45.7,,oak,,0,CREATE
"Charles, MacLean _ John, MacPherson - Whisky",Limited Release,expression,0.75,,45.7,,,,0,CREATE
"Charles, MacLean _ John, MacPherson - Whisky",Brodie Hepburn,expression,0.55,,,,,,0,CREATE
"Charles, MacLean _ John, MacPherson - Whisky","Ltd.
Unknown",expression,0.55,,,,,,0,CREATE
"Charles, MacLean _ John, MacPherson - Whisky",Macleay Duff,expression,0.55,,,,,,0,CREATE
"Charles, MacLean _ John, MacPherson - Whisky",Auld Distillery Restaurant,distillery,0.55,,,,,,0,CREATE
"Charles, MacLean _ John, MacPherson - Whisky",Dr Alexander Mitchell,distillery,0.55,,,,,,0,CREATE
"Charles, MacLean _ John, MacPherson - Whisky",Deputy Lieutenant,expression,0.75,30,,,,,0,CREATE
"Charles, MacLean _ John, MacPherson - Whisky",Madeira. Soft,expression,0.55,,,,,,0,CREATE
"Charles, MacLean _ John, MacPherson - Whisky",British Grain Distillery,distillery,0.55,,,,,,0,CREATE
"Charles, MacLean _ John, MacPherson - Whisky",Gorgie Road,distillery,0.55,,,,,,0,CREATE
"Charles, MacLean _ John, MacPherson - Whisky",Slateford Road,distillery,0.55,,,,,,0,CREATE
"Charles, MacLean _ John, MacPherson - Whisky",Pentland Hills,expression,0.55,,,,,,0,CREATE
"Charles, MacLean _ John, MacPherson - Whisky",Townhead Distillery Company,distillery,0.55,,,,,,0,CREATE
"Charles, MacLean _ John, MacPherson - Whisky",Grampian Highlands,expression,0.55,,,,,,0,CREATE
"Charles, MacLean _ John, MacPherson - Whisky",Alloa. Originally,distillery,0.55,,,,,,0,CREATE
"Charles, MacLean _ John, MacPherson - Whisky",Alloa Single Grain,expression,0.55,,,,,,0,CREATE
"Charles, MacLean _ John, MacPherson - Whisky",Hugh Stevenson,expression,0.55,,,,,,0,CREATE
"Charles, MacLean _ John, MacPherson - Whisky",Stevenson Brothers,distillery,0.55,,,,,,0,CREATE
"Charles, MacLean _ John, MacPherson - Whisky",Barley Bree,expression,0.55,,,,,,0,CREATE
"Charles, MacLean _ John, MacPherson - Whisky",British Isles,distillery,0.55,,,,,,0,CREATE
"Charles, MacLean _ John, MacPherson - Whisky",Grain Distillers,distillery,0.55,,,,port,,0,CREATE
"Charles, MacLean _ John, MacPherson - Whisky",Alexander Kerr Mackay,distillery,0.55,,,islay,,,0,CREATE
"Charles, MacLean _ John, MacPherson - Whisky",Cawdor Estate,expression,0.55,,,,,,0,CREATE
"Charles, MacLean _ John, MacPherson - Whisky",Captain William Fraser,distillery,0.55,,,,,,0,CREATE
"Charles, MacLean _ John, MacPherson - Whisky",Brackla. Andrew,distillery,0.55,,,,,,0,CREATE
"Charles, MacLean _ John, MacPherson - Whisky",Sir John Usher,distillery,0.55,,,,,,0,CREATE
"Charles, MacLean _ John, MacPherson - Whisky",Brackla Distillery Company,distillery,0.55,,,,,,0,CREATE
"Charles, MacLean _ John, MacPherson - Whisky","Ltd.
John",distillery,0.55,,,,,,0,CREATE
"Charles, MacLean _ John, MacPherson - Whisky",Feu Charter,distillery,0.55,,,,,,0,CREATE
"Charles, MacLean _ John, MacPherson - Whisky",Captain Fraser,expression,0.55,,,,,,0,CREATE
"Charles, MacLean _ John, MacPherson - Whisky",Cawdor Burn,bottler,0.55,,,,,independent,0,CREATE
"Charles, MacLean _ John, MacPherson - Whisky",Malts Brand Home,distillery,0.55,,,,,,0,CREATE
"Charles, MacLean _ John, MacPherson - Whisky",As Sir Norman,expression,0.55,,,,,,0,CREATE
"Charles, MacLean _ John, MacPherson - Whisky","Linlithgow.
Linlithgow",distillery,0.55,,,,,,0,CREATE
"Charles, MacLean _ John, MacPherson - Whisky",Haddington Artillery,distillery,0.55,,,,,,0,CREATE
"Charles, MacLean _ John, MacPherson - Whisky",Lingro Burn,distillery,0.55,,,,,,0,CREATE
"Charles, MacLean _ John, MacPherson - Whisky",Bonding Company,distillery,0.55,,,speyside,,,0,CREATE
"Charles, MacLean _ John, MacPherson - Whisky",Alex Fairlie,expression,0.75,20,,,,,0,CREATE
"Charles, MacLean _ John, MacPherson - Whisky",Demerara Rum,expression,0.75,,20,,sherry,,0,CREATE
"Charles, MacLean _ John, MacPherson - Whisky",After Long John,distillery,0.55,,,,,,0,CREATE
"Charles, MacLean _ John, MacPherson - Whisky",Buckie. Production,expression,0.55,,,,,,0,CREATE
"Charles, MacLean _ John, MacPherson - Whisky",Fons Bulliens Well,expression,0.55,,,,,,0,CREATE
"Charles, MacLean _ John, MacPherson - Whisky",United Wine Traders,distillery,0.55,,,,wine,,0,CREATE
"Charles, MacLean _ John, MacPherson - Whisky",Alec Waugh,expression,0.75,25,,,wine,,0,CREATE
"Charles, MacLean _ John, MacPherson - Whisky","Macleod.
Importing",expression,0.55,,,,,,0,CREATE
"Charles, MacLean _ John, MacPherson - Whisky",Alexander Grigor Allan,distillery,0.55,,,,,,0,CREATE
"Charles, MacLean _ John, MacPherson - Whisky",Elgin. They,expression,0.55,,,,,,0,CREATE
"Charles, MacLean _ John, MacPherson - Whisky",Napoleonic War,expression,0.55,,,,,,0,CREATE
"Charles, MacLean _ John, MacPherson - Whisky",Dairywell Spring,expression,0.55,,,,,,0,CREATE
"Charles, MacLean _ John, MacPherson - Whisky",Like Pulteney,distillery,0.55,,,,,,0,CREATE
"Charles, MacLean _ John, MacPherson - Whisky",Pedro Domecq,distillery,0.55,,,,,,0,CREATE
"Charles, MacLean _ John, MacPherson - Whisky",Marubeni Europe,distillery,0.55,,,,,,0,CREATE
"Charles, MacLean _ John, MacPherson - Whisky",Takara Shuzo Company,distillery,0.55,,,,,,0,CREATE
"Charles, MacLean _ John, MacPherson - Whisky",Angus Dundee Distillers,distillery,0.55,,,,,,0,CREATE
"Charles, MacLean _ John, MacPherson - Whisky",Hay Macleod Ltd,expression,0.55,,,,,,0,CREATE
"Charles, MacLean _ John, MacPherson - Whisky",Since Angus Dundee,distillery,0.55,,,,,,0,CREATE
"Charles, MacLean _ John, MacPherson - Whisky",Sir Albert Richardson,distillery,0.55,,,,,,0,CREATE
"Charles, MacLean _ John, MacPherson - Whisky",Achvockie Burn,bottler,0.55,,,,,independent,0,CREATE
"Charles, MacLean _ John, MacPherson - Whisky","Figures
Who Owns",expression,0.55,,,,,,0,CREATE
"Charles, MacLean _ John, MacPherson - Whisky",Kyndal Spirits,expression,0.55,,,,,,0,CREATE
"Charles, MacLean _ John, MacPherson - Whisky",Angostura Bitters,expression,0.55,,,,,,0,CREATE
"Charles, MacLean _ John, MacPherson - Whisky",Hine Cognac,expression,0.55,,,,,,0,CREATE
"Charles, MacLean _ John, MacPherson - Whisky",Rhum Rum,expression,0.55,,,,,,0,CREATE
"Charles, MacLean _ John, MacPherson - Whisky",When Grand Metropolitan,distillery,0.55,,,,,independent,0,CREATE
"Charles, MacLean _ John, MacPherson - Whisky",International Beverage Holdings,expression,0.55,,,,,,0,CREATE
"Charles, MacLean _ John, MacPherson - Whisky",Industry Review,expression,0.55,,,,,,0,CREATE
"Charles, MacLean _ John, MacPherson - Whisky",Alan Gray,expression,0.55,,,,,,0,CREATE
"Charles, MacLean _ John, MacPherson - Whisky",Own Selection,expression,0.55,,,,,,0,CREATE
"Charles, MacLean _ John, MacPherson - Whisky",Currently Berry Brothers,expression,0.55,,,,,,0,CREATE
"Charles, MacLean _ John, MacPherson - Whisky",Robin Tucek,expression,0.55,,,,,,0,CREATE
"Charles, MacLean _ John, MacPherson - Whisky",Covent Garden,expression,0.55,,,campbeltown,,,0,CREATE
"Charles, MacLean _ John, MacPherson - Whisky",Diageo Marketing Director,expression,0.55,,,,,,0,CREATE
"Charles, MacLean _ John, MacPherson - Whisky",Premium Malts,expression,0.55,,,,,,0,CREATE
"Charles, MacLean _ John, MacPherson - Whisky",Andrew Dewar,expression,0.55,,,,,,0,CREATE
"Charles, MacLean _ John, MacPherson - Whisky",Alistair Hart,expression,0.55,,,,,,0,CREATE
"Charles, MacLean _ John, MacPherson - Whisky",Ronnie Martin,expression,0.55,,,,,,0,CREATE
"Charles, MacLean _ John, MacPherson - Whisky",Stewart Laing,bottler,0.55,,,,,laing,0,CREATE
"Charles, MacLean _ John, MacPherson - Whisky",Fred Laing,bottler,0.55,,,,,laing,0,CREATE
"Charles, MacLean _ John, MacPherson - Whisky",Mark Reynier,bottler,0.55,,,,,gordon,0,CREATE
"Charles, MacLean _ John, MacPherson - Whisky",Simon Coughlin,bottler,0.55,,,,,gordon,0,CREATE
"Charles, MacLean _ John, MacPherson - Whisky",Additional Cask Evolution,expression,0.55,,,,,,0,CREATE
"Charles, MacLean _ John, MacPherson - Whisky",Kai Ivalo,expression,0.55,,,,,,0,CREATE
"Charles, MacLean _ John, MacPherson - Whisky",Andrew Shand,expression,0.55,,,speyside,,,0,CREATE
"Charles, MacLean _ John, MacPherson - Whisky",Brian Symington,bottler,0.55,,,,port,signatory,0,CREATE
"Charles, MacLean _ John, MacPherson - Whisky",Euan Shand,expression,0.55,,,,,,0,CREATE
"Charles, MacLean _ John, MacPherson - Whisky",Year Awards,bottler,0.55,,,,,independent,0,CREATE
"Charles, MacLean _ John, MacPherson - Whisky",Export Sales Manager,expression,0.55,,,,,,0,CREATE
"Charles, MacLean _ John, MacPherson - Whisky",Choice Range,distillery,0.55,,,,,,0,CREATE
"Charles, MacLean _ John, MacPherson - Whisky",Fabio Rossi,expression,0.55,,,,wine,,0,CREATE
"Charles, MacLean _ John, MacPherson - Whisky",Distillery History Series,distillery,0.55,,,,,,0,CREATE
"Charles, MacLean _ John, MacPherson - Whisky",Misako Udo,expression,0.55,,,,,,0,CREATE
"Charles, MacLean _ John, MacPherson - Whisky",Invar Ronde,bottler,0.55,,,,,gordon,0,CREATE
"Charles, MacLean _ John, MacPherson - Whisky",Magdig Media,bottler,0.55,,,,,gordon,0,CREATE
"Charles, MacLean _ John, MacPherson - Whisky",Ulf Buxrud,expression,0.55,,,,,,0,CREATE
"Charles, MacLean _ John, MacPherson - Whisky",Quiller Press,expression,0.55,,,,,,0,CREATE
"Charles, MacLean _ John, MacPherson - Whisky",Neil Wilson,expression,0.55,,,,,,0,CREATE
"Charles, MacLean _ John, MacPherson - Whisky",Industry Record,expression,0.55,,,,,,0,CREATE
"Charles, MacLean _ John, MacPherson - Whisky",Index Publishing,expression,0.55,,,,,,0,CREATE
"Charles, MacLean _ John, MacPherson - Whisky",Plain Spirit,expression,0.55,,,,,,0,CREATE
"Charles, MacLean _ John, MacPherson - Whisky",Marcel Bol,expression,0.55,,,,,,0,CREATE
"Charles, MacLean _ John, MacPherson - Whisky",Whisky Import Nederland,expression,0.55,,,,,,0,CREATE
"Charles, MacLean _ John, MacPherson - Whisky",Jan Kok,expression,0.55,,,,,,0,CREATE
"Charles, MacLean _ John, MacPherson - Whisky",Lothar Lange,expression,0.55,,,,,,0,CREATE
"Charles, MacLean _ John, MacPherson - Whisky",Bill Lumsden,expression,0.55,,,,,,0,CREATE
"Charles, MacLean _ John, MacPherson - Whisky",Mitchell Beazley,expression,0.55,,,,,,0,CREATE
"Charles, MacLean _ John, MacPherson - Whisky",Eyewitness Companion,expression,0.55,,,,,,0,CREATE
"Charles, MacLean _ John, MacPherson - Whisky",Dorling Kindersley,expression,0.55,,,,,,0,CREATE
"Dave Broom - Whisky_ The Manual (2014, Mitch",Kirsteen Campbell,expression,0.55,,,,,,0,CREATE
"Dave Broom - Whisky_ The Manual (2014, Mitch",Mexico City,expression,0.55,,,,,,0,CREATE
"Dave Broom - Whisky_ The Manual (2014, Mitch",Caroline Martin,expression,0.55,,,,,,0,CREATE
"Dave Broom - Whisky_ The Manual (2014, Mitch",Pinot Grigio,expression,0.55,,,,,,0,CREATE
"Dave Broom - Whisky_ The Manual (2014, Mitch",For Brazilians,expression,0.55,,,,,,0,CREATE
"Dave Broom - Whisky_ The Manual (2014, Mitch",Fynes Moryson,expression,0.55,,,,,,0,CREATE
"Dave Broom - Whisky_ The Manual (2014, Mitch",Meg Dods,expression,0.55,,,,,,0,CREATE
"Dave Broom - Whisky_ The Manual (2014, Mitch",As Doctor Johnson,expression,0.55,,,,,,0,CREATE
"Dave Broom - Whisky_ The Manual (2014, Mitch",Noctes Ambrosiane Part,expression,0.55,,,,,,0,CREATE
"Dave Broom - Whisky_ The Manual (2014, Mitch",Noctes Ambrosiane,expression,0.55,,,,,,0,CREATE
"Dave Broom - Whisky_ The Manual (2014, Mitch",Sir Archibald Geikie,expression,0.55,,,,,,0,CREATE
"Dave Broom - Whisky_ The Manual (2014, Mitch",Norfolk Punch,expression,0.55,,,,,,0,CREATE
"Dave Broom - Whisky_ The Manual (2014, Mitch",Oscar Pepper,distillery,0.55,,,,,,0,CREATE
"Dave Broom - Whisky_ The Manual (2014, Mitch",Montreal. Throughout,distillery,0.55,,,,,,0,CREATE
"Dave Broom - Whisky_ The Manual (2014, Mitch",The Civil War,expression,0.55,,,,,,0,CREATE
"Dave Broom - Whisky_ The Manual (2014, Mitch",Old Vatted Glenlivet,expression,0.55,,,,,,0,CREATE
"Dave Broom - Whisky_ The Manual (2014, Mitch",British Navy,expression,0.55,,,,,,0,CREATE
"Dave Broom - Whisky_ The Manual (2014, Mitch",Messrs Robertson,expression,0.55,,,,,,0,CREATE
"Dave Broom - Whisky_ The Manual (2014, Mitch",Tommy Dewar,expression,0.55,,,,,,0,CREATE
"Dave Broom - Whisky_ The Manual (2014, Mitch",Its Royal Household,expression,0.55,,,,,,0,CREATE
"Dave Broom - Whisky_ The Manual (2014, Mitch",Queen George,expression,0.55,,,,,,0,CREATE
"Dave Broom - Whisky_ The Manual (2014, Mitch",Masataka Taketsuru,expression,0.55,,,,,,0,CREATE
"Dave Broom - Whisky_ The Manual (2014, Mitch",Settsu Shizo,expression,0.55,,,,,,0,CREATE
"Dave Broom - Whisky_ The Manual (2014, Mitch","Hokkaido.
Torii",expression,0.55,,,,,,0,CREATE
"Dave Broom - Whisky_ The Manual (2014, Mitch",Noble Experiment,expression,0.55,,,,,,0,CREATE
"Dave Broom - Whisky_ The Manual (2014, Mitch",Walker. Not,expression,0.55,,,,,,0,CREATE
"Dave Broom - Whisky_ The Manual (2014, Mitch",The Savoy Cocktail,expression,0.55,,,,,,0,CREATE
"Dave Broom - Whisky_ The Manual (2014, Mitch",Thankfully America,expression,0.55,,,,,,0,CREATE
"Dave Broom - Whisky_ The Manual (2014, Mitch",Even Japan,expression,0.55,,,,,,0,CREATE
"Dave Broom - Whisky_ The Manual (2014, Mitch","Wheat
Most Scottish",expression,0.55,,,,,,0,CREATE
"Dave Broom - Whisky_ The Manual (2014, Mitch","Other Grains
Oats",expression,0.55,,,,,,0,CREATE
"Dave Broom - Whisky_ The Manual (2014, Mitch",Darek Bell,distillery,0.55,,,,,,0,CREATE
"Dave Broom - Whisky_ The Manual (2014, Mitch",Lowland Scot,expression,0.55,,,lowland,,,0,CREATE
"Dave Broom - Whisky_ The Manual (2014, Mitch","Ginger Ale
Brewed",expression,0.55,,,,,,0,CREATE
"Dave Broom - Whisky_ The Manual (2014, Mitch",Rita Hayworth,expression,0.55,,,,,,0,CREATE
"Dave Broom - Whisky_ The Manual (2014, Mitch",Superb. Great,expression,0.55,,,,,,0,CREATE
"Dave Broom - Whisky_ The Manual (2014, Mitch","Fragrant
Here",expression,0.55,,,,oak,,0,CREATE
"Dave Broom - Whisky_ The Manual (2014, Mitch","Spicy
These",expression,0.55,,,,,,0,CREATE
"Dave Broom - Whisky_ The Manual (2014, Mitch",Jazz Age Charge,expression,0.55,,,,,,0,CREATE
"Dave Broom - Whisky_ The Manual (2014, Mitch",Light Brigade,expression,0.55,,,,,,0,CREATE
"Dave Broom - Whisky_ The Manual (2014, Mitch",Major Grant,distillery,0.75,10,,,,,0,CREATE
"Dave Broom - Whisky_ The Manual (2014, Mitch",Latin America Singleton,distillery,0.55,,,,,,0,CREATE
"Dave Broom - Whisky_ The Manual (2014, Mitch","Seafood
Because",expression,0.55,,,,,,0,CREATE
"Dave Broom - Whisky_ The Manual (2014, Mitch","Chocolate
Wine",expression,0.55,,,,wine,,0,CREATE
"Dave Broom - Whisky_ The Manual (2014, Mitch","Sand
The Sazerac",expression,0.55,,,,,,0,CREATE
"Dave Broom - Whisky_ The Manual (2014, Mitch",Mixing Drinks,expression,0.55,,,,,,0,CREATE
"Dave Broom - Whisky_ The Manual (2014, Mitch",Seal. Taste,expression,0.55,,,,,,0,CREATE
"Dave Broom - Whisky_ The Manual (2014, Mitch",Ratcliffe. After,expression,0.55,,,,,,0,CREATE
"Dave Broom - Whisky_ The Manual (2014, Mitch",Rum Punch,expression,0.55,,,,,,0,CREATE
"Dave Broom - Whisky_ The Manual (2014, Mitch",Cherry Heering,expression,0.55,,,,,,0,CREATE
"Dave Broom - Whisky_ The Manual (2014, Mitch",Kirsch. Brand,expression,0.55,,,,,,0,CREATE
"Dave Broom - Whisky_ The Manual (2014, Mitch",Takayuki Suzuki,expression,0.55,,,,,,0,CREATE
"Dave Broom - Whisky_ The Manual (2014, Mitch",Adventurous Distiller,distillery,0.55,,,,,,0,CREATE
"Dave Broom - Whisky_ The Manual (2014, Mitch",Its Past,expression,0.55,,,,,,0,CREATE
"Dave Broom - Whisky_ The Manual (2014, Mitch",Liquid History,expression,0.55,,,,,,0,CREATE
"Dave Broom - Whisky_ The Manual (2014, Mitch",Hume John,expression,0.55,,,,,,0,CREATE
"Dave Broom - Whisky_ The Manual (2014, Mitch",Industry. Edinburgh,expression,0.55,,,,,,0,CREATE
"Dave Broom - Whisky_ The Manual (2014, Mitch",Courtesy The Edinburgh,expression,0.55,,,,,,0,CREATE
"Dave Broom - Whisky_ The Manual (2014, Mitch",Courtesy Edrington,expression,0.55,,,,,,0,CREATE
"Dave Broom - Whisky_ The Manual (2014, Mitch",Jason Craig,expression,0.55,,,,,,0,CREATE
"Dave Broom - Whisky_ The Manual (2014, Mitch",Chris Maybin,expression,0.55,,,,,,0,CREATE
"Dave Broom - Whisky_ The Manual (2014, Mitch",To Jonathan Driver,expression,0.55,,,,,,0,CREATE
"Dave Broom - Whisky_ The Manual (2014, Mitch",Stuart Kirby,expression,0.55,,,,,,0,CREATE
"Dave Broom - Whisky_ The Manual (2014, Mitch",Amy Westlake,expression,0.55,,,,,,0,CREATE
"Dave Broom - Whisky_ The Manual (2014, Mitch",Lew Bryson,expression,0.55,,,,,,0,CREATE
"Dave Broom - Whisky_ The Manual (2014, Mitch",Dave Wondrich,expression,0.55,,,,,,0,CREATE
"Dave Broom - Whisky_ The Manual (2014, Mitch",Gaz Regan,expression,0.55,,,,,,0,CREATE
"Dave Broom - Whisky_ The Manual (2014, Mitch",Sukhinder Singh,expression,0.55,,,,,,0,CREATE
"Dave Broom - Whisky_ The Manual (2014, Mitch",Thierry Benitah,expression,0.55,,,,,,0,CREATE
"Dave Broom - Whisky_ The Manual (2014, Mitch",Malt Advocates Course,expression,0.55,,,,,,0,CREATE
"Dave Broom - Whisky_ The Manual (2014, Mitch",Taipei City,expression,0.55,,,,,,0,CREATE
"Dave Broom - Whisky_ The Manual (2014, Mitch",Naren Young,expression,0.55,,,,,,0,CREATE
"Dave Broom - Whisky_ The Manual (2014, Mitch","Algonquin
American",expression,0.55,,,,,,0,CREATE
"Dave Broom - Whisky_ The Manual (2014, Mitch","Grouse
Black Velvet",expression,0.55,,,,,,0,CREATE
"Dave Broom - Whisky_ The Manual (2014, Mitch",Ceres Joker,expression,0.75,12,,,,,0,CREATE
"Dave Broom - Whisky_ The Manual (2014, Mitch","Gean Whisky
Gentlemen",expression,0.55,,,,,,0,CREATE
"Dave Broom - Whisky_ The Manual (2014, Mitch","Family Reserve
Great",expression,0.75,12,,,,,0,CREATE
"Dave Broom - Whisky_ The Manual (2014, Mitch","Hot Toddy
Hot",bottler,0.75,18,,,,hunter,0,CREATE
"Dave Broom - Whisky_ The Manual (2014, Mitch","Mamie Taylor
Manhattan",expression,0.55,,,,sherry,,0,CREATE
"Dave Broom - Whisky_ The Manual (2014, Mitch","The
Paisley Patter",distillery,0.75,12,,,,,0,CREATE
"Dave Broom - Whisky_ The Manual (2014, Mitch",Rusty Nail,expression,0.75,21,,,,,0,CREATE
"Dave Broom - Whisky_ The Manual (2014, Mitch","Masataka
Talisker",expression,0.75,10,,,,,0,CREATE
"Dave Broom - Whisky_ The Manual (2014, Mitch","Dave Broom
First",expression,0.55,,,,,,0,CREATE
"Dave Broom - Whisky_ The Manual (2014, Mitch",British Library,expression,0.55,,,,,,0,CREATE
"Dave Broom - Whisky_ The Manual (2014, Mitch","Bryan 
Copy Editor",expression,0.55,,,,,,0,CREATE
"Dave Broom - Whisky_ The Manual (2014, Mitch","Hilary Lumsden 
Proofreader",expression,0.55,,,,,,0,CREATE
"Dave Broom - Whisky_ The Manual (2014, Mitch","Jamie Ambrose 
Indexer",expression,0.55,,,,,,0,CREATE
"Dave Broom - Whisky_ The Manual (2014, Mitch",Director Jonathan Christie,expression,0.55,,,,,,0,CREATE
Japanese whisky _ the ultimate guide to the ,Adam Rogers,expression,0.55,,,,,,0,CREATE
Japanese whisky _ the ultimate guide to the ,Deputy Editor Wired,expression,0.55,,,,,,0,CREATE
Japanese whisky _ the ultimate guide to the ,Drinking Japan,expression,0.55,,,,,,0,CREATE
Japanese whisky _ the ultimate guide to the ,Yuji Kawasaki,expression,0.55,,,,,,0,CREATE
Japanese whisky _ the ultimate guide to the ,"History Begins
The",expression,0.55,,,,,,0,CREATE
Japanese whisky _ the ultimate guide to the ,Revolutionary Sake,expression,0.55,,,,,,0,CREATE
Japanese whisky _ the ultimate guide to the ,Inspired Malting Process,expression,0.55,,,,,,0,CREATE
Japanese whisky _ the ultimate guide to the ,"Peat
Precious Made",expression,0.55,,,,,,0,CREATE
Japanese whisky _ the ultimate guide to the ,"Japan Casks
Making",expression,0.55,,,,,,0,CREATE
Japanese whisky _ the ultimate guide to the ,Whisky Drinking Culture,expression,0.55,,,,,,0,CREATE
Japanese whisky _ the ultimate guide to the ,Sun Grain Chita,distillery,0.55,,,,,,0,CREATE
Japanese whisky _ the ultimate guide to the ,"Distillery
Tasting Notes",distillery,0.55,,,,,,0,CREATE
Japanese whisky _ the ultimate guide to the ,Shuzo White Oak,distillery,0.55,,,,oak,,0,CREATE
Japanese whisky _ the ultimate guide to the ,Shuzo Mars Whisky,distillery,0.55,,,,,,0,CREATE
Japanese whisky _ the ultimate guide to the ,"Venture Whiskies
Afterword",distillery,0.55,,,,,,0,CREATE
Japanese whisky _ the ultimate guide to the ,How Did Japanese,expression,0.55,,,,,,0,CREATE
Japanese whisky _ the ultimate guide to the ,"Lew Bryson
Up",expression,0.55,,,,,,0,CREATE
Japanese whisky _ the ultimate guide to the ,Masataka Taketsuru,expression,0.55,,,,,,0,CREATE
Japanese whisky _ the ultimate guide to the ,"Japan.
Torii",expression,0.55,,,,,,0,CREATE
Japanese whisky _ the ultimate guide to the ,Brian Ashcraft,expression,0.55,,,,,,0,CREATE
Japanese whisky _ the ultimate guide to the ,Best Whisky Makers,expression,0.55,,,,,,0,CREATE
Japanese whisky _ the ultimate guide to the ,Tadashi Sakuma,expression,0.55,,,,,,0,CREATE
Japanese whisky _ the ultimate guide to the ,Taketsuru Pure Malt,expression,0.75,17,,,,,0,CREATE
Japanese whisky _ the ultimate guide to the ,"Spelling
Written",expression,0.55,,,,,,0,CREATE
Japanese whisky _ the ultimate guide to the ,Historiographical Institute,expression,0.55,,,,,,0,CREATE
Japanese whisky _ the ultimate guide to the ,Mamoru Tsuchiya,expression,0.55,,,,,,0,CREATE
Japanese whisky _ the ultimate guide to the ,Kiyotsuru Shuzo,expression,0.55,,,,,,0,CREATE
Japanese whisky _ the ultimate guide to the ,Satsuma Shuzo,expression,0.55,,,,,,0,CREATE
Japanese whisky _ the ultimate guide to the ,Hirotsugu Hayasaka,expression,0.75,14,,,,,0,CREATE
Japanese whisky _ the ultimate guide to the ,Hayasaka. Well,expression,0.55,,,,,,0,CREATE
Japanese whisky _ the ultimate guide to the ,Tomomi Iwakura,distillery,0.55,,,,,,0,CREATE
Japanese whisky _ the ultimate guide to the ,Andrew Usher,distillery,0.55,,,,,,0,CREATE
Japanese whisky _ the ultimate guide to the ,Bourbon. These,expression,0.55,,,,bourbon,,0,CREATE
Japanese whisky _ the ultimate guide to the ,Settsu Shuzo,expression,0.55,,,,,,0,CREATE
Japanese whisky _ the ultimate guide to the ,Alp. Abe,expression,0.55,,,,,,0,CREATE
Japanese whisky _ the ultimate guide to the ,Kihei Abe,expression,0.55,,,,,,0,CREATE
Japanese whisky _ the ultimate guide to the ,When Masataka Taketsuru,expression,0.55,,,,,,0,CREATE
Japanese whisky _ the ultimate guide to the ,Plain Spirit,expression,0.55,,,,,,0,CREATE
Japanese whisky _ the ultimate guide to the ,For Taketsuru,expression,0.55,,,,,,0,CREATE
Japanese whisky _ the ultimate guide to the ,More Scottish,expression,0.55,,,,,,0,CREATE
Japanese whisky _ the ultimate guide to the ,Akadama Port Wine,expression,0.55,,,,port,,0,CREATE
Japanese whisky _ the ultimate guide to the ,Hokkaido Prefecture,distillery,0.55,,,,,,0,CREATE
Japanese whisky _ the ultimate guide to the ,Cosmopolitan Tokyo,expression,0.55,,,,,,0,CREATE
Japanese whisky _ the ultimate guide to the ,Masaharu Minabe,expression,0.55,,,,,,0,CREATE
Japanese whisky _ the ultimate guide to the ,"Osaka.


Taketsuru",expression,0.55,,,,,,0,CREATE
Japanese whisky _ the ultimate guide to the ,"Malting Process
Japanese",expression,0.55,,,,,,0,CREATE
Japanese whisky _ the ultimate guide to the ,Jokichi Takamine,expression,0.55,,,,,,0,CREATE
Japanese whisky _ the ultimate guide to the ,Professor Joan Bennett,expression,0.55,,,,,,0,CREATE
Japanese whisky _ the ultimate guide to the ,Donald Yates,expression,0.55,,,,,,0,CREATE
Japanese whisky _ the ultimate guide to the ,During World War,expression,0.55,,,,,,0,CREATE
Japanese whisky _ the ultimate guide to the ,While Osaka City,distillery,0.55,,,,port,,0,CREATE
Japanese whisky _ the ultimate guide to the ,Pabst Blue Ribbon,expression,0.55,,,,,,0,CREATE
Japanese whisky _ the ultimate guide to the ,Japan Embraces Whisky,distillery,0.55,,,,,,0,CREATE
Japanese whisky _ the ultimate guide to the ,Torys Bars,expression,0.55,,,,,,0,CREATE
Japanese whisky _ the ultimate guide to the ,Takara Shuzo,expression,0.55,,,,,,0,CREATE
Japanese whisky _ the ultimate guide to the ,Sanraku Ocean,expression,0.55,,,,,,0,CREATE
Japanese whisky _ the ultimate guide to the ,Toyo Brewing,expression,0.55,,,,,,0,CREATE
Japanese whisky _ the ultimate guide to the ,Times Square,expression,0.55,,,,,,0,CREATE
Japanese whisky _ the ultimate guide to the ,World Trade Organization,expression,0.55,,,,,,0,CREATE
Japanese whisky _ the ultimate guide to the ,Was Home Tonight,expression,0.55,,,,,,0,CREATE
Japanese whisky _ the ultimate guide to the ,Akira Kurosawa,expression,0.55,,,,,,0,CREATE
Japanese whisky _ the ultimate guide to the ,Marcin Miller,expression,0.55,,,,,,0,CREATE
Japanese whisky _ the ultimate guide to the ,Japan. Croll,distillery,0.55,,,,,,0,CREATE
Japanese whisky _ the ultimate guide to the ,Some Scottish,expression,0.55,,,,,,0,CREATE
Japanese whisky _ the ultimate guide to the ,Koki Takehira,distillery,0.55,,,,,,0,CREATE
Japanese whisky _ the ultimate guide to the ,Ariake Barrel,bottler,0.55,,,,,independent,0,CREATE
Japanese whisky _ the ultimate guide to the ,Osaka Prefecture,distillery,0.55,,,,,,0,CREATE
Japanese whisky _ the ultimate guide to the ,Ohmi Aging Center,distillery,0.55,,,,,,0,CREATE
Japanese whisky _ the ultimate guide to the ,Shiga Prefecture,expression,0.55,,,,,,0,CREATE
Japanese whisky _ the ultimate guide to the ,Nagoya Port,distillery,0.55,,,,port,,0,CREATE
Japanese whisky _ the ultimate guide to the ,The Sun Grain,distillery,0.55,,,,port,,0,CREATE
Japanese whisky _ the ultimate guide to the ,"Blending
After",distillery,0.55,,,,,,0,CREATE
Japanese whisky _ the ultimate guide to the ,Even Scotland,expression,0.55,,,,,,0,CREATE
Japanese whisky _ the ultimate guide to the ,"Japanese Barley
For",expression,0.55,,,,,,0,CREATE
Japanese whisky _ the ultimate guide to the ,Says Chichibu Distillery,distillery,0.55,,,,,,0,CREATE
Japanese whisky _ the ultimate guide to the ,Kanbaku Company,expression,0.55,,,,,,0,CREATE
Japanese whisky _ the ultimate guide to the ,Tochigi Prefecture,expression,0.55,,,,,,0,CREATE
Japanese whisky _ the ultimate guide to the ,"Japanese Peat
Peat",expression,0.55,,,,,,0,CREATE
Japanese whisky _ the ultimate guide to the ,"Japan Casks
As",expression,0.55,,,,,,0,CREATE
Japanese whisky _ the ultimate guide to the ,Even Venture Whisky,distillery,0.55,,,,,,0,CREATE
Japanese whisky _ the ultimate guide to the ,Showa Yodal Konki,distillery,0.55,,,,,,0,CREATE
Japanese whisky _ the ultimate guide to the ,National Cooper,expression,0.55,,,,oak,,0,CREATE
Japanese whisky _ the ultimate guide to the ,Even More Japanese,expression,0.55,,,,,,0,CREATE
Japanese whisky _ the ultimate guide to the ,Since Japan,expression,0.55,,,,,,0,CREATE
Japanese whisky _ the ultimate guide to the ,While American,expression,0.55,,,,oak,,0,CREATE
Japanese whisky _ the ultimate guide to the ,Takayoshi Odawara,expression,0.55,,,,,,0,CREATE
Japanese whisky _ the ultimate guide to the ,"Japan.


Here",expression,0.55,,,,,,0,CREATE
Japanese whisky _ the ultimate guide to the ,Rival Nikka,expression,0.55,,,,oak,,0,CREATE
Japanese whisky _ the ultimate guide to the ,While Ariake Barrel,expression,0.55,,,,,,0,CREATE
Japanese whisky _ the ultimate guide to the ,When Shirofuda,expression,0.55,,,,,,0,CREATE
Japanese whisky _ the ultimate guide to the ,Torys Bar,expression,0.55,,,,,,0,CREATE
Japanese whisky _ the ultimate guide to the ,Cordon Noir,expression,0.55,,,,sherry,,0,CREATE
Japanese whisky _ the ultimate guide to the ,Bar Cordon Noir,expression,0.55,,,,,,0,CREATE
Japanese whisky _ the ultimate guide to the ,"Balance
One",expression,0.55,,,,,,0,CREATE
Japanese whisky _ the ultimate guide to the ,"Flexibility
Since Japan",expression,0.55,,,,,,0,CREATE
Japanese whisky _ the ultimate guide to the ,Even Mars Whisky,expression,0.55,,,,,,0,CREATE
Japanese whisky _ the ultimate guide to the ,Shiio Shrine,distillery,0.55,,,,,,0,CREATE
Japanese whisky _ the ultimate guide to the ,Koichi Nishikawa,distillery,0.55,,,,,,0,CREATE
Japanese whisky _ the ultimate guide to the ,While Shirofuda,expression,0.55,,,,,,0,CREATE
Japanese whisky _ the ultimate guide to the ,Discovery Suntory The,expression,0.55,,,,,,0,CREATE
Japanese whisky _ the ultimate guide to the ,"Gods
Centered",expression,0.55,,,,,,0,CREATE
Japanese whisky _ the ultimate guide to the ,Behind Suntory,distillery,0.55,,,,,,0,CREATE
Japanese whisky _ the ultimate guide to the ,Before Kotobukiya,expression,0.55,,,,,,0,CREATE
Japanese whisky _ the ultimate guide to the ,Hermes. Kotobukiya,expression,0.55,,,,,,0,CREATE
Japanese whisky _ the ultimate guide to the ,Osaka Yoshu Jozo,expression,0.55,,,,,,0,CREATE
Japanese whisky _ the ultimate guide to the ,Under Saji,expression,0.55,,,,,,0,CREATE
Japanese whisky _ the ultimate guide to the ,But Keizo Saji,expression,0.55,,,,,,0,CREATE
Japanese whisky _ the ultimate guide to the ,Tansetsu Ogino,expression,0.55,,,,,,0,CREATE
Japanese whisky _ the ultimate guide to the ,Endless Whisky Possibilities,distillery,0.55,,,,,,0,CREATE
Japanese whisky _ the ultimate guide to the ,"Distillery
Besides Yamazaki",distillery,0.55,,,,,,0,CREATE
Japanese whisky _ the ultimate guide to the ,When World War,distillery,0.55,,,,,,0,CREATE
Japanese whisky _ the ultimate guide to the ,After Nakahara,distillery,0.55,,,,,,0,CREATE
Japanese whisky _ the ultimate guide to the ,Where Suntory Whisky,expression,0.55,,,,,,0,CREATE
Japanese whisky _ the ultimate guide to the ,"Sleeps
Over",expression,0.55,,,,,,0,CREATE
Japanese whisky _ the ultimate guide to the ,Seiichi Koshimizu,expression,0.55,,,,,,0,CREATE
Japanese whisky _ the ultimate guide to the ,Ohmi Aging Cellar,distillery,0.55,,,,,,0,CREATE
Japanese whisky _ the ultimate guide to the ,For Suntory,expression,0.55,,,,,,0,CREATE
Japanese whisky _ the ultimate guide to the ,The Uji River,distillery,0.55,,,,,,0,CREATE
Japanese whisky _ the ultimate guide to the ,Katsura Rivers,distillery,0.55,,,,,,0,CREATE
Japanese whisky _ the ultimate guide to the ,An Ideal Place,expression,0.55,,,,sherry,,0,CREATE
Japanese whisky _ the ultimate guide to the ,Toshikazu Kimura,expression,0.55,,,,sherry,,0,CREATE
Japanese whisky _ the ultimate guide to the ,Often Western,expression,0.55,,,,,,0,CREATE
Japanese whisky _ the ultimate guide to the ,No Age Statement,expression,0.55,,,,,,0,CREATE
Japanese whisky _ the ultimate guide to the ,Deep Harmony,expression,0.55,,,,wine,,0,CREATE
Japanese whisky _ the ultimate guide to the ,Peated Bottled,expression,0.55,,,,,,0,CREATE
Japanese whisky _ the ultimate guide to the ,Malt Plum Liqueur,expression,0.55,,,,,,0,CREATE
Japanese whisky _ the ultimate guide to the ,Cask Mampei Hotel,expression,0.55,,,,,,0,CREATE
Japanese whisky _ the ultimate guide to the ,"Sake Brewers
Traditionally",expression,0.55,,,,,,0,CREATE
Japanese whisky _ the ultimate guide to the ,Hiroki Hasegawa,distillery,0.55,,,,oak,,0,CREATE
Japanese whisky _ the ultimate guide to the ,Yuji Nakamura,expression,0.55,,,,,,0,CREATE
Japanese whisky _ the ultimate guide to the ,Sake Techniques,expression,0.55,,,,,,0,CREATE
Japanese whisky _ the ultimate guide to the ,Japan. Sake,expression,0.55,,,,,,0,CREATE
Japanese whisky _ the ultimate guide to the ,While Eigashima Shuzo,expression,0.55,,,,,,0,CREATE
Japanese whisky _ the ultimate guide to the ,Not Eigashima,expression,0.75,5,,,,,0,CREATE
Japanese whisky _ the ultimate guide to the ,Town Built,expression,0.55,,,,,,0,CREATE
Japanese whisky _ the ultimate guide to the ,Shotaro Kaga,distillery,0.55,,,,,,0,CREATE
Japanese whisky _ the ultimate guide to the ,Asahi Breweries,expression,0.55,,,,,,0,CREATE
Japanese whisky _ the ultimate guide to the ,Japan. Most,distillery,0.55,,,,,,0,CREATE
Japanese whisky _ the ultimate guide to the ,Initially Taketsuru,distillery,0.55,,,,,,0,CREATE
Japanese whisky _ the ultimate guide to the ,Before Nikka,expression,0.55,,,,,,0,CREATE
Japanese whisky _ the ultimate guide to the ,Dai Nippon Kaju,expression,0.55,,,,,,0,CREATE
Japanese whisky _ the ultimate guide to the ,While Taketsuru,expression,0.55,,,,,,0,CREATE
Japanese whisky _ the ultimate guide to the ,Osaka. Even,distillery,0.55,,,,,,0,CREATE
Japanese whisky _ the ultimate guide to the ,Tatsujiro Shimamiya,distillery,0.55,,,,,,0,CREATE
Japanese whisky _ the ultimate guide to the ,The Fragrant Aromas,expression,0.55,,,,,,0,CREATE
Japanese whisky _ the ultimate guide to the ,Each January,distillery,0.55,,,,,,0,CREATE
Japanese whisky _ the ultimate guide to the ,All Yoichi,expression,0.55,,,,,,0,CREATE
Japanese whisky _ the ultimate guide to the ,Coffey Stills,expression,0.55,,,,,,0,CREATE
Japanese whisky _ the ultimate guide to the ,Coffey Still,expression,0.55,,,,,,0,CREATE
Japanese whisky _ the ultimate guide to the ,Kazuyuki Shoji,expression,0.55,,,,,,0,CREATE
Japanese whisky _ the ultimate guide to the ,These American,expression,0.55,,,,oak,,0,CREATE
Japanese whisky _ the ultimate guide to the ,Like Nikka,expression,0.55,,,,,,0,CREATE
Japanese whisky _ the ultimate guide to the ,Chiba Prefecture,expression,0.55,,,,,,0,CREATE
Japanese whisky _ the ultimate guide to the ,Anniversary Bottled,expression,0.55,,,,,,0,CREATE
Japanese whisky _ the ultimate guide to the ,Whenever Nikka,expression,0.75,12,,,,,0,CREATE
Japanese whisky _ the ultimate guide to the ,"Delightful.
Super",expression,0.55,,,,,,0,CREATE
Japanese whisky _ the ultimate guide to the ,Super Nikka Whisky,expression,0.55,,,,,,0,CREATE
Japanese whisky _ the ultimate guide to the ,Sendai. Hence,distillery,0.55,,,,,,0,CREATE
Japanese whisky _ the ultimate guide to the ,"Japan.
Taketsuru",expression,0.75,21,,,,,0,CREATE
Japanese whisky _ the ultimate guide to the ,Pure Malt Non,expression,0.75,21,,,,,0,CREATE
Japanese whisky _ the ultimate guide to the ,Chill Filtered,expression,0.75,21,,,,,0,CREATE
Japanese whisky _ the ultimate guide to the ,Sherry Wood Finish,expression,0.55,,,,sherry,,0,CREATE
Japanese whisky _ the ultimate guide to the ,"Enchanting.
Yoichi",expression,0.75,12,,,,,0,CREATE
Japanese whisky _ the ultimate guide to the ,Japan. But,distillery,0.55,,,,,,0,CREATE
Japanese whisky _ the ultimate guide to the ,Kiichiro Iwai,distillery,0.55,,,,,,0,CREATE
Japanese whisky _ the ultimate guide to the ,When Iwai,distillery,0.55,,,,,,0,CREATE
Japanese whisky _ the ultimate guide to the ,While Mars,expression,0.55,,,,,,0,CREATE
Japanese whisky _ the ultimate guide to the ,Beer Brewing Expertise,expression,0.55,,,,,,0,CREATE
Japanese whisky _ the ultimate guide to the ,Minami Shinshu Beer,distillery,0.55,,,,,,0,CREATE
Japanese whisky _ the ultimate guide to the ,When Hombo Shuzo,expression,0.55,,,,,,0,CREATE
Japanese whisky _ the ultimate guide to the ,All Takehira,expression,0.55,,,,,,0,CREATE
Japanese whisky _ the ultimate guide to the ,"Japan.

When",expression,0.55,,,,,,0,CREATE
Japanese whisky _ the ultimate guide to the ,Liqueurs Makers Association,expression,0.55,,,,,,0,CREATE
Japanese whisky _ the ultimate guide to the ,Takehira. Both,expression,0.55,,,,,,0,CREATE
Japanese whisky _ the ultimate guide to the ,Tor Takehira,expression,0.55,,,,,,0,CREATE
Japanese whisky _ the ultimate guide to the ,Iwai Tradition Wine,distillery,0.55,,,,wine,,0,CREATE
Japanese whisky _ the ultimate guide to the ,Komagatake The Revival,distillery,0.55,,,,,,0,CREATE
Japanese whisky _ the ultimate guide to the ,Komagatake Pure Malt,expression,0.75,10,,,,,0,CREATE
Japanese whisky _ the ultimate guide to the ,Komagatake Bartenders Choice,expression,0.55,,,,wine,,0,CREATE
Japanese whisky _ the ultimate guide to the ,Madeira Cask Finish,expression,0.55,,,,port,,0,CREATE
Japanese whisky _ the ultimate guide to the ,"Cask Finish



Komagatake",expression,0.55,,,,wine,,0,CREATE
Japanese whisky _ the ultimate guide to the ,Osamu Igura,expression,0.55,,,,,,0,CREATE
Japanese whisky _ the ultimate guide to the ,Malted Scottish,expression,0.55,,,,,,0,CREATE
Japanese whisky _ the ultimate guide to the ,Igura. Rice,expression,0.55,,,,,,0,CREATE
Japanese whisky _ the ultimate guide to the ,Column Still Room,expression,0.55,,,,,,0,CREATE
Japanese whisky _ the ultimate guide to the ,Where Bourbon Meets,expression,0.55,,,,bourbon,,0,CREATE
Japanese whisky _ the ultimate guide to the ,Jota Tanaka,distillery,0.55,,,,,,0,CREATE
Japanese whisky _ the ultimate guide to the ,Masaru Takasugi,expression,0.55,,,,,,0,CREATE
Japanese whisky _ the ultimate guide to the ,Kazuki Nakagawa,distillery,0.55,,,,sherry,,0,CREATE
Japanese whisky _ the ultimate guide to the ,Showa Yotal,expression,0.55,,,,,,0,CREATE
Japanese whisky _ the ultimate guide to the ,"Anniversary



Kirin Whisky",distillery,0.75,18,,,oak,,0,CREATE
Japanese whisky _ the ultimate guide to the ,"Sake Brewers
Founder",distillery,0.55,,,,,,0,CREATE
Japanese whisky _ the ultimate guide to the ,When Akuto,expression,0.55,,,,,,0,CREATE
Japanese whisky _ the ultimate guide to the ,Toa Shuzo,distillery,0.55,,,,,,0,CREATE
Japanese whisky _ the ultimate guide to the ,Plaza Accord,expression,0.55,,,,,,0,CREATE
Japanese whisky _ the ultimate guide to the ,"Son
Akuto",expression,0.55,,,,,,0,CREATE
Japanese whisky _ the ultimate guide to the ,Since Akuto,expression,0.55,,,,,,0,CREATE
Japanese whisky _ the ultimate guide to the ,Yumi Yoshikawa,distillery,0.55,,,,,,0,CREATE
Japanese whisky _ the ultimate guide to the ,Taro Okuyama,distillery,0.55,,,campbeltown,,,0,CREATE
Japanese whisky _ the ultimate guide to the ,Another Round,expression,0.55,,,,,,0,CREATE
Japanese whisky _ the ultimate guide to the ,One Shot Bar,expression,0.55,,,,,,0,CREATE
Japanese whisky _ the ultimate guide to the ,Teruhiko Yamamoto,expression,0.55,,,,,,0,CREATE
Japanese whisky _ the ultimate guide to the ,His Osaka,expression,0.55,,,,bourbon,,0,CREATE
Japanese whisky _ the ultimate guide to the ,Bar Keith,expression,0.55,,,,,,0,CREATE
Japanese whisky _ the ultimate guide to the ,Mitsuo Saito,expression,0.55,,,,,,0,CREATE
Japanese whisky _ the ultimate guide to the ,The Next Generation,expression,0.55,,,,,,0,CREATE
Japanese whisky _ the ultimate guide to the ,Asta Morris Chichibu,expression,0.75,5,,,,,0,CREATE
Japanese whisky _ the ultimate guide to the ,Asta Morris,expression,0.55,,,,,,0,CREATE
Japanese whisky _ the ultimate guide to the ,Grain Premium,expression,0.55,,,,,,0,CREATE
Japanese whisky _ the ultimate guide to the ,Bourbon Barrel,expression,0.55,,,,bourbon,,0,CREATE
Japanese whisky _ the ultimate guide to the ,Every February Venture,expression,0.55,,,,,,0,CREATE
Japanese whisky _ the ultimate guide to the ,Kusuda Bottled,expression,0.55,,,,,,0,CREATE
Japanese whisky _ the ultimate guide to the ,Hiroyuki Kusuda,distillery,0.55,,,,,,0,CREATE
Japanese whisky _ the ultimate guide to the ,Banzai Across,expression,0.55,,,,,,0,CREATE
Japanese whisky _ the ultimate guide to the ,Malt Double Distilleries,distillery,0.55,,,,,,0,CREATE
Japanese whisky _ the ultimate guide to the ,Japan. Akuto,expression,0.55,,,,,,0,CREATE
Japanese whisky _ the ultimate guide to the ,Mizunara Wood Reserve,expression,0.55,,,,,,0,CREATE
Japanese whisky _ the ultimate guide to the ,"Grain



Ichiro",expression,0.75,5,,,,,0,CREATE
Japanese whisky _ the ultimate guide to the ,"Pipe



Ichiro",expression,0.55,,,,port,,0,CREATE
Japanese whisky _ the ultimate guide to the ,"Afterword
The Future",expression,0.55,,,,,,0,CREATE
Japanese whisky _ the ultimate guide to the ,Going Local,expression,0.55,,,,,,0,CREATE
Japanese whisky _ the ultimate guide to the ,Taiko Nakamura,distillery,0.55,,,,,,0,CREATE
Japanese whisky _ the ultimate guide to the ,Kiuchi Brewery,distillery,0.55,,,,,,0,CREATE
Japanese whisky _ the ultimate guide to the ,Kaneko Golden,expression,0.55,,,,,,0,CREATE
Japanese whisky _ the ultimate guide to the ,While Nikka,expression,0.55,,,,,,0,CREATE
Japanese whisky _ the ultimate guide to the ,"Okumura.
While",expression,0.55,,,,,,0,CREATE
Japanese whisky _ the ultimate guide to the ,Keiichi Toita,distillery,0.55,,,,,,0,CREATE
Japanese whisky _ the ultimate guide to the ,Probably. But,expression,0.55,,,,,,0,CREATE
Japanese whisky _ the ultimate guide to the ,"Yuji.
Title",expression,0.55,,,,,,0,CREATE
Japanese whisky _ the ultimate guide to the ,Leading Whisky Blogger,expression,0.55,,,,,,0,CREATE
Japanese whisky _ the ultimate guide to the ,Idzuhiko Ueda,expression,0.55,,,,,,0,CREATE
Japanese whisky _ the ultimate guide to the ,One More Glass,expression,0.55,,,,,,0,CREATE
Jim Murray's Whisky Bible 2020 _ Rest of Wor,Whisky Tasting Club,expression,0.55,,,,,,2,CREATE
Jim Murray's Whisky Bible 2020 _ Rest of Wor,Dram Good Books,expression,0.55,,,,,,6,CREATE
Jim Murray's Whisky Bible 2020 _ Rest of Wor,Barnstones Business Park,expression,0.55,,,,,,6,CREATE
Jim Murray's Whisky Bible 2020 _ Rest of Wor,Whisky Award Winners,expression,0.55,,,,,,8,CREATE
Jim Murray's Whisky Bible 2020 _ Rest of Wor,Liquid Gold Awards,expression,0.55,,,,,,8,CREATE
Jim Murray's Whisky Bible 2020 _ Rest of Wor,Sonttish Maus,expression,0.55,,,,,,8,CREATE
Jim Murray's Whisky Bible 2020 _ Rest of Wor,Vatted Malts,expression,0.55,,,,,,8,CREATE
Jim Murray's Whisky Bible 2020 _ Rest of Wor,Bourbon Distilleries,distillery,0.55,,,,bourbon,,9,CREATE
Jim Murray's Whisky Bible 2020 _ Rest of Wor,Bourbon Brands,expression,0.55,,,,bourbon,,9,CREATE
Jim Murray's Whisky Bible 2020 _ Rest of Wor,Other American Whiskey,expression,0.55,,,,,,9,CREATE
Jim Murray's Whisky Bible 2020 _ Rest of Wor,Oscar Getz,distillery,0.55,,,,,,10,CREATE
Jim Murray's Whisky Bible 2020 _ Rest of Wor,Ajiwai Kakubin,expression,0.55,,,,,,12,CREATE
Jim Murray's Whisky Bible 2020 _ Rest of Wor,For Irish,expression,0.55,,,,wine,,14,CREATE
Jim Murray's Whisky Bible 2020 _ Rest of Wor,"Casks 
American Oak",expression,0.55,,,,sherry,,15,CREATE
Jim Murray's Whisky Bible 2020 _ Rest of Wor,French Cognac Cask,expression,0.55,,,,sherry,,15,CREATE
Jim Murray's Whisky Bible 2020 _ Rest of Wor,"Armagnac Finish 
Barleywine",expression,0.55,,,,oak,,15,CREATE
Jim Murray's Whisky Bible 2020 _ Rest of Wor,"Finished 
Bodega Sherry",expression,0.55,,,,sherry,,15,CREATE
Jim Murray's Whisky Bible 2020 _ Rest of Wor,"Casks 
Bourbon",expression,0.55,,,,sherry,,15,CREATE
Jim Murray's Whisky Bible 2020 _ Rest of Wor,"Oloroso 
Bourbon",expression,0.55,,,,sherry,,15,CREATE
Jim Murray's Whisky Bible 2020 _ Rest of Wor,Bourbon Sherry,expression,0.55,,,,bourbon,,15,CREATE
Jim Murray's Whisky Bible 2020 _ Rest of Wor,"Cask Finish 
Caribbean",expression,0.55,,,,oak,,15,CREATE
Jim Murray's Whisky Bible 2020 _ Rest of Wor,"Rum Finish 
Ex",expression,0.55,,,,sherry,,15,CREATE
Jim Murray's Whisky Bible 2020 _ Rest of Wor,"Rum Barrel 
Four",expression,0.55,,,,bourbon,,15,CREATE
Jim Murray's Whisky Bible 2020 _ Rest of Wor,"Finish 
Hybrid Cask",expression,0.55,,,,bourbon,,15,CREATE
Jim Murray's Whisky Bible 2020 _ Rest of Wor,Oloroso Cask Finish,expression,0.55,,,,butt,,15,CREATE
Jim Murray's Whisky Bible 2020 _ Rest of Wor,Pedro Ximenez Butt,expression,0.55,,,,butt,,15,CREATE
Jim Murray's Whisky Bible 2020 _ Rest of Wor,Plantation Rum Finish,expression,0.55,,,,butt,,15,CREATE
Jim Murray's Whisky Bible 2020 _ Rest of Wor,"Refill Sherry 
Rhum",expression,0.55,,,,butt,,15,CREATE
Jim Murray's Whisky Bible 2020 _ Rest of Wor,"Agricole 
Rum Cask",expression,0.55,,,,butt,,15,CREATE
Jim Murray's Whisky Bible 2020 _ Rest of Wor,"Sherry Cask 
Sherry",expression,0.55,,,,refill,,15,CREATE
Jim Murray's Whisky Bible 2020 _ Rest of Wor,"Cask Finish 
Tequila",expression,0.55,,,,refill,,15,CREATE
Jim Murray's Whisky Bible 2020 _ Rest of Wor,"Mescal 
Triple Casked",expression,0.55,,,,sherry,,15,CREATE
Jim Murray's Whisky Bible 2020 _ Rest of Wor,"Finish 
White Burgundy",expression,0.55,,,,oak,,15,CREATE
Jim Murray's Whisky Bible 2020 _ Rest of Wor,Sunday Telegraph,expression,0.55,,,,port,,16,CREATE
Jim Murray's Whisky Bible 2020 _ Rest of Wor,Pot Still,expression,0.55,,,,bourbon,,16,CREATE
Jim Murray's Whisky Bible 2020 _ Rest of Wor,Finest Third Finest,expression,0.55,,,,,,17,CREATE
Jim Murray's Whisky Bible 2020 _ Rest of Wor,Old Parr Superior,expression,0.75,18,,,,,17,CREATE
Jim Murray's Whisky Bible 2020 _ Rest of Wor,Uigedail Coffey Malt,expression,0.75,12,,,,,17,CREATE
Jim Murray's Whisky Bible 2020 _ Rest of Wor,Handy William Larue,expression,0.75,21,,,,,17,CREATE
Jim Murray's Whisky Bible 2020 _ Rest of Wor,Weller Ballantine,expression,0.75,10,,,,,17,CREATE
Jim Murray's Whisky Bible 2020 _ Rest of Wor,Weller Thomas Handy,expression,0.75,17,,,,,17,CREATE
Jim Murray's Whisky Bible 2020 _ Rest of Wor,Rye Straight Rye,expression,0.75,13,,,,,17,CREATE
Jim Murray's Whisky Bible 2020 _ Rest of Wor,Dair Ghaelach,expression,0.75,13,,,,,17,CREATE
Jim Murray's Whisky Bible 2020 _ Rest of Wor,"Larue Weller 
Month",expression,0.75,13,,,,,17,CREATE
Jim Murray's Whisky Bible 2020 _ Rest of Wor,Grain Aged,expression,0.75,10,,,,,17,CREATE
Jim Murray's Whisky Bible 2020 _ Rest of Wor,"Year Old 
William",expression,0.75,10,,,,,17,CREATE
Jim Murray's Whisky Bible 2020 _ Rest of Wor,Larue Weller,expression,0.75,10,,,,,17,CREATE
Jim Murray's Whisky Bible 2020 _ Rest of Wor,Harvest Rye,expression,0.55,,,,,,18,CREATE
Jim Murray's Whisky Bible 2020 _ Rest of Wor,Full Proof,expression,0.55,,,,,,18,CREATE
Jim Murray's Whisky Bible 2020 _ Rest of Wor,Full Proof Kentucky,expression,0.55,,,,bourbon,,18,CREATE
Jim Murray's Whisky Bible 2020 _ Rest of Wor,"Year 
Nantou Distillery",distillery,0.55,,,,bourbon,,18,CREATE
Jim Murray's Whisky Bible 2020 _ Rest of Wor,"Year 
Glen Grant",expression,0.75,18,,,,,19,CREATE
Jim Murray's Whisky Bible 2020 _ Rest of Wor,Multiple Casks,expression,0.75,18,,,,,19,CREATE
Jim Murray's Whisky Bible 2020 _ Rest of Wor,"Year 
Ballantine",bottler,0.75,17,,,,macphail,19,CREATE
Jim Murray's Whisky Bible 2020 _ Rest of Wor,"Year 
The Last",expression,0.75,17,,,,,19,CREATE
Jim Murray's Whisky Bible 2020 _ Rest of Wor,Drop Dumbarton,expression,0.75,17,,,,,19,CREATE
Jim Murray's Whisky Bible 2020 _ Rest of Wor,"Year 
Glen Castle",expression,0.55,,,,,,19,CREATE
Jim Murray's Whisky Bible 2020 _ Rest of Wor,No Age Statement,expression,0.55,,,,,,19,CREATE
Jim Murray's Whisky Bible 2020 _ Rest of Wor,Chronicles Cask Haven,expression,0.75,10,,,,,19,CREATE
Jim Murray's Whisky Bible 2020 _ Rest of Wor,Years Batch Strength,bottler,0.75,15,,,,signatory,19,CREATE
Jim Murray's Whisky Bible 2020 _ Rest of Wor,Year Old Blend,expression,0.75,25,,,,,19,CREATE
Jim Murray's Whisky Bible 2020 _ Rest of Wor,"Year 
Redbreast Aged",expression,0.75,56,,,,,19,CREATE
Jim Murray's Whisky Bible 2020 _ Rest of Wor,"Year 
Bushmills Aged",expression,0.75,21,,,,,19,CREATE
Jim Murray's Whisky Bible 2020 _ Rest of Wor,"Year 
Jameson 
Irish",expression,0.75,21,,,,,19,CREATE
Jim Murray's Whisky Bible 2020 _ Rest of Wor,"Year 
Kinahan",expression,0.75,11,,,,,19,CREATE
Jim Murray's Whisky Bible 2020 _ Rest of Wor,"Year 
Thomas",expression,0.55,,,,bourbon,,19,CREATE
Jim Murray's Whisky Bible 2020 _ Rest of Wor,Handy Sazerac,expression,0.55,,,,bourbon,,19,CREATE
Jim Murray's Whisky Bible 2020 _ Rest of Wor,Multiple Barrels,expression,0.75,2,,,bourbon,,19,CREATE
Jim Murray's Whisky Bible 2020 _ Rest of Wor,Family Reserve,expression,0.75,10,,,,,19,CREATE
Jim Murray's Whisky Bible 2020 _ Rest of Wor,"Year 
Crown Royal",expression,0.55,,,,,,19,CREATE
Jim Murray's Whisky Bible 2020 _ Rest of Wor,"Year 
Nikka Taketsuru",expression,0.55,,,,,,19,CREATE
Jim Murray's Whisky Bible 2020 _ Rest of Wor,"Year 
Bakery Hill",expression,0.55,,,,,,19,CREATE
Jim Murray's Whisky Bible 2020 _ Rest of Wor,Liquid Gold,expression,0.55,,,,,,20,CREATE
Jim Murray's Whisky Bible 2020 _ Rest of Wor,"Vintage 
Old Pulteney",expression,0.75,21,,,,,20,CREATE
Jim Murray's Whisky Bible 2020 _ Rest of Wor,Pure Pot Still,expression,0.75,21,,,,,20,CREATE
Jim Murray's Whisky Bible 2020 _ Rest of Wor,"Grinsells Wood 
Ballaghtobin",expression,0.75,17,,,,,20,CREATE
Jim Murray's Whisky Bible 2020 _ Rest of Wor,Taylor Four Grain,expression,0.75,12,,,bourbon,,20,CREATE
Jim Murray's Whisky Bible 2020 _ Rest of Wor,Bond Aged,expression,0.75,12,64.1,,bourbon,,20,CREATE
Jim Murray's Whisky Bible 2020 _ Rest of Wor,"Days 
Pikesville Straight",expression,0.75,13,,,,,20,CREATE
Jim Murray's Whisky Bible 2020 _ Rest of Wor,Rye Whiskey Aged,expression,0.75,13,,,,,20,CREATE
Jim Murray's Whisky Bible 2020 _ Rest of Wor,Handy Sazerac Straight,expression,0.75,6,,,,,20,CREATE
Jim Murray's Whisky Bible 2020 _ Rest of Wor,"Rye 
Canadian Blended",expression,0.75,6,,,,,20,CREATE
Jim Murray's Whisky Bible 2020 _ Rest of Wor,"Double Single 
Johnnie",expression,0.75,40,,,,,20,CREATE
Jim Murray's Whisky Bible 2020 _ Rest of Wor,Walker Blue Label,expression,0.55,,,,,,20,CREATE
Jim Murray's Whisky Bible 2020 _ Rest of Wor,The Casks Edition,expression,0.55,,,,,,20,CREATE
Jim Murray's Whisky Bible 2020 _ Rest of Wor,"Ghaelach 
Bourbon 
George",expression,0.75,21,05,,bourbon,,20,CREATE
Jim Murray's Whisky Bible 2020 _ Rest of Wor,"Mash 
Bill Bourbon",expression,0.75,10,64.6,,bourbon,,20,CREATE
Jim Murray's Whisky Bible 2020 _ Rest of Wor,Taylor Straight Rye,expression,0.75,,64.4,,,,20,CREATE
Jim Murray's Whisky Bible 2020 _ Rest of Wor,Club Chronicles,expression,0.75,41,,,,,20,CREATE
Jim Murray's Whisky Bible 2020 _ Rest of Wor,Windsor Aged,expression,0.75,41,,,,,20,CREATE
Jim Murray's Whisky Bible 2020 _ Rest of Wor,"Sword 
Ardbeg",expression,0.75,21,,,,,20,CREATE
Jim Murray's Whisky Bible 2020 _ Rest of Wor,"Something 
Ardbeg",expression,0.75,21,,,,,20,CREATE
Jim Murray's Whisky Bible 2020 _ Rest of Wor,"Year Old 
Brora",expression,0.75,9,,,,,20,CREATE
Jim Murray's Whisky Bible 2020 _ Rest of Wor,Dramfool Port Charlotte,expression,0.75,38,,,port,,20,CREATE
Jim Murray's Whisky Bible 2020 _ Rest of Wor,"Year Old 
Convalmore",expression,0.75,16,,,port,,20,CREATE
Jim Murray's Whisky Bible 2020 _ Rest of Wor,"Year Old 
Glencadam",expression,0.75,16,,,,,20,CREATE
Jim Murray's Whisky Bible 2020 _ Rest of Wor,"Anniversary 
Special Edition",bottler,0.55,,,,,macphail,20,CREATE
Jim Murray's Whisky Bible 2020 _ Rest of Wor,Particular Glen Moray,bottler,0.75,24,,,,society,20,CREATE
Jim Murray's Whisky Bible 2020 _ Rest of Wor,"Year Old 
Highland",expression,0.75,21,,highland,,,20,CREATE
Jim Murray's Whisky Bible 2020 _ Rest of Wor,Rudd Arran,bottler,0.75,21,,,,macphail,20,CREATE
Jim Murray's Whisky Bible 2020 _ Rest of Wor,"Rutter 
Laphroaig Aged",expression,0.75,27,,,,,20,CREATE
Jim Murray's Whisky Bible 2020 _ Rest of Wor,Organic Aged,expression,0.75,27,,,,,20,CREATE
Jim Murray's Whisky Bible 2020 _ Rest of Wor,Choice Lochside Aged,expression,0.75,27,,,,,20,CREATE
Jim Murray's Whisky Bible 2020 _ Rest of Wor,"Years 
Cadenheads Rum",expression,0.75,17,,,port,,20,CREATE
Jim Murray's Whisky Bible 2020 _ Rest of Wor,"Year Old 
Tullibardine",expression,0.75,33,,,port,,20,CREATE
Jim Murray's Whisky Bible 2020 _ Rest of Wor,Aged Over,expression,0.75,21,,speyside,,,20,CREATE
Jim Murray's Whisky Bible 2020 _ Rest of Wor,"Year Old 
Scottish",expression,0.75,30,,,,,21,CREATE
Jim Murray's Whisky Bible 2020 _ Rest of Wor,"Blends 
The Antiquary",expression,0.75,30,,,,,21,CREATE
Jim Murray's Whisky Bible 2020 _ Rest of Wor,Double Double Aged,expression,0.75,35,,,,,21,CREATE
Jim Murray's Whisky Bible 2020 _ Rest of Wor,"Pot Still 
Powers",expression,0.75,25,,,,,21,CREATE
Jim Murray's Whisky Bible 2020 _ Rest of Wor,"Lane Release 
Redbreast",expression,0.75,25,,,bourbon,,21,CREATE
Jim Murray's Whisky Bible 2020 _ Rest of Wor,Bottled In Bond,expression,0.75,32,,,bourbon,,21,CREATE
Jim Murray's Whisky Bible 2020 _ Rest of Wor,"Handy Sazerac 
American",expression,0.55,,,,,,21,CREATE
Jim Murray's Whisky Bible 2020 _ Rest of Wor,"Microdistilleries 
Garrison Brothers",distillery,0.55,,,,,,21,CREATE
Jim Murray's Whisky Bible 2020 _ Rest of Wor,"Texas Straight 
Bourbon",expression,0.75,12,,,bourbon,,21,CREATE
Jim Murray's Whisky Bible 2020 _ Rest of Wor,The Notch Aged,expression,0.75,12,,,bourbon,,21,CREATE
Jim Murray's Whisky Bible 2020 _ Rest of Wor,"Edition 
English Single",expression,0.55,,,,sherry,,21,CREATE
Jim Murray's Whisky Bible 2020 _ Rest of Wor,The Norfolk Farmers,expression,0.55,,,,,,21,CREATE
Jim Murray's Whisky Bible 2020 _ Rest of Wor,"Grain Parched 
Welsh",expression,0.55,,,,,,21,CREATE
Jim Murray's Whisky Bible 2020 _ Rest of Wor,"Bryn Terfel 
Penderyn",expression,0.55,,,,,,21,CREATE
Jim Murray's Whisky Bible 2020 _ Rest of Wor,"Rye Whisky 
Limebumers",distillery,0.55,,,,,,21,CREATE
Jim Murray's Whisky Bible 2020 _ Rest of Wor,"Months 
Danish Single",expression,0.55,,,,,,21,CREATE
Jim Murray's Whisky Bible 2020 _ Rest of Wor,Taiwanese Singte Malt,distillery,0.55,,,,,,21,CREATE
Jim Murray's Whisky Bible 2020 _ Rest of Wor,"Cask Strength 
Bourbon",distillery,0.55,,,,bourbon,gordon,21,CREATE
Jim Murray's Whisky Bible 2020 _ Rest of Wor,"Cask Strength 
Bunnahabhain",bottler,0.75,15,,,,gordon,21,CREATE
Jim Murray's Whisky Bible 2020 _ Rest of Wor,Liquid Treasures Entomology,bottler,0.75,28,,,,gordon,21,CREATE
Jim Murray's Whisky Bible 2020 _ Rest of Wor,Hidden Spirits Clynelish,expression,0.75,28,,,,,21,CREATE
Jim Murray's Whisky Bible 2020 _ Rest of Wor,"Year Old 
Gordon",bottler,0.75,12,,,,signatory,21,CREATE
Jim Murray's Whisky Bible 2020 _ Rest of Wor,Family Casks,expression,0.75,26,,,,,21,CREATE
Jim Murray's Whisky Bible 2020 _ Rest of Wor,"Haven 
First Fill",bottler,0.75,10,,,first fill,macphail,21,CREATE
Jim Murray's Whisky Bible 2020 _ Rest of Wor,"Casks 
The Macphail",bottler,0.55,,,,first fill,macphail,21,CREATE
Jim Murray's Whisky Bible 2020 _ Rest of Wor,"Year Old 
Cadenheads",expression,0.75,45,,,,,21,CREATE
Jim Murray's Whisky Bible 2020 _ Rest of Wor,"Year Old 
Laphroaig",expression,0.75,10,,,,,21,CREATE
Jim Murray's Whisky Bible 2020 _ Rest of Wor,"Lore 
Laphroaig",bottler,0.75,12,,,quarter,gordon,21,CREATE
Jim Murray's Whisky Bible 2020 _ Rest of Wor,Perfect Fifth Springbank,bottler,0.75,25,,,,gordon,21,CREATE
Jim Murray's Whisky Bible 2020 _ Rest of Wor,Bottle Company Cigar,expression,0.75,29,,islay,,,21,CREATE
Jim Murray's Whisky Bible 2020 _ Rest of Wor,"Malt Lover 
Aged",expression,0.75,29,,,,,21,CREATE
Jim Murray's Whisky Bible 2020 _ Rest of Wor,"Years 
Lotus Lord",expression,0.75,21,,,,,21,CREATE
Jim Murray's Whisky Bible 2020 _ Rest of Wor,Gruwehewwel Edition,expression,0.75,21,,,,,21,CREATE
Jim Murray's Whisky Bible 2020 _ Rest of Wor,Year Old Deluxe,expression,0.75,3,,,sherry,,21,CREATE
Jim Murray's Whisky Bible 2020 _ Rest of Wor,"Sherry Cask 
Matured",expression,0.75,3,,,sherry,,21,CREATE
Jim Murray's Whisky Bible 2020 _ Rest of Wor,"Grain 
Xtra Old",expression,0.75,28,,,sherry,,21,CREATE
Jim Murray's Whisky Bible 2020 _ Rest of Wor,Particular Carsebridge,expression,0.75,28,,,sherry,,21,CREATE
Jim Murray's Whisky Bible 2020 _ Rest of Wor,Choice Garnheath,expression,0.75,30,,,port,,21,CREATE
Jim Murray's Whisky Bible 2020 _ Rest of Wor,"Year Old 
Port",expression,0.75,30,,,port,,21,CREATE
Jim Murray's Whisky Bible 2020 _ Rest of Wor,Sovereign Blended Grain,expression,0.75,48,,,port,,21,CREATE
Jim Murray's Whisky Bible 2020 _ Rest of Wor,"Blends 
Ballantine",expression,0.75,28,,,,,21,CREATE
Jim Murray's Whisky Bible 2020 _ Rest of Wor,"Finest 
Ballantine",expression,0.75,30,,,,,21,CREATE
Jim Murray's Whisky Bible 2020 _ Rest of Wor,"Rare 
Oishii Wisukii",expression,0.75,17,,islay,,,21,CREATE
Jim Murray's Whisky Bible 2020 _ Rest of Wor,"Year Old 
Irish",expression,0.75,50,,,,,21,CREATE
Jim Murray's Whisky Bible 2020 _ Rest of Wor,"Malt 
Acla Special",expression,0.75,21,,,,,21,CREATE
Jim Murray's Whisky Bible 2020 _ Rest of Wor,"Finish 
Teeling Whiskey",expression,0.75,13,,,,,21,CREATE
Jim Murray's Whisky Bible 2020 _ Rest of Wor,Project Barrel,expression,0.75,10,,,oak,,22,CREATE
Jim Murray's Whisky Bible 2020 _ Rest of Wor,Taylor Barrel Proof,expression,0.55,,,,oak,,22,CREATE
Jim Murray's Whisky Bible 2020 _ Rest of Wor,Year Old Kentucky,expression,0.75,9,,,bourbon,,22,CREATE
Jim Murray's Whisky Bible 2020 _ Rest of Wor,"Weller 
American Straight",expression,0.55,,,,,,22,CREATE
Jim Murray's Whisky Bible 2020 _ Rest of Wor,"Rye 
Bulleit",expression,0.55,,,,,,22,CREATE
Jim Murray's Whisky Bible 2020 _ Rest of Wor,Peated Texas Single,expression,0.75,13,,,oak,,22,CREATE
Jim Murray's Whisky Bible 2020 _ Rest of Wor,Cowboy Bourbon Barrel,expression,0.75,2,,,oak,,22,CREATE
Jim Murray's Whisky Bible 2020 _ Rest of Wor,"Months 
American",expression,0.55,,,,,,22,CREATE
Jim Murray's Whisky Bible 2020 _ Rest of Wor,"Year Old 
Bourbon",expression,0.75,13,,,bourbon,,22,CREATE
Jim Murray's Whisky Bible 2020 _ Rest of Wor,"Mash 
Crown Royal",expression,0.75,13,,,bourbon,,22,CREATE
Jim Murray's Whisky Bible 2020 _ Rest of Wor,"Year Old 
Lot",expression,0.75,35,,,bourbon,,22,CREATE
Jim Murray's Whisky Bible 2020 _ Rest of Wor,"Komagatake 
The Yamazaki",expression,0.75,18,,,,,22,CREATE
Jim Murray's Whisky Bible 2020 _ Rest of Wor,Heartwood Shade,distillery,0.55,,,,,,22,CREATE
Jim Murray's Whisky Bible 2020 _ Rest of Wor,"Months 
Cech Republic",expression,0.55,,,,,,22,CREATE
Jim Murray's Whisky Bible 2020 _ Rest of Wor,"Rye 
French Single",expression,0.55,,,,oak,,22,CREATE
Jim Murray's Whisky Bible 2020 _ Rest of Wor,"Cask Peated 
Taiwanese",expression,0.75,,100,,,,22,CREATE
Jim Murray's Whisky Bible 2020 _ Rest of Wor,"Strength 
Manzanilla Sherry",expression,0.55,,,,sherry,,22,CREATE
Jim Murray's Whisky Bible 2020 _ Rest of Wor,"Release 
Aultmore Aged",expression,0.75,21,,,,,22,CREATE
Jim Murray's Whisky Bible 2020 _ Rest of Wor,"Release 
Gordon",bottler,0.75,21,,,,gordon,22,CREATE
Jim Murray's Whisky Bible 2020 _ Rest of Wor,"Discovery Range 
Balblair",bottler,0.75,21,,,,gordon,22,CREATE
Jim Murray's Whisky Bible 2020 _ Rest of Wor,"Sherry Wood 
Benromach",expression,0.75,32,,,sherry,,22,CREATE
Jim Murray's Whisky Bible 2020 _ Rest of Wor,"Exclusive 
Glenfarclas The",expression,0.75,21,,,,,22,CREATE
Jim Murray's Whisky Bible 2020 _ Rest of Wor,Solera Reserve Aged,bottler,0.75,15,,,,gordon,22,CREATE
Jim Murray's Whisky Bible 2020 _ Rest of Wor,"International 
Glenlossie",expression,0.75,21,,,,,22,CREATE
Jim Murray's Whisky Bible 2020 _ Rest of Wor,Orkney Aged,expression,0.75,24,,highland,,,22,CREATE
Jim Murray's Whisky Bible 2020 _ Rest of Wor,"Year Old 
Loch",expression,0.75,8,,islay,,,22,CREATE
Jim Murray's Whisky Bible 2020 _ Rest of Wor,Lomond The Open,expression,0.75,8,,islay,,,22,CREATE
Jim Murray's Whisky Bible 2020 _ Rest of Wor,Box The Spice,expression,0.55,,,,sherry,,22,CREATE
Jim Murray's Whisky Bible 2020 _ Rest of Wor,"Tree 
Glen Castle",expression,0.55,,,,sherry,,22,CREATE
Jim Murray's Whisky Bible 2020 _ Rest of Wor,"Sherry Cask 
Malts",expression,0.55,,,,sherry,,22,CREATE
Jim Murray's Whisky Bible 2020 _ Rest of Wor,Spice King Batch,expression,0.55,,,,sherry,,22,CREATE
Jim Murray's Whisky Bible 2020 _ Rest of Wor,Fahrn Airline No,expression,0.55,,,,,,22,CREATE
Jim Murray's Whisky Bible 2020 _ Rest of Wor,"Finish 
Johnnie Walker",expression,0.75,25,,,sherry,,23,CREATE
Jim Murray's Whisky Bible 2020 _ Rest of Wor,"Gun Salute 
Irish",expression,0.75,21,,,,,23,CREATE
Jim Murray's Whisky Bible 2020 _ Rest of Wor,"Year Old 
Bushmills",distillery,0.75,11,,,,,23,CREATE
Jim Murray's Whisky Bible 2020 _ Rest of Wor,Cory The Flintlock,expression,0.75,21,,,,,23,CREATE
Jim Murray's Whisky Bible 2020 _ Rest of Wor,"Year Old 
Teeling",expression,0.75,16,,,bourbon,,23,CREATE
Jim Murray's Whisky Bible 2020 _ Rest of Wor,"Years 
Bourbon 
Abraham",expression,0.75,11,,,bourbon,,23,CREATE
Jim Murray's Whisky Bible 2020 _ Rest of Wor,Lee Single Barrel,expression,0.75,12,,,bourbon,,23,CREATE
Jim Murray's Whisky Bible 2020 _ Rest of Wor,Breed Barrel Proof,expression,0.55,,,,bourbon,,23,CREATE
Jim Murray's Whisky Bible 2020 _ Rest of Wor,"Tennessee Whiskey 
George",expression,0.55,,,,bourbon,,23,CREATE
Jim Murray's Whisky Bible 2020 _ Rest of Wor,"Dickel Rye 
American",expression,0.55,,,,,,23,CREATE
Jim Murray's Whisky Bible 2020 _ Rest of Wor,"Batch 
Kentucky Straight",expression,0.75,13,,,,,23,CREATE
Jim Murray's Whisky Bible 2020 _ Rest of Wor,Wheat Whiskey Aged,expression,0.75,13,,,,,23,CREATE
Jim Murray's Whisky Bible 2020 _ Rest of Wor,"Bourbon Barrel 
Proof",expression,0.55,,,,bourbon,,23,CREATE
Jim Murray's Whisky Bible 2020 _ Rest of Wor,Aged Five Years,expression,0.55,,,,bourbon,,23,CREATE
Jim Murray's Whisky Bible 2020 _ Rest of Wor,"Bourbon 
Whiskey Aged",expression,0.55,,,,bourbon,,23,CREATE
Jim Murray's Whisky Bible 2020 _ Rest of Wor,"Months 
Rock Town",expression,0.55,,,,bourbon,,23,CREATE
Jim Murray's Whisky Bible 2020 _ Rest of Wor,"Grain Sour 
Mash",expression,0.55,,,,bourbon,,23,CREATE
Jim Murray's Whisky Bible 2020 _ Rest of Wor,"Months 
Stranahan",expression,0.55,,,,bourbon,,23,CREATE
Jim Murray's Whisky Bible 2020 _ Rest of Wor,Snowflake Cab Franc,expression,0.55,,,,bourbon,,23,CREATE
Jim Murray's Whisky Bible 2020 _ Rest of Wor,"Mash 
Canadian Single",expression,0.55,,,,,,23,CREATE
Jim Murray's Whisky Bible 2020 _ Rest of Wor,Finest Rare Aged,expression,0.75,18,,,,,23,CREATE
Jim Murray's Whisky Bible 2020 _ Rest of Wor,"Pure Malt 
English",expression,0.75,20,,,,,23,CREATE
Jim Murray's Whisky Bible 2020 _ Rest of Wor,"Whisky 
Heartwood Night",distillery,0.55,,,,,,23,CREATE
Jim Murray's Whisky Bible 2020 _ Rest of Wor,"Thief 
Austrian Single",distillery,0.55,,,,,,23,CREATE
Jim Murray's Whisky Bible 2020 _ Rest of Wor,"Year Old 
Kornog",expression,0.75,10,,,,,23,CREATE
Jim Murray's Whisky Bible 2020 _ Rest of Wor,Visitor Center Cask,distillery,0.55,,,,,,23,CREATE
Jim Murray's Whisky Bible 2020 _ Rest of Wor,Year Old Chardonnay,expression,0.75,10,,,,,23,CREATE
Jim Murray's Whisky Bible 2020 _ Rest of Wor,"Finish 
Langatun Old",expression,0.75,10,,,sherry,,23,CREATE
Jim Murray's Whisky Bible 2020 _ Rest of Wor,"Finish 
Indian Single",expression,0.55,,,,sherry,,23,CREATE
Jim Murray's Whisky Bible 2020 _ Rest of Wor,Christmas Edition,expression,0.55,,,,port,,23,CREATE
Jim Murray's Whisky Bible 2020 _ Rest of Wor,"Cask Strength 
Amontillado",expression,0.55,,,,sherry,,23,CREATE
Jim Murray's Whisky Bible 2020 _ Rest of Wor,"Year Old 
Glenfarclas",bottler,0.75,33,,,,smws,23,CREATE
Jim Murray's Whisky Bible 2020 _ Rest of Wor,Demijohn Glen Moray,bottler,0.75,10,,,,gordon,23,CREATE
Jim Murray's Whisky Bible 2020 _ Rest of Wor,Drop Glenrothes,bottler,0.75,10,,,,gordon,23,CREATE
Jim Murray's Whisky Bible 2020 _ Rest of Wor,"Years 
Carn Mor",bottler,0.75,27,,,,gordon,23,CREATE
Jim Murray's Whisky Bible 2020 _ Rest of Wor,"Montgomerie 
The First",expression,0.75,25,,,,,23,CREATE
Jim Murray's Whisky Bible 2020 _ Rest of Wor,Editions Macduff Aged,expression,0.75,5,,,,,23,CREATE
Jim Murray's Whisky Bible 2020 _ Rest of Wor,Elderly Elvis Tilting,expression,0.75,33,,islay,port,,23,CREATE
Jim Murray's Whisky Bible 2020 _ Rest of Wor,"Vatted Malt 
Compass",expression,0.75,26,,speyside,,,23,CREATE
Jim Murray's Whisky Bible 2020 _ Rest of Wor,"Box Juveniles 
Old",expression,0.75,26,,speyside,,,23,CREATE
Jim Murray's Whisky Bible 2020 _ Rest of Wor,"Blend 
The Half",expression,0.75,23,,,,,23,CREATE
Jim Murray's Whisky Bible 2020 _ Rest of Wor,Declaration Kentucky Straight,expression,0.75,25,,,bourbon,,24,CREATE
Jim Murray's Whisky Bible 2020 _ Rest of Wor,Society Knob Creek,bottler,0.75,9,,,bourbon,society,24,CREATE
Jim Murray's Whisky Bible 2020 _ Rest of Wor,"Edition 
Old Grand",expression,0.75,13,,,,,24,CREATE
Jim Murray's Whisky Bible 2020 _ Rest of Wor,"Strength Rye 
Sagamore",expression,0.55,,,,bourbon,,24,CREATE
Jim Murray's Whisky Bible 2020 _ Rest of Wor,"Cask Strength 
American",expression,0.55,,,,,,24,CREATE
Jim Murray's Whisky Bible 2020 _ Rest of Wor,"Microdistilleries 
Balcones Texas",distillery,0.55,,,,,,24,CREATE
Jim Murray's Whisky Bible 2020 _ Rest of Wor,Rye Cask Strength,expression,0.55,,,,oak,,24,CREATE
Jim Murray's Whisky Bible 2020 _ Rest of Wor,Bad Guy Colorado,expression,0.55,,,,oak,,24,CREATE
Jim Murray's Whisky Bible 2020 _ Rest of Wor,Distillery Peat Week,distillery,0.75,4,,,,,24,CREATE
Jim Murray's Whisky Bible 2020 _ Rest of Wor,"Fifth Annual 
Edition",distillery,0.75,4,,,,,24,CREATE
Jim Murray's Whisky Bible 2020 _ Rest of Wor,Malt Test Batch,expression,0.55,,,,,,24,CREATE
Jim Murray's Whisky Bible 2020 _ Rest of Wor,Odyssey Barley Batch,expression,0.55,,,,,,24,CREATE
Jim Murray's Whisky Bible 2020 _ Rest of Wor,Yorkshire Maturing Malt,distillery,0.55,,,,,,24,CREATE
Jim Murray's Whisky Bible 2020 _ Rest of Wor,"Bourbon Cask 
Australian",expression,0.55,,,,bourbon,,24,CREATE
Jim Murray's Whisky Bible 2020 _ Rest of Wor,"Malt 
Heartwood Shot",expression,0.55,,,,bourbon,,24,CREATE
Jim Murray's Whisky Bible 2020 _ Rest of Wor,"Year Old 
French",expression,0.75,13,,,,,24,CREATE
Jim Murray's Whisky Bible 2020 _ Rest of Wor,Elch Torf,expression,0.55,,,,,,24,CREATE
Jim Murray's Whisky Bible 2020 _ Rest of Wor,Kilian Turf Dog,expression,0.55,,,,,,24,CREATE
Jim Murray's Whisky Bible 2020 _ Rest of Wor,Anniversary Bordeaux Margaux,expression,0.55,,,,wine,,24,CREATE
Jim Murray's Whisky Bible 2020 _ Rest of Wor,"Wine Cask 
Kavalan",expression,0.55,,,,wine,,24,CREATE
Jim Murray's Whisky Bible 2020 _ Rest of Wor,Solist Port Cask,expression,0.55,,,,wine,,24,CREATE
Jim Murray's Whisky Bible 2020 _ Rest of Wor,"Year Old 
Ardbeg",bottler,0.75,25,,,,smws,24,CREATE
Jim Murray's Whisky Bible 2020 _ Rest of Wor,Foggie Moss Aged,expression,0.75,20,,,sherry,,24,CREATE
Jim Murray's Whisky Bible 2020 _ Rest of Wor,Cask Matured Peat,expression,0.75,18,,,sherry,,24,CREATE
Jim Murray's Whisky Bible 2020 _ Rest of Wor,Editions Craigellachie Aged,expression,0.75,21,,,,,24,CREATE
Jim Murray's Whisky Bible 2020 _ Rest of Wor,Whisky Shop Loch,expression,0.75,12,,,,,24,CREATE
Jim Murray's Whisky Bible 2020 _ Rest of Wor,Lomond Aged,expression,0.75,27,,,,,24,CREATE
Jim Murray's Whisky Bible 2020 _ Rest of Wor,"Years 
Hidden Spirits",expression,0.75,20,,,,,24,CREATE
Jim Murray's Whisky Bible 2020 _ Rest of Wor,Orchids Cameron Brig,expression,0.75,25,,speyside,,,24,CREATE
Jim Murray's Whisky Bible 2020 _ Rest of Wor,"Years 
Sansibar Irish",expression,0.75,10,,,,,24,CREATE
Jim Murray's Whisky Bible 2020 _ Rest of Wor,"Japonism 
Teeling Whiskey",expression,0.75,17,,,bourbon,,24,CREATE
Jim Murray's Whisky Bible 2020 _ Rest of Wor,"Bourbon 
Blanton",expression,0.75,30,,,bourbon,,24,CREATE
Jim Murray's Whisky Bible 2020 _ Rest of Wor,County Eighteen,expression,0.75,12,,,bourbon,,24,CREATE
Jim Murray's Whisky Bible 2020 _ Rest of Wor,Batch Bourbon Whiskey,expression,0.75,12,,,bourbon,,24,CREATE
Jim Murray's Whisky Bible 2020 _ Rest of Wor,"Mark 
Tennessee Whiskey",expression,0.55,,,,bourbon,,24,CREATE
Jim Murray's Whisky Bible 2020 _ Rest of Wor,Premium Whiskey Aged,expression,0.75,11,,,,,24,CREATE
Jim Murray's Whisky Bible 2020 _ Rest of Wor,Years Nearest Green,expression,0.75,11,,,,,24,CREATE
Jim Murray's Whisky Bible 2020 _ Rest of Wor,Cereal Killer Straight,expression,0.75,2,,,,,24,CREATE
Jim Murray's Whisky Bible 2020 _ Rest of Wor,Strength Straight Bourbon,expression,0.55,,,,oak,,24,CREATE
Jim Murray's Whisky Bible 2020 _ Rest of Wor,Law Four Grain,expression,0.75,6,,,bourbon,,24,CREATE
Jim Murray's Whisky Bible 2020 _ Rest of Wor,Month Cask Strength,distillery,0.75,6,,,bourbon,,24,CREATE
Jim Murray's Whisky Bible 2020 _ Rest of Wor,Jewbilee Straight Rye,expression,0.75,5,,,bourbon,,24,CREATE
Jim Murray's Whisky Bible 2020 _ Rest of Wor,Trace White Dog,expression,0.75,12,,,bourbon,,24,CREATE
Jim Murray's Whisky Bible 2020 _ Rest of Wor,"Wheated Mash 
Canadian",expression,0.75,2,,,,,24,CREATE
Jim Murray's Whisky Bible 2020 _ Rest of Wor,Point Artisanal Single,expression,0.55,,,,,,24,CREATE
Jim Murray's Whisky Bible 2020 _ Rest of Wor,Sample Bourbon,expression,0.75,17,,,bourbon,,24,CREATE
Jim Murray's Whisky Bible 2020 _ Rest of Wor,Choice Batch No,expression,0.55,,,,sherry,,25,CREATE
Jim Murray's Whisky Bible 2020 _ Rest of Wor,Whisky Wholly Shit,distillery,0.55,,,,,,25,CREATE
Jim Murray's Whisky Bible 2020 _ Rest of Wor,Fannys Bay Tasmanian,distillery,0.55,,,,,,25,CREATE
Jim Murray's Whisky Bible 2020 _ Rest of Wor,Rye Still Young,expression,0.75,2,100,,,,25,CREATE
Jim Murray's Whisky Bible 2020 _ Rest of Wor,Year Old Rum,expression,0.75,7,,,,,25,CREATE
Jim Murray's Whisky Bible 2020 _ Rest of Wor,"Finish 
Spirit",expression,0.75,7,,,,,25,CREATE
Jim Murray's Whisky Bible 2020 _ Rest of Wor,Peated Double Wood,expression,0.55,,,,,,25,CREATE
Jim Murray's Whisky Bible 2020 _ Rest of Wor,"Sherry Cask 
Kavalan",expression,0.55,,,,sherry,,25,CREATE
Jim Murray's Whisky Bible 2020 _ Rest of Wor,Vinho Barrique Cask,expression,0.55,,,,sherry,,25,CREATE
Jim Murray's Whisky Bible 2020 _ Rest of Wor,"Words 
Balblair Aged",expression,0.75,17,,,,,25,CREATE
Jim Murray's Whisky Bible 2020 _ Rest of Wor,"Release 
Glen Grant",bottler,0.75,17,,,,gordon,25,CREATE
Jim Murray's Whisky Bible 2020 _ Rest of Wor,The Perfect Fifth,expression,0.75,15,,,,,25,CREATE
Jim Murray's Whisky Bible 2020 _ Rest of Wor,Kerr Vintage,expression,0.75,10,,,,,25,CREATE
Jim Murray's Whisky Bible 2020 _ Rest of Wor,Double Cask Port,expression,0.75,30,,,port,,25,CREATE
Jim Murray's Whisky Bible 2020 _ Rest of Wor,Rattray Cask Orkney,expression,0.75,18,,,port,,25,CREATE
Jim Murray's Whisky Bible 2020 _ Rest of Wor,"Grain 
The Sovereign",expression,0.75,8,,,,,25,CREATE
Jim Murray's Whisky Bible 2020 _ Rest of Wor,Rudd Girvan,expression,0.75,30,,,,,25,CREATE
Jim Murray's Whisky Bible 2020 _ Rest of Wor,"Serial 
Jim Murray",bottler,0.55,,,,bourbon,society,25,CREATE
Jim Murray's Whisky Bible 2020 _ Rest of Wor,Weller Special Reserve,expression,0.55,,,,bourbon,,25,CREATE
Jim Murray's Whisky Bible 2020 _ Rest of Wor,Aged At Least,distillery,0.75,1,,,bourbon,,25,CREATE
Jim Murray's Whisky Bible 2020 _ Rest of Wor,"Year 
Westland Distillery",distillery,0.75,1,,,bourbon,,25,CREATE
Jim Murray's Whisky Bible 2020 _ Rest of Wor,"Batch Bourbon 
American",distillery,0.55,,,,bourbon,,25,CREATE
Jim Murray's Whisky Bible 2020 _ Rest of Wor,Point Double Barreled,expression,0.55,,,,oak,,25,CREATE
Jim Murray's Whisky Bible 2020 _ Rest of Wor,Year Old Straight,expression,0.75,10,,,,,25,CREATE
Jim Murray's Whisky Bible 2020 _ Rest of Wor,"Peated 
English Single",expression,0.55,,,,,,25,CREATE
Jim Murray's Whisky Bible 2020 _ Rest of Wor,"Sample 
Fortnum",expression,0.55,,,,,,25,CREATE
Jim Murray's Whisky Bible 2020 _ Rest of Wor,Mason English Single,expression,0.55,,,,,,25,CREATE
Jim Murray's Whisky Bible 2020 _ Rest of Wor,Madeira Finish,expression,0.55,,,,,,25,CREATE
Jim Murray's Whisky Bible 2020 _ Rest of Wor,Moscatel Finish Single,expression,0.55,,,,oak,,25,CREATE
Jim Murray's Whisky Bible 2020 _ Rest of Wor,"Cask Strength 
Lark",distillery,0.55,,,,,,25,CREATE
Jim Murray's Whisky Bible 2020 _ Rest of Wor,"Cask Strength 
Launceston",distillery,0.55,,,,,,25,CREATE
Jim Murray's Whisky Bible 2020 _ Rest of Wor,"Strength 
Nant Distillery",distillery,0.55,,,,port,,25,CREATE
Jim Murray's Whisky Bible 2020 _ Rest of Wor,Bay The Rheban,distillery,0.55,,,,port,,25,CREATE
Jim Murray's Whisky Bible 2020 _ Rest of Wor,"Cask Strength 
Tasmanian",expression,0.55,,,,port,,25,CREATE
Jim Murray's Whisky Bible 2020 _ Rest of Wor,"Months 
French Single",expression,0.55,,,,,,25,CREATE
Jim Murray's Whisky Bible 2020 _ Rest of Wor,Year Old Italian,expression,0.75,5,,,,,25,CREATE
Jim Murray's Whisky Bible 2020 _ Rest of Wor,Dutch Single Rye,expression,0.55,,,,,,25,CREATE
Jim Murray's Whisky Bible 2020 _ Rest of Wor,"Rye Whisky 
Indian",expression,0.55,,,,,,25,CREATE
Jim Murray's Whisky Bible 2020 _ Rest of Wor,"Sherry Finish 
Chairman",expression,0.75,10,,,sherry,,25,CREATE
Jim Murray's Whisky Bible 2020 _ Rest of Wor,"Bourbon Cask 
Nantou",distillery,0.55,,,,bourbon,,25,CREATE
Jim Murray's Whisky Bible 2020 _ Rest of Wor,"Strength 
Lychee Liqueur",distillery,0.55,,,,bourbon,,25,CREATE
Jim Murray's Whisky Bible 2020 _ Rest of Wor,The One British,expression,0.55,,,,sherry,,25,CREATE
Jim Murray's Whisky Bible 2020 _ Rest of Wor,Major Town,distillery,0.55,,,,,,27,CREATE
Jim Murray's Whisky Bible 2020 _ Rest of Wor,"Grain Distillery 
Dead",distillery,0.55,,,,,,27,CREATE
Jim Murray's Whisky Bible 2020 _ Rest of Wor,"Asien Mies 
Elgin",expression,0.55,,,,,,28,CREATE
Jim Murray's Whisky Bible 2020 _ Rest of Wor,Pleasant. But,expression,0.75,,40,,,,28,CREATE
Jim Murray's Whisky Bible 2020 _ Rest of Wor,Fiat Uno,distillery,0.55,,,,sherry,,28,CREATE
Jim Murray's Whisky Bible 2020 _ Rest of Wor,Year Old Double,expression,0.75,15,43,,,,29,CREATE
Jim Murray's Whisky Bible 2020 _ Rest of Wor,Bunadh Batch No,expression,0.75,,597,,,,30,CREATE
Jim Murray's Whisky Bible 2020 _ Rest of Wor,Outer Hebrides,expression,0.55,,,,,,30,CREATE
Jim Murray's Whisky Bible 2020 _ Rest of Wor,Bhainne Aged,expression,0.75,24,60.7,,refill,,30,CREATE
Jim Murray's Whisky Bible 2020 _ Rest of Wor,Ltd. Working,distillery,0.55,,,,,,31,CREATE
Jim Murray's Whisky Bible 2020 _ Rest of Wor,Sword Smoulderingly Smoky,expression,0.75,,61.6,,bourbon,,31,CREATE
Jim Murray's Whisky Bible 2020 _ Rest of Wor,Premier League,expression,0.55,,,,,,31,CREATE
Jim Murray's Whisky Bible 2020 _ Rest of Wor,Quarter Casks,expression,0.75,,43,,quarter,,34,CREATE
Jim Murray's Whisky Bible 2020 _ Rest of Wor,Yes. Cut,distillery,0.55,,,,,,35,CREATE
Jim Murray's Whisky Bible 2020 _ Rest of Wor,Rudd Ardmore,expression,0.75,9,46,,,,35,CREATE
Jim Murray's Whisky Bible 2020 _ Rest of Wor,Selection Ardmore,expression,0.75,8,55.3,,refill,,35,CREATE
Jim Murray's Whisky Bible 2020 _ Rest of Wor,Old Particular Ardmore,distillery,0.75,21,50,,refill,,35,CREATE
Jim Murray's Whisky Bible 2020 _ Rest of Wor,Romantic Rhine Collection,expression,0.75,9,46,,,,36,CREATE
Jim Murray's Whisky Bible 2020 _ Rest of Wor,Simon Brown Traders,expression,0.75,,52.4,,bourbon,,37,CREATE
Jim Murray's Whisky Bible 2020 _ Rest of Wor,Diageo. Working,expression,0.75,10,43,speyside,,,37,CREATE
Jim Murray's Whisky Bible 2020 _ Rest of Wor,"Fauna. 
Auchroisk",expression,0.75,25,43,,,,37,CREATE
Jim Murray's Whisky Bible 2020 _ Rest of Wor,Wine Cask Auchroisk,bottler,0.75,16,,,wine,cadenhead,38,CREATE
Jim Murray's Whisky Bible 2020 _ Rest of Wor,Choice Auchroisk,expression,0.75,8,48.3,,wine,,38,CREATE
Jim Murray's Whisky Bible 2020 _ Rest of Wor,Sherry Cask Aultmore,bottler,0.75,28,54,,sherry,cadenhead,39,CREATE
Jim Murray's Whisky Bible 2020 _ Rest of Wor,Year Old Oloroso,bottler,0.75,9,43.4,,,cadenhead,39,CREATE
Jim Murray's Whisky Bible 2020 _ Rest of Wor,Endangered Drams Aultmore,expression,0.75,9,62.2,,,,39,CREATE
Jim Murray's Whisky Bible 2020 _ Rest of Wor,Malty. But,expression,0.55,,,speyside,,,39,CREATE
Jim Murray's Whisky Bible 2020 _ Rest of Wor,Hidden Spirits Aultmore,expression,0.75,11,46,,,,39,CREATE
Jim Murray's Whisky Bible 2020 _ Rest of Wor,Year Old Amarone,expression,0.75,11,46,,,,39,CREATE
Jim Murray's Whisky Bible 2020 _ Rest of Wor,Almost Cardhu,expression,0.75,,43,,,,40,CREATE
Jim Murray's Whisky Bible 2020 _ Rest of Wor,Hidden Spirits Balmenach,expression,0.75,,46,,,,41,CREATE
Jim Murray's Whisky Bible 2020 _ Rest of Wor,Years Founders Reserve,expression,0.75,10,,,,,41,CREATE
Jim Murray's Whisky Bible 2020 _ Rest of Wor,Year Old Triple,expression,0.75,16,478,,,,42,CREATE
Jim Murray's Whisky Bible 2020 _ Rest of Wor,Diageo. Demolished,expression,0.75,42,50.3,speyside,,,42,CREATE
Jim Murray's Whisky Bible 2020 _ Rest of Wor,Gleann Mor Banff,expression,0.75,42,50.3,speyside,,,42,CREATE
Jim Murray's Whisky Bible 2020 _ Rest of Wor,Acla Selection Ben,expression,0.75,17,50.5,,hogshead,,43,CREATE
Jim Murray's Whisky Bible 2020 _ Rest of Wor,Choice Ben Nevis,expression,0.75,21,42,,sherry,,43,CREATE
Jim Murray's Whisky Bible 2020 _ Rest of Wor,Matisse Spirits Company,expression,0.75,,48.7,,,,43,CREATE
Jim Murray's Whisky Bible 2020 _ Rest of Wor,Hidden Spirits Ben,expression,0.75,12,46,,sherry,,43,CREATE
Jim Murray's Whisky Bible 2020 _ Rest of Wor,Cai Selected Ben,expression,0.75,19,,,sherry,,44,CREATE
Jim Murray's Whisky Bible 2020 _ Rest of Wor,Liquid Treasures Snakes,expression,0.75,20,,,bourbon,,44,CREATE
Jim Murray's Whisky Bible 2020 _ Rest of Wor,Old Particular Ben,expression,0.75,21,50,,refill,,44,CREATE
Jim Murray's Whisky Bible 2020 _ Rest of Wor,Years Curiositas Peated,expression,0.75,10,,,bourbon,,45,CREATE
Jim Murray's Whisky Bible 2020 _ Rest of Wor,Sherry Wood,expression,0.75,12,40,,sherry,,45,CREATE
Jim Murray's Whisky Bible 2020 _ Rest of Wor,"Pedro 
Ximenez",expression,0.75,21,,,bourbon,,45,CREATE
Jim Murray's Whisky Bible 2020 _ Rest of Wor,Moscatel Wood Finish,expression,0.75,22,46,,,,45,CREATE
Jim Murray's Whisky Bible 2020 _ Rest of Wor,Curiositas Aged,expression,0.75,10,572,,,,45,CREATE
Jim Murray's Whisky Bible 2020 _ Rest of Wor,Hmmmm. Why,expression,0.75,10,,,,,45,CREATE
Jim Murray's Whisky Bible 2020 _ Rest of Wor,Peated Cask Strength,expression,0.75,,40,,,,45,CREATE
Jim Murray's Whisky Bible 2020 _ Rest of Wor,Peated Quarter Casks,expression,0.55,,,,quarter,,46,CREATE
Jim Murray's Whisky Bible 2020 _ Rest of Wor,Endangered Drams Benriach,expression,0.75,9,60,,,,46,CREATE
Jim Murray's Whisky Bible 2020 _ Rest of Wor,Hidden Spirits Benriach,expression,0.75,8,46,,,,46,CREATE
Jim Murray's Whisky Bible 2020 _ Rest of Wor,"Fauna. 
Benrinnes",expression,0.75,21,43,,sherry,,46,CREATE
Jim Murray's Whisky Bible 2020 _ Rest of Wor,Acla Selection Benrinnes,expression,0.75,18,,,hogshead,,46,CREATE
Jim Murray's Whisky Bible 2020 _ Rest of Wor,Gleann Mor Benrinnes,expression,0.75,24,,,,,47,CREATE
Jim Murray's Whisky Bible 2020 _ Rest of Wor,Choice Benrinnes,expression,0.75,8,56,,wine,,47,CREATE
Jim Murray's Whisky Bible 2020 _ Rest of Wor,Being Benrinnes,expression,0.55,,,,,,47,CREATE
Jim Murray's Whisky Bible 2020 _ Rest of Wor,Scyfion Choice Benrinnes,expression,0.75,,60.9,,oak,,47,CREATE
Jim Murray's Whisky Bible 2020 _ Rest of Wor,Orchids Benrinnes,expression,0.75,20,48.9,,bourbon,,47,CREATE
Jim Murray's Whisky Bible 2020 _ Rest of Wor,Matured Peat Smoke,expression,0.75,,46,,sherry,,49,CREATE
Jim Murray's Whisky Bible 2020 _ Rest of Wor,Years Bourbon Matured,expression,0.75,6,,,bourbon,,49,CREATE
Jim Murray's Whisky Bible 2020 _ Rest of Wor,Years Lightly Peated,expression,0.75,6,573,,,,49,CREATE
Jim Murray's Whisky Bible 2020 _ Rest of Wor,Year Old Adela,expression,0.75,15,55,,sherry,,50,CREATE
Jim Murray's Whisky Bible 2020 _ Rest of Wor,Adla Selection Blair,expression,0.75,28,58.4,,hogshead,,51,CREATE
Jim Murray's Whisky Bible 2020 _ Rest of Wor,Old Particular Blair,expression,0.75,23,50,,refill,,51,CREATE
Jim Murray's Whisky Bible 2020 _ Rest of Wor,Orchids Blair Athol,expression,0.75,29,51.2,,bourbon,,51,CREATE
Jim Murray's Whisky Bible 2020 _ Rest of Wor,Duty Free,expression,0.75,,40,,oak,,52,CREATE
Jim Murray's Whisky Bible 2020 _ Rest of Wor,Ile Collection,expression,0.75,19,,,first fill,,52,CREATE
Jim Murray's Whisky Bible 2020 _ Rest of Wor,Best Cask Chosen,distillery,0.55,,,,,,52,CREATE
Jim Murray's Whisky Bible 2020 _ Rest of Wor,"Distillery Exclusive 
Bowmore",distillery,0.75,20,54.3,,sherry,,52,CREATE
Jim Murray's Whisky Bible 2020 _ Rest of Wor,Parma Violet,expression,0.75,,50.8,,,,52,CREATE
Jim Murray's Whisky Bible 2020 _ Rest of Wor,Degrees Proof,expression,0.75,,52.6,,,,53,CREATE
Jim Murray's Whisky Bible 2020 _ Rest of Wor,Casks Ill,expression,0.75,,40,,,,53,CREATE
Jim Murray's Whisky Bible 2020 _ Rest of Wor,Old Particular Bowmore,expression,0.75,15,50,,refill,,54,CREATE
Jim Murray's Whisky Bible 2020 _ Rest of Wor,Sansibar Whisky Bowmore,expression,0.75,,48.4,,,,54,CREATE
Jim Murray's Whisky Bible 2020 _ Rest of Wor,Many Chinese,expression,0.55,,,,,,54,CREATE
Jim Murray's Whisky Bible 2020 _ Rest of Wor,Diageo Special Releases,expression,0.75,38,51.9,,,,54,CREATE
Jim Murray's Whisky Bible 2020 _ Rest of Wor,Jock Stein,expression,0.75,35,,,,,56,CREATE
Jim Murray's Whisky Bible 2020 _ Rest of Wor,Malted Milk,expression,0.55,,,,,,57,CREATE
Jim Murray's Whisky Bible 2020 _ Rest of Wor,Hidden Spirits Lochindaal,expression,0.75,10,,islay,,,57,CREATE
Jim Murray's Whisky Bible 2020 _ Rest of Wor,Years Manzanilla Sherry,expression,0.75,16,46.3,,sherry,,58,CREATE
Jim Murray's Whisky Bible 2020 _ Rest of Wor,Choice Bunnahabhain,expression,0.75,27,46,,,,58,CREATE
Jim Murray's Whisky Bible 2020 _ Rest of Wor,As Windsor Davies,expression,0.75,16,,,sherry,,58,CREATE
Jim Murray's Whisky Bible 2020 _ Rest of Wor,Gleann Mor Bunnahabhain,expression,0.75,26,59.5,,,,58,CREATE
Jim Murray's Whisky Bible 2020 _ Rest of Wor,Discovery Range Bunnahabhain,bottler,0.75,11,59,,,gordon,59,CREATE
Jim Murray's Whisky Bible 2020 _ Rest of Wor,Hidden Spirits Bunnahabhain,expression,0.75,5,43,,,,59,CREATE
Jim Murray's Whisky Bible 2020 _ Rest of Wor,Selection Xill Bunnahabhain,expression,0.75,6,54.3,,hogshead,,59,CREATE
Jim Murray's Whisky Bible 2020 _ Rest of Wor,Seyfion Choice Bunnahabhain,expression,0.75,,60.1,,,,59,CREATE
Jim Murray's Whisky Bible 2020 _ Rest of Wor,Unpeated Style,expression,0.75,10,,islay,,,60,CREATE
Jim Murray's Whisky Bible 2020 _ Rest of Wor,Year Old American,expression,0.75,17,61.5,,oak,,60,CREATE
Jim Murray's Whisky Bible 2020 _ Rest of Wor,Peat Heads,expression,0.75,,55.9,,,,60,CREATE
Jim Murray's Whisky Bible 2020 _ Rest of Wor,Cola Ali Three,expression,0.75,10,575,,bourbon,,61,CREATE
Jim Murray's Whisky Bible 2020 _ Rest of Wor,Endangered Drams Caol,expression,0.75,9,598,,,,61,CREATE
Jim Murray's Whisky Bible 2020 _ Rest of Wor,Entre Deux Mers,expression,0.75,7,,,,,61,CREATE
Jim Murray's Whisky Bible 2020 _ Rest of Wor,Gleann Mor Caol,expression,0.75,30,58.4,,,,61,CREATE
Jim Murray's Whisky Bible 2020 _ Rest of Wor,Ila Aged,expression,0.75,25,,,,,61,CREATE
Jim Murray's Whisky Bible 2020 _ Rest of Wor,Cask Strength Caol,bottler,0.75,,45,,,gordon,62,CREATE
Jim Murray's Whisky Bible 2020 _ Rest of Wor,Discovery Range Caol,bottler,0.75,13,60.2,,,gordon,62,CREATE
Jim Murray's Whisky Bible 2020 _ Rest of Wor,Strength Caol Ila,expression,0.55,,,,,,62,CREATE
Jim Murray's Whisky Bible 2020 _ Rest of Wor,Choice Caol Ila,expression,0.75,8,46,,wine,,62,CREATE
Jim Murray's Whisky Bible 2020 _ Rest of Wor,Gleann Mor Caperdonich,expression,0.75,23,,speyside,,,63,CREATE
Jim Murray's Whisky Bible 2020 _ Rest of Wor,Sorry. However,expression,0.55,,,,,,63,CREATE
Jim Murray's Whisky Bible 2020 _ Rest of Wor,Whisky Illuminati Clynelish,expression,0.75,20,54.5,,oak,,64,CREATE
Jim Murray's Whisky Bible 2020 _ Rest of Wor,Acla Selection Cragganmore,expression,0.75,12,40,,bourbon,,65,CREATE
Jim Murray's Whisky Bible 2020 _ Rest of Wor,Bacardi. Working,expression,0.75,13,,speyside,,,65,CREATE
Jim Murray's Whisky Bible 2020 _ Rest of Wor,Fine Spirits Show,expression,0.75,,54.8,,,,65,CREATE
Jim Murray's Whisky Bible 2020 _ Rest of Wor,Choice Craigellachie,expression,0.75,9,46.2,,sherry,,65,CREATE
Jim Murray's Whisky Bible 2020 _ Rest of Wor,Old Particular Craigellachie,expression,0.75,18,50,,sherry,,66,CREATE
Jim Murray's Whisky Bible 2020 _ Rest of Wor,Scyfion Choice Craigellachie,expression,0.75,,56.7,,wine,,66,CREATE
Jim Murray's Whisky Bible 2020 _ Rest of Wor,Rudd Dailuaine,expression,0.75,21,43,,,,66,CREATE
Jim Murray's Whisky Bible 2020 _ Rest of Wor,Old Particular Dailuaine,expression,0.75,15,46,,sherry,,67,CREATE
Jim Murray's Whisky Bible 2020 _ Rest of Wor,Amoroso Sherry Finesse,expression,0.75,,40,,sherry,,68,CREATE
Jim Murray's Whisky Bible 2020 _ Rest of Wor,Gleann Mor Dalmore,expression,0.75,13,45,,,,68,CREATE
Jim Murray's Whisky Bible 2020 _ Rest of Wor,Chamber Dalmore,expression,0.75,10,,,sherry,,69,CREATE
Jim Murray's Whisky Bible 2020 _ Rest of Wor,Quirky. Don,expression,0.55,,,,oak,,70,CREATE
Jim Murray's Whisky Bible 2020 _ Rest of Wor,Chillfiltered Edradour,bottler,0.75,10,,,sherry,signatory,71,CREATE
Jim Murray's Whisky Bible 2020 _ Rest of Wor,Rudd Fettercairn,expression,0.75,11,40,,,,71,CREATE
Jim Murray's Whisky Bible 2020 _ Rest of Wor,Choice Fettercairn,expression,0.75,9,597,,wine,,71,CREATE
Jim Murray's Whisky Bible 2020 _ Rest of Wor,Thank God,expression,0.75,,50,,,,71,CREATE
Jim Murray's Whisky Bible 2020 _ Rest of Wor,Puss Mitchell,distillery,0.55,,,,,,72,CREATE
Jim Murray's Whisky Bible 2020 _ Rest of Wor,Even Puss Mitchell,expression,0.75,,48,,,,72,CREATE
Jim Murray's Whisky Bible 2020 _ Rest of Wor,Old Particular Glenallachie,expression,0.75,25,48,,refill,,72,CREATE
Jim Murray's Whisky Bible 2020 _ Rest of Wor,Be Thankful Glenallachie,expression,0.75,,46,,hogshead,,72,CREATE
Jim Murray's Whisky Bible 2020 _ Rest of Wor,Rudd Glenburgie,expression,0.75,29,40,,,,73,CREATE
Jim Murray's Whisky Bible 2020 _ Rest of Wor,Old Particular Glenburgie,expression,0.75,25,50,,refill,,73,CREATE
Jim Murray's Whisky Bible 2020 _ Rest of Wor,Angus Dundee,expression,0.75,10,56.7,,,,73,CREATE
Jim Murray's Whisky Bible 2020 _ Rest of Wor,Years Oloroso Sherry,expression,0.75,19,46,,sherry,,74,CREATE
Jim Murray's Whisky Bible 2020 _ Rest of Wor,"Silent. 
Cadenhead",bottler,0.75,31,,speyside,,cadenhead,74,CREATE
Jim Murray's Whisky Bible 2020 _ Rest of Wor,Billy Walker,distillery,0.55,,,,,,74,CREATE
Jim Murray's Whisky Bible 2020 _ Rest of Wor,The Duchess Glendronach,expression,0.75,13,46,,oak,,75,CREATE
Jim Murray's Whisky Bible 2020 _ Rest of Wor,Year Old Virgin,expression,0.75,13,46,,oak,,75,CREATE
Jim Murray's Whisky Bible 2020 _ Rest of Wor,Maastricht Treaty,expression,0.55,,,,sherry,,75,CREATE
Jim Murray's Whisky Bible 2020 _ Rest of Wor,Discovery Aged,expression,0.75,19,40,,bourbon,,80,CREATE
Jim Murray's Whisky Bible 2020 _ Rest of Wor,Whisky Shop Exclusive,expression,0.75,,56.5,,,,81,CREATE
Jim Murray's Whisky Bible 2020 _ Rest of Wor,Old Particular Glengoyne,expression,0.75,20,53,,refill,,83,CREATE
Jim Murray's Whisky Bible 2020 _ Rest of Wor,Years Non Chill,expression,0.75,12,,,,,84,CREATE
Jim Murray's Whisky Bible 2020 _ Rest of Wor,Ist Edition,expression,0.55,,,,,,84,CREATE
Jim Murray's Whisky Bible 2020 _ Rest of Wor,Anniversary Glen Grant,bottler,0.55,,,,,macphail,86,CREATE
Jim Murray's Whisky Bible 2020 _ Rest of Wor,Only Glen Grant,expression,0.75,,51.3,,bourbon,,86,CREATE
Jim Murray's Whisky Bible 2020 _ Rest of Wor,Keith Aged,bottler,0.75,24,,,refill,gordon,86,CREATE
Jim Murray's Whisky Bible 2020 _ Rest of Wor,Old Particular Glen,expression,0.75,21,50,,sherry,,87,CREATE
Jim Murray's Whisky Bible 2020 _ Rest of Wor,Fassle Glen Keith,expression,0.75,24,51.5,,,,87,CREATE
Jim Murray's Whisky Bible 2020 _ Rest of Wor,Edition Amontillado,expression,0.75,15,43,,,,87,CREATE
Jim Murray's Whisky Bible 2020 _ Rest of Wor,"Diageo. 
Glenkinchie",expression,0.75,,58.1,,,,87,CREATE
Jim Murray's Whisky Bible 2020 _ Rest of Wor,Age Limousin,expression,0.75,15,40,,oak,,88,CREATE
Jim Murray's Whisky Bible 2020 _ Rest of Wor,Gleann Mor Glenlossie,expression,0.75,24,56.8,,,,89,CREATE
Jim Murray's Whisky Bible 2020 _ Rest of Wor,Cask Strength Glenlossie,bottler,0.75,,55.6,,,gordon,89,CREATE
Jim Murray's Whisky Bible 2020 _ Rest of Wor,Old Particular Glenlossie,expression,0.75,19,55.1,,refill,,89,CREATE
Jim Murray's Whisky Bible 2020 _ Rest of Wor,"Wellingborough. 
There",expression,0.55,,,,,,90,CREATE
Jim Murray's Whisky Bible 2020 _ Rest of Wor,Year. Free,expression,0.55,,,,,,91,CREATE
Jim Murray's Whisky Bible 2020 _ Rest of Wor,Bill Lumsden,expression,0.55,,,,,,91,CREATE
Jim Murray's Whisky Bible 2020 _ Rest of Wor,Year. Curiously,expression,0.55,,,,,,93,CREATE
Jim Murray's Whisky Bible 2020 _ Rest of Wor,Rare Vintage Limited,expression,0.75,25,,,,,93,CREATE
Jim Murray's Whisky Bible 2020 _ Rest of Wor,"Juicy. 
But",expression,0.75,,40,,,,94,CREATE
Jim Murray's Whisky Bible 2020 _ Rest of Wor,Delicious. But,expression,0.75,32,46,,,,95,CREATE
Jim Murray's Whisky Bible 2020 _ Rest of Wor,Ordie. One,expression,0.55,,,,,,95,CREATE
Jim Murray's Whisky Bible 2020 _ Rest of Wor,Edrington. Working,expression,0.75,10,,speyside,sherry,,96,CREATE
Jim Murray's Whisky Bible 2020 _ Rest of Wor,The Soleo Collection,expression,0.75,12,40,,sherry,,96,CREATE
Jim Murray's Whisky Bible 2020 _ Rest of Wor,The Duchess Glenrothes,expression,0.75,20,46,,,,96,CREATE
Jim Murray's Whisky Bible 2020 _ Rest of Wor,Old Particular Glenrothes,expression,0.75,12,50,,sherry,,97,CREATE
Jim Murray's Whisky Bible 2020 _ Rest of Wor,Fassle Glenrothes,expression,0.75,20,53,,sherry,,97,CREATE
Jim Murray's Whisky Bible 2020 _ Rest of Wor,Flavours Unknown,expression,0.55,,,,,,98,CREATE
Jim Murray's Whisky Bible 2020 _ Rest of Wor,Year Old Peated,expression,0.75,14,,,bourbon,,98,CREATE
Jim Murray's Whisky Bible 2020 _ Rest of Wor,Alfred Barnard,expression,0.55,,,,,,98,CREATE
Jim Murray's Whisky Bible 2020 _ Rest of Wor,Malts Festival,expression,0.75,,40,campbeltown,,,98,CREATE
Jim Murray's Whisky Bible 2020 _ Rest of Wor,Ruby Port Finish,expression,0.75,,579,,port,,99,CREATE
Jim Murray's Whisky Bible 2020 _ Rest of Wor,Vintage Peated,expression,0.55,,,,port,,99,CREATE
Jim Murray's Whisky Bible 2020 _ Rest of Wor,Tauchers. Frankly,distillery,0.55,,,,,,100,CREATE
Jim Murray's Whisky Bible 2020 _ Rest of Wor,Cask Strength Glentauchers,bottler,0.75,41,40,,,cadenhead,100,CREATE
Jim Murray's Whisky Bible 2020 _ Rest of Wor,Whisky Illuminati Glentauchers,expression,0.75,20,,,oak,,100,CREATE
Jim Murray's Whisky Bible 2020 _ Rest of Wor,Candlelight Series,distillery,0.75,,50.3,,,,100,CREATE
Jim Murray's Whisky Bible 2020 _ Rest of Wor,Year Old Limited,expression,0.75,40,,,,,102,CREATE
Jim Murray's Whisky Bible 2020 _ Rest of Wor,Year Old Ambassador,expression,0.75,10,40,highland,,,102,CREATE
Jim Murray's Whisky Bible 2020 _ Rest of Wor,Magnus Aged,expression,0.75,15,40,highland,,,102,CREATE
Jim Murray's Whisky Bible 2020 _ Rest of Wor,Edition Aged,expression,0.75,17,52.1,highland,,,102,CREATE
Jim Murray's Whisky Bible 2020 _ Rest of Wor,Heather Honey,distillery,0.55,,,,,,104,CREATE
Jim Murray's Whisky Bible 2020 _ Rest of Wor,Sansibar Whisky Highland,expression,0.75,,471,highland,,,104,CREATE
Jim Murray's Whisky Bible 2020 _ Rest of Wor,"Silent. 
Imperial",distillery,0.75,15,,speyside,,,105,CREATE
Jim Murray's Whisky Bible 2020 _ Rest of Wor,Gleann Mor Inchgower,expression,0.75,14,56.1,,,,105,CREATE
Jim Murray's Whisky Bible 2020 _ Rest of Wor,Old Particular Inchgower,expression,0.75,18,50,,sherry,,105,CREATE
Jim Murray's Whisky Bible 2020 _ Rest of Wor,"Demolished. 
Deoch",expression,0.75,36,,lowland,,,106,CREATE
Jim Murray's Whisky Bible 2020 _ Rest of Wor,Allied Domecq,expression,0.55,,,,,,106,CREATE
Jim Murray's Whisky Bible 2020 _ Rest of Wor,Hmmmm. Surprise,expression,0.75,12,,,,,106,CREATE
Jim Murray's Whisky Bible 2020 _ Rest of Wor,Fino Sherry Cask,expression,0.75,,46,,sherry,,106,CREATE
Jim Murray's Whisky Bible 2020 _ Rest of Wor,Harold Currie,distillery,0.55,,,,,,106,CREATE
Jim Murray's Whisky Bible 2020 _ Rest of Wor,Barley Bree Isle,distillery,0.75,21,,,sherry,,107,CREATE
Jim Murray's Whisky Bible 2020 _ Rest of Wor,All Aged,expression,0.75,20,50,,,,107,CREATE
Jim Murray's Whisky Bible 2020 _ Rest of Wor,The Road Aged,expression,0.75,22,51,,,,107,CREATE
Jim Murray's Whisky Bible 2020 _ Rest of Wor,Years Pinot Noir,expression,0.75,22,51,,,,107,CREATE
Jim Murray's Whisky Bible 2020 _ Rest of Wor,Gleann Mor Isle,expression,0.75,20,58.9,,,,108,CREATE
Jim Murray's Whisky Bible 2020 _ Rest of Wor,Finish Cask Vatting,expression,0.55,,,,,,108,CREATE
Jim Murray's Whisky Bible 2020 _ Rest of Wor,Swedish Whisky Federation,expression,0.75,,56.7,,bourbon,,108,CREATE
Jim Murray's Whisky Bible 2020 _ Rest of Wor,The Jane Fonda,expression,0.75,,43,islay,,,112,CREATE
Jim Murray's Whisky Bible 2020 _ Rest of Wor,Legacy Edition,expression,0.75,,43,islay,,,112,CREATE
Jim Murray's Whisky Bible 2020 _ Rest of Wor,"Yep. 
Enjoyable",expression,0.55,,,,,,112,CREATE
Jim Murray's Whisky Bible 2020 _ Rest of Wor,Nah. Not,expression,0.55,,,,,,112,CREATE
Jim Murray's Whisky Bible 2020 _ Rest of Wor,Carn Mor Laphroaig,expression,0.75,8,487,,hogshead,,113,CREATE
Jim Murray's Whisky Bible 2020 _ Rest of Wor,The Exclusive Malts,expression,0.75,6,63.4,,refill,,113,CREATE
Jim Murray's Whisky Bible 2020 _ Rest of Wor,Gleann Mor Laphroaig,expression,0.75,21,48.8,,,,113,CREATE
Jim Murray's Whisky Bible 2020 _ Rest of Wor,Old Particular Laphroaig,expression,0.75,18,50,,refill,,113,CREATE
Jim Murray's Whisky Bible 2020 _ Rest of Wor,Rudd Linkwood,expression,0.75,12,,,,,114,CREATE
Jim Murray's Whisky Bible 2020 _ Rest of Wor,Choice Linkwood,expression,0.75,10,494,,refill,,114,CREATE
Jim Murray's Whisky Bible 2020 _ Rest of Wor,Old Particular Linkwood,expression,0.75,20,50,,refill,,114,CREATE
Jim Murray's Whisky Bible 2020 _ Rest of Wor,Scyfion Choice Linkwood,expression,0.75,,51.5,,,,114,CREATE
Jim Murray's Whisky Bible 2020 _ Rest of Wor,Whisky Illuminati Linkwood,expression,0.75,19,56.9,,oak,,114,CREATE
Jim Murray's Whisky Bible 2020 _ Rest of Wor,"Demolished. 
Littlemill",expression,0.75,21,,lowland,bourbon,,114,CREATE
Jim Murray's Whisky Bible 2020 _ Rest of Wor,Hmmm. Surprisingly,expression,0.55,,,,bourbon,,116,CREATE
Jim Murray's Whisky Bible 2020 _ Rest of Wor,Acla Selection Croftengea,expression,0.75,10,46,,hogshead,,116,CREATE
Jim Murray's Whisky Bible 2020 _ Rest of Wor,Endangered Drams Loch,expression,0.75,10,53,,bourbon,,116,CREATE
Jim Murray's Whisky Bible 2020 _ Rest of Wor,Croftengea Aged,expression,0.75,13,46,,refill,,117,CREATE
Jim Murray's Whisky Bible 2020 _ Rest of Wor,Orchids Croftengea,expression,0.75,11,54.4,,bourbon,,117,CREATE
Jim Murray's Whisky Bible 2020 _ Rest of Wor,Choice Lochside,expression,0.75,44,,,,,117,CREATE
Jim Murray's Whisky Bible 2020 _ Rest of Wor,British Columbia,expression,0.55,,,,,,117,CREATE
Jim Murray's Whisky Bible 2020 _ Rest of Wor,Fine Oak,expression,0.75,18,,,oak,,118,CREATE
Jim Murray's Whisky Bible 2020 _ Rest of Wor,Limited Edition Estate,expression,0.75,,42.8,,,,119,CREATE
Jim Murray's Whisky Bible 2020 _ Rest of Wor,Heiko Thieme,expression,0.75,,44.1,,sherry,,120,CREATE
Jim Murray's Whisky Bible 2020 _ Rest of Wor,Endangered Drams Macduff,distillery,0.75,19,40,,,,120,CREATE
Jim Murray's Whisky Bible 2020 _ Rest of Wor,Scyfion Choice Macduff,expression,0.55,,,,,,121,CREATE
Jim Murray's Whisky Bible 2020 _ Rest of Wor,Orchids Macduff,expression,0.75,15,55.7,,bourbon,,121,CREATE
Jim Murray's Whisky Bible 2020 _ Rest of Wor,Cask Strength Miltonduff,bottler,0.75,,60.1,,,gordon,122,CREATE
Jim Murray's Whisky Bible 2020 _ Rest of Wor,Discovery Range Miltonduff,bottler,0.75,10,58.8,,,gordon,122,CREATE
Jim Murray's Whisky Bible 2020 _ Rest of Wor,Old Particular Miltonduff,expression,0.75,23,50,,refill,,123,CREATE
Jim Murray's Whisky Bible 2020 _ Rest of Wor,"Diageo. 
Cadenhead",bottler,0.75,14,,,,cadenhead,123,CREATE
Jim Murray's Whisky Bible 2020 _ Rest of Wor,Rum Cask Mortiach,bottler,0.75,14,,,,cadenhead,123,CREATE
Jim Murray's Whisky Bible 2020 _ Rest of Wor,Jumbo Jet,expression,0.55,,,,sherry,,123,CREATE
Jim Murray's Whisky Bible 2020 _ Rest of Wor,Cask Strength Mortlach,bottler,0.55,,,,,gordon,123,CREATE
Jim Murray's Whisky Bible 2020 _ Rest of Wor,Old Particular Mortlach,expression,0.75,12,50,,refill,,124,CREATE
Jim Murray's Whisky Bible 2020 _ Rest of Wor,Seyfion Choice Mortlach,expression,0.75,,46,,,,124,CREATE
Jim Murray's Whisky Bible 2020 _ Rest of Wor,Whisky Illuminati Mortlach,expression,0.75,19,50.5,,oak,,124,CREATE
Jim Murray's Whisky Bible 2020 _ Rest of Wor,Year Old Spanish,expression,0.75,19,50.5,,oak,,124,CREATE
Jim Murray's Whisky Bible 2020 _ Rest of Wor,"But 
Mortlach",expression,0.55,,,,,,124,CREATE
Jim Murray's Whisky Bible 2020 _ Rest of Wor,Year. Age,distillery,0.55,,,,,,126,CREATE
Jim Murray's Whisky Bible 2020 _ Rest of Wor,"If Noss 
Head",expression,0.55,,,,bourbon,,127,CREATE
Jim Murray's Whisky Bible 2020 _ Rest of Wor,Year Old House,expression,0.75,12,,,,,129,CREATE
Jim Murray's Whisky Bible 2020 _ Rest of Wor,Scyfion Choice Speyburn,expression,0.75,,46,,,,130,CREATE
Jim Murray's Whisky Bible 2020 _ Rest of Wor,Muscat Dolce Passione,expression,0.55,,,,,,130,CREATE
Jim Murray's Whisky Bible 2020 _ Rest of Wor,Mateus Rose,expression,0.55,,,,,,131,CREATE
Jim Murray's Whisky Bible 2020 _ Rest of Wor,Rudd Speyside,expression,0.75,21,43,speyside,,,131,CREATE
Jim Murray's Whisky Bible 2020 _ Rest of Wor,Old Particular Speyside,expression,0.75,21,50,speyside,refill,,131,CREATE
Jim Murray's Whisky Bible 2020 _ Rest of Wor,Endangered Drams Springbank,expression,0.75,15,46,,,,132,CREATE
Jim Murray's Whisky Bible 2020 _ Rest of Wor,Sansibar Whisky Springbank,expression,0.75,,48.1,,,,133,CREATE
Jim Murray's Whisky Bible 2020 _ Rest of Wor,Whisky Foundation Springbank,expression,0.75,24,49.1,,sherry,,133,CREATE
Jim Murray's Whisky Bible 2020 _ Rest of Wor,Hidden Spirits Strathisla,expression,0.75,15,43,,,,133,CREATE
Jim Murray's Whisky Bible 2020 _ Rest of Wor,Cask Strength Strathmill,bottler,0.75,22,,,port,cadenhead,133,CREATE
Jim Murray's Whisky Bible 2020 _ Rest of Wor,Beautiful. Such,distillery,0.55,,,speyside,,,134,CREATE
Jim Murray's Whisky Bible 2020 _ Rest of Wor,Gleann Mor Talisker,expression,0.75,24,54.5,,,,135,CREATE
Jim Murray's Whisky Bible 2020 _ Rest of Wor,Old Particular Tamdhu,expression,0.75,18,50,,refill,,135,CREATE
Jim Murray's Whisky Bible 2020 _ Rest of Wor,Dram Collection Tamnavulin,expression,0.75,7,40,,hogshead,,135,CREATE
Jim Murray's Whisky Bible 2020 _ Rest of Wor,Hidden Spirits Teaninich,expression,0.75,,46,,,,136,CREATE
Jim Murray's Whisky Bible 2020 _ Rest of Wor,Years Limited Edition,expression,0.75,15,46.3,,,,136,CREATE
Jim Murray's Whisky Bible 2020 _ Rest of Wor,Acla Selection Tobermory,expression,0.75,20,46.3,,hogshead,,137,CREATE
Jim Murray's Whisky Bible 2020 _ Rest of Wor,Cask Strength Ledaig,bottler,0.75,,578,,,gordon,137,CREATE
Jim Murray's Whisky Bible 2020 _ Rest of Wor,Discovery Range Ledaig,bottler,0.75,12,56.6,,,gordon,137,CREATE
Jim Murray's Whisky Bible 2020 _ Rest of Wor,Hidden Spirits Ledaig,expression,0.75,,45,,,,137,CREATE
Jim Murray's Whisky Bible 2020 _ Rest of Wor,Old Particular Tobermory,expression,0.75,21,51.5,,refill,,138,CREATE
Jim Murray's Whisky Bible 2020 _ Rest of Wor,Spanish Tempranillo,distillery,0.75,15,,,bourbon,,138,CREATE
Jim Murray's Whisky Bible 2020 _ Rest of Wor,Year Old European,expression,0.75,30,493,,oak,,139,CREATE
Jim Murray's Whisky Bible 2020 _ Rest of Wor,Series Earth Peated,expression,0.55,,,,bourbon,,139,CREATE
Jim Murray's Whisky Bible 2020 _ Rest of Wor,Five Virtues Series,expression,0.55,,,,sherry,,140,CREATE
Jim Murray's Whisky Bible 2020 _ Rest of Wor,Series Wood Selected,expression,0.75,,46,,sherry,,140,CREATE
Jim Murray's Whisky Bible 2020 _ Rest of Wor,When Jim Milne,expression,0.55,,,,,,140,CREATE
Jim Murray's Whisky Bible 2020 _ Rest of Wor,Cask Strength Tomatin,bottler,0.55,,,,,gordon,140,CREATE
Jim Murray's Whisky Bible 2020 _ Rest of Wor,Peaty Tang,expression,0.75,15,46,,,,141,CREATE
Jim Murray's Whisky Bible 2020 _ Rest of Wor,Confirms Tomintoul,expression,0.75,16,40,,,,141,CREATE
Jim Murray's Whisky Bible 2020 _ Rest of Wor,Alos Sansibar Whisky,expression,0.75,,48,,,,142,CREATE
Jim Murray's Whisky Bible 2020 _ Rest of Wor,Cask Strength Tormore,bottler,0.75,,44.9,,,gordon,142,CREATE
Jim Murray's Whisky Bible 2020 _ Rest of Wor,Discovery Range Tormore,bottler,0.75,13,60.1,,,gordon,142,CREATE
Jim Murray's Whisky Bible 2020 _ Rest of Wor,The Marquess Collection,expression,0.75,,46,,bourbon,,143,CREATE
Jim Murray's Whisky Bible 2020 _ Rest of Wor,Rudd Tullibardine,expression,0.75,24,43,,oak,,143,CREATE
Jim Murray's Whisky Bible 2020 _ Rest of Wor,Association Wolfburn Aged,expression,0.75,4,46,,quarter,,144,CREATE
Jim Murray's Whisky Bible 2020 _ Rest of Wor,Unspecified Single Malts,expression,0.55,,,,,,145,CREATE
Jim Murray's Whisky Bible 2020 _ Rest of Wor,Asda Entra Special,expression,0.75,,59.5,highland,,,145,CREATE
Jim Murray's Whisky Bible 2020 _ Rest of Wor,Rudd Orkney Islands,expression,0.75,16,40,islands,,,145,CREATE
Jim Murray's Whisky Bible 2020 _ Rest of Wor,Selection Highland Single,expression,0.75,,40,highland,bourbon,,146,CREATE
Jim Murray's Whisky Bible 2020 _ Rest of Wor,Sansibar Whisky Orkney,expression,0.75,,40,,,,146,CREATE
Jim Murray's Whisky Bible 2020 _ Rest of Wor,Tesco Finest Aged,expression,0.75,12,40,highland,,,146,CREATE
Jim Murray's Whisky Bible 2020 _ Rest of Wor,Fassle Orkney,expression,0.75,13,40,,sherry,,146,CREATE
Jim Murray's Whisky Bible 2020 _ Rest of Wor,Asda Extra Special,expression,0.75,,40,islay,,,147,CREATE
Jim Murray's Whisky Bible 2020 _ Rest of Wor,Unmistakably Islay,expression,0.75,,40,islay,,,148,CREATE
Jim Murray's Whisky Bible 2020 _ Rest of Wor,Cask Strength Islay,expression,0.75,,52.5,islay,,,148,CREATE
Jim Murray's Whisky Bible 2020 _ Rest of Wor,Liquid Treasures,expression,0.75,10,56.1,islay,,,148,CREATE
Jim Murray's Whisky Bible 2020 _ Rest of Wor,Anniversary Islay Malt,expression,0.75,10,56.1,islay,bourbon,,148,CREATE
Jim Murray's Whisky Bible 2020 _ Rest of Wor,Anniversary Aged,expression,0.75,10,40.8,,port,,149,CREATE
Jim Murray's Whisky Bible 2020 _ Rest of Wor,Rhine Collection Dun,expression,0.55,,,islay,,,150,CREATE
Jim Murray's Whisky Bible 2020 _ Rest of Wor,Naomhaig Bay Isle,expression,0.55,,,islay,,,150,CREATE
Jim Murray's Whisky Bible 2020 _ Rest of Wor,Son Aged,expression,0.75,9,40,,bourbon,,150,CREATE
Jim Murray's Whisky Bible 2020 _ Rest of Wor,Vintage Cask Speyside,expression,0.75,14,46,islay,sherry,,150,CREATE
Jim Murray's Whisky Bible 2020 _ Rest of Wor,Buair An Diabhail,expression,0.75,,50.2,,,,150,CREATE
Jim Murray's Whisky Bible 2020 _ Rest of Wor,Diabhail Vol,expression,0.75,,58.1,,,,150,CREATE
Jim Murray's Whisky Bible 2020 _ Rest of Wor,Tweeddale Single Lowland,expression,0.75,14,58.3,islay,,,150,CREATE
Jim Murray's Whisky Bible 2020 _ Rest of Wor,Rattray Cask Speyside,expression,0.75,10,,speyside,,,150,CREATE
Jim Murray's Whisky Bible 2020 _ Rest of Wor,Arcanum Spirits,expression,0.75,21,46.9,,refill,,150,CREATE
Jim Murray's Whisky Bible 2020 _ Rest of Wor,Unspecified Singie Malts,expression,0.55,,,,,,151,CREATE
Jim Murray's Whisky Bible 2020 _ Rest of Wor,Secret Speyside Aged,expression,0.75,26,,speyside,refill,,151,CREATE
Jim Murray's Whisky Bible 2020 _ Rest of Wor,"Africa. 
Glen",expression,0.75,12,43,speyside,,,151,CREATE
Jim Murray's Whisky Bible 2020 _ Rest of Wor,Quality Spirits International,expression,0.75,28,54.1,,,,151,CREATE
Jim Murray's Whisky Bible 2020 _ Rest of Wor,"Aldi. 
James",expression,0.75,12,40,,,,151,CREATE
Jim Murray's Whisky Bible 2020 _ Rest of Wor,Year Old Speyside,expression,0.75,60,51.6,speyside,,,151,CREATE
Jim Murray's Whisky Bible 2020 _ Rest of Wor,Scotch Universe Pollux,expression,0.75,,52.9,,sherry,,151,CREATE
Jim Murray's Whisky Bible 2020 _ Rest of Wor,Whiskey Bottle Company,expression,0.75,21,46.9,,,,152,CREATE
Jim Murray's Whisky Bible 2020 _ Rest of Wor,Cigar Malt Lover,expression,0.75,21,46.9,,sherry,,152,CREATE
Jim Murray's Whisky Bible 2020 _ Rest of Wor,Fassle Speyside Region,expression,0.75,26,54.4,speyside,sherry,,152,CREATE
Jim Murray's Whisky Bible 2020 _ Rest of Wor,The Corriemhor Cigar,expression,0.75,,40,,sherry,,152,CREATE
Jim Murray's Whisky Bible 2020 _ Rest of Wor,Saar Whisky Jahrgangsabfiillung,expression,0.75,,50.3,islay,,,153,CREATE
Jim Murray's Whisky Bible 2020 _ Rest of Wor,Saar Whisky Malzbeisser,expression,0.75,,55.5,,bourbon,,153,CREATE
Jim Murray's Whisky Bible 2020 _ Rest of Wor,Saar Whisky Mandelbachtal,expression,0.75,,53.7,,,,153,CREATE
Jim Murray's Whisky Bible 2020 _ Rest of Wor,Pure Malts,expression,0.75,8,53.1,,,,153,CREATE
Jim Murray's Whisky Bible 2020 _ Rest of Wor,Pipers Aged,expression,0.75,8,,,,,153,CREATE
Jim Murray's Whisky Bible 2020 _ Rest of Wor,Pure Malt Aged,expression,0.75,12,46,,,,154,CREATE
Jim Murray's Whisky Bible 2020 _ Rest of Wor,Rudd Islay Blended,expression,0.75,,40,islay,,,154,CREATE
Jim Murray's Whisky Bible 2020 _ Rest of Wor,Rudd Sherry Cask,expression,0.75,,44.2,,sherry,,154,CREATE
Jim Murray's Whisky Bible 2020 _ Rest of Wor,With Ronnie Cox,expression,0.55,,,,,,154,CREATE
Jim Murray's Whisky Bible 2020 _ Rest of Wor,Rudd Peated Cask,expression,0.75,,44.2,,,,154,CREATE
Jim Murray's Whisky Bible 2020 _ Rest of Wor,International Beverage Holdings,expression,0.75,,40,,,,154,CREATE
Jim Murray's Whisky Bible 2020 _ Rest of Wor,Box Enlightenment,expression,0.75,,492,,,,156,CREATE
Jim Murray's Whisky Bible 2020 _ Rest of Wor,Peat Monster Cask,expression,0.75,,48.9,,,,156,CREATE
Jim Murray's Whisky Bible 2020 _ Rest of Wor,Peat Monster Swedish,expression,0.75,,48.9,,,,156,CREATE
Jim Murray's Whisky Bible 2020 _ Rest of Wor,The Spice Tree,expression,0.55,,,,,,156,CREATE
Jim Murray's Whisky Bible 2020 _ Rest of Wor,Tree Extravaganza,expression,0.75,,46,,,,156,CREATE
Jim Murray's Whisky Bible 2020 _ Rest of Wor,Peated Edition,expression,0.75,,43,,,,157,CREATE
Jim Murray's Whisky Bible 2020 _ Rest of Wor,Demijohn Islay Blended,expression,0.75,6,43,islay,,,157,CREATE
Jim Murray's Whisky Bible 2020 _ Rest of Wor,Eiling Lim Older,expression,0.75,,46.8,,,,157,CREATE
Jim Murray's Whisky Bible 2020 _ Rest of Wor,Arbroath Smoky,expression,0.55,,,,,,157,CREATE
Jim Murray's Whisky Bible 2020 _ Rest of Wor,Edrington Group,expression,0.75,15,40,,,,157,CREATE
Jim Murray's Whisky Bible 2020 _ Rest of Wor,Lions Burnside,expression,0.75,22,,,sherry,,158,CREATE
Jim Murray's Whisky Bible 2020 _ Rest of Wor,Gleann Mor Islay,expression,0.75,8,597,islay,,,158,CREATE
Jim Murray's Whisky Bible 2020 _ Rest of Wor,Gleann Mor Speyside,expression,0.75,30,40,speyside,,,158,CREATE
Jim Murray's Whisky Bible 2020 _ Rest of Wor,Gleann Mor Vatted,expression,0.75,40,49,,,,158,CREATE
Jim Murray's Whisky Bible 2020 _ Rest of Wor,Double Wood Bourbon,expression,0.75,,40,,bourbon,,159,CREATE
Jim Murray's Whisky Bible 2020 _ Rest of Wor,International Ltd,expression,0.75,,40,,,,159,CREATE
Jim Murray's Whisky Bible 2020 _ Rest of Wor,Butler Special Pure,expression,0.75,,40,,,,159,CREATE
Jim Murray's Whisky Bible 2020 _ Rest of Wor,Exception Aged,expression,0.75,12,,,,,159,CREATE
Jim Murray's Whisky Bible 2020 _ Rest of Wor,Batch One,expression,0.75,,46.3,,,,160,CREATE
Jim Murray's Whisky Bible 2020 _ Rest of Wor,Batch Two,expression,0.75,,46.3,,,,160,CREATE
Jim Murray's Whisky Bible 2020 _ Rest of Wor,Spotted Flycatcher,expression,0.75,30,,,,,160,CREATE
Jim Murray's Whisky Bible 2020 _ Rest of Wor,Batch Four,expression,0.75,,43.6,,,,160,CREATE
Jim Murray's Whisky Bible 2020 _ Rest of Wor,Well Batch,expression,0.55,,,,,,160,CREATE
Jim Murray's Whisky Bible 2020 _ Rest of Wor,Cask Series Benrinnes,expression,0.75,,46,,bourbon,,160,CREATE
Jim Murray's Whisky Bible 2020 _ Rest of Wor,Cask Series Blair,expression,0.75,,572,,bourbon,,160,CREATE
Jim Murray's Whisky Bible 2020 _ Rest of Wor,Cask Series Caol,expression,0.75,,58,,bourbon,,160,CREATE
Jim Murray's Whisky Bible 2020 _ Rest of Wor,Malt Reference Series,expression,0.75,,46,,,,161,CREATE
Jim Murray's Whisky Bible 2020 _ Rest of Wor,Matisse Spirits Co,expression,0.75,12,40,,,,161,CREATE
Jim Murray's Whisky Bible 2020 _ Rest of Wor,"Ltd. 
Matisse",expression,0.75,12,40,,,,161,CREATE
Jim Murray's Whisky Bible 2020 _ Rest of Wor,Soho Finest Blended,expression,0.75,,40,,,,161,CREATE
Jim Murray's Whisky Bible 2020 _ Rest of Wor,Town Blends The,expression,0.75,,40,,,,161,CREATE
Jim Murray's Whisky Bible 2020 _ Rest of Wor,Andrews Aged,expression,0.75,10,44.9,,,,162,CREATE
Jim Murray's Whisky Bible 2020 _ Rest of Wor,"Linne. 
Poit",expression,0.75,,43,,,,162,CREATE
Jim Murray's Whisky Bible 2020 _ Rest of Wor,Vatted Malt Over,expression,0.75,8,43,,,,162,CREATE
Jim Murray's Whisky Bible 2020 _ Rest of Wor,Rattray Ltd,expression,0.75,21,55.8,,,,162,CREATE
Jim Murray's Whisky Bible 2020 _ Rest of Wor,Saar Whisky Gruwefreund,expression,0.75,,40,,sherry,,163,CREATE
Jim Murray's Whisky Bible 2020 _ Rest of Wor,Orkney Distilleries,distillery,0.75,,53.4,,,,163,CREATE
Jim Murray's Whisky Bible 2020 _ Rest of Wor,Sansibar Whisky Very,expression,0.75,,53.4,,,,163,CREATE
Jim Murray's Whisky Bible 2020 _ Rest of Wor,Angus Dundee Distillers,distillery,0.75,,46,,,,163,CREATE
Jim Murray's Whisky Bible 2020 _ Rest of Wor,Svenska Eldvatten Blended,expression,0.75,,66.6,,sherry,,164,CREATE
Jim Murray's Whisky Bible 2020 _ Rest of Wor,Waitrose Pure Highland,expression,0.55,,,highland,,,164,CREATE
Jim Murray's Whisky Bible 2020 _ Rest of Wor,Hive Batch Strength,expression,0.75,,46,,,,164,CREATE
Jim Murray's Whisky Bible 2020 _ Rest of Wor,Madeira Wine Cask,expression,0.75,,54.5,,wine,,164,CREATE
Jim Murray's Whisky Bible 2020 _ Rest of Wor,Chimney Batch Strength,expression,0.75,,46,,,,164,CREATE
Jim Murray's Whisky Bible 2020 _ Rest of Wor,Malts Spice King,expression,0.55,,,,,,165,CREATE
Jim Murray's Whisky Bible 2020 _ Rest of Wor,Batch Strength Batch,expression,0.55,,,,,,165,CREATE
Jim Murray's Whisky Bible 2020 _ Rest of Wor,"Waitrose. 
Wild",expression,0.75,,40,,,,165,CREATE
Jim Murray's Whisky Bible 2020 _ Rest of Wor,Orchids Blend,expression,0.75,,47,islay,sherry,,165,CREATE
Jim Murray's Whisky Bible 2020 _ Rest of Wor,Year Winners,expression,0.55,,,,,,166,CREATE
Jim Murray's Whisky Bible 2020 _ Rest of Wor,The Sovereign Caledonian,expression,0.75,35,53.3,,refill,,167,CREATE
Jim Murray's Whisky Bible 2020 _ Rest of Wor,Diageo. Closed,expression,0.75,40,46.9,lowland,,,167,CREATE
Jim Murray's Whisky Bible 2020 _ Rest of Wor,Rudd Cambus,expression,0.75,26,,,,,167,CREATE
Jim Murray's Whisky Bible 2020 _ Rest of Wor,Choice Cambus,expression,0.75,,55.1,,refill,,167,CREATE
Jim Murray's Whisky Bible 2020 _ Rest of Wor,Swedish Whisky Fed,expression,0.55,,,,,,167,CREATE
Jim Murray's Whisky Bible 2020 _ Rest of Wor,Sansibar Whisky Cambus,expression,0.75,,576,,,,167,CREATE
Jim Murray's Whisky Bible 2020 _ Rest of Wor,The Sovereign Cambus,expression,0.75,29,477,,refill,,167,CREATE
Jim Murray's Whisky Bible 2020 _ Rest of Wor,The Sovereign Cameronbridge,expression,0.75,26,51.5,,bourbon,,168,CREATE
Jim Murray's Whisky Bible 2020 _ Rest of Wor,The Sovereign Carsebridge,expression,0.75,44,56.4,lowland,refill,,168,CREATE
Jim Murray's Whisky Bible 2020 _ Rest of Wor,Xtra Old Particular,expression,0.75,40,,,refill,,168,CREATE
Jim Murray's Whisky Bible 2020 _ Rest of Wor,"Demolished. 
Fadandel",expression,0.75,30,,lowland,,,168,CREATE
Jim Murray's Whisky Bible 2020 _ Rest of Wor,The Sovereign Dumbarton,expression,0.75,30,52.1,,refill,,169,CREATE
Jim Murray's Whisky Bible 2020 _ Rest of Wor,Old Particular Girvan,expression,0.75,26,52.7,,oak,,170,CREATE
Jim Murray's Whisky Bible 2020 _ Rest of Wor,Scyfion Choice Girvan,expression,0.75,,51.5,islay,,,170,CREATE
Jim Murray's Whisky Bible 2020 _ Rest of Wor,Dram Invergordon,expression,0.75,44,,,,,170,CREATE
Jim Murray's Whisky Bible 2020 _ Rest of Wor,Old Particular Invergordon,expression,0.75,30,496,,refill,,170,CREATE
Jim Murray's Whisky Bible 2020 _ Rest of Wor,The Sovereign Invergordon,expression,0.75,30,574,,refill,,170,CREATE
Jim Murray's Whisky Bible 2020 _ Rest of Wor,Rudd North British,expression,0.75,20,,,,,171,CREATE
Jim Murray's Whisky Bible 2020 _ Rest of Wor,British Aged,bottler,0.75,28,,,first fill,gordon,171,CREATE
Jim Murray's Whisky Bible 2020 _ Rest of Wor,Whisky Kriiger North,expression,0.75,26,54.8,,,,171,CREATE
Jim Murray's Whisky Bible 2020 _ Rest of Wor,Old Particular Port,expression,0.75,12,53,,port,,171,CREATE
Jim Murray's Whisky Bible 2020 _ Rest of Wor,The Sovereign Port,expression,0.75,27,51.8,,port,,171,CREATE
Jim Murray's Whisky Bible 2020 _ Rest of Wor,Party Rings,expression,0.55,,,,,,171,CREATE
Jim Murray's Whisky Bible 2020 _ Rest of Wor,Orchids Port Dundas,expression,0.75,24,48.2,,port,,171,CREATE
Jim Murray's Whisky Bible 2020 _ Rest of Wor,Anniversary Strathclyde,expression,0.75,30,,,,,172,CREATE
Jim Murray's Whisky Bible 2020 _ Rest of Wor,Old Particular Strathclyde,expression,0.75,11,54.3,,sherry,,172,CREATE
Jim Murray's Whisky Bible 2020 _ Rest of Wor,The Sovereign Strathclyde,expression,0.75,26,55.5,,refill,,172,CREATE
Jim Murray's Whisky Bible 2020 _ Rest of Wor,Haig Club Clubman,expression,0.75,,40,,,,173,CREATE
Jim Murray's Whisky Bible 2020 _ Rest of Wor,Fassle Lowland Single,expression,0.75,52,52.1,lowland,,,173,CREATE
Jim Murray's Whisky Bible 2020 _ Rest of Wor,The Five Distinguished,expression,0.75,39,54.2,,,,173,CREATE
Jim Murray's Whisky Bible 2020 _ Rest of Wor,"Vatted Grain 
Angus",expression,0.75,50,51,,,,173,CREATE
Jim Murray's Whisky Bible 2020 _ Rest of Wor,Box Hedonism Maximus,expression,0.75,,43,,bourbon,,173,CREATE
Jim Murray's Whisky Bible 2020 _ Rest of Wor,Count Cristo,expression,0.75,,51,,,,173,CREATE
Jim Murray's Whisky Bible 2020 _ Rest of Wor,For Jim Murray,expression,0.55,,,,,,174,CREATE
Jim Murray's Whisky Bible 2020 _ Rest of Wor,The Antiquary Aged,distillery,0.75,12,40,speyside,,,175,CREATE
Jim Murray's Whisky Bible 2020 _ Rest of Wor,"Another 
Ballantines",expression,0.55,,,,,,176,CREATE
Jim Murray's Whisky Bible 2020 _ Rest of Wor,"Diageo. 
Black",expression,0.75,,40,,,,176,CREATE
Jim Murray's Whisky Bible 2020 _ Rest of Wor,Alpha Edition,expression,0.75,,40,,,,176,CREATE
Jim Murray's Whisky Bible 2020 _ Rest of Wor,Quality Spirits Intemational,expression,0.75,,40,,,,176,CREATE
Jim Murray's Whisky Bible 2020 _ Rest of Wor,Keith Law,expression,0.55,,,,,,177,CREATE
Jim Murray's Whisky Bible 2020 _ Rest of Wor,Putachieside Aged,bottler,0.75,12,40,,,cadenhead,177,CREATE
Jim Murray's Whisky Bible 2020 _ Rest of Wor,Regal Aged,expression,0.75,12,40,,,,177,CREATE
Jim Murray's Whisky Bible 2020 _ Rest of Wor,Blend Aged,expression,0.75,12,40,,,,178,CREATE
Jim Murray's Whisky Bible 2020 _ Rest of Wor,"Ltd. 
Clansman",distillery,0.75,,40,,,,179,CREATE
Jim Murray's Whisky Bible 2020 _ Rest of Wor,Batch American,expression,0.55,,,,oak,,179,CREATE
Jim Murray's Whisky Bible 2020 _ Rest of Wor,Box Great King,expression,0.55,,,,,,180,CREATE
Jim Murray's Whisky Bible 2020 _ Rest of Wor,Street Glasgow Blend,expression,0.55,,,,,,180,CREATE
Jim Murray's Whisky Bible 2020 _ Rest of Wor,"Edrington. 
Cutty",expression,0.75,,40,,,,180,CREATE
Jim Murray's Whisky Bible 2020 _ Rest of Wor,Sark Aged,expression,0.75,15,40,,,,180,CREATE
Jim Murray's Whisky Bible 2020 _ Rest of Wor,"Edrington. 
Demijohn",expression,0.75,,40,,,,180,CREATE
Jim Murray's Whisky Bible 2020 _ Rest of Wor,"Blend. 
Dew",distillery,0.55,,,,,,180,CREATE
Jim Murray's Whisky Bible 2020 _ Rest of Wor,"Ltd. 
Dimple",expression,0.75,12,40,,,,182,CREATE
Jim Murray's Whisky Bible 2020 _ Rest of Wor,Burlington Drinks,expression,0.75,,40,,,,182,CREATE
Jim Murray's Whisky Bible 2020 _ Rest of Wor,Gleann Mor Blended,expression,0.75,18,40,,,,182,CREATE
Jim Murray's Whisky Bible 2020 _ Rest of Wor,Dhoon Glen,expression,0.75,34,,,sherry,,183,CREATE
Jim Murray's Whisky Bible 2020 _ Rest of Wor,"Africa. 
Glenbrynth",expression,0.75,30,43,,,,183,CREATE
Jim Murray's Whisky Bible 2020 _ Rest of Wor,Glory Leading Aged,distillery,0.75,32,40,,,,183,CREATE
Jim Murray's Whisky Bible 2020 _ Rest of Wor,Glory Leading Blended,expression,0.75,30,43,,,,183,CREATE
Jim Murray's Whisky Bible 2020 _ Rest of Wor,Ale Cask Finish,expression,0.75,,40,,,,184,CREATE
Jim Murray's Whisky Bible 2020 _ Rest of Wor,Sherry Cask Finish,expression,0.75,,40,,sherry,,184,CREATE
Jim Murray's Whisky Bible 2020 _ Rest of Wor,Guneagal Aged,expression,0.75,12,40,,,,184,CREATE
Jim Murray's Whisky Bible 2020 _ Rest of Wor,The Half Century,expression,0.75,,40,,,,184,CREATE
Jim Murray's Whisky Bible 2020 _ Rest of Wor,"Stunning. 
For",expression,0.75,,45.6,,,,184,CREATE
Jim Murray's Whisky Bible 2020 _ Rest of Wor,Bannister Heritage Blend,expression,0.55,,,highland,,,185,CREATE
Jim Murray's Whisky Bible 2020 _ Rest of Wor,Harveys Lewes Blend,expression,0.75,,46,,,,185,CREATE
Jim Murray's Whisky Bible 2020 _ Rest of Wor,"Ltd. 
Highland",expression,0.75,,40,highland,,,185,CREATE
Jim Murray's Whisky Bible 2020 _ Rest of Wor,"Aldi. 
Highland",expression,0.75,,40,highland,,,185,CREATE
Jim Murray's Whisky Bible 2020 _ Rest of Wor,Harvest Organic Scotch,expression,0.75,,40,highland,,,185,CREATE
Jim Murray's Whisky Bible 2020 _ Rest of Wor,Gitana Cask Finish,expression,0.75,8,,islay,,,186,CREATE
Jim Murray's Whisky Bible 2020 _ Rest of Wor,"Walker 
Islay Mist",expression,0.75,12,,highland,,,187,CREATE
Jim Murray's Whisky Bible 2020 _ Rest of Wor,"Diageo. 
Johnnie",expression,0.75,12,40,,,,187,CREATE
Jim Murray's Whisky Bible 2020 _ Rest of Wor,Walker Black Label,expression,0.75,12,40,,,,187,CREATE
Jim Murray's Whisky Bible 2020 _ Rest of Wor,Walker Aged,expression,0.75,18,40,,,,188,CREATE
Jim Murray's Whisky Bible 2020 _ Rest of Wor,Rye Finish,expression,0.75,,40,,bourbon,,188,CREATE
Jim Murray's Whisky Bible 2020 _ Rest of Wor,Walker Blenders Batch,expression,0.75,,40,,,,188,CREATE
Jim Murray's Whisky Bible 2020 _ Rest of Wor,Espresso Roast,expression,0.75,,40,,,,188,CREATE
Jim Murray's Whisky Bible 2020 _ Rest of Wor,Batch Wine Cask,expression,0.75,,43.2,,wine,,188,CREATE
Jim Murray's Whisky Bible 2020 _ Rest of Wor,Jammy Dodger,expression,0.55,,,,,,188,CREATE
Jim Murray's Whisky Bible 2020 _ Rest of Wor,Striding Man,expression,0.75,,40,,,,189,CREATE
Jim Murray's Whisky Bible 2020 _ Rest of Wor,Walker Select Casks,expression,0.75,10,40,,,,189,CREATE
Jim Murray's Whisky Bible 2020 _ Rest of Wor,Kenmore Special Reserve,expression,0.75,5,40,,,,189,CREATE
Jim Murray's Whisky Bible 2020 _ Rest of Wor,Extra Rare Aged,expression,0.75,18,40,,,,189,CREATE
Jim Murray's Whisky Bible 2020 _ Rest of Wor,Supreme Aged,expression,0.75,5,40,,,,189,CREATE
Jim Murray's Whisky Bible 2020 _ Rest of Wor,"Lad 
Lauder",expression,0.75,15,40,,,,190,CREATE
Jim Murray's Whisky Bible 2020 _ Rest of Wor,"Intemational Lai 
Lauder",expression,0.75,,40,,,,190,CREATE
Jim Murray's Whisky Bible 2020 _ Rest of Wor,Intemational Lid,expression,0.75,,405,,,,190,CREATE
Jim Murray's Whisky Bible 2020 _ Rest of Wor,Blend Batch,expression,0.75,,53.2,,,,191,CREATE
Jim Murray's Whisky Bible 2020 _ Rest of Wor,"Linne. 
Mac",expression,0.75,,40,,,,191,CREATE
Jim Murray's Whisky Bible 2020 _ Rest of Wor,Na Mara Rum,expression,0.75,,40,,,,191,CREATE
Jim Murray's Whisky Bible 2020 _ Rest of Wor,Matisse Royal,expression,0.75,,40,,,,192,CREATE
Jim Murray's Whisky Bible 2020 _ Rest of Wor,Not Asda,expression,0.75,,46,,sherry,,192,CREATE
Jim Murray's Whisky Bible 2020 _ Rest of Wor,"Asda 
Monarch",expression,0.75,,46,,sherry,,192,CREATE
Jim Murray's Whisky Bible 2020 _ Rest of Wor,"Tesco. 
Oishii",expression,0.75,36,40,,,,192,CREATE
Jim Murray's Whisky Bible 2020 _ Rest of Wor,Wisukii Aged,expression,0.75,36,40,,,,192,CREATE
Jim Murray's Whisky Bible 2020 _ Rest of Wor,Parr Aged,expression,0.75,15,40,,,,193,CREATE
Jim Murray's Whisky Bible 2020 _ Rest of Wor,Business Class,expression,0.55,,,,,,193,CREATE
Jim Murray's Whisky Bible 2020 _ Rest of Wor,Pure Scot Virgin,distillery,0.75,,40,,oak,,193,CREATE
Jim Murray's Whisky Bible 2020 _ Rest of Wor,Queen Margot,distillery,0.75,,43,,,,193,CREATE
Jim Murray's Whisky Bible 2020 _ Rest of Wor,Margot Aged,expression,0.75,5,40,,,,193,CREATE
Jim Murray's Whisky Bible 2020 _ Rest of Wor,Queen Margot Aged,expression,0.75,8,40,,sherry,,193,CREATE
Jim Murray's Whisky Bible 2020 _ Rest of Wor,Salute The Eternal,expression,0.75,,40,,,,194,CREATE
Jim Murray's Whisky Bible 2020 _ Rest of Wor,Sandy Mac,expression,0.75,,40,,,,195,CREATE
Jim Murray's Whisky Bible 2020 _ Rest of Wor,"Diageo. 
Scots",expression,0.75,,40,,,,195,CREATE
Jim Murray's Whisky Bible 2020 _ Rest of Wor,Sir Edward,expression,0.75,12,43,,,,195,CREATE
Jim Murray's Whisky Bible 2020 _ Rest of Wor,Something Special Premium,expression,0.75,15,40,,,,196,CREATE
Jim Murray's Whisky Bible 2020 _ Rest of Wor,Karma Sutra,expression,0.75,,46,,,,196,CREATE
Jim Murray's Whisky Bible 2020 _ Rest of Wor,Beam Inc,expression,0.75,,46,,,,196,CREATE
Jim Murray's Whisky Bible 2020 _ Rest of Wor,Year. Superb,expression,0.75,,40,,,,196,CREATE
Jim Murray's Whisky Bible 2020 _ Rest of Wor,The Tweeddale Blend,expression,0.75,10,48.2,,,,196,CREATE
Jim Murray's Whisky Bible 2020 _ Rest of Wor,Year Old Evolution,expression,0.75,28,46,,,,196,CREATE
Jim Murray's Whisky Bible 2020 _ Rest of Wor,Deluxe Reserve,expression,0.75,,40,,,,197,CREATE
Jim Murray's Whisky Bible 2020 _ Rest of Wor,"Diageo. 
White",expression,0.75,12,40,,,,197,CREATE
Jim Murray's Whisky Bible 2020 _ Rest of Wor,"Diageo. 
Windsor",expression,0.75,17,40,,,,197,CREATE
Jim Murray's Whisky Bible 2020 _ Rest of Wor,Years Super Premium,expression,0.75,17,40,,,,197,CREATE
Jim Murray's Whisky Bible 2020 _ Rest of Wor,"Distillery 
Pure Pot",distillery,0.75,25,,,,,199,CREATE
Jim Murray's Whisky Bible 2020 _ Rest of Wor,Spot Chateau,expression,0.75,,40,,wine,,199,CREATE
Jim Murray's Whisky Bible 2020 _ Rest of Wor,Leoville Barton,expression,0.55,,,,wine,,199,CREATE
Jim Murray's Whisky Bible 2020 _ Rest of Wor,Any European,expression,0.55,,,,wine,,199,CREATE
Jim Murray's Whisky Bible 2020 _ Rest of Wor,Year. Rarely,expression,0.55,,,,,,200,CREATE
Jim Murray's Whisky Bible 2020 _ Rest of Wor,Lane Release,expression,0.75,12,43,,,,200,CREATE
Jim Murray's Whisky Bible 2020 _ Rest of Wor,Year. Both,expression,0.55,,,,,,201,CREATE
Jim Murray's Whisky Bible 2020 _ Rest of Wor,Bottled Exclusively,expression,0.75,,58.7,,,,202,CREATE
Jim Murray's Whisky Bible 2020 _ Rest of Wor,Billy Leighton,expression,0.55,,,,,,202,CREATE
Jim Murray's Whisky Bible 2020 _ Rest of Wor,"Louth. 
Connemara",expression,0.75,,40,,,,202,CREATE
Jim Murray's Whisky Bible 2020 _ Rest of Wor,Another Connemara,expression,0.75,8,40,,,,202,CREATE
Jim Murray's Whisky Bible 2020 _ Rest of Wor,"Exclusive. 
Clonmel",expression,0.75,8,,,,,203,CREATE
Jim Murray's Whisky Bible 2020 _ Rest of Wor,Peated Aged,expression,0.75,8,,,,,203,CREATE
Jim Murray's Whisky Bible 2020 _ Rest of Wor,Mona Irish Malt,expression,0.75,,40,,,,203,CREATE
Jim Murray's Whisky Bible 2020 _ Rest of Wor,Magilligan Cooley Pure,expression,0.75,,40,,,,203,CREATE
Jim Murray's Whisky Bible 2020 _ Rest of Wor,Macleod Distillers,distillery,0.75,,43,,,,203,CREATE
Jim Murray's Whisky Bible 2020 _ Rest of Wor,Slieve Foy Single,expression,0.75,8,40,,,,203,CREATE
Jim Murray's Whisky Bible 2020 _ Rest of Wor,"Spencer. 
Tullamore",expression,0.75,10,40,,,,203,CREATE
Jim Murray's Whisky Bible 2020 _ Rest of Wor,Dew Aged,expression,0.75,10,40,,bourbon,,203,CREATE
Jim Murray's Whisky Bible 2020 _ Rest of Wor,Vom Fass Cooley,expression,0.75,8,46,,,,203,CREATE
Jim Murray's Whisky Bible 2020 _ Rest of Wor,County Kerry,expression,0.75,,52.7,,,,203,CREATE
Jim Murray's Whisky Bible 2020 _ Rest of Wor,"Cork. 
Method",expression,0.55,,,,bourbon,,204,CREATE
Jim Murray's Whisky Bible 2020 _ Rest of Wor,"French 
Limousin",expression,0.55,,,,bourbon,,204,CREATE
Jim Murray's Whisky Bible 2020 _ Rest of Wor,"Antrim. 
Bushmills",expression,0.75,10,60.3,,,,204,CREATE
Jim Murray's Whisky Bible 2020 _ Rest of Wor,"Taiwan. 
Bushmills",distillery,0.75,12,40,,,,204,CREATE
Jim Murray's Whisky Bible 2020 _ Rest of Wor,Acacia Wood,distillery,0.75,,40,,,,204,CREATE
Jim Murray's Whisky Bible 2020 _ Rest of Wor,Acla Special Selection,expression,0.75,24,478,,,,205,CREATE
Jim Murray's Whisky Bible 2020 _ Rest of Wor,Whiskey Bog Oak,expression,0.55,,,,oak,,205,CREATE
Jim Murray's Whisky Bible 2020 _ Rest of Wor,Cork Irish Whiskey,expression,0.75,,43,,,,205,CREATE
Jim Murray's Whisky Bible 2020 _ Rest of Wor,"Limited. 
Brean",expression,0.75,,43,,,,205,CREATE
Jim Murray's Whisky Bible 2020 _ Rest of Wor,Tra Cask Strength,expression,0.75,,43,,,,205,CREATE
Jim Murray's Whisky Bible 2020 _ Rest of Wor,"Limited. 
Dundalgan",expression,0.75,10,40,,,,205,CREATE
Jim Murray's Whisky Bible 2020 _ Rest of Wor,"Limited. 
Mizen",expression,0.75,,40,,,,205,CREATE
Jim Murray's Whisky Bible 2020 _ Rest of Wor,Original Peated Single,expression,0.75,,40,,,,206,CREATE
Jim Murray's Whisky Bible 2020 _ Rest of Wor,Rare Ould Times,expression,0.75,10,40,,,,206,CREATE
Jim Murray's Whisky Bible 2020 _ Rest of Wor,Pot Still Irish,expression,0.55,,,,,,206,CREATE
Jim Murray's Whisky Bible 2020 _ Rest of Wor,Hot Irishman Ltd,expression,0.75,12,40,,first fill,,207,CREATE
Jim Murray's Whisky Bible 2020 _ Rest of Wor,Corry The Flintlock,expression,0.75,16,56,,,,208,CREATE
Jim Murray's Whisky Bible 2020 _ Rest of Wor,Year Old Armagnac,expression,0.75,11,46,,,,208,CREATE
Jim Murray's Whisky Bible 2020 _ Rest of Wor,Anniversary Irish Malt,expression,0.75,29,58.9,,,,208,CREATE
Jim Murray's Whisky Bible 2020 _ Rest of Wor,Liquid Treasures Summer,expression,0.75,26,,,,,208,CREATE
Jim Murray's Whisky Bible 2020 _ Rest of Wor,Year Old Sherry,expression,0.75,12,,,sherry,,209,CREATE
Jim Murray's Whisky Bible 2020 _ Rest of Wor,Malt Vol Ill,expression,0.75,14,579,,bourbon,,209,CREATE
Jim Murray's Whisky Bible 2020 _ Rest of Wor,Revival Aged,expression,0.75,14,579,,bourbon,,209,CREATE
Jim Murray's Whisky Bible 2020 _ Rest of Wor,Strength Oloroso Finished,expression,0.75,7,,,,,210,CREATE
Jim Murray's Whisky Bible 2020 _ Rest of Wor,Note Oloroso Finished,expression,0.75,7,,,,,210,CREATE
Jim Murray's Whisky Bible 2020 _ Rest of Wor,Oloroso Finished,expression,0.75,10,,,,,210,CREATE
Jim Murray's Whisky Bible 2020 _ Rest of Wor,Tears Red Head,expression,0.75,,46,,sherry,,210,CREATE
Jim Murray's Whisky Bible 2020 _ Rest of Wor,Aras Cask Aged,expression,0.75,6,46,,,,210,CREATE
Jim Murray's Whisky Bible 2020 _ Rest of Wor,Grain Irish Whiskey,expression,0.55,,,,sherry,,210,CREATE
Jim Murray's Whisky Bible 2020 _ Rest of Wor,Vintage Grain,expression,0.55,,,,bourbon,,210,CREATE
Jim Murray's Whisky Bible 2020 _ Rest of Wor,British Isles,expression,0.75,3,46,,,,211,CREATE
Jim Murray's Whisky Bible 2020 _ Rest of Wor,Cru Burgundy Cask,expression,0.55,,,,,,211,CREATE
Jim Murray's Whisky Bible 2020 _ Rest of Wor,"Blends 
Barr",expression,0.75,,46,,,,211,CREATE
Jim Murray's Whisky Bible 2020 _ Rest of Wor,Uisce Wicklow Rare,expression,0.75,,46,,bourbon,,211,CREATE
Jim Murray's Whisky Bible 2020 _ Rest of Wor,"Diageo. 
Bushmills",expression,0.75,,46,,,,211,CREATE
Jim Murray's Whisky Bible 2020 _ Rest of Wor,Cask Finish Series,expression,0.75,,43.6,,,,212,CREATE
Jim Murray's Whisky Bible 2020 _ Rest of Wor,The Dead Rabbit,expression,0.75,5,43.6,,oak,,212,CREATE
Jim Murray's Whisky Bible 2020 _ Rest of Wor,The Feckin Drinks,expression,0.75,,40,,,,212,CREATE
Jim Murray's Whisky Bible 2020 _ Rest of Wor,Strength Irish Whiskey,expression,0.75,,40,,,,212,CREATE
Jim Murray's Whisky Bible 2020 _ Rest of Wor,Commemorative Edition,expression,0.55,,,,sherry,,212,CREATE
Jim Murray's Whisky Bible 2020 _ Rest of Wor,Corry The Battalion,expression,0.75,,40,,,,213,CREATE
Jim Murray's Whisky Bible 2020 _ Rest of Wor,"Series. 
Jameson",expression,0.75,,43,,,,213,CREATE
Jim Murray's Whisky Bible 2020 _ Rest of Wor,Vintage. Attractive,expression,0.55,,,,,,216,CREATE
Jim Murray's Whisky Bible 2020 _ Rest of Wor,Mizen Head Original,expression,0.75,,407,,sherry,,217,CREATE
Jim Murray's Whisky Bible 2020 _ Rest of Wor,Traditional Irish Whiskey,expression,0.55,,,,bourbon,,217,CREATE
Jim Murray's Whisky Bible 2020 _ Rest of Wor,Fathoms Imperial Stout,expression,0.75,,46,,,,218,CREATE
Jim Murray's Whisky Bible 2020 _ Rest of Wor,Beatha Real Irish,expression,0.75,,43,,bourbon,,218,CREATE
Jim Murray's Whisky Bible 2020 _ Rest of Wor,"Limited. 
West",expression,0.75,,40,,bourbon,,218,CREATE
Jim Murray's Whisky Bible 2020 _ Rest of Wor,Cork Bourbon Cask,expression,0.75,,40,,bourbon,,218,CREATE
Jim Murray's Whisky Bible 2020 _ Rest of Wor,Cork Cask Strength,expression,0.75,,40,,,,219,CREATE
Jim Murray's Whisky Bible 2020 _ Rest of Wor,Tears Copper Pot,expression,0.75,,40,,hogshead,,219,CREATE
Jim Murray's Whisky Bible 2020 _ Rest of Wor,Finish Marsala,expression,0.55,,,,hogshead,,219,CREATE
Jim Murray's Whisky Bible 2020 _ Rest of Wor,Tears Vintage Cask,expression,0.55,,,,bourbon,,219,CREATE
Jim Murray's Whisky Bible 2020 _ Rest of Wor,Forman. Operating,expression,0.55,,,,,,221,CREATE
Jim Murray's Whisky Bible 2020 _ Rest of Wor,Trace Rittenhouse Rye,expression,0.55,,,,,,221,CREATE
Jim Murray's Whisky Bible 2020 _ Rest of Wor,Experimental Experimental,expression,0.55,,,,,,221,CREATE
Jim Murray's Whisky Bible 2020 _ Rest of Wor,Old Potrero Hotal,expression,0.75,,70.3,,,,221,CREATE
Jim Murray's Whisky Bible 2020 _ Rest of Wor,"Handy 
Rye",expression,0.55,,,,,,221,CREATE
Jim Murray's Whisky Bible 2020 _ Rest of Wor,"Handy Balcones 
Rye",expression,0.55,,,,,,221,CREATE
Jim Murray's Whisky Bible 2020 _ Rest of Wor,"Brimstone 
Wiliam Larue",expression,0.55,,,,,,221,CREATE
Jim Murray's Whisky Bible 2020 _ Rest of Wor,Cowboy Bourbon,expression,0.55,,,,bourbon,,221,CREATE
Jim Murray's Whisky Bible 2020 _ Rest of Wor,"Arkansas Single 
Weller",expression,0.55,,,,,,221,CREATE
Jim Murray's Whisky Bible 2020 _ Rest of Wor,Weller Rye,expression,0.75,12,,,,,221,CREATE
Jim Murray's Whisky Bible 2020 _ Rest of Wor,"Year Old 
Booker",expression,0.75,12,,,,,221,CREATE
Jim Murray's Whisky Bible 2020 _ Rest of Wor,Handy Balcones Texas,expression,0.55,,,,,,221,CREATE
Jim Murray's Whisky Bible 2020 _ Rest of Wor,Grain Rye,expression,0.55,,,,,,221,CREATE
Jim Murray's Whisky Bible 2020 _ Rest of Wor,Larue William Larue,expression,0.55,,,,,,221,CREATE
Jim Murray's Whisky Bible 2020 _ Rest of Wor,Edition Viriginia Sweet,expression,0.75,,456,,bourbon,,222,CREATE
Jim Murray's Whisky Bible 2020 _ Rest of Wor,Unmistakably Buffalo Trace,expression,0.75,,40,,,,223,CREATE
Jim Murray's Whisky Bible 2020 _ Rest of Wor,Gesha Arabica,expression,0.55,,,,,,223,CREATE
Jim Murray's Whisky Bible 2020 _ Rest of Wor,Strength Aged,expression,0.75,5,45,,bourbon,,223,CREATE
Jim Murray's Whisky Bible 2020 _ Rest of Wor,Tucker Aged Six,expression,0.75,,40,,bourbon,,224,CREATE
Jim Murray's Whisky Bible 2020 _ Rest of Wor,Bondi Bourbon Whiskey,distillery,0.75,4,,,bourbon,,225,CREATE
Jim Murray's Whisky Bible 2020 _ Rest of Wor,Trace Single Oak,expression,0.75,,45,,bourbon,,226,CREATE
Jim Murray's Whisky Bible 2020 _ Rest of Wor,Even. Limited,expression,0.75,,45,,,,227,CREATE
Jim Murray's Whisky Bible 2020 _ Rest of Wor,Spicy. Richer,expression,0.75,,45,,,,230,CREATE
Jim Murray's Whisky Bible 2020 _ Rest of Wor,Demerara. Spice,expression,0.75,,45,,oak,,230,CREATE
Jim Murray's Whisky Bible 2020 _ Rest of Wor,Demerara. Warm,expression,0.75,,45,,,,231,CREATE
Jim Murray's Whisky Bible 2020 _ Rest of Wor,Calhoun Bros Straight,expression,0.75,,596,,bourbon,,232,CREATE
Jim Murray's Whisky Bible 2020 _ Rest of Wor,Sour Mash Whisky,expression,0.55,,,,bourbon,,233,CREATE
Jim Murray's Whisky Bible 2020 _ Rest of Wor,"Sherlock 
Holmes",expression,0.55,,,,,,233,CREATE
Jim Murray's Whisky Bible 2020 _ Rest of Wor,Taylor Cured Oak,expression,0.75,,677,,bourbon,,233,CREATE
Jim Murray's Whisky Bible 2020 _ Rest of Wor,Taylor Old Fashioned,expression,0.75,,50,,,,233,CREATE
Jim Murray's Whisky Bible 2020 _ Rest of Wor,Taylor Seasoned Wood,expression,0.75,,50,,,,233,CREATE
Jim Murray's Whisky Bible 2020 _ Rest of Wor,Taylor Single Barre,expression,0.75,,50,,,,233,CREATE
Jim Murray's Whisky Bible 2020 _ Rest of Wor,Taylor Single Barrel,expression,0.75,,50,,,,233,CREATE
Jim Murray's Whisky Bible 2020 _ Rest of Wor,Taylor Small Batch,expression,0.75,,50,,,,234,CREATE
Jim Murray's Whisky Bible 2020 _ Rest of Wor,Cougar Bourbon Aged,expression,0.75,5,50,,bourbon,,234,CREATE
Jim Murray's Whisky Bible 2020 _ Rest of Wor,If Karl Kennedy,expression,0.75,5,,,bourbon,,234,CREATE
Jim Murray's Whisky Bible 2020 _ Rest of Wor,Bond Straight Bourbon,expression,0.75,,50.5,,bourbon,,234,CREATE
Jim Murray's Whisky Bible 2020 _ Rest of Wor,"Bourbon 
Elijah Craig",expression,0.75,12,,,bourbon,,235,CREATE
Jim Murray's Whisky Bible 2020 _ Rest of Wor,Batch Serial No,bottler,0.55,,,,bourbon,society,236,CREATE
Jim Murray's Whisky Bible 2020 _ Rest of Wor,Weller Antique,bottler,0.75,,60,,bourbon,society,236,CREATE
Jim Murray's Whisky Bible 2020 _ Rest of Wor,Deringer Bourbon Whiskey,expression,0.75,,45,,bourbon,,237,CREATE
Jim Murray's Whisky Bible 2020 _ Rest of Wor,Bourbon Aged Over,expression,0.75,3,,,bourbon,,237,CREATE
Jim Murray's Whisky Bible 2020 _ Rest of Wor,Harper Kentucky Straight,expression,0.75,,40,,bourbon,,237,CREATE
Jim Murray's Whisky Bible 2020 _ Rest of Wor,Double Age Aged,expression,0.75,8,50,,bourbon,,237,CREATE
Jim Murray's Whisky Bible 2020 _ Rest of Wor,Quarter Cask Finished,expression,0.75,,45,,quarter,,238,CREATE
Jim Murray's Whisky Bible 2020 _ Rest of Wor,Fitzgerald Larceny,expression,0.75,,43,,,,238,CREATE
Jim Murray's Whisky Bible 2020 _ Rest of Wor,Fitzgerald Very Special,expression,0.75,20,46,,bourbon,,238,CREATE
Jim Murray's Whisky Bible 2020 _ Rest of Wor,Bourbon Single Barrel,expression,0.75,,45,,bourbon,,238,CREATE
Jim Murray's Whisky Bible 2020 _ Rest of Wor,Anniversary Single Barrel,expression,0.75,,60,,,,239,CREATE
Jim Murray's Whisky Bible 2020 _ Rest of Wor,Mongolian Oak Kentucky,expression,0.75,,44,,oak,,240,CREATE
Jim Murray's Whisky Bible 2020 _ Rest of Wor,Prohibition Style,expression,0.75,,46.5,,,,241,CREATE
Jim Murray's Whisky Bible 2020 _ Rest of Wor,Old Fitzgerald Bottled,expression,0.75,9,575,,,,241,CREATE
Jim Murray's Whisky Bible 2020 _ Rest of Wor,Old Forester Statesman,expression,0.75,,50,,,,241,CREATE
Jim Murray's Whisky Bible 2020 _ Rest of Wor,Old Fitzgerald Very,expression,0.75,12,475,,,,241,CREATE
Jim Murray's Whisky Bible 2020 _ Rest of Wor,Obviously Old Grand,expression,0.55,,,,,,242,CREATE
Jim Murray's Whisky Bible 2020 _ Rest of Wor,Old Pepper Straight,expression,0.75,10,50,,bourbon,,242,CREATE
Jim Murray's Whisky Bible 2020 _ Rest of Wor,Old Rip Van,expression,0.75,10,56.9,,,,242,CREATE
Jim Murray's Whisky Bible 2020 _ Rest of Wor,Winkle Aged,expression,0.75,10,45,,,,242,CREATE
Jim Murray's Whisky Bible 2020 _ Rest of Wor,Family Reserve Kentucky,expression,0.75,20,45.2,,bourbon,,243,CREATE
Jim Murray's Whisky Bible 2020 _ Rest of Wor,Year Old Bottled,expression,0.75,24,61,,bourbon,,244,CREATE
Jim Murray's Whisky Bible 2020 _ Rest of Wor,Quarter Horse Kentucky,expression,0.75,,62.1,,quarter,,244,CREATE
Jim Murray's Whisky Bible 2020 _ Rest of Wor,Batch Reserve Kentucky,expression,0.75,,40,,bourbon,,244,CREATE
Jim Murray's Whisky Bible 2020 _ Rest of Wor,Ridgemont Reserve,expression,0.75,8,46,,,,244,CREATE
Jim Murray's Whisky Bible 2020 _ Rest of Wor,Homestead Kentucky Sour,distillery,0.75,,45,,,,245,CREATE
Jim Murray's Whisky Bible 2020 _ Rest of Wor,Ten High Kentucky,expression,0.75,,75,,bourbon,,245,CREATE
Jim Murray's Whisky Bible 2020 _ Rest of Wor,Weller Aged,expression,0.75,12,40,,,,246,CREATE
Jim Murray's Whisky Bible 2020 _ Rest of Wor,Wheated Kentucky Straight,expression,0.75,,53.5,,bourbon,,246,CREATE
Jim Murray's Whisky Bible 2020 _ Rest of Wor,Wilcox Bourbon Whiskey,expression,0.75,,45.5,,bourbon,,247,CREATE
Jim Murray's Whisky Bible 2020 _ Rest of Wor,Winchester Bourbon Whiskey,expression,0.75,,85,,bourbon,,248,CREATE
Jim Murray's Whisky Bible 2020 _ Rest of Wor,Unde Nearest,expression,0.75,11,,,,,249,CREATE
Jim Murray's Whisky Bible 2020 _ Rest of Wor,Benjamin Prichard,expression,0.75,,50,,,,249,CREATE
Jim Murray's Whisky Bible 2020 _ Rest of Wor,Tennessee Rye Whiskey,expression,0.75,,40,,,,251,CREATE
Jim Murray's Whisky Bible 2020 _ Rest of Wor,Cougar Rye,expression,0.75,,50,,,,251,CREATE
Jim Murray's Whisky Bible 2020 _ Rest of Wor,Rye Grain Aged,expression,0.75,,100,,oak,,251,CREATE
Jim Murray's Whisky Bible 2020 _ Rest of Wor,Kindred Distilled Spirits,distillery,0.75,,40,,,,252,CREATE
Jim Murray's Whisky Bible 2020 _ Rest of Wor,Prohibition Style Rye,expression,0.75,,578,,,,252,CREATE
Jim Murray's Whisky Bible 2020 _ Rest of Wor,Taos Lightning Straight,expression,0.75,,45,,,,252,CREATE
Jim Murray's Whisky Bible 2020 _ Rest of Wor,Strength Rye,expression,0.75,,598,,,,252,CREATE
Jim Murray's Whisky Bible 2020 _ Rest of Wor,Old Forester Straight,expression,0.75,,42.4,,,,253,CREATE
Jim Murray's Whisky Bible 2020 _ Rest of Wor,Batch Rye Aged,expression,0.75,,55,,,,253,CREATE
Jim Murray's Whisky Bible 2020 _ Rest of Wor,Rye Whiskey Double,expression,0.75,,56.1,,oak,,254,CREATE
Jim Murray's Whisky Bible 2020 _ Rest of Wor,Scout Straight Rye,expression,0.75,7,45,,,,254,CREATE
Jim Murray's Whisky Bible 2020 _ Rest of Wor,Turley Mill Straight,expression,0.75,6,50,,,,255,CREATE
Jim Murray's Whisky Bible 2020 _ Rest of Wor,Rye Western Whiskey,expression,0.75,6,50,,,,255,CREATE
Jim Murray's Whisky Bible 2020 _ Rest of Wor,Rolls Royce,expression,0.75,,40.5,,,,255,CREATE
Jim Murray's Whisky Bible 2020 _ Rest of Wor,Rye Ripper,expression,0.75,,62,,,,256,CREATE
Jim Murray's Whisky Bible 2020 _ Rest of Wor,Lyons Reserve,expression,0.55,,,,,,257,CREATE
Jim Murray's Whisky Bible 2020 _ Rest of Wor,Ton Branch Kentucky,expression,0.75,,40,,bourbon,,257,CREATE
Jim Murray's Whisky Bible 2020 _ Rest of Wor,Durum Wheat Whiskey,expression,0.75,,40,,,,257,CREATE
Jim Murray's Whisky Bible 2020 _ Rest of Wor,"Washington. 
Babridge",expression,0.55,,,,,,257,CREATE
Jim Murray's Whisky Bible 2020 _ Rest of Wor,Babridge Battle Point,expression,0.75,,43,islands,,,257,CREATE
Jim Murray's Whisky Bible 2020 _ Rest of Wor,Wheat Whiskey Islay,expression,0.75,,43,islands,,,257,CREATE
Jim Murray's Whisky Bible 2020 _ Rest of Wor,Babridge Yama American,expression,0.75,,43,,,,257,CREATE
Jim Murray's Whisky Bible 2020 _ Rest of Wor,Single Grain Barley,expression,0.75,,43,,oak,,257,CREATE
Jim Murray's Whisky Bible 2020 _ Rest of Wor,Scrub Oak Smoked,expression,0.75,,53,,oak,,257,CREATE
Jim Murray's Whisky Bible 2020 _ Rest of Wor,Day In Oak,expression,0.55,,,,oak,,257,CREATE
Jim Murray's Whisky Bible 2020 _ Rest of Wor,Brimstone Redux Aged,expression,0.55,,,,oak,,258,CREATE
Jim Murray's Whisky Bible 2020 _ Rest of Wor,Whisky Pot Distilled,distillery,0.75,,64.9,,oak,,258,CREATE
Jim Murray's Whisky Bible 2020 _ Rest of Wor,"Months In 
Oak",expression,0.55,,,,oak,,258,CREATE
Jim Murray's Whisky Bible 2020 _ Rest of Wor,Tenth Anniversary,expression,0.75,,599,,,,258,CREATE
Jim Murray's Whisky Bible 2020 _ Rest of Wor,Finished Aged At,expression,0.55,,,,,,258,CREATE
Jim Murray's Whisky Bible 2020 _ Rest of Wor,"Tennessee. 
Benjamin",distillery,0.55,,,,,,259,CREATE
Jim Murray's Whisky Bible 2020 _ Rest of Wor,Lincoin County Lightning,distillery,0.55,,,,,,259,CREATE
Jim Murray's Whisky Bible 2020 _ Rest of Wor,"Iilinois. 
Blaum",expression,0.75,3,43,,bourbon,,259,CREATE
Jim Murray's Whisky Bible 2020 _ Rest of Wor,Bros Bourbon Aged,expression,0.75,3,43,,bourbon,,259,CREATE
Jim Murray's Whisky Bible 2020 _ Rest of Wor,Whiskey Algena Reserve,expression,0.75,2,40,,,,259,CREATE
Jim Murray's Whisky Bible 2020 _ Rest of Wor,Gotden Valley,expression,0.75,,50,,,,259,CREATE
Jim Murray's Whisky Bible 2020 _ Rest of Wor,Defiant American Single,expression,0.75,,100,,,,259,CREATE
Jim Murray's Whisky Bible 2020 _ Rest of Wor,Defiant Rye Whisky,expression,0.75,,41,,,,259,CREATE
Jim Murray's Whisky Bible 2020 _ Rest of Wor,Powder Hound,expression,0.75,,46,,,,259,CREATE
Jim Murray's Whisky Bible 2020 _ Rest of Wor,Cask Finish Aged,expression,0.75,,45,,,,259,CREATE
Jim Murray's Whisky Bible 2020 _ Rest of Wor,Sauternes Finish Aged,expression,0.55,,,,,,260,CREATE
Jim Murray's Whisky Bible 2020 _ Rest of Wor,Whiskey Bonded Rye,expression,0.75,4,,,oak,,260,CREATE
Jim Murray's Whisky Bible 2020 _ Rest of Wor,Days Old American,expression,0.75,,45,,oak,,260,CREATE
Jim Murray's Whisky Bible 2020 _ Rest of Wor,Wheated Straight Bourbon,expression,0.75,4,45,,bourbon,,260,CREATE
Jim Murray's Whisky Bible 2020 _ Rest of Wor,Loudoun County,distillery,0.55,,,,oak,,261,CREATE
Jim Murray's Whisky Bible 2020 _ Rest of Wor,University Place,distillery,0.75,,475,,bourbon,,261,CREATE
Jim Murray's Whisky Bible 2020 _ Rest of Wor,"Washington. 
Greenhorn",distillery,0.75,1,475,,bourbon,,261,CREATE
Jim Murray's Whisky Bible 2020 _ Rest of Wor,Napa Valley,distillery,0.75,,44,,,,261,CREATE
Jim Murray's Whisky Bible 2020 _ Rest of Wor,Hop Flavoured Whiskey,distillery,0.55,,,,,,261,CREATE
Jim Murray's Whisky Bible 2020 _ Rest of Wor,Il Double Alambic,expression,0.75,,55,,,,261,CREATE
Jim Murray's Whisky Bible 2020 _ Rest of Wor,Hop Flavored Whiskey,expression,0.75,,66.2,,oak,,261,CREATE
Jim Murray's Whisky Bible 2020 _ Rest of Wor,Hop Flavored Aged,expression,0.75,,495,,oak,,261,CREATE
Jim Murray's Whisky Bible 2020 _ Rest of Wor,Uncommon Barrel Collection,distillery,0.75,,47,,,,262,CREATE
Jim Murray's Whisky Bible 2020 _ Rest of Wor,Rick Wasmund,expression,0.75,,48,,,,262,CREATE
Jim Murray's Whisky Bible 2020 _ Rest of Wor,"Washington. 
Copperworks",expression,0.75,,48,,,,262,CREATE
Jim Murray's Whisky Bible 2020 _ Rest of Wor,"Months 
Wine Barrel",expression,0.55,,,,wine,,263,CREATE
Jim Murray's Whisky Bible 2020 _ Rest of Wor,"Pennsytvania. 
Dad",distillery,0.55,,,,,,263,CREATE
Jim Murray's Whisky Bible 2020 _ Rest of Wor,Hat Pennsylvania Straight,distillery,0.75,3,,,,,263,CREATE
Jim Murray's Whisky Bible 2020 _ Rest of Wor,Herman Marshall Texas,expression,0.75,,475,,bourbon,,263,CREATE
Jim Murray's Whisky Bible 2020 _ Rest of Wor,Buena Vista,expression,0.75,,46,,,,263,CREATE
Jim Murray's Whisky Bible 2020 _ Rest of Wor,Whiskey Aged Less,expression,0.75,2,,,,,264,CREATE
Jim Murray's Whisky Bible 2020 _ Rest of Wor,Less Than,expression,0.75,2,,,bourbon,,264,CREATE
Jim Murray's Whisky Bible 2020 _ Rest of Wor,Double Diamond Whiskey,expression,0.75,4,40,,,,265,CREATE
Jim Murray's Whisky Bible 2020 _ Rest of Wor,Years Cognac Finish,expression,0.75,4,40,,,,265,CREATE
Jim Murray's Whisky Bible 2020 _ Rest of Wor,"Washington. 
Dry",expression,0.75,,467,,bourbon,,265,CREATE
Jim Murray's Whisky Bible 2020 _ Rest of Wor,Fly Bourbon,expression,0.55,,,,bourbon,,265,CREATE
Jim Murray's Whisky Bible 2020 _ Rest of Wor,Strength Straight Wheat,expression,0.75,,50.5,,,,265,CREATE
Jim Murray's Whisky Bible 2020 _ Rest of Wor,Triticale Rye Wheat,expression,0.75,,50,,,,265,CREATE
Jim Murray's Whisky Bible 2020 _ Rest of Wor,Wheated Bourbon Whiskey,expression,0.55,,,,bourbon,,266,CREATE
Jim Murray's Whisky Bible 2020 _ Rest of Wor,Sui Generis Silver,expression,0.75,,40,,,,266,CREATE
Jim Murray's Whisky Bible 2020 _ Rest of Wor,Sui Generis Siren,expression,0.75,,40,,,,266,CREATE
Jim Murray's Whisky Bible 2020 _ Rest of Wor,Ridge Reserve Handmade,expression,0.55,,,,,,266,CREATE
Jim Murray's Whisky Bible 2020 _ Rest of Wor,"Texas. 
Garrison",expression,0.75,,45,,bourbon,,266,CREATE
Jim Murray's Whisky Bible 2020 _ Rest of Wor,Aged Four Years,expression,0.55,,,,bourbon,,267,CREATE
Jim Murray's Whisky Bible 2020 _ Rest of Wor,Aged Three Years,expression,0.55,,,,bourbon,,267,CREATE
Jim Murray's Whisky Bible 2020 _ Rest of Wor,Stout Barreled Whiskey,expression,0.75,,47,,,,268,CREATE
Jim Murray's Whisky Bible 2020 _ Rest of Wor,Del Bac Classic,expression,0.55,,,,,,268,CREATE
Jim Murray's Whisky Bible 2020 _ Rest of Wor,Dorado Mesquite Smoked,expression,0.75,,45,,,,268,CREATE
Jim Murray's Whisky Bible 2020 _ Rest of Wor,Rye Whiskey American,distillery,0.55,,,,oak,,268,CREATE
Jim Murray's Whisky Bible 2020 _ Rest of Wor,Rye Whiskey Under,expression,0.75,4,45,,,,268,CREATE
Jim Murray's Whisky Bible 2020 _ Rest of Wor,Bourbon Whiskey American,expression,0.75,,48.2,,bourbon,,269,CREATE
Jim Murray's Whisky Bible 2020 _ Rest of Wor,Bourbon With Apple,expression,0.75,,60,,bourbon,,269,CREATE
Jim Murray's Whisky Bible 2020 _ Rest of Wor,"Minimum 
Two Years",expression,0.55,,,,bourbon,,269,CREATE
Jim Murray's Whisky Bible 2020 _ Rest of Wor,Whole Foods,expression,0.75,,45,,,,269,CREATE
Jim Murray's Whisky Bible 2020 _ Rest of Wor,"Alabama. 
John",expression,0.55,,,,,,269,CREATE
Jim Murray's Whisky Bible 2020 _ Rest of Wor,Buggy Whip Wheat,distillery,0.55,,,,,,270,CREATE
Jim Murray's Whisky Bible 2020 _ Rest of Wor,Through Heroes Eyes,expression,0.75,,50,,bourbon,,270,CREATE
Jim Murray's Whisky Bible 2020 _ Rest of Wor,Peated Bourbon Whiskey,distillery,0.55,,,,bourbon,,271,CREATE
Jim Murray's Whisky Bible 2020 _ Rest of Wor,Aged Two Years,distillery,0.75,,45,,bourbon,,271,CREATE
Jim Murray's Whisky Bible 2020 _ Rest of Wor,Bond Aged Over,expression,0.75,4,,,bourbon,,272,CREATE
Jim Murray's Whisky Bible 2020 _ Rest of Wor,Summer Season,expression,0.75,,50,,bourbon,,272,CREATE
Jim Murray's Whisky Bible 2020 _ Rest of Wor,Law Secale Straight,expression,0.75,5,56.4,,,,272,CREATE
Jim Murray's Whisky Bible 2020 _ Rest of Wor,Rye Whiskey Bottled,expression,0.75,4,71.5,,,,272,CREATE
Jim Murray's Whisky Bible 2020 _ Rest of Wor,Fall Season,expression,0.75,,50,,,,272,CREATE
Jim Murray's Whisky Bible 2020 _ Rest of Wor,Law Straight Rye,expression,0.75,3,50,,,,272,CREATE
Jim Murray's Whisky Bible 2020 _ Rest of Wor,Months Cask Strength,expression,0.75,6,,,,,272,CREATE
Jim Murray's Whisky Bible 2020 _ Rest of Wor,Law Triticom Straight,expression,0.75,3,58.4,,,,272,CREATE
Jim Murray's Whisky Bible 2020 _ Rest of Wor,Bourbon Cask Select,expression,0.55,,,,bourbon,,272,CREATE
Jim Murray's Whisky Bible 2020 _ Rest of Wor,Monterey County,distillery,0.75,,50,,,,272,CREATE
Jim Murray's Whisky Bible 2020 _ Rest of Wor,Puma Heavily Peated,expression,0.55,,,,,,272,CREATE
Jim Murray's Whisky Bible 2020 _ Rest of Wor,Abomination The Sayers,expression,0.75,,54,,,,273,CREATE
Jim Murray's Whisky Bible 2020 _ Rest of Wor,Law Heavily Peated,expression,0.75,,54,,,,273,CREATE
Jim Murray's Whisky Bible 2020 _ Rest of Wor,Oloroso Wheat Whiskey,expression,0.55,,,,,,273,CREATE
Jim Murray's Whisky Bible 2020 _ Rest of Wor,Montgomery American Single,distillery,0.75,5,,,,,273,CREATE
Jim Murray's Whisky Bible 2020 _ Rest of Wor,Sudden Wisdom Straight,expression,0.75,2,45,,,,273,CREATE
Jim Murray's Whisky Bible 2020 _ Rest of Wor,"Tennessee. 
Belle",distillery,0.75,9,,,sherry,,273,CREATE
Jim Murray's Whisky Bible 2020 _ Rest of Wor,Years Sherry Bourbon,distillery,0.75,9,,,sherry,,273,CREATE
Jim Murray's Whisky Bible 2020 _ Rest of Wor,Malmsey Madeira,expression,0.75,,45.2,,bourbon,,273,CREATE
Jim Murray's Whisky Bible 2020 _ Rest of Wor,Zep Bend,expression,0.55,,,,sherry,,274,CREATE
Jim Murray's Whisky Bible 2020 _ Rest of Wor,Pitchfork Wheat Michigan,expression,0.75,,45,,,,274,CREATE
Jim Murray's Whisky Bible 2020 _ Rest of Wor,Grown Wheat Whiskey,expression,0.75,,45,,oak,,274,CREATE
Jim Murray's Whisky Bible 2020 _ Rest of Wor,Zeppelin Bend Straight,expression,0.75,,45,,oak,,274,CREATE
Jim Murray's Whisky Bible 2020 _ Rest of Wor,Least One Year,expression,0.55,,,,,,274,CREATE
Jim Murray's Whisky Bible 2020 _ Rest of Wor,Tyler Kentucky Bourbon,expression,0.55,,,,bourbon,,274,CREATE
Jim Murray's Whisky Bible 2020 _ Rest of Wor,Day Minimum,expression,0.55,,,,bourbon,,274,CREATE
Jim Murray's Whisky Bible 2020 _ Rest of Wor,Lightning Corn Whiskey,expression,0.75,,65,,,,274,CREATE
Jim Murray's Whisky Bible 2020 _ Rest of Wor,Aged For,expression,0.75,2,,,bourbon,,274,CREATE
Jim Murray's Whisky Bible 2020 _ Rest of Wor,Brilliant Irish,expression,0.55,,,,,,275,CREATE
Jim Murray's Whisky Bible 2020 _ Rest of Wor,Anniversary Arkansas Rye,distillery,0.75,4,,,,,275,CREATE
Jim Murray's Whisky Bible 2020 _ Rest of Wor,Town Arkansas Four,expression,0.55,,,,bourbon,,276,CREATE
Jim Murray's Whisky Bible 2020 _ Rest of Wor,Bourbon Whiskey Flavour,expression,0.75,,46,,bourbon,,276,CREATE
Jim Murray's Whisky Bible 2020 _ Rest of Wor,Grain Series Golden,expression,0.75,,46,,bourbon,,276,CREATE
Jim Murray's Whisky Bible 2020 _ Rest of Wor,Promise Aged,expression,0.55,,,,bourbon,,276,CREATE
Jim Murray's Whisky Bible 2020 _ Rest of Wor,Grain Series Peated,expression,0.75,,46,,bourbon,,276,CREATE
Jim Murray's Whisky Bible 2020 _ Rest of Wor,Liquorice Allsorts,expression,0.55,,,,bourbon,,276,CREATE
Jim Murray's Whisky Bible 2020 _ Rest of Wor,Sour Mash Bourbon,expression,0.75,,83,,bourbon,,276,CREATE
Jim Murray's Whisky Bible 2020 _ Rest of Wor,Dead Guy Whiskey,expression,0.75,,50,,oak,,277,CREATE
Jim Murray's Whisky Bible 2020 _ Rest of Wor,Grim Reaper,expression,0.55,,,,,,277,CREATE
Jim Murray's Whisky Bible 2020 _ Rest of Wor,Rohnert Park,expression,0.75,,46,,bourbon,,277,CREATE
Jim Murray's Whisky Bible 2020 _ Rest of Wor,Malted Barley,expression,0.75,,70,,,,277,CREATE
Jim Murray's Whisky Bible 2020 _ Rest of Wor,Battle Cry American,expression,0.55,,,,,,277,CREATE
Jim Murray's Whisky Bible 2020 _ Rest of Wor,Cry American Single,expression,0.55,,,,wine,,278,CREATE
Jim Murray's Whisky Bible 2020 _ Rest of Wor,Less Battle Cry,expression,0.55,,,,,,278,CREATE
Jim Murray's Whisky Bible 2020 _ Rest of Wor,Uprising American Single,expression,0.75,,46,,,,278,CREATE
Jim Murray's Whisky Bible 2020 _ Rest of Wor,Bond Straight Malt,expression,0.75,4,,,,,278,CREATE
Jim Murray's Whisky Bible 2020 _ Rest of Wor,Cask Strength Straight,expression,0.75,2,,,,,278,CREATE
Jim Murray's Whisky Bible 2020 _ Rest of Wor,Entering American Whiskey,expression,0.75,5,47,,,,278,CREATE
Jim Murray's Whisky Bible 2020 _ Rest of Wor,Whiskey Aged Not,expression,0.75,1,,,bourbon,,279,CREATE
Jim Murray's Whisky Bible 2020 _ Rest of Wor,"Ohio. 
Tom",expression,0.75,,48,,bourbon,,279,CREATE
Jim Murray's Whisky Bible 2020 _ Rest of Wor,Foolery Ohio Straight,expression,0.75,3,48,,bourbon,,279,CREATE
Jim Murray's Whisky Bible 2020 _ Rest of Wor,Tommyrotter Triple Barrel,distillery,0.75,,45,,,,279,CREATE
Jim Murray's Whisky Bible 2020 _ Rest of Wor,Ranch Drippings Springs,expression,0.75,,46,,oak,,279,CREATE
Jim Murray's Whisky Bible 2020 _ Rest of Wor,Week Fifth Annual,distillery,0.75,,54.4,,,,280,CREATE
Jim Murray's Whisky Bible 2020 _ Rest of Wor,Baby Jane Bourbon,distillery,0.55,,,,bourbon,,281,CREATE
Jim Murray's Whisky Bible 2020 _ Rest of Wor,Rye Mash Oak,expression,0.75,,45.5,,oak,,281,CREATE
Jim Murray's Whisky Bible 2020 _ Rest of Wor,Apple Wood Aged,expression,0.55,,,,oak,,281,CREATE
Jim Murray's Whisky Bible 2020 _ Rest of Wor,"Washington. 
Woodinville",expression,0.75,,49,,,,281,CREATE
Jim Murray's Whisky Bible 2020 _ Rest of Wor,"Texas. 
Yellow",expression,0.75,,50,,bourbon,,281,CREATE
Jim Murray's Whisky Bible 2020 _ Rest of Wor,Clark American Whiskey,expression,0.75,,50,,,,282,CREATE
Jim Murray's Whisky Bible 2020 _ Rest of Wor,Noe Simple Task,expression,0.75,,24,,,,282,CREATE
Jim Murray's Whisky Bible 2020 _ Rest of Wor,Whisky Jewbilee Straight,expression,0.75,5,50,,bourbon,,282,CREATE
Jim Murray's Whisky Bible 2020 _ Rest of Wor,Midwest Grains,distillery,0.55,,,,,,282,CREATE
Jim Murray's Whisky Bible 2020 _ Rest of Wor,Jewish Whisky Company,expression,0.75,,53,,,,282,CREATE
Jim Murray's Whisky Bible 2020 _ Rest of Wor,"Bourbon Mash 
Angels",expression,0.75,,54,,bourbon,,282,CREATE
Jim Murray's Whisky Bible 2020 _ Rest of Wor,Envy Bourbon Finished,expression,0.55,,,,bourbon,,282,CREATE
Jim Murray's Whisky Bible 2020 _ Rest of Wor,Rye Mash Angels,expression,0.75,,433,,,,282,CREATE
Jim Murray's Whisky Bible 2020 _ Rest of Wor,Envy Rye Finished,expression,0.75,,433,,,,282,CREATE
Jim Murray's Whisky Bible 2020 _ Rest of Wor,Lincoln Henderson,expression,0.55,,,,,,283,CREATE
Jim Murray's Whisky Bible 2020 _ Rest of Wor,Isaac Bowman Straight,expression,0.75,,46,,bourbon,,283,CREATE
Jim Murray's Whisky Bible 2020 _ Rest of Wor,Bourbon Whiskey Port,expression,0.75,,46,,bourbon,,283,CREATE
Jim Murray's Whisky Bible 2020 _ Rest of Wor,Sherry Casks Distiller,distillery,0.75,,50,,bourbon,,284,CREATE
Jim Murray's Whisky Bible 2020 _ Rest of Wor,Yeah. Right,expression,0.75,,50,,,,284,CREATE
Jim Murray's Whisky Bible 2020 _ Rest of Wor,Bourbon Partially Finished,expression,0.75,,45,,bourbon,,284,CREATE
Jim Murray's Whisky Bible 2020 _ Rest of Wor,Sherry Casks,expression,0.55,,,,bourbon,,284,CREATE
Jim Murray's Whisky Bible 2020 _ Rest of Wor,Fred Noe,expression,0.55,,,,,,284,CREATE
Jim Murray's Whisky Bible 2020 _ Rest of Wor,Toasted Barrel Finish,expression,0.75,,47,,bourbon,,284,CREATE
Jim Murray's Whisky Bible 2020 _ Rest of Wor,Minor Case Straight,expression,0.75,,54.7,,sherry,,285,CREATE
Jim Murray's Whisky Bible 2020 _ Rest of Wor,Finish Rye Whiskey,expression,0.75,12,49.2,,sherry,,285,CREATE
Jim Murray's Whisky Bible 2020 _ Rest of Wor,Rye Mash,expression,0.55,,,,,,285,CREATE
Jim Murray's Whisky Bible 2020 _ Rest of Wor,Sauternes Barrels,expression,0.55,,,,,,288,CREATE
Jim Murray's Whisky Bible 2020 _ Rest of Wor,Muscat Wine Barrel,expression,0.75,,43,,wine,,288,CREATE
Jim Murray's Whisky Bible 2020 _ Rest of Wor,Niagara Wine Barrel,expression,0.75,,43,,wine,,288,CREATE
Jim Murray's Whisky Bible 2020 _ Rest of Wor,Wine Barrel Finished,expression,0.75,,43,,wine,,288,CREATE
Jim Murray's Whisky Bible 2020 _ Rest of Wor,Sage Vineyard Pipe,expression,0.55,,,,wine,,288,CREATE
Jim Murray's Whisky Bible 2020 _ Rest of Wor,Nova Scotia,expression,0.75,10,40,,,,289,CREATE
Jim Murray's Whisky Bible 2020 _ Rest of Wor,Taiwan Exclusive,expression,0.75,17,40,,,,290,CREATE
Jim Murray's Whisky Bible 2020 _ Rest of Wor,Artisanal Cask Strength,distillery,0.55,,,,oak,,290,CREATE
Jim Murray's Whisky Bible 2020 _ Rest of Wor,Oyster River,expression,0.75,,46,,,,291,CREATE
Jim Murray's Whisky Bible 2020 _ Rest of Wor,Sheringham Whisky Red,distillery,0.55,,,,,,291,CREATE
Jim Murray's Whisky Bible 2020 _ Rest of Wor,Sheringham Whisky Woodhaven,distillery,0.55,,,,,,291,CREATE
Jim Murray's Whisky Bible 2020 _ Rest of Wor,"British Columbia 
Mac",distillery,0.55,,,,,,292,CREATE
Jim Murray's Whisky Bible 2020 _ Rest of Wor,Brewers Yukon Single,expression,0.75,,50,,,,292,CREATE
Jim Murray's Whisky Bible 2020 _ Rest of Wor,Five Star Rye,expression,0.55,,,,,,294,CREATE
Jim Murray's Whisky Bible 2020 _ Rest of Wor,Select Bourbon Whiskey,expression,0.75,,45,,bourbon,,294,CREATE
Jim Murray's Whisky Bible 2020 _ Rest of Wor,Mash Bill,expression,0.75,,44,,bourbon,,294,CREATE
Jim Murray's Whisky Bible 2020 _ Rest of Wor,Selected Barrel,expression,0.75,,40,,,,294,CREATE
Jim Murray's Whisky Bible 2020 _ Rest of Wor,Limited Edition Aged,expression,0.75,21,40,,,,295,CREATE
Jim Murray's Whisky Bible 2020 _ Rest of Wor,Finest Canadian Whisky,expression,0.75,,40,,bourbon,,296,CREATE
Jim Murray's Whisky Bible 2020 _ Rest of Wor,Worts Four Grain,expression,0.75,,40,,,,296,CREATE
Jim Murray's Whisky Bible 2020 _ Rest of Wor,Worts Little Trinity,expression,0.75,,49,,,,296,CREATE
Jim Murray's Whisky Bible 2020 _ Rest of Wor,Series Lanny,expression,0.75,,40,,,,296,CREATE
Jim Murray's Whisky Bible 2020 _ Rest of Wor,Welsh Whisky Company,expression,0.55,,,,,,296,CREATE
Jim Murray's Whisky Bible 2020 _ Rest of Wor,Series Wendel Clark,expression,0.75,,40,,,,296,CREATE
Jim Murray's Whisky Bible 2020 _ Rest of Wor,"Wendel 
Clark",expression,0.55,,,,,,296,CREATE
Jim Murray's Whisky Bible 2020 _ Rest of Wor,Whether Mr Wiser,expression,0.55,,,,,,297,CREATE
Jim Murray's Whisky Bible 2020 _ Rest of Wor,One Fifty,expression,0.55,,,,,,297,CREATE
Jim Murray's Whisky Bible 2020 _ Rest of Wor,Seasoned Oak Aged,expression,0.75,19,,,oak,,298,CREATE
Jim Murray's Whisky Bible 2020 _ Rest of Wor,Spiced Whisky Vanilla,expression,0.75,,40,,,,298,CREATE
Jim Murray's Whisky Bible 2020 _ Rest of Wor,Only Canadian,expression,0.55,,,,,,298,CREATE
Jim Murray's Whisky Bible 2020 _ Rest of Wor,"More 
Canadian",expression,0.75,11,,,,,299,CREATE
Jim Murray's Whisky Bible 2020 _ Rest of Wor,Rising Sun,expression,0.55,,,,,,300,CREATE
Jim Murray's Whisky Bible 2020 _ Rest of Wor,Japan. How,expression,0.75,20,,,,,300,CREATE
Jim Murray's Whisky Bible 2020 _ Rest of Wor,Pure Malt Black,expression,0.55,,,,,,301,CREATE
Jim Murray's Whisky Bible 2020 _ Rest of Wor,"Diamonds 
Nikka Coffey",expression,0.55,,,,,,301,CREATE
Jim Murray's Whisky Bible 2020 _ Rest of Wor,Yet Jim Murray,expression,0.55,,,,,,301,CREATE
Jim Murray's Whisky Bible 2020 _ Rest of Wor,"Peated 
Hokkaido",expression,0.55,,,,,,302,CREATE
Jim Murray's Whisky Bible 2020 _ Rest of Wor,Dekanta Eigashima The,expression,0.55,,,,port,,302,CREATE
Jim Murray's Whisky Bible 2020 _ Rest of Wor,Kikou Port Ellen,expression,0.55,,,,port,,302,CREATE
Jim Murray's Whisky Bible 2020 _ Rest of Wor,Year. After,distillery,0.55,,,,,,302,CREATE
Jim Murray's Whisky Bible 2020 _ Rest of Wor,Toa Shuzo Co,expression,0.75,20,56,,,,303,CREATE
Jim Murray's Whisky Bible 2020 _ Rest of Wor,"Ltd. 
Ichiro",expression,0.75,20,56,,,,303,CREATE
Jim Murray's Whisky Bible 2020 _ Rest of Wor,Year. But,expression,0.75,,45,,,,304,CREATE
Jim Murray's Whisky Bible 2020 _ Rest of Wor,Get Yoichi,expression,0.55,,,,,,304,CREATE
Jim Murray's Whisky Bible 2020 _ Rest of Wor,"Malts 
All Malt",expression,0.75,,52,,,,305,CREATE
Jim Murray's Whisky Bible 2020 _ Rest of Wor,Hokuto Pure Malt,expression,0.75,12,40,,,,305,CREATE
Jim Murray's Whisky Bible 2020 _ Rest of Wor,Malt Mizunara Wood,expression,0.75,,40,,,,305,CREATE
Jim Murray's Whisky Bible 2020 _ Rest of Wor,Venture Whisky Ltd,expression,0.75,,46,,,,305,CREATE
Jim Murray's Whisky Bible 2020 _ Rest of Wor,Whisky Intense Wood,expression,0.75,,48,,,,305,CREATE
Jim Murray's Whisky Bible 2020 _ Rest of Wor,Pure Malt White,expression,0.75,,43,,oak,,305,CREATE
Jim Murray's Whisky Bible 2020 _ Rest of Wor,Super Nikka Vatted,expression,0.75,,48,,,,305,CREATE
Jim Murray's Whisky Bible 2020 _ Rest of Wor,Coffey Grain Whisky,expression,0.75,,42,,,,306,CREATE
Jim Murray's Whisky Bible 2020 _ Rest of Wor,Anniversary Kiyosato Field,expression,0.75,,45,,,,306,CREATE
Jim Murray's Whisky Bible 2020 _ Rest of Wor,"Blends 
Imperial",expression,0.55,,,,,,307,CREATE
Jim Murray's Whisky Bible 2020 _ Rest of Wor,"Ltd. 
Master",distillery,0.75,10,50,,,,307,CREATE
Jim Murray's Whisky Bible 2020 _ Rest of Wor,Unmistakably Tsuru,expression,0.75,17,,,,,307,CREATE
Jim Murray's Whisky Bible 2020 _ Rest of Wor,Super Nikka,expression,0.75,,40,,,,307,CREATE
Jim Murray's Whisky Bible 2020 _ Rest of Wor,"Yorkshire Distillery 
Livep",distillery,0.55,,,,,,308,CREATE
Jim Murray's Whisky Bible 2020 _ Rest of Wor,Test Batch Sample,distillery,0.55,,,,bourbon,,309,CREATE
Jim Murray's Whisky Bible 2020 _ Rest of Wor,"Welsh Whisky 
However",expression,0.55,,,,,,310,CREATE
Jim Murray's Whisky Bible 2020 _ Rest of Wor,Five Star,expression,0.75,,62,,,,310,CREATE
Jim Murray's Whisky Bible 2020 _ Rest of Wor,Months Old Signature,expression,0.75,,62,,bourbon,,310,CREATE
Jim Murray's Whisky Bible 2020 _ Rest of Wor,Gun Cask Finished,distillery,0.55,,,,,,310,CREATE
Jim Murray's Whisky Bible 2020 _ Rest of Wor,"Mason. 
Cotswolds",expression,0.75,3,46,,,,310,CREATE
Jim Murray's Whisky Bible 2020 _ Rest of Wor,Whisky Inaugural Release,expression,0.75,,60.5,,first fill,,310,CREATE
Jim Murray's Whisky Bible 2020 _ Rest of Wor,Series Peated Cask,expression,0.55,,,,,,312,CREATE
Jim Murray's Whisky Bible 2020 _ Rest of Wor,Unpeated Peated Bourbon,distillery,0.55,,,,bourbon,,314,CREATE
Jim Murray's Whisky Bible 2020 _ Rest of Wor,Batch Release Rum,expression,0.55,,,,,,314,CREATE
Jim Murray's Whisky Bible 2020 _ Rest of Wor,Cask Peated Triple,expression,0.75,,46,,,,314,CREATE
Jim Murray's Whisky Bible 2020 _ Rest of Wor,Cask Unpeated Bourbon,expression,0.75,,56.8,,bourbon,,314,CREATE
Jim Murray's Whisky Bible 2020 _ Rest of Wor,Mitchell Starc,expression,0.75,,43,,,,314,CREATE
Jim Murray's Whisky Bible 2020 _ Rest of Wor,Norfolk. Complicated,distillery,0.55,,,,,,315,CREATE
Jim Murray's Whisky Bible 2020 _ Rest of Wor,Giynhynod Farm,distillery,0.75,,40,,,,316,CREATE
Jim Murray's Whisky Bible 2020 _ Rest of Wor,Grain Welsh Whisky,expression,0.55,,,,,,316,CREATE
Jim Murray's Whisky Bible 2020 _ Rest of Wor,Bryn Terfel,expression,0.55,,,,bourbon,,317,CREATE
Jim Murray's Whisky Bible 2020 _ Rest of Wor,"Switzerland. 
Penderyn",expression,0.75,,58.8,,,,319,CREATE
Jim Murray's Whisky Bible 2020 _ Rest of Wor,Tamy Ndisstous,expression,0.55,,,,,,320,CREATE
Jim Murray's Whisky Bible 2020 _ Rest of Wor,Tre Sout,expression,0.55,,,,,,320,CREATE
Jim Murray's Whisky Bible 2020 _ Rest of Wor,Cache Sims,expression,0.55,,,,,,321,CREATE
Jim Murray's Whisky Bible 2020 _ Rest of Wor,Adams Distillery Tasmanian,distillery,0.75,,55.5,,,,321,CREATE
Jim Murray's Whisky Bible 2020 _ Rest of Wor,Project Wattleseed,distillery,0.55,,,,,,321,CREATE
Jim Murray's Whisky Bible 2020 _ Rest of Wor,Animus Distillery Alpha,distillery,0.55,,,,,,321,CREATE
Jim Murray's Whisky Bible 2020 _ Rest of Wor,Distillery Peated Rye,distillery,0.55,,,,,,322,CREATE
Jim Murray's Whisky Bible 2020 _ Rest of Wor,Rye Shiraz,distillery,0.75,,46.5,,,,322,CREATE
Jim Murray's Whisky Bible 2020 _ Rest of Wor,Corra Linn Distillery,distillery,0.55,,,,,,323,CREATE
Jim Murray's Whisky Bible 2020 _ Rest of Wor,Sandy Bay,distillery,0.75,,52.5,,,,323,CREATE
Jim Murray's Whisky Bible 2020 _ Rest of Wor,Tasmania. Working,distillery,0.75,,52.5,,,,323,CREATE
Jim Murray's Whisky Bible 2020 _ Rest of Wor,Deviant Distillery Anthology,distillery,0.55,,,,,,323,CREATE
Jim Murray's Whisky Bible 2020 _ Rest of Wor,Deviant Distillery Tri,distillery,0.75,,43.7,,,,323,CREATE
Jim Murray's Whisky Bible 2020 _ Rest of Wor,Hobart Whisky Tasmanian,distillery,0.55,,,,,,323,CREATE
Jim Murray's Whisky Bible 2020 _ Rest of Wor,Release American,expression,0.75,,591,,oak,,323,CREATE
Jim Murray's Whisky Bible 2020 _ Rest of Wor,Lapsang Souchong,expression,0.55,,,,,,324,CREATE
Jim Murray's Whisky Bible 2020 _ Rest of Wor,Tasmanian Moonshine Company,expression,0.75,,55.5,,bourbon,,324,CREATE
Jim Murray's Whisky Bible 2020 _ Rest of Wor,Tasmanian Malt Barrel,expression,0.75,,55.5,,,,324,CREATE
Jim Murray's Whisky Bible 2020 _ Rest of Wor,Aged New Make,distillery,0.75,,55.5,,,,324,CREATE
Jim Murray's Whisky Bible 2020 _ Rest of Wor,Distillery Atlantic Crossing,distillery,0.55,,,,port,,325,CREATE
Jim Murray's Whisky Bible 2020 _ Rest of Wor,Bacall Aus,distillery,0.75,,52,,sherry,,325,CREATE
Jim Murray's Whisky Bible 2020 _ Rest of Wor,Legacy Wey River,expression,0.75,,61.6,,oak,,325,CREATE
Jim Murray's Whisky Bible 2020 _ Rest of Wor,Wey River,expression,0.55,,,,oak,,325,CREATE
Jim Murray's Whisky Bible 2020 _ Rest of Wor,Year Old Original,expression,0.75,12,60.8,,,,325,CREATE
Jim Murray's Whisky Bible 2020 _ Rest of Wor,Road Slightly Peated,expression,0.75,10,,,,,326,CREATE
Jim Murray's Whisky Bible 2020 _ Rest of Wor,Ist Release,distillery,0.75,,64.5,,port,,326,CREATE
Jim Murray's Whisky Bible 2020 _ Rest of Wor,The Beagle Tasmanian,expression,0.75,,55,,,,326,CREATE
Jim Murray's Whisky Bible 2020 _ Rest of Wor,Heartwood Night Thief,expression,0.75,,55.4,,sherry,,327,CREATE
Jim Murray's Whisky Bible 2020 _ Rest of Wor,Bill Lark,expression,0.55,,,,,,327,CREATE
Jim Murray's Whisky Bible 2020 _ Rest of Wor,Apera French,distillery,0.55,,,,oak,,327,CREATE
Jim Murray's Whisky Bible 2020 _ Rest of Wor,Whisky Directors Cut,expression,0.75,,65.1,,port,,328,CREATE
Jim Murray's Whisky Bible 2020 _ Rest of Wor,Double Grain Australian,expression,0.75,,41,,wine,,328,CREATE
Jim Murray's Whisky Bible 2020 _ Rest of Wor,Nonesuch Tasmanian Single,distillery,0.75,,40,,bourbon,,328,CREATE
Jim Murray's Whisky Bible 2020 _ Rest of Wor,Tasmania Independent Bottlers,bottler,0.75,,64,,,independent,329,CREATE
Jim Murray's Whisky Bible 2020 _ Rest of Wor,Redlands Release Single,bottler,0.75,,64,,port,independent,329,CREATE
Jim Murray's Whisky Bible 2020 _ Rest of Wor,Old Kempton Redlands,bottler,0.75,,491,,port,independent,329,CREATE
Jim Murray's Whisky Bible 2020 _ Rest of Wor,Sherry Trifles,expression,0.55,,,,oak,,329,CREATE
Jim Murray's Whisky Bible 2020 _ Rest of Wor,Shene Release,expression,0.55,,,,,,329,CREATE
Jim Murray's Whisky Bible 2020 _ Rest of Wor,Rheban Cask Strength,expression,0.55,,,,port,,330,CREATE
Jim Murray's Whisky Bible 2020 _ Rest of Wor,Cove American Oak,distillery,0.55,,,,oak,,330,CREATE
Jim Murray's Whisky Bible 2020 _ Rest of Wor,Muscat French,expression,0.75,,475,,oak,,330,CREATE
Jim Murray's Whisky Bible 2020 _ Rest of Wor,Iniquity Gold Label,expression,0.75,,60,,,,331,CREATE
Jim Murray's Whisky Bible 2020 _ Rest of Wor,Upshot Australian Whiskey,expression,0.75,,64,,,,331,CREATE
Jim Murray's Whisky Bible 2020 _ Rest of Wor,"Sweden. 
Penderyn",expression,0.55,,,,,,332,CREATE
Jim Murray's Whisky Bible 2020 _ Rest of Wor,Cech Republic,expression,0.55,,,,,,332,CREATE
Jim Murray's Whisky Bible 2020 _ Rest of Wor,Denmark. Thy,expression,0.55,,,,,,332,CREATE
Jim Murray's Whisky Bible 2020 _ Rest of Wor,Danes Stauning,expression,0.55,,,,,,332,CREATE
Jim Murray's Whisky Bible 2020 _ Rest of Wor,European Award,expression,0.55,,,,,,332,CREATE
Jim Murray's Whisky Bible 2020 _ Rest of Wor,"Year Winners 
Santis",expression,0.55,,,,,,332,CREATE
Jim Murray's Whisky Bible 2020 _ Rest of Wor,Fine Pure Single,expression,0.55,,,,,,333,CREATE
Jim Murray's Whisky Bible 2020 _ Rest of Wor,Jahre Brennerei,expression,0.55,,,,,,333,CREATE
Jim Murray's Whisky Bible 2020 _ Rest of Wor,Jahre Whisky Jubilaums,expression,0.55,,,,,,333,CREATE
Jim Murray's Whisky Bible 2020 _ Rest of Wor,Mandiberggut Rock Whisky,expression,0.75,5,,,oak,,333,CREATE
Jim Murray's Whisky Bible 2020 _ Rest of Wor,Onting. Working,expression,0.55,,,,,,333,CREATE
Jim Murray's Whisky Bible 2020 _ Rest of Wor,Farthofer Bio,expression,0.55,,,,,,333,CREATE
Jim Murray's Whisky Bible 2020 _ Rest of Wor,Farthofer Nackthafer,expression,0.55,,,,,,334,CREATE
Jim Murray's Whisky Bible 2020 _ Rest of Wor,Birdwiese Acker,expression,0.55,,,,,,334,CREATE
Jim Murray's Whisky Bible 2020 _ Rest of Wor,Farthofer Schlagler Roggen,expression,0.75,,45.7,,,,334,CREATE
Jim Murray's Whisky Bible 2020 _ Rest of Wor,Obere Erlgrube,expression,0.55,,,,,,334,CREATE
Jim Murray's Whisky Bible 2020 _ Rest of Wor,Haag. Working,expression,0.75,,40,,,,334,CREATE
Jim Murray's Whisky Bible 2020 _ Rest of Wor,Rappottenstein. Working,expression,0.75,,43,,,,334,CREATE
Jim Murray's Whisky Bible 2020 _ Rest of Wor,Rogner Waldviertel Whisky,expression,0.75,,43,,,,334,CREATE
Jim Murray's Whisky Bible 2020 _ Rest of Wor,Mmooskirchen. Working,distillery,0.75,,48,,,,334,CREATE
Jim Murray's Whisky Bible 2020 _ Rest of Wor,European Court,expression,0.75,,44,,,,334,CREATE
Jim Murray's Whisky Bible 2020 _ Rest of Wor,Human Rights,expression,0.75,,44,,,,334,CREATE
Jim Murray's Whisky Bible 2020 _ Rest of Wor,Double Wood,expression,0.75,11,,,,,334,CREATE
Jim Murray's Whisky Bible 2020 _ Rest of Wor,Amarone Cask Finish,expression,0.75,7,,,,,335,CREATE
Jim Murray's Whisky Bible 2020 _ Rest of Wor,Feldbach. Working,expression,0.55,,,,,,335,CREATE
Jim Murray's Whisky Bible 2020 _ Rest of Wor,Mehr Leben Brisky,expression,0.55,,,,,,335,CREATE
Jim Murray's Whisky Bible 2020 _ Rest of Wor,Europe. But,expression,0.55,,,,,,335,CREATE
Jim Murray's Whisky Bible 2020 _ Rest of Wor,Lagenrohr. Working,expression,0.75,,40.8,,,,335,CREATE
Jim Murray's Whisky Bible 2020 _ Rest of Wor,Bodding Lokn Blended,expression,0.75,,40.8,,oak,,335,CREATE
Jim Murray's Whisky Bible 2020 _ Rest of Wor,Pedro Ximinez,expression,0.55,,,,oak,,335,CREATE
Jim Murray's Whisky Bible 2020 _ Rest of Wor,Bodding Lokn Double,expression,0.75,,45,,oak,,335,CREATE
Jim Murray's Whisky Bible 2020 _ Rest of Wor,Bodding Lokn Golden,expression,0.75,,55,,,,335,CREATE
Jim Murray's Whisky Bible 2020 _ Rest of Wor,Lagerung Double Cask,expression,0.75,,55,,,,335,CREATE
Jim Murray's Whisky Bible 2020 _ Rest of Wor,Litre Oloroso,expression,0.55,,,,oak,,335,CREATE
Jim Murray's Whisky Bible 2020 _ Rest of Wor,Classic French Limousine,expression,0.75,,49.5,,oak,,335,CREATE
Jim Murray's Whisky Bible 2020 _ Rest of Wor,"European Whisky 
Wachauer",expression,0.55,,,,,,336,CREATE
Jim Murray's Whisky Bible 2020 _ Rest of Wor,Double Oak,expression,0.75,,40,,oak,,336,CREATE
Jim Murray's Whisky Bible 2020 _ Rest of Wor,Wachauer Whisky Multicorn,expression,0.75,,48,,,,336,CREATE
Jim Murray's Whisky Bible 2020 _ Rest of Wor,Wachau. Working,expression,0.75,,40,,,,336,CREATE
Jim Murray's Whisky Bible 2020 _ Rest of Wor,Riedmark. Working,expression,0.75,,43,,,,336,CREATE
Jim Murray's Whisky Bible 2020 _ Rest of Wor,Vorarlberg. Working,expression,0.75,,42,,,,336,CREATE
Jim Murray's Whisky Bible 2020 _ Rest of Wor,Year Old Distillers,distillery,0.75,7,43,,,,336,CREATE
Jim Murray's Whisky Bible 2020 _ Rest of Wor,Tarrenz. Working,expression,0.75,,48,,,,337,CREATE
Jim Murray's Whisky Bible 2020 _ Rest of Wor,Roggenreith. Working,expression,0.75,12,40,,,,337,CREATE
Jim Murray's Whisky Bible 2020 _ Rest of Wor,Rare Selection Rye,expression,0.75,,46,,,,337,CREATE
Jim Murray's Whisky Bible 2020 _ Rest of Wor,Jahre Fassfinish Likorwein,expression,0.75,,46,,,,337,CREATE
Jim Murray's Whisky Bible 2020 _ Rest of Wor,Months Glen Els,expression,0.55,,,,sherry,,338,CREATE
Jim Murray's Whisky Bible 2020 _ Rest of Wor,Firkin Sherry Cask,expression,0.55,,,,sherry,,338,CREATE
Jim Murray's Whisky Bible 2020 _ Rest of Wor,Claude Juncker,expression,0.55,,,,,,338,CREATE
Jim Murray's Whisky Bible 2020 _ Rest of Wor,Guy Verhofstadt,expression,0.75,,72.6,,,,340,CREATE
Jim Murray's Whisky Bible 2020 _ Rest of Wor,Drink Unaged,expression,0.75,,46,,,,340,CREATE
Jim Murray's Whisky Bible 2020 _ Rest of Wor,Malt Origine Unaged,expression,0.75,,46,,,,340,CREATE
Jim Murray's Whisky Bible 2020 _ Rest of Wor,Raeren. Working,expression,0.75,10,46,,,,340,CREATE
Jim Murray's Whisky Bible 2020 _ Rest of Wor,Sunken Still,expression,0.75,4,43,,bourbon,,340,CREATE
Jim Murray's Whisky Bible 2020 _ Rest of Wor,Het Anker,expression,0.55,,,,first fill,,340,CREATE
Jim Murray's Whisky Bible 2020 _ Rest of Wor,Blends Gold Cock,expression,0.75,3,40.7,,,,341,CREATE
Jim Murray's Whisky Bible 2020 _ Rest of Wor,Czech Republic,expression,0.75,,40,,,,341,CREATE
Jim Murray's Whisky Bible 2020 _ Rest of Wor,Assels. Working,expression,0.75,,40,,,,341,CREATE
Jim Murray's Whisky Bible 2020 _ Rest of Wor,Koge. Working,distillery,0.55,,,,,,341,CREATE
Jim Murray's Whisky Bible 2020 _ Rest of Wor,Give. Working,expression,0.55,,,,,,342,CREATE
Jim Murray's Whisky Bible 2020 _ Rest of Wor,Nimbus The Kolding,distillery,0.55,,,,,,345,CREATE
Jim Murray's Whisky Bible 2020 _ Rest of Wor,Rye Malt Release,expression,0.75,,100,,oak,,345,CREATE
Jim Murray's Whisky Bible 2020 _ Rest of Wor,Sgoil Sherry Cask,expression,0.55,,,,sherry,,345,CREATE
Jim Murray's Whisky Bible 2020 _ Rest of Wor,But Finns,expression,0.75,,43,,,,346,CREATE
Jim Murray's Whisky Bible 2020 _ Rest of Wor,Whisky Alsacien Premium,expression,0.55,,,,,,346,CREATE
Jim Murray's Whisky Bible 2020 _ Rest of Wor,Vilanova New Spirit,expression,0.75,,44,,,,346,CREATE
Jim Murray's Whisky Bible 2020 _ Rest of Wor,Laguiole. Working,expression,0.75,,45,,,,346,CREATE
Jim Murray's Whisky Bible 2020 _ Rest of Wor,Espirit De Twelve,expression,0.75,,45,,port,,346,CREATE
Jim Murray's Whisky Bible 2020 _ Rest of Wor,Hautes Glaces Flavis,expression,0.55,,,,,,347,CREATE
Jim Murray's Whisky Bible 2020 _ Rest of Wor,Hautes Glaces Moissons,expression,0.55,,,,,,347,CREATE
Jim Murray's Whisky Bible 2020 _ Rest of Wor,Eddu Grey Rock,expression,0.75,,43,,,,347,CREATE
Jim Murray's Whisky Bible 2020 _ Rest of Wor,Affinage Porto,expression,0.75,,40,,oak,,347,CREATE
Jim Murray's Whisky Bible 2020 _ Rest of Wor,Lascaw Aged,expression,0.75,12,40,,,,347,CREATE
Jim Murray's Whisky Bible 2020 _ Rest of Wor,Ribeawville. Working,expression,0.75,8,40,,,,347,CREATE
Jim Murray's Whisky Bible 2020 _ Rest of Wor,"European Whisky 
Glenn",expression,0.55,,,,,,348,CREATE
Jim Murray's Whisky Bible 2020 _ Rest of Wor,Mor Maris Otter,expression,0.55,,,,bourbon,,348,CREATE
Jim Murray's Whisky Bible 2020 _ Rest of Wor,Komog Sauternes Cask,expression,0.75,,46,,,,349,CREATE
Jim Murray's Whisky Bible 2020 _ Rest of Wor,Usually Sauternes,expression,0.75,,46,,,,349,CREATE
Jim Murray's Whisky Bible 2020 _ Rest of Wor,Malt Doble Fat,expression,0.55,,,,,,349,CREATE
Jim Murray's Whisky Bible 2020 _ Rest of Wor,Malt Doble Fit,expression,0.75,,42,,,,349,CREATE
Jim Murray's Whisky Bible 2020 _ Rest of Wor,Pinot Gris,expression,0.55,,,,,,349,CREATE
Jim Murray's Whisky Bible 2020 _ Rest of Wor,"European Whisky 
Authentic",expression,0.55,,,,,,350,CREATE
Jim Murray's Whisky Bible 2020 _ Rest of Wor,Circle Pinot Noir,expression,0.55,,,,,,350,CREATE
Jim Murray's Whisky Bible 2020 _ Rest of Wor,Hades. But,expression,0.55,,,,,,350,CREATE
Jim Murray's Whisky Bible 2020 _ Rest of Wor,Malt Timeless Intemporel,expression,0.55,,,,,,350,CREATE
Jim Murray's Whisky Bible 2020 _ Rest of Wor,Whisky Origine Aged,expression,0.75,7,40,,,,350,CREATE
Jim Murray's Whisky Bible 2020 _ Rest of Wor,Blend Superieur,expression,0.55,,,,,,350,CREATE
Jim Murray's Whisky Bible 2020 _ Rest of Wor,Blend Superieur Affinage,expression,0.55,,,,,,350,CREATE
Jim Murray's Whisky Bible 2020 _ Rest of Wor,Sauternes Finition,expression,0.55,,,,,,350,CREATE
Jim Murray's Whisky Bible 2020 _ Rest of Wor,Affinage En Fut,expression,0.75,,40,,,,350,CREATE
Jim Murray's Whisky Bible 2020 _ Rest of Wor,Fut De Bourgogne,expression,0.55,,,,,,350,CREATE
Jim Murray's Whisky Bible 2020 _ Rest of Wor,En Fut Sauternes,expression,0.55,,,,,,350,CREATE
Jim Murray's Whisky Bible 2020 _ Rest of Wor,"Finition 
Pinot Noir",expression,0.55,,,,,,350,CREATE
Jim Murray's Whisky Bible 2020 _ Rest of Wor,Aux Particules Vimes,expression,0.75,,48,,,,351,CREATE
Jim Murray's Whisky Bible 2020 _ Rest of Wor,Verre Printanier Single,expression,0.75,,46,,,,351,CREATE
Jim Murray's Whisky Bible 2020 _ Rest of Wor,"Blends 
Moon Harbour",expression,0.75,,55,,,,351,CREATE
Jim Murray's Whisky Bible 2020 _ Rest of Wor,"European Whisky 
Vatted",expression,0.55,,,,,,352,CREATE
Jim Murray's Whisky Bible 2020 _ Rest of Wor,Grain Fin,expression,0.55,,,,,,352,CREATE
Jim Murray's Whisky Bible 2020 _ Rest of Wor,Rushburn Frankonian Single,expression,0.75,,50,,,,352,CREATE
Jim Murray's Whisky Bible 2020 _ Rest of Wor,Bremen. Working,expression,0.75,5,49,,,,352,CREATE
Jim Murray's Whisky Bible 2020 _ Rest of Wor,Stube Spirit,expression,0.75,,55,,,,352,CREATE
Jim Murray's Whisky Bible 2020 _ Rest of Wor,Albdinkel Jamaika,expression,0.55,,,,,,352,CREATE
Jim Murray's Whisky Bible 2020 _ Rest of Wor,Whisky Vom Bellerhof,expression,0.55,,,,,,352,CREATE
Jim Murray's Whisky Bible 2020 _ Rest of Wor,French Pineau,expression,0.75,,40,,,,353,CREATE
Jim Murray's Whisky Bible 2020 _ Rest of Wor,Not Islay,expression,0.55,,,islay,,,353,CREATE
Jim Murray's Whisky Bible 2020 _ Rest of Wor,Wasseralfingen. Working,expression,0.75,,65.2,,,,353,CREATE
Jim Murray's Whisky Bible 2020 _ Rest of Wor,Suebisch Cask Strength,expression,0.55,,,,,,353,CREATE
Jim Murray's Whisky Bible 2020 _ Rest of Wor,Gilors Port Cask,expression,0.75,,57,,port,,353,CREATE
Jim Murray's Whisky Bible 2020 _ Rest of Wor,Sherry Finish Islay,expression,0.75,,45,islay,sherry,,353,CREATE
Jim Murray's Whisky Bible 2020 _ Rest of Wor,Whisky Sherry Fass,expression,0.75,,45,,sherry,,354,CREATE
Jim Murray's Whisky Bible 2020 _ Rest of Wor,Whesskey Hessischer Blend,expression,0.75,,44,,,,354,CREATE
Jim Murray's Whisky Bible 2020 _ Rest of Wor,Whesskey Hessischer Corn,expression,0.75,,44,,,,354,CREATE
Jim Murray's Whisky Bible 2020 _ Rest of Wor,Whesskey Hessischer Rye,expression,0.75,,44,,,,354,CREATE
Jim Murray's Whisky Bible 2020 _ Rest of Wor,Whesskey Hessischer Single,expression,0.75,,44,,,,354,CREATE
Jim Murray's Whisky Bible 2020 _ Rest of Wor,Giitenbach. Working,expression,0.75,,40,,,,354,CREATE
Jim Murray's Whisky Bible 2020 _ Rest of Wor,Jahre Holzfass,expression,0.55,,,,,,354,CREATE
Jim Murray's Whisky Bible 2020 _ Rest of Wor,Jahre Holzfass Sherry,expression,0.75,,43,,sherry,,354,CREATE
Jim Murray's Whisky Bible 2020 _ Rest of Wor,Jahre Holzfass Madeira,expression,0.75,,46,,,,354,CREATE
Jim Murray's Whisky Bible 2020 _ Rest of Wor,Jahre Holzfass Moscatel,expression,0.75,,46,,,,354,CREATE
Jim Murray's Whisky Bible 2020 _ Rest of Wor,Jahre Barrique Barrel,expression,0.55,,,,,,355,CREATE
Jim Murray's Whisky Bible 2020 _ Rest of Wor,Bad Diirkheim,expression,0.75,,45.3,,,,355,CREATE
Jim Murray's Whisky Bible 2020 _ Rest of Wor,Mor Peated Torf,expression,0.55,,,,bourbon,,355,CREATE
Jim Murray's Whisky Bible 2020 _ Rest of Wor,Ralf Hauer,expression,0.75,,598,,,,355,CREATE
Jim Murray's Whisky Bible 2020 _ Rest of Wor,Feltbach. Working,expression,0.75,,45,,,,355,CREATE
Jim Murray's Whisky Bible 2020 _ Rest of Wor,Hofmeister Schwabischer Malt,expression,0.55,,,,,,355,CREATE
Jim Murray's Whisky Bible 2020 _ Rest of Wor,Hofmeister Schwabischer Rye,expression,0.75,,42,,,,355,CREATE
Jim Murray's Whisky Bible 2020 _ Rest of Wor,Berg. Working,expression,0.75,,40,,oak,,355,CREATE
Jim Murray's Whisky Bible 2020 _ Rest of Wor,"European Whisky 
Palatinatus",expression,0.55,,,,,,356,CREATE
Jim Murray's Whisky Bible 2020 _ Rest of Wor,Whisky German Oak,expression,0.55,,,,oak,,356,CREATE
Jim Murray's Whisky Bible 2020 _ Rest of Wor,Rickenbach. Working,expression,0.55,,,,,,356,CREATE
Jim Murray's Whisky Bible 2020 _ Rest of Wor,Senft Whisky Edition,expression,0.75,,42,,,,356,CREATE
Jim Murray's Whisky Bible 2020 _ Rest of Wor,Eigenwillig Rebell Der,expression,0.55,,,,,,356,CREATE
Jim Murray's Whisky Bible 2020 _ Rest of Wor,Dirker Whisky Aged,expression,0.75,3,45,,bourbon,,356,CREATE
Jim Murray's Whisky Bible 2020 _ Rest of Wor,Koblenz. Working,expression,0.75,,53,,,,356,CREATE
Jim Murray's Whisky Bible 2020 _ Rest of Wor,Jahre Alt,expression,0.55,,,,refill,,356,CREATE
Jim Murray's Whisky Bible 2020 _ Rest of Wor,German Single Peated,expression,0.55,,,,refill,,356,CREATE
Jim Murray's Whisky Bible 2020 _ Rest of Wor,"Germany 
Eifel Roggen",expression,0.55,,,,,,357,CREATE
Jim Murray's Whisky Bible 2020 _ Rest of Wor,Whisky Regional Serie,expression,0.55,,,,first fill,,357,CREATE
Jim Murray's Whisky Bible 2020 _ Rest of Wor,Pinot Noir Barrique,expression,0.55,,,,first fill,,357,CREATE
Jim Murray's Whisky Bible 2020 _ Rest of Wor,Serie Hohes Venn,expression,0.75,,46,,first fill,,357,CREATE
Jim Murray's Whisky Bible 2020 _ Rest of Wor,Serie Smoky Blend,expression,0.75,,50,,sherry,,357,CREATE
Jim Murray's Whisky Bible 2020 _ Rest of Wor,Serie Single Rye,expression,0.75,,50,,,,357,CREATE
Jim Murray's Whisky Bible 2020 _ Rest of Wor,Regional Serie Moseltaler,expression,0.75,,50,,first fill,,357,CREATE
Jim Murray's Whisky Bible 2020 _ Rest of Wor,Weisswein Barrique,expression,0.55,,,,first fill,,357,CREATE
Jim Murray's Whisky Bible 2020 _ Rest of Wor,Grafenberg. Working,expression,0.75,,46,,,,357,CREATE
Jim Murray's Whisky Bible 2020 _ Rest of Wor,Donau. Working,expression,0.55,,,,,,358,CREATE
Jim Murray's Whisky Bible 2020 _ Rest of Wor,Whisky One Decade,expression,0.75,,54,,,,358,CREATE
Jim Murray's Whisky Bible 2020 _ Rest of Wor,Kronberger Genuss,expression,0.75,4,51,,sherry,,358,CREATE
Jim Murray's Whisky Bible 2020 _ Rest of Wor,Bochott. Working,expression,0.55,,,,,,358,CREATE
Jim Murray's Whisky Bible 2020 _ Rest of Wor,Miinsterlander Single Grain,expression,0.75,7,,,,,358,CREATE
Jim Murray's Whisky Bible 2020 _ Rest of Wor,Zorge. Working,expression,0.75,,43,,,,358,CREATE
Jim Murray's Whisky Bible 2020 _ Rest of Wor,The Alrik Harz,expression,0.75,,43,,,,358,CREATE
Jim Murray's Whisky Bible 2020 _ Rest of Wor,Yquem Sauternes Casks,expression,0.75,5,53,,,,358,CREATE
Jim Murray's Whisky Bible 2020 _ Rest of Wor,Claret Aged,expression,0.75,5,56,,,,358,CREATE
Jim Murray's Whisky Bible 2020 _ Rest of Wor,The Handfilled Sherry,expression,0.75,,73,,sherry,,358,CREATE
Jim Murray's Whisky Bible 2020 _ Rest of Wor,Firkin Ltd Release,expression,0.75,,73,,sherry,,358,CREATE
Jim Murray's Whisky Bible 2020 _ Rest of Wor,Sherry Casks Aged,expression,0.75,10,77,,sherry,,358,CREATE
Jim Murray's Whisky Bible 2020 _ Rest of Wor,Tokaji Casks Aged,expression,0.75,5,496,,butt,,358,CREATE
Jim Murray's Whisky Bible 2020 _ Rest of Wor,Bourbon Barrel Aged,expression,0.55,,,,bourbon,,358,CREATE
Jim Murray's Whisky Bible 2020 _ Rest of Wor,"Germany 
Ayrer",expression,0.55,,,,sherry,,359,CREATE
Jim Murray's Whisky Bible 2020 _ Rest of Wor,Sherry Cask Finished,expression,0.55,,,,sherry,,359,CREATE
Jim Murray's Whisky Bible 2020 _ Rest of Wor,Owl Feinster Frankischer,expression,0.75,,43,,,,359,CREATE
Jim Murray's Whisky Bible 2020 _ Rest of Wor,Biberach. Working,expression,0.75,,46,,,,359,CREATE
Jim Murray's Whisky Bible 2020 _ Rest of Wor,Derrina Einkorn Schwarzwalder,expression,0.55,,,,,,359,CREATE
Jim Murray's Whisky Bible 2020 _ Rest of Wor,Derrina Gerstenmalz Torfrauch,expression,0.75,,43,,,,359,CREATE
Jim Murray's Whisky Bible 2020 _ Rest of Wor,Derrina Griinkern Schwarzwalder,distillery,0.75,,43,,,,359,CREATE
Jim Murray's Whisky Bible 2020 _ Rest of Wor,Derrina Hafer Schwarzwalder,expression,0.75,,43,,,,359,CREATE
Jim Murray's Whisky Bible 2020 _ Rest of Wor,Derrina Karamell,expression,0.75,,43,,,,359,CREATE
Jim Murray's Whisky Bible 2020 _ Rest of Wor,Malz Gerste Schwarzwalder,expression,0.75,,43,,,,359,CREATE
Jim Murray's Whisky Bible 2020 _ Rest of Wor,Malz Roggen Schwarzwalder,expression,0.55,,,,,,359,CREATE
Jim Murray's Whisky Bible 2020 _ Rest of Wor,Malz Weizen Schwarzwalder,expression,0.75,,43,,,,359,CREATE
Jim Murray's Whisky Bible 2020 _ Rest of Wor,Derrina Khourasan Ur,expression,0.55,,,,,,359,CREATE
Jim Murray's Whisky Bible 2020 _ Rest of Wor,Weizen Schwarzwalder Single,expression,0.55,,,,,,359,CREATE
Jim Murray's Whisky Bible 2020 _ Rest of Wor,Quarter Cask Finish,expression,0.75,,42,,quarter,,360,CREATE
Jim Murray's Whisky Bible 2020 _ Rest of Wor,Unteralpfen. Working,expression,0.75,3,,,,,360,CREATE
Jim Murray's Whisky Bible 2020 _ Rest of Wor,Taranis Pfalzer Single,expression,0.75,5,,,,,360,CREATE
Jim Murray's Whisky Bible 2020 _ Rest of Wor,Nine Springs Single,expression,0.75,3,,,,,360,CREATE
Jim Murray's Whisky Bible 2020 _ Rest of Wor,Cask Pineau Des,expression,0.55,,,,,,360,CREATE
Jim Murray's Whisky Bible 2020 _ Rest of Wor,Peated Breeze Edition,expression,0.75,,579,,wine,,361,CREATE
Jim Murray's Whisky Bible 2020 _ Rest of Wor,Thousand Mountains Mc,expression,0.55,,,,,,361,CREATE
Jim Murray's Whisky Bible 2020 _ Rest of Wor,Bavarian Single Grain,expression,0.55,,,,,,361,CREATE
Jim Murray's Whisky Bible 2020 _ Rest of Wor,Neuhaus. Working,expression,0.75,,40,,sherry,,361,CREATE
Jim Murray's Whisky Bible 2020 _ Rest of Wor,Malt Sherry Edition,expression,0.55,,,,sherry,,361,CREATE
Jim Murray's Whisky Bible 2020 _ Rest of Wor,"German 
Napoleon",expression,0.75,2,100,,oak,,362,CREATE
Jim Murray's Whisky Bible 2020 _ Rest of Wor,Riidenau. Working,expression,0.75,,55,,,,362,CREATE
Jim Murray's Whisky Bible 2020 _ Rest of Wor,Turf Dog Cask,expression,0.55,,,,,,362,CREATE
Jim Murray's Whisky Bible 2020 _ Rest of Wor,Liter Jamaica,expression,0.55,,,,,,362,CREATE
Jim Murray's Whisky Bible 2020 _ Rest of Wor,Months Old Islay,expression,0.55,,,islay,,,363,CREATE
Jim Murray's Whisky Bible 2020 _ Rest of Wor,Months Old Amarone,expression,0.55,,,,,,363,CREATE
Jim Murray's Whisky Bible 2020 _ Rest of Wor,Months Old France,expression,0.55,,,,,,363,CREATE
Jim Murray's Whisky Bible 2020 _ Rest of Wor,Kolitzheim. Working,expression,0.75,,43,,,,363,CREATE
Jim Murray's Whisky Bible 2020 _ Rest of Wor,Pure Rye Malt,expression,0.55,,,,,,363,CREATE
Jim Murray's Whisky Bible 2020 _ Rest of Wor,Teck. Working,expression,0.75,,467,,port,,363,CREATE
Jim Murray's Whisky Bible 2020 _ Rest of Wor,Tecker Single Grain,expression,0.75,5,43,,,,363,CREATE
Jim Murray's Whisky Bible 2020 _ Rest of Wor,Toscana Il Caberlot,expression,0.55,,,,,,363,CREATE
Jim Murray's Whisky Bible 2020 _ Rest of Wor,Rotwein Cask Finish,expression,0.55,,,,,,363,CREATE
Jim Murray's Whisky Bible 2020 _ Rest of Wor,Bayerische Weihnacht,expression,0.55,,,,,,364,CREATE
Jim Murray's Whisky Bible 2020 _ Rest of Wor,Sherry Quarter Cask,expression,0.75,,46,,sherry,,364,CREATE
Jim Murray's Whisky Bible 2020 _ Rest of Wor,Eggoisheim. Working,expression,0.75,,44,,,,364,CREATE
Jim Murray's Whisky Bible 2020 _ Rest of Wor,Fassstarke German,expression,0.75,,40.4,,oak,,364,CREATE
Jim Murray's Whisky Bible 2020 _ Rest of Wor,Griiner Hund Single,expression,0.75,16,45.2,,oak,,364,CREATE
Jim Murray's Whisky Bible 2020 _ Rest of Wor,Jubilaums Abfiillung,expression,0.75,16,42.1,,,,364,CREATE
Jim Murray's Whisky Bible 2020 _ Rest of Wor,Seute Deern Single,expression,0.75,,40,,oak,,365,CREATE
Jim Murray's Whisky Bible 2020 _ Rest of Wor,Sylter Ellenbrogen Single,expression,0.75,,40,,oak,,365,CREATE
Jim Murray's Whisky Bible 2020 _ Rest of Wor,Trader Sylter Single,expression,0.75,,43.5,,,,365,CREATE
Jim Murray's Whisky Bible 2020 _ Rest of Wor,Kahigrund Whisky Blend,expression,0.75,,56.5,,,,365,CREATE
Jim Murray's Whisky Bible 2020 _ Rest of Wor,German Vatted Malt,expression,0.75,,46,,,,365,CREATE
Jim Murray's Whisky Bible 2020 _ Rest of Wor,Mazel Tov,expression,0.75,,46,,,,365,CREATE
Jim Murray's Whisky Bible 2020 _ Rest of Wor,Bozen. Working,distillery,0.75,,43,,,,366,CREATE
Jim Murray's Whisky Bible 2020 _ Rest of Wor,Nero Italian Single,expression,0.55,,,,,,366,CREATE
Jim Murray's Whisky Bible 2020 _ Rest of Wor,Pinot Nero,expression,0.55,,,,,,366,CREATE
Jim Murray's Whisky Bible 2020 _ Rest of Wor,Riga. Working,expression,0.75,,43,,,,366,CREATE
Jim Murray's Whisky Bible 2020 _ Rest of Wor,Double Grain,expression,0.55,,,,,,366,CREATE
Jim Murray's Whisky Bible 2020 _ Rest of Wor,Diedenacker Number One,expression,0.75,5,,,,,366,CREATE
Jim Murray's Whisky Bible 2020 _ Rest of Wor,Nassau. Working,expression,0.55,,,,,,367,CREATE
Jim Murray's Whisky Bible 2020 _ Rest of Wor,Years French Oak,expression,0.75,10,,,oak,,367,CREATE
Jim Murray's Whisky Bible 2020 _ Rest of Wor,Whisky Double Sherry,expression,0.55,,,,sherry,,367,CREATE
Jim Murray's Whisky Bible 2020 _ Rest of Wor,Double Maturation American,expression,0.75,,46,,oak,,367,CREATE
Jim Murray's Whisky Bible 2020 _ Rest of Wor,World War Three,expression,0.55,,,,,,367,CREATE
Jim Murray's Whisky Bible 2020 _ Rest of Wor,"European Whisky 
Nestville",expression,0.75,9,,,,,368,CREATE
Jim Murray's Whisky Bible 2020 _ Rest of Wor,For Nestville Open,expression,0.75,8,63.9,,,,368,CREATE
Jim Murray's Whisky Bible 2020 _ Rest of Wor,Europe. Some,expression,0.55,,,,,,368,CREATE
Jim Murray's Whisky Bible 2020 _ Rest of Wor,Like Segovia,distillery,0.55,,,,,,368,CREATE
Jim Murray's Whisky Bible 2020 _ Rest of Wor,Whisky Puro Malta,expression,0.75,,40,,,,368,CREATE
Jim Murray's Whisky Bible 2020 _ Rest of Wor,Havdhem. Working,expression,0.75,,40,,,,368,CREATE
Jim Murray's Whisky Bible 2020 _ Rest of Wor,Dalvve The Signature,distillery,0.75,,54.5,,bourbon,,368,CREATE
Jim Murray's Whisky Bible 2020 _ Rest of Wor,Dalvve Sherry Influence,distillery,0.75,,46,,sherry,,368,CREATE
Jim Murray's Whisky Bible 2020 _ Rest of Wor,Quercus Ill Petraea,distillery,0.75,,48,,bourbon,,368,CREATE
Jim Murray's Whisky Bible 2020 _ Rest of Wor,Superb. There,expression,0.55,,,,bourbon,,369,CREATE
Jim Murray's Whisky Bible 2020 _ Rest of Wor,Sweden. Here,expression,0.55,,,,,,369,CREATE
Jim Murray's Whisky Bible 2020 _ Rest of Wor,Bodas Mine,expression,0.55,,,,wine,,369,CREATE
Jim Murray's Whisky Bible 2020 _ Rest of Wor,Bodas Gruva,expression,0.55,,,,wine,,369,CREATE
Jim Murray's Whisky Bible 2020 _ Rest of Wor,Sweden. Before,expression,0.55,,,,oak,,370,CREATE
Jim Murray's Whisky Bible 2020 _ Rest of Wor,Cinderella Whisky Fair,expression,0.75,,61.6,,,,370,CREATE
Jim Murray's Whisky Bible 2020 _ Rest of Wor,"Anniversary. 
Roslagswhisky",expression,0.55,,,,sherry,,370,CREATE
Jim Murray's Whisky Bible 2020 _ Rest of Wor,Hunnebostrand. Working,expression,0.75,5,,,,,371,CREATE
Jim Murray's Whisky Bible 2020 _ Rest of Wor,Sherry Quaters,expression,0.75,5,,,sherry,,371,CREATE
Jim Murray's Whisky Bible 2020 _ Rest of Wor,Another Russian,distillery,0.55,,,,,,371,CREATE
Jim Murray's Whisky Bible 2020 _ Rest of Wor,Liithy Pure Swiss,expression,0.55,,,,,,371,CREATE
Jim Murray's Whisky Bible 2020 _ Rest of Wor,Herr Liithy Pure,expression,0.75,,43,,,,371,CREATE
Jim Murray's Whisky Bible 2020 _ Rest of Wor,Eschenmosen. Working,expression,0.55,,,,,,372,CREATE
Jim Murray's Whisky Bible 2020 _ Rest of Wor,Tsyri Ziircher Swiss,expression,0.75,5,,,,,372,CREATE
Jim Murray's Whisky Bible 2020 _ Rest of Wor,Appenzell. Working,expression,0.75,,40,,oak,,372,CREATE
Jim Murray's Whisky Bible 2020 _ Rest of Wor,Whisky Club Melchnau,expression,0.75,,40,,,,372,CREATE
Jim Murray's Whisky Bible 2020 _ Rest of Wor,Luzerner Hinterlander Single,expression,0.75,,40,,,,372,CREATE
Jim Murray's Whisky Bible 2020 _ Rest of Wor,Europe. Hats,expression,0.55,,,,,,372,CREATE
Jim Murray's Whisky Bible 2020 _ Rest of Wor,Edi Bieri,expression,0.75,,42,,,,372,CREATE
Jim Murray's Whisky Bible 2020 _ Rest of Wor,Zug. Working,expression,0.75,7,40,,,,372,CREATE
Jim Murray's Whisky Bible 2020 _ Rest of Wor,Gossau. Working,expression,0.75,,40,,sherry,,373,CREATE
Jim Murray's Whisky Bible 2020 _ Rest of Wor,Raetia Prima Single,distillery,0.55,,,,,,373,CREATE
Jim Murray's Whisky Bible 2020 _ Rest of Wor,Raetia Secunda Single,expression,0.75,,54.9,,,,373,CREATE
Jim Murray's Whisky Bible 2020 _ Rest of Wor,Raetia Terza Single,expression,0.75,,64.1,,,,373,CREATE
Jim Murray's Whisky Bible 2020 _ Rest of Wor,Aargau. Working,distillery,0.75,,58.5,,oak,,373,CREATE
Jim Murray's Whisky Bible 2020 _ Rest of Wor,Whisky Tokaj Finish,expression,0.55,,,,,,373,CREATE
Jim Murray's Whisky Bible 2020 _ Rest of Wor,Kanton Bern,distillery,0.75,10,40,,,,373,CREATE
Jim Murray's Whisky Bible 2020 _ Rest of Wor,Bott Okt,expression,0.55,,,,sherry,,373,CREATE
Jim Murray's Whisky Bible 2020 _ Rest of Wor,Avola Cask Finish,expression,0.55,,,,,,374,CREATE
Jim Murray's Whisky Bible 2020 _ Rest of Wor,Zambujeiro Cask Matured,expression,0.75,,46,,,,374,CREATE
Jim Murray's Whisky Bible 2020 _ Rest of Wor,Finish Oloroso,expression,0.75,,62.8,,sherry,,374,CREATE
Jim Murray's Whisky Bible 2020 _ Rest of Wor,Double Wood Finish,distillery,0.55,,,,,,375,CREATE
Jim Murray's Whisky Bible 2020 _ Rest of Wor,Malt Peated Port,expression,0.75,,58.7,,port,,375,CREATE
Jim Murray's Whisky Bible 2020 _ Rest of Wor,Buobental. Working,expression,0.75,,41,,,,375,CREATE
Jim Murray's Whisky Bible 2020 _ Rest of Wor,Whisky Finest Pure,expression,0.75,8,,,,,375,CREATE
Jim Murray's Whisky Bible 2020 _ Rest of Wor,Eifingen. Working,expression,0.75,,40,,,,375,CREATE
Jim Murray's Whisky Bible 2020 _ Rest of Wor,Malt Edition Kaser,expression,0.55,,,,,,375,CREATE
Jim Murray's Whisky Bible 2020 _ Rest of Wor,European Championships,expression,0.55,,,,,,375,CREATE
Jim Murray's Whisky Bible 2020 _ Rest of Wor,"European Blends 
Black",expression,0.75,,43,,,,375,CREATE
Jim Murray's Whisky Bible 2020 _ Rest of Wor,Nomad Outland Whisky,expression,0.75,,45,,,,375,CREATE
Jim Murray's Whisky Bible 2020 _ Rest of Wor,"Oat 
Peated 
Smoked",expression,0.55,,,,,,376,CREATE
Jim Murray's Whisky Bible 2020 _ Rest of Wor,"Organic 
Cask 
Matured",expression,0.55,,,,,,376,CREATE
Jim Murray's Whisky Bible 2020 _ Rest of Wor,"Finish 
Double Maturation",expression,0.55,,,,oak,,376,CREATE
Jim Murray's Whisky Bible 2020 _ Rest of Wor,"Years 
Months 
Days",expression,0.55,,,,oak,,376,CREATE
Jim Murray's Whisky Bible 2020 _ Rest of Wor,"Chill Filtration 
Non",expression,0.55,,,,oak,,376,CREATE
Jim Murray's Whisky Bible 2020 _ Rest of Wor,"Chill Filtered 
No",expression,0.55,,,,,,376,CREATE
Jim Murray's Whisky Bible 2020 _ Rest of Wor,"Date 
Alcohol",expression,0.55,,,,,,376,CREATE
Jim Murray's Whisky Bible 2020 _ Rest of Wor,"Malz 
Getreide 
Weizen",expression,0.55,,,,,,376,CREATE
Jim Murray's Whisky Bible 2020 _ Rest of Wor,"Gerste 
Roggen 
Dinkel",expression,0.55,,,,,,376,CREATE
Jim Murray's Whisky Bible 2020 _ Rest of Wor,Edition Kavalan Solist,expression,0.55,,,,sherry,,378,CREATE
Jim Murray's Whisky Bible 2020 _ Rest of Wor,Heartwood Port,expression,0.75,,46,,port,,378,CREATE
Jim Murray's Whisky Bible 2020 _ Rest of Wor,Bourbon Cask Bakery,distillery,0.55,,,,bourbon,,378,CREATE
Jim Murray's Whisky Bible 2020 _ Rest of Wor,"Blends 
Breeders Choice",expression,0.55,,,,,,379,CREATE
Jim Murray's Whisky Bible 2020 _ Rest of Wor,Durfee Hall Malt,distillery,0.75,,40,,,,379,CREATE
Jim Murray's Whisky Bible 2020 _ Rest of Wor,Premium Spirit Himalayan,expression,0.75,,39.1,,,,379,CREATE
Jim Murray's Whisky Bible 2020 _ Rest of Wor,Neelakanta Rao Jagdale,expression,0.75,,48,,,,380,CREATE
Jim Murray's Whisky Bible 2020 _ Rest of Wor,Select Cask Peated,expression,0.55,,,,,,381,CREATE
Jim Murray's Whisky Bible 2020 _ Rest of Wor,Finish American,distillery,0.55,,,,sherry,,381,CREATE
Jim Murray's Whisky Bible 2020 _ Rest of Wor,"Blends 
Signature",expression,0.75,,43,,,,381,CREATE
Jim Murray's Whisky Bible 2020 _ Rest of Wor,"Blends 
Knights",expression,0.75,,40,,,,382,CREATE
Jim Murray's Whisky Bible 2020 _ Rest of Wor,Knights Aged,expression,0.75,3,43,,,,382,CREATE
Jim Murray's Whisky Bible 2020 _ Rest of Wor,Select Aged,expression,0.75,5,43,,,,382,CREATE
Jim Murray's Whisky Bible 2020 _ Rest of Wor,"Wine Cask 
Matured",expression,0.55,,,,wine,,382,CREATE
Jim Murray's Whisky Bible 2020 _ Rest of Wor,Anniversary Bordeaux Pauillac,expression,0.75,,578,,wine,,382,CREATE
Jim Murray's Whisky Bible 2020 _ Rest of Wor,Bourbon Oak,expression,0.55,,,,bourbon,,383,CREATE
Jim Murray's Whisky Bible 2020 _ Rest of Wor,Finish Concertmaster,expression,0.75,,40,,port,,383,CREATE
Jim Murray's Whisky Bible 2020 _ Rest of Wor,Whisky Sherry Oak,expression,0.55,,,,sherry,,383,CREATE
Jim Murray's Whisky Bible 2020 _ Rest of Wor,Cask Strength Manzanilla,expression,0.75,,571,,sherry,,383,CREATE
Jim Murray's Whisky Bible 2020 _ Rest of Wor,Cask Strength Moscatel,expression,0.55,,,,sherry,,383,CREATE
Jim Murray's Whisky Bible 2020 _ Rest of Wor,Cask Strength Pedro,expression,0.75,,56.3,,sherry,,383,CREATE
Jim Murray's Whisky Bible 2020 _ Rest of Wor,Ximenez Sherry Cask,expression,0.55,,,,sherry,,383,CREATE
Jim Murray's Whisky Bible 2020 _ Rest of Wor,Years Ill Bourbon,distillery,0.75,8,,,bourbon,,384,CREATE
Jim Murray's Whisky Bible 2020 _ Rest of Wor,Cross Country Vatted,expression,0.55,,,,,,385,CREATE
Jim Murray's Whisky Bible 2020 _ Rest of Wor,Cask Strength Lychee,distillery,0.75,,56,,,,385,CREATE
Jim Murray's Whisky Bible 2020 _ Rest of Wor,Liqueur Barrel Finished,distillery,0.55,,,,,,385,CREATE
Jim Murray's Whisky Bible 2020 _ Rest of Wor,Cask Strength Plum,distillery,0.75,,55,,,,385,CREATE
Jim Murray's Whisky Bible 2020 _ Rest of Wor,Cask Strength Sherry,distillery,0.75,,53,,sherry,,385,CREATE
Jim Murray's Whisky Bible 2020 _ Rest of Wor,Solera Sherry Cask,distillery,0.55,,,,sherry,,385,CREATE
Jim Murray's Whisky Bible 2020 _ Rest of Wor,Cask Strength Black,distillery,0.75,,52.1,,wine,,385,CREATE
Jim Murray's Whisky Bible 2020 _ Rest of Wor,Queen Wine Barrel,distillery,0.55,,,,wine,,385,CREATE
Jim Murray's Whisky Bible 2020 _ Rest of Wor,Sir John Moore,expression,0.75,,40,,,,385,CREATE
Jim Murray's Whisky Bible 2020 _ Rest of Wor,Sansutex Alimentacion,expression,0.75,,40,,sherry,,385,CREATE
Jim Murray's Whisky Bible 2020 _ Rest of Wor,Shot Barrel Aged,expression,0.55,,,,,,385,CREATE
Jim Murray's Whisky Bible 2020 _ Rest of Wor,Pvt. Ltd,distillery,0.75,,42.8,,,,386,CREATE
Jim Murray's Whisky Bible 2020 _ Rest of Wor,The One Fine,distillery,0.55,,,,port,,386,CREATE
Jim Murray's Whisky Bible 2020 _ Rest of Wor,"Theresa 
May",expression,0.55,,,,sherry,,386,CREATE
Jim Murray's Whisky Bible 2020 _ Rest of Wor,Steel Bonnets,expression,0.75,,46.6,,,,386,CREATE
Jim Murray's Whisky Bible 2020 _ Rest of Wor,Vincent Flint,expression,0.55,,,,,,388,CREATE
Jim Murray's Whisky Bible 2020 _ Rest of Wor,Pure Irish Pot,expression,0.55,,,,,,391,CREATE
Jim Murray's Whisky Bible 2020 _ Rest of Wor,"Mark Shademan 
Design",expression,0.55,,,,,,391,CREATE
Jim Murray's Whisky Bible 2020 _ Rest of Wor,Dominic Rosksow,expression,0.55,,,,,,392,CREATE
Jim Murray's Whisky Bible 2020 _ Rest of Wor,"Year. 
Rye",expression,0.55,,,,bourbon,,392,CREATE
Koder-Scotch-Malt-Whisky-Society.pdf,Honey Distillery Israel,distillery,0.55,,,lowland,,,7,CREATE
Koder-Scotch-Malt-Whisky-Society.pdf,Code Distillery Country,distillery,0.55,,,,,,8,CREATE
Koder-Scotch-Malt-Whisky-Society.pdf,"Rum       
Code Distillery",distillery,0.55,,,,,,9,CREATE
Koder-Scotch-Malt-Whisky-Society.pdf,"Uitvlugt Guyana  
    
    
Armagnac",distillery,0.55,,,,,,10,CREATE
Koder-Scotch-Malt-Whisky-Society.pdf,Lacaze France,distillery,0.55,,,,,,10,CREATE
Koder-Scotch-Malt-Whisky-Society.pdf,"Cavaillon France  
    
    
Cognac",distillery,0.55,,,,,,11,CREATE
Koder-Scotch-Malt-Whisky-Society.pdf,Camus France,distillery,0.55,,,,,,11,CREATE
Koder-Scotch-Malt-Whisky-Society.pdf,Cognac Grande Champagne,distillery,0.55,,,,,,11,CREATE
Koder-Scotch-Malt-Whisky-Society.pdf,Aumagne France Cognac,distillery,0.55,,,,,,11,CREATE
Koder-Scotch-Malt-Whisky-Society.pdf,"Gin       
Code Distillery",distillery,0.55,,,,,,11,CREATE
Koder-Scotch-Malt-Whisky-Society.pdf,Boatyard Distillery Northern,distillery,0.55,,,,,,12,CREATE
Koder-Scotch-Malt-Whisky-Society.pdf,"Comment 
 Somerset Cider",distillery,0.55,,,,,,12,CREATE
"Lerner, Daniel - Single Malt and Scotch Whis",Daniel Lerner,expression,0.55,,,,,,0,CREATE
"Lerner, Daniel - Single Malt and Scotch Whis",Andrew Usher,distillery,0.55,,,,,,0,CREATE
"Lerner, Daniel - Single Malt and Scotch Whis",Old Vatted Glenlivet,expression,0.55,,,,,,0,CREATE
"Lerner, Daniel - Single Malt and Scotch Whis",Aqua Vitae,distillery,0.55,,,,,,0,CREATE
"Lerner, Daniel - Single Malt and Scotch Whis","Grain Whisky
Similar",expression,0.55,,,,,,0,CREATE
"Lerner, Daniel - Single Malt and Scotch Whis","Vintage
Some",expression,0.55,,,,,,0,CREATE
"Lerner, Daniel - Single Malt and Scotch Whis",Japan. Even,expression,0.55,,,,,,0,CREATE
"Lerner, Daniel - Single Malt and Scotch Whis",Japan. Bowmore,expression,0.55,,,,,,0,CREATE
"Lerner, Daniel - Single Malt and Scotch Whis",Secret Service,expression,0.55,,,,,,0,CREATE
"Lerner, Daniel - Single Malt and Scotch Whis",Cask Strength Limited,distillery,0.55,,,,,,0,CREATE
"Lerner, Daniel - Single Malt and Scotch Whis",Arthur Bell,expression,0.55,,,,,,0,CREATE
"Lerner, Daniel - Single Malt and Scotch Whis",Sir John Gladstone,expression,0.55,,,,,,0,CREATE
"Lerner, Daniel - Single Malt and Scotch Whis",Rob Roy,distillery,0.55,,,,,,0,CREATE
"Lerner, Daniel - Single Malt and Scotch Whis",Italy. Glen,expression,0.55,,,,,,0,CREATE
"Lerner, Daniel - Single Malt and Scotch Whis",Haig Pinch,expression,0.55,,,,,,0,CREATE
"Lerner, Daniel - Single Malt and Scotch Whis",Edrington Group,distillery,0.55,,,highland,,,0,CREATE
"Lerner, Daniel - Single Malt and Scotch Whis",Extra Old Reserve,expression,0.55,,,,,,0,CREATE
"Lerner, Daniel - Single Malt and Scotch Whis",Bessie Williamson,distillery,0.55,,,,,,0,CREATE
"Lerner, Daniel - Single Malt and Scotch Whis",Rhosdhu. Tasting,distillery,0.55,,,,,,0,CREATE
"Lerner, Daniel - Single Malt and Scotch Whis",Roderick Kemp,distillery,0.55,,,,,,0,CREATE
"Lerner, Daniel - Single Malt and Scotch Whis",Jerez. After,expression,0.55,,,,sherry,,0,CREATE
"Lerner, Daniel - Single Malt and Scotch Whis",Brackla Distillery Company,distillery,0.55,,,,,,0,CREATE
"Lerner, Daniel - Single Malt and Scotch Whis",Cawdor Castle,distillery,0.55,,,,,,0,CREATE
"Lerner, Daniel - Single Malt and Scotch Whis",Cawdor. After,distillery,0.55,,,,,,0,CREATE
"Lerner, Daniel - Single Malt and Scotch Whis",Queen Victoria,distillery,0.55,,,,,,0,CREATE
"Lerner, Daniel - Single Malt and Scotch Whis",Selected Reserve,bottler,0.75,,40,,,independent,0,CREATE
"Lerner, Daniel - Single Malt and Scotch Whis",Captain Hugh Munro,distillery,0.55,,,,,,0,CREATE
"Lerner, Daniel - Single Malt and Scotch Whis",Heather Glen Scotch,expression,0.55,,,,,,0,CREATE
"Lerner, Daniel - Single Malt and Scotch Whis",Peaty One,expression,0.55,,,,,,0,CREATE
"Lerner, Daniel - Single Malt and Scotch Whis",Poland Spring Scotch,expression,0.55,,,,,,0,CREATE
"Lerner, Daniel - Single Malt and Scotch Whis",Queen Anne Scotch,expression,0.55,,,,,,0,CREATE
"Lerner, Daniel - Single Malt and Scotch Whis",Running Press Publishers,expression,0.55,,,,,,0,CREATE
"Lerner, Daniel - Single Malt and Scotch Whis",Mitchell Beazley Publishers,expression,0.55,,,,,,0,CREATE
"Lerner, Daniel - Single Malt and Scotch Whis",Liquid History,expression,0.55,,,,,,0,CREATE
"Lerner, Daniel - Single Malt and Scotch Whis",Cassell Publishers,expression,0.55,,,,,,0,CREATE
"Lerner, Daniel - Single Malt and Scotch Whis","Casks
Barrister",expression,0.55,,,,,,0,CREATE
"Lerner, Daniel - Single Malt and Scotch Whis",Keens Steakhouse,expression,0.55,,,,,,0,CREATE
"Lerner, Daniel - Single Malt and Scotch Whis",Telford Bridge,expression,0.55,,,,,,0,CREATE
"Lerner, Daniel - Single Malt and Scotch Whis",Graham Chappell,distillery,0.55,,,,,,0,CREATE
"Lerner, Daniel - Single Malt and Scotch Whis",Jeroen Kloppenburg,distillery,0.55,,,,,,0,CREATE
"Lerner, Daniel - Single Malt and Scotch Whis",Martin Bowker,expression,0.55,,,,,,0,CREATE
"Lerner, Daniel - Single Malt and Scotch Whis",Gustaf Brundin,expression,0.55,,,,,,0,CREATE
"Lerner, Daniel - Single Malt and Scotch Whis",Eve Hodgson,distillery,0.55,,,,,,0,CREATE
Malt whisky ; a contemporary guide -- Graham,Internet Archive,expression,0.55,,,,,,3,CREATE
Malt whisky ; a contemporary guide -- Graham,"Gavin 
Durnin",expression,0.55,,,,,,7,CREATE
Malt whisky ; a contemporary guide -- Graham,"Fathers 
How Malt",expression,0.55,,,,,,9,CREATE
Malt whisky ; a contemporary guide -- Graham,"Producing Regions 
The",expression,0.55,,,,,,9,CREATE
Malt whisky ; a contemporary guide -- Graham,Friar John Cor,expression,0.55,,,,,,13,CREATE
Malt whisky ; a contemporary guide -- Graham,Andrew Usher,expression,0.55,,,,,,16,CREATE
Malt whisky ; a contemporary guide -- Graham,"Old Vatted 
Glenlivet",expression,0.55,,,,,,16,CREATE
Malt whisky ; a contemporary guide -- Graham,The Blending Act,expression,0.55,,,,,,16,CREATE
Malt whisky ; a contemporary guide -- Graham,"Betta 
Edinburgh",expression,0.55,,,,,,17,CREATE
Malt whisky ; a contemporary guide -- Graham,Immature Spirits Act,expression,0.55,,,,,,17,CREATE
Malt whisky ; a contemporary guide -- Graham,Lloyd George,expression,0.55,,,,,,17,CREATE
Malt whisky ; a contemporary guide -- Graham,Board. Licensing,expression,0.55,,,,,,17,CREATE
Malt whisky ; a contemporary guide -- Graham,Fauna Series,expression,0.55,,,,,,20,CREATE
Malt whisky ; a contemporary guide -- Graham,When Guinness,expression,0.55,,,,,,22,CREATE
Malt whisky ; a contemporary guide -- Graham,Old Parr Elizabethan,expression,0.55,,,,,,22,CREATE
Malt whisky ; a contemporary guide -- Graham,"Elgin. 
Not",distillery,0.55,,,,,,23,CREATE
Malt whisky ; a contemporary guide -- Graham,Arthur Bell,expression,0.55,,,,,,23,CREATE
Malt whisky ; a contemporary guide -- Graham,Perth. Spirits,expression,0.55,,,,wine,,23,CREATE
Malt whisky ; a contemporary guide -- Graham,Queen Victoria,expression,0.55,,,,,,24,CREATE
Malt whisky ; a contemporary guide -- Graham,Tower Hamlets,expression,0.55,,,,,,25,CREATE
Malt whisky ; a contemporary guide -- Graham,Hugh Haig,expression,0.55,,,,,,27,CREATE
Malt whisky ; a contemporary guide -- Graham,Thus Haig,expression,0.55,,,,,,27,CREATE
Malt whisky ; a contemporary guide -- Graham,Allied Distillers,distillery,0.55,,,,,,27,CREATE
Malt whisky ; a contemporary guide -- Graham,"Restless 
Peter",expression,0.55,,,,,,27,CREATE
Malt whisky ; a contemporary guide -- Graham,"Alfred 
Barnard",expression,0.55,,,,,,27,CREATE
Malt whisky ; a contemporary guide -- Graham,Masataka Taketsuru,expression,0.55,,,,,,27,CREATE
Malt whisky ; a contemporary guide -- Graham,Allied Brewers,bottler,0.55,,,,,independent,29,CREATE
Malt whisky ; a contemporary guide -- Graham,Alexander Walker,expression,0.55,,,,,,29,CREATE
Malt whisky ; a contemporary guide -- Graham,Only Macallan,distillery,0.55,,,,,,52,CREATE
Malt whisky ; a contemporary guide -- Graham,Chenin Blanc,expression,0.55,,,,,,54,CREATE
Malt whisky ; a contemporary guide -- Graham,Haig Dimpl,expression,0.55,,,,,,57,CREATE
Malt whisky ; a contemporary guide -- Graham,"Trade 
Descriptions Act",expression,0.55,,,,,,59,CREATE
Malt whisky ; a contemporary guide -- Graham,Original Collection,bottler,0.55,,,,oak,wm cadenhead,60,CREATE
Malt whisky ; a contemporary guide -- Graham,Bee Collection,expression,0.75,,46,,,,60,CREATE
Malt whisky ; a contemporary guide -- Graham,International Wine,bottler,0.55,,,,wine,gordon,61,CREATE
Malt whisky ; a contemporary guide -- Graham,Tunbridge Wells,expression,0.55,,,,,,61,CREATE
Malt whisky ; a contemporary guide -- Graham,Knights Templar Way,expression,0.55,,,,,,62,CREATE
Malt whisky ; a contemporary guide -- Graham,Mhishy Telephone,expression,0.75,,40,,,,62,CREATE
Malt whisky ; a contemporary guide -- Graham,"Gloucester Lane 
Edinburgh",distillery,0.55,,,,,,62,CREATE
Malt whisky ; a contemporary guide -- Graham,"Pome 
Rea Murray",expression,0.55,,,,,,62,CREATE
Malt whisky ; a contemporary guide -- Graham,"Ltd 
Campdelivwn",expression,0.55,,,,,,62,CREATE
Malt whisky ; a contemporary guide -- Graham,Elizafield Banthnve,distillery,0.55,,,,,signatory,62,CREATE
Malt whisky ; a contemporary guide -- Graham,Newhaven Road,distillery,0.55,,,,,,62,CREATE
Malt whisky ; a contemporary guide -- Graham,Stewart Street,expression,0.55,,,,,,62,CREATE
Malt whisky ; a contemporary guide -- Graham,Sole Importer,expression,0.55,,,,,,62,CREATE
Malt whisky ; a contemporary guide -- Graham,Excise Act,expression,0.55,,,,,,64,CREATE
Malt whisky ; a contemporary guide -- Graham,"Skye. 
Arran",expression,0.55,,,,,,65,CREATE
Malt whisky ; a contemporary guide -- Graham,Skye. There,expression,0.55,,,islands,,,65,CREATE
Malt whisky ; a contemporary guide -- Graham,Harold Currie,distillery,0.55,,,,,,65,CREATE
Malt whisky ; a contemporary guide -- Graham,"Tromie 
Bridge",distillery,0.55,,,speyside,,,65,CREATE
Malt whisky ; a contemporary guide -- Graham,"Japan. 
Tomatin",distillery,0.55,,,,,,65,CREATE
Malt whisky ; a contemporary guide -- Graham,Cromarty Firth,expression,0.55,,,,,,66,CREATE
Malt whisky ; a contemporary guide -- Graham,Caithness. Its,distillery,0.55,,,,,,66,CREATE
Malt whisky ; a contemporary guide -- Graham,Commons. Macduff,distillery,0.55,,,,,,67,CREATE
Malt whisky ; a contemporary guide -- Graham,Bacardi. Its,distillery,0.55,,,,,,67,CREATE
Malt whisky ; a contemporary guide -- Graham,Elsewhere Speyside,expression,0.55,,,speyside,,,67,CREATE
Malt whisky ; a contemporary guide -- Graham,Deeside. Its,distillery,0.55,,,,,,67,CREATE
Malt whisky ; a contemporary guide -- Graham,Wash Act,expression,0.55,,,,,,68,CREATE
Malt whisky ; a contemporary guide -- Graham,Five Lowland,expression,0.55,,,lowland,,,68,CREATE
Malt whisky ; a contemporary guide -- Graham,Lammermuit Lowland,expression,0.55,,,lowland,,,68,CREATE
Malt whisky ; a contemporary guide -- Graham,Glebe Street,distillery,0.55,,,,,,72,CREATE
Malt whisky ; a contemporary guide -- Graham,Bloch Bros,distillery,0.55,,,,,,72,CREATE
Malt whisky ; a contemporary guide -- Graham,"Amalgamated 
Hiram Walker",distillery,0.55,,,,,,72,CREATE
Malt whisky ; a contemporary guide -- Graham,Natural Colour,expression,0.75,,43,,,,72,CREATE
Malt whisky ; a contemporary guide -- Graham,"Pen 
Customs",expression,0.55,,,,,,73,CREATE
Malt whisky ; a contemporary guide -- Graham,Depression. For,distillery,0.55,,,,,,73,CREATE
Malt whisky ; a contemporary guide -- Graham,Her Majesty,expression,0.55,,,islay,,,73,CREATE
Malt whisky ; a contemporary guide -- Graham,Kildalton Church,distillery,0.55,,,,,,76,CREATE
Malt whisky ; a contemporary guide -- Graham,After Prohibition,distillery,0.55,,,,,,77,CREATE
Malt whisky ; a contemporary guide -- Graham,National Distillers,distillery,0.55,,,,,,77,CREATE
Malt whisky ; a contemporary guide -- Graham,"Chairmans 
Stock",expression,0.55,,,,,,77,CREATE
Malt whisky ; a contemporary guide -- Graham,Bevromcappion Drerrrieay,expression,0.55,,,,,,77,CREATE
Malt whisky ; a contemporary guide -- Graham,Nova Scotia,expression,0.55,,,,,,77,CREATE
Malt whisky ; a contemporary guide -- Graham,Although Simson,distillery,0.55,,,,,,78,CREATE
Malt whisky ; a contemporary guide -- Graham,Daniel Campbell,distillery,0.55,,,,,,78,CREATE
Malt whisky ; a contemporary guide -- Graham,German Mutters,distillery,0.55,,,islay,,,78,CREATE
Malt whisky ; a contemporary guide -- Graham,During World War,distillery,0.55,,,,,,78,CREATE
Malt whisky ; a contemporary guide -- Graham,"Hector 
Henderson",distillery,0.55,,,,,,80,CREATE
Malt whisky ; a contemporary guide -- Graham,Hidden Malts,expression,0.55,,,,,,80,CREATE
Malt whisky ; a contemporary guide -- Graham,Vintage Sotch Whisky,expression,0.55,,,,,,80,CREATE
Malt whisky ; a contemporary guide -- Graham,Margadale River,distillery,0.55,,,islay,,,81,CREATE
Malt whisky ; a contemporary guide -- Graham,Newcastle Breweries,distillery,0.55,,,,,,84,CREATE
Malt whisky ; a contemporary guide -- Graham,Market Loch,distillery,0.55,,,,,,84,CREATE
Malt whisky ; a contemporary guide -- Graham,"Spanish 
Armada",expression,0.55,,,,,,85,CREATE
Malt whisky ; a contemporary guide -- Graham,Stevensons. They,distillery,0.55,,,,,,86,CREATE
Malt whisky ; a contemporary guide -- Graham,Associated Scottish Distilleries,distillery,0.55,,,,,,87,CREATE
Malt whisky ; a contemporary guide -- Graham,Inner Hebrides,expression,0.55,,,,,,88,CREATE
Malt whisky ; a contemporary guide -- Graham,Like Islay,distillery,0.55,,,islay,,,89,CREATE
Malt whisky ; a contemporary guide -- Graham,Magnus Eunson,expression,0.55,,,,,,89,CREATE
Malt whisky ; a contemporary guide -- Graham,Single Orkney Island,bottler,0.55,,,,oak,signatory,90,CREATE
Malt whisky ; a contemporary guide -- Graham,Ltd. Edinburgh,distillery,0.55,,,,,signatory,90,CREATE
Malt whisky ; a contemporary guide -- Graham,Ferguson Ltd,expression,0.55,,,highland,,,90,CREATE
Malt whisky ; a contemporary guide -- Graham,"Lingro 
Burn",distillery,0.55,,,,,,90,CREATE
Malt whisky ; a contemporary guide -- Graham,Bourbon Barrel,expression,0.75,10,,highland,bourbon,,92,CREATE
Malt whisky ; a contemporary guide -- Graham,Smithfield Show,expression,0.55,,,,,,92,CREATE
Malt whisky ; a contemporary guide -- Graham,Hugh Ross,distillery,0.55,,,,,,93,CREATE
Malt whisky ; a contemporary guide -- Graham,Alexander Matheson,distillery,0.55,,,,,,95,CREATE
Malt whisky ; a contemporary guide -- Graham,"Svol 
Single Highland",expression,0.55,,,highland,,,95,CREATE
Malt whisky ; a contemporary guide -- Graham,Captain Hugh Munro,distillery,0.55,,,,,,96,CREATE
Malt whisky ; a contemporary guide -- Graham,Lieutenant General John,distillery,0.55,,,,,,96,CREATE
Malt whisky ; a contemporary guide -- Graham,Bivae Muir,expression,0.55,,,,,,97,CREATE
Malt whisky ; a contemporary guide -- Graham,Tromie Mill,distillery,0.55,,,,,,99,CREATE
Malt whisky ; a contemporary guide -- Graham,"Now 
George",distillery,0.55,,,highland,,,99,CREATE
Malt whisky ; a contemporary guide -- Graham,"Nay 
The Geartle",distillery,0.55,,,,,,100,CREATE
Malt whisky ; a contemporary guide -- Graham,Duplin Vountains,distillery,0.55,,,,,,100,CREATE
Malt whisky ; a contemporary guide -- Graham,Meteorological Office,distillery,0.55,,,,,,100,CREATE
Malt whisky ; a contemporary guide -- Graham,Nairn Scoctomd,distillery,0.55,,,,,,101,CREATE
Malt whisky ; a contemporary guide -- Graham,"The 
Vorning Chronicle",expression,0.55,,,,,,101,CREATE
Malt whisky ; a contemporary guide -- Graham,Ltd. Hobbs,expression,0.55,,,,,,103,CREATE
Malt whisky ; a contemporary guide -- Graham,Monaughty Forest,distillery,0.55,,,,,,104,CREATE
Malt whisky ; a contemporary guide -- Graham,Bill Craig,expression,0.55,,,,,,104,CREATE
Malt whisky ; a contemporary guide -- Graham,"Following 
Whisky Trail",expression,0.55,,,speyside,,,105,CREATE
Malt whisky ; a contemporary guide -- Graham,Andrew Pearey,expression,0.55,,,,,,106,CREATE
Malt whisky ; a contemporary guide -- Graham,Moray Seerlondt,distillery,0.75,,43,,,,107,CREATE
Malt whisky ; a contemporary guide -- Graham,Elgin. Duff,distillery,0.55,,,,,,107,CREATE
Malt whisky ; a contemporary guide -- Graham,"Shand 
Mason",distillery,0.55,,,,,,107,CREATE
Malt whisky ; a contemporary guide -- Graham,Like Glenlossie,distillery,0.55,,,,,,107,CREATE
Malt whisky ; a contemporary guide -- Graham,Gedloch Burn,expression,0.55,,,,,,107,CREATE
Malt whisky ; a contemporary guide -- Graham,Fochs. Mannochmore,expression,0.55,,,,,,107,CREATE
Malt whisky ; a contemporary guide -- Graham,Innes Cameron,distillery,0.55,,,,,,109,CREATE
Malt whisky ; a contemporary guide -- Graham,Alexander Wilson,distillery,0.55,,,,,,110,CREATE
Malt whisky ; a contemporary guide -- Graham,The Oyster Cascher,distillery,0.55,,,speyside,,,110,CREATE
Malt whisky ; a contemporary guide -- Graham,Buckie Town Council,distillery,0.55,,,,,,110,CREATE
Malt whisky ; a contemporary guide -- Graham,Mrs Moir,expression,0.55,,,,,,111,CREATE
Malt whisky ; a contemporary guide -- Graham,Fife. Together,expression,0.55,,,,,,112,CREATE
Malt whisky ; a contemporary guide -- Graham,Burke Ltd,expression,0.55,,,,,,112,CREATE
Malt whisky ; a contemporary guide -- Graham,Figs Scotland,bottler,0.75,,40,,,gordon,112,CREATE
Malt whisky ; a contemporary guide -- Graham,Vietage Cask Strength,expression,0.55,,,,,,113,CREATE
Malt whisky ; a contemporary guide -- Graham,Keith Bond,expression,0.55,,,,,,114,CREATE
Malt whisky ; a contemporary guide -- Graham,Stewart Ltd,distillery,0.55,,,,,,116,CREATE
Malt whisky ; a contemporary guide -- Graham,Frngle Malt Seclch,distillery,0.55,,,,bourbon,,120,CREATE
Malt whisky ; a contemporary guide -- Graham,Alexander Edward,distillery,0.55,,,,,,122,CREATE
Malt whisky ; a contemporary guide -- Graham,Antes Seer,expression,0.55,,,,,,122,CREATE
Malt whisky ; a contemporary guide -- Graham,"Por Stull 
Trophy",expression,0.55,,,,,,123,CREATE
Malt whisky ; a contemporary guide -- Graham,International Win,expression,0.55,,,,,,123,CREATE
Malt whisky ; a contemporary guide -- Graham,"Vhe 
Vengle Haghiltand",distillery,0.55,,,,,,125,CREATE
Malt whisky ; a contemporary guide -- Graham,"Nall 
Sew Whisky",distillery,0.55,,,,sherry,,125,CREATE
Malt whisky ; a contemporary guide -- Graham,Europe. Its,expression,0.55,,,,,,125,CREATE
Malt whisky ; a contemporary guide -- Graham,"Mhisky 
Cask Strength",expression,0.55,,,,sherry,,126,CREATE
Malt whisky ; a contemporary guide -- Graham,Sherry Selection,distillery,0.55,,,,sherry,,126,CREATE
Malt whisky ; a contemporary guide -- Graham,Carron. Imperial,distillery,0.55,,,,,,127,CREATE
Malt whisky ; a contemporary guide -- Graham,Baxter. Samples,expression,0.55,,,,port,,129,CREATE
Malt whisky ; a contemporary guide -- Graham,Pamous Grouse,expression,0.55,,,,,,129,CREATE
Malt whisky ; a contemporary guide -- Graham,Gaelic Cnocan Dubh,expression,0.55,,,,,,130,CREATE
Malt whisky ; a contemporary guide -- Graham,"Wane 
Speyside Way",distillery,0.55,,,speyside,,,130,CREATE
Malt whisky ; a contemporary guide -- Graham,International Spirits Challenge,distillery,0.55,,,,,,131,CREATE
Malt whisky ; a contemporary guide -- Graham,Ships Room,expression,0.55,,,,bourbon,,131,CREATE
Malt whisky ; a contemporary guide -- Graham,Eyes Seale Malt,bottler,0.55,,,,,gordon,134,CREATE
Malt whisky ; a contemporary guide -- Graham,Tourist Board,expression,0.55,,,,,,135,CREATE
Malt whisky ; a contemporary guide -- Graham,Gairloch Hotel,expression,0.55,,,,,,138,CREATE
Malt whisky ; a contemporary guide -- Graham,The Baloenia Vistillizy,expression,0.75,10,,,sherry,,141,CREATE
Malt whisky ; a contemporary guide -- Graham,Family Reserve,expression,0.55,,,,,,142,CREATE
Malt whisky ; a contemporary guide -- Graham,Aqua Vitae Stone,expression,0.55,,,,,,143,CREATE
Malt whisky ; a contemporary guide -- Graham,Dullan Water,expression,0.55,,,,,,143,CREATE
Malt whisky ; a contemporary guide -- Graham,Kel Bantfobir,distillery,0.55,,,,,,144,CREATE
Malt whisky ; a contemporary guide -- Graham,Bottled In Scotland,expression,0.75,13,,,,,146,CREATE
Malt whisky ; a contemporary guide -- Graham,International Distillers,distillery,0.55,,,,,,147,CREATE
Malt whisky ; a contemporary guide -- Graham,Tauchers Farm,distillery,0.55,,,,,,148,CREATE
Malt whisky ; a contemporary guide -- Graham,Keith. Before,distillery,0.55,,,,,,149,CREATE
Malt whisky ; a contemporary guide -- Graham,Thus Aultmore,expression,0.55,,,,,,149,CREATE
Malt whisky ; a contemporary guide -- Graham,"Tarryct 
The Burn",distillery,0.55,,,,,,149,CREATE
Malt whisky ; a contemporary guide -- Graham,Jay Pomeroy,distillery,0.55,,,,,,150,CREATE
Malt whisky ; a contemporary guide -- Graham,Fons Bulliens,distillery,0.55,,,,,,150,CREATE
Malt whisky ; a contemporary guide -- Graham,Morning Post,expression,0.55,,,,,,152,CREATE
Malt whisky ; a contemporary guide -- Graham,Alfred Brooks,distillery,0.55,,,,,,152,CREATE
Malt whisky ; a contemporary guide -- Graham,Brooks Ltd,distillery,0.55,,,,,,152,CREATE
Malt whisky ; a contemporary guide -- Graham,Son Ltd,expression,0.55,,,,,,153,CREATE
Malt whisky ; a contemporary guide -- Graham,Dronac Burn,expression,0.55,,,,,,154,CREATE
Malt whisky ; a contemporary guide -- Graham,Leith Hall,distillery,0.55,,,speyside,,,155,CREATE
Malt whisky ; a contemporary guide -- Graham,Sir Alexander Ramsay,distillery,0.55,,,,,,159,CREATE
Malt whisky ; a contemporary guide -- Graham,"Sir John 
Gladstone",distillery,0.55,,,,,,159,CREATE
Malt whisky ; a contemporary guide -- Graham,Sag. Hoban,expression,0.55,,,,,,159,CREATE
Malt whisky ; a contemporary guide -- Graham,"Prohibition. 
Associated",expression,0.55,,,,,,160,CREATE
Malt whisky ; a contemporary guide -- Graham,Grampian Mountains,expression,0.55,,,,,,162,CREATE
Malt whisky ; a contemporary guide -- Graham,"Italy. 
Edradour",expression,0.55,,,,,,163,CREATE
Malt whisky ; a contemporary guide -- Graham,"Tay. 
Much",expression,0.55,,,,,,164,CREATE
Malt whisky ; a contemporary guide -- Graham,Fiuse Stott Whisky,expression,0.55,,,highland,,,166,CREATE
Malt whisky ; a contemporary guide -- Graham,Bes Procumame,expression,0.55,,,highland,,,166,CREATE
Malt whisky ; a contemporary guide -- Graham,Allan Water,expression,0.55,,,highland,,,166,CREATE
Malt whisky ; a contemporary guide -- Graham,"Danny 
Burn",distillery,0.55,,,,,,166,CREATE
Malt whisky ; a contemporary guide -- Graham,Stirling Deanston,expression,0.55,,,,,,167,CREATE
Malt whisky ; a contemporary guide -- Graham,"Lowland 
Lang Bros",distillery,0.55,,,lowland,,,168,CREATE
Malt whisky ; a contemporary guide -- Graham,"Lomond. 
Inverleven",expression,0.55,,,lowland,,,171,CREATE
Malt whisky ; a contemporary guide -- Graham,Cask Strength Selection,expression,0.55,,,,,,172,CREATE
Malt whisky ; a contemporary guide -- Graham,Sen Saladin,expression,0.55,,,,,,172,CREATE
Malt whisky ; a contemporary guide -- Graham,Antonine Wall,expression,0.55,,,lowland,,,172,CREATE
Malt whisky ; a contemporary guide -- Graham,Serie Male,expression,0.55,,,,,,173,CREATE
Malt whisky ; a contemporary guide -- Graham,Eadie Cairns,expression,0.55,,,,,,173,CREATE
Malt whisky ; a contemporary guide -- Graham,Paes Bai,distillery,0.75,,43,lowland,,,174,CREATE
Malt whisky ; a contemporary guide -- Graham,Grain Distillers,distillery,0.55,,,,,,174,CREATE
Malt whisky ; a contemporary guide -- Graham,British Empire Exhibition,distillery,0.55,,,,,,175,CREATE
Malt whisky ; a contemporary guide -- Graham,Belfast. Dunville,distillery,0.55,,,,,,177,CREATE
Malt whisky ; a contemporary guide -- Graham,When Alfred Barnard,distillery,0.55,,,,,,177,CREATE
Malt whisky ; a contemporary guide -- Graham,"Stirlingshire. 
Johnnie",distillery,0.55,,,,,,180,CREATE
Malt whisky ; a contemporary guide -- Graham,Birnie Ltd,distillery,0.55,,,,,,180,CREATE
Malt whisky ; a contemporary guide -- Graham,Sigeetory Vintage Seoich,expression,0.55,,,,,,181,CREATE
Malt whisky ; a contemporary guide -- Graham,Lid. Falinhurgh,expression,0.75,,57.2,,,,181,CREATE
Malt whisky ; a contemporary guide -- Graham,Simon Forbes,distillery,0.55,,,,,,181,CREATE
Malt whisky ; a contemporary guide -- Graham,"Sandy 
Macnab",expression,0.55,,,,,,182,CREATE
Malt whisky ; a contemporary guide -- Graham,Macleay Duff Ltd,expression,0.55,,,,,,182,CREATE
Malt whisky ; a contemporary guide -- Graham,Alexander Guthrie,distillery,0.55,,,,,,182,CREATE
Malt whisky ; a contemporary guide -- Graham,"Mitchell Bros 
Ltd",expression,0.55,,,,port,,182,CREATE
Malt whisky ; a contemporary guide -- Graham,Knights Templar,distillery,0.55,,,,,,183,CREATE
Malt whisky ; a contemporary guide -- Graham,Allice Robertson,distillery,0.55,,,,,,183,CREATE
Malt whisky ; a contemporary guide -- Graham,Adam Dawson,distillery,0.55,,,,,,183,CREATE
Malt whisky ; a contemporary guide -- Graham,Robbie Burns,expression,0.55,,,,,,183,CREATE
Malt whisky ; a contemporary guide -- Graham,"Lilly 
Loch",distillery,0.55,,,,,,184,CREATE
Malt whisky ; a contemporary guide -- Graham,"Associated 
British Maltsters",expression,0.55,,,,,,184,CREATE
Malt whisky ; a contemporary guide -- Graham,"Europe. 
Charles",distillery,0.55,,,,,gordon,184,CREATE
Malt whisky ; a contemporary guide -- Graham,"Reception 
Centre 
Sep",expression,0.55,,,,,,186,CREATE
Malt whisky ; a contemporary guide -- Graham,"Whisky Visit 
Trail",expression,0.55,,,,,,186,CREATE
Malt whisky ; a contemporary guide -- Graham,"Reception Whisky 
Centre",expression,0.55,,,,,,186,CREATE
Malt whisky ; a contemporary guide -- Graham,"Visit 
By Appt",expression,0.55,,,,,,186,CREATE
Malt whisky ; a contemporary guide -- Graham,"Classic Malts 
Allied",expression,0.55,,,,,,186,CREATE
Malt whisky ; a contemporary guide -- Graham,The Online Distilling,distillery,0.55,,,,,,187,CREATE
Malt whisky ; a contemporary guide -- Graham,Names Society,distillery,0.55,,,,,society,187,CREATE
Malt whisky ; a contemporary guide -- Graham,Zhe Whisky Distilleries,distillery,0.55,,,,,,188,CREATE
Malt whisky ; a contemporary guide -- Graham,Legal Metrology,expression,0.55,,,,,,189,CREATE
Malt whisky ; a contemporary guide -- Graham,Ireland. See,expression,0.55,,,,,,189,CREATE
Malt whisky ; a contemporary guide -- Graham,One Imperial,expression,0.55,,,,,,189,CREATE
Malt whisky ; a contemporary guide -- Graham,Traditional Lowland,expression,0.55,,,lowland,,,190,CREATE
Malt whisky ; a contemporary guide -- Graham,"Bhainne 
Ardbeg 
Ardmore",distillery,0.55,,,,,,191,CREATE
Malt whisky ; a contemporary guide -- Graham,"Gaelic 
Gaelic",distillery,0.55,,,,,,191,CREATE
Malt whisky ; a contemporary guide -- Graham,Meaning Meaning,distillery,0.55,,,,,,191,CREATE
Malt whisky ; a contemporary guide -- Graham,An Cnoc See,distillery,0.55,,,,,,193,CREATE
Malt whisky ; a contemporary guide -- Graham,Angus Dundee Distillers,distillery,0.55,,,,,,193,CREATE
Malt whisky ; a contemporary guide -- Graham,Family Reserve See,expression,0.55,,,,,,193,CREATE
Malt whisky ; a contemporary guide -- Graham,Brodie Hepburn,expression,0.55,,,,,,193,CREATE
Malt whisky ; a contemporary guide -- Graham,Croftengea See,distillery,0.55,,,,,,193,CREATE
Malt whisky ; a contemporary guide -- Graham,Lomond See,distillery,0.55,,,,,,195,CREATE
Malt whisky ; a contemporary guide -- Graham,"Interleven 
Long John",distillery,0.55,,,,,,195,CREATE
Malt whisky ; a contemporary guide -- Graham,See Morrison Bowmore,distillery,0.55,,,,,,195,CREATE
Malt whisky ; a contemporary guide -- Graham,"Milronduff 
Munro",distillery,0.55,,,,,,195,CREATE
Malt whisky ; a contemporary guide -- Graham,Remy Contreau,distillery,0.55,,,,,,195,CREATE
Malt whisky ; a contemporary guide -- Graham,Rhosdhu See,distillery,0.55,,,,,,195,CREATE
Malt whisky ; a contemporary guide -- Graham,Sir Albert,distillery,0.55,,,,,,195,CREATE
Malt whisky ; a contemporary guide -- Graham,Newcastle Breweries Ltd,expression,0.55,,,,,,195,CREATE
"Malt whisky yearbook 2019 _ the facts, the p",Ingvar Ronde,expression,0.55,,,,,,2,CREATE
"Malt whisky yearbook 2019 _ the facts, the p","Stake. 
Thewhiskylady",expression,0.55,,,,,,2,CREATE
"Malt whisky yearbook 2019 _ the facts, the p","Shrewsbury 
Shropshire",expression,0.55,,,,,,4,CREATE
"Malt whisky yearbook 2019 _ the facts, the p",The Many Faces,expression,0.55,,,,sherry,,5,CREATE
"Malt whisky yearbook 2019 _ the facts, the p",Sherry Casks,expression,0.55,,,,sherry,,5,CREATE
"Malt whisky yearbook 2019 _ the facts, the p","Smith 
Whisky Nostalgia",expression,0.55,,,,sherry,,5,CREATE
"Malt whisky yearbook 2019 _ the facts, the p","Neil Ridley 
Something",expression,0.55,,,,sherry,,5,CREATE
"Malt whisky yearbook 2019 _ the facts, the p",Joel Harrison,expression,0.55,,,,,,5,CREATE
"Malt whisky yearbook 2019 _ the facts, the p","Becky Paskin 
Whisky",expression,0.55,,,,,,5,CREATE
"Malt whisky yearbook 2019 _ the facts, the p","Ian Wisniewski 
Moment",expression,0.55,,,,,,5,CREATE
"Malt whisky yearbook 2019 _ the facts, the p",Truth For World,expression,0.55,,,,,,5,CREATE
"Malt whisky yearbook 2019 _ the facts, the p","Jan Buxton 
Malt",expression,0.55,,,,,,5,CREATE
"Malt whisky yearbook 2019 _ the facts, the p",Closed Distilleries,distillery,0.55,,,,,,5,CREATE
"Malt whisky yearbook 2019 _ the facts, the p",Stefan Van Eycken,expression,0.55,,,,,,5,CREATE
"Malt whisky yearbook 2019 _ the facts, the p",The Year That,bottler,0.55,,,,,independent,5,CREATE
"Malt whisky yearbook 2019 _ the facts, the p",Independent Bottlers,bottler,0.55,,,,,independent,5,CREATE
"Malt whisky yearbook 2019 _ the facts, the p",Bob Dylan,expression,0.55,,,,,,6,CREATE
"Malt whisky yearbook 2019 _ the facts, the p",Neil Ridley,expression,0.55,,,,,,6,CREATE
"Malt whisky yearbook 2019 _ the facts, the p",Ian Wisniewski,expression,0.55,,,,,,6,CREATE
"Malt whisky yearbook 2019 _ the facts, the p","Ingvar Ronde 
Editor",expression,0.55,,,,,,7,CREATE
"Malt whisky yearbook 2019 _ the facts, the p",Spanish Civil War,expression,0.55,,,,,,10,CREATE
"Malt whisky yearbook 2019 _ the facts, the p","Edrington. 
There",expression,0.55,,,,,,11,CREATE
"Malt whisky yearbook 2019 _ the facts, the p",Andrew Mackenzie,distillery,0.55,,,,sherry,,12,CREATE
"Malt whisky yearbook 2019 _ the facts, the p",Sherry Wood,distillery,0.55,,,,sherry,,12,CREATE
"Malt whisky yearbook 2019 _ the facts, the p",Gonzales Byass,expression,0.55,,,,sherry,,12,CREATE
"Malt whisky yearbook 2019 _ the facts, the p",Since Emperador Inc,expression,0.55,,,,,,12,CREATE
"Malt whisky yearbook 2019 _ the facts, the p",Pedro Ximinex,expression,0.75,30,,,sherry,,12,CREATE
"Malt whisky yearbook 2019 _ the facts, the p",Like Edrington,expression,0.55,,,,bourbon,,13,CREATE
"Malt whisky yearbook 2019 _ the facts, the p",Production Manager Callum,distillery,0.55,,,,,,13,CREATE
"Malt whisky yearbook 2019 _ the facts, the p",Callum Fraser,expression,0.55,,,,sherry,,14,CREATE
"Malt whisky yearbook 2019 _ the facts, the p",While Glenfarclas,expression,0.55,,,,sherry,,14,CREATE
"Malt whisky yearbook 2019 _ the facts, the p",Pedro Ximinez,expression,0.55,,,,,,14,CREATE
"Malt whisky yearbook 2019 _ the facts, the p","Oloroso. 
These",expression,0.55,,,,,,14,CREATE
"Malt whisky yearbook 2019 _ the facts, the p",Rachel Barrie,expression,0.55,,,,,,14,CREATE
"Malt whisky yearbook 2019 _ the facts, the p",Pedro Ziminex,expression,0.55,,,,sherry,,15,CREATE
"Malt whisky yearbook 2019 _ the facts, the p","Montilla 
Fino",expression,0.55,,,,,,15,CREATE
"Malt whisky yearbook 2019 _ the facts, the p",Sherry Triangle,expression,0.55,,,,sherry,,15,CREATE
"Malt whisky yearbook 2019 _ the facts, the p",Manzanilla. Some,expression,0.55,,,,wine,,15,CREATE
"Malt whisky yearbook 2019 _ the facts, the p",Donald Col,expression,0.55,,,,,,15,CREATE
"Malt whisky yearbook 2019 _ the facts, the p",Contributing Editor Scotland,expression,0.55,,,,,,15,CREATE
"Malt whisky yearbook 2019 _ the facts, the p",Fine Spirits,expression,0.55,,,,,,15,CREATE
"Malt whisky yearbook 2019 _ the facts, the p",Dominic Roskrow,expression,0.55,,,,,,15,CREATE
"Malt whisky yearbook 2019 _ the facts, the p",Sir Ernest Shackleton,expression,0.55,,,,,,21,CREATE
"Malt whisky yearbook 2019 _ the facts, the p",Sir Ernest,expression,0.55,,,,,,21,CREATE
"Malt whisky yearbook 2019 _ the facts, the p",Leonard Russell,bottler,0.55,,,,,gordon,23,CREATE
"Malt whisky yearbook 2019 _ the facts, the p","Let Me 
Tell",expression,0.55,,,,,,23,CREATE
"Malt whisky yearbook 2019 _ the facts, the p",Nope. Only,expression,0.55,,,,oak,,26,CREATE
"Malt whisky yearbook 2019 _ the facts, the p",Ian Palmer,expression,0.55,,,,,,26,CREATE
"Malt whisky yearbook 2019 _ the facts, the p",From Fife,expression,0.55,,,,,,27,CREATE
"Malt whisky yearbook 2019 _ the facts, the p",Jared Himstedt,expression,0.55,,,,,,27,CREATE
"Malt whisky yearbook 2019 _ the facts, the p","Here 
Himstedt",expression,0.55,,,,,,27,CREATE
"Malt whisky yearbook 2019 _ the facts, the p","Edrington. 
Owen",expression,0.55,,,,,,29,CREATE
"Malt whisky yearbook 2019 _ the facts, the p",One Day,expression,0.55,,,,,,29,CREATE
"Malt whisky yearbook 2019 _ the facts, the p",Japan. His,distillery,0.55,,,,,,31,CREATE
"Malt whisky yearbook 2019 _ the facts, the p",Marcin Miller,expression,0.55,,,,,,31,CREATE
"Malt whisky yearbook 2019 _ the facts, the p",International Wine,expression,0.55,,,,wine,,31,CREATE
"Malt whisky yearbook 2019 _ the facts, the p",Trophy Judge,expression,0.55,,,,,,31,CREATE
"Malt whisky yearbook 2019 _ the facts, the p","Becky Paskin 
Not",expression,0.55,,,,,,33,CREATE
"Malt whisky yearbook 2019 _ the facts, the p",When Alfred Barnard,expression,0.55,,,,,,33,CREATE
"Malt whisky yearbook 2019 _ the facts, the p",Susan Morrison,expression,0.55,,,,,,34,CREATE
"Malt whisky yearbook 2019 _ the facts, the p",Karen Betts,expression,0.55,,,,,,34,CREATE
"Malt whisky yearbook 2019 _ the facts, the p",Moray Speyside,expression,0.55,,,speyside,,,34,CREATE
"Malt whisky yearbook 2019 _ the facts, the p",Cristina Diezhandino,expression,0.55,,,,,,35,CREATE
"Malt whisky yearbook 2019 _ the facts, the p",Diageo Global Scotch,expression,0.55,,,,,,35,CREATE
"Malt whisky yearbook 2019 _ the facts, the p",Marketing Director,distillery,0.55,,,,,,36,CREATE
"Malt whisky yearbook 2019 _ the facts, the p",While Holyrood,expression,0.55,,,,,,36,CREATE
"Malt whisky yearbook 2019 _ the facts, the p",Tim Morrison,distillery,0.55,,,,,,37,CREATE
"Malt whisky yearbook 2019 _ the facts, the p",General Certificate,expression,0.55,,,,,,37,CREATE
"Malt whisky yearbook 2019 _ the facts, the p",Quaich. She,bottler,0.75,10,,,,society,37,CREATE
"Malt whisky yearbook 2019 _ the facts, the p",Marvel Senate Mae,expression,0.55,,,,,,38,CREATE
"Malt whisky yearbook 2019 _ the facts, the p",Seniple Hale,expression,0.55,,,,,,38,CREATE
"Malt whisky yearbook 2019 _ the facts, the p",Bonhams Hong Kong,expression,0.55,,,,,,39,CREATE
"Malt whisky yearbook 2019 _ the facts, the p",Hong Kong,expression,0.55,,,,,,39,CREATE
"Malt whisky yearbook 2019 _ the facts, the p",Daniel Lam,expression,0.55,,,,wine,,40,CREATE
"Malt whisky yearbook 2019 _ the facts, the p",Fine Wine,expression,0.55,,,,wine,,40,CREATE
"Malt whisky yearbook 2019 _ the facts, the p","Whisky Auctioneer 
There",expression,0.55,,,,,,41,CREATE
"Malt whisky yearbook 2019 _ the facts, the p",Whisky Trading Company,distillery,0.55,,,,,,43,CREATE
"Malt whisky yearbook 2019 _ the facts, the p",Rickesh Kishnani,expression,0.55,,,,,,43,CREATE
"Malt whisky yearbook 2019 _ the facts, the p",Vince Fusaro,expression,0.55,,,,,,45,CREATE
"Malt whisky yearbook 2019 _ the facts, the p",Fife. His,expression,0.55,,,,,,45,CREATE
"Malt whisky yearbook 2019 _ the facts, the p","Contributing 
Editor",expression,0.55,,,,,,45,CREATE
"Malt whisky yearbook 2019 _ the facts, the p",Kirsteen Campbell,expression,0.55,,,,,,48,CREATE
"Malt whisky yearbook 2019 _ the facts, the p",Professor George Saintsbury,expression,0.55,,,,,,48,CREATE
"Malt whisky yearbook 2019 _ the facts, the p",Liquid History,expression,0.55,,,,,,51,CREATE
"Malt whisky yearbook 2019 _ the facts, the p",Brian Kinsman,expression,0.55,,,,,,52,CREATE
"Malt whisky yearbook 2019 _ the facts, the p",Sandy Hyslop,expression,0.55,,,,,,53,CREATE
"Malt whisky yearbook 2019 _ the facts, the p","Dr 
Bill Lumsden",expression,0.55,,,,,,54,CREATE
"Malt whisky yearbook 2019 _ the facts, the p",Stuart Harvey,expression,0.55,,,,first fill,,55,CREATE
"Malt whisky yearbook 2019 _ the facts, the p",Kalle Valkonen,distillery,0.55,,,,,,58,CREATE
"Malt whisky yearbook 2019 _ the facts, the p","Ian Buxton 
World",expression,0.55,,,,,,59,CREATE
"Malt whisky yearbook 2019 _ the facts, the p",Arthur Motley,expression,0.55,,,,,,59,CREATE
"Malt whisky yearbook 2019 _ the facts, the p",Ashok Chokalingam,expression,0.55,,,,,,61,CREATE
"Malt whisky yearbook 2019 _ the facts, the p",For Pyysing,expression,0.55,,,,,,62,CREATE
"Malt whisky yearbook 2019 _ the facts, the p",Before You Die,expression,0.55,,,,,,63,CREATE
"Malt whisky yearbook 2019 _ the facts, the p",Professor Paul Hughes,bottler,0.55,,,,,society,63,CREATE
"Malt whisky yearbook 2019 _ the facts, the p",Tommy Dewar,distillery,0.55,,,,,,65,CREATE
"Malt whisky yearbook 2019 _ the facts, the p","Select Cask 
Reserve",expression,0.75,10,,,oak,,66,CREATE
"Malt whisky yearbook 2019 _ the facts, the p",When Hiram Walker,distillery,0.55,,,,,,68,CREATE
"Malt whisky yearbook 2019 _ the facts, the p","Allied 
Distillers",distillery,0.55,,,,,,68,CREATE
"Malt whisky yearbook 2019 _ the facts, the p",Colin Hay,distillery,0.55,,,,,,68,CREATE
"Malt whisky yearbook 2019 _ the facts, the p","March. 
Allied",distillery,0.55,,,,,,68,CREATE
"Malt whisky yearbook 2019 _ the facts, the p",Jerea Led,distillery,0.55,,,highland,,,70,CREATE
"Malt whisky yearbook 2019 _ the facts, the p","Fees 
Legacy",distillery,0.55,,,,,,70,CREATE
"Malt whisky yearbook 2019 _ the facts, the p",Adam Teacher,distillery,0.55,,,,,,70,CREATE
"Malt whisky yearbook 2019 _ the facts, the p",Brodick Bay,distillery,0.55,,,,,,71,CREATE
"Malt whisky yearbook 2019 _ the facts, the p",Harold Currie,distillery,0.55,,,,,,71,CREATE
"Malt whisky yearbook 2019 _ the facts, the p",Rowan Tree,expression,0.75,14,,,,,71,CREATE
"Malt whisky yearbook 2019 _ the facts, the p",Sleeping Warrior,expression,0.75,12,,,,,71,CREATE
"Malt whisky yearbook 2019 _ the facts, the p",The Illicit Stills,expression,0.75,18,,,,,71,CREATE
"Malt whisky yearbook 2019 _ the facts, the p","Noble 
Oak",expression,0.75,24,,,wine,,72,CREATE
"Malt whisky yearbook 2019 _ the facts, the p",Alexander Filshie,distillery,0.55,,,,,,72,CREATE
"Malt whisky yearbook 2019 _ the facts, the p",Maclachlans Ltd,distillery,0.55,,,,,,72,CREATE
"Malt whisky yearbook 2019 _ the facts, the p","Duty 
Free",expression,0.55,,,,oak,,72,CREATE
"Malt whisky yearbook 2019 _ the facts, the p",Bombay Gin,expression,0.55,,,,,,74,CREATE
"Malt whisky yearbook 2019 _ the facts, the p",Andrew Ross,distillery,0.55,,,,,,75,CREATE
"Malt whisky yearbook 2019 _ the facts, the p",Alexander Cowan,distillery,0.55,,,,,,75,CREATE
"Malt whisky yearbook 2019 _ the facts, the p","Allied 
Vintners",distillery,0.55,,,,,,75,CREATE
"Malt whisky yearbook 2019 _ the facts, the p",International Beverage Holdings,expression,0.75,26,,,,,75,CREATE
"Malt whisky yearbook 2019 _ the facts, the p",Traditional Oak,expression,0.75,15,,,sherry,,77,CREATE
"Malt whisky yearbook 2019 _ the facts, the p",For Duty Free,expression,0.75,25,,,,,77,CREATE
"Malt whisky yearbook 2019 _ the facts, the p",Peated Triple Cask,expression,0.75,21,,,,,77,CREATE
"Malt whisky yearbook 2019 _ the facts, the p",Sherry Oak,expression,0.75,17,,,sherry,,77,CREATE
"Malt whisky yearbook 2019 _ the facts, the p","Ltd 
Region",distillery,0.55,,,,,,78,CREATE
"Malt whisky yearbook 2019 _ the facts, the p",Traditional Ben Nevis,expression,0.75,25,,,,,78,CREATE
"Malt whisky yearbook 2019 _ the facts, the p",Billy Walker,distillery,0.55,,,,,,79,CREATE
"Malt whisky yearbook 2019 _ the facts, the p","Peated Quarter 
Cask",expression,0.75,10,,,quarter,,79,CREATE
"Malt whisky yearbook 2019 _ the facts, the p",Gaja Barolo,expression,0.55,,,,,,79,CREATE
"Malt whisky yearbook 2019 _ the facts, the p","Peated Cask 
Strength",expression,0.75,10,,,,,79,CREATE
"Malt whisky yearbook 2019 _ the facts, the p",Sanquhar Estate,distillery,0.55,,,,,,80,CREATE
"Malt whisky yearbook 2019 _ the facts, the p",Alexander Edward,expression,0.55,,,,,,80,CREATE
"Malt whisky yearbook 2019 _ the facts, the p",Soil Association,expression,0.55,,,,,,81,CREATE
"Malt whisky yearbook 2019 _ the facts, the p",Peat Smoke,expression,0.75,55,,,,,81,CREATE
"Malt whisky yearbook 2019 _ the facts, the p",Sassicaia Wood Finish,expression,0.75,30,,,,,81,CREATE
"Malt whisky yearbook 2019 _ the facts, the p",Raymond Armstrong,distillery,0.55,,,,,,82,CREATE
"Malt whisky yearbook 2019 _ the facts, the p",Pure Scot,expression,0.55,,,,,,82,CREATE
"Malt whisky yearbook 2019 _ the facts, the p",Arthur Bell,distillery,0.55,,,,,,83,CREATE
"Malt whisky yearbook 2019 _ the facts, the p",Alexander Connacher,distillery,0.55,,,,,,83,CREATE
"Malt whisky yearbook 2019 _ the facts, the p",Elizabeth Connacher,distillery,0.55,,,,,,83,CREATE
"Malt whisky yearbook 2019 _ the facts, the p",Ron Welsh,expression,0.55,,,,,,84,CREATE
"Malt whisky yearbook 2019 _ the facts, the p","Double Matured 
Manzanilla",expression,0.75,18,,,,,84,CREATE
"Malt whisky yearbook 2019 _ the facts, the p","Beam Suntory 
Founded",expression,0.75,28,,islay,bourbon,,84,CREATE
"Malt whisky yearbook 2019 _ the facts, the p",Hans Sommer,expression,0.55,,,,,,84,CREATE
"Malt whisky yearbook 2019 _ the facts, the p",Degrees Proof,expression,0.55,,,,,,85,CREATE
"Malt whisky yearbook 2019 _ the facts, the p","Mizunara 
Cask Finish",expression,0.75,50,,,,,85,CREATE
"Malt whisky yearbook 2019 _ the facts, the p",Vault Edition Peat,expression,0.55,,,,,,85,CREATE
"Malt whisky yearbook 2019 _ the facts, the p",Vault Edition Atlantic,expression,0.55,,,islay,,,85,CREATE
"Malt whisky yearbook 2019 _ the facts, the p",Pernod Ricard,distillery,0.55,,,,,,86,CREATE
"Malt whisky yearbook 2019 _ the facts, the p","Apprentice Distillery 
Engineer",distillery,0.55,,,,,,87,CREATE
"Malt whisky yearbook 2019 _ the facts, the p",Bere Barley,expression,0.55,,,,,,88,CREATE
"Malt whisky yearbook 2019 _ the facts, the p",Barnett Harvey,distillery,0.55,,,,,,88,CREATE
"Malt whisky yearbook 2019 _ the facts, the p",Hatim Attari,distillery,0.55,,,,,,88,CREATE
"Malt whisky yearbook 2019 _ the facts, the p","Alexander 
Tolmie",distillery,0.55,,,,,,88,CREATE
"Malt whisky yearbook 2019 _ the facts, the p","Associated Scottish 
Distillers",distillery,0.55,,,,,,88,CREATE
"Malt whisky yearbook 2019 _ the facts, the p",Redder Still,expression,0.75,18,,,port,,89,CREATE
"Malt whisky yearbook 2019 _ the facts, the p",Multi Vintage,expression,0.55,,,,,,89,CREATE
"Malt whisky yearbook 2019 _ the facts, the p","Moine 
Oloroso",expression,0.75,14,,,sherry,,90,CREATE
"Malt whisky yearbook 2019 _ the facts, the p",Eirigh Na Greine,expression,0.55,,,,bourbon,,90,CREATE
"Malt whisky yearbook 2019 _ the facts, the p",Auld Acquaintance,expression,0.55,,,islay,,,90,CREATE
"Malt whisky yearbook 2019 _ the facts, the p",Moine Cask Strength,expression,0.75,10,,,,,90,CREATE
"Malt whisky yearbook 2019 _ the facts, the p",Hector Henderson,expression,0.55,,,,,,91,CREATE
"Malt whisky yearbook 2019 _ the facts, the p",Norman Buchanan,expression,0.55,,,,,,91,CREATE
"Malt whisky yearbook 2019 _ the facts, the p","Amber 
Rock",expression,0.75,18,40,,,,92,CREATE
"Malt whisky yearbook 2019 _ the facts, the p",Serge Valentin,expression,0.55,,,,,,93,CREATE
"Malt whisky yearbook 2019 _ the facts, the p",Chris White,expression,0.55,,,,,,93,CREATE
"Malt whisky yearbook 2019 _ the facts, the p",Sophie Bigot,expression,0.55,,,,,,93,CREATE
"Malt whisky yearbook 2019 _ the facts, the p",Burkay Adalig,expression,0.55,,,,,,93,CREATE
"Malt whisky yearbook 2019 _ the facts, the p",Ernie Scheiner,expression,0.55,,,,,,93,CREATE
"Malt whisky yearbook 2019 _ the facts, the p",Gal Granov,expression,0.55,,,,,,93,CREATE
"Malt whisky yearbook 2019 _ the facts, the p",Steve Rush,expression,0.55,,,,,,93,CREATE
"Malt whisky yearbook 2019 _ the facts, the p",Angus Macraild,expression,0.55,,,,,,93,CREATE
"Malt whisky yearbook 2019 _ the facts, the p",Ansgar Speller,expression,0.55,,,,,,93,CREATE
"Malt whisky yearbook 2019 _ the facts, the p",When Billy Abbott,distillery,0.55,,,,,,93,CREATE
"Malt whisky yearbook 2019 _ the facts, the p",Oloroso Seco,expression,0.75,14,,,,,94,CREATE
"Malt whisky yearbook 2019 _ the facts, the p",Sir George Macpherson,distillery,0.55,,,,,,95,CREATE
"Malt whisky yearbook 2019 _ the facts, the p",Double Matured,expression,0.55,,,,port,,95,CREATE
"Malt whisky yearbook 2019 _ the facts, the p",Bacardi Martini,expression,0.55,,,,,,96,CREATE
"Malt whisky yearbook 2019 _ the facts, the p","Fleming. 
Dailuaine",distillery,0.55,,,,,,97,CREATE
"Malt whisky yearbook 2019 _ the facts, the p",Alexander Matheson,distillery,0.55,,,,,,98,CREATE
"Malt whisky yearbook 2019 _ the facts, the p",Sir Kenneth Matheson,distillery,0.55,,,,,,98,CREATE
"Malt whisky yearbook 2019 _ the facts, the p",Vivian Imerman,expression,0.55,,,,,,98,CREATE
"Malt whisky yearbook 2019 _ the facts, the p","Constellaton 
Collection",distillery,0.55,,,,,,98,CREATE
"Malt whisky yearbook 2019 _ the facts, the p",Vintage Port Collection,expression,0.75,40,,,port,,98,CREATE
"Malt whisky yearbook 2019 _ the facts, the p",Brodie Hepburn,distillery,0.55,,,,,,100,CREATE
"Malt whisky yearbook 2019 _ the facts, the p",Since January,distillery,0.55,,,,,,100,CREATE
"Malt whisky yearbook 2019 _ the facts, the p",Organic. Recent,expression,0.75,15,,,oak,,100,CREATE
"Malt whisky yearbook 2019 _ the facts, the p",Brodie Hepburn Ltd,distillery,0.55,,,,,,100,CREATE
"Malt whisky yearbook 2019 _ the facts, the p","The 
Real Mackenzie",expression,0.55,,,,,,101,CREATE
"Malt whisky yearbook 2019 _ the facts, the p",Selection. Without,expression,0.55,,,,,,101,CREATE
"Malt whisky yearbook 2019 _ the facts, the p",Cask Strength Sherry,expression,0.75,12,,,sherry,,102,CREATE
"Malt whisky yearbook 2019 _ the facts, the p",Cask Strength Bourbon,expression,0.75,14,,,sherry,,102,CREATE
"Malt whisky yearbook 2019 _ the facts, the p",Andrew Symington,bottler,0.55,,,,,signatory,102,CREATE
"Malt whisky yearbook 2019 _ the facts, the p",Sir Alexander Ramsay,distillery,0.55,,,,,,103,CREATE
"Malt whisky yearbook 2019 _ the facts, the p",Sir John Gladstone,distillery,0.55,,,,,,103,CREATE
"Malt whisky yearbook 2019 _ the facts, the p",Ltd. Production,distillery,0.55,,,,,,103,CREATE
"Malt whisky yearbook 2019 _ the facts, the p","Ltd. 
Tomintoul",distillery,0.55,,,,,,103,CREATE
"Malt whisky yearbook 2019 _ the facts, the p",Under Chivas,expression,0.55,,,,,,104,CREATE
"Malt whisky yearbook 2019 _ the facts, the p",Cask Strength Edition,expression,0.55,,,,,,104,CREATE
"Malt whisky yearbook 2019 _ the facts, the p","Allied 
Domecq",distillery,0.55,,,,,,105,CREATE
"Malt whisky yearbook 2019 _ the facts, the p",Angus Dundee Distillers,distillery,0.55,,,,,,106,CREATE
"Malt whisky yearbook 2019 _ the facts, the p","Tania. 
Other",expression,0.55,,,,,,106,CREATE
"Malt whisky yearbook 2019 _ the facts, the p",Angus Dundee,expression,0.55,,,,,,106,CREATE
"Malt whisky yearbook 2019 _ the facts, the p",Gilmour Thomson,expression,0.55,,,,,,106,CREATE
"Malt whisky yearbook 2019 _ the facts, the p",Alexander Miln Thompson,distillery,0.55,,,,,,106,CREATE
"Malt whisky yearbook 2019 _ the facts, the p",Allied Lyons,distillery,0.55,,,,,,106,CREATE
"Malt whisky yearbook 2019 _ the facts, the p","Peated 
Port Wood",expression,0.75,12,,,port,,107,CREATE
"Malt whisky yearbook 2019 _ the facts, the p",Hidden Malts,expression,0.55,,,,,,109,CREATE
"Malt whisky yearbook 2019 _ the facts, the p",Miguel Martin,expression,0.75,25,,,,,110,CREATE
"Malt whisky yearbook 2019 _ the facts, the p","The Generations 
Range",expression,0.55,,,,,,110,CREATE
"Malt whisky yearbook 2019 _ the facts, the p",Family Casks,expression,0.55,,,,,,110,CREATE
"Malt whisky yearbook 2019 _ the facts, the p","Elgin. 
John",expression,0.55,,,,,,110,CREATE
"Malt whisky yearbook 2019 _ the facts, the p",Family Reserve,expression,0.75,40,,,sherry,,111,CREATE
"Malt whisky yearbook 2019 _ the facts, the p",Finest Solera,expression,0.55,,,,,,112,CREATE
"Malt whisky yearbook 2019 _ the facts, the p",Mrs. Cummings,distillery,0.55,,,,,,112,CREATE
"Malt whisky yearbook 2019 _ the facts, the p","Caoran 
Reserve",expression,0.75,21,,,,,112,CREATE
"Malt whisky yearbook 2019 _ the facts, the p",Vintage Reserve,expression,0.55,,,,,,112,CREATE
"Malt whisky yearbook 2019 _ the facts, the p",Anniversary Vintage,expression,0.75,19,,,wine,,113,CREATE
"Malt whisky yearbook 2019 _ the facts, the p",Experimental Series,expression,0.55,,,,,,113,CREATE
"Malt whisky yearbook 2019 _ the facts, the p",Distillery Edition Winter,distillery,0.75,12,,,,,113,CREATE
"Malt whisky yearbook 2019 _ the facts, the p","Founders 
Reserve",expression,0.75,12,,,,,114,CREATE
"Malt whisky yearbook 2019 _ the facts, the p",The Moet Hennessy,expression,0.55,,,,,,115,CREATE
"Malt whisky yearbook 2019 _ the facts, the p",Pentlands Research Institute,expression,0.55,,,,,,115,CREATE
"Malt whisky yearbook 2019 _ the facts, the p","Karen Fullerton 
Global",expression,0.55,,,,bourbon,,115,CREATE
"Malt whisky yearbook 2019 _ the facts, the p",Stuart Nickerson,distillery,0.55,,,,,,116,CREATE
"Malt whisky yearbook 2019 _ the facts, the p",Octaves Peated,expression,0.75,7,,,,,116,CREATE
"Malt whisky yearbook 2019 _ the facts, the p",Peated Port,distillery,0.55,,,,port,,116,CREATE
"Malt whisky yearbook 2019 _ the facts, the p","Peated Virgin 
Oak",distillery,0.55,,,,port,,116,CREATE
"Malt whisky yearbook 2019 _ the facts, the p",Alexander Morrison,distillery,0.55,,,,,,116,CREATE
"Malt whisky yearbook 2019 _ the facts, the p",Baxter. They,distillery,0.55,,,highland,,,116,CREATE
"Malt whisky yearbook 2019 _ the facts, the p",Scaent Group,distillery,0.75,44,,,,,116,CREATE
"Malt whisky yearbook 2019 _ the facts, the p","Massandra 
Connection",expression,0.75,41,,,,,116,CREATE
"Malt whisky yearbook 2019 _ the facts, the p",Ian Macleod,expression,0.55,,,,,,117,CREATE
"Malt whisky yearbook 2019 _ the facts, the p",Edrington Group,distillery,0.75,19,,,,,117,CREATE
"Malt whisky yearbook 2019 _ the facts, the p","Major 
James Grant",distillery,0.55,,,,,,118,CREATE
"Malt whisky yearbook 2019 _ the facts, the p","Ltd. 
Armando",distillery,0.55,,,,,douglas,118,CREATE
"Malt whisky yearbook 2019 _ the facts, the p","Italy. 
Glen",expression,0.55,,,,,,118,CREATE
"Malt whisky yearbook 2019 _ the facts, the p",Five Decades,distillery,0.75,19,,,,,119,CREATE
"Malt whisky yearbook 2019 _ the facts, the p",Bloch Brothers,distillery,0.55,,,,,,120,CREATE
"Malt whisky yearbook 2019 _ the facts, the p",Hedley Wright,distillery,0.55,,,,,,120,CREATE
"Malt whisky yearbook 2019 _ the facts, the p","Mexico. 
Following",expression,0.75,13,,,,,122,CREATE
"Malt whisky yearbook 2019 _ the facts, the p",British Empire Exhibition,distillery,0.55,,,,,,123,CREATE
"Malt whisky yearbook 2019 _ the facts, the p",Nadurra Oloroso Cask,expression,0.55,,,,first fill,,124,CREATE
"Malt whisky yearbook 2019 _ the facts, the p",Nadurra First Fill,expression,0.55,,,,first fill,,124,CREATE
"Malt whisky yearbook 2019 _ the facts, the p",Selection Cask Strength,expression,0.55,,,,first fill,,124,CREATE
"Malt whisky yearbook 2019 _ the facts, the p",Nadurra Peated Whisky,expression,0.55,,,,first fill,,124,CREATE
"Malt whisky yearbook 2019 _ the facts, the p","The 
Winchester Collection",expression,0.75,50,,,,,124,CREATE
"Malt whisky yearbook 2019 _ the facts, the p","Upper 
Drummin",distillery,0.55,,,,,,124,CREATE
"Malt whisky yearbook 2019 _ the facts, the p",Andrew Smith,distillery,0.55,,,,,,124,CREATE
"Malt whisky yearbook 2019 _ the facts, the p",Cellar Collection,expression,0.75,16,,,,,125,CREATE
"Malt whisky yearbook 2019 _ the facts, the p",Solera Vatted,expression,0.55,,,,,,125,CREATE
"Malt whisky yearbook 2019 _ the facts, the p",Solera Vatted Reserve,expression,0.55,,,,,,125,CREATE
"Malt whisky yearbook 2019 _ the facts, the p","Haig Gold 
Label",expression,0.55,,,,,,126,CREATE
"Malt whisky yearbook 2019 _ the facts, the p","Alexander Grigor 
Allan",distillery,0.55,,,,,,126,CREATE
"Malt whisky yearbook 2019 _ the facts, the p",Although South Africa,expression,0.55,,,,,,127,CREATE
"Malt whisky yearbook 2019 _ the facts, the p","Joburg. 
Since",expression,0.75,17,,,,,127,CREATE
"Malt whisky yearbook 2019 _ the facts, the p",Johannesburg. Please,expression,0.75,17,,,,,127,CREATE
"Malt whisky yearbook 2019 _ the facts, the p","Marc Pendlebury 
Founder",expression,0.55,,,,,,127,CREATE
"Malt whisky yearbook 2019 _ the facts, the p",Bond House No,expression,0.55,,,,,,128,CREATE
"Malt whisky yearbook 2019 _ the facts, the p","Muir 
Ltd",distillery,0.75,,40,,,,128,CREATE
"Malt whisky yearbook 2019 _ the facts, the p","November. 
Number",distillery,0.55,,,,,,128,CREATE
"Malt whisky yearbook 2019 _ the facts, the p","Beaune 
Wood Finish",expression,0.55,,,,port,,128,CREATE
"Malt whisky yearbook 2019 _ the facts, the p",Astar Nectar,expression,0.55,,,highland,,,129,CREATE
"Malt whisky yearbook 2019 _ the facts, the p",Sir Edward,expression,0.55,,,,,,130,CREATE
"Malt whisky yearbook 2019 _ the facts, the p","Muir. 
Production",distillery,0.55,,,,,,130,CREATE
"Malt whisky yearbook 2019 _ the facts, the p",Alexander Mackenzie,distillery,0.55,,,,,,131,CREATE
"Malt whisky yearbook 2019 _ the facts, the p",Robur Reserve,expression,0.55,,,,,,132,CREATE
"Malt whisky yearbook 2019 _ the facts, the p",Manse Brae,expression,0.55,,,,sherry,,132,CREATE
"Malt whisky yearbook 2019 _ the facts, the p",Sherry Cask Reserve,expression,0.55,,,,sherry,,132,CREATE
"Malt whisky yearbook 2019 _ the facts, the p",Peated Cask Reserve,expression,0.75,12,,,,,132,CREATE
"Malt whisky yearbook 2019 _ the facts, the p","Tristan Stephenson 
Whisky",expression,0.55,,,,,,133,CREATE
"Malt whisky yearbook 2019 _ the facts, the p",Rye Whiskies,expression,0.55,,,,bourbon,,133,CREATE
"Malt whisky yearbook 2019 _ the facts, the p",After Lon,expression,0.55,,,,,,134,CREATE
"Malt whisky yearbook 2019 _ the facts, the p",Amalgated Distillers Products,distillery,0.55,,,,,,134,CREATE
"Malt whisky yearbook 2019 _ the facts, the p",Watney Mann,distillery,0.55,,,,,,135,CREATE
"Malt whisky yearbook 2019 _ the facts, the p",His Buchanan Blend,expression,0.55,,,,,,136,CREATE
"Malt whisky yearbook 2019 _ the facts, the p","Enter 
James Fairlie",expression,0.75,30,,,,,137,CREATE
"Malt whisky yearbook 2019 _ the facts, the p","Edrington. 
Glenturret",expression,0.55,,,,,,137,CREATE
"Malt whisky yearbook 2019 _ the facts, the p",From April,distillery,0.55,,,,,,137,CREATE
"Malt whisky yearbook 2019 _ the facts, the p",Ruadh Maor,expression,0.55,,,,,,137,CREATE
"Malt whisky yearbook 2019 _ the facts, the p",Mitchell Bros Ltd,distillery,0.55,,,,,,137,CREATE
"Malt whisky yearbook 2019 _ the facts, the p","Magnus 
Eunson",distillery,0.55,,,,,,138,CREATE
"Malt whisky yearbook 2019 _ the facts, the p",Excise Officer,expression,0.55,,,,,,138,CREATE
"Malt whisky yearbook 2019 _ the facts, the p",Alexander Wilson,distillery,0.55,,,,,,140,CREATE
"Malt whisky yearbook 2019 _ the facts, the p",Buckie Town Council,distillery,0.55,,,,,,140,CREATE
"Malt whisky yearbook 2019 _ the facts, the p",Newcastle Breweries,distillery,0.55,,,,,,141,CREATE
"Malt whisky yearbook 2019 _ the facts, the p","Sherry 
Cask Collection",expression,0.55,,,,sherry,,141,CREATE
"Malt whisky yearbook 2019 _ the facts, the p",Anthony Wills,expression,0.55,,,,,,142,CREATE
"Malt whisky yearbook 2019 _ the facts, the p",Original Cask Strength,expression,0.75,,100,islay,,,142,CREATE
"Malt whisky yearbook 2019 _ the facts, the p",Coull Point,expression,0.55,,,,port,,142,CREATE
"Malt whisky yearbook 2019 _ the facts, the p","Kevin 
Abrook",expression,0.55,,,,,,143,CREATE
"Malt whisky yearbook 2019 _ the facts, the p",International Distillers,distillery,0.55,,,,wine,,144,CREATE
"Malt whisky yearbook 2019 _ the facts, the p",Pacific Spirits,expression,0.55,,,,,,145,CREATE
"Malt whisky yearbook 2019 _ the facts, the p",Colin Gordon,bottler,0.55,,,,port,gordon,146,CREATE
"Malt whisky yearbook 2019 _ the facts, the p","Dunyvaig 
Castle",distillery,0.55,,,,,,146,CREATE
"Malt whisky yearbook 2019 _ the facts, the p",Ian Hunter,distillery,0.55,,,,,hunter,148,CREATE
"Malt whisky yearbook 2019 _ the facts, the p",Edition. Four,expression,0.55,,,,oak,,148,CREATE
"Malt whisky yearbook 2019 _ the facts, the p",Beam Suntory Islay,expression,0.55,,,islay,sherry,,148,CREATE
"Malt whisky yearbook 2019 _ the facts, the p",Alexander Johnston,distillery,0.55,,,,,,148,CREATE
"Malt whisky yearbook 2019 _ the facts, the p",An Cuan Mor,expression,0.75,25,,,port,,149,CREATE
"Malt whisky yearbook 2019 _ the facts, the p",Select Quarter Cask,expression,0.55,,,,quarter,,149,CREATE
"Malt whisky yearbook 2019 _ the facts, the p",Innes Cameron,distillery,0.55,,,,,,150,CREATE
"Malt whisky yearbook 2019 _ the facts, the p","Director. 
Innes",expression,0.55,,,,,,150,CREATE
"Malt whisky yearbook 2019 _ the facts, the p",International Commercial Manager,expression,0.55,,,,,,151,CREATE
"Malt whisky yearbook 2019 _ the facts, the p",Mark Van Der,bottler,0.55,,,,,society,151,CREATE
"Malt whisky yearbook 2019 _ the facts, the p","Vijver 
Are",bottler,0.55,,,,,society,151,CREATE
"Malt whisky yearbook 2019 _ the facts, the p","Lomond 
Loch Lomond",distillery,0.55,,,,,,152,CREATE
"Malt whisky yearbook 2019 _ the facts, the p",Exponent Private Equity,distillery,0.75,21,,,,,152,CREATE
"Malt whisky yearbook 2019 _ the facts, the p",Fine Oak,expression,0.55,,,,oak,,154,CREATE
"Malt whisky yearbook 2019 _ the facts, the p",Decanter Series,expression,0.55,,,,,,154,CREATE
"Malt whisky yearbook 2019 _ the facts, the p",Alexander Reid,distillery,0.55,,,,,,154,CREATE
"Malt whisky yearbook 2019 _ the facts, the p",Roderick Kemp,distillery,0.55,,,,,,154,CREATE
"Malt whisky yearbook 2019 _ the facts, the p",Elgin. Kemp,distillery,0.55,,,,,,154,CREATE
"Malt whisky yearbook 2019 _ the facts, the p","The 
Quest Collection",expression,0.55,,,,oak,,155,CREATE
"Malt whisky yearbook 2019 _ the facts, the p","Sia Oak 
Enigma",expression,0.75,12,,highland,oak,,155,CREATE
"Malt whisky yearbook 2019 _ the facts, the p","Reflexion 
Edition No",expression,0.75,12,,,,,155,CREATE
"Malt whisky yearbook 2019 _ the facts, the p",Marty Dyke,distillery,0.55,,,,,,156,CREATE
"Malt whisky yearbook 2019 _ the facts, the p",Donald Macintosh,distillery,0.55,,,,,gordon,159,CREATE
"Malt whisky yearbook 2019 _ the facts, the p",Alexander Gordon,distillery,0.55,,,,,gordon,159,CREATE
"Malt whisky yearbook 2019 _ the facts, the p",Alexander Cowie,distillery,0.55,,,,,,159,CREATE
"Malt whisky yearbook 2019 _ the facts, the p",Stafford Street,expression,0.55,,,,,,160,CREATE
"Malt whisky yearbook 2019 _ the facts, the p",Hugh Stevenson,distillery,0.55,,,,,,160,CREATE
"Malt whisky yearbook 2019 _ the facts, the p",Alexander Edwards,distillery,0.55,,,,,,160,CREATE
"Malt whisky yearbook 2019 _ the facts, the p","Noss 
Head",expression,0.55,,,,sherry,,161,CREATE
"Malt whisky yearbook 2019 _ the facts, the p",Allied Breweries,distillery,0.55,,,,,,161,CREATE
"Malt whisky yearbook 2019 _ the facts, the p",Nairn. But,distillery,0.55,,,,,,162,CREATE
"Malt whisky yearbook 2019 _ the facts, the p","Captain William 
Fraser",distillery,0.55,,,,,,162,CREATE
"Malt whisky yearbook 2019 _ the facts, the p",Selected Reserve,expression,0.75,12,,,,,163,CREATE
"Malt whisky yearbook 2019 _ the facts, the p",Orkney. Especially,distillery,0.55,,,islands,,,164,CREATE
"Malt whisky yearbook 2019 _ the facts, the p",After Germany,expression,0.55,,,,,,164,CREATE
"Malt whisky yearbook 2019 _ the facts, the p",Historic Scotland,expression,0.55,,,,,,165,CREATE
"Malt whisky yearbook 2019 _ the facts, the p",Bradan Orach,expression,0.75,10,,,,,165,CREATE
"Malt whisky yearbook 2019 _ the facts, the p",Hopkins Reserve,expression,0.75,,46,,,,165,CREATE
"Malt whisky yearbook 2019 _ the facts, the p",Edward Broughton,distillery,0.55,,,,,,165,CREATE
"Malt whisky yearbook 2019 _ the facts, the p",Since Speyside,distillery,0.75,75,,speyside,,,166,CREATE
"Malt whisky yearbook 2019 _ the facts, the p",Beinn Dubh,expression,0.55,,,,,,166,CREATE
"Malt whisky yearbook 2019 _ the facts, the p",Alex Fairlie,distillery,0.55,,,,,,166,CREATE
"Malt whisky yearbook 2019 _ the facts, the p","When 
Springbank",expression,0.55,,,,,,168,CREATE
"Malt whisky yearbook 2019 _ the facts, the p",Mitchell Co Ltd,distillery,0.55,,,,,,168,CREATE
"Malt whisky yearbook 2019 _ the facts, the p",Dha Mhile,expression,0.75,12,,,,,168,CREATE
"Malt whisky yearbook 2019 _ the facts, the p",Alexander Milne,distillery,0.55,,,,,,170,CREATE
"Malt whisky yearbook 2019 _ the facts, the p","Oddbins. 
Guinness",expression,0.55,,,,,,171,CREATE
"Malt whisky yearbook 2019 _ the facts, the p",Neist Point,expression,0.55,,,,,,172,CREATE
"Malt whisky yearbook 2019 _ the facts, the p",Bodega Series,expression,0.55,,,,,,172,CREATE
"Malt whisky yearbook 2019 _ the facts, the p",Edrington. Still,distillery,0.55,,,,,,174,CREATE
"Malt whisky yearbook 2019 _ the facts, the p",When Ian Macleod,expression,0.55,,,,,,174,CREATE
"Malt whisky yearbook 2019 _ the facts, the p","Batch 
Strength",expression,0.75,12,,,sherry,,174,CREATE
"Malt whisky yearbook 2019 _ the facts, the p",Dalbeallie Dram,distillery,0.55,,,,,,174,CREATE
"Malt whisky yearbook 2019 _ the facts, the p","Distillery Team 
Limited",distillery,0.75,10,,,,,174,CREATE
"Malt whisky yearbook 2019 _ the facts, the p",Macleod Distillers,distillery,0.55,,,,,,174,CREATE
"Malt whisky yearbook 2019 _ the facts, the p",Cromarty Firth,distillery,0.55,,,,,,176,CREATE
"Malt whisky yearbook 2019 _ the facts, the p",Captain Hugh Monro,expression,0.55,,,,,,176,CREATE
"Malt whisky yearbook 2019 _ the facts, the p",Captain Munro,distillery,0.55,,,,,,176,CREATE
"Malt whisky yearbook 2019 _ the facts, the p",Panera Dette Lint,expression,0.55,,,,,,177,CREATE
"Malt whisky yearbook 2019 _ the facts, the p",Five Virtues,expression,0.55,,,,,,178,CREATE
"Malt whisky yearbook 2019 _ the facts, the p",Takara Shuzo Co,distillery,0.55,,,highland,,,178,CREATE
"Malt whisky yearbook 2019 _ the facts, the p",Marubeni Corp,distillery,0.55,,,highland,,,178,CREATE
"Malt whisky yearbook 2019 _ the facts, the p",Cu Bocan Sherry,expression,0.75,36,,,port,,178,CREATE
"Malt whisky yearbook 2019 _ the facts, the p",Cu Bocan Virgin,expression,0.75,44,,,oak,,178,CREATE
"Malt whisky yearbook 2019 _ the facts, the p",Peaty Tang,expression,0.75,15,40,,,,179,CREATE
"Malt whisky yearbook 2019 _ the facts, the p","Tornintoul Distillery 
Ltd",distillery,0.55,,,,,,179,CREATE
"Malt whisky yearbook 2019 _ the facts, the p",Bailie Nicol Jarvie,expression,0.55,,,,,,181,CREATE
"Malt whisky yearbook 2019 _ the facts, the p",Aged Oak,expression,0.75,40,,,oak,,181,CREATE
"Malt whisky yearbook 2019 _ the facts, the p",Day. Commissioning,distillery,0.55,,,,,,183,CREATE
"Malt whisky yearbook 2019 _ the facts, the p",Garline Springs,distillery,0.55,,,,,,184,CREATE
"Malt whisky yearbook 2019 _ the facts, the p",Estate. All,distillery,0.55,,,,,,184,CREATE
"Malt whisky yearbook 2019 _ the facts, the p",Fusion Whisky Ltd,expression,0.55,,,,,,184,CREATE
"Malt whisky yearbook 2019 _ the facts, the p",Keith Falconer,distillery,0.55,,,,,,184,CREATE
"Malt whisky yearbook 2019 _ the facts, the p","Lowlands 
Founded",distillery,0.55,,,,,,185,CREATE
"Malt whisky yearbook 2019 _ the facts, the p","Ian 
Cuthbert",expression,0.55,,,,,,186,CREATE
"Malt whisky yearbook 2019 _ the facts, the p",Summer Relase,expression,0.55,,,,bourbon,,186,CREATE
"Malt whisky yearbook 2019 _ the facts, the p",Outer Hebrides,distillery,0.55,,,,,,186,CREATE
"Malt whisky yearbook 2019 _ the facts, the p",Uisge Beatha,expression,0.55,,,,,,188,CREATE
"Malt whisky yearbook 2019 _ the facts, the p","Hip Flask 
Series",expression,0.55,,,,,,188,CREATE
"Malt whisky yearbook 2019 _ the facts, the p","Queen 
Victorias Diamond",distillery,0.55,,,,,,189,CREATE
"Malt whisky yearbook 2019 _ the facts, the p",Business Park,distillery,0.55,,,,,,189,CREATE
"Malt whisky yearbook 2019 _ the facts, the p",Liam Hughes,expression,0.55,,,,,,189,CREATE
"Malt whisky yearbook 2019 _ the facts, the p",Mike Hayward,expression,0.55,,,,,,189,CREATE
"Malt whisky yearbook 2019 _ the facts, the p",Steven Kearsley,distillery,0.55,,,,,,190,CREATE
"Malt whisky yearbook 2019 _ the facts, the p",Italy. Currently,distillery,0.55,,,,,,190,CREATE
"Malt whisky yearbook 2019 _ the facts, the p",Hebridean Whisky Trail,distillery,0.55,,,,,,190,CREATE
"Malt whisky yearbook 2019 _ the facts, the p",Gunpowder Gin,expression,0.75,,100,,,,190,CREATE
"Malt whisky yearbook 2019 _ the facts, the p",Aged Vodka,expression,0.75,,100,,,,190,CREATE
"Malt whisky yearbook 2019 _ the facts, the p",Cranachan Vodka,expression,0.75,,100,,,,190,CREATE
"Malt whisky yearbook 2019 _ the facts, the p","Nae 
Torabhaig 
The",distillery,0.55,,,,,,192,CREATE
"Malt whisky yearbook 2019 _ the facts, the p",Friar John Cor,expression,0.55,,,,,,193,CREATE
"Malt whisky yearbook 2019 _ the facts, the p",Fife. Drew,expression,0.55,,,,,,193,CREATE
"Malt whisky yearbook 2019 _ the facts, the p",Aqua Vitae,expression,0.55,,,,,,193,CREATE
"Malt whisky yearbook 2019 _ the facts, the p",Tim Carton,distillery,0.55,,,,,,194,CREATE
"Malt whisky yearbook 2019 _ the facts, the p",Columba Cream,expression,0.55,,,,,,195,CREATE
"Malt whisky yearbook 2019 _ the facts, the p","The Carn 
Mor",expression,0.55,,,,,,195,CREATE
"Malt whisky yearbook 2019 _ the facts, the p","Cointreau 
Bruichladdich 
David",distillery,0.55,,,,,gordon,197,CREATE
"Malt whisky yearbook 2019 _ the facts, the p",Nevis Distillery Ltd,distillery,0.55,,,,,macphail,197,CREATE
"Malt whisky yearbook 2019 _ the facts, the p","Brewing Ltd 
Wolfburn",distillery,0.55,,,,,,197,CREATE
"Malt whisky yearbook 2019 _ the facts, the p",Aeneas Coffey,distillery,0.55,,,,,,200,CREATE
"Malt whisky yearbook 2019 _ the facts, the p",Alexander Mackay,distillery,0.55,,,,,,200,CREATE
"Malt whisky yearbook 2019 _ the facts, the p",Lucy Ramsay,distillery,0.55,,,,,,200,CREATE
"Malt whisky yearbook 2019 _ the facts, the p",Queen Elisabeth,distillery,0.55,,,,,,200,CREATE
"Malt whisky yearbook 2019 _ the facts, the p",Eventually Ian Macleod,distillery,0.55,,,,,,201,CREATE
"Malt whisky yearbook 2019 _ the facts, the p","Ascot Malt 
Cellar",expression,0.75,8,,,,,201,CREATE
"Malt whisky yearbook 2019 _ the facts, the p",British Waterways,distillery,0.55,,,,,,201,CREATE
"Malt whisky yearbook 2019 _ the facts, the p","Demolished 
Region",distillery,0.55,,,speyside,,,202,CREATE
"Malt whisky yearbook 2019 _ the facts, the p","Dismantled 
Region",distillery,0.55,,,speyside,,,202,CREATE
"Malt whisky yearbook 2019 _ the facts, the p",Diageo Speyside,distillery,0.55,,,speyside,,,202,CREATE
"Malt whisky yearbook 2019 _ the facts, the p","Demolished 
Glenugie",expression,0.55,,,,,,202,CREATE
"Malt whisky yearbook 2019 _ the facts, the p",Ayrshire. Three,distillery,0.55,,,,,,203,CREATE
"Malt whisky yearbook 2019 _ the facts, the p","Lowlands 
Scotland",distillery,0.55,,,,,,203,CREATE
"Malt whisky yearbook 2019 _ the facts, the p","Dismantled 
Owner",distillery,0.55,,,,,,203,CREATE
"Malt whisky yearbook 2019 _ the facts, the p",Japan. Comparing,expression,0.55,,,,,,205,CREATE
"Malt whisky yearbook 2019 _ the facts, the p",Ghost Series,expression,0.55,,,,,,205,CREATE
"Malt whisky yearbook 2019 _ the facts, the p","Finest 
Whiskies",expression,0.55,,,,,,205,CREATE
"Malt whisky yearbook 2019 _ the facts, the p","Foundations 
Founded",expression,0.55,,,,,,206,CREATE
"Malt whisky yearbook 2019 _ the facts, the p",Ketichi Toita,expression,0.55,,,islay,,,206,CREATE
"Malt whisky yearbook 2019 _ the facts, the p",Pacific Ocean,expression,0.55,,,,,,206,CREATE
"Malt whisky yearbook 2019 _ the facts, the p",All Star,distillery,0.55,,,,,,206,CREATE
"Malt whisky yearbook 2019 _ the facts, the p",Experimental Casks,distillery,0.55,,,,,,206,CREATE
"Malt whisky yearbook 2019 _ the facts, the p",Tokyo Olympics,expression,0.55,,,,,,206,CREATE
"Malt whisky yearbook 2019 _ the facts, the p",But Sasanokawa Shuzo,expression,0.55,,,,,,206,CREATE
"Malt whisky yearbook 2019 _ the facts, the p","Komasa Jozo 
Malt",expression,0.55,,,,,,208,CREATE
"Malt whisky yearbook 2019 _ the facts, the p",Coffey Grain,expression,0.55,,,,,,209,CREATE
"Malt whisky yearbook 2019 _ the facts, the p",Coffey Gin,expression,0.55,,,,,,209,CREATE
"Malt whisky yearbook 2019 _ the facts, the p",Kiuchi Shuzo Ibaraki,expression,0.55,,,,,,210,CREATE
"Malt whisky yearbook 2019 _ the facts, the p",Kiuchi Shuzo,distillery,0.55,,,,,,210,CREATE
"Malt whisky yearbook 2019 _ the facts, the p",Hitachino Nest,distillery,0.55,,,,,,210,CREATE
"Malt whisky yearbook 2019 _ the facts, the p",Isamu Yoneda,expression,0.55,,,,,,210,CREATE
"Malt whisky yearbook 2019 _ the facts, the p",Gaia Flow Distilling,distillery,0.55,,,,,,211,CREATE
"Malt whisky yearbook 2019 _ the facts, the p","Komagatake 
Kohiganzakura",expression,0.55,,,,oak,,211,CREATE
"Malt whisky yearbook 2019 _ the facts, the p","Japan. 
Inspired",distillery,0.55,,,,,,211,CREATE
"Malt whisky yearbook 2019 _ the facts, the p","Japan. 
Following",distillery,0.55,,,,,,211,CREATE
"Malt whisky yearbook 2019 _ the facts, the p","Gaia 
Flow",distillery,0.55,,,,,,211,CREATE
"Malt whisky yearbook 2019 _ the facts, the p",Taiko Nakamura,distillery,0.55,,,,,,211,CREATE
"Malt whisky yearbook 2019 _ the facts, the p",From November,expression,0.55,,,,,,211,CREATE
"Malt whisky yearbook 2019 _ the facts, the p",Tatsuro Kusano,distillery,0.55,,,,,,212,CREATE
"Malt whisky yearbook 2019 _ the facts, the p",Koki Takehira,distillery,0.55,,,,,,212,CREATE
"Malt whisky yearbook 2019 _ the facts, the p","Japan. 
Not",expression,0.55,,,,,,212,CREATE
"Malt whisky yearbook 2019 _ the facts, the p",Japan. These,expression,0.55,,,,,,213,CREATE
"Malt whisky yearbook 2019 _ the facts, the p",Peated Release,expression,0.75,12,,,,,213,CREATE
"Malt whisky yearbook 2019 _ the facts, the p","Weed 
Yoichi 
Location",expression,0.55,,,,,,213,CREATE
"Malt whisky yearbook 2019 _ the facts, the p","Hokkaido 
Owner",expression,0.55,,,,,,213,CREATE
"Malt whisky yearbook 2019 _ the facts, the p","Masataka 
Taketsuru",distillery,0.55,,,,,,213,CREATE
"Malt whisky yearbook 2019 _ the facts, the p","Haider 
Roggenreith",expression,0.55,,,,,,216,CREATE
"Malt whisky yearbook 2019 _ the facts, the p",Christian Car,distillery,0.55,,,,,,216,CREATE
"Malt whisky yearbook 2019 _ the facts, the p",Medium Smoked,expression,0.55,,,,,,216,CREATE
"Malt whisky yearbook 2019 _ the facts, the p",Jasmin Haider,expression,0.55,,,,,,216,CREATE
"Malt whisky yearbook 2019 _ the facts, the p","Rogner 
Waldviertel Whisky",expression,0.55,,,,,,216,CREATE
"Malt whisky yearbook 2019 _ the facts, the p","Old 
Raven Smoky",expression,0.55,,,,,,216,CREATE
"Malt whisky yearbook 2019 _ the facts, the p","Keckeis Destillerie 
Rankweil",expression,0.75,4,,,oak,,216,CREATE
"Malt whisky yearbook 2019 _ the facts, the p",Etienne Bouillon,expression,0.55,,,,,,217,CREATE
"Malt whisky yearbook 2019 _ the facts, the p",Het Anker Distillery,distillery,0.55,,,,,,217,CREATE
"Malt whisky yearbook 2019 _ the facts, the p",Czech Republic,distillery,0.55,,,,,,217,CREATE
"Malt whisky yearbook 2019 _ the facts, the p",Traditional Reserve,expression,0.55,,,,,,218,CREATE
"Malt whisky yearbook 2019 _ the facts, the p","Denmark 
Fary Lochan",expression,0.55,,,,,,218,CREATE
"Malt whisky yearbook 2019 _ the facts, the p",Rum Edition,distillery,0.75,5,,,,,218,CREATE
"Malt whisky yearbook 2019 _ the facts, the p",Adventurous Spirit,expression,0.55,,,,,,218,CREATE
"Malt whisky yearbook 2019 _ the facts, the p",Dan Szor,distillery,0.55,,,,,,219,CREATE
"Malt whisky yearbook 2019 _ the facts, the p",Bassenthwaite Lake,distillery,0.55,,,,,,219,CREATE
"Malt whisky yearbook 2019 _ the facts, the p","British 
Isles",expression,0.55,,,,,,219,CREATE
"Malt whisky yearbook 2019 _ the facts, the p",The Quatrefoil Collection,distillery,0.55,,,,,,219,CREATE
"Malt whisky yearbook 2019 _ the facts, the p","Yorkshire Distillery 
Hunmanby",distillery,0.55,,,,,,219,CREATE
"Malt whisky yearbook 2019 _ the facts, the p",Hunmanby. All,expression,0.55,,,,,,219,CREATE
"Malt whisky yearbook 2019 _ the facts, the p",Distillery Projects Maturing,distillery,0.55,,,,,,219,CREATE
"Malt whisky yearbook 2019 _ the facts, the p",Darren Rook,distillery,0.55,,,,,,219,CREATE
"Malt whisky yearbook 2019 _ the facts, the p","Nick 
Taylor",distillery,0.55,,,,,,219,CREATE
"Malt whisky yearbook 2019 _ the facts, the p","Bermondsey. 
Adnams",distillery,0.55,,,,,,219,CREATE
"Malt whisky yearbook 2019 _ the facts, the p","Hereford. 
Chase",distillery,0.55,,,,,,220,CREATE
"Malt whisky yearbook 2019 _ the facts, the p","Warminster 
Maltings",expression,0.55,,,,,,220,CREATE
"Malt whisky yearbook 2019 _ the facts, the p",Greg Millar,distillery,0.75,50,,,,,220,CREATE
"Malt whisky yearbook 2019 _ the facts, the p",Simon Crow,distillery,0.75,50,,,,,220,CREATE
"Malt whisky yearbook 2019 _ the facts, the p","Wight Distillery 
Newport",distillery,0.55,,,,,,220,CREATE
"Malt whisky yearbook 2019 _ the facts, the p",Conrad Gauntlett,distillery,0.55,,,,,,220,CREATE
"Malt whisky yearbook 2019 _ the facts, the p",Xavier Baker,distillery,0.55,,,,wine,,220,CREATE
"Malt whisky yearbook 2019 _ the facts, the p",Abbie Neilson,distillery,0.55,,,,,,220,CREATE
"Malt whisky yearbook 2019 _ the facts, the p",Chris Jaume,distillery,0.55,,,,,,220,CREATE
"Malt whisky yearbook 2019 _ the facts, the p",Yorkshire. Equipped,distillery,0.55,,,,,,220,CREATE
"Malt whisky yearbook 2019 _ the facts, the p",Mermaid Gin,expression,0.55,,,,,,220,CREATE
"Malt whisky yearbook 2019 _ the facts, the p",Leon Warenghem,distillery,0.55,,,,,,220,CREATE
"Malt whisky yearbook 2019 _ the facts, the p",Maitre De Chai,expression,0.55,,,,,,221,CREATE
"Malt whisky yearbook 2019 _ the facts, the p",Roof Rye,expression,0.55,,,,,,221,CREATE
"Malt whisky yearbook 2019 _ the facts, the p","Mor 
Pleubian",distillery,0.55,,,,,,221,CREATE
"Malt whisky yearbook 2019 _ the facts, the p",Jean Donnay,distillery,0.55,,,,,,221,CREATE
"Malt whisky yearbook 2019 _ the facts, the p","Only 
Rye",expression,0.75,,100,,,,221,CREATE
"Malt whisky yearbook 2019 _ the facts, the p","Menhirs 
Plomelin",expression,0.75,,100,,,,221,CREATE
"Malt whisky yearbook 2019 _ the facts, the p",Guy Le Lay,distillery,0.55,,,,,,221,CREATE
"Malt whisky yearbook 2019 _ the facts, the p",Eddu Silver,expression,0.75,,100,,,,221,CREATE
"Malt whisky yearbook 2019 _ the facts, the p",Eddu Gold,expression,0.55,,,,,,221,CREATE
"Malt whisky yearbook 2019 _ the facts, the p",Hubert Grallet,expression,0.55,,,,,,221,CREATE
"Malt whisky yearbook 2019 _ the facts, the p",Christophe Dupic,expression,0.55,,,,,,221,CREATE
"Malt whisky yearbook 2019 _ the facts, the p","Elsass 
Origine",expression,0.75,6,,,,,221,CREATE
"Malt whisky yearbook 2019 _ the facts, the p",Elsass Gold,expression,0.75,6,,,wine,,221,CREATE
"Malt whisky yearbook 2019 _ the facts, the p",Elsass Premium,expression,0.75,8,,,wine,,221,CREATE
"Malt whisky yearbook 2019 _ the facts, the p","Miclo 
Lapoutroie",expression,0.75,8,,,,,221,CREATE
"Malt whisky yearbook 2019 _ the facts, the p",Welche Cherry Cask,expression,0.55,,,,,,221,CREATE
"Malt whisky yearbook 2019 _ the facts, the p",Rhone Alpes,expression,0.55,,,,,,222,CREATE
"Malt whisky yearbook 2019 _ the facts, the p",Les Moissons Malt,expression,0.75,,100,,,,222,CREATE
"Malt whisky yearbook 2019 _ the facts, the p",Les Mois,expression,0.75,,100,,,,222,CREATE
"Malt whisky yearbook 2019 _ the facts, the p",Claude Venturini,distillery,0.55,,,,,,222,CREATE
"Malt whisky yearbook 2019 _ the facts, the p",Fanu Venturini,distillery,0.75,12,,,,,222,CREATE
"Malt whisky yearbook 2019 _ the facts, the p","Wambrechies 
Wambrechies",expression,0.55,,,,,,222,CREATE
"Malt whisky yearbook 2019 _ the facts, the p",Nouvelle Aquitaine,expression,0.55,,,,,,222,CREATE
"Malt whisky yearbook 2019 _ the facts, the p",Allison Pare,expression,0.55,,,,,,222,CREATE
"Malt whisky yearbook 2019 _ the facts, the p",Fridolin Meyer,expression,0.55,,,,,,222,CREATE
"Malt whisky yearbook 2019 _ the facts, the p","Oncle Meyer 
Blend",expression,0.55,,,,,,223,CREATE
"Malt whisky yearbook 2019 _ the facts, the p",Tharcis Hepp,expression,0.55,,,,,,223,CREATE
"Malt whisky yearbook 2019 _ the facts, the p",Jean Metzger,distillery,0.55,,,,,,223,CREATE
"Malt whisky yearbook 2019 _ the facts, the p",Jean Michard,expression,0.55,,,,,,223,CREATE
"Malt whisky yearbook 2019 _ the facts, the p",Gonny Keizer,expression,0.55,,,,,,223,CREATE
"Malt whisky yearbook 2019 _ the facts, the p","Villanova 
Berbie",expression,0.55,,,,wine,,224,CREATE
"Malt whisky yearbook 2019 _ the facts, the p","La Quintessence 
Herrberg",expression,0.55,,,,,,224,CREATE
"Malt whisky yearbook 2019 _ the facts, the p",Sur Loire,expression,0.75,,42,,,,224,CREATE
"Malt whisky yearbook 2019 _ the facts, the p",Yann Leroux,expression,0.55,,,,,,224,CREATE
"Malt whisky yearbook 2019 _ the facts, the p",Loire Valley,expression,0.55,,,,,,224,CREATE
"Malt whisky yearbook 2019 _ the facts, the p","Seigle. 
Leisen",expression,0.55,,,,,,224,CREATE
"Malt whisky yearbook 2019 _ the facts, the p",Sylter Tide,expression,0.55,,,,,,224,CREATE
"Malt whisky yearbook 2019 _ the facts, the p",Alexander Buchholz,expression,0.55,,,,,,224,CREATE
"Malt whisky yearbook 2019 _ the facts, the p",Gilors Peated,expression,0.75,3,,,,,224,CREATE
"Malt whisky yearbook 2019 _ the facts, the p","Hofmeister 
Fellbach",expression,0.55,,,,,,225,CREATE
"Malt whisky yearbook 2019 _ the facts, the p","Kirsch 
Karlsruhe",expression,0.55,,,,,,225,CREATE
"Malt whisky yearbook 2019 _ the facts, the p",Fading Hill,distillery,0.75,5,,,,,226,CREATE
"Malt whisky yearbook 2019 _ the facts, the p",Doinich Daal,distillery,0.75,4,,,,,226,CREATE
"Malt whisky yearbook 2019 _ the facts, the p",Markische Spezialitaten Brennerei,expression,0.75,18,,,bourbon,,226,CREATE
"Malt whisky yearbook 2019 _ the facts, the p",Senft Bodensee Whisky,expression,0.75,5,,,,,226,CREATE
"Malt whisky yearbook 2019 _ the facts, the p","Lohberg 
Wismar",expression,0.75,5,,,,,227,CREATE
"Malt whisky yearbook 2019 _ the facts, the p",Sankt Johann,expression,0.75,7,,,,,227,CREATE
"Malt whisky yearbook 2019 _ the facts, the p",Tammer. Theurer,expression,0.75,8,,,,,227,CREATE
"Malt whisky yearbook 2019 _ the facts, the p",Original Ammertal Whisky,distillery,0.55,,,,,,227,CREATE
"Malt whisky yearbook 2019 _ the facts, the p",Der Kolonist,expression,0.55,,,,oak,,228,CREATE
"Malt whisky yearbook 2019 _ the facts, the p","Manufaktur 
Leinefelde",expression,0.55,,,,,,228,CREATE
"Malt whisky yearbook 2019 _ the facts, the p",Peated Breeze Edition,expression,0.55,,,,,,228,CREATE
"Malt whisky yearbook 2019 _ the facts, the p","Geuting 
Bocholt Spork",expression,0.55,,,,,,228,CREATE
"Malt whisky yearbook 2019 _ the facts, the p",Bad Dirkheim,expression,0.55,,,,,,228,CREATE
"Malt whisky yearbook 2019 _ the facts, the p","Hofbrennerei 
Middelhagen",expression,0.75,5,,,,,228,CREATE
"Malt whisky yearbook 2019 _ the facts, the p",Pommerscher Greif,expression,0.55,,,,,,228,CREATE
"Malt whisky yearbook 2019 _ the facts, the p",Schaubrennerei Am Hartmannsberg,expression,0.55,,,,,,228,CREATE
"Malt whisky yearbook 2019 _ the facts, the p",Bad Belzig,expression,0.55,,,,sherry,,228,CREATE
"Malt whisky yearbook 2019 _ the facts, the p",Malty Blend,expression,0.55,,,,,,228,CREATE
"Malt whisky yearbook 2019 _ the facts, the p","Ireland Ba 
Midleton",distillery,0.55,,,,sherry,,229,CREATE
"Malt whisky yearbook 2019 _ the facts, the p",Lustau Edition,expression,0.75,21,,,,,229,CREATE
"Malt whisky yearbook 2019 _ the facts, the p","Madness. 
Included",expression,0.55,,,,,,229,CREATE
"Malt whisky yearbook 2019 _ the facts, the p",French Limousin,expression,0.75,31,,,oak,,229,CREATE
"Malt whisky yearbook 2019 _ the facts, the p","Old Bonded 
Warehouse",expression,0.55,,,,,,229,CREATE
"Malt whisky yearbook 2019 _ the facts, the p",Cider Cask Finish,expression,0.55,,,,,,229,CREATE
"Malt whisky yearbook 2019 _ the facts, the p",Carribean Rum Cask,distillery,0.55,,,,,,229,CREATE
"Malt whisky yearbook 2019 _ the facts, the p","Finish. 
Cooley",distillery,0.55,,,,,,229,CREATE
"Malt whisky yearbook 2019 _ the facts, the p","Ceimici 
Teo",distillery,0.55,,,,,,229,CREATE
"Malt whisky yearbook 2019 _ the facts, the p",Beam Inc,distillery,0.55,,,,,,229,CREATE
"Malt whisky yearbook 2019 _ the facts, the p","Beam 
Suntory",distillery,0.55,,,,,,229,CREATE
"Malt whisky yearbook 2019 _ the facts, the p",Other Tyrconnel,expression,0.75,10,,,,,229,CREATE
"Malt whisky yearbook 2019 _ the facts, the p","The 
Revival Volume",expression,0.75,12,,,,,230,CREATE
"Malt whisky yearbook 2019 _ the facts, the p",Mark Reynier,distillery,0.55,,,islay,,,230,CREATE
"Malt whisky yearbook 2019 _ the facts, the p","Ireland 
Kilbeggan Distillery",distillery,0.55,,,,,,230,CREATE
"Malt whisky yearbook 2019 _ the facts, the p","Ireland. 
After",distillery,0.55,,,,,,230,CREATE
"Malt whisky yearbook 2019 _ the facts, the p",Pat Cooney,distillery,0.55,,,,,,231,CREATE
"Malt whisky yearbook 2019 _ the facts, the p",Mark Anthony Brands,distillery,0.55,,,,,,231,CREATE
"Malt whisky yearbook 2019 _ the facts, the p",Noel Sweeney,distillery,0.55,,,,,,231,CREATE
"Malt whisky yearbook 2019 _ the facts, the p","Italy 
Puni Destillerie",expression,0.55,,,,,,231,CREATE
"Malt whisky yearbook 2019 _ the facts, the p","Liechtenstein 
Brennerei Telser",expression,0.55,,,,bourbon,,232,CREATE
"Malt whisky yearbook 2019 _ the facts, the p","The Netherlands 
Zuidam",expression,0.55,,,,,,232,CREATE
"Malt whisky yearbook 2019 _ the facts, the p","Heit Distillery 
Bolsward",distillery,0.55,,,,,,232,CREATE
"Malt whisky yearbook 2019 _ the facts, the p",Frysk Hynder,distillery,0.55,,,,,,232,CREATE
"Malt whisky yearbook 2019 _ the facts, the p",Sculte Twentse Whisky,expression,0.55,,,,,,232,CREATE
"Malt whisky yearbook 2019 _ the facts, the p","Lepelaar Distillery 
Texel",distillery,0.55,,,,,,232,CREATE
"Malt whisky yearbook 2019 _ the facts, the p",Anniversary Edition,distillery,0.55,,,,,,232,CREATE
"Malt whisky yearbook 2019 _ the facts, the p",Shane Braniff,distillery,0.55,,,,,,233,CREATE
"Malt whisky yearbook 2019 _ the facts, the p",Ards Peninsula,distillery,0.55,,,,,,233,CREATE
"Malt whisky yearbook 2019 _ the facts, the p","Norway 
Det Norske",expression,0.55,,,,,,233,CREATE
"Malt whisky yearbook 2019 _ the facts, the p",Eiktyrne Rin,expression,0.55,,,,,,233,CREATE
"Malt whisky yearbook 2019 _ the facts, the p","Norway 
Myken Distillery",distillery,0.55,,,,,,233,CREATE
"Malt whisky yearbook 2019 _ the facts, the p","November. 
Arcus",expression,0.55,,,,,,233,CREATE
"Malt whisky yearbook 2019 _ the facts, the p",Stig Bareksten,expression,0.55,,,,,,233,CREATE
"Malt whisky yearbook 2019 _ the facts, the p","Arco 
Segovia",distillery,0.55,,,,,,233,CREATE
"Malt whisky yearbook 2019 _ the facts, the p",Roger Melander,distillery,0.55,,,,,,234,CREATE
"Malt whisky yearbook 2019 _ the facts, the p",Orazio. Two,expression,0.55,,,,,,234,CREATE
"Malt whisky yearbook 2019 _ the facts, the p","Expedition. 
Spirit",expression,0.55,,,,,,234,CREATE
"Malt whisky yearbook 2019 _ the facts, the p",Par Caldenby,expression,0.55,,,,,,235,CREATE
"Malt whisky yearbook 2019 _ the facts, the p",Sherry Quarters,expression,0.75,5,,,sherry,,235,CREATE
"Malt whisky yearbook 2019 _ the facts, the p","Sweden 
Norrtelje Brenneri",expression,0.55,,,,oak,,235,CREATE
"Malt whisky yearbook 2019 _ the facts, the p","Uppsala Destilleri 
Uppsala",expression,0.55,,,,,,235,CREATE
"Malt whisky yearbook 2019 _ the facts, the p","Agitator Whiskymakare 
Arboga",expression,0.75,,10,,,,235,CREATE
"Malt whisky yearbook 2019 _ the facts, the p","Switzerland 
Whisky Castle",expression,0.55,,,,,,235,CREATE
"Malt whisky yearbook 2019 _ the facts, the p",Ruedi Kaser,distillery,0.55,,,,,,235,CREATE
"Malt whisky yearbook 2019 _ the facts, the p",Edition Kaser,expression,0.75,5,58,,oak,,235,CREATE
"Malt whisky yearbook 2019 _ the facts, the p",Spain. Snow,expression,0.55,,,,wine,,235,CREATE
"Malt whisky yearbook 2019 _ the facts, the p","Switzerland 
Langatun Distillery",distillery,0.55,,,,,,235,CREATE
"Malt whisky yearbook 2019 _ the facts, the p","Bauernhofbrennerei Liithy 
Muhen",expression,0.55,,,,,,236,CREATE
"Malt whisky yearbook 2019 _ the facts, the p",Herr Liithy,expression,0.55,,,,,,236,CREATE
"Malt whisky yearbook 2019 _ the facts, the p","Graggen Distillerie 
Lauerz",distillery,0.55,,,,,,236,CREATE
"Malt whisky yearbook 2019 _ the facts, the p","Wales 
Penderyn Distillery",distillery,0.75,10,,,,,236,CREATE
"Malt whisky yearbook 2019 _ the facts, the p","Wales 
Da Mhile",distillery,0.55,,,,,,236,CREATE
"Malt whisky yearbook 2019 _ the facts, the p",Remy Cointreau,distillery,0.55,,,,,,237,CREATE
"Malt whisky yearbook 2019 _ the facts, the p",Baby Blue,expression,0.55,,,,,,237,CREATE
"Malt whisky yearbook 2019 _ the facts, the p","Texas 
Rum",expression,0.55,,,,bourbon,,237,CREATE
"Malt whisky yearbook 2019 _ the facts, the p",Texas Blue Corn,expression,0.55,,,,bourbon,,237,CREATE
"Malt whisky yearbook 2019 _ the facts, the p","Strength. 
All",expression,0.55,,,,bourbon,,237,CREATE
"Malt whisky yearbook 2019 _ the facts, the p",Jess Graber,distillery,0.55,,,,,,237,CREATE
"Malt whisky yearbook 2019 _ the facts, the p",Proximo Spirits,distillery,0.55,,,,,,237,CREATE
"Malt whisky yearbook 2019 _ the facts, the p","Diamond 
Peak",expression,0.75,4,,,,,237,CREATE
"Malt whisky yearbook 2019 _ the facts, the p",Manhattan Rye,expression,0.55,,,,oak,,238,CREATE
"Malt whisky yearbook 2019 _ the facts, the p",Maple Cask Rye,expression,0.55,,,,oak,,238,CREATE
"Malt whisky yearbook 2019 _ the facts, the p",Bryan Schultz,expression,0.75,,100,,,,238,CREATE
"Malt whisky yearbook 2019 _ the facts, the p",Montana Pure Malt,expression,0.55,,,,,,238,CREATE
"Malt whisky yearbook 2019 _ the facts, the p",Rick Wasmund,distillery,0.55,,,,,,238,CREATE
"Malt whisky yearbook 2019 _ the facts, the p",Darek Bell,distillery,0.55,,,,,,238,CREATE
"Malt whisky yearbook 2019 _ the facts, the p",Andrew Webber,distillery,0.55,,,,,,238,CREATE
"Malt whisky yearbook 2019 _ the facts, the p",Bowling Green,distillery,0.55,,,,,,238,CREATE
"Malt whisky yearbook 2019 _ the facts, the p",Christian Krogstad,distillery,0.55,,,,,,239,CREATE
"Malt whisky yearbook 2019 _ the facts, the p",Dead Distillers,distillery,0.55,,,,,,239,CREATE
"Malt whisky yearbook 2019 _ the facts, the p",Chris Allwood,distillery,0.55,,,,,,239,CREATE
"Malt whisky yearbook 2019 _ the facts, the p","The Pine 
Barrens",expression,0.55,,,,,,239,CREATE
"Malt whisky yearbook 2019 _ the facts, the p",Ollie Mulligan,distillery,0.55,,,,,,239,CREATE
"Malt whisky yearbook 2019 _ the facts, the p","Solera 
Aged Bourbon",distillery,0.55,,,,bourbon,,239,CREATE
"Malt whisky yearbook 2019 _ the facts, the p",Double Cask Rye,expression,0.55,,,,,,239,CREATE
"Malt whisky yearbook 2019 _ the facts, the p",Dead Guy Whiskey,expression,0.55,,,,,,240,CREATE
"Malt whisky yearbook 2019 _ the facts, the p",Tygh Valley,expression,0.55,,,,,,240,CREATE
"Malt whisky yearbook 2019 _ the facts, the p","Peat 
Smoked",expression,0.55,,,,,,240,CREATE
"Malt whisky yearbook 2019 _ the facts, the p",Cherrywood Smoked,expression,0.55,,,,,,240,CREATE
"Malt whisky yearbook 2019 _ the facts, the p","The 
Benevolent Czar",expression,0.55,,,,bourbon,,240,CREATE
"Malt whisky yearbook 2019 _ the facts, the p",Peated Wheat Whiskey,expression,0.55,,,,port,,240,CREATE
"Malt whisky yearbook 2019 _ the facts, the p","Cutwater 
Spirits",distillery,0.55,,,,,,241,CREATE
"Malt whisky yearbook 2019 _ the facts, the p",Dueling Barrels Brewery,distillery,0.55,,,,,,241,CREATE
"Malt whisky yearbook 2019 _ the facts, the p",Zeppelin Bend,expression,0.75,3,,,,,242,CREATE
"Malt whisky yearbook 2019 _ the facts, the p",Beer Barrel Bourbon,expression,0.55,,,,sherry,,242,CREATE
"Malt whisky yearbook 2019 _ the facts, the p",Beer Barrel Rye,expression,0.55,,,,sherry,,242,CREATE
"Malt whisky yearbook 2019 _ the facts, the p",Ravenswood Rye,distillery,0.55,,,,,,242,CREATE
"Malt whisky yearbook 2019 _ the facts, the p",Sturgeon Bay,distillery,0.55,,,,,,242,CREATE
"Malt whisky yearbook 2019 _ the facts, the p",Painted Stave Distilling,distillery,0.55,,,,bourbon,,242,CREATE
"Malt whisky yearbook 2019 _ the facts, the p",Brooklyn Spirits Trail,distillery,0.55,,,,,,242,CREATE
"Malt whisky yearbook 2019 _ the facts, the p",Civilized Bourbon,distillery,0.55,,,,bourbon,,242,CREATE
"Malt whisky yearbook 2019 _ the facts, the p",Maine Craft Distilling,distillery,0.55,,,,,,242,CREATE
"Malt whisky yearbook 2019 _ the facts, the p",Fifty Stone,expression,0.55,,,,,,242,CREATE
"Malt whisky yearbook 2019 _ the facts, the p","Howls Distillery 
Seattle",distillery,0.55,,,,,,242,CREATE
"Malt whisky yearbook 2019 _ the facts, the p","Montgomery Distillery 
Missoula",distillery,0.55,,,,bourbon,,243,CREATE
"Malt whisky yearbook 2019 _ the facts, the p",Texas Bourbon,expression,0.55,,,,bourbon,,243,CREATE
"Malt whisky yearbook 2019 _ the facts, the p",Borgata American Single,expression,0.55,,,,,,243,CREATE
"Malt whisky yearbook 2019 _ the facts, the p","Vikre Distillery 
Duluth",distillery,0.55,,,,,,243,CREATE
"Malt whisky yearbook 2019 _ the facts, the p",Gunflint Bourbon,expression,0.55,,,,bourbon,,243,CREATE
"Malt whisky yearbook 2019 _ the facts, the p",Salt Lake City,distillery,0.55,,,,,,243,CREATE
"Malt whisky yearbook 2019 _ the facts, the p","Harbor Distillery 
Oak",distillery,0.55,,,,oak,,244,CREATE
"Malt whisky yearbook 2019 _ the facts, the p",Orange County Distillery,distillery,0.55,,,,oak,,244,CREATE
"Malt whisky yearbook 2019 _ the facts, the p",Key West Distilling,distillery,0.55,,,,,,244,CREATE
"Malt whisky yearbook 2019 _ the facts, the p",Rodeo Rye,expression,0.55,,,,bourbon,,244,CREATE
"Malt whisky yearbook 2019 _ the facts, the p",Idle Hour,expression,0.55,,,,,,244,CREATE
"Malt whisky yearbook 2019 _ the facts, the p",Vashon Island,distillery,0.55,,,,,,244,CREATE
"Malt whisky yearbook 2019 _ the facts, the p",Reclamation American Single,expression,0.55,,,,bourbon,,244,CREATE
"Malt whisky yearbook 2019 _ the facts, the p",Damnation Alley Distillery,distillery,0.55,,,,,,245,CREATE
"Malt whisky yearbook 2019 _ the facts, the p",Quincy Street Distillery,distillery,0.55,,,,,,245,CREATE
"Malt whisky yearbook 2019 _ the facts, the p",Putnam New England,distillery,0.55,,,,,,245,CREATE
"Malt whisky yearbook 2019 _ the facts, the p",Liquid Riot Bottling,expression,0.55,,,,,,245,CREATE
"Malt whisky yearbook 2019 _ the facts, the p",Cannon Beach Distillery,distillery,0.55,,,,,,245,CREATE
"Malt whisky yearbook 2019 _ the facts, the p",Street Distilling Co,distillery,0.55,,,,oak,,245,CREATE
"Malt whisky yearbook 2019 _ the facts, the p","Sound Spirits 
Seattle",expression,0.75,,100,,,,245,CREATE
"Malt whisky yearbook 2019 _ the facts, the p",Madame Damnable,expression,0.75,3,,,,,245,CREATE
"Malt whisky yearbook 2019 _ the facts, the p","Skies Distillery 
Grand",distillery,0.55,,,,,,246,CREATE
"Malt whisky yearbook 2019 _ the facts, the p","Dorwood Distillery 
Buellton",distillery,0.55,,,,,,246,CREATE
"Malt whisky yearbook 2019 _ the facts, the p",Their Colorado Single,expression,0.55,,,,,,246,CREATE
"Malt whisky yearbook 2019 _ the facts, the p",Lyon Distilling Co,distillery,0.55,,,,,,246,CREATE
"Malt whisky yearbook 2019 _ the facts, the p",Dirty Water Distillery,distillery,0.55,,,,,,246,CREATE
"Malt whisky yearbook 2019 _ the facts, the p",Boat For Sale,expression,0.55,,,,,,246,CREATE
"Malt whisky yearbook 2019 _ the facts, the p",Independent Fermentations,bottler,0.55,,,,,independent,246,CREATE
"Malt whisky yearbook 2019 _ the facts, the p",Motor City Gas,expression,0.75,,51,,oak,,246,CREATE
"Malt whisky yearbook 2019 _ the facts, the p",Farm Winery,distillery,0.75,1,100,,,,247,CREATE
"Malt whisky yearbook 2019 _ the facts, the p",Old Home Distillers,distillery,0.55,,,,,,247,CREATE
"Malt whisky yearbook 2019 _ the facts, the p",Arnold Holstein,expression,0.55,,,,,,247,CREATE
"Malt whisky yearbook 2019 _ the facts, the p","Amalga Distillery 
Juneau",distillery,0.55,,,,,,247,CREATE
"Malt whisky yearbook 2019 _ the facts, the p",Andrew Norman,expression,0.55,,,,,,247,CREATE
"Malt whisky yearbook 2019 _ the facts, the p",Fainting Goat,expression,0.55,,,,,,247,CREATE
"Malt whisky yearbook 2019 _ the facts, the p",Bogue Sound Distillery,distillery,0.55,,,,,,248,CREATE
"Malt whisky yearbook 2019 _ the facts, the p",Alexandria Bay,expression,0.55,,,,,,248,CREATE
"Malt whisky yearbook 2019 _ the facts, the p",Eleanor Glen,distillery,0.75,3,,,,,248,CREATE
"Malt whisky yearbook 2019 _ the facts, the p",Vancouver Island,distillery,0.75,3,,,,,248,CREATE
"Malt whisky yearbook 2019 _ the facts, the p",British Columbia,distillery,0.55,,,,,,248,CREATE
"Malt whisky yearbook 2019 _ the facts, the p","Mac 
Na Braiche",expression,0.55,,,,,,248,CREATE
"Malt whisky yearbook 2019 _ the facts, the p",Twa Cask Collection,expression,0.55,,,,,,248,CREATE
"Malt whisky yearbook 2019 _ the facts, the p",Toasted Chamomile Old,expression,0.55,,,,,,248,CREATE
"Malt whisky yearbook 2019 _ the facts, the p",Nova Scotia,distillery,0.55,,,,,,248,CREATE
"Malt whisky yearbook 2019 _ the facts, the p",Ghleann Dubh,expression,0.75,13,,,,,248,CREATE
"Malt whisky yearbook 2019 _ the facts, the p",Lacey Crocker,expression,0.55,,,,,,249,CREATE
"Malt whisky yearbook 2019 _ the facts, the p",The Dubh Glas,distillery,0.55,,,,,,249,CREATE
"Malt whisky yearbook 2019 _ the facts, the p",Noteworthy Gin,expression,0.55,,,,,,249,CREATE
"Malt whisky yearbook 2019 _ the facts, the p",Turner Valley,distillery,0.55,,,,,,249,CREATE
"Malt whisky yearbook 2019 _ the facts, the p",Bill Lark,distillery,0.75,53,,,,,250,CREATE
"Malt whisky yearbook 2019 _ the facts, the p",Revolution Release,distillery,0.55,,,,,,250,CREATE
"Malt whisky yearbook 2019 _ the facts, the p",Double Wood,expression,0.55,,,,bourbon,,250,CREATE
"Malt whisky yearbook 2019 _ the facts, the p",French Oak,expression,0.55,,,,bourbon,,250,CREATE
"Malt whisky yearbook 2019 _ the facts, the p",Adam Sable,distillery,0.55,,,,,,250,CREATE
"Malt whisky yearbook 2019 _ the facts, the p",Casey Overeem,distillery,0.55,,,,,,250,CREATE
"Malt whisky yearbook 2019 _ the facts, the p",Margaret River,distillery,0.55,,,,,,250,CREATE
"Malt whisky yearbook 2019 _ the facts, the p",Joadja Creek Distillery,distillery,0.55,,,,,,250,CREATE
"Malt whisky yearbook 2019 _ the facts, the p",Keith Batt,distillery,0.55,,,,,,251,CREATE
"Malt whisky yearbook 2019 _ the facts, the p",Redlands Estate Distillery,distillery,0.55,,,,,,251,CREATE
"Malt whisky yearbook 2019 _ the facts, the p",Derwent Valley,distillery,0.55,,,,,,251,CREATE
"Malt whisky yearbook 2019 _ the facts, the p",Dysart House,distillery,0.55,,,,,,251,CREATE
"Malt whisky yearbook 2019 _ the facts, the p","Joadja Distillery 
Joadja",distillery,0.75,2,,,,,251,CREATE
"Malt whisky yearbook 2019 _ the facts, the p","Shene Distillery 
Pontville",distillery,0.55,,,,,,252,CREATE
"Malt whisky yearbook 2019 _ the facts, the p",Damian Mackey,expression,0.55,,,,,,252,CREATE
"Malt whisky yearbook 2019 _ the facts, the p","Bay Distillery 
Weymouth",distillery,0.55,,,,,,252,CREATE
"Malt whisky yearbook 2019 _ the facts, the p","Applewood Distillery 
Gumeracha",distillery,0.55,,,,sherry,,252,CREATE
"Malt whisky yearbook 2019 _ the facts, the p",Kristy Booth,distillery,0.55,,,,,,252,CREATE
"Malt whisky yearbook 2019 _ the facts, the p",Corra Linn Distillery,distillery,0.55,,,,,,252,CREATE
"Malt whisky yearbook 2019 _ the facts, the p","Adams Distillery 
Perth",distillery,0.55,,,,,,252,CREATE
"Malt whisky yearbook 2019 _ the facts, the p",Molonglo River,distillery,0.55,,,,,,252,CREATE
"Malt whisky yearbook 2019 _ the facts, the p",Jason Bourne,distillery,0.55,,,,,,253,CREATE
"Malt whisky yearbook 2019 _ the facts, the p","Coburns Distillery 
Burrawang",distillery,0.55,,,,,,253,CREATE
"Malt whisky yearbook 2019 _ the facts, the p",Mark Coburn,distillery,0.55,,,,,,253,CREATE
"Malt whisky yearbook 2019 _ the facts, the p",Hallertau Brewery,distillery,0.55,,,,,,253,CREATE
"Malt whisky yearbook 2019 _ the facts, the p","Asia 
India Amrut",expression,0.55,,,,,,253,CREATE
"Malt whisky yearbook 2019 _ the facts, the p","Bangalore Blue 
Brandy",expression,0.55,,,,,,254,CREATE
"Malt whisky yearbook 2019 _ the facts, the p",Madeira Cask Finish,expression,0.55,,,,,,254,CREATE
"Malt whisky yearbook 2019 _ the facts, the p",Original Choice,expression,0.55,,,,,,254,CREATE
"Malt whisky yearbook 2019 _ the facts, the p",Select Cask Peated,expression,0.55,,,,,,254,CREATE
"Malt whisky yearbook 2019 _ the facts, the p",Uttar Pradesh,distillery,0.55,,,,,,254,CREATE
"Malt whisky yearbook 2019 _ the facts, the p","Honey Distillery 
Tel",distillery,0.55,,,,,,254,CREATE
"Malt whisky yearbook 2019 _ the facts, the p","Lital 
Kalkshtein",distillery,0.55,,,,,,254,CREATE
"Malt whisky yearbook 2019 _ the facts, the p",Levantine Gin,distillery,0.55,,,,,,254,CREATE
"Malt whisky yearbook 2019 _ the facts, the p",Visitor Center,distillery,0.55,,,,,,254,CREATE
"Malt whisky yearbook 2019 _ the facts, the p",The Golan Heights,distillery,0.55,,,,,,254,CREATE
"Malt whisky yearbook 2019 _ the facts, the p",Golan Heights Winery,expression,0.55,,,,wine,,254,CREATE
"Malt whisky yearbook 2019 _ the facts, the p",Vintage Gold,expression,0.75,12,,islay,,,254,CREATE
"Malt whisky yearbook 2019 _ the facts, the p",Taiwan Kavalan Distillery,distillery,0.55,,,,,,255,CREATE
"Malt whisky yearbook 2019 _ the facts, the p",Yilan County,distillery,0.55,,,,,,255,CREATE
"Malt whisky yearbook 2019 _ the facts, the p",Ian Chang,expression,0.55,,,,,,255,CREATE
"Malt whisky yearbook 2019 _ the facts, the p",Taipei. Following,distillery,0.55,,,,,,255,CREATE
"Malt whisky yearbook 2019 _ the facts, the p","Tatwan 
Nantou Distillery",distillery,0.55,,,,,,256,CREATE
"Malt whisky yearbook 2019 _ the facts, the p","Africa 
South Africa",distillery,0.55,,,,,,256,CREATE
"Malt whisky yearbook 2019 _ the facts, the p",Amarula Cream,distillery,0.55,,,,,,256,CREATE
"Malt whisky yearbook 2019 _ the facts, the p",Premium Select,expression,0.75,5,,,,,256,CREATE
"Malt whisky yearbook 2019 _ the facts, the p",Bourbon Cask Finish,expression,0.75,,100,,bourbon,,256,CREATE
"Malt whisky yearbook 2019 _ the facts, the p",Andy Watts,distillery,0.75,25,,,,,256,CREATE
"Malt whisky yearbook 2019 _ the facts, the p",Patagonian Andes,distillery,0.55,,,,,,257,CREATE
"Malt whisky yearbook 2019 _ the facts, the p",Haidd Merlys,expression,0.75,4,,,,,257,CREATE
"Malt whisky yearbook 2019 _ the facts, the p","Argentina 
Distillery Emilio",distillery,0.55,,,,,,257,CREATE
"Malt whisky yearbook 2019 _ the facts, the p","Cia 
Lujan",distillery,0.55,,,,,,257,CREATE
"Malt whisky yearbook 2019 _ the facts, the p",Buenos Aires,distillery,0.55,,,,,,257,CREATE
"Malt whisky yearbook 2019 _ the facts, the p","Lago 
Puelo",distillery,0.55,,,,,,257,CREATE
"Malt whisky yearbook 2019 _ the facts, the p","Madoc Distillery 
Dina",distillery,0.55,,,,,,257,CREATE
"Malt whisky yearbook 2019 _ the facts, the p",Rio Negro,distillery,0.55,,,,,,257,CREATE
"Malt whisky yearbook 2019 _ the facts, the p",Dina Huapi,distillery,0.55,,,,,,257,CREATE
"Malt whisky yearbook 2019 _ the facts, the p","Brazil 
Union Distillery",distillery,0.55,,,,,,257,CREATE
"Malt whisky yearbook 2019 _ the facts, the p",Industries Ltd,expression,0.55,,,,wine,,257,CREATE
"Malt whisky yearbook 2019 _ the facts, the p","Muraro Bebidas 
Flores",expression,0.55,,,,,,257,CREATE
"Malt whisky yearbook 2019 _ the facts, the p",Blend Seven,expression,0.55,,,,,,257,CREATE
"Malt whisky yearbook 2019 _ the facts, the p","Total. 
Value",expression,0.55,,,,,,258,CREATE
"Malt whisky yearbook 2019 _ the facts, the p",Angola. Still,expression,0.75,,70,,,,261,CREATE
"Malt whisky yearbook 2019 _ the facts, the p","Norway. 
Europe",expression,0.75,,14,,,,262,CREATE
"Malt whisky yearbook 2019 _ the facts, the p",Ivan Menezes,expression,0.55,,,,,,262,CREATE
"Malt whisky yearbook 2019 _ the facts, the p",Jane Walker,expression,0.55,,,,,,263,CREATE
"Malt whisky yearbook 2019 _ the facts, the p",Hautes Glaces,distillery,0.55,,,,,,265,CREATE
"Malt whisky yearbook 2019 _ the facts, the p",Latin America,expression,0.55,,,,,,266,CREATE
"Malt whisky yearbook 2019 _ the facts, the p",Rob Carpenter,distillery,0.55,,,,,,268,CREATE
"Malt whisky yearbook 2019 _ the facts, the p","Engine 
Shed",distillery,0.75,80,,,,,268,CREATE
"Malt whisky yearbook 2019 _ the facts, the p","Ocean Terminal 
Shopping",distillery,0.55,,,,,,268,CREATE
"Malt whisky yearbook 2019 _ the facts, the p",Graham Street,distillery,0.55,,,,,,268,CREATE
"Malt whisky yearbook 2019 _ the facts, the p",Halewood Wines,distillery,0.55,,,,,,268,CREATE
"Malt whisky yearbook 2019 _ the facts, the p",Sukhinder Singh,expression,0.55,,,,,,268,CREATE
"Malt whisky yearbook 2019 _ the facts, the p",Sandy Bulloch,distillery,0.55,,,,,,269,CREATE
"Malt whisky yearbook 2019 _ the facts, the p","Clutha. 
After",distillery,0.55,,,,,,269,CREATE
"Malt whisky yearbook 2019 _ the facts, the p",Boban Costin,distillery,0.55,,,,,,270,CREATE
"Malt whisky yearbook 2019 _ the facts, the p","Elizabeth 
Sunderland",expression,0.55,,,,,,270,CREATE
"Malt whisky yearbook 2019 _ the facts, the p","Firma 
Carl",distillery,0.55,,,,,,270,CREATE
"Malt whisky yearbook 2019 _ the facts, the p",Steelworks Investments,expression,0.55,,,,,,271,CREATE
"Malt whisky yearbook 2019 _ the facts, the p",Neil Stewart,distillery,0.75,00,,,,,271,CREATE
"Malt whisky yearbook 2019 _ the facts, the p",Ebrington Square,distillery,0.55,,,,,,271,CREATE
"Malt whisky yearbook 2019 _ the facts, the p",Niche Drinks,distillery,0.55,,,,,,271,CREATE
"Malt whisky yearbook 2019 _ the facts, the p",Carryduff. Planning,distillery,0.55,,,,,,271,CREATE
"Malt whisky yearbook 2019 _ the facts, the p",Viking Pride,expression,0.75,18,,,,,272,CREATE
"Malt whisky yearbook 2019 _ the facts, the p","Boynsmill. 
Another",distillery,0.75,10,,,,,273,CREATE
"Malt whisky yearbook 2019 _ the facts, the p",Peat Week,expression,0.55,,,,,,273,CREATE
"Malt whisky yearbook 2019 _ the facts, the p",Own Selection,expression,0.55,,,,,,274,CREATE
"Malt whisky yearbook 2019 _ the facts, the p",Exceptional Casks Collection,expression,0.55,,,,,,275,CREATE
"Malt whisky yearbook 2019 _ the facts, the p",Sherry Cask Matured,expression,0.55,,,speyside,sherry,,275,CREATE
"Malt whisky yearbook 2019 _ the facts, the p",Peated Cask Matured,expression,0.55,,,speyside,sherry,,275,CREATE
"Malt whisky yearbook 2019 _ the facts, the p","Edrington. 
Speyside",expression,0.75,,44.2,speyside,,,275,CREATE
"Malt whisky yearbook 2019 _ the facts, the p",Brian Symington,bottler,0.55,,,,,signatory,275,CREATE
"Malt whisky yearbook 2019 _ the facts, the p","Cask Strength 
Collection",expression,0.55,,,,,,275,CREATE
"Malt whisky yearbook 2019 _ the facts, the p","Perthshire. 
Ian",distillery,0.55,,,,,signatory,275,CREATE
"Malt whisky yearbook 2019 _ the facts, the p",Regional Malts,expression,0.75,0,,,,,275,CREATE
"Malt whisky yearbook 2019 _ the facts, the p",Robin Tucek,expression,0.55,,,,,,275,CREATE
"Malt whisky yearbook 2019 _ the facts, the p",Creative Whisky Company,expression,0.75,,46,,,,275,CREATE
"Malt whisky yearbook 2019 _ the facts, the p","The 
Exclusive Malts",expression,0.55,,,,,,275,CREATE
"Malt whisky yearbook 2019 _ the facts, the p",Exclusive Regions,expression,0.55,,,,,,275,CREATE
"Malt whisky yearbook 2019 _ the facts, the p","Exclusive 
Blends",expression,0.55,,,,,,275,CREATE
"Malt whisky yearbook 2019 _ the facts, the p",Five Stars,expression,0.75,12,,,,,276,CREATE
"Malt whisky yearbook 2019 _ the facts, the p",Exotic Cargo,expression,0.75,10,,,,,276,CREATE
"Malt whisky yearbook 2019 _ the facts, the p",Aceo Ltd,distillery,0.55,,,,,,276,CREATE
"Malt whisky yearbook 2019 _ the facts, the p",Select Grain,distillery,0.55,,,,,,276,CREATE
"Malt whisky yearbook 2019 _ the facts, the p",Spice Tree,expression,0.55,,,,,,276,CREATE
"Malt whisky yearbook 2019 _ the facts, the p",Limited Range,expression,0.55,,,,,,276,CREATE
"Malt whisky yearbook 2019 _ the facts, the p",The Peat Monster,expression,0.55,,,islay,,,276,CREATE
"Malt whisky yearbook 2019 _ the facts, the p",Hedonism The Muse,expression,0.55,,,,,,276,CREATE
"Malt whisky yearbook 2019 _ the facts, the p","Blend 
Your Own",expression,0.75,14,,,,,276,CREATE
"Malt whisky yearbook 2019 _ the facts, the p",Dram Club,expression,0.55,,,,,,276,CREATE
"Malt whisky yearbook 2019 _ the facts, the p",Atom Drinks,expression,0.55,,,,,,277,CREATE
"Malt whisky yearbook 2019 _ the facts, the p",Atom Brands,bottler,0.55,,,,,independent,277,CREATE
"Malt whisky yearbook 2019 _ the facts, the p",Palo Cortado,expression,0.55,,,,sherry,,277,CREATE
"Malt whisky yearbook 2019 _ the facts, the p",Moscatel Sherry,expression,0.55,,,,sherry,,277,CREATE
"Malt whisky yearbook 2019 _ the facts, the p",Moscatel Cask Finish,expression,0.75,6,,,,,277,CREATE
"Malt whisky yearbook 2019 _ the facts, the p",Germany. His,expression,0.55,,,,,,277,CREATE
"Malt whisky yearbook 2019 _ the facts, the p",The Perfect Dram,expression,0.55,,,,,,277,CREATE
"Malt whisky yearbook 2019 _ the facts, the p",Spica. North,expression,0.75,20,,,,,277,CREATE
"Malt whisky yearbook 2019 _ the facts, the p",Andrew Dewar,expression,0.55,,,,,,277,CREATE
"Malt whisky yearbook 2019 _ the facts, the p",Premier Barrel,expression,0.75,,46,,,,278,CREATE
"Malt whisky yearbook 2019 _ the facts, the p",Double Barrel,expression,0.55,,,,,,278,CREATE
"Malt whisky yearbook 2019 _ the facts, the p",Remarkable Region Malts,expression,0.55,,,,,,278,CREATE
"Malt whisky yearbook 2019 _ the facts, the p",Amazing Casks,expression,0.55,,,,,,278,CREATE
"Malt whisky yearbook 2019 _ the facts, the p",Spice King,expression,0.75,,46,,,,279,CREATE
"Malt whisky yearbook 2019 _ the facts, the p","Peat 
Chimney",expression,0.75,,46,,,,279,CREATE
"Malt whisky yearbook 2019 _ the facts, the p",Nectar Grove,expression,0.55,,,,,,279,CREATE
"Malt whisky yearbook 2019 _ the facts, the p",Flaming Feast,expression,0.55,,,highland,bourbon,,279,CREATE
"Malt whisky yearbook 2019 _ the facts, the p",Jewish Whisky Company,expression,0.55,,,,,,279,CREATE
"Malt whisky yearbook 2019 _ the facts, the p",Jason Johnstone,expression,0.55,,,,,,279,CREATE
"Malt whisky yearbook 2019 _ the facts, the p",Joshua Hatton,expression,0.55,,,,,,279,CREATE
"Malt whisky yearbook 2019 _ the facts, the p",Seth Klaskin,bottler,0.55,,,,,independent,279,CREATE
"Malt whisky yearbook 2019 _ the facts, the p",Andrew. There,expression,0.55,,,,,,279,CREATE
"Malt whisky yearbook 2019 _ the facts, the p","Was 
Mortlach",expression,0.75,22,54.2,,,,279,CREATE
"Malt whisky yearbook 2019 _ the facts, the p",Brian Crook,expression,0.55,,,,,,280,CREATE
"Malt whisky yearbook 2019 _ the facts, the p",Sherry Finish,expression,0.75,,40,,port,,280,CREATE
"Malt whisky yearbook 2019 _ the facts, the p",Choice. They,expression,0.75,,46,,,,280,CREATE
"Malt whisky yearbook 2019 _ the facts, the p",Super Premium Aged,expression,0.55,,,,,,280,CREATE
"Malt whisky yearbook 2019 _ the facts, the p",Cadenhead Range,bottler,0.75,,46,,,cadenhead,280,CREATE
"Malt whisky yearbook 2019 _ the facts, the p","Export Director 
Paul",expression,0.55,,,,,,281,CREATE
"Malt whisky yearbook 2019 _ the facts, the p",Peated Edition,expression,0.75,,43,,,,281,CREATE
"Malt whisky yearbook 2019 _ the facts, the p",Perth. Meanwhile,distillery,0.55,,,,,,281,CREATE
"Malt whisky yearbook 2019 _ the facts, the p",Whisky Fair Limburg,expression,0.55,,,,,,281,CREATE
"Malt whisky yearbook 2019 _ the facts, the p",Germany. Around,expression,0.55,,,,,,281,CREATE
"Malt whisky yearbook 2019 _ the facts, the p",Iain Hamilton,expression,0.55,,,,,,281,CREATE
"Malt whisky yearbook 2019 _ the facts, the p",The Library Collection,expression,0.55,,,,,,281,CREATE
"Malt whisky yearbook 2019 _ the facts, the p","Martin 
Diekmann",expression,0.55,,,,,,281,CREATE
"Malt whisky yearbook 2019 _ the facts, the p",Cosmopolitan Centre,expression,0.55,,,,,,282,CREATE
"Malt whisky yearbook 2019 _ the facts, the p","Knox Street 
Double",expression,0.55,,,,,,282,CREATE
"Malt whisky yearbook 2019 _ the facts, the p",Pinkernells Whisky Market,expression,0.55,,,,,,282,CREATE
"Malt whisky yearbook 2019 _ the facts, the p","Salzburg 
Phone",expression,0.55,,,,,,282,CREATE
"Malt whisky yearbook 2019 _ the facts, the p","Zottegem 
Phone",expression,0.55,,,,,,282,CREATE
"Malt whisky yearbook 2019 _ the facts, the p","Antwerpen 
Phone",expression,0.55,,,,,,282,CREATE
"Malt whisky yearbook 2019 _ the facts, the p",Avenue Rodolphe Gossia,expression,0.55,,,,,,282,CREATE
"Malt whisky yearbook 2019 _ the facts, the p","Jauche 
Phone",expression,0.55,,,,,,282,CREATE
"Malt whisky yearbook 2019 _ the facts, the p","Calgary 
Alberta",expression,0.55,,,,,,282,CREATE
"Malt whisky yearbook 2019 _ the facts, the p","Denmark 
Kongensgade",bottler,0.55,,,,,cadenhead,282,CREATE
"Malt whisky yearbook 2019 _ the facts, the p",Sjolund Gade,expression,0.55,,,,,,282,CREATE
"Malt whisky yearbook 2019 _ the facts, the p","Sjolund 
Phone",expression,0.55,,,,,,282,CREATE
"Malt whisky yearbook 2019 _ the facts, the p",Ulrik Bertelsen,expression,0.55,,,,,,282,CREATE
"Malt whisky yearbook 2019 _ the facts, the p",Bedford Street,expression,0.55,,,,,,282,CREATE
"Malt whisky yearbook 2019 _ the facts, the p","Covent Garden 
London",expression,0.55,,,,,,282,CREATE
"Malt whisky yearbook 2019 _ the facts, the p",Wright Wine,expression,0.55,,,,wine,,283,CREATE
"Malt whisky yearbook 2019 _ the facts, the p",Raikes Road,expression,0.55,,,,wine,,283,CREATE
"Malt whisky yearbook 2019 _ the facts, the p",Ton Business Park,expression,0.55,,,,,,283,CREATE
"Malt whisky yearbook 2019 _ the facts, the p",The Wee Dram,distillery,0.55,,,,,,283,CREATE
"Malt whisky yearbook 2019 _ the facts, the p",The Wee Drammers,expression,0.55,,,,,,283,CREATE
"Malt whisky yearbook 2019 _ the facts, the p",Wee Dram Fest,expression,0.55,,,,,,283,CREATE
"Malt whisky yearbook 2019 _ the facts, the p","Spencer Street 
Birmingham",expression,0.55,,,,,,283,CREATE
"Malt whisky yearbook 2019 _ the facts, the p",Hedonism Wines,expression,0.55,,,,,,283,CREATE
"Malt whisky yearbook 2019 _ the facts, the p","Bailgate 
Lincoln",expression,0.55,,,,,,283,CREATE
"Malt whisky yearbook 2019 _ the facts, the p","Chiltern Street 
London",bottler,0.55,,,,,cadenhead,284,CREATE
"Malt whisky yearbook 2019 _ the facts, the p","Crosby Street 
Carlisle",expression,0.55,,,,,,284,CREATE
"Malt whisky yearbook 2019 _ the facts, the p",The Vintage House,expression,0.55,,,,,,284,CREATE
"Malt whisky yearbook 2019 _ the facts, the p",Concorde House,expression,0.55,,,,,,284,CREATE
"Malt whisky yearbook 2019 _ the facts, the p","Paris 
Phone",expression,0.55,,,,,,284,CREATE
"Malt whisky yearbook 2019 _ the facts, the p","Niirnberg 
Phone",expression,0.55,,,,,,284,CREATE
"Malt whisky yearbook 2019 _ the facts, the p","Seeshaupt 
Phone",expression,0.55,,,,,,284,CREATE
"Malt whisky yearbook 2019 _ the facts, the p","Whisky Market 
Luxemburger",bottler,0.55,,,,,cadenhead,284,CREATE
"Malt whisky yearbook 2019 _ the facts, the p","Berlin 
Phone",expression,0.55,,,,,,284,CREATE
"Malt whisky yearbook 2019 _ the facts, the p","Germany. 
Home",expression,0.55,,,,,,284,CREATE
"Malt whisky yearbook 2019 _ the facts, the p","Malts 
Hosegstieg",expression,0.55,,,,,,284,CREATE
"Malt whisky yearbook 2019 _ the facts, the p","Wedel 
Phone",expression,0.55,,,,,,284,CREATE
"Malt whisky yearbook 2019 _ the facts, the p","Mehlem 
Phone",expression,0.55,,,,,,284,CREATE
"Malt whisky yearbook 2019 _ the facts, the p","Doris 
Germanenstrasse",expression,0.55,,,,,,284,CREATE
"Malt whisky yearbook 2019 _ the facts, the p","Germany. 
Finlays",expression,0.55,,,,,,284,CREATE
"Malt whisky yearbook 2019 _ the facts, the p","Whisky Shop 
Hofheimer",expression,0.55,,,,,,284,CREATE
"Malt whisky yearbook 2019 _ the facts, the p","Lorsbach 
Phone",expression,0.55,,,,,,284,CREATE
"Malt whisky yearbook 2019 _ the facts, the p","Illschwang 
Phone",expression,0.55,,,,,,284,CREATE
"Malt whisky yearbook 2019 _ the facts, the p",World Wide Spirits,bottler,0.55,,,,,independent,284,CREATE
"Malt whisky yearbook 2019 _ the facts, the p","Darmstadt 
Phone",expression,0.55,,,,,,284,CREATE
"Malt whisky yearbook 2019 _ the facts, the p","Kierzek 
Weitlingstrasse",expression,0.55,,,,,,285,CREATE
"Malt whisky yearbook 2019 _ the facts, the p","Obernkirchen 
Phone",expression,0.55,,,,,,285,CREATE
"Malt whisky yearbook 2019 _ the facts, the p","Friedenau 
Phone",expression,0.55,,,,,,285,CREATE
"Malt whisky yearbook 2019 _ the facts, the p",Whisky Shop Budapest,expression,0.55,,,,,,285,CREATE
"Malt whisky yearbook 2019 _ the facts, the p","Budapest 
Phone",expression,0.55,,,,,,285,CREATE
"Malt whisky yearbook 2019 _ the facts, the p","Hungary. 
More",expression,0.55,,,,,,285,CREATE
"Malt whisky yearbook 2019 _ the facts, the p",Even Hungarian,expression,0.55,,,,,,285,CREATE
"Malt whisky yearbook 2019 _ the facts, the p",Cocktail Bar,expression,0.55,,,,,,285,CREATE
"Malt whisky yearbook 2019 _ the facts, the p",Via Cavaleri,expression,0.55,,,,,,285,CREATE
"Malt whisky yearbook 2019 _ the facts, the p",Via Giardini Sud,expression,0.55,,,,,,285,CREATE
"Malt whisky yearbook 2019 _ the facts, the p",Massimo Righi,expression,0.55,,,,,,285,CREATE
"Malt whisky yearbook 2019 _ the facts, the p","Rome 
Phone",expression,0.55,,,,,,285,CREATE
"Malt whisky yearbook 2019 _ the facts, the p",Liquor Mountain Co,expression,0.55,,,,,,285,CREATE
"Malt whisky yearbook 2019 _ the facts, the p","Tokyo 
Phone",expression,0.55,,,,,,285,CREATE
"Malt whisky yearbook 2019 _ the facts, the p","Hertogenbosch 
Phone",expression,0.55,,,,,,285,CREATE
"Malt whisky yearbook 2019 _ the facts, the p","Zuylen 
Loosduinse Hoofdplein",expression,0.55,,,,,,285,CREATE
"Malt whisky yearbook 2019 _ the facts, the p",Den Haag,expression,0.55,,,,,,285,CREATE
"Malt whisky yearbook 2019 _ the facts, the p","Whisky Schuur 
Blankendalwei",expression,0.55,,,,,,285,CREATE
"Malt whisky yearbook 2019 _ the facts, the p","Scharnegoutem 
Phone",expression,0.55,,,,,,285,CREATE
"Malt whisky yearbook 2019 _ the facts, the p","Boog 
Prinses Irenelaan",expression,0.55,,,,wine,,285,CREATE
"Malt whisky yearbook 2019 _ the facts, the p","Rijswijk 
Phone",expression,0.55,,,,,,285,CREATE
"Malt whisky yearbook 2019 _ the facts, the p","Dom Whisky 
Wejherowska",expression,0.55,,,,,,286,CREATE
"Malt whisky yearbook 2019 _ the facts, the p","Reda 
Phone",expression,0.55,,,,,,286,CREATE
"Malt whisky yearbook 2019 _ the facts, the p",Jastrzebia Gora,expression,0.55,,,,,,286,CREATE
"Malt whisky yearbook 2019 _ the facts, the p",Tverskoy Boulevard,expression,0.55,,,,,,286,CREATE
"Malt whisky yearbook 2019 _ the facts, the p","Moscow 
Phone",expression,0.55,,,,,,286,CREATE
"Malt whisky yearbook 2019 _ the facts, the p",Single Malts Direct,bottler,0.55,,,,,gordon,286,CREATE
"Malt whisky yearbook 2019 _ the facts, the p",Fife Street,expression,0.55,,,,,,286,CREATE
"Malt whisky yearbook 2019 _ the facts, the p","Cellars 
The Carnegie",expression,0.55,,,,,,286,CREATE
"Malt whisky yearbook 2019 _ the facts, the p","Abbey Whisky 
Dunfermline",expression,0.55,,,,,,286,CREATE
"Malt whisky yearbook 2019 _ the facts, the p",The Secret Casks,expression,0.55,,,,,,286,CREATE
"Malt whisky yearbook 2019 _ the facts, the p","Whisky Society 
Wwww",bottler,0.55,,,,,society,287,CREATE
"Malt whisky yearbook 2019 _ the facts, the p","Atholl Road 
Pitlochry",expression,0.55,,,,,,287,CREATE
"Malt whisky yearbook 2019 _ the facts, the p","Main Road 
Kirkoswald",expression,0.55,,,,,,287,CREATE
"Malt whisky yearbook 2019 _ the facts, the p","Johannesburg 
Phone",expression,0.55,,,,,,287,CREATE
"Malt whisky yearbook 2019 _ the facts, the p","Horgen 
Phone",expression,0.55,,,,,,287,CREATE
"Malt whisky yearbook 2019 _ the facts, the p",Beverage Depot,expression,0.55,,,,,,287,CREATE
"Malt whisky yearbook 2019 _ the facts, the p",Drinks International,expression,0.55,,,,,,288,CREATE
"Malt whisky yearbook 2019 _ the facts, the p",Industry Review,expression,0.55,,,,,,288,CREATE
"Malt whisky yearbook 2019 _ the facts, the p",Allied Blenders,expression,0.55,,,,,,290,CREATE
"Malt whisky yearbook 2019 _ the facts, the p",Blenders Pride,expression,0.55,,,,,,290,CREATE
"Malt whisky yearbook 2019 _ the facts, the p",Asahi Breweries,expression,0.55,,,,,,290,CREATE
"Malt whisky yearbook 2019 _ the facts, the p",Global Exports,expression,0.55,,,,bourbon,,290,CREATE
"Malt whisky yearbook 2019 _ the facts, the p","Africa Poland 
World",expression,0.55,,,,,,291,CREATE
"Malt whisky yearbook 2019 _ the facts, the p","Owner 
Owner",distillery,0.55,,,,,,293,CREATE
"Malt whisky yearbook 2019 _ the facts, the p",Agitator Whiskymakare,distillery,0.55,,,,,,296,CREATE
"Malt whisky yearbook 2019 _ the facts, the p",Bogue Sound Spirits,distillery,0.55,,,,,,296,CREATE
"Malt whisky yearbook 2019 _ the facts, the p",Civilized Spirits,distillery,0.55,,,,,,296,CREATE
"Malt whisky yearbook 2019 _ the facts, the p",Cotherman Distilling,distillery,0.55,,,,,,296,CREATE
"Malt whisky yearbook 2019 _ the facts, the p",Diirr Edelbranntweine,distillery,0.55,,,,,,296,CREATE
"Malt whisky yearbook 2019 _ the facts, the p",Emilio Mignone Distillery,distillery,0.55,,,,,,296,CREATE
"Malt whisky yearbook 2019 _ the facts, the p",Fainting Goats Spirit,distillery,0.55,,,,,,296,CREATE
"Malt whisky yearbook 2019 _ the facts, the p",Gray Skies Distillery,distillery,0.55,,,,,,297,CREATE
"Malt whisky yearbook 2019 _ the facts, the p",Hermann Pfanner,distillery,0.55,,,,,,297,CREATE
"Malt whisky yearbook 2019 _ the facts, the p",Hewn Spirits,distillery,0.55,,,,,,297,CREATE
"Malt whisky yearbook 2019 _ the facts, the p",Idlewild Spirits,distillery,0.55,,,,,,297,CREATE
"Malt whisky yearbook 2019 _ the facts, the p",Keckeis Destillerie,distillery,0.55,,,,,,297,CREATE
"Malt whisky yearbook 2019 _ the facts, the p",Kempisch Vuur,distillery,0.55,,,,,,297,CREATE
"Malt whisky yearbook 2019 _ the facts, the p",Muraro Bebidas,distillery,0.55,,,,,,297,CREATE
"Malt whisky yearbook 2019 _ the facts, the p",Markische Spez,distillery,0.55,,,,,,297,CREATE
"Malt whisky yearbook 2019 _ the facts, the p",Nashoba Valley Winery,distillery,0.55,,,,,,297,CREATE
"Malt whisky yearbook 2019 _ the facts, the p","Distillery Index 
Norrtelje",distillery,0.55,,,,,,298,CREATE
"Malt whisky yearbook 2019 _ the facts, the p",Norske Brenneri,distillery,0.55,,,,,,298,CREATE
"Malt whisky yearbook 2019 _ the facts, the p",Old Line Spirits,distillery,0.55,,,,,,298,CREATE
"Malt whisky yearbook 2019 _ the facts, the p",Oss Craft Distillery,distillery,0.55,,,,,,298,CREATE
"Malt whisky yearbook 2019 _ the facts, the p",Roche Aux,distillery,0.55,,,,,,298,CREATE
"Malt whisky yearbook 2019 _ the facts, the p",St Kilian Distillers,distillery,0.55,,,,,,298,CREATE
"Malt whisky yearbook 2019 _ the facts, the p",Sound Spirits,expression,0.55,,,,,,298,CREATE
"Malt whisky yearbook 2019 _ the facts, the p",Stickum Brennerei,distillery,0.55,,,,,,298,CREATE
"Malt whisky yearbook 2019 _ the facts, the p",Telluride Distilling,distillery,0.55,,,,,,298,CREATE
"Malt whisky yearbook 2019 _ the facts, the p",Town Branch Distillery,distillery,0.55,,,,,,298,CREATE
"Malt whisky yearbook 2019 _ the facts, the p",Uppsala Destilleri,distillery,0.55,,,,,,298,CREATE
"Malt whisky yearbook 2019 _ the facts, the p",Gavin Smith,expression,0.55,,,,,,300,CREATE
"Malt whisky yearbook 2019 _ the facts, the p",Japan. Finally,expression,0.55,,,,,,300,CREATE
The Complete Whiskey Course -- Robin Robinso,Class Six,expression,0.55,,,,,,0,CREATE
The Complete Whiskey Course -- Robin Robinso,Brief History,expression,0.55,,,,,,0,CREATE
The Complete Whiskey Course -- Robin Robinso,Kiki Braverman,expression,0.55,,,,,,0,CREATE
The Complete Whiskey Course -- Robin Robinso,Beam Suntory,distillery,0.55,,,,,,0,CREATE
The Complete Whiskey Course -- Robin Robinso,Pot Still Irish,expression,0.55,,,,,,0,CREATE
The Complete Whiskey Course -- Robin Robinso,The Case Against,expression,0.55,,,,,,0,CREATE
The Complete Whiskey Course -- Robin Robinso,"Manufactured Product
Words",expression,0.55,,,,,,0,CREATE
The Complete Whiskey Course -- Robin Robinso,"Sour Mash
In",expression,0.75,,42,,,,0,CREATE
The Complete Whiskey Course -- Robin Robinso,Sukhinder Singh,expression,0.55,,,,port,,0,CREATE
The Complete Whiskey Course -- Robin Robinso,The Swan Neck,expression,0.75,,58.5,,,,0,CREATE
The Complete Whiskey Course -- Robin Robinso,Pacific Northwest,expression,0.55,,,,oak,,0,CREATE
The Complete Whiskey Course -- Robin Robinso,Why Oak,expression,0.75,,46.3,,oak,,0,CREATE
The Complete Whiskey Course -- Robin Robinso,Ger Buckley,distillery,0.55,,,,,,0,CREATE
The Complete Whiskey Course -- Robin Robinso,"Washington.
Maturation",distillery,0.55,,,,,,0,CREATE
The Complete Whiskey Course -- Robin Robinso,"Finishing
For",distillery,0.55,,,,,,0,CREATE
The Complete Whiskey Course -- Robin Robinso,"Visualizing Aroma
Gregg",expression,0.55,,,,,,0,CREATE
The Complete Whiskey Course -- Robin Robinso,"Tasting Rules
Before",expression,0.55,,,,,,0,CREATE
The Complete Whiskey Course -- Robin Robinso,Alex Chasko,distillery,0.55,,,,,,0,CREATE
The Complete Whiskey Course -- Robin Robinso,Dave Pickerell,expression,0.55,,,,,,0,CREATE
The Complete Whiskey Course -- Robin Robinso,Staten Island,distillery,0.55,,,,,,0,CREATE
The Complete Whiskey Course -- Robin Robinso,Julian Van Winkle,distillery,0.55,,,,,,0,CREATE
The Complete Whiskey Course -- Robin Robinso,Variable Proof,expression,0.55,,,,,,0,CREATE
The Complete Whiskey Course -- Robin Robinso,Dave Brubeck Quartet,expression,0.75,,40,,,,0,CREATE
The Complete Whiskey Course -- Robin Robinso,All Four Roses,expression,0.55,,,,,,0,CREATE
The Complete Whiskey Course -- Robin Robinso,"Rye
While",expression,0.55,,,,bourbon,,0,CREATE
The Complete Whiskey Course -- Robin Robinso,Pennsylvania Rye Whiskey,expression,0.75,,43,,,,0,CREATE
The Complete Whiskey Course -- Robin Robinso,"Rye
Patent",expression,0.75,,50,,,,0,CREATE
The Complete Whiskey Course -- Robin Robinso,Fritz Maytag,expression,0.55,,,,,,0,CREATE
The Complete Whiskey Course -- Robin Robinso,Todd Leopold,expression,0.75,,48.5,,,,0,CREATE
The Complete Whiskey Course -- Robin Robinso,"Rye
Becky Harris",distillery,0.55,,,,,,0,CREATE
The Complete Whiskey Course -- Robin Robinso,Roundstone Rye,distillery,0.55,,,,,,0,CREATE
The Complete Whiskey Course -- Robin Robinso,Purcellville. All,distillery,0.75,,100,,,,0,CREATE
The Complete Whiskey Course -- Robin Robinso,When Seagram,expression,0.55,,,,,,0,CREATE
The Complete Whiskey Course -- Robin Robinso,Even Kulsveen,expression,0.55,,,,bourbon,,0,CREATE
The Complete Whiskey Course -- Robin Robinso,Trey Zoeller,expression,0.55,,,,,,0,CREATE
The Complete Whiskey Course -- Robin Robinso,"Bourbon
Rye",distillery,0.55,,,,bourbon,,0,CREATE
The Complete Whiskey Course -- Robin Robinso,Derby. Don,expression,0.75,,45,,,,0,CREATE
The Complete Whiskey Course -- Robin Robinso,Prohibition. Everyone,distillery,0.55,,,,,,0,CREATE
The Complete Whiskey Course -- Robin Robinso,Rick Wasmund,distillery,0.55,,,,,,0,CREATE
The Complete Whiskey Course -- Robin Robinso,Joe Beatrice,expression,0.75,,46,,bourbon,,0,CREATE
The Complete Whiskey Course -- Robin Robinso,Tennessee. But,expression,0.55,,,,,,0,CREATE
The Complete Whiskey Course -- Robin Robinso,From Grapes,expression,0.75,,43.1,,,,0,CREATE
The Complete Whiskey Course -- Robin Robinso,Ansley Coale,expression,0.75,,43.1,,,,0,CREATE
The Complete Whiskey Course -- Robin Robinso,Hubert Germain,expression,0.75,,43.1,,,,0,CREATE
The Complete Whiskey Course -- Robin Robinso,Partners Ralph Erenzo,expression,0.75,,46,,,,0,CREATE
The Complete Whiskey Course -- Robin Robinso,Brian Lee,distillery,0.75,,46,,,,0,CREATE
The Complete Whiskey Course -- Robin Robinso,Ann Arbor,expression,0.55,,,,,,0,CREATE
The Complete Whiskey Course -- Robin Robinso,Sonat Birnecker Hart,distillery,0.75,,40,,,,0,CREATE
The Complete Whiskey Course -- Robin Robinso,Adam Spiegel,expression,0.75,,48.3,,,,0,CREATE
The Complete Whiskey Course -- Robin Robinso,Pine Barrens Single,expression,0.55,,,,,,0,CREATE
The Complete Whiskey Course -- Robin Robinso,Dead Guy Whiskey,expression,0.55,,,,,,0,CREATE
The Complete Whiskey Course -- Robin Robinso,The Guys Under,distillery,0.55,,,,,,0,CREATE
The Complete Whiskey Course -- Robin Robinso,Texas Fireproof Storage,distillery,0.55,,,,,,0,CREATE
The Complete Whiskey Course -- Robin Robinso,Waco. They,expression,0.55,,,,,,0,CREATE
The Complete Whiskey Course -- Robin Robinso,Retired Master Distiller,distillery,0.55,,,,,,0,CREATE
The Complete Whiskey Course -- Robin Robinso,Pam Heilman,distillery,0.55,,,,,,0,CREATE
The Complete Whiskey Course -- Robin Robinso,Kelvin Cooperage,expression,0.75,,50,,bourbon,,0,CREATE
The Complete Whiskey Course -- Robin Robinso,Double Cask Bourbon,expression,0.55,,,,bourbon,,0,CREATE
The Complete Whiskey Course -- Robin Robinso,Then Kentucky,expression,0.55,,,,,,0,CREATE
The Complete Whiskey Course -- Robin Robinso,After World War,expression,0.55,,,,,,0,CREATE
The Complete Whiskey Course -- Robin Robinso,But Canadian,expression,0.55,,,,,,0,CREATE
The Complete Whiskey Course -- Robin Robinso,"Walkerville
Born",distillery,0.55,,,,,,0,CREATE
The Complete Whiskey Course -- Robin Robinso,When Walker,expression,0.55,,,,,,0,CREATE
The Complete Whiskey Course -- Robin Robinso,Walker Club Whisky,expression,0.55,,,,,,0,CREATE
The Complete Whiskey Course -- Robin Robinso,Unlike Scotland,expression,0.55,,,,,,0,CREATE
The Complete Whiskey Course -- Robin Robinso,Bill Ashburn,expression,0.55,,,,,,0,CREATE
The Complete Whiskey Course -- Robin Robinso,Pernod Ricard,expression,0.55,,,,,,0,CREATE
The Complete Whiskey Course -- Robin Robinso,"Blending
Canadian",expression,0.75,00,,,,,0,CREATE
The Complete Whiskey Course -- Robin Robinso,Otto Rieder,distillery,0.55,,,,,,0,CREATE
The Complete Whiskey Course -- Robin Robinso,Kittling Ridge,distillery,0.55,,,,,,0,CREATE
The Complete Whiskey Course -- Robin Robinso,Windsor Canadian,expression,0.55,,,,,,0,CREATE
The Complete Whiskey Course -- Robin Robinso,"Year

Stalk",expression,0.75,10,,,,,0,CREATE
The Complete Whiskey Course -- Robin Robinso,Arthur Guinness,expression,0.55,,,,,,0,CREATE
The Complete Whiskey Course -- Robin Robinso,County Cork,distillery,0.55,,,,,,0,CREATE
The Complete Whiskey Course -- Robin Robinso,Modern Packaging,expression,0.55,,,,,,0,CREATE
The Complete Whiskey Course -- Robin Robinso,Cork. Bushmills,distillery,0.55,,,,,,0,CREATE
The Complete Whiskey Course -- Robin Robinso,Pot Still Whiskey,expression,0.55,,,,,,0,CREATE
The Complete Whiskey Course -- Robin Robinso,Only American,expression,0.55,,,,,,0,CREATE
The Complete Whiskey Course -- Robin Robinso,Tenuous Strands Held,expression,0.55,,,,,,0,CREATE
The Complete Whiskey Course -- Robin Robinso,Saved Irish Whiskey,distillery,0.55,,,,,,0,CREATE
The Complete Whiskey Course -- Robin Robinso,"Ireland.

Jameson",distillery,0.55,,,,,,0,CREATE
The Complete Whiskey Course -- Robin Robinso,Beer Company,expression,0.55,,,,,,0,CREATE
The Complete Whiskey Course -- Robin Robinso,Brooklyn. Additional,expression,0.55,,,,,,0,CREATE
The Complete Whiskey Course -- Robin Robinso,Unlike Bushmills,expression,0.55,,,,,,0,CREATE
The Complete Whiskey Course -- Robin Robinso,"Ireland.

Retired",distillery,0.55,,,,,,0,CREATE
The Complete Whiskey Course -- Robin Robinso,County Louth,distillery,0.55,,,,,,0,CREATE
The Complete Whiskey Course -- Robin Robinso,Mark Edwin Andrews,expression,0.75,,46,,,,0,CREATE
The Complete Whiskey Course -- Robin Robinso,Wicklow Mountains,distillery,0.75,,42,,,,0,CREATE
The Complete Whiskey Course -- Robin Robinso,"Ireland.
Tullamore",distillery,0.55,,,,,,0,CREATE
The Complete Whiskey Course -- Robin Robinso,Like Tullamore,expression,0.75,12,,,,,0,CREATE
The Complete Whiskey Course -- Robin Robinso,Atlantic Archipelago,expression,0.75,10,55,,,,0,CREATE
The Complete Whiskey Course -- Robin Robinso,Tears Pot Still,expression,0.55,,,,,,0,CREATE
The Complete Whiskey Course -- Robin Robinso,Year Sherry Cask,expression,0.75,10,,,sherry,,0,CREATE
The Complete Whiskey Course -- Robin Robinso,Friar Jon Cor,expression,0.55,,,,,,0,CREATE
The Complete Whiskey Course -- Robin Robinso,"Again
Excise",expression,0.55,,,,,,0,CREATE
The Complete Whiskey Course -- Robin Robinso,Sandy Hyslop,expression,0.75,,40,,,,0,CREATE
The Complete Whiskey Course -- Robin Robinso,Aeneas Coffey,expression,0.75,,46,,,,0,CREATE
The Complete Whiskey Course -- Robin Robinso,Andrew Usher,expression,0.55,,,,,,0,CREATE
The Complete Whiskey Course -- Robin Robinso,The Lowland Scots,expression,0.55,,,lowland,,,0,CREATE
The Complete Whiskey Course -- Robin Robinso,Rob Roy,expression,0.75,12,40,,,,0,CREATE
The Complete Whiskey Course -- Robin Robinso,Tommy Dewar,expression,0.75,12,40,,,,0,CREATE
The Complete Whiskey Course -- Robin Robinso,Striding Man,expression,0.55,,,,,,0,CREATE
The Complete Whiskey Course -- Robin Robinso,Britain. Sadly,distillery,0.55,,,,,,0,CREATE
The Complete Whiskey Course -- Robin Robinso,How California Wine,expression,0.55,,,,port,,0,CREATE
The Complete Whiskey Course -- Robin Robinso,"Caramel Coloring
The",expression,0.75,,100,,,,0,CREATE
The Complete Whiskey Course -- Robin Robinso,Steeping. Barley,expression,0.55,,,,,,0,CREATE
The Complete Whiskey Course -- Robin Robinso,Excise Tax,expression,0.55,,,islay,,,0,CREATE
The Complete Whiskey Course -- Robin Robinso,Five Regions,expression,0.55,,,,,,0,CREATE
The Complete Whiskey Course -- Robin Robinso,Brian Kinsman,expression,0.55,,,,,,0,CREATE
The Complete Whiskey Course -- Robin Robinso,Global Reach,expression,0.55,,,,,,0,CREATE
The Complete Whiskey Course -- Robin Robinso,Spanish Solera Method,distillery,0.55,,,,,,0,CREATE
The Complete Whiskey Course -- Robin Robinso,Both Glenfiddich,distillery,0.55,,,,,,0,CREATE
The Complete Whiskey Course -- Robin Robinso,While Stewart,expression,0.75,,43,,,,0,CREATE
The Complete Whiskey Course -- Robin Robinso,Bourbon Cask Review,expression,0.75,,93,,bourbon,,0,CREATE
The Complete Whiskey Course -- Robin Robinso,"Year

Glenrothes Vintage",distillery,0.75,10,,,,,0,CREATE
The Complete Whiskey Course -- Robin Robinso,"Year

Bruichladdich",expression,0.75,10,,,,,0,CREATE
The Complete Whiskey Course -- Robin Robinso,Bombs. Once,expression,0.75,10,,,sherry,,0,CREATE
The Complete Whiskey Course -- Robin Robinso,"Alexander

Glenfarclas Family",expression,0.75,15,,,,,0,CREATE
The Complete Whiskey Course -- Robin Robinso,"Year

Highland Park",expression,0.75,10,,highland,port,,0,CREATE
The Complete Whiskey Course -- Robin Robinso,"Year

Octomore",expression,0.75,10,,,port,,0,CREATE
The Complete Whiskey Course -- Robin Robinso,Independent Bottlers,bottler,0.75,12,,,,independent,0,CREATE
The Complete Whiskey Course -- Robin Robinso,"Malt Trust
Gordon",bottler,0.55,,,,,gordon,0,CREATE
The Complete Whiskey Course -- Robin Robinso,The Business Visionary,expression,0.55,,,,,,0,CREATE
The Complete Whiskey Course -- Robin Robinso,Pure Malts,expression,0.55,,,,,,0,CREATE
The Complete Whiskey Course -- Robin Robinso,Coffey Grain,expression,0.55,,,,,,0,CREATE
The Complete Whiskey Course -- Robin Robinso,Shettsu Shuzo,expression,0.55,,,,,,0,CREATE
The Complete Whiskey Course -- Robin Robinso,Kichiro Iwai,expression,0.55,,,,,,0,CREATE
The Complete Whiskey Course -- Robin Robinso,"Artist
Once",expression,0.55,,,,,,0,CREATE
The Complete Whiskey Course -- Robin Robinso,"Japan.
Divergence",expression,0.55,,,,,,0,CREATE
The Complete Whiskey Course -- Robin Robinso,The Partnership Ends,distillery,0.55,,,,,,0,CREATE
The Complete Whiskey Course -- Robin Robinso,From Ichiro Akuto,expression,0.55,,,,,,0,CREATE
The Complete Whiskey Course -- Robin Robinso,Asahi Brewing Company,distillery,0.55,,,,,,0,CREATE
The Complete Whiskey Course -- Robin Robinso,Tadashi Sakuma,expression,0.55,,,,,,0,CREATE
The Complete Whiskey Course -- Robin Robinso,Masataka Taketsuru,expression,0.55,,,,,,0,CREATE
The Complete Whiskey Course -- Robin Robinso,Super Premium,expression,0.55,,,,,,0,CREATE
The Complete Whiskey Course -- Robin Robinso,"Iwai Tradition

Nikka",expression,0.55,,,,oak,,0,CREATE
The Complete Whiskey Course -- Robin Robinso,"Coffey Malt

White",expression,0.55,,,,oak,,0,CREATE
The Complete Whiskey Course -- Robin Robinso,"Grain

Yamazaki",expression,0.55,,,,,,0,CREATE
The Complete Whiskey Course -- Robin Robinso,Uttar Pradesh,expression,0.55,,,,,,0,CREATE
The Complete Whiskey Course -- Robin Robinso,Welsh Whisky Company,expression,0.55,,,,,,0,CREATE
The Complete Whiskey Course -- Robin Robinso,From Eau,expression,0.55,,,,,,0,CREATE
The Complete Whiskey Course -- Robin Robinso,British Isles,expression,0.55,,,,,,0,CREATE
The Complete Whiskey Course -- Robin Robinso,These French,expression,0.55,,,,,,0,CREATE
The Complete Whiskey Course -- Robin Robinso,Washington. Domaine,distillery,0.55,,,,,,0,CREATE
The Complete Whiskey Course -- Robin Robinso,Hautes Glaces,distillery,0.55,,,,,,0,CREATE
The Complete Whiskey Course -- Robin Robinso,French Alps,distillery,0.55,,,,,,0,CREATE
The Complete Whiskey Course -- Robin Robinso,Hubert Grallet,expression,0.55,,,,,,0,CREATE
The Complete Whiskey Course -- Robin Robinso,Christophe Dupic,expression,0.55,,,,,,0,CREATE
The Complete Whiskey Course -- Robin Robinso,Claude Meyer,distillery,0.55,,,,,,0,CREATE
The Complete Whiskey Course -- Robin Robinso,French Limousin,expression,0.55,,,,,,0,CREATE
The Complete Whiskey Course -- Robin Robinso,Where There,expression,0.55,,,,,,0,CREATE
The Complete Whiskey Course -- Robin Robinso,"Himalayas.
New",distillery,0.55,,,,,,0,CREATE
The Complete Whiskey Course -- Robin Robinso,Lee Tien,expression,0.55,,,,,,0,CREATE
The Complete Whiskey Course -- Robin Robinso,Ian Chang,distillery,0.55,,,,,,0,CREATE
The Complete Whiskey Course -- Robin Robinso,"Taiwan.
Sweden",distillery,0.55,,,,,,0,CREATE
The Complete Whiskey Course -- Robin Robinso,The Midnight Sun,distillery,0.55,,,,,,0,CREATE
The Complete Whiskey Course -- Robin Robinso,"Also Rises
Sweden",distillery,0.55,,,,,,0,CREATE
The Complete Whiskey Course -- Robin Robinso,More World Whiskies,expression,0.55,,,,,,0,CREATE
The Complete Whiskey Course -- Robin Robinso,Hans Reisetbauer,distillery,0.55,,,,,,0,CREATE
The Complete Whiskey Course -- Robin Robinso,Navazos Palazzi Whisky,expression,0.55,,,,,,0,CREATE
The Complete Whiskey Course -- Robin Robinso,"Tasmania
If Ireland",expression,0.75,,52.5,,,,0,CREATE
The Complete Whiskey Course -- Robin Robinso,Milford Single Malts,expression,0.55,,,,,,0,CREATE
The Complete Whiskey Course -- Robin Robinso,Bill Lark,expression,0.55,,,,,,0,CREATE
The Complete Whiskey Course -- Robin Robinso,Their Sullivan,expression,0.55,,,,,,0,CREATE
The Complete Whiskey Course -- Robin Robinso,Raymond Davidson,expression,0.75,,25,,,,0,CREATE
The Complete Whiskey Course -- Robin Robinso,"Grain Whiskey
Grain",distillery,0.55,,,,,,0,CREATE
The Complete Whiskey Course -- Robin Robinso,Hong Kong,expression,0.55,,,,,,0,CREATE
The Complete Whiskey Course -- Robin Robinso,Dave Sweet,expression,0.55,,,,,,0,CREATE
The Complete Whiskey Course -- Robin Robinso,Regional Events,expression,0.55,,,,,,0,CREATE
The Complete Whiskey Course -- Robin Robinso,Maniac Serge Valentin,expression,0.55,,,,,,0,CREATE
The Complete Whiskey Course -- Robin Robinso,Podcaster Mark Gillespie,expression,0.55,,,,,,0,CREATE
The Complete Whiskey Course -- Robin Robinso,Bozzy Bozkurt,expression,0.55,,,,,,0,CREATE
The Complete Whiskey Course -- Robin Robinso,Run Saloon,expression,0.55,,,,,,0,CREATE
The Complete Whiskey Course -- Robin Robinso,Maduro Cigar Bar,expression,0.55,,,,,,0,CREATE
The Complete Whiskey Course -- Robin Robinso,"Girl
California",expression,0.55,,,,,,0,CREATE
The Complete Whiskey Course -- Robin Robinso,Tavern Law,expression,0.55,,,,,,0,CREATE
The Complete Whiskey Course -- Robin Robinso,The Avenue Pub,expression,0.55,,,,,,0,CREATE
The Complete Whiskey Course -- Robin Robinso,"Rusty Nail
Texas",expression,0.55,,,,,,0,CREATE
The Complete Whiskey Course -- Robin Robinso,The Library Bar,expression,0.55,,,,,,0,CREATE
The Complete Whiskey Course -- Robin Robinso,Andrew Weir,expression,0.55,,,,,,0,CREATE
The Complete Whiskey Course -- Robin Robinso,Leonardo Camercio,expression,0.55,,,,,,0,CREATE
The Complete Whiskey Course -- Robin Robinso,Stephen Schuler,expression,0.55,,,,,,0,CREATE
The Complete Whiskey Course -- Robin Robinso,Savona Communications,expression,0.55,,,,,,0,CREATE
The Complete Whiskey Course -- Robin Robinso,Yusuke Sasaki,distillery,0.55,,,,,,0,CREATE
The Complete Whiskey Course -- Robin Robinso,Stephen Teeling,distillery,0.55,,,,,,0,CREATE
The Complete Whiskey Course -- Robin Robinso,Terlato Imports,distillery,0.55,,,,,,0,CREATE
The Complete Whiskey Course -- Robin Robinso,Ann Miller,distillery,0.55,,,,,,0,CREATE
The Complete Whiskey Course -- Robin Robinso,Ashok Chokalingham,distillery,0.55,,,,,,0,CREATE
The Complete Whiskey Course -- Robin Robinso,Surrinder Kumar,distillery,0.55,,,,,,0,CREATE
The Complete Whiskey Course -- Robin Robinso,Diageo North America,expression,0.55,,,,,,0,CREATE
The Complete Whiskey Course -- Robin Robinso,Liz Rhodes,expression,0.55,,,,,,0,CREATE
The Complete Whiskey Course -- Robin Robinso,Chris Miller,distillery,0.55,,,,,,0,CREATE
The Complete Whiskey Course -- Robin Robinso,Jade Peterson,distillery,0.55,,,,,,0,CREATE
The Complete Whiskey Course -- Robin Robinso,Dave Schmei,expression,0.55,,,,,,0,CREATE
The Complete Whiskey Course -- Robin Robinso,Culinary Institute,expression,0.55,,,,,,0,CREATE
The Complete Whiskey Course -- Robin Robinso,Class Five,expression,0.55,,,,,,0,CREATE
The Complete Whiskey Course -- Robin Robinso,"Home
Glossary
Whiskey",expression,0.55,,,,,,0,CREATE
The Famous Grouse whisky companion _ heritag,"Recipes
Apple Tarte",expression,0.55,,,,,,0,CREATE
The Famous Grouse whisky companion _ heritag,Whisky Ice Cream,expression,0.55,,,,,,0,CREATE
The Famous Grouse whisky companion _ heritag,Arbroath Smokie Tarts,expression,0.55,,,,,,0,CREATE
The Famous Grouse whisky companion _ heritag,"Apple
Bad Apple",expression,0.55,,,,,,0,CREATE
The Famous Grouse whisky companion _ heritag,"Buck
Blood",expression,0.55,,,,,,0,CREATE
The Famous Grouse whisky companion _ heritag,Scented Whisky Ice,expression,0.55,,,,,,0,CREATE
The Famous Grouse whisky companion _ heritag,"Cream
Crispy Parsnip",expression,0.55,,,,,,0,CREATE
The Famous Grouse whisky companion _ heritag,"Fritters
Duck",expression,0.55,,,,,,0,CREATE
The Famous Grouse whisky companion _ heritag,"Recipes
Title Page",expression,0.55,,,,,,0,CREATE
The Famous Grouse whisky companion _ heritag,"Grouse Family
Recipes",expression,0.55,,,,,,0,CREATE
The Famous Grouse whisky companion _ heritag,"Cheddar Wellingtons
Desserts",expression,0.55,,,,,,0,CREATE
The Famous Grouse whisky companion _ heritag,Apple Tarte Tatin,expression,0.55,,,,,,0,CREATE
The Famous Grouse whisky companion _ heritag,"Christmas Strudel
Assiette",expression,0.55,,,,,,0,CREATE
The Famous Grouse whisky companion _ heritag,"Cream
Scottish Fruit",expression,0.55,,,,,,0,CREATE
The Famous Grouse whisky companion _ heritag,"Jellies
Drinks
The",expression,0.55,,,,,,0,CREATE
The Famous Grouse whisky companion _ heritag,Try Before You,expression,0.55,,,,,,0,CREATE
The Famous Grouse whisky companion _ heritag,"Recipe List
Apple",expression,0.55,,,,,,0,CREATE
The Famous Grouse whisky companion _ heritag,Tarte Tatin,expression,0.55,,,,,,0,CREATE
The Famous Grouse whisky companion _ heritag,Queen Victoria,expression,0.55,,,,,,0,CREATE
The Famous Grouse whisky companion _ heritag,The Naked Grouse,expression,0.55,,,,,,0,CREATE
The Famous Grouse whisky companion _ heritag,Best Premium Blend,expression,0.55,,,,,,0,CREATE
The Famous Grouse whisky companion _ heritag,International Spirits Challenge,expression,0.55,,,,,,0,CREATE
The Famous Grouse whisky companion _ heritag,"Finish
Sweet",expression,0.55,,,,,,0,CREATE
The Famous Grouse whisky companion _ heritag,The Snow Grouse,expression,0.55,,,,,,0,CREATE
The Famous Grouse whisky companion _ heritag,Drinks International,expression,0.55,,,,,,0,CREATE
The Famous Grouse whisky companion _ heritag,Duty Free News,expression,0.55,,,,,,0,CREATE
The Famous Grouse whisky companion _ heritag,"Aroma
Dried",expression,0.55,,,,sherry,,0,CREATE
The Famous Grouse whisky companion _ heritag,Friar John Cor,expression,0.55,,,,,,0,CREATE
The Famous Grouse whisky companion _ heritag,Friar Cor,expression,0.55,,,,,,0,CREATE
The Famous Grouse whisky companion _ heritag,Aqua Vitae,expression,0.55,,,,,,0,CREATE
The Famous Grouse whisky companion _ heritag,Arthur Bell,expression,0.55,,,,,,0,CREATE
The Famous Grouse whisky companion _ heritag,Pattisons Ltd,expression,0.55,,,,,,0,CREATE
The Famous Grouse whisky companion _ heritag,Cook School,expression,0.55,,,,,,0,CREATE
The Famous Grouse whisky companion _ heritag,Today The Famous,expression,0.55,,,,,,0,CREATE
The Famous Grouse whisky companion _ heritag,Grouse Master Blender,expression,0.55,,,,,,0,CREATE
The Whisky Tasting Guide -- Graham Moore -- ,Exchequer Rolls,expression,0.55,,,,,,6,CREATE
The Whisky Tasting Guide -- Graham Moore -- ,Friar John Cor,expression,0.55,,,,,,6,CREATE
The Whisky Tasting Guide -- Graham Moore -- ,Friar Cor,expression,0.55,,,,,,6,CREATE
The Whisky Tasting Guide -- Graham Moore -- ,Aeneas Coffey,distillery,0.55,,,,,,7,CREATE
The Whisky Tasting Guide -- Graham Moore -- ,Andrew Usher,expression,0.55,,,,,,7,CREATE
The Whisky Tasting Guide -- Graham Moore -- ,Old Vatted Glenlivet,expression,0.55,,,,,,7,CREATE
The Whisky Tasting Guide -- Graham Moore -- ,"The
Blending Act",expression,0.55,,,,,,7,CREATE
The Whisky Tasting Guide -- Graham Moore -- ,Islington Borough Council,expression,0.55,,,,,,8,CREATE
The Whisky Tasting Guide -- Graham Moore -- ,Excise Act,expression,0.55,,,,,,8,CREATE
The Whisky Tasting Guide -- Graham Moore -- ,Lewis. Plans,distillery,0.55,,,,,,9,CREATE
The Whisky Tasting Guide -- Graham Moore -- ,"Producing Regions
 
Just",expression,0.55,,,,wine,,13,CREATE
The Whisky Tasting Guide -- Graham Moore -- ,Orkney. Northern,expression,0.55,,,highland,,,17,CREATE
The Whisky Tasting Guide -- Graham Moore -- ,Trade Descriptions Act,expression,0.55,,,,,,22,CREATE
The Whisky Tasting Guide -- Graham Moore -- ,"Independent Bottlings
 
It",bottler,0.55,,,,,independent,25,CREATE
The Whisky Tasting Guide -- Graham Moore -- ,International Wine,bottler,0.55,,,,wine,gordon,26,CREATE
The Whisky Tasting Guide -- Graham Moore -- ,Tunbridge Wells,expression,0.55,,,,,,26,CREATE
The Whisky Tasting Guide -- Graham Moore -- ,How To Taste,expression,0.55,,,,,,28,CREATE
The Whisky Tasting Guide -- Graham Moore -- ,You May Have,expression,0.75,10,,,,,32,CREATE
The Whisky Tasting Guide -- Graham Moore -- ,"Lush Malts
 
For",expression,0.55,,,,,,33,CREATE
The Whisky Tasting Guide -- Graham Moore -- ,"Nautical Flavour
 
If",expression,0.55,,,,,,34,CREATE
The Whisky Tasting Guide -- Graham Moore -- ,Try Aberlour,expression,0.55,,,,,,37,CREATE
The Whisky Tasting Guide -- Graham Moore -- ,"Of Malts
 
Aberfeldy",expression,0.75,,40,,,,39,CREATE
The Whisky Tasting Guide -- Graham Moore -- ,From Knockdhu Distillery,distillery,0.55,,,,,,40,CREATE
The Whisky Tasting Guide -- Graham Moore -- ,"Angus
Dundee Distillers",distillery,0.55,,,,,,53,CREATE
The Whisky Tasting Guide -- Graham Moore -- ,Duty Free,expression,0.55,,,,,,54,CREATE
The Whisky Tasting Guide -- Graham Moore -- ,"Luscious.
How",expression,0.55,,,,,,62,CREATE
The Whisky Tasting Guide -- Graham Moore -- ,Harling Road,expression,0.55,,,,,,73,CREATE
The Whisky Tasting Guide -- Graham Moore -- ,"Drambuie.
How",expression,0.55,,,,,,77,CREATE
The Whisky Tasting Guide -- Graham Moore -- ,"Table
 
Each",expression,0.55,,,,,,81,CREATE
The flavour of whisky -- David Wishart(Fello,Contraband Highland,expression,0.55,,,highland,,,1,CREATE
The flavour of whisky -- David Wishart(Fello,Illicit Highland Whisky,expression,0.55,,,highland,,,1,CREATE
The flavour of whisky -- David Wishart(Fello,"Sir Edwin 
Landseer",expression,0.55,,,highland,,,1,CREATE
The flavour of whisky -- David Wishart(Fello,When George,expression,0.55,,,,,,1,CREATE
The flavour of whisky -- David Wishart(Fello,Elizabeth Grant,expression,0.55,,,highland,,,1,CREATE
The flavour of whisky -- David Wishart(Fello,Alfred Barnard,expression,0.55,,,highland,,,2,CREATE
The flavour of whisky -- David Wishart(Fello,Lowland Bankier,distillery,0.55,,,highland,,,2,CREATE
The flavour of whisky -- David Wishart(Fello,Queen Victoria,expression,0.55,,,islay,,,3,CREATE
The flavour of whisky -- David Wishart(Fello,Andrew Usher,expression,0.55,,,,,,3,CREATE
The flavour of whisky -- David Wishart(Fello,When Usher,expression,0.55,,,,,,3,CREATE
The flavour of whisky -- David Wishart(Fello,The Flavour Wheel,expression,0.55,,,,,,3,CREATE
The flavour of whisky -- David Wishart(Fello,Whisky Flavour Map,expression,0.55,,,,,,6,CREATE
The flavour of whisky -- David Wishart(Fello,Mitchell Beazley,expression,0.55,,,,,,7,CREATE
The flavour of whisky -- David Wishart(Fello,Dorling Kindersley,expression,0.55,,,,,,7,CREATE
The flavour of whisky -- David Wishart(Fello,"Apple 
Press",expression,0.55,,,,,,7,CREATE
The flavour of whisky -- David Wishart(Fello,Neil Wilson Publishing,expression,0.55,,,,,,7,CREATE
The flavour of whisky -- David Wishart(Fello,Canongate Books,expression,0.55,,,,,,7,CREATE
The flavour of whisky -- David Wishart(Fello,Choosing Single Malts,expression,0.55,,,,,,7,CREATE
The flavour of whisky -- David Wishart(Fello,Flavour. London,expression,0.55,,,,,,7,CREATE
The flavour of whisky -- David Wishart(Fello,"Pavilion 
Books",expression,0.55,,,,,,7,CREATE
The flavour of whisky -- David Wishart(Fello,"Flavour.
Figure",expression,0.55,,,,,,7,CREATE
The ultimate book of whiskey ; over 300 sing,Joe Clark,expression,0.55,,,,,,7,CREATE
The ultimate book of whiskey ; over 300 sing,"Stuart Derrick 
Bath",expression,0.55,,,,,,7,CREATE
The ultimate book of whiskey ; over 300 sing,Pie Copether,expression,0.55,,,,,,9,CREATE
The ultimate book of whiskey ; over 300 sing,Grain Whiskies,expression,0.55,,,islay,,,10,CREATE
The ultimate book of whiskey ; over 300 sing,Exchequer Rolls,expression,0.55,,,,,,12,CREATE
The ultimate book of whiskey ; over 300 sing,Friar John Cor,expression,0.55,,,,,,12,CREATE
The ultimate book of whiskey ; over 300 sing,Excise Act,bottler,0.55,,,,,gordon,13,CREATE
The ultimate book of whiskey ; over 300 sing,Unlike American,expression,0.55,,,,,,17,CREATE
The ultimate book of whiskey ; over 300 sing,"Andrew 
Usher",expression,0.55,,,,,,18,CREATE
The ultimate book of whiskey ; over 300 sing,Old Vatted Glenlivet,expression,0.55,,,,,,18,CREATE
The ultimate book of whiskey ; over 300 sing,Navigation Acts,expression,0.55,,,,,,18,CREATE
The ultimate book of whiskey ; over 300 sing,Drugs Act,expression,0.55,,,,,,23,CREATE
The ultimate book of whiskey ; over 300 sing,"Gulf 
Stream",expression,0.55,,,,,,26,CREATE
The ultimate book of whiskey ; over 300 sing,"Organic 
First",expression,0.55,,,,,,32,CREATE
The ultimate book of whiskey ; over 300 sing,Soe Why,expression,0.75,12,40,,port,,33,CREATE
The ultimate book of whiskey ; over 300 sing,Pernod Ricard,distillery,0.55,,,,,,35,CREATE
The ultimate book of whiskey ; over 300 sing,Spain. But,expression,0.55,,,,,,36,CREATE
The ultimate book of whiskey ; over 300 sing,The Family Casks,expression,0.55,,,,,,36,CREATE
The ultimate book of whiskey ; over 300 sing,Hans Schleger,distillery,0.55,,,,,,39,CREATE
The ultimate book of whiskey ; over 300 sing,Clenfiddi Clr,distillery,0.55,,,,,,39,CREATE
The ultimate book of whiskey ; over 300 sing,Haig. Because,expression,0.55,,,,,,40,CREATE
The ultimate book of whiskey ; over 300 sing,Hong Kong,expression,0.55,,,,,,41,CREATE
The ultimate book of whiskey ; over 300 sing,Cellar Collection,expression,0.55,,,,,,41,CREATE
The ultimate book of whiskey ; over 300 sing,Select Reserve,expression,0.55,,,,,,42,CREATE
The ultimate book of whiskey ; over 300 sing,Mainly American,expression,0.55,,,,oak,,44,CREATE
The ultimate book of whiskey ; over 300 sing,But Longmorn,distillery,0.55,,,,,,45,CREATE
The ultimate book of whiskey ; over 300 sing,The Rolls Royce,expression,0.55,,,,,,46,CREATE
The ultimate book of whiskey ; over 300 sing,The Fine Oak,expression,0.55,,,,oak,,46,CREATE
The ultimate book of whiskey ; over 300 sing,Ruby. These,expression,0.55,,,,,,46,CREATE
The ultimate book of whiskey ; over 300 sing,Sou Je Mall,expression,0.55,,,,oak,,50,CREATE
The ultimate book of whiskey ; over 300 sing,Gecthen Lad,distillery,0.55,,,speyside,,,50,CREATE
The ultimate book of whiskey ; over 300 sing,Lowlands. Auchentoshan,expression,0.55,,,,,,52,CREATE
The ultimate book of whiskey ; over 300 sing,Raymond Armstrong,distillery,0.55,,,,,,56,CREATE
The ultimate book of whiskey ; over 300 sing,Old Sherry Matured,expression,0.75,,46,,sherry,,56,CREATE
The ultimate book of whiskey ; over 300 sing,Adam Teacher,distillery,0.55,,,,,,60,CREATE
The ultimate book of whiskey ; over 300 sing,"Nevis 
Sitting",expression,0.75,,46,,,,60,CREATE
The ultimate book of whiskey ; over 300 sing,National Assembly,expression,0.55,,,,,,62,CREATE
The ultimate book of whiskey ; over 300 sing,Madam Speaker,expression,0.55,,,,,,62,CREATE
The ultimate book of whiskey ; over 300 sing,Order. Her,expression,0.55,,,,,,62,CREATE
The ultimate book of whiskey ; over 300 sing,Malt Beil Distillers,distillery,0.55,,,,,,62,CREATE
The ultimate book of whiskey ; over 300 sing,Alexander Matheson,distillery,0.55,,,,,,64,CREATE
The ultimate book of whiskey ; over 300 sing,"Cigar Malt 
Reserve",expression,0.55,,,,,,64,CREATE
The ultimate book of whiskey ; over 300 sing,Angus Dundee Distillers,distillery,0.55,,,,,,66,CREATE
The ultimate book of whiskey ; over 300 sing,Angus Dundee,distillery,0.55,,,,,,66,CREATE
The ultimate book of whiskey ; over 300 sing,"Old 
Oloroso Sherry",expression,0.55,,,,sherry,,66,CREATE
The ultimate book of whiskey ; over 300 sing,"Spain. 
From",expression,0.55,,,,oak,,68,CREATE
The ultimate book of whiskey ; over 300 sing,Various European,distillery,0.55,,,,,,70,CREATE
The ultimate book of whiskey ; over 300 sing,Quinta Ruban,expression,0.55,,,,port,,70,CREATE
The ultimate book of whiskey ; over 300 sing,Queen Victoria,distillery,0.55,,,,,,76,CREATE
The ultimate book of whiskey ; over 300 sing,Corryvreckan. Each,expression,0.55,,,,,,80,CREATE
The ultimate book of whiskey ; over 300 sing,Alligator. Numerous,expression,0.55,,,,,,80,CREATE
The ultimate book of whiskey ; over 300 sing,Unlike Islay,expression,0.55,,,islay,port,,81,CREATE
The ultimate book of whiskey ; over 300 sing,"Ila 
The Caol",distillery,0.75,,43,,,,85,CREATE
The ultimate book of whiskey ; over 300 sing,Sir Alexander,expression,0.75,,43,,,,85,CREATE
The ultimate book of whiskey ; over 300 sing,"Sob 
Ny Miata",distillery,0.55,,,,port,,85,CREATE
The ultimate book of whiskey ; over 300 sing,Antony Wills,distillery,0.55,,,,,,86,CREATE
The ultimate book of whiskey ; over 300 sing,Bay Meg,expression,0.75,,50,,,,87,CREATE
The ultimate book of whiskey ; over 300 sing,International Whisky Competition,expression,0.75,,100,islay,,,87,CREATE
The ultimate book of whiskey ; over 300 sing,Alexander Graham,distillery,0.55,,,,,,88,CREATE
The ultimate book of whiskey ; over 300 sing,"Beam. 
Laphroaig",expression,0.55,,,,,,89,CREATE
The ultimate book of whiskey ; over 300 sing,An Cuan Mor,expression,0.55,,,,,,89,CREATE
The ultimate book of whiskey ; over 300 sing,Orkney Isles,distillery,0.55,,,highland,,,94,CREATE
The ultimate book of whiskey ; over 300 sing,The Orkney Islands,expression,0.55,,,highland,sherry,,94,CREATE
The ultimate book of whiskey ; over 300 sing,Inner Hebrides,expression,0.55,,,,,,96,CREATE
The ultimate book of whiskey ; over 300 sing,"Sires 
Shp",expression,0.55,,,,,,96,CREATE
The ultimate book of whiskey ; over 300 sing,Diamond Jubilee,expression,0.55,,,,,,103,CREATE
The ultimate book of whiskey ; over 300 sing,Queen Elizabeth,expression,0.55,,,,,,103,CREATE
The ultimate book of whiskey ; over 300 sing,"Bla 
Islay",expression,0.55,,,islay,,,107,CREATE
The ultimate book of whiskey ; over 300 sing,"Kil 
Black Bottle",expression,0.55,,,islay,,,107,CREATE
The ultimate book of whiskey ; over 300 sing,Bailie Nicol Jarvie,expression,0.55,,,islay,,,107,CREATE
The ultimate book of whiskey ; over 300 sing,"Scotch Blends 
Dried",expression,0.75,,40,,,,108,CREATE
The ultimate book of whiskey ; over 300 sing,Prohibition Edition,expression,0.55,,,,,,109,CREATE
The ultimate book of whiskey ; over 300 sing,"Shanter. 
Cutty",expression,0.55,,,,,,109,CREATE
The ultimate book of whiskey ; over 300 sing,Dimple The Origina,expression,0.75,,40,,oak,,110,CREATE
The ultimate book of whiskey ; over 300 sing,"Whiskey 
Haig Dimple",expression,0.55,,,,,,110,CREATE
The ultimate book of whiskey ; over 300 sing,Snow Grouse,expression,0.55,,,,,,111,CREATE
The ultimate book of whiskey ; over 300 sing,Naked Grouse,expression,0.55,,,,,,111,CREATE
The ultimate book of whiskey ; over 300 sing,"Scotch Blends 
Scotland",expression,0.75,,40,,,,111,CREATE
The ultimate book of whiskey ; over 300 sing,"Yala 
Ale Cask",expression,0.55,,,,sherry,,112,CREATE
The ultimate book of whiskey ; over 300 sing,Ayrshire. William,distillery,0.55,,,,,,112,CREATE
The ultimate book of whiskey ; over 300 sing,Family Reserve,expression,0.55,,,,sherry,,112,CREATE
The ultimate book of whiskey ; over 300 sing,Ale Cask Finish,expression,0.55,,,,sherry,,112,CREATE
The ultimate book of whiskey ; over 300 sing,Sherry Cask Finish,expression,0.55,,,,sherry,,112,CREATE
The ultimate book of whiskey ; over 300 sing,"Scotch Blends 
Isle",expression,0.75,,40,,,,114,CREATE
The ultimate book of whiskey ; over 300 sing,"Skye 
The Isle",expression,0.75,,40,,,,114,CREATE
The ultimate book of whiskey ; over 300 sing,Ian Macleod Distillers,distillery,0.55,,,,,,114,CREATE
The ultimate book of whiskey ; over 300 sing,Giacomo Justerini,expression,0.55,,,,,,115,CREATE
The ultimate book of whiskey ; over 300 sing,"Alfred 
Brooks",expression,0.55,,,,,,115,CREATE
The ultimate book of whiskey ; over 300 sing,Batch Four,expression,0.55,,,,,,115,CREATE
The ultimate book of whiskey ; over 300 sing,Double Black,expression,0.55,,,,,,116,CREATE
The ultimate book of whiskey ; over 300 sing,"Scotch Blends 
One",expression,0.75,,40,,,,117,CREATE
The ultimate book of whiskey ; over 300 sing,"Scotch Blends 
Double",expression,0.75,,40,,,,117,CREATE
The ultimate book of whiskey ; over 300 sing,Sir Ernest Shackleton,expression,0.55,,,,,,118,CREATE
The ultimate book of whiskey ; over 300 sing,Antarctic Expedition,expression,0.55,,,,,,118,CREATE
The ultimate book of whiskey ; over 300 sing,"Scotch Blends 
White",expression,0.75,,40,,,,118,CREATE
The ultimate book of whiskey ; over 300 sing,Spice Tree,expression,0.55,,,,oak,,121,CREATE
The ultimate book of whiskey ; over 300 sing,Peat Monster,expression,0.55,,,,oak,,121,CREATE
The ultimate book of whiskey ; over 300 sing,"Hedonism. 
Hedonism",expression,0.55,,,,,,121,CREATE
The ultimate book of whiskey ; over 300 sing,"Hedonism 
Maximus",expression,0.55,,,,,,121,CREATE
The ultimate book of whiskey ; over 300 sing,"Grain 
Oak Cross",expression,0.75,,46,,oak,,121,CREATE
The ultimate book of whiskey ; over 300 sing,Poatoh Ohiap,distillery,0.55,,,,,,124,CREATE
The ultimate book of whiskey ; over 300 sing,Cromarty Firth,distillery,0.55,,,,,gordon,125,CREATE
The ultimate book of whiskey ; over 300 sing,"Grain 
Sebrland Scottish",expression,0.75,,46,,,,125,CREATE
The ultimate book of whiskey ; over 300 sing,Grain Witekicss,expression,0.75,,46,,,,125,CREATE
The ultimate book of whiskey ; over 300 sing,Niche Drinks,distillery,0.55,,,,,,129,CREATE
The ultimate book of whiskey ; over 300 sing,County Antrim,distillery,0.55,,,,,,130,CREATE
The ultimate book of whiskey ; over 300 sing,German Luftwaffe,expression,0.55,,,,sherry,,130,CREATE
The ultimate book of whiskey ; over 300 sing,Phoenix Park,distillery,0.55,,,,,,131,CREATE
The ultimate book of whiskey ; over 300 sing,"County 
Louth",distillery,0.55,,,,,,132,CREATE
The ultimate book of whiskey ; over 300 sing,Beam Global,distillery,0.55,,,,,,132,CREATE
The ultimate book of whiskey ; over 300 sing,Turf Mor,expression,0.55,,,,,,132,CREATE
The ultimate book of whiskey ; over 300 sing,Pure Pot Still,distillery,0.75,,40,,,,133,CREATE
The ultimate book of whiskey ; over 300 sing,Unlike Bushmills,distillery,0.55,,,,,,133,CREATE
The ultimate book of whiskey ; over 300 sing,Son. Casks,expression,0.55,,,,,,133,CREATE
The ultimate book of whiskey ; over 300 sing,Finding Green Spot,distillery,0.55,,,,,,133,CREATE
The ultimate book of whiskey ; over 300 sing,County Cork,distillery,0.55,,,,,,135,CREATE
The ultimate book of whiskey ; over 300 sing,"Finish 
Thick",expression,0.75,,40,,port,,138,CREATE
The ultimate book of whiskey ; over 300 sing,County Offaly,distillery,0.55,,,,,,139,CREATE
The ultimate book of whiskey ; over 300 sing,"Bourbon 
Buffalo Trace",distillery,0.75,,40,,bourbon,,146,CREATE
The ultimate book of whiskey ; over 300 sing,Buftalo Trage,distillery,0.55,,,,,,146,CREATE
The ultimate book of whiskey ; over 300 sing,"Bourbon 
North America",expression,0.75,,45,,bourbon,,147,CREATE
The ultimate book of whiskey ; over 300 sing,"Bourbon 
Evan Williams",expression,0.75,,47,,bourbon,,148,CREATE
The ultimate book of whiskey ; over 300 sing,"Bourbon 
George",expression,0.75,,45,,bourbon,,149,CREATE
The ultimate book of whiskey ; over 300 sing,Sal Daal,expression,0.55,,,,bourbon,,149,CREATE
The ultimate book of whiskey ; over 300 sing,Like Buffalo Trace,distillery,0.55,,,,,,150,CREATE
The ultimate book of whiskey ; over 300 sing,Tee Boba,expression,0.75,,50,,,,152,CREATE
The ultimate book of whiskey ; over 300 sing,"Bourbon 
Maker",expression,0.75,,46,,bourbon,,153,CREATE
The ultimate book of whiskey ; over 300 sing,Bill Samuels Jr,distillery,0.55,,,,,,153,CREATE
The ultimate book of whiskey ; over 300 sing,"Mark 
Notes",expression,0.55,,,,,,153,CREATE
The ultimate book of whiskey ; over 300 sing,Abigail Padgett,expression,0.55,,,,,,154,CREATE
The ultimate book of whiskey ; over 300 sing,"Rye 
Bottle",expression,0.75,,50,,,,155,CREATE
The ultimate book of whiskey ; over 300 sing,Hot Lor,expression,0.75,,45,,oak,,156,CREATE
The ultimate book of whiskey ; over 300 sing,"Bourbon 
Woodford Reserve",distillery,0.55,,,,bourbon,,157,CREATE
The ultimate book of whiskey ; over 300 sing,Peg Leg Porker,expression,0.55,,,,bourbon,,159,CREATE
The ultimate book of whiskey ; over 300 sing,Wry Moon,expression,0.55,,,,,,160,CREATE
The ultimate book of whiskey ; over 300 sing,Jemperance Movement,expression,0.55,,,,,,161,CREATE
The ultimate book of whiskey ; over 300 sing,"Rye 
North America",expression,0.75,,45,,,,161,CREATE
The ultimate book of whiskey ; over 300 sing,Washington Wheat,expression,0.55,,,,bourbon,,166,CREATE
The ultimate book of whiskey ; over 300 sing,Peated Wheat Whiskey,expression,0.55,,,,port,,166,CREATE
The ultimate book of whiskey ; over 300 sing,Brian Lee,distillery,0.55,,,,,,168,CREATE
The ultimate book of whiskey ; over 300 sing,Rye. Wheat,expression,0.75,,46,,,,169,CREATE
The ultimate book of whiskey ; over 300 sing,"Barley 
Aged Under",expression,0.75,,46,,,,169,CREATE
The ultimate book of whiskey ; over 300 sing,"Gak 
Hand Crafted",expression,0.55,,,,,,169,CREATE
The ultimate book of whiskey ; over 300 sing,Prohibition. Phil,distillery,0.55,,,,,,170,CREATE
The ultimate book of whiskey ; over 300 sing,Tinsley Azariah,distillery,0.55,,,,,,171,CREATE
The ultimate book of whiskey ; over 300 sing,"Jess 
Graber",distillery,0.55,,,,,,172,CREATE
The ultimate book of whiskey ; over 300 sing,Capper Fox Rye,expression,0.55,,,,,,173,CREATE
The ultimate book of whiskey ; over 300 sing,Jean Talon,distillery,0.55,,,,,,174,CREATE
The ultimate book of whiskey ; over 300 sing,Quebec City,distillery,0.55,,,,,,174,CREATE
The ultimate book of whiskey ; over 300 sing,Although Canadian,expression,0.55,,,,,,175,CREATE
The ultimate book of whiskey ; over 300 sing,Drew Mayville,expression,0.55,,,,,,177,CREATE
The ultimate book of whiskey ; over 300 sing,"Select 
The Forty",distillery,0.55,,,,,,178,CREATE
The ultimate book of whiskey ; over 300 sing,Pennsylvania. Here,distillery,0.55,,,,,,178,CREATE
The ultimate book of whiskey ; over 300 sing,Quebec. Over,distillery,0.55,,,,,,178,CREATE
The ultimate book of whiskey ; over 300 sing,Catan Wat Caan,expression,0.55,,,,oak,,178,CREATE
The ultimate book of whiskey ; over 300 sing,Five Star Rye,expression,0.55,,,,,,180,CREATE
The ultimate book of whiskey ; over 300 sing,Seeing Canadian,expression,0.55,,,,,,180,CREATE
The ultimate book of whiskey ; over 300 sing,Masataka Taketsuru,expression,0.55,,,,,,183,CREATE
The ultimate book of whiskey ; over 300 sing,Dai Nippon,expression,0.55,,,,,,183,CREATE
The ultimate book of whiskey ; over 300 sing,International Spirits Challenge,expression,0.55,,,,,,184,CREATE
The ultimate book of whiskey ; over 300 sing,"Mizunara 
Ichiro",expression,0.55,,,,,,186,CREATE
The ultimate book of whiskey ; over 300 sing,The Floor Malted,expression,0.55,,,,,,186,CREATE
The ultimate book of whiskey ; over 300 sing,"Translation 
For",expression,0.75,,50.5,,,,186,CREATE
The ultimate book of whiskey ; over 300 sing,Bourbon Barrel,expression,0.75,,43,,bourbon,,187,CREATE
The ultimate book of whiskey ; over 300 sing,"Haruki Murakami 
Hibiki",expression,0.55,,,,,,188,CREATE
The ultimate book of whiskey ; over 300 sing,"Speen 
Hibiki",expression,0.75,,43,,,,188,CREATE
The ultimate book of whiskey ; over 300 sing,"Coffey Grain 
Soft",expression,0.75,,43,,,,191,CREATE
The ultimate book of whiskey ; over 300 sing,"Grain 
Nikka",expression,0.75,,45,,,,191,CREATE
The ultimate book of whiskey ; over 300 sing,"Way 
Xf Rome",expression,0.75,,45,,,,191,CREATE
The ultimate book of whiskey ; over 300 sing,"Spain. 
Around",expression,0.55,,,,sherry,,192,CREATE
The ultimate book of whiskey ; over 300 sing,Fig Newtons,expression,0.75,,45,,,,193,CREATE
The ultimate book of whiskey ; over 300 sing,Dead Sea,expression,0.55,,,,,,197,CREATE
The ultimate book of whiskey ; over 300 sing,Meanwhile New Zealand,expression,0.55,,,,,,197,CREATE
The ultimate book of whiskey ; over 300 sing,Spain. There,distillery,0.55,,,,,,198,CREATE
The ultimate book of whiskey ; over 300 sing,"Switzerland. 
Most",distillery,0.55,,,,,,198,CREATE
The ultimate book of whiskey ; over 300 sing,European Spirits Producer,expression,0.55,,,,wine,,199,CREATE
The ultimate book of whiskey ; over 300 sing,Andrew Nelstrop,distillery,0.55,,,,,,200,CREATE
The ultimate book of whiskey ; over 300 sing,"Wales 
Rest",expression,0.75,,46,,,,201,CREATE
The ultimate book of whiskey ; over 300 sing,"Etienne 
Bouillon",distillery,0.55,,,,,,202,CREATE
The ultimate book of whiskey ; over 300 sing,"Original Rye 
Made",expression,0.55,,,,,,203,CREATE
The ultimate book of whiskey ; over 300 sing,"Baarle 
Nassau",distillery,0.55,,,,,,203,CREATE
The ultimate book of whiskey ; over 300 sing,Joel Rosenberg,expression,0.55,,,,,,203,CREATE
The ultimate book of whiskey ; over 300 sing,"Netherlands 
Rest",expression,0.75,,50,,,,203,CREATE
The ultimate book of whiskey ; over 300 sing,Texas Legislature,distillery,0.55,,,,,,204,CREATE
The ultimate book of whiskey ; over 300 sing,Molly Ivins,distillery,0.55,,,,,,204,CREATE
The ultimate book of whiskey ; over 300 sing,Lannion. Double,distillery,0.55,,,,,,205,CREATE
The ultimate book of whiskey ; over 300 sing,Double Maturation,expression,0.75,,46,,sherry,,205,CREATE
The ultimate book of whiskey ; over 300 sing,Original Edition,expression,0.75,,46,,sherry,,205,CREATE
The ultimate book of whiskey ; over 300 sing,"Mor 
The Glann",distillery,0.55,,,,,,205,CREATE
The ultimate book of whiskey ; over 300 sing,Owner Jean Donnay,distillery,0.55,,,,,,205,CREATE
The ultimate book of whiskey ; over 300 sing,"Uptdboltled 
Aged",expression,0.55,,,,bourbon,,206,CREATE
The ultimate book of whiskey ; over 300 sing,Library Collection,expression,0.55,,,,,,206,CREATE
The ultimate book of whiskey ; over 300 sing,"Brukswhisky 
Incredibly",expression,0.55,,,,,,207,CREATE
The ultimate book of whiskey ; over 300 sing,International Wine,expression,0.55,,,,wine,,209,CREATE
The ultimate book of whiskey ; over 300 sing,Captain James Sedgwick,distillery,0.55,,,,,,211,CREATE
The ultimate book of whiskey ; over 300 sing,Old Premium Select,distillery,0.55,,,,bourbon,,211,CREATE
The ultimate book of whiskey ; over 300 sing,"Bourbon Cask 
Finish",expression,0.55,,,,bourbon,,211,CREATE
The ultimate book of whiskey ; over 300 sing,"Single Grain 
Three",expression,0.75,,43,,,,211,CREATE
The ultimate book of whiskey ; over 300 sing,"Brilliance. 
Beyond",expression,0.55,,,,,,213,CREATE
The ultimate book of whiskey ; over 300 sing,"Bangalore. 
Amrut",distillery,0.55,,,,,,214,CREATE
The ultimate book of whiskey ; over 300 sing,Bangalore Blue Brandy,expression,0.55,,,,,,214,CREATE
The ultimate book of whiskey ; over 300 sing,Brilliance Orr,expression,0.75,,46,,,,215,CREATE
The ultimate book of whiskey ; over 300 sing,Jatin Distilleries,distillery,0.75,,16,,,,215,CREATE
The ultimate book of whiskey ; over 300 sing,The Yuan Shan,distillery,0.55,,,,,,216,CREATE
The ultimate book of whiskey ; over 300 sing,Solist Vinho,distillery,0.55,,,,,,216,CREATE
The ultimate book of whiskey ; over 300 sing,Yilan County,expression,0.55,,,,wine,,216,CREATE
The ultimate book of whiskey ; over 300 sing,Hone Scotland,expression,0.55,,,,bourbon,,216,CREATE
The ultimate book of whiskey ; over 300 sing,"Fino Sher 
Cask",expression,0.75,,40,,,,216,CREATE
The ultimate book of whiskey ; over 300 sing,"Taiwan 
Solist",expression,0.75,,40,,,,216,CREATE
The ultimate book of whiskey ; over 300 sing,"Today Lark 
Single",expression,0.55,,,,,,218,CREATE
The ultimate book of whiskey ; over 300 sing,"Tasmania. 
Overall",expression,0.55,,,,,,218,CREATE
The ultimate book of whiskey ; over 300 sing,"Pot 
Rest",expression,0.55,,,,,,219,CREATE
The ultimate book of whiskey ; over 300 sing,Roaring Forty,expression,0.55,,,,,,220,CREATE
The ultimate book of whiskey ; over 300 sing,British Antarctic Expedition,expression,0.55,,,,,,220,CREATE
The ultimate book of whiskey ; over 300 sing,Canterbury Museum,distillery,0.55,,,,,,220,CREATE
The ultimate book of whiskey ; over 300 sing,"Double Cask 
Floral",expression,0.55,,,,,,221,CREATE
The ultimate book of whiskey ; over 300 sing,French Oak Port,expression,0.55,,,,oak,,221,CREATE
The ultimate book of whiskey ; over 300 sing,French Oak,expression,0.55,,,,bourbon,,221,CREATE
The ultimate book of whiskey ; over 300 sing,Zealand Whisky Company,distillery,0.75,,43,,,,223,CREATE
The ultimate book of whiskey ; over 300 sing,Lammerlaw. Sadly,distillery,0.55,,,,,,223,CREATE
The ultimate book of whiskey ; over 300 sing,"Dunedin 
Doublewood",expression,0.55,,,,,,223,CREATE
The ultimate book of whiskey ; over 300 sing,Seo Orono,expression,0.55,,,,,,223,CREATE
The ultimate book of whiskey ; over 300 sing,Classic Malts Selection,expression,0.55,,,,,,224,CREATE
The ultimate book of whiskey ; over 300 sing,Witte Label,expression,0.55,,,,,,226,CREATE
The ultimate book of whiskey ; over 300 sing,Ly Ads Balint,expression,0.55,,,,,,226,CREATE
The ultimate book of whiskey ; over 300 sing,Komog Peated Single,expression,0.55,,,,,,226,CREATE
The ultimate book of whiskey ; over 300 sing,Coffey Grain,expression,0.55,,,,,,227,CREATE
The ultimate book of whiskey ; over 300 sing,Arkansas Rye Whiskey,expression,0.55,,,,quarter,,227,CREATE
The ultimate book of whiskey ; over 300 sing,Roval Loch,expression,0.55,,,,quarter,,227,CREATE
The ultimate book of whiskey ; over 300 sing,Walaviertlor Roygenhiol,distillery,0.75,,17,,,,228,CREATE
The ultimate book of whiskey ; over 300 sing,Ten Year,distillery,0.55,,,,,,228,CREATE
The world atlas of whisky.pdf,Mitchell Beazley,expression,0.55,,,,,,3,CREATE
The world atlas of whisky.pdf,"Leanne Bryan
Copy",expression,0.55,,,,,,4,CREATE
The world atlas of whisky.pdf,"Jamie Ambrose
Proofreader",expression,0.55,,,,,,4,CREATE
The world atlas of whisky.pdf,"Hilary Lumsden
Indexer",expression,0.55,,,,,,4,CREATE
The world atlas of whisky.pdf,Art Editor,expression,0.55,,,,,,4,CREATE
The world atlas of whisky.pdf,Grain Production,expression,0.55,,,,,,4,CREATE
The world atlas of whisky.pdf,Single Pot Still,expression,0.55,,,,,,4,CREATE
The world atlas of whisky.pdf,Flavour Camps,expression,0.55,,,,,,4,CREATE
The world atlas of whisky.pdf,Whisky Flavour Map,expression,0.55,,,speyside,,,4,CREATE
The world atlas of whisky.pdf,Orkney Islands,expression,0.55,,,islands,,,4,CREATE
The world atlas of whisky.pdf,Main Key,expression,0.55,,,,,,7,CREATE
The world atlas of whisky.pdf,Grain Distilleries,distillery,0.55,,,,,,7,CREATE
The world atlas of whisky.pdf,Other Whisky Related,expression,0.55,,,,,,7,CREATE
The world atlas of whisky.pdf,"Features
Where",expression,0.55,,,,,,7,CREATE
The world atlas of whisky.pdf,Details Every,distillery,0.55,,,,,,7,CREATE
The world atlas of whisky.pdf,Visits Where,distillery,0.55,,,,,,7,CREATE
The world atlas of whisky.pdf,Sourcing Rare Malts,expression,0.55,,,,,,7,CREATE
The world atlas of whisky.pdf,Independent Bottlings Where,bottler,0.55,,,,,independent,7,CREATE
The world atlas of whisky.pdf,Cask Samples Where,bottler,0.55,,,,,independent,7,CREATE
The world atlas of whisky.pdf,Japan For,expression,0.75,,40,,,,7,CREATE
The world atlas of whisky.pdf,Flavour Camps Every,expression,0.55,,,,,,7,CREATE
The world atlas of whisky.pdf,Flavour Camp,expression,0.55,,,,,,7,CREATE
The world atlas of whisky.pdf,Glossary There,expression,0.55,,,,,,7,CREATE
The world atlas of whisky.pdf,Flavour Ages,expression,0.55,,,,,,7,CREATE
The world atlas of whisky.pdf,Jean Donnay,expression,0.55,,,islay,,,8,CREATE
The world atlas of whisky.pdf,Lincoln County Process,expression,0.55,,,,,,11,CREATE
The world atlas of whisky.pdf,"Oaky 
All",expression,0.55,,,,bourbon,,15,CREATE
The world atlas of whisky.pdf,"Spicy Rye
Rye",expression,0.55,,,,,,15,CREATE
The world atlas of whisky.pdf,Diageo Scotland Ltd,expression,0.55,,,,,,16,CREATE
The world atlas of whisky.pdf,Diageo. His,expression,0.55,,,,,,16,CREATE
The world atlas of whisky.pdf,Blenders Chart,expression,0.55,,,,,,16,CREATE
The world atlas of whisky.pdf,"Spicy
Malty",expression,0.75,12,,,,,16,CREATE
The world atlas of whisky.pdf,"Round
Smoky",expression,0.75,10,,,,,16,CREATE
The world atlas of whisky.pdf,"Peaty
Five",expression,0.55,,,,,,16,CREATE
The world atlas of whisky.pdf,"Malting
Group",expression,0.55,,,,,,19,CREATE
The world atlas of whisky.pdf,"Andy
Shand",expression,0.55,,,,,,21,CREATE
The world atlas of whisky.pdf,"Softens.
Conclusion",expression,0.55,,,,,,21,CREATE
The world atlas of whisky.pdf,Cromdale Hills,expression,0.55,,,,,,21,CREATE
The world atlas of whisky.pdf,Stuart Harvey,expression,0.55,,,,,,21,CREATE
The world atlas of whisky.pdf,Flavor Camp,expression,0.75,28,,,oak,,21,CREATE
The world atlas of whisky.pdf,"Spicy
Where Next",distillery,0.55,,,,,,21,CREATE
The world atlas of whisky.pdf,"Quick.
Conclusion",expression,0.55,,,,,,22,CREATE
The world atlas of whisky.pdf,Pale. Light,bottler,0.75,12,43,,,gordon,22,CREATE
The world atlas of whisky.pdf,Excise Act,expression,0.55,,,,,,23,CREATE
The world atlas of whisky.pdf,"Round
Where Next",expression,0.75,21,,,port,,25,CREATE
The world atlas of whisky.pdf,"Simple.
Finish",expression,0.75,8,,,refill,,26,CREATE
The world atlas of whisky.pdf,"Malty.
Conclusion",expression,0.55,,,,,,26,CREATE
The world atlas of whisky.pdf,"Biscuity.
Conclusion",distillery,0.55,,,,,,26,CREATE
The world atlas of whisky.pdf,Open. Nutty,expression,0.75,32,,,,,26,CREATE
The world atlas of whisky.pdf,Alfred Barnard,expression,0.55,,,,,,27,CREATE
The world atlas of whisky.pdf,Mrs Cumming,distillery,0.55,,,,,,27,CREATE
The world atlas of whisky.pdf,Miguel Martin,expression,0.55,,,,sherry,,28,CREATE
The world atlas of whisky.pdf,"Coffee.
Conclusion",expression,0.55,,,,,,28,CREATE
The world atlas of whisky.pdf,More American,expression,0.75,16,43,,oak,,30,CREATE
The world atlas of whisky.pdf,Although The Macallan,expression,0.55,,,speyside,,,31,CREATE
The world atlas of whisky.pdf,Bob Dalgarno,expression,0.55,,,,,,31,CREATE
The world atlas of whisky.pdf,No Age Statement,expression,0.55,,,,,,31,CREATE
The world atlas of whisky.pdf,Fine Oak,distillery,0.55,,,,oak,,31,CREATE
The world atlas of whisky.pdf,"Bunadh
Proof",expression,0.55,,,,,,31,CREATE
The world atlas of whisky.pdf,Sir Peter Mackie,expression,0.55,,,,,,32,CREATE
The world atlas of whisky.pdf,"Keith
Geddes",expression,0.55,,,,,,32,CREATE
The world atlas of whisky.pdf,"Brian
Kinsman",expression,0.55,,,,,,34,CREATE
The world atlas of whisky.pdf,Day One,expression,0.55,,,,,,35,CREATE
The world atlas of whisky.pdf,"Phoenix Honey
Orchid",expression,0.75,17,43,,,,35,CREATE
The world atlas of whisky.pdf,Donald Mackintosh,distillery,0.55,,,,,gordon,36,CREATE
The world atlas of whisky.pdf,Freshness. Impression,expression,0.55,,,,,,36,CREATE
The world atlas of whisky.pdf,The Auld Brigat,expression,0.55,,,,,,37,CREATE
The world atlas of whisky.pdf,Sandy Hyslop,expression,0.55,,,,,,39,CREATE
The world atlas of whisky.pdf,Draff. Singed,expression,0.75,8,,,refill,,39,CREATE
The world atlas of whisky.pdf,Lossiemouth Harbour Co,distillery,0.55,,,,,,41,CREATE
The world atlas of whisky.pdf,Dennis Malcolm,distillery,0.55,,,,,,41,CREATE
The world atlas of whisky.pdf,Where Next,expression,0.55,,,,,,41,CREATE
The world atlas of whisky.pdf,Edrington Group,distillery,0.55,,,,sherry,,42,CREATE
The world atlas of whisky.pdf,"Liquorice.
Conclusion",expression,0.55,,,,,,43,CREATE
The world atlas of whisky.pdf,The Bermuda Triangle,expression,0.55,,,speyside,,,44,CREATE
The world atlas of whisky.pdf,Ripe. Juicy,expression,0.55,,,,,,45,CREATE
The world atlas of whisky.pdf,Colin Scott,expression,0.55,,,,,,45,CREATE
The world atlas of whisky.pdf,Masataka Taketsuru,expression,0.55,,,,,,45,CREATE
The world atlas of whisky.pdf,"Chewy.
Finish",expression,0.55,,,,,,46,CREATE
The world atlas of whisky.pdf,"Peaty
Where Next",expression,0.75,12,40,,,,46,CREATE
The world atlas of whisky.pdf,Graham Coull,distillery,0.55,,,,,,49,CREATE
The world atlas of whisky.pdf,Ewen Mackintosh,expression,0.55,,,,,,50,CREATE
The world atlas of whisky.pdf,Moray Firth,expression,0.55,,,,,,51,CREATE
The world atlas of whisky.pdf,Pentland Firth,expression,0.55,,,,,,51,CREATE
The world atlas of whisky.pdf,"Ord
Baird",expression,0.55,,,,,,51,CREATE
The world atlas of whisky.pdf,Here Glengoyne,expression,0.55,,,,,,53,CREATE
The world atlas of whisky.pdf,"Tannic.
Conclusion",expression,0.55,,,,,,53,CREATE
The world atlas of whisky.pdf,Whether Edradour,distillery,0.55,,,,,,57,CREATE
The world atlas of whisky.pdf,Like Edradour,expression,0.55,,,,sherry,,57,CREATE
The world atlas of whisky.pdf,"Upper
Deeside",distillery,0.55,,,,,,57,CREATE
The world atlas of whisky.pdf,"Cinnamon. 
Finish",expression,0.55,,,,,,57,CREATE
The world atlas of whisky.pdf,Text Job,expression,0.55,,,,,,58,CREATE
The world atlas of whisky.pdf,"Angus
Dundee",expression,0.55,,,,,,60,CREATE
The world atlas of whisky.pdf,Adam Teacher,expression,0.55,,,,,,61,CREATE
The world atlas of whisky.pdf,"British Prime
Minister",bottler,0.55,,,,,gordon,62,CREATE
The world atlas of whisky.pdf,Brodie Hepburn,expression,0.55,,,,,,63,CREATE
The world atlas of whisky.pdf,Mahogany. Aniseed,expression,0.75,,57.2,,,,63,CREATE
The world atlas of whisky.pdf,Thurso Bay,expression,0.55,,,,,,64,CREATE
The world atlas of whisky.pdf,Takara Shuzo,distillery,0.55,,,,,,65,CREATE
The world atlas of whisky.pdf,Captain William Fraser,distillery,0.55,,,,,,65,CREATE
The world atlas of whisky.pdf,His Majesty,distillery,0.55,,,,,,65,CREATE
The world atlas of whisky.pdf,Captain Fraser,expression,0.55,,,,sherry,,65,CREATE
The world atlas of whisky.pdf,"Thick.
Finish",distillery,0.55,,,,,,66,CREATE
The world atlas of whisky.pdf,"Kumquat.
Conclusion",expression,0.55,,,,sherry,,66,CREATE
The world atlas of whisky.pdf,Graeme Bowie,expression,0.55,,,,,,68,CREATE
The world atlas of whisky.pdf,"Neil
Gunn",expression,0.55,,,,,,68,CREATE
The world atlas of whisky.pdf,Zingy. Massed,distillery,0.55,,,,,,68,CREATE
The world atlas of whisky.pdf,Fenugreek. Dry,expression,0.55,,,,oak,,68,CREATE
The world atlas of whisky.pdf,Shane Fraser,expression,0.55,,,,,,69,CREATE
The world atlas of whisky.pdf,Mike Nicolson,expression,0.55,,,,,,69,CREATE
The world atlas of whisky.pdf,Enter James Henderson,expression,0.55,,,,,,69,CREATE
The world atlas of whisky.pdf,Seil Islandlies,expression,0.55,,,,,,70,CREATE
The world atlas of whisky.pdf,"Malting
Group
Baird",expression,0.55,,,,,,72,CREATE
The world atlas of whisky.pdf,"Alloa
Girvan
St",expression,0.55,,,,,,72,CREATE
The world atlas of whisky.pdf,Cheviot Hills,distillery,0.55,,,,,,72,CREATE
The world atlas of whisky.pdf,Kirsteen Campbell,expression,0.55,,,,,,74,CREATE
The world atlas of whisky.pdf,"Snow
Grouse",expression,0.55,,,,,,74,CREATE
The world atlas of whisky.pdf,"Beinn
Sholum",expression,0.55,,,islay,,,77,CREATE
The world atlas of whisky.pdf,Carraig Bhan,distillery,0.55,,,islay,,,77,CREATE
The world atlas of whisky.pdf,For Campbell,expression,0.55,,,,,,81,CREATE
The world atlas of whisky.pdf,Ian Hunter,bottler,0.55,,,,,hunter,81,CREATE
The world atlas of whisky.pdf,Trivial Pursuit,expression,0.55,,,,,,83,CREATE
The world atlas of whisky.pdf,"Hot.
Finish",expression,0.75,8,,,refill,,83,CREATE
The world atlas of whisky.pdf,Botanist Gin,distillery,0.55,,,,,,86,CREATE
The world atlas of whisky.pdf,Conisby. That,expression,0.55,,,,,,86,CREATE
The world atlas of whisky.pdf,Fresh. Agave,expression,0.75,5,50,islay,,,86,CREATE
The world atlas of whisky.pdf,Outer Hebrides,expression,0.55,,,islands,,,87,CREATE
The world atlas of whisky.pdf,"Airport
Ferry",distillery,0.55,,,islands,port,,87,CREATE
The world atlas of whisky.pdf,"Cuillan
Hills
Islay",expression,0.55,,,islay,,,87,CREATE
The world atlas of whisky.pdf,Cuillins. Behind,expression,0.55,,,,,,88,CREATE
The world atlas of whisky.pdf,Tony Riley,expression,0.55,,,,,,89,CREATE
The world atlas of whisky.pdf,Mahogany. Mature,expression,0.75,12,,,,,89,CREATE
The world atlas of whisky.pdf,Opal Fruits,expression,0.75,9,,,,,90,CREATE
The world atlas of whisky.pdf,Marko Tayburn,expression,0.55,,,,,,90,CREATE
The world atlas of whisky.pdf,Scented. Heathery,expression,0.75,8,,,refill,,91,CREATE
The world atlas of whisky.pdf,"Fruit.
Conclusion",distillery,0.55,,,,oak,,93,CREATE
The world atlas of whisky.pdf,Precocious. Lots,expression,0.75,3,,,,,96,CREATE
The world atlas of whisky.pdf,Hedley Wright,expression,0.55,,,,,,96,CREATE
The world atlas of whisky.pdf,"When Alfred
Barnard",distillery,0.55,,,campbeltown,,,96,CREATE
The world atlas of whisky.pdf,Potable Spirits,expression,0.55,,,,,,97,CREATE
The world atlas of whisky.pdf,Old Vatted Glenlivet,expression,0.55,,,,,,97,CREATE
The world atlas of whisky.pdf,Soweto. Blends,expression,0.55,,,,,,97,CREATE
The world atlas of whisky.pdf,Noel Sweeney,expression,0.55,,,,,,100,CREATE
The world atlas of whisky.pdf,Oliver Hughes,distillery,0.55,,,,,,100,CREATE
The world atlas of whisky.pdf,Relax. There,expression,0.55,,,,,,100,CREATE
The world atlas of whisky.pdf,Cork Distillers,distillery,0.55,,,,,,100,CREATE
The world atlas of whisky.pdf,"Airport
Ferry Terminal",distillery,0.55,,,,,,100,CREATE
The world atlas of whisky.pdf,"Clover.
Palate",expression,0.55,,,,,,102,CREATE
The world atlas of whisky.pdf,"Belfast Distillery
Ever",distillery,0.55,,,,,,103,CREATE
The world atlas of whisky.pdf,Crumlin Road Gaol,distillery,0.55,,,,,,103,CREATE
The world atlas of whisky.pdf,County Louth,distillery,0.55,,,,,,103,CREATE
The world atlas of whisky.pdf,Sauvignon Blanc,expression,0.75,10,40,,,,104,CREATE
The world atlas of whisky.pdf,"Billy
Leighton",distillery,0.55,,,,,,105,CREATE
The world atlas of whisky.pdf,County Cork,distillery,0.55,,,,,,105,CREATE
The world atlas of whisky.pdf,Although Irish,expression,0.55,,,,,,106,CREATE
The world atlas of whisky.pdf,Crested Ten,expression,0.55,,,,,,106,CREATE
The world atlas of whisky.pdf,Select. Jameson,expression,0.55,,,,port,,106,CREATE
The world atlas of whisky.pdf,Paddy Flaherty,expression,0.55,,,,,,106,CREATE
The world atlas of whisky.pdf,Huge. Autumn,expression,0.75,15,100,,,,106,CREATE
The world atlas of whisky.pdf,"Japan.  
There",expression,0.55,,,,,,108,CREATE
The world atlas of whisky.pdf,"Ocean. 
One",expression,0.55,,,,,,112,CREATE
The world atlas of whisky.pdf,Resinous. Varnish,expression,0.75,,63,,,,112,CREATE
The world atlas of whisky.pdf,"Norfolk. 
Flavour",expression,0.55,,,,,,112,CREATE
The world atlas of whisky.pdf,Tight. Slightly,expression,0.55,,,,,,112,CREATE
The world atlas of whisky.pdf,Owner Eigashima Shuzo,expression,0.55,,,,,,113,CREATE
The world atlas of whisky.pdf,"Tone
River",distillery,0.55,,,,,,113,CREATE
The world atlas of whisky.pdf,Tokyo. There,expression,0.55,,,,,,114,CREATE
The world atlas of whisky.pdf,"Seiichi
Koshimizu",expression,0.55,,,,,,115,CREATE
The world atlas of whisky.pdf,"From The
Barrel",expression,0.55,,,,,,115,CREATE
The world atlas of whisky.pdf,"Soft Corn
Every",expression,0.55,,,,,,115,CREATE
The world atlas of whisky.pdf,"Old Oscar
Pepper",distillery,0.55,,,,,,117,CREATE
The world atlas of whisky.pdf,"Nash
Pemb",distillery,0.55,,,,,,117,CREATE
The world atlas of whisky.pdf,"Distillery
Airport
Proof",distillery,0.55,,,,,,117,CREATE
The world atlas of whisky.pdf,Bourbon Street,expression,0.55,,,,bourbon,,118,CREATE
The world atlas of whisky.pdf,Taylor William Samuels,distillery,0.55,,,,,,119,CREATE
The world atlas of whisky.pdf,Taylor William,distillery,0.55,,,,,,119,CREATE
The world atlas of whisky.pdf,While Early Times,expression,0.75,,62.5,,,,120,CREATE
The world atlas of whisky.pdf,The Double Oaked,distillery,0.55,,,,bourbon,,120,CREATE
The world atlas of whisky.pdf,"Text
Aged",expression,0.55,,,,,,124,CREATE
The world atlas of whisky.pdf,Edgar Bronfman,expression,0.55,,,,,,125,CREATE
The world atlas of whisky.pdf,Since Barton,expression,0.55,,,,,,125,CREATE
The world atlas of whisky.pdf,Tennessee Honey,expression,0.55,,,,,,128,CREATE
The world atlas of whisky.pdf,Tennessee Fire,expression,0.55,,,,,,128,CREATE
The world atlas of whisky.pdf,Amber. Very,expression,0.75,,45,,,,129,CREATE
The world atlas of whisky.pdf,"Spokane
Ellensburg
High",expression,0.55,,,,,,130,CREATE
The world atlas of whisky.pdf,"Flagstaff
Churchill",distillery,0.55,,,,,,130,CREATE
The world atlas of whisky.pdf,"Fallon  
Las Vegas",distillery,0.55,,,,,,130,CREATE
The world atlas of whisky.pdf,"Henderson
Taho",distillery,0.55,,,,,,130,CREATE
The world atlas of whisky.pdf,"Reno  
Whistling Andy",distillery,0.55,,,,,,130,CREATE
The world atlas of whisky.pdf,"Bigfork
Dark Ho",distillery,0.55,,,,,,130,CREATE
The world atlas of whisky.pdf,"Loveland  
Deerhammer",distillery,0.55,,,,,,130,CREATE
The world atlas of whisky.pdf,Buena Vista   Distillery,distillery,0.55,,,,,,130,CREATE
The world atlas of whisky.pdf,Oklahoma City,distillery,0.55,,,,,,130,CREATE
The world atlas of whisky.pdf,"Minnea
Boise
Albuquerque",distillery,0.55,,,,,,130,CREATE
The world atlas of whisky.pdf,"Waco
Cut Spike",expression,0.55,,,,,,130,CREATE
The world atlas of whisky.pdf,"La Vista
High",expression,0.55,,,,,,130,CREATE
The world atlas of whisky.pdf,"Omaha
Prichard",distillery,0.55,,,,,,130,CREATE
The world atlas of whisky.pdf,"Kelso
Angostura",distillery,0.55,,,,,,130,CREATE
The world atlas of whisky.pdf,"Eades Hollow
Reservoir",distillery,0.55,,,,,,130,CREATE
The world atlas of whisky.pdf,When Ralph Erenzo,expression,0.55,,,,,,131,CREATE
The world atlas of whisky.pdf,Darek Bell,distillery,0.55,,,,,,132,CREATE
The world atlas of whisky.pdf,"Soft Corn
Where",expression,0.75,18,,,,,133,CREATE
The world atlas of whisky.pdf,"Hot.
Conclusion",expression,0.55,,,,,,133,CREATE
The world atlas of whisky.pdf,Preiss Imports,distillery,0.55,,,,,,135,CREATE
The world atlas of whisky.pdf,Lance Winters,distillery,0.55,,,,,,135,CREATE
The world atlas of whisky.pdf,Jorg Rupf,distillery,0.55,,,,,,135,CREATE
The world atlas of whisky.pdf,"Spicy Rye
Where",distillery,0.55,,,,,,138,CREATE
The world atlas of whisky.pdf,Kittling Ridge,distillery,0.75,,40,,,,138,CREATE
The world atlas of whisky.pdf,British Columbia,expression,0.55,,,,,,138,CREATE
The world atlas of whisky.pdf,Porn Star Bullets,expression,0.55,,,,,,138,CREATE
The world atlas of whisky.pdf,"Vicky
Miller",expression,0.55,,,,,,139,CREATE
The world atlas of whisky.pdf,Coffey Rye,expression,0.55,,,,,,139,CREATE
The world atlas of whisky.pdf,For Schmidt,expression,0.55,,,,,,142,CREATE
The world atlas of whisky.pdf,Tyler Schramm,expression,0.55,,,,,,142,CREATE
The world atlas of whisky.pdf,"Crianzas
Del Whisky",distillery,0.55,,,,,,145,CREATE
The world atlas of whisky.pdf,Andrew Nelstrop,distillery,0.55,,,,,,146,CREATE
The world atlas of whisky.pdf,Darren Rook,distillery,0.55,,,,,,146,CREATE
The world atlas of whisky.pdf,Alan Rutherford,distillery,0.55,,,,,,146,CREATE
The world atlas of whisky.pdf,For Rook,distillery,0.55,,,,,,146,CREATE
The world atlas of whisky.pdf,"Malty.
Palate",expression,0.55,,,,,,146,CREATE
The world atlas of whisky.pdf,"Wales
Finding",expression,0.55,,,,,,146,CREATE
The world atlas of whisky.pdf,Welsh Whisky Company,expression,0.55,,,,,,146,CREATE
The world atlas of whisky.pdf,Amorik. There,expression,0.55,,,,,,147,CREATE
The world atlas of whisky.pdf,Fred Revol,distillery,0.55,,,,,,147,CREATE
The world atlas of whisky.pdf,"Revol.
Making",expression,0.55,,,,,,147,CREATE
The world atlas of whisky.pdf,"Allison
Patel",expression,0.55,,,,,,147,CREATE
The world atlas of whisky.pdf,"Netherlands
Depending",expression,0.55,,,,,,148,CREATE
The world atlas of whisky.pdf,Het Anker,expression,0.55,,,,,,149,CREATE
The world atlas of whisky.pdf,Beam Global,distillery,0.55,,,,,,149,CREATE
The world atlas of whisky.pdf,"Spain
For",expression,0.55,,,,,,149,CREATE
The world atlas of whisky.pdf,The Sierra Nevada,expression,0.75,10,,,sherry,,149,CREATE
The world atlas of whisky.pdf,When Gregor,expression,0.55,,,,,,150,CREATE
The world atlas of whisky.pdf,"Bavarian Single
Grain",expression,0.55,,,,,,150,CREATE
The world atlas of whisky.pdf,"Anja
Summers",distillery,0.55,,,,,,150,CREATE
The world atlas of whisky.pdf,Farmer Hans,distillery,0.55,,,,,,150,CREATE
The world atlas of whisky.pdf,Dinkel Port,expression,0.55,,,,wine,,150,CREATE
The world atlas of whisky.pdf,"Germany
Germany",expression,0.55,,,,,,150,CREATE
The world atlas of whisky.pdf,Pinot Noir,expression,0.55,,,,oak,,150,CREATE
The world atlas of whisky.pdf,"Wincheringen
Badischer
Whisky",expression,0.55,,,,,,151,CREATE
The world atlas of whisky.pdf,"Biberach
Bellerhof",expression,0.55,,,,,,151,CREATE
The world atlas of whisky.pdf,"Teck
Roder",expression,0.55,,,,,,151,CREATE
The world atlas of whisky.pdf,"Freudenberg
Anton Bischof",expression,0.55,,,,,,151,CREATE
The world atlas of whisky.pdf,"Wartmannsroth
Finch Whisky",expression,0.55,,,,,,151,CREATE
The world atlas of whisky.pdf,"Herbolzheim
Krabbe",expression,0.55,,,,,,151,CREATE
The world atlas of whisky.pdf,"Nescht
Markische",expression,0.55,,,,,,151,CREATE
The world atlas of whisky.pdf,Hautes Glaces,expression,0.75,2,42,,,,151,CREATE
The world atlas of whisky.pdf,Old Raven Smoky,expression,0.55,,,,,,152,CREATE
The world atlas of whisky.pdf,"Italy
The Austrian",expression,0.55,,,,,,152,CREATE
The world atlas of whisky.pdf,Eva Hoffman,expression,0.55,,,,,,152,CREATE
The world atlas of whisky.pdf,"Rebstein
Stadelman",expression,0.55,,,,,,152,CREATE
The world atlas of whisky.pdf,"Muhen
Lakeland Whisky",expression,0.55,,,,,,152,CREATE
The world atlas of whisky.pdf,"Interlaken
Brauerei Locher",expression,0.55,,,,,,152,CREATE
The world atlas of whisky.pdf,"Appenzell
Telser",expression,0.55,,,,,,152,CREATE
The world atlas of whisky.pdf,"Grimstad
Levanger
Hamar",expression,0.55,,,,,,154,CREATE
The world atlas of whisky.pdf,"Baltic Sea 
Gulf",expression,0.55,,,,,,154,CREATE
The world atlas of whisky.pdf,"Bothnia 
Skagerrak 
Norwegian",expression,0.55,,,,,,154,CREATE
The world atlas of whisky.pdf,Jan Groth,expression,0.55,,,,,,154,CREATE
The world atlas of whisky.pdf,Roger Melander,expression,0.55,,,,,,154,CREATE
The world atlas of whisky.pdf,Sweden. Brothers,distillery,0.55,,,,,,155,CREATE
The world atlas of whisky.pdf,"Fruity. 
Finish",expression,0.55,,,,,,155,CREATE
The world atlas of whisky.pdf,"Norway 
Though",expression,0.55,,,,,,156,CREATE
The world atlas of whisky.pdf,"Chocolate. 
Conclusion",expression,0.55,,,,oak,,156,CREATE
The world atlas of whisky.pdf,Scented. Chestnut,expression,0.75,,62.1,,sherry,,156,CREATE
The world atlas of whisky.pdf,Double Eight,expression,0.55,,,,,,157,CREATE
The world atlas of whisky.pdf,Beer Hunter,bottler,0.55,,,,,hunter,157,CREATE
The world atlas of whisky.pdf,Anssi Pyssing,expression,0.55,,,,,,157,CREATE
The world atlas of whisky.pdf,Ultima Thule,expression,0.55,,,,,,157,CREATE
The world atlas of whisky.pdf,Iceland. Our,expression,0.55,,,,,,157,CREATE
The world atlas of whisky.pdf,"Balanced. 
Palate",expression,0.55,,,,,,157,CREATE
The world atlas of whisky.pdf,Bourbon Cask Finish,expression,0.55,,,,bourbon,,158,CREATE
The world atlas of whisky.pdf,Luigi Pessetto,expression,0.55,,,,,,158,CREATE
The world atlas of whisky.pdf,Rio Grande,distillery,0.55,,,,,,158,CREATE
The world atlas of whisky.pdf,Serge Valentin,expression,0.75,,40,,,,158,CREATE
The world atlas of whisky.pdf,World Trade Organization,expression,0.55,,,,,,159,CREATE
The world atlas of whisky.pdf,"Taipei
Ahmadabad
Amrut",distillery,0.55,,,,,,159,CREATE
The world atlas of whisky.pdf,"Goa
Murree",distillery,0.55,,,,,,159,CREATE
The world atlas of whisky.pdf,"Rawalpindi
Islamabad
Karachi",distillery,0.55,,,,,,159,CREATE
The world atlas of whisky.pdf,"Mohan
Nagar",distillery,0.55,,,,,,159,CREATE
The world atlas of whisky.pdf,Mohan Meakin,distillery,0.55,,,,,,160,CREATE
The world atlas of whisky.pdf,Though Bangalore,expression,0.55,,,,oak,,160,CREATE
The world atlas of whisky.pdf,"Toffee.
Water",expression,0.75,,57.1,,,,160,CREATE
The world atlas of whisky.pdf,"Taiwan.
Taiwan",expression,0.55,,,,,,160,CREATE
The world atlas of whisky.pdf,Sun Moon Lake,expression,0.55,,,,,,160,CREATE
The world atlas of whisky.pdf,World War Two,expression,0.55,,,,,,161,CREATE
The world atlas of whisky.pdf,"Kununurra 
Bakery Hill",distillery,0.55,,,,,,161,CREATE
The world atlas of whisky.pdf,Goolwa Steam Exchange,distillery,0.55,,,,,,161,CREATE
The world atlas of whisky.pdf,"Gooolwa
New World",distillery,0.55,,,,,,161,CREATE
The world atlas of whisky.pdf,"Tasmania Distillery
Redlands",distillery,0.55,,,,,,161,CREATE
The world atlas of whisky.pdf,"Estate
Hellyers Road",distillery,0.55,,,,,,161,CREATE
The world atlas of whisky.pdf,Its Corio,expression,0.55,,,,,,162,CREATE
The world atlas of whisky.pdf,Melbourne. Both,distillery,0.55,,,,,,162,CREATE
The world atlas of whisky.pdf,When Bill Lark,expression,0.55,,,,,,162,CREATE
The world atlas of whisky.pdf,Bill Lark,expression,0.55,,,,,,162,CREATE
The world atlas of whisky.pdf,Redlands Estate,distillery,0.55,,,,,,162,CREATE
The world atlas of whisky.pdf,Tasmanian Pinot,expression,0.55,,,,,,162,CREATE
The world atlas of whisky.pdf,Casey Overeem,distillery,0.55,,,,,,162,CREATE
The world atlas of whisky.pdf,"Tasmania.
Job",expression,0.55,,,,,,162,CREATE
The world atlas of whisky.pdf,Porongurup Mountain Range,expression,0.55,,,,,,163,CREATE
The world atlas of whisky.pdf,Producers Association,expression,0.55,,,,,,163,CREATE
The world atlas of whisky.pdf,"Chris
Middleton",expression,0.55,,,,wine,,163,CREATE
The world atlas of whisky.pdf,"Double Cask
Abhainn",expression,0.75,21,,,,,164,CREATE
The world atlas of whisky.pdf,"Dearg 
Arran",expression,0.75,12,,,,,164,CREATE
The world atlas of whisky.pdf,"Double Wood
The",expression,0.75,12,,,,,164,CREATE
The world atlas of whisky.pdf,"Choice 
Dalmore",expression,0.75,14,,,,,164,CREATE
The world atlas of whisky.pdf,Select Reserve,expression,0.75,12,,,,,164,CREATE
The world atlas of whisky.pdf,"Grain
Cameron Brig",expression,0.55,,,,,,164,CREATE
The world atlas of whisky.pdf,Haig Club,expression,0.75,10,,,,,164,CREATE
The world atlas of whisky.pdf,"Japan
Malt
Chichibu",expression,0.55,,,,port,,164,CREATE
The world atlas of whisky.pdf,"Japan
Grain
Miyagikyo",expression,0.75,15,,,,,164,CREATE
The world atlas of whisky.pdf,"Fusion India
Amrut",expression,0.55,,,,,,164,CREATE
The world atlas of whisky.pdf,"Norway
Arcus Gjoleid",expression,0.75,5,,,bourbon,,164,CREATE
The world atlas of whisky.pdf,"Norway
Bakery Hill",expression,0.75,5,,,sherry,,164,CREATE
The world atlas of whisky.pdf,Double Wood Australia,expression,0.75,5,,,sherry,,164,CREATE
The world atlas of whisky.pdf,"Denmark
Brenne France",expression,0.55,,,,sherry,,164,CREATE
The world atlas of whisky.pdf,"Germany
Finch",expression,0.75,12,,,sherry,,164,CREATE
The world atlas of whisky.pdf,"Karamell 
Austria
Hellyer",expression,0.55,,,,,,164,CREATE
The world atlas of whisky.pdf,Pinot Noir Finish,expression,0.55,,,,,,164,CREATE
The world atlas of whisky.pdf,"Taiwan
Kavalan Solist",expression,0.55,,,,bourbon,,164,CREATE
The world atlas of whisky.pdf,"Taiwan
Langatun",expression,0.55,,,,bourbon,,164,CREATE
The world atlas of whisky.pdf,Lehmann Elsass Single,expression,0.75,,50,,,,164,CREATE
The world atlas of whisky.pdf,"Matured Australia
Paul",expression,0.55,,,,port,,164,CREATE
The world atlas of whisky.pdf,"Switzerland
Schraml",expression,0.55,,,,,,164,CREATE
The world atlas of whisky.pdf,"Germany
Stauning",expression,0.55,,,,,,164,CREATE
The world atlas of whisky.pdf,French Oak Cask,expression,0.55,,,,oak,,164,CREATE
The world atlas of whisky.pdf,"Matured Australia
Teerenpeli",expression,0.55,,,,oak,,164,CREATE
The world atlas of whisky.pdf,"Kaski Finland
Telser",expression,0.75,5,,,oak,,164,CREATE
The world atlas of whisky.pdf,"Liechenstein
Three Ships",expression,0.75,5,,,,,164,CREATE
The world atlas of whisky.pdf,Deacon Seat,expression,0.75,5,,,,,164,CREATE
The world atlas of whisky.pdf,Walker Black Label,expression,0.75,18,,,,,164,CREATE
The world atlas of whisky.pdf,"Cask Finish
Redbreast",expression,0.75,12,,,,,164,CREATE
The world atlas of whisky.pdf,"Ireland
Blend
Black",expression,0.75,21,,,,,164,CREATE
The world atlas of whisky.pdf,"Phoenix 
Sherry Finish",expression,0.75,5,,,sherry,,164,CREATE
The world atlas of whisky.pdf,"Japan
Malt
Hakushu",expression,0.75,18,,,sherry,,164,CREATE
The world atlas of whisky.pdf,"Noh Series  
Yamazaki",expression,0.75,25,,,,,164,CREATE
The world atlas of whisky.pdf,"Intermediate Cask 
India",expression,0.75,18,,,,,164,CREATE
The world atlas of whisky.pdf,"Taiwan
Liber",expression,0.55,,,,,,164,CREATE
The world atlas of whisky.pdf,"Embrujo Spain
Millstone",expression,0.55,,,,,,164,CREATE
The world atlas of whisky.pdf,"Netherlands
New Holland",expression,0.55,,,,bourbon,,164,CREATE
The world atlas of whisky.pdf,Beer Barrel Bourbon,expression,0.55,,,,bourbon,,164,CREATE
The world atlas of whisky.pdf,"Matured Australia
Penderyn",expression,0.55,,,,bourbon,,164,CREATE
The world atlas of whisky.pdf,Sherrywood Wales,expression,0.55,,,,sherry,,164,CREATE
The world atlas of whisky.pdf,"Choice
Glen Scotia",bottler,0.75,12,,,,gordon,164,CREATE
The world atlas of whisky.pdf,"Organic 
Single Blend",bottler,0.75,10,,,,cadenhead,164,CREATE
The world atlas of whisky.pdf,"Cadenhead Bottling
Mannochmore",bottler,0.75,12,,,,cadenhead,164,CREATE
The world atlas of whisky.pdf,"Blend
Ballantine",expression,0.75,14,,,,,164,CREATE
The world atlas of whisky.pdf,"Finest
Chivas Regal",expression,0.75,12,,,,,164,CREATE
The world atlas of whisky.pdf,"Grain
Girvan",expression,0.75,12,,,,,164,CREATE
The world atlas of whisky.pdf,"Ireland Malt
Bushmills",expression,0.75,25,,,,,164,CREATE
The world atlas of whisky.pdf,"Ireland
Blend
Bushmills",expression,0.75,25,,,,,164,CREATE
The world atlas of whisky.pdf,"Original
Jameson Original",expression,0.75,12,,,,,164,CREATE
The world atlas of whisky.pdf,"Japan
Malt
Ichiro",expression,0.55,,,,,,164,CREATE
The world atlas of whisky.pdf,"The Way
Fuji",expression,0.75,18,,,,,164,CREATE
The world atlas of whisky.pdf,Gotemba Fuji Sanroku,expression,0.75,18,,,,,164,CREATE
The world atlas of whisky.pdf,"Japan
Blend
Eigashima",expression,0.75,8,,,oak,,164,CREATE
The world atlas of whisky.pdf,Tan Oat,expression,0.55,,,,,,164,CREATE
The world atlas of whisky.pdf,"Merak Sweden
Still",expression,0.55,,,,,,164,CREATE
The world atlas of whisky.pdf,"Uigeadail
Ardmore Traditional",expression,0.75,10,,,,,164,CREATE
The world atlas of whisky.pdf,Peated Rye,expression,0.55,,,,,,165,CREATE
The world atlas of whisky.pdf,Pure Rye,expression,0.55,,,,,,165,CREATE
The world atlas of whisky.pdf,"Denmark
Telser Rye",expression,0.75,2,,,,,165,CREATE
The world atlas of whisky.pdf,"Liechenstein
Tom Moore",expression,0.75,2,,,,,165,CREATE
The world atlas of whisky.pdf,"Rudd 
Bottling
Speyside",expression,0.75,12,,speyside,,,165,CREATE
The world atlas of whisky.pdf,The Floor Malted,expression,0.75,12,,,,,165,CREATE
The world atlas of whisky.pdf,"Germany
Hellyer",expression,0.75,20,,,,,165,CREATE
The world atlas of whisky.pdf,Pur Malt France,expression,0.75,6,40,,oak,,165,CREATE
The world atlas of whisky.pdf,"Ireland
Malt
Cooley",expression,0.75,10,,,,,165,CREATE
The world atlas of whisky.pdf,Brimstone Resurrection,expression,0.75,20,,,,,165,CREATE
The world atlas of whisky.pdf,Peated Malt Australia,expression,0.55,,,,,,165,CREATE
The world atlas of whisky.pdf,"Peated Australia
Kornog",expression,0.55,,,,,,165,CREATE
The world atlas of whisky.pdf,"Sweden
Paul John",expression,0.55,,,,,,165,CREATE
The world atlas of whisky.pdf,Peated Select Cask,expression,0.55,,,,,,165,CREATE
The world atlas of whisky.pdf,"Sweden
Stauning",expression,0.55,,,,,,165,CREATE
The world atlas of whisky.pdf,Peated Oloroso Denmark,expression,0.55,,,,,,165,CREATE
The world atlas of whisky.pdf,Barley Barley,expression,0.55,,,,,,165,CREATE
The world atlas of whisky.pdf,Bourbon American,expression,0.55,,,,bourbon,,165,CREATE
The world atlas of whisky.pdf,Esters Chemical,expression,0.55,,,,,,165,CREATE
The world atlas of whisky.pdf,Hogshead Type,expression,0.55,,,,hogshead,,165,CREATE
The world atlas of whisky.pdf,Mashing Process,expression,0.55,,,,,,166,CREATE
The world atlas of whisky.pdf,Mothballed Term,distillery,0.55,,,,,,166,CREATE
The world atlas of whisky.pdf,Quercus The Latin,expression,0.55,,,,oak,,166,CREATE
The world atlas of whisky.pdf,Toasting Involves,expression,0.55,,,,,,166,CREATE
The world atlas of whisky.pdf,Souvenir Press Ltd,expression,0.55,,,,,,166,CREATE
The world atlas of whisky.pdf,Canongate Books,expression,0.55,,,,,,166,CREATE
The world atlas of whisky.pdf,Liquid History,expression,0.55,,,,,,166,CREATE
The world atlas of whisky.pdf,Invisible Republic,expression,0.55,,,,,,166,CREATE
The world atlas of whisky.pdf,Open Court,expression,0.55,,,,,,166,CREATE
The world atlas of whisky.pdf,Mark Gillespie,expression,0.55,,,,,,166,CREATE
The world atlas of whisky.pdf,"Non
Chill",distillery,0.75,8,,,,,167,CREATE
The world atlas of whisky.pdf,Allied Distillers,distillery,0.55,,,,,,167,CREATE
The world atlas of whisky.pdf,Amber Rock,distillery,0.55,,,,,,167,CREATE
The world atlas of whisky.pdf,Old Potrero Rye,distillery,0.55,,,,,,167,CREATE
The world atlas of whisky.pdf,Angus Dundee Distillers,distillery,0.55,,,,,,167,CREATE
The world atlas of whisky.pdf,Baby Blue,distillery,0.55,,,,,,167,CREATE
The world atlas of whisky.pdf,"Ridgemont
Reserve",distillery,0.75,4,,,,,167,CREATE
The world atlas of whisky.pdf,Unaged Spirit,expression,0.55,,,,,,167,CREATE
The world atlas of whisky.pdf,Refill Wood,distillery,0.75,15,,,refill,,167,CREATE
The world atlas of whisky.pdf,Box Hungarian Oak,distillery,0.75,10,,,oak,,167,CREATE
The world atlas of whisky.pdf,Box Unpeated,distillery,0.75,8,,,oak,,167,CREATE
The world atlas of whisky.pdf,Original Blend,expression,0.75,10,,,butt,,167,CREATE
The world atlas of whisky.pdf,"Oloroso
Finish",distillery,0.55,,,,,,167,CREATE
The world atlas of whisky.pdf,"Hans
Embrujo",expression,0.75,,40,,,,167,CREATE
The world atlas of whisky.pdf,"Grain Cask
Sample",expression,0.55,,,,,,167,CREATE
The world atlas of whisky.pdf,Feckin Irish Whiskey,distillery,0.55,,,,,,167,CREATE
The world atlas of whisky.pdf,Confederation Reserve,distillery,0.55,,,,,,167,CREATE
The world atlas of whisky.pdf,"Lowland Grain
Distilleries",distillery,0.75,25,,lowland,bourbon,,167,CREATE
The world atlas of whisky.pdf,"Family
Reserve",distillery,0.55,,,,,,168,CREATE
The world atlas of whisky.pdf,Rendezvous Rye,distillery,0.55,,,,,,168,CREATE
The world atlas of whisky.pdf,Noh Series,distillery,0.55,,,,,,168,CREATE
The world atlas of whisky.pdf,"Batch Number
One",distillery,0.75,23,,,,,168,CREATE
The world atlas of whisky.pdf,Kyndal International,distillery,0.55,,,,,,168,CREATE
The world atlas of whisky.pdf,Malt Tax Riots,expression,0.55,,,,,,168,CREATE
The world atlas of whisky.pdf,Moo Brew,expression,0.55,,,,,,168,CREATE
The world atlas of whisky.pdf,Zeppelin Bend Straight,expression,0.55,,,,bourbon,,168,CREATE
The world atlas of whisky.pdf,Sir William,distillery,0.55,,,,,,168,CREATE
The world atlas of whisky.pdf,Cointreau Group,distillery,0.55,,,,,,168,CREATE
The world atlas of whisky.pdf,Selected Reserve,distillery,0.75,12,,,,,168,CREATE
The world atlas of whisky.pdf,Bill Snr,distillery,0.55,,,,,,168,CREATE
The world atlas of whisky.pdf,Peated Oloroso,distillery,0.55,,,,,,169,CREATE
The world atlas of whisky.pdf,Wee Geordie,expression,0.55,,,,,,169,CREATE
The world atlas of whisky.pdf,Steve Adams,distillery,0.55,,,,,,169,CREATE
The world atlas of whisky.pdf,Marco Cristofori,distillery,0.55,,,,,,169,CREATE
The world atlas of whisky.pdf,Alex Gillespie,distillery,0.55,,,,,,169,CREATE
The world atlas of whisky.pdf,Box Destilleri,distillery,0.55,,,,,,169,CREATE
The world atlas of whisky.pdf,Forman Consolidated,distillery,0.55,,,,,,169,CREATE
The world atlas of whisky.pdf,Diageo Canada,distillery,0.55,,,,,,169,CREATE
The world atlas of whisky.pdf,Niall Little,distillery,0.55,,,,,,169,CREATE
The world atlas of whisky.pdf,Floki Egill Gauti,distillery,0.55,,,,,,169,CREATE
The world atlas of whisky.pdf,Getty Images Best,distillery,0.55,,,,,,169,CREATE
The world atlas of whisky.pdf,View Stock,distillery,0.55,,,,,,169,CREATE
The world atlas of whisky.pdf,Life Pictures,distillery,0.55,,,,,,169,CREATE
The world atlas of whisky.pdf,Rob Burnett,distillery,0.55,,,,,,169,CREATE
The world atlas of whisky.pdf,Ian Macleod Distillers,distillery,0.55,,,,,,169,CREATE
The world atlas of whisky.pdf,Jenny Karlsson,distillery,0.55,,,,,,169,CREATE
The world atlas of whisky.pdf,Christopher Talbot,distillery,0.55,,,,,,169,CREATE
The world atlas of whisky.pdf,"Kittling
Ridge Estates",distillery,0.55,,,,,,169,CREATE
The world atlas of whisky.pdf,Mark Distillery Inc,distillery,0.55,,,,,,169,CREATE
The world atlas of whisky.pdf,Paragraph Publishing Ltd,distillery,0.55,,,,,,169,CREATE
The world atlas of whisky.pdf,Becky Offringa,distillery,0.55,,,,,,169,CREATE
The world atlas of whisky.pdf,Robin Brilleman,expression,0.55,,,,,,169,CREATE
The world atlas of whisky.pdf,Geraldine Landier,expression,0.55,,,,,,170,CREATE
The world atlas of whisky.pdf,Stephen Davis,expression,0.55,,,,,,170,CREATE
The world atlas of whisky.pdf,Etiene Bouillon,expression,0.55,,,,,,170,CREATE
The world atlas of whisky.pdf,Martin Will,expression,0.55,,,,,,170,CREATE
The world guide to whisky michael jackson.pd,Sour Mash,expression,0.55,,,,bourbon,,2,CREATE
The world guide to whisky michael jackson.pd,Sanraku Ocean,expression,0.55,,,,,,2,CREATE
The world guide to whisky michael jackson.pd,Guaranteed Pure,expression,0.55,,,,,,8,CREATE
The world guide to whisky michael jackson.pd,Orange Street,expression,0.55,,,,,,8,CREATE
The world guide to whisky michael jackson.pd,National Health Service,expression,0.55,,,,,,10,CREATE
The world guide to whisky michael jackson.pd,Old Toll Bar,expression,0.55,,,,,,18,CREATE
The world guide to whisky michael jackson.pd,"Cafe 
Royal",expression,0.55,,,,,,18,CREATE
The world guide to whisky michael jackson.pd,Pot Still,expression,0.55,,,,,,19,CREATE
The world guide to whisky michael jackson.pd,Hope Street,expression,0.55,,,,,,19,CREATE
The world guide to whisky michael jackson.pd,Choice. They,expression,0.55,,,,,,21,CREATE
The world guide to whisky michael jackson.pd,Some English,expression,0.55,,,,,,24,CREATE
The world guide to whisky michael jackson.pd,These Lang,expression,0.55,,,,,,25,CREATE
The world guide to whisky michael jackson.pd,Son Ltd,expression,0.75,,100,,,,26,CREATE
The world guide to whisky michael jackson.pd,Government Superbt,expression,0.55,,,,,,26,CREATE
The world guide to whisky michael jackson.pd,Andrew Usher,expression,0.55,,,,,,30,CREATE
The world guide to whisky michael jackson.pd,"Lowland 
Scotland",distillery,0.55,,,lowland,,,31,CREATE
The world guide to whisky michael jackson.pd,Both Littlemill,distillery,0.55,,,,,,33,CREATE
The world guide to whisky michael jackson.pd,Ayrshire Coast,expression,0.55,,,,,,34,CREATE
The world guide to whisky michael jackson.pd,Tumberry Hotel,expression,0.55,,,,,,34,CREATE
The world guide to whisky michael jackson.pd,Kilmarnock. However,expression,0.55,,,,,,34,CREATE
The world guide to whisky michael jackson.pd,"Ltd. 
Bottled",distillery,0.55,,,,,wm cadenhead,35,CREATE
The world guide to whisky michael jackson.pd,"Although 
Campbeltown",expression,0.55,,,campbeltown,,,36,CREATE
The world guide to whisky michael jackson.pd,From Glasgow,expression,0.55,,,,,,36,CREATE
The world guide to whisky michael jackson.pd,Premier Grand Cm,expression,0.55,,,,,,37,CREATE
The world guide to whisky michael jackson.pd,Glon Scotia Olitlllery,expression,0.55,,,campbeltown,,,37,CREATE
The world guide to whisky michael jackson.pd,Prohibition. Such,expression,0.55,,,,,,38,CREATE
The world guide to whisky michael jackson.pd,"Putachieside. 
Springbank",expression,0.55,,,,,,39,CREATE
The world guide to whisky michael jackson.pd,Inner Hebrides,expression,0.55,,,islands,,,42,CREATE
The world guide to whisky michael jackson.pd,Anibrs Diuilicn,distillery,0.75,,40,islay,,,42,CREATE
The world guide to whisky michael jackson.pd,Low Robertson,distillery,0.55,,,islay,port,,42,CREATE
The world guide to whisky michael jackson.pd,Although Laga,distillery,0.55,,,,,,44,CREATE
The world guide to whisky michael jackson.pd,"Alfred 
Barnard",expression,0.55,,,,,,44,CREATE
The world guide to whisky michael jackson.pd,"Logan. 
Enthusiasts",expression,0.55,,,islay,,,44,CREATE
The world guide to whisky michael jackson.pd,"Dower 
House",expression,0.55,,,,,,46,CREATE
The world guide to whisky michael jackson.pd,Uhlta Horso Olatllnrs,distillery,0.55,,,,,,46,CREATE
The world guide to whisky michael jackson.pd,Margadale Hills,distillery,0.55,,,,,,48,CREATE
The world guide to whisky michael jackson.pd,"Since 
Bunnahabhain",expression,0.55,,,highland,,,48,CREATE
The world guide to whisky michael jackson.pd,Newcastle Breweries,expression,0.55,,,,,,49,CREATE
The world guide to whisky michael jackson.pd,Derek Cooper,expression,0.55,,,islands,,,50,CREATE
The world guide to whisky michael jackson.pd,Duart Castle,distillery,0.55,,,,,,51,CREATE
The world guide to whisky michael jackson.pd,"Drambuie. 
Bonnie",expression,0.55,,,,,,52,CREATE
The world guide to whisky michael jackson.pd,Cuillin Hills,expression,0.55,,,,,,52,CREATE
The world guide to whisky michael jackson.pd,Poit Dhubh,expression,0.75,12,,,,,53,CREATE
The world guide to whisky michael jackson.pd,Chey Vek,expression,0.55,,,,,,53,CREATE
The world guide to whisky michael jackson.pd,Ian Macleod,expression,0.55,,,,,,53,CREATE
The world guide to whisky michael jackson.pd,"Skye 
Talisker",expression,0.55,,,,,,54,CREATE
The world guide to whisky michael jackson.pd,"Linne 
Eilean Iartnain",expression,0.55,,,,,,54,CREATE
The world guide to whisky michael jackson.pd,"Eilean Sgialhanach 
Te",expression,0.55,,,,,,54,CREATE
The world guide to whisky michael jackson.pd,Though Glengoyne,distillery,0.55,,,,,,56,CREATE
The world guide to whisky michael jackson.pd,"Magnus 
Eunson",expression,0.55,,,,,,59,CREATE
The world guide to whisky michael jackson.pd,"Their Old 
Orkney",expression,0.75,12,,,,,59,CREATE
The world guide to whisky michael jackson.pd,"Ltd. 
Distilled",distillery,0.55,,,,,,61,CREATE
The world guide to whisky michael jackson.pd,Alness. Dalmore,expression,0.55,,,highland,,,63,CREATE
The world guide to whisky michael jackson.pd,Universal Investments,expression,0.55,,,,,,64,CREATE
The world guide to whisky michael jackson.pd,Robbie Bums,expression,0.55,,,,,,64,CREATE
The world guide to whisky michael jackson.pd,Immediately South,distillery,0.55,,,,,,64,CREATE
The world guide to whisky michael jackson.pd,"Macleay 
Duff",expression,0.55,,,,,,66,CREATE
The world guide to whisky michael jackson.pd,Fife. However,expression,0.55,,,,,,69,CREATE
The world guide to whisky michael jackson.pd,Dlttilled. Bluntied,expression,0.55,,,,,,70,CREATE
The world guide to whisky michael jackson.pd,"Suolltiiul 
Royal Findhom",expression,0.55,,,,,,70,CREATE
The world guide to whisky michael jackson.pd,Historic Buildings Department,distillery,0.55,,,,,,71,CREATE
The world guide to whisky michael jackson.pd,Sir Robert Bruce,expression,0.55,,,,,,75,CREATE
The world guide to whisky michael jackson.pd,Sir Albert Richardson,expression,0.55,,,,,,75,CREATE
The world guide to whisky michael jackson.pd,The Upper Spey,expression,0.55,,,,,,76,CREATE
The world guide to whisky michael jackson.pd,Lower Spey,expression,0.55,,,,,,76,CREATE
The world guide to whisky michael jackson.pd,"The 
Auld Alliance",expression,0.55,,,,,,77,CREATE
The world guide to whisky michael jackson.pd,Beyond Craigellachie,expression,0.55,,,,,,78,CREATE
The world guide to whisky michael jackson.pd,Ladder Hills,expression,0.55,,,,,,82,CREATE
The world guide to whisky michael jackson.pd,Chapeltown. Appropriately,distillery,0.55,,,,,,83,CREATE
The world guide to whisky michael jackson.pd,When George,distillery,0.55,,,,,,84,CREATE
The world guide to whisky michael jackson.pd,Finest High,expression,0.55,,,,,,86,CREATE
The world guide to whisky michael jackson.pd,Struthisla Oistlllory,distillery,0.75,,57,,,,90,CREATE
The world guide to whisky michael jackson.pd,"Bottled By 
Gordon",distillery,0.55,,,highland,,gordon,90,CREATE
The world guide to whisky michael jackson.pd,Junes Munrn,distillery,0.55,,,highland,,,90,CREATE
The world guide to whisky michael jackson.pd,Ferryhill House Hotel,expression,0.55,,,,,,93,CREATE
The world guide to whisky michael jackson.pd,"Under Long 
John",expression,0.55,,,,,,93,CREATE
The world guide to whisky michael jackson.pd,Rob Roy,expression,0.55,,,,,,94,CREATE
The world guide to whisky michael jackson.pd,Sandy Macnab,expression,0.55,,,,,,95,CREATE
The world guide to whisky michael jackson.pd,Heather Dew,expression,0.55,,,,port,,95,CREATE
The world guide to whisky michael jackson.pd,Slater Rodger,distillery,0.55,,,,,wm.cadenhead,96,CREATE
The world guide to whisky michael jackson.pd,"Allied 
Breweries",expression,0.55,,,,,,98,CREATE
The world guide to whisky michael jackson.pd,Tommy Dewar,expression,0.55,,,,,,98,CREATE
The world guide to whisky michael jackson.pd,"Irvine 
Butterfield",expression,0.55,,,,,,98,CREATE
The world guide to whisky michael jackson.pd,Pernod Ricard,expression,0.55,,,,,,99,CREATE
The world guide to whisky michael jackson.pd,"Ireland. 
When",expression,0.55,,,,,,104,CREATE
The world guide to whisky michael jackson.pd,County Cork,expression,0.55,,,,,,106,CREATE
The world guide to whisky michael jackson.pd,County Antrim,expression,0.55,,,,,,108,CREATE
The world guide to whisky michael jackson.pd,"County 
Westmeath",distillery,0.55,,,,,,108,CREATE
The world guide to whisky michael jackson.pd,Crested Ten,expression,0.55,,,,sherry,,112,CREATE
The world guide to whisky michael jackson.pd,"Smithfield 
The Long",expression,0.55,,,,,,112,CREATE
The world guide to whisky michael jackson.pd,"Neighbour 
Smyth",expression,0.55,,,,,,116,CREATE
The world guide to whisky michael jackson.pd,Uisge Beatha,expression,0.55,,,,,,117,CREATE
The world guide to whisky michael jackson.pd,"Cointreau. 
Like",expression,0.55,,,,,,117,CREATE
The world guide to whisky michael jackson.pd,"Cork 
Paddy",expression,0.55,,,,,,120,CREATE
The world guide to whisky michael jackson.pd,"Comber 
Old Comber",distillery,0.55,,,,,independent,122,CREATE
The world guide to whisky michael jackson.pd,"Thus 
Canadian",expression,0.55,,,,,,127,CREATE
The world guide to whisky michael jackson.pd,British Columbia,expression,0.55,,,,,,129,CREATE
The world guide to whisky michael jackson.pd,Nova Scotia,expression,0.55,,,,,,129,CREATE
The world guide to whisky michael jackson.pd,"Niagara 
Falls",distillery,0.55,,,,,,130,CREATE
The world guide to whisky michael jackson.pd,Further East,distillery,0.55,,,,,,130,CREATE
The world guide to whisky michael jackson.pd,Jan Melcher,expression,0.55,,,,,,130,CREATE
The world guide to whisky michael jackson.pd,Melchers Very Mild,expression,0.55,,,,,,130,CREATE
The world guide to whisky michael jackson.pd,Art Dawe,expression,0.55,,,,,,135,CREATE
The world guide to whisky michael jackson.pd,Windsor Supreme,expression,0.55,,,,,,137,CREATE
The world guide to whisky michael jackson.pd,Cock The Famous,expression,0.55,,,,,,140,CREATE
The world guide to whisky michael jackson.pd,Alcoholic Strength,expression,0.75,,50,,,,140,CREATE
The world guide to whisky michael jackson.pd,"Platte 
Valley",distillery,0.55,,,,,,144,CREATE
The world guide to whisky michael jackson.pd,Kansas City,distillery,0.55,,,,,,144,CREATE
The world guide to whisky michael jackson.pd,Although American,expression,0.55,,,,,,145,CREATE
The world guide to whisky michael jackson.pd,Prohibition. During,expression,0.55,,,,,,151,CREATE
The world guide to whisky michael jackson.pd,"National Historic 
Landmark",distillery,0.55,,,,,,152,CREATE
The world guide to whisky michael jackson.pd,"September. 
Some",distillery,0.55,,,,,,152,CREATE
The world guide to whisky michael jackson.pd,National Distillers,distillery,0.55,,,,,,154,CREATE
The world guide to whisky michael jackson.pd,Sunset Hills,distillery,0.55,,,,,,155,CREATE
The world guide to whisky michael jackson.pd,Fairfax County,distillery,0.55,,,,,,155,CREATE
The world guide to whisky michael jackson.pd,Smith Bowman,distillery,0.55,,,,,,155,CREATE
The world guide to whisky michael jackson.pd,Independence. Smith,distillery,0.55,,,,,,155,CREATE
The world guide to whisky michael jackson.pd,Hancock Lee,distillery,0.55,,,,,,160,CREATE
The world guide to whisky michael jackson.pd,Prohibition. That,distillery,0.55,,,,,,160,CREATE
The world guide to whisky michael jackson.pd,Sunny Brook,expression,0.55,,,,,,162,CREATE
The world guide to whisky michael jackson.pd,"Rye. 
When",distillery,0.55,,,,,,165,CREATE
The world guide to whisky michael jackson.pd,Similar Bourbons,expression,0.55,,,,,,167,CREATE
The world guide to whisky michael jackson.pd,Happy Hollow,distillery,0.55,,,,,,169,CREATE
The world guide to whisky michael jackson.pd,All Maker,expression,0.55,,,,,,171,CREATE
The world guide to whisky michael jackson.pd,Prohibition. Jim,distillery,0.55,,,,,,173,CREATE
The world guide to whisky michael jackson.pd,"Bourbon. 
Although",expression,0.55,,,,bourbon,,175,CREATE
The world guide to whisky michael jackson.pd,"Mark 
Fully Matured",expression,0.55,,,,bourbon,,175,CREATE
The world guide to whisky michael jackson.pd,"Dixie 
Highway",distillery,0.55,,,,,,176,CREATE
The world guide to whisky michael jackson.pd,After Prohibi,distillery,0.55,,,,,,179,CREATE
The world guide to whisky michael jackson.pd,Old Rip Van,expression,0.55,,,,,,181,CREATE
The world guide to whisky michael jackson.pd,"Ten 
Summers",expression,0.55,,,,,,181,CREATE
The world guide to whisky michael jackson.pd,Weller Special Reserve,expression,0.55,,,,,,181,CREATE
The world guide to whisky michael jackson.pd,Although Old Thompson,expression,0.55,,,,,,182,CREATE
The world guide to whisky michael jackson.pd,"Old 
Fitzgerald Prime",expression,0.55,,,,bourbon,,182,CREATE
The world guide to whisky michael jackson.pd,"Cabin 
Still",expression,0.75,4,,,,,183,CREATE
The world guide to whisky michael jackson.pd,Weller Bourbon,expression,0.55,,,,bourbon,,183,CREATE
The world guide to whisky michael jackson.pd,Isaac Wolfe Bemheim,distillery,0.55,,,,,,183,CREATE
The world guide to whisky michael jackson.pd,"Dant 
Bourbons",distillery,0.55,,,,,,184,CREATE
The world guide to whisky michael jackson.pd,Lem Motlow Prop,distillery,0.55,,,,,,187,CREATE
The world guide to whisky michael jackson.pd,Lem Motlow,expression,0.55,,,,,,187,CREATE
The world guide to whisky michael jackson.pd,Finally. Ike,expression,0.55,,,,,,187,CREATE
The world guide to whisky michael jackson.pd,"Ceotge 
Dickel Whisky",expression,0.55,,,,,,187,CREATE
The world guide to whisky michael jackson.pd,Federal Government,distillery,0.55,,,,,,195,CREATE
The world guide to whisky michael jackson.pd,"Japan. 
One",expression,0.55,,,,,,201,CREATE
The world guide to whisky michael jackson.pd,Although Scottish,expression,0.55,,,,,,202,CREATE
The world guide to whisky michael jackson.pd,Inland Sea,expression,0.55,,,,,,208,CREATE
The world guide to whisky michael jackson.pd,"Japan. 
From",distillery,0.55,,,,,,208,CREATE
The world guide to whisky michael jackson.pd,"Masataka 
Taketsuru",expression,0.55,,,,,,212,CREATE
The world guide to whisky michael jackson.pd,Ocean Karuizawa Single,expression,0.55,,,,,,216,CREATE
The world guide to whisky michael jackson.pd,Gloria. There,expression,0.55,,,,,,216,CREATE
The world guide to whisky michael jackson.pd,Like Suntory,distillery,0.55,,,,,,217,CREATE
The world guide to whisky michael jackson.pd,While Hakushu,expression,0.55,,,,,,217,CREATE
The world guide to whisky michael jackson.pd,"Each 
Kirin Seagram",expression,0.55,,,,,,218,CREATE
The world guide to whisky michael jackson.pd,"Super 
Black",expression,0.55,,,,,,221,CREATE
The world guide to whisky michael jackson.pd,"Crescent 
Emblem 
Robert",expression,0.55,,,,,,221,CREATE
The world guide to whisky michael jackson.pd,"Sanraku Ocean 
Karuizawa",expression,0.55,,,,bourbon,,221,CREATE
The world guide to whisky michael jackson.pd,Bonded Stock,distillery,0.55,,,,,,222,CREATE
The world guide to whisky michael jackson.pd,Cawdor Campbells,expression,0.55,,,,,,223,CREATE
The world guide to whisky michael jackson.pd,Deacon Brodie,expression,0.55,,,,,,223,CREATE
The world guide to whisky michael jackson.pd,Nippon Kaju,expression,0.55,,,,,,225,CREATE
The world guide to whisky michael jackson.pd,Sunday Times,expression,0.55,,,,,,227,CREATE
The world guide to whisky michael jackson.pd,Swanee River,expression,0.55,,,,,,227,CREATE
The world guide to whisky michael jackson.pd,Vatted Malts,expression,0.55,,,,,,227,CREATE
The world guide to whisky michael jackson.pd,Ian Howes,distillery,0.55,,,,,,228,CREATE
The world guide to whisky michael jackson.pd,Tetsuya Fukui,distillery,0.55,,,,,,228,CREATE
The world guide to whisky michael jackson.pd,Industry Review,expression,0.55,,,,,,228,CREATE
The world guide to whisky michael jackson.pd,Alan Gray,expression,0.55,,,,,,228,CREATE
The world guide to whisky michael jackson.pd,University Press,expression,0.55,,,,bourbon,,228,CREATE
The world guide to whisky michael jackson.pd,"The Lowlands 
Campbeltown",expression,0.55,,,campbeltown,,,232,CREATE
Whiskey Opus -- Whiskey Opus -- 4e7241405dc5,General Manager,expression,0.55,,,,,,18,CREATE
Whiskey Opus -- Whiskey Opus -- 4e7241405dc5,Masataka Taketsuru,expression,0.55,,,,,,25,CREATE
Whiskey Opus -- Whiskey Opus -- 4e7241405dc5,Jerez  Usually,expression,0.55,,,,oak,,26,CREATE
Whiskey Opus -- Whiskey Opus -- 4e7241405dc5,Senior Global Brand,expression,0.55,,,,oak,,26,CREATE
Whiskey Opus -- Whiskey Opus -- 4e7241405dc5,International Brands Ambassador,expression,0.55,,,,,,27,CREATE
Whiskey Opus -- Whiskey Opus -- 4e7241405dc5,Ian Hunter,bottler,0.55,,,,,hunter,29,CREATE
Whiskey Opus -- Whiskey Opus -- 4e7241405dc5,Global Brand Manager,expression,0.55,,,highland,sherry,,29,CREATE
Whiskey Opus -- Whiskey Opus -- 4e7241405dc5,"Regional Styles
Traditionally",distillery,0.55,,,,,,36,CREATE
Whiskey Opus -- Whiskey Opus -- 4e7241405dc5,"Autumn 
Speyside Whisky",expression,0.55,,,speyside,,,36,CREATE
Whiskey Opus -- Whiskey Opus -- 4e7241405dc5,"Distillery
Roads
Rivers",distillery,0.55,,,speyside,,,36,CREATE
Whiskey Opus -- Whiskey Opus -- 4e7241405dc5,Brian Kinsman,expression,0.55,,,,,,40,CREATE
Whiskey Opus -- Whiskey Opus -- 4e7241405dc5,"Family 
Reserve",expression,0.55,,,,,,40,CREATE
Whiskey Opus -- Whiskey Opus -- 4e7241405dc5,Peat Smoke,expression,0.55,,,,,,43,CREATE
Whiskey Opus -- Whiskey Opus -- 4e7241405dc5,Soil Association,expression,0.55,,,,,,43,CREATE
Whiskey Opus -- Whiskey Opus -- 4e7241405dc5,Under Elizabeth Cumming,distillery,0.55,,,,,,44,CREATE
Whiskey Opus -- Whiskey Opus -- 4e7241405dc5,Bourbon American,expression,0.55,,,,bourbon,,45,CREATE
Whiskey Opus -- Whiskey Opus -- 4e7241405dc5,"Expressions 
Tour",distillery,0.55,,,,,,47,CREATE
Whiskey Opus -- Whiskey Opus -- 4e7241405dc5,Billy Walker,expression,0.55,,,,,,48,CREATE
Whiskey Opus -- Whiskey Opus -- 4e7241405dc5,Son George,distillery,0.55,,,,,,50,CREATE
Whiskey Opus -- Whiskey Opus -- 4e7241405dc5,Although Glenfarclas,distillery,0.55,,,,,,50,CREATE
Whiskey Opus -- Whiskey Opus -- 4e7241405dc5,Family Casks,expression,0.55,,,,,,51,CREATE
Whiskey Opus -- Whiskey Opus -- 4e7241405dc5,Snow Phoenix,expression,0.75,30,,,,,52,CREATE
Whiskey Opus -- Whiskey Opus -- 4e7241405dc5,Although Glen Grant,expression,0.55,,,,,,55,CREATE
Whiskey Opus -- Whiskey Opus -- 4e7241405dc5,"Upper 
Drumin",distillery,0.55,,,,,,56,CREATE
Whiskey Opus -- Whiskey Opus -- 4e7241405dc5,French Oak,expression,0.75,25,,,oak,,57,CREATE
Whiskey Opus -- Whiskey Opus -- 4e7241405dc5,Graham Coull,distillery,0.55,,,,,,58,CREATE
Whiskey Opus -- Whiskey Opus -- 4e7241405dc5,The Fifth Chapter,expression,0.55,,,,,,58,CREATE
Whiskey Opus -- Whiskey Opus -- 4e7241405dc5,Chenin Blanc,expression,0.55,,,,,,59,CREATE
Whiskey Opus -- Whiskey Opus -- 4e7241405dc5,Ken Grier,expression,0.55,,,,,,60,CREATE
Whiskey Opus -- Whiskey Opus -- 4e7241405dc5,Alexander Reid,distillery,0.55,,,,,,60,CREATE
Whiskey Opus -- Whiskey Opus -- 4e7241405dc5,Sherry Oak,expression,0.55,,,,sherry,,60,CREATE
Whiskey Opus -- Whiskey Opus -- 4e7241405dc5,Jay Pomeroy,distillery,0.55,,,,,,62,CREATE
Whiskey Opus -- Whiskey Opus -- 4e7241405dc5,Seafield Avenue,expression,0.55,,,,,,62,CREATE
Whiskey Opus -- Whiskey Opus -- 4e7241405dc5,"Europe. 
Available",expression,0.55,,,,,,63,CREATE
Whiskey Opus -- Whiskey Opus -- 4e7241405dc5,Moray Firth,distillery,0.55,,,,,,66,CREATE
Whiskey Opus -- Whiskey Opus -- 4e7241405dc5,Scaent Group,distillery,0.55,,,,,,66,CREATE
Whiskey Opus -- Whiskey Opus -- 4e7241405dc5,Ltd. Around,distillery,0.55,,,,,,66,CREATE
Whiskey Opus -- Whiskey Opus -- 4e7241405dc5,"The Edrington 
Group",distillery,0.55,,,,,,67,CREATE
Whiskey Opus -- Whiskey Opus -- 4e7241405dc5,Queen Anne,expression,0.55,,,,,,69,CREATE
Whiskey Opus -- Whiskey Opus -- 4e7241405dc5,Something Special,expression,0.55,,,,,,69,CREATE
Whiskey Opus -- Whiskey Opus -- 4e7241405dc5,Thai Beverages,expression,0.55,,,,,,71,CREATE
Whiskey Opus -- Whiskey Opus -- 4e7241405dc5,"Pinwhinnie.
 Established",expression,0.55,,,speyside,,,71,CREATE
Whiskey Opus -- Whiskey Opus -- 4e7241405dc5,Bradan Orach,expression,0.55,,,,,,71,CREATE
Whiskey Opus -- Whiskey Opus -- 4e7241405dc5,Alex Fairlie,distillery,0.55,,,,,,72,CREATE
Whiskey Opus -- Whiskey Opus -- 4e7241405dc5,"Angus Dundee 
Distillers",distillery,0.55,,,,,,73,CREATE
Whiskey Opus -- Whiskey Opus -- 4e7241405dc5,Peaty Tang,expression,0.55,,,,,,73,CREATE
Whiskey Opus -- Whiskey Opus -- 4e7241405dc5,"Angus 
Dundee",expression,0.55,,,,,,73,CREATE
Whiskey Opus -- Whiskey Opus -- 4e7241405dc5,Brooks Ltd,distillery,0.55,,,,,,74,CREATE
Whiskey Opus -- Whiskey Opus -- 4e7241405dc5,"Pernod 
Ricard",distillery,0.55,,,speyside,,,75,CREATE
Whiskey Opus -- Whiskey Opus -- 4e7241405dc5,"Cask Strength 
Edition",distillery,0.55,,,,,,75,CREATE
Whiskey Opus -- Whiskey Opus -- 4e7241405dc5,Elgin. Its,expression,0.55,,,,,,77,CREATE
Whiskey Opus -- Whiskey Opus -- 4e7241405dc5,Wash Act,expression,0.55,,,highland,,,78,CREATE
Whiskey Opus -- Whiskey Opus -- 4e7241405dc5,Regional Trails,expression,0.55,,,,,,78,CREATE
Whiskey Opus -- Whiskey Opus -- 4e7241405dc5,"Events
There",expression,0.55,,,,,,78,CREATE
Whiskey Opus -- Whiskey Opus -- 4e7241405dc5,"Bogbain 
Farm",expression,0.55,,,,,,78,CREATE
Whiskey Opus -- Whiskey Opus -- 4e7241405dc5,"Stirling Whisky 
Festival",expression,0.55,,,,,,78,CREATE
Whiskey Opus -- Whiskey Opus -- 4e7241405dc5,Stephen Marshall,expression,0.55,,,,,,80,CREATE
Whiskey Opus -- Whiskey Opus -- 4e7241405dc5,Tommy Dewar,distillery,0.55,,,,,,81,CREATE
Whiskey Opus -- Whiskey Opus -- 4e7241405dc5,Alfred Barnard,expression,0.55,,,,,,82,CREATE
Whiskey Opus -- Whiskey Opus -- 4e7241405dc5,Colin Ross,expression,0.55,,,,,,82,CREATE
Whiskey Opus -- Whiskey Opus -- 4e7241405dc5,Traditional Ben Nevis,expression,0.55,,,,,,83,CREATE
Whiskey Opus -- Whiskey Opus -- 4e7241405dc5,"Atholl.
Bell",distillery,0.55,,,,,,84,CREATE
Whiskey Opus -- Whiskey Opus -- 4e7241405dc5,Arthur Bell,distillery,0.55,,,,,,84,CREATE
Whiskey Opus -- Whiskey Opus -- 4e7241405dc5,Diageo Master Blender,expression,0.55,,,,,,85,CREATE
Whiskey Opus -- Whiskey Opus -- 4e7241405dc5,Arthur Kinmont,expression,0.55,,,,,,85,CREATE
Whiskey Opus -- Whiskey Opus -- 4e7241405dc5,British Empire,expression,0.55,,,,,,85,CREATE
Whiskey Opus -- Whiskey Opus -- 4e7241405dc5,Only Pulteney,distillery,0.55,,,,,,86,CREATE
Whiskey Opus -- Whiskey Opus -- 4e7241405dc5,Oloroso Seco,expression,0.75,,46,,bourbon,,87,CREATE
Whiskey Opus -- Whiskey Opus -- 4e7241405dc5,Gonzalez Byass,expression,0.55,,,,,,88,CREATE
Whiskey Opus -- Whiskey Opus -- 4e7241405dc5,Cromarty Firth,distillery,0.55,,,,,,88,CREATE
Whiskey Opus -- Whiskey Opus -- 4e7241405dc5,"Andrew 
Mackenzie",distillery,0.55,,,,,,88,CREATE
Whiskey Opus -- Whiskey Opus -- 4e7241405dc5,Gonzalez Byass Oloroso,expression,0.75,,40,,oak,,89,CREATE
Whiskey Opus -- Whiskey Opus -- 4e7241405dc5,Matusalem Oloroso,distillery,0.55,,,,sherry,,89,CREATE
Whiskey Opus -- Whiskey Opus -- 4e7241405dc5,"Cigar 
Malt Reserve",expression,0.55,,,,sherry,,89,CREATE
Whiskey Opus -- Whiskey Opus -- 4e7241405dc5,Alexander Mackenzie,distillery,0.55,,,,,,90,CREATE
Whiskey Opus -- Whiskey Opus -- 4e7241405dc5,"Sir James 
Calder",distillery,0.55,,,,,,90,CREATE
Whiskey Opus -- Whiskey Opus -- 4e7241405dc5,Ewan Mackintosh,expression,0.55,,,,,,91,CREATE
Whiskey Opus -- Whiskey Opus -- 4e7241405dc5,"Andrew 
Symington",distillery,0.55,,,,,independent,92,CREATE
Whiskey Opus -- Whiskey Opus -- 4e7241405dc5,"Symington
Des",bottler,0.55,,,,,signatory,92,CREATE
Whiskey Opus -- Whiskey Opus -- 4e7241405dc5,"Peated Edradour
One",bottler,0.55,,,,bourbon,signatory,93,CREATE
Whiskey Opus -- Whiskey Opus -- 4e7241405dc5,Fasque Estate,distillery,0.55,,,,,,95,CREATE
Whiskey Opus -- Whiskey Opus -- 4e7241405dc5,Sir John Gladstone,distillery,0.55,,,,,,95,CREATE
Whiskey Opus -- Whiskey Opus -- 4e7241405dc5,Alexander Manson,distillery,0.55,,,,,,96,CREATE
Whiskey Opus -- Whiskey Opus -- 4e7241405dc5,Senior Blender,expression,0.55,,,,,,97,CREATE
Whiskey Opus -- Whiskey Opus -- 4e7241405dc5,Stuart Hendry,expression,0.55,,,,,,98,CREATE
Whiskey Opus -- Whiskey Opus -- 4e7241405dc5,Sample Room,expression,0.55,,,,,,99,CREATE
Whiskey Opus -- Whiskey Opus -- 4e7241405dc5,Ian Macleod Distillers,distillery,0.55,,,,,,99,CREATE
Whiskey Opus -- Whiskey Opus -- 4e7241405dc5,"Bill 
Lumsden",expression,0.55,,,,,,100,CREATE
Whiskey Opus -- Whiskey Opus -- 4e7241405dc5,Morangie Brewery,distillery,0.55,,,,,,100,CREATE
Whiskey Opus -- Whiskey Opus -- 4e7241405dc5,Muir Ltd,expression,0.55,,,highland,,,101,CREATE
Whiskey Opus -- Whiskey Opus -- 4e7241405dc5,Today Glenmorangie,expression,0.55,,,,,,101,CREATE
Whiskey Opus -- Whiskey Opus -- 4e7241405dc5,Taste Experience,expression,0.55,,,,,,102,CREATE
Whiskey Opus -- Whiskey Opus -- 4e7241405dc5,"Fronting 
Oban Bay",distillery,0.55,,,,,,105,CREATE
Whiskey Opus -- Whiskey Opus -- 4e7241405dc5,The Genuine Maritime,expression,0.55,,,,,,106,CREATE
Whiskey Opus -- Whiskey Opus -- 4e7241405dc5,While Scotland,distillery,0.55,,,,,,106,CREATE
Whiskey Opus -- Whiskey Opus -- 4e7241405dc5,Allied Breweries Ltd,distillery,0.55,,,,,,107,CREATE
Whiskey Opus -- Whiskey Opus -- 4e7241405dc5,"Allied 
Domecq",distillery,0.55,,,,,,107,CREATE
Whiskey Opus -- Whiskey Opus -- 4e7241405dc5,Isabella Fortuna,expression,0.55,,,,,,107,CREATE
Whiskey Opus -- Whiskey Opus -- 4e7241405dc5,Dee River,distillery,0.55,,,,,,108,CREATE
Whiskey Opus -- Whiskey Opus -- 4e7241405dc5,Diageo Malts,expression,0.55,,,,,,108,CREATE
Whiskey Opus -- Whiskey Opus -- 4e7241405dc5,"Malt Advocates 
Course",expression,0.55,,,,,,108,CREATE
Whiskey Opus -- Whiskey Opus -- 4e7241405dc5,Why Lochnagar,distillery,0.55,,,,,,109,CREATE
Whiskey Opus -- Whiskey Opus -- 4e7241405dc5,Selected Reserve,expression,0.55,,,,,,109,CREATE
Whiskey Opus -- Whiskey Opus -- 4e7241405dc5,As International Sales,expression,0.55,,,,,,110,CREATE
Whiskey Opus -- Whiskey Opus -- 4e7241405dc5,Aged Oak,expression,0.55,,,,oak,,110,CREATE
Whiskey Opus -- Whiskey Opus -- 4e7241405dc5,Juicy Fruit,expression,0.55,,,,,,110,CREATE
Whiskey Opus -- Whiskey Opus -- 4e7241405dc5,Mas Banyuls,expression,0.75,,46,,bourbon,,110,CREATE
Whiskey Opus -- Whiskey Opus -- 4e7241405dc5,Alexander Cowan,distillery,0.55,,,,wine,,112,CREATE
Whiskey Opus -- Whiskey Opus -- 4e7241405dc5,Balnagowan Estate,distillery,0.55,,,,,,112,CREATE
Whiskey Opus -- Whiskey Opus -- 4e7241405dc5,When Cumming,distillery,0.55,,,,,,112,CREATE
Whiskey Opus -- Whiskey Opus -- 4e7241405dc5,"Allied Domecq 
Ltd",distillery,0.55,,,,,,114,CREATE
Whiskey Opus -- Whiskey Opus -- 4e7241405dc5,"Gilmour 
Thomson",distillery,0.55,,,,,,114,CREATE
Whiskey Opus -- Whiskey Opus -- 4e7241405dc5,Lomond Estate,expression,0.55,,,,,,116,CREATE
Whiskey Opus -- Whiskey Opus -- 4e7241405dc5,Captain Hugh Munro,distillery,0.55,,,,,,118,CREATE
Whiskey Opus -- Whiskey Opus -- 4e7241405dc5,Process Development Manager,distillery,0.55,,,,,douglas,118,CREATE
Whiskey Opus -- Whiskey Opus -- 4e7241405dc5,Spanish Oloroso,expression,0.75,,49.3,,bourbon,,119,CREATE
Whiskey Opus -- Whiskey Opus -- 4e7241405dc5,"Regional Styles
Single",expression,0.55,,,islay,,,120,CREATE
Whiskey Opus -- Whiskey Opus -- 4e7241405dc5,"Regional Events
Islay",expression,0.55,,,islay,,,120,CREATE
Whiskey Opus -- Whiskey Opus -- 4e7241405dc5,Almost There,expression,0.55,,,,,,122,CREATE
Whiskey Opus -- Whiskey Opus -- 4e7241405dc5,Mickey Heads,distillery,0.55,,,,,,123,CREATE
Whiskey Opus -- Whiskey Opus -- 4e7241405dc5,Euan Mitchell,distillery,0.55,,,,,independent,124,CREATE
Whiskey Opus -- Whiskey Opus -- 4e7241405dc5,Ugly Betty,distillery,0.55,,,,,,129,CREATE
Whiskey Opus -- Whiskey Opus -- 4e7241405dc5,Ian Macmillan,expression,0.55,,,,,,130,CREATE
Whiskey Opus -- Whiskey Opus -- 4e7241405dc5,Nick Morgan,expression,0.55,,,,,,132,CREATE
Whiskey Opus -- Whiskey Opus -- 4e7241405dc5,Although Caol Ila,expression,0.55,,,,,,133,CREATE
Whiskey Opus -- Whiskey Opus -- 4e7241405dc5,Natural Cask Strength,expression,0.55,,,,,,133,CREATE
Whiskey Opus -- Whiskey Opus -- 4e7241405dc5,Gerry Tosh,distillery,0.55,,,,,,134,CREATE
Whiskey Opus -- Whiskey Opus -- 4e7241405dc5,"Global Marketing 
Manager",distillery,0.55,,,,,,134,CREATE
Whiskey Opus -- Whiskey Opus -- 4e7241405dc5,Colin Campbell,distillery,0.55,,,,,,136,CREATE
Whiskey Opus -- Whiskey Opus -- 4e7241405dc5,Newcastle Breweries Ltd,distillery,0.55,,,,,,136,CREATE
Whiskey Opus -- Whiskey Opus -- 4e7241405dc5,Boutique Barrels,expression,0.55,,,,,,137,CREATE
Whiskey Opus -- Whiskey Opus -- 4e7241405dc5,"Restless Peter
Peter",distillery,0.55,,,,,,138,CREATE
Whiskey Opus -- Whiskey Opus -- 4e7241405dc5,For Campbell,expression,0.55,,,islay,,,140,CREATE
Whiskey Opus -- Whiskey Opus -- 4e7241405dc5,Beam Global,distillery,0.55,,,,,,140,CREATE
Whiskey Opus -- Whiskey Opus -- 4e7241405dc5,Allied Distillers,distillery,0.55,,,,quarter,,141,CREATE
Whiskey Opus -- Whiskey Opus -- 4e7241405dc5,"Hebrides. 
 Subsequent",distillery,0.55,,,,,,142,CREATE
Whiskey Opus -- Whiskey Opus -- 4e7241405dc5,Her Majesty,distillery,0.55,,,,,,143,CREATE
Whiskey Opus -- Whiskey Opus -- 4e7241405dc5,Mark Lochhead,distillery,0.55,,,,,,143,CREATE
Whiskey Opus -- Whiskey Opus -- 4e7241405dc5,Outer Hebrides,distillery,0.55,,,,,,146,CREATE
Whiskey Opus -- Whiskey Opus -- 4e7241405dc5,Mark Tayburn,distillery,0.55,,,,,,146,CREATE
Whiskey Opus -- Whiskey Opus -- 4e7241405dc5,"Regional Events
In",expression,0.55,,,,,,148,CREATE
Whiskey Opus -- Whiskey Opus -- 4e7241405dc5,Tennent. However,expression,0.55,,,,,,150,CREATE
Whiskey Opus -- Whiskey Opus -- 4e7241405dc5,Raymond Armstrong,distillery,0.55,,,,,,152,CREATE
Whiskey Opus -- Whiskey Opus -- 4e7241405dc5,"Armstrong. 
 Since",distillery,0.55,,,,,,153,CREATE
Whiskey Opus -- Whiskey Opus -- 4e7241405dc5,British Empire Exhibition,distillery,0.55,,,,,,155,CREATE
Whiskey Opus -- Whiskey Opus -- 4e7241405dc5,Ale Cask Finish,expression,0.55,,,,sherry,,158,CREATE
Whiskey Opus -- Whiskey Opus -- 4e7241405dc5,"Sherry 
Cask Reserve",expression,0.55,,,,sherry,,158,CREATE
Whiskey Opus -- Whiskey Opus -- 4e7241405dc5,Bloch Brothers,distillery,0.55,,,,,,159,CREATE
Whiskey Opus -- Whiskey Opus -- 4e7241405dc5,Amalgamated Distillers Products,distillery,0.55,,,,,,159,CREATE
Whiskey Opus -- Whiskey Opus -- 4e7241405dc5,County Antrim,distillery,0.55,,,,,,164,CREATE
Whiskey Opus -- Whiskey Opus -- 4e7241405dc5,"Ireland.
 Bushmills",expression,0.55,,,,,,164,CREATE
Whiskey Opus -- Whiskey Opus -- 4e7241405dc5,For Cooley,distillery,0.55,,,,,,166,CREATE
Whiskey Opus -- Whiskey Opus -- 4e7241405dc5,Turf Mor,expression,0.55,,,,oak,,170,CREATE
Whiskey Opus -- Whiskey Opus -- 4e7241405dc5,Bog Oak,expression,0.55,,,,oak,,170,CREATE
Whiskey Opus -- Whiskey Opus -- 4e7241405dc5,County Louth,distillery,0.55,,,,,,171,CREATE
Whiskey Opus -- Whiskey Opus -- 4e7241405dc5,Clew Bay,expression,0.55,,,islands,,,171,CREATE
Whiskey Opus -- Whiskey Opus -- 4e7241405dc5,"Inish 
Turk Beg",expression,0.55,,,islands,,,171,CREATE
Whiskey Opus -- Whiskey Opus -- 4e7241405dc5,"Arkansas
Rio Grande",distillery,0.55,,,,,,175,CREATE
Whiskey Opus -- Whiskey Opus -- 4e7241405dc5,Noe. Booker,distillery,0.75,40,,,,,177,CREATE
Whiskey Opus -- Whiskey Opus -- 4e7241405dc5,Ohio River,distillery,0.55,,,,,,178,CREATE
Whiskey Opus -- Whiskey Opus -- 4e7241405dc5,Bourbon Country,distillery,0.55,,,,bourbon,,178,CREATE
Whiskey Opus -- Whiskey Opus -- 4e7241405dc5,"Spanish Mission 
Revival",distillery,0.55,,,,,,180,CREATE
Whiskey Opus -- Whiskey Opus -- 4e7241405dc5,Spanish Colonial,distillery,0.55,,,,,,180,CREATE
Whiskey Opus -- Whiskey Opus -- 4e7241405dc5,"Bill 
Samuels",distillery,0.55,,,,,,186,CREATE
Whiskey Opus -- Whiskey Opus -- 4e7241405dc5,Bob Kunze,distillery,0.55,,,,,,188,CREATE
Whiskey Opus -- Whiskey Opus -- 4e7241405dc5,Stablemate Bourbon,expression,0.75,,45,,bourbon,,189,CREATE
Whiskey Opus -- Whiskey Opus -- 4e7241405dc5,Eddie Russell,expression,0.55,,,,,,189,CREATE
Whiskey Opus -- Whiskey Opus -- 4e7241405dc5,Chris Morris,distillery,0.55,,,,,,190,CREATE
Whiskey Opus -- Whiskey Opus -- 4e7241405dc5,Smith Bowman,distillery,0.55,,,,,,192,CREATE
Whiskey Opus -- Whiskey Opus -- 4e7241405dc5,Rick Wasmund,expression,0.55,,,,,,194,CREATE
Whiskey Opus -- Whiskey Opus -- 4e7241405dc5,But Wasmund,expression,0.55,,,,,,194,CREATE
Whiskey Opus -- Whiskey Opus -- 4e7241405dc5,Washington State,distillery,0.55,,,,,,195,CREATE
Whiskey Opus -- Whiskey Opus -- 4e7241405dc5,Bourbon. Among,expression,0.55,,,,bourbon,,197,CREATE
Whiskey Opus -- Whiskey Opus -- 4e7241405dc5,Both Catdaddy,expression,0.55,,,,,,198,CREATE
Whiskey Opus -- Whiskey Opus -- 4e7241405dc5,Midnight Moon,expression,0.55,,,,,,198,CREATE
Whiskey Opus -- Whiskey Opus -- 4e7241405dc5,Old Rip Van,distillery,0.55,,,,,,199,CREATE
Whiskey Opus -- Whiskey Opus -- 4e7241405dc5,Dead Guy Ale,expression,0.55,,,,,,200,CREATE
Whiskey Opus -- Whiskey Opus -- 4e7241405dc5,Dead Guy,expression,0.55,,,,oak,,200,CREATE
Whiskey Opus -- Whiskey Opus -- 4e7241405dc5,Jess Graber,distillery,0.55,,,,,,201,CREATE
Whiskey Opus -- Whiskey Opus -- 4e7241405dc5,British Columbia,expression,0.55,,,,,,206,CREATE
Whiskey Opus -- Whiskey Opus -- 4e7241405dc5,Beam Inc,distillery,0.55,,,,,,208,CREATE
Whiskey Opus -- Whiskey Opus -- 4e7241405dc5,Rick Murphy,expression,0.55,,,,,,208,CREATE
Whiskey Opus -- Whiskey Opus -- 4e7241405dc5,"Windsor
Walker",expression,0.55,,,,,,212,CREATE
Whiskey Opus -- Whiskey Opus -- 4e7241405dc5,The Prohibition Act,distillery,0.55,,,,,,213,CREATE
Whiskey Opus -- Whiskey Opus -- 4e7241405dc5,Lewis Rosensteil,distillery,0.55,,,,,,213,CREATE
Whiskey Opus -- Whiskey Opus -- 4e7241405dc5,When Hall,distillery,0.55,,,,sherry,,215,CREATE
Whiskey Opus -- Whiskey Opus -- 4e7241405dc5,Nova Scotia,distillery,0.55,,,,,,216,CREATE
Whiskey Opus -- Whiskey Opus -- 4e7241405dc5,"Kimm 
Evans",expression,0.55,,,,,,217,CREATE
Whiskey Opus -- Whiskey Opus -- 4e7241405dc5,"Japan.
Regional",expression,0.55,,,,,,220,CREATE
Whiskey Opus -- Whiskey Opus -- 4e7241405dc5,"Japan
Kobe
Kyoto",distillery,0.55,,,,,,221,CREATE
Whiskey Opus -- Whiskey Opus -- 4e7241405dc5,Mizunara Wood Reserve,expression,0.55,,,,,,222,CREATE
Whiskey Opus -- Whiskey Opus -- 4e7241405dc5,Best Blend,expression,0.55,,,,,,227,CREATE
Whiskey Opus -- Whiskey Opus -- 4e7241405dc5,Dainipponkaju Company Ltd,expression,0.55,,,,,,228,CREATE
Whiskey Opus -- Whiskey Opus -- 4e7241405dc5,"Regional Styles 
There",expression,0.55,,,,,,234,CREATE
Whiskey Opus -- Whiskey Opus -- 4e7241405dc5,Den Haag,expression,0.55,,,,,,234,CREATE
Whiskey Opus -- Whiskey Opus -- 4e7241405dc5,"Viking 
Whisky Festival",expression,0.55,,,,,,234,CREATE
Whiskey Opus -- Whiskey Opus -- 4e7241405dc5,"Wambrechies
The Belgian",expression,0.55,,,,,,235,CREATE
Whiskey Opus -- Whiskey Opus -- 4e7241405dc5,"Owl
Het Anker",expression,0.55,,,,,,235,CREATE
Whiskey Opus -- Whiskey Opus -- 4e7241405dc5,"Cyder Farm
The",distillery,0.55,,,,,,235,CREATE
Whiskey Opus -- Whiskey Opus -- 4e7241405dc5,Thet River,distillery,0.55,,,,,,238,CREATE
Whiskey Opus -- Whiskey Opus -- 4e7241405dc5,Given Iain Henderson,distillery,0.55,,,,,,239,CREATE
Whiskey Opus -- Whiskey Opus -- 4e7241405dc5,Brains Brewery,distillery,0.55,,,,,,240,CREATE
Whiskey Opus -- Whiskey Opus -- 4e7241405dc5,Faraday Still,distillery,0.55,,,,,,240,CREATE
Whiskey Opus -- Whiskey Opus -- 4e7241405dc5,Jean Donnay,expression,0.55,,,,,,244,CREATE
Whiskey Opus -- Whiskey Opus -- 4e7241405dc5,When Jean Donnay,distillery,0.55,,,,,,245,CREATE
Whiskey Opus -- Whiskey Opus -- 4e7241405dc5,"Bavaria.  
 His",distillery,0.55,,,,,,250,CREATE
Whiskey Opus -- Whiskey Opus -- 4e7241405dc5,"Racke 
Rauchzart",expression,0.55,,,,,,250,CREATE
Whiskey Opus -- Whiskey Opus -- 4e7241405dc5,Andreas Bosch,distillery,0.55,,,,,,251,CREATE
Whiskey Opus -- Whiskey Opus -- 4e7241405dc5,Raritas Diaboli,expression,0.55,,,,,,253,CREATE
Whiskey Opus -- Whiskey Opus -- 4e7241405dc5,Hans Kemenater,expression,0.55,,,,,,253,CREATE
Whiskey Opus -- Whiskey Opus -- 4e7241405dc5,Julia Reisetbauer,expression,0.55,,,,,,254,CREATE
Whiskey Opus -- Whiskey Opus -- 4e7241405dc5,Monika Haider,expression,0.55,,,,,,255,CREATE
Whiskey Opus -- Whiskey Opus -- 4e7241405dc5,"Pinot 
Noir",expression,0.55,,,,,,259,CREATE
Whiskey Opus -- Whiskey Opus -- 4e7241405dc5,Fading Hill,expression,0.55,,,,,,260,CREATE
Whiskey Opus -- Whiskey Opus -- 4e7241405dc5,Unique Distillery Edition,distillery,0.75,,45.9,,sherry,,260,CREATE
Whiskey Opus -- Whiskey Opus -- 4e7241405dc5,Bavarian Forest,distillery,0.55,,,,,,260,CREATE
Whiskey Opus -- Whiskey Opus -- 4e7241405dc5,Frysk Hynder,expression,0.55,,,,,,261,CREATE
Whiskey Opus -- Whiskey Opus -- 4e7241405dc5,Friesian Horse,expression,0.55,,,,,,261,CREATE
Whiskey Opus -- Whiskey Opus -- 4e7241405dc5,Sherry Matured,expression,0.75,,43,,port,,261,CREATE
Whiskey Opus -- Whiskey Opus -- 4e7241405dc5,"Mediterranean. 
Aureum",expression,0.75,,43,,,,261,CREATE
Whiskey Opus -- Whiskey Opus -- 4e7241405dc5,"Regional Styles
Despite",expression,0.55,,,,,,264,CREATE
Whiskey Opus -- Whiskey Opus -- 4e7241405dc5,Davey Street,distillery,0.55,,,,,,268,CREATE
Whiskey Opus -- Whiskey Opus -- 4e7241405dc5,Bill Lark,distillery,0.55,,,,,,270,CREATE
Whiskey Opus -- Whiskey Opus -- 4e7241405dc5,Whisky Tasmania Pty,expression,0.55,,,,,,273,CREATE
Whiskey Opus -- Whiskey Opus -- 4e7241405dc5,Betta Milk,distillery,0.55,,,,,,273,CREATE
Whiskey Opus -- Whiskey Opus -- 4e7241405dc5,Pinot Noir Finish,expression,0.55,,,,,,273,CREATE
Whiskey Opus -- Whiskey Opus -- 4e7241405dc5,The Batt Family,expression,0.55,,,,port,,274,CREATE
Whiskey Opus -- Whiskey Opus -- 4e7241405dc5,Casey Overeem,expression,0.55,,,,sherry,,275,CREATE
Whiskey Opus -- Whiskey Opus -- 4e7241405dc5,"Tasman
Sea",expression,0.55,,,,,,278,CREATE
Whiskey Opus -- Whiskey Opus -- 4e7241405dc5,All Blacks,expression,0.55,,,,,,278,CREATE
Whiskey Opus -- Whiskey Opus -- 4e7241405dc5,Harbour Street,expression,0.55,,,,,,278,CREATE
Whiskey Opus -- Whiskey Opus -- 4e7241405dc5,Newcastle University,expression,0.55,,,,,,282,CREATE
Whiskey Opus -- Whiskey Opus -- 4e7241405dc5,"Riki Rao 
Jagdale",distillery,0.55,,,,,,282,CREATE
Whiskey Opus -- Whiskey Opus -- 4e7241405dc5,Ashok Chokalingam,distillery,0.55,,,,,,282,CREATE
Whiskey Opus -- Whiskey Opus -- 4e7241405dc5,"Chennai
Goa
Hyderabad",distillery,0.55,,,,,,282,CREATE
Whiskey Opus -- Whiskey Opus -- 4e7241405dc5,"Mumbai
Kolkata",distillery,0.55,,,,,,282,CREATE
Whiskey Opus -- Whiskey Opus -- 4e7241405dc5,Selected Indian Malts,expression,0.55,,,,,,284,CREATE
Whiskey Opus -- Whiskey Opus -- 4e7241405dc5,"Karachi
Lahore
Murree",distillery,0.55,,,,,,285,CREATE
Whiskey Opus -- Whiskey Opus -- 4e7241405dc5,Where Japan,distillery,0.55,,,,,,286,CREATE
Whiskey Opus -- Whiskey Opus -- 4e7241405dc5,Yuanshan Road,expression,0.55,,,,,,286,CREATE
Whiskey Opus -- Whiskey Opus -- 4e7241405dc5,"Taichung
Taiwan  Strait",distillery,0.55,,,,,,286,CREATE
Whiskey Opus -- Whiskey Opus -- 4e7241405dc5,Dumping Emptying,expression,0.55,,,,,,288,CREATE
Whiskey Opus -- Whiskey Opus -- 4e7241405dc5,Grist Ground,expression,0.55,,,,,,288,CREATE
Whiskey Opus -- Whiskey Opus -- 4e7241405dc5,Peating Adding,expression,0.55,,,,,,289,CREATE
Whiskey Opus -- Whiskey Opus -- 4e7241405dc5,Aged Oak Edition,expression,0.55,,,,oak,,290,CREATE
Whiskey Opus -- Whiskey Opus -- 4e7241405dc5,Aged Over,expression,0.75,30,,,oak,,290,CREATE
Whiskey Opus -- Whiskey Opus -- 4e7241405dc5,Alexander Grigor,expression,0.55,,,,,,290,CREATE
Whiskey Opus -- Whiskey Opus -- 4e7241405dc5,Bacardi Ltd,expression,0.55,,,,bourbon,,290,CREATE
Whiskey Opus -- Whiskey Opus -- 4e7241405dc5,Birthday Bourbon,expression,0.55,,,,bourbon,,290,CREATE
Whiskey Opus -- Whiskey Opus -- 4e7241405dc5,"Smith Bowman
Bowman",distillery,0.55,,,,bourbon,,290,CREATE
Whiskey Opus -- Whiskey Opus -- 4e7241405dc5,"Gruppo Campari
Campbell",distillery,0.55,,,,,,291,CREATE
Whiskey Opus -- Whiskey Opus -- 4e7241405dc5,Carolina Moonshine,expression,0.55,,,,,,291,CREATE
Whiskey Opus -- Whiskey Opus -- 4e7241405dc5,Cask Strength Belgian,expression,0.55,,,,,,291,CREATE
Whiskey Opus -- Whiskey Opus -- 4e7241405dc5,Cask Strength Port,expression,0.55,,,,port,,291,CREATE
Whiskey Opus -- Whiskey Opus -- 4e7241405dc5,Cask Strength Sherry,expression,0.55,,,,port,,291,CREATE
Whiskey Opus -- Whiskey Opus -- 4e7241405dc5,Catdaddy Carolina Moonshine,expression,0.55,,,,sherry,,291,CREATE
Whiskey Opus -- Whiskey Opus -- 4e7241405dc5,Cellar Collection,expression,0.55,,,,,,291,CREATE
Whiskey Opus -- Whiskey Opus -- 4e7241405dc5,Cisco Brewers,expression,0.55,,,,,,291,CREATE
Whiskey Opus -- Whiskey Opus -- 4e7241405dc5,Concertmaster Port Cask,expression,0.55,,,,port,,291,CREATE
Whiskey Opus -- Whiskey Opus -- 4e7241405dc5,Confederation Oak,expression,0.55,,,,port,,291,CREATE
Whiskey Opus -- Whiskey Opus -- 4e7241405dc5,Dew Peated New,expression,0.55,,,,,,291,CREATE
Whiskey Opus -- Whiskey Opus -- 4e7241405dc5,Haig Gold Label,expression,0.55,,,,,,292,CREATE
Whiskey Opus -- Whiskey Opus -- 4e7241405dc5,Double Distilleries,distillery,0.55,,,,,,292,CREATE
Whiskey Opus -- Whiskey Opus -- 4e7241405dc5,Double Wood,expression,0.55,,,,,,292,CREATE
Whiskey Opus -- Whiskey Opus -- 4e7241405dc5,Edition Dreifaltigkeit,expression,0.55,,,,,,292,CREATE
Whiskey Opus -- Whiskey Opus -- 4e7241405dc5,Edition Sigel,expression,0.55,,,,,,292,CREATE
Whiskey Opus -- Whiskey Opus -- 4e7241405dc5,French Oak Port,expression,0.55,,,,oak,,292,CREATE
Whiskey Opus -- Whiskey Opus -- 4e7241405dc5,Smith Ltd,expression,0.55,,,,,,292,CREATE
Whiskey Opus -- Whiskey Opus -- 4e7241405dc5,Captain Charles,distillery,0.55,,,,,,293,CREATE
Whiskey Opus -- Whiskey Opus -- 4e7241405dc5,Harvey Distillers,distillery,0.55,,,,,,293,CREATE
Whiskey Opus -- Whiskey Opus -- 4e7241405dc5,Het Anker,expression,0.55,,,,,,293,CREATE
Whiskey Opus -- Whiskey Opus -- 4e7241405dc5,The Laddie Ten,distillery,0.55,,,,,,294,CREATE
Whiskey Opus -- Whiskey Opus -- 4e7241405dc5,Limited Edition Single,expression,0.55,,,,bourbon,,294,CREATE
Whiskey Opus -- Whiskey Opus -- 4e7241405dc5,Naked Grouse,expression,0.55,,,,,,295,CREATE
Whiskey Opus -- Whiskey Opus -- 4e7241405dc5,Newborn Bourbon Barrel,expression,0.55,,,,bourbon,,295,CREATE
Whiskey Opus -- Whiskey Opus -- 4e7241405dc5,Original Rye,expression,0.55,,,,,,295,CREATE
Whiskey Opus -- Whiskey Opus -- 4e7241405dc5,Peated Cask Strength,expression,0.55,,,,,,295,CREATE
Whiskey Opus -- Whiskey Opus -- 4e7241405dc5,Pioneer Spirit,expression,0.55,,,,,,295,CREATE
Whiskey Opus -- Whiskey Opus -- 4e7241405dc5,Pot Still Reserve,expression,0.55,,,,,,295,CREATE
Whiskey Opus -- Whiskey Opus -- 4e7241405dc5,Sir William,expression,0.55,,,,,,295,CREATE
Whiskey Opus -- Whiskey Opus -- 4e7241405dc5,Quinta Ruban,expression,0.55,,,,quarter,,295,CREATE
Whiskey Opus -- Whiskey Opus -- 4e7241405dc5,Moment Medvind,expression,0.55,,,,,,295,CREATE
Whiskey Opus -- Whiskey Opus -- 4e7241405dc5,Sir Alexander,expression,0.55,,,,,,296,CREATE
Whiskey Opus -- Whiskey Opus -- 4e7241405dc5,Select Reserve,distillery,0.55,,,,,,296,CREATE
Whiskey Opus -- Whiskey Opus -- 4e7241405dc5,Select Reserve Black,expression,0.55,,,,,,296,CREATE
Whiskey Opus -- Whiskey Opus -- 4e7241405dc5,Sherry Cask Finish,expression,0.55,,,,sherry,,296,CREATE
Whiskey Opus -- Whiskey Opus -- 4e7241405dc5,Snow Grouse,expression,0.55,,,,,,296,CREATE
Whiskey Opus -- Whiskey Opus -- 4e7241405dc5,The Teapot Dram,expression,0.55,,,,,,297,CREATE
Whiskey Opus -- Whiskey Opus -- 4e7241405dc5,United Breweries Group,distillery,0.55,,,,,,297,CREATE
Whiskey Opus -- Whiskey Opus -- 4e7241405dc5,Vintage Gold,expression,0.55,,,,,,297,CREATE
Whiskey Opus -- Whiskey Opus -- 4e7241405dc5,Inebriating Liquors,expression,0.55,,,,,,297,CREATE
Whiskey Opus -- Whiskey Opus -- 4e7241405dc5,Wee Witchie,expression,0.55,,,,,,298,CREATE
Whiskey Opus -- Whiskey Opus -- 4e7241405dc5,Family Reserve Rye,distillery,0.55,,,,,,299,CREATE
Whiskey Opus -- Whiskey Opus -- 4e7241405dc5,"Dutch  
 Rye",expression,0.55,,,,,,299,CREATE
Whiskey Opus -- Whiskey Opus -- 4e7241405dc5,Gelber Fels,expression,0.55,,,,,,300,CREATE
Whiskey Opus -- Whiskey Opus -- 4e7241405dc5,"Etienne 
Bouillon",distillery,0.55,,,,,,301,CREATE
Whiskey Opus -- Whiskey Opus -- 4e7241405dc5,Rachael Thomson,distillery,0.55,,,,,,301,CREATE
Whiskey Opus -- Whiskey Opus -- 4e7241405dc5,Nadim Sadek,expression,0.55,,,,,,301,CREATE
Whiskey Opus -- Whiskey Opus -- 4e7241405dc5,"Discovering 
Scotland",expression,0.55,,,,,,302,CREATE
Whiskey Opus -- Whiskey Opus -- 4e7241405dc5,Taste Before You,expression,0.55,,,,,,302,CREATE
Whiskey Opus -- Whiskey Opus -- 4e7241405dc5,Malt Maniacs Awards,expression,0.55,,,,,,302,CREATE
Whiskey Opus -- Whiskey Opus -- 4e7241405dc5,Graham Eunson,distillery,0.55,,,,,gordon,302,CREATE
Whiskey Opus -- Whiskey Opus -- 4e7241405dc5,Kay Fleming,distillery,0.55,,,,,macphail,302,CREATE
Whiskey Opus -- Whiskey Opus -- 4e7241405dc5,Mark Reynier,distillery,0.55,,,,,,302,CREATE
Whiskey Opus -- Whiskey Opus -- 4e7241405dc5,Pat Roberts,distillery,0.55,,,,,,302,CREATE
Whiskey Opus -- Whiskey Opus -- 4e7241405dc5,Cognis Public Relations,distillery,0.55,,,,,,302,CREATE
Whiskey Opus -- Whiskey Opus -- 4e7241405dc5,Caitriona Roy,distillery,0.55,,,,,,302,CREATE
Whiskey Opus -- Whiskey Opus -- 4e7241405dc5,Mike Tough,distillery,0.55,,,,,,302,CREATE
Whiskey Opus -- Whiskey Opus -- 4e7241405dc5,Anthony Wills,distillery,0.55,,,,,,302,CREATE
Whiskey Opus -- Whiskey Opus -- 4e7241405dc5,Alan Winchester,distillery,0.55,,,,,,302,CREATE
Whiskey Opus -- Whiskey Opus -- 4e7241405dc5,Designers Mandy Earey,expression,0.55,,,,,,302,CREATE
Whiskey Opus -- Whiskey Opus -- 4e7241405dc5,"Anne Fisher
Proofreader",expression,0.55,,,,,,302,CREATE
Whiskey Opus -- Whiskey Opus -- 4e7241405dc5,"Susan Bosanko
Original",expression,0.55,,,,,,302,CREATE
Whiskey Opus -- Whiskey Opus -- 4e7241405dc5,Photography Peter Anderson,expression,0.55,,,,,,302,CREATE
Whisky Advocate - Wol_ 32 No_ 04 [Winter 202,Does It Again,expression,0.55,,,,,,12,CREATE
Whisky Advocate - Wol_ 32 No_ 04 [Winter 202,Lighter Dram,expression,0.55,,,,,,12,CREATE
Whisky Advocate - Wol_ 32 No_ 04 [Winter 202,"Buying Guide
Reviewsofthelatestwhiskyreleases",expression,0.55,,,,,,12,CREATE
Whisky Advocate - Wol_ 32 No_ 04 [Winter 202,Our Top,expression,0.55,,,,,,15,CREATE
Whisky Advocate - Wol_ 32 No_ 04 [Winter 202,"Remember
Marvin",expression,0.55,,,,,,15,CREATE
Whisky Advocate - Wol_ 32 No_ 04 [Winter 202,"Shanken
Editor",expression,0.55,,,,,,15,CREATE
Whisky Advocate - Wol_ 32 No_ 04 [Winter 202,Your Pre,expression,0.55,,,,,,17,CREATE
Whisky Advocate - Wol_ 32 No_ 04 [Winter 202,"Flight 
Checklist",expression,0.55,,,,,,17,CREATE
Whisky Advocate - Wol_ 32 No_ 04 [Winter 202,"Wine 
Spectator",expression,0.55,,,,wine,,17,CREATE
Whisky Advocate - Wol_ 32 No_ 04 [Winter 202,Shanken Communications,expression,0.55,,,,,,18,CREATE
Whisky Advocate - Wol_ 32 No_ 04 [Winter 202,Creative Director John,expression,0.55,,,,,,18,CREATE
Whisky Advocate - Wol_ 32 No_ 04 [Winter 202,Events Joan,expression,0.55,,,,,,18,CREATE
Whisky Advocate - Wol_ 32 No_ 04 [Winter 202,Events Laurie Bowers,expression,0.55,,,,,,18,CREATE
Whisky Advocate - Wol_ 32 No_ 04 [Winter 202,Contributing Editor Jonny,expression,0.55,,,,,,18,CREATE
Whisky Advocate - Wol_ 32 No_ 04 [Winter 202,Jota Tanaka,expression,0.55,,,,,,20,CREATE
Whisky Advocate - Wol_ 32 No_ 04 [Winter 202,"Ron 
Kaulen",expression,0.75,10,,,,,20,CREATE
Whisky Advocate - Wol_ 32 No_ 04 [Winter 202,Volker Huber,expression,0.55,,,,,,21,CREATE
Whisky Advocate - Wol_ 32 No_ 04 [Winter 202,Mizunara Cask Finish,expression,0.75,15,,,,,21,CREATE
Whisky Advocate - Wol_ 32 No_ 04 [Winter 202,Andrew Miller,expression,0.55,,,,,,22,CREATE
Whisky Advocate - Wol_ 32 No_ 04 [Winter 202,Macy Reserve,expression,0.75,10,,,,,22,CREATE
Whisky Advocate - Wol_ 32 No_ 04 [Winter 202,Cataleja. Another,distillery,0.55,,,,,,22,CREATE
Whisky Advocate - Wol_ 32 No_ 04 [Winter 202,"Julia Higgins
Maker",expression,0.55,,,,,,22,CREATE
Whisky Advocate - Wol_ 32 No_ 04 [Winter 202,"Emerald 
Society",bottler,0.55,,,,,society,22,CREATE
Whisky Advocate - Wol_ 32 No_ 04 [Winter 202,Best Bars,expression,0.55,,,,,,27,CREATE
Whisky Advocate - Wol_ 32 No_ 04 [Winter 202,Super Bowl Game,expression,0.55,,,,,,27,CREATE
Whisky Advocate - Wol_ 32 No_ 04 [Winter 202,"Whisky Lovers
Australia",expression,0.55,,,,,,28,CREATE
Whisky Advocate - Wol_ 32 No_ 04 [Winter 202,"The Doss 
House",expression,0.55,,,,,,29,CREATE
Whisky Advocate - Wol_ 32 No_ 04 [Winter 202,Sir Stamford,expression,0.55,,,,,,29,CREATE
Whisky Advocate - Wol_ 32 No_ 04 [Winter 202,Circular Quay Hotel,expression,0.55,,,,,,29,CREATE
Whisky Advocate - Wol_ 32 No_ 04 [Winter 202,Circular Quay,expression,0.55,,,,,,33,CREATE
Whisky Advocate - Wol_ 32 No_ 04 [Winter 202,Surry Hills,expression,0.55,,,,,,33,CREATE
Whisky Advocate - Wol_ 32 No_ 04 [Winter 202,Whisky Cosmopolitan Centre,expression,0.55,,,,,,33,CREATE
Whisky Advocate - Wol_ 32 No_ 04 [Winter 202,Double Bay,expression,0.55,,,,,,33,CREATE
Whisky Advocate - Wol_ 32 No_ 04 [Winter 202,Mark Olive Western,expression,0.55,,,,,,33,CREATE
Whisky Advocate - Wol_ 32 No_ 04 [Winter 202,Vermouth Routin Blanc,expression,0.55,,,,,,36,CREATE
Whisky Advocate - Wol_ 32 No_ 04 [Winter 202,Pierre Ferrand,expression,0.55,,,,,,36,CREATE
Whisky Advocate - Wol_ 32 No_ 04 [Winter 202,Gingerbread Sour,expression,0.55,,,,,,37,CREATE
Whisky Advocate - Wol_ 32 No_ 04 [Winter 202,"Sally Kral
The",expression,0.55,,,,bourbon,,41,CREATE
Whisky Advocate - Wol_ 32 No_ 04 [Winter 202,Super Bowl Sunday,expression,0.55,,,,,,48,CREATE
Whisky Advocate - Wol_ 32 No_ 04 [Winter 202,"Blistered Shishito 
Peppers",expression,0.55,,,,,,48,CREATE
Whisky Advocate - Wol_ 32 No_ 04 [Winter 202,"Rye
Generously",expression,0.75,12,,,port,,48,CREATE
Whisky Advocate - Wol_ 32 No_ 04 [Winter 202,Super Bowl,expression,0.55,,,,,,48,CREATE
Whisky Advocate - Wol_ 32 No_ 04 [Winter 202,Vat Versus Pyramid,expression,0.55,,,,,,53,CREATE
Whisky Advocate - Wol_ 32 No_ 04 [Winter 202,Dave Pickerell,distillery,0.55,,,,,,53,CREATE
Whisky Advocate - Wol_ 32 No_ 04 [Winter 202,"Our Solera 
Scotch",expression,0.75,15,40,,sherry,,53,CREATE
Whisky Advocate - Wol_ 32 No_ 04 [Winter 202,Finished Rye,expression,0.75,,47.5,,,,53,CREATE
Whisky Advocate - Wol_ 32 No_ 04 [Winter 202,"Aged 
Bourbon",expression,0.75,,46.3,,bourbon,,53,CREATE
Whisky Advocate - Wol_ 32 No_ 04 [Winter 202,Solera Aged Whiskies,expression,0.75,,43,,,,53,CREATE
Whisky Advocate - Wol_ 32 No_ 04 [Winter 202,Silas Creative Kitchen,expression,0.55,,,,,,54,CREATE
Whisky Advocate - Wol_ 32 No_ 04 [Winter 202,Any New,expression,0.55,,,,,,55,CREATE
Whisky Advocate - Wol_ 32 No_ 04 [Winter 202,Picking The Winners,expression,0.55,,,,,,57,CREATE
Whisky Advocate - Wol_ 32 No_ 04 [Winter 202,Walker Blue Label,expression,0.55,,,,,,57,CREATE
Whisky Advocate - Wol_ 32 No_ 04 [Winter 202,Raj Bhakta,expression,0.55,,,,,,57,CREATE
Whisky Advocate - Wol_ 32 No_ 04 [Winter 202,When Nikka,expression,0.55,,,,,,57,CREATE
Whisky Advocate - Wol_ 32 No_ 04 [Winter 202,"Sir Peter 
Blake",distillery,0.55,,,,,,57,CREATE
Whisky Advocate - Wol_ 32 No_ 04 [Winter 202,"Rare
Adding Brora",expression,0.55,,,,,,57,CREATE
Whisky Advocate - Wol_ 32 No_ 04 [Winter 202,"Edition
Prices",expression,0.55,,,,,,57,CREATE
Whisky Advocate - Wol_ 32 No_ 04 [Winter 202,"The 
Boss Hog",expression,0.55,,,,,,57,CREATE
Whisky Advocate - Wol_ 32 No_ 04 [Winter 202,Ian Hunter,bottler,0.75,33,,,,hunter,60,CREATE
Whisky Advocate - Wol_ 32 No_ 04 [Winter 202,Night In New,bottler,0.55,,,,,society,60,CREATE
Whisky Advocate - Wol_ 32 No_ 04 [Winter 202,Brian Cox,expression,0.55,,,,,,61,CREATE
Whisky Advocate - Wol_ 32 No_ 04 [Winter 202,"Mingling
Dewar",expression,0.75,12,,,,,62,CREATE
Whisky Advocate - Wol_ 32 No_ 04 [Winter 202,Rob Roy,expression,0.75,12,,,,,62,CREATE
Whisky Advocate - Wol_ 32 No_ 04 [Winter 202,Double Double,expression,0.75,25,,,,,62,CREATE
Whisky Advocate - Wol_ 32 No_ 04 [Winter 202,"Edition
Glenmorangie",expression,0.75,29,,,,,62,CREATE
Whisky Advocate - Wol_ 32 No_ 04 [Winter 202,Claudia Schubert,expression,0.55,,,,,,63,CREATE
Whisky Advocate - Wol_ 32 No_ 04 [Winter 202,Jonathan Yusen,expression,0.55,,,,,,63,CREATE
Whisky Advocate - Wol_ 32 No_ 04 [Winter 202,Corey Bronstein,expression,0.55,,,,,,63,CREATE
Whisky Advocate - Wol_ 32 No_ 04 [Winter 202,Allied Beverage Group,expression,0.55,,,,,,63,CREATE
Whisky Advocate - Wol_ 32 No_ 04 [Winter 202,Midwest Grain Products,distillery,0.55,,,,,,65,CREATE
Whisky Advocate - Wol_ 32 No_ 04 [Winter 202,Pour Decisions,expression,0.55,,,,,,66,CREATE
Whisky Advocate - Wol_ 32 No_ 04 [Winter 202,"Year. 
Glenglassaugh",distillery,0.55,,,,,,73,CREATE
Whisky Advocate - Wol_ 32 No_ 04 [Winter 202,Freddie Noe,expression,0.55,,,,,,74,CREATE
Whisky Advocate - Wol_ 32 No_ 04 [Winter 202,"Mark 
Cellar Aged",expression,0.75,,85,,,,75,CREATE
Whisky Advocate - Wol_ 32 No_ 04 [Winter 202,Mizunara Oak,expression,0.75,21,46,,oak,,75,CREATE
Whisky Advocate - Wol_ 32 No_ 04 [Winter 202,Stephanie Macleod,expression,0.75,,46,,,,75,CREATE
Whisky Advocate - Wol_ 32 No_ 04 [Winter 202,Appleton Estate,expression,0.55,,,,,,75,CREATE
Whisky Advocate - Wol_ 32 No_ 04 [Winter 202,"Joy 
Spence",expression,0.55,,,,,,75,CREATE
Whisky Advocate - Wol_ 32 No_ 04 [Winter 202,Rum Finished,expression,0.75,,53.5,,bourbon,,76,CREATE
Whisky Advocate - Wol_ 32 No_ 04 [Winter 202,Shane English,expression,0.75,,58.2,,oak,,76,CREATE
Whisky Advocate - Wol_ 32 No_ 04 [Winter 202,"Julia Higgins
Barrell",expression,0.75,6,,,,,78,CREATE
Whisky Advocate - Wol_ 32 No_ 04 [Winter 202,The Tasting Panel,expression,0.75,25,,,,,78,CREATE
Whisky Advocate - Wol_ 32 No_ 04 [Winter 202,Julia Higgins,expression,0.55,,,,,,78,CREATE
Whisky Advocate - Wol_ 32 No_ 04 [Winter 202,"Shanken News 
Daily",expression,0.55,,,,,,78,CREATE
Whisky Advocate - Wol_ 32 No_ 04 [Winter 202,"Brian 
Kinsman",expression,0.75,12,,,,,79,CREATE
Whisky Advocate - Wol_ 32 No_ 04 [Winter 202,Wine Geese Series,expression,0.55,,,,wine,,79,CREATE
Whisky Advocate - Wol_ 32 No_ 04 [Winter 202,"British 
Columbia",expression,0.55,,,,,,79,CREATE
Whisky Advocate - Wol_ 32 No_ 04 [Winter 202,"Cask Type
Choose",expression,0.55,,,,,,84,CREATE
Whisky Advocate - Wol_ 32 No_ 04 [Winter 202,What You Might,expression,0.55,,,,,,84,CREATE
Whisky Advocate - Wol_ 32 No_ 04 [Winter 202,"Time Wisely
You",expression,0.55,,,,,,84,CREATE
Whisky Advocate - Wol_ 32 No_ 04 [Winter 202,How To Become,distillery,0.55,,,,,,84,CREATE
Whisky Advocate - Wol_ 32 No_ 04 [Winter 202,"The 
Diageo Casks",expression,0.55,,,,,,85,CREATE
Whisky Advocate - Wol_ 32 No_ 04 [Winter 202,Initial Cask Purchase,expression,0.75,10,,,bourbon,,85,CREATE
Whisky Advocate - Wol_ 32 No_ 04 [Winter 202,Main Street,expression,0.55,,,,,,87,CREATE
Whisky Advocate - Wol_ 32 No_ 04 [Winter 202,Sun Valley,distillery,0.55,,,,,,87,CREATE
Whisky Advocate - Wol_ 32 No_ 04 [Winter 202,Blending Lab,expression,0.55,,,,,,88,CREATE
Whisky Advocate - Wol_ 32 No_ 04 [Winter 202,Founder Alex Buck,expression,0.55,,,,,,91,CREATE
Whisky Advocate - Wol_ 32 No_ 04 [Winter 202,Jackson Hole Mountain,distillery,0.55,,,,,,92,CREATE
Whisky Advocate - Wol_ 32 No_ 04 [Winter 202,The Dogwood Cocktail,expression,0.55,,,,,,92,CREATE
Whisky Advocate - Wol_ 32 No_ 04 [Winter 202,"Ski Resorts
Beaver",expression,0.55,,,,,,93,CREATE
Whisky Advocate - Wol_ 32 No_ 04 [Winter 202,"Restaurants
Breckenridge Distillery",distillery,0.55,,,,,,93,CREATE
Whisky Advocate - Wol_ 32 No_ 04 [Winter 202,Tasting Room,distillery,0.55,,,,,,93,CREATE
Whisky Advocate - Wol_ 32 No_ 04 [Winter 202,Crater Lakes Spirits,distillery,0.55,,,,,,93,CREATE
Whisky Advocate - Wol_ 32 No_ 04 [Winter 202,Rover Park Place,distillery,0.55,,,,,,93,CREATE
Whisky Advocate - Wol_ 32 No_ 04 [Winter 202,Sasquatch Sighting,expression,0.55,,,,,,94,CREATE
Whisky Advocate - Wol_ 32 No_ 04 [Winter 202,Courage Roasted Turkey,distillery,0.55,,,,,,97,CREATE
Whisky Advocate - Wol_ 32 No_ 04 [Winter 202,Tamworth Distilling,distillery,0.55,,,,,,97,CREATE
Whisky Advocate - Wol_ 32 No_ 04 [Winter 202,Chop House,expression,0.55,,,,,,98,CREATE
Whisky Advocate - Wol_ 32 No_ 04 [Winter 202,"National 
Park",distillery,0.55,,,,,,98,CREATE
Whisky Advocate - Wol_ 32 No_ 04 [Winter 202,"But 
Park",expression,0.55,,,,,,98,CREATE
Whisky Advocate - Wol_ 32 No_ 04 [Winter 202,Pine Creek,expression,0.75,20,,,,,98,CREATE
Whisky Advocate - Wol_ 32 No_ 04 [Winter 202,"Ski Resorts
Banff",expression,0.55,,,,,,99,CREATE
Whisky Advocate - Wol_ 32 No_ 04 [Winter 202,"Hotels
Chateau Lake",distillery,0.55,,,,,,99,CREATE
Whisky Advocate - Wol_ 32 No_ 04 [Winter 202,"Reifel Family
The",expression,0.55,,,,,,102,CREATE
Whisky Advocate - Wol_ 32 No_ 04 [Winter 202,Vancouver. For,distillery,0.55,,,,,,102,CREATE
Whisky Advocate - Wol_ 32 No_ 04 [Winter 202,Rum Row,expression,0.55,,,,,,102,CREATE
Whisky Advocate - Wol_ 32 No_ 04 [Winter 202,Reifel Rye,expression,0.75,,42,,,,102,CREATE
Whisky Advocate - Wol_ 32 No_ 04 [Winter 202,"Reifel. 
Exclusively",expression,0.75,,90,,bourbon,,102,CREATE
Whisky Advocate - Wol_ 32 No_ 04 [Winter 202,For Canadian,expression,0.55,,,,,,103,CREATE
Whisky Advocate - Wol_ 32 No_ 04 [Winter 202,Tobacco Tax,expression,0.55,,,,,,105,CREATE
Whisky Advocate - Wol_ 32 No_ 04 [Winter 202,Trade Bureau,expression,0.55,,,,,,105,CREATE
Whisky Advocate - Wol_ 32 No_ 04 [Winter 202,Bespoke Gin,distillery,0.55,,,,,,105,CREATE
Whisky Advocate - Wol_ 32 No_ 04 [Winter 202,"Jalisco. 
Its",expression,0.55,,,,,,106,CREATE
Whisky Advocate - Wol_ 32 No_ 04 [Winter 202,Superbird Blanco,expression,0.75,,40,,,,106,CREATE
Whisky Advocate - Wol_ 32 No_ 04 [Winter 202,Bacardi Reserva Ocho,expression,0.55,,,,,,106,CREATE
Whisky Advocate - Wol_ 32 No_ 04 [Winter 202,Sevillian Orange Cask,expression,0.55,,,,,,106,CREATE
Whisky Advocate - Wol_ 32 No_ 04 [Winter 202,Finished Rum,expression,0.55,,,,,,106,CREATE
Whisky Advocate - Wol_ 32 No_ 04 [Winter 202,Tip Top Proper,expression,0.55,,,,,,107,CREATE
Whisky Advocate - Wol_ 32 No_ 04 [Winter 202,"Jamaica. 
All",expression,0.55,,,,,,107,CREATE
Whisky Advocate - Wol_ 32 No_ 04 [Winter 202,"Midnight Moon 
Moonshakes",expression,0.55,,,,wine,,107,CREATE
Whisky Advocate - Wol_ 32 No_ 04 [Winter 202,Holiday Nog,expression,0.75,,17,,,,107,CREATE
Whisky Advocate - Wol_ 32 No_ 04 [Winter 202,Alma Finca Orange,expression,0.75,,17,,,,107,CREATE
Whisky Advocate - Wol_ 32 No_ 04 [Winter 202,Fundador Sherry Cask,expression,0.55,,,,sherry,,107,CREATE
Whisky Advocate - Wol_ 32 No_ 04 [Winter 202,Edition Small Batch,expression,0.55,,,,,,109,CREATE
Whisky Advocate - Wol_ 32 No_ 04 [Winter 202,Goose Island,expression,0.55,,,,bourbon,,109,CREATE
Whisky Advocate - Wol_ 32 No_ 04 [Winter 202,"Envy Cask 
Strength",expression,0.55,,,,bourbon,,111,CREATE
Whisky Advocate - Wol_ 32 No_ 04 [Winter 202,"Toasted Oak 
Barrel",expression,0.75,,57.2,,bourbon,,111,CREATE
Whisky Advocate - Wol_ 32 No_ 04 [Winter 202,Oloroso Hogshead,expression,0.75,18,54.8,speyside,hogshead,,112,CREATE
Whisky Advocate - Wol_ 32 No_ 04 [Winter 202,"Reviewers
All",expression,0.55,,,,,,112,CREATE
Whisky Advocate - Wol_ 32 No_ 04 [Winter 202,Market Watch,expression,0.55,,,,,,112,CREATE
Whisky Advocate - Wol_ 32 No_ 04 [Winter 202,Staff Reviewer,expression,0.55,,,,,,112,CREATE
Whisky Advocate - Wol_ 32 No_ 04 [Winter 202,Diageo Special Releases,expression,0.55,,,,,,113,CREATE
Whisky Advocate - Wol_ 32 No_ 04 [Winter 202,"Cabernet 
Sauvignon Wine",expression,0.75,18,43,,wine,,114,CREATE
Whisky Advocate - Wol_ 32 No_ 04 [Winter 202,This Napa Valley,expression,0.75,8,43,,wine,,114,CREATE
Whisky Advocate - Wol_ 32 No_ 04 [Winter 202,"Sherry 
Cask Matured",expression,0.75,,50,,sherry,,114,CREATE
Whisky Advocate - Wol_ 32 No_ 04 [Winter 202,Edition Batch,expression,0.75,,58.5,,oak,,115,CREATE
Whisky Advocate - Wol_ 32 No_ 04 [Winter 202,See Editors,expression,0.75,,49,,,,116,CREATE
Whisky Advocate - Wol_ 32 No_ 04 [Winter 202,Sir Rod Stewart,expression,0.55,,,,,,116,CREATE
Whisky Advocate - Wol_ 32 No_ 04 [Winter 202,Finish Series,expression,0.75,5,21,,bourbon,,116,CREATE
Whisky Advocate - Wol_ 32 No_ 04 [Winter 202,Series Blend,expression,0.75,,25,,,,116,CREATE
Whisky Advocate - Wol_ 32 No_ 04 [Winter 202,Man Winter From,distillery,0.75,,54.9,,oak,,118,CREATE
Whisky Advocate - Wol_ 32 No_ 04 [Winter 202,Tokaji Cask Finished,expression,0.75,,50.5,,,,120,CREATE
Whisky Advocate - Wol_ 32 No_ 04 [Winter 202,Tropics Aged,expression,0.75,,52,,,,120,CREATE
Whisky Advocate - Wol_ 32 No_ 04 [Winter 202,Humidity Finished,expression,0.75,,52,,,,120,CREATE
Whisky Advocate - Wol_ 32 No_ 04 [Winter 202,"Solera 
French Oak",expression,0.55,,,,oak,,120,CREATE
Whisky Advocate - Wol_ 32 No_ 04 [Winter 202,Oloroso Sherry Cask,expression,0.75,,46,,oak,,120,CREATE
Whisky Advocate - Wol_ 32 No_ 04 [Winter 202,"Release 
Cask Strength",expression,0.55,,,,,,121,CREATE
Whisky Advocate - Wol_ 32 No_ 04 [Winter 202,Barbados Rum Cask,expression,0.75,,31,,,,121,CREATE
Whisky Advocate - Wol_ 32 No_ 04 [Winter 202,Midwinter Night,expression,0.55,,,,port,,121,CREATE
Whisky Advocate - Wol_ 32 No_ 04 [Winter 202,Dram Blend,expression,0.55,,,,port,,121,CREATE
Whisky Advocate - Wol_ 32 No_ 04 [Winter 202,Finished Act,expression,0.75,,49.3,,port,,121,CREATE
Whisky Advocate - Wol_ 32 No_ 04 [Winter 202,Whiskey Del Bac,expression,0.75,,46,,oak,,123,CREATE
Whisky Advocate - Wol_ 32 No_ 04 [Winter 202,Mesquite Casks,expression,0.75,,46,,oak,,123,CREATE
Whisky Advocate - Wol_ 32 No_ 04 [Winter 202,Vin Doux Naturel,expression,0.75,,17,,oak,,123,CREATE
Whisky Advocate - Wol_ 32 No_ 04 [Winter 202,County Kildare,expression,0.75,,33,,,,123,CREATE
Whisky Advocate - Wol_ 32 No_ 04 [Winter 202,"Malt 
Double Barrel",expression,0.75,,43,,,,124,CREATE
Whisky Advocate - Wol_ 32 No_ 04 [Winter 202,German Peated,expression,0.75,10,100,,sherry,,124,CREATE
Whisky Advocate - Wol_ 32 No_ 04 [Winter 202,German Triple Malt,expression,0.75,10,,,,,124,CREATE
Whisky Advocate - Wol_ 32 No_ 04 [Winter 202,"Mirrors 
Grand Marnier",expression,0.75,,58.7,,wine,,124,CREATE
Whisky Advocate - Wol_ 32 No_ 04 [Winter 202,"Honey Pomegranate 
Wine",expression,0.55,,,,wine,,126,CREATE
Whisky Advocate - Wol_ 32 No_ 04 [Winter 202,Rosh Hashana,expression,0.75,,46,,wine,,126,CREATE
Whisky Advocate - Wol_ 32 No_ 04 [Winter 202,Ki One Batch,expression,0.75,,46,,sherry,,126,CREATE
Whisky Advocate - Wol_ 32 No_ 04 [Winter 202,"Oloroso Sherry 
Hogshead",expression,0.75,,46,,sherry,,126,CREATE
Whisky Advocate - Wol_ 32 No_ 04 [Winter 202,"Limited 
Edition",expression,0.75,,59,,,,126,CREATE
Whisky Advocate - Wol_ 32 No_ 04 [Winter 202,Komasa Jyozo,expression,0.75,,48,,oak,,126,CREATE
Whisky Advocate - Wol_ 32 No_ 04 [Winter 202,Series Sherry Edition,expression,0.75,26,,,sherry,,128,CREATE
Whisky Advocate - Wol_ 32 No_ 04 [Winter 202,Vintage Gonzalez Byass,expression,0.75,26,48.2,,sherry,,128,CREATE
Whisky Advocate - Wol_ 32 No_ 04 [Winter 202,Byass Apostoles,expression,0.75,30,,,sherry,,128,CREATE
Whisky Advocate - Wol_ 32 No_ 04 [Winter 202,"Matusalem 
Finish",expression,0.75,28,55.3,,sherry,,128,CREATE
Whisky Advocate - Wol_ 32 No_ 04 [Winter 202,Recollection Series,bottler,0.75,49,47.2,,,gordon,128,CREATE
Whisky Advocate - Wol_ 32 No_ 04 [Winter 202,"Apostoles 
Finish",expression,0.75,43,46.8,,sherry,,128,CREATE
Whisky Advocate - Wol_ 32 No_ 04 [Winter 202,"Peat. 
Clynelish",distillery,0.55,,,,,,128,CREATE
Whisky Advocate - Wol_ 32 No_ 04 [Winter 202,Mike Nicolson,distillery,0.55,,,,oak,,128,CREATE
Whisky Advocate - Wol_ 32 No_ 04 [Winter 202,Ultima Port Ellen,expression,0.75,43,53.4,,puncheon,,128,CREATE
Whisky Advocate - Wol_ 32 No_ 04 [Winter 202,Diageo Prima,expression,0.55,,,,,,128,CREATE
Whisky Advocate - Wol_ 32 No_ 04 [Winter 202,Ultima Singleton,expression,0.75,37,47.7,,,,129,CREATE
Whisky Advocate - Wol_ 32 No_ 04 [Winter 202,"Anniversary 
Limited Edition",expression,0.75,18,48,,,,131,CREATE
Whisky Advocate - Wol_ 32 No_ 04 [Winter 202,"Jamaican 
Rum Cask",expression,0.75,50,49.1,,,,131,CREATE
Whisky Advocate - Wol_ 32 No_ 04 [Winter 202,Kristen Dennis,expression,0.55,,,,,,132,CREATE
Whisky Advocate - Wol_ 32 No_ 04 [Winter 202,Are You,expression,0.55,,,,wine,,132,CREATE
Whisky Advocate - Wol_ 32 No_ 04 [Winter 202,Then Show Us,expression,0.55,,,,,,132,CREATE
Whisky Advocate - Wol_ 32 No_ 04 [Winter 202,Megan Donahoe,expression,0.55,,,,,,132,CREATE
Whisky Advocate - Wol_ 32 No_ 04 [Winter 202,Theytoured Jameson Bow,expression,0.55,,,,,,132,CREATE
Whisky Advocate - Wol_ 32 No_ 04 [Winter 202,Kevin Walsh,expression,0.55,,,,,,132,CREATE
Whisky Advocate - Wol_ 32 No_ 04 [Winter 202,Thad Smith,expression,0.55,,,,,,132,CREATE
Whisky Advocate - Wol_ 32 No_ 04 [Winter 202,Kevin Feeny,distillery,0.55,,,,,,132,CREATE
Whisky Advocate - Wol_ 32 No_ 04 [Winter 202,Publication Title,expression,0.55,,,,,,132,CREATE
Whisky Advocate - Wol_ 32 No_ 04 [Winter 202,Issue Date,expression,0.55,,,,,,132,CREATE
Whisky Advocate - Wol_ 32 No_ 04 [Winter 202,Circulation Data Below,expression,0.55,,,,,,132,CREATE
Whisky Advocate - Wol_ 32 No_ 04 [Winter 202,Place Create Distinct,expression,0.55,,,,,,133,CREATE
Whisky Advocate - Wol_ 32 No_ 04 [Winter 202,The Ingredients While,expression,0.75,,100,,,,137,CREATE
Whisky Advocate - Wol_ 32 No_ 04 [Winter 202,Many Irish,expression,0.55,,,,,,137,CREATE
Whisky Advocate - Wol_ 32 No_ 04 [Winter 202,County Westmeath,distillery,0.55,,,,,,137,CREATE
Whisky Advocate - Wol_ 32 No_ 04 [Winter 202,Gloch River,distillery,0.55,,,,,,137,CREATE
Whisky Advocate - Wol_ 32 No_ 04 [Winter 202,County Louth,distillery,0.55,,,,,,137,CREATE
Whisky Advocate - Wol_ 32 No_ 04 [Winter 202,Sarah Dowling,distillery,0.55,,,,,,137,CREATE
Whisky Advocate - Wol_ 32 No_ 04 [Winter 202,"Try 
Connemara",expression,0.75,12,,,,,138,CREATE
Whisky Advocate - Wol_ 32 No_ 04 [Winter 202,The Exchequer Rolls,expression,0.55,,,,,,141,CREATE
Whisky Advocate - Wol_ 32 No_ 04 [Winter 202,"Environmental 
Sustainability  
Making",expression,0.55,,,,,,141,CREATE
Whisky Advocate - Wol_ 32 No_ 04 [Winter 202,"Quarter Cask
Inspired",expression,0.55,,,,quarter,,142,CREATE
Whisky Advocate - Wol_ 32 No_ 04 [Winter 202,"Strength
Classic Laphroaig",expression,0.75,10,,,,,143,CREATE
Whisky Advocate - Wol_ 32 No_ 04 [Winter 202,"Year Old 
Archive",expression,0.75,36,,,,,143,CREATE
Whisky Advocate - Wol_ 32 No_ 04 [Winter 202,Masataka Taketsuru,distillery,0.55,,,,,,145,CREATE
Whisky Advocate - Wol_ 32 No_ 04 [Winter 202,"Hokkaido 
Island",distillery,0.55,,,,,,145,CREATE
Whisky Advocate - Wol_ 32 No_ 04 [Winter 202,"Anniversary Design
This",expression,0.55,,,,,,146,CREATE
Whisky Advocate - Wol_ 32 No_ 04 [Winter 202,Another Suntory Whisky,expression,0.75,18,,,,,147,CREATE
Whisky Advocate - Wol_ 32 No_ 04 [Winter 202,"Sofia 
Coppola",expression,0.55,,,,,,148,CREATE
Whisky Advocate - Wol_ 32 No_ 04 [Winter 202,Kunichi Nomura,expression,0.55,,,,,,148,CREATE
Whisky Advocate - Wol_ 32 No_ 04 [Winter 202,Joan Jett,expression,0.55,,,,,,148,CREATE
Whisky Advocate December 2020_pdf -- Whisky ,While Scotland,expression,0.55,,,,,,12,CREATE
Whisky Advocate December 2020_pdf -- Whisky ,The Thinking Drinker,expression,0.55,,,,,,13,CREATE
Whisky Advocate December 2020_pdf -- Whisky ,"Stephen Beaumont
Rooted",expression,0.55,,,,,,13,CREATE
Whisky Advocate December 2020_pdf -- Whisky ,"Buying Guide
Reviews",expression,0.55,,,,,,13,CREATE
Whisky Advocate December 2020_pdf -- Whisky ,Lighter Dram,expression,0.55,,,,,,13,CREATE
Whisky Advocate December 2020_pdf -- Whisky ,Kosher Rules,expression,0.55,,,,,,16,CREATE
Whisky Advocate December 2020_pdf -- Whisky ,"Shanken
Editor",expression,0.55,,,,,,16,CREATE
Whisky Advocate December 2020_pdf -- Whisky ,"Arnold
Greetings Arnold",expression,0.55,,,,,,18,CREATE
Whisky Advocate December 2020_pdf -- Whisky ,Art Director John,expression,0.55,,,,,,19,CREATE
Whisky Advocate December 2020_pdf -- Whisky ,Events Joan,expression,0.55,,,,,,19,CREATE
Whisky Advocate December 2020_pdf -- Whisky ,Senior Whisky Specialist,expression,0.55,,,,,,19,CREATE
Whisky Advocate December 2020_pdf -- Whisky ,Digital Editor Susannah,expression,0.55,,,,,,19,CREATE
Whisky Advocate December 2020_pdf -- Whisky ,"Skiver Barton
 Contributing",expression,0.55,,,,,,19,CREATE
Whisky Advocate December 2020_pdf -- Whisky ,Chairman Marvin,expression,0.55,,,,,,19,CREATE
Whisky Advocate December 2020_pdf -- Whisky ,Identify Coffee Flavors,expression,0.55,,,,,,24,CREATE
Whisky Advocate December 2020_pdf -- Whisky ,Mini Bottles Are,expression,0.55,,,,,,24,CREATE
Whisky Advocate December 2020_pdf -- Whisky ,Reynolds Tiki Spices,expression,0.55,,,,,,25,CREATE
Whisky Advocate December 2020_pdf -- Whisky ,"Upper Crust
White",expression,0.55,,,,,,27,CREATE
Whisky Advocate December 2020_pdf -- Whisky ,Select. Darker,expression,0.55,,,,,,27,CREATE
Whisky Advocate December 2020_pdf -- Whisky ,Stephen Beaumont,expression,0.55,,,,,,27,CREATE
Whisky Advocate December 2020_pdf -- Whisky ,Aged Cocktails,expression,0.55,,,,,,29,CREATE
Whisky Advocate December 2020_pdf -- Whisky ,"And More
Travel",expression,0.55,,,,,,29,CREATE
Whisky Advocate December 2020_pdf -- Whisky ,Bar Brooklyn,expression,0.55,,,,,,29,CREATE
Whisky Advocate December 2020_pdf -- Whisky ,Citizen Single Barrel,expression,0.55,,,,,,29,CREATE
Whisky Advocate December 2020_pdf -- Whisky ,Bill Thomas,expression,0.55,,,,,,29,CREATE
Whisky Advocate December 2020_pdf -- Whisky ,Wee Beastie,expression,0.75,5,,,,,29,CREATE
Whisky Advocate December 2020_pdf -- Whisky ,Virtual Tastings Available,expression,0.55,,,,,,29,CREATE
Whisky Advocate December 2020_pdf -- Whisky ,Homeland Tees Kentucky,distillery,0.55,,,,bourbon,,31,CREATE
Whisky Advocate December 2020_pdf -- Whisky ,"Rye Thing
Purple",expression,0.55,,,,,,34,CREATE
Whisky Advocate December 2020_pdf -- Whisky ,Tasting Lesson,expression,0.55,,,,,,34,CREATE
Whisky Advocate December 2020_pdf -- Whisky ,"Finished
Fruity",expression,0.55,,,,,,34,CREATE
Whisky Advocate December 2020_pdf -- Whisky ,"Your New 
Main",expression,0.75,31,,,,,36,CREATE
Whisky Advocate December 2020_pdf -- Whisky ,Zak Kostro,expression,0.55,,,,,,36,CREATE
Whisky Advocate December 2020_pdf -- Whisky ,"Laurel Beach
John",distillery,0.55,,,,,,36,CREATE
Whisky Advocate December 2020_pdf -- Whisky ,Corey Woods,expression,0.55,,,,,,39,CREATE
Whisky Advocate December 2020_pdf -- Whisky ,"Ted Simmons
Wu",expression,0.55,,,,,,39,CREATE
Whisky Advocate December 2020_pdf -- Whisky ,Tang Rapper Spits,expression,0.55,,,,,,39,CREATE
Whisky Advocate December 2020_pdf -- Whisky ,"Sips Whisky
Raekwon",expression,0.55,,,,,,39,CREATE
Whisky Advocate December 2020_pdf -- Whisky ,Wine Spectator,expression,0.55,,,,wine,,42,CREATE
Whisky Advocate December 2020_pdf -- Whisky ,"Shanken News 
Daily",expression,0.55,,,,,,42,CREATE
Whisky Advocate December 2020_pdf -- Whisky ,Susannah Skiver Barton,expression,0.55,,,,,,42,CREATE
Whisky Advocate December 2020_pdf -- Whisky ,"Sky High
Things",distillery,0.55,,,,,,42,CREATE
Whisky Advocate December 2020_pdf -- Whisky ,Beyond American,expression,0.55,,,,,,43,CREATE
Whisky Advocate December 2020_pdf -- Whisky ,"Oven
Baked",expression,0.55,,,,,,43,CREATE
Whisky Advocate December 2020_pdf -- Whisky ,"Pie
By Jennifer",expression,0.55,,,,bourbon,,43,CREATE
Whisky Advocate December 2020_pdf -- Whisky ,"Shakers 
Appear",expression,0.55,,,,,,52,CREATE
Whisky Advocate December 2020_pdf -- Whisky ,"Poppy 
Amaro",distillery,0.75,,20,,,,53,CREATE
Whisky Advocate December 2020_pdf -- Whisky ,Between Septem,expression,0.55,,,,,,56,CREATE
Whisky Advocate December 2020_pdf -- Whisky ,Tennessee Distilling Group,distillery,0.55,,,,,,57,CREATE
Whisky Advocate December 2020_pdf -- Whisky ,Resilient Ways,expression,0.55,,,,,,60,CREATE
Whisky Advocate December 2020_pdf -- Whisky ,Joel Harrison,expression,0.55,,,,,,61,CREATE
Whisky Advocate December 2020_pdf -- Whisky ,Pernod Ricard,distillery,0.55,,,,,,61,CREATE
Whisky Advocate December 2020_pdf -- Whisky ,Rachel Barrie,expression,0.55,,,,,,69,CREATE
Whisky Advocate December 2020_pdf -- Whisky ,Peat Monster,expression,0.75,,46,,,,71,CREATE
Whisky Advocate December 2020_pdf -- Whisky ,French Red Wine,expression,0.75,18,43,,wine,,71,CREATE
Whisky Advocate December 2020_pdf -- Whisky ,Stephanie Macleod,expression,0.55,,,,,,71,CREATE
Whisky Advocate December 2020_pdf -- Whisky ,Single Pot Still,expression,0.75,,43,,,,71,CREATE
Whisky Advocate December 2020_pdf -- Whisky ,Shanken Communications,expression,0.55,,,,,,73,CREATE
Whisky Advocate December 2020_pdf -- Whisky ,Tasting Panel,expression,0.55,,,,,,73,CREATE
Whisky Advocate December 2020_pdf -- Whisky ,Tel Aviv,distillery,0.55,,,,,,75,CREATE
Whisky Advocate December 2020_pdf -- Whisky ,Stephen Davies,distillery,0.55,,,,,,81,CREATE
Whisky Advocate December 2020_pdf -- Whisky ,Wales. Penderyn,distillery,0.55,,,,,,81,CREATE
Whisky Advocate December 2020_pdf -- Whisky ,Wales. Aber,distillery,0.55,,,,,,81,CREATE
Whisky Advocate December 2020_pdf -- Whisky ,Halewood International,distillery,0.55,,,,,,81,CREATE
Whisky Advocate December 2020_pdf -- Whisky ,Erwan Lefebvre,expression,0.75,20,,,,,81,CREATE
Whisky Advocate December 2020_pdf -- Whisky ,Europe. However,expression,0.55,,,,,,84,CREATE
Whisky Advocate December 2020_pdf -- Whisky ,Vive La France,expression,0.55,,,,,,84,CREATE
Whisky Advocate December 2020_pdf -- Whisky ,"Barnet. 
Eifel",expression,0.55,,,,,,85,CREATE
Whisky Advocate December 2020_pdf -- Whisky ,Stephan Mohr,distillery,0.55,,,,,,85,CREATE
Whisky Advocate December 2020_pdf -- Whisky ,Anthem Imports,distillery,0.55,,,,,,85,CREATE
Whisky Advocate December 2020_pdf -- Whisky ,Anssi Pyysing,expression,0.55,,,,,,85,CREATE
Whisky Advocate December 2020_pdf -- Whisky ,"Asia
Kavalan",distillery,0.55,,,,,,89,CREATE
Whisky Advocate December 2020_pdf -- Whisky ,"Inner 
Mongolia",distillery,0.55,,,,,,89,CREATE
Whisky Advocate December 2020_pdf -- Whisky ,"French Oak 
Reserve",expression,0.75,5,43,,oak,,92,CREATE
Whisky Advocate December 2020_pdf -- Whisky ,Cove Double Cask,expression,0.75,,41,,,,92,CREATE
Whisky Advocate December 2020_pdf -- Whisky ,"Ireland
Ireland",expression,0.75,,45,,,,92,CREATE
Whisky Advocate December 2020_pdf -- Whisky ,"Making
Master",expression,0.55,,,,,,97,CREATE
Whisky Advocate December 2020_pdf -- Whisky ,Drew Mayville,expression,0.55,,,,,,97,CREATE
Whisky Advocate December 2020_pdf -- Whisky ,Kosher Whisky Throughout,expression,0.55,,,,,,97,CREATE
Whisky Advocate December 2020_pdf -- Whisky ,Joshua Hatton,expression,0.55,,,,,,97,CREATE
Whisky Advocate December 2020_pdf -- Whisky ,Jewish Whisky Company,bottler,0.55,,,,,independent,97,CREATE
Whisky Advocate December 2020_pdf -- Whisky ,Garioch Virgin Oak,expression,0.75,14,,,oak,,97,CREATE
Whisky Advocate December 2020_pdf -- Whisky ,"Wheat 
Recipe Straight",expression,0.55,,,,bourbon,,97,CREATE
Whisky Advocate December 2020_pdf -- Whisky ,"Bourbon 
Journeyman Distillery",distillery,0.55,,,,bourbon,,97,CREATE
Whisky Advocate December 2020_pdf -- Whisky ,Feather Bone Bourbon,distillery,0.55,,,,bourbon,,97,CREATE
Whisky Advocate December 2020_pdf -- Whisky ,"Rye 
Black Dirt",distillery,0.55,,,,,,97,CREATE
Whisky Advocate December 2020_pdf -- Whisky ,"Oat 
Journeyman Three",distillery,0.55,,,,,,97,CREATE
Whisky Advocate December 2020_pdf -- Whisky ,"Kosher 
Whisky
Sampler",expression,0.55,,,,,,97,CREATE
Whisky Advocate December 2020_pdf -- Whisky ,Identify Kosher Whisky,expression,0.55,,,,,,97,CREATE
Whisky Advocate December 2020_pdf -- Whisky ,Carmel Winery,distillery,0.55,,,,wine,,99,CREATE
Whisky Advocate December 2020_pdf -- Whisky ,"Feather 
Rye",distillery,0.75,,45,,,,99,CREATE
Whisky Advocate December 2020_pdf -- Whisky ,Naked Grouse,expression,0.55,,,,,,102,CREATE
Whisky Advocate December 2020_pdf -- Whisky ,Diane Stuart,expression,0.55,,,,,,102,CREATE
Whisky Advocate December 2020_pdf -- Whisky ,The Edrington Group,expression,0.55,,,,,,103,CREATE
Whisky Advocate December 2020_pdf -- Whisky ,Brian Kinsman,expression,0.55,,,,,,103,CREATE
Whisky Advocate December 2020_pdf -- Whisky ,Lazy Old Fashioned,expression,0.55,,,,,,103,CREATE
Whisky Advocate December 2020_pdf -- Whisky ,The Malts Blend,expression,0.75,21,,,,,104,CREATE
Whisky Advocate December 2020_pdf -- Whisky ,"Sandy 
Hyslop",expression,0.55,,,,,,104,CREATE
Whisky Advocate December 2020_pdf -- Whisky ,Best Blended Malts,expression,0.55,,,,,,104,CREATE
Whisky Advocate December 2020_pdf -- Whisky ,Stuart Morrison,expression,0.55,,,,,,106,CREATE
Whisky Advocate December 2020_pdf -- Whisky ,Lavender Lillet,expression,0.75,21,,,,,106,CREATE
Whisky Advocate December 2020_pdf -- Whisky ,"Anniversary Batch 
Proof",expression,0.55,,,,bourbon,,108,CREATE
Whisky Advocate December 2020_pdf -- Whisky ,Hedonism Quindecimus,expression,0.55,,,,,,110,CREATE
Whisky Advocate December 2020_pdf -- Whisky ,"Best Values
Whiskies",expression,0.55,,,,,,110,CREATE
Whisky Advocate December 2020_pdf -- Whisky ,"Diageo 
Special Releases",expression,0.75,21,56.9,,,,111,CREATE
Whisky Advocate December 2020_pdf -- Whisky ,Flam Wine Barrel,expression,0.75,12,,,oak,,112,CREATE
Whisky Advocate December 2020_pdf -- Whisky ,"Sherry Cask
Select",expression,0.75,12,43,,sherry,,113,CREATE
Whisky Advocate December 2020_pdf -- Whisky ,The Celebratory Blend,expression,0.55,,,highland,,,113,CREATE
Whisky Advocate December 2020_pdf -- Whisky ,Bicentenary Blend,expression,0.55,,,,port,,113,CREATE
Whisky Advocate December 2020_pdf -- Whisky ,Envy Cask Strength,expression,0.55,,,,port,,115,CREATE
Whisky Advocate December 2020_pdf -- Whisky ,See Editors,expression,0.75,,63.3,highland,,,115,CREATE
Whisky Advocate December 2020_pdf -- Whisky ,"Peat Monster 
Arcana",expression,0.75,,46,,,,115,CREATE
Whisky Advocate December 2020_pdf -- Whisky ,Bourbon Barrel,expression,0.75,,40,,bourbon,,115,CREATE
Whisky Advocate December 2020_pdf -- Whisky ,See Best Values,expression,0.75,,40,,bourbon,,115,CREATE
Whisky Advocate December 2020_pdf -- Whisky ,Envy Mizunara Oak,expression,0.75,,48.9,,oak,,117,CREATE
Whisky Advocate December 2020_pdf -- Whisky ,Finished Kentucky Straight,expression,0.75,,48.9,,oak,,117,CREATE
Whisky Advocate December 2020_pdf -- Whisky ,From Bardstown Bourbon,expression,0.75,,50,,sherry,,117,CREATE
Whisky Advocate December 2020_pdf -- Whisky ,See Collectibles,expression,0.75,,52.6,,,,120,CREATE
Whisky Advocate December 2020_pdf -- Whisky ,Strength Arizona Straight,expression,0.75,,63.2,,,,120,CREATE
Whisky Advocate December 2020_pdf -- Whisky ,"Finished 
Texas",expression,0.75,,62,,,,120,CREATE
Whisky Advocate December 2020_pdf -- Whisky ,"Cask Strength 
Port",expression,0.75,22,59.7,,port,,121,CREATE
Whisky Advocate December 2020_pdf -- Whisky ,"Legacy 
Reserve",expression,0.75,17,46,,,,121,CREATE
Whisky Advocate December 2020_pdf -- Whisky ,These Legacy,expression,0.55,,,,,,121,CREATE
Whisky Advocate December 2020_pdf -- Whisky ,"Madness French 
Limousin",expression,0.75,,44.3,,oak,,124,CREATE
Whisky Advocate December 2020_pdf -- Whisky ,Mark Reynier,distillery,0.55,,,,,,124,CREATE
Whisky Advocate December 2020_pdf -- Whisky ,Organic Gaia,expression,0.75,,50,,,,124,CREATE
Whisky Advocate December 2020_pdf -- Whisky ,The Hokkaido Akkeshi,distillery,0.75,,55,,,,125,CREATE
Whisky Advocate December 2020_pdf -- Whisky ,"Grain Limited 
Edition",expression,0.75,,48,,,,128,CREATE
Whisky Advocate December 2020_pdf -- Whisky ,Are You,expression,0.55,,,,,,130,CREATE
Whisky Advocate December 2020_pdf -- Whisky ,Then Show Us,expression,0.55,,,,,,130,CREATE
Whisky Advocate December 2020_pdf -- Whisky ,Publication Title,expression,0.55,,,,,,130,CREATE
Whisky Advocate December 2020_pdf -- Whisky ,Issue Date,expression,0.55,,,,,,130,CREATE
Whisky Advocate December 2020_pdf -- Whisky ,Circulation Data Below,expression,0.55,,,,,,130,CREATE
Whisky Advocate December 2020_pdf -- Whisky ,Rosanna Tropp,expression,0.55,,,,,,130,CREATE
Whisky Advocate December 2020_pdf -- Whisky ,Free Lunch,expression,0.55,,,,,,131,CREATE
Whisky classified ; choosing single malts by,Flavour Vocabulary,expression,0.55,,,,,,9,CREATE
Whisky classified ; choosing single malts by,Exchequer Rolls,expression,0.55,,,,,,14,CREATE
Whisky classified ; choosing single malts by,Friar John Cor,expression,0.55,,,,,,14,CREATE
Whisky classified ; choosing single malts by,Sir Edwin Landseer,expression,0.55,,,highland,,,15,CREATE
Whisky classified ; choosing single malts by,Surgeon Barbers,expression,0.55,,,,,,15,CREATE
Whisky classified ; choosing single malts by,Sir Walter Scott,expression,0.55,,,,,,16,CREATE
Whisky classified ; choosing single malts by,Queen Victoria,expression,0.55,,,,,,17,CREATE
Whisky classified ; choosing single malts by,Arthur Bell,expression,0.55,,,,wine,,17,CREATE
Whisky classified ; choosing single malts by,Aeneas Coffey,expression,0.55,,,,,,17,CREATE
Whisky classified ; choosing single malts by,Exciseman. Other,expression,0.55,,,,,,17,CREATE
Whisky classified ; choosing single malts by,Lloyd George,expression,0.55,,,,,,18,CREATE
Whisky classified ; choosing single malts by,"Finest 
Glenlivet",expression,0.55,,,,,,18,CREATE
Whisky classified ; choosing single malts by,Boer War,expression,0.55,,,,,,18,CREATE
Whisky classified ; choosing single malts by,"Islington Borough 
Council",expression,0.55,,,,,,19,CREATE
Whisky classified ; choosing single malts by,Immature Spirit Act,expression,0.55,,,,,,19,CREATE
Whisky classified ; choosing single malts by,Bahamas. Such,expression,0.55,,,,,,19,CREATE
Whisky classified ; choosing single malts by,Captain William,expression,0.55,,,,,,19,CREATE
Whisky classified ; choosing single malts by,Industrial Revolution,expression,0.55,,,,,,24,CREATE
Whisky classified ; choosing single malts by,Pentlands Flavour Wheel,expression,0.55,,,,,,32,CREATE
Whisky classified ; choosing single malts by,Feature Profile,expression,0.55,,,,,,34,CREATE
Whisky classified ; choosing single malts by,"Tobacco 
Honey",expression,0.55,,,,,,34,CREATE
Whisky classified ; choosing single malts by,"Spicy 
Winey 
Nutty",expression,0.55,,,,,,34,CREATE
Whisky classified ; choosing single malts by,Perth. Beside,distillery,0.55,,,,,,48,CREATE
Whisky classified ; choosing single malts by,Pitilie Burn,expression,0.55,,,,,,48,CREATE
Whisky classified ; choosing single malts by,Taste Fresh,expression,0.55,,,,,,49,CREATE
Whisky classified ; choosing single malts by,"Tobacco 
Honey 
Spicy",expression,0.55,,,,,,49,CREATE
Whisky classified ; choosing single malts by,"Nutty 
Malty",expression,0.55,,,,,,49,CREATE
Whisky classified ; choosing single malts by,Fairy Hill,distillery,0.55,,,,,,50,CREATE
Whisky classified ; choosing single malts by,Elgin. Further,distillery,0.55,,,,,,50,CREATE
Whisky classified ; choosing single malts by,Nose Spicy,expression,0.75,10,40,,,,51,CREATE
Whisky classified ; choosing single malts by,Double Cask Matured,expression,0.75,12,,,,,51,CREATE
Whisky classified ; choosing single malts by,Year Old Cuvee,expression,0.75,30,,,,,51,CREATE
Whisky classified ; choosing single malts by,"Honey 
Spicy 
Winey",expression,0.55,,,,,,55,CREATE
Whisky classified ; choosing single malts by,Nose Lemon,expression,0.75,12,40,,,,55,CREATE
Whisky classified ; choosing single malts by,"Spicy 
Winey",expression,0.55,,,,,,57,CREATE
Whisky classified ; choosing single malts by,"Fruity 
Floral 
Age",expression,0.75,10,46,,,,57,CREATE
Whisky classified ; choosing single malts by,Nose Peaty,expression,0.75,10,46,,bourbon,,57,CREATE
Whisky classified ; choosing single malts by,Taste Smoke,expression,0.55,,,,bourbon,,57,CREATE
Whisky classified ; choosing single malts by,Adam Teacher,distillery,0.55,,,,,,58,CREATE
Whisky classified ; choosing single malts by,"Cadenhead. 
Ardmore",distillery,0.55,,,,,gordon,58,CREATE
Whisky classified ; choosing single malts by,Nose Medium,expression,0.75,12,40,,,,59,CREATE
Whisky classified ; choosing single malts by,Taste Mellow,expression,0.75,,40,,,,59,CREATE
Whisky classified ; choosing single malts by,Harold Currie,distillery,0.55,,,,,,60,CREATE
Whisky classified ; choosing single malts by,Nose Aromatic,expression,0.75,10,43,,,,61,CREATE
Whisky classified ; choosing single malts by,Taste Sweet,expression,0.55,,,,,,61,CREATE
Whisky classified ; choosing single malts by,"Pedro 
Ximenez",expression,0.55,,,,sherry,,62,CREATE
Whisky classified ; choosing single malts by,"Spain. 
Auchentoshan",expression,0.55,,,lowland,sherry,,62,CREATE
Whisky classified ; choosing single malts by,Nose Fragrant,expression,0.75,10,43,,,,65,CREATE
Whisky classified ; choosing single malts by,Alexander Edward Keith,distillery,0.55,,,,,,66,CREATE
Whisky classified ; choosing single malts by,"Foggie 
Moss",distillery,0.55,,,,,,66,CREATE
Whisky classified ; choosing single malts by,Nose Fresh,expression,0.75,10,40,,,,69,CREATE
Whisky classified ; choosing single malts by,"Rasmudin 
Burn",distillery,0.55,,,,,,70,CREATE
Whisky classified ; choosing single malts by,"Winey 
Nutty",expression,0.75,10,,,,,73,CREATE
Whisky classified ; choosing single malts by,Nose Rich,expression,0.75,10,40,,,,73,CREATE
Whisky classified ; choosing single malts by,Buckingham Palace,distillery,0.55,,,,,,74,CREATE
Whisky classified ; choosing single malts by,Teindland Forest,distillery,0.55,,,,,,76,CREATE
Whisky classified ; choosing single malts by,Riach Farm,distillery,0.55,,,,,,76,CREATE
Whisky classified ; choosing single malts by,Pattison Crash,expression,0.55,,,,,,76,CREATE
Whisky classified ; choosing single malts by,Nose Light,expression,0.75,12,43,,,,77,CREATE
Whisky classified ; choosing single malts by,Nose Soft,expression,0.75,15,43,,,,79,CREATE
Whisky classified ; choosing single malts by,"Tokaji. 
There",expression,0.55,,,,wine,,80,CREATE
Whisky classified ; choosing single malts by,"Malty 
Fruity",expression,0.75,5,40,,,,81,CREATE
Whisky classified ; choosing single malts by,Taste Fruity,expression,0.75,,40,,sherry,,81,CREATE
Whisky classified ; choosing single malts by,Cotland Wood,distillery,0.55,,,,oak,,82,CREATE
Whisky classified ; choosing single malts by,Nose Grassy,expression,0.75,12,40,,,,87,CREATE
Whisky classified ; choosing single malts by,Keith. Most,expression,0.55,,,,,,88,CREATE
Whisky classified ; choosing single malts by,"Cadenhead. 
Braeval",bottler,0.55,,,speyside,,signatory,88,CREATE
Whisky classified ; choosing single malts by,"Barnet 
Harvey",distillery,0.55,,,,,,90,CREATE
Whisky classified ; choosing single malts by,"Medicinal 
Tobacco 
Honey",expression,0.55,,,,,,91,CREATE
Whisky classified ; choosing single malts by,"Malty 
Fruity 
Floral",expression,0.55,,,,bourbon,,91,CREATE
Whisky classified ; choosing single malts by,Margadale Springs,distillery,0.55,,,,,,92,CREATE
Whisky classified ; choosing single malts by,Taste Light,expression,0.75,,40,,,,93,CREATE
Whisky classified ; choosing single malts by,"Feature Profile 
Body",expression,0.55,,,,,,93,CREATE
Whisky classified ; choosing single malts by,"Honey 
Winey 
Nutty",expression,0.55,,,,,,93,CREATE
Whisky classified ; choosing single malts by,Hector Henderson,distillery,0.55,,,islands,port,,94,CREATE
Whisky classified ; choosing single malts by,Yet Caol Ila,distillery,0.55,,,,,,94,CREATE
Whisky classified ; choosing single malts by,Torrabolls Loch,distillery,0.55,,,,,,94,CREATE
Whisky classified ; choosing single malts by,Nose Smoky,expression,0.75,12,43,,,,95,CREATE
Whisky classified ; choosing single malts by,Taste Peat,expression,0.55,,,,,,95,CREATE
Whisky classified ; choosing single malts by,Elizabeth Cumming,expression,0.55,,,,,,98,CREATE
Whisky classified ; choosing single malts by,"Alfred 
Barnard",expression,0.75,50,,,,,100,CREATE
Whisky classified ; choosing single malts by,"Hidden 
Malts",expression,0.55,,,,,,100,CREATE
Whisky classified ; choosing single malts by,Taste Full,expression,0.55,,,,,,101,CREATE
Whisky classified ; choosing single malts by,Taste Medium,expression,0.55,,,,,,103,CREATE
Whisky classified ; choosing single malts by,"European 
Bodega",expression,0.55,,,,sherry,,103,CREATE
Whisky classified ; choosing single malts by,Quaich Bar,expression,0.55,,,,,,104,CREATE
Whisky classified ; choosing single malts by,Ancestorde Luxe,expression,0.75,12,,,,,105,CREATE
Whisky classified ; choosing single malts by,Carron Burn,distillery,0.55,,,,,,106,CREATE
Whisky classified ; choosing single malts by,Nose Fruity,expression,0.75,16,43,,,,107,CREATE
Whisky classified ; choosing single malts by,"Alexander 
Matheson",distillery,0.55,,,,,,108,CREATE
Whisky classified ; choosing single malts by,Habanos Cigar Festival,expression,0.55,,,,,,108,CREATE
Whisky classified ; choosing single malts by,Vintage Gonzalez Byass,expression,0.55,,,,sherry,,109,CREATE
Whisky classified ; choosing single malts by,"Alexander 
Mackenzie",distillery,0.55,,,,,,110,CREATE
Whisky classified ; choosing single malts by,Met Office,distillery,0.55,,,,,,110,CREATE
Whisky classified ; choosing single malts by,Nose Sweet,expression,0.75,15,43,,,,111,CREATE
Whisky classified ; choosing single malts by,Taste Malty,expression,0.75,,40,,,,113,CREATE
Whisky classified ; choosing single malts by,Sir Alexander Ramsay,distillery,0.55,,,,,,118,CREATE
Whisky classified ; choosing single malts by,Fasque House,distillery,0.55,,,,,,118,CREATE
Whisky classified ; choosing single malts by,"Sir John 
Gladstone",distillery,0.55,,,,,,118,CREATE
Whisky classified ; choosing single malts by,Cnoc Calma,expression,0.55,,,,,,118,CREATE
Whisky classified ; choosing single malts by,Sturdy Hill,expression,0.55,,,,,,118,CREATE
Whisky classified ; choosing single malts by,Nose Rather,expression,0.75,12,40,,,,119,CREATE
Whisky classified ; choosing single malts by,Lour Burn,distillery,0.55,,,,,,120,CREATE
Whisky classified ; choosing single malts by,Bessie Williamson,distillery,0.55,,,,,,122,CREATE
Whisky classified ; choosing single malts by,Allied Distilleries,distillery,0.75,15,,,,,123,CREATE
Whisky classified ; choosing single malts by,Gilmour Thomson,expression,0.55,,,highland,,,124,CREATE
Whisky classified ; choosing single malts by,Cadenhead. Most,bottler,0.55,,,,,signatory,124,CREATE
Whisky classified ; choosing single malts by,"Honey 
Spicy",expression,0.55,,,,,,125,CREATE
Whisky classified ; choosing single malts by,Nose Marzipan,expression,0.75,15,40,,,,125,CREATE
Whisky classified ; choosing single malts by,Betty Boothroyd,distillery,0.55,,,,,,130,CREATE
Whisky classified ; choosing single malts by,Goatswell Spring,distillery,0.55,,,,,,130,CREATE
Whisky classified ; choosing single malts by,Taste Firm,expression,0.55,,,,sherry,,131,CREATE
Whisky classified ; choosing single malts by,Extra Special,expression,0.55,,,,,,132,CREATE
Whisky classified ; choosing single malts by,Nose Honeyed,expression,0.75,12,43,,,,133,CREATE
Whisky classified ; choosing single malts by,Taste Sweetly,expression,0.55,,,,,,135,CREATE
Whisky classified ; choosing single malts by,Elizabeth Grant,distillery,0.55,,,,,,136,CREATE
Whisky classified ; choosing single malts by,Robbie Dhu Spring,expression,0.55,,,,,,136,CREATE
Whisky classified ; choosing single malts by,"Solera 
European",expression,0.55,,,,oak,,136,CREATE
Whisky classified ; choosing single malts by,Dom Ramsay,expression,0.55,,,,,,136,CREATE
Whisky classified ; choosing single malts by,Liqueur. Visitors,distillery,0.55,,,,,,136,CREATE
Whisky classified ; choosing single malts by,Meldrum House,distillery,0.55,,,,,,138,CREATE
Whisky classified ; choosing single malts by,Pitsligo Moss,expression,0.55,,,,,,138,CREATE
Whisky classified ; choosing single malts by,Nose Heather,expression,0.75,12,43,,,,139,CREATE
Whisky classified ; choosing single malts by,"Supreme. 
Glengoyne",expression,0.55,,,,,,141,CREATE
Whisky classified ; choosing single malts by,Taste Oak,expression,0.75,,40,,sherry,,141,CREATE
Whisky classified ; choosing single malts by,"Major 
James Grant",distillery,0.55,,,,,,142,CREATE
Whisky classified ; choosing single malts by,Major Grant,expression,0.55,,,,,,143,CREATE
Whisky classified ; choosing single malts by,Empire Exhibition,distillery,0.55,,,,,,147,CREATE
Whisky classified ; choosing single malts by,Upper Drumin,expression,0.55,,,,,,148,CREATE
Whisky classified ; choosing single malts by,"When 
George",expression,0.55,,,,,,148,CREATE
Whisky classified ; choosing single malts by,Nose Summer,expression,0.75,12,40,,,,149,CREATE
Whisky classified ; choosing single malts by,Tarlogie Springs,expression,0.55,,,,bourbon,,152,CREATE
Whisky classified ; choosing single malts by,Madeira Matured,expression,0.75,9,,,oak,,153,CREATE
Whisky classified ; choosing single malts by,"Truffle Oak 
Reserve",expression,0.75,9,,,oak,,153,CREATE
Whisky classified ; choosing single malts by,Malaga Cask Finish,expression,0.75,30,,,oak,,153,CREATE
Whisky classified ; choosing single malts by,Nose Flora,expression,0.75,10,40,,,,153,CREATE
Whisky classified ; choosing single malts by,Tourist Board,distillery,0.55,,,,,,155,CREATE
Whisky classified ; choosing single malts by,Ord Makings,expression,0.55,,,,,,156,CREATE
Whisky classified ; choosing single malts by,Nose Malty,expression,0.75,12,40,,sherry,,157,CREATE
Whisky classified ; choosing single malts by,Ardcanny Spring,distillery,0.55,,,,,,158,CREATE
Whisky classified ; choosing single malts by,"Fruity 
Floral",expression,0.55,,,,,,159,CREATE
Whisky classified ; choosing single malts by,Crosshill Loch,distillery,0.55,,,,,,160,CREATE
Whisky classified ; choosing single malts by,Nose Lightly,expression,0.75,14,40,,,,161,CREATE
Whisky classified ; choosing single malts by,"Doonie 
Burn",expression,0.55,,,,,,162,CREATE
Whisky classified ; choosing single malts by,Rotfio Mittr,distillery,0.55,,,,,,163,CREATE
Whisky classified ; choosing single malts by,"Tauchers 
Farm",distillery,0.55,,,,,,164,CREATE
Whisky classified ; choosing single malts by,"Rosarie 
Burn",distillery,0.55,,,,,,164,CREATE
Whisky classified ; choosing single malts by,"Allied Distilleries 
Series",distillery,0.75,15,46,,,gordon,164,CREATE
Whisky classified ; choosing single malts by,"Brooke. 
Glenturret",distillery,0.55,,,highland,,,166,CREATE
Whisky classified ; choosing single malts by,Tasting Bar,expression,0.55,,,,,,166,CREATE
Whisky classified ; choosing single malts by,Nose Floral,expression,0.75,10,40,,,,167,CREATE
Whisky classified ; choosing single malts by,"Magnus 
Eunson",distillery,0.55,,,,,,168,CREATE
Whisky classified ; choosing single malts by,Italian Chapel,expression,0.55,,,,,,168,CREATE
Whisky classified ; choosing single malts by,The Gulf Stream,distillery,0.55,,,,,,172,CREATE
Whisky classified ; choosing single malts by,When Prime Minister,expression,0.55,,,,,,174,CREATE
Whisky classified ; choosing single malts by,Margaret Thatcher,expression,0.55,,,,,,174,CREATE
Whisky classified ; choosing single malts by,Solan Lochs,distillery,0.55,,,,,,176,CREATE
Whisky classified ; choosing single malts by,Nose Powerful,expression,0.75,16,43,,,,177,CREATE
Whisky classified ; choosing single malts by,Taste Dry,expression,0.55,,,,,,177,CREATE
Whisky classified ; choosing single malts by,Nose Pungent,expression,0.75,10,40,,,,179,CREATE
Whisky classified ; choosing single malts by,"Milbuies 
Loch",distillery,0.55,,,,,,180,CREATE
Whisky classified ; choosing single malts by,"Capitaine 
Haddock",distillery,0.55,,,highland,,,182,CREATE
Whisky classified ; choosing single malts by,Organic Grain,bottler,0.55,,,,,douglas,183,CREATE
Whisky classified ; choosing single malts by,"Vintage 
The Longmorn",expression,0.75,17,,,,,184,CREATE
Whisky classified ; choosing single malts by,Sherry Oak,expression,0.75,10,,,sherry,,186,CREATE
Whisky classified ; choosing single malts by,Commons Speaker,expression,0.55,,,,,,186,CREATE
Whisky classified ; choosing single malts by,Nose Toffee,expression,0.75,10,40,,sherry,,187,CREATE
Whisky classified ; choosing single malts by,"Andrew 
Pearey",distillery,0.55,,,,,,190,CREATE
Whisky classified ; choosing single malts by,Donald Bain,distillery,0.55,,,,,,190,CREATE
Whisky classified ; choosing single malts by,Hugh Stevenson,distillery,0.55,,,,,,194,CREATE
Whisky classified ; choosing single malts by,Montilla Fino Sherry,expression,0.55,,,,sherry,,195,CREATE
Whisky classified ; choosing single malts by,Nose Salty,expression,0.75,14,43,,,,195,CREATE
Whisky classified ; choosing single malts by,Taste Rich,expression,0.55,,,,,,195,CREATE
Whisky classified ; choosing single malts by,Wick River,distillery,0.55,,,,,,196,CREATE
Whisky classified ; choosing single malts by,Hempriggs Loch,distillery,0.55,,,,,,196,CREATE
Whisky classified ; choosing single malts by,"Tobacco 
Honey 
Malty",expression,0.75,12,40,,,,197,CREATE
Whisky classified ; choosing single malts by,"Fruity 
Age",expression,0.75,12,40,,,,197,CREATE
Whisky classified ; choosing single malts by,Nose Delicate,expression,0.75,12,40,,,,197,CREATE
Whisky classified ; choosing single malts by,"Captain William 
Fraser",distillery,0.55,,,,,,198,CREATE
Whisky classified ; choosing single malts by,Captain Fraser,expression,0.55,,,,,,198,CREATE
Whisky classified ; choosing single malts by,Cawdor Burn,expression,0.55,,,,,,198,CREATE
Whisky classified ; choosing single malts by,Moray Firth,distillery,0.55,,,,,,199,CREATE
Whisky classified ; choosing single malts by,"Lingro 
Burn",distillery,0.55,,,,,,202,CREATE
Whisky classified ; choosing single malts by,"Floney 
Spicy",expression,0.55,,,,,,207,CREATE
Whisky classified ; choosing single malts by,Beinn Ghuilean,distillery,0.55,,,,,,208,CREATE
Whisky classified ; choosing single malts by,Alexander Milne,distillery,0.55,,,,,,210,CREATE
Whisky classified ; choosing single malts by,Alfred Dunhill,expression,0.55,,,speyside,,,213,CREATE
Whisky classified ; choosing single malts by,International Wine,expression,0.55,,,,wine,,214,CREATE
Whisky classified ; choosing single malts by,"International Spirits 
Challenge",expression,0.55,,,,wine,,214,CREATE
Whisky classified ; choosing single malts by,Nose Slightly,expression,0.75,10,45.8,,,,215,CREATE
Whisky classified ; choosing single malts by,Captain Hugh Munro,distillery,0.55,,,,,,220,CREATE
Whisky classified ; choosing single malts by,Dairywell Spring,expression,0.55,,,,,,220,CREATE
Whisky classified ; choosing single malts by,Taste Aperitif,expression,0.75,,43,,,,221,CREATE
Whisky classified ; choosing single malts by,Nose Delicately,expression,0.75,10,40,,,,223,CREATE
Whisky classified ; choosing single malts by,Taste Apples,expression,0.55,,,,,,225,CREATE
Whisky classified ; choosing single malts by,Taste Quite,expression,0.75,,40,,,,227,CREATE
Whisky classified ; choosing single malts by,"Sir Albert 
Richardson",distillery,0.55,,,,,,228,CREATE
Whisky classified ; choosing single malts by,Achvochkie Burn,expression,0.55,,,speyside,,,228,CREATE
Whisky classified ; choosing single malts by,Taste Slightly,expression,0.75,,40,,sherry,,229,CREATE
Whisky classified ; choosing single malts by,Ochil Hills,distillery,0.55,,,,,,230,CREATE
Whisky classified ; choosing single malts by,Taste Creamy,expression,0.55,,,,,,231,CREATE
Whisky classified ; choosing single malts by,"Distillery 
Perthshire Scotland",distillery,0.55,,,,,,231,CREATE
Whisky classified ; choosing single malts by,Ceann Loch Cille,expression,0.55,,,,,,232,CREATE
Whisky classified ; choosing single malts by,Anthony Wills,distillery,0.55,,,,,,233,CREATE
Whisky classified ; choosing single malts by,"Cereal 
Cooked Mash",expression,0.55,,,,,,235,CREATE
Whisky classified ; choosing single malts by,"Allied Distilleries 
Glenburgie",distillery,0.55,,,,,,236,CREATE
Whisky classified ; choosing single malts by,Tasting Wheel,expression,0.55,,,,,,238,CREATE
Whisky classified ; choosing single malts by,Rev. Roderick,expression,0.55,,,,,,238,CREATE
Whisky classified ; choosing single malts by,Sir Walter,bottler,0.55,,,,,society,239,CREATE
Whisky classified ; choosing single malts by,Wash Act,expression,0.55,,,,,,239,CREATE
Whisky classified ; choosing single malts by,"Rudd 
Ltd",distillery,0.55,,,,,,240,CREATE
Whisky classified ; choosing single malts by,Pernod Ricard,expression,0.55,,,,,,240,CREATE
Whisky classified ; choosing single malts by,Uitgeverij Het Spectrum,distillery,0.55,,,speyside,,,240,CREATE
Whisky classified ; choosing single malts by,"Klim 
Design Inc",distillery,0.55,,,speyside,,,240,CREATE
Whisky classified ; choosing single malts by,Data Analysis,expression,0.55,,,,,,240,CREATE
Whisky classified ; choosing single malts by,Related Methods,expression,0.55,,,,,,240,CREATE
Whisky classified ; choosing single malts by,Maltmaster. You,expression,0.55,,,,,,241,CREATE
Whisky classified ; choosing single malts by,"Whisky Classified 
Glenfarclas",expression,0.55,,,,,,241,CREATE
Whisky classified ; choosing single malts by,"Sensory Analysis 
Select",expression,0.55,,,,,,241,CREATE
Whisky classified ; choosing single malts by,"Malts Directory 
Cluster",expression,0.55,,,,,,241,CREATE
Whisky classified ; choosing single malts by,"Options 
Distillery 
Vocabulary",distillery,0.75,,73,,,,241,CREATE
Whisky classified ; choosing single malts by,Legs Swirl,expression,0.55,,,,,,242,CREATE
Whisky classified ; choosing single malts by,Diluted Taste It,expression,0.55,,,,,,242,CREATE
Whisky classified ; choosing single malts by,"Exit 
Tasting Notes",expression,0.55,,,,,,243,CREATE
Whisky classified ; choosing single malts by,"Finish 
Bottled",expression,0.55,,,highland,,,243,CREATE
Whisky classified ; choosing single malts by,"Producer 
Region",expression,0.75,12,,highland,,,243,CREATE
Whisky classified ; choosing single malts by,"Yes 
Matured",expression,0.75,,43,,bourbon,,243,CREATE
Whisky classified ; choosing single malts by,Using Whisky Classified,expression,0.55,,,,,,244,CREATE
Whisky classified ; choosing single malts by,"Vais 
Malta",expression,0.55,,,,,,248,CREATE
Whisky_ The First Definitive Book on Whisky ,Sukhinder Singh Private,expression,0.55,,,,,,0,CREATE
Whisky_ The First Definitive Book on Whisky ,"Reason.
Robert",expression,0.55,,,,,,0,CREATE
Whisky_ The First Definitive Book on Whisky ,Ian Buxton,expression,0.55,,,,,,0,CREATE
Whisky_ The First Definitive Book on Whisky ,Porpoise Press,expression,0.55,,,,,,0,CREATE
Whisky_ The First Definitive Book on Whisky ,Chapter Two,expression,0.55,,,,,,0,CREATE
Whisky_ The First Definitive Book on Whisky ,Alfred Barnard,expression,0.55,,,,,,0,CREATE
Whisky_ The First Definitive Book on Whisky ,Plain Spirit,expression,0.55,,,,,,0,CREATE
Whisky_ The First Definitive Book on Whisky ,Saturday Review,expression,0.55,,,,,,0,CREATE
Whisky_ The First Definitive Book on Whisky ,Sound Knowledge,expression,0.55,,,,,,0,CREATE
Whisky_ The First Definitive Book on Whisky ,Touched With Poetry,expression,0.55,,,,,,0,CREATE
Whisky_ The First Definitive Book on Whisky ,Sir Robert Bruce,expression,0.55,,,,,,0,CREATE
Whisky_ The First Definitive Book on Whisky ,From Burn,expression,0.55,,,,,,0,CREATE
Whisky_ The First Definitive Book on Whisky ,Enough. Today,expression,0.55,,,,,,0,CREATE
Whisky_ The First Definitive Book on Whisky ,Queen Elizabeth,expression,0.55,,,,,,0,CREATE
Whisky_ The First Definitive Book on Whisky ,Friar John,expression,0.55,,,,,,0,CREATE
Whisky_ The First Definitive Book on Whisky ,As You Like,expression,0.55,,,,,,0,CREATE
Whisky_ The First Definitive Book on Whisky ,In Bishop Forbes,expression,0.55,,,,,,0,CREATE
Whisky_ The First Definitive Book on Whisky ,"Kennetpans

These",distillery,0.55,,,,,,0,CREATE
Whisky_ The First Definitive Book on Whisky ,Lowland Scotland,expression,0.55,,,lowland,,,0,CREATE
Whisky_ The First Definitive Book on Whisky ,Free Tron Church,distillery,0.55,,,,,,0,CREATE
Whisky_ The First Definitive Book on Whisky ,Raphael Holinshed,expression,0.55,,,,,,0,CREATE
Whisky_ The First Definitive Book on Whisky ,From Notes,expression,0.55,,,,quarter,,0,CREATE
Whisky_ The First Definitive Book on Whisky ,Sketches Illustrative,expression,0.55,,,,,,0,CREATE
Whisky_ The First Definitive Book on Whisky ,Alex Kraaijeveld,expression,0.55,,,,,,0,CREATE
Whisky_ The First Definitive Book on Whisky ,Welcome Whisky Back,expression,0.55,,,,,,0,CREATE
Whisky_ The First Definitive Book on Whisky ,Industry Record,expression,0.55,,,,,,0,CREATE
Whisky_ The First Definitive Book on Whisky ,Sir Walter Gilbey,distillery,0.55,,,,,,0,CREATE
Whisky_ The First Definitive Book on Whisky ,Fine Usquebaugh,expression,0.55,,,,,,0,CREATE
Whisky_ The First Definitive Book on Whisky ,Sir Robert Moray,expression,0.55,,,,,,0,CREATE
Whisky_ The First Definitive Book on Whisky ,Adam Young,distillery,0.55,,,,,,0,CREATE
Whisky_ The First Definitive Book on Whisky ,Lancashire. Lancashire,expression,0.55,,,,,,0,CREATE
Whisky_ The First Definitive Book on Whisky ,But Canada,expression,0.55,,,highland,,,0,CREATE
Whisky_ The First Definitive Book on Whisky ,Judgment Day,expression,0.55,,,,,,0,CREATE
Whisky_ The First Definitive Book on Whisky ,Neil Gunn,expression,0.55,,,,,,0,CREATE
Whisky_ The First Definitive Book on Whisky ,Select Society,bottler,0.55,,,,,society,0,CREATE
Whisky_ The First Definitive Book on Whisky ,Encyclopaedia Britannica,expression,0.55,,,,,,0,CREATE
Whisky_ The First Definitive Book on Whisky ,Edwards Burns,expression,0.55,,,,,,0,CREATE
Whisky_ The First Definitive Book on Whisky ,Hobister Moor,distillery,0.55,,,highland,,,0,CREATE
Whisky_ The First Definitive Book on Whisky ,Faemussach Moss,distillery,0.55,,,highland,,,0,CREATE
Whisky_ The First Definitive Book on Whisky ,Mash Man,expression,0.55,,,highland,,,0,CREATE
Whisky_ The First Definitive Book on Whisky ,Near Inverness,expression,0.55,,,,,,0,CREATE
Whisky_ The First Definitive Book on Whisky ,Brackla Highland Whisky,expression,0.55,,,highland,,,0,CREATE
Whisky_ The First Definitive Book on Whisky ,His Majesty,expression,0.55,,,,,,0,CREATE
Whisky_ The First Definitive Book on Whisky ,British Spirits,expression,0.55,,,,,,0,CREATE
Whisky_ The First Definitive Book on Whisky ,Sir Walter Scott,expression,0.55,,,,,,0,CREATE
Whisky_ The First Definitive Book on Whisky ,Ard Beg,expression,0.55,,,,,,0,CREATE
Whisky_ The First Definitive Book on Whisky ,Auld Man,expression,0.55,,,highland,,,0,CREATE
Whisky_ The First Definitive Book on Whisky ,Dionysos Bromios,expression,0.55,,,,,,0,CREATE
Whisky_ The First Definitive Book on Whisky ,Another Temple Gone,expression,0.55,,,,,,0,CREATE
Whisky_ The First Definitive Book on Whisky ,Andrew Usher,expression,0.55,,,,,,0,CREATE
Whisky_ The First Definitive Book on Whisky ,Ian Macleod Distillers,distillery,0.55,,,,,,0,CREATE
Whisky_ The First Definitive Book on Whisky ,Dr Nicholas Morgan,expression,0.55,,,,,,0,CREATE
"Whisky{Bruning, Ted}(2015, Bloomsbury Publis","Stirling.

Early",expression,0.55,,,,,,0,CREATE
"Whisky{Bruning, Ted}(2015, Bloomsbury Publis",Friar John Cor,expression,0.55,,,,,,0,CREATE
"Whisky{Bruning, Ted}(2015, Bloomsbury Publis","Salerno.
But",expression,0.55,,,,,,0,CREATE
"Whisky{Bruning, Ted}(2015, Bloomsbury Publis",Excise Act,expression,0.55,,,,,,0,CREATE
"Whisky{Bruning, Ted}(2015, Bloomsbury Publis",Baron Dewar,expression,0.55,,,,,,0,CREATE
"Whisky{Bruning, Ted}(2015, Bloomsbury Publis",Sir Anthony Perrier,distillery,0.55,,,,,,0,CREATE
"Whisky{Bruning, Ted}(2015, Bloomsbury Publis",Baron Forteviot,expression,0.55,,,,,,0,CREATE
"Whisky{Bruning, Ted}(2015, Bloomsbury Publis",Agricultural Hall,expression,0.55,,,,,,0,CREATE
"Whisky{Bruning, Ted}(2015, Bloomsbury Publis",Commons. Buchanan,expression,0.55,,,,,,0,CREATE
"Whisky{Bruning, Ted}(2015, Bloomsbury Publis",Alexander Edward,expression,0.55,,,speyside,,,0,CREATE
"Whisky{Bruning, Ted}(2015, Bloomsbury Publis",Leith. Latecomers,expression,0.55,,,,,,0,CREATE
"Whisky{Bruning, Ted}(2015, Bloomsbury Publis",Harold Ross,expression,0.55,,,,,,0,CREATE
"Whisky{Bruning, Ted}(2015, Bloomsbury Publis",Alliance Distribution,expression,0.55,,,,,,0,CREATE
"Whisky{Bruning, Ted}(2015, Bloomsbury Publis",Prohibition. Whiteley,expression,0.55,,,,,,0,CREATE
"Whisky{Bruning, Ted}(2015, Bloomsbury Publis",For Winston Churchill,expression,0.55,,,,,,0,CREATE
"Whisky{Bruning, Ted}(2015, Bloomsbury Publis",International Distillers,distillery,0.55,,,,,,0,CREATE
"Whisky{Bruning, Ted}(2015, Bloomsbury Publis",Arthur Bell,expression,0.55,,,,,,0,CREATE
"Whisky{Bruning, Ted}(2015, Bloomsbury Publis",Moray Firsth,distillery,0.55,,,,,,0,CREATE
"Whisky{Bruning, Ted}(2015, Bloomsbury Publis",Snow Grouse,expression,0.55,,,,,,0,CREATE
"Whisky{Bruning, Ted}(2015, Bloomsbury Publis",Earnest Cry,expression,0.55,,,,,,0,CREATE
"Whisky{Bruning, Ted}(2015, Bloomsbury Publis",Founder Anthony Wills,distillery,0.55,,,islay,,,0,CREATE
"Whisky{Bruning, Ted}(2015, Bloomsbury Publis",Atholl Brose,expression,0.55,,,,,,0,CREATE
"Whisky{Bruning, Ted}(2015, Bloomsbury Publis",Perth Road,distillery,0.55,,,,,,0,CREATE
"Whisky{Bruning, Ted}(2015, Bloomsbury Publis",Stirling Street,distillery,0.55,,,,,,0,CREATE
"Whisky{Bruning, Ted}(2015, Bloomsbury Publis",Huddart Street,distillery,0.55,,,,,,0,CREATE
"Whisky{Bruning, Ted}(2015, Bloomsbury Publis",Stafford Street,distillery,0.55,,,,,,0,CREATE
"Whisky{Bruning, Ted}(2015, Bloomsbury Publis",Holm Road,distillery,0.55,,,highland,,,0,CREATE
"Whisky{Bruning, Ted}(2015, Bloomsbury Publis",Elgin Road,distillery,0.55,,,,,,0,CREATE
"Whisky{Bruning, Ted}(2015, Bloomsbury Publis",Seafield Avenue,distillery,0.55,,,,,,0,CREATE
"Whisky{Bruning, Ted}(2015, Bloomsbury Publis",School Street,distillery,0.55,,,islay,,,0,CREATE
"Whisky{Bruning, Ted}(2015, Bloomsbury Publis",Well Close,distillery,0.55,,,campbeltown,,,0,CREATE
"Whisky{Bruning, Ted}(2015, Bloomsbury Publis",Mainstream Publishing,expression,0.55,,,,,,0,CREATE
"Whisky{Bruning, Ted}(2015, Bloomsbury Publis",Sir Robert,expression,0.55,,,,,,0,CREATE
"Whisky{Bruning, Ted}(2015, Bloomsbury Publis",Edward. Bad,expression,0.55,,,,,,0,CREATE
"Whisky{Bruning, Ted}(2015, Bloomsbury Publis",Illustrated History,bottler,0.55,,,,,society,0,CREATE
"Whisky{Bruning, Ted}(2015, Bloomsbury Publis",Cellier Blumenthal,expression,0.55,,,,,,0,CREATE
"Whisky{Bruning, Ted}(2015, Bloomsbury Publis",The Secret Still,expression,0.55,,,,,,0,CREATE
"Whisky{Bruning, Ted}(2015, Bloomsbury Publis",Birlinn Ltd,expression,0.55,,,,,,0,CREATE
World Whisky{Charles Maclean}(2016){10664435,Moscow. Once,expression,0.55,,,,,,9,CREATE
World Whisky{Charles Maclean}(2016){10664435,Japan. For,expression,0.55,,,,,,9,CREATE
World Whisky{Charles Maclean}(2016){10664435,Appearance  Consider,expression,0.55,,,,,,16,CREATE
World Whisky{Charles Maclean}(2016){10664435,Aroma  Swirl,expression,0.55,,,,,,16,CREATE
World Whisky{Charles Maclean}(2016){10664435,Parma Violet,expression,0.55,,,,,,17,CREATE
World Whisky{Charles Maclean}(2016){10664435,Bombay Sapphire,expression,0.55,,,highland,,,22,CREATE
World Whisky{Charles Maclean}(2016){10664435,Pernod Ricard,expression,0.55,,,,,,22,CREATE
World Whisky{Charles Maclean}(2016){10664435,Latin America,expression,0.55,,,,,,23,CREATE
World Whisky{Charles Maclean}(2016){10664435,"Alfred 
Barnard",expression,0.55,,,,,,27,CREATE
World Whisky{Charles Maclean}(2016){10664435,Allied Distillers,distillery,0.55,,,,,,27,CREATE
World Whisky{Charles Maclean}(2016){10664435,Beam Suntory Inc,distillery,0.55,,,highland,,,31,CREATE
World Whisky{Charles Maclean}(2016){10664435,Harold Currie,expression,0.55,,,,,,31,CREATE
World Whisky{Charles Maclean}(2016){10664435,"Erskine 
Bridge",distillery,0.55,,,,,,33,CREATE
World Whisky{Charles Maclean}(2016){10664435,Arthur Bell,expression,0.55,,,,,,42,CREATE
World Whisky{Charles Maclean}(2016){10664435,Soil Association,expression,0.75,,43,,oak,,49,CREATE
World Whisky{Charles Maclean}(2016){10664435,Remy Cointreau,distillery,0.55,,,,,,56,CREATE
World Whisky{Charles Maclean}(2016){10664435,Edgar Bronfmann,expression,0.55,,,,,,58,CREATE
World Whisky{Charles Maclean}(2016){10664435,"Diageo
James Buchanan",expression,0.55,,,,,,58,CREATE
World Whisky{Charles Maclean}(2016){10664435,Hector Henderson,distillery,0.55,,,,,,60,CREATE
World Whisky{Charles Maclean}(2016){10664435,Norman Buchanan,distillery,0.55,,,,,,60,CREATE
World Whisky{Charles Maclean}(2016){10664435,"Fife
Greatly",distillery,0.55,,,,,,61,CREATE
World Whisky{Charles Maclean}(2016){10664435,"Elizabeth 
Cumming",distillery,0.55,,,,,,61,CREATE
World Whisky{Charles Maclean}(2016){10664435,Whether Spanish,expression,0.55,,,,,,61,CREATE
World Whisky{Charles Maclean}(2016){10664435,Sir Malcolm,expression,0.55,,,,,,65,CREATE
World Whisky{Charles Maclean}(2016){10664435,When Diageo,expression,0.55,,,,,,66,CREATE
World Whisky{Charles Maclean}(2016){10664435,"Rudd
Cutty Sark",expression,0.55,,,,,,70,CREATE
World Whisky{Charles Maclean}(2016){10664435,Alexander Edward,expression,0.55,,,,,,70,CREATE
World Whisky{Charles Maclean}(2016){10664435,Roderick Dhu,expression,0.55,,,,,,71,CREATE
World Whisky{Charles Maclean}(2016){10664435,Matusalem Oloroso,expression,0.55,,,,oak,,73,CREATE
World Whisky{Charles Maclean}(2016){10664435,Cromarty Firth,distillery,0.55,,,,,,73,CREATE
World Whisky{Charles Maclean}(2016){10664435,Alexander Matheson,distillery,0.55,,,,,,73,CREATE
World Whisky{Charles Maclean}(2016){10664435,"Industrial 
Revolution",expression,0.55,,,,,,76,CREATE
World Whisky{Charles Maclean}(2016){10664435,Brodie Hepburn,expression,0.55,,,,,,76,CREATE
World Whisky{Charles Maclean}(2016){10664435,"Snow 
Grouse",expression,0.55,,,islay,,,79,CREATE
World Whisky{Charles Maclean}(2016){10664435,Andrew Usher,expression,0.55,,,,,,80,CREATE
World Whisky{Charles Maclean}(2016){10664435,Fasque Estate,distillery,0.55,,,,,,81,CREATE
World Whisky{Charles Maclean}(2016){10664435,"Sir John 
Gladstone",distillery,0.55,,,,,,81,CREATE
World Whisky{Charles Maclean}(2016){10664435,"Morayshire
Glenburgie",distillery,0.55,,,,,,81,CREATE
World Whisky{Charles Maclean}(2016){10664435,"Pure 
Highland Single",expression,0.75,,40,highland,,,82,CREATE
World Whisky{Charles Maclean}(2016){10664435,"Although 
William",expression,0.55,,,,,,82,CREATE
World Whisky{Charles Maclean}(2016){10664435,Angus Dundee,bottler,0.55,,,,,independent,82,CREATE
World Whisky{Charles Maclean}(2016){10664435,Pedro Ximinez,expression,0.55,,,,,,82,CREATE
World Whisky{Charles Maclean}(2016){10664435,Pattison Brothers,distillery,0.55,,,,,,87,CREATE
World Whisky{Charles Maclean}(2016){10664435,Family Casks,expression,0.55,,,,,,87,CREATE
World Whisky{Charles Maclean}(2016){10664435,Brian Symington,bottler,0.55,,,,port,signatory,88,CREATE
World Whisky{Charles Maclean}(2016){10664435,"Andrew 
Symington",distillery,0.75,,43,,,adelph,88,CREATE
World Whisky{Charles Maclean}(2016){10664435,Limited Release,expression,0.55,,,,,,89,CREATE
World Whisky{Charles Maclean}(2016){10664435,When Euan Shand,expression,0.55,,,,,,89,CREATE
World Whisky{Charles Maclean}(2016){10664435,Although Cragganmore,expression,0.55,,,speyside,,,92,CREATE
World Whisky{Charles Maclean}(2016){10664435,Elgin. Here,bottler,0.55,,,,,gordon,95,CREATE
World Whisky{Charles Maclean}(2016){10664435,Excise Act,expression,0.55,,,,,,96,CREATE
World Whisky{Charles Maclean}(2016){10664435,Upper Drummin,expression,0.55,,,,,,101,CREATE
World Whisky{Charles Maclean}(2016){10664435,Nadurra Cask Strength,expression,0.55,,,,,,101,CREATE
World Whisky{Charles Maclean}(2016){10664435,Bailie Nicol Jarvie,expression,0.55,,,,,,104,CREATE
World Whisky{Charles Maclean}(2016){10664435,After Dufftown,expression,0.55,,,,,,106,CREATE
World Whisky{Charles Maclean}(2016){10664435,"Exponent 
Private Equity",expression,0.55,,,,,,108,CREATE
World Whisky{Charles Maclean}(2016){10664435,Lowrie. They,expression,0.55,,,,,,108,CREATE
World Whisky{Charles Maclean}(2016){10664435,Brooks. Its,expression,0.55,,,,,,108,CREATE
World Whisky{Charles Maclean}(2016){10664435,Though Glenturret,distillery,0.55,,,,,,109,CREATE
World Whisky{Charles Maclean}(2016){10664435,Baby Bourbon,distillery,0.55,,,,refill,,110,CREATE
World Whisky{Charles Maclean}(2016){10664435,"State.
Grant",distillery,0.55,,,,bourbon,,110,CREATE
World Whisky{Charles Maclean}(2016){10664435,Family Reserve,distillery,0.55,,,,,,110,CREATE
World Whisky{Charles Maclean}(2016){10664435,"Spanish 
Oloroso",expression,0.55,,,,sherry,,111,CREATE
World Whisky{Charles Maclean}(2016){10664435,Magnus Eunson,distillery,0.55,,,,,,115,CREATE
World Whisky{Charles Maclean}(2016){10664435,Thai Beverage,expression,0.55,,,,,,116,CREATE
World Whisky{Charles Maclean}(2016){10664435,Well Close,expression,0.55,,,campbeltown,,,117,CREATE
World Whisky{Charles Maclean}(2016){10664435,International Distiller,distillery,0.55,,,,,,117,CREATE
World Whisky{Charles Maclean}(2016){10664435,"Its Green 
Plaid",expression,0.55,,,,,,117,CREATE
World Whisky{Charles Maclean}(2016){10664435,"Moray 
Firth",distillery,0.55,,,,,,117,CREATE
World Whisky{Charles Maclean}(2016){10664435,"Martin 
Distillers",distillery,0.55,,,,,,119,CREATE
World Whisky{Charles Maclean}(2016){10664435,Art Deco,expression,0.55,,,,,,119,CREATE
World Whisky{Charles Maclean}(2016){10664435,"Vijay 
Mallya",expression,0.55,,,,,,122,CREATE
World Whisky{Charles Maclean}(2016){10664435,Music Festival,expression,0.55,,,islay,,,124,CREATE
World Whisky{Charles Maclean}(2016){10664435,Tiny Kilchoman,distillery,0.55,,,islay,port,,125,CREATE
World Whisky{Charles Maclean}(2016){10664435,Harbour Inn,distillery,0.55,,,,,,125,CREATE
World Whisky{Charles Maclean}(2016){10664435,From Laphroaig,expression,0.55,,,,,,125,CREATE
World Whisky{Charles Maclean}(2016){10664435,"Gavin 
Lang",distillery,0.55,,,,,,127,CREATE
World Whisky{Charles Maclean}(2016){10664435,Although Allied Distillers,distillery,0.55,,,,,,130,CREATE
World Whisky{Charles Maclean}(2016){10664435,Seafield Estate,distillery,0.55,,,,,,134,CREATE
World Whisky{Charles Maclean}(2016){10664435,"Professor Ronnie 
Martin",expression,0.55,,,,,,135,CREATE
World Whisky{Charles Maclean}(2016){10664435,"Alexander 
Reid",distillery,0.55,,,,,,138,CREATE
World Whisky{Charles Maclean}(2016){10664435,Roderick Kemp,distillery,0.55,,,,,,138,CREATE
World Whisky{Charles Maclean}(2016){10664435,Fine Oak,expression,0.55,,,,oak,,138,CREATE
World Whisky{Charles Maclean}(2016){10664435,Sherry Oak,expression,0.55,,,,sherry,,138,CREATE
World Whisky{Charles Maclean}(2016){10664435,Denmark. There,bottler,0.55,,,,,independent,142,CREATE
World Whisky{Charles Maclean}(2016){10664435,Mac Na Mara,expression,0.55,,,,,,142,CREATE
World Whisky{Charles Maclean}(2016){10664435,Gaelic Whisky Company,expression,0.55,,,,,,142,CREATE
World Whisky{Charles Maclean}(2016){10664435,Son. From,distillery,0.55,,,,,,144,CREATE
World Whisky{Charles Maclean}(2016){10664435,Elgin. When,expression,0.55,,,,,,144,CREATE
World Whisky{Charles Maclean}(2016){10664435,Montilla Fino,expression,0.55,,,,sherry,,145,CREATE
World Whisky{Charles Maclean}(2016){10664435,"Marge 
Samuels",expression,0.55,,,,port,,147,CREATE
World Whisky{Charles Maclean}(2016){10664435,Gruppo Campari,expression,0.55,,,,sherry,,150,CREATE
World Whisky{Charles Maclean}(2016){10664435,"Alexander 
Kerr Mackay",distillery,0.55,,,,,,151,CREATE
World Whisky{Charles Maclean}(2016){10664435,Sir Iain Noble,expression,0.55,,,,,,151,CREATE
World Whisky{Charles Maclean}(2016){10664435,Potch Ghoo,expression,0.55,,,,,,151,CREATE
World Whisky{Charles Maclean}(2016){10664435,Colin Scott,expression,0.55,,,,,,156,CREATE
World Whisky{Charles Maclean}(2016){10664435,Diamond Jubilee,expression,0.55,,,,,,160,CREATE
World Whisky{Charles Maclean}(2016){10664435,Allied Domecq,distillery,0.55,,,,,,164,CREATE
World Whisky{Charles Maclean}(2016){10664435,Alexander Milne,expression,0.55,,,,,,164,CREATE
World Whisky{Charles Maclean}(2016){10664435,"Industry 
Record",expression,0.55,,,,,,167,CREATE
World Whisky{Charles Maclean}(2016){10664435,Given Skye,expression,0.55,,,,,,167,CREATE
World Whisky{Charles Maclean}(2016){10664435,Though Skye,expression,0.55,,,,,,168,CREATE
World Whisky{Charles Maclean}(2016){10664435,Upper Speyside,distillery,0.55,,,speyside,,,170,CREATE
World Whisky{Charles Maclean}(2016){10664435,Ian Macleod Distillers,distillery,0.55,,,,,,170,CREATE
World Whisky{Charles Maclean}(2016){10664435,Beam Suntory,expression,0.55,,,,,,171,CREATE
World Whisky{Charles Maclean}(2016){10664435,Chey Vek,expression,0.55,,,,,,171,CREATE
World Whisky{Charles Maclean}(2016){10664435,For Sinclair,distillery,0.55,,,,,,172,CREATE
World Whisky{Charles Maclean}(2016){10664435,While Cardhu,expression,0.55,,,,,,174,CREATE
World Whisky{Charles Maclean}(2016){10664435,Old Vatted Glenlivet,expression,0.55,,,,,,174,CREATE
World Whisky{Charles Maclean}(2016){10664435,Ronald Morrison,expression,0.55,,,,,,176,CREATE
World Whisky{Charles Maclean}(2016){10664435,"Martini. 
Lawson",expression,0.55,,,,,,180,CREATE
World Whisky{Charles Maclean}(2016){10664435,County Antrim,distillery,0.55,,,,,,187,CREATE
World Whisky{Charles Maclean}(2016){10664435,County Louth,distillery,0.55,,,,,,190,CREATE
World Whisky{Charles Maclean}(2016){10664435,"Hawthorn  
Office Park",distillery,0.55,,,,,,190,CREATE
World Whisky{Charles Maclean}(2016){10664435,"Belfast
Never",distillery,0.55,,,,,,190,CREATE
World Whisky{Charles Maclean}(2016){10664435,"County Louth 
Owner",distillery,0.55,,,,,,193,CREATE
World Whisky{Charles Maclean}(2016){10664435,Own Selection,bottler,0.75,10,40,,,berrys,193,CREATE
World Whisky{Charles Maclean}(2016){10664435,"County Cork
Launched",distillery,0.55,,,,,,193,CREATE
World Whisky{Charles Maclean}(2016){10664435,"County Cork
No",distillery,0.75,30,,,,,193,CREATE
World Whisky{Charles Maclean}(2016){10664435,County Down,distillery,0.55,,,,,,193,CREATE
World Whisky{Charles Maclean}(2016){10664435,Feckin Irish Whiskey,distillery,0.55,,,,,,193,CREATE
World Whisky{Charles Maclean}(2016){10664435,Shane Braniff,distillery,0.55,,,,,,193,CREATE
World Whisky{Charles Maclean}(2016){10664435,County Wicklow,distillery,0.55,,,,,,194,CREATE
World Whisky{Charles Maclean}(2016){10664435,County Carlow,distillery,0.55,,,,oak,,195,CREATE
World Whisky{Charles Maclean}(2016){10664435,Hot Irishman,expression,0.55,,,,,,195,CREATE
World Whisky{Charles Maclean}(2016){10664435,The Limited Reserve,expression,0.55,,,,,,199,CREATE
World Whisky{Charles Maclean}(2016){10664435,"Main 
Street",distillery,0.55,,,,,,200,CREATE
World Whisky{Charles Maclean}(2016){10664435,County Westmeath,distillery,0.55,,,,,,200,CREATE
World Whisky{Charles Maclean}(2016){10664435,"County Antrim
After",distillery,0.55,,,,,,201,CREATE
World Whisky{Charles Maclean}(2016){10664435,Although Cooley Distillery,distillery,0.55,,,,,,202,CREATE
World Whisky{Charles Maclean}(2016){10664435,More Daniel,expression,0.55,,,,,,204,CREATE
World Whisky{Charles Maclean}(2016){10664435,Sidney Frank,distillery,0.55,,,,,,205,CREATE
World Whisky{Charles Maclean}(2016){10664435,Cork Distilleries Company,distillery,0.55,,,,,,210,CREATE
World Whisky{Charles Maclean}(2016){10664435,Dungourney River,distillery,0.55,,,,,,210,CREATE
World Whisky{Charles Maclean}(2016){10664435,Paddy Flaherty,distillery,0.55,,,,,,213,CREATE
World Whisky{Charles Maclean}(2016){10664435,Cork Distillers,distillery,0.55,,,,,,213,CREATE
World Whisky{Charles Maclean}(2016){10664435,Lane Release,expression,0.55,,,,,,213,CREATE
World Whisky{Charles Maclean}(2016){10664435,After Jameson,distillery,0.55,,,,,,215,CREATE
World Whisky{Charles Maclean}(2016){10664435,Eddie Russell,expression,0.55,,,,,,220,CREATE
World Whisky{Charles Maclean}(2016){10664435,"Wilkinson 
Boulevard",distillery,0.55,,,,,,220,CREATE
World Whisky{Charles Maclean}(2016){10664435,"Happy Hollow 
Road",distillery,0.55,,,,,,220,CREATE
World Whisky{Charles Maclean}(2016){10664435,Forman Corporation,expression,0.55,,,,,,222,CREATE
World Whisky{Charles Maclean}(2016){10664435,Old Forester Kentucky,distillery,0.55,,,,bourbon,,222,CREATE
World Whisky{Charles Maclean}(2016){10664435,"Experimental 
Collection",expression,0.55,,,,wine,,225,CREATE
World Whisky{Charles Maclean}(2016){10664435,"Bonds Mill 
Road",distillery,0.55,,,,,,225,CREATE
World Whisky{Charles Maclean}(2016){10664435,Catdaddy Moonshine,distillery,0.55,,,,,,225,CREATE
World Whisky{Charles Maclean}(2016){10664435,"Dixie 
Highway",distillery,0.55,,,,,,226,CREATE
World Whisky{Charles Maclean}(2016){10664435,"Ohio 
River",distillery,0.55,,,,,,227,CREATE
World Whisky{Charles Maclean}(2016){10664435,Fifth Street,distillery,0.55,,,,,,227,CREATE
World Whisky{Charles Maclean}(2016){10664435,Hye Albert Road,distillery,0.55,,,,,,231,CREATE
World Whisky{Charles Maclean}(2016){10664435,"Antique 
Collection",distillery,0.55,,,,,,233,CREATE
World Whisky{Charles Maclean}(2016){10664435,"Edmund 
Haynes",distillery,0.55,,,,,,233,CREATE
World Whisky{Charles Maclean}(2016){10664435,"Bond Mills 
Road",distillery,0.55,,,,,,233,CREATE
World Whisky{Charles Maclean}(2016){10664435,Rendezvous Rye,expression,0.75,,46,,,,237,CREATE
World Whisky{Charles Maclean}(2016){10664435,Pennsylvania. Michter,distillery,0.55,,,,,,237,CREATE
World Whisky{Charles Maclean}(2016){10664435,Gristmill Lane,distillery,0.55,,,,oak,,237,CREATE
World Whisky{Charles Maclean}(2016){10664435,Historic Places,distillery,0.55,,,,,,237,CREATE
World Whisky{Charles Maclean}(2016){10664435,Brian Lee,distillery,0.55,,,,,,237,CREATE
World Whisky{Charles Maclean}(2016){10664435,Ralph Erenzo,distillery,0.55,,,,,,237,CREATE
World Whisky{Charles Maclean}(2016){10664435,"Old 
Gristmill Authentic",distillery,0.55,,,,,,237,CREATE
World Whisky{Charles Maclean}(2016){10664435,Lem Motlow,distillery,0.55,,,,,,238,CREATE
World Whisky{Charles Maclean}(2016){10664435,Julius Kessler,expression,0.55,,,,,,245,CREATE
World Whisky{Charles Maclean}(2016){10664435,Happy Hollow,distillery,0.55,,,,,,246,CREATE
World Whisky{Charles Maclean}(2016){10664435,"Burks 
Springs Road",distillery,0.55,,,,,,248,CREATE
World Whisky{Charles Maclean}(2016){10664435,"Wilson 
Street",distillery,0.55,,,,,,248,CREATE
World Whisky{Charles Maclean}(2016){10664435,Since September,expression,0.75,,47,,oak,,250,CREATE
World Whisky{Charles Maclean}(2016){10664435,Potrero Hill,distillery,0.55,,,,,,251,CREATE
World Whisky{Charles Maclean}(2016){10664435,Peregrine Rock,expression,0.55,,,,,,251,CREATE
World Whisky{Charles Maclean}(2016){10664435,Prohibition. All,distillery,0.55,,,,,,255,CREATE
World Whisky{Charles Maclean}(2016){10664435,Gibbs Brothers Cooperage,expression,0.55,,,,oak,,255,CREATE
World Whisky{Charles Maclean}(2016){10664435,Dead Guy Whiskey,expression,0.55,,,,,,255,CREATE
World Whisky{Charles Maclean}(2016){10664435,"Dead Guy 
Ale",expression,0.55,,,,,,255,CREATE
World Whisky{Charles Maclean}(2016){10664435,Owensboro Kentucky,distillery,0.55,,,,,,257,CREATE
World Whisky{Charles Maclean}(2016){10664435,Ten High,expression,0.75,,40,,bourbon,,258,CREATE
World Whisky{Charles Maclean}(2016){10664435,Jess Graber,distillery,0.55,,,,,,258,CREATE
World Whisky{Charles Maclean}(2016){10664435,Although Graber,distillery,0.55,,,,,,258,CREATE
World Whisky{Charles Maclean}(2016){10664435,Smith Bowman Distillery,distillery,0.55,,,,,,263,CREATE
World Whisky{Charles Maclean}(2016){10664435,For Virginia Lightning,distillery,0.55,,,,,,263,CREATE
World Whisky{Charles Maclean}(2016){10664435,Chuck Miller,distillery,0.55,,,,,,263,CREATE
World Whisky{Charles Maclean}(2016){10664435,Kopper Kettle,expression,0.55,,,,oak,,263,CREATE
World Whisky{Charles Maclean}(2016){10664435,All Canadian,expression,0.55,,,,,,270,CREATE
World Whisky{Charles Maclean}(2016){10664435,Windsor Canadian,distillery,0.55,,,,,,271,CREATE
World Whisky{Charles Maclean}(2016){10664435,Avenue North,expression,0.55,,,,,,271,CREATE
World Whisky{Charles Maclean}(2016){10664435,Constellation Brands,expression,0.75,,40,,,,271,CREATE
World Whisky{Charles Maclean}(2016){10664435,Preiss Imports Inc,expression,0.55,,,,,,277,CREATE
World Whisky{Charles Maclean}(2016){10664435,Although Canadian,expression,0.55,,,,,,277,CREATE
World Whisky{Charles Maclean}(2016){10664435,Preiss Imports,expression,0.55,,,,bourbon,,277,CREATE
World Whisky{Charles Maclean}(2016){10664435,Kittling Ridge Distillery,distillery,0.55,,,,,,277,CREATE
World Whisky{Charles Maclean}(2016){10664435,Nova Scotia,distillery,0.55,,,,,,277,CREATE
World Whisky{Charles Maclean}(2016){10664435,"Avenue 
Southeast",distillery,0.55,,,,,,279,CREATE
World Whisky{Charles Maclean}(2016){10664435,"Allied 
Lyons",distillery,0.55,,,,,,279,CREATE
World Whisky{Charles Maclean}(2016){10664435,Saitama Prefecture,expression,0.55,,,,,,282,CREATE
World Whisky{Charles Maclean}(2016){10664435,Toa Shuzo,expression,0.55,,,,,,282,CREATE
World Whisky{Charles Maclean}(2016){10664435,Isouji Akuto,expression,0.55,,,,,,282,CREATE
World Whisky{Charles Maclean}(2016){10664435,"Moscatel. 
Spicy",expression,0.55,,,,,,283,CREATE
World Whisky{Charles Maclean}(2016){10664435,"Masataka 
Taketsuru",expression,0.55,,,,,,285,CREATE
World Whisky{Charles Maclean}(2016){10664435,Japan. These,expression,0.55,,,,,,285,CREATE
World Whisky{Charles Maclean}(2016){10664435,Asahi Breweries,distillery,0.55,,,,,,288,CREATE
World Whisky{Charles Maclean}(2016){10664435,"Pure 
Malt Series",expression,0.55,,,,,,288,CREATE
World Whisky{Charles Maclean}(2016){10664435,"Expy
Chugoku Expy",expression,0.55,,,,,,290,CREATE
World Whisky{Charles Maclean}(2016){10664435,Sanyo Expy,expression,0.55,,,,,,290,CREATE
World Whisky{Charles Maclean}(2016){10664435,"Gotemba. 
Further",distillery,0.55,,,,,,290,CREATE
World Whisky{Charles Maclean}(2016){10664435,Coffey Grain Whisky,distillery,0.55,,,,,,292,CREATE
World Whisky{Charles Maclean}(2016){10664435,"Best 
Blend",expression,0.75,,43,,,,298,CREATE
World Whisky{Charles Maclean}(2016){10664435,When Shinjiro Torii,expression,0.55,,,,,,300,CREATE
World Whisky{Charles Maclean}(2016){10664435,Harling Road,distillery,0.55,,,,,,306,CREATE
World Whisky{Charles Maclean}(2016){10664435,Our Father,distillery,0.55,,,,,,307,CREATE
World Whisky{Charles Maclean}(2016){10664435,Frysk Hynder,distillery,0.55,,,,,,307,CREATE
World Whisky{Charles Maclean}(2016){10664435,Sole Bay Brewery,distillery,0.55,,,,,,307,CREATE
World Whisky{Charles Maclean}(2016){10664435,"Rue Sainte  
Anne",distillery,0.55,,,,,,308,CREATE
World Whisky{Charles Maclean}(2016){10664435,"The Des 
Menhirs",distillery,0.55,,,,,,309,CREATE
World Whisky{Charles Maclean}(2016){10664435,Sauternes. Guillon,expression,0.75,,40,,,,310,CREATE
World Whisky{Charles Maclean}(2016){10664435,Full Moon,expression,0.55,,,,oak,,311,CREATE
World Whisky{Charles Maclean}(2016){10664435,Nockberg Mountains,expression,0.55,,,,,,312,CREATE
World Whisky{Charles Maclean}(2016){10664435,Double Matured,expression,0.55,,,,,,312,CREATE
World Whisky{Charles Maclean}(2016){10664435,Original Rye,expression,0.55,,,,,,313,CREATE
World Whisky{Charles Maclean}(2016){10664435,Pure Rye Malt,expression,0.55,,,,,,313,CREATE
World Whisky{Charles Maclean}(2016){10664435,Continental European,distillery,0.55,,,,,,313,CREATE
World Whisky{Charles Maclean}(2016){10664435,Hotel Gasthof Lamm,expression,0.55,,,,,,314,CREATE
World Whisky{Charles Maclean}(2016){10664435,Madeira. Glen,expression,0.55,,,,port,,315,CREATE
World Whisky{Charles Maclean}(2016){10664435,"Box 
Power Station",distillery,0.55,,,,,,316,CREATE
World Whisky{Charles Maclean}(2016){10664435,"Denmark. 
Opened",distillery,0.55,,,,,,317,CREATE
World Whisky{Charles Maclean}(2016){10664435,"Heather 
Liden",expression,0.55,,,,,,317,CREATE
World Whisky{Charles Maclean}(2016){10664435,Sankt Claus,expression,0.55,,,,oak,,317,CREATE
World Whisky{Charles Maclean}(2016){10664435,Beam Global,expression,0.55,,,,,,319,CREATE
World Whisky{Charles Maclean}(2016){10664435,Pasaje Molino,expression,0.55,,,,,,319,CREATE
World Whisky{Charles Maclean}(2016){10664435,Fine Blend,expression,0.55,,,,,,319,CREATE
World Whisky{Charles Maclean}(2016){10664435,The Thai Mekhong,expression,0.55,,,,,,320,CREATE
World Whisky{Charles Maclean}(2016){10664435,"Israel. 
Categories",expression,0.55,,,,,,320,CREATE
World Whisky{Charles Maclean}(2016){10664435,Extra Neutral Alcohol,expression,0.55,,,,,,320,CREATE
World Whisky{Charles Maclean}(2016){10664435,"National  
Park Road",distillery,0.55,,,,,,321,CREATE
World Whisky{Charles Maclean}(2016){10664435,Dr Lalit Khaitan,expression,0.55,,,,,,321,CREATE
World Whisky{Charles Maclean}(2016){10664435,"Uttar 
Pradesh",distillery,0.55,,,,,,321,CREATE
World Whisky{Charles Maclean}(2016){10664435,Beverage Competition,expression,0.55,,,,,,323,CREATE
World Whisky{Charles Maclean}(2016){10664435,United Breweries Group,expression,0.75,,42.8,,,,323,CREATE
World Whisky{Charles Maclean}(2016){10664435,Diageo Radico,expression,0.55,,,,,,324,CREATE
World Whisky{Charles Maclean}(2016){10664435,Shah Rukh Khan,expression,0.75,,42.8,,,,324,CREATE
World Whisky{Charles Maclean}(2016){10664435,"Select Indian 
Malts",expression,0.75,,42.8,,,,324,CREATE
World Whisky{Charles Maclean}(2016){10664435,Mysore Road,expression,0.55,,,,,,325,CREATE
World Whisky{Charles Maclean}(2016){10664435,"Original Choice 
Whisky",expression,0.55,,,,wine,,325,CREATE
World Whisky{Charles Maclean}(2016){10664435,Allied Blenders,expression,0.55,,,,,,325,CREATE
World Whisky{Charles Maclean}(2016){10664435,Blenders Pride,expression,0.75,,42.8,,,,326,CREATE
World Whisky{Charles Maclean}(2016){10664435,Yuanshan Road,distillery,0.55,,,,,,327,CREATE
World Whisky{Charles Maclean}(2016){10664435,"Industrial 
Company",expression,0.55,,,,,,327,CREATE
World Whisky{Charles Maclean}(2016){10664435,Davey Street,distillery,0.55,,,,,,330,CREATE
World Whisky{Charles Maclean}(2016){10664435,Bill Lark,distillery,0.55,,,,,,330,CREATE
World Whisky{Charles Maclean}(2016){10664435,Kosher Certified,expression,0.75,,58,,,,330,CREATE
World Whisky{Charles Maclean}(2016){10664435,Casey Overeem,distillery,0.55,,,,,,331,CREATE
World Whisky{Charles Maclean}(2016){10664435,Margaret Batt,distillery,0.55,,,,,,332,CREATE
World Whisky{Charles Maclean}(2016){10664435,Wilson Brewery,bottler,0.55,,,,,cadenhead,334,CREATE
World Whisky{Charles Maclean}(2016){10664435,Malt Extract Company,bottler,0.55,,,,,wmcadenhead,334,CREATE
World Whisky{Charles Maclean}(2016){10664435,"Old 
Hokonui Moonshine",expression,0.55,,,,,,334,CREATE
World Whisky{Charles Maclean}(2016){10664435,"Hokonui 
Museum",expression,0.75,,40,,,,334,CREATE
World Whisky{Charles Maclean}(2016){10664435,Cellar Door,expression,0.55,,,,,,334,CREATE
World Whisky{Charles Maclean}(2016){10664435,"Wellington 
East",distillery,0.55,,,,,,335,CREATE
World Whisky{Charles Maclean}(2016){10664435,"Captain James 
Sedgwick",distillery,0.55,,,,,,335,CREATE
World Whisky{Charles Maclean}(2016){10664435,Premium Select,expression,0.55,,,,,,335,CREATE
World Whisky{Charles Maclean}(2016){10664435,Dumping  Emptying,expression,0.55,,,,,,342,CREATE
World Whisky{Charles Maclean}(2016){10664435,Grist  Ground,expression,0.55,,,,,,342,CREATE
World Whisky{Charles Maclean}(2016){10664435,Maturation  For,expression,0.55,,,,,,343,CREATE
World Whisky{Charles Maclean}(2016){10664435,Peating  Adding,expression,0.55,,,,,,343,CREATE
World Whisky{Charles Maclean}(2016){10664435,"Diageo.
 Diageo",expression,0.55,,,,,,344,CREATE
World Whisky{Charles Maclean}(2016){10664435,"Allied 
Breweries",expression,0.55,,,,,,344,CREATE
World Whisky{Charles Maclean}(2016){10664435,"Mandoon Road 
Girraween",bottler,0.55,,,,,smws,345,CREATE
World Whisky{Charles Maclean}(2016){10664435,"Potstill 
Laudongasse",expression,0.55,,,,,,345,CREATE
World Whisky{Charles Maclean}(2016){10664435,Jean Chatel,expression,0.55,,,,,,345,CREATE
World Whisky{Charles Maclean}(2016){10664435,"Whisky Market 
Luxemburger",bottler,0.55,,,,,cadenhead,345,CREATE
World Whisky{Charles Maclean}(2016){10664435,"Cigars 
Sophienstrasse",expression,0.55,,,,,,345,CREATE
World Whisky{Charles Maclean}(2016){10664435,"Dawson Street  
Dublin",expression,0.55,,,,,,345,CREATE
World Whisky{Charles Maclean}(2016){10664435,Bedford Street,expression,0.55,,,,,,345,CREATE
World Whisky{Charles Maclean}(2016){10664435,"Covent Garden 
London",expression,0.55,,,,,,345,CREATE
World Whisky{Charles Maclean}(2016){10664435,Fife Street,expression,0.55,,,,,,345,CREATE
World Whisky{Charles Maclean}(2016){10664435,"Sutter Street  
San",expression,0.55,,,,,,345,CREATE
World Whisky{Charles Maclean}(2016){10664435,Tverskoy Boulevard,expression,0.55,,,,,,345,CREATE
World Whisky{Charles Maclean}(2016){10664435,Cadenheads Whisky Shop,expression,0.55,,,,,,345,CREATE
World Whisky{Charles Maclean}(2016){10664435,Tasting Room,expression,0.55,,,,,,345,CREATE
World Whisky{Charles Maclean}(2016){10664435,"Chiltern Street  
London",expression,0.55,,,,,,345,CREATE
World Whisky{Charles Maclean}(2016){10664435,The Vintage House,bottler,0.55,,,,,society,345,CREATE
World Whisky{Charles Maclean}(2016){10664435,Bond Act,distillery,0.55,,,,,,346,CREATE
World Whisky{Charles Maclean}(2016){10664435,Captain William,expression,0.55,,,,,,347,CREATE
World Whisky{Charles Maclean}(2016){10664435,Gotemba Fujisanroku,distillery,0.55,,,,,gordon,348,CREATE
World Whisky{Charles Maclean}(2016){10664435,Captain Hugh,distillery,0.55,,,,,,349,CREATE
World Whisky{Charles Maclean}(2016){10664435,Sir William Johnstone,distillery,0.55,,,,,,350,CREATE
World Whisky{Charles Maclean}(2016){10664435,Dorling Kindersley,expression,0.55,,,,,,352,CREATE
World Whisky{Charles Maclean}(2016){10664435,Double Distilleries,distillery,0.55,,,,,,352,CREATE
World Whisky{Charles Maclean}(2016){10664435,Sachin Singh,expression,0.55,,,,sherry,,352,CREATE
World Whisky{Charles Maclean}(2016){10664435,"Choice
Thameside Media",expression,0.55,,,,bourbon,,352,CREATE
World Whisky{Charles Maclean}(2016){10664435,Rajesh Kumar Mishra,expression,0.55,,,,,,352,CREATE
World Whisky{Charles Maclean}(2016){10664435,"Suresh Kumar
The",expression,0.55,,,,,,352,CREATE
World Whisky{Charles Maclean}(2016){10664435,Beam Global Distribution,distillery,0.55,,,,,,352,CREATE
World Whisky{Charles Maclean}(2016){10664435,Beam Distilling Co,distillery,0.75,,40,,,,352,CREATE
World Whisky{Charles Maclean}(2016){10664435,Betta Milk Cooperative,distillery,0.55,,,,,,352,CREATE
World Whisky{Charles Maclean}(2016){10664435,Constellation Spirits Inc,distillery,0.55,,,,,,353,CREATE
World Whisky{Charles Maclean}(2016){10664435,Poit Dhubh,distillery,0.55,,,,,,353,CREATE
World Whisky{Charles Maclean}(2016){10664435,"Arkansas 
Bourbon",distillery,0.55,,,,bourbon,,353,CREATE
World Whisky{Charles Maclean}(2016){10664435,Spencerfield Spirits,distillery,0.55,,,speyside,,,353,CREATE
World Whisky{Charles Maclean}(2016){10664435,Jane Grimley,distillery,0.55,,,,,,354,CREATE
World Whisky{Charles Maclean}(2016){10664435,Ann Miller,distillery,0.55,,,,,,354,CREATE
World Whisky{Charles Maclean}(2016){10664435,Ewan Mackintosh,distillery,0.55,,,,,,354,CREATE
World Whisky{Charles Maclean}(2016){10664435,"The 
Canny Man",distillery,0.55,,,,,,354,CREATE
World Whisky{Charles Maclean}(2016){10664435,Vicky Stevens,distillery,0.55,,,,,,354,CREATE
World Whisky{Charles Maclean}(2016){10664435,"Graham 
Holyoake",distillery,0.55,,,,,,354,CREATE
World Whisky{Charles Maclean}(2016){10664435,Graham Logie,expression,0.55,,,speyside,port,,354,CREATE
World Whisky{Charles Maclean}(2016){10664435,Sukhinder Singh,expression,0.55,,,,,,354,CREATE
World Whisky{Charles Maclean}(2016){10664435,Casper Morris,expression,0.55,,,,,,354,CREATE
World Whisky{Charles Maclean}(2016){10664435,Becky Offringa,expression,0.55,,,,,,354,CREATE
World Whisky{Charles Maclean}(2016){10664435,"Aparna 
Sharma",expression,0.55,,,,,,354,CREATE
World Whisky{Charles Maclean}(2016){10664435,Jane Simmonds,expression,0.55,,,,,,354,CREATE
World Whisky{Charles Maclean}(2016){10664435,Karen Constanti,expression,0.55,,,,,,354,CREATE
World Whisky{Charles Maclean}(2016){10664435,Elected Keeper,expression,0.55,,,,,,354,CREATE
World Whisky{Charles Maclean}(2016){10664435,Outstanding Achievement,expression,0.55,,,,,,354,CREATE
World Whisky{Charles Maclean}(2016){10664435,Dominic Roskrow,expression,0.55,,,,,,354,CREATE
[Scotch Whisky 2023-apr] - (2023) - libgen.l,Explore Scotland,expression,0.55,,,,,,1,CREATE
[Scotch Whisky 2023-apr] - (2023) - libgen.l,"Editor
Written",expression,0.55,,,,,,3,CREATE
[Scotch Whisky 2023-apr] - (2023) - libgen.l,Bethany Whymark,expression,0.55,,,,,,3,CREATE
[Scotch Whisky 2023-apr] - (2023) - libgen.l,Malting Barley Committee,expression,0.55,,,,,,3,CREATE
[Scotch Whisky 2023-apr] - (2023) - libgen.l,Named The Regeneration,expression,0.55,,,islay,,,3,CREATE
[Scotch Whisky 2023-apr] - (2023) - libgen.l,Harbour Gin,distillery,0.55,,,,,,3,CREATE
[Scotch Whisky 2023-apr] - (2023) - libgen.l,Graham Taylor,expression,0.55,,,,,,3,CREATE
[Scotch Whisky 2023-apr] - (2023) - libgen.l,Seymour. Printed,expression,0.55,,,,,,4,CREATE
[Scotch Whisky 2023-apr] - (2023) - libgen.l,Paragraph Publishing Ltd,bottler,0.55,,,,,independent,4,CREATE
[Scotch Whisky 2023-apr] - (2023) - libgen.l,Woolgate Court,expression,0.55,,,,,,4,CREATE
[Scotch Whisky 2023-apr] - (2023) - libgen.l,"Club
John",distillery,0.55,,,,,,7,CREATE
[Scotch Whisky 2023-apr] - (2023) - libgen.l,"Bhainne
Glenrinnes",distillery,0.55,,,,,,7,CREATE
[Scotch Whisky 2023-apr] - (2023) - libgen.l,"Words 
Annan",distillery,0.55,,,,,,7,CREATE
[Scotch Whisky 2023-apr] - (2023) - libgen.l,"Achlaise
Badachro",distillery,0.55,,,,,,7,CREATE
[Scotch Whisky 2023-apr] - (2023) - libgen.l,Birnie Moss,distillery,0.55,,,,,,7,CREATE
[Scotch Whisky 2023-apr] - (2023) - libgen.l,"Pure Scot
Wigtown",distillery,0.55,,,,,,7,CREATE
[Scotch Whisky 2023-apr] - (2023) - libgen.l,"Crabbie
Leith",distillery,0.55,,,,,,7,CREATE
[Scotch Whisky 2023-apr] - (2023) - libgen.l,Stobcross Road,distillery,0.55,,,,,,7,CREATE
[Scotch Whisky 2023-apr] - (2023) - libgen.l,Newton Stewart,distillery,0.55,,,,,,7,CREATE
[Scotch Whisky 2023-apr] - (2023) - libgen.l,Teith Mill,distillery,0.55,,,,,,7,CREATE
[Scotch Whisky 2023-apr] - (2023) - libgen.l,Lynedoch Crescent,expression,0.55,,,,,,7,CREATE
[Scotch Whisky 2023-apr] - (2023) - libgen.l,Auld Reekie,expression,0.55,,,,,,7,CREATE
[Scotch Whisky 2023-apr] - (2023) - libgen.l,"Whisky Galore
Huntly",expression,0.55,,,,,,7,CREATE
[Scotch Whisky 2023-apr] - (2023) - libgen.l,The Discovery Collection,expression,0.55,,,,,,8,CREATE
[Scotch Whisky 2023-apr] - (2023) - libgen.l,Atholl Crescent,expression,0.55,,,,,,8,CREATE
[Scotch Whisky 2023-apr] - (2023) - libgen.l,"Naked Malt
Queen",expression,0.55,,,,,,8,CREATE
[Scotch Whisky 2023-apr] - (2023) - libgen.l,"Fable
Livingston",expression,0.55,,,,,,8,CREATE
[Scotch Whisky 2023-apr] - (2023) - libgen.l,Lum Reek,distillery,0.55,,,,,,8,CREATE
[Scotch Whisky 2023-apr] - (2023) - libgen.l,The Family Casks,distillery,0.55,,,,,,8,CREATE
[Scotch Whisky 2023-apr] - (2023) - libgen.l,Upper Docharty,distillery,0.55,,,,,,8,CREATE
[Scotch Whisky 2023-apr] - (2023) - libgen.l,"The Hearach
Tarbert",distillery,0.55,,,,,,8,CREATE
[Scotch Whisky 2023-apr] - (2023) - libgen.l,Peel Park,distillery,0.55,,,,,,8,CREATE
[Scotch Whisky 2023-apr] - (2023) - libgen.l,"Raer
Jackton",distillery,0.55,,,,,,8,CREATE
[Scotch Whisky 2023-apr] - (2023) - libgen.l,Lubnaig Road,expression,0.55,,,,,,9,CREATE
[Scotch Whisky 2023-apr] - (2023) - libgen.l,"Commando
Thurso",distillery,0.55,,,,,,9,CREATE
[Scotch Whisky 2023-apr] - (2023) - libgen.l,"Nunton
Nunton Steadings",distillery,0.55,,,,,,9,CREATE
[Scotch Whisky 2023-apr] - (2023) - libgen.l,"Shetland Reel
Haroldswick",distillery,0.55,,,,,,9,CREATE
[Scotch Whisky 2023-apr] - (2023) - libgen.l,Shetland Isles,distillery,0.55,,,,,,9,CREATE
[Scotch Whisky 2023-apr] - (2023) - libgen.l,"Society
The Vaults",bottler,0.55,,,,,society,9,CREATE
[Scotch Whisky 2023-apr] - (2023) - libgen.l,"Skene Reserve
Queensferry",expression,0.55,,,,,,9,CREATE
[Scotch Whisky 2023-apr] - (2023) - libgen.l,Beinn Dubh,distillery,0.55,,,speyside,,,9,CREATE
[Scotch Whisky 2023-apr] - (2023) - libgen.l,Trommie Mills,distillery,0.55,,,,,,9,CREATE
[Scotch Whisky 2023-apr] - (2023) - libgen.l,"Tri Carragh
Albany",expression,0.55,,,,,,9,CREATE
[Scotch Whisky 2023-apr] - (2023) - libgen.l,Main Street,expression,0.55,,,,,,9,CREATE
[Scotch Whisky 2023-apr] - (2023) - libgen.l,Environment Strategy,expression,0.55,,,,,,10,CREATE
[Scotch Whisky 2023-apr] - (2023) - libgen.l,"Street 
Members",bottler,0.55,,,,,society,15,CREATE
[Scotch Whisky 2023-apr] - (2023) - libgen.l,"The Queen 
Street",bottler,0.55,,,,,smws,15,CREATE
[Scotch Whisky 2023-apr] - (2023) - libgen.l,"At Greville 
Street",bottler,0.55,,,,,smws,15,CREATE
[Scotch Whisky 2023-apr] - (2023) - libgen.l,"The 
Kaleidoscope Bar",bottler,0.55,,,,,smws,15,CREATE
[Scotch Whisky 2023-apr] - (2023) - libgen.l,Dr Nick Savage,expression,0.55,,,,,,18,CREATE
[Scotch Whisky 2023-apr] - (2023) - libgen.l,"Pier
Starlaw
Eden",distillery,0.55,,,,,,18,CREATE
[Scotch Whisky 2023-apr] - (2023) - libgen.l,Brian Kinsman,expression,0.55,,,,,,20,CREATE
[Scotch Whisky 2023-apr] - (2023) - libgen.l,Rob Carpenter,bottler,0.55,,,,,society,21,CREATE
[Scotch Whisky 2023-apr] - (2023) - libgen.l,"St Leonards 
Railway",distillery,0.55,,,,,,21,CREATE
[Scotch Whisky 2023-apr] - (2023) - libgen.l,"Halewood 
International",distillery,0.55,,,,,,21,CREATE
[Scotch Whisky 2023-apr] - (2023) - libgen.l,"Chain Pier 
Distillery",distillery,0.55,,,,,,21,CREATE
[Scotch Whisky 2023-apr] - (2023) - libgen.l,Jamie Lockhart,expression,0.55,,,,,,21,CREATE
[Scotch Whisky 2023-apr] - (2023) - libgen.l,Malcolm Rennie,distillery,0.55,,,,,,22,CREATE
[Scotch Whisky 2023-apr] - (2023) - libgen.l,"Ian 
Cuthbert",expression,0.55,,,,,,22,CREATE
[Scotch Whisky 2023-apr] - (2023) - libgen.l,"Perthshire
Brian Morrison",expression,0.55,,,lowland,,,24,CREATE
[Scotch Whisky 2023-apr] - (2023) - libgen.l,"Julieann 
Fernandez",expression,0.55,,,,,,26,CREATE
[Scotch Whisky 2023-apr] - (2023) - libgen.l,"Kristiane Sherry
The",expression,0.55,,,,sherry,,26,CREATE
[Scotch Whisky 2023-apr] - (2023) - libgen.l,Sinclair Series,expression,0.55,,,,,,27,CREATE
[Scotch Whisky 2023-apr] - (2023) - libgen.l,Palo Cortado,expression,0.55,,,,sherry,,28,CREATE
[Scotch Whisky 2023-apr] - (2023) - libgen.l,Whisky Experiences  Johnnie,expression,0.55,,,,,,32,CREATE
[Scotch Whisky 2023-apr] - (2023) - libgen.l,Walker Princes Street,expression,0.55,,,,,,32,CREATE
[Scotch Whisky 2023-apr] - (2023) - libgen.l,Experiences  Johnnie Walker,expression,0.55,,,,,,34,CREATE
[Scotch Whisky 2023-apr] - (2023) - libgen.l,"Dr 
Emma Walker",expression,0.55,,,,,,34,CREATE
[Scotch Whisky 2023-apr] - (2023) - libgen.l,"Flavour 
Finder",expression,0.55,,,,,,34,CREATE
[Scotch Whisky 2023-apr] - (2023) - libgen.l,Ultrasonic Bobby Burns,expression,0.55,,,,,,37,CREATE
[Scotch Whisky 2023-apr] - (2023) - libgen.l,For Princes Street,expression,0.55,,,,,,37,CREATE
[Scotch Whisky 2023-apr] - (2023) - libgen.l,Bothy Bar,expression,0.55,,,,,,37,CREATE
[Scotch Whisky 2023-apr] - (2023) - libgen.l,"Admiring Johnnie 
Walker",expression,0.55,,,,,,39,CREATE
[Scotch Whisky 2023-apr] - (2023) - libgen.l,Focus  Coachbuilt,expression,0.55,,,,,,42,CREATE
[Scotch Whisky 2023-apr] - (2023) - libgen.l,Jenson Button,expression,0.55,,,,,,44,CREATE
[Scotch Whisky 2023-apr] - (2023) - libgen.l,Coachbuilt Spirits,expression,0.75,,46,,,,46,CREATE
[Scotch Whisky 2023-apr] - (2023) - libgen.l,Focus  Morrison Scotch,distillery,0.55,,,,,,48,CREATE
[Scotch Whisky 2023-apr] - (2023) - libgen.l,"Malcolm Triggs
Morrison",expression,0.55,,,,,,48,CREATE
[Scotch Whisky 2023-apr] - (2023) - libgen.l,Niel Hendriksz,distillery,0.55,,,,,,48,CREATE
[Scotch Whisky 2023-apr] - (2023) - libgen.l,"Old Perth 
Original",expression,0.55,,,,,,53,CREATE
[Scotch Whisky 2023-apr] - (2023) - libgen.l,Focus  Glasgow Distillery,distillery,0.55,,,,,,54,CREATE
[Scotch Whisky 2023-apr] - (2023) - libgen.l,Sebastian Bunford,expression,0.55,,,,,,54,CREATE
[Scotch Whisky 2023-apr] - (2023) - libgen.l,Liam Hughes,expression,0.55,,,,,,54,CREATE
[Scotch Whisky 2023-apr] - (2023) - libgen.l,"Our 
Written",expression,0.55,,,,,,54,CREATE
[Scotch Whisky 2023-apr] - (2023) - libgen.l,Pot Still,expression,0.55,,,,,,58,CREATE
[Scotch Whisky 2023-apr] - (2023) - libgen.l,Hope Street,expression,0.55,,,,,,58,CREATE
[Scotch Whisky 2023-apr] - (2023) - libgen.l,Erskine Bridge,distillery,0.55,,,,,,58,CREATE
[Scotch Whisky 2023-apr] - (2023) - libgen.l,Neill Murphy,expression,0.55,,,,,,58,CREATE
[Scotch Whisky 2023-apr] - (2023) - libgen.l,Also Laureate,expression,0.55,,,,,,58,CREATE
[Scotch Whisky 2023-apr] - (2023) - libgen.l,Focus  Torabhaig,distillery,0.55,,,,,,60,CREATE
[Scotch Whisky 2023-apr] - (2023) - libgen.l,"Crisp Maltings
Average",expression,0.55,,,,,,64,CREATE
[Scotch Whisky 2023-apr] - (2023) - libgen.l,"Peated
Average",expression,0.75,,70,,,,64,CREATE
[Scotch Whisky 2023-apr] - (2023) - libgen.l,"Outside 
Torabhaig Distillery",distillery,0.55,,,,,,65,CREATE
[Scotch Whisky 2023-apr] - (2023) - libgen.l,Focus  Caol Ila,distillery,0.55,,,,,,66,CREATE
[Scotch Whisky 2023-apr] - (2023) - libgen.l,"Smith
Caol Ila",distillery,0.55,,,islay,,,66,CREATE
[Scotch Whisky 2023-apr] - (2023) - libgen.l,"Laureate
Preparation",expression,0.55,,,,port,,68,CREATE
[Scotch Whisky 2023-apr] - (2023) - libgen.l,"Peaty
Average",expression,0.75,,71,,,,68,CREATE
[Scotch Whisky 2023-apr] - (2023) - libgen.l,Distillery Focus  Caol,distillery,0.55,,,,,,69,CREATE
[Scotch Whisky 2023-apr] - (2023) - libgen.l,"Ila
Further",distillery,0.55,,,,,,69,CREATE
[Scotch Whisky 2023-apr] - (2023) - libgen.l,Barbara Smith,distillery,0.55,,,,,,71,CREATE
[Scotch Whisky 2023-apr] - (2023) - libgen.l,Striding Man,distillery,0.55,,,islay,,,71,CREATE
[Scotch Whisky 2023-apr] - (2023) - libgen.l,Billy Walker,expression,0.55,,,,,,72,CREATE
[Scotch Whisky 2023-apr] - (2023) - libgen.l,For Walker,expression,0.55,,,,,,77,CREATE
[Scotch Whisky 2023-apr] - (2023) - libgen.l,Kieron Ingram,distillery,0.55,,,,,,77,CREATE
[Scotch Whisky 2023-apr] - (2023) - libgen.l,Exploration Rum,expression,0.55,,,,,,77,CREATE
[Scotch Whisky 2023-apr] - (2023) - libgen.l,Excise Act,distillery,0.55,,,,,,78,CREATE
[Scotch Whisky 2023-apr] - (2023) - libgen.l,"Moa Nilsson
Step",expression,0.55,,,,,,78,CREATE
[Scotch Whisky 2023-apr] - (2023) - libgen.l,Focus  Finn Thomson,expression,0.55,,,,,,79,CREATE
[Scotch Whisky 2023-apr] - (2023) - libgen.l,Whisky Focus  Finn,expression,0.55,,,,,,81,CREATE
[Scotch Whisky 2023-apr] - (2023) - libgen.l,"Whisky Hotels
One",expression,0.55,,,,,,84,CREATE
[Scotch Whisky 2023-apr] - (2023) - libgen.l,Rocco Forte Hotels,expression,0.55,,,,,,84,CREATE
[Scotch Whisky 2023-apr] - (2023) - libgen.l,Olga Polizzi,expression,0.55,,,,,,84,CREATE
[Scotch Whisky 2023-apr] - (2023) - libgen.l,Queen Victoria,expression,0.55,,,,,,85,CREATE
[Scotch Whisky 2023-apr] - (2023) - libgen.l,Fife Arms,expression,0.55,,,,,,85,CREATE
[Scotch Whisky 2023-apr] - (2023) - libgen.l,The Flying Stag,expression,0.55,,,,,,85,CREATE
[Scotch Whisky 2023-apr] - (2023) - libgen.l,Late Hour,expression,0.55,,,,,,86,CREATE
[Scotch Whisky 2023-apr] - (2023) - libgen.l,Tain Golf,expression,0.55,,,,,,87,CREATE
[Scotch Whisky 2023-apr] - (2023) - libgen.l,Meldrum House Hotel,expression,0.55,,,islay,,,88,CREATE
[Scotch Whisky 2023-apr] - (2023) - libgen.l,Spanish Oak,expression,0.55,,,,puncheon,,89,CREATE
[Scotch Whisky 2023-apr] - (2023) - libgen.l,Culture  How,expression,0.55,,,,,,90,CREATE
[Scotch Whisky 2023-apr] - (2023) - libgen.l,"The 
Diageo Claive",expression,0.55,,,,,,93,CREATE
[Scotch Whisky 2023-apr] - (2023) - libgen.l,"Vidiz 
Whisky Collection",expression,0.55,,,,,,93,CREATE
[Scotch Whisky 2023-apr] - (2023) - libgen.l,Focus  Aberlour,expression,0.55,,,,,,96,CREATE
[Scotch Whisky 2023-apr] - (2023) - libgen.l,Felipe Schrieberg,expression,0.55,,,,,,96,CREATE
[Scotch Whisky 2023-apr] - (2023) - libgen.l,Mark Littler,expression,0.55,,,,,,98,CREATE
[Scotch Whisky 2023-apr] - (2023) - libgen.l,Graeme Cruickshank,expression,0.55,,,,,,99,CREATE
[Scotch Whisky 2023-apr] - (2023) - libgen.l,Marc Watson,distillery,0.55,,,,,,101,CREATE
[Scotch Whisky 2023-apr] - (2023) - libgen.l,Ian Stirling,distillery,0.55,,,,port,,102,CREATE
[Scotch Whisky 2023-apr] - (2023) - libgen.l,"Leith 
Distillery
Production",distillery,0.55,,,,port,,102,CREATE
[Scotch Whisky 2023-apr] - (2023) - libgen.l,"Jay 
West",expression,0.55,,,,,,105,CREATE
[Scotch Whisky 2023-apr] - (2023) - libgen.l,Production  New,distillery,0.55,,,,port,,105,CREATE
[Scotch Whisky 2023-apr] - (2023) - libgen.l,"Phoebe Calver
As",expression,0.55,,,,,,106,CREATE
[Scotch Whisky 2023-apr] - (2023) - libgen.l,Christopher Coates,expression,0.55,,,,,,106,CREATE
[Scotch Whisky 2023-apr] - (2023) - libgen.l,"Lowland
Bethany
Nose",distillery,0.75,,58.5,lowland,,,107,CREATE
[Scotch Whisky 2023-apr] - (2023) - libgen.l,Robinsons Fruits,expression,0.55,,,,,,108,CREATE
[Scotch Whisky 2023-apr] - (2023) - libgen.l,Calpol. Marshmallow,expression,0.55,,,,,,108,CREATE
[Scotch Whisky 2023-apr] - (2023) - libgen.l,Jolly Ranchers,expression,0.55,,,,,,108,CREATE
[Scotch Whisky 2023-apr] - (2023) - libgen.l,"Bethany
Nose",distillery,0.75,,40,,,,108,CREATE
[Scotch Whisky 2023-apr] - (2023) - libgen.l,"Phoebe
Nose",bottler,0.75,,44.2,,,independent,109,CREATE
[Scotch Whisky 2023-apr] - (2023) - libgen.l,"Lowland
Phoebe
Nose",distillery,0.75,,47,lowland,,,110,CREATE
[Scotch Whisky 2023-apr] - (2023) - libgen.l,Vanilla Yankee,expression,0.55,,,,,,111,CREATE
[Scotch Whisky 2023-apr] - (2023) - libgen.l,"Christopher
Nose",expression,0.55,,,,wine,,111,CREATE
[Scotch Whisky 2023-apr] - (2023) - libgen.l,Pernod Ricard,distillery,0.75,,40,,,,112,CREATE
[Scotch Whisky 2023-apr] - (2023) - libgen.l,Halewood Artisanal Spirits,bottler,0.75,22,47.5,,,independent,112,CREATE
[Scotch Whisky 2023-apr] - (2023) - libgen.l,Artisanal Spirits Co,distillery,0.75,,46.5,,,,114,CREATE
[Scotch Whisky 2023-apr] - (2023) - libgen.l,Ian Macleod Distillers,distillery,0.75,15,43,,,,117,CREATE
[Scotch Whisky 2023-apr] - (2023) - libgen.l,Liquorice Allsorts,distillery,0.55,,,lowland,,,117,CREATE
[Scotch Whisky 2023-apr] - (2023) - libgen.l,Moet Hennessy,distillery,0.75,,46,,,,118,CREATE
[Scotch Whisky 2023-apr] - (2023) - libgen.l,Lalique Group,distillery,0.75,,45,,,,118,CREATE
[Scotch Whisky 2023-apr] - (2023) - libgen.l,Medium. Apple,expression,0.55,,,,oak,,120,CREATE
[Scotch Whisky 2023-apr] - (2023) - libgen.l,Courageous Spirits,bottler,0.75,,58,,sherry,independent,121,CREATE
[Scotch Whisky 2023-apr] - (2023) - libgen.l,Medium. Blossom,expression,0.55,,,,oak,,123,CREATE
[Scotch Whisky 2023-apr] - (2023) - libgen.l,Remy Cointreau,distillery,0.75,,61.6,,,,126,CREATE
[Scotch Whisky 2023-apr] - (2023) - libgen.l,Orangina. Dark,expression,0.55,,,speyside,,,126,CREATE
[Scotch Whisky 2023-apr] - (2023) - libgen.l,Leith Export Co,distillery,0.75,,45.7,,,,127,CREATE
[Scotch Whisky 2023-apr] - (2023) - libgen.l,Medium. Rosemary,expression,0.55,,,,,,130,CREATE
[Scotch Whisky 2023-apr] - (2023) - libgen.l,Full. Blackcurrant,expression,0.55,,,,,,132,CREATE
_OceanofPDF.com_Whisky_Advocate_-_Fall_2023_,Rising Star,expression,0.55,,,,,,11,CREATE
_OceanofPDF.com_Whisky_Advocate_-_Fall_2023_,Malts Across America,expression,0.55,,,,,,11,CREATE
_OceanofPDF.com_Whisky_Advocate_-_Fall_2023_,Being The Blender,expression,0.55,,,,,,11,CREATE
_OceanofPDF.com_Whisky_Advocate_-_Fall_2023_,"Cowdery
When",expression,0.55,,,,,,12,CREATE
_OceanofPDF.com_Whisky_Advocate_-_Fall_2023_,"Buying Guide
Reviews",expression,0.55,,,,,,12,CREATE
_OceanofPDF.com_Whisky_Advocate_-_Fall_2023_,"Shanken
Editor",expression,0.55,,,,,,15,CREATE
_OceanofPDF.com_Whisky_Advocate_-_Fall_2023_,Shanken Communications,expression,0.55,,,,,,16,CREATE
_OceanofPDF.com_Whisky_Advocate_-_Fall_2023_,Creative Director John,expression,0.55,,,,,,16,CREATE
_OceanofPDF.com_Whisky_Advocate_-_Fall_2023_,Events Joan,expression,0.55,,,,,,16,CREATE
_OceanofPDF.com_Whisky_Advocate_-_Fall_2023_,Events Laurie Bowers,expression,0.55,,,,,,16,CREATE
_OceanofPDF.com_Whisky_Advocate_-_Fall_2023_,Contributing Editor Jonny,expression,0.55,,,,,,16,CREATE
_OceanofPDF.com_Whisky_Advocate_-_Fall_2023_,"Day One
No",distillery,0.55,,,,,,21,CREATE
_OceanofPDF.com_Whisky_Advocate_-_Fall_2023_,Fresh Bourbon Distillery,distillery,0.55,,,,bourbon,,22,CREATE
_OceanofPDF.com_Whisky_Advocate_-_Fall_2023_,Paris. Guided,distillery,0.55,,,,,,22,CREATE
_OceanofPDF.com_Whisky_Advocate_-_Fall_2023_,"Elkhorn 
Tavern",distillery,0.55,,,,,,25,CREATE
_OceanofPDF.com_Whisky_Advocate_-_Fall_2023_,Mint Juleps,expression,0.55,,,,,,25,CREATE
_OceanofPDF.com_Whisky_Advocate_-_Fall_2023_,"Cidery
Barrel House",distillery,0.55,,,,,,25,CREATE
_OceanofPDF.com_Whisky_Advocate_-_Fall_2023_,"Manchester 
Street",distillery,0.55,,,,,,25,CREATE
_OceanofPDF.com_Whisky_Advocate_-_Fall_2023_,Tasting Room,distillery,0.55,,,,bourbon,,25,CREATE
_OceanofPDF.com_Whisky_Advocate_-_Fall_2023_,"Shops
Cork",distillery,0.55,,,,,,25,CREATE
_OceanofPDF.com_Whisky_Advocate_-_Fall_2023_,Anne Hester,expression,0.55,,,,,,28,CREATE
_OceanofPDF.com_Whisky_Advocate_-_Fall_2023_,Licorice Talk,expression,0.55,,,,,,30,CREATE
_OceanofPDF.com_Whisky_Advocate_-_Fall_2023_,Comstock Saloon,expression,0.55,,,,,,35,CREATE
_OceanofPDF.com_Whisky_Advocate_-_Fall_2023_,"Sally Kral
The",expression,0.55,,,,,,35,CREATE
_OceanofPDF.com_Whisky_Advocate_-_Fall_2023_,Spanish Oak,expression,0.55,,,,puncheon,,36,CREATE
_OceanofPDF.com_Whisky_Advocate_-_Fall_2023_,Bar Jackalope,expression,0.55,,,,,,36,CREATE
_OceanofPDF.com_Whisky_Advocate_-_Fall_2023_,Lauren Stone,expression,0.75,12,,,,,36,CREATE
_OceanofPDF.com_Whisky_Advocate_-_Fall_2023_,"Bar Jackalope
School",expression,0.55,,,,,,36,CREATE
_OceanofPDF.com_Whisky_Advocate_-_Fall_2023_,"Your Flavor
Choose",expression,0.55,,,,,,40,CREATE
_OceanofPDF.com_Whisky_Advocate_-_Fall_2023_,"Your Supplies
Along",expression,0.55,,,,,,40,CREATE
_OceanofPDF.com_Whisky_Advocate_-_Fall_2023_,"Fatten Up 
Your",expression,0.55,,,,,,40,CREATE
_OceanofPDF.com_Whisky_Advocate_-_Fall_2023_,"The Fat
Render",expression,0.55,,,,,,40,CREATE
_OceanofPDF.com_Whisky_Advocate_-_Fall_2023_,"Test
Let",expression,0.55,,,,,,41,CREATE
_OceanofPDF.com_Whisky_Advocate_-_Fall_2023_,Sean Pat,expression,0.55,,,,,,41,CREATE
_OceanofPDF.com_Whisky_Advocate_-_Fall_2023_,"Out
Place",expression,0.55,,,,,,41,CREATE
_OceanofPDF.com_Whisky_Advocate_-_Fall_2023_,"The Fat
Discard",expression,0.55,,,,,,41,CREATE
_OceanofPDF.com_Whisky_Advocate_-_Fall_2023_,"Bacon 
Fat",expression,0.75,,95,,,,42,CREATE
_OceanofPDF.com_Whisky_Advocate_-_Fall_2023_,"Quarter 
Century 
Drams",expression,0.75,25,,,quarter,,44,CREATE
_OceanofPDF.com_Whisky_Advocate_-_Fall_2023_,"Ian Macleod 
Distillers",distillery,0.55,,,speyside,,,46,CREATE
_OceanofPDF.com_Whisky_Advocate_-_Fall_2023_,"Sherry 
Oak",expression,0.75,25,43,speyside,sherry,,46,CREATE
_OceanofPDF.com_Whisky_Advocate_-_Fall_2023_,"Spain. 
Raisins",expression,0.55,,,,oak,,46,CREATE
_OceanofPDF.com_Whisky_Advocate_-_Fall_2023_,Laura Rampling,expression,0.75,25,43,,,,46,CREATE
_OceanofPDF.com_Whisky_Advocate_-_Fall_2023_,While Aged,expression,0.55,,,,,,48,CREATE
_OceanofPDF.com_Whisky_Advocate_-_Fall_2023_,Wax Like,expression,0.55,,,,,,48,CREATE
_OceanofPDF.com_Whisky_Advocate_-_Fall_2023_,"Pro
Levine",expression,0.55,,,,,,48,CREATE
_OceanofPDF.com_Whisky_Advocate_-_Fall_2023_,Ian Palmer,distillery,0.55,,,,,,52,CREATE
_OceanofPDF.com_Whisky_Advocate_-_Fall_2023_,Kirsty Black,distillery,0.55,,,,,,52,CREATE
_OceanofPDF.com_Whisky_Advocate_-_Fall_2023_,"Aged Honey
Aging",expression,0.55,,,,,,55,CREATE
_OceanofPDF.com_Whisky_Advocate_-_Fall_2023_,Hot Southern Bour,expression,0.55,,,,,,55,CREATE
_OceanofPDF.com_Whisky_Advocate_-_Fall_2023_,"Daughter 
Aged Bourbon",distillery,0.55,,,,bourbon,,55,CREATE
_OceanofPDF.com_Whisky_Advocate_-_Fall_2023_,Bohman Bee Company,expression,0.55,,,,,,55,CREATE
_OceanofPDF.com_Whisky_Advocate_-_Fall_2023_,"Key Distillery 
Barrel",distillery,0.55,,,,,,55,CREATE
_OceanofPDF.com_Whisky_Advocate_-_Fall_2023_,"Aged 
Aged",distillery,0.55,,,,,,55,CREATE
_OceanofPDF.com_Whisky_Advocate_-_Fall_2023_,Double Barrel Honey,expression,0.55,,,,,,55,CREATE
_OceanofPDF.com_Whisky_Advocate_-_Fall_2023_,Hive Bee Farm,expression,0.55,,,,,,55,CREATE
_OceanofPDF.com_Whisky_Advocate_-_Fall_2023_,"Rye Barrel 
Aged",expression,0.55,,,,,,55,CREATE
_OceanofPDF.com_Whisky_Advocate_-_Fall_2023_,"Bozeman 
Spirits",distillery,0.55,,,,,,55,CREATE
_OceanofPDF.com_Whisky_Advocate_-_Fall_2023_,Orange Blossom Port,expression,0.55,,,,port,,55,CREATE
_OceanofPDF.com_Whisky_Advocate_-_Fall_2023_,Bourbon Aged,expression,0.55,,,,port,,55,CREATE
_OceanofPDF.com_Whisky_Advocate_-_Fall_2023_,Too Sweet,expression,0.55,,,,,,55,CREATE
_OceanofPDF.com_Whisky_Advocate_-_Fall_2023_,Ghost Series No,distillery,0.75,,61.9,,,,56,CREATE
_OceanofPDF.com_Whisky_Advocate_-_Fall_2023_,"Despite 
Scotland",distillery,0.55,,,,,,60,CREATE
_OceanofPDF.com_Whisky_Advocate_-_Fall_2023_,"Under 
Scotland",expression,0.55,,,,,,68,CREATE
_OceanofPDF.com_Whisky_Advocate_-_Fall_2023_,Some American,expression,0.55,,,,,,68,CREATE
_OceanofPDF.com_Whisky_Advocate_-_Fall_2023_,Murphy Quint,expression,0.55,,,,,,72,CREATE
_OceanofPDF.com_Whisky_Advocate_-_Fall_2023_,Sierra Nevada,expression,0.55,,,,,,72,CREATE
_OceanofPDF.com_Whisky_Advocate_-_Fall_2023_,But Westland,expression,0.55,,,,,,72,CREATE
_OceanofPDF.com_Whisky_Advocate_-_Fall_2023_,But American,expression,0.55,,,,,,72,CREATE
_OceanofPDF.com_Whisky_Advocate_-_Fall_2023_,Amanda Beckwith,distillery,0.55,,,,,,72,CREATE
_OceanofPDF.com_Whisky_Advocate_-_Fall_2023_,"Tyler 
Pederson",distillery,0.55,,,,,,73,CREATE
_OceanofPDF.com_Whisky_Advocate_-_Fall_2023_,Colin Keegan,expression,0.55,,,,,,73,CREATE
_OceanofPDF.com_Whisky_Advocate_-_Fall_2023_,Keegan. All,expression,0.55,,,,,,73,CREATE
_OceanofPDF.com_Whisky_Advocate_-_Fall_2023_,"Like 
Keegan",expression,0.55,,,,,,74,CREATE
_OceanofPDF.com_Whisky_Advocate_-_Fall_2023_,Del Bac,expression,0.55,,,,,,74,CREATE
_OceanofPDF.com_Whisky_Advocate_-_Fall_2023_,Stephen Paul,expression,0.55,,,,,,74,CREATE
_OceanofPDF.com_Whisky_Advocate_-_Fall_2023_,"Giants
Until",expression,0.55,,,,,,74,CREATE
_OceanofPDF.com_Whisky_Advocate_-_Fall_2023_,Clermont Steep,expression,0.75,5,,,,,74,CREATE
_OceanofPDF.com_Whisky_Advocate_-_Fall_2023_,Jess Graber,expression,0.55,,,,,,77,CREATE
_OceanofPDF.com_Whisky_Advocate_-_Fall_2023_,"Justin 
Aden",expression,0.55,,,,,,77,CREATE
_OceanofPDF.com_Whisky_Advocate_-_Fall_2023_,Steve Hawley,expression,0.55,,,,,,77,CREATE
_OceanofPDF.com_Whisky_Advocate_-_Fall_2023_,While American,expression,0.55,,,,oak,,77,CREATE
_OceanofPDF.com_Whisky_Advocate_-_Fall_2023_,Lance Winters,expression,0.55,,,,,,77,CREATE
_OceanofPDF.com_Whisky_Advocate_-_Fall_2023_,Oloroso Cask Finished,expression,0.75,6,56,,,,78,CREATE
_OceanofPDF.com_Whisky_Advocate_-_Fall_2023_,Limited Release,expression,0.75,6,56,,,,78,CREATE
_OceanofPDF.com_Whisky_Advocate_-_Fall_2023_,From Nantucket Island,distillery,0.75,15,48,,sherry,,78,CREATE
_OceanofPDF.com_Whisky_Advocate_-_Fall_2023_,Beam Distilling,distillery,0.55,,,,bourbon,,78,CREATE
_OceanofPDF.com_Whisky_Advocate_-_Fall_2023_,"Twice 
Barreled",expression,0.75,,85,,,,78,CREATE
_OceanofPDF.com_Whisky_Advocate_-_Fall_2023_,"Old 
Line Spirits",expression,0.75,,62.2,,,,78,CREATE
_OceanofPDF.com_Whisky_Advocate_-_Fall_2023_,Sherry Cask Finished,expression,0.75,5,48.2,,sherry,,78,CREATE
_OceanofPDF.com_Whisky_Advocate_-_Fall_2023_,"Leadslingers Whiskey 
Minuteman",expression,0.75,,46,,,,80,CREATE
_OceanofPDF.com_Whisky_Advocate_-_Fall_2023_,"Newport Craft 
Brewing",expression,0.75,,47.5,,,,80,CREATE
_OceanofPDF.com_Whisky_Advocate_-_Fall_2023_,Get Lost,distillery,0.75,,65.9,,,,81,CREATE
_OceanofPDF.com_Whisky_Advocate_-_Fall_2023_,"Distillery 
Ameireaganach 
Burns",distillery,0.75,,45,,,,81,CREATE
_OceanofPDF.com_Whisky_Advocate_-_Fall_2023_,Emma Walker,expression,0.55,,,,,,85,CREATE
_OceanofPDF.com_Whisky_Advocate_-_Fall_2023_,Says Walker,expression,0.55,,,,,,86,CREATE
_OceanofPDF.com_Whisky_Advocate_-_Fall_2023_,Moet Hennessy,expression,0.55,,,,,,86,CREATE
_OceanofPDF.com_Whisky_Advocate_-_Fall_2023_,Bill Lumsden,expression,0.55,,,,,,86,CREATE
_OceanofPDF.com_Whisky_Advocate_-_Fall_2023_,"Brian 
Kinsman",expression,0.55,,,,,,86,CREATE
_OceanofPDF.com_Whisky_Advocate_-_Fall_2023_,Peat Monster,expression,0.55,,,,,,86,CREATE
_OceanofPDF.com_Whisky_Advocate_-_Fall_2023_,Rachel Barrie,expression,0.55,,,,,,86,CREATE
_OceanofPDF.com_Whisky_Advocate_-_Fall_2023_,Bourbon Barrel Reserve,expression,0.75,14,,,bourbon,,87,CREATE
_OceanofPDF.com_Whisky_Advocate_-_Fall_2023_,Del Maguey,expression,0.55,,,,,,87,CREATE
_OceanofPDF.com_Whisky_Advocate_-_Fall_2023_,Adam Hannett,expression,0.55,,,,,,87,CREATE
_OceanofPDF.com_Whisky_Advocate_-_Fall_2023_,Monterrey Epicure No,expression,0.75,25,,,,,93,CREATE
_OceanofPDF.com_Whisky_Advocate_-_Fall_2023_,"Rare 
Malts Rosebank",expression,0.75,20,,,,,93,CREATE
_OceanofPDF.com_Whisky_Advocate_-_Fall_2023_,Via Serlas,expression,0.55,,,,,,93,CREATE
_OceanofPDF.com_Whisky_Advocate_-_Fall_2023_,Partagas Lusitanias,expression,0.75,8,,,,,93,CREATE
_OceanofPDF.com_Whisky_Advocate_-_Fall_2023_,Mezcal Cask Finish,expression,0.75,8,,,,,93,CREATE
_OceanofPDF.com_Whisky_Advocate_-_Fall_2023_,"The Devils 
Place",expression,0.55,,,,,,94,CREATE
_OceanofPDF.com_Whisky_Advocate_-_Fall_2023_,Cigar Stores,expression,0.55,,,,,,94,CREATE
_OceanofPDF.com_Whisky_Advocate_-_Fall_2023_,Best Whisky Bars,expression,0.55,,,,,,97,CREATE
_OceanofPDF.com_Whisky_Advocate_-_Fall_2023_,Rue Ancienne,distillery,0.55,,,,,,97,CREATE
_OceanofPDF.com_Whisky_Advocate_-_Fall_2023_,Place Whisky Shop,expression,0.55,,,,,,97,CREATE
_OceanofPDF.com_Whisky_Advocate_-_Fall_2023_,Zurich Airport,expression,0.55,,,,,,97,CREATE
_OceanofPDF.com_Whisky_Advocate_-_Fall_2023_,"Senator 
Lounge",expression,0.55,,,,,,97,CREATE
_OceanofPDF.com_Whisky_Advocate_-_Fall_2023_,Whisky Shop Neumarkt,expression,0.55,,,,,,98,CREATE
_OceanofPDF.com_Whisky_Advocate_-_Fall_2023_,"Sta. 
Maria",distillery,0.55,,,,,,98,CREATE
_OceanofPDF.com_Whisky_Advocate_-_Fall_2023_,Val Mustair,distillery,0.55,,,,,,98,CREATE
_OceanofPDF.com_Whisky_Advocate_-_Fall_2023_,Aare River,distillery,0.55,,,,,,98,CREATE
_OceanofPDF.com_Whisky_Advocate_-_Fall_2023_,"Geneva
Badrutt",expression,0.55,,,,,,98,CREATE
_OceanofPDF.com_Whisky_Advocate_-_Fall_2023_,Nocino Sour,expression,0.55,,,,,,109,CREATE
_OceanofPDF.com_Whisky_Advocate_-_Fall_2023_,Boardroom Nocino,expression,0.55,,,,bourbon,,109,CREATE
_OceanofPDF.com_Whisky_Advocate_-_Fall_2023_,"Strength 
American",expression,0.55,,,,,,109,CREATE
_OceanofPDF.com_Whisky_Advocate_-_Fall_2023_,"Hop Sing 
Laundromat",expression,0.55,,,,,,110,CREATE
_OceanofPDF.com_Whisky_Advocate_-_Fall_2023_,"Whisky Lovers
Some",expression,0.55,,,islay,,,110,CREATE
_OceanofPDF.com_Whisky_Advocate_-_Fall_2023_,"Rosa 
Reposado",expression,0.75,,40,,,,111,CREATE
_OceanofPDF.com_Whisky_Advocate_-_Fall_2023_,Espanita Reposado,expression,0.75,,40,speyside,,,111,CREATE
_OceanofPDF.com_Whisky_Advocate_-_Fall_2023_,One With Life,expression,0.75,,40,,,,111,CREATE
_OceanofPDF.com_Whisky_Advocate_-_Fall_2023_,"Organic 
Tequila Reposado",expression,0.75,,40,,,,111,CREATE
_OceanofPDF.com_Whisky_Advocate_-_Fall_2023_,Batch Plata,expression,0.75,,45,speyside,,,111,CREATE
_OceanofPDF.com_Whisky_Advocate_-_Fall_2023_,"Fiero 
Tequila",expression,0.55,,,,,,113,CREATE
_OceanofPDF.com_Whisky_Advocate_-_Fall_2023_,"Uncaged Whiskey 
Barrel",expression,0.55,,,,,,114,CREATE
_OceanofPDF.com_Whisky_Advocate_-_Fall_2023_,"Aged Cabernet 
Sauvignon",expression,0.55,,,,wine,,114,CREATE
_OceanofPDF.com_Whisky_Advocate_-_Fall_2023_,"Alexander 
Brown",distillery,0.55,,,,wine,,114,CREATE
_OceanofPDF.com_Whisky_Advocate_-_Fall_2023_,Ferrand Dry,expression,0.55,,,,,,114,CREATE
_OceanofPDF.com_Whisky_Advocate_-_Fall_2023_,"Yuzu 
Late Harvest",expression,0.55,,,,,,114,CREATE
_OceanofPDF.com_Whisky_Advocate_-_Fall_2023_,"Mammoth 
Lakes",expression,0.55,,,,,,114,CREATE
_OceanofPDF.com_Whisky_Advocate_-_Fall_2023_,Appleton Estate Hearts,expression,0.55,,,,,,114,CREATE
_OceanofPDF.com_Whisky_Advocate_-_Fall_2023_,Heart Collection,distillery,0.55,,,,,,114,CREATE
_OceanofPDF.com_Whisky_Advocate_-_Fall_2023_,Novo Fogo,distillery,0.55,,,,,,114,CREATE
_OceanofPDF.com_Whisky_Advocate_-_Fall_2023_,Skye. Else,expression,0.55,,,,,,117,CREATE
_OceanofPDF.com_Whisky_Advocate_-_Fall_2023_,Legacy Glen Grant,bottler,0.75,63,56.5,,,gordon,119,CREATE
_OceanofPDF.com_Whisky_Advocate_-_Fall_2023_,"Best Values
Whiskies",expression,0.55,,,,,,119,CREATE
_OceanofPDF.com_Whisky_Advocate_-_Fall_2023_,Julia Higgins,expression,0.55,,,,,,120,CREATE
_OceanofPDF.com_Whisky_Advocate_-_Fall_2023_,Market Watch,expression,0.55,,,,,,120,CREATE
_OceanofPDF.com_Whisky_Advocate_-_Fall_2023_,Staff Reviewer,expression,0.55,,,,,,120,CREATE
_OceanofPDF.com_Whisky_Advocate_-_Fall_2023_,"Skye Blends
Ian",expression,0.55,,,,,,122,CREATE
_OceanofPDF.com_Whisky_Advocate_-_Fall_2023_,Macleod Distillers,distillery,0.55,,,,,,122,CREATE
_OceanofPDF.com_Whisky_Advocate_-_Fall_2023_,Ian Macleod,expression,0.55,,,,,,122,CREATE
_OceanofPDF.com_Whisky_Advocate_-_Fall_2023_,Lowlands. Depending,expression,0.55,,,speyside,sherry,,122,CREATE
_OceanofPDF.com_Whisky_Advocate_-_Fall_2023_,Lightly Peated White,expression,0.75,11,,campbeltown,port,,123,CREATE
_OceanofPDF.com_Whisky_Advocate_-_Fall_2023_,"Extinct Blends 
Quartet",expression,0.75,,49,,,,123,CREATE
_OceanofPDF.com_Whisky_Advocate_-_Fall_2023_,Mark Cellar Aged,expression,0.75,,85,,,,124,CREATE
_OceanofPDF.com_Whisky_Advocate_-_Fall_2023_,"Cask Strength 
Blend",expression,0.75,6,75,,,,124,CREATE
_OceanofPDF.com_Whisky_Advocate_-_Fall_2023_,"The 
Jodhpur Edition",expression,0.75,21,40,,oak,,124,CREATE
_OceanofPDF.com_Whisky_Advocate_-_Fall_2023_,Old Elk Port,expression,0.75,,05,,port,,125,CREATE
_OceanofPDF.com_Whisky_Advocate_-_Fall_2023_,"Nick Immaculata 
Ancient",expression,0.75,,05,,,,125,CREATE
_OceanofPDF.com_Whisky_Advocate_-_Fall_2023_,From Preservation Distillery,distillery,0.75,,05,,,,125,CREATE
_OceanofPDF.com_Whisky_Advocate_-_Fall_2023_,Old Elk Cognac,expression,0.75,,85,,,,126,CREATE
_OceanofPDF.com_Whisky_Advocate_-_Fall_2023_,Bond Four Grain,expression,0.75,,47.5,,,,127,CREATE
_OceanofPDF.com_Whisky_Advocate_-_Fall_2023_,Cow Tails,expression,0.55,,,,,,127,CREATE
_OceanofPDF.com_Whisky_Advocate_-_Fall_2023_,Cisco Brewers,distillery,0.55,,,,,,128,CREATE
_OceanofPDF.com_Whisky_Advocate_-_Fall_2023_,Outpost Range,expression,0.75,,50,,,,128,CREATE
_OceanofPDF.com_Whisky_Advocate_-_Fall_2023_,Global Cask Collection,expression,0.75,,48.5,,,,128,CREATE
_OceanofPDF.com_Whisky_Advocate_-_Fall_2023_,See Editors,expression,0.75,,56,,,,128,CREATE
_OceanofPDF.com_Whisky_Advocate_-_Fall_2023_,Anniversary Blend,expression,0.75,,50,,,,131,CREATE
_OceanofPDF.com_Whisky_Advocate_-_Fall_2023_,Allspice Dram,expression,0.55,,,,,,131,CREATE
_OceanofPDF.com_Whisky_Advocate_-_Fall_2023_,Raisin Bran,expression,0.55,,,,,,131,CREATE
_OceanofPDF.com_Whisky_Advocate_-_Fall_2023_,See Best Values,expression,0.75,91,14,,,,132,CREATE
_OceanofPDF.com_Whisky_Advocate_-_Fall_2023_,Rye Triple Distilled,distillery,0.75,,46,,,,132,CREATE
_OceanofPDF.com_Whisky_Advocate_-_Fall_2023_,Sunshine Jamaican Rum,expression,0.75,21,52.5,,oak,,132,CREATE
_OceanofPDF.com_Whisky_Advocate_-_Fall_2023_,"Cortado 
Sherry Finish",expression,0.75,16,46,,sherry,,132,CREATE
_OceanofPDF.com_Whisky_Advocate_-_Fall_2023_,"Old 
Plum Brandy",expression,0.75,,44.9,,,,133,CREATE
_OceanofPDF.com_Whisky_Advocate_-_Fall_2023_,Athyr Empire,distillery,0.75,,55,,,,133,CREATE
_OceanofPDF.com_Whisky_Advocate_-_Fall_2023_,Levant Heights Single,expression,0.75,,46,,,,133,CREATE
_OceanofPDF.com_Whisky_Advocate_-_Fall_2023_,"Pot 
Still Malt",expression,0.75,,46,,,,133,CREATE
_OceanofPDF.com_Whisky_Advocate_-_Fall_2023_,Levant Heights Dark,expression,0.75,,43,,,,133,CREATE
_OceanofPDF.com_Whisky_Advocate_-_Fall_2023_,Roy Riachi,expression,0.55,,,,,,133,CREATE
_OceanofPDF.com_Whisky_Advocate_-_Fall_2023_,"Bekaa 
Valley",expression,0.55,,,,,,133,CREATE
_OceanofPDF.com_Whisky_Advocate_-_Fall_2023_,Athyr Cedarwood Finish,expression,0.75,6,,,,,133,CREATE
_OceanofPDF.com_Whisky_Advocate_-_Fall_2023_,Are You,expression,0.55,,,,,,134,CREATE
_OceanofPDF.com_Whisky_Advocate_-_Fall_2023_,Then Show Us,expression,0.55,,,,,,134,CREATE
_OceanofPDF.com_Whisky_Advocate_-_Fall_2023_,Jackson Tower Las,bottler,0.55,,,,wine,society,134,CREATE
_OceanofPDF.com_Whisky_Advocate_-_Fall_2023_,Olas Wine,bottler,0.55,,,,wine,society,134,CREATE
_OceanofPDF.com_Whisky_Advocate_-_Fall_2023_,"Place Create 
Distinct",expression,0.55,,,,,,135,CREATE
_OceanofPDF.com_Whisky_Advocate_-_Fall_2023_,Malting Kentucky,expression,0.55,,,,bourbon,,143,CREATE
_OceanofPDF.com_Whisky_Advocate_-_Fall_2023_,"Taste
Kentucky",expression,0.55,,,,,,144,CREATE
_OceanofPDF.com_Whisky_Advocate_-_Fall_2023_,Cellar Aged Series,expression,0.55,,,,,,144,CREATE
_OceanofPDF.com_Whisky_Advocate_-_Fall_2023_,Freddie Noe,expression,0.55,,,,,,145,CREATE
_OceanofPDF.com_Whisky_Advocate_-_Fall_2023_,"The Civil 
War",expression,0.55,,,,,,146,CREATE
_OceanofPDF.com_Whisky_Advocate_-_Fall_2023_,"Making
The Ingredients",expression,0.55,,,,,,147,CREATE
_OceanofPDF.com_Whisky_Advocate_-_Fall_2023_,"Try 
Alberta
Alberta",expression,0.55,,,,,,148,CREATE
_OceanofPDF.com_Whisky_Advocate_-_Fall_2023_,"Premium 
Cask Strength",expression,0.75,,100,,,,148,CREATE
_OceanofPDF.com_Whisky_Advocate_-_Fall_2023_,Burks Spring Rd,distillery,0.55,,,,,,149,CREATE
_OceanofPDF.com_Whisky_Advocate_-_Fall_2023_,Dale Chihuly,distillery,0.55,,,,,,149,CREATE
_OceanofPDF.com_Whisky_Advocate_-_Fall_2025_,Whisky Flipping Today,expression,0.55,,,,,,13,CREATE
_OceanofPDF.com_Whisky_Advocate_-_Fall_2025_,"Sean Evans
The",expression,0.55,,,,,,13,CREATE
_OceanofPDF.com_Whisky_Advocate_-_Fall_2025_,Bittersweet Punt,expression,0.55,,,,bourbon,,14,CREATE
_OceanofPDF.com_Whisky_Advocate_-_Fall_2025_,"Buying Guide
Reviews",expression,0.55,,,,,,14,CREATE
_OceanofPDF.com_Whisky_Advocate_-_Fall_2025_,Ultra Aged,expression,0.55,,,,,,14,CREATE
_OceanofPDF.com_Whisky_Advocate_-_Fall_2025_,Cooking Agave,expression,0.55,,,,,,14,CREATE
_OceanofPDF.com_Whisky_Advocate_-_Fall_2025_,Bright New World,expression,0.55,,,,,,17,CREATE
_OceanofPDF.com_Whisky_Advocate_-_Fall_2025_,"Shanken
Editor",expression,0.55,,,,,,17,CREATE
_OceanofPDF.com_Whisky_Advocate_-_Fall_2025_,Shanken Communications,expression,0.55,,,,,,18,CREATE
_OceanofPDF.com_Whisky_Advocate_-_Fall_2025_,Creative Director John,expression,0.55,,,,,,18,CREATE
_OceanofPDF.com_Whisky_Advocate_-_Fall_2025_,Events Joan,expression,0.55,,,,,,18,CREATE
_OceanofPDF.com_Whisky_Advocate_-_Fall_2025_,Contributing Editor Jonny,expression,0.55,,,,,,18,CREATE
_OceanofPDF.com_Whisky_Advocate_-_Fall_2025_,"Autographed
Bottles",expression,0.55,,,,bourbon,,21,CREATE
_OceanofPDF.com_Whisky_Advocate_-_Fall_2025_,"Penny Spirits
Seattle",distillery,0.55,,,,,,23,CREATE
_OceanofPDF.com_Whisky_Advocate_-_Fall_2025_,Fast Penny Spirits,distillery,0.55,,,,,,24,CREATE
_OceanofPDF.com_Whisky_Advocate_-_Fall_2025_,Howard Hughes,distillery,0.55,,,,,,24,CREATE
_OceanofPDF.com_Whisky_Advocate_-_Fall_2025_,"Larder
Canon",distillery,0.55,,,,,,24,CREATE
_OceanofPDF.com_Whisky_Advocate_-_Fall_2025_,"Bars
The Bookstore",distillery,0.55,,,,,,25,CREATE
_OceanofPDF.com_Whisky_Advocate_-_Fall_2025_,"The 
Jodhpur Edition",expression,0.75,21,,,,,30,CREATE
_OceanofPDF.com_Whisky_Advocate_-_Fall_2025_,"Madness  
Finished",expression,0.55,,,,,,30,CREATE
_OceanofPDF.com_Whisky_Advocate_-_Fall_2025_,"Amburana Wood 
Cask",expression,0.55,,,,,,30,CREATE
_OceanofPDF.com_Whisky_Advocate_-_Fall_2025_,"Mash
Cardamom",expression,0.55,,,,,,30,CREATE
_OceanofPDF.com_Whisky_Advocate_-_Fall_2025_,"Strength 
Indian",expression,0.55,,,,,,33,CREATE
_OceanofPDF.com_Whisky_Advocate_-_Fall_2025_,"Mes
Stir",expression,0.75,12,,,,,35,CREATE
_OceanofPDF.com_Whisky_Advocate_-_Fall_2025_,"Bourbon 
Creams",expression,0.55,,,,bourbon,,37,CREATE
_OceanofPDF.com_Whisky_Advocate_-_Fall_2025_,Danny Meyer,expression,0.55,,,,,,39,CREATE
_OceanofPDF.com_Whisky_Advocate_-_Fall_2025_,Is Alcohol Over,expression,0.55,,,,,,41,CREATE
_OceanofPDF.com_Whisky_Advocate_-_Fall_2025_,Aged Over,expression,0.75,8,,,,,42,CREATE
_OceanofPDF.com_Whisky_Advocate_-_Fall_2025_,Absolutely. Here,expression,0.55,,,,,,45,CREATE
_OceanofPDF.com_Whisky_Advocate_-_Fall_2025_,"Rare Malts 
Collection",expression,0.55,,,,,,49,CREATE
_OceanofPDF.com_Whisky_Advocate_-_Fall_2025_,Rare Malts Collec,expression,0.55,,,,port,,49,CREATE
_OceanofPDF.com_Whisky_Advocate_-_Fall_2025_,Pernod Ricard,distillery,0.55,,,,,,50,CREATE
_OceanofPDF.com_Whisky_Advocate_-_Fall_2025_,"Defense 
Threat Reduction",expression,0.55,,,islay,,,51,CREATE
_OceanofPDF.com_Whisky_Advocate_-_Fall_2025_,Mass Distinction,distillery,0.55,,,,,,51,CREATE
_OceanofPDF.com_Whisky_Advocate_-_Fall_2025_,Liquor Shop,expression,0.55,,,,,,51,CREATE
_OceanofPDF.com_Whisky_Advocate_-_Fall_2025_,Smith Bowman Distillery,distillery,0.55,,,,,,51,CREATE
_OceanofPDF.com_Whisky_Advocate_-_Fall_2025_,Lincoln Henderson,distillery,0.55,,,,,,51,CREATE
_OceanofPDF.com_Whisky_Advocate_-_Fall_2025_,"Memorial 
Edition",distillery,0.55,,,,bourbon,,51,CREATE
_OceanofPDF.com_Whisky_Advocate_-_Fall_2025_,"Year.
New",expression,0.55,,,,,,51,CREATE
_OceanofPDF.com_Whisky_Advocate_-_Fall_2025_,Yippee Ki Yay,expression,0.55,,,,,,52,CREATE
_OceanofPDF.com_Whisky_Advocate_-_Fall_2025_,Colby Frey,distillery,0.55,,,,,,52,CREATE
_OceanofPDF.com_Whisky_Advocate_-_Fall_2025_,Ian Chang,distillery,0.55,,,,,,52,CREATE
_OceanofPDF.com_Whisky_Advocate_-_Fall_2025_,Taiwan. Its,expression,0.55,,,,,,52,CREATE
_OceanofPDF.com_Whisky_Advocate_-_Fall_2025_,"Utah
Ian Chang",distillery,0.55,,,,,,52,CREATE
_OceanofPDF.com_Whisky_Advocate_-_Fall_2025_,Angostura Ltd,distillery,0.55,,,,,,55,CREATE
_OceanofPDF.com_Whisky_Advocate_-_Fall_2025_,Chip Tate,distillery,0.55,,,,,,55,CREATE
_OceanofPDF.com_Whisky_Advocate_-_Fall_2025_,Baby Blue,expression,0.55,,,,,,55,CREATE
_OceanofPDF.com_Whisky_Advocate_-_Fall_2025_,"Ohio 
River Valley",distillery,0.55,,,,,,55,CREATE
_OceanofPDF.com_Whisky_Advocate_-_Fall_2025_,"Sonat Birnecker 
Hart",distillery,0.55,,,,,,55,CREATE
_OceanofPDF.com_Whisky_Advocate_-_Fall_2025_,Darek Bell,distillery,0.55,,,,,,55,CREATE
_OceanofPDF.com_Whisky_Advocate_-_Fall_2025_,Andrew Web,distillery,0.55,,,,,,55,CREATE
_OceanofPDF.com_Whisky_Advocate_-_Fall_2025_,"While Pappy 
Van",expression,0.55,,,,,,56,CREATE
_OceanofPDF.com_Whisky_Advocate_-_Fall_2025_,"Called 
Maker",distillery,0.55,,,,,,56,CREATE
_OceanofPDF.com_Whisky_Advocate_-_Fall_2025_,"Multnomah 
Whisky Library",expression,0.55,,,,,,57,CREATE
_OceanofPDF.com_Whisky_Advocate_-_Fall_2025_,Del Bac,expression,0.55,,,,,,57,CREATE
_OceanofPDF.com_Whisky_Advocate_-_Fall_2025_,Spice Tree Vatted,expression,0.55,,,,,,57,CREATE
_OceanofPDF.com_Whisky_Advocate_-_Fall_2025_,"International 
Space Station",expression,0.55,,,,,,57,CREATE
_OceanofPDF.com_Whisky_Advocate_-_Fall_2025_,Remy Cointreau,distillery,0.55,,,islay,,,57,CREATE
_OceanofPDF.com_Whisky_Advocate_-_Fall_2025_,Dining Saloon,distillery,0.55,,,,,,57,CREATE
_OceanofPDF.com_Whisky_Advocate_-_Fall_2025_,Simon Coughlin,distillery,0.55,,,,,,58,CREATE
_OceanofPDF.com_Whisky_Advocate_-_Fall_2025_,No Age Statement,expression,0.55,,,,,,58,CREATE
_OceanofPDF.com_Whisky_Advocate_-_Fall_2025_,Beam Distilling Co,distillery,0.55,,,,,,61,CREATE
_OceanofPDF.com_Whisky_Advocate_-_Fall_2025_,Kansas City,distillery,0.55,,,,,,61,CREATE
_OceanofPDF.com_Whisky_Advocate_-_Fall_2025_,"Andy 
Nelson",expression,0.55,,,,,,62,CREATE
_OceanofPDF.com_Whisky_Advocate_-_Fall_2025_,Trace Antique Collection,expression,0.55,,,,,,62,CREATE
_OceanofPDF.com_Whisky_Advocate_-_Fall_2025_,Quaich Bar,expression,0.55,,,speyside,,,62,CREATE
_OceanofPDF.com_Whisky_Advocate_-_Fall_2025_,Bacardi Ltd,expression,0.55,,,,,,62,CREATE
_OceanofPDF.com_Whisky_Advocate_-_Fall_2025_,Fino Sherry Cask,expression,0.55,,,,sherry,,62,CREATE
_OceanofPDF.com_Whisky_Advocate_-_Fall_2025_,Vinho Barrique,distillery,0.55,,,,sherry,,62,CREATE
_OceanofPDF.com_Whisky_Advocate_-_Fall_2025_,Beam Suntory,distillery,0.55,,,,,,62,CREATE
_OceanofPDF.com_Whisky_Advocate_-_Fall_2025_,Dave Pickerell,expression,0.55,,,,,,65,CREATE
_OceanofPDF.com_Whisky_Advocate_-_Fall_2025_,Fellow Indi,expression,0.55,,,,,,65,CREATE
_OceanofPDF.com_Whisky_Advocate_-_Fall_2025_,Empire Rye,expression,0.55,,,,,,68,CREATE
_OceanofPDF.com_Whisky_Advocate_-_Fall_2025_,"Metallica.
Macallan",distillery,0.55,,,speyside,,,69,CREATE
_OceanofPDF.com_Whisky_Advocate_-_Fall_2025_,"Dave Pickerell
Fort",distillery,0.55,,,speyside,,,69,CREATE
_OceanofPDF.com_Whisky_Advocate_-_Fall_2025_,Rob Dietrich,distillery,0.55,,,,,,69,CREATE
_OceanofPDF.com_Whisky_Advocate_-_Fall_2025_,"Single 
Pot Still",expression,0.55,,,,,,70,CREATE
_OceanofPDF.com_Whisky_Advocate_-_Fall_2025_,Its Blue Run,expression,0.55,,,,,,70,CREATE
_OceanofPDF.com_Whisky_Advocate_-_Fall_2025_,Stewart Bow,expression,0.55,,,,,,70,CREATE
_OceanofPDF.com_Whisky_Advocate_-_Fall_2025_,Guinness Cask Finish,expression,0.75,11,,,,,70,CREATE
_OceanofPDF.com_Whisky_Advocate_-_Fall_2025_,Brian Nation,distillery,0.55,,,,,,70,CREATE
_OceanofPDF.com_Whisky_Advocate_-_Fall_2025_,"Shaughnessy
Early",distillery,0.55,,,,,,70,CREATE
_OceanofPDF.com_Whisky_Advocate_-_Fall_2025_,Denny Potter,distillery,0.55,,,,,,73,CREATE
_OceanofPDF.com_Whisky_Advocate_-_Fall_2025_,Jane Bowie,distillery,0.55,,,,,,73,CREATE
_OceanofPDF.com_Whisky_Advocate_-_Fall_2025_,Molson Coors,distillery,0.55,,,,,,73,CREATE
_OceanofPDF.com_Whisky_Advocate_-_Fall_2025_,Ian Macleod Distillers,distillery,0.75,30,,,,,73,CREATE
_OceanofPDF.com_Whisky_Advocate_-_Fall_2025_,Chris Morris,expression,0.55,,,,bourbon,,73,CREATE
_OceanofPDF.com_Whisky_Advocate_-_Fall_2025_,Lighthill Brewery,expression,0.55,,,,,,74,CREATE
_OceanofPDF.com_Whisky_Advocate_-_Fall_2025_,Stoli Group,expression,0.55,,,,,,74,CREATE
_OceanofPDF.com_Whisky_Advocate_-_Fall_2025_,Dixon Dedman,expression,0.55,,,,,,74,CREATE
_OceanofPDF.com_Whisky_Advocate_-_Fall_2025_,Jota Tanaka,expression,0.55,,,,,,74,CREATE
_OceanofPDF.com_Whisky_Advocate_-_Fall_2025_,Both Stranahan,expression,0.55,,,,,,74,CREATE
_OceanofPDF.com_Whisky_Advocate_-_Fall_2025_,From Ireland,expression,0.55,,,,,,74,CREATE
_OceanofPDF.com_Whisky_Advocate_-_Fall_2025_,Mare Island,distillery,0.55,,,,,,74,CREATE
_OceanofPDF.com_Whisky_Advocate_-_Fall_2025_,"Year.
John",expression,0.55,,,,,,74,CREATE
_OceanofPDF.com_Whisky_Advocate_-_Fall_2025_,"Sespe Creek
Matt",expression,0.55,,,,,,74,CREATE
_OceanofPDF.com_Whisky_Advocate_-_Fall_2025_,Rachel Barrie,expression,0.55,,,,,,75,CREATE
_OceanofPDF.com_Whisky_Advocate_-_Fall_2025_,Caroline Martin,expression,0.55,,,,,,75,CREATE
_OceanofPDF.com_Whisky_Advocate_-_Fall_2025_,Helen Mul,expression,0.55,,,,,,75,CREATE
_OceanofPDF.com_Whisky_Advocate_-_Fall_2025_,Katherine Condon,expression,0.55,,,,,,75,CREATE
_OceanofPDF.com_Whisky_Advocate_-_Fall_2025_,"Lisa 
Roper Wicker",expression,0.55,,,,,,75,CREATE
_OceanofPDF.com_Whisky_Advocate_-_Fall_2025_,Helen Mulholland,expression,0.55,,,,,,75,CREATE
_OceanofPDF.com_Whisky_Advocate_-_Fall_2025_,Meghan Ireland,expression,0.55,,,,,,75,CREATE
_OceanofPDF.com_Whisky_Advocate_-_Fall_2025_,Julian Van Winkle,expression,0.55,,,,,,77,CREATE
_OceanofPDF.com_Whisky_Advocate_-_Fall_2025_,"Old 
Rip Van",distillery,0.55,,,,,,77,CREATE
_OceanofPDF.com_Whisky_Advocate_-_Fall_2025_,Today Michter,expression,0.55,,,,,,77,CREATE
_OceanofPDF.com_Whisky_Advocate_-_Fall_2025_,Envy Port Cask,expression,0.55,,,,port,,78,CREATE
_OceanofPDF.com_Whisky_Advocate_-_Fall_2025_,Allied Distillers,distillery,0.55,,,,,,86,CREATE
_OceanofPDF.com_Whisky_Advocate_-_Fall_2025_,For Discussion,expression,0.55,,,,,,87,CREATE
_OceanofPDF.com_Whisky_Advocate_-_Fall_2025_,Remnant Cask Finish,expression,0.75,44,53.6,,port,,87,CREATE
_OceanofPDF.com_Whisky_Advocate_-_Fall_2025_,While Glenmorangie,expression,0.55,,,,,,87,CREATE
_OceanofPDF.com_Whisky_Advocate_-_Fall_2025_,Mickey Heads,distillery,0.55,,,,,,87,CREATE
_OceanofPDF.com_Whisky_Advocate_-_Fall_2025_,Mark Reynier,expression,0.55,,,,,,87,CREATE
_OceanofPDF.com_Whisky_Advocate_-_Fall_2025_,Plant Closed,distillery,0.55,,,,,,88,CREATE
_OceanofPDF.com_Whisky_Advocate_-_Fall_2025_,Diageo Special Releases,expression,0.55,,,,port,,89,CREATE
_OceanofPDF.com_Whisky_Advocate_-_Fall_2025_,Valinch Series,expression,0.55,,,,,,89,CREATE
_OceanofPDF.com_Whisky_Advocate_-_Fall_2025_,"Take Weller 
Full",expression,0.55,,,,,,91,CREATE
_OceanofPDF.com_Whisky_Advocate_-_Fall_2025_,"Dusty Turkey
Any",expression,0.55,,,,,,93,CREATE
_OceanofPDF.com_Whisky_Advocate_-_Fall_2025_,Raj Bhakta,expression,0.55,,,,,,97,CREATE
_OceanofPDF.com_Whisky_Advocate_-_Fall_2025_,"Vancouver 
Realms",expression,0.75,,100,,,,99,CREATE
_OceanofPDF.com_Whisky_Advocate_-_Fall_2025_,Kimio Yonezawa,expression,0.75,,46,,bourbon,,99,CREATE
_OceanofPDF.com_Whisky_Advocate_-_Fall_2025_,"Five 
Cask Strength",expression,0.75,,58.9,,,,99,CREATE
_OceanofPDF.com_Whisky_Advocate_-_Fall_2025_,Embers Sherry,expression,0.75,,48.4,highland,sherry,,99,CREATE
_OceanofPDF.com_Whisky_Advocate_-_Fall_2025_,"Syrah Cask 
Finished",expression,0.75,,54.4,,port,,100,CREATE
_OceanofPDF.com_Whisky_Advocate_-_Fall_2025_,Rhone Valley,expression,0.75,5,,,bourbon,,100,CREATE
_OceanofPDF.com_Whisky_Advocate_-_Fall_2025_,Offerman Edition Caribbean,expression,0.75,11,46,,,,100,CREATE
_OceanofPDF.com_Whisky_Advocate_-_Fall_2025_,"Rum 
Cask Finished",expression,0.75,11,46,,,,100,CREATE
_OceanofPDF.com_Whisky_Advocate_-_Fall_2025_,Julia Higgins,expression,0.55,,,,,,100,CREATE
_OceanofPDF.com_Whisky_Advocate_-_Fall_2025_,Market Watch,expression,0.55,,,,,,100,CREATE
_OceanofPDF.com_Whisky_Advocate_-_Fall_2025_,Staff Reviewer,expression,0.55,,,,,,100,CREATE
_OceanofPDF.com_Whisky_Advocate_-_Fall_2025_,Palo Cortado Cask,expression,0.75,15,55.3,,,,101,CREATE
_OceanofPDF.com_Whisky_Advocate_-_Fall_2025_,"Finished 
Cask Strength",expression,0.75,15,55.3,,,,101,CREATE
_OceanofPDF.com_Whisky_Advocate_-_Fall_2025_,Sherry Cask Matured,expression,0.75,,50.8,,sherry,,101,CREATE
_OceanofPDF.com_Whisky_Advocate_-_Fall_2025_,The Open Course,expression,0.75,22,46.7,,oak,,101,CREATE
_OceanofPDF.com_Whisky_Advocate_-_Fall_2025_,Spanish Oak Casks,expression,0.75,22,46.7,,oak,,101,CREATE
_OceanofPDF.com_Whisky_Advocate_-_Fall_2025_,"Open Course 
Special",expression,0.55,,,,wine,,101,CREATE
_OceanofPDF.com_Whisky_Advocate_-_Fall_2025_,Chianti Wine Casks,expression,0.75,,46,,wine,,101,CREATE
_OceanofPDF.com_Whisky_Advocate_-_Fall_2025_,See Editors,expression,0.75,,50,,,,101,CREATE
_OceanofPDF.com_Whisky_Advocate_-_Fall_2025_,"Sherry 
Hogshead No",expression,0.75,18,54.6,,sherry,,102,CREATE
_OceanofPDF.com_Whisky_Advocate_-_Fall_2025_,"Double 
Matured",expression,0.75,8,46.3,lowland,,,102,CREATE
_OceanofPDF.com_Whisky_Advocate_-_Fall_2025_,Nick Savage,expression,0.75,,57.8,,,,102,CREATE
_OceanofPDF.com_Whisky_Advocate_-_Fall_2025_,Janeiro Polo Edition,expression,0.75,21,40,,,,102,CREATE
_OceanofPDF.com_Whisky_Advocate_-_Fall_2025_,Teresa Church,distillery,0.55,,,,,,102,CREATE
_OceanofPDF.com_Whisky_Advocate_-_Fall_2025_,Series Cognac,expression,0.55,,,,bourbon,,103,CREATE
_OceanofPDF.com_Whisky_Advocate_-_Fall_2025_,Vanilla Cognac,expression,0.55,,,,sherry,,103,CREATE
_OceanofPDF.com_Whisky_Advocate_-_Fall_2025_,Apricot Brandy,expression,0.55,,,,sherry,,103,CREATE
_OceanofPDF.com_Whisky_Advocate_-_Fall_2025_,From Memphis,expression,0.75,,15,,,,103,CREATE
_OceanofPDF.com_Whisky_Advocate_-_Fall_2025_,"Full Proof 
Blend",expression,0.75,11,61.5,,,,103,CREATE
_OceanofPDF.com_Whisky_Advocate_-_Fall_2025_,Sherry Cask Finished,expression,0.75,,76,,sherry,,103,CREATE
_OceanofPDF.com_Whisky_Advocate_-_Fall_2025_,Cask Strength Wheated,expression,0.75,,61.1,,,,103,CREATE
_OceanofPDF.com_Whisky_Advocate_-_Fall_2025_,The Vinyl Blend,expression,0.75,,52,,,,103,CREATE
_OceanofPDF.com_Whisky_Advocate_-_Fall_2025_,"Ruby Port  
Cask",expression,0.75,,52.5,,port,,104,CREATE
_OceanofPDF.com_Whisky_Advocate_-_Fall_2025_,Iowa. Sweet,expression,0.75,,95,,,,105,CREATE
_OceanofPDF.com_Whisky_Advocate_-_Fall_2025_,"Old 
Monongahela Full",expression,0.75,,54,,,,105,CREATE
_OceanofPDF.com_Whisky_Advocate_-_Fall_2025_,Pinot Noir Cask,expression,0.75,,05,,sherry,,105,CREATE
_OceanofPDF.com_Whisky_Advocate_-_Fall_2025_,From Chicago,distillery,0.75,8,50,,,,105,CREATE
_OceanofPDF.com_Whisky_Advocate_-_Fall_2025_,Revenant Oak Peated,expression,0.75,,50,,oak,,105,CREATE
_OceanofPDF.com_Whisky_Advocate_-_Fall_2025_,"Coalition 
Foothills Brewing",distillery,0.55,,,,,,106,CREATE
_OceanofPDF.com_Whisky_Advocate_-_Fall_2025_,"Sexual Chocolate 
Imperial",distillery,0.75,,50,,,,106,CREATE
_OceanofPDF.com_Whisky_Advocate_-_Fall_2025_,Stout Cask Finished,distillery,0.75,,50,,,,106,CREATE
_OceanofPDF.com_Whisky_Advocate_-_Fall_2025_,Apple Jacks,expression,0.75,8,,,,,106,CREATE
_OceanofPDF.com_Whisky_Advocate_-_Fall_2025_,"Ocean King 
Distillers",distillery,0.55,,,,,,106,CREATE
_OceanofPDF.com_Whisky_Advocate_-_Fall_2025_,Armagnac Cask Finished,expression,0.75,,56.9,,,,106,CREATE
_OceanofPDF.com_Whisky_Advocate_-_Fall_2025_,Aged Tequilas,expression,0.55,,,,,,109,CREATE
_OceanofPDF.com_Whisky_Advocate_-_Fall_2025_,Unpacking Cristalino,expression,0.55,,,,,,109,CREATE
_OceanofPDF.com_Whisky_Advocate_-_Fall_2025_,Aged Whiskies,expression,0.55,,,,,,109,CREATE
_OceanofPDF.com_Whisky_Advocate_-_Fall_2025_,"Their Time
Ultra",expression,0.55,,,,,,110,CREATE
_OceanofPDF.com_Whisky_Advocate_-_Fall_2025_,Clase Azul,expression,0.55,,,,,,110,CREATE
_OceanofPDF.com_Whisky_Advocate_-_Fall_2025_,Viridiana Tinoco,expression,0.55,,,,,,110,CREATE
_OceanofPDF.com_Whisky_Advocate_-_Fall_2025_,Clase Azul Ultra,expression,0.75,3,40,,,,111,CREATE
_OceanofPDF.com_Whisky_Advocate_-_Fall_2025_,Fuenteseca Reserva Extra,expression,0.75,21,43.5,,sherry,,111,CREATE
_OceanofPDF.com_Whisky_Advocate_-_Fall_2025_,Qui Select,expression,0.75,7,40,,oak,,111,CREATE
_OceanofPDF.com_Whisky_Advocate_-_Fall_2025_,Year Extra,expression,0.75,7,40,,oak,,111,CREATE
_OceanofPDF.com_Whisky_Advocate_-_Fall_2025_,"Extra Anejo
Tequilas",expression,0.55,,,,sherry,,111,CREATE
_OceanofPDF.com_Whisky_Advocate_-_Fall_2025_,Napa Valley,expression,0.55,,,,oak,,111,CREATE
_OceanofPDF.com_Whisky_Advocate_-_Fall_2025_,Nick Cave,expression,0.55,,,,,,114,CREATE
_OceanofPDF.com_Whisky_Advocate_-_Fall_2025_,Twilight Remedy,expression,0.55,,,,,,115,CREATE
_OceanofPDF.com_Whisky_Advocate_-_Fall_2025_,"Laura Pelner
Crystal",expression,0.55,,,,,,119,CREATE
_OceanofPDF.com_Whisky_Advocate_-_Fall_2025_,"Dobel 
Diamante",expression,0.55,,,,,,119,CREATE
_OceanofPDF.com_Whisky_Advocate_-_Fall_2025_,Herradura Ultra,expression,0.75,,40,,,,119,CREATE
_OceanofPDF.com_Whisky_Advocate_-_Fall_2025_,Paloma. Packaged,expression,0.75,,26,,,,121,CREATE
_OceanofPDF.com_Whisky_Advocate_-_Fall_2025_,Bonded Experimental Series,expression,0.75,10,,,,,122,CREATE
_OceanofPDF.com_Whisky_Advocate_-_Fall_2025_,Agave Meets Grain,expression,0.55,,,,,,122,CREATE
_OceanofPDF.com_Whisky_Advocate_-_Fall_2025_,"Known 
Bourbon",expression,0.75,2,50.5,,bourbon,,122,CREATE
_OceanofPDF.com_Whisky_Advocate_-_Fall_2025_,Batch Blended Irish,expression,0.75,10,52.5,,,,122,CREATE
_OceanofPDF.com_Whisky_Advocate_-_Fall_2025_,"Limousin 
Cask Aged",expression,0.75,,40,,,,125,CREATE
_OceanofPDF.com_Whisky_Advocate_-_Fall_2025_,"Jalisco 
Highlands",distillery,0.75,,40,,,,126,CREATE
_OceanofPDF.com_Whisky_Advocate_-_Fall_2025_,"Felipe 
Camarena",distillery,0.55,,,,,,126,CREATE
_OceanofPDF.com_Whisky_Advocate_-_Fall_2025_,"Jalisco 
Lowlands",distillery,0.55,,,,,,128,CREATE
_OceanofPDF.com_Whisky_Advocate_-_Fall_2025_,Grupo Solave Distillery,distillery,0.55,,,,,,128,CREATE
_OceanofPDF.com_Whisky_Advocate_-_Fall_2025_,Dobel Atelier,expression,0.55,,,,,,128,CREATE
_OceanofPDF.com_Whisky_Advocate_-_Fall_2025_,"Euan 
Shand",expression,0.55,,,,oak,,128,CREATE
_OceanofPDF.com_Whisky_Advocate_-_Fall_2025_,Danny Brandon,expression,0.55,,,,,,128,CREATE
_OceanofPDF.com_Whisky_Advocate_-_Fall_2025_,Are You,expression,0.55,,,,,,130,CREATE
_OceanofPDF.com_Whisky_Advocate_-_Fall_2025_,Then Show Us,expression,0.55,,,,,,130,CREATE
_OceanofPDF.com_Whisky_Advocate_-_Fall_2025_,Happy Birthday,distillery,0.55,,,,,,130,CREATE
_OceanofPDF.com_Whisky_Advocate_-_Fall_2025_,Kay Shaw,expression,0.55,,,,,,130,CREATE
_OceanofPDF.com_Whisky_Advocate_-_Fall_2025_,Japanese Cocktail Culture,expression,0.55,,,,,,131,CREATE
_OceanofPDF.com_Whisky_Advocate_-_Fall_2025_,"Recognize Authentic 
Japanese",expression,0.55,,,,,,135,CREATE
_OceanofPDF.com_Whisky_Advocate_-_Fall_2025_,"Every Step
True",expression,0.55,,,,,,137,CREATE
_OceanofPDF.com_Whisky_Advocate_-_Fall_2025_,Roku Gin,expression,0.55,,,,,,137,CREATE
_OceanofPDF.com_Whisky_Advocate_-_Fall_2025_,"Year Old
From",distillery,0.75,12,,,,,141,CREATE
_OceanofPDF.com_Whisky_Advocate_-_Fall_2025_,Chilled Glassware,expression,0.55,,,,,,149,CREATE
_OceanofPDF.com_Whisky_Advocate_-_May_2023_-,"Julia Higgins
Drams",distillery,0.55,,,,,,12,CREATE
_OceanofPDF.com_Whisky_Advocate_-_May_2023_-,"Cowdery
Why",expression,0.55,,,,,,12,CREATE
_OceanofPDF.com_Whisky_Advocate_-_May_2023_-,"Buying Guide
Reviews",expression,0.55,,,,,,12,CREATE
_OceanofPDF.com_Whisky_Advocate_-_May_2023_-,"Guinness Open 
Gate",expression,0.55,,,,,,15,CREATE
_OceanofPDF.com_Whisky_Advocate_-_May_2023_-,"Again
Marvin",expression,0.55,,,,,,15,CREATE
_OceanofPDF.com_Whisky_Advocate_-_May_2023_-,"Shanken
Editor",expression,0.55,,,,,,15,CREATE
_OceanofPDF.com_Whisky_Advocate_-_May_2023_-,Shanken Communications,expression,0.55,,,,,,18,CREATE
_OceanofPDF.com_Whisky_Advocate_-_May_2023_-,Creative Director John,expression,0.55,,,,,,18,CREATE
_OceanofPDF.com_Whisky_Advocate_-_May_2023_-,Events Joan,expression,0.55,,,,,,18,CREATE
_OceanofPDF.com_Whisky_Advocate_-_May_2023_-,Events Laurie Bowers,expression,0.55,,,,,,18,CREATE
_OceanofPDF.com_Whisky_Advocate_-_May_2023_-,Contributing Editor Jonny,expression,0.55,,,,,,18,CREATE
_OceanofPDF.com_Whisky_Advocate_-_May_2023_-,Cocktail Meets Coconut,distillery,0.55,,,,,,21,CREATE
_OceanofPDF.com_Whisky_Advocate_-_May_2023_-,Le Magritte Bar,expression,0.55,,,,,,22,CREATE
_OceanofPDF.com_Whisky_Advocate_-_May_2023_-,"Day One
If",expression,0.55,,,,,,23,CREATE
_OceanofPDF.com_Whisky_Advocate_-_May_2023_-,Melody Whisky Bar,expression,0.55,,,,,,23,CREATE
_OceanofPDF.com_Whisky_Advocate_-_May_2023_-,"Modern
Merchant House",distillery,0.55,,,,,,24,CREATE
_OceanofPDF.com_Whisky_Advocate_-_May_2023_-,"Brig. 
Next",expression,0.55,,,,,,24,CREATE
_OceanofPDF.com_Whisky_Advocate_-_May_2023_-,Whisky Your Way,expression,0.55,,,,,,24,CREATE
_OceanofPDF.com_Whisky_Advocate_-_May_2023_-,"Malt Wine 
Wood",expression,0.55,,,,wine,,24,CREATE
_OceanofPDF.com_Whisky_Advocate_-_May_2023_-,"Day Two
Begin",expression,0.55,,,,wine,,24,CREATE
_OceanofPDF.com_Whisky_Advocate_-_May_2023_-,"The 
Resting Room",distillery,0.55,,,,,,27,CREATE
_OceanofPDF.com_Whisky_Advocate_-_May_2023_-,Sayan Sour,expression,0.55,,,,,,27,CREATE
_OceanofPDF.com_Whisky_Advocate_-_May_2023_-,Dram House,expression,0.55,,,,,,27,CREATE
_OceanofPDF.com_Whisky_Advocate_-_May_2023_-,Soho Whisky Club,expression,0.55,,,,,,27,CREATE
_OceanofPDF.com_Whisky_Advocate_-_May_2023_-,"Vintage 
House",expression,0.55,,,,,,27,CREATE
_OceanofPDF.com_Whisky_Advocate_-_May_2023_-,"Breweries
Beefeater Distillery",distillery,0.55,,,,,,27,CREATE
_OceanofPDF.com_Whisky_Advocate_-_May_2023_-,Montford Place,distillery,0.55,,,,,,27,CREATE
_OceanofPDF.com_Whisky_Advocate_-_May_2023_-,Well Court,expression,0.55,,,,,,27,CREATE
_OceanofPDF.com_Whisky_Advocate_-_May_2023_-,Brittany Risher Englert,expression,0.55,,,,,,28,CREATE
_OceanofPDF.com_Whisky_Advocate_-_May_2023_-,"Tokyo Cut
Created",expression,0.55,,,,,,28,CREATE
_OceanofPDF.com_Whisky_Advocate_-_May_2023_-,Washed Nikka Coffey,expression,0.55,,,,,,28,CREATE
_OceanofPDF.com_Whisky_Advocate_-_May_2023_-,Envy Finished,expression,0.55,,,,,,29,CREATE
_OceanofPDF.com_Whisky_Advocate_-_May_2023_-,"Sherry 
Cask Finish",expression,0.75,5,,,sherry,,31,CREATE
_OceanofPDF.com_Whisky_Advocate_-_May_2023_-,"Pure Malt
Light",expression,0.55,,,,,,32,CREATE
_OceanofPDF.com_Whisky_Advocate_-_May_2023_-,Stephen Beaumont,expression,0.55,,,,,,32,CREATE
_OceanofPDF.com_Whisky_Advocate_-_May_2023_-,"Select.
Shell",expression,0.55,,,,,,32,CREATE
_OceanofPDF.com_Whisky_Advocate_-_May_2023_-,"Ore 
Travel Decanter",expression,0.55,,,,,,35,CREATE
_OceanofPDF.com_Whisky_Advocate_-_May_2023_-,Picnic Basket,expression,0.55,,,,,,35,CREATE
_OceanofPDF.com_Whisky_Advocate_-_May_2023_-,Anora Group,expression,0.55,,,,,,38,CREATE
_OceanofPDF.com_Whisky_Advocate_-_May_2023_-,"Sonja 
Kassebaum",expression,0.55,,,,,,38,CREATE
_OceanofPDF.com_Whisky_Advocate_-_May_2023_-,Kara Mackey,distillery,0.55,,,,,,44,CREATE
_OceanofPDF.com_Whisky_Advocate_-_May_2023_-,Get Hitched,distillery,0.55,,,,,,44,CREATE
_OceanofPDF.com_Whisky_Advocate_-_May_2023_-,Robin Donnelly,distillery,0.55,,,,,,46,CREATE
_OceanofPDF.com_Whisky_Advocate_-_May_2023_-,Sir Peter Blake,expression,0.75,60,,,,,49,CREATE
_OceanofPDF.com_Whisky_Advocate_-_May_2023_-,Colin Rizza,distillery,0.55,,,,,,49,CREATE
_OceanofPDF.com_Whisky_Advocate_-_May_2023_-,Pairs Top Drams,expression,0.55,,,,,,52,CREATE
_OceanofPDF.com_Whisky_Advocate_-_May_2023_-,"Bonded 
Tennessee",expression,0.55,,,,,,52,CREATE
_OceanofPDF.com_Whisky_Advocate_-_May_2023_-,Julia Higgins,expression,0.55,,,,,,52,CREATE
_OceanofPDF.com_Whisky_Advocate_-_May_2023_-,Dave Schmier,distillery,0.55,,,,,,55,CREATE
_OceanofPDF.com_Whisky_Advocate_-_May_2023_-,Ari Suss,expression,0.55,,,,,,55,CREATE
_OceanofPDF.com_Whisky_Advocate_-_May_2023_-,Traditional American,expression,0.55,,,,,,55,CREATE
_OceanofPDF.com_Whisky_Advocate_-_May_2023_-,Duty Free,expression,0.55,,,,,,56,CREATE
_OceanofPDF.com_Whisky_Advocate_-_May_2023_-,County Cork,distillery,0.55,,,,,,64,CREATE
_OceanofPDF.com_Whisky_Advocate_-_May_2023_-,Depart Kinsale,distillery,0.55,,,,,,64,CREATE
_OceanofPDF.com_Whisky_Advocate_-_May_2023_-,Cork. Sitting,expression,0.55,,,,,,65,CREATE
_OceanofPDF.com_Whisky_Advocate_-_May_2023_-,Fota Island Resort,distillery,0.55,,,,,,65,CREATE
_OceanofPDF.com_Whisky_Advocate_-_May_2023_-,The Europe Hotel,distillery,0.55,,,,,,65,CREATE
_OceanofPDF.com_Whisky_Advocate_-_May_2023_-,Skellig Michael,distillery,0.55,,,,,,65,CREATE
_OceanofPDF.com_Whisky_Advocate_-_May_2023_-,Graham Coull,expression,0.55,,,,,,66,CREATE
_OceanofPDF.com_Whisky_Advocate_-_May_2023_-,County Clare,expression,0.55,,,,,,68,CREATE
_OceanofPDF.com_Whisky_Advocate_-_May_2023_-,Burren Distillers,distillery,0.55,,,,,,68,CREATE
_OceanofPDF.com_Whisky_Advocate_-_May_2023_-,Adare Manor,distillery,0.55,,,,,,68,CREATE
_OceanofPDF.com_Whisky_Advocate_-_May_2023_-,Dromoland Castle Hotel,distillery,0.55,,,,,,68,CREATE
_OceanofPDF.com_Whisky_Advocate_-_May_2023_-,County Limerick,distillery,0.55,,,,,,68,CREATE
_OceanofPDF.com_Whisky_Advocate_-_May_2023_-,Keem Bay,distillery,0.55,,,,,,71,CREATE
_OceanofPDF.com_Whisky_Advocate_-_May_2023_-,County Sligo,distillery,0.55,,,,,,71,CREATE
_OceanofPDF.com_Whisky_Advocate_-_May_2023_-,Helen Mulholland,expression,0.55,,,,,,71,CREATE
_OceanofPDF.com_Whisky_Advocate_-_May_2023_-,Ashford Castle,distillery,0.55,,,,,,71,CREATE
_OceanofPDF.com_Whisky_Advocate_-_May_2023_-,"Inishowen
Crolly Distillery",distillery,0.55,,,,,,72,CREATE
_OceanofPDF.com_Whisky_Advocate_-_May_2023_-,County Wicklow,distillery,0.55,,,,,,75,CREATE
_OceanofPDF.com_Whisky_Advocate_-_May_2023_-,"Dram
Boann Distillery",distillery,0.55,,,,,,76,CREATE
_OceanofPDF.com_Whisky_Advocate_-_May_2023_-,County Meath,distillery,0.55,,,,,,76,CREATE
_OceanofPDF.com_Whisky_Advocate_-_May_2023_-,Caroline Martin,expression,0.55,,,,,,77,CREATE
_OceanofPDF.com_Whisky_Advocate_-_May_2023_-,Illva Saronno,expression,0.55,,,,,,77,CREATE
_OceanofPDF.com_Whisky_Advocate_-_May_2023_-,"Ger 
Buckley",distillery,0.55,,,,oak,,77,CREATE
_OceanofPDF.com_Whisky_Advocate_-_May_2023_-,Billy Leighton,expression,0.75,22,,,,,77,CREATE
_OceanofPDF.com_Whisky_Advocate_-_May_2023_-,Carroll. There,expression,0.55,,,,oak,,78,CREATE
_OceanofPDF.com_Whisky_Advocate_-_May_2023_-,Gunpowder Irish,distillery,0.55,,,,,,78,CREATE
_OceanofPDF.com_Whisky_Advocate_-_May_2023_-,Unlike Midleton,expression,0.55,,,,,,81,CREATE
_OceanofPDF.com_Whisky_Advocate_-_May_2023_-,Belfast Distillery Company,distillery,0.55,,,,,,84,CREATE
_OceanofPDF.com_Whisky_Advocate_-_May_2023_-,Crumlin Road Gaol,distillery,0.55,,,,,,84,CREATE
_OceanofPDF.com_Whisky_Advocate_-_May_2023_-,"Belfast
Derry",expression,0.55,,,,,,85,CREATE
_OceanofPDF.com_Whisky_Advocate_-_May_2023_-,An Carn Derry,distillery,0.55,,,,,,85,CREATE
_OceanofPDF.com_Whisky_Advocate_-_May_2023_-,Shane Braniff,distillery,0.55,,,,,,86,CREATE
_OceanofPDF.com_Whisky_Advocate_-_May_2023_-,Alex Thomas,distillery,0.55,,,,,,86,CREATE
_OceanofPDF.com_Whisky_Advocate_-_May_2023_-,"Sligo. 
Bushmills",distillery,0.75,12,,,,,86,CREATE
_OceanofPDF.com_Whisky_Advocate_-_May_2023_-,"Estate Distillery
Titanic",distillery,0.55,,,,,,86,CREATE
_OceanofPDF.com_Whisky_Advocate_-_May_2023_-,Mizunara Finish Single,expression,0.75,7,43,,,,88,CREATE
_OceanofPDF.com_Whisky_Advocate_-_May_2023_-,Gate Single Pot,expression,0.75,5,46,,,,88,CREATE
_OceanofPDF.com_Whisky_Advocate_-_May_2023_-,Double Wood Blend,expression,0.75,5,46,,,,88,CREATE
_OceanofPDF.com_Whisky_Advocate_-_May_2023_-,Finish Single Grain,expression,0.75,,43,,,,88,CREATE
_OceanofPDF.com_Whisky_Advocate_-_May_2023_-,"Vintage 
Release Single",expression,0.75,,46,,,,88,CREATE
_OceanofPDF.com_Whisky_Advocate_-_May_2023_-,"Limavady Single 
Barrel",expression,0.75,12,40,,,,88,CREATE
_OceanofPDF.com_Whisky_Advocate_-_May_2023_-,"Madness 
French Chestnut",expression,0.75,,46,,sherry,,88,CREATE
_OceanofPDF.com_Whisky_Advocate_-_May_2023_-,Prediction Blend,expression,0.75,,46,,,,88,CREATE
_OceanofPDF.com_Whisky_Advocate_-_May_2023_-,Single Pot Still,expression,0.75,,40,,,,88,CREATE
_OceanofPDF.com_Whisky_Advocate_-_May_2023_-,Cask Finished Blend,expression,0.75,12,40,,,,88,CREATE
_OceanofPDF.com_Whisky_Advocate_-_May_2023_-,Edition Single Pot,expression,0.75,,46,,oak,,88,CREATE
_OceanofPDF.com_Whisky_Advocate_-_May_2023_-,Cider Cask Blend,expression,0.75,10,46,,,,88,CREATE
_OceanofPDF.com_Whisky_Advocate_-_May_2023_-,"Madeira Cask 
Finish",expression,0.75,10,40,,,,88,CREATE
_OceanofPDF.com_Whisky_Advocate_-_May_2023_-,Cask Finish Blend,expression,0.75,,50,,,,88,CREATE
_OceanofPDF.com_Whisky_Advocate_-_May_2023_-,"Stout Cask 
Finish",expression,0.75,,40,,,,88,CREATE
_OceanofPDF.com_Whisky_Advocate_-_May_2023_-,"Tropical 
Distillers",distillery,0.55,,,,,,92,CREATE
_OceanofPDF.com_Whisky_Advocate_-_May_2023_-,Tropical Distill,distillery,0.55,,,,,,93,CREATE
_OceanofPDF.com_Whisky_Advocate_-_May_2023_-,Meaghan Dorman,expression,0.55,,,,,,94,CREATE
_OceanofPDF.com_Whisky_Advocate_-_May_2023_-,"Barbecue 
Make",expression,0.55,,,,,,97,CREATE
_OceanofPDF.com_Whisky_Advocate_-_May_2023_-,Perfect Pair,expression,0.55,,,,,,97,CREATE
_OceanofPDF.com_Whisky_Advocate_-_May_2023_-,"Abe 
Vucekovich",expression,0.55,,,,,,97,CREATE
_OceanofPDF.com_Whisky_Advocate_-_May_2023_-,Between Leach,expression,0.55,,,,,,97,CREATE
_OceanofPDF.com_Whisky_Advocate_-_May_2023_-,Chef Dominique Leach,expression,0.55,,,,,,97,CREATE
_OceanofPDF.com_Whisky_Advocate_-_May_2023_-,Yuzu Highball,expression,0.55,,,,,,98,CREATE
_OceanofPDF.com_Whisky_Advocate_-_May_2023_-,Chopped Almonds,expression,0.55,,,,,,102,CREATE
_OceanofPDF.com_Whisky_Advocate_-_May_2023_-,Whiskey Del Bac,expression,0.55,,,,,,105,CREATE
_OceanofPDF.com_Whisky_Advocate_-_May_2023_-,From Japan,expression,0.55,,,,,,105,CREATE
_OceanofPDF.com_Whisky_Advocate_-_May_2023_-,Kyushu Island,expression,0.55,,,islands,,,105,CREATE
_OceanofPDF.com_Whisky_Advocate_-_May_2023_-,Japan. Hakata,expression,0.55,,,islands,,,105,CREATE
_OceanofPDF.com_Whisky_Advocate_-_May_2023_-,"Silent 
Distillery Chapter",distillery,0.75,48,53.9,,,,107,CREATE
_OceanofPDF.com_Whisky_Advocate_-_May_2023_-,Rye Finished,expression,0.75,,52.5,,bourbon,,107,CREATE
_OceanofPDF.com_Whisky_Advocate_-_May_2023_-,Rye Casks,expression,0.75,,52.5,,bourbon,,107,CREATE
_OceanofPDF.com_Whisky_Advocate_-_May_2023_-,Monster Cask Strength,expression,0.75,,56.7,,,,107,CREATE
_OceanofPDF.com_Whisky_Advocate_-_May_2023_-,Origin Story,expression,0.75,,56.7,,,,107,CREATE
_OceanofPDF.com_Whisky_Advocate_-_May_2023_-,"Monarch Cask 
Strength",expression,0.75,,58.6,,,,107,CREATE
_OceanofPDF.com_Whisky_Advocate_-_May_2023_-,Buttered French,expression,0.75,,58.6,,,,107,CREATE
_OceanofPDF.com_Whisky_Advocate_-_May_2023_-,"Best Values
Whiskies",expression,0.55,,,,,,107,CREATE
_OceanofPDF.com_Whisky_Advocate_-_May_2023_-,Market Watch,expression,0.55,,,,,,108,CREATE
_OceanofPDF.com_Whisky_Advocate_-_May_2023_-,Staff Reviewer,expression,0.55,,,,,,108,CREATE
_OceanofPDF.com_Whisky_Advocate_-_May_2023_-,"Blends 
Quartet Part",expression,0.75,,49,,,,109,CREATE
_OceanofPDF.com_Whisky_Advocate_-_May_2023_-,See Best Values,expression,0.75,,40,,,,109,CREATE
_OceanofPDF.com_Whisky_Advocate_-_May_2023_-,See Editors,expression,0.75,,56.7,,,,109,CREATE
_OceanofPDF.com_Whisky_Advocate_-_May_2023_-,Strength Blend,expression,0.75,,31,,bourbon,,109,CREATE
_OceanofPDF.com_Whisky_Advocate_-_May_2023_-,See Editor,expression,0.75,,50,,,,110,CREATE
_OceanofPDF.com_Whisky_Advocate_-_May_2023_-,Old Line Double,expression,0.75,,50,,oak,,111,CREATE
_OceanofPDF.com_Whisky_Advocate_-_May_2023_-,See Collectibles,expression,0.75,8,52.5,,,,111,CREATE
_OceanofPDF.com_Whisky_Advocate_-_May_2023_-,Vol. Distilled,distillery,0.75,,41,,,,111,CREATE
_OceanofPDF.com_Whisky_Advocate_-_May_2023_-,"Grain. 
Glendalough",distillery,0.75,,41,,,,111,CREATE
_OceanofPDF.com_Whisky_Advocate_-_May_2023_-,Ireland. Registered,distillery,0.55,,,,,,111,CREATE
_OceanofPDF.com_Whisky_Advocate_-_May_2023_-,Whiskey Town Lost,expression,0.75,26,58.6,,,,112,CREATE
_OceanofPDF.com_Whisky_Advocate_-_May_2023_-,Tears Cask Strength,expression,0.75,,54.8,,,,113,CREATE
_OceanofPDF.com_Whisky_Advocate_-_May_2023_-,Palisson Batch,expression,0.75,,43,,,,114,CREATE
_OceanofPDF.com_Whisky_Advocate_-_May_2023_-,"French 
Limousin",expression,0.55,,,,oak,,114,CREATE
_OceanofPDF.com_Whisky_Advocate_-_May_2023_-,"Fruit 
And Spice",expression,0.75,,46,,,,114,CREATE
_OceanofPDF.com_Whisky_Advocate_-_May_2023_-,Malt Edition Sigel,expression,0.75,,40,,oak,,114,CREATE
_OceanofPDF.com_Whisky_Advocate_-_May_2023_-,Ferrero Rocher,expression,0.55,,,,,,114,CREATE
_OceanofPDF.com_Whisky_Advocate_-_May_2023_-,"Malt Edition 
Himmelberg",expression,0.75,,43,,,,114,CREATE
_OceanofPDF.com_Whisky_Advocate_-_May_2023_-,"Malt Edition 
Dreifaltigkeit",expression,0.75,,52,,,,114,CREATE
_OceanofPDF.com_Whisky_Advocate_-_May_2023_-,Ikikko Koji,expression,0.75,8,42,,sherry,,114,CREATE
_OceanofPDF.com_Whisky_Advocate_-_May_2023_-,Iki Island,expression,0.75,8,42,,sherry,,114,CREATE
_OceanofPDF.com_Whisky_Advocate_-_May_2023_-,Tsushima Straits,expression,0.75,8,42,,sherry,,114,CREATE
_OceanofPDF.com_Whisky_Advocate_-_May_2023_-,Are You,expression,0.55,,,,,,116,CREATE
_OceanofPDF.com_Whisky_Advocate_-_May_2023_-,Then Show Us,expression,0.55,,,,,,116,CREATE
_OceanofPDF.com_Whisky_Advocate_-_May_2023_-,Martin Neumann,expression,0.55,,,,,,116,CREATE
_OceanofPDF.com_Whisky_Advocate_-_May_2023_-,Air Force,expression,0.55,,,,,,116,CREATE
_OceanofPDF.com_Whisky_Advocate_-_May_2023_-,Bob Serricchio,expression,0.55,,,,,,116,CREATE
_OceanofPDF.com_Whisky_Advocate_-_September_,"Dining
Once",distillery,0.55,,,,,,13,CREATE
_OceanofPDF.com_Whisky_Advocate_-_September_,The Other Great,expression,0.55,,,,,,13,CREATE
_OceanofPDF.com_Whisky_Advocate_-_September_,"Shaun Tolson
While",expression,0.55,,,,,,13,CREATE
_OceanofPDF.com_Whisky_Advocate_-_September_,Lighter Dram,expression,0.55,,,,,,14,CREATE
_OceanofPDF.com_Whisky_Advocate_-_September_,"Buying Guide
Reviews",expression,0.55,,,,,,14,CREATE
_OceanofPDF.com_Whisky_Advocate_-_September_,Our Buying Guide,expression,0.55,,,,,,17,CREATE
_OceanofPDF.com_Whisky_Advocate_-_September_,"Home
Marvin",expression,0.55,,,,,,17,CREATE
_OceanofPDF.com_Whisky_Advocate_-_September_,"Shanken
Editor",expression,0.55,,,,,,17,CREATE
_OceanofPDF.com_Whisky_Advocate_-_September_,"Nathan Lethbridge
Hi",expression,0.55,,,,,,19,CREATE
_OceanofPDF.com_Whisky_Advocate_-_September_,Creative Director John,expression,0.55,,,,,,20,CREATE
_OceanofPDF.com_Whisky_Advocate_-_September_,Events Joan,expression,0.55,,,,,,20,CREATE
_OceanofPDF.com_Whisky_Advocate_-_September_,Events Laurie Bowers,expression,0.55,,,,,,20,CREATE
_OceanofPDF.com_Whisky_Advocate_-_September_,Contributing Editor Jonny,expression,0.55,,,,,,20,CREATE
_OceanofPDF.com_Whisky_Advocate_-_September_,Ridge Farm,expression,0.55,,,,,,20,CREATE
_OceanofPDF.com_Whisky_Advocate_-_September_,"Jennifer Shoemaker
Bonita",expression,0.55,,,,,,20,CREATE
_OceanofPDF.com_Whisky_Advocate_-_September_,"Prosciutto Old 
Fashioned",expression,0.55,,,,bourbon,,25,CREATE
_OceanofPDF.com_Whisky_Advocate_-_September_,Harp Song,expression,0.75,16,,,,,25,CREATE
_OceanofPDF.com_Whisky_Advocate_-_September_,"Carversteak 
Whisky Attic",expression,0.55,,,,wine,,25,CREATE
_OceanofPDF.com_Whisky_Advocate_-_September_,Container Park,expression,0.55,,,,oak,,26,CREATE
_OceanofPDF.com_Whisky_Advocate_-_September_,Happy Hour,expression,0.55,,,,,,26,CREATE
_OceanofPDF.com_Whisky_Advocate_-_September_,Mob Museum,distillery,0.55,,,,,,26,CREATE
_OceanofPDF.com_Whisky_Advocate_-_September_,But Las Vegas,distillery,0.55,,,,,,29,CREATE
_OceanofPDF.com_Whisky_Advocate_-_September_,"Shops
Liquor Lineup",expression,0.55,,,,,,29,CREATE
_OceanofPDF.com_Whisky_Advocate_-_September_,"Larry Olmsted
Area",expression,0.55,,,,,,29,CREATE
_OceanofPDF.com_Whisky_Advocate_-_September_,"Mane
Created",expression,0.55,,,,,,30,CREATE
_OceanofPDF.com_Whisky_Advocate_-_September_,Thongchai Jaidee,expression,0.55,,,,,,37,CREATE
_OceanofPDF.com_Whisky_Advocate_-_September_,County Meath,distillery,0.55,,,,,,37,CREATE
_OceanofPDF.com_Whisky_Advocate_-_September_,Shane English,expression,0.55,,,,bourbon,,37,CREATE
_OceanofPDF.com_Whisky_Advocate_-_September_,Golfer Works,expression,0.55,,,,bourbon,,37,CREATE
_OceanofPDF.com_Whisky_Advocate_-_September_,His Whisky Game,expression,0.55,,,,bourbon,,37,CREATE
_OceanofPDF.com_Whisky_Advocate_-_September_,Old Man Liver,distillery,0.55,,,,,,39,CREATE
_OceanofPDF.com_Whisky_Advocate_-_September_,Talk Thirty,expression,0.75,30,,,,,40,CREATE
_OceanofPDF.com_Whisky_Advocate_-_September_,Sherry Oak,expression,0.75,30,43,,sherry,,40,CREATE
_OceanofPDF.com_Whisky_Advocate_-_September_,Rachel Barrie,expression,0.75,,46,,,,40,CREATE
_OceanofPDF.com_Whisky_Advocate_-_September_,Brian Kinsman,expression,0.75,30,43,,,,41,CREATE
_OceanofPDF.com_Whisky_Advocate_-_September_,"Lowlands
Scotland",expression,0.55,,,,,,54,CREATE
_OceanofPDF.com_Whisky_Advocate_-_September_,Batch Strength,expression,0.75,15,50,,sherry,,57,CREATE
_OceanofPDF.com_Whisky_Advocate_-_September_,"Oloroso 
Sherry Cask",expression,0.75,,43,,sherry,,57,CREATE
_OceanofPDF.com_Whisky_Advocate_-_September_,"Cognac Cask 
Selection",expression,0.75,14,40,,,,57,CREATE
_OceanofPDF.com_Whisky_Advocate_-_September_,"Sherry Cask 
Select",expression,0.75,12,43,,sherry,,58,CREATE
_OceanofPDF.com_Whisky_Advocate_-_September_,Wee Beastie,expression,0.75,5,47.4,,,,61,CREATE
_OceanofPDF.com_Whisky_Advocate_-_September_,Guinness Cask Finish,expression,0.75,11,,,,,61,CREATE
_OceanofPDF.com_Whisky_Advocate_-_September_,Legacy Series,distillery,0.75,,46,,,,62,CREATE
_OceanofPDF.com_Whisky_Advocate_-_September_,Double Double,expression,0.75,21,46,,,,65,CREATE
_OceanofPDF.com_Whisky_Advocate_-_September_,Ernest Shackleton,expression,0.55,,,,,,65,CREATE
_OceanofPDF.com_Whisky_Advocate_-_September_,"Harbour Inn 
Islay",expression,0.55,,,islay,,,68,CREATE
_OceanofPDF.com_Whisky_Advocate_-_September_,Schooner Bar,expression,0.55,,,,,,68,CREATE
_OceanofPDF.com_Whisky_Advocate_-_September_,Vaults Secrets Warehouse,distillery,0.55,,,,,,68,CREATE
_OceanofPDF.com_Whisky_Advocate_-_September_,"Bar. 
Inn",expression,0.55,,,,,,68,CREATE
_OceanofPDF.com_Whisky_Advocate_-_September_,"Oldest Whisky 
Hotel",expression,0.55,,,,,,68,CREATE
_OceanofPDF.com_Whisky_Advocate_-_September_,Quaich Bar,expression,0.55,,,,,,68,CREATE
_OceanofPDF.com_Whisky_Advocate_-_September_,The Fife Arms,expression,0.55,,,,,,69,CREATE
_OceanofPDF.com_Whisky_Advocate_-_September_,"Andrew 
Fairlie",expression,0.55,,,,,,70,CREATE
_OceanofPDF.com_Whisky_Advocate_-_September_,Regis Whisky Mad,expression,0.55,,,,,,70,CREATE
_OceanofPDF.com_Whisky_Advocate_-_September_,Ferry Bar,expression,0.55,,,,,,71,CREATE
_OceanofPDF.com_Whisky_Advocate_-_September_,Nean Organic,expression,0.55,,,,,,71,CREATE
_OceanofPDF.com_Whisky_Advocate_-_September_,"Fife Coastal 
Path",distillery,0.55,,,,,,72,CREATE
_OceanofPDF.com_Whisky_Advocate_-_September_,Larry Olmsted,distillery,0.55,,,,,,72,CREATE
_OceanofPDF.com_Whisky_Advocate_-_September_,"Jordan 
Paisley",distillery,0.55,,,,,,77,CREATE
_OceanofPDF.com_Whisky_Advocate_-_September_,Gearach Farm,distillery,0.55,,,,port,,77,CREATE
_OceanofPDF.com_Whisky_Advocate_-_September_,Ian Macleod Distillers,distillery,0.55,,,islay,,,77,CREATE
_OceanofPDF.com_Whisky_Advocate_-_September_,"Distillery Menus  
   Transformed",distillery,0.55,,,,,,78,CREATE
_OceanofPDF.com_Whisky_Advocate_-_September_,"Pawel 
Sowa",expression,0.55,,,speyside,,,79,CREATE
_OceanofPDF.com_Whisky_Advocate_-_September_,"Old Kiln 
Bistro",distillery,0.55,,,,,,79,CREATE
_OceanofPDF.com_Whisky_Advocate_-_September_,The Mash Tun,expression,0.55,,,speyside,,,79,CREATE
_OceanofPDF.com_Whisky_Advocate_-_September_,Estate Pioneers Experience,expression,0.55,,,,,,79,CREATE
_OceanofPDF.com_Whisky_Advocate_-_September_,"Aveen 
Jarrick",distillery,0.55,,,,,,82,CREATE
_OceanofPDF.com_Whisky_Advocate_-_September_,Outer Hebrides,distillery,0.75,10,,,,,82,CREATE
_OceanofPDF.com_Whisky_Advocate_-_September_,"St Kilda
Stornoway",distillery,0.55,,,,,,82,CREATE
_OceanofPDF.com_Whisky_Advocate_-_September_,Inspirational Books,expression,0.55,,,,,,83,CREATE
_OceanofPDF.com_Whisky_Advocate_-_September_,Cabinet Minister,expression,0.55,,,,,,83,CREATE
_OceanofPDF.com_Whisky_Advocate_-_September_,"Venture Sail
Hebridean",expression,0.55,,,,,,83,CREATE
_OceanofPDF.com_Whisky_Advocate_-_September_,Fly Fish Islay,expression,0.55,,,islay,,,86,CREATE
_OceanofPDF.com_Whisky_Advocate_-_September_,Culloden House Hotel,distillery,0.55,,,,,,86,CREATE
_OceanofPDF.com_Whisky_Advocate_-_September_,"Casks
Scotland",expression,0.55,,,,,,86,CREATE
_OceanofPDF.com_Whisky_Advocate_-_September_,Open Championship,expression,0.55,,,,,,89,CREATE
_OceanofPDF.com_Whisky_Advocate_-_September_,"The Championship 
Course",expression,0.55,,,,,,90,CREATE
_OceanofPDF.com_Whisky_Advocate_-_September_,Vermont. Below,expression,0.55,,,,,,95,CREATE
_OceanofPDF.com_Whisky_Advocate_-_September_,Meghan Ireland,expression,0.55,,,,,,95,CREATE
_OceanofPDF.com_Whisky_Advocate_-_September_,Dave Pickerell,expression,0.75,12,,,,,96,CREATE
_OceanofPDF.com_Whisky_Advocate_-_September_,Newport Craft,expression,0.75,7,,,,,96,CREATE
_OceanofPDF.com_Whisky_Advocate_-_September_,Battle Cry,expression,0.55,,,,,,97,CREATE
_OceanofPDF.com_Whisky_Advocate_-_September_,"Rhode 
Island",distillery,0.55,,,,,,97,CREATE
_OceanofPDF.com_Whisky_Advocate_-_September_,"Uprising 
American 
Single",expression,0.75,,46,,oak,,97,CREATE
_OceanofPDF.com_Whisky_Advocate_-_September_,Bryan Jennings,distillery,0.55,,,,,,99,CREATE
_OceanofPDF.com_Whisky_Advocate_-_September_,Cisco Brewers,distillery,0.55,,,,,,99,CREATE
_OceanofPDF.com_Whisky_Advocate_-_September_,"Tamworth Distillery
Tamworth",distillery,0.55,,,,,,100,CREATE
_OceanofPDF.com_Whisky_Advocate_-_September_,Tony Vengrove,distillery,0.55,,,,,,100,CREATE
_OceanofPDF.com_Whisky_Advocate_-_September_,Octave Barrel,expression,0.55,,,,,,103,CREATE
_OceanofPDF.com_Whisky_Advocate_-_September_,"Mizunara 
Oak Cask",expression,0.75,33,52.8,,oak,,105,CREATE
_OceanofPDF.com_Whisky_Advocate_-_September_,"Rum 
Cask Finished",expression,0.75,,45,,,,105,CREATE
_OceanofPDF.com_Whisky_Advocate_-_September_,Sherry Cask Finish,expression,0.75,,43,highland,sherry,,105,CREATE
_OceanofPDF.com_Whisky_Advocate_-_September_,"Best Values
Whiskies",expression,0.55,,,,,,105,CREATE
_OceanofPDF.com_Whisky_Advocate_-_September_,Kevin Balmforth,expression,0.75,,43,,,,106,CREATE
_OceanofPDF.com_Whisky_Advocate_-_September_,Ted Simmons,expression,0.55,,,,,,106,CREATE
_OceanofPDF.com_Whisky_Advocate_-_September_,Market Watch,expression,0.55,,,,,,106,CREATE
_OceanofPDF.com_Whisky_Advocate_-_September_,Staff Reviewer,expression,0.55,,,,,,106,CREATE
_OceanofPDF.com_Whisky_Advocate_-_September_,"Queen 
Elizabeth",expression,0.55,,,islay,port,,107,CREATE
_OceanofPDF.com_Whisky_Advocate_-_September_,Ultima Port Ellen,expression,0.75,41,59.6,islay,port,,107,CREATE
_OceanofPDF.com_Whisky_Advocate_-_September_,See Collectibles,expression,0.75,30,46,,,,108,CREATE
_OceanofPDF.com_Whisky_Advocate_-_September_,See Editors,expression,0.75,12,40,,,,108,CREATE
_OceanofPDF.com_Whisky_Advocate_-_September_,Championship Edition,expression,0.75,19,43,,,,108,CREATE
_OceanofPDF.com_Whisky_Advocate_-_September_,See Best Values,expression,0.75,14,43,,sherry,,108,CREATE
_OceanofPDF.com_Whisky_Advocate_-_September_,"Pedro Ximenez 
Sherry",expression,0.75,14,43.8,,oak,,108,CREATE
_OceanofPDF.com_Whisky_Advocate_-_September_,Year Old Robert,expression,0.75,30,,speyside,,,108,CREATE
_OceanofPDF.com_Whisky_Advocate_-_September_,Anniversary Trilogy,expression,0.75,30,,,,,108,CREATE
_OceanofPDF.com_Whisky_Advocate_-_September_,When Angus Dundee,distillery,0.55,,,,,,108,CREATE
_OceanofPDF.com_Whisky_Advocate_-_September_,"French 
Smooth",expression,0.75,8,40,,,,109,CREATE
_OceanofPDF.com_Whisky_Advocate_-_September_,"Circle 
Edition No",expression,0.75,,46,,,,109,CREATE
_OceanofPDF.com_Whisky_Advocate_-_September_,Anniversary Blend,expression,0.75,,50,,,,110,CREATE
_OceanofPDF.com_Whisky_Advocate_-_September_,Sherry Cask Finished,expression,0.75,6,62,,sherry,,110,CREATE
_OceanofPDF.com_Whisky_Advocate_-_September_,Vol. Sip,distillery,0.75,,61,,,,111,CREATE
_OceanofPDF.com_Whisky_Advocate_-_September_,Whiskey Del Bac,expression,0.55,,,,sherry,,114,CREATE
_OceanofPDF.com_Whisky_Advocate_-_September_,"Frontera Spanish 
Sherry",expression,0.75,,47.5,,sherry,,114,CREATE
_OceanofPDF.com_Whisky_Advocate_-_September_,"Blended 
Stave Finished",distillery,0.75,,54.5,,bourbon,,117,CREATE
_OceanofPDF.com_Whisky_Advocate_-_September_,Tears Cask Strength,expression,0.75,,54.6,,,,118,CREATE
_OceanofPDF.com_Whisky_Advocate_-_September_,Vintage Release,expression,0.75,,54.6,,,,118,CREATE
_OceanofPDF.com_Whisky_Advocate_-_September_,Pure Malt Mizunara,expression,0.75,8,46,,,,118,CREATE
_OceanofPDF.com_Whisky_Advocate_-_September_,Kimio Yonezawa,distillery,0.55,,,,,,118,CREATE
_OceanofPDF.com_Whisky_Advocate_-_September_,Desiree Whitaker,distillery,0.55,,,,,,118,CREATE
_OceanofPDF.com_Whisky_Advocate_-_September_,Roaring Meg,expression,0.55,,,,,,118,CREATE
_OceanofPDF.com_Whisky_Advocate_-_September_,Just Hatched,expression,0.55,,,,,,118,CREATE
_OceanofPDF.com_Whisky_Advocate_-_September_,Growing Wings,expression,0.75,3,,,,,118,CREATE
_OceanofPDF.com_Whisky_Advocate_-_September_,Shanken Communications,expression,0.55,,,,,,120,CREATE
_OceanofPDF.com_Whisky_Advocate_-_September_,Greg Shofer,expression,0.55,,,,,,120,CREATE
_OceanofPDF.com_Whisky_Advocate_-_September_,Are You,expression,0.55,,,,,,120,CREATE
_OceanofPDF.com_Whisky_Advocate_-_September_,Then Show Us,expression,0.55,,,,,,120,CREATE
_OceanofPDF.com_Whisky_Advocate_-_September_,"Ian Lindsey
Casa",expression,0.75,,40,,,,136,CREATE
_OceanofPDF.com_Whisky_Advocate_-_September_,"Fabrica Jose 
Cuervo",distillery,0.55,,,,,,137,CREATE
_OceanofPDF.com_Whisky_Advocate_-_September_,Hotel Solar,distillery,0.55,,,,,,137,CREATE
_OceanofPDF.com_Whisky_Advocate_-_September_,La Antigua Caso,distillery,0.55,,,,,,137,CREATE
_OceanofPDF.com_Whisky_Advocate_-_September_,"Latin 
America",distillery,0.55,,,,,,138,CREATE
_OceanofPDF.com_Whisky_Advocate_-_September_,Cultural Center,distillery,0.55,,,,,,139,CREATE
_OceanofPDF.com_Whisky_Advocate_-_September_,Matices Hotel,distillery,0.55,,,,,,143,CREATE
_OceanofPDF.com_Whisky_Advocate_-_September_,Jalisco Highlands,distillery,0.55,,,,,,143,CREATE
_OceanofPDF.com_Whisky_Advocate_-_September_,Kendall Jenner,expression,0.55,,,,,,147,CREATE
_OceanofPDF.com_Whisky_Advocate_-_September_,Diego Osorio,distillery,0.55,,,,,,150,CREATE
_OceanofPDF.com_Whisky_Advocate_-_September_,Spain. Cuervo,distillery,0.55,,,,,,152,CREATE
_OceanofPDF.com_Whisky_Advocate_-_September_,Familia Extra,expression,0.55,,,,,,153,CREATE
_OceanofPDF.com_Whisky_Advocate_-_September_,Other Maestro Dobel,expression,0.55,,,,,,153,CREATE
_OceanofPDF.com_Whisky_Advocate_-_September_,Domingo Beckmann,expression,0.75,,100,,,,153,CREATE
_OceanofPDF.com_Whisky_Advocate_-_September_,Celebrity Star Turn,expression,0.75,5,,,,,153,CREATE
_OceanofPDF.com_Whisky_Advocate_-_September_,Cuervo And Cristalino,expression,0.55,,,,,,153,CREATE
_OceanofPDF.com_Whisky_Advocate_-_September_,Kevin Hart,distillery,0.55,,,,,,153,CREATE
_OceanofPDF.com_Whisky_Advocate_-_September_,"Juan Domingo 
Beckmann",distillery,0.55,,,,,,153,CREATE
_OceanofPDF.com_Whisky_Advocate_-_September_,"Tracks
Created",expression,0.55,,,,,,157,CREATE
_OceanofPDF.com_Whisky_Advocate_-_September_,Mis Amigos,expression,0.55,,,,,,158,CREATE
_OceanofPDF.com_Whisky_Advocate_-_Spring_202,Farm Distillers Go,distillery,0.55,,,,,,1,CREATE
_OceanofPDF.com_Whisky_Advocate_-_Spring_202,"Grain
Baseball",expression,0.55,,,,,,1,CREATE
_OceanofPDF.com_Whisky_Advocate_-_Spring_202,"Whisky Bars
Rating",expression,0.55,,,,,,1,CREATE
_OceanofPDF.com_Whisky_Advocate_-_Spring_202,"Cigar Whiskies
All",expression,0.55,,,,,,1,CREATE
_OceanofPDF.com_Whisky_Advocate_-_Spring_202,Wedding Cask From,expression,0.55,,,islay,,,7,CREATE
_OceanofPDF.com_Whisky_Advocate_-_Spring_202,Supreme Collectors,expression,0.75,25,,,,,7,CREATE
_OceanofPDF.com_Whisky_Advocate_-_Spring_202,"Sean Evans
Four",expression,0.75,25,,,,,7,CREATE
_OceanofPDF.com_Whisky_Advocate_-_Spring_202,"Cowdery
American",expression,0.55,,,,,,8,CREATE
_OceanofPDF.com_Whisky_Advocate_-_Spring_202,"Buying Guide
Reviews",expression,0.55,,,,,,8,CREATE
_OceanofPDF.com_Whisky_Advocate_-_Spring_202,"Shanken
Editor",expression,0.55,,,,,,11,CREATE
_OceanofPDF.com_Whisky_Advocate_-_Spring_202,Shanken Communications,expression,0.55,,,,,,12,CREATE
_OceanofPDF.com_Whisky_Advocate_-_Spring_202,Creative Director John,expression,0.55,,,,,,12,CREATE
_OceanofPDF.com_Whisky_Advocate_-_Spring_202,Events Joan,expression,0.55,,,,,,12,CREATE
_OceanofPDF.com_Whisky_Advocate_-_Spring_202,Events Laurie Bowers,expression,0.55,,,,,,12,CREATE
_OceanofPDF.com_Whisky_Advocate_-_Spring_202,Contributing Editor Jonny,expression,0.55,,,,,,12,CREATE
_OceanofPDF.com_Whisky_Advocate_-_Spring_202,The Aquifer Bar,expression,0.55,,,,,,16,CREATE
_OceanofPDF.com_Whisky_Advocate_-_Spring_202,Pensive Distilling,distillery,0.55,,,,,,17,CREATE
_OceanofPDF.com_Whisky_Advocate_-_Spring_202,The Bonded Tour,distillery,0.55,,,,,,17,CREATE
_OceanofPDF.com_Whisky_Advocate_-_Spring_202,Rick Couch,distillery,0.55,,,,,,18,CREATE
_OceanofPDF.com_Whisky_Advocate_-_Spring_202,"Julia Higgins
Blending",expression,0.55,,,,,,19,CREATE
_OceanofPDF.com_Whisky_Advocate_-_Spring_202,"Wenzel Whiskey
Along",expression,0.55,,,,,,19,CREATE
_OceanofPDF.com_Whisky_Advocate_-_Spring_202,"Aspen
Smoky",expression,0.55,,,,,,22,CREATE
_OceanofPDF.com_Whisky_Advocate_-_Spring_202,Aspen Apex,expression,0.55,,,,,,22,CREATE
_OceanofPDF.com_Whisky_Advocate_-_Spring_202,Ron Zacapa No,expression,0.55,,,,bourbon,,23,CREATE
_OceanofPDF.com_Whisky_Advocate_-_Spring_202,Demerara Overproof,expression,0.55,,,,bourbon,,23,CREATE
_OceanofPDF.com_Whisky_Advocate_-_Spring_202,Cracker Jack,expression,0.55,,,,,,24,CREATE
_OceanofPDF.com_Whisky_Advocate_-_Spring_202,Distillery Battery Atlanta,distillery,0.55,,,,,,25,CREATE
_OceanofPDF.com_Whisky_Advocate_-_Spring_202,"Atlanta
Located",distillery,0.55,,,,,,25,CREATE
_OceanofPDF.com_Whisky_Advocate_-_Spring_202,Truist Park,distillery,0.55,,,,,,25,CREATE
_OceanofPDF.com_Whisky_Advocate_-_Spring_202,"Fiddler Chin 
Music",expression,0.55,,,,bourbon,,25,CREATE
_OceanofPDF.com_Whisky_Advocate_-_Spring_202,Old Hickory Bat,distillery,0.55,,,,,,25,CREATE
_OceanofPDF.com_Whisky_Advocate_-_Spring_202,Agent Vinod,expression,0.55,,,,,,25,CREATE
_OceanofPDF.com_Whisky_Advocate_-_Spring_202,"Busch 
Stadium",expression,0.55,,,,bourbon,,25,CREATE
_OceanofPDF.com_Whisky_Advocate_-_Spring_202,The Ian Hunter,bottler,0.75,25,,,,hunter,26,CREATE
_OceanofPDF.com_Whisky_Advocate_-_Spring_202,"Breed 
Barrel Proof",expression,0.55,,,,,,28,CREATE
_OceanofPDF.com_Whisky_Advocate_-_Spring_202,"Vegetarian Egg 
Roll",expression,0.55,,,,,,30,CREATE
_OceanofPDF.com_Whisky_Advocate_-_Spring_202,"Roll Play
Asian",expression,0.55,,,,,,30,CREATE
_OceanofPDF.com_Whisky_Advocate_-_Spring_202,Meat Egg Roll,expression,0.55,,,,,,30,CREATE
_OceanofPDF.com_Whisky_Advocate_-_Spring_202,Can You Make,expression,0.55,,,,,,31,CREATE
_OceanofPDF.com_Whisky_Advocate_-_Spring_202,Italian Style,expression,0.55,,,,,,35,CREATE
_OceanofPDF.com_Whisky_Advocate_-_Spring_202,Zev Glesta,expression,0.55,,,,,,36,CREATE
_OceanofPDF.com_Whisky_Advocate_-_Spring_202,Insure Your Whisky,expression,0.55,,,,,,36,CREATE
_OceanofPDF.com_Whisky_Advocate_-_Spring_202,Marc Taub,expression,0.55,,,,,,39,CREATE
_OceanofPDF.com_Whisky_Advocate_-_Spring_202,Danny Polise,expression,0.55,,,,,,39,CREATE
_OceanofPDF.com_Whisky_Advocate_-_Spring_202,"January. 
Polise",expression,0.75,17,,,,,40,CREATE
_OceanofPDF.com_Whisky_Advocate_-_Spring_202,Strength Single Barrel,expression,0.75,14,64.5,,,,40,CREATE
_OceanofPDF.com_Whisky_Advocate_-_Spring_202,Light Whiskeys,expression,0.55,,,,,,40,CREATE
_OceanofPDF.com_Whisky_Advocate_-_Spring_202,Spot Whiskeys,expression,0.55,,,,,,43,CREATE
_OceanofPDF.com_Whisky_Advocate_-_Spring_202,"Micil Peated  
Single",expression,0.55,,,,,,43,CREATE
_OceanofPDF.com_Whisky_Advocate_-_Spring_202,"Copeland Distillery  
Founder",distillery,0.75,5,,,,,43,CREATE
_OceanofPDF.com_Whisky_Advocate_-_Spring_202,County Down,distillery,0.55,,,,,,43,CREATE
_OceanofPDF.com_Whisky_Advocate_-_Spring_202,Kicking Off In,expression,0.55,,,,,,44,CREATE
_OceanofPDF.com_Whisky_Advocate_-_Spring_202,Sunny Florida,expression,0.55,,,,,,44,CREATE
_OceanofPDF.com_Whisky_Advocate_-_Spring_202,Seminole Hard Rock,expression,0.55,,,,,,44,CREATE
_OceanofPDF.com_Whisky_Advocate_-_Spring_202,Double Double,expression,0.75,21,,,,,44,CREATE
_OceanofPDF.com_Whisky_Advocate_-_Spring_202,Anniversary Edition,expression,0.75,8,,,,,44,CREATE
_OceanofPDF.com_Whisky_Advocate_-_Spring_202,Mark Borchetta,expression,0.55,,,,,,44,CREATE
_OceanofPDF.com_Whisky_Advocate_-_Spring_202,"Full Flight
Pours",expression,0.55,,,,,,44,CREATE
_OceanofPDF.com_Whisky_Advocate_-_Spring_202,Abi Clephane,distillery,0.55,,,,,,45,CREATE
_OceanofPDF.com_Whisky_Advocate_-_Spring_202,Just Hatched,expression,0.75,3,,,,,45,CREATE
_OceanofPDF.com_Whisky_Advocate_-_Spring_202,"Bat Out 
Of",expression,0.75,7,,,,,45,CREATE
_OceanofPDF.com_Whisky_Advocate_-_Spring_202,Kay Quigley,expression,0.55,,,,,,46,CREATE
_OceanofPDF.com_Whisky_Advocate_-_Spring_202,Alan Kennedy,expression,0.55,,,,,,46,CREATE
_OceanofPDF.com_Whisky_Advocate_-_Spring_202,Marquis Hotel,expression,0.55,,,,,,46,CREATE
_OceanofPDF.com_Whisky_Advocate_-_Spring_202,Neil Boyd,expression,0.75,31,,,,,46,CREATE
_OceanofPDF.com_Whisky_Advocate_-_Spring_202,Ian Chang,expression,0.55,,,,,,46,CREATE
_OceanofPDF.com_Whisky_Advocate_-_Spring_202,"Gardner 
Dunn",expression,0.55,,,,,,46,CREATE
_OceanofPDF.com_Whisky_Advocate_-_Spring_202,Alcohol Tax,expression,0.55,,,,,,49,CREATE
_OceanofPDF.com_Whisky_Advocate_-_Spring_202,"Trade 
Bureau",expression,0.55,,,,,,49,CREATE
_OceanofPDF.com_Whisky_Advocate_-_Spring_202,"Lalique 
Group",distillery,0.55,,,,,,50,CREATE
_OceanofPDF.com_Whisky_Advocate_-_Spring_202,Ian Renwick,distillery,0.55,,,,,,50,CREATE
_OceanofPDF.com_Whisky_Advocate_-_Spring_202,Peat Lobby,expression,0.55,,,,,,50,CREATE
_OceanofPDF.com_Whisky_Advocate_-_Spring_202,Shane Armstrong,expression,0.55,,,,,,59,CREATE
_OceanofPDF.com_Whisky_Advocate_-_Spring_202,Baby Blue,expression,0.55,,,,,,62,CREATE
_OceanofPDF.com_Whisky_Advocate_-_Spring_202,Street Peated,expression,0.75,,46,,,,64,CREATE
_OceanofPDF.com_Whisky_Advocate_-_Spring_202,Another San Francisco,expression,0.75,,47,,,,64,CREATE
_OceanofPDF.com_Whisky_Advocate_-_Spring_202,Twisted Straight,expression,0.55,,,,,,64,CREATE
_OceanofPDF.com_Whisky_Advocate_-_Spring_202,"Oloroso Cask 
Finished",expression,0.75,6,56,,,,65,CREATE
_OceanofPDF.com_Whisky_Advocate_-_Spring_202,Pinot Noir Fin,expression,0.75,15,89,,port,,65,CREATE
_OceanofPDF.com_Whisky_Advocate_-_Spring_202,Deschutes Brewery,distillery,0.55,,,,,,65,CREATE
_OceanofPDF.com_Whisky_Advocate_-_Spring_202,Aspen Wood Stave,distillery,0.75,,61.4,,,,65,CREATE
_OceanofPDF.com_Whisky_Advocate_-_Spring_202,Diamond Peak Caribbean,expression,0.55,,,,bourbon,,65,CREATE
_OceanofPDF.com_Whisky_Advocate_-_Spring_202,Rum Cask Finished,expression,0.75,,45,,,,65,CREATE
_OceanofPDF.com_Whisky_Advocate_-_Spring_202,Whiskey Del Bac,expression,0.75,,48.5,,,,66,CREATE
_OceanofPDF.com_Whisky_Advocate_-_Spring_202,While Santa Fe,expression,0.75,,46,,,,66,CREATE
_OceanofPDF.com_Whisky_Advocate_-_Spring_202,Tanager Cigar Blend,expression,0.55,,,,bourbon,,66,CREATE
_OceanofPDF.com_Whisky_Advocate_-_Spring_202,Texas Hill Country,expression,0.75,,50,,,,66,CREATE
_OceanofPDF.com_Whisky_Advocate_-_Spring_202,"Strength Small 
Batch",expression,0.75,,15,,bourbon,,66,CREATE
_OceanofPDF.com_Whisky_Advocate_-_Spring_202,Bill Foley,expression,0.55,,,,wine,,66,CREATE
_OceanofPDF.com_Whisky_Advocate_-_Spring_202,Revenge Fightin,expression,0.75,,50.5,,bourbon,,66,CREATE
_OceanofPDF.com_Whisky_Advocate_-_Spring_202,Cold Cut,expression,0.55,,,,bourbon,,67,CREATE
_OceanofPDF.com_Whisky_Advocate_-_Spring_202,Windy City,distillery,0.55,,,,,,67,CREATE
_OceanofPDF.com_Whisky_Advocate_-_Spring_202,"Sherry 
Cask Finished",expression,0.75,,50.8,,sherry,,67,CREATE
_OceanofPDF.com_Whisky_Advocate_-_Spring_202,"Laguna 
Madre",expression,0.55,,,,,,67,CREATE
_OceanofPDF.com_Whisky_Advocate_-_Spring_202,Another Columbus,distillery,0.75,,63,,,,68,CREATE
_OceanofPDF.com_Whisky_Advocate_-_Spring_202,From Chagrin Falls,expression,0.75,,25,,,,68,CREATE
_OceanofPDF.com_Whisky_Advocate_-_Spring_202,Foolery Farm,distillery,0.55,,,,,,68,CREATE
_OceanofPDF.com_Whisky_Advocate_-_Spring_202,Kansas City,expression,0.75,,52.5,,,,68,CREATE
_OceanofPDF.com_Whisky_Advocate_-_Spring_202,Its Border,distillery,0.55,,,,bourbon,,69,CREATE
_OceanofPDF.com_Whisky_Advocate_-_Spring_202,Cincinnati. Focused,expression,0.55,,,,,,69,CREATE
_OceanofPDF.com_Whisky_Advocate_-_Spring_202,Ocean Aged,expression,0.75,,45,,bourbon,,69,CREATE
_OceanofPDF.com_Whisky_Advocate_-_Spring_202,Bowling Green,expression,0.75,,42.5,,,,70,CREATE
_OceanofPDF.com_Whisky_Advocate_-_Spring_202,"Under 
Armour",distillery,0.55,,,,,,70,CREATE
_OceanofPDF.com_Whisky_Advocate_-_Spring_202,Kevin Plank,distillery,0.55,,,,,,70,CREATE
_OceanofPDF.com_Whisky_Advocate_-_Spring_202,Illva Saronno,distillery,0.55,,,,,,70,CREATE
_OceanofPDF.com_Whisky_Advocate_-_Spring_202,Jason Barrett,distillery,0.55,,,,,,71,CREATE
_OceanofPDF.com_Whisky_Advocate_-_Spring_202,Bob Nutting,distillery,0.55,,,,,,71,CREATE
_OceanofPDF.com_Whisky_Advocate_-_Spring_202,"Butcher Pinot 
Cask",expression,0.75,,62.2,,bourbon,,71,CREATE
_OceanofPDF.com_Whisky_Advocate_-_Spring_202,Newport Craft Brewing,expression,0.75,,45,,,,71,CREATE
_OceanofPDF.com_Whisky_Advocate_-_Spring_202,"Ann 
Marshall",distillery,0.55,,,,,,77,CREATE
_OceanofPDF.com_Whisky_Advocate_-_Spring_202,Colby Frey,distillery,0.55,,,,,,77,CREATE
_OceanofPDF.com_Whisky_Advocate_-_Spring_202,Earth Tone,distillery,0.55,,,,,,79,CREATE
_OceanofPDF.com_Whisky_Advocate_-_Spring_202,Cigar Malt Reserve,expression,0.55,,,,,,84,CREATE
_OceanofPDF.com_Whisky_Advocate_-_Spring_202,Spain. Also,distillery,0.55,,,,,,84,CREATE
_OceanofPDF.com_Whisky_Advocate_-_Spring_202,Nancy Fraley,expression,0.55,,,,,,84,CREATE
_OceanofPDF.com_Whisky_Advocate_-_Spring_202,Magnus. One,expression,0.55,,,,,,84,CREATE
_OceanofPDF.com_Whisky_Advocate_-_Spring_202,Cigar Blend,expression,0.55,,,,,,84,CREATE
_OceanofPDF.com_Whisky_Advocate_-_Spring_202,"The 
Untitled Cigar",expression,0.55,,,,,,84,CREATE
_OceanofPDF.com_Whisky_Advocate_-_Spring_202,Malt Project American,expression,0.75,,45,,port,,84,CREATE
_OceanofPDF.com_Whisky_Advocate_-_Spring_202,Blend Armag,expression,0.55,,,,sherry,,84,CREATE
_OceanofPDF.com_Whisky_Advocate_-_Spring_202,Cognac Cask Finished,expression,0.75,,56.8,,sherry,,84,CREATE
_OceanofPDF.com_Whisky_Advocate_-_Spring_202,Old Elk Cigar,expression,0.75,,85,,,,84,CREATE
_OceanofPDF.com_Whisky_Advocate_-_Spring_202,Cigar Blends,expression,0.55,,,,,,84,CREATE
_OceanofPDF.com_Whisky_Advocate_-_Spring_202,Try Now,expression,0.55,,,,,,84,CREATE
_OceanofPDF.com_Whisky_Advocate_-_Spring_202,Cigar Cut,expression,0.55,,,,bourbon,,85,CREATE
_OceanofPDF.com_Whisky_Advocate_-_Spring_202,Melinda Maddox,expression,0.55,,,,sherry,,85,CREATE
_OceanofPDF.com_Whisky_Advocate_-_Spring_202,Double Dark,expression,0.75,12,,,,,90,CREATE
_OceanofPDF.com_Whisky_Advocate_-_Spring_202,Rob Beahn,expression,0.75,12,,,,,90,CREATE
_OceanofPDF.com_Whisky_Advocate_-_Spring_202,Tzvi Wiesel,expression,0.55,,,,,,91,CREATE
_OceanofPDF.com_Whisky_Advocate_-_Spring_202,"Mexican 
Additive",expression,0.55,,,,,,95,CREATE
_OceanofPDF.com_Whisky_Advocate_-_Spring_202,Alma Del Jaguar,expression,0.75,,40,,,,96,CREATE
_OceanofPDF.com_Whisky_Advocate_-_Spring_202,"Juan 
Antonio Salles",expression,0.55,,,,,,96,CREATE
_OceanofPDF.com_Whisky_Advocate_-_Spring_202,"Jorge Antonio 
Salles",expression,0.75,4,,,,,96,CREATE
_OceanofPDF.com_Whisky_Advocate_-_Spring_202,Danny Brandon,expression,0.55,,,,,,96,CREATE
_OceanofPDF.com_Whisky_Advocate_-_Spring_202,"Dak 
Prescott",expression,0.55,,,,,,97,CREATE
_OceanofPDF.com_Whisky_Advocate_-_Spring_202,Dixon Dedman,expression,0.55,,,,,,99,CREATE
_OceanofPDF.com_Whisky_Advocate_-_Spring_202,From Scotland,distillery,0.55,,,,,,99,CREATE
_OceanofPDF.com_Whisky_Advocate_-_Spring_202,"The Sneakerhead 
Blend",expression,0.75,,52,,bourbon,,100,CREATE
_OceanofPDF.com_Whisky_Advocate_-_Spring_202,"Cherry 
Bounce Barrel",expression,0.75,,58.2,,,,100,CREATE
_OceanofPDF.com_Whisky_Advocate_-_Spring_202,"Finished 
Cask Strength",expression,0.75,,58.2,,,,100,CREATE
_OceanofPDF.com_Whisky_Advocate_-_Spring_202,Sour Mash,expression,0.75,7,25,,,,100,CREATE
_OceanofPDF.com_Whisky_Advocate_-_Spring_202,"Sherry Butt 
Matured",distillery,0.75,28,51,speyside,sherry,,101,CREATE
_OceanofPDF.com_Whisky_Advocate_-_Spring_202,"Cask Edition 
American",expression,0.55,,,,wine,,101,CREATE
_OceanofPDF.com_Whisky_Advocate_-_Spring_202,"Cabernet Sauvignon 
Cask",expression,0.75,,40,,wine,,101,CREATE
_OceanofPDF.com_Whisky_Advocate_-_Spring_202,"Cask Edition 
Sauvignon",expression,0.75,,40,,wine,,101,CREATE
_OceanofPDF.com_Whisky_Advocate_-_Spring_202,Julia Higgins,expression,0.55,,,,,,101,CREATE
_OceanofPDF.com_Whisky_Advocate_-_Spring_202,Market Watch,expression,0.55,,,,,,101,CREATE
_OceanofPDF.com_Whisky_Advocate_-_Spring_202,Staff Reviewer,expression,0.55,,,,,,101,CREATE
_OceanofPDF.com_Whisky_Advocate_-_Spring_202,"Committee 
Exclusive Release",expression,0.75,17,40,,,,102,CREATE
_OceanofPDF.com_Whisky_Advocate_-_Spring_202,See Editors,expression,0.75,,57.8,highland,,,102,CREATE
_OceanofPDF.com_Whisky_Advocate_-_Spring_202,Hannah Whisky Merchants,bottler,0.75,10,,,,independent,102,CREATE
_OceanofPDF.com_Whisky_Advocate_-_Spring_202,Nina Ricci,expression,0.55,,,,,,102,CREATE
_OceanofPDF.com_Whisky_Advocate_-_Spring_202,Sandy Hyslop,expression,0.55,,,,,,102,CREATE
_OceanofPDF.com_Whisky_Advocate_-_Spring_202,Peat Monster,expression,0.55,,,,wine,,103,CREATE
_OceanofPDF.com_Whisky_Advocate_-_Spring_202,Envy Cask Strength,expression,0.55,,,,port,,103,CREATE
_OceanofPDF.com_Whisky_Advocate_-_Spring_202,"Estate 
Collection Private",expression,0.75,9,,,,,104,CREATE
_OceanofPDF.com_Whisky_Advocate_-_Spring_202,Select Blend,expression,0.75,9,50.6,,,,104,CREATE
_OceanofPDF.com_Whisky_Advocate_-_Spring_202,Estate Collection,expression,0.75,,50.6,,,,104,CREATE
_OceanofPDF.com_Whisky_Advocate_-_Spring_202,Single Rickhouse Collec,expression,0.55,,,,,,104,CREATE
_OceanofPDF.com_Whisky_Advocate_-_Spring_202,Mark Cellar Aged,expression,0.75,,65,,oak,,104,CREATE
_OceanofPDF.com_Whisky_Advocate_-_Spring_202,"Cellar 
Aged",expression,0.75,,65,,,,104,CREATE
_OceanofPDF.com_Whisky_Advocate_-_Spring_202,"Midwinter 
Night",expression,0.55,,,,port,,105,CREATE
_OceanofPDF.com_Whisky_Advocate_-_Spring_202,Dram Port Barrel,expression,0.55,,,,port,,105,CREATE
_OceanofPDF.com_Whisky_Advocate_-_Spring_202,Finished Blend,expression,0.75,,49.3,,port,,105,CREATE
_OceanofPDF.com_Whisky_Advocate_-_Spring_202,"Amburana Barrel 
Finished",expression,0.55,,,,,,105,CREATE
_OceanofPDF.com_Whisky_Advocate_-_Spring_202,The Ghost Series,expression,0.55,,,,,,106,CREATE
_OceanofPDF.com_Whisky_Advocate_-_Spring_202,Komasa Jyozo,distillery,0.55,,,,wine,,106,CREATE
_OceanofPDF.com_Whisky_Advocate_-_Spring_202,"Wine 
Cask Aged",expression,0.75,12,47.3,,port,,106,CREATE
_OceanofPDF.com_Whisky_Advocate_-_Spring_202,"Cask Strength 
Light",expression,0.75,,65.6,,,,107,CREATE
_OceanofPDF.com_Whisky_Advocate_-_Spring_202,From Indiana,expression,0.75,,54,,bourbon,,107,CREATE
_OceanofPDF.com_Whisky_Advocate_-_Spring_202,Sherry Barrel Finished,expression,0.55,,,,sherry,,107,CREATE
_OceanofPDF.com_Whisky_Advocate_-_Spring_202,Madness Finished,expression,0.75,,46,,,,108,CREATE
_OceanofPDF.com_Whisky_Advocate_-_Spring_202,Amburana Wood Casks,expression,0.75,,46,,,,108,CREATE
_OceanofPDF.com_Whisky_Advocate_-_Spring_202,"Extraordinary North 
American",expression,0.75,,35,,,,108,CREATE
_OceanofPDF.com_Whisky_Advocate_-_Spring_202,"Sean 
Joesphs",expression,0.55,,,,,,108,CREATE
_OceanofPDF.com_Whisky_Advocate_-_Spring_202,"Jordan 
Salcito",expression,0.55,,,,,,108,CREATE
_OceanofPDF.com_Whisky_Advocate_-_Spring_202,Recollection Series No,bottler,0.75,,53.2,highland,,gordon,108,CREATE
_OceanofPDF.com_Whisky_Advocate_-_Spring_202,Are You,expression,0.55,,,,,,110,CREATE
_OceanofPDF.com_Whisky_Advocate_-_Spring_202,Then Show Us,expression,0.55,,,,,,110,CREATE
_OceanofPDF.com_Whisky_Advocate_-_Spring_202,Alan Lindsay,expression,0.55,,,,,,110,CREATE
_OceanofPDF.com_Whisky_Advocate_-_Spring_202,Mrs. Lindsay,expression,0.55,,,,,,110,CREATE
_OceanofPDF.com_Whisky_Advocate_-_Spring_202,Vintage Whiskies,expression,0.55,,,,,,7,CREATE
_OceanofPDF.com_Whisky_Advocate_-_Spring_202,Low Entry Proof,expression,0.55,,,,,,7,CREATE
_OceanofPDF.com_Whisky_Advocate_-_Spring_202,"Danny Brandon
Barreling",expression,0.55,,,,,,7,CREATE
_OceanofPDF.com_Whisky_Advocate_-_Spring_202,"Buying Guide
Reviews",expression,0.55,,,,,,8,CREATE
_OceanofPDF.com_Whisky_Advocate_-_Spring_202,Food Pairing Ideas,expression,0.55,,,,,,8,CREATE
_OceanofPDF.com_Whisky_Advocate_-_Spring_202,Baking With Tequila,expression,0.55,,,,,,8,CREATE
_OceanofPDF.com_Whisky_Advocate_-_Spring_202,"Aging
Marvin",expression,0.55,,,,,,11,CREATE
_OceanofPDF.com_Whisky_Advocate_-_Spring_202,"Shanken
Editor",expression,0.55,,,,,,11,CREATE
_OceanofPDF.com_Whisky_Advocate_-_Spring_202,Shanken Communications,expression,0.55,,,,,,12,CREATE
_OceanofPDF.com_Whisky_Advocate_-_Spring_202,Pairing Salmon,expression,0.55,,,,,,15,CREATE
_OceanofPDF.com_Whisky_Advocate_-_Spring_202,Space City,expression,0.55,,,,,,16,CREATE
_OceanofPDF.com_Whisky_Advocate_-_Spring_202,Fine Whiskey Bar,expression,0.55,,,,,,16,CREATE
_OceanofPDF.com_Whisky_Advocate_-_Spring_202,"Day Two
Conveniently",expression,0.55,,,,,,18,CREATE
_OceanofPDF.com_Whisky_Advocate_-_Spring_202,Infinity Blend,expression,0.55,,,,,,18,CREATE
_OceanofPDF.com_Whisky_Advocate_-_Spring_202,"Giant 
Texas Distillers",distillery,0.55,,,,,,19,CREATE
_OceanofPDF.com_Whisky_Advocate_-_Spring_202,"Taylor 
Small Batch",expression,0.55,,,,,,19,CREATE
_OceanofPDF.com_Whisky_Advocate_-_Spring_202,"Stephen Beaumont
While",expression,0.55,,,,,,20,CREATE
_OceanofPDF.com_Whisky_Advocate_-_Spring_202,"Braising Bar
Try",expression,0.55,,,,,,20,CREATE
_OceanofPDF.com_Whisky_Advocate_-_Spring_202,"Braised Short 
Ribs",expression,0.55,,,,,,20,CREATE
_OceanofPDF.com_Whisky_Advocate_-_Spring_202,Spanish Spice,expression,0.55,,,,,,21,CREATE
_OceanofPDF.com_Whisky_Advocate_-_Spring_202,The Breakfast Club,expression,0.75,12,,,,,21,CREATE
_OceanofPDF.com_Whisky_Advocate_-_Spring_202,Emily Harkins,expression,0.55,,,,,,21,CREATE
_OceanofPDF.com_Whisky_Advocate_-_Spring_202,Deep Diving,expression,0.55,,,,,,24,CREATE
_OceanofPDF.com_Whisky_Advocate_-_Spring_202,Gemini Twin Lounge,expression,0.55,,,,,,25,CREATE
_OceanofPDF.com_Whisky_Advocate_-_Spring_202,Nancy Whisky Pub,expression,0.55,,,,,,25,CREATE
_OceanofPDF.com_Whisky_Advocate_-_Spring_202,"Outlives 
Empires
European",expression,0.55,,,,oak,,27,CREATE
_OceanofPDF.com_Whisky_Advocate_-_Spring_202,Dawid Smietana,expression,0.55,,,,,,28,CREATE
_OceanofPDF.com_Whisky_Advocate_-_Spring_202,Nina Dyrek,expression,0.55,,,,,,28,CREATE
_OceanofPDF.com_Whisky_Advocate_-_Spring_202,Sunda New Asian,expression,0.55,,,,,,28,CREATE
_OceanofPDF.com_Whisky_Advocate_-_Spring_202,"Skye
Created",expression,0.55,,,,,,29,CREATE
_OceanofPDF.com_Whisky_Advocate_-_Spring_202,Manoj Rajaguru,expression,0.55,,,,,,29,CREATE
_OceanofPDF.com_Whisky_Advocate_-_Spring_202,Honey Matters Ready,expression,0.55,,,,,,30,CREATE
_OceanofPDF.com_Whisky_Advocate_-_Spring_202,Dixon Dedman,expression,0.55,,,,oak,,31,CREATE
_OceanofPDF.com_Whisky_Advocate_-_Spring_202,When Maker,distillery,0.55,,,,,,31,CREATE
_OceanofPDF.com_Whisky_Advocate_-_Spring_202,Mark Wood Finishing,expression,0.75,,20,,oak,,31,CREATE
_OceanofPDF.com_Whisky_Advocate_-_Spring_202,"Finished 
Whiskeys",expression,0.55,,,,,,31,CREATE
_OceanofPDF.com_Whisky_Advocate_-_Spring_202,Bar Parisette,expression,0.55,,,,,,34,CREATE
_OceanofPDF.com_Whisky_Advocate_-_Spring_202,Madalyn Durrant,expression,0.55,,,,,,34,CREATE
_OceanofPDF.com_Whisky_Advocate_-_Spring_202,"Pencaitland 
Maltings",expression,0.55,,,,,,36,CREATE
_OceanofPDF.com_Whisky_Advocate_-_Spring_202,Sierra Nevada,expression,0.55,,,,,,37,CREATE
_OceanofPDF.com_Whisky_Advocate_-_Spring_202,For James,expression,0.55,,,,,,37,CREATE
_OceanofPDF.com_Whisky_Advocate_-_Spring_202,Bar Hop,expression,0.55,,,,,,37,CREATE
_OceanofPDF.com_Whisky_Advocate_-_Spring_202,Beer Week,expression,0.55,,,,,,37,CREATE
_OceanofPDF.com_Whisky_Advocate_-_Spring_202,Blowing Off Steam,expression,0.55,,,,,,37,CREATE
_OceanofPDF.com_Whisky_Advocate_-_Spring_202,Ari Sussman,expression,0.55,,,,,,42,CREATE
_OceanofPDF.com_Whisky_Advocate_-_Spring_202,Julia Higgins,expression,0.55,,,,,,42,CREATE
_OceanofPDF.com_Whisky_Advocate_-_Spring_202,"Finished 
Japanese Rice",expression,0.75,,42.7,,,,42,CREATE
_OceanofPDF.com_Whisky_Advocate_-_Spring_202,"Origin 
Series Rye",expression,0.55,,,,bourbon,,42,CREATE
_OceanofPDF.com_Whisky_Advocate_-_Spring_202,Allman Brothers Band,expression,0.55,,,,,,42,CREATE
_OceanofPDF.com_Whisky_Advocate_-_Spring_202,Sienna Jevremov,expression,0.55,,,,,,42,CREATE
_OceanofPDF.com_Whisky_Advocate_-_Spring_202,Apple Wood,distillery,0.55,,,,,,42,CREATE
_OceanofPDF.com_Whisky_Advocate_-_Spring_202,Unicorn Auctions,expression,0.55,,,,,,43,CREATE
_OceanofPDF.com_Whisky_Advocate_-_Spring_202,Strength Batch,expression,0.75,,64.3,highland,,,43,CREATE
_OceanofPDF.com_Whisky_Advocate_-_Spring_202,Kindred Spirits,expression,0.55,,,,,,48,CREATE
_OceanofPDF.com_Whisky_Advocate_-_Spring_202,Old Rip Van,expression,0.55,,,,bourbon,,56,CREATE
_OceanofPDF.com_Whisky_Advocate_-_Spring_202,Beth Buckner,expression,0.55,,,,,,57,CREATE
_OceanofPDF.com_Whisky_Advocate_-_Spring_202,Cellar Aged,expression,0.55,,,,bourbon,,57,CREATE
_OceanofPDF.com_Whisky_Advocate_-_Spring_202,While Buckner,expression,0.75,12,,,,,57,CREATE
_OceanofPDF.com_Whisky_Advocate_-_Spring_202,"Driscoll. 
Before",expression,0.55,,,,,,58,CREATE
_OceanofPDF.com_Whisky_Advocate_-_Spring_202,Bill Thom,expression,0.55,,,,bourbon,,58,CREATE
_OceanofPDF.com_Whisky_Advocate_-_Spring_202,Saloon. When,expression,0.55,,,,,,58,CREATE
_OceanofPDF.com_Whisky_Advocate_-_Spring_202,Drew Kulsveen,distillery,0.55,,,,oak,,58,CREATE
_OceanofPDF.com_Whisky_Advocate_-_Spring_202,Why Ultra,expression,0.55,,,,bourbon,,58,CREATE
_OceanofPDF.com_Whisky_Advocate_-_Spring_202,Aged Bourbon,expression,0.55,,,,bourbon,,58,CREATE
_OceanofPDF.com_Whisky_Advocate_-_Spring_202,Notable Ultra,expression,0.55,,,,,,58,CREATE
_OceanofPDF.com_Whisky_Advocate_-_Spring_202,Aged Bourbons,expression,0.75,,54.5,,,,58,CREATE
_OceanofPDF.com_Whisky_Advocate_-_Spring_202,Artisan Collection,expression,0.55,,,,,,58,CREATE
_OceanofPDF.com_Whisky_Advocate_-_Spring_202,Rising Tide Spirits,expression,0.75,12,,,,,61,CREATE
_OceanofPDF.com_Whisky_Advocate_-_Spring_202,"Recipe
Not",expression,0.55,,,,,,64,CREATE
_OceanofPDF.com_Whisky_Advocate_-_Spring_202,When Jim,expression,0.55,,,,,,64,CREATE
_OceanofPDF.com_Whisky_Advocate_-_Spring_202,"Driven Character
When",expression,0.55,,,,oak,,64,CREATE
_OceanofPDF.com_Whisky_Advocate_-_Spring_202,Sherry Oak Collection,expression,0.75,21,,,sherry,,65,CREATE
_OceanofPDF.com_Whisky_Advocate_-_Spring_202,Sherry Oak,expression,0.75,15,,,sherry,,65,CREATE
_OceanofPDF.com_Whisky_Advocate_-_Spring_202,"Well Aged
High",expression,0.55,,,,,,65,CREATE
_OceanofPDF.com_Whisky_Advocate_-_Spring_202,"Age  
Statement Scotch",expression,0.55,,,,,,65,CREATE
_OceanofPDF.com_Whisky_Advocate_-_Spring_202,"Wine 
Cask Finish",expression,0.75,15,46,,wine,,65,CREATE
_OceanofPDF.com_Whisky_Advocate_-_Spring_202,"Palo Cortado 
Cask",expression,0.75,,46,,wine,,65,CREATE
_OceanofPDF.com_Whisky_Advocate_-_Spring_202,Mark Reynier,distillery,0.55,,,,,,68,CREATE
_OceanofPDF.com_Whisky_Advocate_-_Spring_202,Adam Hannett,expression,0.55,,,,,,68,CREATE
_OceanofPDF.com_Whisky_Advocate_-_Spring_202,Bere Barley,expression,0.55,,,islay,,,68,CREATE
_OceanofPDF.com_Whisky_Advocate_-_Spring_202,Other Scottish,expression,0.55,,,,,,68,CREATE
_OceanofPDF.com_Whisky_Advocate_-_Spring_202,Family Casks,expression,0.55,,,,,,68,CREATE
_OceanofPDF.com_Whisky_Advocate_-_Spring_202,"Vintage Dated 
Whiskies",expression,0.55,,,,,,69,CREATE
_OceanofPDF.com_Whisky_Advocate_-_Spring_202,"Cask 
Strength Lowland",expression,0.75,12,58.7,lowland,,,69,CREATE
_OceanofPDF.com_Whisky_Advocate_-_Spring_202,"Select Edition 
Highland",expression,0.75,,48.9,highland,,,69,CREATE
_OceanofPDF.com_Whisky_Advocate_-_Spring_202,Lowlands. Launched,distillery,0.55,,,,,,69,CREATE
_OceanofPDF.com_Whisky_Advocate_-_Spring_202,Birthday Bourbon,expression,0.55,,,,bourbon,,69,CREATE
_OceanofPDF.com_Whisky_Advocate_-_Spring_202,Old Forester Birthday,expression,0.55,,,,bourbon,,69,CREATE
_OceanofPDF.com_Whisky_Advocate_-_Spring_202,Prohibition. Back,expression,0.55,,,,,,70,CREATE
_OceanofPDF.com_Whisky_Advocate_-_Spring_202,Bill Samuels,expression,0.55,,,,,,70,CREATE
_OceanofPDF.com_Whisky_Advocate_-_Spring_202,The Heart Release,expression,0.55,,,,oak,,70,CREATE
_OceanofPDF.com_Whisky_Advocate_-_Spring_202,"Rare 
Breed Barrel",expression,0.75,8,,,bourbon,,70,CREATE
_OceanofPDF.com_Whisky_Advocate_-_Spring_202,Weller. Buffa,expression,0.55,,,,,,70,CREATE
_OceanofPDF.com_Whisky_Advocate_-_Spring_202,Experimental Col,expression,0.55,,,,,,70,CREATE
_OceanofPDF.com_Whisky_Advocate_-_Spring_202,"Harlen 
Wheatley",expression,0.55,,,,,,70,CREATE
_OceanofPDF.com_Whisky_Advocate_-_Spring_202,Weller Full Proof,expression,0.55,,,,,,70,CREATE
_OceanofPDF.com_Whisky_Advocate_-_Spring_202,"Modern Marvels
Outside",expression,0.55,,,,,,70,CREATE
_OceanofPDF.com_Whisky_Advocate_-_Spring_202,Andrea Wilson,expression,0.55,,,,,,71,CREATE
_OceanofPDF.com_Whisky_Advocate_-_Spring_202,Mark Cellar Aged,expression,0.75,,45,,,,71,CREATE
_OceanofPDF.com_Whisky_Advocate_-_Spring_202,But Compass Box,expression,0.55,,,,,,76,CREATE
_OceanofPDF.com_Whisky_Advocate_-_Spring_202,Double Black,expression,0.75,18,,,,,76,CREATE
_OceanofPDF.com_Whisky_Advocate_-_Spring_202,Calum Fraser,expression,0.75,,48,,,,76,CREATE
_OceanofPDF.com_Whisky_Advocate_-_Spring_202,Taking Blends,expression,0.55,,,,,,76,CREATE
_OceanofPDF.com_Whisky_Advocate_-_Spring_202,Box Nectarosity,expression,0.75,,46,,,,76,CREATE
_OceanofPDF.com_Whisky_Advocate_-_Spring_202,"French Oak  
Cask",expression,0.75,21,46,,oak,,76,CREATE
_OceanofPDF.com_Whisky_Advocate_-_Spring_202,Double Double,expression,0.75,,46,,oak,,76,CREATE
_OceanofPDF.com_Whisky_Advocate_-_Spring_202,Dr Emma Walker,expression,0.55,,,,,,76,CREATE
_OceanofPDF.com_Whisky_Advocate_-_Spring_202,Ian Macmillan,expression,0.55,,,,,,77,CREATE
_OceanofPDF.com_Whisky_Advocate_-_Spring_202,Fun With Flavors,expression,0.75,14,,,,,77,CREATE
_OceanofPDF.com_Whisky_Advocate_-_Spring_202,Extinct Blends Quartet,expression,0.55,,,,,,77,CREATE
_OceanofPDF.com_Whisky_Advocate_-_Spring_202,Evoking Single Malts,expression,0.55,,,,,,77,CREATE
_OceanofPDF.com_Whisky_Advocate_-_Spring_202,Toasted French Oak,expression,0.75,21,,,oak,,77,CREATE
_OceanofPDF.com_Whisky_Advocate_-_Spring_202,Blending Start,expression,0.55,,,,,,77,CREATE
_OceanofPDF.com_Whisky_Advocate_-_Spring_202,Ally Stevenson,bottler,0.55,,,,,gordon,77,CREATE
_OceanofPDF.com_Whisky_Advocate_-_Spring_202,While Compass Box,expression,0.55,,,,,,77,CREATE
_OceanofPDF.com_Whisky_Advocate_-_Spring_202,Since Amrut,expression,0.55,,,,,,79,CREATE
_OceanofPDF.com_Whisky_Advocate_-_Spring_202,Ian Macleod Distillers,distillery,0.55,,,,,,79,CREATE
_OceanofPDF.com_Whisky_Advocate_-_Spring_202,"Himachal 
Pradesh",distillery,0.55,,,,,,79,CREATE
_OceanofPDF.com_Whisky_Advocate_-_Spring_202,Epitome Reserve,expression,0.55,,,,,,80,CREATE
_OceanofPDF.com_Whisky_Advocate_-_Spring_202,Surrinder Kumar,expression,0.55,,,,,,80,CREATE
_OceanofPDF.com_Whisky_Advocate_-_Spring_202,Madya Beverages,expression,0.55,,,,wine,,80,CREATE
_OceanofPDF.com_Whisky_Advocate_-_Spring_202,"Bangalore.
One",distillery,0.55,,,,,,80,CREATE
_OceanofPDF.com_Whisky_Advocate_-_Spring_202,Love Hearts,expression,0.55,,,,bourbon,,81,CREATE
_OceanofPDF.com_Whisky_Advocate_-_Spring_202,Uttar Pradesh,distillery,0.55,,,,,,81,CREATE
_OceanofPDF.com_Whisky_Advocate_-_Spring_202,Strength Heather,expression,0.75,10,,highland,,,83,CREATE
_OceanofPDF.com_Whisky_Advocate_-_Spring_202,Bottled In Bond,expression,0.75,11,,,,,83,CREATE
_OceanofPDF.com_Whisky_Advocate_-_Spring_202,Edited Cask Strength,expression,0.75,7,,,,,83,CREATE
_OceanofPDF.com_Whisky_Advocate_-_Spring_202,"Almanac 
Beer Finished",expression,0.55,,,,,,83,CREATE
_OceanofPDF.com_Whisky_Advocate_-_Spring_202,"Cognac 
Cask Finished",expression,0.55,,,,bourbon,,84,CREATE
_OceanofPDF.com_Whisky_Advocate_-_Spring_202,Committee Release,expression,0.75,10,61.7,,,,85,CREATE
_OceanofPDF.com_Whisky_Advocate_-_Spring_202,Simon Hewitt,expression,0.55,,,,,,85,CREATE
_OceanofPDF.com_Whisky_Advocate_-_Spring_202,"Reviewers
All",expression,0.55,,,,,,85,CREATE
_OceanofPDF.com_Whisky_Advocate_-_Spring_202,Cigar Aficionado,expression,0.55,,,,,,85,CREATE
_OceanofPDF.com_Whisky_Advocate_-_Spring_202,Market Watch,expression,0.55,,,,,,85,CREATE
_OceanofPDF.com_Whisky_Advocate_-_Spring_202,"Staff Reviewer
Danny",expression,0.55,,,,,,85,CREATE
_OceanofPDF.com_Whisky_Advocate_-_Spring_202,See Editors,expression,0.75,,63.6,highland,,,86,CREATE
_OceanofPDF.com_Whisky_Advocate_-_Spring_202,Cigar Blend,expression,0.75,,54,,,,86,CREATE
_OceanofPDF.com_Whisky_Advocate_-_Spring_202,Nancy Fraley,expression,0.75,,54,,,,86,CREATE
_OceanofPDF.com_Whisky_Advocate_-_Spring_202,Wine Cask Finished,expression,0.75,15,58.3,,wine,,87,CREATE
_OceanofPDF.com_Whisky_Advocate_-_Spring_202,"Neil 
Giraldo",expression,0.75,6,49.5,,,,88,CREATE
_OceanofPDF.com_Whisky_Advocate_-_Spring_202,Bond Malted Oat,expression,0.75,,50,,,,88,CREATE
_OceanofPDF.com_Whisky_Advocate_-_Spring_202,Maple Syrup Barrel,expression,0.75,,45.5,,,,88,CREATE
_OceanofPDF.com_Whisky_Advocate_-_Spring_202,Finished Blend,expression,0.75,,45.5,,,,88,CREATE
_OceanofPDF.com_Whisky_Advocate_-_Spring_202,"Distillery 
Series Barrel",distillery,0.75,,62.5,,,,88,CREATE
_OceanofPDF.com_Whisky_Advocate_-_Spring_202,"Syrup 
Barrel Finished",distillery,0.55,,,,,,88,CREATE
_OceanofPDF.com_Whisky_Advocate_-_Spring_202,"Almanac Beer 
Co",expression,0.55,,,,,,88,CREATE
_OceanofPDF.com_Whisky_Advocate_-_Spring_202,"Sherry 
Finished Barrel",expression,0.75,6,95,,sherry,,89,CREATE
_OceanofPDF.com_Whisky_Advocate_-_Spring_202,"Mash Barrel 
Proof",expression,0.75,,60.9,,,,89,CREATE
_OceanofPDF.com_Whisky_Advocate_-_Spring_202,"Double Bonded 
Bottled",expression,0.75,,50,,,,89,CREATE
_OceanofPDF.com_Whisky_Advocate_-_Spring_202,Bond Blend,expression,0.75,,50,,,,89,CREATE
_OceanofPDF.com_Whisky_Advocate_-_Spring_202,"Gewurztraminer 
Finished",expression,0.55,,,,,,89,CREATE
_OceanofPDF.com_Whisky_Advocate_-_Spring_202,Sherry Cask Finished,expression,0.75,4,46,,sherry,,89,CREATE
_OceanofPDF.com_Whisky_Advocate_-_Spring_202,Whiskey Del Bac,expression,0.55,,,,,,89,CREATE
_OceanofPDF.com_Whisky_Advocate_-_Spring_202,"Normandie French 
Calvados",expression,0.75,,48.5,,,,89,CREATE
_OceanofPDF.com_Whisky_Advocate_-_Spring_202,Diamond Peak Local,expression,0.75,,45,,,,89,CREATE
_OceanofPDF.com_Whisky_Advocate_-_Spring_202,Series Battle,distillery,0.75,5,46,,,,90,CREATE
_OceanofPDF.com_Whisky_Advocate_-_Spring_202,"Cask Aged 
Grain",expression,0.75,,46,,,,90,CREATE
_OceanofPDF.com_Whisky_Advocate_-_Spring_202,Penniless Buena Vista,expression,0.55,,,,wine,,90,CREATE
_OceanofPDF.com_Whisky_Advocate_-_Spring_202,"Cabernet 
Sauvignon Wine",expression,0.55,,,,wine,,90,CREATE
_OceanofPDF.com_Whisky_Advocate_-_Spring_202,Finished Malted Rye,expression,0.75,,44.6,,wine,,90,CREATE
_OceanofPDF.com_Whisky_Advocate_-_Spring_202,"Apple 
Brandy Blend",expression,0.75,,46,,,,90,CREATE
_OceanofPDF.com_Whisky_Advocate_-_Spring_202,"Paloma Mimosa
Carolina",expression,0.55,,,,,,94,CREATE
_OceanofPDF.com_Whisky_Advocate_-_Spring_202,"Packing Heat
High",expression,0.55,,,,,,97,CREATE
_OceanofPDF.com_Whisky_Advocate_-_Spring_202,"Strength Blancos
One",expression,0.55,,,,,,97,CREATE
_OceanofPDF.com_Whisky_Advocate_-_Spring_202,Agave Azul,distillery,0.55,,,,,,97,CREATE
_OceanofPDF.com_Whisky_Advocate_-_Spring_202,Cognac Barrel Aged,expression,0.75,,46,,oak,,97,CREATE
_OceanofPDF.com_Whisky_Advocate_-_Spring_202,Rosa Reposado Cabernet,expression,0.75,,50,,,,97,CREATE
_OceanofPDF.com_Whisky_Advocate_-_Spring_202,Sauvignon Cask Aged,expression,0.75,,50,,,,97,CREATE
_OceanofPDF.com_Whisky_Advocate_-_Spring_202,Ocho Single Estate,expression,0.75,,50.5,,,,97,CREATE
_OceanofPDF.com_Whisky_Advocate_-_Spring_202,French Oak Aged,expression,0.75,,53.9,,oak,,97,CREATE
_OceanofPDF.com_Whisky_Advocate_-_Spring_202,Plata Puntas,expression,0.55,,,,,,97,CREATE
_OceanofPDF.com_Whisky_Advocate_-_Spring_202,"Single 
Estate Barrel",expression,0.55,,,,,,97,CREATE
_OceanofPDF.com_Whisky_Advocate_-_Spring_202,Danny Brandon,expression,0.55,,,,,,97,CREATE
_OceanofPDF.com_Whisky_Advocate_-_Spring_202,"Fitzgerald 
Bourbon Barrel",expression,0.75,,48,,bourbon,,100,CREATE
_OceanofPDF.com_Whisky_Advocate_-_Spring_202,"Mundial 
Collection",expression,0.55,,,,,,100,CREATE
_OceanofPDF.com_Whisky_Advocate_-_Spring_202,Then Show Us,expression,0.55,,,,,,102,CREATE
_OceanofPDF.com_Whisky_Advocate_-_Spring_202,Tracy Muzzy,expression,0.55,,,,,,102,CREATE
_OceanofPDF.com_Whisky_Advocate_-_Spring_202,Daniel Dickerman,distillery,0.55,,,,bourbon,,102,CREATE
_OceanofPDF.com_Whisky_Advocate_-_Spring_202,Gregg Hollman,expression,0.55,,,,,,102,CREATE
_OceanofPDF.com_Whisky_Advocate_-_Summer_202,Championship Drams,expression,0.55,,,,,,11,CREATE
_OceanofPDF.com_Whisky_Advocate_-_Summer_202,"Shaun Tolson
Golf",expression,0.55,,,,,,11,CREATE
_OceanofPDF.com_Whisky_Advocate_-_Summer_202,"Buying Guide
Reviews",expression,0.55,,,,,,12,CREATE
_OceanofPDF.com_Whisky_Advocate_-_Summer_202,"Cocktails
Familiar",expression,0.55,,,,,,12,CREATE
_OceanofPDF.com_Whisky_Advocate_-_Summer_202,"Shanken
Editor",expression,0.55,,,,,,15,CREATE
_OceanofPDF.com_Whisky_Advocate_-_Summer_202,Shanken Communications,expression,0.55,,,,,,16,CREATE
_OceanofPDF.com_Whisky_Advocate_-_Summer_202,Creative Director John,expression,0.55,,,,,,16,CREATE
_OceanofPDF.com_Whisky_Advocate_-_Summer_202,Events Joan,expression,0.55,,,,,,16,CREATE
_OceanofPDF.com_Whisky_Advocate_-_Summer_202,Events Laurie Bowers,expression,0.55,,,,,,16,CREATE
_OceanofPDF.com_Whisky_Advocate_-_Summer_202,Contributing Editor Jonny,expression,0.55,,,,,,16,CREATE
_OceanofPDF.com_Whisky_Advocate_-_Summer_202,Bars That Serve,expression,0.55,,,,,,19,CREATE
_OceanofPDF.com_Whisky_Advocate_-_Summer_202,"Deviation 
Distilling",distillery,0.55,,,,,,20,CREATE
_OceanofPDF.com_Whisky_Advocate_-_Summer_202,Denver Before You,distillery,0.55,,,,,,20,CREATE
_OceanofPDF.com_Whisky_Advocate_-_Summer_202,Jess Graber,distillery,0.55,,,,,,20,CREATE
_OceanofPDF.com_Whisky_Advocate_-_Summer_202,"Denver Distillery
Stellar",distillery,0.55,,,,,,22,CREATE
_OceanofPDF.com_Whisky_Advocate_-_Summer_202,"Larry Olmsted
Distilleries",distillery,0.55,,,,,,23,CREATE
_OceanofPDF.com_Whisky_Advocate_-_Summer_202,"Restaurants
Churchill Bar",distillery,0.55,,,,,,23,CREATE
_OceanofPDF.com_Whisky_Advocate_-_Summer_202,The Family Jones,distillery,0.55,,,,,,23,CREATE
_OceanofPDF.com_Whisky_Advocate_-_Summer_202,"Banter 
Created",expression,0.55,,,,,,26,CREATE
_OceanofPDF.com_Whisky_Advocate_-_Summer_202,Caramel Banana Sour,expression,0.55,,,,,,26,CREATE
_OceanofPDF.com_Whisky_Advocate_-_Summer_202,"Danny Brandon
United",expression,0.55,,,,,,28,CREATE
_OceanofPDF.com_Whisky_Advocate_-_Summer_202,"Japan
When",expression,0.55,,,,,,28,CREATE
_OceanofPDF.com_Whisky_Advocate_-_Summer_202,"Zak 
Lindahl",expression,0.55,,,,,,29,CREATE
_OceanofPDF.com_Whisky_Advocate_-_Summer_202,"Drambuie
Shake",expression,0.55,,,,,,29,CREATE
_OceanofPDF.com_Whisky_Advocate_-_Summer_202,The Rusty Bee,expression,0.55,,,,,,29,CREATE
_OceanofPDF.com_Whisky_Advocate_-_Summer_202,Tastings At Sea,expression,0.55,,,,wine,,30,CREATE
_OceanofPDF.com_Whisky_Advocate_-_Summer_202,Celebrity Cruises,expression,0.55,,,,wine,,30,CREATE
_OceanofPDF.com_Whisky_Advocate_-_Summer_202,Artist Series,expression,0.75,12,,,bourbon,,30,CREATE
_OceanofPDF.com_Whisky_Advocate_-_Summer_202,Whisky Sets Sail,expression,0.55,,,,,,30,CREATE
_OceanofPDF.com_Whisky_Advocate_-_Summer_202,Ocean Bar,expression,0.55,,,,,,30,CREATE
_OceanofPDF.com_Whisky_Advocate_-_Summer_202,Weller Full Proof,expression,0.55,,,,,,30,CREATE
_OceanofPDF.com_Whisky_Advocate_-_Summer_202,Weller Antique,expression,0.55,,,,port,,30,CREATE
_OceanofPDF.com_Whisky_Advocate_-_Summer_202,"Inside Scoop
The",expression,0.55,,,,oak,,31,CREATE
_OceanofPDF.com_Whisky_Advocate_-_Summer_202,Fraunces Tavern New,expression,0.55,,,,,,32,CREATE
_OceanofPDF.com_Whisky_Advocate_-_Summer_202,"York City
Established",expression,0.55,,,,,,32,CREATE
_OceanofPDF.com_Whisky_Advocate_-_Summer_202,Leslie Samuels,distillery,0.55,,,,,,33,CREATE
_OceanofPDF.com_Whisky_Advocate_-_Summer_202,Old Rip Van,expression,0.75,20,,,,,33,CREATE
_OceanofPDF.com_Whisky_Advocate_-_Summer_202,Round Robin Bar,expression,0.75,10,,,,,33,CREATE
_OceanofPDF.com_Whisky_Advocate_-_Summer_202,Old Ebbitt Grill,expression,0.75,10,,,,,33,CREATE
_OceanofPDF.com_Whisky_Advocate_-_Summer_202,The Rathskeller Duluth,expression,0.55,,,,,,34,CREATE
_OceanofPDF.com_Whisky_Advocate_-_Summer_202,"Logan Inn 
Manhattan",expression,0.55,,,,bourbon,,34,CREATE
_OceanofPDF.com_Whisky_Advocate_-_Summer_202,Hawaiian Ham,expression,0.55,,,,,,36,CREATE
_OceanofPDF.com_Whisky_Advocate_-_Summer_202,Bourbon Cocktail,expression,0.55,,,,bourbon,,37,CREATE
_OceanofPDF.com_Whisky_Advocate_-_Summer_202,Mint Julep,expression,0.75,,30,,bourbon,,37,CREATE
_OceanofPDF.com_Whisky_Advocate_-_Summer_202,Spiced Pear Whiskey,expression,0.75,,20,,,,37,CREATE
_OceanofPDF.com_Whisky_Advocate_-_Summer_202,Old Fashioned Barrel,expression,0.75,,43,,,,37,CREATE
_OceanofPDF.com_Whisky_Advocate_-_Summer_202,Blake Lively,expression,0.55,,,,,,37,CREATE
_OceanofPDF.com_Whisky_Advocate_-_Summer_202,Betty Booze,expression,0.55,,,,,,37,CREATE
_OceanofPDF.com_Whisky_Advocate_-_Summer_202,Tip Top,expression,0.75,3,,,bourbon,,37,CREATE
_OceanofPDF.com_Whisky_Advocate_-_Summer_202,Via Carota,expression,0.55,,,,,,37,CREATE
_OceanofPDF.com_Whisky_Advocate_-_Summer_202,"Try
Betty Booze",expression,0.55,,,,bourbon,,37,CREATE
_OceanofPDF.com_Whisky_Advocate_-_Summer_202,Sparkling Bourbon,expression,0.55,,,,bourbon,,37,CREATE
_OceanofPDF.com_Whisky_Advocate_-_Summer_202,Independent Bottlings,bottler,0.55,,,,,independent,39,CREATE
_OceanofPDF.com_Whisky_Advocate_-_Summer_202,Decadent Drinks,bottler,0.55,,,,,independent,39,CREATE
_OceanofPDF.com_Whisky_Advocate_-_Summer_202,The Heart Cut,expression,0.55,,,,,,39,CREATE
_OceanofPDF.com_Whisky_Advocate_-_Summer_202,Whisky Sponge Glen,distillery,0.75,47,,,,,39,CREATE
_OceanofPDF.com_Whisky_Advocate_-_Summer_202,Pennsylvania. Fully,distillery,0.55,,,,,,42,CREATE
_OceanofPDF.com_Whisky_Advocate_-_Summer_202,Screaming Titan,distillery,0.55,,,,bourbon,,46,CREATE
_OceanofPDF.com_Whisky_Advocate_-_Summer_202,Rickhouse Proof,distillery,0.55,,,,bourbon,,46,CREATE
_OceanofPDF.com_Whisky_Advocate_-_Summer_202,"Julia Higgins
Big",expression,0.55,,,,,,46,CREATE
_OceanofPDF.com_Whisky_Advocate_-_Summer_202,Refreshing Santa Teresa,expression,0.55,,,,,,47,CREATE
_OceanofPDF.com_Whisky_Advocate_-_Summer_202,Attendee Patrick Christopher,expression,0.55,,,islay,,,47,CREATE
_OceanofPDF.com_Whisky_Advocate_-_Summer_202,Alex Thomas,distillery,0.55,,,,,,51,CREATE
_OceanofPDF.com_Whisky_Advocate_-_Summer_202,"Madness Amburana 
Cask",expression,0.75,,46,,,,53,CREATE
_OceanofPDF.com_Whisky_Advocate_-_Summer_202,Jordan Via,distillery,0.55,,,,,,53,CREATE
_OceanofPDF.com_Whisky_Advocate_-_Summer_202,"Malaga 
Wine Cask",expression,0.75,10,43,,wine,,54,CREATE
_OceanofPDF.com_Whisky_Advocate_-_Summer_202,"Mizunara 
Finished",expression,0.75,7,46,,,,54,CREATE
_OceanofPDF.com_Whisky_Advocate_-_Summer_202,Fino Cask Finished,expression,0.75,5,50,,,,54,CREATE
_OceanofPDF.com_Whisky_Advocate_-_Summer_202,Selected Irish Blends,expression,0.55,,,,,,55,CREATE
_OceanofPDF.com_Whisky_Advocate_-_Summer_202,Unusual Irish Releases,expression,0.55,,,,bourbon,,55,CREATE
_OceanofPDF.com_Whisky_Advocate_-_Summer_202,"Bourbon Cask 
Matured",expression,0.75,,43,,bourbon,,55,CREATE
_OceanofPDF.com_Whisky_Advocate_-_Summer_202,"Change
Twenty",distillery,0.55,,,,,,55,CREATE
_OceanofPDF.com_Whisky_Advocate_-_Summer_202,Then Bushmills,expression,0.75,32,,,,,55,CREATE
_OceanofPDF.com_Whisky_Advocate_-_Summer_202,County Donegal,distillery,0.55,,,,,,55,CREATE
_OceanofPDF.com_Whisky_Advocate_-_Summer_202,Emerald Isle,expression,0.55,,,,,,58,CREATE
_OceanofPDF.com_Whisky_Advocate_-_Summer_202,"County Cork
At",distillery,0.55,,,,,,59,CREATE
_OceanofPDF.com_Whisky_Advocate_-_Summer_202,"Garden Stillhouse
Hinch",distillery,0.55,,,,,,59,CREATE
_OceanofPDF.com_Whisky_Advocate_-_Summer_202,"Belfast
Distilling",distillery,0.55,,,,,,60,CREATE
_OceanofPDF.com_Whisky_Advocate_-_Summer_202,Curious Journey,distillery,0.55,,,,,,60,CREATE
_OceanofPDF.com_Whisky_Advocate_-_Summer_202,"Armstrong.
Tasting",distillery,0.55,,,,,,60,CREATE
_OceanofPDF.com_Whisky_Advocate_-_Summer_202,"Antrim 
Visit",expression,0.55,,,,,,61,CREATE
_OceanofPDF.com_Whisky_Advocate_-_Summer_202,"Kyle Line
The",expression,0.55,,,highland,,,69,CREATE
_OceanofPDF.com_Whisky_Advocate_-_Summer_202,British Isles,expression,0.55,,,,,,73,CREATE
_OceanofPDF.com_Whisky_Advocate_-_Summer_202,Adare Manor,expression,0.55,,,,,,73,CREATE
_OceanofPDF.com_Whisky_Advocate_-_Summer_202,"Pinehurst Resort
Pinehurst",expression,0.55,,,,,,76,CREATE
_OceanofPDF.com_Whisky_Advocate_-_Summer_202,International Airports,expression,0.55,,,,,,81,CREATE
_OceanofPDF.com_Whisky_Advocate_-_Summer_202,"Know  
Before You",bottler,0.55,,,,,hunter,81,CREATE
_OceanofPDF.com_Whisky_Advocate_-_Summer_202,Different Sizes,expression,0.55,,,,,,81,CREATE
_OceanofPDF.com_Whisky_Advocate_-_Summer_202,"Ask  
Before Buying",expression,0.55,,,,,,81,CREATE
_OceanofPDF.com_Whisky_Advocate_-_Summer_202,Double Double,expression,0.75,24,,,oak,,83,CREATE
_OceanofPDF.com_Whisky_Advocate_-_Summer_202,"Sherry 
Cask Finished",expression,0.75,,56,,bourbon,,84,CREATE
_OceanofPDF.com_Whisky_Advocate_-_Summer_202,"Double 
Charred Selection",expression,0.75,16,43,speyside,,,85,CREATE
_OceanofPDF.com_Whisky_Advocate_-_Summer_202,"Double 
Cask Matured",expression,0.75,13,40,,,,85,CREATE
_OceanofPDF.com_Whisky_Advocate_-_Summer_202,Sherry Cask Solera,expression,0.75,,48,,sherry,,85,CREATE
_OceanofPDF.com_Whisky_Advocate_-_Summer_202,Julia Higgins,expression,0.55,,,,,,85,CREATE
_OceanofPDF.com_Whisky_Advocate_-_Summer_202,Market Watch,expression,0.55,,,,,,85,CREATE
_OceanofPDF.com_Whisky_Advocate_-_Summer_202,Staff Reviewer,expression,0.55,,,,,,85,CREATE
_OceanofPDF.com_Whisky_Advocate_-_Summer_202,Duero Finished,expression,0.75,9,54.3,campbeltown,,,86,CREATE
_OceanofPDF.com_Whisky_Advocate_-_Summer_202,Ruby Port Cask,expression,0.75,16,43,,port,,86,CREATE
_OceanofPDF.com_Whisky_Advocate_-_Summer_202,"Sherry 
Oak Cask",expression,0.75,18,43,,sherry,,86,CREATE
_OceanofPDF.com_Whisky_Advocate_-_Summer_202,"Pinot Noir 
Cask",expression,0.75,19,43,,,,86,CREATE
_OceanofPDF.com_Whisky_Advocate_-_Summer_202,Organic American Oak,expression,0.75,20,49.7,,oak,,87,CREATE
_OceanofPDF.com_Whisky_Advocate_-_Summer_202,Nean Cask Strength,expression,0.75,,59,,,,88,CREATE
_OceanofPDF.com_Whisky_Advocate_-_Summer_202,"Butt 
Matured",expression,0.75,,46,,first-fill,,89,CREATE
_OceanofPDF.com_Whisky_Advocate_-_Summer_202,"Sherry Cask 
Matured",expression,0.75,,46,,bourbon,,89,CREATE
_OceanofPDF.com_Whisky_Advocate_-_Summer_202,Harvest Edition,distillery,0.75,,46,,sherry,,89,CREATE
_OceanofPDF.com_Whisky_Advocate_-_Summer_202,Sowing Edition,expression,0.55,,,,,,89,CREATE
_OceanofPDF.com_Whisky_Advocate_-_Summer_202,"Oloroso Sherry 
Cask",expression,0.75,20,46,,sherry,,89,CREATE
_OceanofPDF.com_Whisky_Advocate_-_Summer_202,Palo Cortado Sherry,expression,0.75,26,46,,sherry,,89,CREATE
_OceanofPDF.com_Whisky_Advocate_-_Summer_202,"Pauillac 
Finished",expression,0.75,18,48,,wine,,90,CREATE
_OceanofPDF.com_Whisky_Advocate_-_Summer_202,French Smooth,expression,0.75,8,,,,,90,CREATE
_OceanofPDF.com_Whisky_Advocate_-_Summer_202,"Toasted 
American Oak",expression,0.75,,58,,bourbon,,90,CREATE
_OceanofPDF.com_Whisky_Advocate_-_Summer_202,Finished Blend,expression,0.75,,58,,oak,,90,CREATE
_OceanofPDF.com_Whisky_Advocate_-_Summer_202,Sauternes Cask Finished,expression,0.75,,52.5,,,,90,CREATE
_OceanofPDF.com_Whisky_Advocate_-_Summer_202,See Editors,expression,0.75,,60,,,,90,CREATE
_OceanofPDF.com_Whisky_Advocate_-_Summer_202,Dixon Dedman,expression,0.75,,46,,oak,,90,CREATE
_OceanofPDF.com_Whisky_Advocate_-_Summer_202,"Foundation Double 
Barrel",expression,0.75,5,50,,,,90,CREATE
_OceanofPDF.com_Whisky_Advocate_-_Summer_202,Allman Brothers Band,expression,0.55,,,,,,91,CREATE
_OceanofPDF.com_Whisky_Advocate_-_Summer_202,Toasted Peach Wood,expression,0.75,,47.5,,,,91,CREATE
_OceanofPDF.com_Whisky_Advocate_-_Summer_202,"Havana 
Maple Syrup",expression,0.55,,,,,,91,CREATE
_OceanofPDF.com_Whisky_Advocate_-_Summer_202,Rum Barrel Double,expression,0.75,,46.5,,,,91,CREATE
_OceanofPDF.com_Whisky_Advocate_-_Summer_202,Halestorm Cherry Bounce,expression,0.55,,,,,,91,CREATE
_OceanofPDF.com_Whisky_Advocate_-_Summer_202,"Finish Reserve 
Maple",expression,0.55,,,,,,91,CREATE
_OceanofPDF.com_Whisky_Advocate_-_Summer_202,Strength Single Barrel,expression,0.75,,65,,,,91,CREATE
_OceanofPDF.com_Whisky_Advocate_-_Summer_202,"Allman 
Brothers",expression,0.75,,53.5,,,,92,CREATE
_OceanofPDF.com_Whisky_Advocate_-_Summer_202,French Oak,expression,0.75,33,,,oak,,92,CREATE
_OceanofPDF.com_Whisky_Advocate_-_Summer_202,Olororo Sherry Cask,expression,0.75,33,70,,oak,,92,CREATE
_OceanofPDF.com_Whisky_Advocate_-_Summer_202,"Finished 
Cask Strength",expression,0.75,33,70,,oak,,92,CREATE
_OceanofPDF.com_Whisky_Advocate_-_Summer_202,"Bourbon 
Cask Reserve",expression,0.75,15,46,,bourbon,,92,CREATE
_OceanofPDF.com_Whisky_Advocate_-_Summer_202,Corry Bonder,expression,0.75,,46,,,,93,CREATE
_OceanofPDF.com_Whisky_Advocate_-_Summer_202,"Edition 
The Arena",expression,0.75,,46,,,,93,CREATE
_OceanofPDF.com_Whisky_Advocate_-_Summer_202,Sherry Cask Reserve,expression,0.75,12,46,,sherry,,93,CREATE
_OceanofPDF.com_Whisky_Advocate_-_Summer_202,"Tokaji 
Cask Finished",expression,0.75,,55.6,,,,93,CREATE
_OceanofPDF.com_Whisky_Advocate_-_Summer_202,"Madeira 
Cask Matured",expression,0.75,,55.8,,,,93,CREATE
_OceanofPDF.com_Whisky_Advocate_-_Summer_202,"Sauternes 
Cask Finish",expression,0.75,22,48,,bourbon,,93,CREATE
_OceanofPDF.com_Whisky_Advocate_-_Summer_202,Extra Rare Blend,expression,0.75,31,46,,,,94,CREATE
_OceanofPDF.com_Whisky_Advocate_-_Summer_202,"Silent 
Distillery Collection",distillery,0.75,50,53,,,,94,CREATE
_OceanofPDF.com_Whisky_Advocate_-_Summer_202,Chapter Six,distillery,0.75,50,53,,bourbon,,94,CREATE
_OceanofPDF.com_Whisky_Advocate_-_Summer_202,Anniversary Cask Strength,expression,0.75,,50,,bourbon,,94,CREATE
_OceanofPDF.com_Whisky_Advocate_-_Summer_202,These Solist Series,expression,0.75,,50,,bourbon,,94,CREATE
_OceanofPDF.com_Whisky_Advocate_-_Summer_202,Consejo Regulador,expression,0.55,,,,,,98,CREATE
_OceanofPDF.com_Whisky_Advocate_-_Summer_202,Laura Pelner,expression,0.55,,,,,,99,CREATE
_OceanofPDF.com_Whisky_Advocate_-_Summer_202,Clase Azul Tequila,expression,0.55,,,,,,101,CREATE
_OceanofPDF.com_Whisky_Advocate_-_Summer_202,Dia De Muertos,expression,0.55,,,,,,101,CREATE
_OceanofPDF.com_Whisky_Advocate_-_Summer_202,Clase Azul,expression,0.55,,,,,,101,CREATE
_OceanofPDF.com_Whisky_Advocate_-_Summer_202,Different Aging Spectrum,expression,0.75,3,,,,,102,CREATE
_OceanofPDF.com_Whisky_Advocate_-_Summer_202,Rolling Out,expression,0.55,,,,,,102,CREATE
_OceanofPDF.com_Whisky_Advocate_-_Summer_202,Ron Superior,expression,0.55,,,,,,103,CREATE
_OceanofPDF.com_Whisky_Advocate_-_Summer_202,El Tesoro Paradiso,expression,0.75,,40,,bourbon,,103,CREATE
_OceanofPDF.com_Whisky_Advocate_-_Summer_202,Aged Tequilas,expression,0.55,,,,oak,,103,CREATE
_OceanofPDF.com_Whisky_Advocate_-_Summer_202,Tony Sachs,expression,0.55,,,,,,103,CREATE
_OceanofPDF.com_Whisky_Advocate_-_Summer_202,Brittany Risher Englert,expression,0.55,,,,,,106,CREATE
_OceanofPDF.com_Whisky_Advocate_-_Summer_202,"Changing Bases
Despite",expression,0.55,,,,,,106,CREATE
_OceanofPDF.com_Whisky_Advocate_-_Summer_202,"Origami Crane
Created",expression,0.55,,,,,,106,CREATE
_OceanofPDF.com_Whisky_Advocate_-_Summer_202,Origami Crane,expression,0.55,,,,,,107,CREATE
_OceanofPDF.com_Whisky_Advocate_-_Summer_202,El Agave Barrica,expression,0.55,,,,,,110,CREATE
_OceanofPDF.com_Whisky_Advocate_-_Summer_202,Sierra Norte Distillery,distillery,0.55,,,,,,111,CREATE
_OceanofPDF.com_Whisky_Advocate_-_Summer_202,Pepino El Pyu,expression,0.55,,,,,,111,CREATE
_OceanofPDF.com_Whisky_Advocate_-_Summer_202,Maya New York,expression,0.55,,,,,,111,CREATE
_OceanofPDF.com_Whisky_Advocate_-_Summer_202,Aji Amarillo,expression,0.55,,,,,,114,CREATE
_OceanofPDF.com_Whisky_Advocate_-_Summer_202,Jalisco Highlands,distillery,0.75,,40,,,,116,CREATE
_OceanofPDF.com_Whisky_Advocate_-_Summer_202,Cognac Barrel Aged,expression,0.75,,46,,oak,,116,CREATE
_OceanofPDF.com_Whisky_Advocate_-_Summer_202,"Toast 
Bourbon Barrel",expression,0.75,,40,,bourbon,,117,CREATE
_OceanofPDF.com_Whisky_Advocate_-_Summer_202,"Aged 
Reposado",expression,0.75,,40,,bourbon,,117,CREATE
_OceanofPDF.com_Whisky_Advocate_-_Summer_202,Miel Joven,expression,0.75,,40,,,,118,CREATE
_OceanofPDF.com_Whisky_Advocate_-_Summer_202,Finished Reposado,expression,0.75,,43,,sherry,,118,CREATE
_OceanofPDF.com_Whisky_Advocate_-_Summer_202,"Notable 
New 
Agave",expression,0.55,,,,,,119,CREATE
_OceanofPDF.com_Whisky_Advocate_-_Summer_202,Ana Segovia,expression,0.55,,,,,,119,CREATE
_OceanofPDF.com_Whisky_Advocate_-_Summer_202,Are You,expression,0.55,,,,,,120,CREATE
_OceanofPDF.com_Whisky_Advocate_-_Summer_202,Then Show Us,expression,0.55,,,,,,120,CREATE
_OceanofPDF.com_Whisky_Advocate_-_Summer_202,Steve Pallo,expression,0.55,,,,,,120,CREATE
_OceanofPDF.com_Whisky_Advocate_-_Summer_202,"April.
Bourbon",distillery,0.55,,,,bourbon,,120,CREATE
_OceanofPDF.com_Whisky_Advocate_-_Summer_202,Distillery Country Glamping,distillery,0.55,,,,,,11,CREATE
_OceanofPDF.com_Whisky_Advocate_-_Summer_202,"Sean Evans
Sleep",distillery,0.55,,,,,,11,CREATE
_OceanofPDF.com_Whisky_Advocate_-_Summer_202,"Sean Evans
Fly",expression,0.55,,,,,,11,CREATE
_OceanofPDF.com_Whisky_Advocate_-_Summer_202,Luxe Life,expression,0.55,,,,,,11,CREATE
_OceanofPDF.com_Whisky_Advocate_-_Summer_202,Drams Included,expression,0.55,,,,,,11,CREATE
_OceanofPDF.com_Whisky_Advocate_-_Summer_202,"Larry Olmsted
Resorts",expression,0.55,,,,,,11,CREATE
_OceanofPDF.com_Whisky_Advocate_-_Summer_202,Spas For Whisky,expression,0.55,,,,,,11,CREATE
_OceanofPDF.com_Whisky_Advocate_-_Summer_202,"Sally Kral
Pamper",expression,0.55,,,,,,11,CREATE
_OceanofPDF.com_Whisky_Advocate_-_Summer_202,"Stephen Beaumont
Explore",expression,0.55,,,,,,11,CREATE
_OceanofPDF.com_Whisky_Advocate_-_Summer_202,"Julia Higgins
New",expression,0.55,,,,,,11,CREATE
_OceanofPDF.com_Whisky_Advocate_-_Summer_202,"Buying Guide
Reviews",expression,0.55,,,,,,12,CREATE
_OceanofPDF.com_Whisky_Advocate_-_Summer_202,Shanken Communications,expression,0.55,,,,,,14,CREATE
_OceanofPDF.com_Whisky_Advocate_-_Summer_202,"Play
Marvin",expression,0.55,,,,,,15,CREATE
_OceanofPDF.com_Whisky_Advocate_-_Summer_202,"Shanken
Editor",expression,0.55,,,,,,15,CREATE
_OceanofPDF.com_Whisky_Advocate_-_Summer_202,Revolution Town,expression,0.55,,,,,,17,CREATE
_OceanofPDF.com_Whisky_Advocate_-_Summer_202,Quincy Market,expression,0.55,,,,,,18,CREATE
_OceanofPDF.com_Whisky_Advocate_-_Summer_202,Inniskillin Caber,expression,0.55,,,,bourbon,,19,CREATE
_OceanofPDF.com_Whisky_Advocate_-_Summer_202,Best Barbe,expression,0.55,,,,,,20,CREATE
_OceanofPDF.com_Whisky_Advocate_-_Summer_202,Assembly Row,expression,0.55,,,,,,20,CREATE
_OceanofPDF.com_Whisky_Advocate_-_Summer_202,Infused Rye,expression,0.55,,,,,,22,CREATE
_OceanofPDF.com_Whisky_Advocate_-_Summer_202,Keven Stehl,expression,0.55,,,,,,22,CREATE
_OceanofPDF.com_Whisky_Advocate_-_Summer_202,"Smith 
Tower Observatory",expression,0.55,,,,,,22,CREATE
_OceanofPDF.com_Whisky_Advocate_-_Summer_202,"Sally Kral
Just",expression,0.55,,,,,,22,CREATE
_OceanofPDF.com_Whisky_Advocate_-_Summer_202,"Peat 
Created",expression,0.55,,,,,,22,CREATE
_OceanofPDF.com_Whisky_Advocate_-_Summer_202,Stephen Burgess,expression,0.55,,,,,,22,CREATE
_OceanofPDF.com_Whisky_Advocate_-_Summer_202,"Nomad 
Outland",expression,0.55,,,,,,26,CREATE
_OceanofPDF.com_Whisky_Advocate_-_Summer_202,"Byass 
Nectar",expression,0.55,,,,sherry,,26,CREATE
_OceanofPDF.com_Whisky_Advocate_-_Summer_202,"Manhattan
Created",expression,0.55,,,,sherry,,26,CREATE
_OceanofPDF.com_Whisky_Advocate_-_Summer_202,Jump Right In,expression,0.55,,,,,,27,CREATE
_OceanofPDF.com_Whisky_Advocate_-_Summer_202,Check Out That,distillery,0.55,,,,,,27,CREATE
_OceanofPDF.com_Whisky_Advocate_-_Summer_202,Old Fitzgerald Prime,expression,0.55,,,,,,27,CREATE
_OceanofPDF.com_Whisky_Advocate_-_Summer_202,Billy Walker,expression,0.55,,,,,,28,CREATE
_OceanofPDF.com_Whisky_Advocate_-_Summer_202,Heathrow Airport,expression,0.55,,,,,,28,CREATE
_OceanofPDF.com_Whisky_Advocate_-_Summer_202,Cask Strength Batch,expression,0.75,30,,,,,28,CREATE
_OceanofPDF.com_Whisky_Advocate_-_Summer_202,Different American Oak,expression,0.55,,,,oak,,28,CREATE
_OceanofPDF.com_Whisky_Advocate_-_Summer_202,"The Sinteis 
Series",expression,0.75,,57.8,speyside,,,28,CREATE
_OceanofPDF.com_Whisky_Advocate_-_Summer_202,One Speyside Single,expression,0.75,5,48,speyside,,,28,CREATE
_OceanofPDF.com_Whisky_Advocate_-_Summer_202,Envy Triple Oak,expression,0.55,,,,oak,,28,CREATE
_OceanofPDF.com_Whisky_Advocate_-_Summer_202,How Willett Single,expression,0.55,,,,,,29,CREATE
_OceanofPDF.com_Whisky_Advocate_-_Summer_202,Sean Brock,expression,0.55,,,,bourbon,,29,CREATE
_OceanofPDF.com_Whisky_Advocate_-_Summer_202,The Bitter Truth,expression,0.75,24,,,,,29,CREATE
_OceanofPDF.com_Whisky_Advocate_-_Summer_202,"Jamie 
Fraser",expression,0.55,,,,wine,,30,CREATE
_OceanofPDF.com_Whisky_Advocate_-_Summer_202,Alex Norouzi,expression,0.55,,,,,,31,CREATE
_OceanofPDF.com_Whisky_Advocate_-_Summer_202,Bar Memories,expression,0.75,10,,,,,33,CREATE
_OceanofPDF.com_Whisky_Advocate_-_Summer_202,At Bourbon Barrel,expression,0.55,,,,bourbon,,38,CREATE
_OceanofPDF.com_Whisky_Advocate_-_Summer_202,Bourbon Country,expression,0.55,,,,bourbon,,38,CREATE
_OceanofPDF.com_Whisky_Advocate_-_Summer_202,Outdoor Adventures,expression,0.55,,,,,,38,CREATE
_OceanofPDF.com_Whisky_Advocate_-_Summer_202,Inclusive Resorts,expression,0.55,,,,,,38,CREATE
_OceanofPDF.com_Whisky_Advocate_-_Summer_202,Friendly Spas,expression,0.55,,,,,,38,CREATE
_OceanofPDF.com_Whisky_Advocate_-_Summer_202,Visiting Victoria,expression,0.55,,,,,,38,CREATE
_OceanofPDF.com_Whisky_Advocate_-_Summer_202,Paso Robles Distillery,distillery,0.55,,,,,,40,CREATE
_OceanofPDF.com_Whisky_Advocate_-_Summer_202,Tennessee Whiskey Trail,distillery,0.55,,,,,,40,CREATE
_OceanofPDF.com_Whisky_Advocate_-_Summer_202,Hebridean Sea Safari,expression,0.55,,,islands,,,42,CREATE
_OceanofPDF.com_Whisky_Advocate_-_Summer_202,"Bourbon Country
Lawrenceburg",expression,0.55,,,,bourbon,,44,CREATE
_OceanofPDF.com_Whisky_Advocate_-_Summer_202,Bourbon Barrel Cottages,distillery,0.55,,,,bourbon,,44,CREATE
_OceanofPDF.com_Whisky_Advocate_-_Summer_202,"Treetop 
Hideaways",expression,0.55,,,,,,45,CREATE
_OceanofPDF.com_Whisky_Advocate_-_Summer_202,Causeway Coast,distillery,0.55,,,,,,46,CREATE
_OceanofPDF.com_Whisky_Advocate_-_Summer_202,British Isles,expression,0.75,16,,,,,46,CREATE
_OceanofPDF.com_Whisky_Advocate_-_Summer_202,Dripping Springs,distillery,0.55,,,,,,46,CREATE
_OceanofPDF.com_Whisky_Advocate_-_Summer_202,Desert Door Sotol,distillery,0.55,,,,,,46,CREATE
_OceanofPDF.com_Whisky_Advocate_-_Summer_202,Dripping Springs Vodka,distillery,0.55,,,,,,46,CREATE
_OceanofPDF.com_Whisky_Advocate_-_Summer_202,Glamping Pods,expression,0.55,,,speyside,,,46,CREATE
_OceanofPDF.com_Whisky_Advocate_-_Summer_202,Spruce Peak,expression,0.55,,,,,,50,CREATE
_OceanofPDF.com_Whisky_Advocate_-_Summer_202,"Vermont
Skiers",expression,0.55,,,,,,50,CREATE
_OceanofPDF.com_Whisky_Advocate_-_Summer_202,"Tasting 
Shack",expression,0.55,,,,,,50,CREATE
_OceanofPDF.com_Whisky_Advocate_-_Summer_202,Gros Ventre,expression,0.55,,,,,,50,CREATE
_OceanofPDF.com_Whisky_Advocate_-_Summer_202,Impression Isla Mujeres,expression,0.55,,,,,,52,CREATE
_OceanofPDF.com_Whisky_Advocate_-_Summer_202,Taylor Barrel Proof,expression,0.55,,,,,,53,CREATE
_OceanofPDF.com_Whisky_Advocate_-_Summer_202,Weller Special Reserve,expression,0.75,12,,,,,53,CREATE
_OceanofPDF.com_Whisky_Advocate_-_Summer_202,Mama Tried,expression,0.55,,,,,,53,CREATE
_OceanofPDF.com_Whisky_Advocate_-_Summer_202,Mark. While,expression,0.55,,,,bourbon,,53,CREATE
_OceanofPDF.com_Whisky_Advocate_-_Summer_202,Spa Terra,expression,0.55,,,,bourbon,,57,CREATE
_OceanofPDF.com_Whisky_Advocate_-_Summer_202,Napa Valley,expression,0.55,,,,bourbon,,57,CREATE
_OceanofPDF.com_Whisky_Advocate_-_Summer_202,Meritage Resort,expression,0.55,,,,,,57,CREATE
_OceanofPDF.com_Whisky_Advocate_-_Summer_202,Day Spa,expression,0.55,,,,,,57,CREATE
_OceanofPDF.com_Whisky_Advocate_-_Summer_202,"Tarnished Truth 
Distillery",distillery,0.55,,,,,,58,CREATE
_OceanofPDF.com_Whisky_Advocate_-_Summer_202,Extra Special Bitter,expression,0.75,,100,,,,60,CREATE
_OceanofPDF.com_Whisky_Advocate_-_Summer_202,"Nut 
Brown",expression,0.55,,,,,,60,CREATE
_OceanofPDF.com_Whisky_Advocate_-_Summer_202,Scenic Victoria,expression,0.55,,,,,,60,CREATE
_OceanofPDF.com_Whisky_Advocate_-_Summer_202,Fat Tug,distillery,0.55,,,,,,61,CREATE
_OceanofPDF.com_Whisky_Advocate_-_Summer_202,Oyster Spirit,distillery,0.55,,,,,,61,CREATE
_OceanofPDF.com_Whisky_Advocate_-_Summer_202,Government Street,expression,0.55,,,,,,61,CREATE
_OceanofPDF.com_Whisky_Advocate_-_Summer_202,"Malting.
Another",expression,0.55,,,,,,61,CREATE
_OceanofPDF.com_Whisky_Advocate_-_Summer_202,Kevin Titcomb,distillery,0.55,,,,,,61,CREATE
_OceanofPDF.com_Whisky_Advocate_-_Summer_202,"Sanctuary Signature 
Edition",distillery,0.55,,,,,,61,CREATE
_OceanofPDF.com_Whisky_Advocate_-_Summer_202,Upper Harbour,expression,0.55,,,,wine,,62,CREATE
_OceanofPDF.com_Whisky_Advocate_-_Summer_202,Antifogmatic Bliss,expression,0.55,,,,,,62,CREATE
_OceanofPDF.com_Whisky_Advocate_-_Summer_202,Peat Project,expression,0.55,,,,,,62,CREATE
_OceanofPDF.com_Whisky_Advocate_-_Summer_202,Courtney Room,expression,0.55,,,,,,62,CREATE
_OceanofPDF.com_Whisky_Advocate_-_Summer_202,"Whisky Lover
Outside",expression,0.55,,,,,,62,CREATE
_OceanofPDF.com_Whisky_Advocate_-_Summer_202,Ripple Rock,expression,0.75,12,,,oak,,62,CREATE
_OceanofPDF.com_Whisky_Advocate_-_Summer_202,Drunken Hive,distillery,0.55,,,,,,62,CREATE
_OceanofPDF.com_Whisky_Advocate_-_Summer_202,Cocktail Lounge,distillery,0.55,,,,,,62,CREATE
_OceanofPDF.com_Whisky_Advocate_-_Summer_202,"Grain. 
For",expression,0.55,,,lowland,,,62,CREATE
_OceanofPDF.com_Whisky_Advocate_-_Summer_202,Nanaimo. Not,distillery,0.55,,,,,,62,CREATE
_OceanofPDF.com_Whisky_Advocate_-_Summer_202,The Drake Eatery,expression,0.55,,,,,,62,CREATE
_OceanofPDF.com_Whisky_Advocate_-_Summer_202,Tanager Cigar Blend,expression,0.55,,,,,,68,CREATE
_OceanofPDF.com_Whisky_Advocate_-_Summer_202,"Nancy 
Fraley",expression,0.55,,,,,,68,CREATE
_OceanofPDF.com_Whisky_Advocate_-_Summer_202,Baby Blue,distillery,0.55,,,,,,69,CREATE
_OceanofPDF.com_Whisky_Advocate_-_Summer_202,Fellow Texas,distillery,0.55,,,,,,69,CREATE
_OceanofPDF.com_Whisky_Advocate_-_Summer_202,Jonathan Likarish,distillery,0.55,,,,,,69,CREATE
_OceanofPDF.com_Whisky_Advocate_-_Summer_202,Baby Jane,expression,0.55,,,,bourbon,,69,CREATE
_OceanofPDF.com_Whisky_Advocate_-_Summer_202,"Bounty
Sierra Norte",distillery,0.55,,,,bourbon,,69,CREATE
_OceanofPDF.com_Whisky_Advocate_-_Summer_202,"Sarah 
Elsom",distillery,0.55,,,,,,71,CREATE
_OceanofPDF.com_Whisky_Advocate_-_Summer_202,Given New Zealand,expression,0.55,,,,,,72,CREATE
_OceanofPDF.com_Whisky_Advocate_-_Summer_202,Zealand Whisky Collection,expression,0.55,,,,sherry,,73,CREATE
_OceanofPDF.com_Whisky_Advocate_-_Summer_202,Dunedin Distill,distillery,0.55,,,,,,74,CREATE
_OceanofPDF.com_Whisky_Advocate_-_Summer_202,"Waiheke 
Island",expression,0.55,,,,,,74,CREATE
_OceanofPDF.com_Whisky_Advocate_-_Summer_202,Mark Neal,expression,0.55,,,,,,74,CREATE
_OceanofPDF.com_Whisky_Advocate_-_Summer_202,Artisan Collection,expression,0.55,,,,,,77,CREATE
_OceanofPDF.com_Whisky_Advocate_-_Summer_202,Common Ritual,bottler,0.55,,,,bourbon,independent,77,CREATE
_OceanofPDF.com_Whisky_Advocate_-_Summer_202,"Roost.
From",expression,0.55,,,,,,77,CREATE
_OceanofPDF.com_Whisky_Advocate_-_Summer_202,Skellig Six,expression,0.75,,40,,sherry,,78,CREATE
_OceanofPDF.com_Whisky_Advocate_-_Summer_202,"Sherry Cask 
Finish",expression,0.75,,40,,sherry,,78,CREATE
_OceanofPDF.com_Whisky_Advocate_-_Summer_202,Pernod Ricard,distillery,0.55,,,,,,78,CREATE
_OceanofPDF.com_Whisky_Advocate_-_Summer_202,Common Ritual Mosaic,expression,0.55,,,,,,78,CREATE
_OceanofPDF.com_Whisky_Advocate_-_Summer_202,Chimes Apple Brandy,expression,0.75,,50,,,,78,CREATE
_OceanofPDF.com_Whisky_Advocate_-_Summer_202,Containing Ardbeg,expression,0.75,,47.8,islay,,,78,CREATE
_OceanofPDF.com_Whisky_Advocate_-_Summer_202,See Editors,expression,0.75,10,48,,sherry,,79,CREATE
_OceanofPDF.com_Whisky_Advocate_-_Summer_202,Rhone Valley,expression,0.75,,52.3,,bourbon,,79,CREATE
_OceanofPDF.com_Whisky_Advocate_-_Summer_202,Bourbon Cask Aged,expression,0.75,11,43,,oak,,79,CREATE
_OceanofPDF.com_Whisky_Advocate_-_Summer_202,"Reviewers
All",expression,0.55,,,,,,79,CREATE
_OceanofPDF.com_Whisky_Advocate_-_Summer_202,Julia Higgins,expression,0.75,15,,,wine,,79,CREATE
_OceanofPDF.com_Whisky_Advocate_-_Summer_202,Market Watch,expression,0.55,,,,,,79,CREATE
_OceanofPDF.com_Whisky_Advocate_-_Summer_202,"Staff Reviewer
Danny",expression,0.55,,,,,,79,CREATE
_OceanofPDF.com_Whisky_Advocate_-_Summer_202,Living Soul,expression,0.75,15,46,,,,80,CREATE
_OceanofPDF.com_Whisky_Advocate_-_Summer_202,Gonzalez Byass,expression,0.55,,,,sherry,,80,CREATE
_OceanofPDF.com_Whisky_Advocate_-_Summer_202,"Matusalem Oloroso 
Sherry",expression,0.75,17,42,,oak,,80,CREATE
_OceanofPDF.com_Whisky_Advocate_-_Summer_202,"Cask 
Finish Series",expression,0.75,7,,,,,81,CREATE
_OceanofPDF.com_Whisky_Advocate_-_Summer_202,"Cask Strength 
Armagnac",expression,0.75,7,56.5,,,,81,CREATE
_OceanofPDF.com_Whisky_Advocate_-_Summer_202,Finished Blend,expression,0.75,7,56.5,,,,81,CREATE
_OceanofPDF.com_Whisky_Advocate_-_Summer_202,"Cask 
Strength Blend",expression,0.75,,55.1,,,,81,CREATE
_OceanofPDF.com_Whisky_Advocate_-_Summer_202,"Strength Single 
Barrel",expression,0.75,,58.2,,,,81,CREATE
_OceanofPDF.com_Whisky_Advocate_-_Summer_202,Ingram River Aged,expression,0.75,,25,,,,81,CREATE
_OceanofPDF.com_Whisky_Advocate_-_Summer_202,Envy Cask Strength,expression,0.75,,50,,port,,81,CREATE
_OceanofPDF.com_Whisky_Advocate_-_Summer_202,Double Barreled American,expression,0.55,,,,bourbon,,81,CREATE
_OceanofPDF.com_Whisky_Advocate_-_Summer_202,Hungarian Oak Finished,expression,0.75,,55.4,,oak,,81,CREATE
_OceanofPDF.com_Whisky_Advocate_-_Summer_202,Toasted Oak Barrel,distillery,0.75,,52.1,,bourbon,,82,CREATE
_OceanofPDF.com_Whisky_Advocate_-_Summer_202,Blend Sherry,expression,0.55,,,,sherry,,82,CREATE
_OceanofPDF.com_Whisky_Advocate_-_Summer_202,Armagnac Cask Finished,expression,0.75,,50.5,,sherry,,82,CREATE
_OceanofPDF.com_Whisky_Advocate_-_Summer_202,Calaveras County,expression,0.55,,,,wine,,82,CREATE
_OceanofPDF.com_Whisky_Advocate_-_Summer_202,Old Elk Slow,expression,0.75,,44,,,,82,CREATE
_OceanofPDF.com_Whisky_Advocate_-_Summer_202,Slow Cut,expression,0.75,,44,,,,82,CREATE
_OceanofPDF.com_Whisky_Advocate_-_Summer_202,"Cask 
Strength Caribbean",expression,0.75,10,,,,,82,CREATE
_OceanofPDF.com_Whisky_Advocate_-_Summer_202,"Rum Cask  
Finished",expression,0.75,10,55.8,,,,82,CREATE
_OceanofPDF.com_Whisky_Advocate_-_Summer_202,"Toasted 
Honey Cask",expression,0.75,,54.3,,,,82,CREATE
_OceanofPDF.com_Whisky_Advocate_-_Summer_202,Cabernet Sauvignon,expression,0.75,18,,,,,83,CREATE
_OceanofPDF.com_Whisky_Advocate_-_Summer_202,Sauternes Barrel Finished,expression,0.75,18,62,,,,83,CREATE
_OceanofPDF.com_Whisky_Advocate_-_Summer_202,Common Ritual Altar,expression,0.75,,57,,,,83,CREATE
_OceanofPDF.com_Whisky_Advocate_-_Summer_202,Common Ritual Spinning,expression,0.55,,,,,,83,CREATE
_OceanofPDF.com_Whisky_Advocate_-_Summer_202,Vinyl Double Barrel,expression,0.75,,60,,,,83,CREATE
_OceanofPDF.com_Whisky_Advocate_-_Summer_202,Nobletons Distilling House,distillery,0.75,,95,,,,83,CREATE
_OceanofPDF.com_Whisky_Advocate_-_Summer_202,"Double  
Cask Collection",expression,0.75,5,,,,,84,CREATE
_OceanofPDF.com_Whisky_Advocate_-_Summer_202,Napoleon Sun,expression,0.75,5,61.9,,,,84,CREATE
_OceanofPDF.com_Whisky_Advocate_-_Summer_202,Soaked Calvados Cask,expression,0.75,5,61.9,,,,84,CREATE
_OceanofPDF.com_Whisky_Advocate_-_Summer_202,Share Red Wine,expression,0.75,,51,,wine,,84,CREATE
_OceanofPDF.com_Whisky_Advocate_-_Summer_202,Constellation Brands,expression,0.55,,,,,,84,CREATE
_OceanofPDF.com_Whisky_Advocate_-_Summer_202,Series Triple Islay,expression,0.75,,55.5,islay,,,84,CREATE
_OceanofPDF.com_Whisky_Advocate_-_Summer_202,"Full Proof 
Blended",expression,0.75,,60.5,,,,84,CREATE
_OceanofPDF.com_Whisky_Advocate_-_Summer_202,Chris Stapleton,expression,0.55,,,,,,84,CREATE
_OceanofPDF.com_Whisky_Advocate_-_Summer_202,Batch Series Single,expression,0.55,,,,,,84,CREATE
_OceanofPDF.com_Whisky_Advocate_-_Summer_202,Pot Still Straight,expression,0.75,,47.5,,,,84,CREATE
_OceanofPDF.com_Whisky_Advocate_-_Summer_202,Whiskey Experimental Series,expression,0.75,,41.7,,,,84,CREATE
_OceanofPDF.com_Whisky_Advocate_-_Summer_202,Naranja Blend,expression,0.75,,41.7,,,,84,CREATE
_OceanofPDF.com_Whisky_Advocate_-_Summer_202,Iberian Series,expression,0.75,,46,,wine,,84,CREATE
_OceanofPDF.com_Whisky_Advocate_-_Summer_202,"Bodegas 
Quitapenas",expression,0.55,,,,,,84,CREATE
_OceanofPDF.com_Whisky_Advocate_-_Summer_202,Honey Nut Cheerios,expression,0.55,,,,,,85,CREATE
_OceanofPDF.com_Whisky_Advocate_-_Summer_202,Mizunara Cask Finished,expression,0.75,15,46,,,,85,CREATE
_OceanofPDF.com_Whisky_Advocate_-_Summer_202,Meet Sangrita,expression,0.55,,,,wine,,87,CREATE
_OceanofPDF.com_Whisky_Advocate_-_Summer_202,"Bonanza Punch 
Marshall",expression,0.55,,,,,,91,CREATE
_OceanofPDF.com_Whisky_Advocate_-_Summer_202,"Federico 
Vaughan",expression,0.55,,,,wine,,95,CREATE
_OceanofPDF.com_Whisky_Advocate_-_Summer_202,"Komos Reposado 
Rosa",expression,0.75,5,,,wine,,95,CREATE
_OceanofPDF.com_Whisky_Advocate_-_Summer_202,Rosa Reposado Cabernet,expression,0.75,,50,,,,95,CREATE
_OceanofPDF.com_Whisky_Advocate_-_Summer_202,Sauvignon Cask Aged,expression,0.75,,50,,,,95,CREATE
_OceanofPDF.com_Whisky_Advocate_-_Summer_202,Escasa Reposado,expression,0.75,,40,,,,95,CREATE
_OceanofPDF.com_Whisky_Advocate_-_Summer_202,Agave Reviews,expression,0.75,,40,,,,99,CREATE
_OceanofPDF.com_Whisky_Advocate_-_Summer_202,Sol Reposado,expression,0.75,,40,,,,99,CREATE
_OceanofPDF.com_Whisky_Advocate_-_Summer_202,Rosa Blanco,expression,0.75,,40,,,,99,CREATE
_OceanofPDF.com_Whisky_Advocate_-_Summer_202,Are You,expression,0.55,,,,,,100,CREATE
_OceanofPDF.com_Whisky_Advocate_-_Summer_202,Then Show Us,expression,0.55,,,,,,100,CREATE
_OceanofPDF.com_Whisky_Advocate_-_Summer_202,"Kevin 
Seiler",expression,0.55,,,,,,100,CREATE
_OceanofPDF.com_Whisky_Advocate_-_Summer_202,Tennessee. Now,expression,0.55,,,,,,100,CREATE
_OceanofPDF.com_Whisky_Advocate_-_Summer_202,Kay Shaw,expression,0.55,,,,,,100,CREATE
_OceanofPDF.com_Whisky_Advocate_-_Whisky_of_,"Julia Higgins
Big",expression,0.55,,,,,,12,CREATE
_OceanofPDF.com_Whisky_Advocate_-_Whisky_of_,Lighter Dram,expression,0.55,,,,,,12,CREATE
_OceanofPDF.com_Whisky_Advocate_-_Whisky_of_,"Buying Guide
Reviews",expression,0.55,,,,,,12,CREATE
_OceanofPDF.com_Whisky_Advocate_-_Whisky_of_,Albuquerque Whiskey Society,bottler,0.55,,,,,society,12,CREATE
_OceanofPDF.com_Whisky_Advocate_-_Whisky_of_,Matching Flavors,expression,0.55,,,,,,15,CREATE
_OceanofPDF.com_Whisky_Advocate_-_Whisky_of_,"Drinking
Marvin",expression,0.55,,,,,,15,CREATE
_OceanofPDF.com_Whisky_Advocate_-_Whisky_of_,"Shanken
Editor",expression,0.55,,,,,,15,CREATE
_OceanofPDF.com_Whisky_Advocate_-_Whisky_of_,Creative Director John,expression,0.55,,,,,,18,CREATE
_OceanofPDF.com_Whisky_Advocate_-_Whisky_of_,Events Joan,expression,0.55,,,,,,18,CREATE
_OceanofPDF.com_Whisky_Advocate_-_Whisky_of_,Events Laurie Bowers,expression,0.55,,,,,,18,CREATE
_OceanofPDF.com_Whisky_Advocate_-_Whisky_of_,Contributing Editor Jonny,expression,0.55,,,,,,18,CREATE
_OceanofPDF.com_Whisky_Advocate_-_Whisky_of_,"Taiwan. 
American",expression,0.55,,,,,,22,CREATE
_OceanofPDF.com_Whisky_Advocate_-_Whisky_of_,Dave Smith,expression,0.55,,,,,,22,CREATE
_OceanofPDF.com_Whisky_Advocate_-_Whisky_of_,Isaac Winter,expression,0.55,,,,,,22,CREATE
_OceanofPDF.com_Whisky_Advocate_-_Whisky_of_,Andy Nelson,distillery,0.55,,,,,,22,CREATE
_OceanofPDF.com_Whisky_Advocate_-_Whisky_of_,Kurt Wong,expression,0.55,,,,,,23,CREATE
_OceanofPDF.com_Whisky_Advocate_-_Whisky_of_,From The Peak,expression,0.55,,,,,,23,CREATE
_OceanofPDF.com_Whisky_Advocate_-_Whisky_of_,Your Glass,expression,0.55,,,,,,23,CREATE
_OceanofPDF.com_Whisky_Advocate_-_Whisky_of_,Jota Tanaka,expression,0.55,,,,,,23,CREATE
_OceanofPDF.com_Whisky_Advocate_-_Whisky_of_,Wong. Along,expression,0.55,,,,,,23,CREATE
_OceanofPDF.com_Whisky_Advocate_-_Whisky_of_,Artisan Sourdough,expression,0.55,,,,,,23,CREATE
_OceanofPDF.com_Whisky_Advocate_-_Whisky_of_,For Al Bayseck,expression,0.55,,,,,,23,CREATE
_OceanofPDF.com_Whisky_Advocate_-_Whisky_of_,Fest New York,expression,0.55,,,,,,23,CREATE
_OceanofPDF.com_Whisky_Advocate_-_Whisky_of_,Rob Berndt,expression,0.55,,,,,,23,CREATE
_OceanofPDF.com_Whisky_Advocate_-_Whisky_of_,Julia Street,expression,0.55,,,,,,28,CREATE
_OceanofPDF.com_Whisky_Advocate_-_Whisky_of_,Old Absinthe House,expression,0.55,,,,bourbon,,28,CREATE
_OceanofPDF.com_Whisky_Advocate_-_Whisky_of_,Julia Higgins,distillery,0.55,,,,,,29,CREATE
_OceanofPDF.com_Whisky_Advocate_-_Whisky_of_,"Thing
Created",expression,0.55,,,,,,30,CREATE
_OceanofPDF.com_Whisky_Advocate_-_Whisky_of_,Brittany Risher Englert,expression,0.55,,,,,,30,CREATE
_OceanofPDF.com_Whisky_Advocate_-_Whisky_of_,"Old Forester 
Statesman",expression,0.55,,,,,,33,CREATE
_OceanofPDF.com_Whisky_Advocate_-_Whisky_of_,Stephen Beaumont,expression,0.55,,,,,,34,CREATE
_OceanofPDF.com_Whisky_Advocate_-_Whisky_of_,Your Own Private,expression,0.75,17,,,,,36,CREATE
_OceanofPDF.com_Whisky_Advocate_-_Whisky_of_,Snow Globe,expression,0.55,,,,,,36,CREATE
_OceanofPDF.com_Whisky_Advocate_-_Whisky_of_,Lookout Rooftop Boston,expression,0.55,,,,,,37,CREATE
_OceanofPDF.com_Whisky_Advocate_-_Whisky_of_,"Bar 
Washington",expression,0.55,,,,,,37,CREATE
_OceanofPDF.com_Whisky_Advocate_-_Whisky_of_,Sally Kral The,expression,0.55,,,,,,37,CREATE
_OceanofPDF.com_Whisky_Advocate_-_Whisky_of_,Next Whisky Bar,expression,0.55,,,,,,37,CREATE
_OceanofPDF.com_Whisky_Advocate_-_Whisky_of_,Rowdy Tiger Waterfall,expression,0.55,,,,bourbon,,37,CREATE
_OceanofPDF.com_Whisky_Advocate_-_Whisky_of_,"Bourbon
Bridges",expression,0.55,,,,bourbon,,37,CREATE
_OceanofPDF.com_Whisky_Advocate_-_Whisky_of_,"Julia Higgins
How",expression,0.55,,,,,,39,CREATE
_OceanofPDF.com_Whisky_Advocate_-_Whisky_of_,"Bourbon Sangria
Alex",expression,0.55,,,,wine,,40,CREATE
_OceanofPDF.com_Whisky_Advocate_-_Whisky_of_,Hot Sauce,expression,0.55,,,,,,43,CREATE
_OceanofPDF.com_Whisky_Advocate_-_Whisky_of_,Aged Hot Sauce,distillery,0.55,,,,,,43,CREATE
_OceanofPDF.com_Whisky_Advocate_-_Whisky_of_,"Bourbon Barrel 
Aged",expression,0.55,,,,bourbon,,43,CREATE
_OceanofPDF.com_Whisky_Advocate_-_Whisky_of_,Pepper Sauce,expression,0.55,,,,bourbon,,43,CREATE
_OceanofPDF.com_Whisky_Advocate_-_Whisky_of_,Aged Bourbon Hot,expression,0.55,,,,bourbon,,43,CREATE
_OceanofPDF.com_Whisky_Advocate_-_Whisky_of_,Smith Bowman,expression,0.55,,,,bourbon,,43,CREATE
_OceanofPDF.com_Whisky_Advocate_-_Whisky_of_,Blis Blast Hot,expression,0.55,,,,,,43,CREATE
_OceanofPDF.com_Whisky_Advocate_-_Whisky_of_,"Heat Seekers
Whiskey",expression,0.55,,,,,,43,CREATE
_OceanofPDF.com_Whisky_Advocate_-_Whisky_of_,"Folle 
Blanche",expression,0.55,,,,,,45,CREATE
_OceanofPDF.com_Whisky_Advocate_-_Whisky_of_,Camus Borderies,expression,0.75,,40,,,,45,CREATE
_OceanofPDF.com_Whisky_Advocate_-_Whisky_of_,Cognac Park Cigar,expression,0.75,,40,,bourbon,,45,CREATE
_OceanofPDF.com_Whisky_Advocate_-_Whisky_of_,"Petite 
Champagne",expression,0.75,7,,,,,45,CREATE
_OceanofPDF.com_Whisky_Advocate_-_Whisky_of_,"Nutty
Dunville",expression,0.75,,43.5,,,,48,CREATE
_OceanofPDF.com_Whisky_Advocate_-_Whisky_of_,Stout Finish,expression,0.75,,43,,,,48,CREATE
_OceanofPDF.com_Whisky_Advocate_-_Whisky_of_,The Wee Witchie,expression,0.75,12,43.4,,,,48,CREATE
_OceanofPDF.com_Whisky_Advocate_-_Whisky_of_,Sick Boy,expression,0.55,,,,,,51,CREATE
_OceanofPDF.com_Whisky_Advocate_-_Whisky_of_,Sean Connery,expression,0.55,,,,,,51,CREATE
_OceanofPDF.com_Whisky_Advocate_-_Whisky_of_,Outer Hebrides,expression,0.55,,,,,,51,CREATE
_OceanofPDF.com_Whisky_Advocate_-_Whisky_of_,"Five Martinique 
Rhums",expression,0.55,,,,,,53,CREATE
_OceanofPDF.com_Whisky_Advocate_-_Whisky_of_,"Decades 
Sir Peter",expression,0.55,,,,,,55,CREATE
_OceanofPDF.com_Whisky_Advocate_-_Whisky_of_,"Blake
Hammer Price",expression,0.55,,,,,,55,CREATE
_OceanofPDF.com_Whisky_Advocate_-_Whisky_of_,Care International,expression,0.55,,,,,,55,CREATE
_OceanofPDF.com_Whisky_Advocate_-_Whisky_of_,Gun Salute,expression,0.55,,,,,,55,CREATE
_OceanofPDF.com_Whisky_Advocate_-_Whisky_of_,Masataka Taketsuru,expression,0.55,,,,,,58,CREATE
_OceanofPDF.com_Whisky_Advocate_-_Whisky_of_,Sliding Doors,expression,0.55,,,,,,58,CREATE
_OceanofPDF.com_Whisky_Advocate_-_Whisky_of_,Mizunara Kool,expression,0.55,,,,,,58,CREATE
_OceanofPDF.com_Whisky_Advocate_-_Whisky_of_,"Toasted  
American Oak",expression,0.75,,22,,oak,,68,CREATE
_OceanofPDF.com_Whisky_Advocate_-_Whisky_of_,"Stephanie 
Macleod",expression,0.55,,,,bourbon,,68,CREATE
_OceanofPDF.com_Whisky_Advocate_-_Whisky_of_,"Dair 
Ghaelach",expression,0.55,,,,oak,,68,CREATE
_OceanofPDF.com_Whisky_Advocate_-_Whisky_of_,"Julia Higgins
Westward",expression,0.75,,62.5,,,,69,CREATE
_OceanofPDF.com_Whisky_Advocate_-_Whisky_of_,"Christian 
Krogstad",expression,0.55,,,,wine,,69,CREATE
_OceanofPDF.com_Whisky_Advocate_-_Whisky_of_,"Oloroso 
Sherry Cask",expression,0.75,,43,,sherry,,72,CREATE
_OceanofPDF.com_Whisky_Advocate_-_Whisky_of_,Wine Spectator,expression,0.55,,,,wine,,72,CREATE
_OceanofPDF.com_Whisky_Advocate_-_Whisky_of_,Shanken Communications,expression,0.55,,,,,,72,CREATE
_OceanofPDF.com_Whisky_Advocate_-_Whisky_of_,The Tasting Panel,expression,0.75,25,,,,,72,CREATE
_OceanofPDF.com_Whisky_Advocate_-_Whisky_of_,Ted Simmons,expression,0.55,,,,,,72,CREATE
_OceanofPDF.com_Whisky_Advocate_-_Whisky_of_,Shanken News Daily,expression,0.55,,,,,,72,CREATE
_OceanofPDF.com_Whisky_Advocate_-_Whisky_of_,Shane English,expression,0.55,,,,,,72,CREATE
_OceanofPDF.com_Whisky_Advocate_-_Whisky_of_,"Lightning Double 
Cask",expression,0.75,,45,,,,73,CREATE
_OceanofPDF.com_Whisky_Advocate_-_Whisky_of_,Rum Finished,expression,0.75,,45,,,,73,CREATE
_OceanofPDF.com_Whisky_Advocate_-_Whisky_of_,"Rob 
Dietrich",expression,0.55,,,,,,73,CREATE
_OceanofPDF.com_Whisky_Advocate_-_Whisky_of_,Here Nikka,expression,0.55,,,,,,73,CREATE
_OceanofPDF.com_Whisky_Advocate_-_Whisky_of_,"Alex 
Thomas",expression,0.75,10,,,,,73,CREATE
_OceanofPDF.com_Whisky_Advocate_-_Whisky_of_,"Bas 
Armagnac Finished",expression,0.75,13,46,,,,74,CREATE
_OceanofPDF.com_Whisky_Advocate_-_Whisky_of_,Former Amrut,expression,0.55,,,,,,74,CREATE
_OceanofPDF.com_Whisky_Advocate_-_Whisky_of_,Surrinder Kumar,expression,0.55,,,,,,74,CREATE
_OceanofPDF.com_Whisky_Advocate_-_Whisky_of_,Geographical Indicator,expression,0.55,,,,,,77,CREATE
_OceanofPDF.com_Whisky_Advocate_-_Whisky_of_,Joe Clark,expression,0.55,,,,,,78,CREATE
_OceanofPDF.com_Whisky_Advocate_-_Whisky_of_,"Hunmanby 
Grange",expression,0.55,,,,,,78,CREATE
_OceanofPDF.com_Whisky_Advocate_-_Whisky_of_,Dariusz Plazewski,expression,0.55,,,,,,78,CREATE
_OceanofPDF.com_Whisky_Advocate_-_Whisky_of_,Wrecking Coast,distillery,0.55,,,,,,80,CREATE
_OceanofPDF.com_Whisky_Advocate_-_Whisky_of_,"Yarm 
Adnams Distillery",distillery,0.75,,40,,,,80,CREATE
_OceanofPDF.com_Whisky_Advocate_-_Whisky_of_,"Bourbon 
Oak Cask",expression,0.75,,51.6,,bourbon,,80,CREATE
_OceanofPDF.com_Whisky_Advocate_-_Whisky_of_,But Shinji Fukuyo,expression,0.55,,,,,,84,CREATE
_OceanofPDF.com_Whisky_Advocate_-_Whisky_of_,Sandy Hyslop,expression,0.55,,,,,,84,CREATE
_OceanofPDF.com_Whisky_Advocate_-_Whisky_of_,"Gregg 
Glass",expression,0.55,,,,,,84,CREATE
_OceanofPDF.com_Whisky_Advocate_-_Whisky_of_,Joe Beatrice,expression,0.55,,,,,,87,CREATE
_OceanofPDF.com_Whisky_Advocate_-_Whisky_of_,"When Al 
Laws",expression,0.55,,,,,,91,CREATE
_OceanofPDF.com_Whisky_Advocate_-_Whisky_of_,Today Laws,expression,0.75,6,,,,,91,CREATE
_OceanofPDF.com_Whisky_Advocate_-_Whisky_of_,Original Batch,expression,0.55,,,,,,91,CREATE
_OceanofPDF.com_Whisky_Advocate_-_Whisky_of_,"Mark Cask 
Strength",expression,0.75,,57,,,,91,CREATE
_OceanofPDF.com_Whisky_Advocate_-_Whisky_of_,"Ohio State 
University",distillery,0.55,,,,,,91,CREATE
_OceanofPDF.com_Whisky_Advocate_-_Whisky_of_,Wine Cellars,expression,0.55,,,,wine,,91,CREATE
_OceanofPDF.com_Whisky_Advocate_-_Whisky_of_,Double Cask Collection,expression,0.55,,,,wine,,91,CREATE
_OceanofPDF.com_Whisky_Advocate_-_Whisky_of_,Room Deal,expression,0.55,,,,,,93,CREATE
_OceanofPDF.com_Whisky_Advocate_-_Whisky_of_,Honey Element Series,expression,0.55,,,,,,94,CREATE
_OceanofPDF.com_Whisky_Advocate_-_Whisky_of_,Tel Aviv,expression,0.75,,41,islay,,,94,CREATE
_OceanofPDF.com_Whisky_Advocate_-_Whisky_of_,"Peated Finishings
Even",expression,0.55,,,,,,94,CREATE
_OceanofPDF.com_Whisky_Advocate_-_Whisky_of_,"Wacky Contribution
Dr",expression,0.55,,,,,,94,CREATE
_OceanofPDF.com_Whisky_Advocate_-_Whisky_of_,Bill Lumsden,expression,0.55,,,,,,94,CREATE
_OceanofPDF.com_Whisky_Advocate_-_Whisky_of_,Former Ardbeg,distillery,0.55,,,,,,94,CREATE
_OceanofPDF.com_Whisky_Advocate_-_Whisky_of_,Mickey Heads,distillery,0.55,,,islay,,,94,CREATE
_OceanofPDF.com_Whisky_Advocate_-_Whisky_of_,Peated Cask Whiskies,expression,0.55,,,,,,94,CREATE
_OceanofPDF.com_Whisky_Advocate_-_Whisky_of_,"To Try
American",expression,0.75,,43,,,,94,CREATE
_OceanofPDF.com_Whisky_Advocate_-_Whisky_of_,Single Pot Still,expression,0.75,,43,,bourbon,,94,CREATE
_OceanofPDF.com_Whisky_Advocate_-_Whisky_of_,"Bourbon 
Oppidan Smoke",expression,0.75,,43,,bourbon,,94,CREATE
_OceanofPDF.com_Whisky_Advocate_-_Whisky_of_,Honey Elements Series,expression,0.75,,59.6,,,,94,CREATE
_OceanofPDF.com_Whisky_Advocate_-_Whisky_of_,"Japanese Rice  
Ohishi",expression,0.75,,46,islay,,,94,CREATE
_OceanofPDF.com_Whisky_Advocate_-_Whisky_of_,"Rye  
Hudson Whiskey",expression,0.75,,40,speyside,,,94,CREATE
_OceanofPDF.com_Whisky_Advocate_-_Whisky_of_,"Wheat 
Bainbridge Battle",expression,0.75,,46,islands,,,94,CREATE
_OceanofPDF.com_Whisky_Advocate_-_Whisky_of_,Point Two Islands,expression,0.75,,46,islands,,,94,CREATE
_OceanofPDF.com_Whisky_Advocate_-_Whisky_of_,Tyler Akin,expression,0.55,,,,,,97,CREATE
_OceanofPDF.com_Whisky_Advocate_-_Whisky_of_,Chef Tyler Akin,expression,0.55,,,,,,97,CREATE
_OceanofPDF.com_Whisky_Advocate_-_Whisky_of_,Rob Roy,expression,0.55,,,,,,100,CREATE
_OceanofPDF.com_Whisky_Advocate_-_Whisky_of_,Apple Cider Cake,expression,0.55,,,,,,103,CREATE
_OceanofPDF.com_Whisky_Advocate_-_Whisky_of_,"Hot Todde
Serves",expression,0.55,,,,,,103,CREATE
_OceanofPDF.com_Whisky_Advocate_-_Whisky_of_,Colby Frey,distillery,0.55,,,,,,105,CREATE
_OceanofPDF.com_Whisky_Advocate_-_Whisky_of_,"Year
The Frey",distillery,0.55,,,,,,106,CREATE
_OceanofPDF.com_Whisky_Advocate_-_Whisky_of_,All Frey Ranch,distillery,0.55,,,,,,106,CREATE
_OceanofPDF.com_Whisky_Advocate_-_Whisky_of_,Bond Rye,expression,0.75,,50,,,,109,CREATE
_OceanofPDF.com_Whisky_Advocate_-_Whisky_of_,Quad Malt Bourbon,distillery,0.75,,45,,bourbon,,109,CREATE
_OceanofPDF.com_Whisky_Advocate_-_Whisky_of_,Malted Corn Bourbon,distillery,0.75,5,100,,bourbon,,109,CREATE
_OceanofPDF.com_Whisky_Advocate_-_Whisky_of_,"Extinct Blends 
Quartet",expression,0.55,,,,,,111,CREATE
_OceanofPDF.com_Whisky_Advocate_-_Whisky_of_,"Anniversary 
Release",expression,0.75,45,41.8,lowland,,,113,CREATE
_OceanofPDF.com_Whisky_Advocate_-_Whisky_of_,Ian Macleod,distillery,0.75,31,48.1,,,,113,CREATE
_OceanofPDF.com_Whisky_Advocate_-_Whisky_of_,Atlantic Ocean,expression,0.55,,,,wine,,113,CREATE
_OceanofPDF.com_Whisky_Advocate_-_Whisky_of_,"Best Values
Whiskies",expression,0.55,,,,,,113,CREATE
_OceanofPDF.com_Whisky_Advocate_-_Whisky_of_,See Collectibles,distillery,0.75,,48.6,,,,114,CREATE
_OceanofPDF.com_Whisky_Advocate_-_Whisky_of_,Market Watch,expression,0.55,,,,,,114,CREATE
_OceanofPDF.com_Whisky_Advocate_-_Whisky_of_,Staff Reviewer,expression,0.55,,,,,,114,CREATE
_OceanofPDF.com_Whisky_Advocate_-_Whisky_of_,Palo Cortado,expression,0.75,18,46,,sherry,,115,CREATE
_OceanofPDF.com_Whisky_Advocate_-_Whisky_of_,Spanish Queen,expression,0.55,,,,,,115,CREATE
_OceanofPDF.com_Whisky_Advocate_-_Whisky_of_,Ruadh Mhor,expression,0.75,8,63.3,,,,115,CREATE
_OceanofPDF.com_Whisky_Advocate_-_Whisky_of_,"Diageo 
Special Releases",expression,0.75,11,55.1,,,,115,CREATE
_OceanofPDF.com_Whisky_Advocate_-_Whisky_of_,Double Agent,expression,0.75,16,46,,,,115,CREATE
_OceanofPDF.com_Whisky_Advocate_-_Whisky_of_,Cognac Cask Finished,bottler,0.75,10,57.8,,,society,116,CREATE
_OceanofPDF.com_Whisky_Advocate_-_Whisky_of_,"Armagnac Cask 
Finished",expression,0.75,,53.5,,bourbon,,116,CREATE
_OceanofPDF.com_Whisky_Advocate_-_Whisky_of_,Fusion Series No,expression,0.75,,05,,bourbon,,116,CREATE
_OceanofPDF.com_Whisky_Advocate_-_Whisky_of_,"Cask 
Strength Cognac",expression,0.75,,62.5,,,,117,CREATE
_OceanofPDF.com_Whisky_Advocate_-_Whisky_of_,Decade Down,expression,0.75,,55,,sherry,,118,CREATE
_OceanofPDF.com_Whisky_Advocate_-_Whisky_of_,"Bond Original 
Cask",expression,0.75,,57.9,,,,118,CREATE
_OceanofPDF.com_Whisky_Advocate_-_Whisky_of_,Old Elk Master,expression,0.75,,95,,,,118,CREATE
_OceanofPDF.com_Whisky_Advocate_-_Whisky_of_,"Blend Series 
Four",expression,0.75,,95,,,,118,CREATE
_OceanofPDF.com_Whisky_Advocate_-_Whisky_of_,The Representative Barrel,expression,0.75,4,57.8,,,,118,CREATE
_OceanofPDF.com_Whisky_Advocate_-_Whisky_of_,Jolly Rancher,expression,0.55,,,,,,118,CREATE
_OceanofPDF.com_Whisky_Advocate_-_Whisky_of_,Wine Cask Finished,expression,0.75,6,53.5,,wine,,119,CREATE
_OceanofPDF.com_Whisky_Advocate_-_Whisky_of_,Unique Marriage,expression,0.55,,,,,,119,CREATE
_OceanofPDF.com_Whisky_Advocate_-_Whisky_of_,Aged Single Pot,expression,0.55,,,,,,119,CREATE
_OceanofPDF.com_Whisky_Advocate_-_Whisky_of_,Pine Tavern Distillery,distillery,0.55,,,,,,120,CREATE
_OceanofPDF.com_Whisky_Advocate_-_Whisky_of_,Discovery Series No,expression,0.75,,25,,bourbon,,120,CREATE
_OceanofPDF.com_Whisky_Advocate_-_Whisky_of_,Motor Oil Rum,expression,0.75,,50.5,,,,120,CREATE
_OceanofPDF.com_Whisky_Advocate_-_Whisky_of_,"Vermouth 
Cask Finished",expression,0.75,,50.5,,,,120,CREATE
_OceanofPDF.com_Whisky_Advocate_-_Whisky_of_,"Blend Series 
Double",expression,0.75,,55,,,,120,CREATE
_OceanofPDF.com_Whisky_Advocate_-_Whisky_of_,"Cask 
Finish Series",expression,0.75,,46,,,,122,CREATE
_OceanofPDF.com_Whisky_Advocate_-_Whisky_of_,Rage Imperial,expression,0.75,10,,,,,122,CREATE
_OceanofPDF.com_Whisky_Advocate_-_Whisky_of_,Masahiro Shuzo,expression,0.55,,,,,,122,CREATE
_OceanofPDF.com_Whisky_Advocate_-_Whisky_of_,Okinawa. Sweet,expression,0.55,,,,bourbon,,122,CREATE
_OceanofPDF.com_Whisky_Advocate_-_Whisky_of_,"Limited 
Edition",expression,0.75,,59,,,,123,CREATE
_OceanofPDF.com_Whisky_Advocate_-_Whisky_of_,"Cask 
Finish Bottled",expression,0.75,,52,,bourbon,,123,CREATE
_OceanofPDF.com_Whisky_Advocate_-_Whisky_of_,Kanro Season,expression,0.75,,55,,,,123,CREATE
_OceanofPDF.com_Whisky_Advocate_-_Whisky_of_,Boshu Season,expression,0.75,,55,,,,123,CREATE
_OceanofPDF.com_Whisky_Advocate_-_Whisky_of_,Malt Double Distilleries,distillery,0.75,,53.5,,,,123,CREATE
_OceanofPDF.com_Whisky_Advocate_-_Whisky_of_,Shibui Nokoribi,expression,0.75,10,48,,,,123,CREATE
_OceanofPDF.com_Whisky_Advocate_-_Whisky_of_,Kara Pure Malt,expression,0.75,10,48,,,,123,CREATE
_OceanofPDF.com_Whisky_Advocate_-_Whisky_of_,Shibui Nokoribi Kara,expression,0.75,,48,,,,123,CREATE
_OceanofPDF.com_Whisky_Advocate_-_Whisky_of_,"Manzanilla 
Sherry Cask",expression,0.75,,42,,sherry,,124,CREATE
_OceanofPDF.com_Whisky_Advocate_-_Whisky_of_,Iwai Tradition,expression,0.75,,40,,,,124,CREATE
_OceanofPDF.com_Whisky_Advocate_-_Whisky_of_,Iwai Tradition Sherry,expression,0.75,,40,,sherry,,124,CREATE
_OceanofPDF.com_Whisky_Advocate_-_Whisky_of_,See Best Values,expression,0.75,,46,,,,124,CREATE
_OceanofPDF.com_Whisky_Advocate_-_Whisky_of_,Mizunara Oak Finish,expression,0.75,15,43,,oak,,124,CREATE
_OceanofPDF.com_Whisky_Advocate_-_Whisky_of_,Malt Lightly Peated,expression,0.75,10,43,,oak,,124,CREATE
_OceanofPDF.com_Whisky_Advocate_-_Whisky_of_,Usami Ken,expression,0.55,,,,sherry,,124,CREATE
_OceanofPDF.com_Whisky_Advocate_-_Whisky_of_,Muscat Wine Cask,expression,0.75,3,56.5,,wine,,127,CREATE
_OceanofPDF.com_Whisky_Advocate_-_Whisky_of_,Honey Art,expression,0.75,,58.2,,,,127,CREATE
_OceanofPDF.com_Whisky_Advocate_-_Whisky_of_,Malvasia Madeira Cask,expression,0.75,5,57.4,,,,127,CREATE
_OceanofPDF.com_Whisky_Advocate_-_Whisky_of_,"Jamaican 
Rum Single",expression,0.75,7,59.9,,,,127,CREATE
_OceanofPDF.com_Whisky_Advocate_-_Whisky_of_,Dhavall Gandhi,expression,0.55,,,,,,127,CREATE
_OceanofPDF.com_Whisky_Advocate_-_Whisky_of_,"Zoom. 
Word",expression,0.55,,,,,,129,CREATE
_OceanofPDF.com_Whisky_Advocate_-_Whisky_of_,Daniel Warren,bottler,0.55,,,,,society,129,CREATE
_OceanofPDF.com_Whisky_Advocate_-_Whisky_of_,Liz Sanchez,bottler,0.55,,,,,society,129,CREATE
_OceanofPDF.com_Whisky_Advocate_-_Whisky_of_,Are You,expression,0.55,,,,,,130,CREATE
_OceanofPDF.com_Whisky_Advocate_-_Whisky_of_,Then Show Us,expression,0.55,,,,,,130,CREATE
_OceanofPDF.com_Whisky_Advocate_-_Whisky_of_,Publication Title,expression,0.55,,,,,,130,CREATE
_OceanofPDF.com_Whisky_Advocate_-_Whisky_of_,Issue Date,expression,0.55,,,,,,130,CREATE
_OceanofPDF.com_Whisky_Advocate_-_Whisky_of_,Circulation Data Below,expression,0.55,,,,,,130,CREATE
_OceanofPDF.com_Whisky_Advocate_-_Whisky_of_,"Delight 
Any Whisky",expression,0.55,,,,,,131,CREATE
_OceanofPDF.com_Whisky_Advocate_-_Whisky_of_,"Our Process
Juan",expression,0.55,,,,,,133,CREATE
_OceanofPDF.com_Whisky_Advocate_-_Whisky_of_,Multnomah Whiskey Library,expression,0.55,,,,,,133,CREATE
_OceanofPDF.com_Whisky_Advocate_-_Whisky_of_,Jamie Boudreau,expression,0.55,,,,,,133,CREATE
_OceanofPDF.com_Whisky_Advocate_-_Whisky_of_,"Cask Strength 
Caramel",expression,0.55,,,,,,134,CREATE
_OceanofPDF.com_Whisky_Advocate_-_Whisky_of_,"Year  
Cask Strength",expression,0.75,10,35,,,,134,CREATE
_OceanofPDF.com_Whisky_Advocate_-_Whisky_of_,"Favorite Flavors 
High",expression,0.55,,,,,,134,CREATE
_OceanofPDF.com_Whisky_Advocate_-_Whisky_of_,Bar Jackalope,expression,0.55,,,,,,136,CREATE
_OceanofPDF.com_Whisky_Advocate_-_Whisky_of_,Bitters Emporium,expression,0.55,,,,,,137,CREATE
_OceanofPDF.com_Whisky_Advocate_-_Whisky_of_,Ylli Ferati,expression,0.55,,,,,,137,CREATE
_OceanofPDF.com_Whisky_Advocate_-_Whisky_of_,Salt Lake Bees,expression,0.55,,,,,,137,CREATE
_OceanofPDF.com_Whisky_Advocate_-_Whisky_of_,Hotel Jerome,expression,0.55,,,,,,137,CREATE
_OceanofPDF.com_Whisky_Advocate_-_Whisky_of_,Dickie Brennan,expression,0.55,,,,bourbon,,140,CREATE
_OceanofPDF.com_Whisky_Advocate_-_Whisky_of_,Bourbon House,expression,0.55,,,,bourbon,,140,CREATE
_OceanofPDF.com_Whisky_Advocate_-_Whisky_of_,Lincoln Ave,expression,0.55,,,,,,140,CREATE
_OceanofPDF.com_Whisky_Advocate_-_Whisky_of_,Anvil Bar,expression,0.55,,,,,,141,CREATE
_OceanofPDF.com_Whisky_Advocate_-_Whisky_of_,Poison Girl,expression,0.55,,,,,,141,CREATE
_OceanofPDF.com_Whisky_Advocate_-_Whisky_of_,Handy Sazerac,expression,0.55,,,,bourbon,,141,CREATE
_OceanofPDF.com_Whisky_Advocate_-_Whisky_of_,Mike Miller,expression,0.55,,,,,,141,CREATE
_OceanofPDF.com_Whisky_Advocate_-_Whisky_of_,While Suntory,expression,0.55,,,,oak,,142,CREATE
_OceanofPDF.com_Whisky_Advocate_-_Whisky_of_,"Expressions
From",expression,0.55,,,,,,142,CREATE
_OceanofPDF.com_Whisky_Advocate_-_Whisky_of_,Museum Hotel,expression,0.55,,,,,,144,CREATE
_OceanofPDF.com_Whisky_Advocate_-_Whisky_of_,Prohibition Pig,expression,0.55,,,,,,145,CREATE
_OceanofPDF.com_Whisky_Advocate_-_Whisky_of_,Citizen Public House,expression,0.55,,,,,,145,CREATE
_OceanofPDF.com_Whisky_Advocate_-_Whisky_of_,Fenway Park,expression,0.55,,,,,,145,CREATE
_OceanofPDF.com_Whisky_Advocate_-_Whisky_of_,"Lower 
East Side",expression,0.55,,,,,,145,CREATE
_OceanofPDF.com_Whisky_Advocate_-_Whisky_of_,Bill Thomas,expression,0.55,,,,,,145,CREATE
_OceanofPDF.com_Whisky_Advocate_-_Whisky_of_,"Bourbon 
Complex",expression,0.55,,,,bourbon,,146,CREATE
_OceanofPDF.com_Whisky_Advocate_-_Whisky_of_,"Premium  
Cask Strength",expression,0.75,,60,,oak,,146,CREATE
_OceanofPDF.com_Whisky_Advocate_-_Whisky_of_,"Rye 
Caramel",expression,0.75,,60,,,,146,CREATE
_OceanofPDF.com_Whisky_Advocate_-_Whisky_of_,Cocktail Club,bottler,0.55,,,,,society,148,CREATE
_OceanofPDF.com_Whisky_Advocate_-_Whisky_of_,Barboro Alley,expression,0.55,,,,,,148,CREATE
_OceanofPDF.com_Whisky_Advocate_-_Whisky_of_,Gary Crunkle,expression,0.55,,,,,,148,CREATE
_OceanofPDF.com_Whisky_Advocate_-_Whisky_of_,Chapel Hill,expression,0.55,,,,,,148,CREATE
_OceanofPDF.com_Whisky_Advocate_-_Whisky_of_,Ponce City Market,expression,0.55,,,,,,148,CREATE
_OceanofPDF.com_Whisky_Advocate_-_Whisky_of_,Not Fireball,expression,0.55,,,,,,148,CREATE
_OceanofPDF.com_Whisky_Advocate_-_Whisky_of_,Jazz Age,expression,0.55,,,,wine,,148,CREATE
_OceanofPDF.com_Whisky_Advocate_-_Whisky_of_,"Quarter Cask
Hints",expression,0.55,,,,quarter,,149,CREATE
_OceanofPDF.com_Whisky_Advocate_-_Whisky_of_,"Bourbon
Spice",expression,0.75,,47,,bourbon,,149,CREATE
_OceanofPDF.com_Whisky_Advocate_-_Whisky_of_,Beam Suntory Inc,expression,0.75,,47,,wine,,149,CREATE
_OceanofPDF.com_Whisky_Advocate_-_Whisky_of_,Lessons Honored,expression,0.75,12,50,,,,150,CREATE
_OceanofPDF.com_Whisky_Advocate_-_Winter_202,Cultural Inspiration,expression,0.55,,,,,,11,CREATE
_OceanofPDF.com_Whisky_Advocate_-_Winter_202,"Julia Higgins
These",expression,0.55,,,,,,11,CREATE
_OceanofPDF.com_Whisky_Advocate_-_Winter_202,Friendly Fort Collins,expression,0.55,,,,,,11,CREATE
_OceanofPDF.com_Whisky_Advocate_-_Winter_202,"Larry Olmsted
Located",expression,0.55,,,,,,11,CREATE
_OceanofPDF.com_Whisky_Advocate_-_Winter_202,Amaro Nonino,expression,0.55,,,,,,12,CREATE
_OceanofPDF.com_Whisky_Advocate_-_Winter_202,Latest Spirits Releases,expression,0.55,,,,,,12,CREATE
_OceanofPDF.com_Whisky_Advocate_-_Winter_202,"Buying Guide
Reviews",expression,0.55,,,,,,12,CREATE
_OceanofPDF.com_Whisky_Advocate_-_Winter_202,On Full Display,expression,0.55,,,,,,15,CREATE
_OceanofPDF.com_Whisky_Advocate_-_Winter_202,"Shanken
Editor",expression,0.55,,,,,,15,CREATE
_OceanofPDF.com_Whisky_Advocate_-_Winter_202,Shanken Communications,expression,0.55,,,,,,16,CREATE
_OceanofPDF.com_Whisky_Advocate_-_Winter_202,Creative Director John,expression,0.55,,,,,,16,CREATE
_OceanofPDF.com_Whisky_Advocate_-_Winter_202,Events Joan,expression,0.55,,,,,,16,CREATE
_OceanofPDF.com_Whisky_Advocate_-_Winter_202,Events Laurie Bowers,expression,0.55,,,,,,16,CREATE
_OceanofPDF.com_Whisky_Advocate_-_Winter_202,Contributing Editor Jonny,expression,0.55,,,,,,16,CREATE
_OceanofPDF.com_Whisky_Advocate_-_Winter_202,"Town
Long",expression,0.55,,,,,,20,CREATE
_OceanofPDF.com_Whisky_Advocate_-_Winter_202,Windy City,expression,0.55,,,,,,20,CREATE
_OceanofPDF.com_Whisky_Advocate_-_Winter_202,Sculptor Anish Kapoor,expression,0.55,,,,,,20,CREATE
_OceanofPDF.com_Whisky_Advocate_-_Winter_202,Cloud Gate,expression,0.55,,,,,,20,CREATE
_OceanofPDF.com_Whisky_Advocate_-_Winter_202,Hotel Zachary,expression,0.55,,,,,,21,CREATE
_OceanofPDF.com_Whisky_Advocate_-_Winter_202,Bub City,expression,0.55,,,,,,22,CREATE
_OceanofPDF.com_Whisky_Advocate_-_Winter_202,Edition. Not,expression,0.75,21,,,,,22,CREATE
_OceanofPDF.com_Whisky_Advocate_-_Winter_202,Espresso Martini,expression,0.55,,,,,,22,CREATE
_OceanofPDF.com_Whisky_Advocate_-_Winter_202,Metropolitan Brewery,expression,0.55,,,,,,22,CREATE
_OceanofPDF.com_Whisky_Advocate_-_Winter_202,Double Bock,expression,0.55,,,,,,22,CREATE
_OceanofPDF.com_Whisky_Advocate_-_Winter_202,Mrs. Mur,expression,0.55,,,,,,25,CREATE
_OceanofPDF.com_Whisky_Advocate_-_Winter_202,Magic Shell,expression,0.55,,,,,,25,CREATE
_OceanofPDF.com_Whisky_Advocate_-_Winter_202,Maplewood Brewery,distillery,0.55,,,,,,25,CREATE
_OceanofPDF.com_Whisky_Advocate_-_Winter_202,"Restaurants
The Berkshire",distillery,0.55,,,,,,25,CREATE
_OceanofPDF.com_Whisky_Advocate_-_Winter_202,"Bourbon
Iced",expression,0.75,12,,,bourbon,,30,CREATE
_OceanofPDF.com_Whisky_Advocate_-_Winter_202,"Stephen Beaumont
As",expression,0.55,,,,,,32,CREATE
_OceanofPDF.com_Whisky_Advocate_-_Winter_202,"Salty Savories
Olives",expression,0.55,,,,,,32,CREATE
_OceanofPDF.com_Whisky_Advocate_-_Winter_202,"Manzanilla 
Olives",expression,0.75,10,,,,,32,CREATE
_OceanofPDF.com_Whisky_Advocate_-_Winter_202,Home Turf,expression,0.55,,,,,,35,CREATE
_OceanofPDF.com_Whisky_Advocate_-_Winter_202,"Mint 
Julep",expression,0.55,,,,,,37,CREATE
_OceanofPDF.com_Whisky_Advocate_-_Winter_202,Tatsuya Minagawa,expression,0.75,23,,,,,37,CREATE
_OceanofPDF.com_Whisky_Advocate_-_Winter_202,Gars Orchant Seleccion,expression,0.55,,,,,,38,CREATE
_OceanofPDF.com_Whisky_Advocate_-_Winter_202,Pictish Beastie Volume,expression,0.75,21,,,,,38,CREATE
_OceanofPDF.com_Whisky_Advocate_-_Winter_202,Simon Thompson,expression,0.55,,,,,,38,CREATE
_OceanofPDF.com_Whisky_Advocate_-_Winter_202,"Daniel Bruce
The",expression,0.55,,,,,,38,CREATE
_OceanofPDF.com_Whisky_Advocate_-_Winter_202,"Keys Bar
Whisky",expression,0.55,,,,,,38,CREATE
_OceanofPDF.com_Whisky_Advocate_-_Winter_202,Double Barrel Bottle,expression,0.55,,,,,,40,CREATE
_OceanofPDF.com_Whisky_Advocate_-_Winter_202,Bottle Caddy,expression,0.55,,,,,,41,CREATE
_OceanofPDF.com_Whisky_Advocate_-_Winter_202,Understanding Yeast,expression,0.55,,,,,,43,CREATE
_OceanofPDF.com_Whisky_Advocate_-_Winter_202,How Does Yeast,expression,0.55,,,,,,43,CREATE
_OceanofPDF.com_Whisky_Advocate_-_Winter_202,"How Much 
Yeast",expression,0.55,,,,,,43,CREATE
_OceanofPDF.com_Whisky_Advocate_-_Winter_202,"Brian Freedman
Cassoulet",expression,0.55,,,,,,44,CREATE
_OceanofPDF.com_Whisky_Advocate_-_Winter_202,The Velvet Touch,expression,0.55,,,,,,47,CREATE
_OceanofPDF.com_Whisky_Advocate_-_Winter_202,Shane Baker,distillery,0.55,,,,,,48,CREATE
_OceanofPDF.com_Whisky_Advocate_-_Winter_202,Oscar Pepper,distillery,0.55,,,,,,49,CREATE
_OceanofPDF.com_Whisky_Advocate_-_Winter_202,Graham. Crow,distillery,0.55,,,,,,49,CREATE
_OceanofPDF.com_Whisky_Advocate_-_Winter_202,"Goose 
Island",expression,0.55,,,,,,50,CREATE
_OceanofPDF.com_Whisky_Advocate_-_Winter_202,Dan Calloway,expression,0.55,,,,,,50,CREATE
_OceanofPDF.com_Whisky_Advocate_-_Winter_202,"Guinness 
Cask Finish",expression,0.55,,,islay,,,50,CREATE
_OceanofPDF.com_Whisky_Advocate_-_Winter_202,"Chocolate Delight
Stout",expression,0.55,,,islay,,,50,CREATE
_OceanofPDF.com_Whisky_Advocate_-_Winter_202,Danny Brandon,expression,0.55,,,,bourbon,,50,CREATE
_OceanofPDF.com_Whisky_Advocate_-_Winter_202,Coalition Hardywood Gingerbread,distillery,0.55,,,,,,50,CREATE
_OceanofPDF.com_Whisky_Advocate_-_Winter_202,Stout Cask Finished,expression,0.75,,50,,,,50,CREATE
_OceanofPDF.com_Whisky_Advocate_-_Winter_202,"Finished 
American Single",expression,0.75,,45,,,,50,CREATE
_OceanofPDF.com_Whisky_Advocate_-_Winter_202,"Cask Matured 
Irish",expression,0.75,,40,,bourbon,,50,CREATE
_OceanofPDF.com_Whisky_Advocate_-_Winter_202,Seek Out,expression,0.55,,,,,,50,CREATE
_OceanofPDF.com_Whisky_Advocate_-_Winter_202,Amanda Beckwith,expression,0.55,,,,,,50,CREATE
_OceanofPDF.com_Whisky_Advocate_-_Winter_202,"Spot
Dollars",expression,0.55,,,,,,52,CREATE
_OceanofPDF.com_Whisky_Advocate_-_Winter_202,"Custard
Whether",distillery,0.55,,,,,,53,CREATE
_OceanofPDF.com_Whisky_Advocate_-_Winter_202,Christian Spece,expression,0.55,,,,,,53,CREATE
_OceanofPDF.com_Whisky_Advocate_-_Winter_202,"Bonhams 
Skinner",expression,0.55,,,,,,55,CREATE
_OceanofPDF.com_Whisky_Advocate_-_Winter_202,Strength Batch,expression,0.75,30,,highland,,,58,CREATE
_OceanofPDF.com_Whisky_Advocate_-_Winter_202,French Pineau Cask,expression,0.75,18,,,,,58,CREATE
_OceanofPDF.com_Whisky_Advocate_-_Winter_202,"Double 
Double",expression,0.75,38,,,,,58,CREATE
_OceanofPDF.com_Whisky_Advocate_-_Winter_202,Ice Cream,expression,0.55,,,,,,58,CREATE
_OceanofPDF.com_Whisky_Advocate_-_Winter_202,Aston Martin Master,expression,0.55,,,,,,59,CREATE
_OceanofPDF.com_Whisky_Advocate_-_Winter_202,Amber Meadow,expression,0.75,12,,,,,59,CREATE
_OceanofPDF.com_Whisky_Advocate_-_Winter_202,Dupont Calvados Cask,expression,0.75,12,,,,,59,CREATE
_OceanofPDF.com_Whisky_Advocate_-_Winter_202,"Series 
Chapter",expression,0.55,,,,,,59,CREATE
_OceanofPDF.com_Whisky_Advocate_-_Winter_202,Cnoc Na Moine,expression,0.55,,,,,,59,CREATE
_OceanofPDF.com_Whisky_Advocate_-_Winter_202,Sherry Cask Finish,expression,0.75,18,,,sherry,,59,CREATE
_OceanofPDF.com_Whisky_Advocate_-_Winter_202,"Edition 
Caribbean Rum",expression,0.75,21,,,,,59,CREATE
_OceanofPDF.com_Whisky_Advocate_-_Winter_202,"Mizunara Cask
Keepers",expression,0.75,21,,,,,59,CREATE
_OceanofPDF.com_Whisky_Advocate_-_Winter_202,"Scotch List
Keepers",expression,0.55,,,,,,59,CREATE
_OceanofPDF.com_Whisky_Advocate_-_Winter_202,Move Along,expression,0.55,,,,,,63,CREATE
_OceanofPDF.com_Whisky_Advocate_-_Winter_202,Log Still Distillery,distillery,0.55,,,,,,63,CREATE
_OceanofPDF.com_Whisky_Advocate_-_Winter_202,But Larson,expression,0.55,,,,,,64,CREATE
_OceanofPDF.com_Whisky_Advocate_-_Winter_202,Spoiler Alert,expression,0.55,,,,,,64,CREATE
_OceanofPDF.com_Whisky_Advocate_-_Winter_202,But Laphroaig Distillery,distillery,0.55,,,,,,73,CREATE
_OceanofPDF.com_Whisky_Advocate_-_Winter_202,"Julia Higgins
Bardstown",expression,0.55,,,,bourbon,,74,CREATE
_OceanofPDF.com_Whisky_Advocate_-_Winter_202,"Julia Higgins
Bernheim",expression,0.55,,,,,,76,CREATE
_OceanofPDF.com_Whisky_Advocate_-_Winter_202,"Original Barrel 
Proof",expression,0.75,,62.6,,,,76,CREATE
_OceanofPDF.com_Whisky_Advocate_-_Winter_202,Year. Starting,expression,0.55,,,,,,76,CREATE
_OceanofPDF.com_Whisky_Advocate_-_Winter_202,"Envy Cask 
Strength",expression,0.75,,59.1,,port,,78,CREATE
_OceanofPDF.com_Whisky_Advocate_-_Winter_202,Wine Spectator,expression,0.55,,,,wine,,78,CREATE
_OceanofPDF.com_Whisky_Advocate_-_Winter_202,Julia Higgins,expression,0.55,,,,,,78,CREATE
_OceanofPDF.com_Whisky_Advocate_-_Winter_202,Shane English,expression,0.55,,,,wine,,78,CREATE
_OceanofPDF.com_Whisky_Advocate_-_Winter_202,Shanken News Daily,expression,0.55,,,,,,78,CREATE
_OceanofPDF.com_Whisky_Advocate_-_Winter_202,The Tasting Panel,expression,0.75,25,,,,,78,CREATE
_OceanofPDF.com_Whisky_Advocate_-_Winter_202,"The Kiawah 
Blend",expression,0.75,,52,,bourbon,,79,CREATE
_OceanofPDF.com_Whisky_Advocate_-_Winter_202,"Kiawah 
Island",expression,0.55,,,,bourbon,,79,CREATE
_OceanofPDF.com_Whisky_Advocate_-_Winter_202,Dixon Dedman,expression,0.55,,,,,,79,CREATE
_OceanofPDF.com_Whisky_Advocate_-_Winter_202,"The Peat 
Monster",expression,0.55,,,,sherry,,79,CREATE
_OceanofPDF.com_Whisky_Advocate_-_Winter_202,"Wine Cask 
Finished",expression,0.75,,46,,wine,,80,CREATE
_OceanofPDF.com_Whisky_Advocate_-_Winter_202,"Shane English 
Starward",expression,0.75,3,50,,,,80,CREATE
_OceanofPDF.com_Whisky_Advocate_-_Winter_202,"Coalition 
Hardywood Ginger",distillery,0.75,,50,,,,80,CREATE
_OceanofPDF.com_Whisky_Advocate_-_Winter_202,Britt Kulsveen,distillery,0.55,,,,,,82,CREATE
_OceanofPDF.com_Whisky_Advocate_-_Winter_202,Joann Street,distillery,0.55,,,,,,86,CREATE
_OceanofPDF.com_Whisky_Advocate_-_Winter_202,Hap Motlow,expression,0.55,,,,,,89,CREATE
_OceanofPDF.com_Whisky_Advocate_-_Winter_202,"Bill Samuels 
Sr",distillery,0.55,,,,,,89,CREATE
_OceanofPDF.com_Whisky_Advocate_-_Winter_202,Margie. Today,distillery,0.55,,,,,,89,CREATE
_OceanofPDF.com_Whisky_Advocate_-_Winter_202,Rob Samuels,distillery,0.55,,,,,,89,CREATE
_OceanofPDF.com_Whisky_Advocate_-_Winter_202,Nic Christian,distillery,0.55,,,,,,93,CREATE
_OceanofPDF.com_Whisky_Advocate_-_Winter_202,Nic Christiansen,expression,0.55,,,,,,94,CREATE
_OceanofPDF.com_Whisky_Advocate_-_Winter_202,"Joe 
Beatrice",expression,0.55,,,,,,94,CREATE
_OceanofPDF.com_Whisky_Advocate_-_Winter_202,"Bill 
Straub",expression,0.55,,,,,,97,CREATE
_OceanofPDF.com_Whisky_Advocate_-_Winter_202,Del Bac,expression,0.55,,,,,,97,CREATE
_OceanofPDF.com_Whisky_Advocate_-_Winter_202,Gregg Snyder,distillery,0.55,,,,,,97,CREATE
_OceanofPDF.com_Whisky_Advocate_-_Winter_202,Daniel Polise,expression,0.55,,,,bourbon,,97,CREATE
_OceanofPDF.com_Whisky_Advocate_-_Winter_202,Danny Polise,expression,0.75,,90,,,,98,CREATE
_OceanofPDF.com_Whisky_Advocate_-_Winter_202,Pablo Moix,expression,0.55,,,,,,98,CREATE
_OceanofPDF.com_Whisky_Advocate_-_Winter_202,Producer Buys Blender,expression,0.55,,,,,,98,CREATE
_OceanofPDF.com_Whisky_Advocate_-_Winter_202,When Penelope,expression,0.55,,,,bourbon,,98,CREATE
_OceanofPDF.com_Whisky_Advocate_-_Winter_202,From Barrell,expression,0.75,,22,,,,98,CREATE
_OceanofPDF.com_Whisky_Advocate_-_Winter_202,"Flung 
Bourbon",expression,0.75,,68.4,,bourbon,,98,CREATE
_OceanofPDF.com_Whisky_Advocate_-_Winter_202,"Cask 
Finished Bourbon",expression,0.75,,36,,bourbon,,98,CREATE
_OceanofPDF.com_Whisky_Advocate_-_Winter_202,Adam Polonski,expression,0.55,,,,,,101,CREATE
_OceanofPDF.com_Whisky_Advocate_-_Winter_202,"Vancouver 
Island",distillery,0.55,,,,,,105,CREATE
_OceanofPDF.com_Whisky_Advocate_-_Winter_202,"Owners 
Gareth",distillery,0.55,,,,,,106,CREATE
_OceanofPDF.com_Whisky_Advocate_-_Winter_202,Gareth. Hav,distillery,0.55,,,,,,106,CREATE
_OceanofPDF.com_Whisky_Advocate_-_Winter_202,At Dampfwerk Distilling,distillery,0.55,,,,,,106,CREATE
_OceanofPDF.com_Whisky_Advocate_-_Winter_202,Ocean Aged,expression,0.55,,,,,,108,CREATE
_OceanofPDF.com_Whisky_Advocate_-_Winter_202,Fred Noe,distillery,0.55,,,,,,108,CREATE
_OceanofPDF.com_Whisky_Advocate_-_Winter_202,"Japan.
Kaiyo",distillery,0.55,,,,,,108,CREATE
_OceanofPDF.com_Whisky_Advocate_-_Winter_202,"Omakase 
Series",expression,0.55,,,,,,108,CREATE
_OceanofPDF.com_Whisky_Advocate_-_Winter_202,"Double 
Barrel Japanese",bottler,0.75,,51,,,society,111,CREATE
_OceanofPDF.com_Whisky_Advocate_-_Winter_202,"Chip 
Tate",bottler,0.75,,51,,,society,111,CREATE
_OceanofPDF.com_Whisky_Advocate_-_Winter_202,Dugall Canadian Island,expression,0.75,,46,,,,111,CREATE
_OceanofPDF.com_Whisky_Advocate_-_Winter_202,Stave Sin,expression,0.75,,43,,bourbon,,111,CREATE
_OceanofPDF.com_Whisky_Advocate_-_Winter_202,Pot Still,expression,0.75,,43,,bourbon,,111,CREATE
_OceanofPDF.com_Whisky_Advocate_-_Winter_202,"Nations 
When Nation",expression,0.55,,,,,,111,CREATE
_OceanofPDF.com_Whisky_Advocate_-_Winter_202,Tobacco Tax,expression,0.55,,,,,,111,CREATE
_OceanofPDF.com_Whisky_Advocate_-_Winter_202,Bike Tours,distillery,0.55,,,,,,114,CREATE
_OceanofPDF.com_Whisky_Advocate_-_Winter_202,Ace Gillett,expression,0.55,,,,,,115,CREATE
_OceanofPDF.com_Whisky_Advocate_-_Winter_202,"Supper 
Club",expression,0.55,,,,,,115,CREATE
_OceanofPDF.com_Whisky_Advocate_-_Winter_202,Root Shoot Malting,expression,0.55,,,,,,115,CREATE
_OceanofPDF.com_Whisky_Advocate_-_Winter_202,Mobb Moun,distillery,0.55,,,,,,116,CREATE
_OceanofPDF.com_Whisky_Advocate_-_Winter_202,Mobb Mountain,distillery,0.55,,,,,,116,CREATE
_OceanofPDF.com_Whisky_Advocate_-_Winter_202,Many Expressions,expression,0.55,,,,,,119,CREATE
_OceanofPDF.com_Whisky_Advocate_-_Winter_202,Sherry Cask Aged,expression,0.75,2,,,sherry,,119,CREATE
_OceanofPDF.com_Whisky_Advocate_-_Winter_202,Limousin French,expression,0.75,4,,,oak,,119,CREATE
_OceanofPDF.com_Whisky_Advocate_-_Winter_202,But Gran,expression,0.55,,,,,,119,CREATE
_OceanofPDF.com_Whisky_Advocate_-_Winter_202,El Tesoro Mundial,expression,0.75,,40,,,,123,CREATE
_OceanofPDF.com_Whisky_Advocate_-_Winter_202,"Maverick 
Distilling",distillery,0.75,,40,,,,123,CREATE
_OceanofPDF.com_Whisky_Advocate_-_Winter_202,"Plata 
Puntas",expression,0.75,,54,,,,123,CREATE
_OceanofPDF.com_Whisky_Advocate_-_Winter_202,"Diageo 
Special Releases",expression,0.55,,,,,,125,CREATE
_OceanofPDF.com_Whisky_Advocate_-_Winter_202,The Hearach First,expression,0.75,,46,islands,,,126,CREATE
_OceanofPDF.com_Whisky_Advocate_-_Winter_202,Distillery Series Twice,distillery,0.75,,53.5,,,,126,CREATE
_OceanofPDF.com_Whisky_Advocate_-_Winter_202,Ice Wine,expression,0.75,,26,,bourbon,,126,CREATE
_OceanofPDF.com_Whisky_Advocate_-_Winter_202,See Editors,expression,0.75,,40,,sherry,,128,CREATE
_OceanofPDF.com_Whisky_Advocate_-_Winter_202,Market Watch,expression,0.55,,,,,,128,CREATE
_OceanofPDF.com_Whisky_Advocate_-_Winter_202,Staff Reviewer,expression,0.55,,,,,,128,CREATE
_OceanofPDF.com_Whisky_Advocate_-_Winter_202,French Oak Reserve,expression,0.75,15,40,,oak,,129,CREATE
_OceanofPDF.com_Whisky_Advocate_-_Winter_202,"Limousin 
Cask Finished",expression,0.75,15,40,,oak,,129,CREATE
_OceanofPDF.com_Whisky_Advocate_-_Winter_202,"Discovery 
Series No",expression,0.75,,57.6,,bourbon,,130,CREATE
_OceanofPDF.com_Whisky_Advocate_-_Winter_202,"Toasted Oak 
Barrel",distillery,0.75,,46.5,,oak,,132,CREATE
_OceanofPDF.com_Whisky_Advocate_-_Winter_202,Coalition Goose Island,distillery,0.55,,,,bourbon,,132,CREATE
_OceanofPDF.com_Whisky_Advocate_-_Winter_202,Bourbon County Stout,distillery,0.75,,50,,bourbon,,132,CREATE
_OceanofPDF.com_Whisky_Advocate_-_Winter_202,"Cask Finished 
Bottled",expression,0.75,,50,,bourbon,,132,CREATE
_OceanofPDF.com_Whisky_Advocate_-_Winter_202,Olympic Peninsula,distillery,0.55,,,,,,132,CREATE
_OceanofPDF.com_Whisky_Advocate_-_Winter_202,From Georgia,bottler,0.75,,48,,,society,132,CREATE
_OceanofPDF.com_Whisky_Advocate_-_Winter_202,Sherry Cask Finished,expression,0.75,,50,,sherry,,132,CREATE
_OceanofPDF.com_Whisky_Advocate_-_Winter_202,For Wes Henderson,expression,0.75,,50,,sherry,,132,CREATE
_OceanofPDF.com_Whisky_Advocate_-_Winter_202,The Untitled Cigar,expression,0.75,,45,,,,132,CREATE
_OceanofPDF.com_Whisky_Advocate_-_Winter_202,"Wyatt 
Earp Single",bottler,0.55,,,,,society,132,CREATE
_OceanofPDF.com_Whisky_Advocate_-_Winter_202,Five Malt Mashbill,expression,0.75,,50,,,,132,CREATE
_OceanofPDF.com_Whisky_Advocate_-_Winter_202,Cognac Barrel Finished,expression,0.75,14,53.5,,,,133,CREATE
_OceanofPDF.com_Whisky_Advocate_-_Winter_202,Curated Collection Blame,expression,0.75,22,65,,,,133,CREATE
_OceanofPDF.com_Whisky_Advocate_-_Winter_202,"Limited 
Edition",expression,0.75,,59,,,,134,CREATE
_OceanofPDF.com_Whisky_Advocate_-_Winter_202,"Zukushi 
Emaki No",expression,0.55,,,,bourbon,,134,CREATE
_OceanofPDF.com_Whisky_Advocate_-_Winter_202,Bourbon Cask Matured,expression,0.75,,61,,bourbon,,134,CREATE
_OceanofPDF.com_Whisky_Advocate_-_Winter_202,Sherry Hogshead Matured,expression,0.75,,60,,sherry,,134,CREATE
_OceanofPDF.com_Whisky_Advocate_-_Winter_202,County Meath,distillery,0.55,,,,,,134,CREATE
_OceanofPDF.com_Whisky_Advocate_-_Winter_202,Madeira Collaboration,expression,0.75,21,47,,,,134,CREATE
_OceanofPDF.com_Whisky_Advocate_-_Winter_202,"Bourbon Barrel 
Matured",expression,0.75,,64,,bourbon,,135,CREATE
_OceanofPDF.com_Whisky_Advocate_-_Winter_202,Born Aged,distillery,0.75,,59,,,,135,CREATE
_OceanofPDF.com_Whisky_Advocate_-_Winter_202,Hogshead Matured,expression,0.75,,60,,oak,,135,CREATE
_OceanofPDF.com_Whisky_Advocate_-_Winter_202,"Double Cask 
Bakemono",expression,0.55,,,,bourbon,,135,CREATE
_OceanofPDF.com_Whisky_Advocate_-_Winter_202,"Nobusuma Bourbon 
Barrel",expression,0.75,,55,,bourbon,,135,CREATE
_OceanofPDF.com_Whisky_Advocate_-_Winter_202,"Ashok 
Chokalingam",expression,0.75,7,,,bourbon,,135,CREATE
_OceanofPDF.com_Whisky_Advocate_-_Winter_202,Barbaresco Wine Cask,expression,0.75,27,51.3,,wine,,136,CREATE
_OceanofPDF.com_Whisky_Advocate_-_Winter_202,Margaux Wine Cask,expression,0.75,29,52.5,,wine,,136,CREATE
_OceanofPDF.com_Whisky_Advocate_-_Winter_202,"Series The 
Port",expression,0.75,43,,,port,,136,CREATE
_OceanofPDF.com_Whisky_Advocate_-_Winter_202,Single Harvest Tawny,expression,0.75,43,41.8,,port,,136,CREATE
_OceanofPDF.com_Whisky_Advocate_-_Winter_202,"Gun Salute 
The",expression,0.75,,43,,,,137,CREATE
_OceanofPDF.com_Whisky_Advocate_-_Winter_202,Peated Reserve,expression,0.75,,43,,,,137,CREATE
_OceanofPDF.com_Whisky_Advocate_-_Winter_202,Tsukuriwake Edition,expression,0.75,,48,islay,,,138,CREATE
_OceanofPDF.com_Whisky_Advocate_-_Winter_202,Tsukuriwake Series,expression,0.55,,,,,,138,CREATE
_OceanofPDF.com_Whisky_Advocate_-_Winter_202,"Anne 
Lorber",distillery,0.55,,,,,,140,CREATE
_OceanofPDF.com_Whisky_Advocate_-_Winter_202,Are You,expression,0.55,,,,,,140,CREATE
_OceanofPDF.com_Whisky_Advocate_-_Winter_202,Then Show Us,expression,0.55,,,,,,140,CREATE
_OceanofPDF.com_Whisky_Advocate_-_Winter_202,Publication Title,expression,0.55,,,,,,140,CREATE
_OceanofPDF.com_Whisky_Advocate_-_Winter_202,Issue Date,expression,0.55,,,,,,140,CREATE
_OceanofPDF.com_Whisky_Advocate_-_Winter_202,Circulation Data Below,expression,0.55,,,,,,140,CREATE
_OceanofPDF.com_Whisky_Advocate_-_Winter_202,Barbara Otto,expression,0.55,,,,,,140,CREATE
_OceanofPDF.com_Whisky_Advocate_-_Winter_202,Colm Ralph,expression,0.55,,,,,,140,CREATE
_OceanofPDF.com_Whisky_Advocate_-_Winter_202,"Delight Any 
Whisky",expression,0.55,,,,,,141,CREATE
_OceanofPDF.com_Whisky_Advocate_-_Winter_202,"Bitters Emporium
Radiator",expression,0.55,,,,,,144,CREATE
_OceanofPDF.com_Whisky_Advocate_-_Winter_202,Multnomah Whiskey Library,expression,0.55,,,,,,144,CREATE
_OceanofPDF.com_Whisky_Advocate_-_Winter_202,"Aero Club
Raised",expression,0.55,,,,,,144,CREATE
_OceanofPDF.com_Whisky_Advocate_-_Winter_202,"Crane
Las Vegas",expression,0.55,,,,,,144,CREATE
_OceanofPDF.com_Whisky_Advocate_-_Winter_202,"Rye
Whisky Down",expression,0.55,,,,,,144,CREATE
_OceanofPDF.com_Whisky_Advocate_-_Winter_202,"Hen Rx
Acme",expression,0.55,,,,,,144,CREATE
_OceanofPDF.com_Whisky_Advocate_-_Winter_202,"Whiskey Bar
Scottsdale",expression,0.55,,,,,,144,CREATE
_OceanofPDF.com_Whisky_Advocate_-_Winter_202,"Rickhouse
Bottle Club",expression,0.55,,,,,,144,CREATE
_OceanofPDF.com_Whisky_Advocate_-_Winter_202,Bar Jackalope,expression,0.55,,,,,,145,CREATE
_OceanofPDF.com_Whisky_Advocate_-_Winter_202,Gaslamp Quarter,expression,0.55,,,,quarter,,146,CREATE
_OceanofPDF.com_Whisky_Advocate_-_Winter_202,Julep Palm Valley,expression,0.55,,,,,,147,CREATE
_OceanofPDF.com_Whisky_Advocate_-_Winter_202,"Office
Untitled Supper",expression,0.55,,,,,,148,CREATE
_OceanofPDF.com_Whisky_Advocate_-_Winter_202,Ann Arbor,expression,0.55,,,,,,148,CREATE
_OceanofPDF.com_Whisky_Advocate_-_Winter_202,Matcha Old Fashioned,expression,0.55,,,,,,148,CREATE
_OceanofPDF.com_Whisky_Advocate_-_Winter_202,"Elmo 
Cola",expression,0.55,,,,,,148,CREATE
_OceanofPDF.com_Whisky_Advocate_-_Winter_202,Museum Hotel,expression,0.55,,,,,,149,CREATE
_OceanofPDF.com_Whisky_Advocate_-_Winter_202,Freight House,expression,0.55,,,,,,150,CREATE
_OceanofPDF.com_Whisky_Advocate_-_Winter_202,The Rack House,expression,0.55,,,,wine,,151,CREATE
_OceanofPDF.com_Whisky_Advocate_-_Winter_202,Year Highball,expression,0.75,12,,,,,153,CREATE
_OceanofPDF.com_Whisky_Advocate_-_Winter_202,"Gary 
Crunkleton",expression,0.55,,,,,,153,CREATE
_OceanofPDF.com_Whisky_Advocate_-_Winter_202,"Beam Family 
Bourbons",expression,0.55,,,,,,154,CREATE
_OceanofPDF.com_Whisky_Advocate_-_Winter_202,"Bitters
House Turbinado",expression,0.55,,,,,,154,CREATE
_OceanofPDF.com_Whisky_Advocate_-_Winter_202,Ashton Cigar Bar,expression,0.55,,,,,,154,CREATE
_OceanofPDF.com_Whisky_Advocate_-_Winter_202,This Music City,expression,0.55,,,,,,154,CREATE
_OceanofPDF.com_Whisky_Advocate_-_Winter_202,Bourbon Buffalo Chili,expression,0.55,,,,bourbon,,155,CREATE
_OceanofPDF.com_Whisky_Advocate_-_Winter_202,"Pork 
Belly",expression,0.55,,,,bourbon,,155,CREATE
_OceanofPDF.com_Whisky_Advocate_-_Winter_202,Smith Bowman,expression,0.55,,,,,,156,CREATE
_OceanofPDF.com_Whisky_Advocate_-_Winter_202,"Mosaic 
District",expression,0.55,,,,,,156,CREATE
_OceanofPDF.com_Whisky_Advocate_-_Winter_202,Bitters Emporium,expression,0.55,,,,,,156,CREATE
_OceanofPDF.com_Whisky_Advocate_-_Winter_202,Jamie Boudreau,expression,0.55,,,,,,156,CREATE
_OceanofPDF.com_Whisky_Advocate_-_Winter_202,Bill Thomas,expression,0.55,,,,,,157,CREATE
_OceanofPDF.com_Whisky_Advocate_-_Winter_202,Capitol Hill,expression,0.55,,,,,,157,CREATE
_OceanofPDF.com_Whisky_Advocate_-_Wol_32_No_,Does It Again,expression,0.55,,,,,,12,CREATE
_OceanofPDF.com_Whisky_Advocate_-_Wol_32_No_,Lighter Dram,expression,0.55,,,,,,12,CREATE
_OceanofPDF.com_Whisky_Advocate_-_Wol_32_No_,"Buying Guide
Reviewsofthelatestwhiskyreleases",expression,0.55,,,,,,12,CREATE
_OceanofPDF.com_Whisky_Advocate_-_Wol_32_No_,Our Top,expression,0.55,,,,,,15,CREATE
_OceanofPDF.com_Whisky_Advocate_-_Wol_32_No_,"Remember
Marvin",expression,0.55,,,,,,15,CREATE
_OceanofPDF.com_Whisky_Advocate_-_Wol_32_No_,"Shanken
Editor",expression,0.55,,,,,,15,CREATE
_OceanofPDF.com_Whisky_Advocate_-_Wol_32_No_,Your Pre,expression,0.55,,,,,,17,CREATE
_OceanofPDF.com_Whisky_Advocate_-_Wol_32_No_,"Flight 
Checklist",expression,0.55,,,,,,17,CREATE
_OceanofPDF.com_Whisky_Advocate_-_Wol_32_No_,"Wine 
Spectator",expression,0.55,,,,wine,,17,CREATE
_OceanofPDF.com_Whisky_Advocate_-_Wol_32_No_,Shanken Communications,expression,0.55,,,,,,18,CREATE
_OceanofPDF.com_Whisky_Advocate_-_Wol_32_No_,Creative Director John,expression,0.55,,,,,,18,CREATE
_OceanofPDF.com_Whisky_Advocate_-_Wol_32_No_,Events Joan,expression,0.55,,,,,,18,CREATE
_OceanofPDF.com_Whisky_Advocate_-_Wol_32_No_,Events Laurie Bowers,expression,0.55,,,,,,18,CREATE
_OceanofPDF.com_Whisky_Advocate_-_Wol_32_No_,Contributing Editor Jonny,expression,0.55,,,,,,18,CREATE
_OceanofPDF.com_Whisky_Advocate_-_Wol_32_No_,Jota Tanaka,expression,0.55,,,,,,20,CREATE
_OceanofPDF.com_Whisky_Advocate_-_Wol_32_No_,"Ron 
Kaulen",expression,0.75,10,,,,,20,CREATE
_OceanofPDF.com_Whisky_Advocate_-_Wol_32_No_,Volker Huber,expression,0.55,,,,,,21,CREATE
_OceanofPDF.com_Whisky_Advocate_-_Wol_32_No_,Mizunara Cask Finish,expression,0.75,15,,,,,21,CREATE
_OceanofPDF.com_Whisky_Advocate_-_Wol_32_No_,Andrew Miller,expression,0.55,,,,,,22,CREATE
_OceanofPDF.com_Whisky_Advocate_-_Wol_32_No_,Macy Reserve,expression,0.75,10,,,,,22,CREATE
_OceanofPDF.com_Whisky_Advocate_-_Wol_32_No_,Cataleja. Another,distillery,0.55,,,,,,22,CREATE
_OceanofPDF.com_Whisky_Advocate_-_Wol_32_No_,"Julia Higgins
Maker",expression,0.55,,,,,,22,CREATE
_OceanofPDF.com_Whisky_Advocate_-_Wol_32_No_,"Emerald 
Society",bottler,0.55,,,,,society,22,CREATE
_OceanofPDF.com_Whisky_Advocate_-_Wol_32_No_,Best Bars,expression,0.55,,,,,,27,CREATE
_OceanofPDF.com_Whisky_Advocate_-_Wol_32_No_,Super Bowl Game,expression,0.55,,,,,,27,CREATE
_OceanofPDF.com_Whisky_Advocate_-_Wol_32_No_,"Whisky Lovers
Australia",expression,0.55,,,,,,28,CREATE
_OceanofPDF.com_Whisky_Advocate_-_Wol_32_No_,"The Doss 
House",expression,0.55,,,,,,29,CREATE
_OceanofPDF.com_Whisky_Advocate_-_Wol_32_No_,Sir Stamford,expression,0.55,,,,,,29,CREATE
_OceanofPDF.com_Whisky_Advocate_-_Wol_32_No_,Circular Quay Hotel,expression,0.55,,,,,,29,CREATE
_OceanofPDF.com_Whisky_Advocate_-_Wol_32_No_,Circular Quay,expression,0.55,,,,,,33,CREATE
_OceanofPDF.com_Whisky_Advocate_-_Wol_32_No_,Surry Hills,expression,0.55,,,,,,33,CREATE
_OceanofPDF.com_Whisky_Advocate_-_Wol_32_No_,Whisky Cosmopolitan Centre,expression,0.55,,,,,,33,CREATE
_OceanofPDF.com_Whisky_Advocate_-_Wol_32_No_,Double Bay,expression,0.55,,,,,,33,CREATE
_OceanofPDF.com_Whisky_Advocate_-_Wol_32_No_,Mark Olive Western,expression,0.55,,,,,,33,CREATE
_OceanofPDF.com_Whisky_Advocate_-_Wol_32_No_,Vermouth Routin Blanc,expression,0.55,,,,,,36,CREATE
_OceanofPDF.com_Whisky_Advocate_-_Wol_32_No_,Pierre Ferrand,expression,0.55,,,,,,36,CREATE
_OceanofPDF.com_Whisky_Advocate_-_Wol_32_No_,Gingerbread Sour,expression,0.55,,,,,,37,CREATE
_OceanofPDF.com_Whisky_Advocate_-_Wol_32_No_,"Sally Kral
The",expression,0.55,,,,bourbon,,41,CREATE
_OceanofPDF.com_Whisky_Advocate_-_Wol_32_No_,Super Bowl Sunday,expression,0.55,,,,,,48,CREATE
_OceanofPDF.com_Whisky_Advocate_-_Wol_32_No_,"Blistered Shishito 
Peppers",expression,0.55,,,,,,48,CREATE
_OceanofPDF.com_Whisky_Advocate_-_Wol_32_No_,"Rye
Generously",expression,0.75,12,,,port,,48,CREATE
_OceanofPDF.com_Whisky_Advocate_-_Wol_32_No_,Super Bowl,expression,0.55,,,,,,48,CREATE
_OceanofPDF.com_Whisky_Advocate_-_Wol_32_No_,Vat Versus Pyramid,expression,0.55,,,,,,53,CREATE
_OceanofPDF.com_Whisky_Advocate_-_Wol_32_No_,Dave Pickerell,distillery,0.55,,,,,,53,CREATE
_OceanofPDF.com_Whisky_Advocate_-_Wol_32_No_,"Our Solera 
Scotch",expression,0.75,15,40,,sherry,,53,CREATE
_OceanofPDF.com_Whisky_Advocate_-_Wol_32_No_,Finished Rye,expression,0.75,,47.5,,,,53,CREATE
_OceanofPDF.com_Whisky_Advocate_-_Wol_32_No_,"Aged 
Bourbon",expression,0.75,,46.3,,bourbon,,53,CREATE
_OceanofPDF.com_Whisky_Advocate_-_Wol_32_No_,Solera Aged Whiskies,expression,0.75,,43,,,,53,CREATE
_OceanofPDF.com_Whisky_Advocate_-_Wol_32_No_,Silas Creative Kitchen,expression,0.55,,,,,,54,CREATE
_OceanofPDF.com_Whisky_Advocate_-_Wol_32_No_,Any New,expression,0.55,,,,,,55,CREATE
_OceanofPDF.com_Whisky_Advocate_-_Wol_32_No_,Picking The Winners,expression,0.55,,,,,,57,CREATE
_OceanofPDF.com_Whisky_Advocate_-_Wol_32_No_,Walker Blue Label,expression,0.55,,,,,,57,CREATE
_OceanofPDF.com_Whisky_Advocate_-_Wol_32_No_,Raj Bhakta,expression,0.55,,,,,,57,CREATE
_OceanofPDF.com_Whisky_Advocate_-_Wol_32_No_,When Nikka,expression,0.55,,,,,,57,CREATE
_OceanofPDF.com_Whisky_Advocate_-_Wol_32_No_,"Sir Peter 
Blake",distillery,0.55,,,,,,57,CREATE
_OceanofPDF.com_Whisky_Advocate_-_Wol_32_No_,"Rare
Adding Brora",expression,0.55,,,,,,57,CREATE
_OceanofPDF.com_Whisky_Advocate_-_Wol_32_No_,"Edition
Prices",expression,0.55,,,,,,57,CREATE
_OceanofPDF.com_Whisky_Advocate_-_Wol_32_No_,"The 
Boss Hog",expression,0.55,,,,,,57,CREATE
_OceanofPDF.com_Whisky_Advocate_-_Wol_32_No_,Ian Hunter,bottler,0.75,33,,,,hunter,60,CREATE
_OceanofPDF.com_Whisky_Advocate_-_Wol_32_No_,Night In New,bottler,0.55,,,,,society,60,CREATE
_OceanofPDF.com_Whisky_Advocate_-_Wol_32_No_,Brian Cox,expression,0.55,,,,,,61,CREATE
_OceanofPDF.com_Whisky_Advocate_-_Wol_32_No_,"Mingling
Dewar",expression,0.75,12,,,,,62,CREATE
_OceanofPDF.com_Whisky_Advocate_-_Wol_32_No_,Rob Roy,expression,0.75,12,,,,,62,CREATE
_OceanofPDF.com_Whisky_Advocate_-_Wol_32_No_,Double Double,expression,0.75,25,,,,,62,CREATE
_OceanofPDF.com_Whisky_Advocate_-_Wol_32_No_,"Edition
Glenmorangie",expression,0.75,29,,,,,62,CREATE
_OceanofPDF.com_Whisky_Advocate_-_Wol_32_No_,Claudia Schubert,expression,0.55,,,,,,63,CREATE
_OceanofPDF.com_Whisky_Advocate_-_Wol_32_No_,Jonathan Yusen,expression,0.55,,,,,,63,CREATE
_OceanofPDF.com_Whisky_Advocate_-_Wol_32_No_,Corey Bronstein,expression,0.55,,,,,,63,CREATE
_OceanofPDF.com_Whisky_Advocate_-_Wol_32_No_,Allied Beverage Group,expression,0.55,,,,,,63,CREATE
_OceanofPDF.com_Whisky_Advocate_-_Wol_32_No_,Midwest Grain Products,distillery,0.55,,,,,,65,CREATE
_OceanofPDF.com_Whisky_Advocate_-_Wol_32_No_,Pour Decisions,expression,0.55,,,,,,66,CREATE
_OceanofPDF.com_Whisky_Advocate_-_Wol_32_No_,"Year. 
Glenglassaugh",distillery,0.55,,,,,,73,CREATE
_OceanofPDF.com_Whisky_Advocate_-_Wol_32_No_,Freddie Noe,expression,0.55,,,,,,74,CREATE
_OceanofPDF.com_Whisky_Advocate_-_Wol_32_No_,"Mark 
Cellar Aged",expression,0.75,,85,,,,75,CREATE
_OceanofPDF.com_Whisky_Advocate_-_Wol_32_No_,Mizunara Oak,expression,0.75,21,46,,oak,,75,CREATE
_OceanofPDF.com_Whisky_Advocate_-_Wol_32_No_,Stephanie Macleod,expression,0.75,,46,,,,75,CREATE
_OceanofPDF.com_Whisky_Advocate_-_Wol_32_No_,Appleton Estate,expression,0.55,,,,,,75,CREATE
_OceanofPDF.com_Whisky_Advocate_-_Wol_32_No_,"Joy 
Spence",expression,0.55,,,,,,75,CREATE
_OceanofPDF.com_Whisky_Advocate_-_Wol_32_No_,Rum Finished,expression,0.75,,53.5,,bourbon,,76,CREATE
_OceanofPDF.com_Whisky_Advocate_-_Wol_32_No_,Shane English,expression,0.75,,58.2,,oak,,76,CREATE
_OceanofPDF.com_Whisky_Advocate_-_Wol_32_No_,"Julia Higgins
Barrell",expression,0.75,6,,,,,78,CREATE
_OceanofPDF.com_Whisky_Advocate_-_Wol_32_No_,The Tasting Panel,expression,0.75,25,,,,,78,CREATE
_OceanofPDF.com_Whisky_Advocate_-_Wol_32_No_,Julia Higgins,expression,0.55,,,,,,78,CREATE
_OceanofPDF.com_Whisky_Advocate_-_Wol_32_No_,"Shanken News 
Daily",expression,0.55,,,,,,78,CREATE
_OceanofPDF.com_Whisky_Advocate_-_Wol_32_No_,"Brian 
Kinsman",expression,0.75,12,,,,,79,CREATE
_OceanofPDF.com_Whisky_Advocate_-_Wol_32_No_,Wine Geese Series,expression,0.55,,,,wine,,79,CREATE
_OceanofPDF.com_Whisky_Advocate_-_Wol_32_No_,"British 
Columbia",expression,0.55,,,,,,79,CREATE
_OceanofPDF.com_Whisky_Advocate_-_Wol_32_No_,"Cask Type
Choose",expression,0.55,,,,,,84,CREATE
_OceanofPDF.com_Whisky_Advocate_-_Wol_32_No_,What You Might,expression,0.55,,,,,,84,CREATE
_OceanofPDF.com_Whisky_Advocate_-_Wol_32_No_,"Time Wisely
You",expression,0.55,,,,,,84,CREATE
_OceanofPDF.com_Whisky_Advocate_-_Wol_32_No_,How To Become,distillery,0.55,,,,,,84,CREATE
_OceanofPDF.com_Whisky_Advocate_-_Wol_32_No_,"The 
Diageo Casks",expression,0.55,,,,,,85,CREATE
_OceanofPDF.com_Whisky_Advocate_-_Wol_32_No_,Initial Cask Purchase,expression,0.75,10,,,bourbon,,85,CREATE
_OceanofPDF.com_Whisky_Advocate_-_Wol_32_No_,Main Street,expression,0.55,,,,,,87,CREATE
_OceanofPDF.com_Whisky_Advocate_-_Wol_32_No_,Sun Valley,distillery,0.55,,,,,,87,CREATE
_OceanofPDF.com_Whisky_Advocate_-_Wol_32_No_,Blending Lab,expression,0.55,,,,,,88,CREATE
_OceanofPDF.com_Whisky_Advocate_-_Wol_32_No_,Founder Alex Buck,expression,0.55,,,,,,91,CREATE
_OceanofPDF.com_Whisky_Advocate_-_Wol_32_No_,Jackson Hole Mountain,distillery,0.55,,,,,,92,CREATE
_OceanofPDF.com_Whisky_Advocate_-_Wol_32_No_,The Dogwood Cocktail,expression,0.55,,,,,,92,CREATE
_OceanofPDF.com_Whisky_Advocate_-_Wol_32_No_,"Ski Resorts
Beaver",expression,0.55,,,,,,93,CREATE
_OceanofPDF.com_Whisky_Advocate_-_Wol_32_No_,"Restaurants
Breckenridge Distillery",distillery,0.55,,,,,,93,CREATE
_OceanofPDF.com_Whisky_Advocate_-_Wol_32_No_,Tasting Room,distillery,0.55,,,,,,93,CREATE
_OceanofPDF.com_Whisky_Advocate_-_Wol_32_No_,Crater Lakes Spirits,distillery,0.55,,,,,,93,CREATE
_OceanofPDF.com_Whisky_Advocate_-_Wol_32_No_,Rover Park Place,distillery,0.55,,,,,,93,CREATE
_OceanofPDF.com_Whisky_Advocate_-_Wol_32_No_,Sasquatch Sighting,expression,0.55,,,,,,94,CREATE
_OceanofPDF.com_Whisky_Advocate_-_Wol_32_No_,Courage Roasted Turkey,distillery,0.55,,,,,,97,CREATE
_OceanofPDF.com_Whisky_Advocate_-_Wol_32_No_,Tamworth Distilling,distillery,0.55,,,,,,97,CREATE
_OceanofPDF.com_Whisky_Advocate_-_Wol_32_No_,Chop House,expression,0.55,,,,,,98,CREATE
_OceanofPDF.com_Whisky_Advocate_-_Wol_32_No_,"National 
Park",distillery,0.55,,,,,,98,CREATE
_OceanofPDF.com_Whisky_Advocate_-_Wol_32_No_,"But 
Park",expression,0.55,,,,,,98,CREATE
_OceanofPDF.com_Whisky_Advocate_-_Wol_32_No_,Pine Creek,expression,0.75,20,,,,,98,CREATE
_OceanofPDF.com_Whisky_Advocate_-_Wol_32_No_,"Ski Resorts
Banff",expression,0.55,,,,,,99,CREATE
_OceanofPDF.com_Whisky_Advocate_-_Wol_32_No_,"Hotels
Chateau Lake",distillery,0.55,,,,,,99,CREATE
_OceanofPDF.com_Whisky_Advocate_-_Wol_32_No_,"Reifel Family
The",expression,0.55,,,,,,102,CREATE
_OceanofPDF.com_Whisky_Advocate_-_Wol_32_No_,Vancouver. For,distillery,0.55,,,,,,102,CREATE
_OceanofPDF.com_Whisky_Advocate_-_Wol_32_No_,Rum Row,expression,0.55,,,,,,102,CREATE
_OceanofPDF.com_Whisky_Advocate_-_Wol_32_No_,Reifel Rye,expression,0.75,,42,,,,102,CREATE
_OceanofPDF.com_Whisky_Advocate_-_Wol_32_No_,"Reifel. 
Exclusively",expression,0.75,,90,,bourbon,,102,CREATE
_OceanofPDF.com_Whisky_Advocate_-_Wol_32_No_,For Canadian,expression,0.55,,,,,,103,CREATE
_OceanofPDF.com_Whisky_Advocate_-_Wol_32_No_,Tobacco Tax,expression,0.55,,,,,,105,CREATE
_OceanofPDF.com_Whisky_Advocate_-_Wol_32_No_,Trade Bureau,expression,0.55,,,,,,105,CREATE
_OceanofPDF.com_Whisky_Advocate_-_Wol_32_No_,Bespoke Gin,distillery,0.55,,,,,,105,CREATE
_OceanofPDF.com_Whisky_Advocate_-_Wol_32_No_,"Jalisco. 
Its",expression,0.55,,,,,,106,CREATE
_OceanofPDF.com_Whisky_Advocate_-_Wol_32_No_,Superbird Blanco,expression,0.75,,40,,,,106,CREATE
_OceanofPDF.com_Whisky_Advocate_-_Wol_32_No_,Bacardi Reserva Ocho,expression,0.55,,,,,,106,CREATE
_OceanofPDF.com_Whisky_Advocate_-_Wol_32_No_,Sevillian Orange Cask,expression,0.55,,,,,,106,CREATE
_OceanofPDF.com_Whisky_Advocate_-_Wol_32_No_,Finished Rum,expression,0.55,,,,,,106,CREATE
_OceanofPDF.com_Whisky_Advocate_-_Wol_32_No_,Tip Top Proper,expression,0.55,,,,,,107,CREATE
_OceanofPDF.com_Whisky_Advocate_-_Wol_32_No_,"Jamaica. 
All",expression,0.55,,,,,,107,CREATE
_OceanofPDF.com_Whisky_Advocate_-_Wol_32_No_,"Midnight Moon 
Moonshakes",expression,0.55,,,,wine,,107,CREATE
_OceanofPDF.com_Whisky_Advocate_-_Wol_32_No_,Holiday Nog,expression,0.75,,17,,,,107,CREATE
_OceanofPDF.com_Whisky_Advocate_-_Wol_32_No_,Alma Finca Orange,expression,0.75,,17,,,,107,CREATE
_OceanofPDF.com_Whisky_Advocate_-_Wol_32_No_,Fundador Sherry Cask,expression,0.55,,,,sherry,,107,CREATE
_OceanofPDF.com_Whisky_Advocate_-_Wol_32_No_,Edition Small Batch,expression,0.55,,,,,,109,CREATE
_OceanofPDF.com_Whisky_Advocate_-_Wol_32_No_,Goose Island,expression,0.55,,,,bourbon,,109,CREATE
_OceanofPDF.com_Whisky_Advocate_-_Wol_32_No_,"Envy Cask 
Strength",expression,0.55,,,,bourbon,,111,CREATE
_OceanofPDF.com_Whisky_Advocate_-_Wol_32_No_,"Toasted Oak 
Barrel",expression,0.75,,57.2,,bourbon,,111,CREATE
_OceanofPDF.com_Whisky_Advocate_-_Wol_32_No_,Oloroso Hogshead,expression,0.75,18,54.8,speyside,hogshead,,112,CREATE
_OceanofPDF.com_Whisky_Advocate_-_Wol_32_No_,"Reviewers
All",expression,0.55,,,,,,112,CREATE
_OceanofPDF.com_Whisky_Advocate_-_Wol_32_No_,Market Watch,expression,0.55,,,,,,112,CREATE
_OceanofPDF.com_Whisky_Advocate_-_Wol_32_No_,Staff Reviewer,expression,0.55,,,,,,112,CREATE
_OceanofPDF.com_Whisky_Advocate_-_Wol_32_No_,Diageo Special Releases,expression,0.55,,,,,,113,CREATE
_OceanofPDF.com_Whisky_Advocate_-_Wol_32_No_,"Cabernet 
Sauvignon Wine",expression,0.75,18,43,,wine,,114,CREATE
_OceanofPDF.com_Whisky_Advocate_-_Wol_32_No_,This Napa Valley,expression,0.75,8,43,,wine,,114,CREATE
_OceanofPDF.com_Whisky_Advocate_-_Wol_32_No_,"Sherry 
Cask Matured",expression,0.75,,50,,sherry,,114,CREATE
_OceanofPDF.com_Whisky_Advocate_-_Wol_32_No_,Edition Batch,expression,0.75,,58.5,,oak,,115,CREATE
_OceanofPDF.com_Whisky_Advocate_-_Wol_32_No_,See Editors,expression,0.75,,49,,,,116,CREATE
_OceanofPDF.com_Whisky_Advocate_-_Wol_32_No_,Sir Rod Stewart,expression,0.55,,,,,,116,CREATE
_OceanofPDF.com_Whisky_Advocate_-_Wol_32_No_,Finish Series,expression,0.75,5,21,,bourbon,,116,CREATE
_OceanofPDF.com_Whisky_Advocate_-_Wol_32_No_,Series Blend,expression,0.75,,25,,,,116,CREATE
_OceanofPDF.com_Whisky_Advocate_-_Wol_32_No_,Man Winter From,distillery,0.75,,54.9,,oak,,118,CREATE
_OceanofPDF.com_Whisky_Advocate_-_Wol_32_No_,Tokaji Cask Finished,expression,0.75,,50.5,,,,120,CREATE
_OceanofPDF.com_Whisky_Advocate_-_Wol_32_No_,Tropics Aged,expression,0.75,,52,,,,120,CREATE
_OceanofPDF.com_Whisky_Advocate_-_Wol_32_No_,Humidity Finished,expression,0.75,,52,,,,120,CREATE
_OceanofPDF.com_Whisky_Advocate_-_Wol_32_No_,"Solera 
French Oak",expression,0.55,,,,oak,,120,CREATE
_OceanofPDF.com_Whisky_Advocate_-_Wol_32_No_,Oloroso Sherry Cask,expression,0.75,,46,,oak,,120,CREATE
_OceanofPDF.com_Whisky_Advocate_-_Wol_32_No_,"Release 
Cask Strength",expression,0.55,,,,,,121,CREATE
_OceanofPDF.com_Whisky_Advocate_-_Wol_32_No_,Barbados Rum Cask,expression,0.75,,31,,,,121,CREATE
_OceanofPDF.com_Whisky_Advocate_-_Wol_32_No_,Midwinter Night,expression,0.55,,,,port,,121,CREATE
_OceanofPDF.com_Whisky_Advocate_-_Wol_32_No_,Dram Blend,expression,0.55,,,,port,,121,CREATE
_OceanofPDF.com_Whisky_Advocate_-_Wol_32_No_,Finished Act,expression,0.75,,49.3,,port,,121,CREATE
_OceanofPDF.com_Whisky_Advocate_-_Wol_32_No_,Whiskey Del Bac,expression,0.75,,46,,oak,,123,CREATE
_OceanofPDF.com_Whisky_Advocate_-_Wol_32_No_,Mesquite Casks,expression,0.75,,46,,oak,,123,CREATE
_OceanofPDF.com_Whisky_Advocate_-_Wol_32_No_,Vin Doux Naturel,expression,0.75,,17,,oak,,123,CREATE
_OceanofPDF.com_Whisky_Advocate_-_Wol_32_No_,County Kildare,expression,0.75,,33,,,,123,CREATE
_OceanofPDF.com_Whisky_Advocate_-_Wol_32_No_,"Malt 
Double Barrel",expression,0.75,,43,,,,124,CREATE
_OceanofPDF.com_Whisky_Advocate_-_Wol_32_No_,German Peated,expression,0.75,10,100,,sherry,,124,CREATE
_OceanofPDF.com_Whisky_Advocate_-_Wol_32_No_,German Triple Malt,expression,0.75,10,,,,,124,CREATE
_OceanofPDF.com_Whisky_Advocate_-_Wol_32_No_,"Mirrors 
Grand Marnier",expression,0.75,,58.7,,wine,,124,CREATE
_OceanofPDF.com_Whisky_Advocate_-_Wol_32_No_,"Honey Pomegranate 
Wine",expression,0.55,,,,wine,,126,CREATE
_OceanofPDF.com_Whisky_Advocate_-_Wol_32_No_,Rosh Hashana,expression,0.75,,46,,wine,,126,CREATE
_OceanofPDF.com_Whisky_Advocate_-_Wol_32_No_,Ki One Batch,expression,0.75,,46,,sherry,,126,CREATE
_OceanofPDF.com_Whisky_Advocate_-_Wol_32_No_,"Oloroso Sherry 
Hogshead",expression,0.75,,46,,sherry,,126,CREATE
_OceanofPDF.com_Whisky_Advocate_-_Wol_32_No_,"Limited 
Edition",expression,0.75,,59,,,,126,CREATE
_OceanofPDF.com_Whisky_Advocate_-_Wol_32_No_,Komasa Jyozo,expression,0.75,,48,,oak,,126,CREATE
_OceanofPDF.com_Whisky_Advocate_-_Wol_32_No_,Series Sherry Edition,expression,0.75,26,,,sherry,,128,CREATE
_OceanofPDF.com_Whisky_Advocate_-_Wol_32_No_,Vintage Gonzalez Byass,expression,0.75,26,48.2,,sherry,,128,CREATE
_OceanofPDF.com_Whisky_Advocate_-_Wol_32_No_,Byass Apostoles,expression,0.75,30,,,sherry,,128,CREATE
_OceanofPDF.com_Whisky_Advocate_-_Wol_32_No_,"Matusalem 
Finish",expression,0.75,28,55.3,,sherry,,128,CREATE
_OceanofPDF.com_Whisky_Advocate_-_Wol_32_No_,Recollection Series,bottler,0.75,49,47.2,,,gordon,128,CREATE
_OceanofPDF.com_Whisky_Advocate_-_Wol_32_No_,"Apostoles 
Finish",expression,0.75,43,46.8,,sherry,,128,CREATE
_OceanofPDF.com_Whisky_Advocate_-_Wol_32_No_,"Peat. 
Clynelish",distillery,0.55,,,,,,128,CREATE
_OceanofPDF.com_Whisky_Advocate_-_Wol_32_No_,Mike Nicolson,distillery,0.55,,,,oak,,128,CREATE
_OceanofPDF.com_Whisky_Advocate_-_Wol_32_No_,Ultima Port Ellen,expression,0.75,43,53.4,,puncheon,,128,CREATE
_OceanofPDF.com_Whisky_Advocate_-_Wol_32_No_,Diageo Prima,expression,0.55,,,,,,128,CREATE
_OceanofPDF.com_Whisky_Advocate_-_Wol_32_No_,Ultima Singleton,expression,0.75,37,47.7,,,,129,CREATE
_OceanofPDF.com_Whisky_Advocate_-_Wol_32_No_,"Anniversary 
Limited Edition",expression,0.75,18,48,,,,131,CREATE
_OceanofPDF.com_Whisky_Advocate_-_Wol_32_No_,"Jamaican 
Rum Cask",expression,0.75,50,49.1,,,,131,CREATE
_OceanofPDF.com_Whisky_Advocate_-_Wol_32_No_,Kristen Dennis,expression,0.55,,,,,,132,CREATE
_OceanofPDF.com_Whisky_Advocate_-_Wol_32_No_,Are You,expression,0.55,,,,wine,,132,CREATE
_OceanofPDF.com_Whisky_Advocate_-_Wol_32_No_,Then Show Us,expression,0.55,,,,,,132,CREATE
_OceanofPDF.com_Whisky_Advocate_-_Wol_32_No_,Megan Donahoe,expression,0.55,,,,,,132,CREATE
_OceanofPDF.com_Whisky_Advocate_-_Wol_32_No_,Theytoured Jameson Bow,expression,0.55,,,,,,132,CREATE
_OceanofPDF.com_Whisky_Advocate_-_Wol_32_No_,Kevin Walsh,expression,0.55,,,,,,132,CREATE
_OceanofPDF.com_Whisky_Advocate_-_Wol_32_No_,Thad Smith,expression,0.55,,,,,,132,CREATE
_OceanofPDF.com_Whisky_Advocate_-_Wol_32_No_,Kevin Feeny,distillery,0.55,,,,,,132,CREATE
_OceanofPDF.com_Whisky_Advocate_-_Wol_32_No_,Publication Title,expression,0.55,,,,,,132,CREATE
_OceanofPDF.com_Whisky_Advocate_-_Wol_32_No_,Issue Date,expression,0.55,,,,,,132,CREATE
_OceanofPDF.com_Whisky_Advocate_-_Wol_32_No_,Circulation Data Below,expression,0.55,,,,,,132,CREATE
_OceanofPDF.com_Whisky_Advocate_-_Wol_32_No_,Place Create Distinct,expression,0.55,,,,,,133,CREATE
_OceanofPDF.com_Whisky_Advocate_-_Wol_32_No_,The Ingredients While,expression,0.75,,100,,,,137,CREATE
_OceanofPDF.com_Whisky_Advocate_-_Wol_32_No_,Many Irish,expression,0.55,,,,,,137,CREATE
_OceanofPDF.com_Whisky_Advocate_-_Wol_32_No_,County Westmeath,distillery,0.55,,,,,,137,CREATE
_OceanofPDF.com_Whisky_Advocate_-_Wol_32_No_,Gloch River,distillery,0.55,,,,,,137,CREATE
_OceanofPDF.com_Whisky_Advocate_-_Wol_32_No_,County Louth,distillery,0.55,,,,,,137,CREATE
_OceanofPDF.com_Whisky_Advocate_-_Wol_32_No_,Sarah Dowling,distillery,0.55,,,,,,137,CREATE
_OceanofPDF.com_Whisky_Advocate_-_Wol_32_No_,"Try 
Connemara",expression,0.75,12,,,,,138,CREATE
_OceanofPDF.com_Whisky_Advocate_-_Wol_32_No_,The Exchequer Rolls,expression,0.55,,,,,,141,CREATE
_OceanofPDF.com_Whisky_Advocate_-_Wol_32_No_,"Environmental 
Sustainability  
Making",expression,0.55,,,,,,141,CREATE
_OceanofPDF.com_Whisky_Advocate_-_Wol_32_No_,"Quarter Cask
Inspired",expression,0.55,,,,quarter,,142,CREATE
_OceanofPDF.com_Whisky_Advocate_-_Wol_32_No_,"Strength
Classic Laphroaig",expression,0.75,10,,,,,143,CREATE
_OceanofPDF.com_Whisky_Advocate_-_Wol_32_No_,"Year Old 
Archive",expression,0.75,36,,,,,143,CREATE
_OceanofPDF.com_Whisky_Advocate_-_Wol_32_No_,Masataka Taketsuru,distillery,0.55,,,,,,145,CREATE
_OceanofPDF.com_Whisky_Advocate_-_Wol_32_No_,"Hokkaido 
Island",distillery,0.55,,,,,,145,CREATE
_OceanofPDF.com_Whisky_Advocate_-_Wol_32_No_,"Anniversary Design
This",expression,0.55,,,,,,146,CREATE
_OceanofPDF.com_Whisky_Advocate_-_Wol_32_No_,Another Suntory Whisky,expression,0.75,18,,,,,147,CREATE
_OceanofPDF.com_Whisky_Advocate_-_Wol_32_No_,"Sofia 
Coppola",expression,0.55,,,,,,148,CREATE
_OceanofPDF.com_Whisky_Advocate_-_Wol_32_No_,Kunichi Nomura,expression,0.55,,,,,,148,CREATE
_OceanofPDF.com_Whisky_Advocate_-_Wol_32_No_,Joan Jett,expression,0.55,,,,,,148,CREATE
annas-arch-21eb2f4fc714.pdf,Ingvar Ronde,expression,0.55,,,,,,2,CREATE
annas-arch-21eb2f4fc714.pdf,"Stake. 
Thewhiskylady",expression,0.55,,,,,,2,CREATE
annas-arch-21eb2f4fc714.pdf,"Shrewsbury 
Shropshire",expression,0.55,,,,,,4,CREATE
annas-arch-21eb2f4fc714.pdf,The Many Faces,expression,0.55,,,,sherry,,5,CREATE
annas-arch-21eb2f4fc714.pdf,Sherry Casks,expression,0.55,,,,sherry,,5,CREATE
annas-arch-21eb2f4fc714.pdf,"Smith 
Whisky Nostalgia",expression,0.55,,,,sherry,,5,CREATE
annas-arch-21eb2f4fc714.pdf,"Neil Ridley 
Something",expression,0.55,,,,sherry,,5,CREATE
annas-arch-21eb2f4fc714.pdf,Joel Harrison,expression,0.55,,,,,,5,CREATE
annas-arch-21eb2f4fc714.pdf,"Becky Paskin 
Whisky",expression,0.55,,,,,,5,CREATE
annas-arch-21eb2f4fc714.pdf,"Ian Wisniewski 
Moment",expression,0.55,,,,,,5,CREATE
annas-arch-21eb2f4fc714.pdf,Truth For World,expression,0.55,,,,,,5,CREATE
annas-arch-21eb2f4fc714.pdf,"Jan Buxton 
Malt",expression,0.55,,,,,,5,CREATE
annas-arch-21eb2f4fc714.pdf,Closed Distilleries,distillery,0.55,,,,,,5,CREATE
annas-arch-21eb2f4fc714.pdf,Stefan Van Eycken,expression,0.55,,,,,,5,CREATE
annas-arch-21eb2f4fc714.pdf,The Year That,bottler,0.55,,,,,independent,5,CREATE
annas-arch-21eb2f4fc714.pdf,Independent Bottlers,bottler,0.55,,,,,independent,5,CREATE
annas-arch-21eb2f4fc714.pdf,Bob Dylan,expression,0.55,,,,,,6,CREATE
annas-arch-21eb2f4fc714.pdf,Neil Ridley,expression,0.55,,,,,,6,CREATE
annas-arch-21eb2f4fc714.pdf,Ian Wisniewski,expression,0.55,,,,,,6,CREATE
annas-arch-21eb2f4fc714.pdf,"Ingvar Ronde 
Editor",expression,0.55,,,,,,7,CREATE
annas-arch-21eb2f4fc714.pdf,Spanish Civil War,expression,0.55,,,,,,10,CREATE
annas-arch-21eb2f4fc714.pdf,"Edrington. 
There",expression,0.55,,,,,,11,CREATE
annas-arch-21eb2f4fc714.pdf,Andrew Mackenzie,distillery,0.55,,,,sherry,,12,CREATE
annas-arch-21eb2f4fc714.pdf,Sherry Wood,distillery,0.55,,,,sherry,,12,CREATE
annas-arch-21eb2f4fc714.pdf,Gonzales Byass,expression,0.55,,,,sherry,,12,CREATE
annas-arch-21eb2f4fc714.pdf,Since Emperador Inc,expression,0.55,,,,,,12,CREATE
annas-arch-21eb2f4fc714.pdf,Pedro Ximinex,expression,0.75,30,,,sherry,,12,CREATE
annas-arch-21eb2f4fc714.pdf,Like Edrington,expression,0.55,,,,bourbon,,13,CREATE
annas-arch-21eb2f4fc714.pdf,Production Manager Callum,distillery,0.55,,,,,,13,CREATE
annas-arch-21eb2f4fc714.pdf,Callum Fraser,expression,0.55,,,,sherry,,14,CREATE
annas-arch-21eb2f4fc714.pdf,While Glenfarclas,expression,0.55,,,,sherry,,14,CREATE
annas-arch-21eb2f4fc714.pdf,Pedro Ximinez,expression,0.55,,,,,,14,CREATE
annas-arch-21eb2f4fc714.pdf,"Oloroso. 
These",expression,0.55,,,,,,14,CREATE
annas-arch-21eb2f4fc714.pdf,Rachel Barrie,expression,0.55,,,,,,14,CREATE
annas-arch-21eb2f4fc714.pdf,Pedro Ziminex,expression,0.55,,,,sherry,,15,CREATE
annas-arch-21eb2f4fc714.pdf,"Montilla 
Fino",expression,0.55,,,,,,15,CREATE
annas-arch-21eb2f4fc714.pdf,Sherry Triangle,expression,0.55,,,,sherry,,15,CREATE
annas-arch-21eb2f4fc714.pdf,Manzanilla. Some,expression,0.55,,,,wine,,15,CREATE
annas-arch-21eb2f4fc714.pdf,Donald Col,expression,0.55,,,,,,15,CREATE
annas-arch-21eb2f4fc714.pdf,Contributing Editor Scotland,expression,0.55,,,,,,15,CREATE
annas-arch-21eb2f4fc714.pdf,Fine Spirits,expression,0.55,,,,,,15,CREATE
annas-arch-21eb2f4fc714.pdf,Dominic Roskrow,expression,0.55,,,,,,15,CREATE
annas-arch-21eb2f4fc714.pdf,Sir Ernest Shackleton,expression,0.55,,,,,,21,CREATE
annas-arch-21eb2f4fc714.pdf,Sir Ernest,expression,0.55,,,,,,21,CREATE
annas-arch-21eb2f4fc714.pdf,Leonard Russell,bottler,0.55,,,,,gordon,23,CREATE
annas-arch-21eb2f4fc714.pdf,"Let Me 
Tell",expression,0.55,,,,,,23,CREATE
annas-arch-21eb2f4fc714.pdf,Nope. Only,expression,0.55,,,,oak,,26,CREATE
annas-arch-21eb2f4fc714.pdf,Ian Palmer,expression,0.55,,,,,,26,CREATE
annas-arch-21eb2f4fc714.pdf,From Fife,expression,0.55,,,,,,27,CREATE
annas-arch-21eb2f4fc714.pdf,Jared Himstedt,expression,0.55,,,,,,27,CREATE
annas-arch-21eb2f4fc714.pdf,"Here 
Himstedt",expression,0.55,,,,,,27,CREATE
annas-arch-21eb2f4fc714.pdf,"Edrington. 
Owen",expression,0.55,,,,,,29,CREATE
annas-arch-21eb2f4fc714.pdf,One Day,expression,0.55,,,,,,29,CREATE
annas-arch-21eb2f4fc714.pdf,Japan. His,distillery,0.55,,,,,,31,CREATE
annas-arch-21eb2f4fc714.pdf,Marcin Miller,expression,0.55,,,,,,31,CREATE
annas-arch-21eb2f4fc714.pdf,International Wine,expression,0.55,,,,wine,,31,CREATE
annas-arch-21eb2f4fc714.pdf,Trophy Judge,expression,0.55,,,,,,31,CREATE
annas-arch-21eb2f4fc714.pdf,"Becky Paskin 
Not",expression,0.55,,,,,,33,CREATE
annas-arch-21eb2f4fc714.pdf,When Alfred Barnard,expression,0.55,,,,,,33,CREATE
annas-arch-21eb2f4fc714.pdf,Susan Morrison,expression,0.55,,,,,,34,CREATE
annas-arch-21eb2f4fc714.pdf,Karen Betts,expression,0.55,,,,,,34,CREATE
annas-arch-21eb2f4fc714.pdf,Moray Speyside,expression,0.55,,,speyside,,,34,CREATE
annas-arch-21eb2f4fc714.pdf,Cristina Diezhandino,expression,0.55,,,,,,35,CREATE
annas-arch-21eb2f4fc714.pdf,Diageo Global Scotch,expression,0.55,,,,,,35,CREATE
annas-arch-21eb2f4fc714.pdf,Marketing Director,distillery,0.55,,,,,,36,CREATE
annas-arch-21eb2f4fc714.pdf,While Holyrood,expression,0.55,,,,,,36,CREATE
annas-arch-21eb2f4fc714.pdf,Tim Morrison,distillery,0.55,,,,,,37,CREATE
annas-arch-21eb2f4fc714.pdf,General Certificate,expression,0.55,,,,,,37,CREATE
annas-arch-21eb2f4fc714.pdf,Quaich. She,bottler,0.75,10,,,,society,37,CREATE
annas-arch-21eb2f4fc714.pdf,Marvel Senate Mae,expression,0.55,,,,,,38,CREATE
annas-arch-21eb2f4fc714.pdf,Seniple Hale,expression,0.55,,,,,,38,CREATE
annas-arch-21eb2f4fc714.pdf,Bonhams Hong Kong,expression,0.55,,,,,,39,CREATE
annas-arch-21eb2f4fc714.pdf,Hong Kong,expression,0.55,,,,,,39,CREATE
annas-arch-21eb2f4fc714.pdf,Daniel Lam,expression,0.55,,,,wine,,40,CREATE
annas-arch-21eb2f4fc714.pdf,Fine Wine,expression,0.55,,,,wine,,40,CREATE
annas-arch-21eb2f4fc714.pdf,"Whisky Auctioneer 
There",expression,0.55,,,,,,41,CREATE
annas-arch-21eb2f4fc714.pdf,Whisky Trading Company,distillery,0.55,,,,,,43,CREATE
annas-arch-21eb2f4fc714.pdf,Rickesh Kishnani,expression,0.55,,,,,,43,CREATE
annas-arch-21eb2f4fc714.pdf,Vince Fusaro,expression,0.55,,,,,,45,CREATE
annas-arch-21eb2f4fc714.pdf,Fife. His,expression,0.55,,,,,,45,CREATE
annas-arch-21eb2f4fc714.pdf,"Contributing 
Editor",expression,0.55,,,,,,45,CREATE
annas-arch-21eb2f4fc714.pdf,Kirsteen Campbell,expression,0.55,,,,,,48,CREATE
annas-arch-21eb2f4fc714.pdf,Professor George Saintsbury,expression,0.55,,,,,,48,CREATE
annas-arch-21eb2f4fc714.pdf,Liquid History,expression,0.55,,,,,,51,CREATE
annas-arch-21eb2f4fc714.pdf,Brian Kinsman,expression,0.55,,,,,,52,CREATE
annas-arch-21eb2f4fc714.pdf,Sandy Hyslop,expression,0.55,,,,,,53,CREATE
annas-arch-21eb2f4fc714.pdf,"Dr 
Bill Lumsden",expression,0.55,,,,,,54,CREATE
annas-arch-21eb2f4fc714.pdf,Stuart Harvey,expression,0.55,,,,first fill,,55,CREATE
annas-arch-21eb2f4fc714.pdf,Kalle Valkonen,distillery,0.55,,,,,,58,CREATE
annas-arch-21eb2f4fc714.pdf,"Ian Buxton 
World",expression,0.55,,,,,,59,CREATE
annas-arch-21eb2f4fc714.pdf,Arthur Motley,expression,0.55,,,,,,59,CREATE
annas-arch-21eb2f4fc714.pdf,Ashok Chokalingam,expression,0.55,,,,,,61,CREATE
annas-arch-21eb2f4fc714.pdf,For Pyysing,expression,0.55,,,,,,62,CREATE
annas-arch-21eb2f4fc714.pdf,Before You Die,expression,0.55,,,,,,63,CREATE
annas-arch-21eb2f4fc714.pdf,Professor Paul Hughes,bottler,0.55,,,,,society,63,CREATE
annas-arch-21eb2f4fc714.pdf,Tommy Dewar,distillery,0.55,,,,,,65,CREATE
annas-arch-21eb2f4fc714.pdf,"Select Cask 
Reserve",expression,0.75,10,,,oak,,66,CREATE
annas-arch-21eb2f4fc714.pdf,When Hiram Walker,distillery,0.55,,,,,,68,CREATE
annas-arch-21eb2f4fc714.pdf,"Allied 
Distillers",distillery,0.55,,,,,,68,CREATE
annas-arch-21eb2f4fc714.pdf,Colin Hay,distillery,0.55,,,,,,68,CREATE
annas-arch-21eb2f4fc714.pdf,"March. 
Allied",distillery,0.55,,,,,,68,CREATE
annas-arch-21eb2f4fc714.pdf,Jerea Led,distillery,0.55,,,highland,,,70,CREATE
annas-arch-21eb2f4fc714.pdf,"Fees 
Legacy",distillery,0.55,,,,,,70,CREATE
annas-arch-21eb2f4fc714.pdf,Adam Teacher,distillery,0.55,,,,,,70,CREATE
annas-arch-21eb2f4fc714.pdf,Brodick Bay,distillery,0.55,,,,,,71,CREATE
annas-arch-21eb2f4fc714.pdf,Harold Currie,distillery,0.55,,,,,,71,CREATE
annas-arch-21eb2f4fc714.pdf,Rowan Tree,expression,0.75,14,,,,,71,CREATE
annas-arch-21eb2f4fc714.pdf,Sleeping Warrior,expression,0.75,12,,,,,71,CREATE
annas-arch-21eb2f4fc714.pdf,The Illicit Stills,expression,0.75,18,,,,,71,CREATE
annas-arch-21eb2f4fc714.pdf,"Noble 
Oak",expression,0.75,24,,,wine,,72,CREATE
annas-arch-21eb2f4fc714.pdf,Alexander Filshie,distillery,0.55,,,,,,72,CREATE
annas-arch-21eb2f4fc714.pdf,Maclachlans Ltd,distillery,0.55,,,,,,72,CREATE
annas-arch-21eb2f4fc714.pdf,"Duty 
Free",expression,0.55,,,,oak,,72,CREATE
annas-arch-21eb2f4fc714.pdf,Bombay Gin,expression,0.55,,,,,,74,CREATE
annas-arch-21eb2f4fc714.pdf,Andrew Ross,distillery,0.55,,,,,,75,CREATE
annas-arch-21eb2f4fc714.pdf,Alexander Cowan,distillery,0.55,,,,,,75,CREATE
annas-arch-21eb2f4fc714.pdf,"Allied 
Vintners",distillery,0.55,,,,,,75,CREATE
annas-arch-21eb2f4fc714.pdf,International Beverage Holdings,expression,0.75,26,,,,,75,CREATE
annas-arch-21eb2f4fc714.pdf,Traditional Oak,expression,0.75,15,,,sherry,,77,CREATE
annas-arch-21eb2f4fc714.pdf,For Duty Free,expression,0.75,25,,,,,77,CREATE
annas-arch-21eb2f4fc714.pdf,Peated Triple Cask,expression,0.75,21,,,,,77,CREATE
annas-arch-21eb2f4fc714.pdf,Sherry Oak,expression,0.75,17,,,sherry,,77,CREATE
annas-arch-21eb2f4fc714.pdf,"Ltd 
Region",distillery,0.55,,,,,,78,CREATE
annas-arch-21eb2f4fc714.pdf,Traditional Ben Nevis,expression,0.75,25,,,,,78,CREATE
annas-arch-21eb2f4fc714.pdf,Billy Walker,distillery,0.55,,,,,,79,CREATE
annas-arch-21eb2f4fc714.pdf,"Peated Quarter 
Cask",expression,0.75,10,,,quarter,,79,CREATE
annas-arch-21eb2f4fc714.pdf,Gaja Barolo,expression,0.55,,,,,,79,CREATE
annas-arch-21eb2f4fc714.pdf,"Peated Cask 
Strength",expression,0.75,10,,,,,79,CREATE
annas-arch-21eb2f4fc714.pdf,Sanquhar Estate,distillery,0.55,,,,,,80,CREATE
annas-arch-21eb2f4fc714.pdf,Alexander Edward,expression,0.55,,,,,,80,CREATE
annas-arch-21eb2f4fc714.pdf,Soil Association,expression,0.55,,,,,,81,CREATE
annas-arch-21eb2f4fc714.pdf,Peat Smoke,expression,0.75,55,,,,,81,CREATE
annas-arch-21eb2f4fc714.pdf,Sassicaia Wood Finish,expression,0.75,30,,,,,81,CREATE
annas-arch-21eb2f4fc714.pdf,Raymond Armstrong,distillery,0.55,,,,,,82,CREATE
annas-arch-21eb2f4fc714.pdf,Pure Scot,expression,0.55,,,,,,82,CREATE
annas-arch-21eb2f4fc714.pdf,Arthur Bell,distillery,0.55,,,,,,83,CREATE
annas-arch-21eb2f4fc714.pdf,Alexander Connacher,distillery,0.55,,,,,,83,CREATE
annas-arch-21eb2f4fc714.pdf,Elizabeth Connacher,distillery,0.55,,,,,,83,CREATE
annas-arch-21eb2f4fc714.pdf,Ron Welsh,expression,0.55,,,,,,84,CREATE
annas-arch-21eb2f4fc714.pdf,"Double Matured 
Manzanilla",expression,0.75,18,,,,,84,CREATE
annas-arch-21eb2f4fc714.pdf,"Beam Suntory 
Founded",expression,0.75,28,,islay,bourbon,,84,CREATE
annas-arch-21eb2f4fc714.pdf,Hans Sommer,expression,0.55,,,,,,84,CREATE
annas-arch-21eb2f4fc714.pdf,Degrees Proof,expression,0.55,,,,,,85,CREATE
annas-arch-21eb2f4fc714.pdf,"Mizunara 
Cask Finish",expression,0.75,50,,,,,85,CREATE
annas-arch-21eb2f4fc714.pdf,Vault Edition Peat,expression,0.55,,,,,,85,CREATE
annas-arch-21eb2f4fc714.pdf,Vault Edition Atlantic,expression,0.55,,,islay,,,85,CREATE
annas-arch-21eb2f4fc714.pdf,Pernod Ricard,distillery,0.55,,,,,,86,CREATE
annas-arch-21eb2f4fc714.pdf,"Apprentice Distillery 
Engineer",distillery,0.55,,,,,,87,CREATE
annas-arch-21eb2f4fc714.pdf,Bere Barley,expression,0.55,,,,,,88,CREATE
annas-arch-21eb2f4fc714.pdf,Barnett Harvey,distillery,0.55,,,,,,88,CREATE
annas-arch-21eb2f4fc714.pdf,Hatim Attari,distillery,0.55,,,,,,88,CREATE
annas-arch-21eb2f4fc714.pdf,"Alexander 
Tolmie",distillery,0.55,,,,,,88,CREATE
annas-arch-21eb2f4fc714.pdf,"Associated Scottish 
Distillers",distillery,0.55,,,,,,88,CREATE
annas-arch-21eb2f4fc714.pdf,Redder Still,expression,0.75,18,,,port,,89,CREATE
annas-arch-21eb2f4fc714.pdf,Multi Vintage,expression,0.55,,,,,,89,CREATE
annas-arch-21eb2f4fc714.pdf,"Moine 
Oloroso",expression,0.75,14,,,sherry,,90,CREATE
annas-arch-21eb2f4fc714.pdf,Eirigh Na Greine,expression,0.55,,,,bourbon,,90,CREATE
annas-arch-21eb2f4fc714.pdf,Auld Acquaintance,expression,0.55,,,islay,,,90,CREATE
annas-arch-21eb2f4fc714.pdf,Moine Cask Strength,expression,0.75,10,,,,,90,CREATE
annas-arch-21eb2f4fc714.pdf,Hector Henderson,expression,0.55,,,,,,91,CREATE
annas-arch-21eb2f4fc714.pdf,Norman Buchanan,expression,0.55,,,,,,91,CREATE
annas-arch-21eb2f4fc714.pdf,"Amber 
Rock",expression,0.75,18,40,,,,92,CREATE
annas-arch-21eb2f4fc714.pdf,Serge Valentin,expression,0.55,,,,,,93,CREATE
annas-arch-21eb2f4fc714.pdf,Chris White,expression,0.55,,,,,,93,CREATE
annas-arch-21eb2f4fc714.pdf,Sophie Bigot,expression,0.55,,,,,,93,CREATE
annas-arch-21eb2f4fc714.pdf,Burkay Adalig,expression,0.55,,,,,,93,CREATE
annas-arch-21eb2f4fc714.pdf,Ernie Scheiner,expression,0.55,,,,,,93,CREATE
annas-arch-21eb2f4fc714.pdf,Gal Granov,expression,0.55,,,,,,93,CREATE
annas-arch-21eb2f4fc714.pdf,Steve Rush,expression,0.55,,,,,,93,CREATE
annas-arch-21eb2f4fc714.pdf,Angus Macraild,expression,0.55,,,,,,93,CREATE
annas-arch-21eb2f4fc714.pdf,Ansgar Speller,expression,0.55,,,,,,93,CREATE
annas-arch-21eb2f4fc714.pdf,When Billy Abbott,distillery,0.55,,,,,,93,CREATE
annas-arch-21eb2f4fc714.pdf,Oloroso Seco,expression,0.75,14,,,,,94,CREATE
annas-arch-21eb2f4fc714.pdf,Sir George Macpherson,distillery,0.55,,,,,,95,CREATE
annas-arch-21eb2f4fc714.pdf,Double Matured,expression,0.55,,,,port,,95,CREATE
annas-arch-21eb2f4fc714.pdf,Bacardi Martini,expression,0.55,,,,,,96,CREATE
annas-arch-21eb2f4fc714.pdf,"Fleming. 
Dailuaine",distillery,0.55,,,,,,97,CREATE
annas-arch-21eb2f4fc714.pdf,Alexander Matheson,distillery,0.55,,,,,,98,CREATE
annas-arch-21eb2f4fc714.pdf,Sir Kenneth Matheson,distillery,0.55,,,,,,98,CREATE
annas-arch-21eb2f4fc714.pdf,Vivian Imerman,expression,0.55,,,,,,98,CREATE
annas-arch-21eb2f4fc714.pdf,"Constellaton 
Collection",distillery,0.55,,,,,,98,CREATE
annas-arch-21eb2f4fc714.pdf,Vintage Port Collection,expression,0.75,40,,,port,,98,CREATE
annas-arch-21eb2f4fc714.pdf,Brodie Hepburn,distillery,0.55,,,,,,100,CREATE
annas-arch-21eb2f4fc714.pdf,Since January,distillery,0.55,,,,,,100,CREATE
annas-arch-21eb2f4fc714.pdf,Organic. Recent,expression,0.75,15,,,oak,,100,CREATE
annas-arch-21eb2f4fc714.pdf,Brodie Hepburn Ltd,distillery,0.55,,,,,,100,CREATE
annas-arch-21eb2f4fc714.pdf,"The 
Real Mackenzie",expression,0.55,,,,,,101,CREATE
annas-arch-21eb2f4fc714.pdf,Selection. Without,expression,0.55,,,,,,101,CREATE
annas-arch-21eb2f4fc714.pdf,Cask Strength Sherry,expression,0.75,12,,,sherry,,102,CREATE
annas-arch-21eb2f4fc714.pdf,Cask Strength Bourbon,expression,0.75,14,,,sherry,,102,CREATE
annas-arch-21eb2f4fc714.pdf,Andrew Symington,bottler,0.55,,,,,signatory,102,CREATE
annas-arch-21eb2f4fc714.pdf,Sir Alexander Ramsay,distillery,0.55,,,,,,103,CREATE
annas-arch-21eb2f4fc714.pdf,Sir John Gladstone,distillery,0.55,,,,,,103,CREATE
annas-arch-21eb2f4fc714.pdf,Ltd. Production,distillery,0.55,,,,,,103,CREATE
annas-arch-21eb2f4fc714.pdf,"Ltd. 
Tomintoul",distillery,0.55,,,,,,103,CREATE
annas-arch-21eb2f4fc714.pdf,Under Chivas,expression,0.55,,,,,,104,CREATE
annas-arch-21eb2f4fc714.pdf,Cask Strength Edition,expression,0.55,,,,,,104,CREATE
annas-arch-21eb2f4fc714.pdf,"Allied 
Domecq",distillery,0.55,,,,,,105,CREATE
annas-arch-21eb2f4fc714.pdf,Angus Dundee Distillers,distillery,0.55,,,,,,106,CREATE
annas-arch-21eb2f4fc714.pdf,"Tania. 
Other",expression,0.55,,,,,,106,CREATE
annas-arch-21eb2f4fc714.pdf,Angus Dundee,expression,0.55,,,,,,106,CREATE
annas-arch-21eb2f4fc714.pdf,Gilmour Thomson,expression,0.55,,,,,,106,CREATE
annas-arch-21eb2f4fc714.pdf,Alexander Miln Thompson,distillery,0.55,,,,,,106,CREATE
annas-arch-21eb2f4fc714.pdf,Allied Lyons,distillery,0.55,,,,,,106,CREATE
annas-arch-21eb2f4fc714.pdf,"Peated 
Port Wood",expression,0.75,12,,,port,,107,CREATE
annas-arch-21eb2f4fc714.pdf,Hidden Malts,expression,0.55,,,,,,109,CREATE
annas-arch-21eb2f4fc714.pdf,Miguel Martin,expression,0.75,25,,,,,110,CREATE
annas-arch-21eb2f4fc714.pdf,"The Generations 
Range",expression,0.55,,,,,,110,CREATE
annas-arch-21eb2f4fc714.pdf,Family Casks,expression,0.55,,,,,,110,CREATE
annas-arch-21eb2f4fc714.pdf,"Elgin. 
John",expression,0.55,,,,,,110,CREATE
annas-arch-21eb2f4fc714.pdf,Family Reserve,expression,0.75,40,,,sherry,,111,CREATE
annas-arch-21eb2f4fc714.pdf,Finest Solera,expression,0.55,,,,,,112,CREATE
annas-arch-21eb2f4fc714.pdf,Mrs. Cummings,distillery,0.55,,,,,,112,CREATE
annas-arch-21eb2f4fc714.pdf,"Caoran 
Reserve",expression,0.75,21,,,,,112,CREATE
annas-arch-21eb2f4fc714.pdf,Vintage Reserve,expression,0.55,,,,,,112,CREATE
annas-arch-21eb2f4fc714.pdf,Anniversary Vintage,expression,0.75,19,,,wine,,113,CREATE
annas-arch-21eb2f4fc714.pdf,Experimental Series,expression,0.55,,,,,,113,CREATE
annas-arch-21eb2f4fc714.pdf,Distillery Edition Winter,distillery,0.75,12,,,,,113,CREATE
annas-arch-21eb2f4fc714.pdf,"Founders 
Reserve",expression,0.75,12,,,,,114,CREATE
annas-arch-21eb2f4fc714.pdf,The Moet Hennessy,expression,0.55,,,,,,115,CREATE
annas-arch-21eb2f4fc714.pdf,Pentlands Research Institute,expression,0.55,,,,,,115,CREATE
annas-arch-21eb2f4fc714.pdf,"Karen Fullerton 
Global",expression,0.55,,,,bourbon,,115,CREATE
annas-arch-21eb2f4fc714.pdf,Stuart Nickerson,distillery,0.55,,,,,,116,CREATE
annas-arch-21eb2f4fc714.pdf,Octaves Peated,expression,0.75,7,,,,,116,CREATE
annas-arch-21eb2f4fc714.pdf,Peated Port,distillery,0.55,,,,port,,116,CREATE
annas-arch-21eb2f4fc714.pdf,"Peated Virgin 
Oak",distillery,0.55,,,,port,,116,CREATE
annas-arch-21eb2f4fc714.pdf,Alexander Morrison,distillery,0.55,,,,,,116,CREATE
annas-arch-21eb2f4fc714.pdf,Baxter. They,distillery,0.55,,,highland,,,116,CREATE
annas-arch-21eb2f4fc714.pdf,Scaent Group,distillery,0.75,44,,,,,116,CREATE
annas-arch-21eb2f4fc714.pdf,"Massandra 
Connection",expression,0.75,41,,,,,116,CREATE
annas-arch-21eb2f4fc714.pdf,Ian Macleod,expression,0.55,,,,,,117,CREATE
annas-arch-21eb2f4fc714.pdf,Edrington Group,distillery,0.75,19,,,,,117,CREATE
annas-arch-21eb2f4fc714.pdf,"Major 
James Grant",distillery,0.55,,,,,,118,CREATE
annas-arch-21eb2f4fc714.pdf,"Ltd. 
Armando",distillery,0.55,,,,,douglas,118,CREATE
annas-arch-21eb2f4fc714.pdf,"Italy. 
Glen",expression,0.55,,,,,,118,CREATE
annas-arch-21eb2f4fc714.pdf,Five Decades,distillery,0.75,19,,,,,119,CREATE
annas-arch-21eb2f4fc714.pdf,Bloch Brothers,distillery,0.55,,,,,,120,CREATE
annas-arch-21eb2f4fc714.pdf,Hedley Wright,distillery,0.55,,,,,,120,CREATE
annas-arch-21eb2f4fc714.pdf,"Mexico. 
Following",expression,0.75,13,,,,,122,CREATE
annas-arch-21eb2f4fc714.pdf,British Empire Exhibition,distillery,0.55,,,,,,123,CREATE
annas-arch-21eb2f4fc714.pdf,Nadurra Oloroso Cask,expression,0.55,,,,first fill,,124,CREATE
annas-arch-21eb2f4fc714.pdf,Nadurra First Fill,expression,0.55,,,,first fill,,124,CREATE
annas-arch-21eb2f4fc714.pdf,Selection Cask Strength,expression,0.55,,,,first fill,,124,CREATE
annas-arch-21eb2f4fc714.pdf,Nadurra Peated Whisky,expression,0.55,,,,first fill,,124,CREATE
annas-arch-21eb2f4fc714.pdf,"The 
Winchester Collection",expression,0.75,50,,,,,124,CREATE
annas-arch-21eb2f4fc714.pdf,"Upper 
Drummin",distillery,0.55,,,,,,124,CREATE
annas-arch-21eb2f4fc714.pdf,Andrew Smith,distillery,0.55,,,,,,124,CREATE
annas-arch-21eb2f4fc714.pdf,Cellar Collection,expression,0.75,16,,,,,125,CREATE
annas-arch-21eb2f4fc714.pdf,Solera Vatted,expression,0.55,,,,,,125,CREATE
annas-arch-21eb2f4fc714.pdf,Solera Vatted Reserve,expression,0.55,,,,,,125,CREATE
annas-arch-21eb2f4fc714.pdf,"Haig Gold 
Label",expression,0.55,,,,,,126,CREATE
annas-arch-21eb2f4fc714.pdf,"Alexander Grigor 
Allan",distillery,0.55,,,,,,126,CREATE
annas-arch-21eb2f4fc714.pdf,Although South Africa,expression,0.55,,,,,,127,CREATE
annas-arch-21eb2f4fc714.pdf,"Joburg. 
Since",expression,0.75,17,,,,,127,CREATE
annas-arch-21eb2f4fc714.pdf,Johannesburg. Please,expression,0.75,17,,,,,127,CREATE
annas-arch-21eb2f4fc714.pdf,"Marc Pendlebury 
Founder",expression,0.55,,,,,,127,CREATE
annas-arch-21eb2f4fc714.pdf,Bond House No,expression,0.55,,,,,,128,CREATE
annas-arch-21eb2f4fc714.pdf,"Muir 
Ltd",distillery,0.75,,40,,,,128,CREATE
annas-arch-21eb2f4fc714.pdf,"November. 
Number",distillery,0.55,,,,,,128,CREATE
annas-arch-21eb2f4fc714.pdf,"Beaune 
Wood Finish",expression,0.55,,,,port,,128,CREATE
annas-arch-21eb2f4fc714.pdf,Astar Nectar,expression,0.55,,,highland,,,129,CREATE
annas-arch-21eb2f4fc714.pdf,Sir Edward,expression,0.55,,,,,,130,CREATE
annas-arch-21eb2f4fc714.pdf,"Muir. 
Production",distillery,0.55,,,,,,130,CREATE
annas-arch-21eb2f4fc714.pdf,Alexander Mackenzie,distillery,0.55,,,,,,131,CREATE
annas-arch-21eb2f4fc714.pdf,Robur Reserve,expression,0.55,,,,,,132,CREATE
annas-arch-21eb2f4fc714.pdf,Manse Brae,expression,0.55,,,,sherry,,132,CREATE
annas-arch-21eb2f4fc714.pdf,Sherry Cask Reserve,expression,0.55,,,,sherry,,132,CREATE
annas-arch-21eb2f4fc714.pdf,Peated Cask Reserve,expression,0.75,12,,,,,132,CREATE
annas-arch-21eb2f4fc714.pdf,"Tristan Stephenson 
Whisky",expression,0.55,,,,,,133,CREATE
annas-arch-21eb2f4fc714.pdf,Rye Whiskies,expression,0.55,,,,bourbon,,133,CREATE
annas-arch-21eb2f4fc714.pdf,After Lon,expression,0.55,,,,,,134,CREATE
annas-arch-21eb2f4fc714.pdf,Amalgated Distillers Products,distillery,0.55,,,,,,134,CREATE
annas-arch-21eb2f4fc714.pdf,Watney Mann,distillery,0.55,,,,,,135,CREATE
annas-arch-21eb2f4fc714.pdf,His Buchanan Blend,expression,0.55,,,,,,136,CREATE
annas-arch-21eb2f4fc714.pdf,"Enter 
James Fairlie",expression,0.75,30,,,,,137,CREATE
annas-arch-21eb2f4fc714.pdf,"Edrington. 
Glenturret",expression,0.55,,,,,,137,CREATE
annas-arch-21eb2f4fc714.pdf,From April,distillery,0.55,,,,,,137,CREATE
annas-arch-21eb2f4fc714.pdf,Ruadh Maor,expression,0.55,,,,,,137,CREATE
annas-arch-21eb2f4fc714.pdf,Mitchell Bros Ltd,distillery,0.55,,,,,,137,CREATE
annas-arch-21eb2f4fc714.pdf,"Magnus 
Eunson",distillery,0.55,,,,,,138,CREATE
annas-arch-21eb2f4fc714.pdf,Excise Officer,expression,0.55,,,,,,138,CREATE
annas-arch-21eb2f4fc714.pdf,Alexander Wilson,distillery,0.55,,,,,,140,CREATE
annas-arch-21eb2f4fc714.pdf,Buckie Town Council,distillery,0.55,,,,,,140,CREATE
annas-arch-21eb2f4fc714.pdf,Newcastle Breweries,distillery,0.55,,,,,,141,CREATE
annas-arch-21eb2f4fc714.pdf,"Sherry 
Cask Collection",expression,0.55,,,,sherry,,141,CREATE
annas-arch-21eb2f4fc714.pdf,Anthony Wills,expression,0.55,,,,,,142,CREATE
annas-arch-21eb2f4fc714.pdf,Original Cask Strength,expression,0.75,,100,islay,,,142,CREATE
annas-arch-21eb2f4fc714.pdf,Coull Point,expression,0.55,,,,port,,142,CREATE
annas-arch-21eb2f4fc714.pdf,"Kevin 
Abrook",expression,0.55,,,,,,143,CREATE
annas-arch-21eb2f4fc714.pdf,International Distillers,distillery,0.55,,,,wine,,144,CREATE
annas-arch-21eb2f4fc714.pdf,Pacific Spirits,expression,0.55,,,,,,145,CREATE
annas-arch-21eb2f4fc714.pdf,Colin Gordon,bottler,0.55,,,,port,gordon,146,CREATE
annas-arch-21eb2f4fc714.pdf,"Dunyvaig 
Castle",distillery,0.55,,,,,,146,CREATE
annas-arch-21eb2f4fc714.pdf,Ian Hunter,distillery,0.55,,,,,hunter,148,CREATE
annas-arch-21eb2f4fc714.pdf,Edition. Four,expression,0.55,,,,oak,,148,CREATE
annas-arch-21eb2f4fc714.pdf,Beam Suntory Islay,expression,0.55,,,islay,sherry,,148,CREATE
annas-arch-21eb2f4fc714.pdf,Alexander Johnston,distillery,0.55,,,,,,148,CREATE
annas-arch-21eb2f4fc714.pdf,An Cuan Mor,expression,0.75,25,,,port,,149,CREATE
annas-arch-21eb2f4fc714.pdf,Select Quarter Cask,expression,0.55,,,,quarter,,149,CREATE
annas-arch-21eb2f4fc714.pdf,Innes Cameron,distillery,0.55,,,,,,150,CREATE
annas-arch-21eb2f4fc714.pdf,"Director. 
Innes",expression,0.55,,,,,,150,CREATE
annas-arch-21eb2f4fc714.pdf,International Commercial Manager,expression,0.55,,,,,,151,CREATE
annas-arch-21eb2f4fc714.pdf,Mark Van Der,bottler,0.55,,,,,society,151,CREATE
annas-arch-21eb2f4fc714.pdf,"Vijver 
Are",bottler,0.55,,,,,society,151,CREATE
annas-arch-21eb2f4fc714.pdf,"Lomond 
Loch Lomond",distillery,0.55,,,,,,152,CREATE
annas-arch-21eb2f4fc714.pdf,Exponent Private Equity,distillery,0.75,21,,,,,152,CREATE
annas-arch-21eb2f4fc714.pdf,Fine Oak,expression,0.55,,,,oak,,154,CREATE
annas-arch-21eb2f4fc714.pdf,Decanter Series,expression,0.55,,,,,,154,CREATE
annas-arch-21eb2f4fc714.pdf,Alexander Reid,distillery,0.55,,,,,,154,CREATE
annas-arch-21eb2f4fc714.pdf,Roderick Kemp,distillery,0.55,,,,,,154,CREATE
annas-arch-21eb2f4fc714.pdf,Elgin. Kemp,distillery,0.55,,,,,,154,CREATE
annas-arch-21eb2f4fc714.pdf,"The 
Quest Collection",expression,0.55,,,,oak,,155,CREATE
annas-arch-21eb2f4fc714.pdf,"Sia Oak 
Enigma",expression,0.75,12,,highland,oak,,155,CREATE
annas-arch-21eb2f4fc714.pdf,"Reflexion 
Edition No",expression,0.75,12,,,,,155,CREATE
annas-arch-21eb2f4fc714.pdf,Marty Dyke,distillery,0.55,,,,,,156,CREATE
annas-arch-21eb2f4fc714.pdf,Donald Macintosh,distillery,0.55,,,,,gordon,159,CREATE
annas-arch-21eb2f4fc714.pdf,Alexander Gordon,distillery,0.55,,,,,gordon,159,CREATE
annas-arch-21eb2f4fc714.pdf,Alexander Cowie,distillery,0.55,,,,,,159,CREATE
annas-arch-21eb2f4fc714.pdf,Stafford Street,expression,0.55,,,,,,160,CREATE
annas-arch-21eb2f4fc714.pdf,Hugh Stevenson,distillery,0.55,,,,,,160,CREATE
annas-arch-21eb2f4fc714.pdf,Alexander Edwards,distillery,0.55,,,,,,160,CREATE
annas-arch-21eb2f4fc714.pdf,"Noss 
Head",expression,0.55,,,,sherry,,161,CREATE
annas-arch-21eb2f4fc714.pdf,Allied Breweries,distillery,0.55,,,,,,161,CREATE
annas-arch-21eb2f4fc714.pdf,Nairn. But,distillery,0.55,,,,,,162,CREATE
annas-arch-21eb2f4fc714.pdf,"Captain William 
Fraser",distillery,0.55,,,,,,162,CREATE
annas-arch-21eb2f4fc714.pdf,Selected Reserve,expression,0.75,12,,,,,163,CREATE
annas-arch-21eb2f4fc714.pdf,Orkney. Especially,distillery,0.55,,,islands,,,164,CREATE
annas-arch-21eb2f4fc714.pdf,After Germany,expression,0.55,,,,,,164,CREATE
annas-arch-21eb2f4fc714.pdf,Historic Scotland,expression,0.55,,,,,,165,CREATE
annas-arch-21eb2f4fc714.pdf,Bradan Orach,expression,0.75,10,,,,,165,CREATE
annas-arch-21eb2f4fc714.pdf,Hopkins Reserve,expression,0.75,,46,,,,165,CREATE
annas-arch-21eb2f4fc714.pdf,Edward Broughton,distillery,0.55,,,,,,165,CREATE
annas-arch-21eb2f4fc714.pdf,Since Speyside,distillery,0.75,75,,speyside,,,166,CREATE
annas-arch-21eb2f4fc714.pdf,Beinn Dubh,expression,0.55,,,,,,166,CREATE
annas-arch-21eb2f4fc714.pdf,Alex Fairlie,distillery,0.55,,,,,,166,CREATE
annas-arch-21eb2f4fc714.pdf,"When 
Springbank",expression,0.55,,,,,,168,CREATE
annas-arch-21eb2f4fc714.pdf,Mitchell Co Ltd,distillery,0.55,,,,,,168,CREATE
annas-arch-21eb2f4fc714.pdf,Dha Mhile,expression,0.75,12,,,,,168,CREATE
annas-arch-21eb2f4fc714.pdf,Alexander Milne,distillery,0.55,,,,,,170,CREATE
annas-arch-21eb2f4fc714.pdf,"Oddbins. 
Guinness",expression,0.55,,,,,,171,CREATE
annas-arch-21eb2f4fc714.pdf,Neist Point,expression,0.55,,,,,,172,CREATE
annas-arch-21eb2f4fc714.pdf,Bodega Series,expression,0.55,,,,,,172,CREATE
annas-arch-21eb2f4fc714.pdf,Edrington. Still,distillery,0.55,,,,,,174,CREATE
annas-arch-21eb2f4fc714.pdf,When Ian Macleod,expression,0.55,,,,,,174,CREATE
annas-arch-21eb2f4fc714.pdf,"Batch 
Strength",expression,0.75,12,,,sherry,,174,CREATE
annas-arch-21eb2f4fc714.pdf,Dalbeallie Dram,distillery,0.55,,,,,,174,CREATE
annas-arch-21eb2f4fc714.pdf,"Distillery Team 
Limited",distillery,0.75,10,,,,,174,CREATE
annas-arch-21eb2f4fc714.pdf,Macleod Distillers,distillery,0.55,,,,,,174,CREATE
annas-arch-21eb2f4fc714.pdf,Cromarty Firth,distillery,0.55,,,,,,176,CREATE
annas-arch-21eb2f4fc714.pdf,Captain Hugh Monro,expression,0.55,,,,,,176,CREATE
annas-arch-21eb2f4fc714.pdf,Captain Munro,distillery,0.55,,,,,,176,CREATE
annas-arch-21eb2f4fc714.pdf,Panera Dette Lint,expression,0.55,,,,,,177,CREATE
annas-arch-21eb2f4fc714.pdf,Five Virtues,expression,0.55,,,,,,178,CREATE
annas-arch-21eb2f4fc714.pdf,Takara Shuzo Co,distillery,0.55,,,highland,,,178,CREATE
annas-arch-21eb2f4fc714.pdf,Marubeni Corp,distillery,0.55,,,highland,,,178,CREATE
annas-arch-21eb2f4fc714.pdf,Cu Bocan Sherry,expression,0.75,36,,,port,,178,CREATE
annas-arch-21eb2f4fc714.pdf,Cu Bocan Virgin,expression,0.75,44,,,oak,,178,CREATE
annas-arch-21eb2f4fc714.pdf,Peaty Tang,expression,0.75,15,40,,,,179,CREATE
annas-arch-21eb2f4fc714.pdf,"Tornintoul Distillery 
Ltd",distillery,0.55,,,,,,179,CREATE
annas-arch-21eb2f4fc714.pdf,Bailie Nicol Jarvie,expression,0.55,,,,,,181,CREATE
annas-arch-21eb2f4fc714.pdf,Aged Oak,expression,0.75,40,,,oak,,181,CREATE
annas-arch-21eb2f4fc714.pdf,Day. Commissioning,distillery,0.55,,,,,,183,CREATE
annas-arch-21eb2f4fc714.pdf,Garline Springs,distillery,0.55,,,,,,184,CREATE
annas-arch-21eb2f4fc714.pdf,Estate. All,distillery,0.55,,,,,,184,CREATE
annas-arch-21eb2f4fc714.pdf,Fusion Whisky Ltd,expression,0.55,,,,,,184,CREATE
annas-arch-21eb2f4fc714.pdf,Keith Falconer,distillery,0.55,,,,,,184,CREATE
annas-arch-21eb2f4fc714.pdf,"Lowlands 
Founded",distillery,0.55,,,,,,185,CREATE
annas-arch-21eb2f4fc714.pdf,"Ian 
Cuthbert",expression,0.55,,,,,,186,CREATE
annas-arch-21eb2f4fc714.pdf,Summer Relase,expression,0.55,,,,bourbon,,186,CREATE
annas-arch-21eb2f4fc714.pdf,Outer Hebrides,distillery,0.55,,,,,,186,CREATE
annas-arch-21eb2f4fc714.pdf,Uisge Beatha,expression,0.55,,,,,,188,CREATE
annas-arch-21eb2f4fc714.pdf,"Hip Flask 
Series",expression,0.55,,,,,,188,CREATE
annas-arch-21eb2f4fc714.pdf,"Queen 
Victorias Diamond",distillery,0.55,,,,,,189,CREATE
annas-arch-21eb2f4fc714.pdf,Business Park,distillery,0.55,,,,,,189,CREATE
annas-arch-21eb2f4fc714.pdf,Liam Hughes,expression,0.55,,,,,,189,CREATE
annas-arch-21eb2f4fc714.pdf,Mike Hayward,expression,0.55,,,,,,189,CREATE
annas-arch-21eb2f4fc714.pdf,Steven Kearsley,distillery,0.55,,,,,,190,CREATE
annas-arch-21eb2f4fc714.pdf,Italy. Currently,distillery,0.55,,,,,,190,CREATE
annas-arch-21eb2f4fc714.pdf,Hebridean Whisky Trail,distillery,0.55,,,,,,190,CREATE
annas-arch-21eb2f4fc714.pdf,Gunpowder Gin,expression,0.75,,100,,,,190,CREATE
annas-arch-21eb2f4fc714.pdf,Aged Vodka,expression,0.75,,100,,,,190,CREATE
annas-arch-21eb2f4fc714.pdf,Cranachan Vodka,expression,0.75,,100,,,,190,CREATE
annas-arch-21eb2f4fc714.pdf,"Nae 
Torabhaig 
The",distillery,0.55,,,,,,192,CREATE
annas-arch-21eb2f4fc714.pdf,Friar John Cor,expression,0.55,,,,,,193,CREATE
annas-arch-21eb2f4fc714.pdf,Fife. Drew,expression,0.55,,,,,,193,CREATE
annas-arch-21eb2f4fc714.pdf,Aqua Vitae,expression,0.55,,,,,,193,CREATE
annas-arch-21eb2f4fc714.pdf,Tim Carton,distillery,0.55,,,,,,194,CREATE
annas-arch-21eb2f4fc714.pdf,Columba Cream,expression,0.55,,,,,,195,CREATE
annas-arch-21eb2f4fc714.pdf,"The Carn 
Mor",expression,0.55,,,,,,195,CREATE
annas-arch-21eb2f4fc714.pdf,"Cointreau 
Bruichladdich 
David",distillery,0.55,,,,,gordon,197,CREATE
annas-arch-21eb2f4fc714.pdf,Nevis Distillery Ltd,distillery,0.55,,,,,macphail,197,CREATE
annas-arch-21eb2f4fc714.pdf,"Brewing Ltd 
Wolfburn",distillery,0.55,,,,,,197,CREATE
annas-arch-21eb2f4fc714.pdf,Aeneas Coffey,distillery,0.55,,,,,,200,CREATE
annas-arch-21eb2f4fc714.pdf,Alexander Mackay,distillery,0.55,,,,,,200,CREATE
annas-arch-21eb2f4fc714.pdf,Lucy Ramsay,distillery,0.55,,,,,,200,CREATE
annas-arch-21eb2f4fc714.pdf,Queen Elisabeth,distillery,0.55,,,,,,200,CREATE
annas-arch-21eb2f4fc714.pdf,Eventually Ian Macleod,distillery,0.55,,,,,,201,CREATE
annas-arch-21eb2f4fc714.pdf,"Ascot Malt 
Cellar",expression,0.75,8,,,,,201,CREATE
annas-arch-21eb2f4fc714.pdf,British Waterways,distillery,0.55,,,,,,201,CREATE
annas-arch-21eb2f4fc714.pdf,"Demolished 
Region",distillery,0.55,,,speyside,,,202,CREATE
annas-arch-21eb2f4fc714.pdf,"Dismantled 
Region",distillery,0.55,,,speyside,,,202,CREATE
annas-arch-21eb2f4fc714.pdf,Diageo Speyside,distillery,0.55,,,speyside,,,202,CREATE
annas-arch-21eb2f4fc714.pdf,"Demolished 
Glenugie",expression,0.55,,,,,,202,CREATE
annas-arch-21eb2f4fc714.pdf,Ayrshire. Three,distillery,0.55,,,,,,203,CREATE
annas-arch-21eb2f4fc714.pdf,"Lowlands 
Scotland",distillery,0.55,,,,,,203,CREATE
annas-arch-21eb2f4fc714.pdf,"Dismantled 
Owner",distillery,0.55,,,,,,203,CREATE
annas-arch-21eb2f4fc714.pdf,Japan. Comparing,expression,0.55,,,,,,205,CREATE
annas-arch-21eb2f4fc714.pdf,Ghost Series,expression,0.55,,,,,,205,CREATE
annas-arch-21eb2f4fc714.pdf,"Finest 
Whiskies",expression,0.55,,,,,,205,CREATE
annas-arch-21eb2f4fc714.pdf,"Foundations 
Founded",expression,0.55,,,,,,206,CREATE
annas-arch-21eb2f4fc714.pdf,Ketichi Toita,expression,0.55,,,islay,,,206,CREATE
annas-arch-21eb2f4fc714.pdf,Pacific Ocean,expression,0.55,,,,,,206,CREATE
annas-arch-21eb2f4fc714.pdf,All Star,distillery,0.55,,,,,,206,CREATE
annas-arch-21eb2f4fc714.pdf,Experimental Casks,distillery,0.55,,,,,,206,CREATE
annas-arch-21eb2f4fc714.pdf,Tokyo Olympics,expression,0.55,,,,,,206,CREATE
annas-arch-21eb2f4fc714.pdf,But Sasanokawa Shuzo,expression,0.55,,,,,,206,CREATE
annas-arch-21eb2f4fc714.pdf,"Komasa Jozo 
Malt",expression,0.55,,,,,,208,CREATE
annas-arch-21eb2f4fc714.pdf,Coffey Grain,expression,0.55,,,,,,209,CREATE
annas-arch-21eb2f4fc714.pdf,Coffey Gin,expression,0.55,,,,,,209,CREATE
annas-arch-21eb2f4fc714.pdf,Kiuchi Shuzo Ibaraki,expression,0.55,,,,,,210,CREATE
annas-arch-21eb2f4fc714.pdf,Kiuchi Shuzo,distillery,0.55,,,,,,210,CREATE
annas-arch-21eb2f4fc714.pdf,Hitachino Nest,distillery,0.55,,,,,,210,CREATE
annas-arch-21eb2f4fc714.pdf,Isamu Yoneda,expression,0.55,,,,,,210,CREATE
annas-arch-21eb2f4fc714.pdf,Gaia Flow Distilling,distillery,0.55,,,,,,211,CREATE
annas-arch-21eb2f4fc714.pdf,"Komagatake 
Kohiganzakura",expression,0.55,,,,oak,,211,CREATE
annas-arch-21eb2f4fc714.pdf,"Japan. 
Inspired",distillery,0.55,,,,,,211,CREATE
annas-arch-21eb2f4fc714.pdf,"Japan. 
Following",distillery,0.55,,,,,,211,CREATE
annas-arch-21eb2f4fc714.pdf,"Gaia 
Flow",distillery,0.55,,,,,,211,CREATE
annas-arch-21eb2f4fc714.pdf,Taiko Nakamura,distillery,0.55,,,,,,211,CREATE
annas-arch-21eb2f4fc714.pdf,From November,expression,0.55,,,,,,211,CREATE
annas-arch-21eb2f4fc714.pdf,Tatsuro Kusano,distillery,0.55,,,,,,212,CREATE
annas-arch-21eb2f4fc714.pdf,Koki Takehira,distillery,0.55,,,,,,212,CREATE
annas-arch-21eb2f4fc714.pdf,"Japan. 
Not",expression,0.55,,,,,,212,CREATE
annas-arch-21eb2f4fc714.pdf,Japan. These,expression,0.55,,,,,,213,CREATE
annas-arch-21eb2f4fc714.pdf,Peated Release,expression,0.75,12,,,,,213,CREATE
annas-arch-21eb2f4fc714.pdf,"Weed 
Yoichi 
Location",expression,0.55,,,,,,213,CREATE
annas-arch-21eb2f4fc714.pdf,"Hokkaido 
Owner",expression,0.55,,,,,,213,CREATE
annas-arch-21eb2f4fc714.pdf,"Masataka 
Taketsuru",distillery,0.55,,,,,,213,CREATE
annas-arch-21eb2f4fc714.pdf,"Haider 
Roggenreith",expression,0.55,,,,,,216,CREATE
annas-arch-21eb2f4fc714.pdf,Christian Car,distillery,0.55,,,,,,216,CREATE
annas-arch-21eb2f4fc714.pdf,Medium Smoked,expression,0.55,,,,,,216,CREATE
annas-arch-21eb2f4fc714.pdf,Jasmin Haider,expression,0.55,,,,,,216,CREATE
annas-arch-21eb2f4fc714.pdf,"Rogner 
Waldviertel Whisky",expression,0.55,,,,,,216,CREATE
annas-arch-21eb2f4fc714.pdf,"Old 
Raven Smoky",expression,0.55,,,,,,216,CREATE
annas-arch-21eb2f4fc714.pdf,"Keckeis Destillerie 
Rankweil",expression,0.75,4,,,oak,,216,CREATE
annas-arch-21eb2f4fc714.pdf,Etienne Bouillon,expression,0.55,,,,,,217,CREATE
annas-arch-21eb2f4fc714.pdf,Het Anker Distillery,distillery,0.55,,,,,,217,CREATE
annas-arch-21eb2f4fc714.pdf,Czech Republic,distillery,0.55,,,,,,217,CREATE
annas-arch-21eb2f4fc714.pdf,Traditional Reserve,expression,0.55,,,,,,218,CREATE
annas-arch-21eb2f4fc714.pdf,"Denmark 
Fary Lochan",expression,0.55,,,,,,218,CREATE
annas-arch-21eb2f4fc714.pdf,Rum Edition,distillery,0.75,5,,,,,218,CREATE
annas-arch-21eb2f4fc714.pdf,Adventurous Spirit,expression,0.55,,,,,,218,CREATE
annas-arch-21eb2f4fc714.pdf,Dan Szor,distillery,0.55,,,,,,219,CREATE
annas-arch-21eb2f4fc714.pdf,Bassenthwaite Lake,distillery,0.55,,,,,,219,CREATE
annas-arch-21eb2f4fc714.pdf,"British 
Isles",expression,0.55,,,,,,219,CREATE
annas-arch-21eb2f4fc714.pdf,The Quatrefoil Collection,distillery,0.55,,,,,,219,CREATE
annas-arch-21eb2f4fc714.pdf,"Yorkshire Distillery 
Hunmanby",distillery,0.55,,,,,,219,CREATE
annas-arch-21eb2f4fc714.pdf,Hunmanby. All,expression,0.55,,,,,,219,CREATE
annas-arch-21eb2f4fc714.pdf,Distillery Projects Maturing,distillery,0.55,,,,,,219,CREATE
annas-arch-21eb2f4fc714.pdf,Darren Rook,distillery,0.55,,,,,,219,CREATE
annas-arch-21eb2f4fc714.pdf,"Nick 
Taylor",distillery,0.55,,,,,,219,CREATE
annas-arch-21eb2f4fc714.pdf,"Bermondsey. 
Adnams",distillery,0.55,,,,,,219,CREATE
annas-arch-21eb2f4fc714.pdf,"Hereford. 
Chase",distillery,0.55,,,,,,220,CREATE
annas-arch-21eb2f4fc714.pdf,"Warminster 
Maltings",expression,0.55,,,,,,220,CREATE
annas-arch-21eb2f4fc714.pdf,Greg Millar,distillery,0.75,50,,,,,220,CREATE
annas-arch-21eb2f4fc714.pdf,Simon Crow,distillery,0.75,50,,,,,220,CREATE
annas-arch-21eb2f4fc714.pdf,"Wight Distillery 
Newport",distillery,0.55,,,,,,220,CREATE
annas-arch-21eb2f4fc714.pdf,Conrad Gauntlett,distillery,0.55,,,,,,220,CREATE
annas-arch-21eb2f4fc714.pdf,Xavier Baker,distillery,0.55,,,,wine,,220,CREATE
annas-arch-21eb2f4fc714.pdf,Abbie Neilson,distillery,0.55,,,,,,220,CREATE
annas-arch-21eb2f4fc714.pdf,Chris Jaume,distillery,0.55,,,,,,220,CREATE
annas-arch-21eb2f4fc714.pdf,Yorkshire. Equipped,distillery,0.55,,,,,,220,CREATE
annas-arch-21eb2f4fc714.pdf,Mermaid Gin,expression,0.55,,,,,,220,CREATE
annas-arch-21eb2f4fc714.pdf,Leon Warenghem,distillery,0.55,,,,,,220,CREATE
annas-arch-21eb2f4fc714.pdf,Maitre De Chai,expression,0.55,,,,,,221,CREATE
annas-arch-21eb2f4fc714.pdf,Roof Rye,expression,0.55,,,,,,221,CREATE
annas-arch-21eb2f4fc714.pdf,"Mor 
Pleubian",distillery,0.55,,,,,,221,CREATE
annas-arch-21eb2f4fc714.pdf,Jean Donnay,distillery,0.55,,,,,,221,CREATE
annas-arch-21eb2f4fc714.pdf,"Only 
Rye",expression,0.75,,100,,,,221,CREATE
annas-arch-21eb2f4fc714.pdf,"Menhirs 
Plomelin",expression,0.75,,100,,,,221,CREATE
annas-arch-21eb2f4fc714.pdf,Guy Le Lay,distillery,0.55,,,,,,221,CREATE
annas-arch-21eb2f4fc714.pdf,Eddu Silver,expression,0.75,,100,,,,221,CREATE
annas-arch-21eb2f4fc714.pdf,Eddu Gold,expression,0.55,,,,,,221,CREATE
annas-arch-21eb2f4fc714.pdf,Hubert Grallet,expression,0.55,,,,,,221,CREATE
annas-arch-21eb2f4fc714.pdf,Christophe Dupic,expression,0.55,,,,,,221,CREATE
annas-arch-21eb2f4fc714.pdf,"Elsass 
Origine",expression,0.75,6,,,,,221,CREATE
annas-arch-21eb2f4fc714.pdf,Elsass Gold,expression,0.75,6,,,wine,,221,CREATE
annas-arch-21eb2f4fc714.pdf,Elsass Premium,expression,0.75,8,,,wine,,221,CREATE
annas-arch-21eb2f4fc714.pdf,"Miclo 
Lapoutroie",expression,0.75,8,,,,,221,CREATE
annas-arch-21eb2f4fc714.pdf,Welche Cherry Cask,expression,0.55,,,,,,221,CREATE
annas-arch-21eb2f4fc714.pdf,Rhone Alpes,expression,0.55,,,,,,222,CREATE
annas-arch-21eb2f4fc714.pdf,Les Moissons Malt,expression,0.75,,100,,,,222,CREATE
annas-arch-21eb2f4fc714.pdf,Les Mois,expression,0.75,,100,,,,222,CREATE
annas-arch-21eb2f4fc714.pdf,Claude Venturini,distillery,0.55,,,,,,222,CREATE
annas-arch-21eb2f4fc714.pdf,Fanu Venturini,distillery,0.75,12,,,,,222,CREATE
annas-arch-21eb2f4fc714.pdf,"Wambrechies 
Wambrechies",expression,0.55,,,,,,222,CREATE
annas-arch-21eb2f4fc714.pdf,Nouvelle Aquitaine,expression,0.55,,,,,,222,CREATE
annas-arch-21eb2f4fc714.pdf,Allison Pare,expression,0.55,,,,,,222,CREATE
annas-arch-21eb2f4fc714.pdf,Fridolin Meyer,expression,0.55,,,,,,222,CREATE
annas-arch-21eb2f4fc714.pdf,"Oncle Meyer 
Blend",expression,0.55,,,,,,223,CREATE
annas-arch-21eb2f4fc714.pdf,Tharcis Hepp,expression,0.55,,,,,,223,CREATE
annas-arch-21eb2f4fc714.pdf,Jean Metzger,distillery,0.55,,,,,,223,CREATE
annas-arch-21eb2f4fc714.pdf,Jean Michard,expression,0.55,,,,,,223,CREATE
annas-arch-21eb2f4fc714.pdf,Gonny Keizer,expression,0.55,,,,,,223,CREATE
annas-arch-21eb2f4fc714.pdf,"Villanova 
Berbie",expression,0.55,,,,wine,,224,CREATE
annas-arch-21eb2f4fc714.pdf,"La Quintessence 
Herrberg",expression,0.55,,,,,,224,CREATE
annas-arch-21eb2f4fc714.pdf,Sur Loire,expression,0.75,,42,,,,224,CREATE
annas-arch-21eb2f4fc714.pdf,Yann Leroux,expression,0.55,,,,,,224,CREATE
annas-arch-21eb2f4fc714.pdf,Loire Valley,expression,0.55,,,,,,224,CREATE
annas-arch-21eb2f4fc714.pdf,"Seigle. 
Leisen",expression,0.55,,,,,,224,CREATE
annas-arch-21eb2f4fc714.pdf,Sylter Tide,expression,0.55,,,,,,224,CREATE
annas-arch-21eb2f4fc714.pdf,Alexander Buchholz,expression,0.55,,,,,,224,CREATE
annas-arch-21eb2f4fc714.pdf,Gilors Peated,expression,0.75,3,,,,,224,CREATE
annas-arch-21eb2f4fc714.pdf,"Hofmeister 
Fellbach",expression,0.55,,,,,,225,CREATE
annas-arch-21eb2f4fc714.pdf,"Kirsch 
Karlsruhe",expression,0.55,,,,,,225,CREATE
annas-arch-21eb2f4fc714.pdf,Fading Hill,distillery,0.75,5,,,,,226,CREATE
annas-arch-21eb2f4fc714.pdf,Doinich Daal,distillery,0.75,4,,,,,226,CREATE
annas-arch-21eb2f4fc714.pdf,Markische Spezialitaten Brennerei,expression,0.75,18,,,bourbon,,226,CREATE
annas-arch-21eb2f4fc714.pdf,Senft Bodensee Whisky,expression,0.75,5,,,,,226,CREATE
annas-arch-21eb2f4fc714.pdf,"Lohberg 
Wismar",expression,0.75,5,,,,,227,CREATE
annas-arch-21eb2f4fc714.pdf,Sankt Johann,expression,0.75,7,,,,,227,CREATE
annas-arch-21eb2f4fc714.pdf,Tammer. Theurer,expression,0.75,8,,,,,227,CREATE
annas-arch-21eb2f4fc714.pdf,Original Ammertal Whisky,distillery,0.55,,,,,,227,CREATE
annas-arch-21eb2f4fc714.pdf,Der Kolonist,expression,0.55,,,,oak,,228,CREATE
annas-arch-21eb2f4fc714.pdf,"Manufaktur 
Leinefelde",expression,0.55,,,,,,228,CREATE
annas-arch-21eb2f4fc714.pdf,Peated Breeze Edition,expression,0.55,,,,,,228,CREATE
annas-arch-21eb2f4fc714.pdf,"Geuting 
Bocholt Spork",expression,0.55,,,,,,228,CREATE
annas-arch-21eb2f4fc714.pdf,Bad Dirkheim,expression,0.55,,,,,,228,CREATE
annas-arch-21eb2f4fc714.pdf,"Hofbrennerei 
Middelhagen",expression,0.75,5,,,,,228,CREATE
annas-arch-21eb2f4fc714.pdf,Pommerscher Greif,expression,0.55,,,,,,228,CREATE
annas-arch-21eb2f4fc714.pdf,Schaubrennerei Am Hartmannsberg,expression,0.55,,,,,,228,CREATE
annas-arch-21eb2f4fc714.pdf,Bad Belzig,expression,0.55,,,,sherry,,228,CREATE
annas-arch-21eb2f4fc714.pdf,Malty Blend,expression,0.55,,,,,,228,CREATE
annas-arch-21eb2f4fc714.pdf,"Ireland Ba 
Midleton",distillery,0.55,,,,sherry,,229,CREATE
annas-arch-21eb2f4fc714.pdf,Lustau Edition,expression,0.75,21,,,,,229,CREATE
annas-arch-21eb2f4fc714.pdf,"Madness. 
Included",expression,0.55,,,,,,229,CREATE
annas-arch-21eb2f4fc714.pdf,French Limousin,expression,0.75,31,,,oak,,229,CREATE
annas-arch-21eb2f4fc714.pdf,"Old Bonded 
Warehouse",expression,0.55,,,,,,229,CREATE
annas-arch-21eb2f4fc714.pdf,Cider Cask Finish,expression,0.55,,,,,,229,CREATE
annas-arch-21eb2f4fc714.pdf,Carribean Rum Cask,distillery,0.55,,,,,,229,CREATE
annas-arch-21eb2f4fc714.pdf,"Finish. 
Cooley",distillery,0.55,,,,,,229,CREATE
annas-arch-21eb2f4fc714.pdf,"Ceimici 
Teo",distillery,0.55,,,,,,229,CREATE
annas-arch-21eb2f4fc714.pdf,Beam Inc,distillery,0.55,,,,,,229,CREATE
annas-arch-21eb2f4fc714.pdf,"Beam 
Suntory",distillery,0.55,,,,,,229,CREATE
annas-arch-21eb2f4fc714.pdf,Other Tyrconnel,expression,0.75,10,,,,,229,CREATE
annas-arch-21eb2f4fc714.pdf,"The 
Revival Volume",expression,0.75,12,,,,,230,CREATE
annas-arch-21eb2f4fc714.pdf,Mark Reynier,distillery,0.55,,,islay,,,230,CREATE
annas-arch-21eb2f4fc714.pdf,"Ireland 
Kilbeggan Distillery",distillery,0.55,,,,,,230,CREATE
annas-arch-21eb2f4fc714.pdf,"Ireland. 
After",distillery,0.55,,,,,,230,CREATE
annas-arch-21eb2f4fc714.pdf,Pat Cooney,distillery,0.55,,,,,,231,CREATE
annas-arch-21eb2f4fc714.pdf,Mark Anthony Brands,distillery,0.55,,,,,,231,CREATE
annas-arch-21eb2f4fc714.pdf,Noel Sweeney,distillery,0.55,,,,,,231,CREATE
annas-arch-21eb2f4fc714.pdf,"Italy 
Puni Destillerie",expression,0.55,,,,,,231,CREATE
annas-arch-21eb2f4fc714.pdf,"Liechtenstein 
Brennerei Telser",expression,0.55,,,,bourbon,,232,CREATE
annas-arch-21eb2f4fc714.pdf,"The Netherlands 
Zuidam",expression,0.55,,,,,,232,CREATE
annas-arch-21eb2f4fc714.pdf,"Heit Distillery 
Bolsward",distillery,0.55,,,,,,232,CREATE
annas-arch-21eb2f4fc714.pdf,Frysk Hynder,distillery,0.55,,,,,,232,CREATE
annas-arch-21eb2f4fc714.pdf,Sculte Twentse Whisky,expression,0.55,,,,,,232,CREATE
annas-arch-21eb2f4fc714.pdf,"Lepelaar Distillery 
Texel",distillery,0.55,,,,,,232,CREATE
annas-arch-21eb2f4fc714.pdf,Anniversary Edition,distillery,0.55,,,,,,232,CREATE
annas-arch-21eb2f4fc714.pdf,Shane Braniff,distillery,0.55,,,,,,233,CREATE
annas-arch-21eb2f4fc714.pdf,Ards Peninsula,distillery,0.55,,,,,,233,CREATE
annas-arch-21eb2f4fc714.pdf,"Norway 
Det Norske",expression,0.55,,,,,,233,CREATE
annas-arch-21eb2f4fc714.pdf,Eiktyrne Rin,expression,0.55,,,,,,233,CREATE
annas-arch-21eb2f4fc714.pdf,"Norway 
Myken Distillery",distillery,0.55,,,,,,233,CREATE
annas-arch-21eb2f4fc714.pdf,"November. 
Arcus",expression,0.55,,,,,,233,CREATE
annas-arch-21eb2f4fc714.pdf,Stig Bareksten,expression,0.55,,,,,,233,CREATE
annas-arch-21eb2f4fc714.pdf,"Arco 
Segovia",distillery,0.55,,,,,,233,CREATE
annas-arch-21eb2f4fc714.pdf,Roger Melander,distillery,0.55,,,,,,234,CREATE
annas-arch-21eb2f4fc714.pdf,Orazio. Two,expression,0.55,,,,,,234,CREATE
annas-arch-21eb2f4fc714.pdf,"Expedition. 
Spirit",expression,0.55,,,,,,234,CREATE
annas-arch-21eb2f4fc714.pdf,Par Caldenby,expression,0.55,,,,,,235,CREATE
annas-arch-21eb2f4fc714.pdf,Sherry Quarters,expression,0.75,5,,,sherry,,235,CREATE
annas-arch-21eb2f4fc714.pdf,"Sweden 
Norrtelje Brenneri",expression,0.55,,,,oak,,235,CREATE
annas-arch-21eb2f4fc714.pdf,"Uppsala Destilleri 
Uppsala",expression,0.55,,,,,,235,CREATE
annas-arch-21eb2f4fc714.pdf,"Agitator Whiskymakare 
Arboga",expression,0.75,,10,,,,235,CREATE
annas-arch-21eb2f4fc714.pdf,"Switzerland 
Whisky Castle",expression,0.55,,,,,,235,CREATE
annas-arch-21eb2f4fc714.pdf,Ruedi Kaser,distillery,0.55,,,,,,235,CREATE
annas-arch-21eb2f4fc714.pdf,Edition Kaser,expression,0.75,5,58,,oak,,235,CREATE
annas-arch-21eb2f4fc714.pdf,Spain. Snow,expression,0.55,,,,wine,,235,CREATE
annas-arch-21eb2f4fc714.pdf,"Switzerland 
Langatun Distillery",distillery,0.55,,,,,,235,CREATE
annas-arch-21eb2f4fc714.pdf,"Bauernhofbrennerei Liithy 
Muhen",expression,0.55,,,,,,236,CREATE
annas-arch-21eb2f4fc714.pdf,Herr Liithy,expression,0.55,,,,,,236,CREATE
annas-arch-21eb2f4fc714.pdf,"Graggen Distillerie 
Lauerz",distillery,0.55,,,,,,236,CREATE
annas-arch-21eb2f4fc714.pdf,"Wales 
Penderyn Distillery",distillery,0.75,10,,,,,236,CREATE
annas-arch-21eb2f4fc714.pdf,"Wales 
Da Mhile",distillery,0.55,,,,,,236,CREATE
annas-arch-21eb2f4fc714.pdf,Remy Cointreau,distillery,0.55,,,,,,237,CREATE
annas-arch-21eb2f4fc714.pdf,Baby Blue,expression,0.55,,,,,,237,CREATE
annas-arch-21eb2f4fc714.pdf,"Texas 
Rum",expression,0.55,,,,bourbon,,237,CREATE
annas-arch-21eb2f4fc714.pdf,Texas Blue Corn,expression,0.55,,,,bourbon,,237,CREATE
annas-arch-21eb2f4fc714.pdf,"Strength. 
All",expression,0.55,,,,bourbon,,237,CREATE
annas-arch-21eb2f4fc714.pdf,Jess Graber,distillery,0.55,,,,,,237,CREATE
annas-arch-21eb2f4fc714.pdf,Proximo Spirits,distillery,0.55,,,,,,237,CREATE
annas-arch-21eb2f4fc714.pdf,"Diamond 
Peak",expression,0.75,4,,,,,237,CREATE
annas-arch-21eb2f4fc714.pdf,Manhattan Rye,expression,0.55,,,,oak,,238,CREATE
annas-arch-21eb2f4fc714.pdf,Maple Cask Rye,expression,0.55,,,,oak,,238,CREATE
annas-arch-21eb2f4fc714.pdf,Bryan Schultz,expression,0.75,,100,,,,238,CREATE
annas-arch-21eb2f4fc714.pdf,Montana Pure Malt,expression,0.55,,,,,,238,CREATE
annas-arch-21eb2f4fc714.pdf,Rick Wasmund,distillery,0.55,,,,,,238,CREATE
annas-arch-21eb2f4fc714.pdf,Darek Bell,distillery,0.55,,,,,,238,CREATE
annas-arch-21eb2f4fc714.pdf,Andrew Webber,distillery,0.55,,,,,,238,CREATE
annas-arch-21eb2f4fc714.pdf,Bowling Green,distillery,0.55,,,,,,238,CREATE
annas-arch-21eb2f4fc714.pdf,Christian Krogstad,distillery,0.55,,,,,,239,CREATE
annas-arch-21eb2f4fc714.pdf,Dead Distillers,distillery,0.55,,,,,,239,CREATE
annas-arch-21eb2f4fc714.pdf,Chris Allwood,distillery,0.55,,,,,,239,CREATE
annas-arch-21eb2f4fc714.pdf,"The Pine 
Barrens",expression,0.55,,,,,,239,CREATE
annas-arch-21eb2f4fc714.pdf,Ollie Mulligan,distillery,0.55,,,,,,239,CREATE
annas-arch-21eb2f4fc714.pdf,"Solera 
Aged Bourbon",distillery,0.55,,,,bourbon,,239,CREATE
annas-arch-21eb2f4fc714.pdf,Double Cask Rye,expression,0.55,,,,,,239,CREATE
annas-arch-21eb2f4fc714.pdf,Dead Guy Whiskey,expression,0.55,,,,,,240,CREATE
annas-arch-21eb2f4fc714.pdf,Tygh Valley,expression,0.55,,,,,,240,CREATE
annas-arch-21eb2f4fc714.pdf,"Peat 
Smoked",expression,0.55,,,,,,240,CREATE
annas-arch-21eb2f4fc714.pdf,Cherrywood Smoked,expression,0.55,,,,,,240,CREATE
annas-arch-21eb2f4fc714.pdf,"The 
Benevolent Czar",expression,0.55,,,,bourbon,,240,CREATE
annas-arch-21eb2f4fc714.pdf,Peated Wheat Whiskey,expression,0.55,,,,port,,240,CREATE
annas-arch-21eb2f4fc714.pdf,"Cutwater 
Spirits",distillery,0.55,,,,,,241,CREATE
annas-arch-21eb2f4fc714.pdf,Dueling Barrels Brewery,distillery,0.55,,,,,,241,CREATE
annas-arch-21eb2f4fc714.pdf,Zeppelin Bend,expression,0.75,3,,,,,242,CREATE
annas-arch-21eb2f4fc714.pdf,Beer Barrel Bourbon,expression,0.55,,,,sherry,,242,CREATE
annas-arch-21eb2f4fc714.pdf,Beer Barrel Rye,expression,0.55,,,,sherry,,242,CREATE
annas-arch-21eb2f4fc714.pdf,Ravenswood Rye,distillery,0.55,,,,,,242,CREATE
annas-arch-21eb2f4fc714.pdf,Sturgeon Bay,distillery,0.55,,,,,,242,CREATE
annas-arch-21eb2f4fc714.pdf,Painted Stave Distilling,distillery,0.55,,,,bourbon,,242,CREATE
annas-arch-21eb2f4fc714.pdf,Brooklyn Spirits Trail,distillery,0.55,,,,,,242,CREATE
annas-arch-21eb2f4fc714.pdf,Civilized Bourbon,distillery,0.55,,,,bourbon,,242,CREATE
annas-arch-21eb2f4fc714.pdf,Maine Craft Distilling,distillery,0.55,,,,,,242,CREATE
annas-arch-21eb2f4fc714.pdf,Fifty Stone,expression,0.55,,,,,,242,CREATE
annas-arch-21eb2f4fc714.pdf,"Howls Distillery 
Seattle",distillery,0.55,,,,,,242,CREATE
annas-arch-21eb2f4fc714.pdf,"Montgomery Distillery 
Missoula",distillery,0.55,,,,bourbon,,243,CREATE
annas-arch-21eb2f4fc714.pdf,Texas Bourbon,expression,0.55,,,,bourbon,,243,CREATE
annas-arch-21eb2f4fc714.pdf,Borgata American Single,expression,0.55,,,,,,243,CREATE
annas-arch-21eb2f4fc714.pdf,"Vikre Distillery 
Duluth",distillery,0.55,,,,,,243,CREATE
annas-arch-21eb2f4fc714.pdf,Gunflint Bourbon,expression,0.55,,,,bourbon,,243,CREATE
annas-arch-21eb2f4fc714.pdf,Salt Lake City,distillery,0.55,,,,,,243,CREATE
annas-arch-21eb2f4fc714.pdf,"Harbor Distillery 
Oak",distillery,0.55,,,,oak,,244,CREATE
annas-arch-21eb2f4fc714.pdf,Orange County Distillery,distillery,0.55,,,,oak,,244,CREATE
annas-arch-21eb2f4fc714.pdf,Key West Distilling,distillery,0.55,,,,,,244,CREATE
annas-arch-21eb2f4fc714.pdf,Rodeo Rye,expression,0.55,,,,bourbon,,244,CREATE
annas-arch-21eb2f4fc714.pdf,Idle Hour,expression,0.55,,,,,,244,CREATE
annas-arch-21eb2f4fc714.pdf,Vashon Island,distillery,0.55,,,,,,244,CREATE
annas-arch-21eb2f4fc714.pdf,Reclamation American Single,expression,0.55,,,,bourbon,,244,CREATE
annas-arch-21eb2f4fc714.pdf,Damnation Alley Distillery,distillery,0.55,,,,,,245,CREATE
annas-arch-21eb2f4fc714.pdf,Quincy Street Distillery,distillery,0.55,,,,,,245,CREATE
annas-arch-21eb2f4fc714.pdf,Putnam New England,distillery,0.55,,,,,,245,CREATE
annas-arch-21eb2f4fc714.pdf,Liquid Riot Bottling,expression,0.55,,,,,,245,CREATE
annas-arch-21eb2f4fc714.pdf,Cannon Beach Distillery,distillery,0.55,,,,,,245,CREATE
annas-arch-21eb2f4fc714.pdf,Street Distilling Co,distillery,0.55,,,,oak,,245,CREATE
annas-arch-21eb2f4fc714.pdf,"Sound Spirits 
Seattle",expression,0.75,,100,,,,245,CREATE
annas-arch-21eb2f4fc714.pdf,Madame Damnable,expression,0.75,3,,,,,245,CREATE
annas-arch-21eb2f4fc714.pdf,"Skies Distillery 
Grand",distillery,0.55,,,,,,246,CREATE
annas-arch-21eb2f4fc714.pdf,"Dorwood Distillery 
Buellton",distillery,0.55,,,,,,246,CREATE
annas-arch-21eb2f4fc714.pdf,Their Colorado Single,expression,0.55,,,,,,246,CREATE
annas-arch-21eb2f4fc714.pdf,Lyon Distilling Co,distillery,0.55,,,,,,246,CREATE
annas-arch-21eb2f4fc714.pdf,Dirty Water Distillery,distillery,0.55,,,,,,246,CREATE
annas-arch-21eb2f4fc714.pdf,Boat For Sale,expression,0.55,,,,,,246,CREATE
annas-arch-21eb2f4fc714.pdf,Independent Fermentations,bottler,0.55,,,,,independent,246,CREATE
annas-arch-21eb2f4fc714.pdf,Motor City Gas,expression,0.75,,51,,oak,,246,CREATE
annas-arch-21eb2f4fc714.pdf,Farm Winery,distillery,0.75,1,100,,,,247,CREATE
annas-arch-21eb2f4fc714.pdf,Old Home Distillers,distillery,0.55,,,,,,247,CREATE
annas-arch-21eb2f4fc714.pdf,Arnold Holstein,expression,0.55,,,,,,247,CREATE
annas-arch-21eb2f4fc714.pdf,"Amalga Distillery 
Juneau",distillery,0.55,,,,,,247,CREATE
annas-arch-21eb2f4fc714.pdf,Andrew Norman,expression,0.55,,,,,,247,CREATE
annas-arch-21eb2f4fc714.pdf,Fainting Goat,expression,0.55,,,,,,247,CREATE
annas-arch-21eb2f4fc714.pdf,Bogue Sound Distillery,distillery,0.55,,,,,,248,CREATE
annas-arch-21eb2f4fc714.pdf,Alexandria Bay,expression,0.55,,,,,,248,CREATE
annas-arch-21eb2f4fc714.pdf,Eleanor Glen,distillery,0.75,3,,,,,248,CREATE
annas-arch-21eb2f4fc714.pdf,Vancouver Island,distillery,0.75,3,,,,,248,CREATE
annas-arch-21eb2f4fc714.pdf,British Columbia,distillery,0.55,,,,,,248,CREATE
annas-arch-21eb2f4fc714.pdf,"Mac 
Na Braiche",expression,0.55,,,,,,248,CREATE
annas-arch-21eb2f4fc714.pdf,Twa Cask Collection,expression,0.55,,,,,,248,CREATE
annas-arch-21eb2f4fc714.pdf,Toasted Chamomile Old,expression,0.55,,,,,,248,CREATE
annas-arch-21eb2f4fc714.pdf,Nova Scotia,distillery,0.55,,,,,,248,CREATE
annas-arch-21eb2f4fc714.pdf,Ghleann Dubh,expression,0.75,13,,,,,248,CREATE
annas-arch-21eb2f4fc714.pdf,Lacey Crocker,expression,0.55,,,,,,249,CREATE
annas-arch-21eb2f4fc714.pdf,The Dubh Glas,distillery,0.55,,,,,,249,CREATE
annas-arch-21eb2f4fc714.pdf,Noteworthy Gin,expression,0.55,,,,,,249,CREATE
annas-arch-21eb2f4fc714.pdf,Turner Valley,distillery,0.55,,,,,,249,CREATE
annas-arch-21eb2f4fc714.pdf,Bill Lark,distillery,0.75,53,,,,,250,CREATE
annas-arch-21eb2f4fc714.pdf,Revolution Release,distillery,0.55,,,,,,250,CREATE
annas-arch-21eb2f4fc714.pdf,Double Wood,expression,0.55,,,,bourbon,,250,CREATE
annas-arch-21eb2f4fc714.pdf,French Oak,expression,0.55,,,,bourbon,,250,CREATE
annas-arch-21eb2f4fc714.pdf,Adam Sable,distillery,0.55,,,,,,250,CREATE
annas-arch-21eb2f4fc714.pdf,Casey Overeem,distillery,0.55,,,,,,250,CREATE
annas-arch-21eb2f4fc714.pdf,Margaret River,distillery,0.55,,,,,,250,CREATE
annas-arch-21eb2f4fc714.pdf,Joadja Creek Distillery,distillery,0.55,,,,,,250,CREATE
annas-arch-21eb2f4fc714.pdf,Keith Batt,distillery,0.55,,,,,,251,CREATE
annas-arch-21eb2f4fc714.pdf,Redlands Estate Distillery,distillery,0.55,,,,,,251,CREATE
annas-arch-21eb2f4fc714.pdf,Derwent Valley,distillery,0.55,,,,,,251,CREATE
annas-arch-21eb2f4fc714.pdf,Dysart House,distillery,0.55,,,,,,251,CREATE
annas-arch-21eb2f4fc714.pdf,"Joadja Distillery 
Joadja",distillery,0.75,2,,,,,251,CREATE
annas-arch-21eb2f4fc714.pdf,"Shene Distillery 
Pontville",distillery,0.55,,,,,,252,CREATE
annas-arch-21eb2f4fc714.pdf,Damian Mackey,expression,0.55,,,,,,252,CREATE
annas-arch-21eb2f4fc714.pdf,"Bay Distillery 
Weymouth",distillery,0.55,,,,,,252,CREATE
annas-arch-21eb2f4fc714.pdf,"Applewood Distillery 
Gumeracha",distillery,0.55,,,,sherry,,252,CREATE
annas-arch-21eb2f4fc714.pdf,Kristy Booth,distillery,0.55,,,,,,252,CREATE
annas-arch-21eb2f4fc714.pdf,Corra Linn Distillery,distillery,0.55,,,,,,252,CREATE
annas-arch-21eb2f4fc714.pdf,"Adams Distillery 
Perth",distillery,0.55,,,,,,252,CREATE
annas-arch-21eb2f4fc714.pdf,Molonglo River,distillery,0.55,,,,,,252,CREATE
annas-arch-21eb2f4fc714.pdf,Jason Bourne,distillery,0.55,,,,,,253,CREATE
annas-arch-21eb2f4fc714.pdf,"Coburns Distillery 
Burrawang",distillery,0.55,,,,,,253,CREATE
annas-arch-21eb2f4fc714.pdf,Mark Coburn,distillery,0.55,,,,,,253,CREATE
annas-arch-21eb2f4fc714.pdf,Hallertau Brewery,distillery,0.55,,,,,,253,CREATE
annas-arch-21eb2f4fc714.pdf,"Asia 
India Amrut",expression,0.55,,,,,,253,CREATE
annas-arch-21eb2f4fc714.pdf,"Bangalore Blue 
Brandy",expression,0.55,,,,,,254,CREATE
annas-arch-21eb2f4fc714.pdf,Madeira Cask Finish,expression,0.55,,,,,,254,CREATE
annas-arch-21eb2f4fc714.pdf,Original Choice,expression,0.55,,,,,,254,CREATE
annas-arch-21eb2f4fc714.pdf,Select Cask Peated,expression,0.55,,,,,,254,CREATE
annas-arch-21eb2f4fc714.pdf,Uttar Pradesh,distillery,0.55,,,,,,254,CREATE
annas-arch-21eb2f4fc714.pdf,"Honey Distillery 
Tel",distillery,0.55,,,,,,254,CREATE
annas-arch-21eb2f4fc714.pdf,"Lital 
Kalkshtein",distillery,0.55,,,,,,254,CREATE
annas-arch-21eb2f4fc714.pdf,Levantine Gin,distillery,0.55,,,,,,254,CREATE
annas-arch-21eb2f4fc714.pdf,Visitor Center,distillery,0.55,,,,,,254,CREATE
annas-arch-21eb2f4fc714.pdf,The Golan Heights,distillery,0.55,,,,,,254,CREATE
annas-arch-21eb2f4fc714.pdf,Golan Heights Winery,expression,0.55,,,,wine,,254,CREATE
annas-arch-21eb2f4fc714.pdf,Vintage Gold,expression,0.75,12,,islay,,,254,CREATE
annas-arch-21eb2f4fc714.pdf,Taiwan Kavalan Distillery,distillery,0.55,,,,,,255,CREATE
annas-arch-21eb2f4fc714.pdf,Yilan County,distillery,0.55,,,,,,255,CREATE
annas-arch-21eb2f4fc714.pdf,Ian Chang,expression,0.55,,,,,,255,CREATE
annas-arch-21eb2f4fc714.pdf,Taipei. Following,distillery,0.55,,,,,,255,CREATE
annas-arch-21eb2f4fc714.pdf,"Tatwan 
Nantou Distillery",distillery,0.55,,,,,,256,CREATE
annas-arch-21eb2f4fc714.pdf,"Africa 
South Africa",distillery,0.55,,,,,,256,CREATE
annas-arch-21eb2f4fc714.pdf,Amarula Cream,distillery,0.55,,,,,,256,CREATE
annas-arch-21eb2f4fc714.pdf,Premium Select,expression,0.75,5,,,,,256,CREATE
annas-arch-21eb2f4fc714.pdf,Bourbon Cask Finish,expression,0.75,,100,,bourbon,,256,CREATE
annas-arch-21eb2f4fc714.pdf,Andy Watts,distillery,0.75,25,,,,,256,CREATE
annas-arch-21eb2f4fc714.pdf,Patagonian Andes,distillery,0.55,,,,,,257,CREATE
annas-arch-21eb2f4fc714.pdf,Haidd Merlys,expression,0.75,4,,,,,257,CREATE
annas-arch-21eb2f4fc714.pdf,"Argentina 
Distillery Emilio",distillery,0.55,,,,,,257,CREATE
annas-arch-21eb2f4fc714.pdf,"Cia 
Lujan",distillery,0.55,,,,,,257,CREATE
annas-arch-21eb2f4fc714.pdf,Buenos Aires,distillery,0.55,,,,,,257,CREATE
annas-arch-21eb2f4fc714.pdf,"Lago 
Puelo",distillery,0.55,,,,,,257,CREATE
annas-arch-21eb2f4fc714.pdf,"Madoc Distillery 
Dina",distillery,0.55,,,,,,257,CREATE
annas-arch-21eb2f4fc714.pdf,Rio Negro,distillery,0.55,,,,,,257,CREATE
annas-arch-21eb2f4fc714.pdf,Dina Huapi,distillery,0.55,,,,,,257,CREATE
annas-arch-21eb2f4fc714.pdf,"Brazil 
Union Distillery",distillery,0.55,,,,,,257,CREATE
annas-arch-21eb2f4fc714.pdf,Industries Ltd,expression,0.55,,,,wine,,257,CREATE
annas-arch-21eb2f4fc714.pdf,"Muraro Bebidas 
Flores",expression,0.55,,,,,,257,CREATE
annas-arch-21eb2f4fc714.pdf,Blend Seven,expression,0.55,,,,,,257,CREATE
annas-arch-21eb2f4fc714.pdf,"Total. 
Value",expression,0.55,,,,,,258,CREATE
annas-arch-21eb2f4fc714.pdf,Angola. Still,expression,0.75,,70,,,,261,CREATE
annas-arch-21eb2f4fc714.pdf,"Norway. 
Europe",expression,0.75,,14,,,,262,CREATE
annas-arch-21eb2f4fc714.pdf,Ivan Menezes,expression,0.55,,,,,,262,CREATE
annas-arch-21eb2f4fc714.pdf,Jane Walker,expression,0.55,,,,,,263,CREATE
annas-arch-21eb2f4fc714.pdf,Hautes Glaces,distillery,0.55,,,,,,265,CREATE
annas-arch-21eb2f4fc714.pdf,Latin America,expression,0.55,,,,,,266,CREATE
annas-arch-21eb2f4fc714.pdf,Rob Carpenter,distillery,0.55,,,,,,268,CREATE
annas-arch-21eb2f4fc714.pdf,"Engine 
Shed",distillery,0.75,80,,,,,268,CREATE
annas-arch-21eb2f4fc714.pdf,"Ocean Terminal 
Shopping",distillery,0.55,,,,,,268,CREATE
annas-arch-21eb2f4fc714.pdf,Graham Street,distillery,0.55,,,,,,268,CREATE
annas-arch-21eb2f4fc714.pdf,Halewood Wines,distillery,0.55,,,,,,268,CREATE
annas-arch-21eb2f4fc714.pdf,Sukhinder Singh,expression,0.55,,,,,,268,CREATE
annas-arch-21eb2f4fc714.pdf,Sandy Bulloch,distillery,0.55,,,,,,269,CREATE
annas-arch-21eb2f4fc714.pdf,"Clutha. 
After",distillery,0.55,,,,,,269,CREATE
annas-arch-21eb2f4fc714.pdf,Boban Costin,distillery,0.55,,,,,,270,CREATE
annas-arch-21eb2f4fc714.pdf,"Elizabeth 
Sunderland",expression,0.55,,,,,,270,CREATE
annas-arch-21eb2f4fc714.pdf,"Firma 
Carl",distillery,0.55,,,,,,270,CREATE
annas-arch-21eb2f4fc714.pdf,Steelworks Investments,expression,0.55,,,,,,271,CREATE
annas-arch-21eb2f4fc714.pdf,Neil Stewart,distillery,0.75,00,,,,,271,CREATE
annas-arch-21eb2f4fc714.pdf,Ebrington Square,distillery,0.55,,,,,,271,CREATE
annas-arch-21eb2f4fc714.pdf,Niche Drinks,distillery,0.55,,,,,,271,CREATE
annas-arch-21eb2f4fc714.pdf,Carryduff. Planning,distillery,0.55,,,,,,271,CREATE
annas-arch-21eb2f4fc714.pdf,Viking Pride,expression,0.75,18,,,,,272,CREATE
annas-arch-21eb2f4fc714.pdf,"Boynsmill. 
Another",distillery,0.75,10,,,,,273,CREATE
annas-arch-21eb2f4fc714.pdf,Peat Week,expression,0.55,,,,,,273,CREATE
annas-arch-21eb2f4fc714.pdf,Own Selection,expression,0.55,,,,,,274,CREATE
annas-arch-21eb2f4fc714.pdf,Exceptional Casks Collection,expression,0.55,,,,,,275,CREATE
annas-arch-21eb2f4fc714.pdf,Sherry Cask Matured,expression,0.55,,,speyside,sherry,,275,CREATE
annas-arch-21eb2f4fc714.pdf,Peated Cask Matured,expression,0.55,,,speyside,sherry,,275,CREATE
annas-arch-21eb2f4fc714.pdf,"Edrington. 
Speyside",expression,0.75,,44.2,speyside,,,275,CREATE
annas-arch-21eb2f4fc714.pdf,Brian Symington,bottler,0.55,,,,,signatory,275,CREATE
annas-arch-21eb2f4fc714.pdf,"Cask Strength 
Collection",expression,0.55,,,,,,275,CREATE
annas-arch-21eb2f4fc714.pdf,"Perthshire. 
Ian",distillery,0.55,,,,,signatory,275,CREATE
annas-arch-21eb2f4fc714.pdf,Regional Malts,expression,0.75,0,,,,,275,CREATE
annas-arch-21eb2f4fc714.pdf,Robin Tucek,expression,0.55,,,,,,275,CREATE
annas-arch-21eb2f4fc714.pdf,Creative Whisky Company,expression,0.75,,46,,,,275,CREATE
annas-arch-21eb2f4fc714.pdf,"The 
Exclusive Malts",expression,0.55,,,,,,275,CREATE
annas-arch-21eb2f4fc714.pdf,Exclusive Regions,expression,0.55,,,,,,275,CREATE
annas-arch-21eb2f4fc714.pdf,"Exclusive 
Blends",expression,0.55,,,,,,275,CREATE
annas-arch-21eb2f4fc714.pdf,Five Stars,expression,0.75,12,,,,,276,CREATE
annas-arch-21eb2f4fc714.pdf,Exotic Cargo,expression,0.75,10,,,,,276,CREATE
annas-arch-21eb2f4fc714.pdf,Aceo Ltd,distillery,0.55,,,,,,276,CREATE
annas-arch-21eb2f4fc714.pdf,Select Grain,distillery,0.55,,,,,,276,CREATE
annas-arch-21eb2f4fc714.pdf,Spice Tree,expression,0.55,,,,,,276,CREATE
annas-arch-21eb2f4fc714.pdf,Limited Range,expression,0.55,,,,,,276,CREATE
annas-arch-21eb2f4fc714.pdf,The Peat Monster,expression,0.55,,,islay,,,276,CREATE
annas-arch-21eb2f4fc714.pdf,Hedonism The Muse,expression,0.55,,,,,,276,CREATE
annas-arch-21eb2f4fc714.pdf,"Blend 
Your Own",expression,0.75,14,,,,,276,CREATE
annas-arch-21eb2f4fc714.pdf,Dram Club,expression,0.55,,,,,,276,CREATE
annas-arch-21eb2f4fc714.pdf,Atom Drinks,expression,0.55,,,,,,277,CREATE
annas-arch-21eb2f4fc714.pdf,Atom Brands,bottler,0.55,,,,,independent,277,CREATE
annas-arch-21eb2f4fc714.pdf,Palo Cortado,expression,0.55,,,,sherry,,277,CREATE
annas-arch-21eb2f4fc714.pdf,Moscatel Sherry,expression,0.55,,,,sherry,,277,CREATE
annas-arch-21eb2f4fc714.pdf,Moscatel Cask Finish,expression,0.75,6,,,,,277,CREATE
annas-arch-21eb2f4fc714.pdf,Germany. His,expression,0.55,,,,,,277,CREATE
annas-arch-21eb2f4fc714.pdf,The Perfect Dram,expression,0.55,,,,,,277,CREATE
annas-arch-21eb2f4fc714.pdf,Spica. North,expression,0.75,20,,,,,277,CREATE
annas-arch-21eb2f4fc714.pdf,Andrew Dewar,expression,0.55,,,,,,277,CREATE
annas-arch-21eb2f4fc714.pdf,Premier Barrel,expression,0.75,,46,,,,278,CREATE
annas-arch-21eb2f4fc714.pdf,Double Barrel,expression,0.55,,,,,,278,CREATE
annas-arch-21eb2f4fc714.pdf,Remarkable Region Malts,expression,0.55,,,,,,278,CREATE
annas-arch-21eb2f4fc714.pdf,Amazing Casks,expression,0.55,,,,,,278,CREATE
annas-arch-21eb2f4fc714.pdf,Spice King,expression,0.75,,46,,,,279,CREATE
annas-arch-21eb2f4fc714.pdf,"Peat 
Chimney",expression,0.75,,46,,,,279,CREATE
annas-arch-21eb2f4fc714.pdf,Nectar Grove,expression,0.55,,,,,,279,CREATE
annas-arch-21eb2f4fc714.pdf,Flaming Feast,expression,0.55,,,highland,bourbon,,279,CREATE
annas-arch-21eb2f4fc714.pdf,Jewish Whisky Company,expression,0.55,,,,,,279,CREATE
annas-arch-21eb2f4fc714.pdf,Jason Johnstone,expression,0.55,,,,,,279,CREATE
annas-arch-21eb2f4fc714.pdf,Joshua Hatton,expression,0.55,,,,,,279,CREATE
annas-arch-21eb2f4fc714.pdf,Seth Klaskin,bottler,0.55,,,,,independent,279,CREATE
annas-arch-21eb2f4fc714.pdf,Andrew. There,expression,0.55,,,,,,279,CREATE
annas-arch-21eb2f4fc714.pdf,"Was 
Mortlach",expression,0.75,22,54.2,,,,279,CREATE
annas-arch-21eb2f4fc714.pdf,Brian Crook,expression,0.55,,,,,,280,CREATE
annas-arch-21eb2f4fc714.pdf,Sherry Finish,expression,0.75,,40,,port,,280,CREATE
annas-arch-21eb2f4fc714.pdf,Choice. They,expression,0.75,,46,,,,280,CREATE
annas-arch-21eb2f4fc714.pdf,Super Premium Aged,expression,0.55,,,,,,280,CREATE
annas-arch-21eb2f4fc714.pdf,Cadenhead Range,bottler,0.75,,46,,,cadenhead,280,CREATE
annas-arch-21eb2f4fc714.pdf,"Export Director 
Paul",expression,0.55,,,,,,281,CREATE
annas-arch-21eb2f4fc714.pdf,Peated Edition,expression,0.75,,43,,,,281,CREATE
annas-arch-21eb2f4fc714.pdf,Perth. Meanwhile,distillery,0.55,,,,,,281,CREATE
annas-arch-21eb2f4fc714.pdf,Whisky Fair Limburg,expression,0.55,,,,,,281,CREATE
annas-arch-21eb2f4fc714.pdf,Germany. Around,expression,0.55,,,,,,281,CREATE
annas-arch-21eb2f4fc714.pdf,Iain Hamilton,expression,0.55,,,,,,281,CREATE
annas-arch-21eb2f4fc714.pdf,The Library Collection,expression,0.55,,,,,,281,CREATE
annas-arch-21eb2f4fc714.pdf,"Martin 
Diekmann",expression,0.55,,,,,,281,CREATE
annas-arch-21eb2f4fc714.pdf,Cosmopolitan Centre,expression,0.55,,,,,,282,CREATE
annas-arch-21eb2f4fc714.pdf,"Knox Street 
Double",expression,0.55,,,,,,282,CREATE
annas-arch-21eb2f4fc714.pdf,Pinkernells Whisky Market,expression,0.55,,,,,,282,CREATE
annas-arch-21eb2f4fc714.pdf,"Salzburg 
Phone",expression,0.55,,,,,,282,CREATE
annas-arch-21eb2f4fc714.pdf,"Zottegem 
Phone",expression,0.55,,,,,,282,CREATE
annas-arch-21eb2f4fc714.pdf,"Antwerpen 
Phone",expression,0.55,,,,,,282,CREATE
annas-arch-21eb2f4fc714.pdf,Avenue Rodolphe Gossia,expression,0.55,,,,,,282,CREATE
annas-arch-21eb2f4fc714.pdf,"Jauche 
Phone",expression,0.55,,,,,,282,CREATE
annas-arch-21eb2f4fc714.pdf,"Calgary 
Alberta",expression,0.55,,,,,,282,CREATE
annas-arch-21eb2f4fc714.pdf,"Denmark 
Kongensgade",bottler,0.55,,,,,cadenhead,282,CREATE
annas-arch-21eb2f4fc714.pdf,Sjolund Gade,expression,0.55,,,,,,282,CREATE
annas-arch-21eb2f4fc714.pdf,"Sjolund 
Phone",expression,0.55,,,,,,282,CREATE
annas-arch-21eb2f4fc714.pdf,Ulrik Bertelsen,expression,0.55,,,,,,282,CREATE
annas-arch-21eb2f4fc714.pdf,Bedford Street,expression,0.55,,,,,,282,CREATE
annas-arch-21eb2f4fc714.pdf,"Covent Garden 
London",expression,0.55,,,,,,282,CREATE
annas-arch-21eb2f4fc714.pdf,Wright Wine,expression,0.55,,,,wine,,283,CREATE
annas-arch-21eb2f4fc714.pdf,Raikes Road,expression,0.55,,,,wine,,283,CREATE
annas-arch-21eb2f4fc714.pdf,Ton Business Park,expression,0.55,,,,,,283,CREATE
annas-arch-21eb2f4fc714.pdf,The Wee Dram,distillery,0.55,,,,,,283,CREATE
annas-arch-21eb2f4fc714.pdf,The Wee Drammers,expression,0.55,,,,,,283,CREATE
annas-arch-21eb2f4fc714.pdf,Wee Dram Fest,expression,0.55,,,,,,283,CREATE
annas-arch-21eb2f4fc714.pdf,"Spencer Street 
Birmingham",expression,0.55,,,,,,283,CREATE
annas-arch-21eb2f4fc714.pdf,Hedonism Wines,expression,0.55,,,,,,283,CREATE
annas-arch-21eb2f4fc714.pdf,"Bailgate 
Lincoln",expression,0.55,,,,,,283,CREATE
annas-arch-21eb2f4fc714.pdf,"Chiltern Street 
London",bottler,0.55,,,,,cadenhead,284,CREATE
annas-arch-21eb2f4fc714.pdf,"Crosby Street 
Carlisle",expression,0.55,,,,,,284,CREATE
annas-arch-21eb2f4fc714.pdf,The Vintage House,expression,0.55,,,,,,284,CREATE
annas-arch-21eb2f4fc714.pdf,Concorde House,expression,0.55,,,,,,284,CREATE
annas-arch-21eb2f4fc714.pdf,"Paris 
Phone",expression,0.55,,,,,,284,CREATE
annas-arch-21eb2f4fc714.pdf,"Niirnberg 
Phone",expression,0.55,,,,,,284,CREATE
annas-arch-21eb2f4fc714.pdf,"Seeshaupt 
Phone",expression,0.55,,,,,,284,CREATE
annas-arch-21eb2f4fc714.pdf,"Whisky Market 
Luxemburger",bottler,0.55,,,,,cadenhead,284,CREATE
annas-arch-21eb2f4fc714.pdf,"Berlin 
Phone",expression,0.55,,,,,,284,CREATE
annas-arch-21eb2f4fc714.pdf,"Germany. 
Home",expression,0.55,,,,,,284,CREATE
annas-arch-21eb2f4fc714.pdf,"Malts 
Hosegstieg",expression,0.55,,,,,,284,CREATE
annas-arch-21eb2f4fc714.pdf,"Wedel 
Phone",expression,0.55,,,,,,284,CREATE
annas-arch-21eb2f4fc714.pdf,"Mehlem 
Phone",expression,0.55,,,,,,284,CREATE
annas-arch-21eb2f4fc714.pdf,"Doris 
Germanenstrasse",expression,0.55,,,,,,284,CREATE
annas-arch-21eb2f4fc714.pdf,"Germany. 
Finlays",expression,0.55,,,,,,284,CREATE
annas-arch-21eb2f4fc714.pdf,"Whisky Shop 
Hofheimer",expression,0.55,,,,,,284,CREATE
annas-arch-21eb2f4fc714.pdf,"Lorsbach 
Phone",expression,0.55,,,,,,284,CREATE
annas-arch-21eb2f4fc714.pdf,"Illschwang 
Phone",expression,0.55,,,,,,284,CREATE
annas-arch-21eb2f4fc714.pdf,World Wide Spirits,bottler,0.55,,,,,independent,284,CREATE
annas-arch-21eb2f4fc714.pdf,"Darmstadt 
Phone",expression,0.55,,,,,,284,CREATE
annas-arch-21eb2f4fc714.pdf,"Kierzek 
Weitlingstrasse",expression,0.55,,,,,,285,CREATE
annas-arch-21eb2f4fc714.pdf,"Obernkirchen 
Phone",expression,0.55,,,,,,285,CREATE
annas-arch-21eb2f4fc714.pdf,"Friedenau 
Phone",expression,0.55,,,,,,285,CREATE
annas-arch-21eb2f4fc714.pdf,Whisky Shop Budapest,expression,0.55,,,,,,285,CREATE
annas-arch-21eb2f4fc714.pdf,"Budapest 
Phone",expression,0.55,,,,,,285,CREATE
annas-arch-21eb2f4fc714.pdf,"Hungary. 
More",expression,0.55,,,,,,285,CREATE
annas-arch-21eb2f4fc714.pdf,Even Hungarian,expression,0.55,,,,,,285,CREATE
annas-arch-21eb2f4fc714.pdf,Cocktail Bar,expression,0.55,,,,,,285,CREATE
annas-arch-21eb2f4fc714.pdf,Via Cavaleri,expression,0.55,,,,,,285,CREATE
annas-arch-21eb2f4fc714.pdf,Via Giardini Sud,expression,0.55,,,,,,285,CREATE
annas-arch-21eb2f4fc714.pdf,Massimo Righi,expression,0.55,,,,,,285,CREATE
annas-arch-21eb2f4fc714.pdf,"Rome 
Phone",expression,0.55,,,,,,285,CREATE
annas-arch-21eb2f4fc714.pdf,Liquor Mountain Co,expression,0.55,,,,,,285,CREATE
annas-arch-21eb2f4fc714.pdf,"Tokyo 
Phone",expression,0.55,,,,,,285,CREATE
annas-arch-21eb2f4fc714.pdf,"Hertogenbosch 
Phone",expression,0.55,,,,,,285,CREATE
annas-arch-21eb2f4fc714.pdf,"Zuylen 
Loosduinse Hoofdplein",expression,0.55,,,,,,285,CREATE
annas-arch-21eb2f4fc714.pdf,Den Haag,expression,0.55,,,,,,285,CREATE
annas-arch-21eb2f4fc714.pdf,"Whisky Schuur 
Blankendalwei",expression,0.55,,,,,,285,CREATE
annas-arch-21eb2f4fc714.pdf,"Scharnegoutem 
Phone",expression,0.55,,,,,,285,CREATE
annas-arch-21eb2f4fc714.pdf,"Boog 
Prinses Irenelaan",expression,0.55,,,,wine,,285,CREATE
annas-arch-21eb2f4fc714.pdf,"Rijswijk 
Phone",expression,0.55,,,,,,285,CREATE
annas-arch-21eb2f4fc714.pdf,"Dom Whisky 
Wejherowska",expression,0.55,,,,,,286,CREATE
annas-arch-21eb2f4fc714.pdf,"Reda 
Phone",expression,0.55,,,,,,286,CREATE
annas-arch-21eb2f4fc714.pdf,Jastrzebia Gora,expression,0.55,,,,,,286,CREATE
annas-arch-21eb2f4fc714.pdf,Tverskoy Boulevard,expression,0.55,,,,,,286,CREATE
annas-arch-21eb2f4fc714.pdf,"Moscow 
Phone",expression,0.55,,,,,,286,CREATE
annas-arch-21eb2f4fc714.pdf,Single Malts Direct,bottler,0.55,,,,,gordon,286,CREATE
annas-arch-21eb2f4fc714.pdf,Fife Street,expression,0.55,,,,,,286,CREATE
annas-arch-21eb2f4fc714.pdf,"Cellars 
The Carnegie",expression,0.55,,,,,,286,CREATE
annas-arch-21eb2f4fc714.pdf,"Abbey Whisky 
Dunfermline",expression,0.55,,,,,,286,CREATE
annas-arch-21eb2f4fc714.pdf,The Secret Casks,expression,0.55,,,,,,286,CREATE
annas-arch-21eb2f4fc714.pdf,"Whisky Society 
Wwww",bottler,0.55,,,,,society,287,CREATE
annas-arch-21eb2f4fc714.pdf,"Atholl Road 
Pitlochry",expression,0.55,,,,,,287,CREATE
annas-arch-21eb2f4fc714.pdf,"Main Road 
Kirkoswald",expression,0.55,,,,,,287,CREATE
annas-arch-21eb2f4fc714.pdf,"Johannesburg 
Phone",expression,0.55,,,,,,287,CREATE
annas-arch-21eb2f4fc714.pdf,"Horgen 
Phone",expression,0.55,,,,,,287,CREATE
annas-arch-21eb2f4fc714.pdf,Beverage Depot,expression,0.55,,,,,,287,CREATE
annas-arch-21eb2f4fc714.pdf,Drinks International,expression,0.55,,,,,,288,CREATE
annas-arch-21eb2f4fc714.pdf,Industry Review,expression,0.55,,,,,,288,CREATE
annas-arch-21eb2f4fc714.pdf,Allied Blenders,expression,0.55,,,,,,290,CREATE
annas-arch-21eb2f4fc714.pdf,Blenders Pride,expression,0.55,,,,,,290,CREATE
annas-arch-21eb2f4fc714.pdf,Asahi Breweries,expression,0.55,,,,,,290,CREATE
annas-arch-21eb2f4fc714.pdf,Global Exports,expression,0.55,,,,bourbon,,290,CREATE
annas-arch-21eb2f4fc714.pdf,"Africa Poland 
World",expression,0.55,,,,,,291,CREATE
annas-arch-21eb2f4fc714.pdf,"Owner 
Owner",distillery,0.55,,,,,,293,CREATE
annas-arch-21eb2f4fc714.pdf,Agitator Whiskymakare,distillery,0.55,,,,,,296,CREATE
annas-arch-21eb2f4fc714.pdf,Bogue Sound Spirits,distillery,0.55,,,,,,296,CREATE
annas-arch-21eb2f4fc714.pdf,Civilized Spirits,distillery,0.55,,,,,,296,CREATE
annas-arch-21eb2f4fc714.pdf,Cotherman Distilling,distillery,0.55,,,,,,296,CREATE
annas-arch-21eb2f4fc714.pdf,Diirr Edelbranntweine,distillery,0.55,,,,,,296,CREATE
annas-arch-21eb2f4fc714.pdf,Emilio Mignone Distillery,distillery,0.55,,,,,,296,CREATE
annas-arch-21eb2f4fc714.pdf,Fainting Goats Spirit,distillery,0.55,,,,,,296,CREATE
annas-arch-21eb2f4fc714.pdf,Gray Skies Distillery,distillery,0.55,,,,,,297,CREATE
annas-arch-21eb2f4fc714.pdf,Hermann Pfanner,distillery,0.55,,,,,,297,CREATE
annas-arch-21eb2f4fc714.pdf,Hewn Spirits,distillery,0.55,,,,,,297,CREATE
annas-arch-21eb2f4fc714.pdf,Idlewild Spirits,distillery,0.55,,,,,,297,CREATE
annas-arch-21eb2f4fc714.pdf,Keckeis Destillerie,distillery,0.55,,,,,,297,CREATE
annas-arch-21eb2f4fc714.pdf,Kempisch Vuur,distillery,0.55,,,,,,297,CREATE
annas-arch-21eb2f4fc714.pdf,Muraro Bebidas,distillery,0.55,,,,,,297,CREATE
annas-arch-21eb2f4fc714.pdf,Markische Spez,distillery,0.55,,,,,,297,CREATE
annas-arch-21eb2f4fc714.pdf,Nashoba Valley Winery,distillery,0.55,,,,,,297,CREATE
annas-arch-21eb2f4fc714.pdf,"Distillery Index 
Norrtelje",distillery,0.55,,,,,,298,CREATE
annas-arch-21eb2f4fc714.pdf,Norske Brenneri,distillery,0.55,,,,,,298,CREATE
annas-arch-21eb2f4fc714.pdf,Old Line Spirits,distillery,0.55,,,,,,298,CREATE
annas-arch-21eb2f4fc714.pdf,Oss Craft Distillery,distillery,0.55,,,,,,298,CREATE
annas-arch-21eb2f4fc714.pdf,Roche Aux,distillery,0.55,,,,,,298,CREATE
annas-arch-21eb2f4fc714.pdf,St Kilian Distillers,distillery,0.55,,,,,,298,CREATE
annas-arch-21eb2f4fc714.pdf,Sound Spirits,expression,0.55,,,,,,298,CREATE
annas-arch-21eb2f4fc714.pdf,Stickum Brennerei,distillery,0.55,,,,,,298,CREATE
annas-arch-21eb2f4fc714.pdf,Telluride Distilling,distillery,0.55,,,,,,298,CREATE
annas-arch-21eb2f4fc714.pdf,Town Branch Distillery,distillery,0.55,,,,,,298,CREATE
annas-arch-21eb2f4fc714.pdf,Uppsala Destilleri,distillery,0.55,,,,,,298,CREATE
annas-arch-21eb2f4fc714.pdf,Gavin Smith,expression,0.55,,,,,,300,CREATE
annas-arch-21eb2f4fc714.pdf,Japan. Finally,expression,0.55,,,,,,300,CREATE
let me tell you about whisky.pdf,Joel Harrison,expression,0.55,,,,,,2,CREATE
let me tell you about whisky.pdf,Rob Allanson,expression,0.55,,,,,,6,CREATE
let me tell you about whisky.pdf,"Casks
Maturation
Terroir",expression,0.55,,,,,,6,CREATE
let me tell you about whisky.pdf,"Lowlands
Islay
Campbeltown",expression,0.55,,,speyside,,,7,CREATE
let me tell you about whisky.pdf,"Tennessee
Main",expression,0.55,,,campbeltown,,,7,CREATE
let me tell you about whisky.pdf,"Europe
Asia
South",expression,0.55,,,,,,7,CREATE
let me tell you about whisky.pdf,"Africa
Australia
Whisky",expression,0.55,,,,,,7,CREATE
let me tell you about whisky.pdf,"Index
Acknowledgments",expression,0.55,,,,,,8,CREATE
let me tell you about whisky.pdf,Raphael Holinshed,expression,0.55,,,,,,21,CREATE
let me tell you about whisky.pdf,Friar John Cor,expression,0.55,,,,,,22,CREATE
let me tell you about whisky.pdf,As Dennis Malcolm,expression,0.55,,,,,,37,CREATE
let me tell you about whisky.pdf,Across North America,expression,0.55,,,,,,43,CREATE
let me tell you about whisky.pdf,Tennessee. Each,distillery,0.55,,,,bourbon,,57,CREATE
let me tell you about whisky.pdf,Lincoln County,expression,0.75,,80,,,,57,CREATE
let me tell you about whisky.pdf,Immature Spirit Act,expression,0.55,,,,,,75,CREATE
let me tell you about whisky.pdf,Nose Note,expression,0.55,,,,,,99,CREATE
let me tell you about whisky.pdf,"Whisky Menu
All",expression,0.55,,,,,,107,CREATE
let me tell you about whisky.pdf,"Ireland
Midleton Very",expression,0.75,,40,,,,107,CREATE
let me tell you about whisky.pdf,"Wales
Penderyn Single",expression,0.75,,46,,,,107,CREATE
let me tell you about whisky.pdf,"Japan
Suntory Yamazaki",expression,0.75,12,43,,,,107,CREATE
let me tell you about whisky.pdf,The Spice Tree,expression,0.75,,46,,,,108,CREATE
let me tell you about whisky.pdf,Monterey Jack,expression,0.55,,,,,,132,CREATE
let me tell you about whisky.pdf,Director Jo Macsween,expression,0.55,,,,,,136,CREATE
let me tell you about whisky.pdf,"Cognac.
There",expression,0.55,,,,,,137,CREATE
let me tell you about whisky.pdf,Dominican Republic,expression,0.55,,,,,,140,CREATE
let me tell you about whisky.pdf,Cuba. Heavy,expression,0.55,,,islay,,,140,CREATE
let me tell you about whisky.pdf,"Bolivars.
There",expression,0.55,,,,,,140,CREATE
let me tell you about whisky.pdf,Hong Kong,expression,0.55,,,,,,143,CREATE
let me tell you about whisky.pdf,Cire Perdue,expression,0.55,,,,,,145,CREATE
let me tell you about whisky.pdf,Orkney Islands,distillery,0.55,,,highland,,,156,CREATE
let me tell you about whisky.pdf,St Andrews University,expression,0.55,,,,,,161,CREATE
let me tell you about whisky.pdf,Family Reserve,expression,0.55,,,,,,162,CREATE
let me tell you about whisky.pdf,Nose Aromatic,expression,0.75,,40,,,,172,CREATE
let me tell you about whisky.pdf,"Ian Macleod
Distillers",distillery,0.55,,,,,independent,177,CREATE
let me tell you about whisky.pdf,"Teapot
Dram",expression,0.55,,,,,,178,CREATE
let me tell you about whisky.pdf,Nose Sweet,expression,0.75,,40,,,,178,CREATE
let me tell you about whisky.pdf,Finish Long,expression,0.55,,,,,,178,CREATE
let me tell you about whisky.pdf,"Only
Royal Lochnagar",expression,0.55,,,,,,183,CREATE
let me tell you about whisky.pdf,Nose Citrus,expression,0.75,,43,,,,184,CREATE
let me tell you about whisky.pdf,The Genuine Maritime,expression,0.55,,,,,,186,CREATE
let me tell you about whisky.pdf,"Perthshire
Traditional Victorian",distillery,0.55,,,,,,189,CREATE
let me tell you about whisky.pdf,"Moray
Cardhu",expression,0.55,,,,,,194,CREATE
let me tell you about whisky.pdf,Nose Approachable,expression,0.75,,40,,,,195,CREATE
let me tell you about whisky.pdf,Nose Sherry,expression,0.75,,40,,sherry,,198,CREATE
let me tell you about whisky.pdf,Nose Very,expression,0.75,,40,,,,201,CREATE
let me tell you about whisky.pdf,Italians. They,expression,0.55,,,,,,203,CREATE
let me tell you about whisky.pdf,"Italian
Campari",distillery,0.55,,,,,,203,CREATE
let me tell you about whisky.pdf,"Major
James Grant",distillery,0.55,,,,,,203,CREATE
let me tell you about whisky.pdf,Nose Quite,expression,0.75,,40,,,,204,CREATE
let me tell you about whisky.pdf,Cellar Collection,expression,0.55,,,,,,207,CREATE
let me tell you about whisky.pdf,Nose Wafts,expression,0.75,,40,,,,207,CREATE
let me tell you about whisky.pdf,Finish Medium,expression,0.55,,,,,,207,CREATE
let me tell you about whisky.pdf,"Morayashire
For",expression,0.55,,,,sherry,,209,CREATE
let me tell you about whisky.pdf,Sherry Oak,expression,0.55,,,,sherry,,209,CREATE
let me tell you about whisky.pdf,Fine Oak,expression,0.55,,,,oak,,209,CREATE
let me tell you about whisky.pdf,Nose Enticing,expression,0.75,,40,,sherry,,210,CREATE
let me tell you about whisky.pdf,"Morayshire
Despite",distillery,0.55,,,,,,212,CREATE
let me tell you about whisky.pdf,Billy Walker,distillery,0.55,,,,,,212,CREATE
let me tell you about whisky.pdf,"Morayshire
Benromach",distillery,0.55,,,,,,213,CREATE
let me tell you about whisky.pdf,"Morayshire
Marketed",expression,0.55,,,,,,213,CREATE
let me tell you about whisky.pdf,"Morayshire
Part",expression,0.55,,,speyside,,,213,CREATE
let me tell you about whisky.pdf,"Wigtown
Bladnoch",distillery,0.55,,,,,,219,CREATE
let me tell you about whisky.pdf,Nose Lemongrass,expression,0.75,,46,,,,220,CREATE
let me tell you about whisky.pdf,Diageo Classic Malts,expression,0.55,,,,,,223,CREATE
let me tell you about whisky.pdf,Nose Wet,expression,0.75,,43,,,,223,CREATE
let me tell you about whisky.pdf,"Stirlingshire
The Rosebank",distillery,0.55,,,,,,225,CREATE
let me tell you about whisky.pdf,Allied Distillers Ltd,distillery,0.55,,,islay,,,231,CREATE
let me tell you about whisky.pdf,Nose Peat,expression,0.75,,46,,,,232,CREATE
let me tell you about whisky.pdf,Nose Floral,expression,0.75,,40,,,,235,CREATE
let me tell you about whisky.pdf,"The Botanist
Gin",expression,0.55,,,,,,237,CREATE
let me tell you about whisky.pdf,Anthony Wills,expression,0.55,,,,,,240,CREATE
let me tell you about whisky.pdf,Like Daftmill,expression,0.55,,,islay,,,240,CREATE
let me tell you about whisky.pdf,Nose Lemon,expression,0.75,,100,islay,,,241,CREATE
let me tell you about whisky.pdf,When Malt Mill,expression,0.55,,,,,,243,CREATE
let me tell you about whisky.pdf,Nose Huge,expression,0.75,,40,,,,247,CREATE
let me tell you about whisky.pdf,Hedley Wright,distillery,0.55,,,,,,254,CREATE
let me tell you about whisky.pdf,Ceann Loch Cille,expression,0.55,,,,,,255,CREATE
let me tell you about whisky.pdf,Nose Toffee,expression,0.75,,46,,,,255,CREATE
let me tell you about whisky.pdf,Finish Citrus,expression,0.55,,,,,,255,CREATE
let me tell you about whisky.pdf,Since Arran,distillery,0.55,,,,,,265,CREATE
let me tell you about whisky.pdf,Nose Grassy,expression,0.75,,46,,,,266,CREATE
let me tell you about whisky.pdf,Finish Malty,expression,0.55,,,,,,266,CREATE
let me tell you about whisky.pdf,Nineteen Eighty,distillery,0.55,,,,,,271,CREATE
let me tell you about whisky.pdf,Nose Fruit,expression,0.75,,40,,,,272,CREATE
let me tell you about whisky.pdf,Finish Vanilla,expression,0.55,,,,oak,,272,CREATE
let me tell you about whisky.pdf,But Scapa,expression,0.55,,,,,,274,CREATE
let me tell you about whisky.pdf,While Highland Park,expression,0.55,,,highland,bourbon,,274,CREATE
let me tell you about whisky.pdf,Allied Domecq,distillery,0.55,,,,,,274,CREATE
let me tell you about whisky.pdf,Hoy. Later,expression,0.55,,,,,,274,CREATE
let me tell you about whisky.pdf,Nose Oranges,expression,0.75,,40,,,,275,CREATE
let me tell you about whisky.pdf,"Skye
You",expression,0.55,,,,,,277,CREATE
let me tell you about whisky.pdf,Cuillin Hills,distillery,0.55,,,,,,277,CREATE
let me tell you about whisky.pdf,Today Tobermory,expression,0.55,,,,,,280,CREATE
let me tell you about whisky.pdf,Nose Barley,expression,0.75,,46.3,,,,281,CREATE
let me tell you about whisky.pdf,Finish Spicy,expression,0.55,,,,,,281,CREATE
let me tell you about whisky.pdf,Pernod Ricard,expression,0.55,,,,,,289,CREATE
let me tell you about whisky.pdf,United Breweries Group,expression,0.55,,,,,,300,CREATE
let me tell you about whisky.pdf,Blend Your Own,expression,0.55,,,,,,301,CREATE
let me tell you about whisky.pdf,Flaming Heart,expression,0.55,,,,,,303,CREATE
let me tell you about whisky.pdf,The Peat Monster,expression,0.55,,,,,,303,CREATE
let me tell you about whisky.pdf,Its Spice Tree,expression,0.55,,,,,,303,CREATE
let me tell you about whisky.pdf,County Antrim,distillery,0.55,,,,,,312,CREATE
let me tell you about whisky.pdf,County Cork,distillery,0.55,,,,,,312,CREATE
let me tell you about whisky.pdf,"Ceimici
Teoranta Distillery",distillery,0.55,,,,,,315,CREATE
let me tell you about whisky.pdf,County Down,distillery,0.55,,,,,,315,CREATE
let me tell you about whisky.pdf,"County Westmeath
Kilbeggan",distillery,0.55,,,,,,318,CREATE
let me tell you about whisky.pdf,Nose Highly,distillery,0.75,,40,,,,319,CREATE
let me tell you about whisky.pdf,"County Offaly
Tullamore",distillery,0.55,,,,,,324,CREATE
let me tell you about whisky.pdf,Nose Delicate,expression,0.75,,40,,,,325,CREATE
let me tell you about whisky.pdf,"County Cork
Green",distillery,0.55,,,,,,327,CREATE
let me tell you about whisky.pdf,Pure Pot Still,expression,0.75,,40,,,,327,CREATE
let me tell you about whisky.pdf,Old Pure Pot,expression,0.75,,40,,,,328,CREATE
let me tell you about whisky.pdf,Unlike Scottish,expression,0.55,,,,,,333,CREATE
let me tell you about whisky.pdf,Nose Light,expression,0.75,,40,,oak,,346,CREATE
let me tell you about whisky.pdf,Nose Distinctly,expression,0.75,,43.5,,,,349,CREATE
let me tell you about whisky.pdf,British Number One,expression,0.55,,,,,,351,CREATE
let me tell you about whisky.pdf,Nose Powerful,expression,0.75,,64.1,,,,352,CREATE
let me tell you about whisky.pdf,Tasting Notes Miyagikyo,expression,0.75,,45,,,,354,CREATE
let me tell you about whisky.pdf,Masataka Taketsuru,expression,0.55,,,,,,357,CREATE
let me tell you about whisky.pdf,Hokkaido Island,expression,0.55,,,,,,360,CREATE
let me tell you about whisky.pdf,Nose Rich,expression,0.75,,45,,,,361,CREATE
let me tell you about whisky.pdf,Chris Bunting,expression,0.55,,,,,,364,CREATE
let me tell you about whisky.pdf,Nose Bittersweet,expression,0.75,,45,,bourbon,,376,CREATE
let me tell you about whisky.pdf,Geroge Dickel,expression,0.55,,,,,,379,CREATE
let me tell you about whisky.pdf,Nose Herbal,expression,0.75,,45,,,,379,CREATE
let me tell you about whisky.pdf,Bourbon Heritage Centre,distillery,0.55,,,,bourbon,,381,CREATE
let me tell you about whisky.pdf,Tennessee Prohibition,distillery,0.55,,,,,,384,CREATE
let me tell you about whisky.pdf,Finish Furniture,expression,0.55,,,,,,388,CREATE
let me tell you about whisky.pdf,Happy Hollow Distillery,distillery,0.55,,,,,,390,CREATE
let me tell you about whisky.pdf,Mark Kentucky Straight,expression,0.75,,45,,bourbon,,391,CREATE
let me tell you about whisky.pdf,Nose Complex,expression,0.75,,45,,bourbon,,391,CREATE
let me tell you about whisky.pdf,Anderson County,distillery,0.55,,,,,,393,CREATE
let me tell you about whisky.pdf,Nose Caramel,expression,0.75,,45,,,,394,CREATE
let me tell you about whisky.pdf,"Old Oscar
Pepper",distillery,0.55,,,,bourbon,,399,CREATE
let me tell you about whisky.pdf,Select Kentucky Straight,expression,0.75,,43.2,,bourbon,,400,CREATE
let me tell you about whisky.pdf,Rick Wasmund,distillery,0.55,,,,,,406,CREATE
let me tell you about whisky.pdf,Nose Intensely,expression,0.75,,100,,,,410,CREATE
let me tell you about whisky.pdf,"Montana
Roughstock Distillery",distillery,0.55,,,,,,412,CREATE
let me tell you about whisky.pdf,Vedome Copper,distillery,0.55,,,,,,412,CREATE
let me tell you about whisky.pdf,Nose Brittle,expression,0.75,,45,,,,413,CREATE
let me tell you about whisky.pdf,Nose Youthful,expression,0.75,,43,,,,416,CREATE
let me tell you about whisky.pdf,Nose Spicy,expression,0.75,,47,,bourbon,,419,CREATE
let me tell you about whisky.pdf,Nose Vanilla,expression,0.75,,46,,bourbon,,422,CREATE
let me tell you about whisky.pdf,"Kittling Ridge
Distillery",distillery,0.55,,,,,,429,CREATE
let me tell you about whisky.pdf,Kittling Ridge Winery,distillery,0.55,,,,,independent,429,CREATE
let me tell you about whisky.pdf,Niagara Escarpment,distillery,0.55,,,,,,429,CREATE
let me tell you about whisky.pdf,Niagara Wine Country,distillery,0.55,,,,wine,,429,CREATE
let me tell you about whisky.pdf,Double Barrel Reserve,expression,0.55,,,,,,429,CREATE
let me tell you about whisky.pdf,"Manitoba
Owned",distillery,0.55,,,,,,432,CREATE
let me tell you about whisky.pdf,Nose Pears,expression,0.75,,40,,,,433,CREATE
let me tell you about whisky.pdf,"Nova Scotia
Glenora",distillery,0.55,,,,,,435,CREATE
let me tell you about whisky.pdf,Nose Cut,expression,0.75,,40,,,,439,CREATE
let me tell you about whisky.pdf,Finish Floral,expression,0.55,,,,,,439,CREATE
let me tell you about whisky.pdf,Lewis Rosenstiel,expression,0.55,,,,,,441,CREATE
let me tell you about whisky.pdf,British Columbia,distillery,0.55,,,,,,442,CREATE
let me tell you about whisky.pdf,Forest Quarter,distillery,0.55,,,,quarter,,444,CREATE
let me tell you about whisky.pdf,Johann Haider,distillery,0.55,,,,,,444,CREATE
let me tell you about whisky.pdf,"Czech
Republic",expression,0.55,,,,,,447,CREATE
let me tell you about whisky.pdf,Czech Vintage Single,expression,0.75,,40.7,,,,448,CREATE
let me tell you about whisky.pdf,Aged Vodka,expression,0.75,,50,,oak,,451,CREATE
let me tell you about whisky.pdf,Finish Short,expression,0.55,,,,oak,,451,CREATE
let me tell you about whisky.pdf,Cyder Farm,expression,0.55,,,,,,453,CREATE
let me tell you about whisky.pdf,Nose Spirity,expression,0.75,,61.3,,,,454,CREATE
let me tell you about whisky.pdf,"Norfolk
Perhaps",expression,0.55,,,,,,456,CREATE
let me tell you about whisky.pdf,"Bury St
Edmunds",distillery,0.55,,,,,,456,CREATE
let me tell you about whisky.pdf,Nose Immediate,expression,0.75,,46,,,,457,CREATE
let me tell you about whisky.pdf,Nose Has,expression,0.75,,46,,,,463,CREATE
let me tell you about whisky.pdf,Like American,expression,0.55,,,,,,465,CREATE
let me tell you about whisky.pdf,Dutch Rye Whisky,expression,0.75,,40,,oak,,466,CREATE
let me tell you about whisky.pdf,Brains Brewing Company,expression,0.55,,,,,,471,CREATE
let me tell you about whisky.pdf,Other Penderyn,expression,0.55,,,,,,472,CREATE
let me tell you about whisky.pdf,Nose Notes,expression,0.75,,46,,wine,,472,CREATE
let me tell you about whisky.pdf,Finish Lengthy,expression,0.55,,,,oak,,472,CREATE
let me tell you about whisky.pdf,"Germany
The Blaue",distillery,0.55,,,,,,475,CREATE
let me tell you about whisky.pdf,"Switzerland
Ruedi",expression,0.55,,,,,,476,CREATE
let me tell you about whisky.pdf,Edition Cheese,expression,0.55,,,,wine,,476,CREATE
let me tell you about whisky.pdf,"Europe.
Most",expression,0.55,,,,,,478,CREATE
let me tell you about whisky.pdf,Edward Dyer,distillery,0.55,,,,,,479,CREATE
let me tell you about whisky.pdf,Nose Aromas,expression,0.75,,58.7,,sherry,,484,CREATE
let me tell you about whisky.pdf,Captain James Sedgwick,distillery,0.55,,,,,,488,CREATE
let me tell you about whisky.pdf,Berg River,distillery,0.55,,,,,,488,CREATE
let me tell you about whisky.pdf,Double Wood,distillery,0.55,,,,wine,,493,CREATE
let me tell you about whisky.pdf,Nose Initial,expression,0.75,,60.5,,,,494,CREATE
let me tell you about whisky.pdf,"Tasmania
Tasmania",distillery,0.55,,,,,,496,CREATE
let me tell you about whisky.pdf,Making Lark,distillery,0.55,,,,,,496,CREATE
let me tell you about whisky.pdf,Bill Lark,distillery,0.55,,,,,,496,CREATE
let me tell you about whisky.pdf,Nose Overly,expression,0.75,,58,,,,497,CREATE
let me tell you about whisky.pdf,"Tasmania
Hot",distillery,0.55,,,,,,499,CREATE
let me tell you about whisky.pdf,Japan. See,expression,0.55,,,,,,502,CREATE
let me tell you about whisky.pdf,"Malting.
Barrel",expression,0.55,,,,,,502,CREATE
let me tell you about whisky.pdf,Blend Many,expression,0.55,,,,,,502,CREATE
let me tell you about whisky.pdf,Bourbon Classic American,expression,0.55,,,,bourbon,,503,CREATE
let me tell you about whisky.pdf,Excise Aeneas Coffey,expression,0.55,,,,,,504,CREATE
let me tell you about whisky.pdf,See Coffey,distillery,0.55,,,,,,504,CREATE
let me tell you about whisky.pdf,Dunnage Traditional,expression,0.55,,,,,,506,CREATE
let me tell you about whisky.pdf,Esters Fruity,expression,0.55,,,,,,506,CREATE
let me tell you about whisky.pdf,Fermentation Along,expression,0.55,,,,,,506,CREATE
let me tell you about whisky.pdf,Grain In Scotland,distillery,0.55,,,,,,506,CREATE
let me tell you about whisky.pdf,Grist Ground,expression,0.55,,,,,,507,CREATE
let me tell you about whisky.pdf,See Middle,expression,0.55,,,,,,507,CREATE
let me tell you about whisky.pdf,"Japan.
Highland",expression,0.55,,,highland,,,507,CREATE
let me tell you about whisky.pdf,Although Irish,expression,0.55,,,,,,507,CREATE
let me tell you about whisky.pdf,Kiln During,expression,0.55,,,,,,507,CREATE
let me tell you about whisky.pdf,Lowland One,expression,0.55,,,lowland,,,507,CREATE
let me tell you about whisky.pdf,See Fillings,expression,0.55,,,,,,509,CREATE
let me tell you about whisky.pdf,Peat Peat,expression,0.55,,,,,,509,CREATE
let me tell you about whisky.pdf,Silent Just,expression,0.55,,,,,,511,CREATE
let me tell you about whisky.pdf,Covent Garden,expression,0.55,,,,,,516,CREATE
let me tell you about whisky.pdf,Salt Whisky Bar,expression,0.55,,,,,,516,CREATE
let me tell you about whisky.pdf,Dining Room,expression,0.55,,,,,,516,CREATE
let me tell you about whisky.pdf,Marble Arch,expression,0.55,,,,,,516,CREATE
let me tell you about whisky.pdf,"Tokyo
Tel",expression,0.55,,,,,,518,CREATE
let me tell you about whisky.pdf,Seaview Hotel,expression,0.55,,,,,,519,CREATE
let me tell you about whisky.pdf,Wine Bar,expression,0.55,,,,wine,,520,CREATE
let me tell you about whisky.pdf,Seoul Tel,expression,0.55,,,,,,520,CREATE
let me tell you about whisky.pdf,Taipei City,bottler,0.55,,,,,society,520,CREATE
let me tell you about whisky.pdf,Seelbach Hilton,expression,0.55,,,,,,521,CREATE
let me tell you about whisky.pdf,Mara Malt Rarities,expression,0.55,,,,,,523,CREATE
let me tell you about whisky.pdf,Whisky Shop Tara,expression,0.55,,,,,,523,CREATE
let me tell you about whisky.pdf,The Wee Dram,expression,0.55,,,,,,524,CREATE
let me tell you about whisky.pdf,Astor Wines,expression,0.55,,,,,,524,CREATE
let me tell you about whisky.pdf,Serge Valentin,expression,0.55,,,,,,526,CREATE
let me tell you about whisky.pdf,Gal Granov,expression,0.55,,,,,,526,CREATE
let me tell you about whisky.pdf,Steve Rush,expression,0.55,,,,,,526,CREATE
let me tell you about whisky.pdf,Allison Patel,bottler,0.55,,,,,smws,526,CREATE
let me tell you about whisky.pdf,Society. Well,bottler,0.55,,,,,smws,526,CREATE
let me tell you about whisky.pdf,Dominic Roskrow,expression,0.55,,,,,,527,CREATE
let me tell you about whisky.pdf,Arguably America,expression,0.55,,,,,,527,CREATE
let me tell you about whisky.pdf,Sydney Whisky Fair,expression,0.55,,,,,,528,CREATE
let me tell you about whisky.pdf,Universal Whisky Experience,expression,0.55,,,,,,528,CREATE
let me tell you about whisky.pdf,"Vancouver
Island",expression,0.55,,,,,,529,CREATE
let me tell you about whisky.pdf,Viking Line Whisky,expression,0.55,,,,,,529,CREATE
let me tell you about whisky.pdf,Eddie Ludlow,expression,0.55,,,,,,529,CREATE
let me tell you about whisky.pdf,"Ian Buxton
Alt",expression,0.55,,,,,,530,CREATE
let me tell you about whisky.pdf,"Darek Bell
An",expression,0.55,,,,,,530,CREATE
let me tell you about whisky.pdf,"Smith
Drinking Japan",expression,0.55,,,,,,530,CREATE
let me tell you about whisky.pdf,"Ingvar Ronde
The",expression,0.55,,,,,,530,CREATE
let me tell you about whisky.pdf,"Alfred Barnard
World",expression,0.55,,,,,,530,CREATE
let me tell you about whisky.pdf,Cove Creek Aged,expression,0.55,,,,,,532,CREATE
let me tell you about whisky.pdf,Cask Strength Indian,expression,0.55,,,,,,533,CREATE
let me tell you about whisky.pdf,"Japan
Auchentoshan",expression,0.55,,,,,,534,CREATE
let me tell you about whisky.pdf,Classic Bourbon Mint,expression,0.55,,,,bourbon,,540,CREATE
let me tell you about whisky.pdf,Cigar Malt Reserve,expression,0.55,,,,,,542,CREATE
let me tell you about whisky.pdf,Des Menhirs,expression,0.55,,,,,,542,CREATE
let me tell you about whisky.pdf,Crianzas Del Whisky,expression,0.55,,,,,,542,CREATE
let me tell you about whisky.pdf,Excise Act,expression,0.55,,,,,,544,CREATE
let me tell you about whisky.pdf,Family Casks,expression,0.55,,,,,,547,CREATE
let me tell you about whisky.pdf,Mint Julep,expression,0.55,,,,,,556,CREATE
let me tell you about whisky.pdf,Mohan Nagar,expression,0.55,,,,,,556,CREATE
let me tell you about whisky.pdf,Coffey Grain,expression,0.55,,,,,,557,CREATE
let me tell you about whisky.pdf,From The Barrel,expression,0.55,,,,,,557,CREATE
let me tell you about whisky.pdf,Old Potrero Hotalings,expression,0.55,,,,,,558,CREATE
let me tell you about whisky.pdf,Sherry Cask Welsh,expression,0.55,,,,sherry,,559,CREATE
let me tell you about whisky.pdf,Penobscot Bay,expression,0.55,,,,sherry,,559,CREATE
let me tell you about whisky.pdf,Proximo Spirits Co,expression,0.55,,,,,,560,CREATE
let me tell you about whisky.pdf,Sir William,expression,0.55,,,,,,560,CREATE
let me tell you about whisky.pdf,Legal Affairs Department,expression,0.55,,,,,,562,CREATE
let me tell you about whisky.pdf,Captain James,expression,0.55,,,,,,563,CREATE
let me tell you about whisky.pdf,Smith Bowman,distillery,0.55,,,,,,564,CREATE
let me tell you about whisky.pdf,Soho Whisky Club,expression,0.55,,,,,,564,CREATE
let me tell you about whisky.pdf,Darren Rook,bottler,0.55,,,,,society,572,CREATE
let me tell you about whisky.pdf,Colin Ross,bottler,0.55,,,,,society,572,CREATE
let me tell you about whisky.pdf,Darrell Sheehan,bottler,0.55,,,,,society,572,CREATE
let me tell you about whisky.pdf,Sukhinder Singh,bottler,0.55,,,,,society,572,CREATE
let me tell you about whisky.pdf,Cat Spencer,expression,0.55,,,,,,572,CREATE
let me tell you about whisky.pdf,Jeremy Stephens,expression,0.55,,,,,,572,CREATE
let me tell you about whisky.pdf,Chip Tate,expression,0.55,,,,,,572,CREATE
let me tell you about whisky.pdf,Gerry Tosh,expression,0.55,,,,,,572,CREATE
let me tell you about whisky.pdf,Alan Winchester,expression,0.55,,,,,,572,CREATE
let me tell you about whisky.pdf,Mark Sawinski,expression,0.55,,,,,,573,CREATE
let me tell you about whisky.pdf,Quercus Communications,distillery,0.55,,,,,,573,CREATE
let me tell you about whisky.pdf,Barking Dog Art,expression,0.55,,,,,,573,CREATE
"Маклин, Чарльз - Whiskypedia_ An Introductio",Barbara Mowlem,expression,0.55,,,,,,0,CREATE
"Маклин, Чарльз - Whiskypedia_ An Introductio",Andrew Jefford,expression,0.55,,,,,,0,CREATE
"Маклин, Чарльз - Whiskypedia_ An Introductio",Essential Medical World,expression,0.55,,,,,,0,CREATE
"Маклин, Чарльз - Whiskypedia_ An Introductio",Alfred Barnard,distillery,0.55,,,,,,0,CREATE
"Маклин, Чарльз - Whiskypedia_ An Introductio",Messrs. Shortreed,expression,0.55,,,,,,0,CREATE
"Маклин, Чарльз - Whiskypedia_ An Introductio",Pitilie Burn.,expression,0.75,,90,,refill,,0,CREATE
"Маклин, Чарльз - Whiskypedia_ An Introductio",All Dewar,expression,0.75,,90,,refill,,0,CREATE
"Маклин, Чарльз - Whiskypedia_ An Introductio",Sherry Finish,expression,0.75,10,40,,sherry,,0,CREATE
"Маклин, Чарльз - Whiskypedia_ An Introductio",Scurran Burns,distillery,0.55,,,,,,0,CREATE
"Маклин, Чарльз - Whiskypedia_ An Introductio",Adam Teacher,distillery,0.55,,,,,,0,CREATE
"Маклин, Чарльз - Whiskypedia_ An Introductio",Unusual. Robust,expression,0.55,,,,,,0,CREATE
"Маклин, Чарльз - Whiskypedia_ An Introductio",Easan Biorach,distillery,0.75,,90,,,,0,CREATE
"Маклин, Чарльз - Whiskypedia_ An Introductio",Mulben Burn.,expression,0.55,,,,,,0,CREATE
"Маклин, Чарльз - Whiskypedia_ An Introductio",Ryeriggs. Unpeated,expression,0.55,,,,,,0,CREATE
"Маклин, Чарльз - Whiskypedia_ An Introductio",Under John Dewar,expression,0.75,21,60.9,,,,0,CREATE
"Маклин, Чарльз - Whiskypedia_ An Introductio",Struie Hills,distillery,0.55,,,,,,0,CREATE
"Маклин, Чарльз - Whiskypedia_ An Introductio",Stuart Harvey,expression,0.55,,,,,,0,CREATE
"Маклин, Чарльз - Whiskypedia_ An Introductio",Sir Robert Bruce,expression,0.55,,,,,,0,CREATE
"Маклин, Чарльз - Whiskypedia_ An Introductio",Vintage Casks,expression,0.75,21,40,,,,0,CREATE
"Маклин, Чарльз - Whiskypedia_ An Introductio",Recent Limited,expression,0.75,50,45.1,,,,0,CREATE
"Маклин, Чарльз - Whiskypedia_ An Introductio",Sherry Oak,expression,0.75,17,40,,oak,,0,CREATE
"Маклин, Чарльз - Whiskypedia_ An Introductio",Buckingham Palace,expression,0.55,,,,,,0,CREATE
"Маклин, Чарльз - Whiskypedia_ An Introductio",Masataka Taketsuru,expression,0.55,,,,,,0,CREATE
"Маклин, Чарльз - Whiskypedia_ An Introductio",Mainly European,expression,0.55,,,,oak,,0,CREATE
"Маклин, Чарльз - Whiskypedia_ An Introductio",Origins Batch No,expression,0.75,,50,,port,,0,CREATE
"Маклин, Чарльз - Whiskypedia_ An Introductio",Solway Firth,distillery,0.55,,,,,,0,CREATE
"Маклин, Чарльз - Whiskypedia_ An Introductio",Sherry Matured,expression,0.75,18,55,,sherry,,0,CREATE
"Маклин, Чарльз - Whiskypedia_ An Introductio",Low Road,expression,0.55,,,,,,0,CREATE
"Маклин, Чарльз - Whiskypedia_ An Introductio",Well Burns,bottler,0.55,,,,,independent,0,CREATE
"Маклин, Чарльз - Whiskypedia_ An Introductio",Edrington Group,distillery,0.55,,,,,,0,CREATE
"Маклин, Чарльз - Whiskypedia_ An Introductio",Choice Old Cameron,expression,0.55,,,,,,0,CREATE
"Маклин, Чарльз - Whiskypedia_ An Introductio",Lynne Burn,distillery,0.55,,,,,,0,CREATE
"Маклин, Чарльз - Whiskypedia_ An Introductio",Hidden Malts,expression,0.75,14,43,,,,0,CREATE
"Маклин, Чарльз - Whiskypedia_ An Introductio",United Breweries Group,distillery,0.55,,,,,,0,CREATE
"Маклин, Чарльз - Whiskypedia_ An Introductio",Sluie Burn.,expression,0.55,,,,bourbon,,0,CREATE
"Маклин, Чарльз - Whiskypedia_ An Introductio",Monty Python,distillery,0.55,,,,,,0,CREATE
"Маклин, Чарльз - Whiskypedia_ An Introductio",Some Dufftown,expression,0.55,,,,,,0,CREATE
"Маклин, Чарльз - Whiskypedia_ An Introductio",Andrew Symington,bottler,0.55,,,,,signatory,0,CREATE
"Маклин, Чарльз - Whiskypedia_ An Introductio",Pinot Noir,expression,0.75,,46,,,,0,CREATE
"Маклин, Чарльз - Whiskypedia_ An Introductio",Oloroso Sherry,expression,0.75,,46,,port,,0,CREATE
"Маклин, Чарльз - Whiskypedia_ An Introductio",Lewis Grassic Gibbon,distillery,0.55,,,,,,0,CREATE
"Маклин, Чарльз - Whiskypedia_ An Introductio",Sunset Song,distillery,0.55,,,,,,0,CREATE
"Маклин, Чарльз - Whiskypedia_ An Introductio",Sir Alexander Ramsay,distillery,0.55,,,,,,0,CREATE
"Маклин, Чарльз - Whiskypedia_ An Introductio",Group. Some,expression,0.55,,,,,,0,CREATE
"Маклин, Чарльз - Whiskypedia_ An Introductio",Grampian Hills,expression,0.55,,,,,,0,CREATE
"Маклин, Чарльз - Whiskypedia_ An Introductio",Penwhapple Loch.,expression,0.55,,,,,,0,CREATE
"Маклин, Чарльз - Whiskypedia_ An Introductio",Messrs Thomas,expression,0.55,,,,,,0,CREATE
"Маклин, Чарльз - Whiskypedia_ An Introductio",Ruxton. Glencadam,expression,0.55,,,,,,0,CREATE
"Маклин, Чарльз - Whiskypedia_ An Introductio",Angus Dundee Ltd,expression,0.55,,,,,,0,CREATE
"Маклин, Чарльз - Whiskypedia_ An Introductio",Angus Dundee,bottler,0.75,15,40,,,independent,0,CREATE
"Маклин, Чарльз - Whiskypedia_ An Introductio",Billy Walker,distillery,0.55,,,,,,0,CREATE
"Маклин, Чарльз - Whiskypedia_ An Introductio",Dronac Burn,distillery,0.55,,,,,,0,CREATE
"Маклин, Чарльз - Whiskypedia_ An Introductio",The Family Casks,expression,0.55,,,,,,0,CREATE
"Маклин, Чарльз - Whiskypedia_ An Introductio",Elizabeth Cumming,distillery,0.55,,,,,,0,CREATE
"Маклин, Чарльз - Whiskypedia_ An Introductio",Christmas Day,expression,0.55,,,,,,0,CREATE
"Маклин, Чарльз - Whiskypedia_ An Introductio",Export Achievement,expression,0.55,,,,,,0,CREATE
"Маклин, Чарльз - Whiskypedia_ An Introductio",Robbie Dubh,expression,0.55,,,,,,0,CREATE
"Маклин, Чарльз - Whiskypedia_ An Introductio",Vintage Reserves,expression,0.55,,,,,,0,CREATE
"Маклин, Чарльз - Whiskypedia_ An Introductio",While Glengarioch,distillery,0.55,,,,,,0,CREATE
"Маклин, Чарльз - Whiskypedia_ An Introductio",Tweed. Soft,expression,0.55,,,,,,0,CREATE
"Маклин, Чарльз - Whiskypedia_ An Introductio",Meldrum Burn.,expression,0.55,,,,bourbon,,0,CREATE
"Маклин, Чарльз - Whiskypedia_ An Introductio",Speak Its Name,expression,0.75,,50,,wine,,0,CREATE
"Маклин, Чарльз - Whiskypedia_ An Introductio",The Peated Spirit,expression,0.75,1,50,,bourbon,,0,CREATE
"Маклин, Чарльз - Whiskypedia_ An Introductio",Ian Macleod,distillery,0.55,,,,,,0,CREATE
"Маклин, Чарльз - Whiskypedia_ An Introductio",Mitchell Ltd,distillery,0.55,,,highland,,,0,CREATE
"Маклин, Чарльз - Whiskypedia_ An Introductio",Crosshills Loch,expression,0.55,,,,,,0,CREATE
"Маклин, Чарльз - Whiskypedia_ An Introductio",Pernod Ricard,expression,0.55,,,,,,0,CREATE
"Маклин, Чарльз - Whiskypedia_ An Introductio",Own Saladin,expression,0.55,,,,,,0,CREATE
"Маклин, Чарльз - Whiskypedia_ An Introductio",Newmill Spring.,expression,0.55,,,,refill,,0,CREATE
"Маклин, Чарльз - Whiskypedia_ An Introductio",Andrew Usher,expression,0.55,,,,,,0,CREATE
"Маклин, Чарльз - Whiskypedia_ An Introductio",Bill Smith Grant,expression,0.55,,,,,,0,CREATE
"Маклин, Чарльз - Whiskypedia_ An Introductio",Moray Firth.,bottler,0.75,12,,,port,gordon,0,CREATE
"Маклин, Чарльз - Whiskypedia_ An Introductio",French Oak Reserve,expression,0.75,12,40,,oak,,0,CREATE
"Маклин, Чарльз - Whiskypedia_ An Introductio",Alexander Grigor Allen,distillery,0.55,,,,,,0,CREATE
"Маклин, Чарльз - Whiskypedia_ An Introductio",Procurator Fiscal,distillery,0.55,,,,,,0,CREATE
"Маклин, Чарльз - Whiskypedia_ An Introductio",Gedloch Burn,expression,0.55,,,,,,0,CREATE
"Маклин, Чарльз - Whiskypedia_ An Introductio",Foths. Floor,expression,0.55,,,,,,0,CREATE
"Маклин, Чарльз - Whiskypedia_ An Introductio",Truffle Oak Reserve,expression,0.75,30,,,oak,,0,CREATE
"Маклин, Чарльз - Whiskypedia_ An Introductio",Quarter Century,expression,0.75,25,40,,sherry,,0,CREATE
"Маклин, Чарльз - Whiskypedia_ An Introductio",Pedro Ximinez,expression,0.75,,46,,,,0,CREATE
"Маклин, Чарльз - Whiskypedia_ An Introductio",Select Reserve,distillery,0.55,,,,sherry,,0,CREATE
"Маклин, Чарльз - Whiskypedia_ An Introductio",Ardcanny Spring,distillery,0.55,,,,,,0,CREATE
"Маклин, Чарльз - Whiskypedia_ An Introductio",Doonie Spring,expression,0.55,,,,,,0,CREATE
"Маклин, Чарльз - Whiskypedia_ An Introductio",Refill American,bottler,0.55,,,,refill,independent,0,CREATE
"Маклин, Чарльз - Whiskypedia_ An Introductio",Buckley Bond,expression,0.55,,,,oak,,0,CREATE
"Маклин, Чарльз - Whiskypedia_ An Introductio",Mansie Eunson,expression,0.55,,,,,,0,CREATE
"Маклин, Чарльз - Whiskypedia_ An Introductio",Crantit Lagoons,distillery,0.55,,,,,,0,CREATE
"Маклин, Чарльз - Whiskypedia_ An Introductio",Hobbister Hill.,expression,0.75,,25,,first fill,,0,CREATE
"Маклин, Чарльз - Whiskypedia_ An Introductio",Alexander Wilson,distillery,0.55,,,,port,,0,CREATE
"Маклин, Чарльз - Whiskypedia_ An Introductio",Arthur Bell,distillery,0.55,,,,,,0,CREATE
"Маклин, Чарльз - Whiskypedia_ An Introductio",Dr Alan Rutherford,distillery,0.55,,,,,,0,CREATE
"Маклин, Чарльз - Whiskypedia_ An Introductio",Pencaitland. Water,expression,0.55,,,,,,0,CREATE
"Маклин, Чарльз - Whiskypedia_ An Introductio",Market Loch.,expression,0.55,,,,,,0,CREATE
"Маклин, Чарльз - Whiskypedia_ An Introductio",Anniversary Commemorative Bottling,expression,0.75,21,44,,,,0,CREATE
"Маклин, Чарльз - Whiskypedia_ An Introductio",Anthony Wills,distillery,0.55,,,islay,wine,,0,CREATE
"Маклин, Чарльз - Whiskypedia_ An Introductio",Ternemny Burn,bottler,0.55,,,,,independent,0,CREATE
"Маклин, Чарльз - Whiskypedia_ An Introductio",Lapsang Souchong,expression,0.55,,,islay,sherry,,0,CREATE
"Маклин, Чарльз - Whiskypedia_ An Introductio",Beinne Brice,expression,0.75,,15,,,,0,CREATE
"Маклин, Чарльз - Whiskypedia_ An Introductio",Mainly American,expression,0.55,,,,oak,,0,CREATE
"Маклин, Чарльз - Whiskypedia_ An Introductio",Current Distillery Select,distillery,0.75,,40,,,,0,CREATE
"Маклин, Чарльз - Whiskypedia_ An Introductio",Fine Oak,expression,0.55,,,,oak,,0,CREATE
"Маклин, Чарльз - Whiskypedia_ An Introductio",Core Range,expression,0.55,,,,,,0,CREATE
"Маклин, Чарльз - Whiskypedia_ An Introductio",Traditional Macallan,expression,0.55,,,,sherry,,0,CREATE
"Маклин, Чарльз - Whiskypedia_ An Introductio",Select Oak,expression,0.75,,42.8,,oak,,0,CREATE
"Маклин, Чарльз - Whiskypedia_ An Introductio",Estate Reserve,expression,0.75,,42.8,,,,0,CREATE
"Маклин, Чарльз - Whiskypedia_ An Introductio",Limited Releases,expression,0.75,,45.7,,,,0,CREATE
"Маклин, Чарльз - Whiskypedia_ An Introductio",Brodie Hepburn,expression,0.55,,,,,,0,CREATE
"Маклин, Чарльз - Whiskypedia_ An Introductio",Madeira. Soft,expression,0.55,,,,,,0,CREATE
"Маклин, Чарльз - Whiskypedia_ An Introductio",Gorgie Road,distillery,0.55,,,,,,0,CREATE
"Маклин, Чарльз - Whiskypedia_ An Introductio",Pentland Hills,expression,0.55,,,,,,0,CREATE
"Маклин, Чарльз - Whiskypedia_ An Introductio",Hugh Stevenson,expression,0.55,,,,,,0,CREATE
"Маклин, Чарльз - Whiskypedia_ An Introductio",Cawdor Estate,expression,0.55,,,,,,0,CREATE
"Маклин, Чарльз - Whiskypedia_ An Introductio",Captain William Fraser,distillery,0.55,,,,,,0,CREATE
"Маклин, Чарльз - Whiskypedia_ An Introductio",Cawdor Burn,bottler,0.55,,,,,independent,0,CREATE
"Маклин, Чарльз - Whiskypedia_ An Introductio",Malts Brand Home,distillery,0.55,,,,,,0,CREATE
"Маклин, Чарльз - Whiskypedia_ An Introductio",After Prince Albert,expression,0.55,,,,,,0,CREATE
"Маклин, Чарльз - Whiskypedia_ An Introductio",During World War,distillery,0.55,,,,,,0,CREATE
"Маклин, Чарльз - Whiskypedia_ An Introductio",Lingro Burn,distillery,0.55,,,,,,0,CREATE
"Маклин, Чарльз - Whiskypedia_ An Introductio",Sandy Grant,distillery,0.55,,,speyside,,,0,CREATE
"Маклин, Чарльз - Whiskypedia_ An Introductio",Bonding Company,distillery,0.55,,,speyside,,,0,CREATE
"Маклин, Чарльз - Whiskypedia_ An Introductio",Demerara Rum,expression,0.75,,20,,sherry,,0,CREATE
"Маклин, Чарльз - Whiskypedia_ An Introductio",Buckie. Production,expression,0.55,,,,,,0,CREATE
"Маклин, Чарльз - Whiskypedia_ An Introductio",Fons Bulliens Well,expression,0.55,,,,,,0,CREATE
"Маклин, Чарльз - Whiskypedia_ An Introductio",Macleod. Importing,expression,0.55,,,,,,0,CREATE
"Маклин, Чарльз - Whiskypedia_ An Introductio",Roderick Kemp,distillery,0.55,,,,,,0,CREATE
"Маклин, Чарльз - Whiskypedia_ An Introductio",Dairywell Spring,expression,0.55,,,,,,0,CREATE
"Маклин, Чарльз - Whiskypedia_ An Introductio",Like Pulteney,distillery,0.55,,,,,,0,CREATE
"Маклин, Чарльз - Whiskypedia_ An Introductio",Hay Macleod Ltd,expression,0.55,,,,,,0,CREATE
"Маклин, Чарльз - Whiskypedia_ An Introductio",Since Angus Dundee,distillery,0.55,,,,,,0,CREATE
"Маклин, Чарльз - Whiskypedia_ An Introductio",Sir Albert Richardson,distillery,0.55,,,,,,0,CREATE
"Маклин, Чарльз - Whiskypedia_ An Introductio",Achvockie Burn.,bottler,0.55,,,,refill,independent,0,CREATE
B4b Jim Murray Complete Book,,distillery,0.7,,,,,,,CREATE
B4b Jim Murray Complete Book,,distillery,0.7,,,,,,,CREATE
B4b Jim Murray Complete Book,,distillery,0.7,,,,,,,CREATE
B4b Jim Murray Complete Book,,distillery,0.7,,,,,,,CREATE
B4b Jim Murray Complete Book,,distillery,0.7,,,,,,,CREATE
B4b Jim Murray Complete Book,,distillery,0.7,,,,,,,CREATE
B4b Jim Murray Complete Book,,distillery,0.7,,,,,,,CREATE
B4b Jim Murray Complete Book,,distillery,0.7,,,,,,,CREATE
B4b Jim Murray Complete Book,,distillery,0.7,,,,,,,CREATE
B4b Jim Murray Complete Book,,distillery,0.7,,,,,,,CREATE
B4b Jim Murray Complete Book,,distillery,0.7,,,,,,,CREATE
B4b Jim Murray Complete Book,,distillery,0.7,,,,,,,CREATE
B4b Jim Murray Complete Book,,distillery,0.7,,,,,,,CREATE
B4b Jim Murray Complete Book,,distillery,0.7,,,,,,,CREATE
B4b Jim Murray Complete Book,,distillery,0.7,,,,,,,CREATE
B4b Jim Murray Complete Book,,distillery,0.7,,,,,,,CREATE
B4b Jim Murray Complete Book,,distillery,0.7,,,,,,,CREATE
B4b Jim Murray Complete Book,,distillery,0.7,,,,,,,CREATE
B4b Jim Murray Complete Book,,distillery,0.7,,,,,,,CREATE
B4b Jim Murray Complete Book,,distillery,0.7,,,,,,,CREATE
B4b Jim Murray Complete Book,,distillery,0.7,,,,,,,CREATE
B4b Jim Murray Complete Book,,distillery,0.7,,,,,,,CREATE
B4b Jim Murray Complete Book,,distillery,0.7,,,,,,,CREATE
B4b Jim Murray Complete Book,,distillery,0.7,,,,,,,CREATE
B4b Jim Murray Complete Book,,distillery,0.7,,,,,,,CREATE
B4b Jim Murray Complete Book,,distillery,0.7,,,,,,,CREATE
B4b Jim Murray Complete Book,,distillery,0.7,,,,,,,CREATE
B4b Jim Murray Complete Book,,distillery,0.7,,,,,,,CREATE
B4b Jim Murray Complete Book,,distillery,0.7,,,,,,,CREATE
B4b Jim Murray Complete Book,,distillery,0.7,,,,,,,CREATE
B4b Jim Murray Complete Book,,distillery,0.7,,,,,,,CREATE
B4b Jim Murray Complete Book,,distillery,0.7,,,,,,,CREATE
B4b Jim Murray Complete Book,,distillery,0.7,,,,,,,CREATE
B4b Jim Murray Complete Book,,distillery,0.7,,,,,,,CREATE
B4b Jim Murray Complete Book,,distillery,0.7,,,,,,,CREATE
B4b Jim Murray Complete Book,,distillery,0.7,,,,,,,CREATE
B4b Jim Murray Complete Book,,distillery,0.7,,,,,,,CREATE
B4b Jim Murray Complete Book,,distillery,0.7,,,,,,,CREATE
B4b Jim Murray Complete Book,,distillery,0.7,,,,,,,CREATE
B4b Jim Murray Complete Book,,distillery,0.7,,,,,,,CREATE
B4b Jim Murray Complete Book,,distillery,0.7,,,,,,,CREATE
B4b Jim Murray Complete Book,,distillery,0.7,,,,,,,CREATE
B4b Jim Murray Complete Book,,distillery,0.7,,,,,,,CREATE
B4b Jim Murray Complete Book,,distillery,0.7,,,,,,,CREATE
B4b Jim Murray Complete Book,,distillery,0.7,,,,,,,CREATE
B4b Jim Murray Complete Book,,distillery,0.7,,,,,,,CREATE
B4b Jim Murray Complete Book,,distillery,0.7,,,,,,,CREATE
B4b Jim Murray Complete Book,,distillery,0.7,,,,,,,CREATE
B4b Jim Murray Complete Book,,distillery,0.7,,,,,,,CREATE
B4b Jim Murray Complete Book,,distillery,0.7,,,,,,,CREATE
B4b Jim Murray Complete Book,,distillery,0.7,,,,,,,CREATE
B4b Jim Murray Complete Book,,distillery,0.7,,,,,,,CREATE
B4b Jim Murray Complete Book,,distillery,0.7,,,,,,,CREATE
B4b Jim Murray Complete Book,,distillery,0.7,,,,,,,CREATE
B4b Jim Murray Complete Book,,distillery,0.7,,,,,,,CREATE
B4b Jim Murray Complete Book,,distillery,0.7,,,,,,,CREATE
B4b Jim Murray Complete Book,,distillery,0.7,,,,,,,CREATE
B4b Jim Murray Complete Book,,distillery,0.7,,,,,,,CREATE
B4b Jim Murray Complete Book,,distillery,0.7,,,,,,,CREATE
B4b Jim Murray Complete Book,,distillery,0.7,,,,,,,CREATE
B4b Jim Murray Complete Book,,distillery,0.7,,,,,,,CREATE
B4b Jim Murray Complete Book,,distillery,0.7,,,,,,,CREATE
B4b Jim Murray Complete Book,,distillery,0.7,,,,,,,CREATE
B4b Jim Murray Complete Book,,distillery,0.7,,,,,,,CREATE
B4b Jim Murray Complete Book,,distillery,0.7,,,,,,,CREATE
B4b Jim Murray Complete Book,,distillery,0.7,,,,,,,CREATE
B4b Jim Murray Complete Book,,distillery,0.7,,,,,,,CREATE
B4b Jim Murray Complete Book,,distillery,0.7,,,,,,,CREATE
B4b Jim Murray Complete Book,,distillery,0.7,,,,,,,CREATE
B4b Jim Murray Complete Book,,distillery,0.7,,,,,,,CREATE
B4b Jim Murray Complete Book,,distillery,0.7,,,,,,,CREATE
B4b Jim Murray Complete Book,,distillery,0.7,,,,,,,CREATE
B4b Jim Murray Complete Book,,distillery,0.7,,,,,,,CREATE
B4b Jim Murray Complete Book,,distillery,0.7,,,,,,,CREATE
B4b Jim Murray Complete Book,,distillery,0.7,,,,,,,CREATE
B4b Jim Murray Complete Book,,distillery,0.7,,,,,,,CREATE
B4b Jim Murray Complete Book,,distillery,0.7,,,,,,,CREATE
B4b Jim Murray Complete Book,,distillery,0.7,,,,,,,CREATE
B4b Jim Murray Complete Book,,distillery,0.7,,,,,,,CREATE
B4b Jim Murray Complete Book,,distillery,0.7,,,,,,,CREATE
B4b Jim Murray Complete Book,,distillery,0.7,,,,,,,CREATE
B4b Jim Murray Complete Book,,distillery,0.7,,,,,,,CREATE
B4b Jim Murray Complete Book,,distillery,0.7,,,,,,,CREATE
B4b Jim Murray Complete Book,,distillery,0.7,,,,,,,CREATE
B4b Jim Murray Complete Book,,distillery,0.7,,,,,,,CREATE
B4b Jim Murray Complete Book,,distillery,0.7,,,,,,,CREATE
B4b Jim Murray Complete Book,,distillery,0.7,,,,,,,CREATE
B4b Jim Murray Complete Book,,distillery,0.7,,,,,,,CREATE
B4b Jim Murray Complete Book,,distillery,0.7,,,,,,,CREATE
B4b Jim Murray Complete Book,,distillery,0.7,,,,,,,CREATE
B4b Jim Murray Complete Book,,distillery,0.7,,,,,,,CREATE
B4b Jim Murray Complete Book,,distillery,0.7,,,,,,,CREATE
B4b Jim Murray Complete Book,,distillery,0.7,,,,,,,CREATE
B4b Jim Murray Complete Book,,distillery,0.7,,,,,,,CREATE
B4b Jim Murray Complete Book,,distillery,0.7,,,,,,,CREATE
B4b Jim Murray Complete Book,,distillery,0.7,,,,,,,CREATE
B4b Jim Murray Complete Book,,distillery,0.7,,,,,,,CREATE
B4b Jim Murray Complete Book,,distillery,0.7,,,,,,,CREATE
B4b Jim Murray Complete Book,,distillery,0.7,,,,,,,CREATE
B4b Jim Murray Complete Book,,distillery,0.7,,,,,,,CREATE
B4b Jim Murray Complete Book,,distillery,0.7,,,,,,,CREATE
B4b Jim Murray Complete Book,,distillery,0.7,,,,,,,CREATE
B4b Jim Murray Complete Book,,distillery,0.7,,,,,,,CREATE
B4b Jim Murray Complete Book,,distillery,0.7,,,,,,,CREATE
B4b Jim Murray Complete Book,,distillery,0.7,,,,,,,CREATE
B4b Jim Murray Complete Book,,distillery,0.7,,,,,,,CREATE
B4b Jim Murray Complete Book,,distillery,0.7,,,,,,,CREATE
B4b Jim Murray Complete Book,,distillery,0.7,,,,,,,CREATE
B4b Jim Murray Complete Book,,distillery,0.7,,,,,,,CREATE
B4b Jim Murray Complete Book,,distillery,0.7,,,,,,,CREATE
B4b Jim Murray Complete Book,,distillery,0.7,,,,,,,CREATE
B4b Jim Murray Complete Book,,distillery,0.7,,,,,,,CREATE
B4b Jim Murray Complete Book,,distillery,0.7,,,,,,,CREATE
B4b Jim Murray Complete Book,,distillery,0.7,,,,,,,CREATE
B4b Jim Murray Complete Book,,distillery,0.7,,,,,,,CREATE
B4b Jim Murray Complete Book,,distillery,0.7,,,,,,,CREATE
B4b Jim Murray Complete Book,,distillery,0.7,,,,,,,CREATE
B4b Jim Murray Complete Book,,distillery,0.7,,,,,,,CREATE
B4b Jim Murray Complete Book,,distillery,0.7,,,,,,,CREATE
B4b Jim Murray Complete Book,,distillery,0.7,,,,,,,CREATE
B4b Jim Murray Complete Book,,distillery,0.7,,,,,,,CREATE
B4b Jim Murray Complete Book,,distillery,0.7,,,,,,,CREATE
B4b Jim Murray Complete Book,,distillery,0.7,,,,,,,CREATE
B4b Jim Murray Complete Book,,distillery,0.7,,,,,,,CREATE
B4b Jim Murray Complete Book,,distillery,0.7,,,,,,,CREATE
B4b Jim Murray Complete Book,,distillery,0.7,,,,,,,CREATE
B4b Jim Murray Complete Book,,distillery,0.7,,,,,,,CREATE
B4b Jim Murray Complete Book,,distillery,0.7,,,,,,,CREATE
B4b Jim Murray Complete Book,,distillery,0.7,,,,,,,CREATE
B4b Jim Murray Complete Book,,distillery,0.7,,,,,,,CREATE
B4b Jim Murray Complete Book,,distillery,0.7,,,,,,,CREATE
B4b Jim Murray Complete Book,,distillery,0.7,,,,,,,CREATE
B4b Jim Murray Complete Book,,distillery,0.7,,,,,,,CREATE
B4b Jim Murray Complete Book,,distillery,0.7,,,,,,,CREATE
B4b Jim Murray Complete Book,,distillery,0.7,,,,,,,CREATE
B4b Jim Murray Complete Book,,distillery,0.7,,,,,,,CREATE
B4b Jim Murray Complete Book,,distillery,0.7,,,,,,,CREATE
B4b Jim Murray Complete Book,,distillery,0.7,,,,,,,CREATE
B4b Jim Murray Complete Book,,distillery,0.7,,,,,,,CREATE
B4b Jim Murray Complete Book,,distillery,0.7,,,,,,,CREATE
B4b Jim Murray Complete Book,,distillery,0.7,,,,,,,CREATE
B4b Jim Murray Complete Book,,distillery,0.7,,,,,,,CREATE
B4b Jim Murray Complete Book,,distillery,0.7,,,,,,,CREATE
B4b Jim Murray Complete Book,,distillery,0.7,,,,,,,CREATE
B4b Jim Murray Complete Book,,distillery,0.7,,,,,,,CREATE
B4b Jim Murray Complete Book,,distillery,0.7,,,,,,,CREATE
B4b Jim Murray Complete Book,,distillery,0.7,,,,,,,CREATE
B4b Jim Murray Complete Book,,distillery,0.7,,,,,,,CREATE
B4b Jim Murray Complete Book,,distillery,0.7,,,,,,,CREATE
B4b Jim Murray Complete Book,,distillery,0.7,,,,,,,CREATE
B4b Jim Murray Complete Book,,distillery,0.7,,,,,,,CREATE
B4b Jim Murray Complete Book,,distillery,0.7,,,,,,,CREATE
B4b Jim Murray Complete Book,,distillery,0.7,,,,,,,CREATE
B4b Jim Murray Complete Book,,distillery,0.7,,,,,,,CREATE
B4b Jim Murray Complete Book,,distillery,0.7,,,,,,,CREATE
B4b Jim Murray Complete Book,,distillery,0.7,,,,,,,CREATE
B4b Jim Murray Complete Book,,distillery,0.7,,,,,,,CREATE
B4b Jim Murray Complete Book,,distillery,0.7,,,,,,,CREATE
B4b Jim Murray Complete Book,,distillery,0.7,,,,,,,CREATE
B4b Jim Murray Complete Book,,distillery,0.7,,,,,,,CREATE
B4b Jim Murray Complete Book,,distillery,0.7,,,,,,,CREATE
B4b Jim Murray Complete Book,,distillery,0.7,,,,,,,CREATE
B4b Jim Murray Complete Book,,distillery,0.7,,,,,,,CREATE
B4b Jim Murray Complete Book,,distillery,0.7,,,,,,,CREATE
B4b Jim Murray Complete Book,,distillery,0.7,,,,,,,CREATE
B4b Jim Murray Complete Book,,distillery,0.7,,,,,,,CREATE
B4b Jim Murray Complete Book,,distillery,0.7,,,,,,,CREATE
B4b Jim Murray Complete Book,,distillery,0.7,,,,,,,CREATE
B4b Jim Murray Complete Book,,distillery,0.7,,,,,,,CREATE
B4b Jim Murray Complete Book,,distillery,0.7,,,,,,,CREATE
B4b Jim Murray Complete Book,,distillery,0.7,,,,,,,CREATE
B4b Jim Murray Complete Book,,distillery,0.7,,,,,,,CREATE
B4b Jim Murray Complete Book,,distillery,0.7,,,,,,,CREATE
B4b Jim Murray Complete Book,,distillery,0.7,,,,,,,CREATE
B4b Jim Murray Complete Book,,distillery,0.7,,,,,,,CREATE
B4b Jim Murray Complete Book,,distillery,0.7,,,,,,,CREATE
B4b Jim Murray Complete Book,,distillery,0.7,,,,,,,CREATE
B4b Jim Murray Complete Book,,distillery,0.7,,,,,,,CREATE
B4b Jim Murray Complete Book,,distillery,0.7,,,,,,,CREATE
B4b Jim Murray Complete Book,,distillery,0.7,,,,,,,CREATE
B4b Jim Murray Complete Book,,distillery,0.7,,,,,,,CREATE
B4b Jim Murray Complete Book,,distillery,0.7,,,,,,,CREATE
B4b Jim Murray Complete Book,,distillery,0.7,,,,,,,CREATE
B4b Jim Murray Complete Book,,distillery,0.7,,,,,,,CREATE
B4b Jim Murray Complete Book,,distillery,0.7,,,,,,,CREATE
B4b Jim Murray Complete Book,,distillery,0.7,,,,,,,CREATE
B4b Jim Murray Complete Book,,distillery,0.7,,,,,,,CREATE
B4b Jim Murray Complete Book,,distillery,0.7,,,,,,,CREATE
B4b Jim Murray Complete Book,,distillery,0.7,,,,,,,CREATE
B4b Jim Murray Complete Book,,distillery,0.7,,,,,,,CREATE
B4b Jim Murray Complete Book,,distillery,0.7,,,,,,,CREATE
B4b Jim Murray Complete Book,,distillery,0.7,,,,,,,CREATE
B4b Jim Murray Complete Book,,distillery,0.7,,,,,,,CREATE
B4b Jim Murray Complete Book,,distillery,0.7,,,,,,,CREATE
B4b Jim Murray Complete Book,,distillery,0.7,,,,,,,CREATE
B4b Jim Murray Complete Book,,distillery,0.7,,,,,,,CREATE
B4b Jim Murray Complete Book,,distillery,0.7,,,,,,,CREATE
B4b Jim Murray Complete Book,,distillery,0.7,,,,,,,CREATE
B4b Jim Murray Complete Book,,distillery,0.7,,,,,,,CREATE
B4b Jim Murray Complete Book,,distillery,0.7,,,,,,,CREATE
B4b Jim Murray Complete Book,,distillery,0.7,,,,,,,CREATE
B4b Jim Murray Complete Book,,distillery,0.7,,,,,,,CREATE
B4b Jim Murray Complete Book,,distillery,0.7,,,,,,,CREATE
B4b Jim Murray Complete Book,,distillery,0.7,,,,,,,CREATE
B4b Jim Murray Complete Book,,distillery,0.7,,,,,,,CREATE
B4b Jim Murray Complete Book,,distillery,0.7,,,,,,,CREATE
B4b Jim Murray Complete Book,,distillery,0.7,,,,,,,CREATE
B4b Jim Murray Complete Book,,distillery,0.7,,,,,,,CREATE
B4b Jim Murray Complete Book,,distillery,0.7,,,,,,,CREATE
B4b Jim Murray Complete Book,,distillery,0.7,,,,,,,CREATE
B4b Jim Murray Complete Book,,distillery,0.7,,,,,,,CREATE
B4b Jim Murray Complete Book,,distillery,0.7,,,,,,,CREATE
B4b Jim Murray Complete Book,,distillery,0.7,,,,,,,CREATE
B4b Jim Murray Complete Book,,distillery,0.7,,,,,,,CREATE
B4b Jim Murray Complete Book,,distillery,0.7,,,,,,,CREATE
B4b Jim Murray Complete Book,,distillery,0.7,,,,,,,CREATE
B4b Jim Murray Complete Book,,distillery,0.7,,,,,,,CREATE
B4b Jim Murray Complete Book,,distillery,0.7,,,,,,,CREATE
B4b Jim Murray Complete Book,,distillery,0.7,,,,,,,CREATE
B4b Jim Murray Complete Book,,distillery,0.7,,,,,,,CREATE
B4b Jim Murray Complete Book,,distillery,0.7,,,,,,,CREATE
B4b Jim Murray Complete Book,,distillery,0.7,,,,,,,CREATE
B4b Jim Murray Complete Book,,distillery,0.7,,,,,,,CREATE
B4b Jim Murray Complete Book,,distillery,0.7,,,,,,,CREATE
B4b Jim Murray Complete Book,,distillery,0.7,,,,,,,CREATE
B4b Jim Murray Complete Book,,distillery,0.7,,,,,,,CREATE
B4b Jim Murray Complete Book,,distillery,0.7,,,,,,,CREATE
B4b Jim Murray Complete Book,,distillery,0.7,,,,,,,CREATE
B4b Jim Murray Complete Book,,distillery,0.7,,,,,,,CREATE
B4b Jim Murray Complete Book,,distillery,0.7,,,,,,,CREATE
B4b Jim Murray Complete Book,,distillery,0.7,,,,,,,CREATE
B4b Jim Murray Complete Book,,distillery,0.7,,,,,,,CREATE
B4b Jim Murray Complete Book,,distillery,0.7,,,,,,,CREATE
B4b Jim Murray Complete Book,,distillery,0.7,,,,,,,CREATE
B4b Jim Murray Complete Book,,distillery,0.7,,,,,,,CREATE
B4b Jim Murray Complete Book,,distillery,0.7,,,,,,,CREATE
B4b Jim Murray Complete Book,,distillery,0.7,,,,,,,CREATE
B4b Jim Murray Complete Book,,distillery,0.7,,,,,,,CREATE
B4b Jim Murray Complete Book,,distillery,0.7,,,,,,,CREATE
B4b Jim Murray Complete Book,,distillery,0.7,,,,,,,CREATE
B4b Jim Murray Complete Book,,distillery,0.7,,,,,,,CREATE
B4b Jim Murray Complete Book,,distillery,0.7,,,,,,,CREATE
B4b Jim Murray Complete Book,,distillery,0.7,,,,,,,CREATE
B4b Jim Murray Complete Book,,distillery,0.7,,,,,,,CREATE
B4b Jim Murray Complete Book,,distillery,0.7,,,,,,,CREATE
B4b Jim Murray Complete Book,,distillery,0.7,,,,,,,CREATE
B4b Jim Murray Complete Book,,distillery,0.7,,,,,,,CREATE
B4b Jim Murray Complete Book,,distillery,0.7,,,,,,,CREATE
B4b Jim Murray Complete Book,,distillery,0.7,,,,,,,CREATE
B4b Jim Murray Complete Book,,distillery,0.7,,,,,,,CREATE
B4b Jim Murray Complete Book,,distillery,0.7,,,,,,,CREATE
B4b Jim Murray Complete Book,,distillery,0.7,,,,,,,CREATE
B4b Jim Murray Complete Book,,distillery,0.7,,,,,,,CREATE
B4b Jim Murray Complete Book,,distillery,0.7,,,,,,,CREATE
B4b Jim Murray Complete Book,,distillery,0.7,,,,,,,CREATE
B4b Jim Murray Complete Book,,distillery,0.7,,,,,,,CREATE
B4b Jim Murray Complete Book,,distillery,0.7,,,,,,,CREATE
B4b Jim Murray Complete Book,,distillery,0.7,,,,,,,CREATE
B4b Jim Murray Complete Book,,distillery,0.7,,,,,,,CREATE
B4b Jim Murray Complete Book,,distillery,0.7,,,,,,,CREATE
B4b Jim Murray Complete Book,,distillery,0.7,,,,,,,CREATE
B4b Jim Murray Complete Book,,distillery,0.7,,,,,,,CREATE
B4b Jim Murray Complete Book,,distillery,0.7,,,,,,,CREATE
B4b Jim Murray Complete Book,,distillery,0.7,,,,,,,CREATE
B4b Jim Murray Complete Book,,distillery,0.7,,,,,,,CREATE
B4b Jim Murray Complete Book,,distillery,0.7,,,,,,,CREATE
B4b Jim Murray Complete Book,,distillery,0.7,,,,,,,CREATE
B4b Jim Murray Complete Book,,distillery,0.7,,,,,,,CREATE
B4b Jim Murray Complete Book,,distillery,0.7,,,,,,,CREATE
B4b Jim Murray Complete Book,,distillery,0.7,,,,,,,CREATE
B4b Jim Murray Complete Book,,distillery,0.7,,,,,,,CREATE
B4b Jim Murray Complete Book,,distillery,0.7,,,,,,,CREATE
B4b Jim Murray Complete Book,,distillery,0.7,,,,,,,CREATE
B4b Jim Murray Complete Book,,distillery,0.7,,,,,,,CREATE
B4b Jim Murray Complete Book,,distillery,0.7,,,,,,,CREATE
B4b Jim Murray Complete Book,,distillery,0.7,,,,,,,CREATE
B4b Jim Murray Complete Book,,distillery,0.7,,,,,,,CREATE
B4b Jim Murray Complete Book,,distillery,0.7,,,,,,,CREATE
B4b Jim Murray Complete Book,,distillery,0.7,,,,,,,CREATE
B4b Jim Murray Complete Book,,distillery,0.7,,,,,,,CREATE
B4b Jim Murray Complete Book,,distillery,0.7,,,,,,,CREATE
B4b Jim Murray Complete Book,,distillery,0.7,,,,,,,CREATE
B4b Jim Murray Complete Book,,distillery,0.7,,,,,,,CREATE
B4b Jim Murray Complete Book,,distillery,0.7,,,,,,,CREATE
B4b Jim Murray Complete Book,,distillery,0.7,,,,,,,CREATE
B4b Jim Murray Complete Book,,distillery,0.7,,,,,,,CREATE
B4b Jim Murray Complete Book,,distillery,0.7,,,,,,,CREATE
B4b Jim Murray Complete Book,,distillery,0.7,,,,,,,CREATE
B4b Jim Murray Complete Book,,distillery,0.7,,,,,,,CREATE
B4b Jim Murray Complete Book,,distillery,0.7,,,,,,,CREATE
B4b Jim Murray Complete Book,,distillery,0.7,,,,,,,CREATE
B4b Jim Murray Complete Book,,distillery,0.7,,,,,,,CREATE
B4b Jim Murray Complete Book,,distillery,0.7,,,,,,,CREATE
B4b Jim Murray Complete Book,,distillery,0.7,,,,,,,CREATE
B4b Jim Murray Complete Book,,distillery,0.7,,,,,,,CREATE
B4b Jim Murray Complete Book,,distillery,0.7,,,,,,,CREATE
B4b Jim Murray Complete Book,,distillery,0.7,,,,,,,CREATE
B4b Jim Murray Complete Book,,distillery,0.7,,,,,,,CREATE
B4b Jim Murray Complete Book,,distillery,0.7,,,,,,,CREATE
B4b Jim Murray Complete Book,,distillery,0.7,,,,,,,CREATE
B4b Jim Murray Complete Book,,distillery,0.7,,,,,,,CREATE
B4b Jim Murray Complete Book,,distillery,0.7,,,,,,,CREATE
B4b Jim Murray Complete Book,,distillery,0.7,,,,,,,CREATE
B4b Jim Murray Complete Book,,distillery,0.7,,,,,,,CREATE
B4b Jim Murray Complete Book,,distillery,0.7,,,,,,,CREATE
B4b Jim Murray Complete Book,,distillery,0.7,,,,,,,CREATE
B4b Jim Murray Complete Book,,distillery,0.7,,,,,,,CREATE
B4b Jim Murray Complete Book,,distillery,0.7,,,,,,,CREATE
B4b Jim Murray Complete Book,,distillery,0.7,,,,,,,CREATE
B4b Jim Murray Complete Book,,distillery,0.7,,,,,,,CREATE
B4b Jim Murray Complete Book,,distillery,0.7,,,,,,,CREATE
B4b Jim Murray Complete Book,,distillery,0.7,,,,,,,CREATE
B4b Jim Murray Complete Book,,distillery,0.7,,,,,,,CREATE
B4b Jim Murray Complete Book,,distillery,0.7,,,,,,,CREATE
B4b Jim Murray Complete Book,,distillery,0.7,,,,,,,CREATE
B4b Jim Murray Complete Book,,distillery,0.7,,,,,,,CREATE
B4b Jim Murray Complete Book,,distillery,0.7,,,,,,,CREATE
B4b Jim Murray Complete Book,,distillery,0.7,,,,,,,CREATE
B4b Jim Murray Complete Book,,distillery,0.7,,,,,,,CREATE
B4b Jim Murray Complete Book,,distillery,0.7,,,,,,,CREATE
B4b Jim Murray Complete Book,,distillery,0.7,,,,,,,CREATE
B4b Jim Murray Complete Book,,distillery,0.7,,,,,,,CREATE
B4b Jim Murray Complete Book,,distillery,0.7,,,,,,,CREATE
B4b Jim Murray Complete Book,,distillery,0.7,,,,,,,CREATE
B4b Jim Murray Complete Book,,distillery,0.7,,,,,,,CREATE
B4b Jim Murray Complete Book,,distillery,0.7,,,,,,,CREATE
B4b Jim Murray Complete Book,,distillery,0.7,,,,,,,CREATE
B4b Jim Murray Complete Book,,distillery,0.7,,,,,,,CREATE
B4b Jim Murray Complete Book,,distillery,0.7,,,,,,,CREATE
B4b Jim Murray Complete Book,,distillery,0.7,,,,,,,CREATE
B4b Jim Murray Complete Book,,distillery,0.7,,,,,,,CREATE
B4b Jim Murray Complete Book,,distillery,0.7,,,,,,,CREATE
B4b Jim Murray Complete Book,,distillery,0.7,,,,,,,CREATE
B4b Jim Murray Complete Book,,distillery,0.7,,,,,,,CREATE
B4b Jim Murray Complete Book,,distillery,0.7,,,,,,,CREATE
B4b Jim Murray Complete Book,,distillery,0.7,,,,,,,CREATE
B4b Jim Murray Complete Book,,distillery,0.7,,,,,,,CREATE
B4b Jim Murray Complete Book,,distillery,0.7,,,,,,,CREATE
B4b Jim Murray Complete Book,,distillery,0.7,,,,,,,CREATE
B4b Jim Murray Complete Book,,distillery,0.7,,,,,,,CREATE
B4b Jim Murray Complete Book,,distillery,0.7,,,,,,,CREATE
B4b Jim Murray Complete Book,,distillery,0.7,,,,,,,CREATE
B4b Jim Murray Complete Book,,distillery,0.7,,,,,,,CREATE
B4b Jim Murray Complete Book,,distillery,0.7,,,,,,,CREATE
B4b Jim Murray Complete Book,,distillery,0.7,,,,,,,CREATE
B4b Jim Murray Complete Book,,distillery,0.7,,,,,,,CREATE
B4b Jim Murray Complete Book,,distillery,0.7,,,,,,,CREATE
B4b Jim Murray Complete Book,,distillery,0.7,,,,,,,CREATE
B4b Jim Murray Complete Book,,distillery,0.7,,,,,,,CREATE
B4b Jim Murray Complete Book,,distillery,0.7,,,,,,,CREATE
B4b Jim Murray Complete Book,,distillery,0.7,,,,,,,CREATE
B4b Jim Murray Complete Book,,distillery,0.7,,,,,,,CREATE
B4b Jim Murray Complete Book,,distillery,0.7,,,,,,,CREATE
B4b Jim Murray Complete Book,,distillery,0.7,,,,,,,CREATE
B4b Jim Murray Complete Book,,distillery,0.7,,,,,,,CREATE
B4b Jim Murray Complete Book,,distillery,0.7,,,,,,,CREATE
B4b Jim Murray Complete Book,,distillery,0.7,,,,,,,CREATE
B4b Jim Murray Complete Book,,distillery,0.7,,,,,,,CREATE
B4b Jim Murray Complete Book,,distillery,0.7,,,,,,,CREATE
B4b Jim Murray Complete Book,,distillery,0.7,,,,,,,CREATE
B4b Jim Murray Complete Book,,distillery,0.7,,,,,,,CREATE
B4b Jim Murray Complete Book,,distillery,0.7,,,,,,,CREATE
B4b Jim Murray Complete Book,,distillery,0.7,,,,,,,CREATE
B4b Jim Murray Complete Book,,distillery,0.7,,,,,,,CREATE
B4b Jim Murray Complete Book,,distillery,0.7,,,,,,,CREATE
B4b Jim Murray Complete Book,,distillery,0.7,,,,,,,CREATE
B4b Jim Murray Complete Book,,distillery,0.7,,,,,,,CREATE
B4b Jim Murray Complete Book,,distillery,0.7,,,,,,,CREATE
B4b Jim Murray Complete Book,,distillery,0.7,,,,,,,CREATE
B4b Jim Murray Complete Book,,distillery,0.7,,,,,,,CREATE
B4b Jim Murray Complete Book,,distillery,0.7,,,,,,,CREATE
B4b Jim Murray Complete Book,,distillery,0.7,,,,,,,CREATE
B4b Jim Murray Complete Book,,distillery,0.7,,,,,,,CREATE
B4b Jim Murray Complete Book,,distillery,0.7,,,,,,,CREATE
B4b Jim Murray Complete Book,,distillery,0.7,,,,,,,CREATE
B4b Jim Murray Complete Book,,distillery,0.7,,,,,,,CREATE
B4b Jim Murray Complete Book,,distillery,0.7,,,,,,,CREATE
B4b Jim Murray Complete Book,,distillery,0.7,,,,,,,CREATE
B4b Jim Murray Complete Book,,distillery,0.7,,,,,,,CREATE
B4b Jim Murray Complete Book,,distillery,0.7,,,,,,,CREATE
B4b Jim Murray Complete Book,,distillery,0.7,,,,,,,CREATE
B4b Jim Murray Complete Book,,distillery,0.7,,,,,,,CREATE
B4b Jim Murray Complete Book,,distillery,0.7,,,,,,,CREATE
B4b Jim Murray Complete Book,,distillery,0.7,,,,,,,CREATE
B4b Jim Murray Complete Book,,distillery,0.7,,,,,,,CREATE
B4b Jim Murray Complete Book,,distillery,0.7,,,,,,,CREATE
B4b Jim Murray Complete Book,,distillery,0.7,,,,,,,CREATE
B4b Jim Murray Complete Book,,distillery,0.7,,,,,,,CREATE
B4b Jim Murray Complete Book,,distillery,0.7,,,,,,,CREATE
B4b Jim Murray Complete Book,,distillery,0.7,,,,,,,CREATE
B4b Jim Murray Complete Book,,distillery,0.7,,,,,,,CREATE
B4b Jim Murray Complete Book,,distillery,0.7,,,,,,,CREATE
B4b Jim Murray Complete Book,,distillery,0.7,,,,,,,CREATE
B4b Jim Murray Complete Book,,distillery,0.7,,,,,,,CREATE
B4b Jim Murray Complete Book,,distillery,0.7,,,,,,,CREATE
B4b Jim Murray Complete Book,,distillery,0.7,,,,,,,CREATE
B4b Jim Murray Complete Book,,distillery,0.7,,,,,,,CREATE
B4b Jim Murray Complete Book,,distillery,0.7,,,,,,,CREATE
B4b Jim Murray Complete Book,,distillery,0.7,,,,,,,CREATE
B4b Jim Murray Complete Book,,distillery,0.7,,,,,,,CREATE
B4b Jim Murray Complete Book,,distillery,0.7,,,,,,,CREATE
B4b Jim Murray Complete Book,,distillery,0.7,,,,,,,CREATE
B4b Jim Murray Complete Book,,distillery,0.7,,,,,,,CREATE
B4b Jim Murray Complete Book,,distillery,0.7,,,,,,,CREATE
B4b Jim Murray Complete Book,,distillery,0.7,,,,,,,CREATE
B4b Jim Murray Complete Book,,distillery,0.7,,,,,,,CREATE
B4b Jim Murray Complete Book,,distillery,0.7,,,,,,,CREATE
B4b Jim Murray Complete Book,,distillery,0.7,,,,,,,CREATE
B4b Jim Murray Complete Book,,distillery,0.7,,,,,,,CREATE
B4b Jim Murray Complete Book,,distillery,0.7,,,,,,,CREATE
B4b Jim Murray Complete Book,,distillery,0.7,,,,,,,CREATE
B4b Jim Murray Complete Book,,distillery,0.7,,,,,,,CREATE
B4b Jim Murray Complete Book,,distillery,0.7,,,,,,,CREATE
B4b Jim Murray Complete Book,,distillery,0.7,,,,,,,CREATE
B4b Jim Murray Complete Book,,distillery,0.7,,,,,,,CREATE
B4b Jim Murray Complete Book,,distillery,0.7,,,,,,,CREATE
B4b Jim Murray Complete Book,,distillery,0.7,,,,,,,CREATE
B4b Jim Murray Complete Book,,distillery,0.7,,,,,,,CREATE
B4b Jim Murray Complete Book,,distillery,0.7,,,,,,,CREATE
B4b Jim Murray Complete Book,,distillery,0.7,,,,,,,CREATE
B4b Jim Murray Complete Book,,distillery,0.7,,,,,,,CREATE
B4b Jim Murray Complete Book,,distillery,0.7,,,,,,,CREATE
B4b Jim Murray Complete Book,,distillery,0.7,,,,,,,CREATE
B4b Jim Murray Complete Book,,distillery,0.7,,,,,,,CREATE
B4b Jim Murray Complete Book,,distillery,0.7,,,,,,,CREATE
B4b Jim Murray Complete Book,,distillery,0.7,,,,,,,CREATE
B4b Jim Murray Complete Book,,distillery,0.7,,,,,,,CREATE
B4b Jim Murray Complete Book,,distillery,0.7,,,,,,,CREATE
B4b Jim Murray Complete Book,,distillery,0.7,,,,,,,CREATE
B4b Jim Murray Complete Book,,distillery,0.7,,,,,,,CREATE
B4b Jim Murray Complete Book,,distillery,0.7,,,,,,,CREATE
B4b Jim Murray Complete Book,,distillery,0.7,,,,,,,CREATE
B4b Jim Murray Complete Book,,distillery,0.7,,,,,,,CREATE
B4b Jim Murray Complete Book,,distillery,0.7,,,,,,,CREATE
B4b Jim Murray Complete Book,,distillery,0.7,,,,,,,CREATE
B4b Jim Murray Complete Book,,distillery,0.7,,,,,,,CREATE
B4b Jim Murray Complete Book,,distillery,0.7,,,,,,,CREATE
B4b Jim Murray Complete Book,,distillery,0.7,,,,,,,CREATE
B4b Jim Murray Complete Book,,distillery,0.7,,,,,,,CREATE
B4b Jim Murray Complete Book,,distillery,0.7,,,,,,,CREATE
B4b Jim Murray Complete Book,,distillery,0.7,,,,,,,CREATE
B4b Jim Murray Complete Book,,distillery,0.7,,,,,,,CREATE
B4b Jim Murray Complete Book,,distillery,0.7,,,,,,,CREATE
B4b Jim Murray Complete Book,,distillery,0.7,,,,,,,CREATE
B4b Jim Murray Complete Book,,distillery,0.7,,,,,,,CREATE
B4b Jim Murray Complete Book,,distillery,0.7,,,,,,,CREATE
B4b Jim Murray Complete Book,,distillery,0.7,,,,,,,CREATE
B4b Jim Murray Complete Book,,distillery,0.7,,,,,,,CREATE
B4b Jim Murray Complete Book,,distillery,0.7,,,,,,,CREATE
B4b Jim Murray Complete Book,,distillery,0.7,,,,,,,CREATE
B4b Jim Murray Complete Book,,distillery,0.7,,,,,,,CREATE
B4b Jim Murray Complete Book,,distillery,0.7,,,,,,,CREATE
B4b Jim Murray Complete Book,,distillery,0.7,,,,,,,CREATE
B4b Jim Murray Complete Book,,distillery,0.7,,,,,,,CREATE
B4b Jim Murray Complete Book,,distillery,0.7,,,,,,,CREATE
B4b Jim Murray Complete Book,,distillery,0.7,,,,,,,CREATE
B4b Jim Murray Complete Book,,distillery,0.7,,,,,,,CREATE
B4b Jim Murray Complete Book,,distillery,0.7,,,,,,,CREATE
B4b Jim Murray Complete Book,,distillery,0.7,,,,,,,CREATE
B4b Jim Murray Complete Book,,distillery,0.7,,,,,,,CREATE
B4b Jim Murray Complete Book,,distillery,0.7,,,,,,,CREATE
B4b Jim Murray Complete Book,,distillery,0.7,,,,,,,CREATE
B4b Jim Murray Complete Book,,distillery,0.7,,,,,,,CREATE
B4b Jim Murray Complete Book,,distillery,0.7,,,,,,,CREATE
B4b Jim Murray Complete Book,,distillery,0.7,,,,,,,CREATE
B4b Jim Murray Complete Book,,distillery,0.7,,,,,,,CREATE
B4b Jim Murray Complete Book,,distillery,0.7,,,,,,,CREATE
B4b Jim Murray Complete Book,,distillery,0.7,,,,,,,CREATE
B4b Jim Murray Complete Book,,distillery,0.7,,,,,,,CREATE
B4b Jim Murray Complete Book,,distillery,0.7,,,,,,,CREATE
B4b Jim Murray Complete Book,,distillery,0.7,,,,,,,CREATE
B4b Jim Murray Complete Book,,distillery,0.7,,,,,,,CREATE
B4b Jim Murray Complete Book,,distillery,0.7,,,,,,,CREATE
B4b Jim Murray Complete Book,,distillery,0.7,,,,,,,CREATE
B4b Jim Murray Complete Book,,distillery,0.7,,,,,,,CREATE
B4b Jim Murray Complete Book,,distillery,0.7,,,,,,,CREATE
B4b Jim Murray Complete Book,,distillery,0.7,,,,,,,CREATE
B4b Jim Murray Complete Book,,distillery,0.7,,,,,,,CREATE
B4b Jim Murray Complete Book,,distillery,0.7,,,,,,,CREATE
B4b Jim Murray Complete Book,,distillery,0.7,,,,,,,CREATE
B4b Jim Murray Complete Book,,distillery,0.7,,,,,,,CREATE
B4b Jim Murray Complete Book,,distillery,0.7,,,,,,,CREATE
B4b Jim Murray Complete Book,,distillery,0.7,,,,,,,CREATE
B4b Jim Murray Complete Book,,distillery,0.7,,,,,,,CREATE
B4b Jim Murray Complete Book,,distillery,0.7,,,,,,,CREATE
B4b Jim Murray Complete Book,,distillery,0.7,,,,,,,CREATE
B4b Jim Murray Complete Book,,distillery,0.7,,,,,,,CREATE
B4b Jim Murray Complete Book,,distillery,0.7,,,,,,,CREATE
B4b Jim Murray Complete Book,,distillery,0.7,,,,,,,CREATE
B4b Jim Murray Complete Book,,distillery,0.7,,,,,,,CREATE
B4b Jim Murray Complete Book,,distillery,0.7,,,,,,,CREATE
B4b Jim Murray Complete Book,,distillery,0.7,,,,,,,CREATE
B4b Jim Murray Complete Book,,distillery,0.7,,,,,,,CREATE
B4b Jim Murray Complete Book,,distillery,0.7,,,,,,,CREATE
B4b Jim Murray Complete Book,,distillery,0.7,,,,,,,CREATE
B4b Jim Murray Complete Book,,distillery,0.7,,,,,,,CREATE
B4b Jim Murray Complete Book,,distillery,0.7,,,,,,,CREATE
B4b Jim Murray Complete Book,,distillery,0.7,,,,,,,CREATE
B4b Jim Murray Complete Book,,distillery,0.7,,,,,,,CREATE
B4b Jim Murray Complete Book,,distillery,0.7,,,,,,,CREATE
B4b Jim Murray Complete Book,,distillery,0.7,,,,,,,CREATE
B4b Jim Murray Complete Book,,distillery,0.7,,,,,,,CREATE
B4b Jim Murray Complete Book,,distillery,0.7,,,,,,,CREATE
B4b Jim Murray Complete Book,,distillery,0.7,,,,,,,CREATE
B4b Jim Murray Complete Book,,distillery,0.7,,,,,,,CREATE
B4b Jim Murray Complete Book,,distillery,0.7,,,,,,,CREATE
B4b Jim Murray Complete Book,,distillery,0.7,,,,,,,CREATE
B4b Jim Murray Complete Book,,distillery,0.7,,,,,,,CREATE
B4b Jim Murray Complete Book,,distillery,0.7,,,,,,,CREATE
B4b Jim Murray Complete Book,,distillery,0.7,,,,,,,CREATE
B4b Jim Murray Complete Book,,distillery,0.7,,,,,,,CREATE
B4b Jim Murray Complete Book,,distillery,0.7,,,,,,,CREATE
B4b Jim Murray Complete Book,,distillery,0.7,,,,,,,CREATE
B4b Jim Murray Complete Book,,distillery,0.7,,,,,,,CREATE
B4b Jim Murray Complete Book,,distillery,0.7,,,,,,,CREATE
B4b Jim Murray Complete Book,,distillery,0.7,,,,,,,CREATE
B4b Jim Murray Complete Book,,distillery,0.7,,,,,,,CREATE
B4b Jim Murray Complete Book,,distillery,0.7,,,,,,,CREATE
B4b Jim Murray Complete Book,,distillery,0.7,,,,,,,CREATE
B4b Jim Murray Complete Book,,distillery,0.7,,,,,,,CREATE
B4b Jim Murray Complete Book,,distillery,0.7,,,,,,,CREATE
B4b Jim Murray Complete Book,,distillery,0.7,,,,,,,CREATE
B4b Jim Murray Complete Book,,distillery,0.7,,,,,,,CREATE
B4b Jim Murray Complete Book,,distillery,0.7,,,,,,,CREATE
B4b Jim Murray Complete Book,,distillery,0.7,,,,,,,CREATE
B4b Jim Murray Complete Book,,distillery,0.7,,,,,,,CREATE
B4b Jim Murray Complete Book,,distillery,0.7,,,,,,,CREATE
B4b Jim Murray Complete Book,,distillery,0.7,,,,,,,CREATE
B4b Jim Murray Complete Book,,distillery,0.7,,,,,,,CREATE
B4b Jim Murray Complete Book,,distillery,0.7,,,,,,,CREATE
B4b Jim Murray Complete Book,,distillery,0.7,,,,,,,CREATE
B4b Jim Murray Complete Book,,distillery,0.7,,,,,,,CREATE
B4b Jim Murray Complete Book,,distillery,0.7,,,,,,,CREATE
B4b Jim Murray Complete Book,,distillery,0.7,,,,,,,CREATE
B4b Jim Murray Complete Book,,distillery,0.7,,,,,,,CREATE
B4b Jim Murray Complete Book,,distillery,0.7,,,,,,,CREATE
