dedupe_hash,whisky_name_raw,source_score,rating_points,review_year,matched_whisky_id,matched_whisky_name,name_match_score,conflict_flags,decision,decision_reason,internal_source_url,internal_audit_only
fba7d2300f061bc013698ddb,Aberfeldy 12-year-old  Limited Bottling Batch No.: 2905,,,,W000145,aberlour 12yo non-chill-filtered,57.14,,REJECT_LOW_CONFIDENCE,score_lt_86,,true
6123986a07ee63cbd997ec7e,Aberfeldy 12-year-old  Limited Bottling Batch No.: 2905,,,,W000145,aberlour 12yo non-chill-filtered,57.14,,REJECT_LOW_CONFIDENCE,score_lt_86,,true
3e9e9a9b229f95a046cdbb41,Aberfeldy 12-year-old  Limited Bottling Batch No.: 2905,,,,W000145,aberlour 12yo non-chill-filtered,57.14,,REJECT_LOW_CONFIDENCE,score_lt_86,,true
ca71a2109f8a9ab46aed08ec,Aberfeldy 12-year-old  Limited Bottling Batch No.: 2905,,,,W000145,aberlour 12yo non-chill-filtered,57.14,,REJECT_LOW_CONFIDENCE,score_lt_86,,true
486e349dadda8706d4f3356f,Aberfeldy 12-year-old  Limited Bottling Batch No.: 2905,,,,W000145,aberlour 12yo non-chill-filtered,57.14,,REJECT_LOW_CONFIDENCE,score_lt_86,,true
40aa9152f147eedc99aff335,Aberfeldy 12-year-old  Limited Bottling Batch No.: 2905,,,,W000145,aberlour 12yo non-chill-filtered,57.14,,REJECT_LOW_CONFIDENCE,score_lt_86,,true
06b0e7aa45c5cb201817961a,Aberfeldy 12-year-old  Limited Bottling Batch No.: 2905,,,,W000145,aberlour 12yo non-chill-filtered,57.14,,REJECT_LOW_CONFIDENCE,score_lt_86,,true
d67916377bd4df2425a10348,Aberfeldy 12-year-old  Limited Bottling Batch No.: 2905,,,,W000145,aberlour 12yo non-chill-filtered,57.14,,REJECT_LOW_CONFIDENCE,score_lt_86,,true
82bc248d8d78d562cf835dc5,Aberfeldy 12-year-old  Limited Bottling Batch No.: 2905,,,,W000145,aberlour 12yo non-chill-filtered,57.14,,REJECT_LOW_CONFIDENCE,score_lt_86,,true
048d071963970fed38c0cc73,Aberfeldy 18-year-old,,,,W000282,aberfeldy 18yo,100.0,,KEEP_PRODUCT_FEATURE,score_gte_94_no_conflict,,true
9b2aceb90de9255b90d0992d,Aberfeldy 18-year-old,,,,W000282,aberfeldy 18yo,100.0,,KEEP_PRODUCT_FEATURE,score_gte_94_no_conflict,,true
65233025fa075aa13b16f07c,Aberfeldy 21-year-old  Limited Release,,,,W001244,jameson 18yo limited reserve,65.52,,REJECT_LOW_CONFIDENCE,score_lt_86,,true
14e77b3266cdfcfd81d5bae5,Aberfeldy 21-year-old  Limited Release,,,,W001244,jameson 18yo limited reserve,65.52,,REJECT_LOW_CONFIDENCE,score_lt_86,,true
2103e6c4e7200bfaa8938886,Aberfeldy 21-year-old  Limited Release,,,2014,W001244,jameson 18yo limited reserve,65.52,,REJECT_LOW_CONFIDENCE,score_lt_86,,true
83b8a39935d3927199359a8c,Aberfeldy 21-year-old  Limited Release,,,,W001244,jameson 18yo limited reserve,65.52,,REJECT_LOW_CONFIDENCE,score_lt_86,,true
28a8dc5d58b6182a4fa5e561,Aberfeldy 21-year-old  Limited Release,,,,W001244,jameson 18yo limited reserve,65.52,,REJECT_LOW_CONFIDENCE,score_lt_86,,true
2d3f10076854d6c1061782ed,Aberfeldy 21-year-old  Limited Release,,,,W001244,jameson 18yo limited reserve,65.52,,REJECT_LOW_CONFIDENCE,score_lt_86,,true
68117b820467e61284f91b30,Aberfeldy 21-year-old  Limited Release,,,,W001244,jameson 18yo limited reserve,65.52,,REJECT_LOW_CONFIDENCE,score_lt_86,,true
579175797a988757b7e02d8b,Aberlour 12-year-old  Double Cask Matured,,,,W000352,aberlour 12yo double cask matured,100.0,,KEEP_PRODUCT_FEATURE,score_gte_94_no_conflict,,true
d3321032ae7d4e7e13227e0c,Aberlour 12-year-old  Double Cask Matured,,,,W000352,aberlour 12yo double cask matured,100.0,,KEEP_PRODUCT_FEATURE,score_gte_94_no_conflict,,true
50903ef8bd9266e5f17bf844,Aberlour 12-year-old  Double Cask Matured,,,,W000352,aberlour 12yo double cask matured,100.0,,KEEP_PRODUCT_FEATURE,score_gte_94_no_conflict,,true
d59bf75b40bc2178db1ba8f5,Aberlour 12-year-old  Double Cask Matured,,,,W000352,aberlour 12yo double cask matured,100.0,,KEEP_PRODUCT_FEATURE,score_gte_94_no_conflict,,true
dae544f8805a932097ebe02f,Aberlour 12-year-old  Double Cask Matured,,,,W000352,aberlour 12yo double cask matured,100.0,,KEEP_PRODUCT_FEATURE,score_gte_94_no_conflict,,true
1286dea3137f05dee20f6a23,Aberlour 12-year-old  Double Cask Matured,,,,W000352,aberlour 12yo double cask matured,100.0,,KEEP_PRODUCT_FEATURE,score_gte_94_no_conflict,,true
5ddc2b932ecb78c4ebad3e68,Aberlour 12-year-old  Double Cask Matured,,,,W000352,aberlour 12yo double cask matured,100.0,,KEEP_PRODUCT_FEATURE,score_gte_94_no_conflict,,true
c406d0c0d4bb6bb9f2eafa95,Aberlour 12-year-old  Double Cask Matured,,,,W000352,aberlour 12yo double cask matured,100.0,,KEEP_PRODUCT_FEATURE,score_gte_94_no_conflict,,true
79a3bc2f37308c22420a0575,Aberlour 12-year-old  Double Cask Matured,,,,W000352,aberlour 12yo double cask matured,100.0,,KEEP_PRODUCT_FEATURE,score_gte_94_no_conflict,,true
b27fb5cffefd4d7ba740b192,Aberlour 12-year-old  Double Cask Matured,,,,W000352,aberlour 12yo double cask matured,100.0,,KEEP_PRODUCT_FEATURE,score_gte_94_no_conflict,,true
595c3ed3e5eef267c013f9e8,Aberlour 12-year-old  Double Cask Matured,,,,W000352,aberlour 12yo double cask matured,100.0,,KEEP_PRODUCT_FEATURE,score_gte_94_no_conflict,,true
374b7e4357bc588977316dcc,Aberlour 12-year-old  Double Cask Matured,,,,W000352,aberlour 12yo double cask matured,100.0,,KEEP_PRODUCT_FEATURE,score_gte_94_no_conflict,,true
dfc0de57db08a9f45af6500b,Aberlour 12-year-old  Double Cask Matured,,,,W000352,aberlour 12yo double cask matured,100.0,,KEEP_PRODUCT_FEATURE,score_gte_94_no_conflict,,true
1eba7326ea6a0a0a6910014d,Aberlour 12-year-old  Double Cask Matured,,,,W000352,aberlour 12yo double cask matured,100.0,,KEEP_PRODUCT_FEATURE,score_gte_94_no_conflict,,true
bf39ed7d9da6f763ad033bbd,Aberlour 12-year-old  Double Cask Matured,,,,W000352,aberlour 12yo double cask matured,100.0,,KEEP_PRODUCT_FEATURE,score_gte_94_no_conflict,,true
fc5b427ecca8419da64dc6a7,Aberlour 12-year-old  Double Cask Matured,,,,W000352,aberlour 12yo double cask matured,100.0,,KEEP_PRODUCT_FEATURE,score_gte_94_no_conflict,,true
644b53390407c6f438728388,Aberlour 14-year-old  Double Cask Matured,,,,W000265,aberlour 16yo double cask matured,96.97,,KEEP_PRODUCT_FEATURE,score_gte_94_no_conflict,,true
43649852d557ebc02e5774dd,Aberlour 14-year-old  Double Cask Matured,,,,W000265,aberlour 16yo double cask matured,96.97,,KEEP_PRODUCT_FEATURE,score_gte_94_no_conflict,,true
71e9289a6b8b65d31f31f04a,Aberlour 14-year-old  Double Cask Matured,,,,W000265,aberlour 16yo double cask matured,96.97,,KEEP_PRODUCT_FEATURE,score_gte_94_no_conflict,,true
aaba1741742dce558ed33458,Aberlour 14-year-old  Double Cask Matured,,,,W000265,aberlour 16yo double cask matured,96.97,,KEEP_PRODUCT_FEATURE,score_gte_94_no_conflict,,true
54bd465507982fc5bfb50d26,Aberlour 14-year-old  Double Cask Matured,,,,W000265,aberlour 16yo double cask matured,96.97,,KEEP_PRODUCT_FEATURE,score_gte_94_no_conflict,,true
c2a48675dfc8c9a0c9fd3bae,Aberlour 14-year-old  Double Cask Matured,,,,W000265,aberlour 16yo double cask matured,96.97,,KEEP_PRODUCT_FEATURE,score_gte_94_no_conflict,,true
2d0222a3b5b6421c217d482c,Aberlour 16-year-old  Double Cask Matured,,,,W000265,aberlour 16yo double cask matured,100.0,,KEEP_PRODUCT_FEATURE,score_gte_94_no_conflict,,true
fd084b71fa5534052538d810,Aberlour 16-year-old  Double Cask Matured,,,,W000265,aberlour 16yo double cask matured,100.0,,KEEP_PRODUCT_FEATURE,score_gte_94_no_conflict,,true
086a088550c553066f1af41b,Aberlour 16-year-old  Double Cask Matured,,,,W000265,aberlour 16yo double cask matured,100.0,,KEEP_PRODUCT_FEATURE,score_gte_94_no_conflict,,true
4f29122062e8a0a5ee54c7e6,Aberlour 16-year-old  Double Cask Matured,,,,W000265,aberlour 16yo double cask matured,100.0,,KEEP_PRODUCT_FEATURE,score_gte_94_no_conflict,,true
2e97b910d227858939960c00,Aberlour 16-year-old  Double Cask Matured,,,,W000265,aberlour 16yo double cask matured,100.0,,KEEP_PRODUCT_FEATURE,score_gte_94_no_conflict,,true
c03332cfc25bc54e480e2beb,Aberlour 16-year-old  Double Cask Matured,,,,W000265,aberlour 16yo double cask matured,100.0,,KEEP_PRODUCT_FEATURE,score_gte_94_no_conflict,,true
3e50f6131e6c1673428fc7af,Aberlour 16-year-old  Double Cask Matured,,,,W000265,aberlour 16yo double cask matured,100.0,,KEEP_PRODUCT_FEATURE,score_gte_94_no_conflict,,true
770bd56d10dc4f1768239f34,Aberlour 16-year-old  Double Cask Matured,,,,W000265,aberlour 16yo double cask matured,100.0,,KEEP_PRODUCT_FEATURE,score_gte_94_no_conflict,,true
be86abb70fb2b5f8156f5fa4,Aberlour 16-year-old  Double Cask Matured,,,,W000265,aberlour 16yo double cask matured,100.0,,KEEP_PRODUCT_FEATURE,score_gte_94_no_conflict,,true
cbca8254436594f272511391,Aberlour 16-year-old  Double Cask Matured,,,,W000265,aberlour 16yo double cask matured,100.0,,KEEP_PRODUCT_FEATURE,score_gte_94_no_conflict,,true
c0cd16d55d35777ccfe36909,Aberlour 18-year-old,,,,W000195,aberlour 18yo,100.0,,KEEP_PRODUCT_FEATURE,score_gte_94_no_conflict,,true
248bf7f482403effb34fbe0b,Aberlour Triple Cask,,,,W000265,aberlour 16yo double cask matured,64.15,,REJECT_LOW_CONFIDENCE,score_lt_86,,true
5b78c52ead22a6c1a811ee8f,Aberlour Triple Cask,,,,W000265,aberlour 16yo double cask matured,64.15,,REJECT_LOW_CONFIDENCE,score_lt_86,,true
609452ef5e74a0783e674808,Aberlour Triple Cask,,,,W000265,aberlour 16yo double cask matured,64.15,,REJECT_LOW_CONFIDENCE,score_lt_86,,true
3d542192c58c871507dda9e5,Aberlour Triple Cask,,,,W000265,aberlour 16yo double cask matured,64.15,,REJECT_LOW_CONFIDENCE,score_lt_86,,true
e0756fc3301ca737f74ac567,Allt-a-Bhainne Single Malt Scotch Whisky,,,,W000799,kavalan single malt whisky,72.73,,REJECT_LOW_CONFIDENCE,score_lt_86,,true
18dfc2ab486f4b3309dc6a23,Allt-a-Bhainne Single Malt Scotch Whisky,,,,W000799,kavalan single malt whisky,72.73,,REJECT_LOW_CONFIDENCE,score_lt_86,,true
0eb606fce2a15c197e544c4f,Allt-a-Bhainne Single Malt Scotch Whisky,,,,W000799,kavalan single malt whisky,72.73,,REJECT_LOW_CONFIDENCE,score_lt_86,,true
dd35e1c7fe93ace420bff5e4,Allt-a-Bhainne Single Malt Scotch Whisky,,,,W000799,kavalan single malt whisky,72.73,,REJECT_LOW_CONFIDENCE,score_lt_86,,true
427556b6ad23909121a4a1a1,Allt-a-Bhainne Single Malt Scotch Whisky,,,,W000799,kavalan single malt whisky,72.73,,REJECT_LOW_CONFIDENCE,score_lt_86,,true
2bdb29cdc725eda2fb0418c7,Allt-a-Bhainne Single Malt Scotch Whisky,,,,W000799,kavalan single malt whisky,72.73,,REJECT_LOW_CONFIDENCE,score_lt_86,,true
9a40d7a1bdaef3b491cdbc56,Amrut Cask Strength,,,,W000714,amrut cask strength,100.0,,KEEP_PRODUCT_FEATURE,score_gte_94_no_conflict,,true
a53b764d800a02447860dca2,Amrut Peated  Indian Single Malt Whisky,,,,W000822,amrut indian single malt,77.42,,REJECT_LOW_CONFIDENCE,score_lt_86,,true
d50bbc942ce67571a7e2d6ff,Amrut Peated  Indian Single Malt Whisky,,,,W000822,amrut indian single malt,77.42,,REJECT_LOW_CONFIDENCE,score_lt_86,,true
5cb3fbe19a2e94dc8d8c8c41,Amrut Raj Igala,,,,W000288,amrut naarangi,68.97,,REJECT_LOW_CONFIDENCE,score_lt_86,,true
248ab2cfa6972e3c69f0e7e2,Amrut Raj Igala,,,,W000288,amrut naarangi,68.97,,REJECT_LOW_CONFIDENCE,score_lt_86,,true
6f6a71944eb5c8b5762fe126,Ardbeg An Oa,,,,W001169,ardbeg an oa,100.0,,KEEP_PRODUCT_FEATURE,score_gte_94_no_conflict,,true
a25a77bb4c3fae09fb0335ce,Ardbeg An Oa,,,2017,W001169,ardbeg an oa,100.0,,KEEP_PRODUCT_FEATURE,score_gte_94_no_conflict,,true
7862656fa3c51355a2b021f1,Ardbeg An Oa,,,,W001169,ardbeg an oa,100.0,,KEEP_PRODUCT_FEATURE,score_gte_94_no_conflict,,true
83a9d7cc3b0d543d60266a26,Ardbeg An Oa,,,,W001169,ardbeg an oa,100.0,,KEEP_PRODUCT_FEATURE,score_gte_94_no_conflict,,true
9a3b0eabb57fef93db4a1351,Ardbeg An Oa,,,,W001169,ardbeg an oa,100.0,,KEEP_PRODUCT_FEATURE,score_gte_94_no_conflict,,true
2fa000c9f97499b828649499,Ardbeg An Oa,,,,W001169,ardbeg an oa,100.0,,KEEP_PRODUCT_FEATURE,score_gte_94_no_conflict,,true
d3d2d0c984943863723ace6b,Ardbeg An Oa,,,,W001169,ardbeg an oa,100.0,,KEEP_PRODUCT_FEATURE,score_gte_94_no_conflict,,true
ca979f1f8a55514825f18dbd,Ardbeg An Oa,,,,W001169,ardbeg an oa,100.0,,KEEP_PRODUCT_FEATURE,score_gte_94_no_conflict,,true
3ad494e983b925ceacf9b2d8,Ardbeg An Oa,,,,W001169,ardbeg an oa,100.0,,KEEP_PRODUCT_FEATURE,score_gte_94_no_conflict,,true
96e198491b87cf532b7ea803,Ardbeg An Oa,,,,W001169,ardbeg an oa,100.0,,KEEP_PRODUCT_FEATURE,score_gte_94_no_conflict,,true
d9340a9345febe789f711718,Ardbeg Corryvreckan,,,2017,W001109,ardbeg corryvreckan,100.0,,KEEP_PRODUCT_FEATURE,score_gte_94_no_conflict,,true
9bb355fce684ff4f102ee0eb,Ardbeg Corryvreckan,,,,W001109,ardbeg corryvreckan,100.0,,KEEP_PRODUCT_FEATURE,score_gte_94_no_conflict,,true
3fe3027e19b70e543a4044ef,Ardbeg Corryvreckan,,,,W001109,ardbeg corryvreckan,100.0,,KEEP_PRODUCT_FEATURE,score_gte_94_no_conflict,,true
c05eaafc95e1152e70d0c0cb,Ardbeg Corryvreckan,,,2017,W001109,ardbeg corryvreckan,100.0,,KEEP_PRODUCT_FEATURE,score_gte_94_no_conflict,,true
2a0458ebfaf07181bd59bf7f,Ardbeg Corryvreckan,,,,W001109,ardbeg corryvreckan,100.0,,KEEP_PRODUCT_FEATURE,score_gte_94_no_conflict,,true
a12e2be805340616adbfeabe,Ardbeg Corryvreckan,,,,W001109,ardbeg corryvreckan,100.0,,KEEP_PRODUCT_FEATURE,score_gte_94_no_conflict,,true
7d9707772f9528a87e658245,Ardbeg Corryvreckan,,,,W001109,ardbeg corryvreckan,100.0,,KEEP_PRODUCT_FEATURE,score_gte_94_no_conflict,,true
ca628ea4fb6473fba5328c92,Ardbeg Corryvreckan,,,,W001109,ardbeg corryvreckan,100.0,,KEEP_PRODUCT_FEATURE,score_gte_94_no_conflict,,true
a2969c84ea2813fa3995b664,Ardbeg Corryvreckan,,,,W001109,ardbeg corryvreckan,100.0,,KEEP_PRODUCT_FEATURE,score_gte_94_no_conflict,,true
86564af2d214bb32b411e3db,Ardbeg Corryvreckan,,,,W001109,ardbeg corryvreckan,100.0,,KEEP_PRODUCT_FEATURE,score_gte_94_no_conflict,,true
c7fd4828f48d3433be5e9efe,Ardbeg Ten,,,,W001175,ardbeg kelpie,69.57,,REJECT_LOW_CONFIDENCE,score_lt_86,,true
c623c9ff636665832dd81fa6,Ardbeg Ten,,,2017,W001175,ardbeg kelpie,69.57,,REJECT_LOW_CONFIDENCE,score_lt_86,,true
dcd6b70f6c0323dff35b2d63,Ardbeg Ten,,,,W001175,ardbeg kelpie,69.57,,REJECT_LOW_CONFIDENCE,score_lt_86,,true
b7edddffef2875674c556f2f,Ardbeg Ten,,,,W001175,ardbeg kelpie,69.57,,REJECT_LOW_CONFIDENCE,score_lt_86,,true
75a165f9c094c9d50c0d8cba,Ardbeg Ten,,,,W001175,ardbeg kelpie,69.57,,REJECT_LOW_CONFIDENCE,score_lt_86,,true
bcbc8d77cf8867c9b94b7e41,Ardbeg Ten,,,,W001175,ardbeg kelpie,69.57,,REJECT_LOW_CONFIDENCE,score_lt_86,,true
7fe88729dd998d02646481e7,Ardbeg Ten,,,,W001175,ardbeg kelpie,69.57,,REJECT_LOW_CONFIDENCE,score_lt_86,,true
b952e21867e26ca424fdecff,Ardbeg Ten,,,,W001175,ardbeg kelpie,69.57,,REJECT_LOW_CONFIDENCE,score_lt_86,,true
dd37488fa61aa61b6ceb5f8b,Ardbeg Ten,,,,W001175,ardbeg kelpie,69.57,,REJECT_LOW_CONFIDENCE,score_lt_86,,true
5eb823c3c0babed38b5f59e6,Ardbeg Uigeadail,,,2017,W001095,ardbeg uigeadail,100.0,,KEEP_PRODUCT_FEATURE,score_gte_94_no_conflict,,true
5ffc329a5b279eb287a9c1da,Ardbeg Uigeadail,,,2008,W001095,ardbeg uigeadail,100.0,,KEEP_PRODUCT_FEATURE,score_gte_94_no_conflict,,true
ca0a890a395cd396ad5aeb84,Ardbeg Uigeadail,,,,W001095,ardbeg uigeadail,100.0,,KEEP_PRODUCT_FEATURE,score_gte_94_no_conflict,,true
82def98dee2d5f8039fec7af,Ardbeg Uigeadail,,,,W001095,ardbeg uigeadail,100.0,,KEEP_PRODUCT_FEATURE,score_gte_94_no_conflict,,true
4751f15252a3e5df212beebf,Ardbeg Uigeadail,,,2003,W001095,ardbeg uigeadail,100.0,,KEEP_PRODUCT_FEATURE,score_gte_94_no_conflict,,true
a0bb3700aff2574931b83381,Ardbeg Uigeadail,,,,W001095,ardbeg uigeadail,100.0,,KEEP_PRODUCT_FEATURE,score_gte_94_no_conflict,,true
c4966f3cc3b8abc4bb1977cd,Ardbeg Uigeadail,,,,W001095,ardbeg uigeadail,100.0,,KEEP_PRODUCT_FEATURE,score_gte_94_no_conflict,,true
6af0e088b6cc8506e1de89b4,Ardbeg Uigeadail,,,2020,W001095,ardbeg uigeadail,100.0,,KEEP_PRODUCT_FEATURE,score_gte_94_no_conflict,,true
a0edaf1f7276a6848305ae25,Ardbeg Uigeadail,,,2017,W001095,ardbeg uigeadail,100.0,,KEEP_PRODUCT_FEATURE,score_gte_94_no_conflict,,true
9301b4e87877ffffb6f57e5e,Ardbeg Uigeadail,,,,W001095,ardbeg uigeadail,100.0,,KEEP_PRODUCT_FEATURE,score_gte_94_no_conflict,,true
fe4d59ac6b16e59a0f5255dd,Ardbeg Wee Beastie,,,2020,W001175,ardbeg kelpie,64.52,,REJECT_LOW_CONFIDENCE,score_lt_86,,true
d7c0f6cbe49ea37301844e87,Ardbeg Wee Beastie,,,,W001175,ardbeg kelpie,64.52,,REJECT_LOW_CONFIDENCE,score_lt_86,,true
dfdc8de03a1986749891eb70,Ardbeg Wee Beastie,,,,W001175,ardbeg kelpie,64.52,,REJECT_LOW_CONFIDENCE,score_lt_86,,true
50b8b27fcb172a2333176316,Ardbeg Wee Beastie,,,,W001175,ardbeg kelpie,64.52,,REJECT_LOW_CONFIDENCE,score_lt_86,,true
07183f4479bf1e7a333b9518,Ardbeg Wee Beastie,,,,W001175,ardbeg kelpie,64.52,,REJECT_LOW_CONFIDENCE,score_lt_86,,true
02d503c71da1c341bff282d0,Ardbeg Wee Beastie,,,,W001175,ardbeg kelpie,64.52,,REJECT_LOW_CONFIDENCE,score_lt_86,,true
5864f7270c2f2480a2781d2e,Ardbeg Wee Beastie,,,,W001175,ardbeg kelpie,64.52,,REJECT_LOW_CONFIDENCE,score_lt_86,,true
e2849b851a46b1c160fbf520,Ardbeg Wee Beastie,,,2020,W001175,ardbeg kelpie,64.52,,REJECT_LOW_CONFIDENCE,score_lt_86,,true
93e44522f2fbd3f0f8e43bce,Ardbeg Wee Beastie,,,,W001175,ardbeg kelpie,64.52,,REJECT_LOW_CONFIDENCE,score_lt_86,,true
1d654cfe2658af90ea87b9a0,Ardbeg Wee Beastie,,,,W001175,ardbeg kelpie,64.52,,REJECT_LOW_CONFIDENCE,score_lt_86,,true
1305f902bcb585f6fc3dbcfd,Ardmore 12-year-old  Port Wood Finish,,,,W000366,glencadam 12yo port wood finish,70.0,,REJECT_LOW_CONFIDENCE,score_lt_86,,true
8dbd3c91a060c17d8948adb3,Ardmore 12-year-old  Port Wood Finish,,,,W000366,glencadam 12yo port wood finish,70.0,,REJECT_LOW_CONFIDENCE,score_lt_86,,true
80132a4b2835c9ceda0fc1a9,Ardmore 12-year-old  Port Wood Finish,,,,W000366,glencadam 12yo port wood finish,70.0,,REJECT_LOW_CONFIDENCE,score_lt_86,,true
6b7fdb696a1c933931bafb77,Ardmore 12-year-old  Port Wood Finish,,,2015,W000366,glencadam 12yo port wood finish,70.0,,REJECT_LOW_CONFIDENCE,score_lt_86,,true
af00a56931cebbd1bd3a99d3,Ardmore 12-year-old  Port Wood Finish,,,,W000366,glencadam 12yo port wood finish,70.0,,REJECT_LOW_CONFIDENCE,score_lt_86,,true
8cf3e8c9efeec386078a4192,Ardmore 12-year-old  Port Wood Finish,,,,W000366,glencadam 12yo port wood finish,70.0,,REJECT_LOW_CONFIDENCE,score_lt_86,,true
575237f91eb2bf8f1fbfc76f,Ardmore 12-year-old  Port Wood Finish,,,,W000366,glencadam 12yo port wood finish,70.0,,REJECT_LOW_CONFIDENCE,score_lt_86,,true
577a4c41a57abbd3450c2700,Ardmore 12-year-old  Port Wood Finish,,,,W000366,glencadam 12yo port wood finish,70.0,,REJECT_LOW_CONFIDENCE,score_lt_86,,true
f7d580229e3b8475c07c9509,Ardmore 12-year-old  Port Wood Finish,,,,W000366,glencadam 12yo port wood finish,70.0,,REJECT_LOW_CONFIDENCE,score_lt_86,,true
f62f639c4e4c7f17d614cfbb,Ardmore 1996,,,,W000311,dalmore 18yo,58.33,,REJECT_LOW_CONFIDENCE,score_lt_86,,true
a3680de7161744bc053574ca,Ardmore 1996,,,,W000311,dalmore 18yo,58.33,,REJECT_LOW_CONFIDENCE,score_lt_86,,true
368aaf722d029ee67e602971,Ardmore 1996,,,,W000311,dalmore 18yo,58.33,,REJECT_LOW_CONFIDENCE,score_lt_86,,true
e13a53cc659c706c0db37e61,Ardmore 1996,,,,W000311,dalmore 18yo,58.33,,REJECT_LOW_CONFIDENCE,score_lt_86,,true
0c14ac004973da7911159363,Ardmore 1996,,,,W000311,dalmore 18yo,58.33,,REJECT_LOW_CONFIDENCE,score_lt_86,,true
8de9dfe56eb0df414d76b279,Ardmore 1996,,,,W000311,dalmore 18yo,58.33,,REJECT_LOW_CONFIDENCE,score_lt_86,,true
cab8aa36ee36b66951681444,Ardmore 1996,,,,W000311,dalmore 18yo,58.33,,REJECT_LOW_CONFIDENCE,score_lt_86,,true
ba5c74b8fbf785649cccf1ed,Ardmore 1996,,,,W000311,dalmore 18yo,58.33,,REJECT_LOW_CONFIDENCE,score_lt_86,,true
c96aa4428f09882943d3d9e2,Ardmore 1996,,,,W000311,dalmore 18yo,58.33,,REJECT_LOW_CONFIDENCE,score_lt_86,,true
053cc6d2afdc436f57a09026,Ardmore 1996,,,2017,W000311,dalmore 18yo,58.33,,REJECT_LOW_CONFIDENCE,score_lt_86,,true
68ab390a43bca1cdafbbe8a1,Ardmore Legacy  Lightly Peated,,,,W000967,bladnoch 9yo lightly peated,71.43,,REJECT_LOW_CONFIDENCE,score_lt_86,,true
479c34219dace71e09f77901,Ardmore Legacy  Lightly Peated,,,,W000967,bladnoch 9yo lightly peated,71.43,,REJECT_LOW_CONFIDENCE,score_lt_86,,true
c3b35c02304417c652f359fc,Ardmore Legacy  Lightly Peated,,,,W000967,bladnoch 9yo lightly peated,71.43,,REJECT_LOW_CONFIDENCE,score_lt_86,,true
66037196168358b5e69c41a7,Ardmore Legacy  Lightly Peated,,,,W000967,bladnoch 9yo lightly peated,71.43,,REJECT_LOW_CONFIDENCE,score_lt_86,,true
f15b09dfbb479f635ddffbad,Ardmore Legacy  Lightly Peated,,,,W000967,bladnoch 9yo lightly peated,71.43,,REJECT_LOW_CONFIDENCE,score_lt_86,,true
3f9bfe3f9825c0f7e03ecf45,Ardmore Legacy  Lightly Peated,,,2019,W000967,bladnoch 9yo lightly peated,71.43,,REJECT_LOW_CONFIDENCE,score_lt_86,,true
242b9854c09e773c2b919404,Ardmore Legacy  Lightly Peated,,,2021,W000967,bladnoch 9yo lightly peated,71.43,,REJECT_LOW_CONFIDENCE,score_lt_86,,true
c1b1c26552e5413944eb6db3,Ardmore Legacy  Lightly Peated,,,,W000967,bladnoch 9yo lightly peated,71.43,,REJECT_LOW_CONFIDENCE,score_lt_86,,true
10a85f1d81a363e5825a68c1,Ardmore Legacy  Lightly Peated,,,,W000967,bladnoch 9yo lightly peated,71.43,,REJECT_LOW_CONFIDENCE,score_lt_86,,true
80c807cde9d4b054506adc81,Ardmore Tradition - Peated,,,,W001052,ardmore traditional cask,79.17,,REJECT_LOW_CONFIDENCE,score_lt_86,,true
59272ad8158f4d66b8aaeee5,Ardmore Tradition - Peated,,,,W001052,ardmore traditional cask,79.17,,REJECT_LOW_CONFIDENCE,score_lt_86,,true
cd8d150494ba955978e10f59,Ardmore Tradition - Peated,,,,W001052,ardmore traditional cask,79.17,,REJECT_LOW_CONFIDENCE,score_lt_86,,true
f9e3dd12772930d1a77ab8eb,Ardmore Tradition - Peated,,,,W001052,ardmore traditional cask,79.17,,REJECT_LOW_CONFIDENCE,score_lt_86,,true
7ad4940d97c6808d330ff5cf,Ardmore Tradition - Peated,,,,W001052,ardmore traditional cask,79.17,,REJECT_LOW_CONFIDENCE,score_lt_86,,true
2efb573a4a3dadeee61cc5e8,Ardmore Tradition - Peated,,,,W001052,ardmore traditional cask,79.17,,REJECT_LOW_CONFIDENCE,score_lt_86,,true
1c4f2ef744cf1647c99a5cde,Ardmore Tradition - Peated,,,,W001052,ardmore traditional cask,79.17,,REJECT_LOW_CONFIDENCE,score_lt_86,,true
b81499c56fa6c42243a7bf46,Ardmore Tradition - Peated,,,,W001052,ardmore traditional cask,79.17,,REJECT_LOW_CONFIDENCE,score_lt_86,,true
c35f6661f3c6699ae9998edc,Ardmore Traditional - Peated,,,,W001052,ardmore traditional cask,84.0,,REJECT_LOW_CONFIDENCE,score_lt_86,,true
0e78de65349860fdc0405215,Ardmore Traditional - Peated,,,,W001052,ardmore traditional cask,84.0,,REJECT_LOW_CONFIDENCE,score_lt_86,,true
bd34b89b2e3a52c0021846d9,Ardmore Traditional - Peated,,,,W001052,ardmore traditional cask,84.0,,REJECT_LOW_CONFIDENCE,score_lt_86,,true
37cbf285ac287d0290e6c94d,Ardmore Triple Wood - Peated,,,,W001210,laphroaig triple wood,68.09,,REJECT_LOW_CONFIDENCE,score_lt_86,,true
3bdf5b0cc346c3d122a2a4ce,Ardmore Triple Wood - Peated,,,2019,W001210,laphroaig triple wood,68.09,,REJECT_LOW_CONFIDENCE,score_lt_86,,true
ef5559d37ddc4ecfb75b3271,Ardmore Triple Wood - Peated,,,,W001210,laphroaig triple wood,68.09,,REJECT_LOW_CONFIDENCE,score_lt_86,,true
21fec1505bd050e4d96828f8,Ardmore Triple Wood - Peated,,,,W001210,laphroaig triple wood,68.09,,REJECT_LOW_CONFIDENCE,score_lt_86,,true
194481303a954ea89cd91ed8,Ardmore Triple Wood - Peated,,,,W001210,laphroaig triple wood,68.09,,REJECT_LOW_CONFIDENCE,score_lt_86,,true
7da7f931b0043bdbf56b4215,Ardmore Triple Wood - Peated,,,,W001210,laphroaig triple wood,68.09,,REJECT_LOW_CONFIDENCE,score_lt_86,,true
b8b6f57d4fdcef305691aa5c,Ardmore Triple Wood - Peated,,,,W001210,laphroaig triple wood,68.09,,REJECT_LOW_CONFIDENCE,score_lt_86,,true
8c6125f3ec8d1b6bcd5da517,Ardmore Triple Wood - Peated,,,,W001210,laphroaig triple wood,68.09,,REJECT_LOW_CONFIDENCE,score_lt_86,,true
167d3592743ba7b7657e5b7f,Ardmore Triple Wood - Peated,,,,W001210,laphroaig triple wood,68.09,,REJECT_LOW_CONFIDENCE,score_lt_86,,true
ef4c3e1a1317f816c8151c57,Arran 10-year-old,,,,W000757,arran malt 10yo,80.0,,REJECT_LOW_CONFIDENCE,score_lt_86,,true
66ae8de1bfd24d7afbad89d1,Arran 10-year-old,,,,W000757,arran malt 10yo,80.0,,REJECT_LOW_CONFIDENCE,score_lt_86,,true
e23c7db85dc3d9df66444487,Arran 10-year-old,,,,W000757,arran malt 10yo,80.0,,REJECT_LOW_CONFIDENCE,score_lt_86,,true
7090c0b8dcf488754af85ed3,Arran 10-year-old,,,2021,W000757,arran malt 10yo,80.0,,REJECT_LOW_CONFIDENCE,score_lt_86,,true
5914ca05b4092532adb0545e,Arran 10-year-old,,,,W000757,arran malt 10yo,80.0,,REJECT_LOW_CONFIDENCE,score_lt_86,,true
b83083263acd9111dc9de2e9,Arran 10-year-old,,,,W000757,arran malt 10yo,80.0,,REJECT_LOW_CONFIDENCE,score_lt_86,,true
1558cd65c1baf10a7adf7409,Arran 10-year-old,,,,W000757,arran malt 10yo,80.0,,REJECT_LOW_CONFIDENCE,score_lt_86,,true
3ea0692acc38c32695c6de1f,Arran 10-year-old,,,,W000757,arran malt 10yo,80.0,,REJECT_LOW_CONFIDENCE,score_lt_86,,true
0c71c0cc7e568e49319f414e,Arran 10-year-old,,,,W000757,arran malt 10yo,80.0,,REJECT_LOW_CONFIDENCE,score_lt_86,,true
3b60e3c7bd7d9b13021f731f,Arran 10-year-old,,,2020,W000757,arran malt 10yo,80.0,,REJECT_LOW_CONFIDENCE,score_lt_86,,true
9915f327a30e57ff08cd4982,Arran 18-year-old,,,,W000432,arran malt 18yo,80.0,,REJECT_LOW_CONFIDENCE,score_lt_86,,true
056e75d8dcf89a8a610dbea3,Arran 18-year-old,,,,W000432,arran malt 18yo,80.0,,REJECT_LOW_CONFIDENCE,score_lt_86,,true
ecc0bd6cde9dc79a695f59cd,Arran 18-year-old,,,,W000432,arran malt 18yo,80.0,,REJECT_LOW_CONFIDENCE,score_lt_86,,true
03237ea0cba90b42ea2a3288,Arran 18-year-old,,,,W000432,arran malt 18yo,80.0,,REJECT_LOW_CONFIDENCE,score_lt_86,,true
5aed189fd3d039350a66fc6a,Arran 18-year-old,,,,W000432,arran malt 18yo,80.0,,REJECT_LOW_CONFIDENCE,score_lt_86,,true
7a050161f5bbf951649d170c,Arran 18-year-old,,,2016,W000432,arran malt 18yo,80.0,,REJECT_LOW_CONFIDENCE,score_lt_86,,true
e3083fd71106955313583e6e,Arran 18-year-old,,,,W000432,arran malt 18yo,80.0,,REJECT_LOW_CONFIDENCE,score_lt_86,,true
8aef9198c9b633501298da07,Arran 18-year-old,,,,W000432,arran malt 18yo,80.0,,REJECT_LOW_CONFIDENCE,score_lt_86,,true
ca59acbc18ce106eebbba8f5,Arran 18-year-old,,,2016,W000432,arran malt 18yo,80.0,,REJECT_LOW_CONFIDENCE,score_lt_86,,true
73fcb61f010bc863270f71e8,Arran 21-year-old,,,,W001153,brora 21yo,80.0,,REJECT_LOW_CONFIDENCE,score_lt_86,,true
21f927d58857cc7dd0f99a5c,Arran 21-year-old,,,,W001153,brora 21yo,80.0,,REJECT_LOW_CONFIDENCE,score_lt_86,,true
0623db1f39e2af838ee51e58,Arran 21-year-old,,,,W001153,brora 21yo,80.0,,REJECT_LOW_CONFIDENCE,score_lt_86,,true
4bcd9ef977efcd3d830a7ff4,Arran 21-year-old,,,,W001153,brora 21yo,80.0,,REJECT_LOW_CONFIDENCE,score_lt_86,,true
5efb60c19beed0311bb9a677,Arran 21-year-old,,,,W001153,brora 21yo,80.0,,REJECT_LOW_CONFIDENCE,score_lt_86,,true
8c06f31e835f52e41197fb74,Arran 21-year-old,,,,W001153,brora 21yo,80.0,,REJECT_LOW_CONFIDENCE,score_lt_86,,true
2a0698528caf2b2b64ce6259,Arran 21-year-old,,,,W001153,brora 21yo,80.0,,REJECT_LOW_CONFIDENCE,score_lt_86,,true
4119463c5c742ed92b967977,Arran 21-year-old,,,,W001153,brora 21yo,80.0,,REJECT_LOW_CONFIDENCE,score_lt_86,,true
5f3cf95ffc12b10927fa4ba3,Arran 21-year-old,,,,W001153,brora 21yo,80.0,,REJECT_LOW_CONFIDENCE,score_lt_86,,true
7bf9da82c5c1cb721af8cace,Arran 21-year-old,,,,W001153,brora 21yo,80.0,,REJECT_LOW_CONFIDENCE,score_lt_86,,true
1f4ecc6555cd08f4e5c9ca8e,Arran Sherry Cask  The Bodega,,,,W000316,arran malt sherry single cask,66.67,,REJECT_LOW_CONFIDENCE,score_lt_86,,true
655f0c1abb642c7c344050e0,Arran Sherry Cask  The Bodega,,,,W000316,arran malt sherry single cask,66.67,,REJECT_LOW_CONFIDENCE,score_lt_86,,true
f6c59d6e2da1facdaf9aa1b8,Arran Sherry Cask  The Bodega,,,2021,W000316,arran malt sherry single cask,66.67,,REJECT_LOW_CONFIDENCE,score_lt_86,,true
ddd6d243d59c4b2f1cb1ae95,Arran Sherry Cask  The Bodega,,,,W000316,arran malt sherry single cask,66.67,,REJECT_LOW_CONFIDENCE,score_lt_86,,true
989933d6be870e175af742f1,Arran Sherry Cask  The Bodega,,,,W000316,arran malt sherry single cask,66.67,,REJECT_LOW_CONFIDENCE,score_lt_86,,true
5f49e9e4223fa5551cb59ebb,Arran Sherry Cask  The Bodega,,,,W000316,arran malt sherry single cask,66.67,,REJECT_LOW_CONFIDENCE,score_lt_86,,true
77ecbf520455dad4f3fc62f6,Arran Sherry Cask  The Bodega,,,,W000316,arran malt sherry single cask,66.67,,REJECT_LOW_CONFIDENCE,score_lt_86,,true
82440650c1623d5ec430728d,Arran Sherry Cask  The Bodega,,,,W000316,arran malt sherry single cask,66.67,,REJECT_LOW_CONFIDENCE,score_lt_86,,true
e56ef2d7a3941e6929658d76,Arran Sherry Cask  The Bodega,,,,W000316,arran malt sherry single cask,66.67,,REJECT_LOW_CONFIDENCE,score_lt_86,,true
53c412c19a78e925c7985b31,Arran Sherry Cask  The Bodega,,,,W000316,arran malt sherry single cask,66.67,,REJECT_LOW_CONFIDENCE,score_lt_86,,true
c52fd53fb196a78d6a6b5b4a,Auchentoshan 12-year-old,,,,W000018,auchentoshan 12yo,100.0,,KEEP_PRODUCT_FEATURE,score_gte_94_no_conflict,,true
9e0ef41c6e7d2fd190ec5aa0,Auchentoshan 12-year-old,,,,W000018,auchentoshan 12yo,100.0,,KEEP_PRODUCT_FEATURE,score_gte_94_no_conflict,,true
2b999774cea2bfb9f4bc714a,Auchentoshan 12-year-old,,,,W000018,auchentoshan 12yo,100.0,,KEEP_PRODUCT_FEATURE,score_gte_94_no_conflict,,true
ef93918aa00d7452311951c1,Auchentoshan 12-year-old,,,,W000018,auchentoshan 12yo,100.0,,KEEP_PRODUCT_FEATURE,score_gte_94_no_conflict,,true
abaead904d4adfe1f45ebbe1,Auchentoshan 12-year-old,,,,W000018,auchentoshan 12yo,100.0,,KEEP_PRODUCT_FEATURE,score_gte_94_no_conflict,,true
a3be871d534c3ca29f0397fa,Auchentoshan 12-year-old,,,,W000018,auchentoshan 12yo,100.0,,KEEP_PRODUCT_FEATURE,score_gte_94_no_conflict,,true
07cd0762d2f945b70b07241b,Auchentoshan 12-year-old,,,,W000018,auchentoshan 12yo,100.0,,KEEP_PRODUCT_FEATURE,score_gte_94_no_conflict,,true
edbe39618180043732184cb4,Auchentoshan 12-year-old,,,,W000018,auchentoshan 12yo,100.0,,KEEP_PRODUCT_FEATURE,score_gte_94_no_conflict,,true
2fe579e0e24b9215baaac59e,Auchentoshan 12-year-old,,,,W000018,auchentoshan 12yo,100.0,,KEEP_PRODUCT_FEATURE,score_gte_94_no_conflict,,true
7f84bb447679339ab46eba36,"Auchentoshan 18-year-old  Limited ""A"" Release",,,,W001244,jameson 18yo limited reserve,69.84,,REJECT_LOW_CONFIDENCE,score_lt_86,,true
1d4fe7d26274c5524869d5db,"Auchentoshan 18-year-old  Limited ""A"" Release",,,,W001244,jameson 18yo limited reserve,69.84,,REJECT_LOW_CONFIDENCE,score_lt_86,,true
b7eb990c15de75b5ce030b08,"Auchentoshan 18-year-old  Limited ""A"" Release",,,,W001244,jameson 18yo limited reserve,69.84,,REJECT_LOW_CONFIDENCE,score_lt_86,,true
9d517c9167d4af1e447a177c,"Auchentoshan 18-year-old  Limited ""A"" Release",,,,W001244,jameson 18yo limited reserve,69.84,,REJECT_LOW_CONFIDENCE,score_lt_86,,true
27055420ab19c8ba0a2bd072,"Auchentoshan 18-year-old  Limited ""A"" Release",,,,W001244,jameson 18yo limited reserve,69.84,,REJECT_LOW_CONFIDENCE,score_lt_86,,true
3a6bc1b9f8006555e1628f24,"Auchentoshan 21-year-old  Limited ""A"" Release",,,,W001244,jameson 18yo limited reserve,66.67,,REJECT_LOW_CONFIDENCE,score_lt_86,,true
e406a785f4874cba8e9fcc9e,"Auchentoshan 21-year-old  Limited ""A"" Release",,,,W001244,jameson 18yo limited reserve,66.67,,REJECT_LOW_CONFIDENCE,score_lt_86,,true
f6ff3d7baa16176ac1a71354,"Auchentoshan 21-year-old  Limited ""A"" Release",,,,W001244,jameson 18yo limited reserve,66.67,,REJECT_LOW_CONFIDENCE,score_lt_86,,true
eee43721ffb3a7d944d71b5f,"Auchentoshan 21-year-old  Limited ""A"" Release",,,,W001244,jameson 18yo limited reserve,66.67,,REJECT_LOW_CONFIDENCE,score_lt_86,,true
01f85c71f907ddd401f8f619,"Auchentoshan 21-year-old  Limited ""A"" Release",,,,W001244,jameson 18yo limited reserve,66.67,,REJECT_LOW_CONFIDENCE,score_lt_86,,true
fbd2cac86330e4326196c1af,"Auchentoshan 21-year-old  Limited ""A"" Release",,,,W001244,jameson 18yo limited reserve,66.67,,REJECT_LOW_CONFIDENCE,score_lt_86,,true
4e2fb2f78bcc0b763d320a51,Auchentoshan American Oak,,,,W000019,auchentoshan american oak,100.0,,KEEP_PRODUCT_FEATURE,score_gte_94_no_conflict,,true
71b82937a587c71f1c6d77d2,Auchentoshan American Oak,,,,W000019,auchentoshan american oak,100.0,,KEEP_PRODUCT_FEATURE,score_gte_94_no_conflict,,true
ba58ab6768e272d4683f5e3c,Auchentoshan American Oak,,,,W000019,auchentoshan american oak,100.0,,KEEP_PRODUCT_FEATURE,score_gte_94_no_conflict,,true
4444f758b2ece870e84dbb9c,Auchentoshan American Oak,,,,W000019,auchentoshan american oak,100.0,,KEEP_PRODUCT_FEATURE,score_gte_94_no_conflict,,true
324731097f26cc77bb7a46fe,Auchentoshan American Oak,,,,W000019,auchentoshan american oak,100.0,,KEEP_PRODUCT_FEATURE,score_gte_94_no_conflict,,true
e674e15369b13c988549aafb,Auchentoshan American Oak,,,,W000019,auchentoshan american oak,100.0,,KEEP_PRODUCT_FEATURE,score_gte_94_no_conflict,,true
a7bd29a76fc28290ddb8b69c,Auchentoshan American Oak,,,,W000019,auchentoshan american oak,100.0,,KEEP_PRODUCT_FEATURE,score_gte_94_no_conflict,,true
4664613660b82db21248a15d,Auchentoshan American Oak,,,,W000019,auchentoshan american oak,100.0,,KEEP_PRODUCT_FEATURE,score_gte_94_no_conflict,,true
7c4ada0a0f0eddb627daa2fa,Auchentoshan American Oak,,,,W000019,auchentoshan american oak,100.0,,KEEP_PRODUCT_FEATURE,score_gte_94_no_conflict,,true
7e010865b149da24884b186e,Auchentoshan Blood Oak  2015 Limited Release,,,,W001780,yellowstone 2015 limited edition,58.67,,REJECT_LOW_CONFIDENCE,score_lt_86,,true
cc73dc6700882cb09b3fe85b,Auchentoshan Blood Oak  2015 Limited Release,,,,W001780,yellowstone 2015 limited edition,58.67,,REJECT_LOW_CONFIDENCE,score_lt_86,,true
b1f6bd99eed6c6f22e2219ea,Auchentoshan Blood Oak  2015 Limited Release,,,,W001780,yellowstone 2015 limited edition,58.67,,REJECT_LOW_CONFIDENCE,score_lt_86,,true
5bc1b33f66ea1136ecff41ce,Auchentoshan Blood Oak  2015 Limited Release,,,,W001780,yellowstone 2015 limited edition,58.67,,REJECT_LOW_CONFIDENCE,score_lt_86,,true
247815c0b14dda0af97531fb,Auchentoshan Blood Oak  2015 Limited Release,,,2020,W001780,yellowstone 2015 limited edition,58.67,,REJECT_LOW_CONFIDENCE,score_lt_86,,true
b94c7adc72a41871930402d9,Auchentoshan Blood Oak  2015 Limited Release,,,2015,W001780,yellowstone 2015 limited edition,58.67,,REJECT_LOW_CONFIDENCE,score_lt_86,,true
c595489203aa80736067006f,Auchentoshan Blood Oak  2015 Limited Release,,,,W001780,yellowstone 2015 limited edition,58.67,,REJECT_LOW_CONFIDENCE,score_lt_86,,true
0990c7923514f106b82a7957,Auchentoshan Dark Oak,,,2019,W000370,auchentoshan three wood,72.73,,REJECT_LOW_CONFIDENCE,score_lt_86,,true
eb50096884e7a6b2690a10ab,Auchentoshan Dark Oak,,,,W000370,auchentoshan three wood,72.73,,REJECT_LOW_CONFIDENCE,score_lt_86,,true
03aeeccb44b74797e0d51a7b,Auchentoshan Dark Oak,,,,W000370,auchentoshan three wood,72.73,,REJECT_LOW_CONFIDENCE,score_lt_86,,true
36a07560b9f76420f18b4e99,Auchentoshan Dark Oak,,,,W000370,auchentoshan three wood,72.73,,REJECT_LOW_CONFIDENCE,score_lt_86,,true
5f1ac775eac05c3fcac5a390,Auchentoshan Dark Oak,,,,W000370,auchentoshan three wood,72.73,,REJECT_LOW_CONFIDENCE,score_lt_86,,true
bada29945a254e6cfa57545a,Auchentoshan Dark Oak,,,,W000370,auchentoshan three wood,72.73,,REJECT_LOW_CONFIDENCE,score_lt_86,,true
8bb624a6cb2a9f9b0d4dbf2a,Auchentoshan Dark Oak,,,2020,W000370,auchentoshan three wood,72.73,,REJECT_LOW_CONFIDENCE,score_lt_86,,true
eb2c27ef4315240f1411e88f,Auchentoshan Dark Oak,,,,W000370,auchentoshan three wood,72.73,,REJECT_LOW_CONFIDENCE,score_lt_86,,true
efa895de67cb7b901d7e0fd8,Auchentoshan Heartwood,,,,W000370,auchentoshan three wood,84.44,,REJECT_LOW_CONFIDENCE,score_lt_86,,true
271c1c9d18f76d6295d8ae59,Auchentoshan Heartwood,,,,W000370,auchentoshan three wood,84.44,,REJECT_LOW_CONFIDENCE,score_lt_86,,true
58b21437e0efcf887246c3f1,Auchentoshan Heartwood,,,2017,W000370,auchentoshan three wood,84.44,,REJECT_LOW_CONFIDENCE,score_lt_86,,true
a0c1803751868187ca57c61c,Auchentoshan Heartwood,,,,W000370,auchentoshan three wood,84.44,,REJECT_LOW_CONFIDENCE,score_lt_86,,true
62690e7d9c9504c7a1d51d7c,Auchentoshan Heartwood,,,,W000370,auchentoshan three wood,84.44,,REJECT_LOW_CONFIDENCE,score_lt_86,,true
f6312265a50608985947e9f7,Auchentoshan Heartwood,,,,W000370,auchentoshan three wood,84.44,,REJECT_LOW_CONFIDENCE,score_lt_86,,true
06778cdeeb5d20022db58af2,Auchentoshan Heartwood,,,,W000370,auchentoshan three wood,84.44,,REJECT_LOW_CONFIDENCE,score_lt_86,,true
a4ee23e8cd9c1dfbe3a99461,Auchentoshan Heartwood,,,,W000370,auchentoshan three wood,84.44,,REJECT_LOW_CONFIDENCE,score_lt_86,,true
f383dbf56c6a5fb34c44dd54,Auchentoshan Springwood,,,,W000370,auchentoshan three wood,78.26,,REJECT_LOW_CONFIDENCE,score_lt_86,,true
3e27e1c72d7dfd2d1fbe887d,Auchentoshan Springwood,,,,W000370,auchentoshan three wood,78.26,,REJECT_LOW_CONFIDENCE,score_lt_86,,true
e396ae2d84c29c3426eb5512,Auchentoshan Springwood,,,,W000370,auchentoshan three wood,78.26,,REJECT_LOW_CONFIDENCE,score_lt_86,,true
c1be5aa6a454fb2fc61f96ef,Auchentoshan Springwood,,,,W000370,auchentoshan three wood,78.26,,REJECT_LOW_CONFIDENCE,score_lt_86,,true
9d6928a0ef63a512be7293bd,Auchentoshan Springwood,,,,W000370,auchentoshan three wood,78.26,,REJECT_LOW_CONFIDENCE,score_lt_86,,true
eaff9738892163b49130bf7e,Auchentoshan Three Wood,,,2018,W000370,auchentoshan three wood,100.0,,KEEP_PRODUCT_FEATURE,score_gte_94_no_conflict,,true
c53ea605f0a909e38c0df03b,Auchentoshan Three Wood,,,,W000370,auchentoshan three wood,100.0,,KEEP_PRODUCT_FEATURE,score_gte_94_no_conflict,,true
c8d0a9f2dd1415ac6378e500,Auchentoshan Three Wood,,,,W000370,auchentoshan three wood,100.0,,KEEP_PRODUCT_FEATURE,score_gte_94_no_conflict,,true
fcd00ddcad91d0fc6fef1ea0,Auchentoshan Three Wood,,,,W000370,auchentoshan three wood,100.0,,KEEP_PRODUCT_FEATURE,score_gte_94_no_conflict,,true
5e9415c463d5c0a4b2927e12,Auchentoshan Three Wood,,,,W000370,auchentoshan three wood,100.0,,KEEP_PRODUCT_FEATURE,score_gte_94_no_conflict,,true
1b04168d34d77782663ce72f,Auchentoshan Three Wood,,,,W000370,auchentoshan three wood,100.0,,KEEP_PRODUCT_FEATURE,score_gte_94_no_conflict,,true
0a93fddfe408c7cf9f82b46b,Auchentoshan Three Wood,,,,W000370,auchentoshan three wood,100.0,,KEEP_PRODUCT_FEATURE,score_gte_94_no_conflict,,true
31c8159fa3a6c17e0c3a8f87,Auchentoshan Three Wood,,,,W000370,auchentoshan three wood,100.0,,KEEP_PRODUCT_FEATURE,score_gte_94_no_conflict,,true
c7812cf1f3082009323c11d6,Auchentoshan Three Wood,,,,W000370,auchentoshan three wood,100.0,,KEEP_PRODUCT_FEATURE,score_gte_94_no_conflict,,true
8f7462723eb8ffa32201a6bc,Auchentoshan Three Wood,,,,W000370,auchentoshan three wood,100.0,,KEEP_PRODUCT_FEATURE,score_gte_94_no_conflict,,true
5f8d791d9178282e3315a034,Auchentoshan Three Wood,,,1918,W000370,auchentoshan three wood,100.0,,KEEP_PRODUCT_FEATURE,score_gte_94_no_conflict,,true
c2c6aaf6ba0ddd96104b1d55,Auchentoshan Three Wood,,,,W000370,auchentoshan three wood,100.0,,KEEP_PRODUCT_FEATURE,score_gte_94_no_conflict,,true
5ef5c078ed7063fb60a97838,Auchentoshan Three Wood,,,,W000370,auchentoshan three wood,100.0,,KEEP_PRODUCT_FEATURE,score_gte_94_no_conflict,,true
2e0dec775975b63f06060cb4,Auchentoshan Three Wood,,,,W000370,auchentoshan three wood,100.0,,KEEP_PRODUCT_FEATURE,score_gte_94_no_conflict,,true
2629f186be328ba4bcfef9b9,Auchentoshan Three Wood,,,2020,W000370,auchentoshan three wood,100.0,,KEEP_PRODUCT_FEATURE,score_gte_94_no_conflict,,true
226f9fc97c155944dcf6fb0d,Auchentoshan Three Wood,,,,W000370,auchentoshan three wood,100.0,,KEEP_PRODUCT_FEATURE,score_gte_94_no_conflict,,true
4246a586375f1624058ea791,Auchentoshan Three Wood,,,,W000370,auchentoshan three wood,100.0,,KEEP_PRODUCT_FEATURE,score_gte_94_no_conflict,,true
c219b9edc57d69989440ba62,Auchroisk 10-year-old  Flora & Fauna,,,,W000646,auchroisk 10yo (f&f),81.82,,REJECT_LOW_CONFIDENCE,score_lt_86,,true
0d18d34a1dea26c733b81ba3,Auchroisk 10-year-old  Flora & Fauna,,,,W000646,auchroisk 10yo (f&f),81.82,,REJECT_LOW_CONFIDENCE,score_lt_86,,true
e8f588abc3cb0298cec383ae,Auchroisk 10-year-old  Flora & Fauna,,,,W000646,auchroisk 10yo (f&f),81.82,,REJECT_LOW_CONFIDENCE,score_lt_86,,true
f7d4b04fae8753b89c489838,Auchroisk 10-year-old  Flora & Fauna,,,,W000646,auchroisk 10yo (f&f),81.82,,REJECT_LOW_CONFIDENCE,score_lt_86,,true
1a234bac87f7a510c40a5d00,Auchroisk 10-year-old  Flora & Fauna,,,2020,W000646,auchroisk 10yo (f&f),81.82,,REJECT_LOW_CONFIDENCE,score_lt_86,,true
0a3954ff328288f6410c087c,Auchroisk 10-year-old  Flora & Fauna,,,,W000646,auchroisk 10yo (f&f),81.82,,REJECT_LOW_CONFIDENCE,score_lt_86,,true
8b8c16c7f55b232d51954a04,Auchroisk 10-year-old  Flora & Fauna,,,,W000646,auchroisk 10yo (f&f),81.82,,REJECT_LOW_CONFIDENCE,score_lt_86,,true
88809840dc6ece8ed3194d78,Auchroisk 10-year-old  Flora & Fauna,,,,W000646,auchroisk 10yo (f&f),81.82,,REJECT_LOW_CONFIDENCE,score_lt_86,,true
ca6903d9f372873dc785158e,Auchroisk 10-year-old  Flora & Fauna,,,,W000646,auchroisk 10yo (f&f),81.82,,REJECT_LOW_CONFIDENCE,score_lt_86,,true
44822393f38135180b18eae5,Aultmore 12-year-old  Foggie Moss,,,,W000807,aultmore 12yo,68.42,,REJECT_LOW_CONFIDENCE,score_lt_86,,true
c3d399a62dfc8b32a4bae319,Aultmore 12-year-old  Foggie Moss,,,,W000807,aultmore 12yo,68.42,,REJECT_LOW_CONFIDENCE,score_lt_86,,true
3502676bb8548ad2f586892b,Aultmore 12-year-old  Foggie Moss,,,,W000807,aultmore 12yo,68.42,,REJECT_LOW_CONFIDENCE,score_lt_86,,true
2ffc6aec1cf237c96c76a5c8,Aultmore 12-year-old  Foggie Moss,,,,W000807,aultmore 12yo,68.42,,REJECT_LOW_CONFIDENCE,score_lt_86,,true
c79992797b5eb3136a14a5e3,Aultmore 12-year-old  Foggie Moss,,,,W000807,aultmore 12yo,68.42,,REJECT_LOW_CONFIDENCE,score_lt_86,,true
9c9d2f2aa0299fb8483ea10e,Aultmore 12-year-old  Foggie Moss,,,,W000807,aultmore 12yo,68.42,,REJECT_LOW_CONFIDENCE,score_lt_86,,true
8ccd803a7bf65ecbf2090c0e,Aultmore 12-year-old  Foggie Moss,,,,W000807,aultmore 12yo,68.42,,REJECT_LOW_CONFIDENCE,score_lt_86,,true
9a3e8ff18effad8a2820596a,Aultmore 12-year-old  Foggie Moss,,,2021,W000807,aultmore 12yo,68.42,,REJECT_LOW_CONFIDENCE,score_lt_86,,true
7f04544fdfa5cf7de4cfe279,Aultmore 12-year-old  Foggie Moss,,,,W000807,aultmore 12yo,68.42,,REJECT_LOW_CONFIDENCE,score_lt_86,,true
2340bd7714ea4e7f81236278,Aultmore 12-year-old  Foggie Moss,,,,W000807,aultmore 12yo,68.42,,REJECT_LOW_CONFIDENCE,score_lt_86,,true
162f0dbcaf7081bc698ba150,Balblair 12-year-old,,,,W000843,balblair 12yo,100.0,,KEEP_PRODUCT_FEATURE,score_gte_94_no_conflict,,true
c2c2e98eaf9c86e86d8093a5,Balblair 12-year-old,,,,W000843,balblair 12yo,100.0,,KEEP_PRODUCT_FEATURE,score_gte_94_no_conflict,,true
84a656345fc2c7b44a9d8b58,Balblair 12-year-old,,,,W000843,balblair 12yo,100.0,,KEEP_PRODUCT_FEATURE,score_gte_94_no_conflict,,true
60ce937a068de453c2e27645,Balblair 12-year-old,,,,W000843,balblair 12yo,100.0,,KEEP_PRODUCT_FEATURE,score_gte_94_no_conflict,,true
1c23c5072bdff209897bf709,Balblair 12-year-old,,,,W000843,balblair 12yo,100.0,,KEEP_PRODUCT_FEATURE,score_gte_94_no_conflict,,true
f064dd5259cddf187dfefc7e,Balblair 12-year-old,,,2005,W000843,balblair 12yo,100.0,,KEEP_PRODUCT_FEATURE,score_gte_94_no_conflict,,true
66e9fdbe6c072207c3458f85,Balblair 12-year-old,,,2031,W000843,balblair 12yo,100.0,,KEEP_PRODUCT_FEATURE,score_gte_94_no_conflict,,true
37388aea8986db0b02e720cb,Balblair 12-year-old,,,,W000843,balblair 12yo,100.0,,KEEP_PRODUCT_FEATURE,score_gte_94_no_conflict,,true
5d3145c8d81626fc6f807b04,Balblair 12-year-old,,,2020,W000843,balblair 12yo,100.0,,KEEP_PRODUCT_FEATURE,score_gte_94_no_conflict,,true
884ae6dd47faa50b78edacc6,Balblair 12-year-old,,,,W000843,balblair 12yo,100.0,,KEEP_PRODUCT_FEATURE,score_gte_94_no_conflict,,true
4d2f282e344eb6c52eb3a6f5,Balblair 15-year-old,,,2020,W000455,balblair 15yo,100.0,,KEEP_PRODUCT_FEATURE,score_gte_94_no_conflict,,true
144b0a05251d1b443b86d622,Balblair 15-year-old,,,,W000455,balblair 15yo,100.0,,KEEP_PRODUCT_FEATURE,score_gte_94_no_conflict,,true
905bac0d7489b150fc0425c2,Balblair 15-year-old,,,,W000455,balblair 15yo,100.0,,KEEP_PRODUCT_FEATURE,score_gte_94_no_conflict,,true
acedac292842c35cf96fa011,Balblair 15-year-old,,,,W000455,balblair 15yo,100.0,,KEEP_PRODUCT_FEATURE,score_gte_94_no_conflict,,true
60359d447a2b1f81d1a27cef,Balblair 15-year-old,,,,W000455,balblair 15yo,100.0,,KEEP_PRODUCT_FEATURE,score_gte_94_no_conflict,,true
f7b5403f4b6d009a36ed5ee0,Balblair 15-year-old,,,,W000455,balblair 15yo,100.0,,KEEP_PRODUCT_FEATURE,score_gte_94_no_conflict,,true
73c3798d159b43836263ebb7,Balblair 15-year-old,,,,W000455,balblair 15yo,100.0,,KEEP_PRODUCT_FEATURE,score_gte_94_no_conflict,,true
90c7f7bd70250dcbe315a8ef,Balblair 15-year-old,,,2032,W000455,balblair 15yo,100.0,,KEEP_PRODUCT_FEATURE,score_gte_94_no_conflict,,true
b920f618c71f21547de5a1d2,Balblair 15-year-old,,,,W000455,balblair 15yo,100.0,,KEEP_PRODUCT_FEATURE,score_gte_94_no_conflict,,true
6d4679e3c305ee0fbb4ad9a6,Balblair 18-year-old,,,,W000529,balblair 18yo,100.0,,KEEP_PRODUCT_FEATURE,score_gte_94_no_conflict,,true
8a9482824286aaa068139b27,Balblair 18-year-old,,,2020,W000529,balblair 18yo,100.0,,KEEP_PRODUCT_FEATURE,score_gte_94_no_conflict,,true
1711c0220db85a0f7f944caa,Balblair 18-year-old,,,,W000529,balblair 18yo,100.0,,KEEP_PRODUCT_FEATURE,score_gte_94_no_conflict,,true
d05c8acd61c1e1fc31c70a4c,Balblair 18-year-old,,,,W000529,balblair 18yo,100.0,,KEEP_PRODUCT_FEATURE,score_gte_94_no_conflict,,true
f3c444115b2b95ef60cf20b7,Balblair 18-year-old,,,,W000529,balblair 18yo,100.0,,KEEP_PRODUCT_FEATURE,score_gte_94_no_conflict,,true
68f8f6867aa939e7cf8a3924,Balblair 18-year-old,,,2033,W000529,balblair 18yo,100.0,,KEEP_PRODUCT_FEATURE,score_gte_94_no_conflict,,true
bd7a0e267c5466adaa485b36,Balblair 18-year-old,,,2022,W000529,balblair 18yo,100.0,,KEEP_PRODUCT_FEATURE,score_gte_94_no_conflict,,true
bf9f159507b3e8ec15974b19,Balblair 18-year-old,,,2019,W000529,balblair 18yo,100.0,,KEEP_PRODUCT_FEATURE,score_gte_94_no_conflict,,true
4fdbdfc998b7c86e16431322,Balblair 18-year-old,,,,W000529,balblair 18yo,100.0,,KEEP_PRODUCT_FEATURE,score_gte_94_no_conflict,,true
966445330c50ff3cbec77351,Balblair 25-year-old,,,,W000455,balblair 15yo,92.31,,REVIEW_PRODUCT_FEATURE,score_86_93_no_conflict,,true
e06b051a001ec80d4ba744f1,Balblair 25-year-old,,,,W000455,balblair 15yo,92.31,,REVIEW_PRODUCT_FEATURE,score_86_93_no_conflict,,true
c5ad18608c94a110a43ef97c,Balblair 25-year-old,,,,W000455,balblair 15yo,92.31,,REVIEW_PRODUCT_FEATURE,score_86_93_no_conflict,,true
a6d017e502b76de145b8be9c,Balblair 25-year-old,,,,W000455,balblair 15yo,92.31,,REVIEW_PRODUCT_FEATURE,score_86_93_no_conflict,,true
3ba9cfe9654b6e6541d4c82f,Balblair 25-year-old,,,,W000455,balblair 15yo,92.31,,REVIEW_PRODUCT_FEATURE,score_86_93_no_conflict,,true
a143a9f18746b69385d09018,Balblair 25-year-old,,,,W000455,balblair 15yo,92.31,,REVIEW_PRODUCT_FEATURE,score_86_93_no_conflict,,true
92fe4dbbea2c2b36e8e2036e,Balblair 25-year-old,,,2020,W000455,balblair 15yo,92.31,,REVIEW_PRODUCT_FEATURE,score_86_93_no_conflict,,true
9aeffd14cbb93329f5237327,Balmenach 12-year-old  Flora & Fauna,,,,W000143,benriach 18yo latada,60.87,,REJECT_LOW_CONFIDENCE,score_lt_86,,true
7e6eadb008f44186ca14dfef,Balmenach 12-year-old  Flora & Fauna,,,,W000143,benriach 18yo latada,60.87,,REJECT_LOW_CONFIDENCE,score_lt_86,,true
6ed4017dff5e4a95c3a72b52,Balmenach 1972  Highland Selection - Limited Edition,,,,W000941,tomatin cu bocan 1989 limited edition,62.79,,REJECT_LOW_CONFIDENCE,score_lt_86,,true
a346476020a90915e5c303ba,Balmenach 1972  Highland Selection - Limited Edition,,,,W000941,tomatin cu bocan 1989 limited edition,62.79,,REJECT_LOW_CONFIDENCE,score_lt_86,,true
03ae379e3a1c4e3e46f83459,Balmenach 1972  Highland Selection - Limited Edition,,,2015,W000941,tomatin cu bocan 1989 limited edition,62.79,,REJECT_LOW_CONFIDENCE,score_lt_86,,true
ef55d658b2cfd0c2f39413cc,Balmenach 1972  Highland Selection - Limited Edition,,,,W000941,tomatin cu bocan 1989 limited edition,62.79,,REJECT_LOW_CONFIDENCE,score_lt_86,,true
f879eac4508fbf443cb63e6a,Balmenach 1973  Highland Selection - Limited Edition,,,1973,W000941,tomatin cu bocan 1989 limited edition,62.79,,REJECT_LOW_CONFIDENCE,score_lt_86,,true
b42f14d7543d2d431049eb31,Balmenach 1973  Highland Selection - Limited Edition,,,,W000941,tomatin cu bocan 1989 limited edition,62.79,,REJECT_LOW_CONFIDENCE,score_lt_86,,true
66d471d131a4cf4de19a6059,Balmenach 1973  Highland Selection - Limited Edition,,,,W000941,tomatin cu bocan 1989 limited edition,62.79,,REJECT_LOW_CONFIDENCE,score_lt_86,,true
c0c0f0b50a83f2cccb3f40ae,Balmenach 1973  Highland Selection - Limited Edition,,,,W000941,tomatin cu bocan 1989 limited edition,62.79,,REJECT_LOW_CONFIDENCE,score_lt_86,,true
ac4974df3acf4982eac11fdd,Balmenach 1973  Highland Selection - Limited Edition,,,,W000941,tomatin cu bocan 1989 limited edition,62.79,,REJECT_LOW_CONFIDENCE,score_lt_86,,true
806d38d75c8172192cc78c7d,Balmenach 1973  Highland Selection - Limited Edition,,,,W000941,tomatin cu bocan 1989 limited edition,62.79,,REJECT_LOW_CONFIDENCE,score_lt_86,,true
2d941e4e02a8dc060653bf35,Balmenach 1973  Highland Selection - Limited Edition,,,1973,W000941,tomatin cu bocan 1989 limited edition,62.79,,REJECT_LOW_CONFIDENCE,score_lt_86,,true
8c3033fd2b0595c97420bc82,Balmenach 1977  Golden jubilee still shaped decanter,,,2012,W001082,st george's chapter 9 (peated),50.63,,REJECT_LOW_CONFIDENCE,score_lt_86,,true
c6a5cb9feecb52c9a5a2d14e,Balvenie 12-year-old  Triple Cask,,,,W000362,balvenie 12yo triple cask,100.0,,KEEP_PRODUCT_FEATURE,score_gte_94_no_conflict,,true
6641523c58a70913c52bdace,Balvenie 12-year-old  Triple Cask,,,,W000362,balvenie 12yo triple cask,100.0,,KEEP_PRODUCT_FEATURE,score_gte_94_no_conflict,,true
86cf176451c478d7f0352b76,Balvenie 12-year-old  Triple Cask,,,,W000362,balvenie 12yo triple cask,100.0,,KEEP_PRODUCT_FEATURE,score_gte_94_no_conflict,,true
1f8c1998533848b744b03d03,Balvenie 12-year-old  Triple Cask,,,2018,W000362,balvenie 12yo triple cask,100.0,,KEEP_PRODUCT_FEATURE,score_gte_94_no_conflict,,true
34b8f42b9aad266c32aa425b,Balvenie 12-year-old  Triple Cask,,,,W000362,balvenie 12yo triple cask,100.0,,KEEP_PRODUCT_FEATURE,score_gte_94_no_conflict,,true
07f7c355f33cbfcbf2a22e02,Balvenie 12-year-old  Triple Cask,,,,W000362,balvenie 12yo triple cask,100.0,,KEEP_PRODUCT_FEATURE,score_gte_94_no_conflict,,true
72835301f72adfb700db64e3,Balvenie 12-year-old  DoubleWood,,,,W000340,balvenie 12yo doublewood,100.0,,KEEP_PRODUCT_FEATURE,score_gte_94_no_conflict,,true
eec5819bcf3bd815cb063ffa,Balvenie 12-year-old  DoubleWood,,,,W000340,balvenie 12yo doublewood,100.0,,KEEP_PRODUCT_FEATURE,score_gte_94_no_conflict,,true
ad2e3775301cd1eb57dfa2c4,Balvenie 12-year-old  DoubleWood,,,,W000340,balvenie 12yo doublewood,100.0,,KEEP_PRODUCT_FEATURE,score_gte_94_no_conflict,,true
4fa06bb0d7658076eeb9048c,Balvenie 12-year-old  DoubleWood,,,,W000340,balvenie 12yo doublewood,100.0,,KEEP_PRODUCT_FEATURE,score_gte_94_no_conflict,,true
1555028f927e46bfef2274be,Balvenie 12-year-old  DoubleWood,,,,W000340,balvenie 12yo doublewood,100.0,,KEEP_PRODUCT_FEATURE,score_gte_94_no_conflict,,true
c29cf73a09afff656a998c79,Balvenie 12-year-old  DoubleWood,,,,W000340,balvenie 12yo doublewood,100.0,,KEEP_PRODUCT_FEATURE,score_gte_94_no_conflict,,true
6f155869057ee08aaf776e06,Balvenie 12-year-old  DoubleWood,,,,W000340,balvenie 12yo doublewood,100.0,,KEEP_PRODUCT_FEATURE,score_gte_94_no_conflict,,true
9b88cd30faf4b5abc200b764,Balvenie 12-year-old  DoubleWood,,,,W000340,balvenie 12yo doublewood,100.0,,KEEP_PRODUCT_FEATURE,score_gte_94_no_conflict,,true
ec8995e45333645410a78eb0,Balvenie 14-year-old Caribbean Cask,,,,W000010,balvenie 14y caribbean cask,98.18,,KEEP_PRODUCT_FEATURE,score_gte_94_no_conflict,,true
3dd980b4d4279913da6e6a71,Balvenie 14-year-old Caribbean Cask,,,,W000010,balvenie 14y caribbean cask,98.18,,KEEP_PRODUCT_FEATURE,score_gte_94_no_conflict,,true
5ddb1006b5d901f3716f9975,Balvenie 14-year-old Caribbean Cask,,,,W000010,balvenie 14y caribbean cask,98.18,,KEEP_PRODUCT_FEATURE,score_gte_94_no_conflict,,true
1a8db33513fb8fa34bc7c929,Balvenie 14-year-old Caribbean Cask,,,,W000010,balvenie 14y caribbean cask,98.18,,KEEP_PRODUCT_FEATURE,score_gte_94_no_conflict,,true
bfaa8436e2900200e51abfed,Balvenie 14-year-old Caribbean Cask,,,2018,W000010,balvenie 14y caribbean cask,98.18,,KEEP_PRODUCT_FEATURE,score_gte_94_no_conflict,,true
d9279d01e4a206234a85244a,Balvenie 14-year-old Caribbean Cask,,,,W000010,balvenie 14y caribbean cask,98.18,,KEEP_PRODUCT_FEATURE,score_gte_94_no_conflict,,true
bf9b1d6e0d5c738903f7f713,Balvenie 14-year-old Caribbean Cask,,,,W000010,balvenie 14y caribbean cask,98.18,,KEEP_PRODUCT_FEATURE,score_gte_94_no_conflict,,true
ed08c70f4bd098cddfc0d0a3,Balvenie 14-year-old Caribbean Cask,,,2017,W000010,balvenie 14y caribbean cask,98.18,,KEEP_PRODUCT_FEATURE,score_gte_94_no_conflict,,true
4144b1b2533d1f48b4043188,Balvenie 14-year-old Caribbean Cask,,,,W000010,balvenie 14y caribbean cask,98.18,,KEEP_PRODUCT_FEATURE,score_gte_94_no_conflict,,true
089c4ee96c2da5478987c3a0,Balvenie 14-year-old Caribbean Cask,,,,W000010,balvenie 14y caribbean cask,98.18,,KEEP_PRODUCT_FEATURE,score_gte_94_no_conflict,,true
866941389f18e79ba901abf0,Balvenie 16-year-old  Triple Cask,,,,W000279,balvenie 16yo triple cask,100.0,,KEEP_PRODUCT_FEATURE,score_gte_94_no_conflict,,true
c02d2c4b2129e55e404f5ce1,Balvenie 16-year-old  Triple Cask,,,,W000279,balvenie 16yo triple cask,100.0,,KEEP_PRODUCT_FEATURE,score_gte_94_no_conflict,,true
412f2e810a014fbb502fa56d,Balvenie 16-year-old  Triple Cask,,,,W000279,balvenie 16yo triple cask,100.0,,KEEP_PRODUCT_FEATURE,score_gte_94_no_conflict,,true
f088fdb5f20a1fc6fef134b5,Balvenie 16-year-old  Triple Cask,,,2018,W000279,balvenie 16yo triple cask,100.0,,KEEP_PRODUCT_FEATURE,score_gte_94_no_conflict,,true
3b4a13ac7eff2afac529c61c,Balvenie 16-year-old  Triple Cask,,,,W000279,balvenie 16yo triple cask,100.0,,KEEP_PRODUCT_FEATURE,score_gte_94_no_conflict,,true
ca59f6e63c4095a3715a5b22,Balvenie 16-year-old  Triple Cask,,,,W000279,balvenie 16yo triple cask,100.0,,KEEP_PRODUCT_FEATURE,score_gte_94_no_conflict,,true
ddc57246d3974fd801de1328,Balvenie 16-year-old  Triple Cask,,,,W000279,balvenie 16yo triple cask,100.0,,KEEP_PRODUCT_FEATURE,score_gte_94_no_conflict,,true
8eb9c4e42e65cb4755a80da3,Balvenie 21-year-old  PortWood,,,,W000187,balvenie 21yo port wood,97.78,,KEEP_PRODUCT_FEATURE,score_gte_94_no_conflict,,true
e78b45359f6c0a3ec6eaeebf,Balvenie 21-year-old  PortWood,,,,W000187,balvenie 21yo port wood,97.78,,KEEP_PRODUCT_FEATURE,score_gte_94_no_conflict,,true
87c6ce93f15dbbc41805ffbe,Balvenie 21-year-old  PortWood,,,,W000187,balvenie 21yo port wood,97.78,,KEEP_PRODUCT_FEATURE,score_gte_94_no_conflict,,true
11fbf9ecaa01f953a48f60bf,Balvenie 21-year-old  PortWood,,,,W000187,balvenie 21yo port wood,97.78,,KEEP_PRODUCT_FEATURE,score_gte_94_no_conflict,,true
c50c8bcc1d81a432ef30d337,Balvenie 21-year-old  PortWood,,,,W000187,balvenie 21yo port wood,97.78,,KEEP_PRODUCT_FEATURE,score_gte_94_no_conflict,,true
ba670c9bbc49d38df2be9694,Balvenie 21-year-old  PortWood,,,,W000187,balvenie 21yo port wood,97.78,,KEEP_PRODUCT_FEATURE,score_gte_94_no_conflict,,true
b60e0db3f33792bcebd3d2ff,Balvenie 21-year-old  PortWood,,,,W000187,balvenie 21yo port wood,97.78,,KEEP_PRODUCT_FEATURE,score_gte_94_no_conflict,,true
b0b9d5a795a252c61e9fe4c1,Balvenie 21-year-old  PortWood,,,,W000187,balvenie 21yo port wood,97.78,,KEEP_PRODUCT_FEATURE,score_gte_94_no_conflict,,true
af25f058da62ebf63bba842c,Balvenie 21-year-old  PortWood,,,,W000187,balvenie 21yo port wood,97.78,,KEEP_PRODUCT_FEATURE,score_gte_94_no_conflict,,true
5727394db88aefb6921fab92,Balvenie 21-year-old  PortWood,,,,W000187,balvenie 21yo port wood,97.78,,KEEP_PRODUCT_FEATURE,score_gte_94_no_conflict,,true
0b3468aa27a51e5f3615a7e5,Balvenie 30-year-old,,,,W000920,talisker 30yo,69.23,,REJECT_LOW_CONFIDENCE,score_lt_86,,true
ec9b8c6b89301fa7376e6aad,Balvenie 30-year-old,,,2021,W000920,talisker 30yo,69.23,,REJECT_LOW_CONFIDENCE,score_lt_86,,true
797ca39772140cbca0aeadde,Balvenie 30-year-old,,,,W000920,talisker 30yo,69.23,,REJECT_LOW_CONFIDENCE,score_lt_86,,true
eb86086ed0aacb4ded404923,Nikka Session,,,,W001074,jura superstition,53.33,,REJECT_LOW_CONFIDENCE,score_lt_86,,true
a2d7d927cc427e15f2c31155,Nikka Session,,,,W001074,jura superstition,53.33,,REJECT_LOW_CONFIDENCE,score_lt_86,,true
d53ad7b7ca20a0bbe210dd61,Nikka Session,,,,W001074,jura superstition,53.33,,REJECT_LOW_CONFIDENCE,score_lt_86,,true
114c772e947fe0d7820f1c7d,Nikka Session,,,,W001074,jura superstition,53.33,,REJECT_LOW_CONFIDENCE,score_lt_86,,true
5f97124d3e16f78ee353ad18,BenRiach 10-year-old  The Smoky Ten,,,,W000739,benriach cask strength,69.39,,REJECT_LOW_CONFIDENCE,score_lt_86,,true
2df16b79c6036d34888ae435,BenRiach 10-year-old  The Smoky Ten,,,,W000739,benriach cask strength,69.39,,REJECT_LOW_CONFIDENCE,score_lt_86,,true
b13224de843b540cd9c55c3a,BenRiach 10-year-old  The Smoky Ten,,,,W000739,benriach cask strength,69.39,,REJECT_LOW_CONFIDENCE,score_lt_86,,true
45507dafd6ae26f4bbce1700,BenRiach 10-year-old  The Smoky Ten,,,,W000739,benriach cask strength,69.39,,REJECT_LOW_CONFIDENCE,score_lt_86,,true
3c65298606aae5035788f8a0,BenRiach 10-year-old  The Smoky Ten,,,,W000739,benriach cask strength,69.39,,REJECT_LOW_CONFIDENCE,score_lt_86,,true
3bb2f539c8a85d231dbcdfb4,BenRiach 10-year-old  The Smoky Ten,,,,W000739,benriach cask strength,69.39,,REJECT_LOW_CONFIDENCE,score_lt_86,,true
900d3fdcf559b4ee9ada2465,BenRiach 10-year-old  The Original Ten,,,,W000016,glenmorangie the original 10y,71.19,,REJECT_LOW_CONFIDENCE,score_lt_86,,true
2b3122221d9f774cda516361,BenRiach 10-year-old  The Original Ten,,,2020,W000016,glenmorangie the original 10y,71.19,,REJECT_LOW_CONFIDENCE,score_lt_86,,true
8f2f460caeded8611477eb5b,BenRiach 10-year-old  The Original Ten,,,2021,W000016,glenmorangie the original 10y,71.19,,REJECT_LOW_CONFIDENCE,score_lt_86,,true
792fb5f08d13bde88532f8a6,BenRiach 10-year-old  The Original Ten,,,,W000016,glenmorangie the original 10y,71.19,,REJECT_LOW_CONFIDENCE,score_lt_86,,true
f7fdf86108ad5e54cbb72c73,BenRiach 10-year-old  The Original Ten,,,,W000016,glenmorangie the original 10y,71.19,,REJECT_LOW_CONFIDENCE,score_lt_86,,true
fb0590568621b283342e112f,BenRiach 10-year-old  The Original Ten,,,,W000016,glenmorangie the original 10y,71.19,,REJECT_LOW_CONFIDENCE,score_lt_86,,true
720de642f714bc3f316de005,BenRiach 10-year-old  The Original Ten,,,,W000016,glenmorangie the original 10y,71.19,,REJECT_LOW_CONFIDENCE,score_lt_86,,true
f78dbc54a7f3dc1a19c4dee4,BenRiach 12-year-old  The Smoky Twelve,,,,W000654,benriach 15yo sauternes finish,63.33,,REJECT_LOW_CONFIDENCE,score_lt_86,,true
1db9381ab94876126caf8030,BenRiach 12-year-old  The Smoky Twelve,,,,W000654,benriach 15yo sauternes finish,63.33,,REJECT_LOW_CONFIDENCE,score_lt_86,,true
6b51d507fd1120ea6c133dfa,BenRiach 12-year-old  The Smoky Twelve,,,,W000654,benriach 15yo sauternes finish,63.33,,REJECT_LOW_CONFIDENCE,score_lt_86,,true
229ce787c1bbbdc024ab8e00,BenRiach 12-year-old  The Smoky Twelve,,,,W000654,benriach 15yo sauternes finish,63.33,,REJECT_LOW_CONFIDENCE,score_lt_86,,true
8b9e4b6ffe0a9cf284724212,BenRiach 12-year-old  The Smoky Twelve,,,,W000654,benriach 15yo sauternes finish,63.33,,REJECT_LOW_CONFIDENCE,score_lt_86,,true
69e18cc3b769987fbecd5f27,BenRiach 12-year-old  The Smoky Twelve,,,,W000654,benriach 15yo sauternes finish,63.33,,REJECT_LOW_CONFIDENCE,score_lt_86,,true
6aad2637cabccad8737c7f62,BenRiach 12-year-old  The Smoky Twelve,,,2020,W000654,benriach 15yo sauternes finish,63.33,,REJECT_LOW_CONFIDENCE,score_lt_86,,true
15b1af53b25454c36b0becf3,BenRiach 12-year-old  The Twelve,,,,W000803,benriach 12yo,70.27,,REJECT_LOW_CONFIDENCE,score_lt_86,,true
d16e37d98ab9362bfd0b921b,BenRiach 12-year-old  The Twelve,,,,W000803,benriach 12yo,70.27,,REJECT_LOW_CONFIDENCE,score_lt_86,,true
3cf727de73d10ec93bc5f573,BenRiach 12-year-old  The Twelve,,,,W000803,benriach 12yo,70.27,,REJECT_LOW_CONFIDENCE,score_lt_86,,true
24772f7c055c933707291b3d,BenRiach 12-year-old  The Twelve,,,,W000803,benriach 12yo,70.27,,REJECT_LOW_CONFIDENCE,score_lt_86,,true
a84e9de7146af253cfd01322,BenRiach 12-year-old  The Twelve,,,,W000803,benriach 12yo,70.27,,REJECT_LOW_CONFIDENCE,score_lt_86,,true
b852dcc828ede9a1d686b1a6,BenRiach 12-year-old  The Twelve,,,2021,W000803,benriach 12yo,70.27,,REJECT_LOW_CONFIDENCE,score_lt_86,,true
4a9cf5125f344523e66731bd,BenRiach 12-year-old  The Twelve,,,,W000803,benriach 12yo,70.27,,REJECT_LOW_CONFIDENCE,score_lt_86,,true
3592fff7eedf4d155ae99e10,BenRiach 21-year-old  The Twenty One,,,,W000239,benriach 21yo tawny port finish,74.58,,REJECT_LOW_CONFIDENCE,score_lt_86,,true
1b824ec35ba4eae676dacb1c,BenRiach 21-year-old  The Twenty One,,,,W000239,benriach 21yo tawny port finish,74.58,,REJECT_LOW_CONFIDENCE,score_lt_86,,true
524e9f9947f3c077a6fe2e87,BenRiach 21-year-old  The Twenty One,,,2020,W000239,benriach 21yo tawny port finish,74.58,,REJECT_LOW_CONFIDENCE,score_lt_86,,true
11a71e0aed71c9ceb02c992f,BenRiach 21-year-old  The Twenty One,,,,W000239,benriach 21yo tawny port finish,74.58,,REJECT_LOW_CONFIDENCE,score_lt_86,,true
7db5d29e1402a3d364b1617d,BenRiach 21-year-old  The Twenty One,,,,W000239,benriach 21yo tawny port finish,74.58,,REJECT_LOW_CONFIDENCE,score_lt_86,,true
7ccf570b6b580436d99c6703,BenRiach 21-year-old  The Twenty One,,,,W000239,benriach 21yo tawny port finish,74.58,,REJECT_LOW_CONFIDENCE,score_lt_86,,true
de2655485c831cec078dfb59,BenRiach 25-year-old  The Twenty Five,,,2021,W000239,benriach 21yo tawny port finish,73.33,,REJECT_LOW_CONFIDENCE,score_lt_86,,true
a4ac39a658021c1a8bbcdc37,BenRiach 25-year-old  The Twenty Five,,,,W000239,benriach 21yo tawny port finish,73.33,,REJECT_LOW_CONFIDENCE,score_lt_86,,true
51dd65cf3b092e9fa3f07bf2,BenRiach 25-year-old  The Twenty Five,,,,W000239,benriach 21yo tawny port finish,73.33,,REJECT_LOW_CONFIDENCE,score_lt_86,,true
4b8fc1e5ae5d23ba35fe95a7,BenRiach 25-year-old  The Twenty Five,,,,W000239,benriach 21yo tawny port finish,73.33,,REJECT_LOW_CONFIDENCE,score_lt_86,,true
dcc2c779c4ed6374e9fd984a,BenRiach 25-year-old  The Twenty Five,,,,W000239,benriach 21yo tawny port finish,73.33,,REJECT_LOW_CONFIDENCE,score_lt_86,,true
d445b39d89fe34b372e644dd,BenRiach 25-year-old  The Twenty Five,,,,W000239,benriach 21yo tawny port finish,73.33,,REJECT_LOW_CONFIDENCE,score_lt_86,,true
e1e3815e26685f1dba149de3,BenRiach 30-year-old  The Thirty,,,,W000111,benriach 35yo,64.86,,REJECT_LOW_CONFIDENCE,score_lt_86,,true
a4e9252dc56042e81f1b9701,BenRiach 30-year-old  The Thirty,,,,W000111,benriach 35yo,64.86,,REJECT_LOW_CONFIDENCE,score_lt_86,,true
5d1b1757d69718457281ef9a,BenRiach 30-year-old  The Thirty,,,,W000111,benriach 35yo,64.86,,REJECT_LOW_CONFIDENCE,score_lt_86,,true
8c03d03cde3e95781020759f,BenRiach 35-year-old  Double Cask Matured,,,,W000265,aberlour 16yo double cask matured,78.79,,REJECT_LOW_CONFIDENCE,score_lt_86,,true
259e182fe2fc7eaff312caed,BenRiach 35-year-old  Double Cask Matured,,,,W000265,aberlour 16yo double cask matured,78.79,,REJECT_LOW_CONFIDENCE,score_lt_86,,true
1264dc79ce2f5cda2a5d2db8,BenRiach Smoke Season  Double Cask Matured,,,,W001043,benriach peated quarter casks,62.86,,REJECT_LOW_CONFIDENCE,score_lt_86,,true
7166b7e1ade9825a23fd1b92,BenRiach Smoke Season  Double Cask Matured,,,,W001043,benriach peated quarter casks,62.86,,REJECT_LOW_CONFIDENCE,score_lt_86,,true
d071e9ed0fcb2e09c7891b42,BenRiach Smoke Season  Double Cask Matured,,,2020,W001043,benriach peated quarter casks,62.86,,REJECT_LOW_CONFIDENCE,score_lt_86,,true
1071bcf27af3bb760b7ce164,BenRiach Smoke Season  Double Cask Matured,,,,W001043,benriach peated quarter casks,62.86,,REJECT_LOW_CONFIDENCE,score_lt_86,,true
26c6e7b9c23c72fb67047972,BenRiach Smoke Season  Double Cask Matured,,,,W001043,benriach peated quarter casks,62.86,,REJECT_LOW_CONFIDENCE,score_lt_86,,true
89e902d419cfbf90699b9f1d,BenRiach Smoke Season  Double Cask Matured,,,,W001043,benriach peated quarter casks,62.86,,REJECT_LOW_CONFIDENCE,score_lt_86,,true
71d930c283983fa12520cef5,Benrinnes 15-year-old  Flora & Fauna,,,,W000373,benrinnes 15yo f&f,81.82,,REJECT_LOW_CONFIDENCE,score_lt_86,,true
12d4f9b7811cd7f7f3e34de2,Benrinnes 15-year-old  Flora & Fauna,,,,W000373,benrinnes 15yo f&f,81.82,,REJECT_LOW_CONFIDENCE,score_lt_86,,true
d97fe5e2ef04a7e753373805,Benrinnes 15-year-old  Flora & Fauna,,,,W000373,benrinnes 15yo f&f,81.82,,REJECT_LOW_CONFIDENCE,score_lt_86,,true
87d2ba7abe6f88e1c2faede0,Benrinnes 15-year-old  Flora & Fauna,,,2007,W000373,benrinnes 15yo f&f,81.82,,REJECT_LOW_CONFIDENCE,score_lt_86,,true
c891b43f19555e4cbf4d14a2,Benrinnes 15-year-old  Flora & Fauna,,,,W000373,benrinnes 15yo f&f,81.82,,REJECT_LOW_CONFIDENCE,score_lt_86,,true
03b4b4e035817f2f3300b032,Benrinnes 15-year-old  Flora & Fauna,,,,W000373,benrinnes 15yo f&f,81.82,,REJECT_LOW_CONFIDENCE,score_lt_86,,true
7fb3a6bff3964afcbc69e592,Benrinnes 15-year-old  Flora & Fauna,,,,W000373,benrinnes 15yo f&f,81.82,,REJECT_LOW_CONFIDENCE,score_lt_86,,true
70da87349ec71ac32396ce62,Benrinnes 15-year-old  Flora & Fauna,,,,W000373,benrinnes 15yo f&f,81.82,,REJECT_LOW_CONFIDENCE,score_lt_86,,true
4c3c4c3b5b22d0cda1b01ac4,Benrinnes 15-year-old  Flora & Fauna,,,2021,W000373,benrinnes 15yo f&f,81.82,,REJECT_LOW_CONFIDENCE,score_lt_86,,true
3c107395c95c2a940c422356,Benromach 10-year-old,,,2019,W001018,benromach 10yo,100.0,,KEEP_PRODUCT_FEATURE,score_gte_94_no_conflict,,true
7509509423dd0c665aa77a51,Benromach 10-year-old,,,,W001018,benromach 10yo,100.0,,KEEP_PRODUCT_FEATURE,score_gte_94_no_conflict,,true
cc071b642139970b3f7ab07e,Benromach 10-year-old,,,,W001018,benromach 10yo,100.0,,KEEP_PRODUCT_FEATURE,score_gte_94_no_conflict,,true
0fe0b44a718e3ae2fd6b82ba,Benromach 10-year-old,,,2021,W001018,benromach 10yo,100.0,,KEEP_PRODUCT_FEATURE,score_gte_94_no_conflict,,true
3da5983e417a6978925e4d5d,Benromach 10-year-old,,,,W001018,benromach 10yo,100.0,,KEEP_PRODUCT_FEATURE,score_gte_94_no_conflict,,true
f6648fad94abde333c290fe1,Benromach 10-year-old,,,,W001018,benromach 10yo,100.0,,KEEP_PRODUCT_FEATURE,score_gte_94_no_conflict,,true
ed6972df2950e418bd11080d,Benromach 10-year-old,,,2021,W001018,benromach 10yo,100.0,,KEEP_PRODUCT_FEATURE,score_gte_94_no_conflict,,true
e64cd4969f4730af108701ce,Benromach 10-year-old,,,,W001018,benromach 10yo,100.0,,KEEP_PRODUCT_FEATURE,score_gte_94_no_conflict,,true
429928f6966b6edc9522b420,Benromach 15-year-old,,,,W000260,benromach 15yo,100.0,,KEEP_PRODUCT_FEATURE,score_gte_94_no_conflict,,true
368584e7611c9de898388209,Benromach 15-year-old,,,,W000260,benromach 15yo,100.0,,KEEP_PRODUCT_FEATURE,score_gte_94_no_conflict,,true
8436b58d6b13acc609a4add2,Benromach 15-year-old,,,,W000260,benromach 15yo,100.0,,KEEP_PRODUCT_FEATURE,score_gte_94_no_conflict,,true
12ae580e7599edfc27c08c66,Benromach 15-year-old,,,,W000260,benromach 15yo,100.0,,KEEP_PRODUCT_FEATURE,score_gte_94_no_conflict,,true
b2fa4ff9790166967b08ffb9,Benromach 15-year-old,,,2020,W000260,benromach 15yo,100.0,,KEEP_PRODUCT_FEATURE,score_gte_94_no_conflict,,true
5b1cc1ea5420c5e5cede491c,Benromach 15-year-old,,,,W000260,benromach 15yo,100.0,,KEEP_PRODUCT_FEATURE,score_gte_94_no_conflict,,true
0969f28153186aa1cab59123,Benromach 15-year-old,,,,W000260,benromach 15yo,100.0,,KEEP_PRODUCT_FEATURE,score_gte_94_no_conflict,,true
c2f742b69c1a368c9b0e73fc,Benromach 15-year-old,,,2021,W000260,benromach 15yo,100.0,,KEEP_PRODUCT_FEATURE,score_gte_94_no_conflict,,true
863b04e79876d163dfbdff3c,Benromach 21-year-old,,,1920,W000260,benromach 15yo,92.86,,REVIEW_PRODUCT_FEATURE,score_86_93_no_conflict,,true
e9330fc9983898bc6baf3ee6,Benromach 21-year-old,,,,W000260,benromach 15yo,92.86,,REVIEW_PRODUCT_FEATURE,score_86_93_no_conflict,,true
8b4c7b837867f943c42cd5c9,Benromach 21-year-old,,,,W000260,benromach 15yo,92.86,,REVIEW_PRODUCT_FEATURE,score_86_93_no_conflict,,true
8ba2f1f4ec6f76106f04ddcf,Benromach 21-year-old,,,,W000260,benromach 15yo,92.86,,REVIEW_PRODUCT_FEATURE,score_86_93_no_conflict,,true
589c4cb7773a1ba657da1827,Benromach 21-year-old,,,,W000260,benromach 15yo,92.86,,REVIEW_PRODUCT_FEATURE,score_86_93_no_conflict,,true
31e61b9ff3ef1241abf50b40,Benromach 21-year-old,,,,W000260,benromach 15yo,92.86,,REVIEW_PRODUCT_FEATURE,score_86_93_no_conflict,,true
8688f0886456ea71086eecad,Benromach 21-year-old,,,,W000260,benromach 15yo,92.86,,REVIEW_PRODUCT_FEATURE,score_86_93_no_conflict,,true
d5c716fc61959a2258d36e11,Benromach 21-year-old,,,,W000260,benromach 15yo,92.86,,REVIEW_PRODUCT_FEATURE,score_86_93_no_conflict,,true
3cd7a00f0638d802b452ea58,Benromach 21-year-old,,,,W000260,benromach 15yo,92.86,,REVIEW_PRODUCT_FEATURE,score_86_93_no_conflict,,true
c53f105bc434b9e6ebdb8ab1,Benromach 21-year-old,,,,W000260,benromach 15yo,92.86,,REVIEW_PRODUCT_FEATURE,score_86_93_no_conflict,,true
f924c756c0303c049fef9310,Bladnoch 10-year-old  Celebrating 200 Years,,,2018,W000845,bladnoch 1993-2009 (g&m),59.65,,REJECT_LOW_CONFIDENCE,score_lt_86,,true
f76632895e93eaca20de68a6,Bladnoch 10-year-old  Celebrating 200 Years,,,,W000845,bladnoch 1993-2009 (g&m),59.65,,REJECT_LOW_CONFIDENCE,score_lt_86,,true
141aa90a46466b673d9b192d,Bladnoch 10-year-old  Celebrating 200 Years,,,,W000845,bladnoch 1993-2009 (g&m),59.65,,REJECT_LOW_CONFIDENCE,score_lt_86,,true
7ee0bcd6419d46abb94c1afc,Bladnoch 10-year-old  Celebrating 200 Years,,,,W000845,bladnoch 1993-2009 (g&m),59.65,,REJECT_LOW_CONFIDENCE,score_lt_86,,true
682d74c8ba107a0989dfeabd,Bladnoch 10-year-old  Celebrating 200 Years,,,,W000845,bladnoch 1993-2009 (g&m),59.65,,REJECT_LOW_CONFIDENCE,score_lt_86,,true
5bdf468d1ee84dd5991ab815,Bladnoch 10-year-old  Celebrating 200 Years,,,,W000845,bladnoch 1993-2009 (g&m),59.65,,REJECT_LOW_CONFIDENCE,score_lt_86,,true
69d108c199fbc944fd95d817,Bladnoch 10-year-old  Celebrating 200 Years,,,,W000845,bladnoch 1993-2009 (g&m),59.65,,REJECT_LOW_CONFIDENCE,score_lt_86,,true
84b9f0cc27803776407b4028,Bladnoch 10-year-old  Celebrating 200 Years,,,,W000845,bladnoch 1993-2009 (g&m),59.65,,REJECT_LOW_CONFIDENCE,score_lt_86,,true
8239ae1efefae98448ccdbe1,Bladnoch 10-year-old  Celebrating 200 Years,,,,W000845,bladnoch 1993-2009 (g&m),59.65,,REJECT_LOW_CONFIDENCE,score_lt_86,,true
8676117c87666065a5ed74ef,Bladnoch 10-year-old  Celebrating 200 Years,,,,W000845,bladnoch 1993-2009 (g&m),59.65,,REJECT_LOW_CONFIDENCE,score_lt_86,,true
6e1225d8e4af92a44329b6e9,Bladnoch 11-year-old  2021 Release,,,,W000728,bladnoch 19yo (cow label),65.31,,REJECT_LOW_CONFIDENCE,score_lt_86,,true
66f45da8d3fe49c5ec6fddfc,Bladnoch 11-year-old  2021 Release,,,,W000728,bladnoch 19yo (cow label),65.31,,REJECT_LOW_CONFIDENCE,score_lt_86,,true
c9716085b1eef9f1b328ab3a,Bladnoch 11-year-old  2021 Release,,,,W000728,bladnoch 19yo (cow label),65.31,,REJECT_LOW_CONFIDENCE,score_lt_86,,true
bf52cef5afef5cec56e0b9c6,Bladnoch 11-year-old  2021 Release,,,2021,W000728,bladnoch 19yo (cow label),65.31,,REJECT_LOW_CONFIDENCE,score_lt_86,,true
a7a149144a02c2639d6192fa,Bladnoch 11-year-old  2020 Release,,,2018,W000728,bladnoch 19yo (cow label),65.31,,REJECT_LOW_CONFIDENCE,score_lt_86,,true
891d90590a1a7f7ed2dccdd8,Bladnoch 11-year-old  2020 Release,,,,W000728,bladnoch 19yo (cow label),65.31,,REJECT_LOW_CONFIDENCE,score_lt_86,,true
658585562b71600c3fe6ceb2,Bladnoch 11-year-old  2020 Release,,,2018,W000728,bladnoch 19yo (cow label),65.31,,REJECT_LOW_CONFIDENCE,score_lt_86,,true
bab6ca5976f10aef5b47041b,Bladnoch 11-year-old  2020 Release,,,,W000728,bladnoch 19yo (cow label),65.31,,REJECT_LOW_CONFIDENCE,score_lt_86,,true
4fefaa8e493b220ccd437a8e,Bladnoch 11-year-old  2020 Release,,,,W000728,bladnoch 19yo (cow label),65.31,,REJECT_LOW_CONFIDENCE,score_lt_86,,true
4dcb1fc99510aaaa90525286,Bladnoch 11-year-old  2020 Release,,,,W000728,bladnoch 19yo (cow label),65.31,,REJECT_LOW_CONFIDENCE,score_lt_86,,true
cd7aac4fc1615eab143a0e7e,Bladnoch 11-year-old  2020 Release,,,,W000728,bladnoch 19yo (cow label),65.31,,REJECT_LOW_CONFIDENCE,score_lt_86,,true
60eccea4c04ee1f739e59613,Bladnoch 11-year-old  2020 Release,,,,W000728,bladnoch 19yo (cow label),65.31,,REJECT_LOW_CONFIDENCE,score_lt_86,,true
ff3b9fdcc996ffc4961b1a1e,Bladnoch 11-year-old  2020 Release,,,,W000728,bladnoch 19yo (cow label),65.31,,REJECT_LOW_CONFIDENCE,score_lt_86,,true
9c10df116a5b270e14f2144b,Bladnoch 11-year-old  First Release,,,,W000765,bladnoch 10yo (f&f),68.18,,REJECT_LOW_CONFIDENCE,score_lt_86,,true
1abc02b02542ec2145b24b97,Bladnoch 17-year-old  Celebrating 200 Years,,,,W000845,bladnoch 1993-2009 (g&m),59.65,,REJECT_LOW_CONFIDENCE,score_lt_86,,true
59fe6b1244f17cbabaf35214,Bladnoch 17-year-old  Celebrating 200 Years,,,,W000845,bladnoch 1993-2009 (g&m),59.65,,REJECT_LOW_CONFIDENCE,score_lt_86,,true
47679d86196bc2db1fa6ca9e,Bladnoch 17-year-old  Celebrating 200 Years,,,,W000845,bladnoch 1993-2009 (g&m),59.65,,REJECT_LOW_CONFIDENCE,score_lt_86,,true
3866fbaa4e0a819c72420f47,Bladnoch 17-year-old  Celebrating 200 Years,,,,W000845,bladnoch 1993-2009 (g&m),59.65,,REJECT_LOW_CONFIDENCE,score_lt_86,,true
51776bb054548e7a9a155108,Bladnoch 17-year-old  Celebrating 200 Years,,,,W000845,bladnoch 1993-2009 (g&m),59.65,,REJECT_LOW_CONFIDENCE,score_lt_86,,true
153329be1e0ff40a35cfe313,Bladnoch 17-year-old  Celebrating 200 Years,,,,W000845,bladnoch 1993-2009 (g&m),59.65,,REJECT_LOW_CONFIDENCE,score_lt_86,,true
761fee37eb094bbadf55a6aa,Bladnoch 17-year-old  Celebrating 200 Years,,,,W000845,bladnoch 1993-2009 (g&m),59.65,,REJECT_LOW_CONFIDENCE,score_lt_86,,true
ad0a17b6d629daa325a11147,Bladnoch 17-year-old  Celebrating 200 Years,,,,W000845,bladnoch 1993-2009 (g&m),59.65,,REJECT_LOW_CONFIDENCE,score_lt_86,,true
e49ad635d6f1d4086c563b65,Bladnoch Adela  Celebrating 200 Years,,,,W001637,barrell bourbon new years batch 2018,58.33,,REJECT_LOW_CONFIDENCE,score_lt_86,,true
6e7567ebdcf7f21ab070387a,Bladnoch Adela  Celebrating 200 Years,,,,W001637,barrell bourbon new years batch 2018,58.33,,REJECT_LOW_CONFIDENCE,score_lt_86,,true
97c768f9bb600563e066006a,Bladnoch Adela  Celebrating 200 Years,,,,W001637,barrell bourbon new years batch 2018,58.33,,REJECT_LOW_CONFIDENCE,score_lt_86,,true
8b19033f2aa0ecc3a725dae8,Bladnoch Adela  Celebrating 200 Years,,,,W001637,barrell bourbon new years batch 2018,58.33,,REJECT_LOW_CONFIDENCE,score_lt_86,,true
8c41cbb2790aec393a39aca4,Bladnoch Adela  Celebrating 200 Years,,,,W001637,barrell bourbon new years batch 2018,58.33,,REJECT_LOW_CONFIDENCE,score_lt_86,,true
22f765d901cbc9c134467b51,Bladnoch Adela  Celebrating 200 Years,,,2021,W001637,barrell bourbon new years batch 2018,58.33,,REJECT_LOW_CONFIDENCE,score_lt_86,,true
cb2e4e90ea7180ea9471c9f0,Bladnoch Adela  Celebrating 200 Years,,,,W001637,barrell bourbon new years batch 2018,58.33,,REJECT_LOW_CONFIDENCE,score_lt_86,,true
c2e9bd38b57d3ede59da8111,Bladnoch Adela  Celebrating 200 Years,,,,W001637,barrell bourbon new years batch 2018,58.33,,REJECT_LOW_CONFIDENCE,score_lt_86,,true
5b5ac8b4e2ed490f69148f8b,Bladnoch Adela  Celebrating 200 Years,,,,W001637,barrell bourbon new years batch 2018,58.33,,REJECT_LOW_CONFIDENCE,score_lt_86,,true
a21f8541d20162258a3f0ba6,Bladnoch Samsara  Celebrating 200 Years,,,,W000395,bladnoch samsara,59.26,,REJECT_LOW_CONFIDENCE,score_lt_86,,true
d4361219a40b972590d92fb1,Bladnoch Samsara  Celebrating 200 Years,,,,W000395,bladnoch samsara,59.26,,REJECT_LOW_CONFIDENCE,score_lt_86,,true
fe9b9dc98504cd5d2f602f05,Bladnoch Samsara  Celebrating 200 Years,,,,W000395,bladnoch samsara,59.26,,REJECT_LOW_CONFIDENCE,score_lt_86,,true
33cfd63d6981c8c8ae5cbc5f,Bladnoch Samsara  Celebrating 200 Years,,,,W000395,bladnoch samsara,59.26,,REJECT_LOW_CONFIDENCE,score_lt_86,,true
42e03598d4049c4ea9c05e36,Bladnoch Samsara  Celebrating 200 Years,,,,W000395,bladnoch samsara,59.26,,REJECT_LOW_CONFIDENCE,score_lt_86,,true
c65fbea05071819f90118582,Bladnoch Samsara  Celebrating 200 Years,,,,W000395,bladnoch samsara,59.26,,REJECT_LOW_CONFIDENCE,score_lt_86,,true
183578e9b41d9ce73eee4745,Bladnoch Samsara  Celebrating 200 Years,,,,W000395,bladnoch samsara,59.26,,REJECT_LOW_CONFIDENCE,score_lt_86,,true
3a217ece182d6db70a7831cf,Bladnoch Samsara  Celebrating 200 Years,,,,W000395,bladnoch samsara,59.26,,REJECT_LOW_CONFIDENCE,score_lt_86,,true
3670a5757fd647a8c4d21542,Bladnoch Vinaya,,,,W000395,bladnoch samsara,70.97,,REJECT_LOW_CONFIDENCE,score_lt_86,,true
6a0ba020a43bac5bfa5d69f5,Bladnoch Vinaya,,,2021,W000395,bladnoch samsara,70.97,,REJECT_LOW_CONFIDENCE,score_lt_86,,true
6cf8c8c7f93a44cd482dc1bd,Bladnoch Vinaya,,,2009,W000395,bladnoch samsara,70.97,,REJECT_LOW_CONFIDENCE,score_lt_86,,true
0461bb4270339065bba7f554,Bladnoch Vinaya,,,,W000395,bladnoch samsara,70.97,,REJECT_LOW_CONFIDENCE,score_lt_86,,true
a0e7c0aecbb6674d6740438b,Bladnoch Vinaya,,,,W000395,bladnoch samsara,70.97,,REJECT_LOW_CONFIDENCE,score_lt_86,,true
5513a0facb723b5d129072c1,Bladnoch Vinaya,,,,W000395,bladnoch samsara,70.97,,REJECT_LOW_CONFIDENCE,score_lt_86,,true
20ef47ec9662025540f2b722,Bladnoch Vinaya,,,,W000395,bladnoch samsara,70.97,,REJECT_LOW_CONFIDENCE,score_lt_86,,true
f41fea66f96f12065b4d0c92,Blair Athol 12-year-old  Flora & Fauna,,,1998,W000341,blair athol 12yo (f&f),83.33,,REJECT_LOW_CONFIDENCE,score_lt_86,,true
d223d9ad48684e3daf22ca8b,Blair Athol 12-year-old  Flora & Fauna,,,,W000341,blair athol 12yo (f&f),83.33,,REJECT_LOW_CONFIDENCE,score_lt_86,,true
f8c7284c35f0bb2aad5f4b89,Blair Athol 12-year-old  Flora & Fauna,,,,W000341,blair athol 12yo (f&f),83.33,,REJECT_LOW_CONFIDENCE,score_lt_86,,true
30a902b2976dba9960c52514,Blair Athol 12-year-old  Flora & Fauna,,,,W000341,blair athol 12yo (f&f),83.33,,REJECT_LOW_CONFIDENCE,score_lt_86,,true
29934406ad3cd5833ad7e070,Blair Athol 12-year-old  Flora & Fauna,,,,W000341,blair athol 12yo (f&f),83.33,,REJECT_LOW_CONFIDENCE,score_lt_86,,true
69d0188d1a199d0cd488cde9,Blair Athol 12-year-old  Flora & Fauna,,,,W000341,blair athol 12yo (f&f),83.33,,REJECT_LOW_CONFIDENCE,score_lt_86,,true
18fe349c34003127c3f2f465,Blair Athol 12-year-old  Flora & Fauna,,,,W000341,blair athol 12yo (f&f),83.33,,REJECT_LOW_CONFIDENCE,score_lt_86,,true
a64fc24d7913ec65dd5ced24,Blair Athol 12-year-old  Flora & Fauna,,,,W000341,blair athol 12yo (f&f),83.33,,REJECT_LOW_CONFIDENCE,score_lt_86,,true
a845424d602876c0e050ed27,Blair Athol 12-year-old  Flora & Fauna,,,,W000341,blair athol 12yo (f&f),83.33,,REJECT_LOW_CONFIDENCE,score_lt_86,,true
bf7bb9405491d02c7b43685a,Blair Athol 12-year-old  Flora & Fauna,,,,W000341,blair athol 12yo (f&f),83.33,,REJECT_LOW_CONFIDENCE,score_lt_86,,true
719d08e2e7bf2c6d0cc4e5e6,Bowmore 10-year-old  Dark & Intense,,,,W000293,bowmore 15yo darkest,80.0,,REJECT_LOW_CONFIDENCE,score_lt_86,,true
985343f693311acc18846e92,Bowmore 10-year-old  Dark & Intense,,,,W000293,bowmore 15yo darkest,80.0,,REJECT_LOW_CONFIDENCE,score_lt_86,,true
32c285746725a116697bc7ef,Bowmore 10-year-old  Dark & Intense,,,2020,W000293,bowmore 15yo darkest,80.0,,REJECT_LOW_CONFIDENCE,score_lt_86,,true
b80d7d0540021db5b6ec18ef,Bowmore 10-year-old  Dark & Intense,,,,W000293,bowmore 15yo darkest,80.0,,REJECT_LOW_CONFIDENCE,score_lt_86,,true
08a541135183b58c81f42d65,Bowmore 10-year-old  Dark & Intense,,,,W000293,bowmore 15yo darkest,80.0,,REJECT_LOW_CONFIDENCE,score_lt_86,,true
e00f1872b2e3c4871986c8bd,Bowmore 10-year-old  Dark & Intense,,,,W000293,bowmore 15yo darkest,80.0,,REJECT_LOW_CONFIDENCE,score_lt_86,,true
b941fc6c64538ed634013025,Bowmore 10-year-old  Dark & Intense,,,,W000293,bowmore 15yo darkest,80.0,,REJECT_LOW_CONFIDENCE,score_lt_86,,true
878d8d95a7b40df56317a10e,Bowmore 10-year-old  Dark & Intense,,,,W000293,bowmore 15yo darkest,80.0,,REJECT_LOW_CONFIDENCE,score_lt_86,,true
edd792da1466f4a826da57b4,Bowmore 12-year-old,,,,W001062,bowmore 12yo,100.0,,KEEP_PRODUCT_FEATURE,score_gte_94_no_conflict,,true
b385a7a12a40f2170884848b,Bowmore 12-year-old,,,,W001062,bowmore 12yo,100.0,,KEEP_PRODUCT_FEATURE,score_gte_94_no_conflict,,true
16bd0a4545bfc56b34da2ff1,Bowmore 12-year-old,,,2020,W001062,bowmore 12yo,100.0,,KEEP_PRODUCT_FEATURE,score_gte_94_no_conflict,,true
d65f21f7c7705b232304baed,Bowmore 12-year-old,,,,W001062,bowmore 12yo,100.0,,KEEP_PRODUCT_FEATURE,score_gte_94_no_conflict,,true
d7b9c24d90dad4285ad7ffac,Bowmore 12-year-old,,,,W001062,bowmore 12yo,100.0,,KEEP_PRODUCT_FEATURE,score_gte_94_no_conflict,,true
f45ceb6667d3e7dc13489559,Bowmore 12-year-old,,,,W001062,bowmore 12yo,100.0,,KEEP_PRODUCT_FEATURE,score_gte_94_no_conflict,,true
960a5a59d2d8fdd7bc7c6c94,Bowmore 12-year-old,,,,W001062,bowmore 12yo,100.0,,KEEP_PRODUCT_FEATURE,score_gte_94_no_conflict,,true
43e06883e56801f9da7c9a43,Bowmore 12-year-old,,,,W001062,bowmore 12yo,100.0,,KEEP_PRODUCT_FEATURE,score_gte_94_no_conflict,,true
244f72dc0c186e279a6dfdb4,Bowmore 12-year-old,,,,W001062,bowmore 12yo,100.0,,KEEP_PRODUCT_FEATURE,score_gte_94_no_conflict,,true
b4c5d2f8b76ccc5096ef6777,Bowmore 15-year-old,,,,W000166,bowmore 25yo,91.67,,REVIEW_PRODUCT_FEATURE,score_86_93_no_conflict,,true
69fdc05ce46238bd072a3935,Bowmore 15-year-old,,,,W000166,bowmore 25yo,91.67,,REVIEW_PRODUCT_FEATURE,score_86_93_no_conflict,,true
5b2e8297dd2d9f5c9fd2b421,Bowmore 15-year-old,,,,W000166,bowmore 25yo,91.67,,REVIEW_PRODUCT_FEATURE,score_86_93_no_conflict,,true
c50dc3921d5170b0fbf392f9,Bowmore 15-year-old,,,,W000166,bowmore 25yo,91.67,,REVIEW_PRODUCT_FEATURE,score_86_93_no_conflict,,true
4409d441fe89a1c03bdc25ac,Bowmore 15-year-old,,,,W000166,bowmore 25yo,91.67,,REVIEW_PRODUCT_FEATURE,score_86_93_no_conflict,,true
c2dd58c5e2a6040da8f68266,Bowmore 15-year-old,,,,W000166,bowmore 25yo,91.67,,REVIEW_PRODUCT_FEATURE,score_86_93_no_conflict,,true
5a1399e3d38357ebc1b02316,Bowmore 15-year-old,,,2021,W000166,bowmore 25yo,91.67,,REVIEW_PRODUCT_FEATURE,score_86_93_no_conflict,,true
864b0df80616076469b50c26,Bowmore 15-year-old,,,,W000166,bowmore 25yo,91.67,,REVIEW_PRODUCT_FEATURE,score_86_93_no_conflict,,true
2d94c39abbdacb8b550d28f5,Bowmore 15-year-old  Golden & Elegant,,,2019,W000090,bowmore 15yo laimrig,68.09,,REJECT_LOW_CONFIDENCE,score_lt_86,,true
259ddb706158ea7d92e5e0d6,Bowmore 15-year-old  Golden & Elegant,,,,W000090,bowmore 15yo laimrig,68.09,,REJECT_LOW_CONFIDENCE,score_lt_86,,true
c97fcc05ca0791287dd6f7d5,Bowmore 15-year-old  Golden & Elegant,,,,W000090,bowmore 15yo laimrig,68.09,,REJECT_LOW_CONFIDENCE,score_lt_86,,true
b34169c03b9720cf0acf93fe,Bowmore 15-year-old  Golden & Elegant,,,2017,W000090,bowmore 15yo laimrig,68.09,,REJECT_LOW_CONFIDENCE,score_lt_86,,true
e793f2b5b15ae62d973075fc,Bowmore 15-year-old  Golden & Elegant,,,,W000090,bowmore 15yo laimrig,68.09,,REJECT_LOW_CONFIDENCE,score_lt_86,,true
6e2cab029255ffdbe76e9300,Bowmore 15-year-old  Golden & Elegant,,,,W000090,bowmore 15yo laimrig,68.09,,REJECT_LOW_CONFIDENCE,score_lt_86,,true
696dec3a45dbfdd6bcfc8766,Bowmore 15-year-old  Golden & Elegant,,,,W000090,bowmore 15yo laimrig,68.09,,REJECT_LOW_CONFIDENCE,score_lt_86,,true
b847d33f28f4933fa2a143bd,Bowmore 15-year-old  Golden & Elegant,,,,W000090,bowmore 15yo laimrig,68.09,,REJECT_LOW_CONFIDENCE,score_lt_86,,true
4ed0a8ee570ee36019e199d3,Bowmore 18-year-old,,,,W001038,bowmore 18yo,100.0,,KEEP_PRODUCT_FEATURE,score_gte_94_no_conflict,,true
2a0919cfbed998e6488a772e,Bowmore 18-year-old,,,,W001038,bowmore 18yo,100.0,,KEEP_PRODUCT_FEATURE,score_gte_94_no_conflict,,true
66d7043fcb763652941c711a,Bowmore 18-year-old,,,,W001038,bowmore 18yo,100.0,,KEEP_PRODUCT_FEATURE,score_gte_94_no_conflict,,true
634f211e12a5f98b5055a1a3,Bowmore 18-year-old,,,,W001038,bowmore 18yo,100.0,,KEEP_PRODUCT_FEATURE,score_gte_94_no_conflict,,true
fdf6ec658e56fb408c7f59d8,Bowmore 18-year-old,,,,W001038,bowmore 18yo,100.0,,KEEP_PRODUCT_FEATURE,score_gte_94_no_conflict,,true
724f8bccad8f00b40c253946,Bowmore 18-year-old  Deep & Complex,,,2017,W000981,bowmore 10yo tempest,66.67,,REJECT_LOW_CONFIDENCE,score_lt_86,,true
6f3717624f53fc8cb563c0d2,Bowmore 18-year-old  Deep & Complex,,,,W000981,bowmore 10yo tempest,66.67,,REJECT_LOW_CONFIDENCE,score_lt_86,,true
0a142d0271b6a02323194163,Bowmore 18-year-old  Deep & Complex,,,,W000981,bowmore 10yo tempest,66.67,,REJECT_LOW_CONFIDENCE,score_lt_86,,true
01e103072b72b50ed456b265,Bowmore 18-year-old  Deep & Complex,,,,W000981,bowmore 10yo tempest,66.67,,REJECT_LOW_CONFIDENCE,score_lt_86,,true
69aa798539093dec62ae54e2,Bowmore 18-year-old  Deep & Complex,,,,W000981,bowmore 10yo tempest,66.67,,REJECT_LOW_CONFIDENCE,score_lt_86,,true
909c29b3600405841ad69918,Bowmore 18-year-old  Deep & Complex,,,,W000981,bowmore 10yo tempest,66.67,,REJECT_LOW_CONFIDENCE,score_lt_86,,true
6d41828fc8319995a64e23fb,Bowmore 18-year-old  Deep & Complex,,,,W000981,bowmore 10yo tempest,66.67,,REJECT_LOW_CONFIDENCE,score_lt_86,,true
519034fa09e0d7522f522272,Bowmore 18-year-old  Deep & Complex,,,2020,W000981,bowmore 10yo tempest,66.67,,REJECT_LOW_CONFIDENCE,score_lt_86,,true
c26221a4dfcac0dac3910374,Bowmore 18-year-old  Deep & Complex,,,,W000981,bowmore 10yo tempest,66.67,,REJECT_LOW_CONFIDENCE,score_lt_86,,true
db105f0636773654611ef8f2,Bowmore 18-year-old  Deep & Complex,,,,W000981,bowmore 10yo tempest,66.67,,REJECT_LOW_CONFIDENCE,score_lt_86,,true
5925ea153ffd315e30cff627,Bowmore 25-year-old,,,,W000166,bowmore 25yo,100.0,,KEEP_PRODUCT_FEATURE,score_gte_94_no_conflict,,true
9a050a3226aabf67a7daefda,Bowmore 25-year-old,,,,W000166,bowmore 25yo,100.0,,KEEP_PRODUCT_FEATURE,score_gte_94_no_conflict,,true
af9b4140c88079838472d390,Bowmore 25-year-old,,,2018,W000166,bowmore 25yo,100.0,,KEEP_PRODUCT_FEATURE,score_gte_94_no_conflict,,true
326324874ee83584795d1102,Bowmore 25-year-old,,,,W000166,bowmore 25yo,100.0,,KEEP_PRODUCT_FEATURE,score_gte_94_no_conflict,,true
de17a3055579194dd4fd2d98,Bowmore 25-year-old,,,,W000166,bowmore 25yo,100.0,,KEEP_PRODUCT_FEATURE,score_gte_94_no_conflict,,true
41b33e7bc16f071238b869c5,Bowmore 25-year-old,,,,W000166,bowmore 25yo,100.0,,KEEP_PRODUCT_FEATURE,score_gte_94_no_conflict,,true
62eac92897199afca4962bc2,Bowmore 25-year-old,,,,W000166,bowmore 25yo,100.0,,KEEP_PRODUCT_FEATURE,score_gte_94_no_conflict,,true
01cccff3a064409703f7226f,Bowmore 25-year-old,,,,W000166,bowmore 25yo,100.0,,KEEP_PRODUCT_FEATURE,score_gte_94_no_conflict,,true
86ab22386633ae80d5514b67,Bowmore 25-year-old,,,,W000166,bowmore 25yo,100.0,,KEEP_PRODUCT_FEATURE,score_gte_94_no_conflict,,true
006583579fd096f5c6b8d592,Bowmore No. 1,,,,W001069,bowmore no.1,100.0,,KEEP_PRODUCT_FEATURE,score_gte_94_no_conflict,,true
269608ffa715249f850956b5,Bowmore No. 1,,,2019,W001069,bowmore no.1,100.0,,KEEP_PRODUCT_FEATURE,score_gte_94_no_conflict,,true
6c29910257b1401b7fb69d72,Bowmore No. 1,,,,W001069,bowmore no.1,100.0,,KEEP_PRODUCT_FEATURE,score_gte_94_no_conflict,,true
27361f044145b048269ab50e,Bowmore No. 1,,,,W001069,bowmore no.1,100.0,,KEEP_PRODUCT_FEATURE,score_gte_94_no_conflict,,true
b339b5b713d52a3fe7a43618,Bowmore No. 1,,,2020,W001069,bowmore no.1,100.0,,KEEP_PRODUCT_FEATURE,score_gte_94_no_conflict,,true
b225315d496db2f607d0d2ea,Bowmore No. 1,,,,W001069,bowmore no.1,100.0,,KEEP_PRODUCT_FEATURE,score_gte_94_no_conflict,,true
035c3a6860e4f6c60cfa43df,Bowmore No. 1,,,,W001069,bowmore no.1,100.0,,KEEP_PRODUCT_FEATURE,score_gte_94_no_conflict,,true
77bd82fe7e5b1a068754daab,Bowmore Vault Edit 1°N  Second Release,,,2020,W000963,bowmore vault edition second release,93.15,,REJECT_LOW_CONFIDENCE,score_lt_86,,true
a60c4d9b218f690ed65f491b,Bowmore Vault Edit 1°N  Second Release,,,,W000963,bowmore vault edition second release,93.15,,REJECT_LOW_CONFIDENCE,score_lt_86,,true
7c88a6b4af763f4c11034565,Box 2011  Försmak,,,,W001153,brora 21yo,53.85,,REJECT_LOW_CONFIDENCE,score_lt_86,,true
90a9bddb14133ee9709ed258,Box 2011  Försmak - Unpeated,,,,W000445,caol ila 18yo unpeated 2017,61.54,,REJECT_LOW_CONFIDENCE,score_lt_86,,true
2ebeccdb1a1b2d96d206e0bf,Box 2011  Försmak - Peat level 39ppm,,,,W001048,spirit of hven seven stars no. 2 merak,48.57,,REJECT_LOW_CONFIDENCE,score_lt_86,,true
5df121a02477c062d10cacc6,Box 2011  Försmak - Peat level 45ppm,,,2013,W001205,compass box peat monster 2015,51.61,,REJECT_LOW_CONFIDENCE,score_lt_86,,true
e86610934ebeb9a2122073f1,Box 2011  Försmak - Peat level 45ppm,,,,W001205,compass box peat monster 2015,51.61,,REJECT_LOW_CONFIDENCE,score_lt_86,,true
254b47869d841b2ccdf1ec95,Box 2011 - Ådalens Poesi  Private Bottling,,,2017,W000653,glenrothes vintage 2001 (all bottlings),61.33,,REJECT_LOW_CONFIDENCE,score_lt_86,,true
4f077b20347aa892ccf5a6f7,Box 2011 - Försmak - Unpeated  Private Bottling,,,,W000653,glenrothes vintage 2001 (all bottlings),53.16,,REJECT_LOW_CONFIDENCE,score_lt_86,,true
17a516d9a9840ec5a1bd9554,Box 2011 - In Flames Selection,,,,W001134,smogen single cask 4yo 7/2011,56.14,,REJECT_LOW_CONFIDENCE,score_lt_86,,true
81468393966f29dda68ce477,Box 2013 - Håkans Droppar  Private Bottling,,,,W000653,glenrothes vintage 2001 (all bottlings),54.55,,REJECT_LOW_CONFIDENCE,score_lt_86,,true
0f53d1ee2a5458d93006b674,Box 2013 - KALåADA  Private Bottling,,,,W001303,black bottle (pre-2013),59.26,,REJECT_LOW_CONFIDENCE,score_lt_86,,true
6b0e453188ab3726172ca635,Box 2013 - Peaty Treasure  Private Bottling,,,,W000653,glenrothes vintage 2001 (all bottlings),54.55,,REJECT_LOW_CONFIDENCE,score_lt_86,,true
951cd50383010e5ba271628c,Box 2013 - Single Malt Academy of Dalecarlia  Private Bottling,,,,W001081,connemara peated single malt,55.17,,REJECT_LOW_CONFIDENCE,score_lt_86,,true
71f56f1c10214ff4824b950f,Box 2014 - The Dalton Brother's Marmalade  Private Bottling,,,,W000773,glen breton 15yo battle of the glen,50.55,,REJECT_LOW_CONFIDENCE,score_lt_86,,true
5fbd33f4485c2d840bf00c30,Box 2014 - The Dalton Brother's Marmalade  Private Bottling,,,,W000773,glen breton 15yo battle of the glen,50.55,,REJECT_LOW_CONFIDENCE,score_lt_86,,true
5707a41839eca7706e27bfba,Box 2015  Private Cask Bottling,,,2018,W000653,glenrothes vintage 2001 (all bottlings),56.72,,REJECT_LOW_CONFIDENCE,score_lt_86,,true
d728ffa50913eb3010e239cb,Box 2015  Private Bottling,,,,W000653,glenrothes vintage 2001 (all bottlings),58.06,,REJECT_LOW_CONFIDENCE,score_lt_86,,true
91e6b88a59667a2255c597ed,Box Advanced Master Class 2013 - Course 1  Toasting Levels,,,,W001179,compass box peat monster 2015 cask strength,57.14,,REJECT_LOW_CONFIDENCE,score_lt_86,,true
0aae0acccaed89f041bc6feb,Box American Oak,,,,W000019,auchentoshan american oak,68.29,,REJECT_LOW_CONFIDENCE,score_lt_86,,true
a6f9e25cf03fe7d7349e4eb4,Box American Oak,,,,W000019,auchentoshan american oak,68.29,,REJECT_LOW_CONFIDENCE,score_lt_86,,true
a58044458f494f084e22ebe1,Box Cask Owners Bottling 2015,,,,W001205,compass box peat monster 2015,58.62,,REJECT_LOW_CONFIDENCE,score_lt_86,,true
79a1611daa8ec2bf1338f8fd,Box Dálvve  Batch 04,,,,W001079,bowmore small batch,52.63,,REJECT_LOW_CONFIDENCE,score_lt_86,,true
cbd592d0c32d007e0dd9dae0,Box Dálvve  Batch 03,,,,W001303,black bottle (pre-2013),55.0,,REJECT_LOW_CONFIDENCE,score_lt_86,,true
f69fab76a9a648aac7ceace0,Box Dálvve  Batch 03,,,,W001303,black bottle (pre-2013),55.0,,REJECT_LOW_CONFIDENCE,score_lt_86,,true
6625073529f4537a076fc596,Box Dálvve  Batch 01,,,2017,W001047,high coast (box) early days (batches 01/02),55.17,,REJECT_LOW_CONFIDENCE,score_lt_86,,true
2979ae46212cd72f5a92bf7f,Box Dálvve  Batch 01,,,,W001047,high coast (box) early days (batches 01/02),55.17,,REJECT_LOW_CONFIDENCE,score_lt_86,,true
61f1e71dab5b481a64399f8d,Box Dálvve  Batch 01,,,,W001047,high coast (box) early days (batches 01/02),55.17,,REJECT_LOW_CONFIDENCE,score_lt_86,,true
8547f033e8eff2fda424b9ee,Box Dálvve  Batch 01,,,,W001047,high coast (box) early days (batches 01/02),55.17,,REJECT_LOW_CONFIDENCE,score_lt_86,,true
96edb2f3ce9041a14484bcb3,Box Dálvve  Batch 02,,,,W001047,high coast (box) early days (batches 01/02),55.17,,REJECT_LOW_CONFIDENCE,score_lt_86,,true
39a207f24a5a0982c206a3da,Box Dálvve  Batch 02,,,,W001047,high coast (box) early days (batches 01/02),55.17,,REJECT_LOW_CONFIDENCE,score_lt_86,,true
efb4e550d77d54c4cef94d32,Box Dálvve  Batch 02,,,,W001047,high coast (box) early days (batches 01/02),55.17,,REJECT_LOW_CONFIDENCE,score_lt_86,,true
00a466421498f7e573fd38eb,Box Dálvve  Batch 02,,,,W001047,high coast (box) early days (batches 01/02),55.17,,REJECT_LOW_CONFIDENCE,score_lt_86,,true
ceff98584ae9e60535ff53bc,Box Dálvve  Batch 02,,,,W001047,high coast (box) early days (batches 01/02),55.17,,REJECT_LOW_CONFIDENCE,score_lt_86,,true
f0e48eaa5cf50732cae5e011,Box Early Days,,,,W000733,compass box rivals,56.25,,REJECT_LOW_CONFIDENCE,score_lt_86,,true
bb1e2bcc184c62bb53613d7f,Box Early Days,,,,W000733,compass box rivals,56.25,,REJECT_LOW_CONFIDENCE,score_lt_86,,true
18847fcb79f88be08bbf57f0,Box Early Days,,,,W000733,compass box rivals,56.25,,REJECT_LOW_CONFIDENCE,score_lt_86,,true
90aaa64cbcfa7492af6da75b,Box Early Days,,,,W000733,compass box rivals,56.25,,REJECT_LOW_CONFIDENCE,score_lt_86,,true
086785669c5fe199abe73106,Box Early Days,,,,W000733,compass box rivals,56.25,,REJECT_LOW_CONFIDENCE,score_lt_86,,true
1a73a5de1b66494ff42266c4,Box Kellerth & Co  Private Bottling,,,,W000961,compass box the lost blend,55.17,,REJECT_LOW_CONFIDENCE,score_lt_86,,true
dd3a29759c79e8d4753203f8,Box Quercus I  Robur,,,,W000837,high coast (box) quercus i robur,77.55,,REJECT_LOW_CONFIDENCE,score_lt_86,,true
7d293405d9bf58905b82c0b0,Box Quercus I  Robur,,,,W000837,high coast (box) quercus i robur,77.55,,REJECT_LOW_CONFIDENCE,score_lt_86,,true
cfaa17cd8537fcbc8bc2013e,Box Quercus I  Robur,,,,W000837,high coast (box) quercus i robur,77.55,,REJECT_LOW_CONFIDENCE,score_lt_86,,true
6480dac50543ecd1b2e609f0,Box Quercus II  Alba,,,,W000837,high coast (box) quercus i robur,57.14,,REJECT_LOW_CONFIDENCE,score_lt_86,,true
6a4c1b5d5d02e1274aa31cff,Box Quercus II  Alba,,,,W000837,high coast (box) quercus i robur,57.14,,REJECT_LOW_CONFIDENCE,score_lt_86,,true
432dd0c4c9735ab8aad6379a,Box Quercus II  Alba,,,,W000837,high coast (box) quercus i robur,57.14,,REJECT_LOW_CONFIDENCE,score_lt_86,,true
f6dd74680b226f76f9c4ebf0,Box Quercus II  Alba,,,,W000837,high coast (box) quercus i robur,57.14,,REJECT_LOW_CONFIDENCE,score_lt_86,,true
c1e1090040bec9fb7704379d,Box Quercus II  Alba,,,,W000837,high coast (box) quercus i robur,57.14,,REJECT_LOW_CONFIDENCE,score_lt_86,,true
a16241cc9a470e63f5a42baa,Box Quercus II  Alba,,,,W000837,high coast (box) quercus i robur,57.14,,REJECT_LOW_CONFIDENCE,score_lt_86,,true
52285eef2f0d78bf3ffcf37a,Box Quercus II  Alba,,,,W000837,high coast (box) quercus i robur,57.14,,REJECT_LOW_CONFIDENCE,score_lt_86,,true
fff5bc954ff8d797bc6c3ad0,Box S.W.E. est. 2006 Fat #6  Stockholm Whisky Enthusiasts,,,,W000126,compass box this is not a luxury whisky,47.83,,REJECT_LOW_CONFIDENCE,score_lt_86,,true
8e7f17d685a4bcab0bd68c9b,Box Share Holder 2016,,,,W001303,black bottle (pre-2013),57.14,,REJECT_LOW_CONFIDENCE,score_lt_86,,true
604ef0d67ecd8225efa7cb94,Box Small Batch No 2,,,,W001079,bowmore small batch,76.92,,REJECT_LOW_CONFIDENCE,score_lt_86,,true
ec0d3ea3fc0600944b88da5b,Box Small Batch No 3,,,,W001079,bowmore small batch,76.92,,REJECT_LOW_CONFIDENCE,score_lt_86,,true
c5fd128c758b530e5ed85782,Box Swedish Whisky Federation Bottling No: 25,,,,W001527,j.p. wiser's alumni series martin brodeur 12yo,53.93,,REJECT_LOW_CONFIDENCE,score_lt_86,,true
3b604b2f943f8d7ae8e0b458,Box The 2nd Step Collection 01,,,,W000468,high coast (box) the 2nd step collection 02,81.69,,REJECT_LOW_CONFIDENCE,score_lt_86,,true
80aa81b4eee5543942debe3f,Box The 2nd Step Collection 01,,,,W000468,high coast (box) the 2nd step collection 02,81.69,,REJECT_LOW_CONFIDENCE,score_lt_86,,true
28ecafe5175d78468cd641b1,Box The 2nd Step Collection 01,,,,W000468,high coast (box) the 2nd step collection 02,81.69,,REJECT_LOW_CONFIDENCE,score_lt_86,,true
e948b75a4aac2c5df82c73ea,Box The 2nd Step Collection 02,,,,W000468,high coast (box) the 2nd step collection 02,84.51,,REJECT_LOW_CONFIDENCE,score_lt_86,,true
58a17e63b0742612cf350a61,Box The 2nd Step Collection 03,,,,W000698,high coast (box) the 2nd step collection 03,84.51,,REJECT_LOW_CONFIDENCE,score_lt_86,,true
a4986b6c443043ea824aee7a,Box The 2nd Step Collection 03,,,,W000698,high coast (box) the 2nd step collection 03,84.51,,REJECT_LOW_CONFIDENCE,score_lt_86,,true
fe22f7955c69b25fc4663774,Box The Archipelago - Baltic Sea 2017,,,,W001653,barrell bourbon new years batch 2017,59.15,,REJECT_LOW_CONFIDENCE,score_lt_86,,true
f913b14c819d753ee4879fba,Box The Challenger  The Early Days Collection 2,,,,W000468,high coast (box) the 2nd step collection 02,62.07,,REJECT_LOW_CONFIDENCE,score_lt_86,,true
93e038bf38db0e304becb786,Box The Challenger  The Early Days Collection 2,,,,W000468,high coast (box) the 2nd step collection 02,62.07,,REJECT_LOW_CONFIDENCE,score_lt_86,,true
c3a57f3c78acff097edeb15f,Box The Challenger  The Early Days Collection 2,,,,W000468,high coast (box) the 2nd step collection 02,62.07,,REJECT_LOW_CONFIDENCE,score_lt_86,,true
3b43f789767bf04d60803873,Box The Explorer  The Early Days Collection 3,,,,W000698,high coast (box) the 2nd step collection 03,56.47,,REJECT_LOW_CONFIDENCE,score_lt_86,,true
83a1b4c76c9ab1e7fe849229,Box The Explorer  The Early Days Collection 3,,,,W000698,high coast (box) the 2nd step collection 03,56.47,,REJECT_LOW_CONFIDENCE,score_lt_86,,true
fbb1732b62ffdde8a90b6e44,Box The Explorer  The Early Days Collection 3,,,,W000698,high coast (box) the 2nd step collection 03,56.47,,REJECT_LOW_CONFIDENCE,score_lt_86,,true
6ce780aecc2717a0963f21c4,Box The Festival 2014,,,,W001147,high coast (box) the festival 2014,79.25,,REJECT_LOW_CONFIDENCE,score_lt_86,,true
13c5ca194e8b6c2951722353,Box The Pioneer  The Early Days Collection 1,,,,W000468,high coast (box) the 2nd step collection 02,57.14,,REJECT_LOW_CONFIDENCE,score_lt_86,,true
45fbf30e94702e7480800a6a,Box The Pioneer  The Early Days Collection 1,,,,W000468,high coast (box) the 2nd step collection 02,57.14,,REJECT_LOW_CONFIDENCE,score_lt_86,,true
c441c093a32658948af35b09,Box The Pioneer  The Early Days Collection 1,,,,W000468,high coast (box) the 2nd step collection 02,57.14,,REJECT_LOW_CONFIDENCE,score_lt_86,,true
f83728cb93c2a4f258a9a484,Box The Pioneer  The Early Days Collection 1,,,,W000468,high coast (box) the 2nd step collection 02,57.14,,REJECT_LOW_CONFIDENCE,score_lt_86,,true
0f220994d2a967c43dd7c04d,Box The Pioneer  The Early Days Collection 1,,,,W000468,high coast (box) the 2nd step collection 02,57.14,,REJECT_LOW_CONFIDENCE,score_lt_86,,true
e9a39497882d11b80c322674,Braes of Glenlivet 25-year-old  Rare Release,,,2021,W000513,balvenie 25yo single barrel,63.49,,REJECT_LOW_CONFIDENCE,score_lt_86,,true
0b92e2d1e41afee716b9cfa5,Braes of Glenlivet 27-year-old  Rare Release,,,,W000919,port ellen 6th release 27yo,63.49,,REJECT_LOW_CONFIDENCE,score_lt_86,,true
a1cb9e87b616a09d68767fe6,Bruichladdich 15-year-old,,,2002,W000709,bruichladdich laddie ten 10yo,72.34,,REJECT_LOW_CONFIDENCE,score_lt_86,,true
73ce825193dfffd707bd82ba,Bruichladdich The Classic Laddie  Scottish Barley,,,,W000755,bruichladdich classic laddie scottish barley,95.65,,KEEP_PRODUCT_FEATURE,score_gte_94_no_conflict,,true
4baecc137b86fb9f696469e5,Bruichladdich The Classic Laddie  Scottish Barley,,,,W000755,bruichladdich classic laddie scottish barley,95.65,,KEEP_PRODUCT_FEATURE,score_gte_94_no_conflict,,true
5eb3c978436176619497c20f,Bruichladdich The Classic Laddie  Scottish Barley,,,,W000755,bruichladdich classic laddie scottish barley,95.65,,KEEP_PRODUCT_FEATURE,score_gte_94_no_conflict,,true
02df26d6b8961ff2ec350bd5,Bruichladdich The Classic Laddie  Scottish Barley,,,2019,W000755,bruichladdich classic laddie scottish barley,95.65,,KEEP_PRODUCT_FEATURE,score_gte_94_no_conflict,,true
7c249dc4fb6321396bede9ed,Bruichladdich The Classic Laddie  Scottish Barley,,,2020,W000755,bruichladdich classic laddie scottish barley,95.65,,KEEP_PRODUCT_FEATURE,score_gte_94_no_conflict,,true
eb88a52127be6984bef76063,Bruichladdich The Classic Laddie  Scottish Barley,,,,W000755,bruichladdich classic laddie scottish barley,95.65,,KEEP_PRODUCT_FEATURE,score_gte_94_no_conflict,,true
bc7f781dd75e741429cc8a96,Bruichladdich The Laddie Eight,,,,W000809,bruichladdich laddie eight 8yo,86.67,,REVIEW_PRODUCT_FEATURE,score_86_93_no_conflict,,true
30c4c4db9b1d75b180bd0d34,Bruichladdich The Laddie Eight,,,,W000809,bruichladdich laddie eight 8yo,86.67,,REVIEW_PRODUCT_FEATURE,score_86_93_no_conflict,,true
90bbc8461df53b116dc93bce,Bruichladdich The Laddie Eight,,,,W000809,bruichladdich laddie eight 8yo,86.67,,REVIEW_PRODUCT_FEATURE,score_86_93_no_conflict,,true
34524bd5d42cef4bccaad368,Bruichladdich The Laddie Eight,,,,W000809,bruichladdich laddie eight 8yo,86.67,,REVIEW_PRODUCT_FEATURE,score_86_93_no_conflict,,true
f8689d3e9198dceb20dc9401,Bruichladdich The Laddie Eight,,,,W000809,bruichladdich laddie eight 8yo,86.67,,REVIEW_PRODUCT_FEATURE,score_86_93_no_conflict,,true
1c73e11f87db0b0984c95879,Bruichladdich The Laddie Eight,,,,W000809,bruichladdich laddie eight 8yo,86.67,,REVIEW_PRODUCT_FEATURE,score_86_93_no_conflict,,true
27c26dd35f7ec173c8bd3d4c,Bruichladdich The Laddie Eight,,,,W000809,bruichladdich laddie eight 8yo,86.67,,REVIEW_PRODUCT_FEATURE,score_86_93_no_conflict,,true
761d31389335fd8e84f3bd45,Port Charlotte 10-year-old  Heavily Peated,,,2018,W000983,bruichladdich port charlotte 10yo heavily peated (first edition),70.83,,REJECT_LOW_CONFIDENCE,score_lt_86,,true
9133abfc743ec5a53baf276b,Port Charlotte 10-year-old  Heavily Peated,,,2018,W000983,bruichladdich port charlotte 10yo heavily peated (first edition),70.83,,REJECT_LOW_CONFIDENCE,score_lt_86,,true
9fca3da589331ba8ff8b58b9,Port Charlotte 10-year-old  Heavily Peated,,,,W000983,bruichladdich port charlotte 10yo heavily peated (first edition),70.83,,REJECT_LOW_CONFIDENCE,score_lt_86,,true
5f5e1dbc6bd23ac3579ee4a2,Port Charlotte 10-year-old  Heavily Peated,,,,W000983,bruichladdich port charlotte 10yo heavily peated (first edition),70.83,,REJECT_LOW_CONFIDENCE,score_lt_86,,true
3a8dab55c95aa8bb03b4354f,Port Charlotte 10-year-old  Heavily Peated,,,,W000983,bruichladdich port charlotte 10yo heavily peated (first edition),70.83,,REJECT_LOW_CONFIDENCE,score_lt_86,,true
60417f787a67ee1ad4d87a83,Port Charlotte 10-year-old  Heavily Peated,,,,W000983,bruichladdich port charlotte 10yo heavily peated (first edition),70.83,,REJECT_LOW_CONFIDENCE,score_lt_86,,true
ffd37060bfed5f21a127ab17,Port Charlotte 10-year-old  Heavily Peated,,,,W000983,bruichladdich port charlotte 10yo heavily peated (first edition),70.83,,REJECT_LOW_CONFIDENCE,score_lt_86,,true
6b61b9b37ea6af93d74892a4,Port Charlotte 10-year-old  Heavily Peated,,,,W000983,bruichladdich port charlotte 10yo heavily peated (first edition),70.83,,REJECT_LOW_CONFIDENCE,score_lt_86,,true
c0da4eed8cdfd82408f040fd,Port Charlotte 10-year-old  Heavily Peated,,,,W000983,bruichladdich port charlotte 10yo heavily peated (first edition),70.83,,REJECT_LOW_CONFIDENCE,score_lt_86,,true
02c66082db4bf5a75c494879,Port Charlotte 10-year-old  Heavily Peated,,,,W000983,bruichladdich port charlotte 10yo heavily peated (first edition),70.83,,REJECT_LOW_CONFIDENCE,score_lt_86,,true
ba540233a106791fb11c097e,W.L. Weller 12-year-old  Kentucky Straight Bourbon Whiskey,,,,W001760,ancient age 10yo kentucky straight bourbon,63.74,,REJECT_LOW_CONFIDENCE,score_lt_86,,true
75488a00d4a3285ce1f07da3,W.L. Weller 12-year-old  Kentucky Straight Bourbon Whiskey,,,,W001760,ancient age 10yo kentucky straight bourbon,63.74,,REJECT_LOW_CONFIDENCE,score_lt_86,,true
df4c4f574063835693a0a42c,W.L. Weller 12-year-old  Kentucky Straight Bourbon Whiskey,,,,W001760,ancient age 10yo kentucky straight bourbon,63.74,,REJECT_LOW_CONFIDENCE,score_lt_86,,true
b674fd23744a8864f1cd7406,W.L. Weller 12-year-old  Kentucky Straight Bourbon Whiskey,,,,W001760,ancient age 10yo kentucky straight bourbon,63.74,,REJECT_LOW_CONFIDENCE,score_lt_86,,true
db9496fc4973b67cb75ca00f,W.L. Weller 12-year-old  Kentucky Straight Bourbon Whiskey,,,,W001760,ancient age 10yo kentucky straight bourbon,63.74,,REJECT_LOW_CONFIDENCE,score_lt_86,,true
9d2a84b6fd2e260377a398ab,W.L. Weller 12-year-old  Kentucky Straight Bourbon Whiskey,,,,W001760,ancient age 10yo kentucky straight bourbon,63.74,,REJECT_LOW_CONFIDENCE,score_lt_86,,true
3b2b9f62fe7b23b854824aea,W.L. Weller 12-year-old  Kentucky Straight Bourbon Whiskey,,,,W001760,ancient age 10yo kentucky straight bourbon,63.74,,REJECT_LOW_CONFIDENCE,score_lt_86,,true
66aaeccef82c16b2626e8f3a,W.L. Weller 12-year-old  Kentucky Straight Bourbon Whiskey,,,,W001760,ancient age 10yo kentucky straight bourbon,63.74,,REJECT_LOW_CONFIDENCE,score_lt_86,,true
bb963ec887a5e3afeb70e38d,W.L. Weller 12-year-old  Kentucky Straight Bourbon Whiskey,,,2016,W001760,ancient age 10yo kentucky straight bourbon,63.74,,REJECT_LOW_CONFIDENCE,score_lt_86,,true
2e33a8a278af068afa4d6bae,W.L. Weller 12-year-old  Kentucky Straight Bourbon Whiskey,,,,W001760,ancient age 10yo kentucky straight bourbon,63.74,,REJECT_LOW_CONFIDENCE,score_lt_86,,true
61f56d30f9cceabe979869f3,Bunnahabhain 12-year-old  Small Batch Distilled,,,,W001554,canadian club classic 12yo (small batch),64.94,,REJECT_LOW_CONFIDENCE,score_lt_86,,true
b0b6dc030cd6f7b03f7017cd,Bunnahabhain 12-year-old  Small Batch Distilled,,,,W001554,canadian club classic 12yo (small batch),64.94,,REJECT_LOW_CONFIDENCE,score_lt_86,,true
49390d77de66305f7a863ef6,Bunnahabhain 12-year-old  Small Batch Distilled,,,,W001554,canadian club classic 12yo (small batch),64.94,,REJECT_LOW_CONFIDENCE,score_lt_86,,true
ab7e8359132757d379e0af2f,Bunnahabhain 12-year-old  Small Batch Distilled,,,,W001554,canadian club classic 12yo (small batch),64.94,,REJECT_LOW_CONFIDENCE,score_lt_86,,true
003c624b7372772d0e13f0c3,Bunnahabhain 12-year-old  Small Batch Distilled,,,,W001554,canadian club classic 12yo (small batch),64.94,,REJECT_LOW_CONFIDENCE,score_lt_86,,true
927892383fb84d3d55a0212c,Bunnahabhain 12-year-old  Small Batch Distilled,,,,W001554,canadian club classic 12yo (small batch),64.94,,REJECT_LOW_CONFIDENCE,score_lt_86,,true
983f941c8bf4105b2af93951,Bunnahabhain 12-year-old  Small Batch Distilled,,,,W001554,canadian club classic 12yo (small batch),64.94,,REJECT_LOW_CONFIDENCE,score_lt_86,,true
07ddc626a794b1677a47d9ff,Bunnahabhain 12-year-old  Small Batch Distilled,,,,W001554,canadian club classic 12yo (small batch),64.94,,REJECT_LOW_CONFIDENCE,score_lt_86,,true
42ca7291d668c2d332396134,Bunnahabhain 12-year-old  Small Batch Distilled,,,,W001554,canadian club classic 12yo (small batch),64.94,,REJECT_LOW_CONFIDENCE,score_lt_86,,true
b3245013b49c8debe46e5ced,Bunnahabhain 12-year-old  Cask Strength,,,,W000534,bunnahabhain 12yo cask strength,100.0,,KEEP_PRODUCT_FEATURE,score_gte_94_no_conflict,,true
5fd119e107c787f672de6bb8,Bunnahabhain 12-year-old  Cask Strength,,,,W000534,bunnahabhain 12yo cask strength,100.0,,KEEP_PRODUCT_FEATURE,score_gte_94_no_conflict,,true
bbda45f29f8976c2720bf696,Bunnahabhain 12-year-old  Cask Strength,,,,W000534,bunnahabhain 12yo cask strength,100.0,,KEEP_PRODUCT_FEATURE,score_gte_94_no_conflict,,true
07352b496f0ef454154519f3,Bunnahabhain 12-year-old  Cask Strength,,,,W000534,bunnahabhain 12yo cask strength,100.0,,KEEP_PRODUCT_FEATURE,score_gte_94_no_conflict,,true
a6d3fa68d5ea232f0cc4874e,Bunnahabhain 12-year-old  Cask Strength,,,,W000534,bunnahabhain 12yo cask strength,100.0,,KEEP_PRODUCT_FEATURE,score_gte_94_no_conflict,,true
cb8ee5f6525aebb0f1ff3b64,Bunnahabhain 12-year-old  Cask Strength,,,,W000534,bunnahabhain 12yo cask strength,100.0,,KEEP_PRODUCT_FEATURE,score_gte_94_no_conflict,,true
642b78b283476d87a35faee9,Bunnahabhain 12-year-old  Cask Strength,,,,W000534,bunnahabhain 12yo cask strength,100.0,,KEEP_PRODUCT_FEATURE,score_gte_94_no_conflict,,true
c0ed47dbd10e4971db4b9cfa,Bunnahabhain 12-year-old  Cask Strength,,,,W000534,bunnahabhain 12yo cask strength,100.0,,KEEP_PRODUCT_FEATURE,score_gte_94_no_conflict,,true
533c0174479bee55bf947218,Bunnahabhain 12-year-old  Cask Strength,,,,W000534,bunnahabhain 12yo cask strength,100.0,,KEEP_PRODUCT_FEATURE,score_gte_94_no_conflict,,true
993ca39c40b5e66a85ef5a50,Bunnahabhain 12-year-old  Cask Strength,,,,W000534,bunnahabhain 12yo cask strength,100.0,,KEEP_PRODUCT_FEATURE,score_gte_94_no_conflict,,true
8905a08419734ab8bca65e01,Bunnahabhain 18-year-old  Small Batch Distilled,,,2019,W001554,canadian club classic 12yo (small batch),62.34,,REJECT_LOW_CONFIDENCE,score_lt_86,,true
214e7fc15a888137107f091f,Bunnahabhain 18-year-old  Small Batch Distilled,,,,W001554,canadian club classic 12yo (small batch),62.34,,REJECT_LOW_CONFIDENCE,score_lt_86,,true
53dc373df49bc7fcdf1b6a1f,Bunnahabhain 18-year-old  Small Batch Distilled,,,,W001554,canadian club classic 12yo (small batch),62.34,,REJECT_LOW_CONFIDENCE,score_lt_86,,true
c74a90f4a87b6672376e0a92,Bunnahabhain 18-year-old  Small Batch Distilled,,,,W001554,canadian club classic 12yo (small batch),62.34,,REJECT_LOW_CONFIDENCE,score_lt_86,,true
a8d86e0e5342cf36b5df850e,Bunnahabhain 18-year-old  Small Batch Distilled,,,,W001554,canadian club classic 12yo (small batch),62.34,,REJECT_LOW_CONFIDENCE,score_lt_86,,true
37bd39165cfd75162d598988,Bunnahabhain 18-year-old  Small Batch Distilled,,,,W001554,canadian club classic 12yo (small batch),62.34,,REJECT_LOW_CONFIDENCE,score_lt_86,,true
80ba25a12f6714f05f363036,Bunnahabhain 18-year-old  Small Batch Distilled,,,,W001554,canadian club classic 12yo (small batch),62.34,,REJECT_LOW_CONFIDENCE,score_lt_86,,true
ad5b7e5925406d472b409a9a,Bunnahabhain 18-year-old  Small Batch Distilled,,,,W001554,canadian club classic 12yo (small batch),62.34,,REJECT_LOW_CONFIDENCE,score_lt_86,,true
0ef4bc81288bdd04bf4ae0c3,Bunnahabhain 25-year-old  Small Batch Distilled,,,,W001554,canadian club classic 12yo (small batch),62.34,,REJECT_LOW_CONFIDENCE,score_lt_86,,true
c78ff14ef46552c72ad38f6f,Bunnahabhain 25-year-old  Small Batch Distilled,,,2020,W001554,canadian club classic 12yo (small batch),62.34,,REJECT_LOW_CONFIDENCE,score_lt_86,,true
65d46bc9292526f5247393c3,Bunnahabhain 25-year-old  Small Batch Distilled,,,,W001554,canadian club classic 12yo (small batch),62.34,,REJECT_LOW_CONFIDENCE,score_lt_86,,true
8b9a909727649e7841f039d5,Bunnahabhain 25-year-old  Small Batch Distilled,,,,W001554,canadian club classic 12yo (small batch),62.34,,REJECT_LOW_CONFIDENCE,score_lt_86,,true
59dc8fcbd69331bc1100a099,Bunnahabhain 25-year-old  Small Batch Distilled,,,,W001554,canadian club classic 12yo (small batch),62.34,,REJECT_LOW_CONFIDENCE,score_lt_86,,true
b01b6df237f7bdff5654476d,Bunnahabhain 25-year-old  Small Batch Distilled,,,,W001554,canadian club classic 12yo (small batch),62.34,,REJECT_LOW_CONFIDENCE,score_lt_86,,true
1f83fe3b2f5ab942db0cd705,Bunnahabhain 25-year-old  Small Batch Distilled,,,,W001554,canadian club classic 12yo (small batch),62.34,,REJECT_LOW_CONFIDENCE,score_lt_86,,true
b9bdca2b26cda387cca40f14,Bunnahabhain 25-year-old  Small Batch Distilled,,,,W001554,canadian club classic 12yo (small batch),62.34,,REJECT_LOW_CONFIDENCE,score_lt_86,,true
cca7270f8ed72eaee78f3b57,Bunnahabhain 25-year-old  Small Batch Distilled,,,,W001554,canadian club classic 12yo (small batch),62.34,,REJECT_LOW_CONFIDENCE,score_lt_86,,true
3ff3901b9d52372d8416896f,Bunnahabhain 25-year-old  Small Batch Distilled,,,2020,W001554,canadian club classic 12yo (small batch),62.34,,REJECT_LOW_CONFIDENCE,score_lt_86,,true
428f77b577db1294dda3c022,Bunnahabhain 25-year-old  Small Batch Distilled,,,,W001554,canadian club classic 12yo (small batch),62.34,,REJECT_LOW_CONFIDENCE,score_lt_86,,true
4f7335677afefb64ac3f33ce,Bunnahabhain 25-year-old  Small Batch Distilled,,,,W001554,canadian club classic 12yo (small batch),62.34,,REJECT_LOW_CONFIDENCE,score_lt_86,,true
70b2d6f3d39fe5ded79b77ef,Bunnahabhain 25-year-old  Small Batch Distilled,,,,W001554,canadian club classic 12yo (small batch),62.34,,REJECT_LOW_CONFIDENCE,score_lt_86,,true
8336ae20fa81c63e979adf42,Bunnahabhain 25-year-old  Small Batch Distilled,,,,W001554,canadian club classic 12yo (small batch),62.34,,REJECT_LOW_CONFIDENCE,score_lt_86,,true
7b0ad0603c4bf2460b6e25f2,Bunnahabhain An Cladach,,,,W001193,bunnahabhain toiteach a dha,76.0,,REJECT_LOW_CONFIDENCE,score_lt_86,,true
0ddc69a92ce6d3c21e3e9a79,Bunnahabhain An Cladach,,,,W001193,bunnahabhain toiteach a dha,76.0,,REJECT_LOW_CONFIDENCE,score_lt_86,,true
844e469f509a34edc8a5cf63,Bunnahabhain An Cladach,,,,W001193,bunnahabhain toiteach a dha,76.0,,REJECT_LOW_CONFIDENCE,score_lt_86,,true
5b9efb41ad5507baaeda096b,Bunnahabhain An Cladach,,,,W001193,bunnahabhain toiteach a dha,76.0,,REJECT_LOW_CONFIDENCE,score_lt_86,,true
cb3d16083398391293c9b6db,Bunnahabhain An Cladach,,,,W001193,bunnahabhain toiteach a dha,76.0,,REJECT_LOW_CONFIDENCE,score_lt_86,,true
ca6f98e2da7578d2e594fcd0,Bunnahabhain An Cladach,,,,W001193,bunnahabhain toiteach a dha,76.0,,REJECT_LOW_CONFIDENCE,score_lt_86,,true
4a5ec5b6609f13e78dbdcfe0,Bunnahabhain An Cladach,,,,W001193,bunnahabhain toiteach a dha,76.0,,REJECT_LOW_CONFIDENCE,score_lt_86,,true
ac6aa9cf6ac2a9c2131ec9d1,Bunnahabhain An Cladach,,,,W001193,bunnahabhain toiteach a dha,76.0,,REJECT_LOW_CONFIDENCE,score_lt_86,,true
eff2d0944a1f0b50be3919bb,Bunnahabhain An Cladach,,,,W001193,bunnahabhain toiteach a dha,76.0,,REJECT_LOW_CONFIDENCE,score_lt_86,,true
c57decc280a39a26fef01cea,Bunnahabhain An Cladach,,,,W001193,bunnahabhain toiteach a dha,76.0,,REJECT_LOW_CONFIDENCE,score_lt_86,,true
f512441aa2727b9e6a479a25,Bunnahabhain Eirigh Na Greine  Limited Edition Release,,,,W000599,bunnahabhain eirigh na greine,70.73,,REJECT_LOW_CONFIDENCE,score_lt_86,,true
b5a67c78a42ed42e2e3c6fd7,Bunnahabhain Eirigh Na Greine  Limited Edition Release,,,,W000599,bunnahabhain eirigh na greine,70.73,,REJECT_LOW_CONFIDENCE,score_lt_86,,true
56e5ad4060e73af6dc3608ff,Bunnahabhain Eirigh Na Greine  Limited Edition Release,,,,W000599,bunnahabhain eirigh na greine,70.73,,REJECT_LOW_CONFIDENCE,score_lt_86,,true
afdb4d755e8f03c6b584c0e0,Bunnahabhain Eirigh Na Greine  Limited Edition Release,,,,W000599,bunnahabhain eirigh na greine,70.73,,REJECT_LOW_CONFIDENCE,score_lt_86,,true
0b210b9bcfc554581211a91b,Bunnahabhain Eirigh Na Greine  Limited Edition Release,,,,W000599,bunnahabhain eirigh na greine,70.73,,REJECT_LOW_CONFIDENCE,score_lt_86,,true
e0e4924a7d85b45b9074a654,Bunnahabhain Mòine,,,,W001214,bunnahabhain toiteach,76.92,,REJECT_LOW_CONFIDENCE,score_lt_86,,true
e3b32487f3c7c5e7408123e4,Bunnahabhain Mòine,,,,W001214,bunnahabhain toiteach,76.92,,REJECT_LOW_CONFIDENCE,score_lt_86,,true
b1abc9ba1d6971abe28731e4,Bunnahabhain Mòine,,,,W001214,bunnahabhain toiteach,76.92,,REJECT_LOW_CONFIDENCE,score_lt_86,,true
f5041bfb1bb1e8162604920d,Bunnahabhain Mòine,,,2020,W001214,bunnahabhain toiteach,76.92,,REJECT_LOW_CONFIDENCE,score_lt_86,,true
7e38347f71dcb851cbc61a27,Bunnahabhain Mòine,,,,W001214,bunnahabhain toiteach,76.92,,REJECT_LOW_CONFIDENCE,score_lt_86,,true
40bf7c321670e4c559f91213,Bunnahabhain Mòine,,,,W001214,bunnahabhain toiteach,76.92,,REJECT_LOW_CONFIDENCE,score_lt_86,,true
f1a8e660c4bc90d7beccf6cf,Bunnahabhain Mòine,,,,W001214,bunnahabhain toiteach,76.92,,REJECT_LOW_CONFIDENCE,score_lt_86,,true
9300d05e3dbaaffacd20aa64,Bunnahabhain Mòine,,,,W001214,bunnahabhain toiteach,76.92,,REJECT_LOW_CONFIDENCE,score_lt_86,,true
84bdc11ed22b268ed5139e6e,Bunnahabhain Stiùireadair,,,,W000586,bunnahabhain stiuireadair,84.0,,REJECT_LOW_CONFIDENCE,score_lt_86,,true
2e12d029da463cf5f09c95c1,Bunnahabhain Stiùireadair,,,,W000586,bunnahabhain stiuireadair,84.0,,REJECT_LOW_CONFIDENCE,score_lt_86,,true
6a61451dd1ddf3c653ec8c10,Bunnahabhain Stiùireadair,,,,W000586,bunnahabhain stiuireadair,84.0,,REJECT_LOW_CONFIDENCE,score_lt_86,,true
465c616212502ccf3c5f1ccf,Bunnahabhain Stiùireadair,,,2017,W000586,bunnahabhain stiuireadair,84.0,,REJECT_LOW_CONFIDENCE,score_lt_86,,true
e5c307136681400ef71a1eb4,Bunnahabhain Stiùireadair,,,,W000586,bunnahabhain stiuireadair,84.0,,REJECT_LOW_CONFIDENCE,score_lt_86,,true
d6d199ceb17c10ccd73d9430,Bunnahabhain Stiùireadair,,,,W000586,bunnahabhain stiuireadair,84.0,,REJECT_LOW_CONFIDENCE,score_lt_86,,true
8b2c3dfbef13841f92b5b930,Bunnahabhain Stiùireadair,,,,W000586,bunnahabhain stiuireadair,84.0,,REJECT_LOW_CONFIDENCE,score_lt_86,,true
0ef9bf56ee6e6e58d4944664,Bunnahabhain Stiùireadair,,,,W000586,bunnahabhain stiuireadair,84.0,,REJECT_LOW_CONFIDENCE,score_lt_86,,true
d0429a7d9493bbc0f0c65e49,Bunnahabhain Stiùireadair,,,,W000586,bunnahabhain stiuireadair,84.0,,REJECT_LOW_CONFIDENCE,score_lt_86,,true
edeebb857990282e839cb65e,Bunnahabhain Stiùireadair,,,,W000586,bunnahabhain stiuireadair,84.0,,REJECT_LOW_CONFIDENCE,score_lt_86,,true
f259ce52ce1fbe493c5bcbd1,Bunnahabhain Toiteach,,,,W001214,bunnahabhain toiteach,100.0,,KEEP_PRODUCT_FEATURE,score_gte_94_no_conflict,,true
1d6f341334609c58b41ca366,Bunnahabhain Toiteach,,,,W001214,bunnahabhain toiteach,100.0,,KEEP_PRODUCT_FEATURE,score_gte_94_no_conflict,,true
0b86fc93f2a082ebdaf3dd09,Bunnahabhain Toiteach,,,,W001214,bunnahabhain toiteach,100.0,,KEEP_PRODUCT_FEATURE,score_gte_94_no_conflict,,true
eb84b672a101a8ae1178a5cf,Bunnahabhain Toiteach,,,,W001214,bunnahabhain toiteach,100.0,,KEEP_PRODUCT_FEATURE,score_gte_94_no_conflict,,true
565709e3f074875398271ec1,Bunnahabhain Toiteach,,,2017,W001214,bunnahabhain toiteach,100.0,,KEEP_PRODUCT_FEATURE,score_gte_94_no_conflict,,true
21a8b90015147e2046d521c6,Bushmills 10-year-old,,,,W000858,bushmills 10yo single malt,70.0,,REJECT_LOW_CONFIDENCE,score_lt_86,,true
92e853842af3194fded935cd,Bushmills 16-year-old  Rare Irish Whiskey,,,,W000322,bushmills 16yo single malt,64.41,,REJECT_LOW_CONFIDENCE,score_lt_86,,true
735c6e1d4536af3d4040804f,Bushmills 21-year-old  Rare Irish Whiskey,,,,W000091,bushmills 21yo single malt,64.41,,REJECT_LOW_CONFIDENCE,score_lt_86,,true
121e927e2661c2b3ddf9a0d3,Bushmills Black Bush   Special Old Irish Whiskey,,,2021,W000353,bushmills black bush,60.61,,REJECT_LOW_CONFIDENCE,score_lt_86,,true
b7136641ecdbf8249acedc73,Bushmills Black Bush   Special Old Irish Whiskey,,,,W000353,bushmills black bush,60.61,,REJECT_LOW_CONFIDENCE,score_lt_86,,true
520e9d43d56740e6ec852f26,Bushmills Black Bush  Sherry Cask Reserve,,,,W000381,bushmills sherry cask reserve,84.06,,REJECT_LOW_CONFIDENCE,score_lt_86,,true
8911951863973007a7e1456e,Bushmills Black Bush  Sherry Cask Reserve,,,,W000381,bushmills sherry cask reserve,84.06,,REJECT_LOW_CONFIDENCE,score_lt_86,,true
1555ea1f3f62b5f47c2fb59b,Bushmills Black Bush  Sherry Cask Reserve,,,,W000381,bushmills sherry cask reserve,84.06,,REJECT_LOW_CONFIDENCE,score_lt_86,,true
a0a432f7c9b3112c44dc5ee5,Bushmills Black Bush  1608 - Red Mill,,,,W000353,bushmills black bush,74.07,,REJECT_LOW_CONFIDENCE,score_lt_86,,true
3515a61cb0f37c70170546c0,Bushmills Black Bush  1608 - Red Mill,,,,W000353,bushmills black bush,74.07,,REJECT_LOW_CONFIDENCE,score_lt_86,,true
3a52a91f237c38aa825b75d4,Bushmills Black Bush  1608 - Red Mill,,,,W000353,bushmills black bush,74.07,,REJECT_LOW_CONFIDENCE,score_lt_86,,true
605b38d7716764114a7650cf,Bushmills Black Bush  1608 - Red Mill,,,,W000353,bushmills black bush,74.07,,REJECT_LOW_CONFIDENCE,score_lt_86,,true
ce0dba4b6fca5553c00f17a3,Bushmills Black Bush  1608,,,,W000353,bushmills black bush,88.89,,REVIEW_PRODUCT_FEATURE,score_86_93_no_conflict,,true
c1bfecee189ac637fb2ff269,Bushmills Black Bush  1608,,,,W000353,bushmills black bush,88.89,,REVIEW_PRODUCT_FEATURE,score_86_93_no_conflict,,true
f75a23d95f0a95202e7f9da3,Bushmills Black Bush  1608,,,,W000353,bushmills black bush,88.89,,REVIEW_PRODUCT_FEATURE,score_86_93_no_conflict,,true
2db5f792ba95444558180f93,Bushmills Black Bush  1608,,,,W000353,bushmills black bush,88.89,,REVIEW_PRODUCT_FEATURE,score_86_93_no_conflict,,true
2f32ebaeeba2c802c23e9689,Bushmills Black Bush  1608,,,,W000353,bushmills black bush,88.89,,REVIEW_PRODUCT_FEATURE,score_86_93_no_conflict,,true
a34515a7fb28d03471d8812d,Bushmills Black Bush  1608,,,2021,W000353,bushmills black bush,88.89,,REVIEW_PRODUCT_FEATURE,score_86_93_no_conflict,,true
1e5887dc67f7a3dc3129311c,Bushmills Original,,,,W001347,bushmills original blended,81.82,,REJECT_LOW_CONFIDENCE,score_lt_86,,true
51df29a0b2923370acf9412f,Bushmills Original,,,,W001347,bushmills original blended,81.82,,REJECT_LOW_CONFIDENCE,score_lt_86,,true
471c934a69167b9a4ad03eb3,Bushmills Original,,,,W001347,bushmills original blended,81.82,,REJECT_LOW_CONFIDENCE,score_lt_86,,true
5383526081d727fb62ed5437,Bushmills Original,,,,W001347,bushmills original blended,81.82,,REJECT_LOW_CONFIDENCE,score_lt_86,,true
3fe02a138a229387fda531b0,Bushmills Original,,,,W001347,bushmills original blended,81.82,,REJECT_LOW_CONFIDENCE,score_lt_86,,true
e7b58e669bea4a03970e0022,Bushmills Original,,,,W001347,bushmills original blended,81.82,,REJECT_LOW_CONFIDENCE,score_lt_86,,true
442133e9bfee28502598d66f,Bushmills Original,,,2013,W001347,bushmills original blended,81.82,,REJECT_LOW_CONFIDENCE,score_lt_86,,true
a32ce24d9239555562edc090,Bushmills Red Bush,,,,W001292,bushmills red bush,100.0,,KEEP_PRODUCT_FEATURE,score_gte_94_no_conflict,,true
b84687997d613d04643a6dd4,Bushmills Red Bush,,,,W001292,bushmills red bush,100.0,,KEEP_PRODUCT_FEATURE,score_gte_94_no_conflict,,true
3f978c39a003ddab46de56de,Bushmills Red Bush,,,,W001292,bushmills red bush,100.0,,KEEP_PRODUCT_FEATURE,score_gte_94_no_conflict,,true
2ae46b76eeb17fb898934446,Cameronbridge 1984  Cask Owners Selection,,,,W001665,jefferson's 18yo presidential select,55.26,,REJECT_LOW_CONFIDENCE,score_lt_86,,true
7fa33d5d2e3f9353852dc83c,Cameronbridge Cameron Brig  Pure Single Grain,,,,W001710,blanton's original bourbon single barrel,54.76,,REJECT_LOW_CONFIDENCE,score_lt_86,,true
d378fa4f2982a6070991aa98,Cameronbridge Cameron Brig  Pure Single Grain,,,,W001710,blanton's original bourbon single barrel,54.76,,REJECT_LOW_CONFIDENCE,score_lt_86,,true
4fac8d80d2e051f4d63c7464,Cameronbridge Cameron Brig  Pure Single Grain,,,,W001710,blanton's original bourbon single barrel,54.76,,REJECT_LOW_CONFIDENCE,score_lt_86,,true
3e78ce2e49fd340f39897b3e,Cameronbridge Cameron Brig  Pure Single Grain,,,,W001710,blanton's original bourbon single barrel,54.76,,REJECT_LOW_CONFIDENCE,score_lt_86,,true
8613e7e1dba9d0313ca005d7,Cameronbridge Cameron Brig  Pure Single Grain,,,,W001710,blanton's original bourbon single barrel,54.76,,REJECT_LOW_CONFIDENCE,score_lt_86,,true
5cc78eb8098fa00688a652a7,Cameronbridge Cameron Brig  Pure Single Grain,,,,W001710,blanton's original bourbon single barrel,54.76,,REJECT_LOW_CONFIDENCE,score_lt_86,,true
6b66286f8170d5b5581b84ae,Cameronbridge Cameron Brig  Pure Single Grain,,,,W001710,blanton's original bourbon single barrel,54.76,,REJECT_LOW_CONFIDENCE,score_lt_86,,true
89e1e435d44918fb4728f387,Cameronbridge Cameron Brig  Pure Single Grain,,,,W001710,blanton's original bourbon single barrel,54.76,,REJECT_LOW_CONFIDENCE,score_lt_86,,true
64af85ec112e52ced013baf1,Cameronbridge Cameron Brig  Pure Single Grain,,,,W001710,blanton's original bourbon single barrel,54.76,,REJECT_LOW_CONFIDENCE,score_lt_86,,true
28d6696f51275cf45becfa4c,Cameronbridge Cameron Brig  Single Grain Scotch Whisky,,,,W001353,bell's original scotch whisky,56.1,,REJECT_LOW_CONFIDENCE,score_lt_86,,true
a6525986a4b87b22bbd0025c,Cameronbridge Cameron Brig,,,,W001506,caribou crossing single barrel,53.57,,REJECT_LOW_CONFIDENCE,score_lt_86,,true
201fe35b461585861aaa7cb0,Crown Vat 20-year-old,,,1906,W000757,arran malt 10yo,62.07,,REJECT_LOW_CONFIDENCE,score_lt_86,,true
895b296be1b9d8f7a6f9df8c,Johnnie Walker Blue Label  Ghost & Rare Brora & Rare,,,2020,W001293,johnnie walker gold label reserve,70.0,,REJECT_LOW_CONFIDENCE,score_lt_86,,true
0d807b0e93b1c21ce9de4df9,Johnnie Walker Blue Label  Ghost & Rare Brora & Rare,,,,W001293,johnnie walker gold label reserve,70.0,,REJECT_LOW_CONFIDENCE,score_lt_86,,true
aa17f9233a343025dd310012,Johnnie Walker Blue Label  Ghost & Rare Brora & Rare,,,,W001293,johnnie walker gold label reserve,70.0,,REJECT_LOW_CONFIDENCE,score_lt_86,,true
9b3954fa6cd57220bae0ddc2,Johnnie Walker Blue Label  Ghost & Rare Brora & Rare,,,,W001293,johnnie walker gold label reserve,70.0,,REJECT_LOW_CONFIDENCE,score_lt_86,,true
57927a68bb646ef449f5e257,Johnnie Walker Blue Label  Ghost & Rare Brora & Rare,,,2017,W001293,johnnie walker gold label reserve,70.0,,REJECT_LOW_CONFIDENCE,score_lt_86,,true
ec9f7a649ae8815152cd16d9,Johnnie Walker Blue Label  Ghost & Rare Brora & Rare,,,,W001293,johnnie walker gold label reserve,70.0,,REJECT_LOW_CONFIDENCE,score_lt_86,,true
4ddf660c5bb10d35313ab9e2,Johnnie Walker Blue Label  Ghost & Rare Brora & Rare,,,,W001293,johnnie walker gold label reserve,70.0,,REJECT_LOW_CONFIDENCE,score_lt_86,,true
30a9bd1fcb9dc1e2e87d3c0d,Johnnie Walker Blue Label  Ghost & Rare Brora & Rare,,,,W001293,johnnie walker gold label reserve,70.0,,REJECT_LOW_CONFIDENCE,score_lt_86,,true
abbc40efaf95f6832d3c2dd4,Caol Ila 12-year-old  Islay Single Malt Whisky,,,,W000799,kavalan single malt whisky,71.88,,REJECT_LOW_CONFIDENCE,score_lt_86,,true
231395a63f34eb6a8c552a70,Caol Ila 12-year-old  Islay Single Malt Whisky,,,2002,W000799,kavalan single malt whisky,71.88,,REJECT_LOW_CONFIDENCE,score_lt_86,,true
98aab5d3fe2af5eb5e7af2e1,Caol Ila 12-year-old  Islay Single Malt Whisky,,,,W000799,kavalan single malt whisky,71.88,,REJECT_LOW_CONFIDENCE,score_lt_86,,true
d3d98b91602e2736a2a8242b,Caol Ila 12-year-old  Islay Single Malt Whisky,,,,W000799,kavalan single malt whisky,71.88,,REJECT_LOW_CONFIDENCE,score_lt_86,,true
2cffd8e7ec4215b887968976,Caol Ila 12-year-old  Islay Single Malt Whisky,,,,W000799,kavalan single malt whisky,71.88,,REJECT_LOW_CONFIDENCE,score_lt_86,,true
a5fa21d3d1bc10e7bd9851f5,Caol Ila 12-year-old  Islay Single Malt Whisky,,,,W000799,kavalan single malt whisky,71.88,,REJECT_LOW_CONFIDENCE,score_lt_86,,true
24e073ec72c4da5aa7acb17b,Caol Ila 12-year-old  Islay Single Malt Whisky,,,,W000799,kavalan single malt whisky,71.88,,REJECT_LOW_CONFIDENCE,score_lt_86,,true
aa1ddcc07ab9ac7c094b9886,Caol Ila 12-year-old  Islay Single Malt Whisky,,,,W000799,kavalan single malt whisky,71.88,,REJECT_LOW_CONFIDENCE,score_lt_86,,true
4eba7856e04210ef0c45a31d,Caol Ila 18-year-old  Islay Single Malt Whisky,,,2002,W000799,kavalan single malt whisky,71.88,,REJECT_LOW_CONFIDENCE,score_lt_86,,true
d14f834b7ddab608d16f84d5,Caol Ila 18-year-old  Islay Single Malt Whisky,,,,W000799,kavalan single malt whisky,71.88,,REJECT_LOW_CONFIDENCE,score_lt_86,,true
d43a5ddff46cd7d8b40a5152,Caol Ila 18-year-old  Islay Single Malt Whisky,,,1920,W000799,kavalan single malt whisky,71.88,,REJECT_LOW_CONFIDENCE,score_lt_86,,true
2db3b7b621be585908cb5abf,Caol Ila 18-year-old  Islay Single Malt Whisky,,,2019,W000799,kavalan single malt whisky,71.88,,REJECT_LOW_CONFIDENCE,score_lt_86,,true
a5dcb186bfc165704501d3cc,Caol Ila 18-year-old  Islay Single Malt Whisky,,,,W000799,kavalan single malt whisky,71.88,,REJECT_LOW_CONFIDENCE,score_lt_86,,true
6bd46be400544bc60648fe86,Caol Ila 18-year-old  Islay Single Malt Whisky,,,,W000799,kavalan single malt whisky,71.88,,REJECT_LOW_CONFIDENCE,score_lt_86,,true
2d1ca43d544054d869f62a1f,Caol Ila 18-year-old  Islay Single Malt Whisky,,,,W000799,kavalan single malt whisky,71.88,,REJECT_LOW_CONFIDENCE,score_lt_86,,true
c556bd177ef2e77d084faa45,Caol Ila 18-year-old  Islay Single Malt Whisky,,,,W000799,kavalan single malt whisky,71.88,,REJECT_LOW_CONFIDENCE,score_lt_86,,true
f8c330fb7991fedff0b7272d,Caol Ila 18-year-old  Islay Single Malt Whisky,,,2017,W000799,kavalan single malt whisky,71.88,,REJECT_LOW_CONFIDENCE,score_lt_86,,true
c313e1c44eede74d09bf83a4,Caol Ila 18-year-old  Islay Single Malt Whisky,,,,W000799,kavalan single malt whisky,71.88,,REJECT_LOW_CONFIDENCE,score_lt_86,,true
1677f2e45d519eaa26568735,Caol Ila 2008  The Distillers Edition,,,,W001204,caol ila distiller's edition (all editions),72.73,,REJECT_LOW_CONFIDENCE,score_lt_86,,true
9f14a78e43c75803e32c0a54,Caol Ila 2008  The Distillers Edition,,,,W001204,caol ila distiller's edition (all editions),72.73,,REJECT_LOW_CONFIDENCE,score_lt_86,,true
fcdf4b1d22d8eacb3a093643,Caol Ila 2008  The Distillers Edition,,,,W001204,caol ila distiller's edition (all editions),72.73,,REJECT_LOW_CONFIDENCE,score_lt_86,,true
befb227311d566c3b1f847b7,Caol Ila 2008  The Distillers Edition,,,,W001204,caol ila distiller's edition (all editions),72.73,,REJECT_LOW_CONFIDENCE,score_lt_86,,true
487a7806dec0a1878e91d7ea,Caol Ila 2008  The Distillers Edition,,,,W001204,caol ila distiller's edition (all editions),72.73,,REJECT_LOW_CONFIDENCE,score_lt_86,,true
2daf06a68a1fa6f55f4346e8,Caol Ila 2008  The Distillers Edition,,,,W001204,caol ila distiller's edition (all editions),72.73,,REJECT_LOW_CONFIDENCE,score_lt_86,,true
24c89d3ef90c3b3f3279d250,Caol Ila 2008  The Distillers Edition,,,,W001204,caol ila distiller's edition (all editions),72.73,,REJECT_LOW_CONFIDENCE,score_lt_86,,true
42cee1af7fa41b1cd537be7c,Caol Ila 2008  The Distillers Edition,,,2020,W001204,caol ila distiller's edition (all editions),72.73,,REJECT_LOW_CONFIDENCE,score_lt_86,,true
b3d97545146c2450244457a4,Caol Ila 25-year-old,,,2017,W000956,caol ila 25yo,100.0,,KEEP_PRODUCT_FEATURE,score_gte_94_no_conflict,,true
023fae8d4e50b4ab74c5a2ea,Caol Ila 25-year-old,,,,W000956,caol ila 25yo,100.0,,KEEP_PRODUCT_FEATURE,score_gte_94_no_conflict,,true
c16f62a851acf9fb6773c898,Caol Ila 25-year-old,,,2017,W000956,caol ila 25yo,100.0,,KEEP_PRODUCT_FEATURE,score_gte_94_no_conflict,,true
3a349993699c64d0d58d789d,Caol Ila 25-year-old,,,,W000956,caol ila 25yo,100.0,,KEEP_PRODUCT_FEATURE,score_gte_94_no_conflict,,true
2c9b33133d1257b3edd579ed,Caol Ila 25-year-old,,,,W000956,caol ila 25yo,100.0,,KEEP_PRODUCT_FEATURE,score_gte_94_no_conflict,,true
80e3099864526b571c25656f,Caol Ila 25-year-old,,,,W000956,caol ila 25yo,100.0,,KEEP_PRODUCT_FEATURE,score_gte_94_no_conflict,,true
bf58410b365a01306681693b,Caol Ila 25-year-old,,,2019,W000956,caol ila 25yo,100.0,,KEEP_PRODUCT_FEATURE,score_gte_94_no_conflict,,true
a2efd69caded0d7f656f9ee4,Caol Ila 25-year-old,,,,W000956,caol ila 25yo,100.0,,KEEP_PRODUCT_FEATURE,score_gte_94_no_conflict,,true
93fe1695f8f64c3c5a23da09,Caol Ila 25-year-old,,,2017,W000956,caol ila 25yo,100.0,,KEEP_PRODUCT_FEATURE,score_gte_94_no_conflict,,true
0f5b4b934662ce16378c06ed,Caol Ila 25-year-old,,,,W000956,caol ila 25yo,100.0,,KEEP_PRODUCT_FEATURE,score_gte_94_no_conflict,,true
dcbfca1b18a56d9c3c2ade5d,Caol Ila Moch  Islay Single Malt Scotch Whisky,,,,W000799,kavalan single malt whisky,64.79,,REJECT_LOW_CONFIDENCE,score_lt_86,,true
b3385453e9829f6a44c96b7f,Caol Ila Moch  Islay Single Malt Scotch Whisky,,,2019,W000799,kavalan single malt whisky,64.79,,REJECT_LOW_CONFIDENCE,score_lt_86,,true
6177a577da922f81e4db7e6b,Caol Ila Moch  Islay Single Malt Scotch Whisky,,,,W000799,kavalan single malt whisky,64.79,,REJECT_LOW_CONFIDENCE,score_lt_86,,true
795f64fd2ffe221512f4c26e,Caol Ila Moch  Islay Single Malt Scotch Whisky,,,,W000799,kavalan single malt whisky,64.79,,REJECT_LOW_CONFIDENCE,score_lt_86,,true
b668b451f8be2a5c84d45624,Caol Ila Moch  Islay Single Malt Scotch Whisky,,,,W000799,kavalan single malt whisky,64.79,,REJECT_LOW_CONFIDENCE,score_lt_86,,true
5e964b3190e81023a476329c,Caol Ila Moch  Islay Single Malt Scotch Whisky,,,,W000799,kavalan single malt whisky,64.79,,REJECT_LOW_CONFIDENCE,score_lt_86,,true
c34d70718b88a0dd8565c1e8,Caperdonich 21-year-old,,,,W001098,laphroaig 21yo,66.67,,REJECT_LOW_CONFIDENCE,score_lt_86,,true
e453f92ce71b0dcef169fa49,Ichiro's Double Distilleries  Ichiro's Malt,,,,W000519,ichiro's malt double distilleries,88.0,,REVIEW_PRODUCT_FEATURE,score_86_93_no_conflict,,true
b81c85ae783ab3a6984bdb08,Ichiro's Double Distilleries  Ichiro's Malt,,,,W000519,ichiro's malt double distilleries,88.0,,REVIEW_PRODUCT_FEATURE,score_86_93_no_conflict,,true
04f5e7e6c876f7b467e905f4,Ichiro's Double Distilleries  Ichiro's Malt,,,2004,W000519,ichiro's malt double distilleries,88.0,,REVIEW_PRODUCT_FEATURE,score_86_93_no_conflict,,true
9f34734ba6b3c2e8a26fa7cf,Ichiro's Double Distilleries  Ichiro's Malt,,,,W000519,ichiro's malt double distilleries,88.0,,REVIEW_PRODUCT_FEATURE,score_86_93_no_conflict,,true
bd89638b8b9974436960cbe0,Ichiro's Double Distilleries  Ichiro's Malt,,,,W000519,ichiro's malt double distilleries,88.0,,REVIEW_PRODUCT_FEATURE,score_86_93_no_conflict,,true
9041a38f46fa39c42a54b2a5,Ichiro's Double Distilleries  Ichiro's Malt,,,2021,W000519,ichiro's malt double distilleries,88.0,,REVIEW_PRODUCT_FEATURE,score_86_93_no_conflict,,true
0cfc5a17b6a3f4877b7ff41d,Ichiro's Double Distilleries  Ichiro's Malt,,,,W000519,ichiro's malt double distilleries,88.0,,REVIEW_PRODUCT_FEATURE,score_86_93_no_conflict,,true
286e38db3f106fdf3abf2910,Ichiro's Double Distilleries  Ichiro's Malt,,,,W000519,ichiro's malt double distilleries,88.0,,REVIEW_PRODUCT_FEATURE,score_86_93_no_conflict,,true
087a37f7baf3bd68bc5a63e1,Ichiro's Malt & Grain  World Blended Whisky,,,,W001263,ichiro's malt & grain world blended,90.41,,REVIEW_PRODUCT_FEATURE,score_86_93_no_conflict,,true
5db6fc7a5e6c2e6abe4e8bcc,Ichiro's Malt & Grain  World Blended Whisky,,,,W001263,ichiro's malt & grain world blended,90.41,,REVIEW_PRODUCT_FEATURE,score_86_93_no_conflict,,true
b162d9c7c3ec2b5612122170,Ichiro's Malt & Grain  World Blended Whisky,,,,W001263,ichiro's malt & grain world blended,90.41,,REVIEW_PRODUCT_FEATURE,score_86_93_no_conflict,,true
bb023acdb0017be941a3416e,Ichiro's Malt & Grain  World Blended Whisky,,,2021,W001263,ichiro's malt & grain world blended,90.41,,REVIEW_PRODUCT_FEATURE,score_86_93_no_conflict,,true
fde9062b9683dae9454b5321,Ichiro's Malt & Grain  World Blended Whisky,,,,W001263,ichiro's malt & grain world blended,90.41,,REVIEW_PRODUCT_FEATURE,score_86_93_no_conflict,,true
fd2a1c99146b95e58d64e283,Ichiro's Malt & Grain  World Blended Whisky,,,,W001263,ichiro's malt & grain world blended,90.41,,REVIEW_PRODUCT_FEATURE,score_86_93_no_conflict,,true
0c46117cf6c547bc5fcffe63,Ichiro's Malt & Grain  World Blended Whisky,,,,W001263,ichiro's malt & grain world blended,90.41,,REVIEW_PRODUCT_FEATURE,score_86_93_no_conflict,,true
ae5bc1b6c18815fbab48042d,Ichiro's Malt & Grain  World Blended Whisky,,,,W001263,ichiro's malt & grain world blended,90.41,,REVIEW_PRODUCT_FEATURE,score_86_93_no_conflict,,true
d5e6a04ac716b5669137f809,Ichiro's Malt & Grain  World Blended Whisky,,,2018,W001263,ichiro's malt & grain world blended,90.41,,REVIEW_PRODUCT_FEATURE,score_86_93_no_conflict,,true
1116288ea66eb21a64d39228,Ichiro's Malt & Grain  World Blended Whisky,,,,W001263,ichiro's malt & grain world blended,90.41,,REVIEW_PRODUCT_FEATURE,score_86_93_no_conflict,,true
2b0c32b6bb7399c81aea6616,Ichiro's Malt & Grain      World Blended Whisky,,,,W001263,ichiro's malt & grain world blended,90.41,,REVIEW_PRODUCT_FEATURE,score_86_93_no_conflict,,true
5b430f2fb8272affe45a00b1,Ichiro's Malt & Grain      World Blended Whisky,,,2021,W001263,ichiro's malt & grain world blended,90.41,,REVIEW_PRODUCT_FEATURE,score_86_93_no_conflict,,true
b028cedeff799d51050e7403,Ichiro's Malt & Grain      World Blended Whisky,,,,W001263,ichiro's malt & grain world blended,90.41,,REVIEW_PRODUCT_FEATURE,score_86_93_no_conflict,,true
7524d0268e265b4b3217fa67,Ichiro's Malt & Grain      World Blended Whisky,,,,W001263,ichiro's malt & grain world blended,90.41,,REVIEW_PRODUCT_FEATURE,score_86_93_no_conflict,,true
d1d43d0cce7d51232b20be78,Ichiro's Malt & Grain  World Blended Whisky,,,,W001263,ichiro's malt & grain world blended,90.41,,REVIEW_PRODUCT_FEATURE,score_86_93_no_conflict,,true
49bcd2cdb0a55a354d3b12be,Ichiro's Malt & Grain  World Blended Whisky,,,,W001263,ichiro's malt & grain world blended,90.41,,REVIEW_PRODUCT_FEATURE,score_86_93_no_conflict,,true
944c18ddf285d7c7ad54e917,Ichiro's Malt & Grain  World Blended Whisky,,,,W001263,ichiro's malt & grain world blended,90.41,,REVIEW_PRODUCT_FEATURE,score_86_93_no_conflict,,true
ee0f7f5f2c53823510b91a15,Ichiro's Malt & Grain      World Blended Whisky,,,,W001263,ichiro's malt & grain world blended,90.41,,REVIEW_PRODUCT_FEATURE,score_86_93_no_conflict,,true
79af4ede72d3fd447272601f,Ichiro's Malt & Grain      World Blended Whisky,,,,W001263,ichiro's malt & grain world blended,90.41,,REVIEW_PRODUCT_FEATURE,score_86_93_no_conflict,,true
4e5e5e4fd0e45e9e254951fb,Ichiro's Malt & Grain      World Blended Whisky,,,,W001263,ichiro's malt & grain world blended,90.41,,REVIEW_PRODUCT_FEATURE,score_86_93_no_conflict,,true
f7e3ca3fbf2552d76e9ee4db,Ichiro's Malt & Grain      World Blended Whisky,,,,W001263,ichiro's malt & grain world blended,90.41,,REVIEW_PRODUCT_FEATURE,score_86_93_no_conflict,,true
6289471a26b9e3aa2f0e418b,Ichiro's Malt & Grain      World Blended Whisky,,,,W001263,ichiro's malt & grain world blended,90.41,,REVIEW_PRODUCT_FEATURE,score_86_93_no_conflict,,true
b643c019e588e173e1c27cdf,Ichiro's Malt & Grain      World Blended Whisky,,,2008,W001263,ichiro's malt & grain world blended,90.41,,REVIEW_PRODUCT_FEATURE,score_86_93_no_conflict,,true
0792387350a7ff7d895b3900,Ichiro's Malt & Grain      World Blended Whisky,,,,W001263,ichiro's malt & grain world blended,90.41,,REVIEW_PRODUCT_FEATURE,score_86_93_no_conflict,,true
b48dcc0e58e206690d87620b,Ichiro's Malt & Grain  Blended Whisky,,,,W001263,ichiro's malt & grain world blended,86.57,,REVIEW_PRODUCT_FEATURE,score_86_93_no_conflict,,true
d1b2dbd9a340611a2f7dbe43,Ichiro's Malt & Grain  Blended Whisky,,,,W001263,ichiro's malt & grain world blended,86.57,,REVIEW_PRODUCT_FEATURE,score_86_93_no_conflict,,true
3df12949e0c9cc3550437ea0,Ichiro's Malt & Grain  Blended Whisky,,,,W001263,ichiro's malt & grain world blended,86.57,,REVIEW_PRODUCT_FEATURE,score_86_93_no_conflict,,true
130138aef85b73e2ba22f9b1,Ichiro's Malt & Grain  Blended Whisky,,,,W001263,ichiro's malt & grain world blended,86.57,,REVIEW_PRODUCT_FEATURE,score_86_93_no_conflict,,true
ded73d7f796e520e362e1dd9,Ichiro's Malt & Grain  Blended Whisky,,,,W001263,ichiro's malt & grain world blended,86.57,,REVIEW_PRODUCT_FEATURE,score_86_93_no_conflict,,true
c280341a2affc6551d6d225e,Ichiro's Malt & Grain  Blended Whisky,,,,W001263,ichiro's malt & grain world blended,86.57,,REVIEW_PRODUCT_FEATURE,score_86_93_no_conflict,,true
2e11c76ef8bda316078bf720,Ichiro's Malt & Grain  Blended Whisky,,,,W001263,ichiro's malt & grain world blended,86.57,,REVIEW_PRODUCT_FEATURE,score_86_93_no_conflict,,true
e622369a3209888485c3b827,Ichiro's Malt & Grain  Blended Whisky,,,,W001263,ichiro's malt & grain world blended,86.57,,REVIEW_PRODUCT_FEATURE,score_86_93_no_conflict,,true
3ec3a1e5745b74b484e83412,Ichiro's MWR  Ichiro's Malt - Mizunara Wood Reserve,,,,W000818,ichiro's malt mizunara wood reserve (mwr),89.66,,REVIEW_PRODUCT_FEATURE,score_86_93_no_conflict,,true
8e92676e8b2fb7dd74f47d1d,Ichiro's MWR  Ichiro's Malt - Mizunara Wood Reserve,,,,W000818,ichiro's malt mizunara wood reserve (mwr),89.66,,REVIEW_PRODUCT_FEATURE,score_86_93_no_conflict,,true
58d9f452b3c6a8e0c3cadc29,Ichiro's MWR  Ichiro's Malt - Mizunara Wood Reserve,,,,W000818,ichiro's malt mizunara wood reserve (mwr),89.66,,REVIEW_PRODUCT_FEATURE,score_86_93_no_conflict,,true
badfd52c11552e44832c00d1,Ichiro's MWR  Ichiro's Malt - Mizunara Wood Reserve,,,,W000818,ichiro's malt mizunara wood reserve (mwr),89.66,,REVIEW_PRODUCT_FEATURE,score_86_93_no_conflict,,true
f2021423c5c402f68f008c70,Ichiro's MWR  Ichiro's Malt - Mizunara Wood Reserve,,,,W000818,ichiro's malt mizunara wood reserve (mwr),89.66,,REVIEW_PRODUCT_FEATURE,score_86_93_no_conflict,,true
2babb2b131a279db42c161ca,Ichiro's MWR  Ichiro's Malt - Mizunara Wood Reserve,,,,W000818,ichiro's malt mizunara wood reserve (mwr),89.66,,REVIEW_PRODUCT_FEATURE,score_86_93_no_conflict,,true
5a4c1c3eee9a0f2faf0145b9,Ichiro's MWR  Ichiro's Malt - Mizunara Wood Reserve,,,,W000818,ichiro's malt mizunara wood reserve (mwr),89.66,,REVIEW_PRODUCT_FEATURE,score_86_93_no_conflict,,true
458111de763227e16cad83a3,Ichiro's MWR  Ichiro's Malt Mizunara Wood Reserve,,,2021,W000818,ichiro's malt mizunara wood reserve (mwr),89.66,,REVIEW_PRODUCT_FEATURE,score_86_93_no_conflict,,true
d2228a4bbf51507aaa2e8a0a,Ichiro's MWR  Ichiro's Malt Mizunara Wood Reserve,,,,W000818,ichiro's malt mizunara wood reserve (mwr),89.66,,REVIEW_PRODUCT_FEATURE,score_86_93_no_conflict,,true
9858fdd031382ec83041a983,Ichiro's MWR  Ichiro's Malt Mizunara Wood Reserve,,,,W000818,ichiro's malt mizunara wood reserve (mwr),89.66,,REVIEW_PRODUCT_FEATURE,score_86_93_no_conflict,,true
757c1906e0a8e859ca91a9e9,Ichiro's MWR  Ichiro's Malt Mizunara Wood Reserve,,,,W000818,ichiro's malt mizunara wood reserve (mwr),89.66,,REVIEW_PRODUCT_FEATURE,score_86_93_no_conflict,,true
d4f79874b287275b17c54cd8,Ichiro's Wine Wood Reserve  Ichiro's Malt,,,2021,W000818,ichiro's malt mizunara wood reserve (mwr),65.82,,REJECT_LOW_CONFIDENCE,score_lt_86,,true
8fc4232c5247be90696d6016,Clynelish 14-year-old  Coastal Highland Single Malt,,,,W000272,swiss highland classic single malt,64.94,,REJECT_LOW_CONFIDENCE,score_lt_86,,true
a610f0dea9e9f331d9bc086d,Clynelish 14-year-old  Coastal Highland Single Malt,,,,W000272,swiss highland classic single malt,64.94,,REJECT_LOW_CONFIDENCE,score_lt_86,,true
4f8b08eeb704e65323ba315b,Clynelish 14-year-old  Coastal Highland Single Malt,,,2018,W000272,swiss highland classic single malt,64.94,,REJECT_LOW_CONFIDENCE,score_lt_86,,true
6e1a4f3be0c77338894bdaa9,Clynelish 14-year-old  Coastal Highland Single Malt,,,,W000272,swiss highland classic single malt,64.94,,REJECT_LOW_CONFIDENCE,score_lt_86,,true
ad5dd76a047a1105e2c127f2,Clynelish 14-year-old  Coastal Highland Single Malt,,,,W000272,swiss highland classic single malt,64.94,,REJECT_LOW_CONFIDENCE,score_lt_86,,true
7dcf930a96ce499b033ee27a,Clynelish 14-year-old  Coastal Highland Single Malt,,,,W000272,swiss highland classic single malt,64.94,,REJECT_LOW_CONFIDENCE,score_lt_86,,true
fad5fd322bd25f167c9d5e4d,Clynelish 14-year-old  Coastal Highland Single Malt,,,,W000272,swiss highland classic single malt,64.94,,REJECT_LOW_CONFIDENCE,score_lt_86,,true
34e89999aa4b876275e03d36,Clynelish 14-year-old  Coastal Highland Single Malt,,,,W000272,swiss highland classic single malt,64.94,,REJECT_LOW_CONFIDENCE,score_lt_86,,true
3c4b5c8603a8156af30cb108,Clynelish 14-year-old  Coastal Highland Single Malt,,,,W000272,swiss highland classic single malt,64.94,,REJECT_LOW_CONFIDENCE,score_lt_86,,true
6b70d8988dce86081472ef5f,Connemara Original  Peated Single Malt,,,,W001081,connemara peated single malt,86.15,,REVIEW_PRODUCT_FEATURE,score_86_93_no_conflict,,true
955788f7f0c1ab08eca33691,Connemara Original  Peated Single Malt,,,,W001081,connemara peated single malt,86.15,,REVIEW_PRODUCT_FEATURE,score_86_93_no_conflict,,true
35472d8b850f15fdcb48e4a1,Connemara Original  Peated Single Malt,,,,W001081,connemara peated single malt,86.15,,REVIEW_PRODUCT_FEATURE,score_86_93_no_conflict,,true
0f3508cba679b0cfc832a781,Connemara Original  Peated Single Malt,,,,W001081,connemara peated single malt,86.15,,REVIEW_PRODUCT_FEATURE,score_86_93_no_conflict,,true
16995b5241e1a1e46b8472ae,Connemara Original  Peated Single Malt,,,,W001081,connemara peated single malt,86.15,,REVIEW_PRODUCT_FEATURE,score_86_93_no_conflict,,true
f680f0c9dbb4074ae1a7bc68,Connemara Original  Peated Single Malt,,,,W001081,connemara peated single malt,86.15,,REVIEW_PRODUCT_FEATURE,score_86_93_no_conflict,,true
15c8cfcf8ddd888af355aeac,Connemara Original  Peated Single Malt,,,,W001081,connemara peated single malt,86.15,,REVIEW_PRODUCT_FEATURE,score_86_93_no_conflict,,true
f9d4f53acff813de7df1bdc1,Connemara Original  Peated Single Malt,,,,W001081,connemara peated single malt,86.15,,REVIEW_PRODUCT_FEATURE,score_86_93_no_conflict,,true
5ee8efcf86887355beb2768f,Connemara Original  Peated Single Malt,,,,W001081,connemara peated single malt,86.15,,REVIEW_PRODUCT_FEATURE,score_86_93_no_conflict,,true
83227ac878368d7a89f2491e,Kilbeggan Black   Irish Whiskey,,,,W000867,kilbeggan irish reserve malt whiskey,70.77,,REJECT_LOW_CONFIDENCE,score_lt_86,,true
57de202f2723e32221ad3742,Kilbeggan Black   Irish Whiskey,,,,W000867,kilbeggan irish reserve malt whiskey,70.77,,REJECT_LOW_CONFIDENCE,score_lt_86,,true
703d76de69330c65bb6b4d6d,The Wild Geese Classic Blend  Untamed,,,,W000516,two brewers release 21 classic,54.55,,REJECT_LOW_CONFIDENCE,score_lt_86,,true
f30d1fa26b14f2562e26ae33,The Wild Geese Classic Blend  Untamed,,,,W000516,two brewers release 21 classic,54.55,,REJECT_LOW_CONFIDENCE,score_lt_86,,true
1315feff5b4af21128bfbf86,Tyrconnell 10-year-old Madeira,,,,W000557,tyrconnell 10yo madeira cask finish,79.31,,REJECT_LOW_CONFIDENCE,score_lt_86,,true
e24a741710726421a1d9537c,Tyrconnell 10-year-old Madeira,,,,W000557,tyrconnell 10yo madeira cask finish,79.31,,REJECT_LOW_CONFIDENCE,score_lt_86,,true
8016a524ab02965dac4f6f47,Tyrconnell 10-year-old Madeira,,,,W000557,tyrconnell 10yo madeira cask finish,79.31,,REJECT_LOW_CONFIDENCE,score_lt_86,,true
77833350ad5201f40ef171c9,Cragganmore 12-year-old  Speyside Single Malt Scotch Whisky,,,,W000530,balcones texas single malt whisky,59.52,,REJECT_LOW_CONFIDENCE,score_lt_86,,true
906eb445856558b8130eb77f,Cragganmore 12-year-old  Speyside Single Malt Scotch Whisky,,,,W000530,balcones texas single malt whisky,59.52,,REJECT_LOW_CONFIDENCE,score_lt_86,,true
a8a27cf5569f02d891da9a9c,Cragganmore 12-year-old  Speyside Single Malt Scotch Whisky,,,,W000530,balcones texas single malt whisky,59.52,,REJECT_LOW_CONFIDENCE,score_lt_86,,true
2c1afea14478cb830e72f37c,Cragganmore 12-year-old  Speyside Single Malt Scotch Whisky,,,,W000530,balcones texas single malt whisky,59.52,,REJECT_LOW_CONFIDENCE,score_lt_86,,true
2375d94448131603518123ce,Cragganmore 12-year-old  Speyside Single Malt Scotch Whisky,,,,W000530,balcones texas single malt whisky,59.52,,REJECT_LOW_CONFIDENCE,score_lt_86,,true
706bf4413e1b6f722b880ce2,Cragganmore 12-year-old  Speyside Single Malt Scotch Whisky,,,,W000530,balcones texas single malt whisky,59.52,,REJECT_LOW_CONFIDENCE,score_lt_86,,true
7079c997e5f457c2b6aedd0e,Cragganmore 12-year-old  Speyside Single Malt Scotch Whisky,,,,W000530,balcones texas single malt whisky,59.52,,REJECT_LOW_CONFIDENCE,score_lt_86,,true
6b444946257fd1f0655457e5,Cragganmore 12-year-old  Speyside Single Malt Scotch Whisky,,,2018,W000530,balcones texas single malt whisky,59.52,,REJECT_LOW_CONFIDENCE,score_lt_86,,true
55aa0738b41784a770270e27,Cragganmore 2008   The Distillers Edition,,,,W000297,dalwhinnie distillers edition,64.71,,REJECT_LOW_CONFIDENCE,score_lt_86,,true
cd6c175f7f247bc4a068d186,Cragganmore 2008   The Distillers Edition,,,,W000297,dalwhinnie distillers edition,64.71,,REJECT_LOW_CONFIDENCE,score_lt_86,,true
cb0a9b677172e73c9a0c12a3,Cragganmore 2008   The Distillers Edition,,,,W000297,dalwhinnie distillers edition,64.71,,REJECT_LOW_CONFIDENCE,score_lt_86,,true
0f810ecd6f9441f0063c8dae,Cragganmore 2008   The Distillers Edition,,,,W000297,dalwhinnie distillers edition,64.71,,REJECT_LOW_CONFIDENCE,score_lt_86,,true
fb0ca95fa31710cdae46e31c,Cragganmore 2008   The Distillers Edition,,,,W000297,dalwhinnie distillers edition,64.71,,REJECT_LOW_CONFIDENCE,score_lt_86,,true
d1192ff357ac2794ccb7bbb8,Cragganmore 2008   The Distillers Edition,,,,W000297,dalwhinnie distillers edition,64.71,,REJECT_LOW_CONFIDENCE,score_lt_86,,true
306ca76d6733a7ac9ec9a80f,Cragganmore 2008   The Distillers Edition,,,,W000297,dalwhinnie distillers edition,64.71,,REJECT_LOW_CONFIDENCE,score_lt_86,,true
8aba440c3e4cf93f8b2fc835,Craigellachie 13-year-old  No.: 83-LH88,,,,W000800,craigellachie 13yo,76.6,,REJECT_LOW_CONFIDENCE,score_lt_86,,true
e8f68d1fa7ea06baa69b2529,Craigellachie 13-year-old  No.: 83-LH88,,,,W000800,craigellachie 13yo,76.6,,REJECT_LOW_CONFIDENCE,score_lt_86,,true
06011c32f2a34cf65a77fb7d,Craigellachie 13-year-old  No.: 83-LH88,,,,W000800,craigellachie 13yo,76.6,,REJECT_LOW_CONFIDENCE,score_lt_86,,true
510fabf290659713c0459961,Craigellachie 13-year-old  No.: 83-LH88,,,,W000800,craigellachie 13yo,76.6,,REJECT_LOW_CONFIDENCE,score_lt_86,,true
04816ceafe89860a4b09019b,Craigellachie 13-year-old  No.: 83-LH88,,,,W000800,craigellachie 13yo,76.6,,REJECT_LOW_CONFIDENCE,score_lt_86,,true
261c3d086a1921dc53233c49,Craigellachie 13-year-old  No.: 83-LH88,,,,W000800,craigellachie 13yo,76.6,,REJECT_LOW_CONFIDENCE,score_lt_86,,true
cffe53326016ee30d1daaa3d,Craigellachie 13-year-old  No.: 83-LH88,,,,W000800,craigellachie 13yo,76.6,,REJECT_LOW_CONFIDENCE,score_lt_86,,true
30ceb7bebd70b5e4a82d760d,Craigellachie 13-year-old  No.: 83-LH88,,,,W000800,craigellachie 13yo,76.6,,REJECT_LOW_CONFIDENCE,score_lt_86,,true
78a1ef4840f5159c57905753,Craigellachie 13-year-old  No.: 83-LH88,,,,W000800,craigellachie 13yo,76.6,,REJECT_LOW_CONFIDENCE,score_lt_86,,true
5e096225d1d5b9485bed0a4e,Craigellachie 17-year-old  Batch No. 98-ZC21,,,,W000535,craigellachie 17yo,67.92,,REJECT_LOW_CONFIDENCE,score_lt_86,,true
3aa9f4a77b67acfb4988caae,Craigellachie 17-year-old  Batch No. 98-ZC21,,,,W000535,craigellachie 17yo,67.92,,REJECT_LOW_CONFIDENCE,score_lt_86,,true
b3a0e89c2ab34735a12cb6c1,Craigellachie 17-year-old  Batch No. 98-ZC21,,,,W000535,craigellachie 17yo,67.92,,REJECT_LOW_CONFIDENCE,score_lt_86,,true
3396a0e101d311b58cb3fbe9,Craigellachie 17-year-old  Batch No. 98-ZC21,,,,W000535,craigellachie 17yo,67.92,,REJECT_LOW_CONFIDENCE,score_lt_86,,true
c003f7fad4c8ad7c93f42693,Craigellachie 17-year-old  Batch No. 98-ZC21,,,,W000535,craigellachie 17yo,67.92,,REJECT_LOW_CONFIDENCE,score_lt_86,,true
bbac3b5397dcd08f4e35d645,Craigellachie 17-year-old  Batch No. 98-ZC21,,,,W000535,craigellachie 17yo,67.92,,REJECT_LOW_CONFIDENCE,score_lt_86,,true
a274b352d320aad4a564fb95,Craigellachie 17-year-old  Batch No. 98-ZC21,,,,W000535,craigellachie 17yo,67.92,,REJECT_LOW_CONFIDENCE,score_lt_86,,true
0b8fd8d4f19e04ddc5d759c3,Craigellachie 17-year-old  Batch No. 98-ZC21,,,,W000535,craigellachie 17yo,67.92,,REJECT_LOW_CONFIDENCE,score_lt_86,,true
8f6542fa6c747d825c77fd30,Craigellachie 19-year-old  No.: 78-SC33,,,,W000535,craigellachie 17yo,72.34,,REJECT_LOW_CONFIDENCE,score_lt_86,,true
53bd41856be52fc264d1eea9,Craigellachie 19-year-old  No.: 78-SC33,,,,W000535,craigellachie 17yo,72.34,,REJECT_LOW_CONFIDENCE,score_lt_86,,true
c57b06399ba9cde86539d9cd,Craigellachie 19-year-old  No.: 78-SC33,,,,W000535,craigellachie 17yo,72.34,,REJECT_LOW_CONFIDENCE,score_lt_86,,true
189c26c418814805e77d139f,Craigellachie 19-year-old  No.: 78-SC33,,,,W000535,craigellachie 17yo,72.34,,REJECT_LOW_CONFIDENCE,score_lt_86,,true
76f072372cadd5e7fd281729,Craigellachie 19-year-old  No.: 78-SC33,,,,W000535,craigellachie 17yo,72.34,,REJECT_LOW_CONFIDENCE,score_lt_86,,true
b58c2101827fd295ce141813,Craigellachie 19-year-old  No.: 78-SC33,,,,W000535,craigellachie 17yo,72.34,,REJECT_LOW_CONFIDENCE,score_lt_86,,true
735c2dc6b2851cf131ef880f,Craigellachie 19-year-old  No.: 78-SC33,,,,W000535,craigellachie 17yo,72.34,,REJECT_LOW_CONFIDENCE,score_lt_86,,true
5b2a8d957184355f8fd0d166,Craigellachie 23-year-old,,,2019,W000436,craigellachie 23yo,100.0,,KEEP_PRODUCT_FEATURE,score_gte_94_no_conflict,,true
c335c6997e74535a872c88d2,Craigellachie 23-year-old,,,,W000436,craigellachie 23yo,100.0,,KEEP_PRODUCT_FEATURE,score_gte_94_no_conflict,,true
c13d66b181b51d339ab71886,Craigellachie 23-year-old,,,,W000436,craigellachie 23yo,100.0,,KEEP_PRODUCT_FEATURE,score_gte_94_no_conflict,,true
79f0c85ab2176b83dbf0de9a,Craigellachie 23-year-old,,,,W000436,craigellachie 23yo,100.0,,KEEP_PRODUCT_FEATURE,score_gte_94_no_conflict,,true
f716ce880591e5735edb9495,Craigellachie 23-year-old,,,,W000436,craigellachie 23yo,100.0,,KEEP_PRODUCT_FEATURE,score_gte_94_no_conflict,,true
e83a3bffdcbd6af5bc39eb06,Craigellachie 23-year-old,,,,W000436,craigellachie 23yo,100.0,,KEEP_PRODUCT_FEATURE,score_gte_94_no_conflict,,true
e2ce7a5ea84e29d7237a3a78,Craigellachie 23-year-old,,,,W000436,craigellachie 23yo,100.0,,KEEP_PRODUCT_FEATURE,score_gte_94_no_conflict,,true
845f49f2cfd310c21b0313e3,Craigellachie 23-year-old,,,,W000436,craigellachie 23yo,100.0,,KEEP_PRODUCT_FEATURE,score_gte_94_no_conflict,,true
20d9608b76cd95bd94fca759,Craigellachie 23-year-old,,,,W000436,craigellachie 23yo,100.0,,KEEP_PRODUCT_FEATURE,score_gte_94_no_conflict,,true
7e6f4e2d1f2d2598e6fae5e0,Craigellachie 23-year-old,,,,W000436,craigellachie 23yo,100.0,,KEEP_PRODUCT_FEATURE,score_gte_94_no_conflict,,true
76ddb9fcd8e36ef6c6b2d347,Dailuaine 16-year-old  Flora & Fauna,,,,W000383,glen moray 16yo,58.54,,REJECT_LOW_CONFIDENCE,score_lt_86,,true
4e2f31b0b5196d819e4cffcb,Dailuaine 16-year-old  Flora & Fauna,,,,W000383,glen moray 16yo,58.54,,REJECT_LOW_CONFIDENCE,score_lt_86,,true
94e9b3fa80aafbcee89fb9e4,Dailuaine 16-year-old  Flora & Fauna,,,,W000383,glen moray 16yo,58.54,,REJECT_LOW_CONFIDENCE,score_lt_86,,true
deda44058446c83d198f9731,Dailuaine 16-year-old  Flora & Fauna,,,,W000383,glen moray 16yo,58.54,,REJECT_LOW_CONFIDENCE,score_lt_86,,true
44f77d859a985f18f56e8ad1,Dailuaine 16-year-old  Flora & Fauna,,,,W000383,glen moray 16yo,58.54,,REJECT_LOW_CONFIDENCE,score_lt_86,,true
8e8f32dc8b3301286296d03b,Dailuaine 16-year-old  Flora & Fauna,,,,W000383,glen moray 16yo,58.54,,REJECT_LOW_CONFIDENCE,score_lt_86,,true
aa74ebbe372ffabd8c2a5ad3,Dailuaine 16-year-old  Flora & Fauna,,,,W000383,glen moray 16yo,58.54,,REJECT_LOW_CONFIDENCE,score_lt_86,,true
e307d29232c363946814978e,Dailuaine 16-year-old  Flora & Fauna,,,,W000383,glen moray 16yo,58.54,,REJECT_LOW_CONFIDENCE,score_lt_86,,true
0989a7993a67690eaf9202d0,Dallas Dhu 1970  Rare Malts Selection,,,2017,W001002,paul john peated select cask,53.12,,REJECT_LOW_CONFIDENCE,score_lt_86,,true
34b708c517382c7e7f2c6b7e,Dallas Dhu 1970  Rare Malts Selection,,,,W001002,paul john peated select cask,53.12,,REJECT_LOW_CONFIDENCE,score_lt_86,,true
439e9c02c232dbb98f8470e3,Dallas Dhu 1970  Rare Malts Selection,,,,W001002,paul john peated select cask,53.12,,REJECT_LOW_CONFIDENCE,score_lt_86,,true
84513c78430ed028b84e20a5,Dallas Dhu 1970  Rare Malts Selection,,,,W001002,paul john peated select cask,53.12,,REJECT_LOW_CONFIDENCE,score_lt_86,,true
ad02e33cb4d84e8b5739a32e,Dallas Dhu 1970  Rare Malts Selection,,,,W001002,paul john peated select cask,53.12,,REJECT_LOW_CONFIDENCE,score_lt_86,,true
56d69524c9c3cec63e618f59,Dallas Dhu 1970  Rare Malts Selection,,,,W001002,paul john peated select cask,53.12,,REJECT_LOW_CONFIDENCE,score_lt_86,,true
8dcb1e490ff1c1fe688f01b3,Dallas Dhu 1970  Rare Malts Selection,,,,W001002,paul john peated select cask,53.12,,REJECT_LOW_CONFIDENCE,score_lt_86,,true
10ff1a71fcdb88d092c593de,Dallas Dhu 1970  Rare Malts Selection,,,,W001002,paul john peated select cask,53.12,,REJECT_LOW_CONFIDENCE,score_lt_86,,true
cc6eb42bddfbfc718d4ef902,Dallas Dhu 1970  Rare Malts Selection,,,,W001002,paul john peated select cask,53.12,,REJECT_LOW_CONFIDENCE,score_lt_86,,true
c0c5e56d12ce54727ab1d481,Dallas Dhu 1970  Rare Malts Selection,,,2016,W001002,paul john peated select cask,53.12,,REJECT_LOW_CONFIDENCE,score_lt_86,,true
ad54e54d9dec17a44590f49c,Dallas Dhu 1975  Rare Malts Selection,,,,W001002,paul john peated select cask,53.12,,REJECT_LOW_CONFIDENCE,score_lt_86,,true
1bbbce9ba0a65ee9d89517f2,Dallas Dhu 1975  Rare Malts Selection,,,,W001002,paul john peated select cask,53.12,,REJECT_LOW_CONFIDENCE,score_lt_86,,true
3f1f7e63427a9547ea436155,Dalmore 12-year-old,,,,W000608,dalmore 12yo,100.0,,KEEP_PRODUCT_FEATURE,score_gte_94_no_conflict,,true
4cd59e5bbaea16d5919b9546,Dalmore 12-year-old,,,,W000608,dalmore 12yo,100.0,,KEEP_PRODUCT_FEATURE,score_gte_94_no_conflict,,true
d9875817e840529158bad2df,Dalmore 12-year-old,,,,W000608,dalmore 12yo,100.0,,KEEP_PRODUCT_FEATURE,score_gte_94_no_conflict,,true
2396cfc954c5e619eff1b256,Dalmore 12-year-old,,,,W000608,dalmore 12yo,100.0,,KEEP_PRODUCT_FEATURE,score_gte_94_no_conflict,,true
12b7f46ae82dfde736148ed8,Dalmore 12-year-old,,,,W000608,dalmore 12yo,100.0,,KEEP_PRODUCT_FEATURE,score_gte_94_no_conflict,,true
4283870c3dd87c94e6248f03,Dalmore 12-year-old,,,,W000608,dalmore 12yo,100.0,,KEEP_PRODUCT_FEATURE,score_gte_94_no_conflict,,true
11eeef8406ea3c8c32d939fd,Dalmore 12-year-old,,,2018,W000608,dalmore 12yo,100.0,,KEEP_PRODUCT_FEATURE,score_gte_94_no_conflict,,true
fcc680e75f628f6d61713fd0,Dalmore 12-year-old,,,,W000608,dalmore 12yo,100.0,,KEEP_PRODUCT_FEATURE,score_gte_94_no_conflict,,true
3d4c061d8dda7852bf749774,Dalmore 12-year-old,,,,W000608,dalmore 12yo,100.0,,KEEP_PRODUCT_FEATURE,score_gte_94_no_conflict,,true
0968e60f83872f79a12ff212,Dalmore 15-year-old,,,2013,W000347,dalmore 15yo,100.0,,KEEP_PRODUCT_FEATURE,score_gte_94_no_conflict,,true
3e0738e0ae771bfb9b2f01db,Dalmore 15-year-old,,,,W000347,dalmore 15yo,100.0,,KEEP_PRODUCT_FEATURE,score_gte_94_no_conflict,,true
b8c60c25fa26fbf7574a3d76,Dalmore 15-year-old,,,,W000347,dalmore 15yo,100.0,,KEEP_PRODUCT_FEATURE,score_gte_94_no_conflict,,true
373974acec9237f48f72a4cd,Dalmore 15-year-old,,,,W000347,dalmore 15yo,100.0,,KEEP_PRODUCT_FEATURE,score_gte_94_no_conflict,,true
0a49ce591e38b38d211aa588,Dalmore 15-year-old,,,2015,W000347,dalmore 15yo,100.0,,KEEP_PRODUCT_FEATURE,score_gte_94_no_conflict,,true
0c86547473ed4bec33313f31,Dalmore 15-year-old,,,,W000347,dalmore 15yo,100.0,,KEEP_PRODUCT_FEATURE,score_gte_94_no_conflict,,true
47a07d6682d61726913ef6bf,Dalmore 15-year-old,,,,W000347,dalmore 15yo,100.0,,KEEP_PRODUCT_FEATURE,score_gte_94_no_conflict,,true
b37ef584ff97f490d79f93ab,Dalmore 15-year-old,,,,W000347,dalmore 15yo,100.0,,KEEP_PRODUCT_FEATURE,score_gte_94_no_conflict,,true
1b5c5301d5d0f127c35a7a53,Dalmore 18-year-old,,,,W000311,dalmore 18yo,100.0,,KEEP_PRODUCT_FEATURE,score_gte_94_no_conflict,,true
9e006b93847ee25c8defde1c,Dalmore 18-year-old,,,,W000311,dalmore 18yo,100.0,,KEEP_PRODUCT_FEATURE,score_gte_94_no_conflict,,true
2345b50ae75791739401d4e8,Dalmore 18-year-old,,,,W000311,dalmore 18yo,100.0,,KEEP_PRODUCT_FEATURE,score_gte_94_no_conflict,,true
6c56e180f384222327ddf5bd,Dalmore 18-year-old,,,,W000311,dalmore 18yo,100.0,,KEEP_PRODUCT_FEATURE,score_gte_94_no_conflict,,true
dc5aa9c42514b41fb1bb8e24,Dalmore 18-year-old,,,,W000311,dalmore 18yo,100.0,,KEEP_PRODUCT_FEATURE,score_gte_94_no_conflict,,true
079360494e7432b6e55d4389,Dalmore 18-year-old,,,,W000311,dalmore 18yo,100.0,,KEEP_PRODUCT_FEATURE,score_gte_94_no_conflict,,true
91f1a2043a54766cb83df4cd,Dalmore 18-year-old,,,,W000311,dalmore 18yo,100.0,,KEEP_PRODUCT_FEATURE,score_gte_94_no_conflict,,true
5eabe627f61fca19fac33a5f,Dalmore Cigar Malt Reserve  Limited Edition,,,,W000371,dalmore cigar malt reserve,76.47,,REJECT_LOW_CONFIDENCE,score_lt_86,,true
296325467c442e000a2e6bd0,Dalmore Cigar Malt Reserve  Limited Edition,,,,W000371,dalmore cigar malt reserve,76.47,,REJECT_LOW_CONFIDENCE,score_lt_86,,true
cd1623838062bd5f2d9380be,Dalmore Cigar Malt Reserve  Limited Edition,,,,W000371,dalmore cigar malt reserve,76.47,,REJECT_LOW_CONFIDENCE,score_lt_86,,true
fbab1a219ecc479457497021,Dalmore Cigar Malt Reserve  Limited Edition,,,,W000371,dalmore cigar malt reserve,76.47,,REJECT_LOW_CONFIDENCE,score_lt_86,,true
51774043f3285b2ca8dc2a0d,Dalmore Cigar Malt Reserve  Limited Edition,,,,W000371,dalmore cigar malt reserve,76.47,,REJECT_LOW_CONFIDENCE,score_lt_86,,true
fd0a9b95b8973b06ce697631,Dalmore Cigar Malt Reserve  Limited Edition,,,,W000371,dalmore cigar malt reserve,76.47,,REJECT_LOW_CONFIDENCE,score_lt_86,,true
b89ebc8f94ef5e2cdd4ba02c,Dalmore Cigar Malt Reserve  Limited Edition,,,,W000371,dalmore cigar malt reserve,76.47,,REJECT_LOW_CONFIDENCE,score_lt_86,,true
e0eb4a1dd68dfa5f3162458c,Dalmore Cigar Malt Reserve  Limited Edition,,,,W000371,dalmore cigar malt reserve,76.47,,REJECT_LOW_CONFIDENCE,score_lt_86,,true
18f89da50c3042fd33722b75,Dalmore King Alexander III,,,,W000360,dalmore king alexander iii,100.0,,KEEP_PRODUCT_FEATURE,score_gte_94_no_conflict,,true
2d5de461ff6ae7c054a276fc,Dalmore King Alexander III,,,,W000360,dalmore king alexander iii,100.0,,KEEP_PRODUCT_FEATURE,score_gte_94_no_conflict,,true
4b4a56f74d08c8d28afc7338,Dalmore King Alexander III,,,,W000360,dalmore king alexander iii,100.0,,KEEP_PRODUCT_FEATURE,score_gte_94_no_conflict,,true
a067041c50d16dbc99468f50,Dalmore King Alexander III,,,,W000360,dalmore king alexander iii,100.0,,KEEP_PRODUCT_FEATURE,score_gte_94_no_conflict,,true
b86da8f44443560dff7fe376,Dalmore King Alexander III,,,,W000360,dalmore king alexander iii,100.0,,KEEP_PRODUCT_FEATURE,score_gte_94_no_conflict,,true
76226405fc5d4c174c72e9d5,Dalmore King Alexander III,,,,W000360,dalmore king alexander iii,100.0,,KEEP_PRODUCT_FEATURE,score_gte_94_no_conflict,,true
9c349781ef714c2d4efa0b6d,Dalmore King Alexander III,,,,W000360,dalmore king alexander iii,100.0,,KEEP_PRODUCT_FEATURE,score_gte_94_no_conflict,,true
35de4e9dad735c02af9932cb,Dalmore King Alexander III,,,,W000360,dalmore king alexander iii,100.0,,KEEP_PRODUCT_FEATURE,score_gte_94_no_conflict,,true
a5994a6d1851272ec0e16cb1,Dalmore King Alexander III,,,,W000360,dalmore king alexander iii,100.0,,KEEP_PRODUCT_FEATURE,score_gte_94_no_conflict,,true
e9f6223ea554752ec736297b,Dalmore The Quintet,,,,W000342,glenmorangie the tayne,58.54,,REJECT_LOW_CONFIDENCE,score_lt_86,,true
f9874967eb57b91bc99374fd,Dalmore The Quintet,,,,W000342,glenmorangie the tayne,58.54,,REJECT_LOW_CONFIDENCE,score_lt_86,,true
09cdb59bd672f364bc375e74,Dalmore The Quintet,,,,W000342,glenmorangie the tayne,58.54,,REJECT_LOW_CONFIDENCE,score_lt_86,,true
bc3991075bd3f72bb0fdcc68,Dalmore The Quintet,,,,W000342,glenmorangie the tayne,58.54,,REJECT_LOW_CONFIDENCE,score_lt_86,,true
77e7a5a3c38fc0271fbf08b2,Dalmore The Quintet,,,,W000342,glenmorangie the tayne,58.54,,REJECT_LOW_CONFIDENCE,score_lt_86,,true
db6013aef32c178c144cc4b9,Dalmore The Quintet,,,,W000342,glenmorangie the tayne,58.54,,REJECT_LOW_CONFIDENCE,score_lt_86,,true
d5dafcca008c4c1b10f14047,Deanston 12-year-old,,,,W000631,deanston 12yo,100.0,,KEEP_PRODUCT_FEATURE,score_gte_94_no_conflict,,true
3cccb353a801c07220f2c787,Deanston 12-year-old,,,2019,W000631,deanston 12yo,100.0,,KEEP_PRODUCT_FEATURE,score_gte_94_no_conflict,,true
9f96c6d3cb0c7ad6c0c2be8a,Deanston 12-year-old,,,,W000631,deanston 12yo,100.0,,KEEP_PRODUCT_FEATURE,score_gte_94_no_conflict,,true
58802e81d438e94063942f10,Deanston 12-year-old,,,,W000631,deanston 12yo,100.0,,KEEP_PRODUCT_FEATURE,score_gte_94_no_conflict,,true
7c1ec39f11d8d7bfc5722192,Deanston 12-year-old,,,,W000631,deanston 12yo,100.0,,KEEP_PRODUCT_FEATURE,score_gte_94_no_conflict,,true
5b293170144c31e7fcacb9fa,Deanston 12-year-old,,,,W000631,deanston 12yo,100.0,,KEEP_PRODUCT_FEATURE,score_gte_94_no_conflict,,true
36da362e65b19b9295e37000,Deanston 12-year-old,,,2020,W000631,deanston 12yo,100.0,,KEEP_PRODUCT_FEATURE,score_gte_94_no_conflict,,true
9b6d25cb844751306f75c337,Deanston 12-year-old,,,,W000631,deanston 12yo,100.0,,KEEP_PRODUCT_FEATURE,score_gte_94_no_conflict,,true
0064a8c968d071c55224da31,Deanston 12-year-old,,,,W000631,deanston 12yo,100.0,,KEEP_PRODUCT_FEATURE,score_gte_94_no_conflict,,true
3873e963d3378787f5e21f0d,Deanston 12-year-old,,,,W000631,deanston 12yo,100.0,,KEEP_PRODUCT_FEATURE,score_gte_94_no_conflict,,true
3e9c73c3a8b1f03f84d1d273,Deanston 12-year-old  Un-Chill Filtered,,,,W000145,aberlour 12yo non-chill-filtered,66.67,,REJECT_LOW_CONFIDENCE,score_lt_86,,true
c0765d2f2f4d6fd89aa74831,Deanston 12-year-old  Un-Chill Filtered,,,,W000145,aberlour 12yo non-chill-filtered,66.67,,REJECT_LOW_CONFIDENCE,score_lt_86,,true
23f190735645d5f9c90616a5,Deanston 12-year-old  Un-Chill Filtered,,,,W000145,aberlour 12yo non-chill-filtered,66.67,,REJECT_LOW_CONFIDENCE,score_lt_86,,true
a139ab518e619a4cbaf00675,Deanston 12-year-old  Un-Chill Filtered,,,,W000145,aberlour 12yo non-chill-filtered,66.67,,REJECT_LOW_CONFIDENCE,score_lt_86,,true
a815aba04d3724669ed95f56,Deanston 12-year-old  Un-Chill Filtered,,,,W000145,aberlour 12yo non-chill-filtered,66.67,,REJECT_LOW_CONFIDENCE,score_lt_86,,true
0e873aeca0dd45ef6e086b62,Deanston 12-year-old  Un-Chill Filtered,,,,W000145,aberlour 12yo non-chill-filtered,66.67,,REJECT_LOW_CONFIDENCE,score_lt_86,,true
bbb3340b1181981b9d4ea573,Deanston 12-year-old  Un-Chill Filtered,,,,W000145,aberlour 12yo non-chill-filtered,66.67,,REJECT_LOW_CONFIDENCE,score_lt_86,,true
3ddfb3a4b122894d9781c134,Deanston 12-year-old  Un-Chill Filtered,,,,W000145,aberlour 12yo non-chill-filtered,66.67,,REJECT_LOW_CONFIDENCE,score_lt_86,,true
f92bcf9fc47abcd347c44917,Deanston 18-year-old,,,,W000631,deanston 12yo,92.31,,REVIEW_PRODUCT_FEATURE,score_86_93_no_conflict,,true
edcbfafe571bce027967035a,Deanston 18-year-old,,,,W000631,deanston 12yo,92.31,,REVIEW_PRODUCT_FEATURE,score_86_93_no_conflict,,true
8d11a1805aae5ea67cbd5b1a,Deanston 18-year-old,,,,W000631,deanston 12yo,92.31,,REVIEW_PRODUCT_FEATURE,score_86_93_no_conflict,,true
69a23e2c260523ba7d11bd22,Deanston 18-year-old,,,,W000631,deanston 12yo,92.31,,REVIEW_PRODUCT_FEATURE,score_86_93_no_conflict,,true
56b862bad6342b90b5f8f566,Deanston 18-year-old,,,,W000631,deanston 12yo,92.31,,REVIEW_PRODUCT_FEATURE,score_86_93_no_conflict,,true
4adaf3b26784419f69aa5300,Deanston 18-year-old,,,2021,W000631,deanston 12yo,92.31,,REVIEW_PRODUCT_FEATURE,score_86_93_no_conflict,,true
be1814b1fadf701202b0f370,Deanston 18-year-old,,,,W000631,deanston 12yo,92.31,,REVIEW_PRODUCT_FEATURE,score_86_93_no_conflict,,true
6b6fcdac858a9ae3c0603735,Deanston 18-year-old,,,,W000631,deanston 12yo,92.31,,REVIEW_PRODUCT_FEATURE,score_86_93_no_conflict,,true
92c3dfa6e1c434ce792fdf66,Deanston 18-year-old,,,,W000631,deanston 12yo,92.31,,REVIEW_PRODUCT_FEATURE,score_86_93_no_conflict,,true
18c7b4eea905adfe9c258326,Deanston 18-year-old,,,,W000631,deanston 12yo,92.31,,REVIEW_PRODUCT_FEATURE,score_86_93_no_conflict,,true
25487718774df996c6df61e6,Deanston 18-year-old  Un-Chill Filtered,,,2019,W000145,aberlour 12yo non-chill-filtered,63.49,,REJECT_LOW_CONFIDENCE,score_lt_86,,true
a7f567083ba46140f9fb0917,Deanston 18-year-old  Un-Chill Filtered,,,,W000145,aberlour 12yo non-chill-filtered,63.49,,REJECT_LOW_CONFIDENCE,score_lt_86,,true
2a3d4ae43718d18e01fc536e,Deanston 18-year-old  Un-Chill Filtered,,,2012,W000145,aberlour 12yo non-chill-filtered,63.49,,REJECT_LOW_CONFIDENCE,score_lt_86,,true
a1685768a035e404e8c040ea,Deanston 18-year-old  Un-Chill Filtered,,,,W000145,aberlour 12yo non-chill-filtered,63.49,,REJECT_LOW_CONFIDENCE,score_lt_86,,true
3d94014f6ed27eaaf41227a0,Deanston 18-year-old  Un-Chill Filtered,,,,W000145,aberlour 12yo non-chill-filtered,63.49,,REJECT_LOW_CONFIDENCE,score_lt_86,,true
5fa4035dd3e7bd8fc608b892,Deanston 18-year-old  Un-Chill Filtered,,,,W000145,aberlour 12yo non-chill-filtered,63.49,,REJECT_LOW_CONFIDENCE,score_lt_86,,true
05924a96c9174d193899820d,Deanston 18-year-old  Un-Chill Filtered,,,,W000145,aberlour 12yo non-chill-filtered,63.49,,REJECT_LOW_CONFIDENCE,score_lt_86,,true
86b774d7703781e6aad49bf1,Deanston 18-year-old  Un-Chill Filtered,,,,W000145,aberlour 12yo non-chill-filtered,63.49,,REJECT_LOW_CONFIDENCE,score_lt_86,,true
12786b758a82f746e91fa9de,Deanston 18-year-old  Un-Chill Filtered,,,,W000145,aberlour 12yo non-chill-filtered,63.49,,REJECT_LOW_CONFIDENCE,score_lt_86,,true
c0639fffc70bef74dbc0020d,Deanston Virgin Oak  Un-Chill Filtered,,,,W000866,deanston virgin oak,67.86,,REJECT_LOW_CONFIDENCE,score_lt_86,,true
4ce953f9ba8d68e2e35f57ac,Deanston Virgin Oak  Un-Chill Filtered,,,,W000866,deanston virgin oak,67.86,,REJECT_LOW_CONFIDENCE,score_lt_86,,true
d6f9d8c125577e96366780c9,Deanston Virgin Oak  Un-Chill Filtered,,,,W000866,deanston virgin oak,67.86,,REJECT_LOW_CONFIDENCE,score_lt_86,,true
027ec20b19dd29e7a16473b6,Deanston Virgin Oak  Un-Chill Filtered,,,2017,W000866,deanston virgin oak,67.86,,REJECT_LOW_CONFIDENCE,score_lt_86,,true
6465c160e264cee715539a47,Deanston Virgin Oak  Un-Chill Filtered,,,,W000866,deanston virgin oak,67.86,,REJECT_LOW_CONFIDENCE,score_lt_86,,true
9393b6424dc14e55b75773e6,Deanston Virgin Oak  Un-Chill Filtered,,,,W000866,deanston virgin oak,67.86,,REJECT_LOW_CONFIDENCE,score_lt_86,,true
d95b080c47861b767629a1c6,Deanston Virgin Oak  Un-Chill Filtered,,,2021,W000866,deanston virgin oak,67.86,,REJECT_LOW_CONFIDENCE,score_lt_86,,true
c8f4bcab12ddf8d74efd8981,Deanston Virgin Oak  Un-Chill Filtered,,,,W000866,deanston virgin oak,67.86,,REJECT_LOW_CONFIDENCE,score_lt_86,,true
026ffb71b92c6207b9a67b4e,Deanston Virgin Oak,,,,W000866,deanston virgin oak,100.0,,KEEP_PRODUCT_FEATURE,score_gte_94_no_conflict,,true
fb9464883a726aea00c600ab,Deanston Virgin Oak,,,,W000866,deanston virgin oak,100.0,,KEEP_PRODUCT_FEATURE,score_gte_94_no_conflict,,true
94b64679d29ec88aa8e279c1,Deanston Virgin Oak,,,,W000866,deanston virgin oak,100.0,,KEEP_PRODUCT_FEATURE,score_gte_94_no_conflict,,true
f337a0619bfff4589b781b87,Deanston Virgin Oak,,,,W000866,deanston virgin oak,100.0,,KEEP_PRODUCT_FEATURE,score_gte_94_no_conflict,,true
7c0eab01a6b041b9981290b8,Deanston Virgin Oak,,,,W000866,deanston virgin oak,100.0,,KEEP_PRODUCT_FEATURE,score_gte_94_no_conflict,,true
b146942ad24e78a316b64be1,Deanston Virgin Oak,,,,W000866,deanston virgin oak,100.0,,KEEP_PRODUCT_FEATURE,score_gte_94_no_conflict,,true
b5f531fa924cf0f1f6b0467c,Deanston Virgin Oak,,,,W000866,deanston virgin oak,100.0,,KEEP_PRODUCT_FEATURE,score_gte_94_no_conflict,,true
14a6d6410c557583cdc86fb9,Deanston Virgin Oak,,,,W000866,deanston virgin oak,100.0,,KEEP_PRODUCT_FEATURE,score_gte_94_no_conflict,,true
e4dc4fdabf1ca768af26082d,Deanston Virgin Oak,,,,W000866,deanston virgin oak,100.0,,KEEP_PRODUCT_FEATURE,score_gte_94_no_conflict,,true
ce25f9b5682fb28e62abccde,The Singleton of Dufftown 12-year-old,,,,W000672,singleton of dufftown 12yo,92.86,,REVIEW_PRODUCT_FEATURE,score_86_93_no_conflict,,true
def2a7da61327cb433ce5aa2,The Singleton of Dufftown 12-year-old,,,,W000672,singleton of dufftown 12yo,92.86,,REVIEW_PRODUCT_FEATURE,score_86_93_no_conflict,,true
25fea9798b95eac460910513,The Singleton of Dufftown 12-year-old,,,,W000672,singleton of dufftown 12yo,92.86,,REVIEW_PRODUCT_FEATURE,score_86_93_no_conflict,,true
7b22dd4c8f932e407cb293ae,The Singleton of Dufftown 12-year-old,,,,W000672,singleton of dufftown 12yo,92.86,,REVIEW_PRODUCT_FEATURE,score_86_93_no_conflict,,true
125609a50b78b1c8605deecf,The Singleton of Dufftown 12-year-old,,,,W000672,singleton of dufftown 12yo,92.86,,REVIEW_PRODUCT_FEATURE,score_86_93_no_conflict,,true
4d50160b80eee4627e8c0528,The Singleton of Dufftown 12-year-old,,,,W000672,singleton of dufftown 12yo,92.86,,REVIEW_PRODUCT_FEATURE,score_86_93_no_conflict,,true
09965d6684a065b4267520b3,The Singleton of Dufftown 12-year-old,,,,W000672,singleton of dufftown 12yo,92.86,,REVIEW_PRODUCT_FEATURE,score_86_93_no_conflict,,true
6a4ef3a9b4ce3b00572a07ab,The Singleton of Dufftown 12-year-old,,,,W000672,singleton of dufftown 12yo,92.86,,REVIEW_PRODUCT_FEATURE,score_86_93_no_conflict,,true
30b032226a5ef1bc45f9c14f,The Singleton of Dufftown 12-year-old,,,,W000672,singleton of dufftown 12yo,92.86,,REVIEW_PRODUCT_FEATURE,score_86_93_no_conflict,,true
65aee42ea086781c00c9f489,The Singleton of Dufftown 12-year-old  Luscious Nectar,,,,W000672,singleton of dufftown 12yo,72.22,,REJECT_LOW_CONFIDENCE,score_lt_86,,true
a8246d44ae31d83dab3cbd81,The Singleton of Dufftown 12-year-old  Luscious Nectar,,,,W000672,singleton of dufftown 12yo,72.22,,REJECT_LOW_CONFIDENCE,score_lt_86,,true
f3c6f89d3112c3a4c6140ad5,The Singleton of Dufftown 12-year-old  Luscious Nectar,,,,W000672,singleton of dufftown 12yo,72.22,,REJECT_LOW_CONFIDENCE,score_lt_86,,true
cf9be3da3299f1caa34eb8fb,The Singleton of Dufftown 12-year-old  Luscious Nectar,,,,W000672,singleton of dufftown 12yo,72.22,,REJECT_LOW_CONFIDENCE,score_lt_86,,true
2bd00e710bfcfd13253d1b47,The Singleton of Dufftown 12-year-old  Luscious Nectar,,,,W000672,singleton of dufftown 12yo,72.22,,REJECT_LOW_CONFIDENCE,score_lt_86,,true
3a645851cf0c2058d824653a,The Singleton of Dufftown 12-year-old  Luscious Nectar,,,,W000672,singleton of dufftown 12yo,72.22,,REJECT_LOW_CONFIDENCE,score_lt_86,,true
2be982597acc4518985b158a,The Singleton of Dufftown 12-year-old  Luscious Nectar,,,,W000672,singleton of dufftown 12yo,72.22,,REJECT_LOW_CONFIDENCE,score_lt_86,,true
f10b2354dcdc147827ff304d,The Singleton of Dufftown 12-year-old  Luscious Nectar,,,,W000672,singleton of dufftown 12yo,72.22,,REJECT_LOW_CONFIDENCE,score_lt_86,,true
60f7c1a7c41f4d22fd2caa4e,The Singleton of Dufftown 12-year-old  Luscious Nectar,,,,W000672,singleton of dufftown 12yo,72.22,,REJECT_LOW_CONFIDENCE,score_lt_86,,true
30210d5940b50a6a881716a1,The Singleton of Dufftown 15-year-old  Fruity Decadence,,,2017,W000620,singleton of dufftown 15yo,71.23,,REJECT_LOW_CONFIDENCE,score_lt_86,,true
a4da7984fa3fa1cb3199a937,The Singleton of Dufftown 15-year-old  Fruity Decadence,,,,W000620,singleton of dufftown 15yo,71.23,,REJECT_LOW_CONFIDENCE,score_lt_86,,true
4aeb11b55d0bcf14ba292448,The Singleton of Dufftown 15-year-old  Fruity Decadence,,,,W000620,singleton of dufftown 15yo,71.23,,REJECT_LOW_CONFIDENCE,score_lt_86,,true
78b2c735cae0928fb8a2292d,The Singleton of Dufftown 15-year-old  Fruity Decadence,,,,W000620,singleton of dufftown 15yo,71.23,,REJECT_LOW_CONFIDENCE,score_lt_86,,true
9bd7a57410146552a01035aa,The Singleton of Dufftown 15-year-old  Fruity Decadence,,,,W000620,singleton of dufftown 15yo,71.23,,REJECT_LOW_CONFIDENCE,score_lt_86,,true
1b85d14dbb271e96fe771da6,The Singleton of Dufftown 15-year-old  Fruity Decadence,,,,W000620,singleton of dufftown 15yo,71.23,,REJECT_LOW_CONFIDENCE,score_lt_86,,true
2f2a0d1b9fb018b8cf8be058,The Singleton of Dufftown 18-year-old,,,2017,W000609,singleton of dufftown 18yo,92.86,,REVIEW_PRODUCT_FEATURE,score_86_93_no_conflict,,true
f8c0b11ffa338d0fe8a6c81d,The Singleton of Dufftown 18-year-old,,,,W000609,singleton of dufftown 18yo,92.86,,REVIEW_PRODUCT_FEATURE,score_86_93_no_conflict,,true
c530fdc771223f83fc2f060d,The Singleton of Dufftown 18-year-old,,,,W000609,singleton of dufftown 18yo,92.86,,REVIEW_PRODUCT_FEATURE,score_86_93_no_conflict,,true
e8f5fb0d29f7408196b79562,The Singleton of Dufftown 18-year-old,,,,W000609,singleton of dufftown 18yo,92.86,,REVIEW_PRODUCT_FEATURE,score_86_93_no_conflict,,true
fb8f85ea742877287857547d,The Singleton of Dufftown 18-year-old,,,,W000609,singleton of dufftown 18yo,92.86,,REVIEW_PRODUCT_FEATURE,score_86_93_no_conflict,,true
79794facef1f7571dabf6719,The Singleton of Dufftown 18-year-old,,,,W000609,singleton of dufftown 18yo,92.86,,REVIEW_PRODUCT_FEATURE,score_86_93_no_conflict,,true
350dd2e859cc62a07fc1dae6,The Singleton of Dufftown 18-year-old,,,2020,W000609,singleton of dufftown 18yo,92.86,,REVIEW_PRODUCT_FEATURE,score_86_93_no_conflict,,true
e1215f1e6a697a69ae649077,The Singleton of Dufftown 18-year-old,,,,W000609,singleton of dufftown 18yo,92.86,,REVIEW_PRODUCT_FEATURE,score_86_93_no_conflict,,true
06866d768e4e5e00e267c306,The Singleton of Dufftown 18-year-old,,,,W000609,singleton of dufftown 18yo,92.86,,REVIEW_PRODUCT_FEATURE,score_86_93_no_conflict,,true
f625451b9038833ab4eaa0b2,Ballechin 10-year-old  The Discovery Series,,,,W001014,edradour ballechin 10yo,62.07,,REJECT_LOW_CONFIDENCE,score_lt_86,,true
d126c86a8fceb2df5baa08ff,Ballechin 10-year-old  The Discovery Series,,,,W001014,edradour ballechin 10yo,62.07,,REJECT_LOW_CONFIDENCE,score_lt_86,,true
2aa6834ea1ef016c3335fa01,Ballechin 10-year-old  The Discovery Series,,,,W001014,edradour ballechin 10yo,62.07,,REJECT_LOW_CONFIDENCE,score_lt_86,,true
992efdc56d679b6ca8fae8ff,Ballechin 10-year-old  The Discovery Series,,,2020,W001014,edradour ballechin 10yo,62.07,,REJECT_LOW_CONFIDENCE,score_lt_86,,true
6f0c6dbc562d5bc4a0400b81,Ballechin 10-year-old  The Discovery Series,,,,W001014,edradour ballechin 10yo,62.07,,REJECT_LOW_CONFIDENCE,score_lt_86,,true
5367b3d0db31bc2aa5a57757,Ballechin 10-year-old  The Discovery Series,,,,W001014,edradour ballechin 10yo,62.07,,REJECT_LOW_CONFIDENCE,score_lt_86,,true
c6d815fe248cb751641e755e,Ballechin 10-year-old  The Discovery Series,,,,W001014,edradour ballechin 10yo,62.07,,REJECT_LOW_CONFIDENCE,score_lt_86,,true
d5c4a34ad96ddd4e0269c766,Ballechin 10-year-old  The Discovery Series,,,,W001014,edradour ballechin 10yo,62.07,,REJECT_LOW_CONFIDENCE,score_lt_86,,true
5d8abc067a9766f9aa7ddd21,Edradour 10-year-old  The Distillery Edition,,,,W000515,glenfiddich 15yo distillery edition,76.06,,REJECT_LOW_CONFIDENCE,score_lt_86,,true
0b0190e1bc24fd79c92124cf,Edradour 10-year-old  The Distillery Edition,,,,W000515,glenfiddich 15yo distillery edition,76.06,,REJECT_LOW_CONFIDENCE,score_lt_86,,true
3d68a31f2a8398d27e16f770,Edradour 10-year-old  The Distillery Edition,,,,W000515,glenfiddich 15yo distillery edition,76.06,,REJECT_LOW_CONFIDENCE,score_lt_86,,true
17464e8a198cb12857c23b6a,Edradour 10-year-old  The Distillery Edition,,,,W000515,glenfiddich 15yo distillery edition,76.06,,REJECT_LOW_CONFIDENCE,score_lt_86,,true
89ae9ddbe1112f3c71e088d8,Edradour 10-year-old  The Distillery Edition,,,,W000515,glenfiddich 15yo distillery edition,76.06,,REJECT_LOW_CONFIDENCE,score_lt_86,,true
e07bf10898a995bb7907b3a2,Edradour 10-year-old  The Distillery Edition,,,,W000515,glenfiddich 15yo distillery edition,76.06,,REJECT_LOW_CONFIDENCE,score_lt_86,,true
0d60626dbf40bbec6493f2d3,Edradour 10-year-old  The Distillery Edition,,,2018,W000515,glenfiddich 15yo distillery edition,76.06,,REJECT_LOW_CONFIDENCE,score_lt_86,,true
4f48dcf74f0d01db2f5fcd08,Edradour 10-year-old  The Distillery Edition,,,,W000515,glenfiddich 15yo distillery edition,76.06,,REJECT_LOW_CONFIDENCE,score_lt_86,,true
2fda47e6b36586014a10112e,Edradour 10-year-old  The Distillery Edition,,,,W000515,glenfiddich 15yo distillery edition,76.06,,REJECT_LOW_CONFIDENCE,score_lt_86,,true
f251c9ff52062a25bf5b10f1,Edradour 12-year-old  Caledonia Selection,,,,W000621,singleton of glen ord 12yo,61.02,,REJECT_LOW_CONFIDENCE,score_lt_86,,true
3e436af3ddb790bf7ed31f35,Edradour 12-year-old  Caledonia Selection,,,,W000621,singleton of glen ord 12yo,61.02,,REJECT_LOW_CONFIDENCE,score_lt_86,,true
6135e8697387762ac07e521d,Edradour 12-year-old  Caledonia Selection,,,,W000621,singleton of glen ord 12yo,61.02,,REJECT_LOW_CONFIDENCE,score_lt_86,,true
2aaebe18d3d4d35825f90386,Edradour 12-year-old  Caledonia Selection,,,,W000621,singleton of glen ord 12yo,61.02,,REJECT_LOW_CONFIDENCE,score_lt_86,,true
589c09c08d7eee6f2e0278b6,Edradour 12-year-old  Caledonia Selection,,,,W000621,singleton of glen ord 12yo,61.02,,REJECT_LOW_CONFIDENCE,score_lt_86,,true
9fcc13c9819bec6eb612cbcc,Edradour 12-year-old  Caledonia Selection,,,,W000621,singleton of glen ord 12yo,61.02,,REJECT_LOW_CONFIDENCE,score_lt_86,,true
1cd7322601d9cfa103b18fba,Edradour 12-year-old  Caledonia Selection,,,,W000621,singleton of glen ord 12yo,61.02,,REJECT_LOW_CONFIDENCE,score_lt_86,,true
c9322fa00d2782bfb9258a35,Edradour 12-year-old  Caledonia Selection,,,,W000621,singleton of glen ord 12yo,61.02,,REJECT_LOW_CONFIDENCE,score_lt_86,,true
3b4fbe8596ccbcde0431edc7,Edradour 12-year-old  Caledonia Selection,,,,W000621,singleton of glen ord 12yo,61.02,,REJECT_LOW_CONFIDENCE,score_lt_86,,true
7b19e3d716bc31c2831f6261,Fettercairn 12-year-old,,,,W001065,fettercairn fior,68.75,,REJECT_LOW_CONFIDENCE,score_lt_86,,true
2c87010c366e1229f46037d0,Fettercairn 12-year-old,,,,W001065,fettercairn fior,68.75,,REJECT_LOW_CONFIDENCE,score_lt_86,,true
acb57956f4fb7d8e7ac63020,Fettercairn 12-year-old,,,,W001065,fettercairn fior,68.75,,REJECT_LOW_CONFIDENCE,score_lt_86,,true
b57391966fb5af72b282a15c,Fettercairn 12-year-old,,,,W001065,fettercairn fior,68.75,,REJECT_LOW_CONFIDENCE,score_lt_86,,true
fc2a55c8711bd477bc651be6,Fettercairn 12-year-old,,,,W001065,fettercairn fior,68.75,,REJECT_LOW_CONFIDENCE,score_lt_86,,true
4d1b5518823adc2801d80455,Fettercairn 12-year-old,,,,W001065,fettercairn fior,68.75,,REJECT_LOW_CONFIDENCE,score_lt_86,,true
8d14a778dacf96da225be7d5,Fettercairn 12-year-old,,,,W001065,fettercairn fior,68.75,,REJECT_LOW_CONFIDENCE,score_lt_86,,true
d4319ff9ef635e1b140153e3,Fettercairn 12-year-old,,,,W001065,fettercairn fior,68.75,,REJECT_LOW_CONFIDENCE,score_lt_86,,true
2e26c5ef814a85677e15c0e1,Fettercairn 12-year-old,,,,W001065,fettercairn fior,68.75,,REJECT_LOW_CONFIDENCE,score_lt_86,,true
598a12a70cc1fb33ddc59173,Fettercairn 16-year-old  2nd Release 2021,,,,W000997,port ellen 2nd release 24yo 54.3%,55.38,,REJECT_LOW_CONFIDENCE,score_lt_86,,true
4d6d188f7c40825a74717e99,Fettercairn 16-year-old  2nd Release 2021,,,,W000997,port ellen 2nd release 24yo 54.3%,55.38,,REJECT_LOW_CONFIDENCE,score_lt_86,,true
86eedb3addbe89e3f20670a2,Fettercairn 16-year-old  2nd Release 2021,,,,W000997,port ellen 2nd release 24yo 54.3%,55.38,,REJECT_LOW_CONFIDENCE,score_lt_86,,true
0809ae60d1f2497ed0b602a4,Fettercairn 16-year-old  2nd Release 2021,,,,W000997,port ellen 2nd release 24yo 54.3%,55.38,,REJECT_LOW_CONFIDENCE,score_lt_86,,true
587ebebbda91b2f2f89b2a31,Fettercairn 16-year-old  2nd Release 2021,,,,W000997,port ellen 2nd release 24yo 54.3%,55.38,,REJECT_LOW_CONFIDENCE,score_lt_86,,true
9459be1ae3d09e435eceebf9,Fettercairn 22-year-old,,,,W001065,fettercairn fior,68.75,,REJECT_LOW_CONFIDENCE,score_lt_86,,true
8292c05d9a7f3ca889bf6128,Fettercairn 22-year-old,,,,W001065,fettercairn fior,68.75,,REJECT_LOW_CONFIDENCE,score_lt_86,,true
8c344aed15ef694b5cde8627,Fettercairn 22-year-old,,,,W001065,fettercairn fior,68.75,,REJECT_LOW_CONFIDENCE,score_lt_86,,true
d1867d3eaa20e24095f88187,Fettercairn 22-year-old,,,,W001065,fettercairn fior,68.75,,REJECT_LOW_CONFIDENCE,score_lt_86,,true
cea82dec08630c1540aafb08,Fettercairn 22-year-old,,,,W001065,fettercairn fior,68.75,,REJECT_LOW_CONFIDENCE,score_lt_86,,true
172397030b016d27d4c99bd5,Four Roses 06-year-old  Kentucky Straight Bourbon Whiskey,,,,W001719,jefferson's reserve very old kentucky straight bourbon,69.9,,REJECT_LOW_CONFIDENCE,score_lt_86,,true
c1c714896e2018eca817a36d,Four Roses 06-year-old  Kentucky Straight Bourbon Whiskey,,,,W001719,jefferson's reserve very old kentucky straight bourbon,69.9,,REJECT_LOW_CONFIDENCE,score_lt_86,,true
6da07163baddc424887efcc9,Four Roses Kentucky Straight Bourbon Whiskey,,,,W001719,jefferson's reserve very old kentucky straight bourbon,73.47,,REJECT_LOW_CONFIDENCE,score_lt_86,,true
7e131c48b01de515e68379fe,Four Roses NAS  Kentucky Straight Bourbon Whiskey,,,,W001719,jefferson's reserve very old kentucky straight bourbon,72.55,,REJECT_LOW_CONFIDENCE,score_lt_86,,true
17e4ee8ffb54696ed6e3cbb8,Glen Elgin 12-year-old  Speyside Single Pot Still Malt Whisky,,,,W000860,shelter point artisanal single malt whisky,58.95,,REJECT_LOW_CONFIDENCE,score_lt_86,,true
289f9bb4fc2e0a47e0fd511f,Glen Elgin 12-year-old  Speyside Single Pot Still Malt Whisky,,,,W000860,shelter point artisanal single malt whisky,58.95,,REJECT_LOW_CONFIDENCE,score_lt_86,,true
0913b0229cc01210d996d0ea,Glen Elgin 12-year-old  Speyside Single Pot Still Malt Whisky,,,,W000860,shelter point artisanal single malt whisky,58.95,,REJECT_LOW_CONFIDENCE,score_lt_86,,true
ef2d77cff6a1b6083212f7d6,Glen Elgin 12-year-old  Speyside Single Pot Still Malt Whisky,,,,W000860,shelter point artisanal single malt whisky,58.95,,REJECT_LOW_CONFIDENCE,score_lt_86,,true
4d19daa14955f1c0b5b4f2d8,Glen Elgin 12-year-old  Speyside Single Pot Still Malt Whisky,,,,W000860,shelter point artisanal single malt whisky,58.95,,REJECT_LOW_CONFIDENCE,score_lt_86,,true
8fa9a6812cc3515e97c5e155,Glen Elgin 12-year-old  Speyside Single Pot Still Malt Whisky,,,,W000860,shelter point artisanal single malt whisky,58.95,,REJECT_LOW_CONFIDENCE,score_lt_86,,true
16d906693f35fb0a1deb8a1c,Glen Elgin 12-year-old  Speyside Single Pot Still Malt Whisky,,,,W000860,shelter point artisanal single malt whisky,58.95,,REJECT_LOW_CONFIDENCE,score_lt_86,,true
254e816da655b9e4fa26eb1f,Glen Elgin 12-year-old  Speyside Single Pot Still Malt Whisky,,,,W000860,shelter point artisanal single malt whisky,58.95,,REJECT_LOW_CONFIDENCE,score_lt_86,,true
65ca1ad2abcf50726bfbcc0c,Glen Elgin 12-year-old  Speyside Single Pot Still Malt Whisky,,,2021,W000860,shelter point artisanal single malt whisky,58.95,,REJECT_LOW_CONFIDENCE,score_lt_86,,true
fdeab5a64a21c08bc1ebc093,Glen Garioch 12-year-old,,,,W000509,glen garioch 12yo,100.0,,KEEP_PRODUCT_FEATURE,score_gte_94_no_conflict,,true
b7d81fccf0944d1ba7933817,Glen Garioch 12-year-old,,,,W000509,glen garioch 12yo,100.0,,KEEP_PRODUCT_FEATURE,score_gte_94_no_conflict,,true
7b1602a0888af6c144fead64,Glen Garioch 12-year-old,,,,W000509,glen garioch 12yo,100.0,,KEEP_PRODUCT_FEATURE,score_gte_94_no_conflict,,true
e0eb25fe7348ddbb922ca8f8,Glen Garioch 12-year-old,,,,W000509,glen garioch 12yo,100.0,,KEEP_PRODUCT_FEATURE,score_gte_94_no_conflict,,true
ceec7a4ab532c6d638eb6368,Glen Garioch 12-year-old,,,,W000509,glen garioch 12yo,100.0,,KEEP_PRODUCT_FEATURE,score_gte_94_no_conflict,,true
6c39efec6d1d8bd4962658d9,Glen Garioch 12-year-old,,,,W000509,glen garioch 12yo,100.0,,KEEP_PRODUCT_FEATURE,score_gte_94_no_conflict,,true
3f7c6b14c3ec926bff278fc1,Glen Garioch 12-year-old,,,,W000509,glen garioch 12yo,100.0,,KEEP_PRODUCT_FEATURE,score_gte_94_no_conflict,,true
7251c86f7422456993046b7d,Glen Garioch 12-year-old,,,,W000509,glen garioch 12yo,100.0,,KEEP_PRODUCT_FEATURE,score_gte_94_no_conflict,,true
e9b3046a3ed0e46d1590aee4,Glen Garioch 12-year-old,,,,W000509,glen garioch 12yo,100.0,,KEEP_PRODUCT_FEATURE,score_gte_94_no_conflict,,true
0ea76259c4651da3455cb3ca,Glen Garioch 15-year-old  Sherry Cask Matured,,,,W000283,glen garioch 15yo sherry cask matured,100.0,,KEEP_PRODUCT_FEATURE,score_gte_94_no_conflict,,true
a8661fdeaa4f2768197fe1db,Glen Garioch 15-year-old  Sherry Cask Matured,,,,W000283,glen garioch 15yo sherry cask matured,100.0,,KEEP_PRODUCT_FEATURE,score_gte_94_no_conflict,,true
88eeaad0a83da3d2efcbbfc6,Glen Garioch 15-year-old  Sherry Cask Matured,,,,W000283,glen garioch 15yo sherry cask matured,100.0,,KEEP_PRODUCT_FEATURE,score_gte_94_no_conflict,,true
10589ea03c984e7c48edb761,Glen Garioch 15-year-old  Sherry Cask Matured,,,,W000283,glen garioch 15yo sherry cask matured,100.0,,KEEP_PRODUCT_FEATURE,score_gte_94_no_conflict,,true
573bbfa86f41b8e180ab4434,Glen Garioch 15-year-old  Sherry Cask Matured,,,,W000283,glen garioch 15yo sherry cask matured,100.0,,KEEP_PRODUCT_FEATURE,score_gte_94_no_conflict,,true
4805dd5df3596de4f9c373fb,Glen Garioch 15-year-old  Sherry Cask Matured,,,,W000283,glen garioch 15yo sherry cask matured,100.0,,KEEP_PRODUCT_FEATURE,score_gte_94_no_conflict,,true
76b1ac7e251115f485884868,Glen Garioch 15-year-old  Sherry Cask Matured,,,,W000283,glen garioch 15yo sherry cask matured,100.0,,KEEP_PRODUCT_FEATURE,score_gte_94_no_conflict,,true
9c76867dde388a41c320ef68,Glen Garioch 15-year-old  Sherry Cask Matured,,,,W000283,glen garioch 15yo sherry cask matured,100.0,,KEEP_PRODUCT_FEATURE,score_gte_94_no_conflict,,true
43713b8f4da3f5cd0776b33c,Glen Garioch 15-year-old  Sherry Cask Matured,,,,W000283,glen garioch 15yo sherry cask matured,100.0,,KEEP_PRODUCT_FEATURE,score_gte_94_no_conflict,,true
0c19583438ee1067fe8e0a57,Glen Garioch 15-year-old  Sherry Cask Matured,,,,W000283,glen garioch 15yo sherry cask matured,100.0,,KEEP_PRODUCT_FEATURE,score_gte_94_no_conflict,,true
a0b6546f0e48c193064e9423,Glen Garioch Founder's Reserve 1797,,,,W000797,glen garioch founder's reserve,92.31,,REVIEW_PRODUCT_FEATURE,score_86_93_no_conflict,,true
957b3b6fedac69f9f851da46,Glen Garioch Founder's Reserve 1797,,,,W000797,glen garioch founder's reserve,92.31,,REVIEW_PRODUCT_FEATURE,score_86_93_no_conflict,,true
c1854859ba7ec08cab6613de,Glen Garioch Founder's Reserve 1797,,,,W000797,glen garioch founder's reserve,92.31,,REVIEW_PRODUCT_FEATURE,score_86_93_no_conflict,,true
190a479fdeb50cc77f1341fd,Glen Garioch Founder's Reserve 1797,,,,W000797,glen garioch founder's reserve,92.31,,REVIEW_PRODUCT_FEATURE,score_86_93_no_conflict,,true
5db1071590b09d7e420dbb2b,Glen Garioch Founder's Reserve 1797,,,,W000797,glen garioch founder's reserve,92.31,,REVIEW_PRODUCT_FEATURE,score_86_93_no_conflict,,true
3759989cc48c7ad1bff19ff9,Glen Garioch Founder's Reserve 1797,,,,W000797,glen garioch founder's reserve,92.31,,REVIEW_PRODUCT_FEATURE,score_86_93_no_conflict,,true
81369e70b11b2578ef79360e,Glen Garioch Founder's Reserve 1797,,,,W000797,glen garioch founder's reserve,92.31,,REVIEW_PRODUCT_FEATURE,score_86_93_no_conflict,,true
b6bc0378b47c0307ccf1e4ee,Glen Garioch Founder's Reserve 1797,,,,W000797,glen garioch founder's reserve,92.31,,REVIEW_PRODUCT_FEATURE,score_86_93_no_conflict,,true
4f0e51daa984f29719a34ef2,Glen Garioch Founder's Reserve 1797,,,2019,W000797,glen garioch founder's reserve,92.31,,REVIEW_PRODUCT_FEATURE,score_86_93_no_conflict,,true
2a01224e9df2d2e2a75a7a44,Glen Grant 10-year-old,,,,W000017,glen grant 10yo,100.0,,KEEP_PRODUCT_FEATURE,score_gte_94_no_conflict,,true
ffcf5fe3a52045cd9f0a9f2e,Glen Grant 10-year-old,,,2019,W000017,glen grant 10yo,100.0,,KEEP_PRODUCT_FEATURE,score_gte_94_no_conflict,,true
d2ca382e260201a1ef8298e9,Glen Grant 10-year-old,,,,W000017,glen grant 10yo,100.0,,KEEP_PRODUCT_FEATURE,score_gte_94_no_conflict,,true
59301c6a5842bbeb32d3fafc,Glen Grant 10-year-old,,,,W000017,glen grant 10yo,100.0,,KEEP_PRODUCT_FEATURE,score_gte_94_no_conflict,,true
828a9790d8615e6e7d63d66f,Glen Grant 10-year-old,,,,W000017,glen grant 10yo,100.0,,KEEP_PRODUCT_FEATURE,score_gte_94_no_conflict,,true
8a256d0ca22c6a39ed175b3d,Glen Grant 10-year-old,,,,W000017,glen grant 10yo,100.0,,KEEP_PRODUCT_FEATURE,score_gte_94_no_conflict,,true
c7fd29453147ef9aea3055af,Glen Grant 12-year-old,,,,W000823,glen grant 12yo,100.0,,KEEP_PRODUCT_FEATURE,score_gte_94_no_conflict,,true
97291e69d4cdf25b755f4eae,Glen Grant 12-year-old,,,,W000823,glen grant 12yo,100.0,,KEEP_PRODUCT_FEATURE,score_gte_94_no_conflict,,true
43d8f17d460b5d02222a1172,Glen Grant 12-year-old,,,,W000823,glen grant 12yo,100.0,,KEEP_PRODUCT_FEATURE,score_gte_94_no_conflict,,true
319c8a5b619b0cb366f6bb85,Glen Grant 12-year-old,,,2016,W000823,glen grant 12yo,100.0,,KEEP_PRODUCT_FEATURE,score_gte_94_no_conflict,,true
b4fcb350218cee10f980fa9a,Glen Grant 12-year-old,,,,W000823,glen grant 12yo,100.0,,KEEP_PRODUCT_FEATURE,score_gte_94_no_conflict,,true
e8224f81ae88a720b352bcb3,Glen Grant 12-year-old,,,,W000823,glen grant 12yo,100.0,,KEEP_PRODUCT_FEATURE,score_gte_94_no_conflict,,true
92209ff1233ebea965c829f7,Glen Grant 12-year-old,,,,W000823,glen grant 12yo,100.0,,KEEP_PRODUCT_FEATURE,score_gte_94_no_conflict,,true
9ebf75daabe48aba23de01b6,Glen Grant 15-year-old   Batch Strength - 1st Edition,,,,W000204,glengoyne cask strength (batch 1),65.75,,REJECT_LOW_CONFIDENCE,score_lt_86,,true
f684f58219303a7a40e6a6ec,Glen Grant 18-year-old,,,,W000562,glen grant 18yo,100.0,,KEEP_PRODUCT_FEATURE,score_gte_94_no_conflict,,true
c9ec9c9e26dcc1e011ab8c93,Glen Grant 18-year-old,,,,W000562,glen grant 18yo,100.0,,KEEP_PRODUCT_FEATURE,score_gte_94_no_conflict,,true
e5ca5414879a24c00a5b16d9,Glen Grant 18-year-old,,,,W000562,glen grant 18yo,100.0,,KEEP_PRODUCT_FEATURE,score_gte_94_no_conflict,,true
43b97bc76c26f926364cb7e4,Glen Grant 18-year-old,,,,W000562,glen grant 18yo,100.0,,KEEP_PRODUCT_FEATURE,score_gte_94_no_conflict,,true
4dd22661b5203faf50b8f265,Glen Grant 18-year-old,,,,W000562,glen grant 18yo,100.0,,KEEP_PRODUCT_FEATURE,score_gte_94_no_conflict,,true
4e6a36631bcfe04880fa1213,Glen Grant 18-year-old,,,,W000562,glen grant 18yo,100.0,,KEEP_PRODUCT_FEATURE,score_gte_94_no_conflict,,true
6a9fb6422528f4c02b83f9ec,Glen Grant The Major's Reserve,,,,W000892,glen grant the major's reserve,100.0,,KEEP_PRODUCT_FEATURE,score_gte_94_no_conflict,,true
9e263d5763b056fe47167568,Glen Grant The Major's Reserve,,,,W000892,glen grant the major's reserve,100.0,,KEEP_PRODUCT_FEATURE,score_gte_94_no_conflict,,true
1c8f1ce1c26592aba0781372,Glen Grant The Major's Reserve,,,,W000892,glen grant the major's reserve,100.0,,KEEP_PRODUCT_FEATURE,score_gte_94_no_conflict,,true
92eedae93f754be13c697451,Glen Grant The Major's Reserve,,,,W000892,glen grant the major's reserve,100.0,,KEEP_PRODUCT_FEATURE,score_gte_94_no_conflict,,true
7eed7e1d2d7fc743487bcb16,Glen Grant The Major's Reserve,,,,W000892,glen grant the major's reserve,100.0,,KEEP_PRODUCT_FEATURE,score_gte_94_no_conflict,,true
b4ed12bab17dd797b3c3edc3,Glen Grant The Major's Reserve,,,,W000892,glen grant the major's reserve,100.0,,KEEP_PRODUCT_FEATURE,score_gte_94_no_conflict,,true
bb1e0871ed648a0b0613163b,Glen Grant The Major's Reserve,,,,W000892,glen grant the major's reserve,100.0,,KEEP_PRODUCT_FEATURE,score_gte_94_no_conflict,,true
7fc2f9a83c82e34210315c4d,Glen Grant The Major's Reserve,,,,W000892,glen grant the major's reserve,100.0,,KEEP_PRODUCT_FEATURE,score_gte_94_no_conflict,,true
a9e11f63d12e21c9f829d103,Glen Grant The Major's Reserve,,,,W000892,glen grant the major's reserve,100.0,,KEEP_PRODUCT_FEATURE,score_gte_94_no_conflict,,true
749f86a6bc78f6824951748e,Glen Keith 1983,,,2019,W000546,glenlivet 18yo,62.07,,REJECT_LOW_CONFIDENCE,score_lt_86,,true
36fa91aaf91fb0ab33a470aa,Glen Keith 1983,,,,W000546,glenlivet 18yo,62.07,,REJECT_LOW_CONFIDENCE,score_lt_86,,true
6119b114fbcba257e2526955,Glen Keith 1983,,,,W000546,glenlivet 18yo,62.07,,REJECT_LOW_CONFIDENCE,score_lt_86,,true
8e172e9c666922e91f2037f6,Glen Keith 1983,,,,W000546,glenlivet 18yo,62.07,,REJECT_LOW_CONFIDENCE,score_lt_86,,true
c49fa96a6c66300e8fa6a262,Glen Keith 1983,,,,W000546,glenlivet 18yo,62.07,,REJECT_LOW_CONFIDENCE,score_lt_86,,true
096633c0885ebab8684ed278,Glen Keith 1983,,,,W000546,glenlivet 18yo,62.07,,REJECT_LOW_CONFIDENCE,score_lt_86,,true
3c2602dd3bf5ef6577da45e4,Glen Keith 1995  Chivas Brothers - Cask Strength Edition,,,,W001179,compass box peat monster 2015 cask strength,62.5,,REJECT_LOW_CONFIDENCE,score_lt_86,,true
7418c265ed9bafa7810acb31,Glen Keith 1995  Chivas Brothers - Cask Strength Edition,,,,W001179,compass box peat monster 2015 cask strength,62.5,,REJECT_LOW_CONFIDENCE,score_lt_86,,true
ba93b8c4253c3a995e4c6f39,Glen Keith 1995  Chivas Brothers - Cask Strength Edition,,,,W001179,compass box peat monster 2015 cask strength,62.5,,REJECT_LOW_CONFIDENCE,score_lt_86,,true
acd2670bfd563e0ba1898c00,Glen Keith 1995  Chivas Brothers - Cask Strength Edition,,,,W001179,compass box peat monster 2015 cask strength,62.5,,REJECT_LOW_CONFIDENCE,score_lt_86,,true
fb32171df5d07da349064422,Glen Keith 1995  Chivas Brothers - Cask Strength Edition,,,,W001179,compass box peat monster 2015 cask strength,62.5,,REJECT_LOW_CONFIDENCE,score_lt_86,,true
0a372f1e9a86f40729066b62,Glen Keith 1995  Chivas Brothers - Cask Strength Edition,,,,W001179,compass box peat monster 2015 cask strength,62.5,,REJECT_LOW_CONFIDENCE,score_lt_86,,true
b1c2abc466cbb78ca088ebd8,Glen Keith 1996  Chivas Brothers - Cask Strength Edition,,,,W000744,arran malt 12yo cask strength (all editions),61.05,,REJECT_LOW_CONFIDENCE,score_lt_86,,true
9049ec7ae4a047546869177e,Glen Keith 1996  Chivas Brothers - Cask Strength Edition,,,1995,W000744,arran malt 12yo cask strength (all editions),61.05,,REJECT_LOW_CONFIDENCE,score_lt_86,,true
9b3b7bfcb195184e32bf102c,Glen Keith 1998  The Distillery Reserve Collection,,,2018,W000958,kavalan distillery reserve peaty cask,60.47,,REJECT_LOW_CONFIDENCE,score_lt_86,,true
7c70cef15cec3dc8cbd249e5,Glen Keith 1998  The Distillery Reserve Collection,,,,W000958,kavalan distillery reserve peaty cask,60.47,,REJECT_LOW_CONFIDENCE,score_lt_86,,true
3ace0e6960ab400af1b72bc3,Glen Keith 1998  The Distillery Reserve Collection,,,,W000958,kavalan distillery reserve peaty cask,60.47,,REJECT_LOW_CONFIDENCE,score_lt_86,,true
504a38dfaf6f253be4ee9c01,Glen Keith 1998  The Distillery Reserve Collection,,,,W000958,kavalan distillery reserve peaty cask,60.47,,REJECT_LOW_CONFIDENCE,score_lt_86,,true
61da1b19a4916a0218b633f2,Glen Keith 21-year-old  Special Aged Release,,,,W000409,cragganmore 12yo (special release 2019),68.49,,REJECT_LOW_CONFIDENCE,score_lt_86,,true
4812fef2a039a2d28bb746f2,Glen Keith 21-year-old  Special Aged Release,,,,W000409,cragganmore 12yo (special release 2019),68.49,,REJECT_LOW_CONFIDENCE,score_lt_86,,true
45a59b4c8b0c3006d4951051,Glen Keith 21-year-old  Special Aged Release,,,,W000409,cragganmore 12yo (special release 2019),68.49,,REJECT_LOW_CONFIDENCE,score_lt_86,,true
9c74b277ef6897914366eb22,Glen Keith 21-year-old  Special Aged Release,,,,W000409,cragganmore 12yo (special release 2019),68.49,,REJECT_LOW_CONFIDENCE,score_lt_86,,true
ede2ed6ca64b0961ca5b772f,Glen Keith 21-year-old  Special Aged Release,,,,W000409,cragganmore 12yo (special release 2019),68.49,,REJECT_LOW_CONFIDENCE,score_lt_86,,true
7ac70519e5f7f36ed8720114,Glen Keith 21-year-old  Special Aged Release,,,,W000409,cragganmore 12yo (special release 2019),68.49,,REJECT_LOW_CONFIDENCE,score_lt_86,,true
c76752747b51e293fde16b17,Glen Keith 21-year-old  Special Aged Release,,,,W000409,cragganmore 12yo (special release 2019),68.49,,REJECT_LOW_CONFIDENCE,score_lt_86,,true
4108bbacb3f7f3ba4e057fb5,Glen Keith 21-year-old  Special Aged Release,,,,W000409,cragganmore 12yo (special release 2019),68.49,,REJECT_LOW_CONFIDENCE,score_lt_86,,true
3334075ff1aefcb832ffcdce,Glen Keith 21-year-old  Special Aged Release,,,,W000409,cragganmore 12yo (special release 2019),68.49,,REJECT_LOW_CONFIDENCE,score_lt_86,,true
e20d4fea5f1511a2bcb4f047,Glen Keith 21-year-old  Special Aged Release,,,2021,W000409,cragganmore 12yo (special release 2019),68.49,,REJECT_LOW_CONFIDENCE,score_lt_86,,true
c87370e7f16bdb8551efce75,Glen Keith 25-year-old  Special Aged Release,,,,W000409,cragganmore 12yo (special release 2019),68.49,,REJECT_LOW_CONFIDENCE,score_lt_86,,true
483238986c552b434f5e9d70,Glen Keith 28-year-old  Special Aged Release,,,2021,W000409,cragganmore 12yo (special release 2019),68.49,,REJECT_LOW_CONFIDENCE,score_lt_86,,true
3518dcac1e82e8589f620df3,Glen Keith 28-year-old  Special Aged Release,,,,W000409,cragganmore 12yo (special release 2019),68.49,,REJECT_LOW_CONFIDENCE,score_lt_86,,true
f54fd0db1f48600975f71d3c,Glen Keith Distillery Edition,,,,W000515,glenfiddich 15yo distillery edition,78.12,,REJECT_LOW_CONFIDENCE,score_lt_86,,true
08e34a20fc5622d602a64c6b,Glen Keith Distillery Edition,,,,W000515,glenfiddich 15yo distillery edition,78.12,,REJECT_LOW_CONFIDENCE,score_lt_86,,true
c80f76f189c6e1edef2b62b6,Glen Keith Distillery Edition,,,,W000515,glenfiddich 15yo distillery edition,78.12,,REJECT_LOW_CONFIDENCE,score_lt_86,,true
e377e2a3e980013a48bc6173,Glen Keith Distillery Edition,,,,W000515,glenfiddich 15yo distillery edition,78.12,,REJECT_LOW_CONFIDENCE,score_lt_86,,true
f9663c4b2f4d7b4034463a3c,Glen Keith Distillery Edition,,,,W000515,glenfiddich 15yo distillery edition,78.12,,REJECT_LOW_CONFIDENCE,score_lt_86,,true
e80240c86ac825da3dee03d7,Glen Moray 10-year-old  Fired Oak,,,,W000383,glen moray 16yo,70.0,,REJECT_LOW_CONFIDENCE,score_lt_86,,true
c69f375d4ca13fd41e5dc75e,Glen Moray 10-year-old  Fired Oak,,,,W000383,glen moray 16yo,70.0,,REJECT_LOW_CONFIDENCE,score_lt_86,,true
e09631e8c6c923d78bedbab3,Glen Moray 10-year-old  Fired Oak,,,,W000383,glen moray 16yo,70.0,,REJECT_LOW_CONFIDENCE,score_lt_86,,true
215afa4f8fcd103e6be16981,Glen Moray 10-year-old  Fired Oak,,,,W000383,glen moray 16yo,70.0,,REJECT_LOW_CONFIDENCE,score_lt_86,,true
2f6245ab10462ff641684c30,Glen Moray 10-year-old  Fired Oak,,,,W000383,glen moray 16yo,70.0,,REJECT_LOW_CONFIDENCE,score_lt_86,,true
ffedd14cc6f7d0e7f5ee18f4,Glen Moray 10-year-old  Fired Oak,,,,W000383,glen moray 16yo,70.0,,REJECT_LOW_CONFIDENCE,score_lt_86,,true
5e5866d643d6e54f4719143f,Glen Moray 10-year-old  Fired Oak,,,,W000383,glen moray 16yo,70.0,,REJECT_LOW_CONFIDENCE,score_lt_86,,true
8b979c1f7c7b1230a6a3afd3,Glen Moray 12-year-old  Elgin Heritage,,,,W000588,glen elgin 12yo,66.67,,REJECT_LOW_CONFIDENCE,score_lt_86,,true
72a4b9a860cad82cf2a9f7de,Glen Moray 12-year-old  Elgin Heritage,,,,W000588,glen elgin 12yo,66.67,,REJECT_LOW_CONFIDENCE,score_lt_86,,true
8d3a6d79b5c747e339adb3a9,Glen Moray 12-year-old  Elgin Heritage,,,,W000588,glen elgin 12yo,66.67,,REJECT_LOW_CONFIDENCE,score_lt_86,,true
f0c5cbb074a72f9b0992dd03,Glen Moray 12-year-old  Elgin Heritage,,,,W000588,glen elgin 12yo,66.67,,REJECT_LOW_CONFIDENCE,score_lt_86,,true
1cd475120516ee69bc981fe9,Glen Moray 12-year-old  Elgin Heritage,,,,W000588,glen elgin 12yo,66.67,,REJECT_LOW_CONFIDENCE,score_lt_86,,true
8e70fe2a7b086a3526f56cd7,Glen Moray 12-year-old  Elgin Heritage,,,,W000588,glen elgin 12yo,66.67,,REJECT_LOW_CONFIDENCE,score_lt_86,,true
ac1143e34b93932050e99d49,Glen Moray 12-year-old  Elgin Heritage,,,,W000588,glen elgin 12yo,66.67,,REJECT_LOW_CONFIDENCE,score_lt_86,,true
cf55ea630e00e9c9e7d1f260,Glen Moray 15-year-old  Elgin Heritage,,,,W000383,glen moray 16yo,62.22,,REJECT_LOW_CONFIDENCE,score_lt_86,,true
9442ad757f3f6edeba8afea3,Glen Moray 15-year-old  Elgin Heritage,,,,W000383,glen moray 16yo,62.22,,REJECT_LOW_CONFIDENCE,score_lt_86,,true
fff7d04ed8b3dc39483a4ad4,Glen Moray 15-year-old  Elgin Heritage,,,,W000383,glen moray 16yo,62.22,,REJECT_LOW_CONFIDENCE,score_lt_86,,true
c2ffaf2678bcfde4399d5215,Glen Moray 15-year-old  Elgin Heritage,,,,W000383,glen moray 16yo,62.22,,REJECT_LOW_CONFIDENCE,score_lt_86,,true
e5cb996b954d7bbcc7fed27d,Glen Moray 15-year-old  Elgin Heritage,,,,W000383,glen moray 16yo,62.22,,REJECT_LOW_CONFIDENCE,score_lt_86,,true
22fbb005a8366d8996f449f7,Glen Moray 15-year-old  Elgin Heritage,,,,W000383,glen moray 16yo,62.22,,REJECT_LOW_CONFIDENCE,score_lt_86,,true
af54b229286282ed87133be8,Glen Moray 15-year-old  Elgin Heritage,,,,W000383,glen moray 16yo,62.22,,REJECT_LOW_CONFIDENCE,score_lt_86,,true
ed7b9bec5559dbf4b102f5dd,Glen Moray 18-year-old  Elgin Heritage,,,,W000383,glen moray 16yo,62.22,,REJECT_LOW_CONFIDENCE,score_lt_86,,true
6a24d6cbdf3c53ad89be8195,Glen Moray 18-year-old  Elgin Heritage,,,,W000383,glen moray 16yo,62.22,,REJECT_LOW_CONFIDENCE,score_lt_86,,true
bfd9f70f7bdb1cb30af30504,Glen Moray 18-year-old  Elgin Heritage,,,,W000383,glen moray 16yo,62.22,,REJECT_LOW_CONFIDENCE,score_lt_86,,true
732927b34ef368b16a4ce47a,Glen Moray 18-year-old  Elgin Heritage,,,,W000383,glen moray 16yo,62.22,,REJECT_LOW_CONFIDENCE,score_lt_86,,true
73ab85cc4dd26fbd9cc58e61,Glen Moray 18-year-old  Elgin Heritage,,,,W000383,glen moray 16yo,62.22,,REJECT_LOW_CONFIDENCE,score_lt_86,,true
edb6ab90ed2ead9647ff409b,Glen Moray 18-year-old  Elgin Heritage,,,,W000383,glen moray 16yo,62.22,,REJECT_LOW_CONFIDENCE,score_lt_86,,true
0dad3efc924182caca63efad,Glen Moray 18-year-old  Elgin Heritage,,,2020,W000383,glen moray 16yo,62.22,,REJECT_LOW_CONFIDENCE,score_lt_86,,true
e28f49f7d6314b386f8a8304,Glen Moray 18-year-old  Elgin Heritage,,,,W000383,glen moray 16yo,62.22,,REJECT_LOW_CONFIDENCE,score_lt_86,,true
bb40af04c229785b3c78368b,Glen Moray 18-year-old  Elgin Heritage,,,,W000383,glen moray 16yo,62.22,,REJECT_LOW_CONFIDENCE,score_lt_86,,true
9b81aaa066289eac7072fa23,Glen Moray 18-year-old  Elgin Heritage,,,,W000383,glen moray 16yo,62.22,,REJECT_LOW_CONFIDENCE,score_lt_86,,true
8f596e99183965839aea88ae,Glen Moray Elgin Classic  Peated,,,,W001066,glen moray classic peated,89.29,,REVIEW_PRODUCT_FEATURE,score_86_93_no_conflict,,true
741359a2837536817edb42bc,Glen Moray Elgin Classic  Peated,,,,W001066,glen moray classic peated,89.29,,REVIEW_PRODUCT_FEATURE,score_86_93_no_conflict,,true
abde0dd9f26bfee8f1e91d33,Glen Moray Elgin Classic  Peated,,,,W001066,glen moray classic peated,89.29,,REVIEW_PRODUCT_FEATURE,score_86_93_no_conflict,,true
6da144ec503811e5b5ea151b,Glen Moray Elgin Classic  Peated,,,,W001066,glen moray classic peated,89.29,,REVIEW_PRODUCT_FEATURE,score_86_93_no_conflict,,true
1b764c6c00e2ff2996474883,Glen Moray Elgin Classic  Peated,,,,W001066,glen moray classic peated,89.29,,REVIEW_PRODUCT_FEATURE,score_86_93_no_conflict,,true
0589ee1e6719e9734c3e068d,Glen Moray Elgin Classic  Peated,,,,W001066,glen moray classic peated,89.29,,REVIEW_PRODUCT_FEATURE,score_86_93_no_conflict,,true
20367ef0dac7e099e21c045f,Glen Moray Elgin Classic  Peated,,,,W001066,glen moray classic peated,89.29,,REVIEW_PRODUCT_FEATURE,score_86_93_no_conflict,,true
4c51fc97c5b23d7b8611c22a,Glen Moray Elgin Classic  Peated,,,,W001066,glen moray classic peated,89.29,,REVIEW_PRODUCT_FEATURE,score_86_93_no_conflict,,true
c949e1aefb0bb77e165b6749,Glen Moray Elgin Classic  Chardonnay Cask Finish,,,,W000355,glen moray classic port cask finish,73.17,,REJECT_LOW_CONFIDENCE,score_lt_86,,true
171a6c42d8ba8f892d6de14a,Glen Moray Elgin Classic  Chardonnay Cask Finish,,,,W000355,glen moray classic port cask finish,73.17,,REJECT_LOW_CONFIDENCE,score_lt_86,,true
2129656ed4cd16dec98020f6,Glen Moray Elgin Classic  Chardonnay Cask Finish,,,,W000355,glen moray classic port cask finish,73.17,,REJECT_LOW_CONFIDENCE,score_lt_86,,true
957af97964975f12879a2788,Glen Moray Elgin Classic  Chardonnay Cask Finish,,,,W000355,glen moray classic port cask finish,73.17,,REJECT_LOW_CONFIDENCE,score_lt_86,,true
c814e70d21f57fa22e41f9c3,Glen Moray Elgin Classic  Chardonnay Cask Finish,,,,W000355,glen moray classic port cask finish,73.17,,REJECT_LOW_CONFIDENCE,score_lt_86,,true
d31f8b1ff9446211d433429f,Glen Moray Elgin Classic  Chardonnay Cask Finish,,,,W000355,glen moray classic port cask finish,73.17,,REJECT_LOW_CONFIDENCE,score_lt_86,,true
9f677bc181677fb098fa10d8,Glen Moray Elgin Classic  Cabernet Cask Finish,,,1920,W000355,glen moray classic port cask finish,75.0,,REJECT_LOW_CONFIDENCE,score_lt_86,,true
4401210fcf81fa8b00588820,Glen Moray Elgin Classic  Cabernet Cask Finish,,,,W000355,glen moray classic port cask finish,75.0,,REJECT_LOW_CONFIDENCE,score_lt_86,,true
eba0dbdd45c4685c0f6a80bc,Glen Moray Elgin Classic  Cabernet Cask Finish,,,,W000355,glen moray classic port cask finish,75.0,,REJECT_LOW_CONFIDENCE,score_lt_86,,true
293209b11904bac913d31284,Glen Moray Elgin Classic  Cabernet Cask Finish,,,,W000355,glen moray classic port cask finish,75.0,,REJECT_LOW_CONFIDENCE,score_lt_86,,true
f61f6a84bcc5c4e6ce599e9e,Glen Moray Elgin Classic  Cabernet Cask Finish,,,,W000355,glen moray classic port cask finish,75.0,,REJECT_LOW_CONFIDENCE,score_lt_86,,true
ccf476b21d423bdfebd2c1bf,Glen Moray Elgin Classic  Cabernet Cask Finish,,,,W000355,glen moray classic port cask finish,75.0,,REJECT_LOW_CONFIDENCE,score_lt_86,,true
ebfd9fb492b7fc74a4589c3d,Glen Moray Elgin Classic  Port Cask Finish,,,,W000355,glen moray classic port cask finish,92.11,,REVIEW_PRODUCT_FEATURE,score_86_93_no_conflict,,true
fd2cd275d583457ae08777f6,Glen Moray Elgin Classic  Port Cask Finish,,,2015,W000355,glen moray classic port cask finish,92.11,,REVIEW_PRODUCT_FEATURE,score_86_93_no_conflict,,true
b74649d57de88b0fa5534ab6,Glen Moray Elgin Classic  Port Cask Finish,,,,W000355,glen moray classic port cask finish,92.11,,REVIEW_PRODUCT_FEATURE,score_86_93_no_conflict,,true
5ca47638f4816c543de370bc,Glen Moray Elgin Classic  Port Cask Finish,,,,W000355,glen moray classic port cask finish,92.11,,REVIEW_PRODUCT_FEATURE,score_86_93_no_conflict,,true
e8e94514b70511471bbfc6c3,Glen Moray Elgin Classic  Port Cask Finish,,,,W000355,glen moray classic port cask finish,92.11,,REVIEW_PRODUCT_FEATURE,score_86_93_no_conflict,,true
31f6cf472b6d2c9b217243ed,Glen Moray Elgin Classic  Port Cask Finish,,,,W000355,glen moray classic port cask finish,92.11,,REVIEW_PRODUCT_FEATURE,score_86_93_no_conflict,,true
65b5c03ab43ecd4e3f2bc9f4,Glen Moray Elgin Classic  Port Cask Finish,,,,W000355,glen moray classic port cask finish,92.11,,REVIEW_PRODUCT_FEATURE,score_86_93_no_conflict,,true
5f88c52c51a6e48fecd01ab7,Glen Moray Elgin Classic  Port Cask Finish,,,,W000355,glen moray classic port cask finish,92.11,,REVIEW_PRODUCT_FEATURE,score_86_93_no_conflict,,true
70ed6e8e5fd759f1cfd95ba0,Glen Moray Elgin Classic  Port Cask Finish,,,,W000355,glen moray classic port cask finish,92.11,,REVIEW_PRODUCT_FEATURE,score_86_93_no_conflict,,true
10a31979de134c4b9e800ddf,Glen Moray Elgin Classic  Sherry Cask Finish,,,,W000348,glen moray classic sherry cask finish,92.5,,REVIEW_PRODUCT_FEATURE,score_86_93_no_conflict,,true
e065577c996ecba885397f56,Glen Moray Elgin Classic  Sherry Cask Finish,,,,W000348,glen moray classic sherry cask finish,92.5,,REVIEW_PRODUCT_FEATURE,score_86_93_no_conflict,,true
9b80d2c20711feb8581e2868,Glen Moray Elgin Classic  Sherry Cask Finish,,,,W000348,glen moray classic sherry cask finish,92.5,,REVIEW_PRODUCT_FEATURE,score_86_93_no_conflict,,true
9d69d95f7b19b7cb61fff881,Glen Moray Elgin Classic,,,2016,W000890,glen moray classic,85.71,,REJECT_LOW_CONFIDENCE,score_lt_86,,true
c38d2138457f3ff53b72ba67,Glen Moray Elgin Classic,,,,W000890,glen moray classic,85.71,,REJECT_LOW_CONFIDENCE,score_lt_86,,true
765a5b996da37c907ceffa55,Glen Moray Elgin Classic,,,,W000890,glen moray classic,85.71,,REJECT_LOW_CONFIDENCE,score_lt_86,,true
f2825f2b23e53b977f5146a6,Glen Moray Elgin Classic,,,,W000890,glen moray classic,85.71,,REJECT_LOW_CONFIDENCE,score_lt_86,,true
8dfb31cee2eed4600ac33539,Glen Moray Elgin Classic,,,,W000890,glen moray classic,85.71,,REJECT_LOW_CONFIDENCE,score_lt_86,,true
c1efdf5f131e8bdc7b8d8bfa,Glen Moray Elgin Classic,,,,W000890,glen moray classic,85.71,,REJECT_LOW_CONFIDENCE,score_lt_86,,true
8e9dcc487332119d0ee94ed9,Glen Moray Elgin Classic,,,,W000890,glen moray classic,85.71,,REJECT_LOW_CONFIDENCE,score_lt_86,,true
3164dcbb65bfe97a7aead8b8,Glen Moray Elgin Classic,,,,W000890,glen moray classic,85.71,,REJECT_LOW_CONFIDENCE,score_lt_86,,true
a81517a69c4715b1cf5163b0,Glen Ord 12-year-old  Northern Highland Malt,,,,W000122,highland park 16yo thor,64.41,,REJECT_LOW_CONFIDENCE,score_lt_86,,true
b9390d70133ed9ae66182718,Glen Ord 12-year-old  Northern Highland Malt,,,,W000122,highland park 16yo thor,64.41,,REJECT_LOW_CONFIDENCE,score_lt_86,,true
876cd9a8ac023e9cf4b554fa,Glen Ord 12-year-old  Northern Highland Malt,,,,W000122,highland park 16yo thor,64.41,,REJECT_LOW_CONFIDENCE,score_lt_86,,true
b35a491aa937c1a6235d6409,Glen Ord 12-year-old  Northern Highland Malt,,,,W000122,highland park 16yo thor,64.41,,REJECT_LOW_CONFIDENCE,score_lt_86,,true
58da85402ae5530aa2f562bf,Glen Ord 12-year-old  Northern Highland Malt,,,,W000122,highland park 16yo thor,64.41,,REJECT_LOW_CONFIDENCE,score_lt_86,,true
6486f8bfb0da0d235a141896,Glen Ord 12-year-old  Northern Highland Malt,,,2003,W000122,highland park 16yo thor,64.41,,REJECT_LOW_CONFIDENCE,score_lt_86,,true
474de3d92f1e61b9710cd63e,Glen Ord 12-year-old  I shine not burn,,,,W000621,singleton of glen ord 12yo,71.43,,REJECT_LOW_CONFIDENCE,score_lt_86,,true
228a4c2568f56df08e7753ea,Glen Ord 12-year-old  I shine not burn,,,,W000621,singleton of glen ord 12yo,71.43,,REJECT_LOW_CONFIDENCE,score_lt_86,,true
fc230b2b2bb1ba0bf30b645d,Glen Ord 12-year-old  I shine not burn,,,,W000621,singleton of glen ord 12yo,71.43,,REJECT_LOW_CONFIDENCE,score_lt_86,,true
611435c50e3ac080d9628d3b,Glen Ord 12-year-old  I shine not burn,,,,W000621,singleton of glen ord 12yo,71.43,,REJECT_LOW_CONFIDENCE,score_lt_86,,true
cb550b5ad8ff4332e9af5ce9,Glen Ord 12-year-old  I shine not burn,,,,W000621,singleton of glen ord 12yo,71.43,,REJECT_LOW_CONFIDENCE,score_lt_86,,true
23e88034e007535f9dfbd8be,Glen Ord 12-year-old  I shine not burn,,,,W000621,singleton of glen ord 12yo,71.43,,REJECT_LOW_CONFIDENCE,score_lt_86,,true
64668265dd886a7d965ac38e,Glen Ord 12-year-old  I shine not burn,,,,W000621,singleton of glen ord 12yo,71.43,,REJECT_LOW_CONFIDENCE,score_lt_86,,true
f37e79c984b23191d72c508d,Glen Ord 12-year-old  I shine not burn,,,,W000621,singleton of glen ord 12yo,71.43,,REJECT_LOW_CONFIDENCE,score_lt_86,,true
077d01aeb01ffd0516dfa076,Glen Ord 12-year-old  I shine not burn,,,,W000621,singleton of glen ord 12yo,71.43,,REJECT_LOW_CONFIDENCE,score_lt_86,,true
b54a7f02b626b8d6793f6267,Glen Ord 12-year-old - Glenordie  John Dewar & Sons Ltd.,,,2002,W000621,singleton of glen ord 12yo,55.07,,REJECT_LOW_CONFIDENCE,score_lt_86,,true
ca8774f048fcbc14901961b2,Glen Ord 12-year-old - Glenordie  John Dewar & Sons Ltd.,,,,W000621,singleton of glen ord 12yo,55.07,,REJECT_LOW_CONFIDENCE,score_lt_86,,true
34e8d76bdd62a909b58a9a3a,Glen Ord 12-year-old - Glenordie  John Dewar & Sons Ltd.,,,,W000621,singleton of glen ord 12yo,55.07,,REJECT_LOW_CONFIDENCE,score_lt_86,,true
30d83e08a5c65fc743b7acd3,Glen Ord 12-year-old - Glenordie  Dewar's Scotch Whisky,,,,W001353,bell's original scotch whisky,59.46,,REJECT_LOW_CONFIDENCE,score_lt_86,,true
43bc2badde287b055ef345bf,Glen Ord 12-year-old - Glenordie  Dewar's Scotch Whisky,,,1970,W001353,bell's original scotch whisky,59.46,,REJECT_LOW_CONFIDENCE,score_lt_86,,true
1b9e8cd8ef63f88973510fc9,Glen Ord 12-year-old - Glenordie  Dewar's Scotch Whisky,,,,W001353,bell's original scotch whisky,59.46,,REJECT_LOW_CONFIDENCE,score_lt_86,,true
b8d56a4dda4cedce14cc3838,Glen Ord 12-year-old - Glenordie  Dewar's Scotch Whisky,,,,W001353,bell's original scotch whisky,59.46,,REJECT_LOW_CONFIDENCE,score_lt_86,,true
64ec4c92b2461fa2bf3237ed,Glen Ord 12-year-old - Glenordie  Dewar's Scotch Whisky,,,,W001353,bell's original scotch whisky,59.46,,REJECT_LOW_CONFIDENCE,score_lt_86,,true
5e10090cf41917f5b773dccc,Glen Ord 1969 Celebratory Whisky  Glen Ord Maltings 25th Anniversary,,,1969,W001530,forty creek three grain 20th anniversary,54.21,,REJECT_LOW_CONFIDENCE,score_lt_86,,true
2b31b20150f9225ebce80717,Glen Ord 1969 Celebratory Whisky  Glen Ord Maltings 25th Anniversary,,,1969,W001530,forty creek three grain 20th anniversary,54.21,,REJECT_LOW_CONFIDENCE,score_lt_86,,true
e0a31574e8a0e572ae522235,Glen Ord 1969 Celebratory Whisky  Glen Ord Maltings 25th Anniversary,,,,W001530,forty creek three grain 20th anniversary,54.21,,REJECT_LOW_CONFIDENCE,score_lt_86,,true
7e01b73c62a08a3420a2503f,Glen Ord 1973  Rare Malts Selection,,,2021,W000679,singleton of glen ord signature,61.54,,REJECT_LOW_CONFIDENCE,score_lt_86,,true
175aa490ee0220dbcf86dc57,Glen Ord 1973  Rare Malts Selection,,,,W000679,singleton of glen ord signature,61.54,,REJECT_LOW_CONFIDENCE,score_lt_86,,true
700ae7cf8a6924e8f31ee7fd,Glen Ord 1973  Rare Malts Selection,,,,W000679,singleton of glen ord signature,61.54,,REJECT_LOW_CONFIDENCE,score_lt_86,,true
fb0d6ea74bdff043e2166879,Glen Ord 1973  Rare Malts Selection,,,2017,W000679,singleton of glen ord signature,61.54,,REJECT_LOW_CONFIDENCE,score_lt_86,,true
039e384d9c0c2232ceaa8629,Glen Ord 1973  Rare Malts Selection,,,,W000679,singleton of glen ord signature,61.54,,REJECT_LOW_CONFIDENCE,score_lt_86,,true
d06845ad16d1ebbe7df06b7d,Glen Ord 1973  Rare Malts Selection,,,,W000679,singleton of glen ord signature,61.54,,REJECT_LOW_CONFIDENCE,score_lt_86,,true
e411188f97b8475ab716256c,Glen Ord 1974  Rare Malts Selection,,,2019,W000679,singleton of glen ord signature,61.54,,REJECT_LOW_CONFIDENCE,score_lt_86,,true
a94e90f432106cf16406be2c,Glen Ord 1974  Rare Malts Selection,,,1973,W000679,singleton of glen ord signature,61.54,,REJECT_LOW_CONFIDENCE,score_lt_86,,true
5bec1eb3c4a38c4fb8800770,Glen Ord 1974  Rare Malts Selection,,,,W000679,singleton of glen ord signature,61.54,,REJECT_LOW_CONFIDENCE,score_lt_86,,true
2312bcd17a3cc7912bf73267,Glen Ord 1974  Rare Malts Selection,,,,W000679,singleton of glen ord signature,61.54,,REJECT_LOW_CONFIDENCE,score_lt_86,,true
055edf208b29450b1b2e824e,Glen Ord 1974  Rare Malts Selection,,,,W000679,singleton of glen ord signature,61.54,,REJECT_LOW_CONFIDENCE,score_lt_86,,true
e72ef2c984369d706d658802,Glen Ord 1997  The Managers' Choice,,,1997,W000016,glenmorangie the original 10y,58.06,,REJECT_LOW_CONFIDENCE,score_lt_86,,true
08fa3e952f4d0df2cbf86585,Glen Ord 25-year-old  Diageo Special Releases 2004,,,2020,W000409,cragganmore 12yo (special release 2019),65.82,,REJECT_LOW_CONFIDENCE,score_lt_86,,true
6441ef54401a5980e39fe9f5,Glen Ord 25-year-old  Diageo Special Releases 2004,,,,W000409,cragganmore 12yo (special release 2019),65.82,,REJECT_LOW_CONFIDENCE,score_lt_86,,true
49d6a19cc57d68e07bc7840b,Glen Ord 25-year-old  Diageo Special Releases 2004,,,,W000409,cragganmore 12yo (special release 2019),65.82,,REJECT_LOW_CONFIDENCE,score_lt_86,,true
059179a0e3ba053d9ae82185,Glen Ord 25-year-old  Diageo Special Releases 2004,,,,W000409,cragganmore 12yo (special release 2019),65.82,,REJECT_LOW_CONFIDENCE,score_lt_86,,true
2467fb721f52f7cb956118fe,Glen Ord 25-year-old  Diageo Special Releases 2004,,,,W000409,cragganmore 12yo (special release 2019),65.82,,REJECT_LOW_CONFIDENCE,score_lt_86,,true
84785ea424f4094097c8b292,Glen Ord 25-year-old  Diageo Special Releases 2004,,,,W000409,cragganmore 12yo (special release 2019),65.82,,REJECT_LOW_CONFIDENCE,score_lt_86,,true
72c202b4be122c002200295e,Glen Ord 25-year-old  Diageo Special Releases 2004,,,,W000409,cragganmore 12yo (special release 2019),65.82,,REJECT_LOW_CONFIDENCE,score_lt_86,,true
cde22969e379472182a6309f,Glen Ord 28-year-old  Diageo Special Releases 2003,,,2018,W000409,cragganmore 12yo (special release 2019),65.82,,REJECT_LOW_CONFIDENCE,score_lt_86,,true
0397abbd22862edacf057aa8,Glen Ord 28-year-old  Diageo Special Releases 2003,,,,W000409,cragganmore 12yo (special release 2019),65.82,,REJECT_LOW_CONFIDENCE,score_lt_86,,true
69ee90da5b10a049a32f2a2c,Glen Ord 28-year-old  Diageo Special Releases 2003,,,,W000409,cragganmore 12yo (special release 2019),65.82,,REJECT_LOW_CONFIDENCE,score_lt_86,,true
5f3ae8f5397f1f7b7959e794,Glen Ord 28-year-old  Diageo Special Releases 2003,,,,W000409,cragganmore 12yo (special release 2019),65.82,,REJECT_LOW_CONFIDENCE,score_lt_86,,true
3482ab9e5ddca528fc60c7a0,Glen Ord 28-year-old  Diageo Special Releases 2003,,,,W000409,cragganmore 12yo (special release 2019),65.82,,REJECT_LOW_CONFIDENCE,score_lt_86,,true
ecfd60e650bbd85e5be64f45,Glen Ord 28-year-old  Diageo Special Releases 2003,,,,W000409,cragganmore 12yo (special release 2019),65.82,,REJECT_LOW_CONFIDENCE,score_lt_86,,true
12719aacba08cc1c2868a498,Glen Ord 28-year-old  Diageo Special Releases 2003,,,,W000409,cragganmore 12yo (special release 2019),65.82,,REJECT_LOW_CONFIDENCE,score_lt_86,,true
ec545b34206e0db1c16413fb,Glen Ord 30-year-old  Diageo Special Releases 2005,,,,W000409,cragganmore 12yo (special release 2019),65.82,,REJECT_LOW_CONFIDENCE,score_lt_86,,true
898317f97390ae0d92b0a296,Glen Ord 30-year-old  Diageo Special Releases 2005,,,2015,W000409,cragganmore 12yo (special release 2019),65.82,,REJECT_LOW_CONFIDENCE,score_lt_86,,true
26586d73b8bd80295df89650,Glen Ord 30-year-old  Diageo Special Releases 2005,,,,W000409,cragganmore 12yo (special release 2019),65.82,,REJECT_LOW_CONFIDENCE,score_lt_86,,true
fcf53070dd1b3c765097da9c,Glen Ord 30-year-old  Diageo Special Releases 2005,,,,W000409,cragganmore 12yo (special release 2019),65.82,,REJECT_LOW_CONFIDENCE,score_lt_86,,true
24031aa80fc5803824319920,Glen Ord 30-year-old  Diageo Special Releases 2005,,,1977,W000409,cragganmore 12yo (special release 2019),65.82,,REJECT_LOW_CONFIDENCE,score_lt_86,,true
bfa694dbb1cbbe480ddb08da,Glen Ord 30-year-old  Diageo Special Releases 2005,,,,W000409,cragganmore 12yo (special release 2019),65.82,,REJECT_LOW_CONFIDENCE,score_lt_86,,true
36e1f59bdeb3d7bfa968f7b1,Glen Ord 30-year-old  Diageo Special Releases 2005,,,,W000409,cragganmore 12yo (special release 2019),65.82,,REJECT_LOW_CONFIDENCE,score_lt_86,,true
c9f1aa208a7d7165b1f2bf79,Glen Ord 30-year-old  Diageo Special Releases 2005,,,2021,W000409,cragganmore 12yo (special release 2019),65.82,,REJECT_LOW_CONFIDENCE,score_lt_86,,true
7ba92cdb91ed7aa3344edf89,Ord 05-year-old  Finest Highland Malt - Peter Dawson Ltd.,,,,W000200,highland park 15yo fire,55.07,,REJECT_LOW_CONFIDENCE,score_lt_86,,true
fe7ce9eade9d5a63a1158b53,"Ord 05-year-old  Finest Highland Malt - Peter Dawson Ltd., Manzuoli Import",,,,W000713,mackinlay's shackleton rare old highland malt (both limited editions),52.71,,REJECT_LOW_CONFIDENCE,score_lt_86,,true
af5c1575a3496ebea7c98846,Ord 12-year-old  Finest Highland Malt - Peter Dawson Ltd.,,,,W000075,highland park 17yo the dark,57.53,,REJECT_LOW_CONFIDENCE,score_lt_86,,true
66e081d70f08ae784eca10ba,Ord 12-year-old  Finest Highland Malt - Peter Dawson,,,,W000075,highland park 17yo the dark,60.87,,REJECT_LOW_CONFIDENCE,score_lt_86,,true
ba22b49b68f096dcf1e6ee34,Ord 16-year-old  The Manager's Dram,,,2018,W000324,jura 16yo diurach's own,56.0,,REJECT_LOW_CONFIDENCE,score_lt_86,,true
f2198a8f6a500f0095a72cb5,Ord 16-year-old  The Manager's Dram,,,,W000324,jura 16yo diurach's own,56.0,,REJECT_LOW_CONFIDENCE,score_lt_86,,true
3ad8a96532d9a565a2d46e07,Ord 16-year-old  The Manager's Dram,,,1975,W000324,jura 16yo diurach's own,56.0,,REJECT_LOW_CONFIDENCE,score_lt_86,,true
ec2fddbf9afa804c152babf9,Ord 16-year-old  The Manager's Dram,,,1991,W000324,jura 16yo diurach's own,56.0,,REJECT_LOW_CONFIDENCE,score_lt_86,,true
47877aef5705055e3d631ea0,Ord 16-year-old  The Manager's Dram,,,,W000324,jura 16yo diurach's own,56.0,,REJECT_LOW_CONFIDENCE,score_lt_86,,true
18747b883c715a649ffc5536,Ord 16-year-old  The Manager's Dram,,,,W000324,jura 16yo diurach's own,56.0,,REJECT_LOW_CONFIDENCE,score_lt_86,,true
989aab905fea1a1bda969152,Ord 16-year-old  The Manager's Dram,,,,W000324,jura 16yo diurach's own,56.0,,REJECT_LOW_CONFIDENCE,score_lt_86,,true
38cfd35a030faf58bb8bdd66,Ord 16-year-old  The Manager's Dram,,,,W000324,jura 16yo diurach's own,56.0,,REJECT_LOW_CONFIDENCE,score_lt_86,,true
eade96d17545ad6ee04053ad,The Singleton of Glen Ord 12-year-old  Perfectly Balanced,,,2021,W000621,singleton of glen ord 12yo,69.33,,REJECT_LOW_CONFIDENCE,score_lt_86,,true
296df77c5522470b0caacc65,The Singleton of Glen Ord 12-year-old  Perfectly Balanced,,,,W000621,singleton of glen ord 12yo,69.33,,REJECT_LOW_CONFIDENCE,score_lt_86,,true
1458296a5333df4914cf59ee,The Singleton of Glen Ord 12-year-old  Perfectly Balanced,,,,W000621,singleton of glen ord 12yo,69.33,,REJECT_LOW_CONFIDENCE,score_lt_86,,true
6c993ac9aa3f45d66d076d1f,The Singleton of Glen Ord 12-year-old  Perfectly Balanced,,,,W000621,singleton of glen ord 12yo,69.33,,REJECT_LOW_CONFIDENCE,score_lt_86,,true
2288ef2cb8a7c9b4f032eabb,The Singleton of Glen Ord 12-year-old,,,,W000621,singleton of glen ord 12yo,92.86,,REVIEW_PRODUCT_FEATURE,score_86_93_no_conflict,,true
d0f1ba61249148b8269b75e4,The Singleton of Glen Ord 12-year-old,,,,W000621,singleton of glen ord 12yo,92.86,,REVIEW_PRODUCT_FEATURE,score_86_93_no_conflict,,true
1aa3b60aab14f4b15d65800e,The Singleton of Glen Ord 12-year-old,,,,W000621,singleton of glen ord 12yo,92.86,,REVIEW_PRODUCT_FEATURE,score_86_93_no_conflict,,true
124339356c2b8907d34616fd,The Singleton of Glen Ord 12-year-old,,,,W000621,singleton of glen ord 12yo,92.86,,REVIEW_PRODUCT_FEATURE,score_86_93_no_conflict,,true
7bfedb2ce3e5fed516c2741a,The Singleton of Glen Ord 12-year-old,,,,W000621,singleton of glen ord 12yo,92.86,,REVIEW_PRODUCT_FEATURE,score_86_93_no_conflict,,true
195c40b0c5478842627d1512,The Singleton of Glen Ord 12-year-old,,,,W000621,singleton of glen ord 12yo,92.86,,REVIEW_PRODUCT_FEATURE,score_86_93_no_conflict,,true
0dccc3790264081cce3acd0a,The Singleton of Glen Ord 12-year-old,,,,W000621,singleton of glen ord 12yo,92.86,,REVIEW_PRODUCT_FEATURE,score_86_93_no_conflict,,true
247667f11e5da01c6e26a9ba,The Singleton of Glen Ord 12-year-old,,,,W000621,singleton of glen ord 12yo,92.86,,REVIEW_PRODUCT_FEATURE,score_86_93_no_conflict,,true
c68faf60b30dac9ca583fddc,The Singleton of Glen Ord 14-year-old  Diageo Special Releases 2018,,,2018,W000409,cragganmore 12yo (special release 2019),62.5,,REJECT_LOW_CONFIDENCE,score_lt_86,,true
b6921898a1487c291bc707d7,The Singleton of Glen Ord 14-year-old  Diageo Special Releases 2018,,,,W000409,cragganmore 12yo (special release 2019),62.5,,REJECT_LOW_CONFIDENCE,score_lt_86,,true
f093c278e1431acc398411b2,The Singleton of Glen Ord 14-year-old  Diageo Special Releases 2018,,,,W000409,cragganmore 12yo (special release 2019),62.5,,REJECT_LOW_CONFIDENCE,score_lt_86,,true
684b4d94fdb98ea9047cd7a3,The Singleton of Glen Ord 14-year-old  Diageo Special Releases 2018,,,,W000409,cragganmore 12yo (special release 2019),62.5,,REJECT_LOW_CONFIDENCE,score_lt_86,,true
40533de7e4715106b66099a3,The Singleton of Glen Ord 14-year-old  Diageo Special Releases 2018,,,,W000409,cragganmore 12yo (special release 2019),62.5,,REJECT_LOW_CONFIDENCE,score_lt_86,,true
39c717cd805e1b03bd8cb1f7,The Singleton of Glen Ord 14-year-old  Diageo Special Releases 2018,,,2018,W000409,cragganmore 12yo (special release 2019),62.5,,REJECT_LOW_CONFIDENCE,score_lt_86,,true
0dc6fa476eebfcf502ab4bba,The Singleton of Glen Ord 14-year-old  Diageo Special Releases 2018,,,,W000409,cragganmore 12yo (special release 2019),62.5,,REJECT_LOW_CONFIDENCE,score_lt_86,,true
5b76474835f866813be977ce,The Singleton of Glen Ord 15-year-old,,,,W000584,singleton of glen ord 15yo,92.86,,REVIEW_PRODUCT_FEATURE,score_86_93_no_conflict,,true
16adba6d6fd042e7062d9433,The Singleton of Glen Ord 15-year-old,,,,W000584,singleton of glen ord 15yo,92.86,,REVIEW_PRODUCT_FEATURE,score_86_93_no_conflict,,true
9dbc2c8cae828793ebb88eea,The Singleton of Glen Ord 15-year-old,,,,W000584,singleton of glen ord 15yo,92.86,,REVIEW_PRODUCT_FEATURE,score_86_93_no_conflict,,true
8d36df412cd62f699494070b,The Singleton of Glen Ord 15-year-old,,,,W000584,singleton of glen ord 15yo,92.86,,REVIEW_PRODUCT_FEATURE,score_86_93_no_conflict,,true
d58ddc205e0837f501766972,The Singleton of Glen Ord 15-year-old,,,,W000584,singleton of glen ord 15yo,92.86,,REVIEW_PRODUCT_FEATURE,score_86_93_no_conflict,,true
bdf4500a31afe12307d0371a,The Singleton of Glen Ord 15-year-old,,,,W000584,singleton of glen ord 15yo,92.86,,REVIEW_PRODUCT_FEATURE,score_86_93_no_conflict,,true
608a6ff18fa6965f8d29a103,The Singleton of Glen Ord 15-year-old,,,,W000584,singleton of glen ord 15yo,92.86,,REVIEW_PRODUCT_FEATURE,score_86_93_no_conflict,,true
609fd2cab8309018a6f584c6,The Singleton of Glen Ord 16-year-old  The Manager's Dram,,,,W000321,singleton of glen ord 18yo,66.67,,REJECT_LOW_CONFIDENCE,score_lt_86,,true
f965775a4a5b69b47d2f4a86,The Singleton of Glen Ord 16-year-old  The Manager's Dram,,,,W000321,singleton of glen ord 18yo,66.67,,REJECT_LOW_CONFIDENCE,score_lt_86,,true
50b3a48cd2c69224a990fe9e,The Singleton of Glen Ord 18-year-old  Slow Batch Distilled,,,,W000321,singleton of glen ord 18yo,67.53,,REJECT_LOW_CONFIDENCE,score_lt_86,,true
7431b542b3e6181d66a6ec11,The Singleton of Glen Ord 18-year-old  Slow Batch Distilled,,,,W000321,singleton of glen ord 18yo,67.53,,REJECT_LOW_CONFIDENCE,score_lt_86,,true
86c171d21e9025bc7e2a0196,The Singleton of Glen Ord 18-year-old  Diageo Special Releases 2019,,,2019,W000409,cragganmore 12yo (special release 2019),64.58,,REJECT_LOW_CONFIDENCE,score_lt_86,,true
31cee0b44b4a3d2fb0b255ec,The Singleton of Glen Ord 18-year-old  Diageo Special Releases 2019,,,,W000409,cragganmore 12yo (special release 2019),64.58,,REJECT_LOW_CONFIDENCE,score_lt_86,,true
84621139d964232471b01852,The Singleton of Glen Ord 18-year-old  Diageo Special Releases 2019,,,,W000409,cragganmore 12yo (special release 2019),64.58,,REJECT_LOW_CONFIDENCE,score_lt_86,,true
e31fb20668ed666c26c76468,The Singleton of Glen Ord 18-year-old  Diageo Special Releases 2019,,,2020,W000409,cragganmore 12yo (special release 2019),64.58,,REJECT_LOW_CONFIDENCE,score_lt_86,,true
a6a845e469b19c76e0b0c7ee,The Singleton of Glen Ord 18-year-old  Diageo Special Releases 2019,,,,W000409,cragganmore 12yo (special release 2019),64.58,,REJECT_LOW_CONFIDENCE,score_lt_86,,true
c83ca921985ec851012078c3,The Singleton of Glen Ord 18-year-old  Diageo Special Releases 2019,,,,W000409,cragganmore 12yo (special release 2019),64.58,,REJECT_LOW_CONFIDENCE,score_lt_86,,true
8a7832ac592c4fc17f2a19d9,The Singleton of Glen Ord 18-year-old  Diageo Special Releases 2019,,,,W000409,cragganmore 12yo (special release 2019),64.58,,REJECT_LOW_CONFIDENCE,score_lt_86,,true
6600054b44e2be6566e098e5,The Singleton of Glen Ord 18-year-old  Diageo Special Releases 2019,,,,W000409,cragganmore 12yo (special release 2019),64.58,,REJECT_LOW_CONFIDENCE,score_lt_86,,true
d1cd3467d9a403801a670894,The Singleton of Glen Ord 18-year-old  Diageo Special Releases 2019,,,,W000409,cragganmore 12yo (special release 2019),64.58,,REJECT_LOW_CONFIDENCE,score_lt_86,,true
3932fba1bcd44f0464106a34,The Singleton of Glen Ord 18-year-old  Diageo Special Releases 2019,,,,W000409,cragganmore 12yo (special release 2019),64.58,,REJECT_LOW_CONFIDENCE,score_lt_86,,true
eb2eb48991366db2bb3e017f,The Singleton of Glen Ord 18-year-old,,,,W000321,singleton of glen ord 18yo,92.86,,REVIEW_PRODUCT_FEATURE,score_86_93_no_conflict,,true
803cc988620ad55c9eda8bbc,The Singleton of Glen Ord 18-year-old,,,,W000321,singleton of glen ord 18yo,92.86,,REVIEW_PRODUCT_FEATURE,score_86_93_no_conflict,,true
f268b95f704befa3897b89d6,The Singleton of Glen Ord 18-year-old,,,,W000321,singleton of glen ord 18yo,92.86,,REVIEW_PRODUCT_FEATURE,score_86_93_no_conflict,,true
86f616de723473b10630f29e,The Singleton of Glen Ord 18-year-old,,,,W000321,singleton of glen ord 18yo,92.86,,REVIEW_PRODUCT_FEATURE,score_86_93_no_conflict,,true
6ca6c6903166b725bf622ee6,The Singleton of Glen Ord 18-year-old,,,,W000321,singleton of glen ord 18yo,92.86,,REVIEW_PRODUCT_FEATURE,score_86_93_no_conflict,,true
2547941d4b3f6db839b5040d,The Singleton of Glen Ord 38-year-old,,,,W000321,singleton of glen ord 18yo,89.29,,REVIEW_PRODUCT_FEATURE,score_86_93_no_conflict,,true
fa309418eb5e7d12e139ae04,The Singleton of Glen Ord 38-year-old,,,,W000321,singleton of glen ord 18yo,89.29,,REVIEW_PRODUCT_FEATURE,score_86_93_no_conflict,,true
70e7ec7b46c12b73185d13de,The Singleton of Glen Ord Artisan  Reserve Collection,,,2018,W000679,singleton of glen ord signature,60.24,,REJECT_LOW_CONFIDENCE,score_lt_86,,true
b87ea1cd2125e1dd3e5e5406,The Singleton of Glen Ord Signature  Slow Batch Distilled,,,,W000679,singleton of glen ord signature,71.26,,REJECT_LOW_CONFIDENCE,score_lt_86,,true
8b1042e623f93fabeb758136,The Singleton of Glen Ord Signature  Reserve Collection,,,,W000679,singleton of glen ord signature,72.94,,REJECT_LOW_CONFIDENCE,score_lt_86,,true
758112acdd2d294105a20e30,The Singleton of Glen Ord Signature  Reserve Collection,,,2015,W000679,singleton of glen ord signature,72.94,,REJECT_LOW_CONFIDENCE,score_lt_86,,true
9d86415eaced2d61ae3f9f7c,The Singleton of Glen Ord Signature - Finished In Sherry Cask,,,,W000679,singleton of glen ord signature,68.89,,REJECT_LOW_CONFIDENCE,score_lt_86,,true
7346f9b02cec4a61c88f5664,Glen Scotia 10-year-old  Unpeated,,,,W000014,glen scotia 10y,75.0,,REJECT_LOW_CONFIDENCE,score_lt_86,,true
f4d58c130e20b76566045f48,Glen Scotia 10-year-old  Unpeated,,,,W000014,glen scotia 10y,75.0,,REJECT_LOW_CONFIDENCE,score_lt_86,,true
95139ec805eca37f9035f9f6,Glen Scotia 10-year-old  Unpeated,,,,W000014,glen scotia 10y,75.0,,REJECT_LOW_CONFIDENCE,score_lt_86,,true
48c3a627ac13a7e3e13e590a,Glen Scotia 10-year-old  Unpeated,,,,W000014,glen scotia 10y,75.0,,REJECT_LOW_CONFIDENCE,score_lt_86,,true
945498e07fdeee94a5c72031,Glen Scotia 10-year-old  Unpeated,,,,W000014,glen scotia 10y,75.0,,REJECT_LOW_CONFIDENCE,score_lt_86,,true
b25ad59d75a574a09662a4ea,Glen Scotia 10-year-old  Unpeated,,,2021,W000014,glen scotia 10y,75.0,,REJECT_LOW_CONFIDENCE,score_lt_86,,true
ac1c6710bff29f1d90f63c33,Glen Scotia 10-year-old  Unpeated,,,,W000014,glen scotia 10y,75.0,,REJECT_LOW_CONFIDENCE,score_lt_86,,true
5ec91893d17b35d6a7de8c52,Glen Scotia 10-year-old - Peated  Classic Campbeltown Malt,,,,W001066,glen moray classic peated,60.27,,REJECT_LOW_CONFIDENCE,score_lt_86,,true
e45976b7c06b59e55a3361ac,Glen Scotia 10-year-old - Peated  Classic Campbeltown Malt,,,,W001066,glen moray classic peated,60.27,,REJECT_LOW_CONFIDENCE,score_lt_86,,true
857e64066b613960bd4ad6f4,Glen Scotia 10-year-old - Peated  Classic Campbeltown Malt,,,,W001066,glen moray classic peated,60.27,,REJECT_LOW_CONFIDENCE,score_lt_86,,true
6af7d98f2532db15e0f3872a,Glen Scotia 10-year-old - Peated  Classic Campbeltown Malt,,,,W001066,glen moray classic peated,60.27,,REJECT_LOW_CONFIDENCE,score_lt_86,,true
1e0a6712eb6b5af572fdd87d,Glen Scotia 10-year-old - Peated  Classic Campbeltown Malt,,,,W001066,glen moray classic peated,60.27,,REJECT_LOW_CONFIDENCE,score_lt_86,,true
ce8548fa1140c14bc9a1b39c,Glen Scotia 10-year-old - Peated  Classic Campbeltown Malt,,,,W001066,glen moray classic peated,60.27,,REJECT_LOW_CONFIDENCE,score_lt_86,,true
aca5e5cdf6ff3b3d5beac136,Glen Scotia 10-year-old - Peated  Classic Campbeltown Malt,,,,W001066,glen moray classic peated,60.27,,REJECT_LOW_CONFIDENCE,score_lt_86,,true
cb80037604316e280ad5c1b5,Glen Scotia 10-year-old - Peated  Classic Campbeltown Malt,,,,W001066,glen moray classic peated,60.27,,REJECT_LOW_CONFIDENCE,score_lt_86,,true
d72da6975a5cd0fc27338a9c,Glen Scotia 15-year-old  Classic Campbeltown Malt,,,,W000241,glen garioch 15yo wine cask matured,57.89,,REJECT_LOW_CONFIDENCE,score_lt_86,,true
f0ac0ec46faee2f83a6a619e,Glen Scotia 15-year-old  Classic Campbeltown Malt,,,,W000241,glen garioch 15yo wine cask matured,57.89,,REJECT_LOW_CONFIDENCE,score_lt_86,,true
ca25df25237b79e0dc424701,Glen Scotia 15-year-old  Classic Campbeltown Malt,,,,W000241,glen garioch 15yo wine cask matured,57.89,,REJECT_LOW_CONFIDENCE,score_lt_86,,true
e3247b8d59f836d71fc4dd13,Glen Scotia 15-year-old  Classic Campbeltown Malt,,,2017,W000241,glen garioch 15yo wine cask matured,57.89,,REJECT_LOW_CONFIDENCE,score_lt_86,,true
99de89e2dc441fb4b69b9560,Glen Scotia 15-year-old  Classic Campbeltown Malt,,,,W000241,glen garioch 15yo wine cask matured,57.89,,REJECT_LOW_CONFIDENCE,score_lt_86,,true
1fccd75d913f78c94acf9309,Glen Scotia 15-year-old  Classic Campbeltown Malt,,,,W000241,glen garioch 15yo wine cask matured,57.89,,REJECT_LOW_CONFIDENCE,score_lt_86,,true
11f7fff15c7321019e594605,Glen Scotia 15-year-old  Classic Campbeltown Malt,,,,W000241,glen garioch 15yo wine cask matured,57.89,,REJECT_LOW_CONFIDENCE,score_lt_86,,true
c8de61ad0b4d5132c646e308,Glen Scotia 15-year-old  Classic Campbeltown Malt,,,,W000241,glen garioch 15yo wine cask matured,57.89,,REJECT_LOW_CONFIDENCE,score_lt_86,,true
2156e98518dfc8b865a22df7,Glen Scotia 18-year-old  Classic Campbeltown Malt,,,,W000798,glen scotia 18yo,56.14,,REJECT_LOW_CONFIDENCE,score_lt_86,,true
f95abba1d8c279fc08db7cea,Glen Scotia 18-year-old  Classic Campbeltown Malt,,,,W000798,glen scotia 18yo,56.14,,REJECT_LOW_CONFIDENCE,score_lt_86,,true
7e85d982c5bcae2598192325,Glen Scotia 18-year-old  Classic Campbeltown Malt,,,,W000798,glen scotia 18yo,56.14,,REJECT_LOW_CONFIDENCE,score_lt_86,,true
b5b82e11cc3043852ca7d666,Glen Scotia 18-year-old  Classic Campbeltown Malt,,,,W000798,glen scotia 18yo,56.14,,REJECT_LOW_CONFIDENCE,score_lt_86,,true
7030865c9dfe6bf54058a579,Glen Scotia 18-year-old  Classic Campbeltown Malt,,,,W000798,glen scotia 18yo,56.14,,REJECT_LOW_CONFIDENCE,score_lt_86,,true
3166ef8dd8e0b0cba5843b71,Glen Scotia 18-year-old  Classic Campbeltown Malt,,,,W000798,glen scotia 18yo,56.14,,REJECT_LOW_CONFIDENCE,score_lt_86,,true
ea33a2eedc6b41f44099d784,Glen Scotia 18-year-old  Classic Campbeltown Malt,,,,W000798,glen scotia 18yo,56.14,,REJECT_LOW_CONFIDENCE,score_lt_86,,true
5d25f0bbc7c49b6f34bd7c79,Glen Scotia 18-year-old  Classic Campbeltown Malt,,,,W000798,glen scotia 18yo,56.14,,REJECT_LOW_CONFIDENCE,score_lt_86,,true
3935dbec788b9ecfd51ff34f,Glen Scotia 18-year-old  Classic Campbeltown Malt,,,,W000798,glen scotia 18yo,56.14,,REJECT_LOW_CONFIDENCE,score_lt_86,,true
95c68bb4164be0a3b66dde94,Glen Scotia 25-year-old  Classic Campbeltown Malt,,,2017,W000690,glen scotia 25yo,56.14,,REJECT_LOW_CONFIDENCE,score_lt_86,,true
cbc96f27e6fa0f5a6f2fc2c8,Glen Scotia 25-year-old  Classic Campbeltown Malt,,,,W000690,glen scotia 25yo,56.14,,REJECT_LOW_CONFIDENCE,score_lt_86,,true
62763f1330916cba561ed9af,Glen Scotia 25-year-old  Classic Campbeltown Malt,,,2017,W000690,glen scotia 25yo,56.14,,REJECT_LOW_CONFIDENCE,score_lt_86,,true
62d61f308b86f798b0654660,Glen Scotia 25-year-old  Classic Campbeltown Malt,,,,W000690,glen scotia 25yo,56.14,,REJECT_LOW_CONFIDENCE,score_lt_86,,true
25c9d847cd4769377a0cf3bb,Glen Scotia 25-year-old  Classic Campbeltown Malt,,,,W000690,glen scotia 25yo,56.14,,REJECT_LOW_CONFIDENCE,score_lt_86,,true
2e32c8b056fc47f08e997d80,Glen Scotia 25-year-old  Classic Campbeltown Malt,,,,W000690,glen scotia 25yo,56.14,,REJECT_LOW_CONFIDENCE,score_lt_86,,true
0636d1da1747214d59d5685c,Glen Scotia 25-year-old  Classic Campbeltown Malt,,,,W000690,glen scotia 25yo,56.14,,REJECT_LOW_CONFIDENCE,score_lt_86,,true
5e6044eb9e77a599b0779510,Glen Scotia 25-year-old  Classic Campbeltown Malt,,,2021,W000690,glen scotia 25yo,56.14,,REJECT_LOW_CONFIDENCE,score_lt_86,,true
2ff8dcaf33632a9d748dff28,Glen Scotia Double Cask  Classic Campbeltown Malt,,,,W000365,glen scotia double cask,64.79,,REJECT_LOW_CONFIDENCE,score_lt_86,,true
84a4427ee678e82a2d8ac266,Glen Scotia Double Cask  Classic Campbeltown Malt,,,,W000365,glen scotia double cask,64.79,,REJECT_LOW_CONFIDENCE,score_lt_86,,true
40f0e287812e976611072de6,Glen Scotia Double Cask  Classic Campbeltown Malt,,,2017,W000365,glen scotia double cask,64.79,,REJECT_LOW_CONFIDENCE,score_lt_86,,true
84f1bc49aebe98bc2e1b5766,Glen Scotia Double Cask  Classic Campbeltown Malt,,,,W000365,glen scotia double cask,64.79,,REJECT_LOW_CONFIDENCE,score_lt_86,,true
5efb6773ce00ceccb35fef7b,Glen Scotia Double Cask  Classic Campbeltown Malt,,,,W000365,glen scotia double cask,64.79,,REJECT_LOW_CONFIDENCE,score_lt_86,,true
0b2fca2b6958fdb43e5a70ec,Glen Scotia Double Cask  Classic Campbeltown Malt,,,,W000365,glen scotia double cask,64.79,,REJECT_LOW_CONFIDENCE,score_lt_86,,true
225ba543e7e4f7c55d55ec04,Glen Scotia Double Cask  Classic Campbeltown Malt,,,,W000365,glen scotia double cask,64.79,,REJECT_LOW_CONFIDENCE,score_lt_86,,true
90e01bd73779a81cd968be68,Glen Scotia Double Cask  Classic Campbeltown Malt,,,,W000365,glen scotia double cask,64.79,,REJECT_LOW_CONFIDENCE,score_lt_86,,true
479268d496e7f0b89110930f,Glen Scotia Double Cask  Classic Campbeltown Malt,,,,W000365,glen scotia double cask,64.79,,REJECT_LOW_CONFIDENCE,score_lt_86,,true
ad625957b2ba01b0961db6c5,Glen Spey 12-year-old  Flora & Fauna,,,,W000873,glen spey 12yo (f&f),81.82,,REJECT_LOW_CONFIDENCE,score_lt_86,,true
68cdee0b2a1e61cfc9d8ccef,Glen Spey 12-year-old  Flora & Fauna,,,,W000873,glen spey 12yo (f&f),81.82,,REJECT_LOW_CONFIDENCE,score_lt_86,,true
681cb7508b2056a847fd8eed,Glen Spey 12-year-old  Flora & Fauna,,,,W000873,glen spey 12yo (f&f),81.82,,REJECT_LOW_CONFIDENCE,score_lt_86,,true
e702ed574e1234c02c7294fe,Glen Spey 12-year-old  Flora & Fauna,,,2017,W000873,glen spey 12yo (f&f),81.82,,REJECT_LOW_CONFIDENCE,score_lt_86,,true
9b19752ae462bb9c6533dbf3,Glen Spey 12-year-old  Flora & Fauna,,,,W000873,glen spey 12yo (f&f),81.82,,REJECT_LOW_CONFIDENCE,score_lt_86,,true
faf295df1198293ddf0f1499,Glen Spey 12-year-old  Flora & Fauna,,,,W000873,glen spey 12yo (f&f),81.82,,REJECT_LOW_CONFIDENCE,score_lt_86,,true
161c7b010a9af8ec15374115,Glenallachie 12-year-old,,,,W000850,glenkinchie 12yo,78.79,,REJECT_LOW_CONFIDENCE,score_lt_86,,true
8ea99a10fe2c63c416b87a37,Glenallachie 12-year-old,,,,W000850,glenkinchie 12yo,78.79,,REJECT_LOW_CONFIDENCE,score_lt_86,,true
677d36453bdca7b8bf1cfb32,Glenallachie 12-year-old,,,,W000850,glenkinchie 12yo,78.79,,REJECT_LOW_CONFIDENCE,score_lt_86,,true
4085ab96d54c8650907a9808,Glenallachie 12-year-old,,,,W000850,glenkinchie 12yo,78.79,,REJECT_LOW_CONFIDENCE,score_lt_86,,true
dd1bc9fa45bcf5cf8d2af9e5,Glenallachie 12-year-old,,,,W000850,glenkinchie 12yo,78.79,,REJECT_LOW_CONFIDENCE,score_lt_86,,true
e4b6d790124f1f1e671fac01,Glenallachie 12-year-old,,,,W000850,glenkinchie 12yo,78.79,,REJECT_LOW_CONFIDENCE,score_lt_86,,true
5268fdf3f07d3175acb61ddc,Glenallachie 12-year-old,,,,W000850,glenkinchie 12yo,78.79,,REJECT_LOW_CONFIDENCE,score_lt_86,,true
9145f7807c1a9fd4709d7a6d,Glenallachie 12-year-old,,,,W000850,glenkinchie 12yo,78.79,,REJECT_LOW_CONFIDENCE,score_lt_86,,true
0ff1995f28dd85459c7a7f81,Glenallachie 12-year-old,,,,W000850,glenkinchie 12yo,78.79,,REJECT_LOW_CONFIDENCE,score_lt_86,,true
abe31dcaf399f62112a6ca16,Glenallachie 12-year-old,,,,W000850,glenkinchie 12yo,78.79,,REJECT_LOW_CONFIDENCE,score_lt_86,,true
54ee6353887857d4a26ac8df,Glenallachie 15-year-old,,,,W000535,craigellachie 17yo,74.29,,REJECT_LOW_CONFIDENCE,score_lt_86,,true
7b9702743c99156bf80a7e8d,Glenallachie 15-year-old,,,,W000535,craigellachie 17yo,74.29,,REJECT_LOW_CONFIDENCE,score_lt_86,,true
5e878c0ff668eeed95803d5d,Glenallachie 15-year-old,,,2017,W000535,craigellachie 17yo,74.29,,REJECT_LOW_CONFIDENCE,score_lt_86,,true
73711751ce986df2e488c5e2,Glenallachie 15-year-old,,,,W000535,craigellachie 17yo,74.29,,REJECT_LOW_CONFIDENCE,score_lt_86,,true
bf64c9c68239fe7d73883060,Glenallachie 15-year-old,,,,W000535,craigellachie 17yo,74.29,,REJECT_LOW_CONFIDENCE,score_lt_86,,true
1483f32db32e0f7868c527b6,Glenallachie 15-year-old,,,,W000535,craigellachie 17yo,74.29,,REJECT_LOW_CONFIDENCE,score_lt_86,,true
47a91543be9272b0841806fd,Glenallachie 15-year-old,,,,W000535,craigellachie 17yo,74.29,,REJECT_LOW_CONFIDENCE,score_lt_86,,true
d41e463b240028b8f13d155d,Glenallachie 15-year-old,,,,W000535,craigellachie 17yo,74.29,,REJECT_LOW_CONFIDENCE,score_lt_86,,true
fca4322a7ea511d54793c9fe,Glenallachie 15-year-old,,,,W000535,craigellachie 17yo,74.29,,REJECT_LOW_CONFIDENCE,score_lt_86,,true
6e0e7e3462bedf093520628f,Glenallachie 15-year-old,,,2021,W000535,craigellachie 17yo,74.29,,REJECT_LOW_CONFIDENCE,score_lt_86,,true
faeeffa40d3232b42ccb37ea,Glenallachie 18-year-old,,,2018,W000546,glenlivet 18yo,77.42,,REJECT_LOW_CONFIDENCE,score_lt_86,,true
cb17649d007948cb18a657e4,Glenallachie 18-year-old,,,,W000546,glenlivet 18yo,77.42,,REJECT_LOW_CONFIDENCE,score_lt_86,,true
16f8d7590e06ed720f8dfa48,Glenallachie 18-year-old,,,,W000546,glenlivet 18yo,77.42,,REJECT_LOW_CONFIDENCE,score_lt_86,,true
799755a316a224e0a7c25f0e,Glenallachie 18-year-old,,,2020,W000546,glenlivet 18yo,77.42,,REJECT_LOW_CONFIDENCE,score_lt_86,,true
5019a3b5f7995f81cd7db6c3,Glenallachie 18-year-old,,,,W000546,glenlivet 18yo,77.42,,REJECT_LOW_CONFIDENCE,score_lt_86,,true
dcb641ee9eeb2dc4635be1d3,Glenallachie 18-year-old,,,,W000546,glenlivet 18yo,77.42,,REJECT_LOW_CONFIDENCE,score_lt_86,,true
5a6462370ec543d24c1bfffd,Glenallachie 18-year-old,,,,W000546,glenlivet 18yo,77.42,,REJECT_LOW_CONFIDENCE,score_lt_86,,true
a080f38ebf912a9dfa944851,Glenallachie 18-year-old,,,,W000546,glenlivet 18yo,77.42,,REJECT_LOW_CONFIDENCE,score_lt_86,,true
bf22e1689d9372684aad2513,Glenallachie 21-year-old  Batch Number One,,,,W000187,balvenie 21yo port wood,56.14,,REJECT_LOW_CONFIDENCE,score_lt_86,,true
210a6db8cbb3b559c03152f7,Glenallachie 21-year-old  Batch Number One,,,2020,W000187,balvenie 21yo port wood,56.14,,REJECT_LOW_CONFIDENCE,score_lt_86,,true
af322a1ed672681b821ffd3b,Glenallachie 21-year-old  Batch Number One,,,,W000187,balvenie 21yo port wood,56.14,,REJECT_LOW_CONFIDENCE,score_lt_86,,true
058414ffa00abd9acb3f45ff,Glenallachie 21-year-old  Batch Number One,,,,W000187,balvenie 21yo port wood,56.14,,REJECT_LOW_CONFIDENCE,score_lt_86,,true
583d9c4b3eac038087ec0bd8,Glenallachie 21-year-old  Batch Number One,,,,W000187,balvenie 21yo port wood,56.14,,REJECT_LOW_CONFIDENCE,score_lt_86,,true
11c33ba1db9b1c87f5261ecc,Glenallachie 21-year-old  Batch Number One,,,2021,W000187,balvenie 21yo port wood,56.14,,REJECT_LOW_CONFIDENCE,score_lt_86,,true
fbb78296a1f9aec953d3bdaa,Glenallachie 25-year-old,,,,W000436,craigellachie 23yo,74.29,,REJECT_LOW_CONFIDENCE,score_lt_86,,true
f2220d7ddea7d91486952388,Glenallachie 25-year-old,,,2018,W000436,craigellachie 23yo,74.29,,REJECT_LOW_CONFIDENCE,score_lt_86,,true
220df99d60c9d1d610d04ba7,Glenallachie 25-year-old,,,,W000436,craigellachie 23yo,74.29,,REJECT_LOW_CONFIDENCE,score_lt_86,,true
7476cac3148c2f85e2507e68,Glenallachie 25-year-old,,,2019,W000436,craigellachie 23yo,74.29,,REJECT_LOW_CONFIDENCE,score_lt_86,,true
961c037dad64e7061eb4c74a,Glenallachie 25-year-old,,,,W000436,craigellachie 23yo,74.29,,REJECT_LOW_CONFIDENCE,score_lt_86,,true
945736130832c1ef5a67b63a,Glenallachie 25-year-old,,,,W000436,craigellachie 23yo,74.29,,REJECT_LOW_CONFIDENCE,score_lt_86,,true
c55de3a6951291d038038d96,Glenallachie 25-year-old,,,,W000436,craigellachie 23yo,74.29,,REJECT_LOW_CONFIDENCE,score_lt_86,,true
6c3f8da7e00fe890030e306a,Glenallachie 25-year-old,,,,W000436,craigellachie 23yo,74.29,,REJECT_LOW_CONFIDENCE,score_lt_86,,true
fe7d51e22a485bb92a1195f0,Glenallachie 25-year-old,,,,W000436,craigellachie 23yo,74.29,,REJECT_LOW_CONFIDENCE,score_lt_86,,true
7a25fd41a8536c67175e4d8a,Glenallachie 25-year-old,,,,W000436,craigellachie 23yo,74.29,,REJECT_LOW_CONFIDENCE,score_lt_86,,true
42620c58424d148b8751d310,Glenallachie 30-year-old,,,,W000436,craigellachie 23yo,74.29,,REJECT_LOW_CONFIDENCE,score_lt_86,,true
8eb1fc2ec5f76ec3ddaf126d,Glenallachie 30-year-old,,,,W000436,craigellachie 23yo,74.29,,REJECT_LOW_CONFIDENCE,score_lt_86,,true
9264b0e9fdf2070e12784475,Glenallachie 30-year-old,,,,W000436,craigellachie 23yo,74.29,,REJECT_LOW_CONFIDENCE,score_lt_86,,true
4b46a4379d3a9615b23bda8f,Glenallachie 30-year-old,,,,W000436,craigellachie 23yo,74.29,,REJECT_LOW_CONFIDENCE,score_lt_86,,true
ddf1d3fa9cbcd2f86ee446c3,Glenallachie 30-year-old,,,,W000436,craigellachie 23yo,74.29,,REJECT_LOW_CONFIDENCE,score_lt_86,,true
1dc4202d49c0ef603d7a6c5b,Glenallachie 30-year-old,,,,W000436,craigellachie 23yo,74.29,,REJECT_LOW_CONFIDENCE,score_lt_86,,true
7bc3c2dff8fa5334ffc6386b,Glenallachie 30-year-old,,,,W000436,craigellachie 23yo,74.29,,REJECT_LOW_CONFIDENCE,score_lt_86,,true
71fd831cbdd0e6ddad11579b,Glenallachie 30-year-old,,,,W000436,craigellachie 23yo,74.29,,REJECT_LOW_CONFIDENCE,score_lt_86,,true
e076f356286fa7bfc7679b2b,Glenburgie 05-year-old  Glenburgie-Glenlivet,,,,W000462,glenlivet 21yo archive (all batches),57.14,,REJECT_LOW_CONFIDENCE,score_lt_86,,true
ce643a9af189a338ae49bb99,Glenburgie 05-year-old  Glenburgie-Glenlivet,,,,W000462,glenlivet 21yo archive (all batches),57.14,,REJECT_LOW_CONFIDENCE,score_lt_86,,true
6146f888e88b99f169944f1f,Glenburgie 05-year-old  Glenburgie-Glenlivet,,,,W000462,glenlivet 21yo archive (all batches),57.14,,REJECT_LOW_CONFIDENCE,score_lt_86,,true
47a619fc125f5977ac886cd3,Glenburgie 05-year-old  Glenburgie-Glenlivet,,,,W000462,glenlivet 21yo archive (all batches),57.14,,REJECT_LOW_CONFIDENCE,score_lt_86,,true
9a6dacdfc3f202f565161fa6,Glenburgie 05-year-old  Glenburgie-Glenlivet,,,,W000462,glenlivet 21yo archive (all batches),57.14,,REJECT_LOW_CONFIDENCE,score_lt_86,,true
6e9a69bec5a48cca7ede1b52,Glenburgie 05-year-old  Glenburgie-Glenlivet,,,1998,W000462,glenlivet 21yo archive (all batches),57.14,,REJECT_LOW_CONFIDENCE,score_lt_86,,true
31768fdd5ccb89124c2a9f55,Glenburgie 10-year-old  The Gray Cat,,,,W000655,glenburgie 10yo (gordon & macphail),67.8,,REJECT_LOW_CONFIDENCE,score_lt_86,,true
882ec81ab43f37e7b35292b3,Glenburgie 15-year-old  Special Distillery Bottling - Allied,,,2007,W000536,glenrothes vintage 1995 (all bottlings),59.77,,REJECT_LOW_CONFIDENCE,score_lt_86,,true
0c4f8f84b55bb5793975fad1,Glenburgie 15-year-old  Special Distillery Bottling - Allied,,,2021,W000536,glenrothes vintage 1995 (all bottlings),59.77,,REJECT_LOW_CONFIDENCE,score_lt_86,,true
568210baa171d1ae41b1576e,Glenburgie 15-year-old  Special Distillery Bottling - Allied,,,,W000536,glenrothes vintage 1995 (all bottlings),59.77,,REJECT_LOW_CONFIDENCE,score_lt_86,,true
6923f243bad9fdc17770116c,Glenburgie 15-year-old  Special Distillery Bottling - Allied,,,,W000536,glenrothes vintage 1995 (all bottlings),59.77,,REJECT_LOW_CONFIDENCE,score_lt_86,,true
98923962ecb612bdd4d4b11e,Glenburgie 15-year-old  Special Distillery Bottling - Allied,,,,W000536,glenrothes vintage 1995 (all bottlings),59.77,,REJECT_LOW_CONFIDENCE,score_lt_86,,true
11a64d947e9b7cdec6dc7609,Glenburgie 15-year-old  Ballantine's Series No. 001,,,,W001664,barrell 15yo craft spirits bourbon (batch 001),60.47,,REJECT_LOW_CONFIDENCE,score_lt_86,,true
a2b9f07eb104776fdc369656,Glenburgie 15-year-old  Ballantine's Series No. 001,,,,W001664,barrell 15yo craft spirits bourbon (batch 001),60.47,,REJECT_LOW_CONFIDENCE,score_lt_86,,true
6d96bbe3556fce609de0aa9a,Glenburgie 15-year-old  Ballantine's Series No. 001,,,,W001664,barrell 15yo craft spirits bourbon (batch 001),60.47,,REJECT_LOW_CONFIDENCE,score_lt_86,,true
cbc0641ffc15aeec66d3d35f,Glenburgie 15-year-old  Ballantine's Series No. 001,,,,W001664,barrell 15yo craft spirits bourbon (batch 001),60.47,,REJECT_LOW_CONFIDENCE,score_lt_86,,true
d058ca2db830152bb13bccf1,Glenburgie 15-year-old  Ballantine's Series No. 001,,,,W001664,barrell 15yo craft spirits bourbon (batch 001),60.47,,REJECT_LOW_CONFIDENCE,score_lt_86,,true
6255c9bc33d2a6c629393f3a,Glenburgie 15-year-old  Ballantine's Series No. 001,,,,W001664,barrell 15yo craft spirits bourbon (batch 001),60.47,,REJECT_LOW_CONFIDENCE,score_lt_86,,true
805b6931fafb12371d7ddda7,Glenburgie 15-year-old  Ballantine's Series No. 001,,,,W001664,barrell 15yo craft spirits bourbon (batch 001),60.47,,REJECT_LOW_CONFIDENCE,score_lt_86,,true
a490929c516cc66738309aba,Glenburgie 1965  Highland Malt,,,,W000655,glenburgie 10yo (gordon & macphail),63.33,,REJECT_LOW_CONFIDENCE,score_lt_86,,true
a871e30e8dd6f64ac4b577d3,Glenburgie 1974  Master Blender's Selection,,,,W000064,sheep dip old hebridean 1990 blended malt,57.83,,REJECT_LOW_CONFIDENCE,score_lt_86,,true
4c1a921035db077dcfe0de03,Glenburgie 1974  Master Blender's Selection,,,,W000064,sheep dip old hebridean 1990 blended malt,57.83,,REJECT_LOW_CONFIDENCE,score_lt_86,,true
b5810465e2b7a8060235373e,Glenburgie 1974  Master Blender's Selection,,,,W000064,sheep dip old hebridean 1990 blended malt,57.83,,REJECT_LOW_CONFIDENCE,score_lt_86,,true
dd09b4f4dc85dc103ac5a769,Glenburgie 1974  Master Blender's Selection,,,,W000064,sheep dip old hebridean 1990 blended malt,57.83,,REJECT_LOW_CONFIDENCE,score_lt_86,,true
fa322d30445a5094244b03f7,Glenburgie 1974  Master Blender's Selection,,,2015,W000064,sheep dip old hebridean 1990 blended malt,57.83,,REJECT_LOW_CONFIDENCE,score_lt_86,,true
67f913dbbbb2a985c4c7dc00,Glenburgie 1985  195th Anniversary,,,1985,W000375,jura 21yo 200th anniversary,63.33,,REJECT_LOW_CONFIDENCE,score_lt_86,,true
382e3a5e75540c04020cb9c2,Glenburgie 1992  Chivas Brothers - Cask Strength Edition,,,,W000204,glengoyne cask strength (batch 1),61.9,,REJECT_LOW_CONFIDENCE,score_lt_86,,true
86fff2038facf811623edfff,Glenburgie 1992  Chivas Brothers - Cask Strength Edition,,,,W000204,glengoyne cask strength (batch 1),61.9,,REJECT_LOW_CONFIDENCE,score_lt_86,,true
ec7f12d4649ae8472eaa786b,Glenburgie 1992  Chivas Brothers - Cask Strength Edition,,,2015,W000204,glengoyne cask strength (batch 1),61.9,,REJECT_LOW_CONFIDENCE,score_lt_86,,true
de640f239ec63e186cc85658,Glenburgie 1994  Chivas Brothers - Cask Strength Edition,,,2012,W000204,glengoyne cask strength (batch 1),61.9,,REJECT_LOW_CONFIDENCE,score_lt_86,,true
5f62809fd955114c2a5bc6dc,Glenburgie 1994  Chivas Brothers - Cask Strength Edition,,,,W000204,glengoyne cask strength (batch 1),61.9,,REJECT_LOW_CONFIDENCE,score_lt_86,,true
c36fa45229e64abfe090e620,Glenburgie 1994  Chivas Brothers - Cask Strength Edition,,,,W000204,glengoyne cask strength (batch 1),61.9,,REJECT_LOW_CONFIDENCE,score_lt_86,,true
a19aceca68cc5d473f38608e,Glenburgie 1994  Chivas Brothers - Cask Strength Edition,,,1994,W000204,glengoyne cask strength (batch 1),61.9,,REJECT_LOW_CONFIDENCE,score_lt_86,,true
b985f5a6a1a5fb03741dff94,Glenburgie 1994  Chivas Brothers - Cask Strength Edition,,,,W000204,glengoyne cask strength (batch 1),61.9,,REJECT_LOW_CONFIDENCE,score_lt_86,,true
643841b2adc623481dc0e5bf,Glenburgie 1994  Chivas Brothers - Cask Strength Edition,,,2015,W000204,glengoyne cask strength (batch 1),61.9,,REJECT_LOW_CONFIDENCE,score_lt_86,,true
9613d4ded35400f62f41c65f,Glenburgie 1997  Chivas Brothers - Cask Strength Edition,,,,W000121,glengoyne cask strength (batch 7),61.9,,REJECT_LOW_CONFIDENCE,score_lt_86,,true
d05bfcddbb745623ebf6d747,Glenburgie 1997  Chivas Brothers - Cask Strength Edition,,,,W000121,glengoyne cask strength (batch 7),61.9,,REJECT_LOW_CONFIDENCE,score_lt_86,,true
f8a13559a04bbe46dced2ea2,Glenburgie 1997  Chivas Brothers - Cask Strength Edition,,,,W000121,glengoyne cask strength (batch 7),61.9,,REJECT_LOW_CONFIDENCE,score_lt_86,,true
e3958404010961b4763c97cc,Glenburgie 1997  Chivas Brothers - Cask Strength Edition,,,,W000121,glengoyne cask strength (batch 7),61.9,,REJECT_LOW_CONFIDENCE,score_lt_86,,true
85d46a10ac9d6d9026eb9bd8,Glenburgie 1997  Chivas Brothers - Cask Strength Edition,,,,W000121,glengoyne cask strength (batch 7),61.9,,REJECT_LOW_CONFIDENCE,score_lt_86,,true
e1971ca06fc7c1b230954968,Glenburgie 1997  Chivas Brothers - Cask Strength Edition,,,,W000121,glengoyne cask strength (batch 7),61.9,,REJECT_LOW_CONFIDENCE,score_lt_86,,true
c0a99f4e3ac3c5f5c74abf6d,Glenburgie 1997  Chivas Brothers - Cask Strength Edition,,,1997,W000121,glengoyne cask strength (batch 7),61.9,,REJECT_LOW_CONFIDENCE,score_lt_86,,true
1626ca2464a3c5758e42d4a9,Glenburgie 1999  The Distillery Reserve Collection,,,,W000710,kavalan distillery reserve rum cask,57.14,,REJECT_LOW_CONFIDENCE,score_lt_86,,true
e576d9ffb83d5f28d1e43f85,Glenburgie 1999  The Distillery Reserve Collection,,,,W000710,kavalan distillery reserve rum cask,57.14,,REJECT_LOW_CONFIDENCE,score_lt_86,,true
63740d3746f7a759fdeb8708,Glencadam 10-year-old,,,,W000793,glencadam 10yo,100.0,,KEEP_PRODUCT_FEATURE,score_gte_94_no_conflict,,true
7172453ccb98a9f6ed376c35,Glencadam 10-year-old,,,,W000793,glencadam 10yo,100.0,,KEEP_PRODUCT_FEATURE,score_gte_94_no_conflict,,true
efe98460964a05dd88d96001,Glencadam 10-year-old,,,,W000793,glencadam 10yo,100.0,,KEEP_PRODUCT_FEATURE,score_gte_94_no_conflict,,true
32671469e5faca7cd0677469,Glencadam 10-year-old,,,,W000793,glencadam 10yo,100.0,,KEEP_PRODUCT_FEATURE,score_gte_94_no_conflict,,true
30fd0b8f01110f152d75359b,Glencadam 10-year-old,,,,W000793,glencadam 10yo,100.0,,KEEP_PRODUCT_FEATURE,score_gte_94_no_conflict,,true
d656917b869b18345ff8628b,Glencadam 10-year-old,,,,W000793,glencadam 10yo,100.0,,KEEP_PRODUCT_FEATURE,score_gte_94_no_conflict,,true
e2602515428447f4b384e5d2,Glencadam 10-year-old,,,,W000793,glencadam 10yo,100.0,,KEEP_PRODUCT_FEATURE,score_gte_94_no_conflict,,true
425463f9dfc42dc46591b00b,Glencadam 10-year-old,,,,W000793,glencadam 10yo,100.0,,KEEP_PRODUCT_FEATURE,score_gte_94_no_conflict,,true
64267ca52746548154ab8e62,Glencadam 10-year-old,,,,W000793,glencadam 10yo,100.0,,KEEP_PRODUCT_FEATURE,score_gte_94_no_conflict,,true
47aedc7be1a2013c8dc06acf,Glencadam 15-year-old  The Rather Dignified,,,,W000366,glencadam 12yo port wood finish,63.64,,REJECT_LOW_CONFIDENCE,score_lt_86,,true
3259057ed6f516b5367b643e,Glencadam 15-year-old  The Rather Dignified,,,,W000366,glencadam 12yo port wood finish,63.64,,REJECT_LOW_CONFIDENCE,score_lt_86,,true
ec07e1a72651b4c4b708882e,Glencadam 15-year-old  The Rather Dignified,,,,W000366,glencadam 12yo port wood finish,63.64,,REJECT_LOW_CONFIDENCE,score_lt_86,,true
6ef9aa977dc95948510b6b2e,Glencadam 15-year-old  The Rather Dignified,,,,W000366,glencadam 12yo port wood finish,63.64,,REJECT_LOW_CONFIDENCE,score_lt_86,,true
8a43e10f6327366efe6c0ecd,Glencadam 15-year-old  The Rather Dignified,,,2003,W000366,glencadam 12yo port wood finish,63.64,,REJECT_LOW_CONFIDENCE,score_lt_86,,true
852495b6b097cf0e9e1d3fde,Glencadam 15-year-old  The Rather Dignified,,,2018,W000366,glencadam 12yo port wood finish,63.64,,REJECT_LOW_CONFIDENCE,score_lt_86,,true
84efed9a06aaa19e9c8f7a87,Glencadam 15-year-old  The Rather Dignified,,,,W000366,glencadam 12yo port wood finish,63.64,,REJECT_LOW_CONFIDENCE,score_lt_86,,true
eca7ae665fe030e31b2ec0e0,Glencadam 15-year-old  The Rather Dignified,,,,W000366,glencadam 12yo port wood finish,63.64,,REJECT_LOW_CONFIDENCE,score_lt_86,,true
c885c7eacc1030f09a4d8ac9,Glencadam 15-year-old  The Rather Dignified,,,,W000366,glencadam 12yo port wood finish,63.64,,REJECT_LOW_CONFIDENCE,score_lt_86,,true
df4124ca69b65cded5a3b062,Glencadam 18-year-old,,,,W000707,glencadam 21yo,92.86,,REVIEW_PRODUCT_FEATURE,score_86_93_no_conflict,,true
6ea91bffb070cbe0166fd1ba,Glencadam 18-year-old,,,2018,W000707,glencadam 21yo,92.86,,REVIEW_PRODUCT_FEATURE,score_86_93_no_conflict,,true
2e01c3d45117bf00a6283203,Glencadam 18-year-old,,,,W000707,glencadam 21yo,92.86,,REVIEW_PRODUCT_FEATURE,score_86_93_no_conflict,,true
ad3bedc73fe548cf8f44a401,Glencadam 18-year-old,,,,W000707,glencadam 21yo,92.86,,REVIEW_PRODUCT_FEATURE,score_86_93_no_conflict,,true
c7b88fc9fe47cf00b0723eb8,Glencadam 18-year-old,,,,W000707,glencadam 21yo,92.86,,REVIEW_PRODUCT_FEATURE,score_86_93_no_conflict,,true
284f3b793a01d64615c02ffe,Glencadam 18-year-old,,,,W000707,glencadam 21yo,92.86,,REVIEW_PRODUCT_FEATURE,score_86_93_no_conflict,,true
1911547edeeaa8b8b735767d,Glencadam 18-year-old,,,,W000707,glencadam 21yo,92.86,,REVIEW_PRODUCT_FEATURE,score_86_93_no_conflict,,true
f45be9ab3118fda85e582947,Glencadam 21-year-old  The Exceptional,,,2017,W000707,glencadam 21yo,63.64,,REJECT_LOW_CONFIDENCE,score_lt_86,,true
d3d1d16471cc525af4cac906,Glencadam 21-year-old  The Exceptional,,,,W000707,glencadam 21yo,63.64,,REJECT_LOW_CONFIDENCE,score_lt_86,,true
81ec92dbf7556956d478c628,Glencadam 21-year-old  The Exceptional,,,,W000707,glencadam 21yo,63.64,,REJECT_LOW_CONFIDENCE,score_lt_86,,true
5928027bedee277ce6620f41,Glencadam 21-year-old  The Exceptional,,,,W000707,glencadam 21yo,63.64,,REJECT_LOW_CONFIDENCE,score_lt_86,,true
9adb5f599c81a4a1cb6960e5,Glencadam 21-year-old  The Exceptional,,,,W000707,glencadam 21yo,63.64,,REJECT_LOW_CONFIDENCE,score_lt_86,,true
db481623f194e1891bad1c09,Glencadam 21-year-old  The Exceptional,,,,W000707,glencadam 21yo,63.64,,REJECT_LOW_CONFIDENCE,score_lt_86,,true
16bfc95f8423a2bedc4ede8e,Glencadam 21-year-old  The Exceptional,,,2021,W000707,glencadam 21yo,63.64,,REJECT_LOW_CONFIDENCE,score_lt_86,,true
c3a46b7db61eea14b7825fb6,Glencadam 21-year-old  The Exceptional,,,,W000707,glencadam 21yo,63.64,,REJECT_LOW_CONFIDENCE,score_lt_86,,true
09b745d7ec57d195dfcf786e,Glendronach 08-year-old The Hielan',,,,W000592,glendronach 8yo the hielan,98.11,,KEEP_PRODUCT_FEATURE,score_gte_94_no_conflict,,true
caf6503a303e16fbb79f54b1,Glendronach 08-year-old The Hielan',,,2010,W000592,glendronach 8yo the hielan,98.11,,KEEP_PRODUCT_FEATURE,score_gte_94_no_conflict,,true
098523b1903a163b5878b58c,Glendronach 08-year-old The Hielan',,,,W000592,glendronach 8yo the hielan,98.11,,KEEP_PRODUCT_FEATURE,score_gte_94_no_conflict,,true
1144c3e7ccd72b00bfa8ea97,Glendronach 08-year-old The Hielan',,,,W000592,glendronach 8yo the hielan,98.11,,KEEP_PRODUCT_FEATURE,score_gte_94_no_conflict,,true
2d94d9b56d22ab730b8f5e64,Glendronach 08-year-old The Hielan',,,,W000592,glendronach 8yo the hielan,98.11,,KEEP_PRODUCT_FEATURE,score_gte_94_no_conflict,,true
d4cce651b5149e1381d746ca,Glendronach 08-year-old The Hielan',,,2021,W000592,glendronach 8yo the hielan,98.11,,KEEP_PRODUCT_FEATURE,score_gte_94_no_conflict,,true
0ee9e37fced70ab903cb1a0b,Glendronach 12-year-old Original,,,,W000275,glendronach 12yo original,100.0,,KEEP_PRODUCT_FEATURE,score_gte_94_no_conflict,,true
1b6297e3eb4a2bef11191081,Glendronach 12-year-old Original,,,,W000275,glendronach 12yo original,100.0,,KEEP_PRODUCT_FEATURE,score_gte_94_no_conflict,,true
12988b4dfca51162b9120d80,Glendronach 12-year-old Original,,,,W000275,glendronach 12yo original,100.0,,KEEP_PRODUCT_FEATURE,score_gte_94_no_conflict,,true
bfe4a0123c049de2a1e428da,Glendronach 12-year-old Original,,,,W000275,glendronach 12yo original,100.0,,KEEP_PRODUCT_FEATURE,score_gte_94_no_conflict,,true
7b11f742fe02c98d62f8274a,Glendronach 12-year-old Original,,,,W000275,glendronach 12yo original,100.0,,KEEP_PRODUCT_FEATURE,score_gte_94_no_conflict,,true
65e1f0bcdf7b736b821c2e47,Glendronach 12-year-old Original,,,,W000275,glendronach 12yo original,100.0,,KEEP_PRODUCT_FEATURE,score_gte_94_no_conflict,,true
9dfdce0bac0297d49362cf39,Glendronach 12-year-old Original,,,,W000275,glendronach 12yo original,100.0,,KEEP_PRODUCT_FEATURE,score_gte_94_no_conflict,,true
0277236d75ba3ad596bfd616,Glendronach 12-year-old Original,,,,W000275,glendronach 12yo original,100.0,,KEEP_PRODUCT_FEATURE,score_gte_94_no_conflict,,true
5d3a90dcddba7e81ce171bd8,Glendronach 12-year-old Original,,,1980,W000275,glendronach 12yo original,100.0,,KEEP_PRODUCT_FEATURE,score_gte_94_no_conflict,,true
7a58a933add3adc125ea80cc,Glendronach 12-year-old Original,,,,W000275,glendronach 12yo original,100.0,,KEEP_PRODUCT_FEATURE,score_gte_94_no_conflict,,true
fd15a512b8675b2697abeae7,Glendronach 15-year-old Revival,,,,W000144,glendronach 15yo revival,100.0,,KEEP_PRODUCT_FEATURE,score_gte_94_no_conflict,,true
c40bc23e036c371119f4a7f3,Glendronach 15-year-old Revival,,,,W000144,glendronach 15yo revival,100.0,,KEEP_PRODUCT_FEATURE,score_gte_94_no_conflict,,true
75d434a248dfd00013bb9b32,Glendronach 15-year-old Revival,,,,W000144,glendronach 15yo revival,100.0,,KEEP_PRODUCT_FEATURE,score_gte_94_no_conflict,,true
0c7c85c393d5df4acb8ea53c,Glendronach 15-year-old Revival,,,,W000144,glendronach 15yo revival,100.0,,KEEP_PRODUCT_FEATURE,score_gte_94_no_conflict,,true
c975baa80eaf9764bf4d4fea,Glendronach 15-year-old Revival,,,,W000144,glendronach 15yo revival,100.0,,KEEP_PRODUCT_FEATURE,score_gte_94_no_conflict,,true
92c22f101ff7c60b062f1462,Glendronach 15-year-old Revival,,,,W000144,glendronach 15yo revival,100.0,,KEEP_PRODUCT_FEATURE,score_gte_94_no_conflict,,true
656872c7bb77cdd0706ded2f,Glendronach 15-year-old Revival,,,,W000144,glendronach 15yo revival,100.0,,KEEP_PRODUCT_FEATURE,score_gte_94_no_conflict,,true
150c244d96a8114142e49e30,Glendronach 15-year-old Revival,,,,W000144,glendronach 15yo revival,100.0,,KEEP_PRODUCT_FEATURE,score_gte_94_no_conflict,,true
feeb0001bc57330acc3ff829,Glendronach 15-year-old Revival,,,2018,W000144,glendronach 15yo revival,100.0,,KEEP_PRODUCT_FEATURE,score_gte_94_no_conflict,,true
b7a25c2b8d5e2a8c887a064e,Glendronach 15-year-old Revival,,,,W000144,glendronach 15yo revival,100.0,,KEEP_PRODUCT_FEATURE,score_gte_94_no_conflict,,true
4d9efb251bdc7da1383713e9,Glendronach 18-year-old Allardice,,,,W000149,glendronach 18yo allardice,100.0,,KEEP_PRODUCT_FEATURE,score_gte_94_no_conflict,,true
87ab35ac4e58e1e132cb9265,Glendronach 18-year-old Allardice,,,,W000149,glendronach 18yo allardice,100.0,,KEEP_PRODUCT_FEATURE,score_gte_94_no_conflict,,true
429709cf117e64395f5e10bf,Glendronach 18-year-old Allardice,,,,W000149,glendronach 18yo allardice,100.0,,KEEP_PRODUCT_FEATURE,score_gte_94_no_conflict,,true
c0c2c9321a5a155d5bbe7705,Glendronach 18-year-old Allardice,,,,W000149,glendronach 18yo allardice,100.0,,KEEP_PRODUCT_FEATURE,score_gte_94_no_conflict,,true
ec2e9a6e3bcd83f4a085c11f,Glendronach 18-year-old Allardice,,,,W000149,glendronach 18yo allardice,100.0,,KEEP_PRODUCT_FEATURE,score_gte_94_no_conflict,,true
b853a1b7d819de3bc45ad2b2,Glendronach 18-year-old Allardice,,,,W000149,glendronach 18yo allardice,100.0,,KEEP_PRODUCT_FEATURE,score_gte_94_no_conflict,,true
84621cd6f1a80eb20490d3e5,Glendronach 18-year-old Allardice,,,,W000149,glendronach 18yo allardice,100.0,,KEEP_PRODUCT_FEATURE,score_gte_94_no_conflict,,true
4f09f617428057fd2b8b967e,Glendronach 18-year-old Allardice,,,,W000149,glendronach 18yo allardice,100.0,,KEEP_PRODUCT_FEATURE,score_gte_94_no_conflict,,true
f70acab75141138d4817ecd4,Glendronach 18-year-old Allardice,,,,W000149,glendronach 18yo allardice,100.0,,KEEP_PRODUCT_FEATURE,score_gte_94_no_conflict,,true
610a9d7c46f20affa900b41b,Glendronach 21-year-old Parliament,,,,W000181,glendronach 21yo parliament,100.0,,KEEP_PRODUCT_FEATURE,score_gte_94_no_conflict,,true
3c0ea62c4412ca39f5789d83,Glendronach 21-year-old Parliament,,,,W000181,glendronach 21yo parliament,100.0,,KEEP_PRODUCT_FEATURE,score_gte_94_no_conflict,,true
c9a6813b1b788ad7fa916f91,Glendronach 21-year-old Parliament,,,,W000181,glendronach 21yo parliament,100.0,,KEEP_PRODUCT_FEATURE,score_gte_94_no_conflict,,true
76cece39d46baacee319d106,Glendronach 21-year-old Parliament,,,,W000181,glendronach 21yo parliament,100.0,,KEEP_PRODUCT_FEATURE,score_gte_94_no_conflict,,true
d97048df3db3401118d13673,Glendronach 21-year-old Parliament,,,,W000181,glendronach 21yo parliament,100.0,,KEEP_PRODUCT_FEATURE,score_gte_94_no_conflict,,true
ae81b6487331f43a884776e2,Glendronach 21-year-old Parliament,,,,W000181,glendronach 21yo parliament,100.0,,KEEP_PRODUCT_FEATURE,score_gte_94_no_conflict,,true
a8361e5b46713d7c18727866,Glendronach 21-year-old Parliament,,,2016,W000181,glendronach 21yo parliament,100.0,,KEEP_PRODUCT_FEATURE,score_gte_94_no_conflict,,true
4c2e52961c3bfc405e8aa635,Glendronach 21-year-old Parliament,,,,W000181,glendronach 21yo parliament,100.0,,KEEP_PRODUCT_FEATURE,score_gte_94_no_conflict,,true
0959d40b57af6aba6a5b164a,Glendronach 21-year-old Parliament,,,,W000181,glendronach 21yo parliament,100.0,,KEEP_PRODUCT_FEATURE,score_gte_94_no_conflict,,true
4b2bf639fe3f4860f7ec2fbc,Glendullan 12-year-old  Macdonald Greenless Ltd,,,,W000667,singleton of glendullan 12yo,65.67,,REJECT_LOW_CONFIDENCE,score_lt_86,,true
25f9380d25a373a7725b6cf6,Glendullan 12-year-old  Macdonald Greenless Ltd,,,,W000667,singleton of glendullan 12yo,65.67,,REJECT_LOW_CONFIDENCE,score_lt_86,,true
8877c22ec9267150f3237e70,Glendullan 12-year-old  Macdonald Greenless Ltd,,,,W000667,singleton of glendullan 12yo,65.67,,REJECT_LOW_CONFIDENCE,score_lt_86,,true
99db7180edf52e1492b973c1,Glendullan 12-year-old  Macdonald Greenless Ltd,,,,W000667,singleton of glendullan 12yo,65.67,,REJECT_LOW_CONFIDENCE,score_lt_86,,true
451305c7addd7a3eb0dc87ce,Glendullan 12-year-old  Flora & Fauna,,,,W000873,glen spey 12yo (f&f),57.78,,REJECT_LOW_CONFIDENCE,score_lt_86,,true
25cdd2969bd9f73ac5fb6403,Glendullan 12-year-old  Flora & Fauna,,,,W000873,glen spey 12yo (f&f),57.78,,REJECT_LOW_CONFIDENCE,score_lt_86,,true
a299f6d3eb2fc8a286132cfc,Glendullan 12-year-old  Flora & Fauna,,,,W000873,glen spey 12yo (f&f),57.78,,REJECT_LOW_CONFIDENCE,score_lt_86,,true
86f0233d1642a3744a924ef2,Glendullan 12-year-old  Flora & Fauna,,,,W000873,glen spey 12yo (f&f),57.78,,REJECT_LOW_CONFIDENCE,score_lt_86,,true
2fdcd5ff2c323730d14731dc,Glendullan 12-year-old  Flora & Fauna,,,,W000873,glen spey 12yo (f&f),57.78,,REJECT_LOW_CONFIDENCE,score_lt_86,,true
5ed58e8f54c78e0fbfdb08ab,Glendullan 12-year-old  Flora & Fauna,,,,W000873,glen spey 12yo (f&f),57.78,,REJECT_LOW_CONFIDENCE,score_lt_86,,true
65962403ef083dc5fc8510d6,Glendullan 16-year-old  The Centenary Bottling,,,,W000773,glen breton 15yo battle of the glen,63.01,,REJECT_LOW_CONFIDENCE,score_lt_86,,true
529d3c5ae71f956c02df9367,Glendullan 16-year-old  The Centenary Bottling,,,,W000773,glen breton 15yo battle of the glen,63.01,,REJECT_LOW_CONFIDENCE,score_lt_86,,true
f90bf85e6eb8cd76f1e3c68e,Glendullan 16-year-old  The Centenary Bottling,,,,W000773,glen breton 15yo battle of the glen,63.01,,REJECT_LOW_CONFIDENCE,score_lt_86,,true
3949bb2cb08b1b68b7138731,Glendullan 16-year-old  The Centenary Bottling,,,,W000773,glen breton 15yo battle of the glen,63.01,,REJECT_LOW_CONFIDENCE,score_lt_86,,true
508cc918ec00f7501e82acff,Glendullan 18-year-old  The Manager's Dram,,,1972,W000580,singleton of glendullan 18yo,64.52,,REJECT_LOW_CONFIDENCE,score_lt_86,,true
8f4ada5c296cbbc8521d5d81,Glendullan 18-year-old  The Manager's Dram,,,,W000580,singleton of glendullan 18yo,64.52,,REJECT_LOW_CONFIDENCE,score_lt_86,,true
a33e80877f4b7f1435b048e6,Glendullan 18-year-old  The Manager's Dram,,,1989,W000580,singleton of glendullan 18yo,64.52,,REJECT_LOW_CONFIDENCE,score_lt_86,,true
1d57fa972ba3c92c63174295,Glendullan 18-year-old  The Manager's Dram,,,1989,W000580,singleton of glendullan 18yo,64.52,,REJECT_LOW_CONFIDENCE,score_lt_86,,true
b79f31afec187d78911962d8,Glendullan 18-year-old  The Manager's Dram,,,,W000580,singleton of glendullan 18yo,64.52,,REJECT_LOW_CONFIDENCE,score_lt_86,,true
3c1b9e2f8f0eaac8fea31615,Glendullan 18-year-old  The Manager's Dram,,,1989,W000580,singleton of glendullan 18yo,64.52,,REJECT_LOW_CONFIDENCE,score_lt_86,,true
fef5ece6873451ca24f4977e,Glendullan 18-year-old  The Manager's Dram,,,1989,W000580,singleton of glendullan 18yo,64.52,,REJECT_LOW_CONFIDENCE,score_lt_86,,true
9f6686daa1bfde48e9ca8fc9,Glendullan 1972  Rare Malts Selection,,,,W000667,singleton of glendullan 12yo,65.62,,REJECT_LOW_CONFIDENCE,score_lt_86,,true
1e8691c86a4e6b7a9679f8c5,Glendullan 1972  Rare Malts Selection,,,1995,W000667,singleton of glendullan 12yo,65.62,,REJECT_LOW_CONFIDENCE,score_lt_86,,true
78429e7d43b2df223ce7dfae,Glendullan 1972  Rare Malts Selection,,,,W000667,singleton of glendullan 12yo,65.62,,REJECT_LOW_CONFIDENCE,score_lt_86,,true
59e1896b0b6dd38c1cca5874,Glendullan 1972  Rare Malts Selection,,,2016,W000667,singleton of glendullan 12yo,65.62,,REJECT_LOW_CONFIDENCE,score_lt_86,,true
47e4177bd0a0a9288217d575,Glendullan 1972  Rare Malts Selection,,,,W000667,singleton of glendullan 12yo,65.62,,REJECT_LOW_CONFIDENCE,score_lt_86,,true
4956b84e5b4305fb59b65686,Glendullan 1972  Rare Malts Selection,,,,W000667,singleton of glendullan 12yo,65.62,,REJECT_LOW_CONFIDENCE,score_lt_86,,true
14ff5fa62ec43a81dfed3d11,Glendullan 1972  Rare Malts Selection,,,2015,W000667,singleton of glendullan 12yo,65.62,,REJECT_LOW_CONFIDENCE,score_lt_86,,true
89b218978d8e267f524b274c,Glendullan 1974  Rare Malts Selection,,,2019,W000565,singleton of glendullan 15yo,62.5,,REJECT_LOW_CONFIDENCE,score_lt_86,,true
3e776624caf96f839313c57c,Glendullan 1974  Rare Malts Selection,,,1978,W000565,singleton of glendullan 15yo,62.5,,REJECT_LOW_CONFIDENCE,score_lt_86,,true
952852d32e9dca48ff46df4f,Glendullan 1974  Rare Malts Selection,,,,W000565,singleton of glendullan 15yo,62.5,,REJECT_LOW_CONFIDENCE,score_lt_86,,true
6c79a982cdf654eb85f2d377,Glendullan 1974  Rare Malts Selection,,,,W000565,singleton of glendullan 15yo,62.5,,REJECT_LOW_CONFIDENCE,score_lt_86,,true
4a3b167c6d71dc7073c24c2f,Glendullan 1978  Rare Malts Selection,,,2019,W000580,singleton of glendullan 18yo,65.62,,REJECT_LOW_CONFIDENCE,score_lt_86,,true
38bc3e8af70f7a9f95f24c32,Glendullan 1978  Rare Malts Selection,,,,W000580,singleton of glendullan 18yo,65.62,,REJECT_LOW_CONFIDENCE,score_lt_86,,true
58cfd39e2013a083f9cd51d6,Glendullan 1978  Rare Malts Selection,,,2018,W000580,singleton of glendullan 18yo,65.62,,REJECT_LOW_CONFIDENCE,score_lt_86,,true
363b6ed64c954e43161ea94e,Glendullan 1978  Rare Malts Selection,,,1978,W000580,singleton of glendullan 18yo,65.62,,REJECT_LOW_CONFIDENCE,score_lt_86,,true
0791dc73a22dcaec6d64e6e5,Glendullan 1978  Rare Malts Selection,,,,W000580,singleton of glendullan 18yo,65.62,,REJECT_LOW_CONFIDENCE,score_lt_86,,true
134de28fd2e9111cff6ff852,Glendullan 1978  Rare Malts Selection,,,2021,W000580,singleton of glendullan 18yo,65.62,,REJECT_LOW_CONFIDENCE,score_lt_86,,true
5dcb93740d72ad4af358c3c1,Glendullan 1978  Rare Malts Selection,,,,W000580,singleton of glendullan 18yo,65.62,,REJECT_LOW_CONFIDENCE,score_lt_86,,true
dc41a08bebf70adc5a2f5453,Glendullan 1978  Rare Malts Selection,,,,W000580,singleton of glendullan 18yo,65.62,,REJECT_LOW_CONFIDENCE,score_lt_86,,true
082e60e36e093aeb7816f939,Glendullan 1995  The Managers' Choice,,,,W000565,singleton of glendullan 15yo,60.32,,REJECT_LOW_CONFIDENCE,score_lt_86,,true
a63016fc35a6deaff68547b8,Glendullan 1995  The Managers' Choice,,,,W000565,singleton of glendullan 15yo,60.32,,REJECT_LOW_CONFIDENCE,score_lt_86,,true
86dec1ef89afd747a4bb8590,Glendullan 1995  The Managers' Choice,,,,W000565,singleton of glendullan 15yo,60.32,,REJECT_LOW_CONFIDENCE,score_lt_86,,true
55a133ec507ae41880e99a61,Glendullan 1995  The Managers' Choice,,,,W000565,singleton of glendullan 15yo,60.32,,REJECT_LOW_CONFIDENCE,score_lt_86,,true
7c1f83077257d480aa89e2fb,Glendullan 1995  The Managers' Choice,,,,W000565,singleton of glendullan 15yo,60.32,,REJECT_LOW_CONFIDENCE,score_lt_86,,true
1d850a2b6d11039ed2e36bd0,Glendullan 1995  The Managers' Choice,,,,W000565,singleton of glendullan 15yo,60.32,,REJECT_LOW_CONFIDENCE,score_lt_86,,true
c2ff73baf50fcf067f517f81,Glendullan 1995  The Managers' Choice,,,,W000565,singleton of glendullan 15yo,60.32,,REJECT_LOW_CONFIDENCE,score_lt_86,,true
0c40b82db7005f0f5a57fb1e,The Singleton of Glendullan 12-year-old,,,,W000667,singleton of glendullan 12yo,93.33,,REJECT_LOW_CONFIDENCE,score_lt_86,,true
499b7a105483c9d0b42eb5a1,The Singleton of Glendullan 12-year-old,,,,W000667,singleton of glendullan 12yo,93.33,,REJECT_LOW_CONFIDENCE,score_lt_86,,true
232f24ea807d2da87995cd30,The Singleton of Glendullan 12-year-old,,,,W000667,singleton of glendullan 12yo,93.33,,REJECT_LOW_CONFIDENCE,score_lt_86,,true
5fd8a407720b9d7355cc6f8f,The Singleton of Glendullan 12-year-old,,,,W000667,singleton of glendullan 12yo,93.33,,REJECT_LOW_CONFIDENCE,score_lt_86,,true
9ce1d7a15cbaa84235debfb7,The Singleton of Glendullan 12-year-old,,,,W000667,singleton of glendullan 12yo,93.33,,REJECT_LOW_CONFIDENCE,score_lt_86,,true
ca38814aae2713ef16779dec,The Singleton of Glendullan 12-year-old,,,,W000667,singleton of glendullan 12yo,93.33,,REJECT_LOW_CONFIDENCE,score_lt_86,,true
d0f7a339deab525638906cbf,"The Singleton of Glendullan 12-year-old  Light, Fruity & Creamy",,,,W000667,singleton of glendullan 12yo,70.0,,REJECT_LOW_CONFIDENCE,score_lt_86,,true
1323d66844c8c99a0b69d708,The Singleton of Glendullan 12-year-old,,,,W000667,singleton of glendullan 12yo,93.33,,REJECT_LOW_CONFIDENCE,score_lt_86,,true
8057dc7f281894b3504754b1,The Singleton of Glendullan 12-year-old,,,,W000667,singleton of glendullan 12yo,93.33,,REJECT_LOW_CONFIDENCE,score_lt_86,,true
a1b45cd1520b6033c5de60b0,The Singleton of Glendullan 15-year-old,,,,W000565,singleton of glendullan 15yo,93.33,,REJECT_LOW_CONFIDENCE,score_lt_86,,true
2e649690c280e787723d4169,The Singleton of Glendullan 18-year-old,,,,W000580,singleton of glendullan 18yo,93.33,,REJECT_LOW_CONFIDENCE,score_lt_86,,true
f7969da9fa233543a33de6dd,The Singleton of Glendullan 19-year-old  Diageo Special Releases 2021,,,,W000409,cragganmore 12yo (special release 2019),61.22,,REJECT_LOW_CONFIDENCE,score_lt_86,,true
04f86ff71d33ddf6a400ef2a,The Singleton of Glendullan 19-year-old  Diageo Special Releases 2021,,,,W000409,cragganmore 12yo (special release 2019),61.22,,REJECT_LOW_CONFIDENCE,score_lt_86,,true
9f6fdaf876033867ce1dde19,The Singleton of Glendullan 19-year-old  Diageo Special Releases 2021,,,,W000409,cragganmore 12yo (special release 2019),61.22,,REJECT_LOW_CONFIDENCE,score_lt_86,,true
43887ffc5de2a367f97f58c4,The Singleton of Glendullan 19-year-old  Diageo Special Releases 2021,,,1993,W000409,cragganmore 12yo (special release 2019),61.22,,REJECT_LOW_CONFIDENCE,score_lt_86,,true
db99fe1dc965451bb51e2cd3,The Singleton of Glendullan 19-year-old  Diageo Special Releases 2021,,,,W000409,cragganmore 12yo (special release 2019),61.22,,REJECT_LOW_CONFIDENCE,score_lt_86,,true
51a34e837b0a50ca2bf6b669,The Singleton of Glendullan 19-year-old  Diageo Special Releases 2021,,,,W000409,cragganmore 12yo (special release 2019),61.22,,REJECT_LOW_CONFIDENCE,score_lt_86,,true
c19a8c16b6648649fe6a7178,The Singleton of Glendullan 19-year-old  Diageo Special Releases 2021,,,,W000409,cragganmore 12yo (special release 2019),61.22,,REJECT_LOW_CONFIDENCE,score_lt_86,,true
b7bb9432e7dd4931bbd6ec60,The Singleton of Glendullan 19-year-old  Diageo Special Releases 2021,,,,W000409,cragganmore 12yo (special release 2019),61.22,,REJECT_LOW_CONFIDENCE,score_lt_86,,true
392d48481caabe228290dc2b,The Singleton of Glendullan 1976  Diageo Special Releases 2014,,,,W000667,singleton of glendullan 12yo,60.67,,REJECT_LOW_CONFIDENCE,score_lt_86,,true
974d0f690617ace630502d0c,The Singleton of Glendullan 1976  Diageo Special Releases 2014,,,,W000667,singleton of glendullan 12yo,60.67,,REJECT_LOW_CONFIDENCE,score_lt_86,,true
63a89f798565c0addfa83d66,The Singleton of Glendullan Classic,,,,W000565,singleton of glendullan 15yo,76.19,,REJECT_LOW_CONFIDENCE,score_lt_86,,true
f368ae872008833848de0f3c,The Singleton of Glendullan Double Matured,,,,W000565,singleton of glendullan 15yo,71.43,,REJECT_LOW_CONFIDENCE,score_lt_86,,true
4b5186c05682f9ca864824f3,The Singleton of Glendullan Double Matured,,,,W000565,singleton of glendullan 15yo,71.43,,REJECT_LOW_CONFIDENCE,score_lt_86,,true
7349dd038be40899d6d7137c,The Singleton of Glendullan Master's Art  Small Batch,,,,W000674,game of thrones house tully singleton glendullan select,63.55,,REJECT_LOW_CONFIDENCE,score_lt_86,,true
d782d0f1dca7e37e66d2d5d9,The Singleton of Glendullan Master's Art  Small Batch,,,,W000674,game of thrones house tully singleton glendullan select,63.55,,REJECT_LOW_CONFIDENCE,score_lt_86,,true
62855df68810058c259fa31f,The Singleton of Glendullan Master's Art  Small Batch,,,,W000674,game of thrones house tully singleton glendullan select,63.55,,REJECT_LOW_CONFIDENCE,score_lt_86,,true
11b452e50042fba80b862553,The Singleton of Glendullan Master's Art  Small Batch,,,,W000674,game of thrones house tully singleton glendullan select,63.55,,REJECT_LOW_CONFIDENCE,score_lt_86,,true
1fb59aeda0c44b4c6ca0fea8,The Singleton of Glendullan Select - House Tully  Game of Thrones,,,1983,W000674,game of thrones house tully singleton glendullan select,94.02,,KEEP_PRODUCT_FEATURE,score_gte_94_no_conflict,,true
4069816bd8027570b5b345fe,The Singleton of Glendullan Select - House Tully  Game of Thrones,,,,W000674,game of thrones house tully singleton glendullan select,94.02,,KEEP_PRODUCT_FEATURE,score_gte_94_no_conflict,,true
d074eaf887d41eb8241db12a,The Singleton of Glendullan Select - House Tully  Game of Thrones,,,,W000674,game of thrones house tully singleton glendullan select,94.02,,KEEP_PRODUCT_FEATURE,score_gte_94_no_conflict,,true
fcd71235395063b90a031525,The Singleton of Glendullan Select - House Tully  Game of Thrones,,,,W000674,game of thrones house tully singleton glendullan select,94.02,,KEEP_PRODUCT_FEATURE,score_gte_94_no_conflict,,true
80e475b135a4b35dedbe7304,The Singleton of Glendullan Select - House Tully  Game of Thrones,,,,W000674,game of thrones house tully singleton glendullan select,94.02,,KEEP_PRODUCT_FEATURE,score_gte_94_no_conflict,,true
ed284364a0ffa8efe4522449,The Singleton of Glendullan Select - House Tully  Game of Thrones,,,2020,W000674,game of thrones house tully singleton glendullan select,94.02,,KEEP_PRODUCT_FEATURE,score_gte_94_no_conflict,,true
3f40370e7bcc7c0bc83312ee,Glenfarclas 08-year-old,,,,W000029,glenfarclas 40yo,93.75,,REJECT_LOW_CONFIDENCE,score_lt_86,,true
ae68a72e15c5122a6e254145,Glenfarclas 08-year-old,,,,W000029,glenfarclas 40yo,93.75,,REJECT_LOW_CONFIDENCE,score_lt_86,,true
0cad9292e1a2498d9a9795e0,Glenfarclas 08-year-old,,,,W000029,glenfarclas 40yo,93.75,,REJECT_LOW_CONFIDENCE,score_lt_86,,true
5253765229b76940af4cdb4e,Glenfarclas 08-year-old,,,,W000029,glenfarclas 40yo,93.75,,REJECT_LOW_CONFIDENCE,score_lt_86,,true
f225929f3b442175be18e44a,Glenfarclas 08-year-old,,,,W000029,glenfarclas 40yo,93.75,,REJECT_LOW_CONFIDENCE,score_lt_86,,true
69d87b153b45776e78ea2e53,Glenfarclas 08-year-old,,,,W000029,glenfarclas 40yo,93.75,,REJECT_LOW_CONFIDENCE,score_lt_86,,true
fd22df6a6da2404ed3530615,Glenfarclas 10-year-old,,,,W000354,glenfarclas 10yo,100.0,,KEEP_PRODUCT_FEATURE,score_gte_94_no_conflict,,true
9c61d6811d8ce59f0d994aee,Glenfarclas 10-year-old,,,,W000354,glenfarclas 10yo,100.0,,KEEP_PRODUCT_FEATURE,score_gte_94_no_conflict,,true
a04805f0492ce50a797ab0d6,Glenfarclas 10-year-old,,,,W000354,glenfarclas 10yo,100.0,,KEEP_PRODUCT_FEATURE,score_gte_94_no_conflict,,true
32a8194f9d6fb006b9e22cb2,Glenfarclas 10-year-old,,,2017,W000354,glenfarclas 10yo,100.0,,KEEP_PRODUCT_FEATURE,score_gte_94_no_conflict,,true
13902486282d75176bd59c1c,Glenfarclas 10-year-old,,,,W000354,glenfarclas 10yo,100.0,,KEEP_PRODUCT_FEATURE,score_gte_94_no_conflict,,true
37018c1335656e22eefd7b14,Glenfarclas 10-year-old,,,,W000354,glenfarclas 10yo,100.0,,KEEP_PRODUCT_FEATURE,score_gte_94_no_conflict,,true
a37be02eb1429f17e71e66f5,Glenfarclas 10-year-old,,,,W000354,glenfarclas 10yo,100.0,,KEEP_PRODUCT_FEATURE,score_gte_94_no_conflict,,true
6f4965542c991e52f657ec21,Glenfarclas 12-year-old  New Label,,,,W000280,glenfarclas 12yo,76.19,,REJECT_LOW_CONFIDENCE,score_lt_86,,true
0885e18622e4db15491c0860,Glenfarclas 12-year-old  New Label,,,,W000280,glenfarclas 12yo,76.19,,REJECT_LOW_CONFIDENCE,score_lt_86,,true
6d3705a7fe9c0c81d7651c14,Glenfarclas 12-year-old  New Label,,,,W000280,glenfarclas 12yo,76.19,,REJECT_LOW_CONFIDENCE,score_lt_86,,true
b86e10e4b4a1817df4354c0c,Glenfarclas 12-year-old  New Label,,,,W000280,glenfarclas 12yo,76.19,,REJECT_LOW_CONFIDENCE,score_lt_86,,true
418efb0580a4b8dca2e0743d,Glenfarclas 12-year-old  New Label,,,2020,W000280,glenfarclas 12yo,76.19,,REJECT_LOW_CONFIDENCE,score_lt_86,,true
51e5e67d5fab8396b834e173,Glenfarclas 12-year-old  New Label,,,,W000280,glenfarclas 12yo,76.19,,REJECT_LOW_CONFIDENCE,score_lt_86,,true
b534fccefc6aed1ee1a0f906,Glenfarclas 12-year-old  New Label,,,,W000280,glenfarclas 12yo,76.19,,REJECT_LOW_CONFIDENCE,score_lt_86,,true
86c3440a6c9d43158bdb4725,Glenfarclas 12-year-old  New Label,,,2018,W000280,glenfarclas 12yo,76.19,,REJECT_LOW_CONFIDENCE,score_lt_86,,true
4b19d7c96f33601983c9fe53,Glenfarclas 15-year-old  New Label,,,,W000261,glenfarclas 15yo,76.19,,REJECT_LOW_CONFIDENCE,score_lt_86,,true
fec982426db9922baf4a5687,Glenfarclas 15-year-old  New Label,,,,W000261,glenfarclas 15yo,76.19,,REJECT_LOW_CONFIDENCE,score_lt_86,,true
898241c21e1b6a5acff66041,Glenfarclas 15-year-old  New Label,,,,W000261,glenfarclas 15yo,76.19,,REJECT_LOW_CONFIDENCE,score_lt_86,,true
e14a7437a489df42d13bcc78,Glenfarclas 15-year-old  New Label,,,2021,W000261,glenfarclas 15yo,76.19,,REJECT_LOW_CONFIDENCE,score_lt_86,,true
7f5eb188578aa7b37b927bfb,Glenfarclas 15-year-old  New Label,,,2020,W000261,glenfarclas 15yo,76.19,,REJECT_LOW_CONFIDENCE,score_lt_86,,true
7d3ac57b4d2e09ab251b58c7,Glenfarclas 15-year-old  New Label,,,2018,W000261,glenfarclas 15yo,76.19,,REJECT_LOW_CONFIDENCE,score_lt_86,,true
bf4c114aae075f7e2d319c67,Glenfarclas 15-year-old  New Label,,,,W000261,glenfarclas 15yo,76.19,,REJECT_LOW_CONFIDENCE,score_lt_86,,true
a4b8684690b4b7fbe0835059,Glenfarclas 15-year-old  New Label,,,,W000261,glenfarclas 15yo,76.19,,REJECT_LOW_CONFIDENCE,score_lt_86,,true
fc7f1c66a5c476cb62821f35,Glenfarclas 15-year-old  New Label,,,,W000261,glenfarclas 15yo,76.19,,REJECT_LOW_CONFIDENCE,score_lt_86,,true
56984e4b4c001c3c40bd4728,Glenfarclas 15-year-old  New Label,,,,W000261,glenfarclas 15yo,76.19,,REJECT_LOW_CONFIDENCE,score_lt_86,,true
5af5b8ae8b38dc10cf5dd1f6,Glenfarclas 17-year-old  New Label,,,2021,W000197,glenfarclas 17yo,76.19,,REJECT_LOW_CONFIDENCE,score_lt_86,,true
c8e0950e8098e55b6d31c273,Glenfarclas 17-year-old  New Label,,,,W000197,glenfarclas 17yo,76.19,,REJECT_LOW_CONFIDENCE,score_lt_86,,true
e1e3d1c5cfa89672d2d15e63,Glenfarclas 17-year-old  New Label,,,,W000197,glenfarclas 17yo,76.19,,REJECT_LOW_CONFIDENCE,score_lt_86,,true
b1ebfe483da7fe837154e31b,Glenfarclas 17-year-old  New Label,,,,W000197,glenfarclas 17yo,76.19,,REJECT_LOW_CONFIDENCE,score_lt_86,,true
35090967f894975d45a20ad0,Glenfarclas 17-year-old  New Label,,,2013,W000197,glenfarclas 17yo,76.19,,REJECT_LOW_CONFIDENCE,score_lt_86,,true
22b7d80e37a0c8a3b30fa3c1,Glenfarclas 17-year-old  New Label,,,,W000197,glenfarclas 17yo,76.19,,REJECT_LOW_CONFIDENCE,score_lt_86,,true
384d0c00f075f80e8497f8aa,Glenfarclas 17-year-old  New Label,,,,W000197,glenfarclas 17yo,76.19,,REJECT_LOW_CONFIDENCE,score_lt_86,,true
6292a5505215e8cfce90ad43,Glenfarclas 17-year-old  New Label,,,,W000197,glenfarclas 17yo,76.19,,REJECT_LOW_CONFIDENCE,score_lt_86,,true
b6e7e543b8c79287f3385bdf,Glenfarclas 18-year-old  New Label,,,,W000197,glenfarclas 17yo,71.43,,REJECT_LOW_CONFIDENCE,score_lt_86,,true
4ab786e3e27ccb19c79e1cf3,Glenfarclas 18-year-old  New Label,,,2019,W000197,glenfarclas 17yo,71.43,,REJECT_LOW_CONFIDENCE,score_lt_86,,true
c3422f473f8a8ff5d2e9ff94,Glenfarclas 18-year-old  New Label,,,,W000197,glenfarclas 17yo,71.43,,REJECT_LOW_CONFIDENCE,score_lt_86,,true
ff59b60ebba2c834fd501e78,Glenfarclas 18-year-old  New Label,,,,W000197,glenfarclas 17yo,71.43,,REJECT_LOW_CONFIDENCE,score_lt_86,,true
d2f5224d19da21eff39688c4,Glenfarclas 18-year-old  New Label,,,,W000197,glenfarclas 17yo,71.43,,REJECT_LOW_CONFIDENCE,score_lt_86,,true
341fa298b2ba5394bb571866,Glenfarclas 18-year-old  New Label,,,,W000197,glenfarclas 17yo,71.43,,REJECT_LOW_CONFIDENCE,score_lt_86,,true
db2fdea75a28de2363385ea9,Glenfarclas 18-year-old  New Label,,,,W000197,glenfarclas 17yo,71.43,,REJECT_LOW_CONFIDENCE,score_lt_86,,true
8973054fd621106a955aeb15,Glenfarclas 18-year-old  New Label,,,,W000197,glenfarclas 17yo,71.43,,REJECT_LOW_CONFIDENCE,score_lt_86,,true
f9b5656030be137343b2d4b6,Glenfarclas 18-year-old  New Label,,,,W000197,glenfarclas 17yo,71.43,,REJECT_LOW_CONFIDENCE,score_lt_86,,true
f4e25378d57c7fdcf561d786,Glenfarclas 18-year-old  New Label,,,2015,W000197,glenfarclas 17yo,71.43,,REJECT_LOW_CONFIDENCE,score_lt_86,,true
4773ee22a93748bf208ca49e,Glenfarclas 21-year-old  New Label,,,,W000244,glenfarclas 21yo,76.19,,REJECT_LOW_CONFIDENCE,score_lt_86,,true
a706c1d32c387f95f95fe2bb,Glenfarclas 21-year-old  New Label,,,,W000244,glenfarclas 21yo,76.19,,REJECT_LOW_CONFIDENCE,score_lt_86,,true
21e4619055a191276ff24138,Glenfarclas 21-year-old  New Label,,,,W000244,glenfarclas 21yo,76.19,,REJECT_LOW_CONFIDENCE,score_lt_86,,true
8c9e4b8e08363ea36b7e2186,Glenfarclas 21-year-old  New Label,,,,W000244,glenfarclas 21yo,76.19,,REJECT_LOW_CONFIDENCE,score_lt_86,,true
09300157937e02c82f13506a,Glenfarclas 21-year-old  New Label,,,,W000244,glenfarclas 21yo,76.19,,REJECT_LOW_CONFIDENCE,score_lt_86,,true
77dad90d11252d3ee0df7315,Glenfarclas 21-year-old  New Label,,,,W000244,glenfarclas 21yo,76.19,,REJECT_LOW_CONFIDENCE,score_lt_86,,true
8a30ad1bab0745714957c8ca,Glenfarclas 21-year-old  New Label,,,,W000244,glenfarclas 21yo,76.19,,REJECT_LOW_CONFIDENCE,score_lt_86,,true
72d7e2c40b9cae887c8b7527,Glenfarclas 21-year-old  New Label,,,,W000244,glenfarclas 21yo,76.19,,REJECT_LOW_CONFIDENCE,score_lt_86,,true
d80e8f636eb95e5afae0b9c7,Glenfarclas 21-year-old  New Label,,,,W000244,glenfarclas 21yo,76.19,,REJECT_LOW_CONFIDENCE,score_lt_86,,true
f0ff3499bacfaea57e65bb7a,Glenfarclas 25-year-old  New Label,,,,W000194,glenfarclas 25yo,76.19,,REJECT_LOW_CONFIDENCE,score_lt_86,,true
9f7f338d6c94111232d03675,Glenfarclas 25-year-old  New Label,,,,W000194,glenfarclas 25yo,76.19,,REJECT_LOW_CONFIDENCE,score_lt_86,,true
01c94c9c1e80ae9ace9a5460,Glenfarclas 25-year-old  New Label,,,,W000194,glenfarclas 25yo,76.19,,REJECT_LOW_CONFIDENCE,score_lt_86,,true
9e6789a5c9e92e7cc992552d,Glenfarclas 25-year-old  New Label,,,,W000194,glenfarclas 25yo,76.19,,REJECT_LOW_CONFIDENCE,score_lt_86,,true
6403a4b88bd2b38a9e434554,Glenfarclas 25-year-old  New Label,,,,W000194,glenfarclas 25yo,76.19,,REJECT_LOW_CONFIDENCE,score_lt_86,,true
140f87f9dc9ddcfa622c9052,Glenfarclas 25-year-old  New Label,,,,W000194,glenfarclas 25yo,76.19,,REJECT_LOW_CONFIDENCE,score_lt_86,,true
486f543842b628d12b8cebcf,Glenfarclas 25-year-old  New Label,,,,W000194,glenfarclas 25yo,76.19,,REJECT_LOW_CONFIDENCE,score_lt_86,,true
50fe5f4af301cb7e73b9c9e7,Glenfarclas 25-year-old  New Label,,,,W000194,glenfarclas 25yo,76.19,,REJECT_LOW_CONFIDENCE,score_lt_86,,true
987519eba1a550165ecf60e2,Glenfarclas 25-year-old  New Label,,,,W000194,glenfarclas 25yo,76.19,,REJECT_LOW_CONFIDENCE,score_lt_86,,true
726e6677ce6ceda992aaf2e0,Glenfarclas 25-year-old  New Label,,,,W000194,glenfarclas 25yo,76.19,,REJECT_LOW_CONFIDENCE,score_lt_86,,true
ea1c2b44379240198a598569,Glenfarclas 30-year-old  New Label,,,2018,W000029,glenfarclas 40yo,71.43,,REJECT_LOW_CONFIDENCE,score_lt_86,,true
4b8ec7ddcbc2623d785a98c3,Glenfarclas 30-year-old  New Label,,,,W000029,glenfarclas 40yo,71.43,,REJECT_LOW_CONFIDENCE,score_lt_86,,true
37214a330585f0df0fcaa2f9,Glenfarclas 30-year-old  New Label,,,,W000029,glenfarclas 40yo,71.43,,REJECT_LOW_CONFIDENCE,score_lt_86,,true
0968f876c6c64c24dd37a871,Glenfarclas 30-year-old  New Label,,,,W000029,glenfarclas 40yo,71.43,,REJECT_LOW_CONFIDENCE,score_lt_86,,true
9994129553b21ab171db49b0,Glenfarclas 30-year-old  New Label,,,,W000029,glenfarclas 40yo,71.43,,REJECT_LOW_CONFIDENCE,score_lt_86,,true
4bf0f38086662d6247cab70b,Glenfarclas 30-year-old  New Label,,,,W000029,glenfarclas 40yo,71.43,,REJECT_LOW_CONFIDENCE,score_lt_86,,true
a9688a654eeba468d762633b,Glenfarclas 30-year-old  New Label,,,,W000029,glenfarclas 40yo,71.43,,REJECT_LOW_CONFIDENCE,score_lt_86,,true
68b461e47f613205d3192082,Glenfarclas 30-year-old  New Label,,,,W000029,glenfarclas 40yo,71.43,,REJECT_LOW_CONFIDENCE,score_lt_86,,true
91561940664cf3abe8e61ae2,Glenfarclas 40-year-old,,,2017,W000029,glenfarclas 40yo,100.0,,KEEP_PRODUCT_FEATURE,score_gte_94_no_conflict,,true
14112567df5a30c82b8d0638,Glenfarclas 40-year-old,,,,W000029,glenfarclas 40yo,100.0,,KEEP_PRODUCT_FEATURE,score_gte_94_no_conflict,,true
11c3f343fd16a28d046ad073,Glenfarclas 40-year-old,,,,W000029,glenfarclas 40yo,100.0,,KEEP_PRODUCT_FEATURE,score_gte_94_no_conflict,,true
be274de44bb06ebf2e3e0030,Glenfarclas 40-year-old,,,,W000029,glenfarclas 40yo,100.0,,KEEP_PRODUCT_FEATURE,score_gte_94_no_conflict,,true
110363cfb360701d42559445,Glenfarclas 40-year-old,,,,W000029,glenfarclas 40yo,100.0,,KEEP_PRODUCT_FEATURE,score_gte_94_no_conflict,,true
2648fc4877d24eee97c7a07a,Glenfarclas 40-year-old,,,2015,W000029,glenfarclas 40yo,100.0,,KEEP_PRODUCT_FEATURE,score_gte_94_no_conflict,,true
4a5cbb230655e0c0fae4a237,Glenfarclas 40-year-old,,,,W000029,glenfarclas 40yo,100.0,,KEEP_PRODUCT_FEATURE,score_gte_94_no_conflict,,true
4b36b4a17eebc37616b0a4ec,Glenfarclas 40-year-old,,,,W000029,glenfarclas 40yo,100.0,,KEEP_PRODUCT_FEATURE,score_gte_94_no_conflict,,true
86610a51306e22d785769f26,Glenfarclas 40-year-old,,,,W000029,glenfarclas 40yo,100.0,,KEEP_PRODUCT_FEATURE,score_gte_94_no_conflict,,true
4347604240c65f9c4c402ec6,Glenfiddich 12-year-old  Our Original Twelve,,,,W000275,glendronach 12yo original,68.85,,REJECT_LOW_CONFIDENCE,score_lt_86,,true
fa7a57f6a9c24e09ecc18981,Glenfiddich 12-year-old  Our Original Twelve,,,,W000275,glendronach 12yo original,68.85,,REJECT_LOW_CONFIDENCE,score_lt_86,,true
f0dbf755ff80900cc3f32d4a,Glenfiddich 12-year-old  Our Original Twelve,,,,W000275,glendronach 12yo original,68.85,,REJECT_LOW_CONFIDENCE,score_lt_86,,true
d9201d7bedabf0a397fe1b47,Glenfiddich 12-year-old  Our Original Twelve,,,,W000275,glendronach 12yo original,68.85,,REJECT_LOW_CONFIDENCE,score_lt_86,,true
9c6ef8aefbb0f3c7a2778d63,Glenfiddich 12-year-old  Our Original Twelve,,,,W000275,glendronach 12yo original,68.85,,REJECT_LOW_CONFIDENCE,score_lt_86,,true
4dbfb13a2ff2e8cca3a69296,Glenfiddich 12-year-old  Our Original Twelve,,,,W000275,glendronach 12yo original,68.85,,REJECT_LOW_CONFIDENCE,score_lt_86,,true
0f5549e7b46fc05d1b390ca9,Glenfiddich 14-year-old  Our Bourbon Barrel Reserve,,,,W000614,glenfiddich 14yo bourbon barrel reserve,95.12,,KEEP_PRODUCT_FEATURE,score_gte_94_no_conflict,,true
788c5351351c27852e564d64,Glenfiddich 14-year-old  Our Bourbon Barrel Reserve,,,,W000614,glenfiddich 14yo bourbon barrel reserve,95.12,,KEEP_PRODUCT_FEATURE,score_gte_94_no_conflict,,true
9d68005818b8d4a5f3186a4d,Glenfiddich 14-year-old  Our Bourbon Barrel Reserve,,,,W000614,glenfiddich 14yo bourbon barrel reserve,95.12,,KEEP_PRODUCT_FEATURE,score_gte_94_no_conflict,,true
ba4be8615f4b209a435c7e2b,Glenfiddich 15-year-old  Our Solera Fifteen,,,,W000013,glenfiddich 15yo solera,79.31,,REJECT_LOW_CONFIDENCE,score_lt_86,,true
502aaf14cb955e4f1f4baa5d,Glenfiddich 15-year-old  Our Solera Fifteen,,,,W000013,glenfiddich 15yo solera,79.31,,REJECT_LOW_CONFIDENCE,score_lt_86,,true
c30ac1739df68bf8ed57d0d2,Glenfiddich 15-year-old  Our Solera Fifteen,,,,W000013,glenfiddich 15yo solera,79.31,,REJECT_LOW_CONFIDENCE,score_lt_86,,true
c9011df9299d087ddf111418,Glenfiddich 15-year-old  Our Solera Fifteen,,,,W000013,glenfiddich 15yo solera,79.31,,REJECT_LOW_CONFIDENCE,score_lt_86,,true
161eddb0b03f910955acbbaf,Glenfiddich 15-year-old  Our Solera Fifteen,,,,W000013,glenfiddich 15yo solera,79.31,,REJECT_LOW_CONFIDENCE,score_lt_86,,true
a65256c21a2cd34ed6e3525b,Glenfiddich 15-year-old  Our Solera Fifteen,,,2015,W000013,glenfiddich 15yo solera,79.31,,REJECT_LOW_CONFIDENCE,score_lt_86,,true
76cc2fc889563b780039b847,Glenfiddich 15-year-old  Our Solera Fifteen,,,,W000013,glenfiddich 15yo solera,79.31,,REJECT_LOW_CONFIDENCE,score_lt_86,,true
498a7255a26dd12709d96786,Glenfiddich 18-year-old,,,,W000549,glenfiddich 18yo,100.0,,KEEP_PRODUCT_FEATURE,score_gte_94_no_conflict,,true
22f079ada235c24851273d3e,Glenfiddich 18-year-old,,,,W000549,glenfiddich 18yo,100.0,,KEEP_PRODUCT_FEATURE,score_gte_94_no_conflict,,true
bf7bbb86e9eb931823b97143,Glenfiddich 18-year-old,,,,W000549,glenfiddich 18yo,100.0,,KEEP_PRODUCT_FEATURE,score_gte_94_no_conflict,,true
04b0be42eec317ee4d9a06a2,Glenfiddich 18-year-old,,,,W000549,glenfiddich 18yo,100.0,,KEEP_PRODUCT_FEATURE,score_gte_94_no_conflict,,true
df542bff07d535c09e373aeb,Glenfiddich 18-year-old,,,,W000549,glenfiddich 18yo,100.0,,KEEP_PRODUCT_FEATURE,score_gte_94_no_conflict,,true
0e90e67748f2ddb692dd738f,Glenfiddich 18-year-old,,,2021,W000549,glenfiddich 18yo,100.0,,KEEP_PRODUCT_FEATURE,score_gte_94_no_conflict,,true
e6fa932ca1ebf431e216f9e2,Glenfiddich 18-year-old,,,,W000549,glenfiddich 18yo,100.0,,KEEP_PRODUCT_FEATURE,score_gte_94_no_conflict,,true
feaa31cde58a58c74994f25a,Glenfiddich 18-year-old  Small Batch Reserve,,,2019,W001089,glenfiddich 12yo caoran reserve,74.63,,REJECT_LOW_CONFIDENCE,score_lt_86,,true
2534e496349228a7dabd84b9,Glenfiddich 18-year-old  Small Batch Reserve,,,,W001089,glenfiddich 12yo caoran reserve,74.63,,REJECT_LOW_CONFIDENCE,score_lt_86,,true
4a4eb1e628bb21d5aba14656,Glenfiddich 18-year-old  Small Batch Reserve,,,,W001089,glenfiddich 12yo caoran reserve,74.63,,REJECT_LOW_CONFIDENCE,score_lt_86,,true
37d5c8d45a12fa8971229a87,Glenfiddich 18-year-old  Small Batch Reserve,,,,W001089,glenfiddich 12yo caoran reserve,74.63,,REJECT_LOW_CONFIDENCE,score_lt_86,,true
ea18b4023ef2ed6a44562fa7,Glenfiddich 18-year-old  Small Batch Reserve,,,,W001089,glenfiddich 12yo caoran reserve,74.63,,REJECT_LOW_CONFIDENCE,score_lt_86,,true
fa04e0c5e592de915979b372,Glenfiddich 18-year-old  Small Batch Reserve,,,,W001089,glenfiddich 12yo caoran reserve,74.63,,REJECT_LOW_CONFIDENCE,score_lt_86,,true
e3a59f26e7b2af0a2e937a4c,Glenfiddich 18-year-old  Small Batch Reserve,,,,W001089,glenfiddich 12yo caoran reserve,74.63,,REJECT_LOW_CONFIDENCE,score_lt_86,,true
82b8b3b5d21724203e9eae5a,Glenfiddich 18-year-old  Small Batch Reserve,,,,W001089,glenfiddich 12yo caoran reserve,74.63,,REJECT_LOW_CONFIDENCE,score_lt_86,,true
07843090b635321a432b9b46,Glenfiddich 18-year-old  Small Batch Reserve,,,,W001089,glenfiddich 12yo caoran reserve,74.63,,REJECT_LOW_CONFIDENCE,score_lt_86,,true
ba28ae5c4af3b00ee3ceada1,Glenfiddich 21-year-old  Reserva Rum Cask Finish,,,,W001089,glenfiddich 12yo caoran reserve,73.24,,REJECT_LOW_CONFIDENCE,score_lt_86,,true
6eed33f21cb4894f6d76728f,Glenfiddich 21-year-old  Reserva Rum Cask Finish,,,,W001089,glenfiddich 12yo caoran reserve,73.24,,REJECT_LOW_CONFIDENCE,score_lt_86,,true
7d083a52c83ae2d5bc08357f,Glenfiddich 21-year-old  Reserva Rum Cask Finish,,,2021,W001089,glenfiddich 12yo caoran reserve,73.24,,REJECT_LOW_CONFIDENCE,score_lt_86,,true
43f5a1fbc5c27e9bde0d2398,Glenfiddich 21-year-old  Reserva Rum Cask Finish,,,,W001089,glenfiddich 12yo caoran reserve,73.24,,REJECT_LOW_CONFIDENCE,score_lt_86,,true
eb46d4cd4c9b9bd0e36e3ddf,Glenfiddich 21-year-old  Reserva Rum Cask Finish,,,,W001089,glenfiddich 12yo caoran reserve,73.24,,REJECT_LOW_CONFIDENCE,score_lt_86,,true
6702f063d6e3eeaca8ac4736,Glenfiddich 21-year-old  Reserva Rum Cask Finish,,,,W001089,glenfiddich 12yo caoran reserve,73.24,,REJECT_LOW_CONFIDENCE,score_lt_86,,true
d6bc48cbb35d3efe35821794,Glenfiddich 21-year-old  Reserva Rum Cask Finish,,,,W001089,glenfiddich 12yo caoran reserve,73.24,,REJECT_LOW_CONFIDENCE,score_lt_86,,true
0d4442ef98316deb0457dd31,Glenfiddich 21-year-old  Reserva Rum Cask Finish,,,,W001089,glenfiddich 12yo caoran reserve,73.24,,REJECT_LOW_CONFIDENCE,score_lt_86,,true
76254c78a2e010f81c280755,Glenfiddich 21-year-old  Reserva Rum Cask Finish,,,,W001089,glenfiddich 12yo caoran reserve,73.24,,REJECT_LOW_CONFIDENCE,score_lt_86,,true
b5df759058143f7dabfb3a3f,Glenfiddich 21-year-old  Reserva Rum Cask Finish,,,,W001089,glenfiddich 12yo caoran reserve,73.24,,REJECT_LOW_CONFIDENCE,score_lt_86,,true
a17de17634a64200472f9e67,Glenfiddich 21-year-old  Reserva Rum Cask Finish,,,,W001089,glenfiddich 12yo caoran reserve,73.24,,REJECT_LOW_CONFIDENCE,score_lt_86,,true
aa842bb7abc75f98e7229b97,Glenfiddich 21-year-old  Reserva Rum Cask Finish,,,,W001089,glenfiddich 12yo caoran reserve,73.24,,REJECT_LOW_CONFIDENCE,score_lt_86,,true
4ae110706496b2d54523b9bd,Glenfiddich 21-year-old  Reserva Rum Cask Finish,,,,W001089,glenfiddich 12yo caoran reserve,73.24,,REJECT_LOW_CONFIDENCE,score_lt_86,,true
f8cb58e2a72a189624013ab9,Glenfiddich 21-year-old  Reserva Rum Cask Finish,,,,W001089,glenfiddich 12yo caoran reserve,73.24,,REJECT_LOW_CONFIDENCE,score_lt_86,,true
32023d2fb2f254a67a2682b0,Glenfiddich 21-year-old  Gran Reserva,,,,W000254,glenfiddich 21yo gran reserva,100.0,,KEEP_PRODUCT_FEATURE,score_gte_94_no_conflict,,true
a18643975b29f91bc35ee2c9,Glenfiddich 21-year-old  Gran Reserva,,,,W000254,glenfiddich 21yo gran reserva,100.0,,KEEP_PRODUCT_FEATURE,score_gte_94_no_conflict,,true
60f0f1f8fb50997d3a5ab163,Glenfiddich 25-year-old  Rare Oak,,,,W000563,glenfiddich 14yo rich oak,80.0,,REJECT_LOW_CONFIDENCE,score_lt_86,,true
794fd4082c63e2825ebf5299,Glenfiddich 25-year-old  Rare Oak,,,,W000563,glenfiddich 14yo rich oak,80.0,,REJECT_LOW_CONFIDENCE,score_lt_86,,true
00f2dd12ac3dfee694e1018c,Glenfiddich 25-year-old  Rare Oak,,,,W000563,glenfiddich 14yo rich oak,80.0,,REJECT_LOW_CONFIDENCE,score_lt_86,,true
462aa788e72c317c071ef029,Glenfiddich 25-year-old  Rare Oak,,,,W000563,glenfiddich 14yo rich oak,80.0,,REJECT_LOW_CONFIDENCE,score_lt_86,,true
f68324a928216fcd7ea363fa,Glenfiddich 25-year-old  Rare Oak,,,,W000563,glenfiddich 14yo rich oak,80.0,,REJECT_LOW_CONFIDENCE,score_lt_86,,true
7b46803a1ff4506e7f25b106,Glenfiddich 25-year-old  Rare Oak,,,,W000563,glenfiddich 14yo rich oak,80.0,,REJECT_LOW_CONFIDENCE,score_lt_86,,true
929db110633eb02267871258,Glenfiddich 25-year-old  Rare Oak,,,,W000563,glenfiddich 14yo rich oak,80.0,,REJECT_LOW_CONFIDENCE,score_lt_86,,true
a6c69e2eee0a69a879472a44,Glenglassaugh 12-year-old  Fine Highland Malt,,,,W000329,glenglassaugh 26yo,61.82,,REJECT_LOW_CONFIDENCE,score_lt_86,,true
9d63ee2118c840ca8179f2fa,Glenglassaugh 12-year-old  Fine Highland Malt,,,,W000329,glenglassaugh 26yo,61.82,,REJECT_LOW_CONFIDENCE,score_lt_86,,true
38dd3d5084b07632fbe0f021,Glenglassaugh 12-year-old  Fine Highland Malt,,,,W000329,glenglassaugh 26yo,61.82,,REJECT_LOW_CONFIDENCE,score_lt_86,,true
ba03529c48e8997aa7c81066,Glenglassaugh 12-year-old  Fine Highland Malt,,,,W000329,glenglassaugh 26yo,61.82,,REJECT_LOW_CONFIDENCE,score_lt_86,,true
87f8d06f2b133003943312bb,Glenglassaugh 12-year-old  Fine Highland Malt,,,,W000329,glenglassaugh 26yo,61.82,,REJECT_LOW_CONFIDENCE,score_lt_86,,true
dfe48e626f3c511043df6bf4,Glenglassaugh 12-year-old  Fine Highland Malt,,,,W000329,glenglassaugh 26yo,61.82,,REJECT_LOW_CONFIDENCE,score_lt_86,,true
f961cbccdb771b003aec5f18,Glenglassaugh 12-year-old  Fine Highland Malt,,,,W000329,glenglassaugh 26yo,61.82,,REJECT_LOW_CONFIDENCE,score_lt_86,,true
9cd55d5d1b0e2f13848b14e7,Glenglassaugh 12-year-old  Fine Highland Malt,,,1991,W000329,glenglassaugh 26yo,61.82,,REJECT_LOW_CONFIDENCE,score_lt_86,,true
daacfd1c3c686f61e3960c6d,Glenglassaugh 1960,,,,W000329,glenglassaugh 26yo,83.33,,REJECT_LOW_CONFIDENCE,score_lt_86,,true
f9323d52508c7a071db9f10d,Glenglassaugh 1960,,,,W000329,glenglassaugh 26yo,83.33,,REJECT_LOW_CONFIDENCE,score_lt_86,,true
054cf8a2aaf6ae3c2746b008,Glenglassaugh 1960,,,,W000329,glenglassaugh 26yo,83.33,,REJECT_LOW_CONFIDENCE,score_lt_86,,true
f6cc6c43e2f53a5bc74b8a6d,Glenglassaugh 1963,,,,W000329,glenglassaugh 26yo,83.33,,REJECT_LOW_CONFIDENCE,score_lt_86,,true
73ff2549a840282f7562d0c4,Glenglassaugh 1963,,,,W000329,glenglassaugh 26yo,83.33,,REJECT_LOW_CONFIDENCE,score_lt_86,,true
4aa100fa9fa06dab3667b685,Glenglassaugh 1963,,,1963,W000329,glenglassaugh 26yo,83.33,,REJECT_LOW_CONFIDENCE,score_lt_86,,true
83eca4ad80dbae6138856d1a,Glenglassaugh 1963,,,,W000329,glenglassaugh 26yo,83.33,,REJECT_LOW_CONFIDENCE,score_lt_86,,true
fc6fa0af7a42ef24084423c6,Glenglassaugh 1965  Rare Cask Release - Batch 3,,,,W000204,glengoyne cask strength (batch 1),58.67,,REJECT_LOW_CONFIDENCE,score_lt_86,,true
0a9d39d61a30c401b6657cba,Glenglassaugh 1966  Rare Cask Series - Aged Over 40 Years Old,,,2011,W000294,"glenfarclas 1968-2000 54.2% (ob, old stock reserve, ceramic)",53.1,,REJECT_LOW_CONFIDENCE,score_lt_86,,true
4adb8aed5acbd6918eac7204,Glenglassaugh 1966  Rare Cask Series - Aged Over 40 Years Old,,,,W000294,"glenfarclas 1968-2000 54.2% (ob, old stock reserve, ceramic)",53.1,,REJECT_LOW_CONFIDENCE,score_lt_86,,true
4bdec6d871bfebdda4a89f56,Glenglassaugh 1966  Rare Cask Series - Aged Over 40 Years Old,,,,W000294,"glenfarclas 1968-2000 54.2% (ob, old stock reserve, ceramic)",53.1,,REJECT_LOW_CONFIDENCE,score_lt_86,,true
43fe2e53ccda4da36d3f3ee8,Glenglassaugh 1966  Rare Cask Series - Aged Over 40 Years Old,,,2013,W000294,"glenfarclas 1968-2000 54.2% (ob, old stock reserve, ceramic)",53.1,,REJECT_LOW_CONFIDENCE,score_lt_86,,true
109de65682d22c0bb6a9bea0,Glenglassaugh 1966  Rare Cask Series - Aged Over 40 Years Old,,,2015,W000294,"glenfarclas 1968-2000 54.2% (ob, old stock reserve, ceramic)",53.1,,REJECT_LOW_CONFIDENCE,score_lt_86,,true
3b5ab72b9b109e42d2a4a0d3,Glenglassaugh 1966  Rare Cask Series - Aged Over 40 Years Old,,,1966,W000294,"glenfarclas 1968-2000 54.2% (ob, old stock reserve, ceramic)",53.1,,REJECT_LOW_CONFIDENCE,score_lt_86,,true
c109ec1a27e589a4ffa16f9e,Glenglassaugh 1966  Rare Cask Series - Aged Over 40 Years Old,,,,W000294,"glenfarclas 1968-2000 54.2% (ob, old stock reserve, ceramic)",53.1,,REJECT_LOW_CONFIDENCE,score_lt_86,,true
402bbcb8551310aad01716da,Glenglassaugh 1966  Rare Cask Series - Aged Over 40 Years Old,,,1966,W000294,"glenfarclas 1968-2000 54.2% (ob, old stock reserve, ceramic)",53.1,,REJECT_LOW_CONFIDENCE,score_lt_86,,true
2d0edf440f4077220a5bc887,Glenglassaugh 1967  Rare Cask Release - Batch 3,,,,W000121,glengoyne cask strength (batch 7),58.67,,REJECT_LOW_CONFIDENCE,score_lt_86,,true
07e56bc27530faacb1af3e49,Glenglassaugh 1967  Rare Cask Release - Batch 3,,,,W000121,glengoyne cask strength (batch 7),58.67,,REJECT_LOW_CONFIDENCE,score_lt_86,,true
0d237e76ca88434ba11f0f41,Glenglassaugh 1967  The Massandra Connection,,,,W000861,glenglassaugh evolution,57.58,,REJECT_LOW_CONFIDENCE,score_lt_86,,true
120cd260a060b3718d20054d,Glenglassaugh 1967  The Massandra Connection,,,1967,W000861,glenglassaugh evolution,57.58,,REJECT_LOW_CONFIDENCE,score_lt_86,,true
abccb0c854aa791201242708,Glenglassaugh 1967  The Massandra Connection,,,1967,W000861,glenglassaugh evolution,57.58,,REJECT_LOW_CONFIDENCE,score_lt_86,,true
7a566fddb37b09c04c3a659c,Glenglassaugh 1967,,,,W000329,glenglassaugh 26yo,83.33,,REJECT_LOW_CONFIDENCE,score_lt_86,,true
bad8907b7128bf5ce189cd08,Glenglassaugh 1967,,,,W000329,glenglassaugh 26yo,83.33,,REJECT_LOW_CONFIDENCE,score_lt_86,,true
62ce3500372db8d2a766dd05,Glenglassaugh 1967  Rare Cask Series - Aged Over 40 Years Old,,,,W000294,"glenfarclas 1968-2000 54.2% (ob, old stock reserve, ceramic)",53.1,,REJECT_LOW_CONFIDENCE,score_lt_86,,true
91a93e6e7e211a1a7a8f606c,Glenglassaugh 1967  Rare Cask Series - Aged Over 40 Years Old,,,2015,W000294,"glenfarclas 1968-2000 54.2% (ob, old stock reserve, ceramic)",53.1,,REJECT_LOW_CONFIDENCE,score_lt_86,,true
aaa57317b72c6915da5892f4,Glenglassaugh 1967  Rare Cask Series - Aged Over 40 Years Old,,,,W000294,"glenfarclas 1968-2000 54.2% (ob, old stock reserve, ceramic)",53.1,,REJECT_LOW_CONFIDENCE,score_lt_86,,true
17e35356a7b1c8d2f7d40052,Glenglassaugh 1967  Rare Cask Series - Aged Over 40 Years Old,,,1960,W000294,"glenfarclas 1968-2000 54.2% (ob, old stock reserve, ceramic)",53.1,,REJECT_LOW_CONFIDENCE,score_lt_86,,true
ce50ffad24cb8991bf92dddb,Glenglassaugh 1967  Rare Cask Series - Aged Over 40 Years Old,,,1967,W000294,"glenfarclas 1968-2000 54.2% (ob, old stock reserve, ceramic)",53.1,,REJECT_LOW_CONFIDENCE,score_lt_86,,true
721b6848541c73f7f65f04be,Glenglassaugh 1967 - The Manager's Legacy  Release No. 4 - Walter Grant,,,,W000892,glen grant the major's reserve,52.63,,REJECT_LOW_CONFIDENCE,score_lt_86,,true
bf1160a74f3f119ebed847ca,Glenglassaugh 1967 - The Manager's Legacy  Release No. 4 - Walter Grant,,,,W000892,glen grant the major's reserve,52.63,,REJECT_LOW_CONFIDENCE,score_lt_86,,true
bd5ed5012ff11dfa70087386,Glenglassaugh 1967 - The Manager's Legacy  Release No. 4 - Walter Grant,,,,W000892,glen grant the major's reserve,52.63,,REJECT_LOW_CONFIDENCE,score_lt_86,,true
708f9da5c34f88297e5de34b,Glenglassaugh 1967 - The Manager's Legacy  Release No. 4 - Walter Grant,,,,W000892,glen grant the major's reserve,52.63,,REJECT_LOW_CONFIDENCE,score_lt_86,,true
4c31e604f9146003d24e755b,Glenglassaugh 1967 - The Manager's Legacy  Release No. 4 - Walter Grant,,,2011,W000892,glen grant the major's reserve,52.63,,REJECT_LOW_CONFIDENCE,score_lt_86,,true
c54ae40cc4700162e08126a3,Glenglassaugh 1967 - The Manager's Legacy  Release No. 4 - Walter Grant,,,1967,W000892,glen grant the major's reserve,52.63,,REJECT_LOW_CONFIDENCE,score_lt_86,,true
6fb84285e749fef9638a994f,Glenglassaugh 1967 - The Manager's Legacy  Release No. 4 - Walter Grant,,,1967,W000892,glen grant the major's reserve,52.63,,REJECT_LOW_CONFIDENCE,score_lt_86,,true
5a62e0f65b380970384b25c2,Glenglassaugh 1967 - The Manager's Legacy  Release No. 4 - Walter Grant,,,,W000892,glen grant the major's reserve,52.63,,REJECT_LOW_CONFIDENCE,score_lt_86,,true
e9a5f18d6d1e50675d1dded6,Glenglassaugh 1967 - The Manager's Legacy  Release No. 4 - Walter Grant,,,,W000892,glen grant the major's reserve,52.63,,REJECT_LOW_CONFIDENCE,score_lt_86,,true
25f2fb786c24a7196eb0fc7c,Glenglassaugh 1968  Rare Cask Release - Batch 1,,,,W000204,glengoyne cask strength (batch 1),58.67,,REJECT_LOW_CONFIDENCE,score_lt_86,,true
b29c8427130d2e366c7c2c1b,Glenglassaugh 1968  Rare Cask Release - Batch 1,,,,W000204,glengoyne cask strength (batch 1),58.67,,REJECT_LOW_CONFIDENCE,score_lt_86,,true
e21afde252d6515b9a35f2ce,Glenglassaugh 1968  Rare Cask Release - Batch 1,,,,W000204,glengoyne cask strength (batch 1),58.67,,REJECT_LOW_CONFIDENCE,score_lt_86,,true
2f34e8fb1226fe9f57da0c66,Glenglassaugh 1968  Rare Cask Release - Batch 1,,,,W000204,glengoyne cask strength (batch 1),58.67,,REJECT_LOW_CONFIDENCE,score_lt_86,,true
b175c0522ca5dac0faedc779,Glenglassaugh 1968  Rare Cask Release - Batch 1,,,1968,W000204,glengoyne cask strength (batch 1),58.67,,REJECT_LOW_CONFIDENCE,score_lt_86,,true
3144136d8afeeca8283da87e,Glenglassaugh 1968  Rare Cask Release - Batch 1,,,2015,W000204,glengoyne cask strength (batch 1),58.67,,REJECT_LOW_CONFIDENCE,score_lt_86,,true
ab0074ea1491b225963cad5f,Glenglassaugh 1968  Rare Cask Release - Batch 3,,,,W000204,glengoyne cask strength (batch 1),58.67,,REJECT_LOW_CONFIDENCE,score_lt_86,,true
ca64b1eeb4b4bda632f74daa,Glenglassaugh 1968 - The Manager's Legacy  Release No. 3 - Bert Forsyth,,,,W000746,two brewers release 13 classic,48.42,,REJECT_LOW_CONFIDENCE,score_lt_86,,true
b8332278aace26410b3d0d87,Glenglassaugh 1968 - The Manager's Legacy  Release No. 3 - Bert Forsyth,,,,W000746,two brewers release 13 classic,48.42,,REJECT_LOW_CONFIDENCE,score_lt_86,,true
9e435b7e878ef906b9dda6a6,Glenglassaugh 1968 - The Manager's Legacy  Release No. 3 - Bert Forsyth,,,,W000746,two brewers release 13 classic,48.42,,REJECT_LOW_CONFIDENCE,score_lt_86,,true
3c3913d2b105c7d9608065be,Glenglassaugh 1968 - The Manager's Legacy  Release No. 3 - Bert Forsyth,,,,W000746,two brewers release 13 classic,48.42,,REJECT_LOW_CONFIDENCE,score_lt_86,,true
521457704154ddf0dd630b74,Glenglassaugh 1968 - The Manager's Legacy  Release No. 3 - Bert Forsyth,,,2017,W000746,two brewers release 13 classic,48.42,,REJECT_LOW_CONFIDENCE,score_lt_86,,true
39f492154d2941a74a355f1e,Glenglassaugh 1968 - The Manager's Legacy  Release No. 3 - Bert Forsyth,,,,W000746,two brewers release 13 classic,48.42,,REJECT_LOW_CONFIDENCE,score_lt_86,,true
f8ae73ca2d565d8e82f8a664,Glenglassaugh 1968 - The Manager's Legacy  Release No. 3 - Bert Forsyth,,,,W000746,two brewers release 13 classic,48.42,,REJECT_LOW_CONFIDENCE,score_lt_86,,true
b34bab8537ecb80df5ee3a56,Glenglassaugh 1972  The Massandra Connection,,,,W000861,glenglassaugh evolution,57.58,,REJECT_LOW_CONFIDENCE,score_lt_86,,true
f2cfbf4f27e7a4fa22b51388,Glenglassaugh 1972  The Massandra Connection,,,,W000861,glenglassaugh evolution,57.58,,REJECT_LOW_CONFIDENCE,score_lt_86,,true
bfd0405f96b226033afa63e1,Glenglassaugh 1972  The Massandra Connection,,,,W000861,glenglassaugh evolution,57.58,,REJECT_LOW_CONFIDENCE,score_lt_86,,true
4edd3c7ccf0bd4afb0b55b74,Glenglassaugh 1972  The Massandra Connection,,,2017,W000861,glenglassaugh evolution,57.58,,REJECT_LOW_CONFIDENCE,score_lt_86,,true
5662451fd6dac58b3b9a68a5,Glenglassaugh 1972  The Massandra Connection,,,,W000861,glenglassaugh evolution,57.58,,REJECT_LOW_CONFIDENCE,score_lt_86,,true
56a9823336e55b17805f2861,Glenglassaugh 1972  The Massandra Connection,,,,W000861,glenglassaugh evolution,57.58,,REJECT_LOW_CONFIDENCE,score_lt_86,,true
f557307cb1fb13b74dd91a6e,Glenglassaugh 1972  The Massandra Connection,,,,W000861,glenglassaugh evolution,57.58,,REJECT_LOW_CONFIDENCE,score_lt_86,,true
f4316d73da94414069052596,Glenglassaugh 1972  The Massandra Connection,,,,W000861,glenglassaugh evolution,57.58,,REJECT_LOW_CONFIDENCE,score_lt_86,,true
4251b1522bd3d65e4ab2d96c,Glenglassaugh 1972  The Massandra Connection,,,,W000861,glenglassaugh evolution,57.58,,REJECT_LOW_CONFIDENCE,score_lt_86,,true
39e397e20ac45138064f00f9,Glenglassaugh 1972  Rare Cask Release,,,,W000821,glenglassaugh octaves classic,64.62,,REJECT_LOW_CONFIDENCE,score_lt_86,,true
d55242b438ba3a3c2063da30,Glenglassaugh 1972  for Andrea Caminneci,,,,W000329,glenglassaugh 26yo,56.14,,REJECT_LOW_CONFIDENCE,score_lt_86,,true
7baba4e864bae1bfa8b4b8d2,Glenglassaugh 1972  for Andrea Caminneci,,,,W000329,glenglassaugh 26yo,56.14,,REJECT_LOW_CONFIDENCE,score_lt_86,,true
f0b5a953387f3781c86293bb,Glenglassaugh 1972  for Andrea Caminneci,,,2015,W000329,glenglassaugh 26yo,56.14,,REJECT_LOW_CONFIDENCE,score_lt_86,,true
0a33a514ee05b4932e7155b2,Glenglassaugh 1972  for Andrea Caminneci,,,2010,W000329,glenglassaugh 26yo,56.14,,REJECT_LOW_CONFIDENCE,score_lt_86,,true
c380f8ef5345da2a21a5960b,Glenglassaugh 1972  for Andrea Caminneci,,,1972,W000329,glenglassaugh 26yo,56.14,,REJECT_LOW_CONFIDENCE,score_lt_86,,true
59dafce7231532dd46834a73,Glenglassaugh 1972  for Andrea Caminneci,,,,W000329,glenglassaugh 26yo,56.14,,REJECT_LOW_CONFIDENCE,score_lt_86,,true
93b3f574dbfed803824c0893,Glenglassaugh 1972  for Andrea Caminneci,,,,W000329,glenglassaugh 26yo,56.14,,REJECT_LOW_CONFIDENCE,score_lt_86,,true
e4580032cb432f28004af89a,Glenglassaugh 1972  for Andrea Caminneci,,,1936,W000329,glenglassaugh 26yo,56.14,,REJECT_LOW_CONFIDENCE,score_lt_86,,true
0ff1c891a8f4670164cab6dc,Glenglassaugh 1972  Rare Cask Release - Batch 1,,,,W000121,glengoyne cask strength (batch 7),58.67,,REJECT_LOW_CONFIDENCE,score_lt_86,,true
b2aed8a25fcf9231dd463930,Glenglassaugh 1972  Rare Cask Release - Batch 1,,,2014,W000121,glengoyne cask strength (batch 7),58.67,,REJECT_LOW_CONFIDENCE,score_lt_86,,true
26c4b7ca7da97d8c78db4061,Glenglassaugh 1972  Rare Cask Release - Batch 1,,,,W000121,glengoyne cask strength (batch 7),58.67,,REJECT_LOW_CONFIDENCE,score_lt_86,,true
b3a9679dd49d1d56bd4b1dca,Glenglassaugh 1972  Rare Cask Release - Batch 1,,,1956,W000121,glengoyne cask strength (batch 7),58.67,,REJECT_LOW_CONFIDENCE,score_lt_86,,true
263880d572f3af6190fd5716,Glenglassaugh 1972  Rare Cask Release - Batch 1,,,,W000121,glengoyne cask strength (batch 7),58.67,,REJECT_LOW_CONFIDENCE,score_lt_86,,true
616da593d7bb8681e4c979c6,Glenglassaugh 1972  Rare Cask Release - Batch 1,,,,W000121,glengoyne cask strength (batch 7),58.67,,REJECT_LOW_CONFIDENCE,score_lt_86,,true
e2a9102598a55397f6969269,Glenglassaugh 1972  Rare Cask Release - Batch 1,,,,W000121,glengoyne cask strength (batch 7),58.67,,REJECT_LOW_CONFIDENCE,score_lt_86,,true
d207ed5bcd6afe672b5b7ce0,Glenglassaugh 1972  Rare Cask Release - Batch 1,,,,W000121,glengoyne cask strength (batch 7),58.67,,REJECT_LOW_CONFIDENCE,score_lt_86,,true
d60884b891fa85aa14f3b119,Glenglassaugh 1972  Rare Cask Release - Batch 1,,,,W000121,glengoyne cask strength (batch 7),58.67,,REJECT_LOW_CONFIDENCE,score_lt_86,,true
c26e2ee6aee4b5c4301a7606,Glenglassaugh 1972  Rare Cask Release - Batch 3,,,,W000121,glengoyne cask strength (batch 7),58.67,,REJECT_LOW_CONFIDENCE,score_lt_86,,true
26916bc742414bff18bf9d0b,Glenglassaugh 1972  Rare Cask Release - Batch 3,,,,W000121,glengoyne cask strength (batch 7),58.67,,REJECT_LOW_CONFIDENCE,score_lt_86,,true
d2619dd970cc6d60da44a08b,Glenglassaugh 1972  Rare Cask Release - Batch 3,,,,W000121,glengoyne cask strength (batch 7),58.67,,REJECT_LOW_CONFIDENCE,score_lt_86,,true
7a4908ad6b55072b52f91460,Glenglassaugh 1972  Rare Cask Release - Batch 3,,,,W000121,glengoyne cask strength (batch 7),58.67,,REJECT_LOW_CONFIDENCE,score_lt_86,,true
8217a5f32e8dfd2902b70712,Glenglassaugh 1972  The Master Distillers' Selection,,,,W001727,jack daniel's master distiller (all series),52.75,,REJECT_LOW_CONFIDENCE,score_lt_86,,true
1194d941a319fc1e834470b8,Glenglassaugh 1972  The Master Distillers' Selection,,,1972,W001727,jack daniel's master distiller (all series),52.75,,REJECT_LOW_CONFIDENCE,score_lt_86,,true
3be1c882f18b2a0d70c24552,Glenglassaugh 1972  Rare Cask Release - Batch 2,,,,W000121,glengoyne cask strength (batch 7),58.67,,REJECT_LOW_CONFIDENCE,score_lt_86,,true
d62fbcf94796f1cb58016f22,Glenglassaugh 1972  Rare Cask Release - Batch 2,,,,W000121,glengoyne cask strength (batch 7),58.67,,REJECT_LOW_CONFIDENCE,score_lt_86,,true
f9f335fc41c6b97f0cff1f75,Glenglassaugh 1972  Rare Cask Release - Batch 2,,,,W000121,glengoyne cask strength (batch 7),58.67,,REJECT_LOW_CONFIDENCE,score_lt_86,,true
cf89519f5b08de17f23ce867,Glenglassaugh 1972  Rare Cask Release - Batch 2,,,,W000121,glengoyne cask strength (batch 7),58.67,,REJECT_LOW_CONFIDENCE,score_lt_86,,true
d06180dc878e5d31e7f5ffd4,Glenglassaugh 1972  Rare Cask Release - Batch 2,,,2013,W000121,glengoyne cask strength (batch 7),58.67,,REJECT_LOW_CONFIDENCE,score_lt_86,,true
4deab17935c4698623e2fe15,Glenglassaugh 1972  Rare Cask Release - Batch 2,,,,W000121,glengoyne cask strength (batch 7),58.67,,REJECT_LOW_CONFIDENCE,score_lt_86,,true
25834d48e9ac9f222dc346d3,Glenglassaugh 1972  Rare Cask Release - Batch 2,,,,W000121,glengoyne cask strength (batch 7),58.67,,REJECT_LOW_CONFIDENCE,score_lt_86,,true
0ab70c1d686f4ae07455dac6,Glenglassaugh 1972  Rare Cask Release - Batch 2,,,,W000121,glengoyne cask strength (batch 7),58.67,,REJECT_LOW_CONFIDENCE,score_lt_86,,true
c1713d774a7081cd3f0502ea,Glenglassaugh 1972  Rare Cask Series - Aged Over 30 Years Old,,,1972,W000294,"glenfarclas 1968-2000 54.2% (ob, old stock reserve, ceramic)",53.1,,REJECT_LOW_CONFIDENCE,score_lt_86,,true
f8cae4ffea607f2d02ef1645,Glenglassaugh 1972  Rare Cask Series - Aged Over 30 Years Old,,,,W000294,"glenfarclas 1968-2000 54.2% (ob, old stock reserve, ceramic)",53.1,,REJECT_LOW_CONFIDENCE,score_lt_86,,true
ec0551e34388233e8c83afd1,Glenglassaugh 1972  Rare Cask Series - Aged Over 30 Years Old,,,2008,W000294,"glenfarclas 1968-2000 54.2% (ob, old stock reserve, ceramic)",53.1,,REJECT_LOW_CONFIDENCE,score_lt_86,,true
8af1afa5ecb8a1f7f9c19248,Glenglassaugh 1972  Rare Cask Series - Aged Over 30 Years Old,,,1972,W000294,"glenfarclas 1968-2000 54.2% (ob, old stock reserve, ceramic)",53.1,,REJECT_LOW_CONFIDENCE,score_lt_86,,true
4a49f31ceeaa0fdbdfe5fba7,Glenglassaugh 1972  The Master Distillers' Selection,,,1972,W001727,jack daniel's master distiller (all series),52.75,,REJECT_LOW_CONFIDENCE,score_lt_86,,true
05a3ff18f9d141b12fc48a5f,Glenglassaugh 1972  The Master Distillers' Selection,,,1963,W001727,jack daniel's master distiller (all series),52.75,,REJECT_LOW_CONFIDENCE,score_lt_86,,true
196e1adebb1de4c552943114,Glenglassaugh 1972  The Master Distillers' Selection,,,,W001727,jack daniel's master distiller (all series),52.75,,REJECT_LOW_CONFIDENCE,score_lt_86,,true
301b9111fa95f58f8d78f03f,Glenglassaugh 1972  The Master Distillers' Selection,,,,W001727,jack daniel's master distiller (all series),52.75,,REJECT_LOW_CONFIDENCE,score_lt_86,,true
120b8ab44329d4654243e21c,Glenglassaugh 1972  The Master Distillers' Selection,,,2021,W001727,jack daniel's master distiller (all series),52.75,,REJECT_LOW_CONFIDENCE,score_lt_86,,true
a077d9aae6a135dfab58a06c,Glenglassaugh 1972  The Master Distillers' Selection,,,1973,W001727,jack daniel's master distiller (all series),52.75,,REJECT_LOW_CONFIDENCE,score_lt_86,,true
41c68e1e15d1e923d9fba28e,Glenglassaugh 1972  The Master Distillers' Selection,,,,W001727,jack daniel's master distiller (all series),52.75,,REJECT_LOW_CONFIDENCE,score_lt_86,,true
9d0269ee0a88a80b62edeeb8,Glenglassaugh 1972  The Master Distillers' Selection,,,,W001727,jack daniel's master distiller (all series),52.75,,REJECT_LOW_CONFIDENCE,score_lt_86,,true
69c023a44cdde6279f28f270,Glenglassaugh 1972  The Master Distillers' Selection,,,,W001727,jack daniel's master distiller (all series),52.75,,REJECT_LOW_CONFIDENCE,score_lt_86,,true
9afdbfe0f46923148c0e793a,Glenglassaugh 1972  The Master Distillers' Selection,,,,W001727,jack daniel's master distiller (all series),52.75,,REJECT_LOW_CONFIDENCE,score_lt_86,,true
e12b1210fe95b30013571246,Glenglassaugh 1973  Rare Cask Release,,,,W000821,glenglassaugh octaves classic,64.62,,REJECT_LOW_CONFIDENCE,score_lt_86,,true
ac4b7ba2da04d9a661f621a2,Glenglassaugh 1973  Rare Cask Release,,,2019,W000821,glenglassaugh octaves classic,64.62,,REJECT_LOW_CONFIDENCE,score_lt_86,,true
5539ffe08a5cf0b2b6c5dd6a,Glenglassaugh 1973  Rare Cask Release - Batch 3,,,,W000121,glengoyne cask strength (batch 7),58.67,,REJECT_LOW_CONFIDENCE,score_lt_86,,true
865cdd64ad705002181d9896,Glenglassaugh 1973  Rare Cask Release - Batch 3,,,,W000121,glengoyne cask strength (batch 7),58.67,,REJECT_LOW_CONFIDENCE,score_lt_86,,true
4592825e691436ccd76e9407,Glenglassaugh 1973  Black Ox,,,2015,W000821,glenglassaugh octaves classic,67.86,,REJECT_LOW_CONFIDENCE,score_lt_86,,true
becfc47e275d9226c5ff0c88,Glenglassaugh 1973  Black Ox,,,,W000821,glenglassaugh octaves classic,67.86,,REJECT_LOW_CONFIDENCE,score_lt_86,,true
6848f3769b6d8b3e365c4eca,Glenglassaugh 1973  Rare Cask Series - Aged Over 30 Years Old,,,,W000294,"glenfarclas 1968-2000 54.2% (ob, old stock reserve, ceramic)",51.33,,REJECT_LOW_CONFIDENCE,score_lt_86,,true
0f6290a7b7b45875c9c59057,Glenglassaugh 1973  Rare Cask Series - Aged Over 30 Years Old,,,,W000294,"glenfarclas 1968-2000 54.2% (ob, old stock reserve, ceramic)",51.33,,REJECT_LOW_CONFIDENCE,score_lt_86,,true
d0d334e5759affe1487567ef,Glenglassaugh 1973  Rare Cask Series - Aged Over 30 Years Old,,,,W000294,"glenfarclas 1968-2000 54.2% (ob, old stock reserve, ceramic)",51.33,,REJECT_LOW_CONFIDENCE,score_lt_86,,true
0f2bf6b0a0b91afb310a3806,Glenglassaugh 1973  Rare Cask Series - Aged Over 30 Years Old,,,,W000294,"glenfarclas 1968-2000 54.2% (ob, old stock reserve, ceramic)",51.33,,REJECT_LOW_CONFIDENCE,score_lt_86,,true
c2b8d1073d3d1867efa8f1a8,Glenglassaugh 1973  Rare Cask Series - Aged Over 30 Years Old,,,,W000294,"glenfarclas 1968-2000 54.2% (ob, old stock reserve, ceramic)",51.33,,REJECT_LOW_CONFIDENCE,score_lt_86,,true
65834c9c793cf7038d5bad8a,Glenglassaugh 1973  Rare Cask Series - Aged Over 30 Years Old,,,,W000294,"glenfarclas 1968-2000 54.2% (ob, old stock reserve, ceramic)",51.33,,REJECT_LOW_CONFIDENCE,score_lt_86,,true
c802f6b5607730c4cfd4c21e,Glenglassaugh 1973  The Massandra Connection,,,,W000861,glenglassaugh evolution,57.58,,REJECT_LOW_CONFIDENCE,score_lt_86,,true
e97cb89e495652c496b17909,Glenglassaugh 1973  The Massandra Connection,,,1973,W000861,glenglassaugh evolution,57.58,,REJECT_LOW_CONFIDENCE,score_lt_86,,true
77c224bfaafe8fb5ed87a1e8,Glenglassaugh 1973  The Massandra Connection,,,,W000861,glenglassaugh evolution,57.58,,REJECT_LOW_CONFIDENCE,score_lt_86,,true
3d3bb9e1f696c36ff1876315,Glenglassaugh 1973  The Massandra Connection,,,,W000861,glenglassaugh evolution,57.58,,REJECT_LOW_CONFIDENCE,score_lt_86,,true
1522e65d59886a488fa662ad,Glenglassaugh 1973  The Massandra Connection,,,,W000861,glenglassaugh evolution,57.58,,REJECT_LOW_CONFIDENCE,score_lt_86,,true
6f0043dfa1b90741ed51afe9,Glenglassaugh 1973  The Massandra Connection,,,,W000861,glenglassaugh evolution,57.58,,REJECT_LOW_CONFIDENCE,score_lt_86,,true
e78be3ed2fa84386aceb5843,Glenglassaugh 1973  The Massandra Connection,,,,W000861,glenglassaugh evolution,57.58,,REJECT_LOW_CONFIDENCE,score_lt_86,,true
bbbaf524a6d2b0b9bf1d03d6,Glenglassaugh 1973  Rare Cask Release - Batch 2,,,,W000121,glengoyne cask strength (batch 7),58.67,,REJECT_LOW_CONFIDENCE,score_lt_86,,true
dd43abf7dc2c97f90a0c4256,Glenglassaugh 1973  Rare Cask Release - Batch 1,,,1980,W000121,glengoyne cask strength (batch 7),58.67,,REJECT_LOW_CONFIDENCE,score_lt_86,,true
84ee2f72c40ba1aeacc883ab,Glenglassaugh 1973  Rare Cask Release - Batch 1,,,,W000121,glengoyne cask strength (batch 7),58.67,,REJECT_LOW_CONFIDENCE,score_lt_86,,true
5fc95fbdaf701d277e69da59,Glenglassaugh 1973  Rare Cask Release - Batch 1,,,,W000121,glengoyne cask strength (batch 7),58.67,,REJECT_LOW_CONFIDENCE,score_lt_86,,true
889f4be20206e2e11d8154e1,Glenglassaugh 1973  Rare Cask Release - Batch 1,,,2015,W000121,glengoyne cask strength (batch 7),58.67,,REJECT_LOW_CONFIDENCE,score_lt_86,,true
126f15a623baf108d4a695d3,Glenglassaugh 1973  Rare Cask Release - Batch 1,,,2015,W000121,glengoyne cask strength (batch 7),58.67,,REJECT_LOW_CONFIDENCE,score_lt_86,,true
00ac15b1d49c7a836f24dce8,Glenglassaugh 1973  Rare Cask Release - Batch 1,,,,W000121,glengoyne cask strength (batch 7),58.67,,REJECT_LOW_CONFIDENCE,score_lt_86,,true
52da12acdf3ac456b80ce479,Glenglassaugh 1973  Rare Cask Release - Batch 1,,,,W000121,glengoyne cask strength (batch 7),58.67,,REJECT_LOW_CONFIDENCE,score_lt_86,,true
4bd87bfb839eea95b2399168,Glenglassaugh 1973  Rare Cask Release - Batch 2,,,,W000121,glengoyne cask strength (batch 7),58.67,,REJECT_LOW_CONFIDENCE,score_lt_86,,true
fe988c10bba73acb834b23ec,Glenglassaugh 1973  Rare Cask Release - Batch 2,,,,W000121,glengoyne cask strength (batch 7),58.67,,REJECT_LOW_CONFIDENCE,score_lt_86,,true
56535df0abb9e5431764d926,Glenglassaugh 1973  Rare Cask Release - Batch 2,,,,W000121,glengoyne cask strength (batch 7),58.67,,REJECT_LOW_CONFIDENCE,score_lt_86,,true
70931f08312067f3ee310deb,Glenglassaugh 1973  Seek the Ultimate,,,,W001067,glenglassaugh octaves peated,62.5,,REJECT_LOW_CONFIDENCE,score_lt_86,,true
7ccbd3ff6c37c6f6e27d74c4,Glenglassaugh 1973  Seek the Ultimate,,,1973,W001067,glenglassaugh octaves peated,62.5,,REJECT_LOW_CONFIDENCE,score_lt_86,,true
9c6cd778cacf5f8cec671382,Glenglassaugh 1973  The Master Distillers' Selection,,,1973,W001727,jack daniel's master distiller (all series),52.75,,REJECT_LOW_CONFIDENCE,score_lt_86,,true
f85f883695fa30a132c4b403,Glenglassaugh 1973  The Master Distillers' Selection,,,,W001727,jack daniel's master distiller (all series),52.75,,REJECT_LOW_CONFIDENCE,score_lt_86,,true
f0fe8da3bd8fd16dfc157ece,Glenglassaugh 1973  The Massandra Connection,,,,W000861,glenglassaugh evolution,57.58,,REJECT_LOW_CONFIDENCE,score_lt_86,,true
5890151ef85453aa0bf9f124,Glenglassaugh 1973  The Massandra Connection,,,,W000861,glenglassaugh evolution,57.58,,REJECT_LOW_CONFIDENCE,score_lt_86,,true
513487afc836783c93ed423a,Glenglassaugh 1973  The Massandra Connection,,,2015,W000861,glenglassaugh evolution,57.58,,REJECT_LOW_CONFIDENCE,score_lt_86,,true
26fd270658e99104956123bc,Glenglassaugh 1973  The Massandra Connection,,,,W000861,glenglassaugh evolution,57.58,,REJECT_LOW_CONFIDENCE,score_lt_86,,true
26294189191371cabb249e45,Glenglassaugh 1973  The Massandra Connection,,,,W000861,glenglassaugh evolution,57.58,,REJECT_LOW_CONFIDENCE,score_lt_86,,true
c93e33e837d252d1eb88a624,Glenglassaugh 1973  The Family Silver,,,2017,W001067,glenglassaugh octaves peated,59.38,,REJECT_LOW_CONFIDENCE,score_lt_86,,true
1ad56d98e946356aa7e326a2,Glenglassaugh 1973  The Family Silver,,,,W001067,glenglassaugh octaves peated,59.38,,REJECT_LOW_CONFIDENCE,score_lt_86,,true
941a42862eb0f498943238de,Glenglassaugh 1973  The Family Silver,,,,W001067,glenglassaugh octaves peated,59.38,,REJECT_LOW_CONFIDENCE,score_lt_86,,true
1d072ea411bb47d54b429d04,Glenglassaugh 1973  The Family Silver,,,2003,W001067,glenglassaugh octaves peated,59.38,,REJECT_LOW_CONFIDENCE,score_lt_86,,true
d6495d7e9086f2cdf77ad0e0,Glenglassaugh 1973  The Family Silver,,,1998,W001067,glenglassaugh octaves peated,59.38,,REJECT_LOW_CONFIDENCE,score_lt_86,,true
d7965aecda24bedf6fcff4a9,Glenglassaugh 1973  The Family Silver,,,,W001067,glenglassaugh octaves peated,59.38,,REJECT_LOW_CONFIDENCE,score_lt_86,,true
8a29e06d1bbf845496740ffb,Glenglassaugh 1973  The Family Silver,,,,W001067,glenglassaugh octaves peated,59.38,,REJECT_LOW_CONFIDENCE,score_lt_86,,true
1704267021e8b6e2e09603e5,Glenglassaugh 1973  The Family Silver,,,,W001067,glenglassaugh octaves peated,59.38,,REJECT_LOW_CONFIDENCE,score_lt_86,,true
b2203c3d1f6ee2fe5aeff740,Glenglassaugh 1973  The Family Silver,,,2020,W001067,glenglassaugh octaves peated,59.38,,REJECT_LOW_CONFIDENCE,score_lt_86,,true
de8eccc39c95590dc111fe13,Glenglassaugh 1973,,,2019,W000329,glenglassaugh 26yo,77.78,,REJECT_LOW_CONFIDENCE,score_lt_86,,true
0c6eb7bac055a9f0644d0be3,Glenglassaugh 1973,,,,W000329,glenglassaugh 26yo,77.78,,REJECT_LOW_CONFIDENCE,score_lt_86,,true
b7c2ed428dbd4d66b22f1653,Glenglassaugh 1973,,,,W000329,glenglassaugh 26yo,77.78,,REJECT_LOW_CONFIDENCE,score_lt_86,,true
06a7f83520521ac8f4bce553,Glenglassaugh 1973,,,,W000329,glenglassaugh 26yo,77.78,,REJECT_LOW_CONFIDENCE,score_lt_86,,true
5ccd5838d06ceacb1e572e13,Glenglassaugh 1973,,,2015,W000329,glenglassaugh 26yo,77.78,,REJECT_LOW_CONFIDENCE,score_lt_86,,true
a397ed6ad16851538d3e977b,Glenglassaugh 1973,,,,W000329,glenglassaugh 26yo,77.78,,REJECT_LOW_CONFIDENCE,score_lt_86,,true
3d6eda303d992770bcc89030,Glenglassaugh 1974  The Master Distillers' Selection,,,2020,W001727,jack daniel's master distiller (all series),52.75,,REJECT_LOW_CONFIDENCE,score_lt_86,,true
3c7e023cba15086c7412eda3,Glenglassaugh 1974  The Master Distillers' Selection,,,,W001727,jack daniel's master distiller (all series),52.75,,REJECT_LOW_CONFIDENCE,score_lt_86,,true
a19fb3e99c3126bbf675c66a,Glenglassaugh 1974  The Master Distillers' Selection,,,,W001727,jack daniel's master distiller (all series),52.75,,REJECT_LOW_CONFIDENCE,score_lt_86,,true
0b8cac040f688483b68ccf95,Glenglassaugh 1974  The Master Distillers' Selection,,,2015,W001727,jack daniel's master distiller (all series),52.75,,REJECT_LOW_CONFIDENCE,score_lt_86,,true
ca4aeb3b1313f1d2691b5ac0,Glenglassaugh 1974  Rare Cask Release - Batch 2,,,,W000121,glengoyne cask strength (batch 7),58.67,,REJECT_LOW_CONFIDENCE,score_lt_86,,true
6546aa51f0810345de9238da,Glenglassaugh 1974 The Manager's Legacy  Jim Cryle,,,,W001067,glenglassaugh octaves peated,54.55,,REJECT_LOW_CONFIDENCE,score_lt_86,,true
12aa04c8848f8bf1ebb00d94,Glenglassaugh 1974 The Manager's Legacy  Jim Cryle,,,,W001067,glenglassaugh octaves peated,54.55,,REJECT_LOW_CONFIDENCE,score_lt_86,,true
cd667dfdb17379ce52617089,Glenglassaugh 1974 The Manager's Legacy  Jim Cryle,,,,W001067,glenglassaugh octaves peated,54.55,,REJECT_LOW_CONFIDENCE,score_lt_86,,true
4982f5e275d4679393ffb8dd,Glenglassaugh 1974 The Manager's Legacy  Jim Cryle,,,1974,W001067,glenglassaugh octaves peated,54.55,,REJECT_LOW_CONFIDENCE,score_lt_86,,true
775fa6a1a7708ce46782034e,Glenglassaugh 1974 The Manager's Legacy  Jim Cryle,,,1974,W001067,glenglassaugh octaves peated,54.55,,REJECT_LOW_CONFIDENCE,score_lt_86,,true
f2e3c2167b6bc080fd426452,Glenglassaugh 1975  Rare Cask Release - Batch 2,,,,W000121,glengoyne cask strength (batch 7),58.67,,REJECT_LOW_CONFIDENCE,score_lt_86,,true
a6c914d04ab483cbf03781f4,Glenglassaugh 1975  Rare Cask Release - Batch 2,,,,W000121,glengoyne cask strength (batch 7),58.67,,REJECT_LOW_CONFIDENCE,score_lt_86,,true
d564820a839c569f4a0d4a15,Glenglassaugh 1975  Rare Cask Release - Batch 2,,,2017,W000121,glengoyne cask strength (batch 7),58.67,,REJECT_LOW_CONFIDENCE,score_lt_86,,true
d88924da2cc3c464618798af,Glenglassaugh 1975  Rare Cask Release - Batch 2,,,,W000121,glengoyne cask strength (batch 7),58.67,,REJECT_LOW_CONFIDENCE,score_lt_86,,true
f6fcbb423a9436781681f73b,Glenglassaugh 1975  Rare Cask Release - Batch 2,,,,W000121,glengoyne cask strength (batch 7),58.67,,REJECT_LOW_CONFIDENCE,score_lt_86,,true
b888ddc985063c377457b507,Glenglassaugh 1975  Rare Cask Release - Batch 2,,,,W000121,glengoyne cask strength (batch 7),58.67,,REJECT_LOW_CONFIDENCE,score_lt_86,,true
6d42b2c99af99ccee3481c59,Glenglassaugh 1975  Rare Cask Release - Batch 3,,,,W000121,glengoyne cask strength (batch 7),58.67,,REJECT_LOW_CONFIDENCE,score_lt_86,,true
deffc7a01163332e752f43da,Glenglassaugh 1975  Rare Cask Release - Batch 3,,,,W000121,glengoyne cask strength (batch 7),58.67,,REJECT_LOW_CONFIDENCE,score_lt_86,,true
0d76c43e0d5e7715b4ef7a21,Glenglassaugh 1975  Rare Cask Series - Aged Over 30 Years Old,,,,W000294,"glenfarclas 1968-2000 54.2% (ob, old stock reserve, ceramic)",51.33,,REJECT_LOW_CONFIDENCE,score_lt_86,,true
c504bd7f1256e3df5e47296b,Glenglassaugh 1975  Rare Cask Series - Aged Over 30 Years Old,,,,W000294,"glenfarclas 1968-2000 54.2% (ob, old stock reserve, ceramic)",51.33,,REJECT_LOW_CONFIDENCE,score_lt_86,,true
b43c71b6d37ae5bcde7a6bb8,Glenglassaugh 1975  Rare Cask Series - Aged Over 30 Years Old,,,,W000294,"glenfarclas 1968-2000 54.2% (ob, old stock reserve, ceramic)",51.33,,REJECT_LOW_CONFIDENCE,score_lt_86,,true
d15a29173cd42057cda77043,Glenglassaugh 1975  Rare Cask Series - Aged Over 30 Years Old,,,,W000294,"glenfarclas 1968-2000 54.2% (ob, old stock reserve, ceramic)",51.33,,REJECT_LOW_CONFIDENCE,score_lt_86,,true
724693d034217dd75f2bcea0,Glenglassaugh 1975  White Rabbit,,,,W001003,glenglassaugh torfa,64.0,,REJECT_LOW_CONFIDENCE,score_lt_86,,true
5b75ccc6521a61048d1a4fc6,Glenglassaugh 1975  Rare Cask Release - Batch 1,,,,W000121,glengoyne cask strength (batch 7),58.67,,REJECT_LOW_CONFIDENCE,score_lt_86,,true
feefd2ab26c71f2365dcbabd,Glenglassaugh 1975  Rare Cask Release - Batch 1,,,,W000121,glengoyne cask strength (batch 7),58.67,,REJECT_LOW_CONFIDENCE,score_lt_86,,true
7c2708174046fbf37eb2a03d,Glenglassaugh 1975  Rare Cask Release - Batch 1,,,1975,W000121,glengoyne cask strength (batch 7),58.67,,REJECT_LOW_CONFIDENCE,score_lt_86,,true
4398052dac410bb1f58b3c15,Glenglassaugh 1975  Rare Cask Release - Batch 2,,,,W000121,glengoyne cask strength (batch 7),58.67,,REJECT_LOW_CONFIDENCE,score_lt_86,,true
817aa2298806bd65460e3153,Glenglassaugh 1975  Rare Cask Release - Batch 2,,,,W000121,glengoyne cask strength (batch 7),58.67,,REJECT_LOW_CONFIDENCE,score_lt_86,,true
20604d92f497dc573ebcd2d1,Glenglassaugh 1976  Rare Cask Series - Aged Over 30 Years Old,,,,W000294,"glenfarclas 1968-2000 54.2% (ob, old stock reserve, ceramic)",53.1,,REJECT_LOW_CONFIDENCE,score_lt_86,,true
17f8f182ad70c128829d3686,Glenglassaugh 1976  Rare Cask Series - Aged Over 30 Years Old,,,,W000294,"glenfarclas 1968-2000 54.2% (ob, old stock reserve, ceramic)",53.1,,REJECT_LOW_CONFIDENCE,score_lt_86,,true
cff2716b391251fa5621cde1,Glenglassaugh 1976  Rare Cask Series - Aged Over 30 Years Old,,,,W000294,"glenfarclas 1968-2000 54.2% (ob, old stock reserve, ceramic)",53.1,,REJECT_LOW_CONFIDENCE,score_lt_86,,true
345814fcf1bc54b45047d2d4,Glenglassaugh 1976  Rare Cask Series - Aged Over 30 Years Old,,,,W000294,"glenfarclas 1968-2000 54.2% (ob, old stock reserve, ceramic)",53.1,,REJECT_LOW_CONFIDENCE,score_lt_86,,true
1f4f63b140e017e9ace7010c,Glenglassaugh 1976  Rare Cask Series - Aged Over 30 Years Old,,,,W000294,"glenfarclas 1968-2000 54.2% (ob, old stock reserve, ceramic)",53.1,,REJECT_LOW_CONFIDENCE,score_lt_86,,true
14fdb115e5538301a53cc9cb,Glenglassaugh 1976  Rare Cask Series - Aged Over 30 Years Old,,,,W000294,"glenfarclas 1968-2000 54.2% (ob, old stock reserve, ceramic)",53.1,,REJECT_LOW_CONFIDENCE,score_lt_86,,true
a0f62ae48e6ea805524e5064,Glenglassaugh 1976  Rare Cask Release,,,,W000821,glenglassaugh octaves classic,64.62,,REJECT_LOW_CONFIDENCE,score_lt_86,,true
57a88389090a40155cedc08f,Glenglassaugh 1976  Rare Cask Release,,,,W000821,glenglassaugh octaves classic,64.62,,REJECT_LOW_CONFIDENCE,score_lt_86,,true
89e45296e35a72884b7893fd,Glenglassaugh 1976  Rare Cask Series - Aged Over 30 Years Old,,,,W000294,"glenfarclas 1968-2000 54.2% (ob, old stock reserve, ceramic)",53.1,,REJECT_LOW_CONFIDENCE,score_lt_86,,true
377ae01b8bfcced0dde7685f,Glenglassaugh 1976  Rare Cask Series - Aged Over 30 Years Old,,,,W000294,"glenfarclas 1968-2000 54.2% (ob, old stock reserve, ceramic)",53.1,,REJECT_LOW_CONFIDENCE,score_lt_86,,true
17e7292eef37f6360be69394,Glenglassaugh 1976  Rare Cask Series - Aged Over 30 Years Old,,,,W000294,"glenfarclas 1968-2000 54.2% (ob, old stock reserve, ceramic)",53.1,,REJECT_LOW_CONFIDENCE,score_lt_86,,true
1cf9a897c517a5da763f6d7c,Glenglassaugh 1976  Rare Cask Series - Aged Over 30 Years Old,,,2015,W000294,"glenfarclas 1968-2000 54.2% (ob, old stock reserve, ceramic)",53.1,,REJECT_LOW_CONFIDENCE,score_lt_86,,true
5907e8536e69cda73829524d,Glenglassaugh 1976  Rare Cask Series - Aged Over 30 Years Old,,,1972,W000294,"glenfarclas 1968-2000 54.2% (ob, old stock reserve, ceramic)",53.1,,REJECT_LOW_CONFIDENCE,score_lt_86,,true
f53c4f9d307316cd929a1ffd,Glenglassaugh 1976  Rare Cask Series - Aged Over 30 Years Old,,,1976,W000294,"glenfarclas 1968-2000 54.2% (ob, old stock reserve, ceramic)",53.1,,REJECT_LOW_CONFIDENCE,score_lt_86,,true
6036acf316f87714a4e8b4bc,Glenglassaugh 1976  Rare Cask Release - Batch 2,,,,W000121,glengoyne cask strength (batch 7),58.67,,REJECT_LOW_CONFIDENCE,score_lt_86,,true
b24a90eb98062f4d7013280e,Glenglassaugh 1976  Rare Cask Release - Batch 2,,,,W000121,glengoyne cask strength (batch 7),58.67,,REJECT_LOW_CONFIDENCE,score_lt_86,,true
1fd10aed5ee81a6fc2ce2888,Glenglassaugh 1976 Ronnie Routledge  The Chosen Few,,,,W001067,glenglassaugh octaves peated,51.28,,REJECT_LOW_CONFIDENCE,score_lt_86,,true
7bd62db6cac5a7d48fdc603f,Glenglassaugh 1976 Ronnie Routledge  The Chosen Few,,,,W001067,glenglassaugh octaves peated,51.28,,REJECT_LOW_CONFIDENCE,score_lt_86,,true
5523527417283647ce231978,Glenglassaugh 1976 Ronnie Routledge  The Chosen Few,,,1976,W001067,glenglassaugh octaves peated,51.28,,REJECT_LOW_CONFIDENCE,score_lt_86,,true
c91b9f03710f8d9023d07f73,Glenglassaugh 1976 Ronnie Routledge  The Chosen Few,,,,W001067,glenglassaugh octaves peated,51.28,,REJECT_LOW_CONFIDENCE,score_lt_86,,true
84153c56019189a0d1944be5,Glenglassaugh 1976 Ronnie Routledge  The Chosen Few,,,,W001067,glenglassaugh octaves peated,51.28,,REJECT_LOW_CONFIDENCE,score_lt_86,,true
3816a0454a736aa00818291b,Glenglassaugh 1976 Ronnie Routledge  The Chosen Few,,,2014,W001067,glenglassaugh octaves peated,51.28,,REJECT_LOW_CONFIDENCE,score_lt_86,,true
723164bb5bf419920b860407,Glenglassaugh 1976 Ronnie Routledge  The Chosen Few,,,,W001067,glenglassaugh octaves peated,51.28,,REJECT_LOW_CONFIDENCE,score_lt_86,,true
468258c503ed14deaf583dde,Glenglassaugh 1976 Ronnie Routledge  The Chosen Few,,,,W001067,glenglassaugh octaves peated,51.28,,REJECT_LOW_CONFIDENCE,score_lt_86,,true
1ef0dc3788e1b95206d88fc6,Glenglassaugh 1978,,,1978,W000329,glenglassaugh 26yo,77.78,,REJECT_LOW_CONFIDENCE,score_lt_86,,true
53fca3dd593c2923a0eefc3a,Glenglassaugh 1978,,,,W000329,glenglassaugh 26yo,77.78,,REJECT_LOW_CONFIDENCE,score_lt_86,,true
dc2f0321148234d0143df316,Glenglassaugh 1978,,,,W000329,glenglassaugh 26yo,77.78,,REJECT_LOW_CONFIDENCE,score_lt_86,,true
084addf8d8593d6c85b9e39a,Glenglassaugh 1978,,,,W000329,glenglassaugh 26yo,77.78,,REJECT_LOW_CONFIDENCE,score_lt_86,,true
a0e567700fe3cc5636f1a010,Glenglassaugh 1978,,,,W000329,glenglassaugh 26yo,77.78,,REJECT_LOW_CONFIDENCE,score_lt_86,,true
8edc32d0f7e2a4692ee2f84c,Glenglassaugh 1978  Rare Cask Release - Batch 2,,,,W000121,glengoyne cask strength (batch 7),58.67,,REJECT_LOW_CONFIDENCE,score_lt_86,,true
5f754beb6d47a14670a3d961,Glenglassaugh 1978  Rare Cask Release - Batch 2,,,,W000121,glengoyne cask strength (batch 7),58.67,,REJECT_LOW_CONFIDENCE,score_lt_86,,true
4e44d7dfd9226228e686bdf0,Glenglassaugh 1978  Rare Cask Release - Batch 1,,,,W000121,glengoyne cask strength (batch 7),58.67,,REJECT_LOW_CONFIDENCE,score_lt_86,,true
37ebba9294c7a386757c6a27,Glenglassaugh 1978  Rare Cask Release - Batch 1,,,,W000121,glengoyne cask strength (batch 7),58.67,,REJECT_LOW_CONFIDENCE,score_lt_86,,true
47775f9dc9e97f233f828029,Glenglassaugh 1978  The Massandra Connection,,,,W000861,glenglassaugh evolution,57.58,,REJECT_LOW_CONFIDENCE,score_lt_86,,true
ccf881190ce8ad23031d7f6d,Glenglassaugh 1978  The Massandra Connection,,,,W000861,glenglassaugh evolution,57.58,,REJECT_LOW_CONFIDENCE,score_lt_86,,true
f4241f565f197f350232063d,Glenglassaugh 1978  The Massandra Connection,,,,W000861,glenglassaugh evolution,57.58,,REJECT_LOW_CONFIDENCE,score_lt_86,,true
37d7bcc52b8495764c1d08ef,Glenglassaugh 1978  The Massandra Connection,,,,W000861,glenglassaugh evolution,57.58,,REJECT_LOW_CONFIDENCE,score_lt_86,,true
01b4160c7602078ee61e1f33,Glenglassaugh 1978  The Massandra Connection,,,,W000861,glenglassaugh evolution,57.58,,REJECT_LOW_CONFIDENCE,score_lt_86,,true
59a38f998097ac89bcc161bf,Glenglassaugh 1978  The Massandra Connection,,,1978,W000861,glenglassaugh evolution,57.58,,REJECT_LOW_CONFIDENCE,score_lt_86,,true
d7bc2bce1a04040ce217b189,Glenglassaugh 1978  The Massandra Connection,,,,W000861,glenglassaugh evolution,57.58,,REJECT_LOW_CONFIDENCE,score_lt_86,,true
bb89a31143c3cbdb8ae64707,Glenglassaugh 1978  Rare Cask Release - Batch 3,,,2021,W000121,glengoyne cask strength (batch 7),58.67,,REJECT_LOW_CONFIDENCE,score_lt_86,,true
f6c70f5c6bb37b7c687555b6,Glenglassaugh 1978  Rare Cask Release - Batch 3,,,,W000121,glengoyne cask strength (batch 7),58.67,,REJECT_LOW_CONFIDENCE,score_lt_86,,true
7f24367a63ef643b9fe422cd,Glenglassaugh 1978  Rare Cask Release - Batch 3,,,,W000121,glengoyne cask strength (batch 7),58.67,,REJECT_LOW_CONFIDENCE,score_lt_86,,true
d8918949d1dfe30db20b139c,Glenglassaugh 1978  Rare Cask Release - Batch 3,,,,W000121,glengoyne cask strength (batch 7),58.67,,REJECT_LOW_CONFIDENCE,score_lt_86,,true
27000688691435550b0d4547,Glenglassaugh 1978  Rare Cask Release - Batch 3,,,,W000121,glengoyne cask strength (batch 7),58.67,,REJECT_LOW_CONFIDENCE,score_lt_86,,true
a6f50e52c090fb5fc97f5a29,Glenglassaugh 1978,,,2018,W000329,glenglassaugh 26yo,77.78,,REJECT_LOW_CONFIDENCE,score_lt_86,,true
6b83c00b7b53b06cf13d93f1,Glenglassaugh 1978,,,,W000329,glenglassaugh 26yo,77.78,,REJECT_LOW_CONFIDENCE,score_lt_86,,true
d98c2095eddc49073dd08be3,Glenglassaugh 1978,,,,W000329,glenglassaugh 26yo,77.78,,REJECT_LOW_CONFIDENCE,score_lt_86,,true
e923df9cca02be2a8ff6a463,Glenglassaugh 1978,,,,W000329,glenglassaugh 26yo,77.78,,REJECT_LOW_CONFIDENCE,score_lt_86,,true
1c1fd373709b83372127463c,Glenglassaugh 1978,,,2019,W000329,glenglassaugh 26yo,77.78,,REJECT_LOW_CONFIDENCE,score_lt_86,,true
3ad03eb8c2a3da9defda8851,Glenglassaugh 1978,,,,W000329,glenglassaugh 26yo,77.78,,REJECT_LOW_CONFIDENCE,score_lt_86,,true
9842576ccf156caaab7eb7ea,Glenglassaugh 1978,,,,W000329,glenglassaugh 26yo,77.78,,REJECT_LOW_CONFIDENCE,score_lt_86,,true
f7e763947e90838b53fb5714,Glenglassaugh 1978,,,1978,W000329,glenglassaugh 26yo,77.78,,REJECT_LOW_CONFIDENCE,score_lt_86,,true
20ff2ac95dc663d5e53b45e8,Glenglassaugh 1978,,,2017,W000329,glenglassaugh 26yo,77.78,,REJECT_LOW_CONFIDENCE,score_lt_86,,true
88a9fdd11594b7715c91d894,Glenglassaugh 1978  Rare Cask Release - Batch 1,,,,W000121,glengoyne cask strength (batch 7),58.67,,REJECT_LOW_CONFIDENCE,score_lt_86,,true
ac7fbac54e25946a12b6ecd5,Glenglassaugh 1978  Rare Cask Release - Batch 1,,,,W000121,glengoyne cask strength (batch 7),58.67,,REJECT_LOW_CONFIDENCE,score_lt_86,,true
c4666abe1ad9210d8b5f05f9,Glenglassaugh 1978  Rare Cask Release,,,,W000821,glenglassaugh octaves classic,64.62,,REJECT_LOW_CONFIDENCE,score_lt_86,,true
7c5ac80e3aa8e8f483979f2d,Glenglassaugh 1978  Rare Cask Release,,,,W000821,glenglassaugh octaves classic,64.62,,REJECT_LOW_CONFIDENCE,score_lt_86,,true
88cb4469b1dc298318694ebc,Glenglassaugh 1978  Rare Cask Release,,,,W000821,glenglassaugh octaves classic,64.62,,REJECT_LOW_CONFIDENCE,score_lt_86,,true
8008a422a27831c8ab6f33c5,Glenglassaugh 1978  Rare Cask Release,,,,W000821,glenglassaugh octaves classic,64.62,,REJECT_LOW_CONFIDENCE,score_lt_86,,true
8bdf67468549cee5ae868a0d,Glenglassaugh 1978  Rare Cask Release,,,,W000821,glenglassaugh octaves classic,64.62,,REJECT_LOW_CONFIDENCE,score_lt_86,,true
584be9feb4bc1b35f165b6fc,Glenglassaugh 1978  Rare Cask Release,,,1986,W000821,glenglassaugh octaves classic,64.62,,REJECT_LOW_CONFIDENCE,score_lt_86,,true
d2f9dbda656cfb99e2b89763,Glenglassaugh 1978  Rare Cask Release,,,,W000821,glenglassaugh octaves classic,64.62,,REJECT_LOW_CONFIDENCE,score_lt_86,,true
1056bbd5822a1794e48ced74,Glenglassaugh 1978  Rare Cask Release,,,,W000821,glenglassaugh octaves classic,64.62,,REJECT_LOW_CONFIDENCE,score_lt_86,,true
2e42a5b7633871f9156177f2,Glenglassaugh 1978  Rare Cask Release,,,,W000821,glenglassaugh octaves classic,64.62,,REJECT_LOW_CONFIDENCE,score_lt_86,,true
3776cf0552768e27d49d63d2,Glenglassaugh 1978  Rare Cask Release,,,,W000821,glenglassaugh octaves classic,64.62,,REJECT_LOW_CONFIDENCE,score_lt_86,,true
1891cf8dd5db8de482a00bc6,Glenglassaugh 1978  Rare Cask Series - Aged Over 30 Years Old,,,,W000294,"glenfarclas 1968-2000 54.2% (ob, old stock reserve, ceramic)",53.1,,REJECT_LOW_CONFIDENCE,score_lt_86,,true
8c69ee5c118a31e4981acbe3,Glenglassaugh 1978  Rare Cask Series - Aged Over 30 Years Old,,,,W000294,"glenfarclas 1968-2000 54.2% (ob, old stock reserve, ceramic)",53.1,,REJECT_LOW_CONFIDENCE,score_lt_86,,true
041965bd9dc3e16cce4c7e81,Glenglassaugh 1978  The Master Distillers' Selection,,,1978,W001727,jack daniel's master distiller (all series),52.75,,REJECT_LOW_CONFIDENCE,score_lt_86,,true
e078a5d54f00d64f83e7cc79,Glenglassaugh 1978  The Master Distillers' Selection,,,,W001727,jack daniel's master distiller (all series),52.75,,REJECT_LOW_CONFIDENCE,score_lt_86,,true
2fd2cd8403bb2ed8e10f0cef,Glenglassaugh 1978  The Master Distillers' Selection,,,,W001727,jack daniel's master distiller (all series),52.75,,REJECT_LOW_CONFIDENCE,score_lt_86,,true
298db07dadb14e6fe54efdbe,Glenglassaugh 1978  The Master Distillers' Selection,,,,W001727,jack daniel's master distiller (all series),52.75,,REJECT_LOW_CONFIDENCE,score_lt_86,,true
4dd4499dcbdc2f60e14dc69d,Glenglassaugh 1978  The Master Distillers' Selection,,,,W001727,jack daniel's master distiller (all series),52.75,,REJECT_LOW_CONFIDENCE,score_lt_86,,true
4d4fb91cf155ca2fa520b3f2,Glenglassaugh 1978  The Master Distillers' Selection,,,,W001727,jack daniel's master distiller (all series),52.75,,REJECT_LOW_CONFIDENCE,score_lt_86,,true
911cf1e1733f5ccd1c9122ab,Glenglassaugh 1978  Rare Cask Release,,,,W000821,glenglassaugh octaves classic,64.62,,REJECT_LOW_CONFIDENCE,score_lt_86,,true
d31c5e57323ae9d049b34738,Glenglassaugh 1978  Rare Cask Release,,,,W000821,glenglassaugh octaves classic,64.62,,REJECT_LOW_CONFIDENCE,score_lt_86,,true
042d283ddafe54bf11adddee,Glenglassaugh 1978  Rare Cask Release,,,,W000821,glenglassaugh octaves classic,64.62,,REJECT_LOW_CONFIDENCE,score_lt_86,,true
2ec7b436b744e70d9a2e2839,Glenglassaugh 1978  Rare Cask Release,,,2017,W000821,glenglassaugh octaves classic,64.62,,REJECT_LOW_CONFIDENCE,score_lt_86,,true
f78714b35a95f5d6be2f1ec9,Glenglassaugh 1978  Rare Cask Release,,,1970,W000821,glenglassaugh octaves classic,64.62,,REJECT_LOW_CONFIDENCE,score_lt_86,,true
0efa4e505665baa1c2c421af,Glenglassaugh 1978  Rare Cask Release,,,,W000821,glenglassaugh octaves classic,64.62,,REJECT_LOW_CONFIDENCE,score_lt_86,,true
29642bfbf5e955a3dc1ff73b,Glenglassaugh 1978  Rare Cask Release,,,,W000821,glenglassaugh octaves classic,64.62,,REJECT_LOW_CONFIDENCE,score_lt_86,,true
24b71cd61ea955b659ec37b1,Glenglassaugh 1978 Mhairi McDonald  The Chosen Few,,,2021,W001067,glenglassaugh octaves peated,51.95,,REJECT_LOW_CONFIDENCE,score_lt_86,,true
4f3c605221b73bc46ae3337e,Glenglassaugh 1978 Mhairi McDonald  The Chosen Few,,,2012,W001067,glenglassaugh octaves peated,51.95,,REJECT_LOW_CONFIDENCE,score_lt_86,,true
98a8a24fcad9ca34e60d3174,Glenglassaugh 1978 Mhairi McDonald  The Chosen Few,,,,W001067,glenglassaugh octaves peated,51.95,,REJECT_LOW_CONFIDENCE,score_lt_86,,true
460b1c82909f60dd797b205b,Glenglassaugh 1978 Mhairi McDonald  The Chosen Few,,,1978,W001067,glenglassaugh octaves peated,51.95,,REJECT_LOW_CONFIDENCE,score_lt_86,,true
505066ea7dc59a18b5258df2,Glenglassaugh 1978 Mhairi McDonald  The Chosen Few,,,,W001067,glenglassaugh octaves peated,51.95,,REJECT_LOW_CONFIDENCE,score_lt_86,,true
f0d7a9834ac7a5b855623a8a,Glenglassaugh 1978 Mhairi McDonald  The Chosen Few,,,,W001067,glenglassaugh octaves peated,51.95,,REJECT_LOW_CONFIDENCE,score_lt_86,,true
c430bec187347caa47029973,Glenglassaugh 1978 Mhairi McDonald  The Chosen Few,,,2015,W001067,glenglassaugh octaves peated,51.95,,REJECT_LOW_CONFIDENCE,score_lt_86,,true
4715f99adfc5a8663799cf10,Glenglassaugh 1978 Mhairi McDonald  The Chosen Few,,,,W001067,glenglassaugh octaves peated,51.95,,REJECT_LOW_CONFIDENCE,score_lt_86,,true
0e54f7c07a8c47f670f4249f,Glenglassaugh 1983,,,,W000329,glenglassaugh 26yo,77.78,,REJECT_LOW_CONFIDENCE,score_lt_86,,true
48ccfb3b4016f6a94e5a3e14,Glenglassaugh 1983,,,,W000329,glenglassaugh 26yo,77.78,,REJECT_LOW_CONFIDENCE,score_lt_86,,true
8ddc26a97b39cf45ee75ae3c,Glenglassaugh 1983,,,,W000329,glenglassaugh 26yo,77.78,,REJECT_LOW_CONFIDENCE,score_lt_86,,true
11a5a13783457f5c3d21094b,Glenglassaugh 1983,,,,W000329,glenglassaugh 26yo,77.78,,REJECT_LOW_CONFIDENCE,score_lt_86,,true
1fb4636d8a43c5288217c776,Glenglassaugh 1983,,,,W000329,glenglassaugh 26yo,77.78,,REJECT_LOW_CONFIDENCE,score_lt_86,,true
5676f946d3ab5dd1c5840578,Glenglassaugh 1983,,,,W000329,glenglassaugh 26yo,77.78,,REJECT_LOW_CONFIDENCE,score_lt_86,,true
cfe805eb879333c44d32d904,Glenglassaugh 1983,,,2015,W000329,glenglassaugh 26yo,77.78,,REJECT_LOW_CONFIDENCE,score_lt_86,,true
2f9fd4ac96a5c0e8e4a76633,Glenglassaugh 1983,,,,W000329,glenglassaugh 26yo,77.78,,REJECT_LOW_CONFIDENCE,score_lt_86,,true
d0f74956f68a6e6855bd7454,Glenglassaugh 1983,,,2015,W000329,glenglassaugh 26yo,77.78,,REJECT_LOW_CONFIDENCE,score_lt_86,,true
bbb30925576c0ae72aacbf6d,Glenglassaugh 1983  The Master Distillers' Selection,,,,W001727,jack daniel's master distiller (all series),52.75,,REJECT_LOW_CONFIDENCE,score_lt_86,,true
36d6fa804bfd7e00b9f7f9a6,Glenglassaugh 1983  The Master Distillers' Selection,,,,W001727,jack daniel's master distiller (all series),52.75,,REJECT_LOW_CONFIDENCE,score_lt_86,,true
4926cfa5632ca24f2ecb8fe2,Glenglassaugh 1983  The Master Distillers' Selection,,,,W001727,jack daniel's master distiller (all series),52.75,,REJECT_LOW_CONFIDENCE,score_lt_86,,true
580eba4edbd4b7f94850b10e,Glenglassaugh 1983  The Master Distillers' Selection,,,,W001727,jack daniel's master distiller (all series),52.75,,REJECT_LOW_CONFIDENCE,score_lt_86,,true
9666810612dbb02af81ebb10,Glenglassaugh 1983  The Master Distillers' Selection,,,,W001727,jack daniel's master distiller (all series),52.75,,REJECT_LOW_CONFIDENCE,score_lt_86,,true
69c7ce8bd07ce014c8f25f2a,Glenglassaugh 1983  The Master Distillers' Selection,,,,W001727,jack daniel's master distiller (all series),52.75,,REJECT_LOW_CONFIDENCE,score_lt_86,,true
c858e88fcb4810631604aa42,Glenglassaugh 1986  Rare Cask Release,,,,W000821,glenglassaugh octaves classic,64.62,,REJECT_LOW_CONFIDENCE,score_lt_86,,true
66f0855705a09cf84ee68c00,Glenglassaugh 1986  Last Year of Distillation,,,,W001003,glenglassaugh torfa,57.14,,REJECT_LOW_CONFIDENCE,score_lt_86,,true
e908a00fbc74b52fa07fd651,Glenglassaugh 1986  Last Year of Distillation,,,,W001003,glenglassaugh torfa,57.14,,REJECT_LOW_CONFIDENCE,score_lt_86,,true
7f60fc62ee7130b192c2ba19,Glenglassaugh 1986  Last Year of Distillation,,,,W001003,glenglassaugh torfa,57.14,,REJECT_LOW_CONFIDENCE,score_lt_86,,true
745ea8d1de79ac464f056b01,Glenglassaugh 1986  Last Year of Distillation,,,,W001003,glenglassaugh torfa,57.14,,REJECT_LOW_CONFIDENCE,score_lt_86,,true
97ac0be13ce567b04eb51fba,Glenglassaugh 1986  Last Year of Distillation,,,1986,W001003,glenglassaugh torfa,57.14,,REJECT_LOW_CONFIDENCE,score_lt_86,,true
f689aa5677b44b2396478ff0,Glenglassaugh 1986  Last Year of Distillation,,,,W001003,glenglassaugh torfa,57.14,,REJECT_LOW_CONFIDENCE,score_lt_86,,true
d47fce15fd559ac1eec51a75,Glenglassaugh 1986  Last Year of Distillation,,,1986,W001003,glenglassaugh torfa,57.14,,REJECT_LOW_CONFIDENCE,score_lt_86,,true
fba91780565874459fca36e8,Glenglassaugh 1986  Rare Cask Release - Batch 1,,,,W000204,glengoyne cask strength (batch 1),58.67,,REJECT_LOW_CONFIDENCE,score_lt_86,,true
ab8a38df7979810271363b4e,Glenglassaugh 1986  Rare Cask Release - Batch 1,,,,W000204,glengoyne cask strength (batch 1),58.67,,REJECT_LOW_CONFIDENCE,score_lt_86,,true
0f9d89ebbde673eab1b5e74a,Glenglassaugh 1986  Rare Cask Release - Batch 1,,,2021,W000204,glengoyne cask strength (batch 1),58.67,,REJECT_LOW_CONFIDENCE,score_lt_86,,true
9fae8f3df61b46b2a593ea46,Glenglassaugh 1986  Rare Cask Release - Batch 1,,,1986,W000204,glengoyne cask strength (batch 1),58.67,,REJECT_LOW_CONFIDENCE,score_lt_86,,true
a93e14a4fe18226fbef8804c,Glenglassaugh 1986  Rare Cask Release - Batch 1,,,,W000204,glengoyne cask strength (batch 1),58.67,,REJECT_LOW_CONFIDENCE,score_lt_86,,true
bde2ff4dd80355576b14f503,Glenglassaugh 1986  Rare Cask Release - Batch 1,,,,W000204,glengoyne cask strength (batch 1),58.67,,REJECT_LOW_CONFIDENCE,score_lt_86,,true
647c075437a8189e3fa02ec6,Glenglassaugh 1986  Rare Cask Release - Batch 1,,,,W000204,glengoyne cask strength (batch 1),58.67,,REJECT_LOW_CONFIDENCE,score_lt_86,,true
32d3a67abf8201bee0075c42,Glenglassaugh 1986  Rare Cask Release,,,,W000821,glenglassaugh octaves classic,64.62,,REJECT_LOW_CONFIDENCE,score_lt_86,,true
86f6e115725ff5ff11178a3d,Glenglassaugh 1986  Rare Cask Release,,,,W000821,glenglassaugh octaves classic,64.62,,REJECT_LOW_CONFIDENCE,score_lt_86,,true
2dee5f05dfdb6c9364a3bef7,Glenglassaugh 1986  Rare Cask Release,,,,W000821,glenglassaugh octaves classic,64.62,,REJECT_LOW_CONFIDENCE,score_lt_86,,true
d3884deb2d9a60389aa6fc06,Glenglassaugh 1986  Rare Cask Release - Batch 3,,,,W000204,glengoyne cask strength (batch 1),58.67,,REJECT_LOW_CONFIDENCE,score_lt_86,,true
d827c003e442d65457fa5a50,Glenglassaugh 1986  Rare Cask Release - Batch 3,,,,W000204,glengoyne cask strength (batch 1),58.67,,REJECT_LOW_CONFIDENCE,score_lt_86,,true
cb9341b3ab5281493508c45b,Glenglassaugh 1986  Rare Cask Release - Batch 3,,,,W000204,glengoyne cask strength (batch 1),58.67,,REJECT_LOW_CONFIDENCE,score_lt_86,,true
2453b656b55c8105e206daa1,Glenglassaugh 1986  Rare Cask Release - Batch 3,,,,W000204,glengoyne cask strength (batch 1),58.67,,REJECT_LOW_CONFIDENCE,score_lt_86,,true
fe4c8f8cc088fc4c2ff40981,Glenglassaugh 1986  Rare Cask Release - Batch 3,,,,W000204,glengoyne cask strength (batch 1),58.67,,REJECT_LOW_CONFIDENCE,score_lt_86,,true
f1712c632a9763eaa880d8ef,Glenglassaugh 1986  Rare Cask Release,,,,W000821,glenglassaugh octaves classic,64.62,,REJECT_LOW_CONFIDENCE,score_lt_86,,true
b709ba5a7a7885025fcfcc44,Glenglassaugh 1986  Rare Cask Release,,,,W000821,glenglassaugh octaves classic,64.62,,REJECT_LOW_CONFIDENCE,score_lt_86,,true
c13220b4d2345b5919bfa5b7,Glenglassaugh 1986 The Manager's Legacy  Release No. 2 - Dod Cameron,,,1986,W000489,cragganmore nas (special release 2016),48.0,,REJECT_LOW_CONFIDENCE,score_lt_86,,true
3a2e34c934ea623ee676cb7c,Glenglassaugh 1986 The Manager's Legacy  Release No. 2 - Dod Cameron,,,,W000489,cragganmore nas (special release 2016),48.0,,REJECT_LOW_CONFIDENCE,score_lt_86,,true
ef4f0f86695ca7859f096766,Glenglassaugh 1986 The Manager's Legacy  Release No. 2 - Dod Cameron,,,1986,W000489,cragganmore nas (special release 2016),48.0,,REJECT_LOW_CONFIDENCE,score_lt_86,,true
2b83dfce99099fef3268eb40,Glenglassaugh 2008  The First Cask,,,,W000821,glenglassaugh octaves classic,67.74,,REJECT_LOW_CONFIDENCE,score_lt_86,,true
d3e9b4217ddbb3d3e23b369d,Glenglassaugh 2008  The First Cask,,,2008,W000821,glenglassaugh octaves classic,67.74,,REJECT_LOW_CONFIDENCE,score_lt_86,,true
f0a60fb1669fc44b39cd0606,Glenglassaugh 2008  The First Cask,,,2008,W000821,glenglassaugh octaves classic,67.74,,REJECT_LOW_CONFIDENCE,score_lt_86,,true
0d8a1f0573b52de73b932bd0,Glenglassaugh 2009  Rare Cask Release,,,,W000821,glenglassaugh octaves classic,64.62,,REJECT_LOW_CONFIDENCE,score_lt_86,,true
bdafa2b8b4e52980c788b3d5,Glenglassaugh 2009  Rare Cask Release,,,,W000821,glenglassaugh octaves classic,64.62,,REJECT_LOW_CONFIDENCE,score_lt_86,,true
c07ee74b13cba34fbb8d326c,Glenglassaugh 2009  Rare Cask Release,,,,W000821,glenglassaugh octaves classic,64.62,,REJECT_LOW_CONFIDENCE,score_lt_86,,true
4c514e5c5af6c9d0cf3bf181,Glenglassaugh 2009  Hand Bottled at the Distillery,,,,W000653,glenrothes vintage 2001 (all bottlings),53.49,,REJECT_LOW_CONFIDENCE,score_lt_86,,true
1afdae673c72e94a7a897d3e,Glenglassaugh 2009  Rare Cask Release,,,,W000821,glenglassaugh octaves classic,64.62,,REJECT_LOW_CONFIDENCE,score_lt_86,,true
fb4acd5303e666acf620a6ca,Glenglassaugh 2009  Rare Cask Release,,,,W000821,glenglassaugh octaves classic,64.62,,REJECT_LOW_CONFIDENCE,score_lt_86,,true
d3b2f467282a642d5fb55ed9,Glenglassaugh 2009  Rare Cask Release,,,,W000821,glenglassaugh octaves classic,64.62,,REJECT_LOW_CONFIDENCE,score_lt_86,,true
d3357e6ca87f8738f842300e,Glenglassaugh 2009  Rare Cask Release,,,2020,W000821,glenglassaugh octaves classic,64.62,,REJECT_LOW_CONFIDENCE,score_lt_86,,true
bd392fde6796de8bfb31dd8a,Glenglassaugh 2009  Rare Cask Release,,,,W000821,glenglassaugh octaves classic,64.62,,REJECT_LOW_CONFIDENCE,score_lt_86,,true
aa81fb3b6839cb41e5b22c17,Glenglassaugh 2009  Rare Cask Release,,,,W000821,glenglassaugh octaves classic,64.62,,REJECT_LOW_CONFIDENCE,score_lt_86,,true
42923200790d76da993bd465,Glenglassaugh 2009  The Octave Cask,,,,W000821,glenglassaugh octaves classic,76.19,,REJECT_LOW_CONFIDENCE,score_lt_86,,true
3715d3cfa95588b2e0d58c99,Glenglassaugh 2009  Rare Cask Release,,,,W000821,glenglassaugh octaves classic,64.62,,REJECT_LOW_CONFIDENCE,score_lt_86,,true
e054ab91815fa4109b0a7dc1,Glenglassaugh 2009  Hand Bottled at the Distillery,,,,W000653,glenrothes vintage 2001 (all bottlings),53.49,,REJECT_LOW_CONFIDENCE,score_lt_86,,true
f0f5f505224b3a536e858ecb,Glenglassaugh 2009  Hand Bottled at the Distillery,,,,W000653,glenrothes vintage 2001 (all bottlings),53.49,,REJECT_LOW_CONFIDENCE,score_lt_86,,true
85a8a943c94201094a77ad47,Glenglassaugh 2009  Hand Bottled at the Distillery,,,,W000653,glenrothes vintage 2001 (all bottlings),53.49,,REJECT_LOW_CONFIDENCE,score_lt_86,,true
a0d1de2f46e3311a2bc0568e,Glenglassaugh 2009  Hand Bottled at the Distillery,,,,W000653,glenrothes vintage 2001 (all bottlings),53.49,,REJECT_LOW_CONFIDENCE,score_lt_86,,true
e57c3a12e5591088ff43fa2d,Glenglassaugh 2009  Hand Bottled at the Distillery,,,,W000653,glenrothes vintage 2001 (all bottlings),53.49,,REJECT_LOW_CONFIDENCE,score_lt_86,,true
c25786fc2292dd8e65b3313d,Glenglassaugh 2009  Hand Bottled at the Distillery,,,2020,W000653,glenrothes vintage 2001 (all bottlings),53.49,,REJECT_LOW_CONFIDENCE,score_lt_86,,true
2ad8a470c189e93167140e66,Glenglassaugh 2009  Hand Bottled at the Distillery,,,,W000653,glenrothes vintage 2001 (all bottlings),53.49,,REJECT_LOW_CONFIDENCE,score_lt_86,,true
111c341c9c7ae96ddf0c5748,Glenglassaugh 2009  Hand Bottled at the Distillery,,,,W000653,glenrothes vintage 2001 (all bottlings),53.49,,REJECT_LOW_CONFIDENCE,score_lt_86,,true
a75051cf48d6e2d0fb481fdf,Glenglassaugh 2009  Hand Bottled at the Distillery,,,2005,W000653,glenrothes vintage 2001 (all bottlings),53.49,,REJECT_LOW_CONFIDENCE,score_lt_86,,true
4c7f85736c81f720db89a61f,Glenglassaugh 2009  Hand Bottled at the Distillery,,,,W000653,glenrothes vintage 2001 (all bottlings),53.49,,REJECT_LOW_CONFIDENCE,score_lt_86,,true
b198877d72111e9f6335e32e,Glenglassaugh 2009  Rare Cask Release,,,,W000821,glenglassaugh octaves classic,64.62,,REJECT_LOW_CONFIDENCE,score_lt_86,,true
6f92a9b3d990bbbd30a8798f,Glenglassaugh 2009  Rare Cask Release,,,,W000821,glenglassaugh octaves classic,64.62,,REJECT_LOW_CONFIDENCE,score_lt_86,,true
095ad661c261cac123502406,Glenglassaugh 2009  Rare Cask Release,,,,W000821,glenglassaugh octaves classic,64.62,,REJECT_LOW_CONFIDENCE,score_lt_86,,true
583fb0ef89a9a44c0e5d719d,Glenglassaugh 2009  The Octave Cask,,,2017,W000821,glenglassaugh octaves classic,76.19,,REJECT_LOW_CONFIDENCE,score_lt_86,,true
575736969a51d551c9944ef5,Glenglassaugh 2009  Rare Cask Release,,,,W000821,glenglassaugh octaves classic,64.62,,REJECT_LOW_CONFIDENCE,score_lt_86,,true
f588cfebb7aabf8f3fdca7c8,Glenglassaugh 2009  The Octave Cask,,,,W000821,glenglassaugh octaves classic,76.19,,REJECT_LOW_CONFIDENCE,score_lt_86,,true
4be17d0fdc8fc186f2ee0b73,Glenglassaugh 2009  The Octave Cask,,,,W000821,glenglassaugh octaves classic,76.19,,REJECT_LOW_CONFIDENCE,score_lt_86,,true
b18319486d95bf7147d0bbe4,Glenglassaugh 2009  The Octave Cask,,,,W000821,glenglassaugh octaves classic,76.19,,REJECT_LOW_CONFIDENCE,score_lt_86,,true
e58bfcfd8d1ae11426140575,Glenglassaugh 2009  Hand Bottled at the Distillery,,,,W000653,glenrothes vintage 2001 (all bottlings),53.49,,REJECT_LOW_CONFIDENCE,score_lt_86,,true
b4b45f4689d5425ba4a46ea4,Glenglassaugh 2009  Rare Cask Release,,,,W000821,glenglassaugh octaves classic,64.62,,REJECT_LOW_CONFIDENCE,score_lt_86,,true
e4c767d52e589f8870a40517,Glenglassaugh 2009  Rare Cask Release,,,,W000821,glenglassaugh octaves classic,64.62,,REJECT_LOW_CONFIDENCE,score_lt_86,,true
2fb97f3a065057c289104b94,Glenglassaugh 2009  Hand Bottled at the Distillery,,,,W000653,glenrothes vintage 2001 (all bottlings),53.49,,REJECT_LOW_CONFIDENCE,score_lt_86,,true
016e537ed0b1dae450af8372,Glenglassaugh 2009  Hand Bottled at the Distillery,,,2009,W000653,glenrothes vintage 2001 (all bottlings),53.49,,REJECT_LOW_CONFIDENCE,score_lt_86,,true
84acb8e7a66682c3acc51d0d,Glenglassaugh 2009  Hand Bottled at the Distillery,,,,W000653,glenrothes vintage 2001 (all bottlings),53.49,,REJECT_LOW_CONFIDENCE,score_lt_86,,true
9737b4882dedf056296c66d9,Glenglassaugh 2009  Hand Bottled at the Distillery,,,,W000653,glenrothes vintage 2001 (all bottlings),53.49,,REJECT_LOW_CONFIDENCE,score_lt_86,,true
eb2505644a891f1d9724f59e,Glenglassaugh 2009  Hand Bottled at the Distillery,,,,W000653,glenrothes vintage 2001 (all bottlings),53.49,,REJECT_LOW_CONFIDENCE,score_lt_86,,true
068cb28ed5e5de590029bef3,Glenglassaugh 2009  Hand Bottled at the Distillery,,,,W000653,glenrothes vintage 2001 (all bottlings),53.49,,REJECT_LOW_CONFIDENCE,score_lt_86,,true
935e7fbafcd3950524488845,Glenglassaugh 2009  Hand Bottled at the Distillery,,,,W000653,glenrothes vintage 2001 (all bottlings),53.49,,REJECT_LOW_CONFIDENCE,score_lt_86,,true
513906b2256e6d81d3902a93,Glenglassaugh 2009  Hand Bottled at the Distillery,,,,W000653,glenrothes vintage 2001 (all bottlings),53.49,,REJECT_LOW_CONFIDENCE,score_lt_86,,true
78e846f23bb06ad116bc5b03,Glenglassaugh 2009  Hand Bottled at the Distillery,,,,W000653,glenrothes vintage 2001 (all bottlings),53.49,,REJECT_LOW_CONFIDENCE,score_lt_86,,true
a6435198936974d0bec6e8a2,Glenglassaugh 2009  Rare Cask Release,,,,W000821,glenglassaugh octaves classic,64.62,,REJECT_LOW_CONFIDENCE,score_lt_86,,true
290036c3f66e35993b1649d4,Glenglassaugh 2009  Rare Cask Release,,,,W000821,glenglassaugh octaves classic,64.62,,REJECT_LOW_CONFIDENCE,score_lt_86,,true
28a0ff75a71c1944dd772738,Glenglassaugh 2009  Rare Cask Release,,,,W000821,glenglassaugh octaves classic,64.62,,REJECT_LOW_CONFIDENCE,score_lt_86,,true
dc397cbccc8ee4f7ceccbe68,Glenglassaugh 2009  Rare Cask Release,,,,W000821,glenglassaugh octaves classic,64.62,,REJECT_LOW_CONFIDENCE,score_lt_86,,true
6c6e04fbe3199666f39daac8,Glenglassaugh 2009  Rare Cask Release,,,,W000821,glenglassaugh octaves classic,64.62,,REJECT_LOW_CONFIDENCE,score_lt_86,,true
ab8c22527c22b2605f2240c0,Glenglassaugh 2009  Rare Cask Release,,,,W000821,glenglassaugh octaves classic,64.62,,REJECT_LOW_CONFIDENCE,score_lt_86,,true
40022aa27ca65fb2504bacef,Glenglassaugh 2009  Rare Cask Release,,,,W000821,glenglassaugh octaves classic,64.62,,REJECT_LOW_CONFIDENCE,score_lt_86,,true
b974c9ffce090f362a18d6aa,Glenglassaugh 2009  Rare Cask Release,,,,W000821,glenglassaugh octaves classic,64.62,,REJECT_LOW_CONFIDENCE,score_lt_86,,true
2f77d0c05b37b9ac9ac26fad,Glenglassaugh 2009  Rare Cask Release,,,,W000821,glenglassaugh octaves classic,64.62,,REJECT_LOW_CONFIDENCE,score_lt_86,,true
f8c9d78001927ea4e9a0a5ab,Glenglassaugh 2009  Rare Cask Release,,,,W000821,glenglassaugh octaves classic,64.62,,REJECT_LOW_CONFIDENCE,score_lt_86,,true
bd722f3f3353b18b9f990ec6,Glenglassaugh 2009  Rare Cask Release,,,,W000821,glenglassaugh octaves classic,64.62,,REJECT_LOW_CONFIDENCE,score_lt_86,,true
424075fcd3d293e1da8aaf0d,Glenglassaugh 2009  Rare Cask Release,,,,W000821,glenglassaugh octaves classic,64.62,,REJECT_LOW_CONFIDENCE,score_lt_86,,true
7c900df4cd5b99e103a65b72,Glenglassaugh 2009  Rare Cask Release,,,,W000821,glenglassaugh octaves classic,64.62,,REJECT_LOW_CONFIDENCE,score_lt_86,,true
291244ee8f0453cf968f901c,Glenglassaugh 2009  Rare Cask Release,,,,W000821,glenglassaugh octaves classic,64.62,,REJECT_LOW_CONFIDENCE,score_lt_86,,true
8177318ea5b1a91db894f9d7,Glenglassaugh 2009  Hand Bottled at the Distillery,,,,W000653,glenrothes vintage 2001 (all bottlings),53.49,,REJECT_LOW_CONFIDENCE,score_lt_86,,true
aeab778da9cd65685556a288,Glenglassaugh 2009  Hand Bottled at the Distillery,,,2014,W000653,glenrothes vintage 2001 (all bottlings),53.49,,REJECT_LOW_CONFIDENCE,score_lt_86,,true
a361bb7f67c5a5224218ef46,Glenglassaugh 2009 Ronnie Lawrence  The Chosen Few,,,,W001067,glenglassaugh octaves peated,51.95,,REJECT_LOW_CONFIDENCE,score_lt_86,,true
b6458e07fec02879e6feff0a,Glenglassaugh 2009 Ronnie Lawrence  The Chosen Few,,,,W001067,glenglassaugh octaves peated,51.95,,REJECT_LOW_CONFIDENCE,score_lt_86,,true
df39a5b02f90f9768e35119a,Glenglassaugh 2009 Ronnie Lawrence  The Chosen Few,,,,W001067,glenglassaugh octaves peated,51.95,,REJECT_LOW_CONFIDENCE,score_lt_86,,true
8f0fef93a655d02acacc0cf4,Glenglassaugh 2009 Ronnie Lawrence  The Chosen Few,,,,W001067,glenglassaugh octaves peated,51.95,,REJECT_LOW_CONFIDENCE,score_lt_86,,true
ed53ee0a5bc700e999e7ece2,Glenglassaugh 2009 Ronnie Lawrence  The Chosen Few,,,,W001067,glenglassaugh octaves peated,51.95,,REJECT_LOW_CONFIDENCE,score_lt_86,,true
1b54f9c759ed89f2cc2a933c,Glenglassaugh 2010  Rare Cask Release,,,,W000821,glenglassaugh octaves classic,64.62,,REJECT_LOW_CONFIDENCE,score_lt_86,,true
ecec61cffd6fc64a6717f2ea,Glenglassaugh 2010  Rare Cask Release,,,,W000821,glenglassaugh octaves classic,64.62,,REJECT_LOW_CONFIDENCE,score_lt_86,,true
a76dcb7c5e8f661f5c48f3a3,Glenglassaugh 2010  Rare Cask Release,,,,W000821,glenglassaugh octaves classic,64.62,,REJECT_LOW_CONFIDENCE,score_lt_86,,true
1989d9a2b01db526eb514fed,Glenglassaugh 2010  Rare Cask Release,,,,W000821,glenglassaugh octaves classic,64.62,,REJECT_LOW_CONFIDENCE,score_lt_86,,true
6a47793fe49762c7e7437300,Glenglassaugh 2010  Rare Cask Release,,,,W000821,glenglassaugh octaves classic,64.62,,REJECT_LOW_CONFIDENCE,score_lt_86,,true
16ec5b3eb6f0e739f0aaba89,Glenglassaugh 2010  Rare Cask Release,,,,W000821,glenglassaugh octaves classic,64.62,,REJECT_LOW_CONFIDENCE,score_lt_86,,true
a1acae5b926bc327012c28c6,Glenglassaugh 2010  Rare Cask Release,,,,W000821,glenglassaugh octaves classic,64.62,,REJECT_LOW_CONFIDENCE,score_lt_86,,true
ea92ce9f5fb9793577c42cd2,Glenglassaugh 2010  Rare Cask Release,,,,W000821,glenglassaugh octaves classic,64.62,,REJECT_LOW_CONFIDENCE,score_lt_86,,true
3cecd9dac81e1e498c4fbcb4,Glenglassaugh 2010  Rare Cask Release,,,,W000821,glenglassaugh octaves classic,64.62,,REJECT_LOW_CONFIDENCE,score_lt_86,,true
6e2c6147bb6e0e8e819115d9,Glenglassaugh 2010  Rare Cask Release,,,,W000821,glenglassaugh octaves classic,64.62,,REJECT_LOW_CONFIDENCE,score_lt_86,,true
10b639623786425937d76247,Glenglassaugh 2010  The Octave Cask,,,,W000821,glenglassaugh octaves classic,76.19,,REJECT_LOW_CONFIDENCE,score_lt_86,,true
ab6c815d82c470866dc1cc2e,Glenglassaugh 2010  Edition No. 8,,,2019,W000861,glenglassaugh evolution,70.37,,REJECT_LOW_CONFIDENCE,score_lt_86,,true
063e4ba961a9ebafec7f2d40,Glenglassaugh 2010  Rare Cask Release,,,,W000821,glenglassaugh octaves classic,64.62,,REJECT_LOW_CONFIDENCE,score_lt_86,,true
a6868334d72141b2788bf3f2,Glenglassaugh 2011  Rare Cask Release,,,,W000821,glenglassaugh octaves classic,64.62,,REJECT_LOW_CONFIDENCE,score_lt_86,,true
e9f52d608fbdd464e31fc16a,Glenglassaugh 2011  Rare Cask Release,,,,W000821,glenglassaugh octaves classic,64.62,,REJECT_LOW_CONFIDENCE,score_lt_86,,true
1361f568a92fa6318c5a866b,Glenglassaugh 2011  Rare Cask Release,,,,W000821,glenglassaugh octaves classic,64.62,,REJECT_LOW_CONFIDENCE,score_lt_86,,true
2e72605e3f5c4de04edff8ca,Glenglassaugh 2011  Rare Cask Release,,,,W000821,glenglassaugh octaves classic,64.62,,REJECT_LOW_CONFIDENCE,score_lt_86,,true
c264f4514ff1465d43272e47,Glenglassaugh 2011  The Octave Cask,,,,W000821,glenglassaugh octaves classic,76.19,,REJECT_LOW_CONFIDENCE,score_lt_86,,true
a2c68574b0c89aea15625abc,Glenglassaugh 2011  The Octave Cask,,,,W000821,glenglassaugh octaves classic,76.19,,REJECT_LOW_CONFIDENCE,score_lt_86,,true
9c7b1ddbaa3e3a136252ac72,Glenglassaugh 2011  Rare Cask Release,,,,W000821,glenglassaugh octaves classic,64.62,,REJECT_LOW_CONFIDENCE,score_lt_86,,true
3bfe2d05497467081205bebc,Glenglassaugh 2011  Rare Cask Release,,,,W000821,glenglassaugh octaves classic,64.62,,REJECT_LOW_CONFIDENCE,score_lt_86,,true
13042eafe4c4d010190d9d63,Glenglassaugh 2011  Rare Cask Release,,,2011,W000821,glenglassaugh octaves classic,64.62,,REJECT_LOW_CONFIDENCE,score_lt_86,,true
d9f4ac481355bea864ee324c,Glenglassaugh 2011  Rare Cask Release,,,,W000821,glenglassaugh octaves classic,64.62,,REJECT_LOW_CONFIDENCE,score_lt_86,,true
1dae17070bc78f8642be6729,Glenglassaugh 2011  The Octave Cask,,,,W000821,glenglassaugh octaves classic,76.19,,REJECT_LOW_CONFIDENCE,score_lt_86,,true
15c9e0813d3048e3e067f731,Glenglassaugh 2011  Hand Bottled at the Distillery,,,,W000653,glenrothes vintage 2001 (all bottlings),53.49,,REJECT_LOW_CONFIDENCE,score_lt_86,,true
c035c7f0c48966f5d49bc72c,Glenglassaugh 2011  Hand Bottled at the Distillery,,,,W000653,glenrothes vintage 2001 (all bottlings),53.49,,REJECT_LOW_CONFIDENCE,score_lt_86,,true
3effec0350bdee577382f038,Glenglassaugh 2012  Rare Cask Release,,,,W000821,glenglassaugh octaves classic,64.62,,REJECT_LOW_CONFIDENCE,score_lt_86,,true
1a5186a9f395bc7bb41124d9,Glenglassaugh 2012  Rare Cask Release,,,2021,W000821,glenglassaugh octaves classic,64.62,,REJECT_LOW_CONFIDENCE,score_lt_86,,true
1ab6fe5180eb62ed85dd268e,Glenglassaugh 2012  Rare Cask Release,,,2021,W000821,glenglassaugh octaves classic,64.62,,REJECT_LOW_CONFIDENCE,score_lt_86,,true
f667822c9bae0e4a45482b91,Glenglassaugh 2012  Rare Cask Release,,,,W000821,glenglassaugh octaves classic,64.62,,REJECT_LOW_CONFIDENCE,score_lt_86,,true
3ba2d096cf3e30ba65d0cb23,Glenglassaugh 2012  Rare Cask Release,,,,W000821,glenglassaugh octaves classic,64.62,,REJECT_LOW_CONFIDENCE,score_lt_86,,true
7d379004ca16d5ab83b1dd28,Glenglassaugh 2012  Rare Cask Release,,,,W000821,glenglassaugh octaves classic,64.62,,REJECT_LOW_CONFIDENCE,score_lt_86,,true
5b5302746cdb76e16c76e40a,Glenglassaugh 2012  Rare Cask Release,,,,W000821,glenglassaugh octaves classic,64.62,,REJECT_LOW_CONFIDENCE,score_lt_86,,true
63fa7019384cda86f851fcc7,Glenglassaugh 2012  Rare Cask Release,,,,W000821,glenglassaugh octaves classic,64.62,,REJECT_LOW_CONFIDENCE,score_lt_86,,true
0ed1f2eeb6ba94f996c4e94d,Glenglassaugh 2012  Rare Cask Release,,,,W000821,glenglassaugh octaves classic,64.62,,REJECT_LOW_CONFIDENCE,score_lt_86,,true
bb56324cd981bee595364f3f,Glenglassaugh 2012  Rare Cask Release,,,,W000821,glenglassaugh octaves classic,64.62,,REJECT_LOW_CONFIDENCE,score_lt_86,,true
cf07b1d74d9c98ec6ef679ed,Glenglassaugh 2012  Rare Cask Release,,,,W000821,glenglassaugh octaves classic,64.62,,REJECT_LOW_CONFIDENCE,score_lt_86,,true
78617a21a42621379aad09fd,Glenglassaugh 2012  Rare Cask Release,,,2008,W000821,glenglassaugh octaves classic,64.62,,REJECT_LOW_CONFIDENCE,score_lt_86,,true
eeb47902d88e056a6322a983,Glenglassaugh 21-year-old  Batch No. 1,,,,W000329,glenglassaugh 26yo,72.34,,REJECT_LOW_CONFIDENCE,score_lt_86,,true
f0014954dc14011dc629cb35,Glenglassaugh 21-year-old  Batch No. 1,,,2009,W000329,glenglassaugh 26yo,72.34,,REJECT_LOW_CONFIDENCE,score_lt_86,,true
7665c5e05365b31f01a42115,Glenglassaugh 21-year-old  Batch No. 1,,,,W000329,glenglassaugh 26yo,72.34,,REJECT_LOW_CONFIDENCE,score_lt_86,,true
e6c7e14d351147a83bbe6d7d,Glenglassaugh 21-year-old  Batch No. 1,,,,W000329,glenglassaugh 26yo,72.34,,REJECT_LOW_CONFIDENCE,score_lt_86,,true
bbb8403c73bc4d1c97170540,Glenglassaugh 21-year-old  Batch No. 1,,,,W000329,glenglassaugh 26yo,72.34,,REJECT_LOW_CONFIDENCE,score_lt_86,,true
4653acb8671d267f184ce84d,Glenglassaugh 21-year-old  Batch No. 1,,,,W000329,glenglassaugh 26yo,72.34,,REJECT_LOW_CONFIDENCE,score_lt_86,,true
be4e52286033d06a6965c6a6,Glenglassaugh 21-year-old  Batch No. 1,,,,W000329,glenglassaugh 26yo,72.34,,REJECT_LOW_CONFIDENCE,score_lt_86,,true
1e2a12099d2af480c65e797e,Glenglassaugh 21-year-old  Batch No. 1,,,1986,W000329,glenglassaugh 26yo,72.34,,REJECT_LOW_CONFIDENCE,score_lt_86,,true
f77d5064e3621c5103113fba,Glenglassaugh 21-year-old  Batch No. 1,,,,W000329,glenglassaugh 26yo,72.34,,REJECT_LOW_CONFIDENCE,score_lt_86,,true
a9dc2ad321f666a32debdf13,Glenglassaugh 21-year-old  Batch No. 2,,,,W000329,glenglassaugh 26yo,72.34,,REJECT_LOW_CONFIDENCE,score_lt_86,,true
9924680d0eec0cff3e1b8ed7,Glenglassaugh 21-year-old  Batch No. 2,,,,W000329,glenglassaugh 26yo,72.34,,REJECT_LOW_CONFIDENCE,score_lt_86,,true
46afbec29f85a96450ce2ba1,Glenglassaugh 21-year-old  Batch No. 2,,,,W000329,glenglassaugh 26yo,72.34,,REJECT_LOW_CONFIDENCE,score_lt_86,,true
f8e5ff3e1d4b171199d7aa35,Glenglassaugh 21-year-old  Batch No. 2,,,,W000329,glenglassaugh 26yo,72.34,,REJECT_LOW_CONFIDENCE,score_lt_86,,true
a95e9f7ac3e82acb4384e695,Glenglassaugh 21-year-old  Batch No. 2,,,,W000329,glenglassaugh 26yo,72.34,,REJECT_LOW_CONFIDENCE,score_lt_86,,true
3cac6a73afe8f2e919d0722c,Glenglassaugh 21-year-old  Batch No. 2,,,,W000329,glenglassaugh 26yo,72.34,,REJECT_LOW_CONFIDENCE,score_lt_86,,true
08869b8f2b3b3cde1a673a13,Glenglassaugh 21-year-old  Batch No. 2,,,,W000329,glenglassaugh 26yo,72.34,,REJECT_LOW_CONFIDENCE,score_lt_86,,true
3d48d4defe184cf481353087,Glenglassaugh 21-year-old  Batch No. 2,,,2009,W000329,glenglassaugh 26yo,72.34,,REJECT_LOW_CONFIDENCE,score_lt_86,,true
897f81f19fa3c481496f4392,Glenglassaugh 22-year-old,,,,W000329,glenglassaugh 26yo,94.44,,KEEP_PRODUCT_FEATURE,score_gte_94_no_conflict,,true
cc404fcd14f2567e2db7a5c1,Glenglassaugh 22-year-old,,,,W000329,glenglassaugh 26yo,94.44,,KEEP_PRODUCT_FEATURE,score_gte_94_no_conflict,,true
2a2d9ee58f6512d2560f159a,Glenglassaugh 26-year-old  Rare Cask Series,,,2017,W000329,glenglassaugh 26yo,67.92,,REJECT_LOW_CONFIDENCE,score_lt_86,,true
b94e499e10ab673890731063,Glenglassaugh 26-year-old  Rare Cask Series,,,,W000329,glenglassaugh 26yo,67.92,,REJECT_LOW_CONFIDENCE,score_lt_86,,true
85762574bad1c8ef271584ba,Glenglassaugh 26-year-old  Rare Cask Series,,,,W000329,glenglassaugh 26yo,67.92,,REJECT_LOW_CONFIDENCE,score_lt_86,,true
1e36a28a4ca3efb99ce7b107,Glenglassaugh 26-year-old  Rare Cask Series,,,,W000329,glenglassaugh 26yo,67.92,,REJECT_LOW_CONFIDENCE,score_lt_86,,true
6efd41e42857733fcf814054,Glenglassaugh 26-year-old  Rare Cask Series,,,,W000329,glenglassaugh 26yo,67.92,,REJECT_LOW_CONFIDENCE,score_lt_86,,true
54abc6fd019aec21bd11d9a3,Glenglassaugh 26-year-old  Rare Cask Series,,,1990,W000329,glenglassaugh 26yo,67.92,,REJECT_LOW_CONFIDENCE,score_lt_86,,true
d253ee1edebfeec0aaa25f28,Glenglassaugh 26-year-old,,,,W000329,glenglassaugh 26yo,100.0,,KEEP_PRODUCT_FEATURE,score_gte_94_no_conflict,,true
1efa9f4c928fb4cd41904aee,Glenglassaugh 26-year-old,,,,W000329,glenglassaugh 26yo,100.0,,KEEP_PRODUCT_FEATURE,score_gte_94_no_conflict,,true
3cae30a5d45c09a70d51ef33,Glenglassaugh 26-year-old,,,,W000329,glenglassaugh 26yo,100.0,,KEEP_PRODUCT_FEATURE,score_gte_94_no_conflict,,true
d180c4c7563c49c1a8ff9793,Glenglassaugh 26-year-old,,,,W000329,glenglassaugh 26yo,100.0,,KEEP_PRODUCT_FEATURE,score_gte_94_no_conflict,,true
54b38cee35fd81f2aac08326,Glenglassaugh 26-year-old,,,,W000329,glenglassaugh 26yo,100.0,,KEEP_PRODUCT_FEATURE,score_gte_94_no_conflict,,true
9b66443017995be4b3bfd567,Glenglassaugh 26-year-old,,,,W000329,glenglassaugh 26yo,100.0,,KEEP_PRODUCT_FEATURE,score_gte_94_no_conflict,,true
5a2802e2255955ebd0dcde8f,Glenglassaugh 30-year-old,,,2018,W000329,glenglassaugh 26yo,88.89,,REVIEW_PRODUCT_FEATURE,score_86_93_no_conflict,,true
71bb722c9ca7830f2540011f,Glenglassaugh 30-year-old,,,,W000329,glenglassaugh 26yo,88.89,,REVIEW_PRODUCT_FEATURE,score_86_93_no_conflict,,true
f1293129b798ef479d623646,Glenglassaugh 30-year-old,,,,W000329,glenglassaugh 26yo,88.89,,REVIEW_PRODUCT_FEATURE,score_86_93_no_conflict,,true
38856e3f2d364e0d72b1f308,Glenglassaugh 30-year-old,,,,W000329,glenglassaugh 26yo,88.89,,REVIEW_PRODUCT_FEATURE,score_86_93_no_conflict,,true
56729a8b318b135eb5ec8606,Glenglassaugh 30-year-old,,,,W000329,glenglassaugh 26yo,88.89,,REVIEW_PRODUCT_FEATURE,score_86_93_no_conflict,,true
af52d5ee68f96e709b376ad7,Glenglassaugh 30-year-old,,,2016,W000329,glenglassaugh 26yo,88.89,,REVIEW_PRODUCT_FEATURE,score_86_93_no_conflict,,true
58b9dae62634dccffd7e2804,Glenglassaugh 30-year-old,,,,W000329,glenglassaugh 26yo,88.89,,REVIEW_PRODUCT_FEATURE,score_86_93_no_conflict,,true
da39f4eef4128cb8473974f5,Glenglassaugh 30-year-old,,,,W000329,glenglassaugh 26yo,88.89,,REVIEW_PRODUCT_FEATURE,score_86_93_no_conflict,,true
de413fd725cbf9072a3d300b,Glenglassaugh 30-year-old,,,,W000329,glenglassaugh 26yo,88.89,,REVIEW_PRODUCT_FEATURE,score_86_93_no_conflict,,true
4428364684fa140452e4ed34,Glenglassaugh 30-year-old,,,,W000329,glenglassaugh 26yo,88.89,,REVIEW_PRODUCT_FEATURE,score_86_93_no_conflict,,true
4e964217b8752bd0418a2623,Glenglassaugh 30-year-old  Trophy Winning,,,1972,W000329,glenglassaugh 26yo,62.75,,REJECT_LOW_CONFIDENCE,score_lt_86,,true
198c9d830fb836a6d4e90ea0,Glenglassaugh 30-year-old  Trophy Winning,,,,W000329,glenglassaugh 26yo,62.75,,REJECT_LOW_CONFIDENCE,score_lt_86,,true
ee6612b56043abb39b8e68c8,Glenglassaugh 30-year-old  Trophy Winning,,,,W000329,glenglassaugh 26yo,62.75,,REJECT_LOW_CONFIDENCE,score_lt_86,,true
9203b321ac7345d03a056ca8,Glenglassaugh 30-year-old  Trophy Winning,,,,W000329,glenglassaugh 26yo,62.75,,REJECT_LOW_CONFIDENCE,score_lt_86,,true
94ad9b367d5cd8168eaf05e9,Glenglassaugh 30-year-old,,,,W000329,glenglassaugh 26yo,88.89,,REVIEW_PRODUCT_FEATURE,score_86_93_no_conflict,,true
d23d9151b365aea1b9d115de,Glenglassaugh 30-year-old,,,,W000329,glenglassaugh 26yo,88.89,,REVIEW_PRODUCT_FEATURE,score_86_93_no_conflict,,true
f64cd45c6082c9f148f4ae01,Glenglassaugh 30-year-old,,,1987,W000329,glenglassaugh 26yo,88.89,,REVIEW_PRODUCT_FEATURE,score_86_93_no_conflict,,true
003f984f4f8242dc4ae6c11e,Glenglassaugh 30-year-old,,,,W000329,glenglassaugh 26yo,88.89,,REVIEW_PRODUCT_FEATURE,score_86_93_no_conflict,,true
1e2899632c1546daa244590e,Glenglassaugh 30-year-old,,,,W000329,glenglassaugh 26yo,88.89,,REVIEW_PRODUCT_FEATURE,score_86_93_no_conflict,,true
4f7defd30d68d4d94757bd3c,Glenglassaugh 30-year-old,,,,W000329,glenglassaugh 26yo,88.89,,REVIEW_PRODUCT_FEATURE,score_86_93_no_conflict,,true
2c106f2ae9f680bc8688c36b,Glenglassaugh 30-year-old,,,,W000329,glenglassaugh 26yo,88.89,,REVIEW_PRODUCT_FEATURE,score_86_93_no_conflict,,true
9ea240117530271b144d94d0,Glenglassaugh 30-year-old,,,,W000329,glenglassaugh 26yo,88.89,,REVIEW_PRODUCT_FEATURE,score_86_93_no_conflict,,true
a43546a6a0a6d73fb63dfe4d,Glenglassaugh 30-year-old,,,2019,W000329,glenglassaugh 26yo,88.89,,REVIEW_PRODUCT_FEATURE,score_86_93_no_conflict,,true
53a1ed0b3b2ac4cab214c591,Glenglassaugh 30-year-old,,,,W000329,glenglassaugh 26yo,88.89,,REVIEW_PRODUCT_FEATURE,score_86_93_no_conflict,,true
84a54a02260c62651ca4a247,Glenglassaugh 30-year-old,,,,W000329,glenglassaugh 26yo,88.89,,REVIEW_PRODUCT_FEATURE,score_86_93_no_conflict,,true
f33f4109a6b390534cb97e97,Glenglassaugh 30-year-old,,,,W000329,glenglassaugh 26yo,88.89,,REVIEW_PRODUCT_FEATURE,score_86_93_no_conflict,,true
3a6d753ebbb7b89210745f59,Glenglassaugh 30-year-old,,,,W000329,glenglassaugh 26yo,88.89,,REVIEW_PRODUCT_FEATURE,score_86_93_no_conflict,,true
f2d9e717ca3cafe60ccde54e,Glenglassaugh 30-year-old,,,,W000329,glenglassaugh 26yo,88.89,,REVIEW_PRODUCT_FEATURE,score_86_93_no_conflict,,true
e6fd9c9f17688d0cf5285b76,Glenglassaugh 37-year-old  Rare Cask Series,,,,W000821,glenglassaugh octaves classic,65.62,,REJECT_LOW_CONFIDENCE,score_lt_86,,true
2e471c631fe8c9701d8fee29,Glenglassaugh 37-year-old  Rare Cask Series,,,,W000821,glenglassaugh octaves classic,65.62,,REJECT_LOW_CONFIDENCE,score_lt_86,,true
98a0a3434b4f9aa5aa8fb3b7,Glenglassaugh 37-year-old  Rare Cask Series,,,,W000821,glenglassaugh octaves classic,65.62,,REJECT_LOW_CONFIDENCE,score_lt_86,,true
c3718f486f552596f7fd7693,Glenglassaugh 37-year-old  Rare Cask Series,,,1972,W000821,glenglassaugh octaves classic,65.62,,REJECT_LOW_CONFIDENCE,score_lt_86,,true
f9a3ec94418c433ee101bd55,Glenglassaugh 37-year-old  Rare Cask Series,,,,W000821,glenglassaugh octaves classic,65.62,,REJECT_LOW_CONFIDENCE,score_lt_86,,true
9576e5cceaf691d349b940a3,Glenglassaugh 37-year-old  Rare Cask Series,,,,W000821,glenglassaugh octaves classic,65.62,,REJECT_LOW_CONFIDENCE,score_lt_86,,true
486e4bba17d7d579efae24e4,Glenglassaugh 37-year-old  Rare Cask Series,,,,W000821,glenglassaugh octaves classic,65.62,,REJECT_LOW_CONFIDENCE,score_lt_86,,true
daea5b67978db877eadc5b86,Glenglassaugh 37-year-old  Rare Cask Series,,,,W000821,glenglassaugh octaves classic,65.62,,REJECT_LOW_CONFIDENCE,score_lt_86,,true
361a993977e18757b9c22a32,Glenglassaugh 37-year-old  Miniature - Hand Bottled at the Distillery,,,,W001118,lagavulin distiller's edition (all vintages),49.5,,REJECT_LOW_CONFIDENCE,score_lt_86,,true
d0d7e8248f89aab8ab1dc048,Glenglassaugh 37-year-old  Miniature - Hand Bottled at the Distillery,,,,W001118,lagavulin distiller's edition (all vintages),49.5,,REJECT_LOW_CONFIDENCE,score_lt_86,,true
73cc4a18e4f0b99455836e1b,Glenglassaugh 40-year-old  Crystal Decanter,,,,W000329,glenglassaugh 26yo,60.38,,REJECT_LOW_CONFIDENCE,score_lt_86,,true
5eac63afded53d805dfb4987,Glenglassaugh 40-year-old  Crystal Decanter,,,,W000329,glenglassaugh 26yo,60.38,,REJECT_LOW_CONFIDENCE,score_lt_86,,true
827a28700b08d9f92ba8a5fd,Glenglassaugh 40-year-old  Crystal Decanter,,,,W000329,glenglassaugh 26yo,60.38,,REJECT_LOW_CONFIDENCE,score_lt_86,,true
e3b2fc2d0296cfb73f469083,Glenglassaugh 40-year-old  Crystal Decanter,,,,W000329,glenglassaugh 26yo,60.38,,REJECT_LOW_CONFIDENCE,score_lt_86,,true
b782f1191b07f55fd4114697,Glenglassaugh 40-year-old  Crystal Decanter,,,2009,W000329,glenglassaugh 26yo,60.38,,REJECT_LOW_CONFIDENCE,score_lt_86,,true
1b8a08586e2183f9bea9d59e,Glenglassaugh 40-year-old  Crystal Decanter,,,2063,W000329,glenglassaugh 26yo,60.38,,REJECT_LOW_CONFIDENCE,score_lt_86,,true
073b1dcdd4debf96a7a92e7d,Glenglassaugh 40-year-old  Crystal Decanter,,,2009,W000329,glenglassaugh 26yo,60.38,,REJECT_LOW_CONFIDENCE,score_lt_86,,true
42644d19853de9cb7b1a3568,Glenglassaugh 40-year-old  Crystal Decanter,,,,W000329,glenglassaugh 26yo,60.38,,REJECT_LOW_CONFIDENCE,score_lt_86,,true
1e7184bbb05b0f031371531e,Glenglassaugh 40-year-old,,,,W000329,glenglassaugh 26yo,88.89,,REVIEW_PRODUCT_FEATURE,score_86_93_no_conflict,,true
5e2407a3af6097665de07e95,Glenglassaugh 40-year-old,,,2013,W000329,glenglassaugh 26yo,88.89,,REVIEW_PRODUCT_FEATURE,score_86_93_no_conflict,,true
ee4ca71b90dc9918876cb225,Glenglassaugh 40-year-old,,,,W000329,glenglassaugh 26yo,88.89,,REVIEW_PRODUCT_FEATURE,score_86_93_no_conflict,,true
3e28b778f10cca917f9c36f8,Glenglassaugh 40-year-old,,,,W000329,glenglassaugh 26yo,88.89,,REVIEW_PRODUCT_FEATURE,score_86_93_no_conflict,,true
438c8ac1b187b359d96290e6,Glenglassaugh 40-year-old,,,,W000329,glenglassaugh 26yo,88.89,,REVIEW_PRODUCT_FEATURE,score_86_93_no_conflict,,true
7188b34b190506d693f79b1f,Glenglassaugh 40-year-old,,,2013,W000329,glenglassaugh 26yo,88.89,,REVIEW_PRODUCT_FEATURE,score_86_93_no_conflict,,true
6a861885294c418bdf4cae56,Glenglassaugh 41-year-old  Crystal Decanter,,,,W000329,glenglassaugh 26yo,60.38,,REJECT_LOW_CONFIDENCE,score_lt_86,,true
e52131efb0c83f8042d17827,Glenglassaugh 41-year-old  Crystal Decanter,,,,W000329,glenglassaugh 26yo,60.38,,REJECT_LOW_CONFIDENCE,score_lt_86,,true
59c35aabdddff69d870dd12f,Glenglassaugh 43-year-old  Rare Cask Series,,,1966,W000821,glenglassaugh octaves classic,65.62,,REJECT_LOW_CONFIDENCE,score_lt_86,,true
4d1ac9ddd6067b706807c22d,Glenglassaugh 43-year-old  Rare Cask Series,,,,W000821,glenglassaugh octaves classic,65.62,,REJECT_LOW_CONFIDENCE,score_lt_86,,true
627ee926091e2a1d1a3811e3,Glenglassaugh 43-year-old  Rare Cask Series,,,,W000821,glenglassaugh octaves classic,65.62,,REJECT_LOW_CONFIDENCE,score_lt_86,,true
490e1b6079da1f89d09150b0,Glenglassaugh 43-year-old  Rare Cask Series,,,,W000821,glenglassaugh octaves classic,65.62,,REJECT_LOW_CONFIDENCE,score_lt_86,,true
6883d388dcc950fef3a675b7,Glenglassaugh 43-year-old  Rare Cask Series,,,,W000821,glenglassaugh octaves classic,65.62,,REJECT_LOW_CONFIDENCE,score_lt_86,,true
5ba018446f4ffb5fab509d79,Glenglassaugh 43-year-old  Rare Cask Series,,,,W000821,glenglassaugh octaves classic,65.62,,REJECT_LOW_CONFIDENCE,score_lt_86,,true
992824a0e9f64d8c93e53def,Glenglassaugh 43-year-old  Rare Cask Series,,,,W000821,glenglassaugh octaves classic,65.62,,REJECT_LOW_CONFIDENCE,score_lt_86,,true
fd1586deeea433d54995f977,Glenglassaugh 43-year-old  Rare Cask Series,,,,W000821,glenglassaugh octaves classic,65.62,,REJECT_LOW_CONFIDENCE,score_lt_86,,true
bb94232eb13e0b0a81383c55,Glenglassaugh 43-year-old  Miniature - Hand Bottled at the Distillery,,,1980,W001118,lagavulin distiller's edition (all vintages),49.5,,REJECT_LOW_CONFIDENCE,score_lt_86,,true
c70320bdc1d712dd031fe9cc,Glenglassaugh 43-year-old  Miniature - Hand Bottled at the Distillery,,,1967,W001118,lagavulin distiller's edition (all vintages),49.5,,REJECT_LOW_CONFIDENCE,score_lt_86,,true
8e3d7e4bbc9e3c1b73d41c4f,Glenglassaugh 44-year-old  Miniature - Hand Bottled at the Distillery,,,,W001118,lagavulin distiller's edition (all vintages),49.5,,REJECT_LOW_CONFIDENCE,score_lt_86,,true
53dd1f6195550afcdeb944bc,Glenglassaugh 44-year-old  Miniature - Hand Bottled at the Distillery,,,1979,W001118,lagavulin distiller's edition (all vintages),49.5,,REJECT_LOW_CONFIDENCE,score_lt_86,,true
f0ba32524f12102f88a73842,Glenglassaugh 44-year-old  Miniature - Hand Bottled at the Distillery,,,1990,W001118,lagavulin distiller's edition (all vintages),49.5,,REJECT_LOW_CONFIDENCE,score_lt_86,,true
9f9ac0a78fa1276fdab9326f,Glenglassaugh 44-year-old  Miniature - Hand Bottled at the Distillery,,,,W001118,lagavulin distiller's edition (all vintages),49.5,,REJECT_LOW_CONFIDENCE,score_lt_86,,true
57c2871a6e4ca7091c59e5ba,Glenglassaugh 44-year-old  Miniature - Hand Bottled at the Distillery,,,1966,W001118,lagavulin distiller's edition (all vintages),49.5,,REJECT_LOW_CONFIDENCE,score_lt_86,,true
f8106d4346c1eea9c149879f,Glenglassaugh 50-year-old,,,,W000329,glenglassaugh 26yo,88.89,,REVIEW_PRODUCT_FEATURE,score_86_93_no_conflict,,true
84c7d2b141382ba8059bf9f5,Glenglassaugh Evolution,,,,W000861,glenglassaugh evolution,100.0,,KEEP_PRODUCT_FEATURE,score_gte_94_no_conflict,,true
c2c4d36bec6bcef5e4dd4194,Glenglassaugh Evolution,,,,W000861,glenglassaugh evolution,100.0,,KEEP_PRODUCT_FEATURE,score_gte_94_no_conflict,,true
6ecfc707081cc0c6b7315316,Glenglassaugh Evolution,,,,W000861,glenglassaugh evolution,100.0,,KEEP_PRODUCT_FEATURE,score_gte_94_no_conflict,,true
9ad84e828b3647b20db84c93,Glenglassaugh Evolution,,,,W000861,glenglassaugh evolution,100.0,,KEEP_PRODUCT_FEATURE,score_gte_94_no_conflict,,true
5fba8937fbbc24ae42db4fda,Glenglassaugh Evolution,,,,W000861,glenglassaugh evolution,100.0,,KEEP_PRODUCT_FEATURE,score_gte_94_no_conflict,,true
6d48f7175e19f4b122f08bed,Glenglassaugh Evolution,,,,W000861,glenglassaugh evolution,100.0,,KEEP_PRODUCT_FEATURE,score_gte_94_no_conflict,,true
59337d224eefee54cc9928c6,Glenglassaugh Evolution,,,,W000861,glenglassaugh evolution,100.0,,KEEP_PRODUCT_FEATURE,score_gte_94_no_conflict,,true
25d6df5a6f5d6154fa52dd99,Glenglassaugh Evolution,,,,W000861,glenglassaugh evolution,100.0,,KEEP_PRODUCT_FEATURE,score_gte_94_no_conflict,,true
4df3bedf3ff6ef8cd0faa143,Glenglassaugh Evolution,,,,W000861,glenglassaugh evolution,100.0,,KEEP_PRODUCT_FEATURE,score_gte_94_no_conflict,,true
2c3117ac7c43197b867c2a1b,Glenglassaugh Evolution,,,2013,W000861,glenglassaugh evolution,100.0,,KEEP_PRODUCT_FEATURE,score_gte_94_no_conflict,,true
3a5dd0b3f0ddeb93dee23a31,Glenglassaugh Evolution,,,2014,W000861,glenglassaugh evolution,100.0,,KEEP_PRODUCT_FEATURE,score_gte_94_no_conflict,,true
d0544608e6f07374d10f268c,Glenglassaugh Evolution,,,,W000861,glenglassaugh evolution,100.0,,KEEP_PRODUCT_FEATURE,score_gte_94_no_conflict,,true
f8f8f5a6e9848e44ec3535f9,Glenglassaugh Evolution,,,,W000861,glenglassaugh evolution,100.0,,KEEP_PRODUCT_FEATURE,score_gte_94_no_conflict,,true
7e354e3f43436ccf3851a2dd,Glenglassaugh Evolution,,,2020,W000861,glenglassaugh evolution,100.0,,KEEP_PRODUCT_FEATURE,score_gte_94_no_conflict,,true
6dee62c0ac41c1602f56d020,Glenglassaugh Evolution,,,,W000861,glenglassaugh evolution,100.0,,KEEP_PRODUCT_FEATURE,score_gte_94_no_conflict,,true
40b084bc2703c9daa7559fcd,Glenglassaugh Evolution,,,2021,W000861,glenglassaugh evolution,100.0,,KEEP_PRODUCT_FEATURE,score_gte_94_no_conflict,,true
79e5222a2805471cfaefed33,Glenglassaugh Evolution,,,,W000861,glenglassaugh evolution,100.0,,KEEP_PRODUCT_FEATURE,score_gte_94_no_conflict,,true
21077cadc0f0c6fdf90da42c,Glenglassaugh Evolution,,,,W000861,glenglassaugh evolution,100.0,,KEEP_PRODUCT_FEATURE,score_gte_94_no_conflict,,true
e82022dcfe679ab51731821c,Glenglassaugh Evolution,,,,W000861,glenglassaugh evolution,100.0,,KEEP_PRODUCT_FEATURE,score_gte_94_no_conflict,,true
78adfc5e1d0480a0a9828f09,Glenglassaugh Evolution,,,2018,W000861,glenglassaugh evolution,100.0,,KEEP_PRODUCT_FEATURE,score_gte_94_no_conflict,,true
3315588d5f2a044a214ad18b,Glenglassaugh Fine Highland Malt  Fine Highland Malt,,,,W000367,glenfiddich malt master's edition,50.0,,REJECT_LOW_CONFIDENCE,score_lt_86,,true
c5747290ae15e9738247def0,Glenglassaugh New Spirit  The Spirit Drink that dare not speak its name,,,,W001067,glenglassaugh octaves peated,46.94,,REJECT_LOW_CONFIDENCE,score_lt_86,,true
230400ff51c375688b6b05aa,Glenglassaugh New Spirit  The Spirit Drink that dare not speak its name,,,2009,W001067,glenglassaugh octaves peated,46.94,,REJECT_LOW_CONFIDENCE,score_lt_86,,true
db6d7321f80cb7eb490c4bef,Glenglassaugh New Spirit  The Spirit Drink that dare not speak its name,,,,W001067,glenglassaugh octaves peated,46.94,,REJECT_LOW_CONFIDENCE,score_lt_86,,true
5eb89d1b84f9f58dbba26b4c,Glenglassaugh New Spirit  The Spirit Drink that dare not speak its name,,,,W001067,glenglassaugh octaves peated,46.94,,REJECT_LOW_CONFIDENCE,score_lt_86,,true
60292f2b66a166e86927109b,Glenglassaugh New Spirit  The Spirit Drink that blushes to speak its name,,,,W001067,glenglassaugh octaves peated,46.0,,REJECT_LOW_CONFIDENCE,score_lt_86,,true
4c20fa01d9793bd6c35d303b,Glenglassaugh New Spirit  The Spirit Drink that blushes to speak its name,,,,W001067,glenglassaugh octaves peated,46.0,,REJECT_LOW_CONFIDENCE,score_lt_86,,true
c1e12d8f6a8e7cdc687996cc,Glenglassaugh Octaves Classic,,,,W000821,glenglassaugh octaves classic,100.0,,KEEP_PRODUCT_FEATURE,score_gte_94_no_conflict,,true
b3f419dfa587c7b4aaff407e,Glenglassaugh Octaves Classic,,,,W000821,glenglassaugh octaves classic,100.0,,KEEP_PRODUCT_FEATURE,score_gte_94_no_conflict,,true
c6b4ec6a9699122489e79285,Glenglassaugh Octaves Classic,,,,W000821,glenglassaugh octaves classic,100.0,,KEEP_PRODUCT_FEATURE,score_gte_94_no_conflict,,true
092acc52795f8eff2d2d75e1,Glenglassaugh Octaves Classic,,,,W000821,glenglassaugh octaves classic,100.0,,KEEP_PRODUCT_FEATURE,score_gte_94_no_conflict,,true
7b005703333944b335bf5dd3,Glenglassaugh Octaves Classic,,,,W000821,glenglassaugh octaves classic,100.0,,KEEP_PRODUCT_FEATURE,score_gte_94_no_conflict,,true
f4aa0168f08d188c4b51da0c,Glenglassaugh Octaves Classic Batch 2,,,,W000821,glenglassaugh octaves classic,87.88,,REVIEW_PRODUCT_FEATURE,score_86_93_no_conflict,,true
42a679b0f9d4a2b583baec79,Glenglassaugh Octaves Classic Batch 2,,,,W000821,glenglassaugh octaves classic,87.88,,REVIEW_PRODUCT_FEATURE,score_86_93_no_conflict,,true
d5020af362936c774528cb6c,Glenglassaugh Octaves Classic Batch 2,,,,W000821,glenglassaugh octaves classic,87.88,,REVIEW_PRODUCT_FEATURE,score_86_93_no_conflict,,true
c883e1975585f3e43b5d59d7,Glenglassaugh Octaves Classic Batch 2,,,2020,W000821,glenglassaugh octaves classic,87.88,,REVIEW_PRODUCT_FEATURE,score_86_93_no_conflict,,true
64d1604eadc5045d1862fac3,Glenglassaugh Octaves Classic Batch 2,,,,W000821,glenglassaugh octaves classic,87.88,,REVIEW_PRODUCT_FEATURE,score_86_93_no_conflict,,true
c56818a33ad4a5e1b8c83b97,Glenglassaugh Octaves Peated,,,,W001067,glenglassaugh octaves peated,100.0,,KEEP_PRODUCT_FEATURE,score_gte_94_no_conflict,,true
a51783b1a6cb4adb859e6f72,Glenglassaugh Octaves Peated,,,,W001067,glenglassaugh octaves peated,100.0,,KEEP_PRODUCT_FEATURE,score_gte_94_no_conflict,,true
2076fd0a15398b42d4fb0b47,Glenglassaugh Octaves Peated,,,,W001067,glenglassaugh octaves peated,100.0,,KEEP_PRODUCT_FEATURE,score_gte_94_no_conflict,,true
99592ef0e63a54d510c90425,Glenglassaugh Octaves Peated,,,,W001067,glenglassaugh octaves peated,100.0,,KEEP_PRODUCT_FEATURE,score_gte_94_no_conflict,,true
3ff1f02ddf3e459143310486,Glenglassaugh Octaves Peated,,,,W001067,glenglassaugh octaves peated,100.0,,KEEP_PRODUCT_FEATURE,score_gte_94_no_conflict,,true
dbd3524cb2c487db562e4fce,Glenglassaugh Octaves Peated,,,,W001067,glenglassaugh octaves peated,100.0,,KEEP_PRODUCT_FEATURE,score_gte_94_no_conflict,,true
54ae84b39bed79c507b1d5f2,Glenglassaugh Octaves Peated,,,,W001067,glenglassaugh octaves peated,100.0,,KEEP_PRODUCT_FEATURE,score_gte_94_no_conflict,,true
576fee33805e8c4d54331877,Glenglassaugh Octaves Peated Batch 2,,,,W001067,glenglassaugh octaves peated,87.5,,REVIEW_PRODUCT_FEATURE,score_86_93_no_conflict,,true
a5c94ab38956a1c82d9e4df2,Glenglassaugh Octaves Peated Batch 2,,,,W001067,glenglassaugh octaves peated,87.5,,REVIEW_PRODUCT_FEATURE,score_86_93_no_conflict,,true
77d6983afaf18e16adc5545e,Glenglassaugh Octaves Peated Batch 2,,,,W001067,glenglassaugh octaves peated,87.5,,REVIEW_PRODUCT_FEATURE,score_86_93_no_conflict,,true
a7b09da69957147983de1779,Glenglassaugh Octaves Peated Batch 2,,,2020,W001067,glenglassaugh octaves peated,87.5,,REVIEW_PRODUCT_FEATURE,score_86_93_no_conflict,,true
6182f6760fb02aa72b731f53,Glenglassaugh Octaves Peated Batch 2,,,,W001067,glenglassaugh octaves peated,87.5,,REVIEW_PRODUCT_FEATURE,score_86_93_no_conflict,,true
6f75f8ba4f465034be6491c5,Glenglassaugh Octaves Peated Batch 2,,,2021,W001067,glenglassaugh octaves peated,87.5,,REVIEW_PRODUCT_FEATURE,score_86_93_no_conflict,,true
d4845a486dcaee68d2cfdc32,Glenglassaugh Octaves Peated Batch 2,,,,W001067,glenglassaugh octaves peated,87.5,,REVIEW_PRODUCT_FEATURE,score_86_93_no_conflict,,true
b5878fe949998aa4f77b9ceb,Glenglassaugh Peated - Port Wood Finish  Wood Finish Series,,,,W000366,glencadam 12yo port wood finish,55.17,,REJECT_LOW_CONFIDENCE,score_lt_86,,true
79142a544966f852045271f5,Glenglassaugh Peated - Port Wood Finish  Wood Finish Series,,,2020,W000366,glencadam 12yo port wood finish,55.17,,REJECT_LOW_CONFIDENCE,score_lt_86,,true
638404bc7d42b7d0f9cf6265,Glenglassaugh Peated - Port Wood Finish  Wood Finish Series,,,,W000366,glencadam 12yo port wood finish,55.17,,REJECT_LOW_CONFIDENCE,score_lt_86,,true
7da230b28f0c80677939c1a1,Glenglassaugh Peated - Port Wood Finish  Wood Finish Series,,,,W000366,glencadam 12yo port wood finish,55.17,,REJECT_LOW_CONFIDENCE,score_lt_86,,true
a21ac5ec45b69707c2b9bdbc,Glenglassaugh Peated - Port Wood Finish  Wood Finish Series,,,2018,W000366,glencadam 12yo port wood finish,55.17,,REJECT_LOW_CONFIDENCE,score_lt_86,,true
27f53e2ea27b0609975e0376,Glenglassaugh Peated - Port Wood Finish  Wood Finish Series,,,,W000366,glencadam 12yo port wood finish,55.17,,REJECT_LOW_CONFIDENCE,score_lt_86,,true
192ecc3d78f27fd83207cd81,Glenglassaugh Peated - Virgin Oak Wood Finish  Wood Finish Series,,,,W001067,glenglassaugh octaves peated,51.11,,REJECT_LOW_CONFIDENCE,score_lt_86,,true
34578913fac18c5cc898c724,Glenglassaugh Peated - Virgin Oak Wood Finish  Wood Finish Series,,,2020,W001067,glenglassaugh octaves peated,51.11,,REJECT_LOW_CONFIDENCE,score_lt_86,,true
2279ba0ef06796413225cba7,Glenglassaugh Peated - Virgin Oak Wood Finish  Wood Finish Series,,,,W001067,glenglassaugh octaves peated,51.11,,REJECT_LOW_CONFIDENCE,score_lt_86,,true
e9292c58879d76a408d94b47,Glenglassaugh Peated - Virgin Oak Wood Finish  Wood Finish Series,,,,W001067,glenglassaugh octaves peated,51.11,,REJECT_LOW_CONFIDENCE,score_lt_86,,true
e70b1ff228ed6fbd2fca967c,Glenglassaugh Peated - Virgin Oak Wood Finish  Wood Finish Series,,,,W001067,glenglassaugh octaves peated,51.11,,REJECT_LOW_CONFIDENCE,score_lt_86,,true
1539fa977bd2b7024e90fecd,Glenglassaugh Peated - Virgin Oak Wood Finish  Wood Finish Series,,,2018,W001067,glenglassaugh octaves peated,51.11,,REJECT_LOW_CONFIDENCE,score_lt_86,,true
f3175b9043fac7dd5e55aa2e,Glenglassaugh Peated - Virgin Oak Wood Finish  Wood Finish Series,,,,W001067,glenglassaugh octaves peated,51.11,,REJECT_LOW_CONFIDENCE,score_lt_86,,true
74c669e79e20c9ab2caabce4,Glenglassaugh Pedro Ximénez Sherry Wood Finish  Wood Finish Series,,,,W000525,kilkerran work in progress sherry wood,58.25,,REJECT_LOW_CONFIDENCE,score_lt_86,,true
8ad1b26235196830cf4b0491,Glenglassaugh Pedro Ximénez Sherry Wood Finish  Wood Finish Series,,,,W000525,kilkerran work in progress sherry wood,58.25,,REJECT_LOW_CONFIDENCE,score_lt_86,,true
4b1bd9c3d40f4baf076c24a8,Glenglassaugh Pedro Ximénez Sherry Wood Finish  Wood Finish Series,,,,W000525,kilkerran work in progress sherry wood,58.25,,REJECT_LOW_CONFIDENCE,score_lt_86,,true
112673549d92620552103912,Glenglassaugh Pedro Ximénez Sherry Wood Finish  Wood Finish Series,,,,W000525,kilkerran work in progress sherry wood,58.25,,REJECT_LOW_CONFIDENCE,score_lt_86,,true
867c7548a2d6d54dfb4c40cf,Glenglassaugh Pedro Ximénez Sherry Wood Finish  Wood Finish Series,,,,W000525,kilkerran work in progress sherry wood,58.25,,REJECT_LOW_CONFIDENCE,score_lt_86,,true
8b11acacb16aedd467f0cae8,Glenglassaugh Pedro Ximénez Sherry Wood Finish  Wood Finish Series,,,,W000525,kilkerran work in progress sherry wood,58.25,,REJECT_LOW_CONFIDENCE,score_lt_86,,true
d230d3e971c585b456333be6,Glenglassaugh Pedro Ximénez Sherry Wood Finish  Wood Finish Series,,,,W000525,kilkerran work in progress sherry wood,58.25,,REJECT_LOW_CONFIDENCE,score_lt_86,,true
a8035c6b9d4d7cddaddf4805,Glenglassaugh Pedro Ximenéz Wood Finish  Wood Finish Series,,,2020,W000366,glencadam 12yo port wood finish,51.69,,REJECT_LOW_CONFIDENCE,score_lt_86,,true
d48c215937dd8556e657d2ed,Glenglassaugh Pedro Ximenéz Wood Finish  Wood Finish Series,,,,W000366,glencadam 12yo port wood finish,51.69,,REJECT_LOW_CONFIDENCE,score_lt_86,,true
2a20e1351f0e87c49ff6497d,Glenglassaugh Port Wood Finish  Wood Finish Series,,,,W000366,glencadam 12yo port wood finish,60.0,,REJECT_LOW_CONFIDENCE,score_lt_86,,true
fac93d8c70ed0ad4944f0f00,Glenglassaugh Port Wood Finish  Wood Finish Series,,,,W000366,glencadam 12yo port wood finish,60.0,,REJECT_LOW_CONFIDENCE,score_lt_86,,true
8c6dd235467ec2c352706f83,Glenglassaugh Port Wood Finish  Wood Finish Series,,,,W000366,glencadam 12yo port wood finish,60.0,,REJECT_LOW_CONFIDENCE,score_lt_86,,true
affb1c429658f13c4f5e584e,Glenglassaugh Port Wood Finish  Wood Finish Series,,,,W000366,glencadam 12yo port wood finish,60.0,,REJECT_LOW_CONFIDENCE,score_lt_86,,true
f4da3f5c8c801d113122b986,Glenglassaugh Port Wood Finish  Wood Finish Series,,,,W000366,glencadam 12yo port wood finish,60.0,,REJECT_LOW_CONFIDENCE,score_lt_86,,true
f4b6716459118b31c8d15a25,Glenglassaugh Port Wood Finish  Wood Finish Series,,,,W000366,glencadam 12yo port wood finish,60.0,,REJECT_LOW_CONFIDENCE,score_lt_86,,true
b6f788aa9c6d937cd332779c,Glenglassaugh Port Wood Finish  Wood Finish Series,,,,W000366,glencadam 12yo port wood finish,60.0,,REJECT_LOW_CONFIDENCE,score_lt_86,,true
1955892f38fb0e1c990b4307,Glenglassaugh Port Wood Finish  Wood Finish Series,,,,W000366,glencadam 12yo port wood finish,60.0,,REJECT_LOW_CONFIDENCE,score_lt_86,,true
60f2de5709680aa6ef3c1549,Glenglassaugh Revival,,,,W000384,glenglassaugh revival,100.0,,KEEP_PRODUCT_FEATURE,score_gte_94_no_conflict,,true
07534fcd4cab9150cc863df0,Glenglassaugh Revival,,,,W000384,glenglassaugh revival,100.0,,KEEP_PRODUCT_FEATURE,score_gte_94_no_conflict,,true
0a5715eb44e08bb01c8e1597,Glenglassaugh Revival,,,,W000384,glenglassaugh revival,100.0,,KEEP_PRODUCT_FEATURE,score_gte_94_no_conflict,,true
401fcde0b93fbcc9db48b653,Glenglassaugh Revival,,,,W000384,glenglassaugh revival,100.0,,KEEP_PRODUCT_FEATURE,score_gte_94_no_conflict,,true
f92495321e29eb146c1fcd63,Glenglassaugh Revival,,,,W000384,glenglassaugh revival,100.0,,KEEP_PRODUCT_FEATURE,score_gte_94_no_conflict,,true
bf114a132fb2bd790a323b70,Glenglassaugh Revival,,,,W000384,glenglassaugh revival,100.0,,KEEP_PRODUCT_FEATURE,score_gte_94_no_conflict,,true
bf6c41facdd8d686ef9c878e,Glenglassaugh Revival  Miniature,,,2014,W000384,glenglassaugh revival,80.77,,REJECT_LOW_CONFIDENCE,score_lt_86,,true
ae94b081d04d89fac1acafd8,Glenglassaugh Revival  Miniature,,,,W000384,glenglassaugh revival,80.77,,REJECT_LOW_CONFIDENCE,score_lt_86,,true
86159a37b82b02ccd358b68f,Glenglassaugh Revival  Miniature,,,,W000384,glenglassaugh revival,80.77,,REJECT_LOW_CONFIDENCE,score_lt_86,,true
93ccb91347e065ac1518a821,Glenglassaugh Revival  Miniature,,,,W000384,glenglassaugh revival,80.77,,REJECT_LOW_CONFIDENCE,score_lt_86,,true
6c1d0d969aee195eb38cc424,Glenglassaugh Revival  Miniature,,,,W000384,glenglassaugh revival,80.77,,REJECT_LOW_CONFIDENCE,score_lt_86,,true
89fb62c2bd347d86ef76e4d7,Glenglassaugh Revival  Miniature,,,,W000384,glenglassaugh revival,80.77,,REJECT_LOW_CONFIDENCE,score_lt_86,,true
034b963e3a3b13c782c1d6f6,Glenglassaugh Revival,,,,W000384,glenglassaugh revival,100.0,,KEEP_PRODUCT_FEATURE,score_gte_94_no_conflict,,true
b9ab15a1f2f14de141410951,Glenglassaugh Revival,,,,W000384,glenglassaugh revival,100.0,,KEEP_PRODUCT_FEATURE,score_gte_94_no_conflict,,true
f62ea7e2a3010b9a183fa640,Glenglassaugh Revival,,,,W000384,glenglassaugh revival,100.0,,KEEP_PRODUCT_FEATURE,score_gte_94_no_conflict,,true
44cdc2dd1817446aa793d6e9,Glenglassaugh Revival,,,,W000384,glenglassaugh revival,100.0,,KEEP_PRODUCT_FEATURE,score_gte_94_no_conflict,,true
a4e2a62fa79f1c0e09c6c656,Glenglassaugh Revival,,,2020,W000384,glenglassaugh revival,100.0,,KEEP_PRODUCT_FEATURE,score_gte_94_no_conflict,,true
309299a15d9f9386a932e3e2,Glenglassaugh Revival,,,,W000384,glenglassaugh revival,100.0,,KEEP_PRODUCT_FEATURE,score_gte_94_no_conflict,,true
74f0adbd2dafffe726ea3910,Glenglassaugh Revival,,,,W000384,glenglassaugh revival,100.0,,KEEP_PRODUCT_FEATURE,score_gte_94_no_conflict,,true
6408d2bb93c679a5884468a0,Glenglassaugh Revival,,,,W000384,glenglassaugh revival,100.0,,KEEP_PRODUCT_FEATURE,score_gte_94_no_conflict,,true
6649c70dcd345e094c34b39d,Glenglassaugh Spirit Drink  Blushes,,,,W000821,glenglassaugh octaves classic,63.49,,REJECT_LOW_CONFIDENCE,score_lt_86,,true
897391f084ccc19289ba18c4,Glenglassaugh Spirit Drink  Fledgling XB,,,,W000861,glenglassaugh evolution,58.06,,REJECT_LOW_CONFIDENCE,score_lt_86,,true
492947d446f14846434bd363,Glenglassaugh Spirit Drink  Fledgling XB,,,,W000861,glenglassaugh evolution,58.06,,REJECT_LOW_CONFIDENCE,score_lt_86,,true
d5713f8589b8c9c2e0661a10,Glenglassaugh Spirit Drink  Fledgling XB,,,,W000861,glenglassaugh evolution,58.06,,REJECT_LOW_CONFIDENCE,score_lt_86,,true
1d5bb5862bb3a485e713a2de,Glenglassaugh Spirit Drink  Clearac,,,,W000821,glenglassaugh octaves classic,63.49,,REJECT_LOW_CONFIDENCE,score_lt_86,,true
4fb01c6443a5accba86f746e,Glenglassaugh Spirit Drink  Clearac,,,,W000821,glenglassaugh octaves classic,63.49,,REJECT_LOW_CONFIDENCE,score_lt_86,,true
bd047a8903f5b6e040fc229c,Glenglassaugh Spirit Drink  Clearac,,,,W000821,glenglassaugh octaves classic,63.49,,REJECT_LOW_CONFIDENCE,score_lt_86,,true
e55c6baab3f704dd9e342265,Glenglassaugh Spirit Drink  Hand Bottled at the Distillery,,,,W001118,lagavulin distiller's edition (all vintages),54.55,,REJECT_LOW_CONFIDENCE,score_lt_86,,true
c7f2e7d3b9a4978c14336f6f,Glenglassaugh Spirit Drink  Peated,,,,W001067,glenglassaugh octaves peated,65.57,,REJECT_LOW_CONFIDENCE,score_lt_86,,true
9c284d600f603e99072e338f,Glenglassaugh Spirit Drink  Peated,,,,W001067,glenglassaugh octaves peated,65.57,,REJECT_LOW_CONFIDENCE,score_lt_86,,true
b72d8a717d8e4ae4ae13d997,Glenglassaugh Torfa,,,,W001003,glenglassaugh torfa,100.0,,KEEP_PRODUCT_FEATURE,score_gte_94_no_conflict,,true
fe3300021c4631cee259733b,Glenglassaugh Torfa,,,,W001003,glenglassaugh torfa,100.0,,KEEP_PRODUCT_FEATURE,score_gte_94_no_conflict,,true
c62c1487939968a3f5d66b09,Glenglassaugh Torfa,,,,W001003,glenglassaugh torfa,100.0,,KEEP_PRODUCT_FEATURE,score_gte_94_no_conflict,,true
00e1251a11b9590540ec5c5b,Glenglassaugh Whisky & Tobacco Days 2012,,,,W000821,glenglassaugh octaves classic,59.7,,REJECT_LOW_CONFIDENCE,score_lt_86,,true
067d476c650ebbf286383488,Glenglassaugh Whisky & Tobacco Days 2012,,,,W000821,glenglassaugh octaves classic,59.7,,REJECT_LOW_CONFIDENCE,score_lt_86,,true
3570813443eb563f76c533e6,Glenglassaugh Whisky & Tobacco Days 2012,,,,W000821,glenglassaugh octaves classic,59.7,,REJECT_LOW_CONFIDENCE,score_lt_86,,true
7301e0423791cd1937ec4f0d,Glengoyne 10-year-old  Unhurried Since 1833,,,,W000299,glengoyne 12yo cask strength,60.32,,REJECT_LOW_CONFIDENCE,score_lt_86,,true
8c1c71309a15efbe6c61d1d9,Glengoyne 10-year-old  Unhurried Since 1833,,,,W000299,glengoyne 12yo cask strength,60.32,,REJECT_LOW_CONFIDENCE,score_lt_86,,true
93c1510f82e1366295ca9dfc,Glengoyne 10-year-old  Unhurried Since 1833,,,,W000299,glengoyne 12yo cask strength,60.32,,REJECT_LOW_CONFIDENCE,score_lt_86,,true
a6854f42d74bc7bb00468dda,Glengoyne 10-year-old  Unhurried Since 1833,,,,W000299,glengoyne 12yo cask strength,60.32,,REJECT_LOW_CONFIDENCE,score_lt_86,,true
c2eced5e631a5187ca932869,Glengoyne 10-year-old  Unhurried Since 1833,,,,W000299,glengoyne 12yo cask strength,60.32,,REJECT_LOW_CONFIDENCE,score_lt_86,,true
9481914578f9e9a645bea19c,Glengoyne 12-year-old  Unhurried Since 1833,,,,W000299,glengoyne 12yo cask strength,63.49,,REJECT_LOW_CONFIDENCE,score_lt_86,,true
c7c1d837793635f9a926d28e,Glengoyne 12-year-old  Unhurried Since 1833,,,,W000299,glengoyne 12yo cask strength,63.49,,REJECT_LOW_CONFIDENCE,score_lt_86,,true
e6e5015758fe1700f28e5ff4,Glengoyne 12-year-old  Unhurried Since 1833,,,,W000299,glengoyne 12yo cask strength,63.49,,REJECT_LOW_CONFIDENCE,score_lt_86,,true
9c0c9a57ffd7c5278c467a24,Glengoyne 12-year-old  Unhurried Since 1833,,,,W000299,glengoyne 12yo cask strength,63.49,,REJECT_LOW_CONFIDENCE,score_lt_86,,true
ae67d937d06a0d635b31248f,Glengoyne 12-year-old  Unhurried Since 1833,,,,W000299,glengoyne 12yo cask strength,63.49,,REJECT_LOW_CONFIDENCE,score_lt_86,,true
3008062aeee109ec6cc965dc,Glengoyne 12-year-old  Unhurried Since 1833,,,,W000299,glengoyne 12yo cask strength,63.49,,REJECT_LOW_CONFIDENCE,score_lt_86,,true
aafdf40047f81b22d3cdddff,Glengoyne 12-year-old  Unhurried Since 1833,,,,W000299,glengoyne 12yo cask strength,63.49,,REJECT_LOW_CONFIDENCE,score_lt_86,,true
ee7619c8f93a2af3be6c3876,Glengoyne 12-year-old  Unhurried Since 1833,,,,W000299,glengoyne 12yo cask strength,63.49,,REJECT_LOW_CONFIDENCE,score_lt_86,,true
1052eb9688588f35e5681aad,Glengoyne 12-year-old  Unhurried Since 1833,,,,W000299,glengoyne 12yo cask strength,63.49,,REJECT_LOW_CONFIDENCE,score_lt_86,,true
5be92baa1197f905892a2f64,Glengoyne 18-year-old  Unhurried Since 1833,,,,W000268,glengoyne 18yo,57.14,,REJECT_LOW_CONFIDENCE,score_lt_86,,true
22d7135bd4eef8c766358412,Glengoyne 18-year-old  Unhurried Since 1833,,,2021,W000268,glengoyne 18yo,57.14,,REJECT_LOW_CONFIDENCE,score_lt_86,,true
49f481fd9e74d9b64a7a1182,Glengoyne 18-year-old  Unhurried Since 1833,,,,W000268,glengoyne 18yo,57.14,,REJECT_LOW_CONFIDENCE,score_lt_86,,true
bb51bb09033a9ad12810a08a,Glengoyne 18-year-old  Unhurried Since 1833,,,2021,W000268,glengoyne 18yo,57.14,,REJECT_LOW_CONFIDENCE,score_lt_86,,true
e3ee7ed7ebbb24620ca3f4a8,Glengoyne 18-year-old  Unhurried Since 1833,,,,W000268,glengoyne 18yo,57.14,,REJECT_LOW_CONFIDENCE,score_lt_86,,true
00ac76e03f57901012f67744,Glengoyne 18-year-old  Unhurried Since 1833,,,,W000268,glengoyne 18yo,57.14,,REJECT_LOW_CONFIDENCE,score_lt_86,,true
0cdbb7f0810435bd44e3d783,Glengoyne 2006  The Distillery Cask,,,,W000299,glengoyne 12yo cask strength,61.29,,REJECT_LOW_CONFIDENCE,score_lt_86,,true
de4ed522e0a5c0cd56fd074b,Glengoyne 2006  The Distillery Cask,,,,W000299,glengoyne 12yo cask strength,61.29,,REJECT_LOW_CONFIDENCE,score_lt_86,,true
007b1825e3157862644d8688,Glengoyne 2006  The Distillery Cask,,,,W000299,glengoyne 12yo cask strength,61.29,,REJECT_LOW_CONFIDENCE,score_lt_86,,true
d2764925c54bbd7d9b06c2eb,Glengoyne 21-year-old  Unhurried Since 1833,,,,W000299,glengoyne 12yo cask strength,60.32,,REJECT_LOW_CONFIDENCE,score_lt_86,,true
9f04acd9f3142ca41a4d7326,Glengoyne 21-year-old  Unhurried Since 1833,,,,W000299,glengoyne 12yo cask strength,60.32,,REJECT_LOW_CONFIDENCE,score_lt_86,,true
5a1c2edaf4fce8c403bfc038,Glengoyne 21-year-old  Unhurried Since 1833,,,,W000299,glengoyne 12yo cask strength,60.32,,REJECT_LOW_CONFIDENCE,score_lt_86,,true
5d4749e5654a4d338c4a5090,Glengoyne 21-year-old  Unhurried Since 1833,,,,W000299,glengoyne 12yo cask strength,60.32,,REJECT_LOW_CONFIDENCE,score_lt_86,,true
c7bbf3bbf798efe01dfd4a60,Glengoyne 21-year-old  Unhurried Since 1833,,,,W000299,glengoyne 12yo cask strength,60.32,,REJECT_LOW_CONFIDENCE,score_lt_86,,true
df560be181b5fdbe1e167c59,Glengoyne 21-year-old  Unhurried Since 1833,,,,W000299,glengoyne 12yo cask strength,60.32,,REJECT_LOW_CONFIDENCE,score_lt_86,,true
18724b41b58086edbec191c9,Glengoyne 21-year-old  Unhurried Since 1833,,,,W000299,glengoyne 12yo cask strength,60.32,,REJECT_LOW_CONFIDENCE,score_lt_86,,true
a80ff89c3b0b3d1ef2bd8bbf,Glengoyne 25-year-old  Unhurried Since 1833,,,,W000299,glengoyne 12yo cask strength,60.32,,REJECT_LOW_CONFIDENCE,score_lt_86,,true
ebfca554ffd868885aa03cf7,Glengoyne 25-year-old  Unhurried Since 1833,,,,W000299,glengoyne 12yo cask strength,60.32,,REJECT_LOW_CONFIDENCE,score_lt_86,,true
ee8d32614bc717f029ec5e99,Glengoyne 25-year-old  Unhurried Since 1833,,,,W000299,glengoyne 12yo cask strength,60.32,,REJECT_LOW_CONFIDENCE,score_lt_86,,true
717cec61a889b5199cc97aa8,Glengoyne 25-year-old  Unhurried Since 1833,,,,W000299,glengoyne 12yo cask strength,60.32,,REJECT_LOW_CONFIDENCE,score_lt_86,,true
fc7baf14cb8d3a9643020641,Glengoyne Cask Strength  Unhurried Since 1833,,,,W000299,glengoyne 12yo cask strength,69.44,,REJECT_LOW_CONFIDENCE,score_lt_86,,true
2f202d50527cd040863eb650,Glengoyne Cask Strength  Unhurried Since 1833,,,,W000299,glengoyne 12yo cask strength,69.44,,REJECT_LOW_CONFIDENCE,score_lt_86,,true
cf82dca84e0df433e6daab23,Glengoyne Cask Strength  Unhurried Since 1833,,,,W000299,glengoyne 12yo cask strength,69.44,,REJECT_LOW_CONFIDENCE,score_lt_86,,true
3e99c878e49ffda1ca50e1ad,Glengoyne Cask Strength  Unhurried Since 1833,,,,W000299,glengoyne 12yo cask strength,69.44,,REJECT_LOW_CONFIDENCE,score_lt_86,,true
ffea9258cb8d9b98bd8bd49d,Glengoyne Cask Strength  Unhurried Since 1833,,,,W000299,glengoyne 12yo cask strength,69.44,,REJECT_LOW_CONFIDENCE,score_lt_86,,true
df245fd1bc1d2cb0327f10e8,Glenlivet 12-year-old  The Original Stories - Licensed Dram,,,,W000168,glenlivet nadurra cask strength (nas),57.14,,REJECT_LOW_CONFIDENCE,score_lt_86,,true
ea491fcf327393d7cccf33fa,Glenlivet 12-year-old  The Original Stories - Licensed Dram,,,,W000168,glenlivet nadurra cask strength (nas),57.14,,REJECT_LOW_CONFIDENCE,score_lt_86,,true
9855b3bf1bf559f58e0537b9,Glenlivet 12-year-old  The Original Stories - Licensed Dram,,,,W000168,glenlivet nadurra cask strength (nas),57.14,,REJECT_LOW_CONFIDENCE,score_lt_86,,true
9dce926cbfda11261a62eeba,Glenlivet 12-year-old  The Original Stories - Licensed Dram,,,,W000168,glenlivet nadurra cask strength (nas),57.14,,REJECT_LOW_CONFIDENCE,score_lt_86,,true
c1d6c2a30d8762cde6a4ab6d,Glenlivet 12-year-old  The Original Stories - Licensed Dram,,,,W000168,glenlivet nadurra cask strength (nas),57.14,,REJECT_LOW_CONFIDENCE,score_lt_86,,true
24d9269a79943b96265e0726,Glenlivet 12-year-old  The Original Stories - Licensed Dram,,,,W000168,glenlivet nadurra cask strength (nas),57.14,,REJECT_LOW_CONFIDENCE,score_lt_86,,true
f9de39109df3f624b31585cc,Glenlivet 12-year-old  The Original Stories - Licensed Dram,,,,W000168,glenlivet nadurra cask strength (nas),57.14,,REJECT_LOW_CONFIDENCE,score_lt_86,,true
a9209c299a53a6d4f6aff9ea,Glenlivet 12-year-old  The Original Stories - Licensed Dram,,,,W000168,glenlivet nadurra cask strength (nas),57.14,,REJECT_LOW_CONFIDENCE,score_lt_86,,true
8f304451a26e59f3b4d11b25,Glenlivet 12-year-old  The Original Stories - Licensed Dram,,,1920,W000168,glenlivet nadurra cask strength (nas),57.14,,REJECT_LOW_CONFIDENCE,score_lt_86,,true
4c8a6aec0d45dcc1d7a8f9c0,Glenlivet 12-year-old,,,,W000660,glenlivet 12yo,100.0,,KEEP_PRODUCT_FEATURE,score_gte_94_no_conflict,,true
db4b71397efaf41f9c503307,Glenlivet 12-year-old,,,,W000660,glenlivet 12yo,100.0,,KEEP_PRODUCT_FEATURE,score_gte_94_no_conflict,,true
ef56de24e166d2c259c72b38,Glenlivet 12-year-old,,,,W000660,glenlivet 12yo,100.0,,KEEP_PRODUCT_FEATURE,score_gte_94_no_conflict,,true
6756bde9bb3077026999393f,Glenlivet 12-year-old,,,2015,W000660,glenlivet 12yo,100.0,,KEEP_PRODUCT_FEATURE,score_gte_94_no_conflict,,true
e7f84de97d13a3acd2e504a9,Glenlivet 12-year-old,,,,W000660,glenlivet 12yo,100.0,,KEEP_PRODUCT_FEATURE,score_gte_94_no_conflict,,true
a68ccce665dafd269c67b1b5,Glenlivet 12-year-old,,,,W000660,glenlivet 12yo,100.0,,KEEP_PRODUCT_FEATURE,score_gte_94_no_conflict,,true
fb6c7375b5eca7d3d56bad12,Glenlivet 12-year-old,,,,W000660,glenlivet 12yo,100.0,,KEEP_PRODUCT_FEATURE,score_gte_94_no_conflict,,true
c0275895d4ea93ef5364264e,Glenlivet 12-year-old,,,,W000660,glenlivet 12yo,100.0,,KEEP_PRODUCT_FEATURE,score_gte_94_no_conflict,,true
ac56056d0fa77acff56e6f7c,Glenlivet 15-year-old  The French Oak Reserve,,,,W000003,glenlivet 15yo french oak,80.65,,REJECT_LOW_CONFIDENCE,score_lt_86,,true
af87a8b0025bed4575cc49b0,Glenlivet 15-year-old  The French Oak Reserve,,,,W000003,glenlivet 15yo french oak,80.65,,REJECT_LOW_CONFIDENCE,score_lt_86,,true
704e92134b1fbc399e6b7be9,Glenlivet 15-year-old  The French Oak Reserve,,,,W000003,glenlivet 15yo french oak,80.65,,REJECT_LOW_CONFIDENCE,score_lt_86,,true
bfb7cd414ca181dae76828b4,Glenlivet 15-year-old  The French Oak Reserve,,,,W000003,glenlivet 15yo french oak,80.65,,REJECT_LOW_CONFIDENCE,score_lt_86,,true
3eb12b1022307a6e39a357b3,Glenlivet 15-year-old  The French Oak Reserve,,,,W000003,glenlivet 15yo french oak,80.65,,REJECT_LOW_CONFIDENCE,score_lt_86,,true
a4ff4948257e68c17527dd90,Glenlivet 15-year-old  The French Oak Reserve,,,,W000003,glenlivet 15yo french oak,80.65,,REJECT_LOW_CONFIDENCE,score_lt_86,,true
61af68a3fce0ce907cc8ec9e,Glenlivet 18-year-old,,,,W000546,glenlivet 18yo,100.0,,KEEP_PRODUCT_FEATURE,score_gte_94_no_conflict,,true
56902d0f3a8345ea6335315f,Glenlivet 18-year-old,,,,W000546,glenlivet 18yo,100.0,,KEEP_PRODUCT_FEATURE,score_gte_94_no_conflict,,true
a2a1b24fe0563405cf383ea3,Glenlivet 18-year-old,,,,W000546,glenlivet 18yo,100.0,,KEEP_PRODUCT_FEATURE,score_gte_94_no_conflict,,true
3fad1ff124ddebb4c4ec417f,Glenlivet 18-year-old,,,,W000546,glenlivet 18yo,100.0,,KEEP_PRODUCT_FEATURE,score_gte_94_no_conflict,,true
f82415da6ae024f210f8f397,Glenlivet 18-year-old,,,,W000546,glenlivet 18yo,100.0,,KEEP_PRODUCT_FEATURE,score_gte_94_no_conflict,,true
bcec26d9d17596286d49ebec,Glenlivet 18-year-old,,,,W000546,glenlivet 18yo,100.0,,KEEP_PRODUCT_FEATURE,score_gte_94_no_conflict,,true
4d41ef62aa249c68717db56c,Glenlivet 18-year-old,,,,W000546,glenlivet 18yo,100.0,,KEEP_PRODUCT_FEATURE,score_gte_94_no_conflict,,true
6219622e0a4c704c1eb24fad,Glenlivet 18-year-old,,,,W000546,glenlivet 18yo,100.0,,KEEP_PRODUCT_FEATURE,score_gte_94_no_conflict,,true
056021185f6dd10e0daa2096,Glenlivet 18-year-old,,,2017,W000546,glenlivet 18yo,100.0,,KEEP_PRODUCT_FEATURE,score_gte_94_no_conflict,,true
68d9849cc62bf6993e4b0e1c,Glenlivet 18-year-old  Batch Reserve,,,,W000600,glenlivet captain's reserve,72.73,,REJECT_LOW_CONFIDENCE,score_lt_86,,true
21150cec159c79f59567acc5,Glenlivet 18-year-old  Batch Reserve,,,,W000600,glenlivet captain's reserve,72.73,,REJECT_LOW_CONFIDENCE,score_lt_86,,true
d78c5e6d07dff18b13f6c897,Glenlivet 18-year-old  Batch Reserve,,,,W000600,glenlivet captain's reserve,72.73,,REJECT_LOW_CONFIDENCE,score_lt_86,,true
12174ffa96e6e756e015432e,Glenlivet 18-year-old  Batch Reserve,,,,W000600,glenlivet captain's reserve,72.73,,REJECT_LOW_CONFIDENCE,score_lt_86,,true
2567fcce0f0a7665dac7fa0e,Glenlivet 18-year-old  Batch Reserve,,,,W000600,glenlivet captain's reserve,72.73,,REJECT_LOW_CONFIDENCE,score_lt_86,,true
0992ed27aa66ede74084d726,Glenlivet 18-year-old  Batch Reserve,,,,W000600,glenlivet captain's reserve,72.73,,REJECT_LOW_CONFIDENCE,score_lt_86,,true
56e1b3a0c4920b00867d378e,Glenlivet 18-year-old  Batch Reserve,,,,W000600,glenlivet captain's reserve,72.73,,REJECT_LOW_CONFIDENCE,score_lt_86,,true
cdb34311db52aa3d36ddd346,Glenlivet 18-year-old  Batch Reserve,,,,W000600,glenlivet captain's reserve,72.73,,REJECT_LOW_CONFIDENCE,score_lt_86,,true
e44bbb03c3f9483906497b21,Glenlivet 18-year-old  Batch Reserve,,,,W000600,glenlivet captain's reserve,72.73,,REJECT_LOW_CONFIDENCE,score_lt_86,,true
7fe01ae8a05f13f8d1108873,Glenlivet 18-year-old  Batch Reserve,,,,W000600,glenlivet captain's reserve,72.73,,REJECT_LOW_CONFIDENCE,score_lt_86,,true
e0e24b451f059520a73231be,Glenlivet 21-year-old  Archive,,,,W000462,glenlivet 21yo archive (all batches),78.57,,REJECT_LOW_CONFIDENCE,score_lt_86,,true
638fe3cdb4af4b763ccd0112,Glenlivet 21-year-old  Archive,,,,W000462,glenlivet 21yo archive (all batches),78.57,,REJECT_LOW_CONFIDENCE,score_lt_86,,true
40bc954df724ddb28b36cd00,Glenlivet 21-year-old  Archive,,,,W000462,glenlivet 21yo archive (all batches),78.57,,REJECT_LOW_CONFIDENCE,score_lt_86,,true
90315100d38ed96901b7879c,Glenlivet 21-year-old  Archive,,,,W000462,glenlivet 21yo archive (all batches),78.57,,REJECT_LOW_CONFIDENCE,score_lt_86,,true
8f3184fdb25bf4c6910fd9bc,Glenlivet 21-year-old  Archive,,,2014,W000462,glenlivet 21yo archive (all batches),78.57,,REJECT_LOW_CONFIDENCE,score_lt_86,,true
929024ba531ddb8595f78467,Glenlivet 21-year-old  Archive,,,,W000462,glenlivet 21yo archive (all batches),78.57,,REJECT_LOW_CONFIDENCE,score_lt_86,,true
0eb9a9c677684fc6fd26c817,Glenlivet 21-year-old  Archive,,,,W000462,glenlivet 21yo archive (all batches),78.57,,REJECT_LOW_CONFIDENCE,score_lt_86,,true
ee0be41e347b7716419fb1da,Glenlivet XXV,,,,W000114,glenlivet xxv 25yo,83.87,,REJECT_LOW_CONFIDENCE,score_lt_86,,true
cc080880e26b3e8a60a744de,Glenlivet XXV,,,,W000114,glenlivet xxv 25yo,83.87,,REJECT_LOW_CONFIDENCE,score_lt_86,,true
a18c0a5f8a9a6bd79a5d5bc0,Glenlivet XXV,,,,W000114,glenlivet xxv 25yo,83.87,,REJECT_LOW_CONFIDENCE,score_lt_86,,true
00c8e485bf87921142865251,Glenlivet XXV,,,,W000114,glenlivet xxv 25yo,83.87,,REJECT_LOW_CONFIDENCE,score_lt_86,,true
77ed526355d431d48d228f2d,Glenlivet XXV,,,,W000114,glenlivet xxv 25yo,83.87,,REJECT_LOW_CONFIDENCE,score_lt_86,,true
4839213b0936d799b0edf8a7,Glenlivet XXV,,,,W000114,glenlivet xxv 25yo,83.87,,REJECT_LOW_CONFIDENCE,score_lt_86,,true
5c950a6a6ad097f943dbfb00,Glenlossie 10-year-old  Flora & Fauna,,,,W000855,glenlossie 10yo (f&f),82.61,,REJECT_LOW_CONFIDENCE,score_lt_86,,true
2cdf4fe163812b43bcf0511b,Glenlossie 10-year-old  Flora & Fauna,,,,W000855,glenlossie 10yo (f&f),82.61,,REJECT_LOW_CONFIDENCE,score_lt_86,,true
81a3fe9f27b0b4684e3b706b,Glenlossie 10-year-old  Flora & Fauna,,,,W000855,glenlossie 10yo (f&f),82.61,,REJECT_LOW_CONFIDENCE,score_lt_86,,true
c52588ae7b38a3158896d86d,Glenlossie 10-year-old  Flora & Fauna,,,,W000855,glenlossie 10yo (f&f),82.61,,REJECT_LOW_CONFIDENCE,score_lt_86,,true
967a12b4c9863d65e92b1f21,Glenlossie 10-year-old  Flora & Fauna,,,,W000855,glenlossie 10yo (f&f),82.61,,REJECT_LOW_CONFIDENCE,score_lt_86,,true
80c4abaef531c144261203e0,Glenmorangie 10-year-old  The Original,,,,W000016,glenmorangie the original 10y,98.31,,KEEP_PRODUCT_FEATURE,score_gte_94_no_conflict,,true
e0f23689a888247359c9ad51,Glenmorangie 10-year-old  The Original,,,,W000016,glenmorangie the original 10y,98.31,,KEEP_PRODUCT_FEATURE,score_gte_94_no_conflict,,true
4329d4d059684a76fdce08a1,Glenmorangie 10-year-old  The Original,,,,W000016,glenmorangie the original 10y,98.31,,KEEP_PRODUCT_FEATURE,score_gte_94_no_conflict,,true
77f7215ca17fb5606642c524,Glenmorangie 10-year-old  The Original,,,,W000016,glenmorangie the original 10y,98.31,,KEEP_PRODUCT_FEATURE,score_gte_94_no_conflict,,true
003f6d335dfa619e2be113fd,Glenmorangie 10-year-old  The Original,,,,W000016,glenmorangie the original 10y,98.31,,KEEP_PRODUCT_FEATURE,score_gte_94_no_conflict,,true
3dfba12114ff33184f93dffd,Glenmorangie 10-year-old  The Original,,,,W000016,glenmorangie the original 10y,98.31,,KEEP_PRODUCT_FEATURE,score_gte_94_no_conflict,,true
49c5d6edc06fb3bc040dfb83,Glenmorangie 10-year-old  The Original,,,,W000016,glenmorangie the original 10y,98.31,,KEEP_PRODUCT_FEATURE,score_gte_94_no_conflict,,true
b0b678d83470d7747de9ae2e,Glenmorangie 10-year-old  The Original,,,,W000016,glenmorangie the original 10y,98.31,,KEEP_PRODUCT_FEATURE,score_gte_94_no_conflict,,true
0a0c366d8a150bc4500864ef,Glenmorangie 10-year-old  The Original,,,,W000016,glenmorangie the original 10y,98.31,,KEEP_PRODUCT_FEATURE,score_gte_94_no_conflict,,true
7d7b03f9445d451441245e21,Glenmorangie 18-year-old  Extremely Rare,,,,W000502,glenmorangie 18yo,69.39,,REJECT_LOW_CONFIDENCE,score_lt_86,,true
56e9d851b5b55f1d3fd5c559,Glenmorangie 18-year-old  Extremely Rare,,,,W000502,glenmorangie 18yo,69.39,,REJECT_LOW_CONFIDENCE,score_lt_86,,true
8b7266e79836dd2ff9306265,Glenmorangie 18-year-old  Extremely Rare,,,,W000502,glenmorangie 18yo,69.39,,REJECT_LOW_CONFIDENCE,score_lt_86,,true
d7d143d9aa1068c87a07b4bf,Glenmorangie 18-year-old  Extremely Rare,,,,W000502,glenmorangie 18yo,69.39,,REJECT_LOW_CONFIDENCE,score_lt_86,,true
0468f86fd5c625ff91c21ebd,Glenmorangie 19-year-old  Finest Reserve,,,2018,W000502,glenmorangie 18yo,65.31,,REJECT_LOW_CONFIDENCE,score_lt_86,,true
ce6e107069755d5eb64f2d0f,Glenmorangie 19-year-old  Finest Reserve,,,,W000502,glenmorangie 18yo,65.31,,REJECT_LOW_CONFIDENCE,score_lt_86,,true
913b7f5f108422768163339f,Glenmorangie 19-year-old  Finest Reserve,,,,W000502,glenmorangie 18yo,65.31,,REJECT_LOW_CONFIDENCE,score_lt_86,,true
70a860a216800aa5bb811d72,Glenmorangie 19-year-old  Finest Reserve,,,,W000502,glenmorangie 18yo,65.31,,REJECT_LOW_CONFIDENCE,score_lt_86,,true
87ca5cf40446827dbcdaca74,Glenmorangie 19-year-old  Finest Reserve,,,,W000502,glenmorangie 18yo,65.31,,REJECT_LOW_CONFIDENCE,score_lt_86,,true
61c3e8e66dcd343a95b50953,Glenmorangie 19-year-old  Finest Reserve,,,2017,W000502,glenmorangie 18yo,65.31,,REJECT_LOW_CONFIDENCE,score_lt_86,,true
589b0f250079193cd2108d6e,Glenmorangie 19-year-old  Finest Reserve,,,,W000502,glenmorangie 18yo,65.31,,REJECT_LOW_CONFIDENCE,score_lt_86,,true
ebf48ebaf140f14ee0ac11ac,Glenmorangie 19-year-old  Finest Reserve,,,,W000502,glenmorangie 18yo,65.31,,REJECT_LOW_CONFIDENCE,score_lt_86,,true
c7af69fe195bdac7e86d7177,Glenmorangie 19-year-old  Finest Reserve,,,,W000502,glenmorangie 18yo,65.31,,REJECT_LOW_CONFIDENCE,score_lt_86,,true
4f610b685143e6823b4d6c58,Glenmorangie Lasanta  4th Edition,,,,W000344,glenmorangie lasanta,76.92,,REJECT_LOW_CONFIDENCE,score_lt_86,,true
477e8a766102789578ac0260,Glenmorangie Lasanta  4th Edition,,,,W000344,glenmorangie lasanta,76.92,,REJECT_LOW_CONFIDENCE,score_lt_86,,true
65dcd52f67a24707379d85dd,Glenmorangie Lasanta  4th Edition,,,,W000344,glenmorangie lasanta,76.92,,REJECT_LOW_CONFIDENCE,score_lt_86,,true
6af38928abd0abddb03960c6,Glenmorangie Lasanta  4th Edition,,,,W000344,glenmorangie lasanta,76.92,,REJECT_LOW_CONFIDENCE,score_lt_86,,true
c915c893c8d8756c5c87002b,Glenmorangie Lasanta  4th Edition,,,,W000344,glenmorangie lasanta,76.92,,REJECT_LOW_CONFIDENCE,score_lt_86,,true
99828fc87763f057df12e6b9,Glenmorangie Nectar D'Òr  4th Edition,,,,W000213,glenmorangie nectar d'or,77.97,,REJECT_LOW_CONFIDENCE,score_lt_86,,true
0c07668c2d7a22f800221dc4,Glenmorangie Nectar D'Òr  4th Edition,,,,W000213,glenmorangie nectar d'or,77.97,,REJECT_LOW_CONFIDENCE,score_lt_86,,true
29a0325f9e31fedc7fc4b2cb,Glenmorangie Nectar D'Òr  4th Edition,,,2021,W000213,glenmorangie nectar d'or,77.97,,REJECT_LOW_CONFIDENCE,score_lt_86,,true
6632b5c4c84cc4f5222d0852,Glenmorangie Nectar D'Òr  4th Edition,,,,W000213,glenmorangie nectar d'or,77.97,,REJECT_LOW_CONFIDENCE,score_lt_86,,true
5cc295405e12a8b781bbc24d,Glenmorangie Nectar D'Òr  4th Edition,,,,W000213,glenmorangie nectar d'or,77.97,,REJECT_LOW_CONFIDENCE,score_lt_86,,true
2179ba23a8f3ff935ae3ab0d,Glenmorangie Quinta Ruban  4th Edition,,,,W000281,glenmorangie quinta ruban,80.65,,REJECT_LOW_CONFIDENCE,score_lt_86,,true
84bad6aa8cd5d2b8f24d9331,Glenmorangie Quinta Ruban  4th Edition,,,,W000281,glenmorangie quinta ruban,80.65,,REJECT_LOW_CONFIDENCE,score_lt_86,,true
50728731439f4cf88354afb5,Glenmorangie Quinta Ruban  4th Edition,,,,W000281,glenmorangie quinta ruban,80.65,,REJECT_LOW_CONFIDENCE,score_lt_86,,true
346e16cb98f5c3db955fc94f,Glenmorangie Quinta Ruban  4th Edition,,,,W000281,glenmorangie quinta ruban,80.65,,REJECT_LOW_CONFIDENCE,score_lt_86,,true
07e738345731802f54a2e000,Glenmorangie Quinta Ruban  4th Edition,,,,W000281,glenmorangie quinta ruban,80.65,,REJECT_LOW_CONFIDENCE,score_lt_86,,true
8056c4d43261bc99cf02969e,Glenmorangie Quinta Ruban  4th Edition,,,,W000281,glenmorangie quinta ruban,80.65,,REJECT_LOW_CONFIDENCE,score_lt_86,,true
69e28a9cab036b6d5feeb318,Glenmorangie Quinta Ruban  4th Edition,,,,W000281,glenmorangie quinta ruban,80.65,,REJECT_LOW_CONFIDENCE,score_lt_86,,true
5c60c6150c4de0fa4de63acb,Glenmorangie Quinta Ruban  4th Edition,,,,W000281,glenmorangie quinta ruban,80.65,,REJECT_LOW_CONFIDENCE,score_lt_86,,true
0274899325cd4715b9097084,Glenmorangie Quinta Ruban  4th Edition,,,,W000281,glenmorangie quinta ruban,80.65,,REJECT_LOW_CONFIDENCE,score_lt_86,,true
220c981eff806f830f2a6615,Glenmorangie Signet,,,,W000097,glenmorangie signet,100.0,,KEEP_PRODUCT_FEATURE,score_gte_94_no_conflict,,true
344e7e2180e3cebc7cc58935,Glenmorangie Signet,,,,W000097,glenmorangie signet,100.0,,KEEP_PRODUCT_FEATURE,score_gte_94_no_conflict,,true
31e16075ae1b7d6dfeca7a83,Glenmorangie Signet,,,,W000097,glenmorangie signet,100.0,,KEEP_PRODUCT_FEATURE,score_gte_94_no_conflict,,true
40ca68318fecb1cd077c62d2,Glenmorangie Signet,,,,W000097,glenmorangie signet,100.0,,KEEP_PRODUCT_FEATURE,score_gte_94_no_conflict,,true
d31ca73079cc80cf15f30a8f,Glenmorangie Signet,,,,W000097,glenmorangie signet,100.0,,KEEP_PRODUCT_FEATURE,score_gte_94_no_conflict,,true
3e908db243287b30410112b1,Glenmorangie Signet,,,,W000097,glenmorangie signet,100.0,,KEEP_PRODUCT_FEATURE,score_gte_94_no_conflict,,true
177434d21b0fa7deb101fe7e,Glenmorangie Signet,,,,W000097,glenmorangie signet,100.0,,KEEP_PRODUCT_FEATURE,score_gte_94_no_conflict,,true
4ada13f2d853621bf0f5a0ec,Glenmorangie Signet,,,,W000097,glenmorangie signet,100.0,,KEEP_PRODUCT_FEATURE,score_gte_94_no_conflict,,true
7cde579a8e311d9e75310cc7,Glenmorangie Signet,,,,W000097,glenmorangie signet,100.0,,KEEP_PRODUCT_FEATURE,score_gte_94_no_conflict,,true
91b709814c548ad51b7a94b4,Glenmorangie Signet Ristretto,,,,W000097,glenmorangie signet,79.17,,REJECT_LOW_CONFIDENCE,score_lt_86,,true
8f49f405829d228cdd0c4574,Glenmorangie X,,,,W000097,glenmorangie signet,78.79,,REJECT_LOW_CONFIDENCE,score_lt_86,,true
4c6387e1ef17b794f97007a3,Glenmorangie X,,,,W000097,glenmorangie signet,78.79,,REJECT_LOW_CONFIDENCE,score_lt_86,,true
b3d60f9a6e24b165880688da,Glenmorangie X,,,,W000097,glenmorangie signet,78.79,,REJECT_LOW_CONFIDENCE,score_lt_86,,true
2ec06307ee95116c677711ed,Glenmorangie X,,,,W000097,glenmorangie signet,78.79,,REJECT_LOW_CONFIDENCE,score_lt_86,,true
dc4c082a4e4944dcd49ee204,Glenmorangie X,,,,W000097,glenmorangie signet,78.79,,REJECT_LOW_CONFIDENCE,score_lt_86,,true
612d5ee5c035ccc719c00a67,Glenmorangie X,,,,W000097,glenmorangie signet,78.79,,REJECT_LOW_CONFIDENCE,score_lt_86,,true
f8b76bdf79fd877320a3169d,Glenmorangie X,,,,W000097,glenmorangie signet,78.79,,REJECT_LOW_CONFIDENCE,score_lt_86,,true
9878136ac0457187c1c58029,Glenmorangie X,,,,W000097,glenmorangie signet,78.79,,REJECT_LOW_CONFIDENCE,score_lt_86,,true
e3cd631768307d5df9ab59a6,Glenmorangie X,,,,W000097,glenmorangie signet,78.79,,REJECT_LOW_CONFIDENCE,score_lt_86,,true
67650a28d4732dd4505f8951,Glenrothes 10-year-old  The Soleo Collection,,,,W000773,glen breton 15yo battle of the glen,61.97,,REJECT_LOW_CONFIDENCE,score_lt_86,,true
a9d625f33ad8cc668e34b722,Glenrothes 10-year-old  The Soleo Collection,,,,W000773,glen breton 15yo battle of the glen,61.97,,REJECT_LOW_CONFIDENCE,score_lt_86,,true
34f11affea7096acf8d287bb,Glenrothes 10-year-old  The Soleo Collection,,,,W000773,glen breton 15yo battle of the glen,61.97,,REJECT_LOW_CONFIDENCE,score_lt_86,,true
90e3193a6de44e617cca2f04,Glenrothes 10-year-old  The Soleo Collection,,,,W000773,glen breton 15yo battle of the glen,61.97,,REJECT_LOW_CONFIDENCE,score_lt_86,,true
96f96c44273ddd92f24871cb,Glenrothes 10-year-old  The Soleo Collection,,,,W000773,glen breton 15yo battle of the glen,61.97,,REJECT_LOW_CONFIDENCE,score_lt_86,,true
56e9d4d37540f7333793622c,Glenrothes 10-year-old  The Soleo Collection,,,,W000773,glen breton 15yo battle of the glen,61.97,,REJECT_LOW_CONFIDENCE,score_lt_86,,true
d06a3a316bab1aed276586fe,Glenrothes 10-year-old  The Soleo Collection,,,,W000773,glen breton 15yo battle of the glen,61.97,,REJECT_LOW_CONFIDENCE,score_lt_86,,true
5b3d1db2b0387ac2588d3f81,Glenrothes 10-year-old  The Soleo Collection,,,,W000773,glen breton 15yo battle of the glen,61.97,,REJECT_LOW_CONFIDENCE,score_lt_86,,true
d19353dff6bb470510402d6a,Glenrothes 12-year-old  The Soleo Collection,,,,W000773,glen breton 15yo battle of the glen,61.97,,REJECT_LOW_CONFIDENCE,score_lt_86,,true
d10b114ab294d257394fc57b,Glenrothes 12-year-old  The Soleo Collection,,,,W000773,glen breton 15yo battle of the glen,61.97,,REJECT_LOW_CONFIDENCE,score_lt_86,,true
b1959195f37b01c34418fdf8,Glenrothes 12-year-old  The Soleo Collection,,,,W000773,glen breton 15yo battle of the glen,61.97,,REJECT_LOW_CONFIDENCE,score_lt_86,,true
b172359391f948a3ad56b0f4,Glenrothes 12-year-old  The Soleo Collection,,,,W000773,glen breton 15yo battle of the glen,61.97,,REJECT_LOW_CONFIDENCE,score_lt_86,,true
fa94e8d8cd79cefa860ae453,Glenrothes 12-year-old  The Soleo Collection,,,,W000773,glen breton 15yo battle of the glen,61.97,,REJECT_LOW_CONFIDENCE,score_lt_86,,true
a54ae07a0461ee7f021fd693,Glenrothes 12-year-old  The Soleo Collection,,,,W000773,glen breton 15yo battle of the glen,61.97,,REJECT_LOW_CONFIDENCE,score_lt_86,,true
0cbec1a54dca8e41a4f2d0a5,Glenrothes 12-year-old  The Soleo Collection,,,,W000773,glen breton 15yo battle of the glen,61.97,,REJECT_LOW_CONFIDENCE,score_lt_86,,true
1ad0069511427ff5909f314c,Glenrothes 12-year-old  The Soleo Collection,,,,W000773,glen breton 15yo battle of the glen,61.97,,REJECT_LOW_CONFIDENCE,score_lt_86,,true
7d1f1c5febde06b3c582b137,Glenrothes 12-year-old  The Soleo Collection,,,,W000773,glen breton 15yo battle of the glen,61.97,,REJECT_LOW_CONFIDENCE,score_lt_86,,true
97f9c306e74ccb669e16c33c,Glenrothes 18-year-old  The Soleo Collection,,,,W000773,glen breton 15yo battle of the glen,61.97,,REJECT_LOW_CONFIDENCE,score_lt_86,,true
a27dcda25be18a0321af5829,Glenrothes 18-year-old  The Soleo Collection,,,,W000773,glen breton 15yo battle of the glen,61.97,,REJECT_LOW_CONFIDENCE,score_lt_86,,true
96cd13b73d85adb3effaeaad,Glenrothes 18-year-old  The Soleo Collection,,,,W000773,glen breton 15yo battle of the glen,61.97,,REJECT_LOW_CONFIDENCE,score_lt_86,,true
0791c62b30152f575f0e8925,Glenrothes 18-year-old  The Soleo Collection,,,,W000773,glen breton 15yo battle of the glen,61.97,,REJECT_LOW_CONFIDENCE,score_lt_86,,true
d85b157b0e2a85dd13d65778,Glenrothes 18-year-old  The Soleo Collection,,,,W000773,glen breton 15yo battle of the glen,61.97,,REJECT_LOW_CONFIDENCE,score_lt_86,,true
20b259ba8e8ed2674ecf14d0,Glenrothes 18-year-old  The Soleo Collection,,,,W000773,glen breton 15yo battle of the glen,61.97,,REJECT_LOW_CONFIDENCE,score_lt_86,,true
671960f42dea905c5f32a689,Glenrothes 18-year-old  The Soleo Collection,,,,W000773,glen breton 15yo battle of the glen,61.97,,REJECT_LOW_CONFIDENCE,score_lt_86,,true
16931c1821f202398cdf25ae,Glenrothes 25-year-old  The Soleo Collection,,,,W000773,glen breton 15yo battle of the glen,61.97,,REJECT_LOW_CONFIDENCE,score_lt_86,,true
14b225687b2aa18b1d54bc85,Glenrothes 25-year-old  The Soleo Collection,,,,W000773,glen breton 15yo battle of the glen,61.97,,REJECT_LOW_CONFIDENCE,score_lt_86,,true
3aa33d5adf30f69f0cb1840e,Glenrothes 25-year-old  The Soleo Collection,,,,W000773,glen breton 15yo battle of the glen,61.97,,REJECT_LOW_CONFIDENCE,score_lt_86,,true
2719a6f11fa3a606b6b74697,Glenrothes 25-year-old  The Soleo Collection,,,,W000773,glen breton 15yo battle of the glen,61.97,,REJECT_LOW_CONFIDENCE,score_lt_86,,true
27d74343b446eeb4ef25e90a,Glenrothes 25-year-old  The Soleo Collection,,,,W000773,glen breton 15yo battle of the glen,61.97,,REJECT_LOW_CONFIDENCE,score_lt_86,,true
d984143990065ef3023148b7,Glenrothes 25-year-old  The Soleo Collection,,,,W000773,glen breton 15yo battle of the glen,61.97,,REJECT_LOW_CONFIDENCE,score_lt_86,,true
bde6e939d13949d3916f335f,Glenrothes 25-year-old  The Soleo Collection,,,,W000773,glen breton 15yo battle of the glen,61.97,,REJECT_LOW_CONFIDENCE,score_lt_86,,true
603e510dfdc2c1dc610de9fd,Glenrothes 25-year-old  The Soleo Collection,,,,W000773,glen breton 15yo battle of the glen,61.97,,REJECT_LOW_CONFIDENCE,score_lt_86,,true
9ea052308a81e17b9117d09c,Glenrothes 25-year-old  The Soleo Collection,,,,W000773,glen breton 15yo battle of the glen,61.97,,REJECT_LOW_CONFIDENCE,score_lt_86,,true
360c7978f6e685b8e6d4b3ec,Glenrothes Minister's Reserve,,,,W000174,glenrothes minister's reserve,100.0,,KEEP_PRODUCT_FEATURE,score_gte_94_no_conflict,,true
f45d05b8c987d261890e1b4d,Glenrothes Minister's Reserve,,,,W000174,glenrothes minister's reserve,100.0,,KEEP_PRODUCT_FEATURE,score_gte_94_no_conflict,,true
88bc7342cac2fd34880da516,Glenrothes Minister's Reserve,,,,W000174,glenrothes minister's reserve,100.0,,KEEP_PRODUCT_FEATURE,score_gte_94_no_conflict,,true
0f3d638c566f99e93e11d698,Glenrothes Minister's Reserve,,,,W000174,glenrothes minister's reserve,100.0,,KEEP_PRODUCT_FEATURE,score_gte_94_no_conflict,,true
648094a8df9b9ef61a02e5ef,Glenrothes Minister's Reserve,,,,W000174,glenrothes minister's reserve,100.0,,KEEP_PRODUCT_FEATURE,score_gte_94_no_conflict,,true
080869b04cecd49a4e2f65a2,Glenrothes Minister's Reserve,,,,W000174,glenrothes minister's reserve,100.0,,KEEP_PRODUCT_FEATURE,score_gte_94_no_conflict,,true
e43c0c0af664edd586bfeb12,Glenrothes Whisky Maker's Cut  The Soleo Collection,,,2019,W000221,glenrothes whisky maker's cut,73.42,,REJECT_LOW_CONFIDENCE,score_lt_86,,true
ac787b97ad7f04232dfdad82,Glenrothes Whisky Maker's Cut  The Soleo Collection,,,2018,W000221,glenrothes whisky maker's cut,73.42,,REJECT_LOW_CONFIDENCE,score_lt_86,,true
11c4dbc403ae98ac5b88b6d1,Glenrothes Whisky Maker's Cut  The Soleo Collection,,,,W000221,glenrothes whisky maker's cut,73.42,,REJECT_LOW_CONFIDENCE,score_lt_86,,true
b5c72fc601e3b021b4c4aec2,Glenrothes Whisky Maker's Cut  The Soleo Collection,,,,W000221,glenrothes whisky maker's cut,73.42,,REJECT_LOW_CONFIDENCE,score_lt_86,,true
7aeecc79df698e8b2a00bdd4,Glenrothes Whisky Maker's Cut  The Soleo Collection,,,,W000221,glenrothes whisky maker's cut,73.42,,REJECT_LOW_CONFIDENCE,score_lt_86,,true
7396ee5b862526371abeb1b8,Glenrothes Whisky Maker's Cut  The Soleo Collection,,,,W000221,glenrothes whisky maker's cut,73.42,,REJECT_LOW_CONFIDENCE,score_lt_86,,true
74b5d3fb6dbc6044f57d1dcd,Glenrothes Whisky Maker's Cut  The Soleo Collection,,,,W000221,glenrothes whisky maker's cut,73.42,,REJECT_LOW_CONFIDENCE,score_lt_86,,true
7742b20960243e62810ffe1a,Glenrothes Whisky Maker's Cut  The Soleo Collection,,,2021,W000221,glenrothes whisky maker's cut,73.42,,REJECT_LOW_CONFIDENCE,score_lt_86,,true
dfbdcaa9bee89711844aade0,Glenrothes Whisky Maker's Cut  The Soleo Collection,,,,W000221,glenrothes whisky maker's cut,73.42,,REJECT_LOW_CONFIDENCE,score_lt_86,,true
79ec55edbd25a4c261ee8fae,Glentauchers 15-year-old  Ballantine’s Series No. 003,,,,W001499,j.p. wiser's alumni series guy lafleur 10yo,55.81,,REJECT_LOW_CONFIDENCE,score_lt_86,,true
1dd39cec598e3345a5e288b8,Glentauchers 15-year-old  Ballantine’s Series No. 003,,,,W001499,j.p. wiser's alumni series guy lafleur 10yo,55.81,,REJECT_LOW_CONFIDENCE,score_lt_86,,true
06911b4b0992251dc58d7966,Glentauchers 15-year-old  Ballantine’s Series No. 003,,,,W001499,j.p. wiser's alumni series guy lafleur 10yo,55.81,,REJECT_LOW_CONFIDENCE,score_lt_86,,true
31d3c87c2e4fd41d3e0c42b7,Glentauchers 15-year-old  Ballantine’s Series No. 003,,,,W001499,j.p. wiser's alumni series guy lafleur 10yo,55.81,,REJECT_LOW_CONFIDENCE,score_lt_86,,true
d498113a4348c98ffdd64fd9,Glentauchers 15-year-old  Ballantine’s Series No. 003,,,,W001499,j.p. wiser's alumni series guy lafleur 10yo,55.81,,REJECT_LOW_CONFIDENCE,score_lt_86,,true
748e9b9bc0e7266ea9ea7988,Glentauchers 15-year-old  Ballantine’s Series No. 003,,,,W001499,j.p. wiser's alumni series guy lafleur 10yo,55.81,,REJECT_LOW_CONFIDENCE,score_lt_86,,true
37450b1507cecec5d3dee7a5,Glentauchers 15-year-old  Ballantine’s Series No. 003,,,,W001499,j.p. wiser's alumni series guy lafleur 10yo,55.81,,REJECT_LOW_CONFIDENCE,score_lt_86,,true
300d38ba95e7f78d64c4cd2a,Glentauchers 15-year-old  Ballantine’s Series No. 003,,,,W001499,j.p. wiser's alumni series guy lafleur 10yo,55.81,,REJECT_LOW_CONFIDENCE,score_lt_86,,true
67d77c26f0977d4142de929c,Glentauchers 15-year-old  Ballantine’s Series No. 003,,,,W001499,j.p. wiser's alumni series guy lafleur 10yo,55.81,,REJECT_LOW_CONFIDENCE,score_lt_86,,true
7a31f4290c045cec081db2f8,Glentauchers 15-year-old  Special Distillery Bottling - Allied,,,2014,W000536,glenrothes vintage 1995 (all bottlings),62.92,,REJECT_LOW_CONFIDENCE,score_lt_86,,true
9533d92a202e6808dddeaad5,Glentauchers 15-year-old  Special Distillery Bottling - Allied,,,,W000536,glenrothes vintage 1995 (all bottlings),62.92,,REJECT_LOW_CONFIDENCE,score_lt_86,,true
e07df6459ecf4ca68f080db7,Glentauchers 2006,,,,W000136,glenrothes 25yo,62.5,,REJECT_LOW_CONFIDENCE,score_lt_86,,true
699941bfd78fdb3e22b0b0eb,Glentauchers 2006  The Distillery Reserve Collection,,,,W000814,hakushu distiller's reserve,56.41,,REJECT_LOW_CONFIDENCE,score_lt_86,,true
b58db21630c0722aa521694f,Glentauchers 2006  The Distillery Reserve Collection,,,2019,W000814,hakushu distiller's reserve,56.41,,REJECT_LOW_CONFIDENCE,score_lt_86,,true
22f0c09d856520fe902bea63,Glentauchers 2007  The Distillery Reserve Collection,,,,W000814,hakushu distiller's reserve,56.41,,REJECT_LOW_CONFIDENCE,score_lt_86,,true
c17afb1dee6298db7bf5a1bb,Glenturret 10-year-old - Peat Smoked  2020 Maiden Release,,,,W001188,two brewers release 12 peated,55.26,,REJECT_LOW_CONFIDENCE,score_lt_86,,true
b29fa3668a2e69ce94cbf27f,Glenturret 10-year-old - Peat Smoked  2020 Maiden Release,,,,W001188,two brewers release 12 peated,55.26,,REJECT_LOW_CONFIDENCE,score_lt_86,,true
fb10e28e7c3925003218c31e,Glenturret 10-year-old - Peat Smoked  2020 Maiden Release,,,2021,W001188,two brewers release 12 peated,55.26,,REJECT_LOW_CONFIDENCE,score_lt_86,,true
7987b394399f739ca9785c04,Glenturret 10-year-old - Peat Smoked  2020 Maiden Release,,,,W001188,two brewers release 12 peated,55.26,,REJECT_LOW_CONFIDENCE,score_lt_86,,true
1e97eeca0d7c97355524ae3d,Glenturret 10-year-old - Peat Smoked  2020 Maiden Release,,,,W001188,two brewers release 12 peated,55.26,,REJECT_LOW_CONFIDENCE,score_lt_86,,true
802efd68dd7fce5f9e74e1bc,Glenturret 10-year-old - Peat Smoked  2020 Maiden Release,,,,W001188,two brewers release 12 peated,55.26,,REJECT_LOW_CONFIDENCE,score_lt_86,,true
79c8bfc959cb6162b3d2ba30,Glenturret 10-year-old - Peat Smoked  2020 Maiden Release,,,,W001188,two brewers release 12 peated,55.26,,REJECT_LOW_CONFIDENCE,score_lt_86,,true
fe3eb36aecc71044ee570509,Glenturret 10-year-old - Peat Smoked  2020 Maiden Release,,,,W001188,two brewers release 12 peated,55.26,,REJECT_LOW_CONFIDENCE,score_lt_86,,true
685072c991c4756611330ada,Glenturret 10-year-old - Peat Smoked  2020 Maiden Release,,,,W001188,two brewers release 12 peated,55.26,,REJECT_LOW_CONFIDENCE,score_lt_86,,true
9d40285505494f3f253513cd,Glenturret 10-year-old - Peat Smoked  2020 Maiden Release,,,,W001188,two brewers release 12 peated,55.26,,REJECT_LOW_CONFIDENCE,score_lt_86,,true
cf74558aed37b3763506b30e,Glenturret 12-year-old  2020 Maiden Release,,,,W000914,port ellen 7th release 28yo,58.06,,REJECT_LOW_CONFIDENCE,score_lt_86,,true
56e6f0ffe8f0307c1f49aa07,Glenturret 12-year-old  2020 Maiden Release,,,,W000914,port ellen 7th release 28yo,58.06,,REJECT_LOW_CONFIDENCE,score_lt_86,,true
98c32147ee0148acc85ae6ca,Glenturret 12-year-old  2020 Maiden Release,,,,W000914,port ellen 7th release 28yo,58.06,,REJECT_LOW_CONFIDENCE,score_lt_86,,true
245453ce700ed6a871392be7,Glenturret 12-year-old  2020 Maiden Release,,,,W000914,port ellen 7th release 28yo,58.06,,REJECT_LOW_CONFIDENCE,score_lt_86,,true
819312e5b6925806b6704fbd,Glenturret 12-year-old  2020 Maiden Release,,,,W000914,port ellen 7th release 28yo,58.06,,REJECT_LOW_CONFIDENCE,score_lt_86,,true
459662fc205379faf345cf79,Glenturret 12-year-old  2020 Maiden Release,,,,W000914,port ellen 7th release 28yo,58.06,,REJECT_LOW_CONFIDENCE,score_lt_86,,true
1ad51d8700634ac8282192c8,Glenturret 12-year-old  2020 Maiden Release,,,,W000914,port ellen 7th release 28yo,58.06,,REJECT_LOW_CONFIDENCE,score_lt_86,,true
5ed7cc0971c921067cac5673,Glenturret 12-year-old  2020 Maiden Release,,,2020,W000914,port ellen 7th release 28yo,58.06,,REJECT_LOW_CONFIDENCE,score_lt_86,,true
eeb83fde7f4dd96587a00381,Glenturret 12-year-old  2020 Maiden Release,,,,W000914,port ellen 7th release 28yo,58.06,,REJECT_LOW_CONFIDENCE,score_lt_86,,true
c2a22fc6ed47653f53545450,Glenturret 12-year-old  2020 Maiden Release,,,,W000914,port ellen 7th release 28yo,58.06,,REJECT_LOW_CONFIDENCE,score_lt_86,,true
2fd79117c2346c1505517972,Glenturret 15-year-old  2020 Maiden Release,,,,W000922,port ellen 4th release 25yo,58.06,,REJECT_LOW_CONFIDENCE,score_lt_86,,true
8bf1bca77df995c9d848ea86,Glenturret 15-year-old  2020 Maiden Release,,,,W000922,port ellen 4th release 25yo,58.06,,REJECT_LOW_CONFIDENCE,score_lt_86,,true
36732a5c1518362fedbc88f7,Glenturret 15-year-old  2020 Maiden Release,,,2020,W000922,port ellen 4th release 25yo,58.06,,REJECT_LOW_CONFIDENCE,score_lt_86,,true
616c83821308af5d9a9d0231,Glenturret 15-year-old  2020 Maiden Release,,,,W000922,port ellen 4th release 25yo,58.06,,REJECT_LOW_CONFIDENCE,score_lt_86,,true
432335854bde585dd06b9d0b,Glenturret 15-year-old  2020 Maiden Release,,,2020,W000922,port ellen 4th release 25yo,58.06,,REJECT_LOW_CONFIDENCE,score_lt_86,,true
06d9e89f9f13cc1ab55985c3,Glenturret 15-year-old  2020 Maiden Release,,,,W000922,port ellen 4th release 25yo,58.06,,REJECT_LOW_CONFIDENCE,score_lt_86,,true
c07df74e5f81e64d3787afbd,Glenturret 15-year-old  2020 Maiden Release,,,,W000922,port ellen 4th release 25yo,58.06,,REJECT_LOW_CONFIDENCE,score_lt_86,,true
fbc03d004d91a0c75a2c23de,Glenturret 15-year-old  2020 Maiden Release,,,,W000922,port ellen 4th release 25yo,58.06,,REJECT_LOW_CONFIDENCE,score_lt_86,,true
82e517819c0cd3a109c6af19,Glenturret Triple Wood  2020 Maiden Release,,,,W000444,two brewers release 22 innovative,56.0,,REJECT_LOW_CONFIDENCE,score_lt_86,,true
e58d414acb1a1d6b413f5aa3,Glenturret Triple Wood  2020 Maiden Release,,,2020,W000444,two brewers release 22 innovative,56.0,,REJECT_LOW_CONFIDENCE,score_lt_86,,true
e1ef4ab735dcc553bb7be874,Glenturret Triple Wood  2020 Maiden Release,,,,W000444,two brewers release 22 innovative,56.0,,REJECT_LOW_CONFIDENCE,score_lt_86,,true
3d5f0eaf5d8e276d51eda177,Glenturret Triple Wood  2020 Maiden Release,,,,W000444,two brewers release 22 innovative,56.0,,REJECT_LOW_CONFIDENCE,score_lt_86,,true
928a6984071ba2780c5fe91b,Glenturret Triple Wood  2020 Maiden Release,,,2021,W000444,two brewers release 22 innovative,56.0,,REJECT_LOW_CONFIDENCE,score_lt_86,,true
049d5c7f8717d21328bd8506,Glenturret Triple Wood  2020 Maiden Release,,,2020,W000444,two brewers release 22 innovative,56.0,,REJECT_LOW_CONFIDENCE,score_lt_86,,true
859699813eb9f6de7200d8ed,Glenturret Triple Wood  2020 Maiden Release,,,2021,W000444,two brewers release 22 innovative,56.0,,REJECT_LOW_CONFIDENCE,score_lt_86,,true
4e33f4d3470da759c02a415f,Glenturret Triple Wood  2020 Maiden Release,,,,W000444,two brewers release 22 innovative,56.0,,REJECT_LOW_CONFIDENCE,score_lt_86,,true
8899af296ebb26882015c505,Glenturret Triple Wood  2020 Maiden Release,,,,W000444,two brewers release 22 innovative,56.0,,REJECT_LOW_CONFIDENCE,score_lt_86,,true
8efa5668a57cfde3d8fb5f6c,Elijah Craig 12-year-old  Small Batch,,,,W001782,elijah craig small batch (nas),84.21,,REJECT_LOW_CONFIDENCE,score_lt_86,,true
efd3bad8b4d4cfa13b649744,Evan Williams 2011  Single Barrel Vintage,,,,W001722,evan williams single barrel,80.6,,REJECT_LOW_CONFIDENCE,score_lt_86,,true
8041761ecbfec8b65712ec5f,Highland Park 10-year-old  Viking Scars,,,,W001072,highland park 10yo viking scars,100.0,,KEEP_PRODUCT_FEATURE,score_gte_94_no_conflict,,true
99e69efe7672ff10c531fe16,Highland Park 10-year-old  Viking Scars,,,,W001072,highland park 10yo viking scars,100.0,,KEEP_PRODUCT_FEATURE,score_gte_94_no_conflict,,true
450be7d88bb67d4cc21f9e5f,Highland Park 10-year-old  Viking Scars,,,,W001072,highland park 10yo viking scars,100.0,,KEEP_PRODUCT_FEATURE,score_gte_94_no_conflict,,true
dc44abd9587edf8b3bcb2e84,Highland Park 10-year-old  Viking Scars,,,,W001072,highland park 10yo viking scars,100.0,,KEEP_PRODUCT_FEATURE,score_gte_94_no_conflict,,true
a2895a4ee3b608f7700adace,Highland Park 10-year-old  Viking Scars,,,,W001072,highland park 10yo viking scars,100.0,,KEEP_PRODUCT_FEATURE,score_gte_94_no_conflict,,true
b719dd99c3959669485ec9ba,Highland Park 10-year-old  Viking Scars,,,,W001072,highland park 10yo viking scars,100.0,,KEEP_PRODUCT_FEATURE,score_gte_94_no_conflict,,true
6a3b3bc090448b679533cea6,Highland Park 10-year-old  Viking Scars,,,,W001072,highland park 10yo viking scars,100.0,,KEEP_PRODUCT_FEATURE,score_gte_94_no_conflict,,true
cf96189c697f054ad7fd7ca6,Highland Park 10-year-old  Viking Scars,,,,W001072,highland park 10yo viking scars,100.0,,KEEP_PRODUCT_FEATURE,score_gte_94_no_conflict,,true
66c36f4ff4023a24eb4d21b9,Highland Park 10-year-old  Viking Scars,,,,W001072,highland park 10yo viking scars,100.0,,KEEP_PRODUCT_FEATURE,score_gte_94_no_conflict,,true
3d8bb0f6d471056fac2f69d9,Highland Park 12-year-old  Viking Honour,,,,W001028,highland park 12yo viking honour (post-2017),86.49,,REVIEW_PRODUCT_FEATURE,score_86_93_no_conflict,,true
5ea063365c22dbd1babfec37,Highland Park 12-year-old  Viking Honour,,,,W001028,highland park 12yo viking honour (post-2017),86.49,,REVIEW_PRODUCT_FEATURE,score_86_93_no_conflict,,true
31a7458b1e67566c419a9f29,Highland Park 12-year-old  Viking Honour,,,,W001028,highland park 12yo viking honour (post-2017),86.49,,REVIEW_PRODUCT_FEATURE,score_86_93_no_conflict,,true
b446a7c984870a14cada67cf,Highland Park 12-year-old  Viking Honour,,,2015,W001028,highland park 12yo viking honour (post-2017),86.49,,REVIEW_PRODUCT_FEATURE,score_86_93_no_conflict,,true
67eaf19712ff7132b894572b,Highland Park 12-year-old  Viking Honour,,,,W001028,highland park 12yo viking honour (post-2017),86.49,,REVIEW_PRODUCT_FEATURE,score_86_93_no_conflict,,true
952d7b9ce83a0fc4e1202647,Highland Park 12-year-old  Viking Honour,,,,W001028,highland park 12yo viking honour (post-2017),86.49,,REVIEW_PRODUCT_FEATURE,score_86_93_no_conflict,,true
ec8898e332a6f57e9c61d697,Highland Park 12-year-old  Viking Honour,,,,W001028,highland park 12yo viking honour (post-2017),86.49,,REVIEW_PRODUCT_FEATURE,score_86_93_no_conflict,,true
b3b76e7fdda73aff34e3dd86,Highland Park 12-year-old  Viking Honour,,,,W001028,highland park 12yo viking honour (post-2017),86.49,,REVIEW_PRODUCT_FEATURE,score_86_93_no_conflict,,true
45738180d6e754dfba7a755b,Highland Park 12-year-old  Viking Honour,,,1920,W001028,highland park 12yo viking honour (post-2017),86.49,,REVIEW_PRODUCT_FEATURE,score_86_93_no_conflict,,true
cbb94a8f2bda0749964ee128,Highland Park 16-year-old  Wings of the Eagle,,,2018,W000075,highland park 17yo the dark,71.88,,REJECT_LOW_CONFIDENCE,score_lt_86,,true
b4c4643ea21a4bac2558f06a,Highland Park 16-year-old  Wings of the Eagle,,,,W000075,highland park 17yo the dark,71.88,,REJECT_LOW_CONFIDENCE,score_lt_86,,true
c74acd1fae7bb5402d5d9205,Highland Park 16-year-old  Wings of the Eagle,,,2018,W000075,highland park 17yo the dark,71.88,,REJECT_LOW_CONFIDENCE,score_lt_86,,true
5496a32f334b457b7e74e58e,Highland Park 16-year-old  Wings of the Eagle,,,,W000075,highland park 17yo the dark,71.88,,REJECT_LOW_CONFIDENCE,score_lt_86,,true
49c6920230e19d1a4493a4d5,Highland Park 16-year-old  Wings of the Eagle,,,,W000075,highland park 17yo the dark,71.88,,REJECT_LOW_CONFIDENCE,score_lt_86,,true
8dd52a590ee1e4b40347ee31,Highland Park 16-year-old  Wings of the Eagle,,,,W000075,highland park 17yo the dark,71.88,,REJECT_LOW_CONFIDENCE,score_lt_86,,true
8b195ff29c6700afae728ae3,Highland Park 16-year-old - Twisted Tattoo,,,,W000122,highland park 16yo thor,75.0,,REJECT_LOW_CONFIDENCE,score_lt_86,,true
000fb8d8852d028134723f2b,Highland Park 16-year-old - Twisted Tattoo,,,,W000122,highland park 16yo thor,75.0,,REJECT_LOW_CONFIDENCE,score_lt_86,,true
a7a5be2baa0ec045e2babce7,Highland Park 16-year-old - Twisted Tattoo,,,,W000122,highland park 16yo thor,75.0,,REJECT_LOW_CONFIDENCE,score_lt_86,,true
273e1d58daed01b989c40b0b,Highland Park 16-year-old - Twisted Tattoo,,,,W000122,highland park 16yo thor,75.0,,REJECT_LOW_CONFIDENCE,score_lt_86,,true
f608f9609f0bcba0ee33a8b4,Highland Park 16-year-old - Twisted Tattoo,,,2014,W000122,highland park 16yo thor,75.0,,REJECT_LOW_CONFIDENCE,score_lt_86,,true
2412921ec2451b4b21fac122,Highland Park 16-year-old - Twisted Tattoo,,,,W000122,highland park 16yo thor,75.0,,REJECT_LOW_CONFIDENCE,score_lt_86,,true
6e16f9db605224a8854c392b,Highland Park 16-year-old - Twisted Tattoo,,,,W000122,highland park 16yo thor,75.0,,REJECT_LOW_CONFIDENCE,score_lt_86,,true
17c93aea2df982d3c9d57b53,Highland Park 16-year-old - Twisted Tattoo,,,,W000122,highland park 16yo thor,75.0,,REJECT_LOW_CONFIDENCE,score_lt_86,,true
0b2a1d1c4f7b79797e765585,Highland Park 18-year-old  Viking Pride,,,2002,W001072,highland park 10yo viking scars,83.87,,REJECT_LOW_CONFIDENCE,score_lt_86,,true
29f03c9408698e0c94b18dec,Highland Park 18-year-old  Viking Pride,,,2017,W001072,highland park 10yo viking scars,83.87,,REJECT_LOW_CONFIDENCE,score_lt_86,,true
922be5e5b5d903572aae7102,Highland Park 18-year-old  Viking Pride,,,,W001072,highland park 10yo viking scars,83.87,,REJECT_LOW_CONFIDENCE,score_lt_86,,true
31220126efcc4e27e60ae22d,Highland Park 18-year-old  Viking Pride,,,2021,W001072,highland park 10yo viking scars,83.87,,REJECT_LOW_CONFIDENCE,score_lt_86,,true
a92fd5fc71f581950c0d5fa7,Highland Park 18-year-old  Viking Pride,,,,W001072,highland park 10yo viking scars,83.87,,REJECT_LOW_CONFIDENCE,score_lt_86,,true
6cb496c4769e7e018035480d,Highland Park 18-year-old  Viking Pride,,,2019,W001072,highland park 10yo viking scars,83.87,,REJECT_LOW_CONFIDENCE,score_lt_86,,true
6043c7b3928fb6a043e6758e,Highland Park 18-year-old  Viking Pride,,,,W001072,highland park 10yo viking scars,83.87,,REJECT_LOW_CONFIDENCE,score_lt_86,,true
df982faa61ba03058cb67b42,Highland Park 18-year-old  Viking Pride,,,,W001072,highland park 10yo viking scars,83.87,,REJECT_LOW_CONFIDENCE,score_lt_86,,true
5da1ef813a75910bd1cbf384,Highland Park 18-year-old  Viking Pride,,,2019,W001072,highland park 10yo viking scars,83.87,,REJECT_LOW_CONFIDENCE,score_lt_86,,true
58f4bece803f0676f61a39ee,Highland Park 21-year-old  2020 Release,,,2020,W001050,highland park 12yo (reviews 2014-2017),74.63,,REJECT_LOW_CONFIDENCE,score_lt_86,,true
734163c6be2b8d36192ff441,Highland Park 21-year-old  2020 Release,,,,W001050,highland park 12yo (reviews 2014-2017),74.63,,REJECT_LOW_CONFIDENCE,score_lt_86,,true
8e6678af5149983aaa392956,Highland Park 21-year-old  2020 Release,,,,W001050,highland park 12yo (reviews 2014-2017),74.63,,REJECT_LOW_CONFIDENCE,score_lt_86,,true
93ca1748998eef65437c9ef0,Highland Park 25-year-old,,,,W000032,highland park 25yo,100.0,,KEEP_PRODUCT_FEATURE,score_gte_94_no_conflict,,true
170ef8987b6287a778329531,Highland Park 25-year-old,,,,W000032,highland park 25yo,100.0,,KEEP_PRODUCT_FEATURE,score_gte_94_no_conflict,,true
a144c1f81271c02e663e568b,Highland Park 25-year-old,,,,W000032,highland park 25yo,100.0,,KEEP_PRODUCT_FEATURE,score_gte_94_no_conflict,,true
60dfb7ad744b2f4dc9371e23,Highland Park 25-year-old,,,2012,W000032,highland park 25yo,100.0,,KEEP_PRODUCT_FEATURE,score_gte_94_no_conflict,,true
aa662f22c95210aa51149b5f,Highland Park 25-year-old,,,,W000032,highland park 25yo,100.0,,KEEP_PRODUCT_FEATURE,score_gte_94_no_conflict,,true
13dcd43b360517bbfbe8537f,Highland Park 25-year-old,,,,W000032,highland park 25yo,100.0,,KEEP_PRODUCT_FEATURE,score_gte_94_no_conflict,,true
e80e8a24f94d40c005c48b79,Highland Park 25-year-old,,,,W000032,highland park 25yo,100.0,,KEEP_PRODUCT_FEATURE,score_gte_94_no_conflict,,true
fe43538eae05e3c6273faa60,Highland Park 25-year-old,,,2021,W000032,highland park 25yo,100.0,,KEEP_PRODUCT_FEATURE,score_gte_94_no_conflict,,true
10740f3d0141da590e3d9907,Highland Park 25-year-old,,,,W000032,highland park 25yo,100.0,,KEEP_PRODUCT_FEATURE,score_gte_94_no_conflict,,true
83a417b97c95fad52ac1ace0,Highland Park 25-year-old,,,,W000032,highland park 25yo,100.0,,KEEP_PRODUCT_FEATURE,score_gte_94_no_conflict,,true
f1b1c924adb4384580bfb75d,Highland Park Dark Origins,,,,W000327,highland park dark origins,100.0,,KEEP_PRODUCT_FEATURE,score_gte_94_no_conflict,,true
095280cfb6a026fee5166cb5,Highland Park Dark Origins,,,,W000327,highland park dark origins,100.0,,KEEP_PRODUCT_FEATURE,score_gte_94_no_conflict,,true
e5e3c72ab7e2359de80cbb03,Highland Park Dark Origins,,,,W000327,highland park dark origins,100.0,,KEEP_PRODUCT_FEATURE,score_gte_94_no_conflict,,true
f86abf5755516d6f8c5055bd,Highland Park Dark Origins,,,,W000327,highland park dark origins,100.0,,KEEP_PRODUCT_FEATURE,score_gte_94_no_conflict,,true
920aa54eefba9d2625d05c50,Highland Park Dark Origins,,,,W000327,highland park dark origins,100.0,,KEEP_PRODUCT_FEATURE,score_gte_94_no_conflict,,true
050ea726416e327ae587f198,Highland Park Dark Origins,,,2016,W000327,highland park dark origins,100.0,,KEEP_PRODUCT_FEATURE,score_gte_94_no_conflict,,true
9c7872bfd8241dc6ec95b5f6,Highland Park Dark Origins,,,,W000327,highland park dark origins,100.0,,KEEP_PRODUCT_FEATURE,score_gte_94_no_conflict,,true
7be53bd4001c359b8b609c76,Highland Park Dark Origins,,,,W000327,highland park dark origins,100.0,,KEEP_PRODUCT_FEATURE,score_gte_94_no_conflict,,true
e618e0446f4e20d7dd7b3967,Highland Park Dark Origins,,,,W000327,highland park dark origins,100.0,,KEEP_PRODUCT_FEATURE,score_gte_94_no_conflict,,true
0f37f17b8e9353e3caa58d43,Highland Park Dragon Legend,,,,W000327,highland park dark origins,71.7,,REJECT_LOW_CONFIDENCE,score_lt_86,,true
1a3ccb2020486f11220fd1c4,Highland Park Dragon Legend,,,,W000327,highland park dark origins,71.7,,REJECT_LOW_CONFIDENCE,score_lt_86,,true
21c2a0b1fc1c29b38bb2fe9e,Highland Park Dragon Legend,,,,W000327,highland park dark origins,71.7,,REJECT_LOW_CONFIDENCE,score_lt_86,,true
0777f76f4d0c1cfdad93eb86,Highland Park Dragon Legend,,,,W000327,highland park dark origins,71.7,,REJECT_LOW_CONFIDENCE,score_lt_86,,true
4bb78dd9125911e5c68d8a5b,Highland Park Dragon Legend,,,,W000327,highland park dark origins,71.7,,REJECT_LOW_CONFIDENCE,score_lt_86,,true
f4ac4c06f8c0d1b7beb5b860,Highland Park Dragon Legend,,,,W000327,highland park dark origins,71.7,,REJECT_LOW_CONFIDENCE,score_lt_86,,true
4ab3a07d4fe2d7c5a4fa0e33,Highland Park Dragon Legend,,,,W000327,highland park dark origins,71.7,,REJECT_LOW_CONFIDENCE,score_lt_86,,true
0495271d7cd7ca325cae6ba0,Highland Park Dragon Legend,,,,W000327,highland park dark origins,71.7,,REJECT_LOW_CONFIDENCE,score_lt_86,,true
6d5c07dc965a061f57fc1d74,Highland Park Dragon Legend,,,,W000327,highland park dark origins,71.7,,REJECT_LOW_CONFIDENCE,score_lt_86,,true
71572c270d76ec7e4f91a0dd,Highland Park Dragon Legend,,,,W000327,highland park dark origins,71.7,,REJECT_LOW_CONFIDENCE,score_lt_86,,true
24475991f8d7df0ecee034ae,Highland Park Einar  The Warrior Series,,,,W001084,highland park einar,66.67,,REJECT_LOW_CONFIDENCE,score_lt_86,,true
d39e79d1bee7af40e5d8b053,Highland Park Einar  The Warrior Series,,,,W001084,highland park einar,66.67,,REJECT_LOW_CONFIDENCE,score_lt_86,,true
9c9867cbd4430f8923095a2d,Highland Park Einar  The Warrior Series,,,,W001084,highland park einar,66.67,,REJECT_LOW_CONFIDENCE,score_lt_86,,true
eedcdc9dd6f3dc5905d13be3,Highland Park Einar  The Warrior Series,,,,W001084,highland park einar,66.67,,REJECT_LOW_CONFIDENCE,score_lt_86,,true
6e37624d571b7c916c0b4187,Highland Park Einar  The Warrior Series,,,2020,W001084,highland park einar,66.67,,REJECT_LOW_CONFIDENCE,score_lt_86,,true
0c96b87422e89debd6f20064,Highland Park Einar  The Warrior Series,,,,W001084,highland park einar,66.67,,REJECT_LOW_CONFIDENCE,score_lt_86,,true
5c3200eb072b02c0dcd2303a,Highland Park Einar  The Warrior Series,,,,W001084,highland park einar,66.67,,REJECT_LOW_CONFIDENCE,score_lt_86,,true
9d1649bc4e348331643328c8,Highland Park Full Volume,,,,W000175,highland park full volume,100.0,,KEEP_PRODUCT_FEATURE,score_gte_94_no_conflict,,true
d1e48433b81337767ab13282,Highland Park Full Volume,,,,W000175,highland park full volume,100.0,,KEEP_PRODUCT_FEATURE,score_gte_94_no_conflict,,true
24c853b061c144cb8620db46,Highland Park Full Volume,,,,W000175,highland park full volume,100.0,,KEEP_PRODUCT_FEATURE,score_gte_94_no_conflict,,true
57812dccd065cf33c478559f,Highland Park Full Volume,,,1999,W000175,highland park full volume,100.0,,KEEP_PRODUCT_FEATURE,score_gte_94_no_conflict,,true
ccd6329247fc78603b02e582,Highland Park Full Volume,,,,W000175,highland park full volume,100.0,,KEEP_PRODUCT_FEATURE,score_gte_94_no_conflict,,true
4b990d642c2e7185747864b1,Highland Park Full Volume,,,,W000175,highland park full volume,100.0,,KEEP_PRODUCT_FEATURE,score_gte_94_no_conflict,,true
a140335e752a6b267572196d,Highland Park Full Volume,,,,W000175,highland park full volume,100.0,,KEEP_PRODUCT_FEATURE,score_gte_94_no_conflict,,true
78bb0a53b05f3303a3a0b0cd,Highland Park Full Volume,,,,W000175,highland park full volume,100.0,,KEEP_PRODUCT_FEATURE,score_gte_94_no_conflict,,true
3df2a2e307ed71845c68979a,Highland Park Full Volume,,,,W000175,highland park full volume,100.0,,KEEP_PRODUCT_FEATURE,score_gte_94_no_conflict,,true
f026c9a00c13f754e3a0dc4c,Highland Park Full Volume,,,,W000175,highland park full volume,100.0,,KEEP_PRODUCT_FEATURE,score_gte_94_no_conflict,,true
7256f08687d6eda8c2d65332,Highland Park Harald  The Warrior Series,,,,W000851,highland park harald,67.8,,REJECT_LOW_CONFIDENCE,score_lt_86,,true
828e10481b84dc9fcad985d2,Highland Park Harald  The Warrior Series,,,,W000851,highland park harald,67.8,,REJECT_LOW_CONFIDENCE,score_lt_86,,true
4484b5b17fd7ed5d40cbcc98,Highland Park Harald  The Warrior Series,,,,W000851,highland park harald,67.8,,REJECT_LOW_CONFIDENCE,score_lt_86,,true
38ab06c1889f333ba59cd7f3,Highland Park Harald  The Warrior Series,,,,W000851,highland park harald,67.8,,REJECT_LOW_CONFIDENCE,score_lt_86,,true
7d2eb64c2fdc9f9245c0d1b2,Highland Park Ragnvald  The Warrior Series,,,,W000270,highland park valkyrie,63.49,,REJECT_LOW_CONFIDENCE,score_lt_86,,true
1c914cb0d2e718ec26679512,Highland Park Ragnvald  The Warrior Series,,,,W000270,highland park valkyrie,63.49,,REJECT_LOW_CONFIDENCE,score_lt_86,,true
6f8cff2d6c94df9ef4ee08d2,Highland Park Ragnvald  The Warrior Series,,,,W000270,highland park valkyrie,63.49,,REJECT_LOW_CONFIDENCE,score_lt_86,,true
22412bad7d28377e542695fd,Highland Park Ragnvald  The Warrior Series,,,,W000270,highland park valkyrie,63.49,,REJECT_LOW_CONFIDENCE,score_lt_86,,true
2404b59ede1513ad27da296d,Highland Park Ragnvald  The Warrior Series,,,,W000270,highland park valkyrie,63.49,,REJECT_LOW_CONFIDENCE,score_lt_86,,true
45ee47d96aea3a063eac7918,Highland Park Ragnvald  The Warrior Series,,,,W000270,highland park valkyrie,63.49,,REJECT_LOW_CONFIDENCE,score_lt_86,,true
894626dac910465f5f340d07,Highland Park Ragnvald  The Warrior Series,,,,W000270,highland park valkyrie,63.49,,REJECT_LOW_CONFIDENCE,score_lt_86,,true
b1427d018ae51e41fa074987,Highland Park Sigurd  The Warrior Series,,,2019,W000934,highland park sigurd,67.8,,REJECT_LOW_CONFIDENCE,score_lt_86,,true
4cd1fa82d84e9e332c440b91,Highland Park Sigurd  The Warrior Series,,,2019,W000934,highland park sigurd,67.8,,REJECT_LOW_CONFIDENCE,score_lt_86,,true
d0d1e69a549752a35475c8c8,Highland Park Sigurd  The Warrior Series,,,,W000934,highland park sigurd,67.8,,REJECT_LOW_CONFIDENCE,score_lt_86,,true
ca04ea57597cf2afae6dc6fe,Highland Park Sigurd  The Warrior Series,,,,W000934,highland park sigurd,67.8,,REJECT_LOW_CONFIDENCE,score_lt_86,,true
549791139045db779b497312,Highland Park Sigurd  The Warrior Series,,,,W000934,highland park sigurd,67.8,,REJECT_LOW_CONFIDENCE,score_lt_86,,true
67c84b5b3be74da31b192e0d,Highland Park Sigurd  The Warrior Series,,,,W000934,highland park sigurd,67.8,,REJECT_LOW_CONFIDENCE,score_lt_86,,true
3db1ad914e40fd0532deb8fa,Highland Park Sigurd  The Warrior Series,,,,W000934,highland park sigurd,67.8,,REJECT_LOW_CONFIDENCE,score_lt_86,,true
a1a443c08f6a6fcacc505682,Highland Park Sigurd  The Warrior Series,,,,W000934,highland park sigurd,67.8,,REJECT_LOW_CONFIDENCE,score_lt_86,,true
325b1cadaffbc16714a275d8,Highland Park Sigurd  The Warrior Series,,,,W000934,highland park sigurd,67.8,,REJECT_LOW_CONFIDENCE,score_lt_86,,true
84fc12db46f7ef21a633a873,Highland Park Spirit of the Bear,,,,W000075,highland park 17yo the dark,67.8,,REJECT_LOW_CONFIDENCE,score_lt_86,,true
3f7bae700c3be67d964da176,Highland Park Spirit of the Bear,,,,W000075,highland park 17yo the dark,67.8,,REJECT_LOW_CONFIDENCE,score_lt_86,,true
545c7ec86bf90c798e5d515f,Highland Park Spirit of the Bear,,,,W000075,highland park 17yo the dark,67.8,,REJECT_LOW_CONFIDENCE,score_lt_86,,true
a42547238ca3400292cde8b1,Highland Park Spirit of the Bear,,,,W000075,highland park 17yo the dark,67.8,,REJECT_LOW_CONFIDENCE,score_lt_86,,true
a834f2eb8626a56f5fbec54c,Highland Park Spirit of the Bear,,,,W000075,highland park 17yo the dark,67.8,,REJECT_LOW_CONFIDENCE,score_lt_86,,true
6d05b71752620f0312919803,Highland Park Spirit of the Bear,,,,W000075,highland park 17yo the dark,67.8,,REJECT_LOW_CONFIDENCE,score_lt_86,,true
e40c78390dc73618b73e64a7,Highland Park Spirit of the Bear,,,,W000075,highland park 17yo the dark,67.8,,REJECT_LOW_CONFIDENCE,score_lt_86,,true
0a393038ed43175a1025e001,Highland Park Spirit of the Bear,,,,W000075,highland park 17yo the dark,67.8,,REJECT_LOW_CONFIDENCE,score_lt_86,,true
88054ccb11948b9115ef5539,Highland Park Svein  The Warrior Series,,,2018,W000838,highland park svein,66.67,,REJECT_LOW_CONFIDENCE,score_lt_86,,true
2c9de4f26dd26b4363d21b42,Highland Park Svein  The Warrior Series,,,2001,W000838,highland park svein,66.67,,REJECT_LOW_CONFIDENCE,score_lt_86,,true
ef35d114835e1c3d0688cc6c,Highland Park Svein  The Warrior Series,,,,W000838,highland park svein,66.67,,REJECT_LOW_CONFIDENCE,score_lt_86,,true
983cbe837ee57bd5070969e3,Highland Park Svein  The Warrior Series,,,2018,W000838,highland park svein,66.67,,REJECT_LOW_CONFIDENCE,score_lt_86,,true
26122da0303269ecafd72cbc,Highland Park Svein  The Warrior Series,,,,W000838,highland park svein,66.67,,REJECT_LOW_CONFIDENCE,score_lt_86,,true
5de5480ccb3ef96db71f4b7b,Highland Park Svein  The Warrior Series,,,,W000838,highland park svein,66.67,,REJECT_LOW_CONFIDENCE,score_lt_86,,true
8e19d49a1450dec58e204fdf,Highland Park Svein  The Warrior Series,,,,W000838,highland park svein,66.67,,REJECT_LOW_CONFIDENCE,score_lt_86,,true
6cb2136ef34f6f9ab3e18697,Highland Park Svein  The Warrior Series,,,,W000838,highland park svein,66.67,,REJECT_LOW_CONFIDENCE,score_lt_86,,true
10cb6e8ac21dd05a0967cc53,Highland Park Triskelion,,,,W000838,highland park svein,83.72,,REJECT_LOW_CONFIDENCE,score_lt_86,,true
f7aee4f84c37009a5638455f,Highland Park Triskelion,,,,W000838,highland park svein,83.72,,REJECT_LOW_CONFIDENCE,score_lt_86,,true
5828d6d3b8834aca94f73f71,Highland Park Triskelion,,,,W000838,highland park svein,83.72,,REJECT_LOW_CONFIDENCE,score_lt_86,,true
df042a3522f3e4a4e3816c07,Highland Park Triskelion,,,,W000838,highland park svein,83.72,,REJECT_LOW_CONFIDENCE,score_lt_86,,true
58f142d74a917891f50dc2ef,Highland Park Triskelion,,,,W000838,highland park svein,83.72,,REJECT_LOW_CONFIDENCE,score_lt_86,,true
e7e6761c363842f498528dd6,Highland Park Triskelion,,,,W000838,highland park svein,83.72,,REJECT_LOW_CONFIDENCE,score_lt_86,,true
c92e68460b207aee4f5157ea,Highland Park Triskelion,,,,W000838,highland park svein,83.72,,REJECT_LOW_CONFIDENCE,score_lt_86,,true
5d45aa701c6a0864f4b23a9a,Highland Park Triskelion,,,,W000838,highland park svein,83.72,,REJECT_LOW_CONFIDENCE,score_lt_86,,true
62cde8f63f93205256da9e38,Highland Park Valfather  Viking Legend,,,,W001072,highland park 10yo viking scars,67.65,,REJECT_LOW_CONFIDENCE,score_lt_86,,true
78f591161b7c274b210c9852,Highland Park Valfather  Viking Legend,,,,W001072,highland park 10yo viking scars,67.65,,REJECT_LOW_CONFIDENCE,score_lt_86,,true
9eb7597e5fd8ccd136d22ae8,Highland Park Valfather  Viking Legend,,,,W001072,highland park 10yo viking scars,67.65,,REJECT_LOW_CONFIDENCE,score_lt_86,,true
8d60d66da94b5773f74615a4,Highland Park Valfather  Viking Legend,,,,W001072,highland park 10yo viking scars,67.65,,REJECT_LOW_CONFIDENCE,score_lt_86,,true
a834875fa7945c19124eddb3,Highland Park Valfather  Viking Legend,,,,W001072,highland park 10yo viking scars,67.65,,REJECT_LOW_CONFIDENCE,score_lt_86,,true
89a4fe8865b9e9602b0c6267,Highland Park Valfather  Viking Legend,,,,W001072,highland park 10yo viking scars,67.65,,REJECT_LOW_CONFIDENCE,score_lt_86,,true
87f9d84c5fd5aa2bcf569906,Highland Park Valfather  Viking Legend,,,,W001072,highland park 10yo viking scars,67.65,,REJECT_LOW_CONFIDENCE,score_lt_86,,true
2f5bd0d46a3917a660d39489,Highland Park Valknut  Viking Legend,,,,W000210,highland park valknut,75.0,,REJECT_LOW_CONFIDENCE,score_lt_86,,true
246e91fdc6e56f3db12c33c6,Highland Park Valknut  Viking Legend,,,,W000210,highland park valknut,75.0,,REJECT_LOW_CONFIDENCE,score_lt_86,,true
d0b91e57e0a67ea6bba85881,Highland Park Valknut  Viking Legend,,,,W000210,highland park valknut,75.0,,REJECT_LOW_CONFIDENCE,score_lt_86,,true
0374da32f8e349330cfbb983,Highland Park Valknut  Viking Legend,,,2021,W000210,highland park valknut,75.0,,REJECT_LOW_CONFIDENCE,score_lt_86,,true
368a7a00756cc36dbf824eb4,Highland Park Valknut  Viking Legend,,,,W000210,highland park valknut,75.0,,REJECT_LOW_CONFIDENCE,score_lt_86,,true
6f4c53fb1ad0e7eaf74d922f,Highland Park Valknut  Viking Legend,,,,W000210,highland park valknut,75.0,,REJECT_LOW_CONFIDENCE,score_lt_86,,true
48a040d6f79c9faba3a37a06,Highland Park Valknut  Viking Legend,,,,W000210,highland park valknut,75.0,,REJECT_LOW_CONFIDENCE,score_lt_86,,true
4921bf561899a7f6ccf25e07,Highland Park Valknut  Viking Legend,,,2021,W000210,highland park valknut,75.0,,REJECT_LOW_CONFIDENCE,score_lt_86,,true
761d6ca6641da9cd2750374d,Highland Park Valknut  Viking Legend,,,,W000210,highland park valknut,75.0,,REJECT_LOW_CONFIDENCE,score_lt_86,,true
db4d0583329179087b67425a,Highland Park Valkyrie  Viking Legend,,,,W000270,highland park valkyrie,75.86,,REJECT_LOW_CONFIDENCE,score_lt_86,,true
af71a4bbef535ff4c08200db,Highland Park Valkyrie  Viking Legend,,,,W000270,highland park valkyrie,75.86,,REJECT_LOW_CONFIDENCE,score_lt_86,,true
84c37cada6cb92afe833320a,Highland Park Valkyrie  Viking Legend,,,,W000270,highland park valkyrie,75.86,,REJECT_LOW_CONFIDENCE,score_lt_86,,true
945f364baa385cd2b7b5c814,Highland Park Valkyrie  Viking Legend,,,,W000270,highland park valkyrie,75.86,,REJECT_LOW_CONFIDENCE,score_lt_86,,true
ed3ba2d64fb177a994db627e,Highland Park Valkyrie  Viking Legend,,,,W000270,highland park valkyrie,75.86,,REJECT_LOW_CONFIDENCE,score_lt_86,,true
90a24226fb994b48f6116b59,Highland Park Valkyrie  Viking Legend,,,,W000270,highland park valkyrie,75.86,,REJECT_LOW_CONFIDENCE,score_lt_86,,true
08476aca49c34a27ef32a458,Highland Park Valkyrie  Viking Legend,,,,W000270,highland park valkyrie,75.86,,REJECT_LOW_CONFIDENCE,score_lt_86,,true
dc036c03cd9efc0d28b28bc6,Highland Park Valkyrie  Viking Legend,,,,W000270,highland park valkyrie,75.86,,REJECT_LOW_CONFIDENCE,score_lt_86,,true
9819101613ecdb74514c5f28,Highland Park Valkyrie  Viking Legend,,,,W000270,highland park valkyrie,75.86,,REJECT_LOW_CONFIDENCE,score_lt_86,,true
01e2180afefb733a955870d2,Highland Park Valkyrie  Viking Legend,,,,W000270,highland park valkyrie,75.86,,REJECT_LOW_CONFIDENCE,score_lt_86,,true
e0f58b0eac3986992d9744af,Imperial 12-year-old  Classic,,,,W001346,chivas regal 12yo,63.16,,REJECT_LOW_CONFIDENCE,score_lt_86,,true
0c0a60885592389736cfaa47,Imperial 15-year-old  Special Distillery Bottling - Allied,,,2007,W001283,jameson 12yo special reserve,55.26,,REJECT_LOW_CONFIDENCE,score_lt_86,,true
e0c57a6fe64071452642922b,Imperial 15-year-old  Special Distillery Bottling - Allied,,,,W001283,jameson 12yo special reserve,55.26,,REJECT_LOW_CONFIDENCE,score_lt_86,,true
81e42efc63aee767e7b4613a,Imperial 15-year-old  Special Distillery Bottling - Allied,,,,W001283,jameson 12yo special reserve,55.26,,REJECT_LOW_CONFIDENCE,score_lt_86,,true
cdb7d1d038ea3ccaf8ec9516,Imperial 15-year-old  Special Distillery Bottling - Allied,,,2010,W001283,jameson 12yo special reserve,55.26,,REJECT_LOW_CONFIDENCE,score_lt_86,,true
7a3407ed7efaee4c8d9087a2,Imperial 15-year-old  Special Distillery Bottling - Allied,,,,W001283,jameson 12yo special reserve,55.26,,REJECT_LOW_CONFIDENCE,score_lt_86,,true
1a026f03c7c893c7caa0d817,Imperial 15-year-old  Special Distillery Bottling - Allied,,,,W001283,jameson 12yo special reserve,55.26,,REJECT_LOW_CONFIDENCE,score_lt_86,,true
4361b308c33644fc27d68c82,Inchgower 14-year-old  Flora & Fauna,,,,W000789,inchgower 14yo (f&f),81.82,,REJECT_LOW_CONFIDENCE,score_lt_86,,true
87407c20498666e94ca367f8,Inchgower 14-year-old  Flora & Fauna,,,,W000789,inchgower 14yo (f&f),81.82,,REJECT_LOW_CONFIDENCE,score_lt_86,,true
d19aa713da4c4b9b8db92af1,Inchgower 14-year-old  Flora & Fauna,,,,W000789,inchgower 14yo (f&f),81.82,,REJECT_LOW_CONFIDENCE,score_lt_86,,true
ba50bb663dee54ae3de1cc79,Inchgower 14-year-old  Flora & Fauna,,,,W000789,inchgower 14yo (f&f),81.82,,REJECT_LOW_CONFIDENCE,score_lt_86,,true
e9762e8ae22115fde0dbadcb,Inchgower 14-year-old  Flora & Fauna,,,,W000789,inchgower 14yo (f&f),81.82,,REJECT_LOW_CONFIDENCE,score_lt_86,,true
d1f80624094f99a565ebcb6f,Inchgower 14-year-old  Flora & Fauna,,,,W000789,inchgower 14yo (f&f),81.82,,REJECT_LOW_CONFIDENCE,score_lt_86,,true
d2d4684872f556b319778805,Invergordon 10-year-old,,,,W000832,deveron 10yo,71.43,,REJECT_LOW_CONFIDENCE,score_lt_86,,true
5eba547d6347998a4bc9f10b,Invergordon 10-year-old,,,,W000832,deveron 10yo,71.43,,REJECT_LOW_CONFIDENCE,score_lt_86,,true
ad6119be6f55c1e85adf4ab2,Invergordon 10-year-old,,,1988,W000832,deveron 10yo,71.43,,REJECT_LOW_CONFIDENCE,score_lt_86,,true
2d667ee3896fc79ebb77a328,Invergordon 12-year-old,,,2019,W000628,deveron 12yo,71.43,,REJECT_LOW_CONFIDENCE,score_lt_86,,true
2ed88f0beb3fd214463c6e6f,Invergordon 50th Anniversary 1961-2011,,,2011,W001182,laphroaig 15yo (200th anniversary),62.86,,REJECT_LOW_CONFIDENCE,score_lt_86,,true
609aaa42ea6b71339bcb4d07,Isle of Jura 10-year-old  Single Malt Scotch Whisky,,,,W000860,shelter point artisanal single malt whisky,63.53,,REJECT_LOW_CONFIDENCE,score_lt_86,,true
69fdd11d105b99d7c2a46ea7,Isle of Jura 10-year-old  Single Malt Scotch Whisky,,,,W000860,shelter point artisanal single malt whisky,63.53,,REJECT_LOW_CONFIDENCE,score_lt_86,,true
04e63349f1f2906d47d46a61,Isle of Jura 10-year-old  Single Malt Scotch Whisky,,,,W000860,shelter point artisanal single malt whisky,63.53,,REJECT_LOW_CONFIDENCE,score_lt_86,,true
b1fea9c213f0ee07565e74c6,Isle of Jura 10-year-old  Single Malt Scotch Whisky,,,,W000860,shelter point artisanal single malt whisky,63.53,,REJECT_LOW_CONFIDENCE,score_lt_86,,true
efd4efe6c78435257b504d2c,Isle of Jura 10-year-old  Single Malt Scotch Whisky,,,,W000860,shelter point artisanal single malt whisky,63.53,,REJECT_LOW_CONFIDENCE,score_lt_86,,true
9081caa45717c285898988c1,Isle of Jura 10-year-old  Single Malt Scotch Whisky,,,,W000860,shelter point artisanal single malt whisky,63.53,,REJECT_LOW_CONFIDENCE,score_lt_86,,true
2b8a361e390a797f8f3984d0,Isle of Jura 10-year-old  Single Malt Scotch Whisky,,,,W000860,shelter point artisanal single malt whisky,63.53,,REJECT_LOW_CONFIDENCE,score_lt_86,,true
4b281ea5159c7a0fdf2dda71,Isle of Jura 12-year-old  Single Malt Scotch Whisky,,,,W000860,shelter point artisanal single malt whisky,63.53,,REJECT_LOW_CONFIDENCE,score_lt_86,,true
e5bba0fef6089ab0af0200b4,Isle of Jura 12-year-old  Single Malt Scotch Whisky,,,,W000860,shelter point artisanal single malt whisky,63.53,,REJECT_LOW_CONFIDENCE,score_lt_86,,true
f1381d6ec6d32eb74b683243,Isle of Jura 12-year-old  Single Malt Scotch Whisky,,,2020,W000860,shelter point artisanal single malt whisky,63.53,,REJECT_LOW_CONFIDENCE,score_lt_86,,true
84de3c1d97edfb612d178ec1,Isle of Jura 12-year-old  Single Malt Scotch Whisky,,,2020,W000860,shelter point artisanal single malt whisky,63.53,,REJECT_LOW_CONFIDENCE,score_lt_86,,true
fd296eb1d768979f98c03b7c,Isle of Jura 18-year-old  Single Malt Scotch Whisky,,,,W000860,shelter point artisanal single malt whisky,63.53,,REJECT_LOW_CONFIDENCE,score_lt_86,,true
d9fdde31b49ed48acb8499c9,Isle of Jura 18-year-old  Single Malt Scotch Whisky,,,,W000860,shelter point artisanal single malt whisky,63.53,,REJECT_LOW_CONFIDENCE,score_lt_86,,true
eabc3bd479a53504d246fe21,Isle of Jura 18-year-old  Single Malt Scotch Whisky,,,,W000860,shelter point artisanal single malt whisky,63.53,,REJECT_LOW_CONFIDENCE,score_lt_86,,true
643ccdc230ff7c7c480334b5,Isle of Jura 18-year-old  Single Malt Scotch Whisky,,,,W000860,shelter point artisanal single malt whisky,63.53,,REJECT_LOW_CONFIDENCE,score_lt_86,,true
1256c595e22752b84d9f031b,Isle of Jura 18-year-old  Single Malt Scotch Whisky,,,,W000860,shelter point artisanal single malt whisky,63.53,,REJECT_LOW_CONFIDENCE,score_lt_86,,true
8a3fc9810afde646d5bd1bb4,Isle of Jura 18-year-old  Single Malt Scotch Whisky,,,,W000860,shelter point artisanal single malt whisky,63.53,,REJECT_LOW_CONFIDENCE,score_lt_86,,true
0b05adda05661dc01af49c67,Isle of Jura 18-year-old  Single Malt Scotch Whisky,,,,W000860,shelter point artisanal single malt whisky,63.53,,REJECT_LOW_CONFIDENCE,score_lt_86,,true
5ca42ff220caa96d87c4ef23,Isle of Jura 21-year-old,,,,W000349,jura 21yo,69.23,,REJECT_LOW_CONFIDENCE,score_lt_86,,true
732ef3f30a2aa3b7c7ba0224,Isle of Jura 21-year-old,,,,W000349,jura 21yo,69.23,,REJECT_LOW_CONFIDENCE,score_lt_86,,true
38685fc54034677190d93b29,Isle of Jura 21-year-old,,,,W000349,jura 21yo,69.23,,REJECT_LOW_CONFIDENCE,score_lt_86,,true
bf0c5da7982a1c3157aa7c94,Isle of Jura 21-year-old,,,,W000349,jura 21yo,69.23,,REJECT_LOW_CONFIDENCE,score_lt_86,,true
bc6559072ad46e8ebb89b031,Isle of Jura 21-year-old,,,2021,W000349,jura 21yo,69.23,,REJECT_LOW_CONFIDENCE,score_lt_86,,true
3b623d9005896928a65011ca,Jack Daniel's 125th Anniversary of the Red Dog Saloon  Special Edition,,,,W001647,jack daniel's 150th anniversary,60.0,,REJECT_LOW_CONFIDENCE,score_lt_86,,true
fdb40104f783049849bb5aa5,Jack Daniel's 150th Anniversary of the Jack Daniel's Distillery,,,,W001647,jack daniel's 150th anniversary,65.96,,REJECT_LOW_CONFIDENCE,score_lt_86,,true
d0fd28ba9e25cc1cfd4e5d74,Jack Daniel's 150th Anniversary of the Jack Daniel's Distillery  Limited Edition,,,,W001647,jack daniel's 150th anniversary,56.36,,REJECT_LOW_CONFIDENCE,score_lt_86,,true
f1bc8cf214fa1c427b0e6246,Jack Daniel's 1915  Gold Medal Series,,,,W001727,jack daniel's master distiller (all series),67.53,,REJECT_LOW_CONFIDENCE,score_lt_86,,true
f988f74d6ba3e1db62018898,Jack Daniel's 1954  Gold Medal Series,,,,W001727,jack daniel's master distiller (all series),67.53,,REJECT_LOW_CONFIDENCE,score_lt_86,,true
903d8cde563749f0bd8594e8,Jack Daniel's 1954  Gold Medal Series,,,,W001727,jack daniel's master distiller (all series),67.53,,REJECT_LOW_CONFIDENCE,score_lt_86,,true
2530846a7d0ffc7d2323a884,Jack Daniel's 1954  Gold Medal Series,,,,W001727,jack daniel's master distiller (all series),67.53,,REJECT_LOW_CONFIDENCE,score_lt_86,,true
e2a3f07c590e5e60cf7ec40b,Jack Daniel's 1954  Gold Medal Series,,,,W001727,jack daniel's master distiller (all series),67.53,,REJECT_LOW_CONFIDENCE,score_lt_86,,true
6dba06af93f9f744502d67ad,Jack Daniel's 1954  Gold Medal Series,,,,W001727,jack daniel's master distiller (all series),67.53,,REJECT_LOW_CONFIDENCE,score_lt_86,,true
adaf3941b855f7e4853a96c2,Jack Daniel's Barrelhouse 1,,,1994,W001735,jack daniel's single barrel,74.07,,REJECT_LOW_CONFIDENCE,score_lt_86,,true
7a7aa40051f657cda76a94e6,Jack Daniel's Bicentennial 1796-1996,,,,W001647,jack daniel's 150th anniversary,59.7,,REJECT_LOW_CONFIDENCE,score_lt_86,,true
d4e09c00a48d5cdd08f22a4c,Jack Daniel's Bottled-In-Bond  Travelers' Exclusive,,,,W001784,evan williams bottled in bond (white label),55.56,,REJECT_LOW_CONFIDENCE,score_lt_86,,true
8e124dad0e416109e7283d90,Jack Daniel's Bottled-In-Bond  Travelers' Exclusive,,,,W001784,evan williams bottled in bond (white label),55.56,,REJECT_LOW_CONFIDENCE,score_lt_86,,true
97748eb09418834d3c471399,Jack Daniel's Bottled-In-Bond  Travelers' Exclusive,,,,W001784,evan williams bottled in bond (white label),55.56,,REJECT_LOW_CONFIDENCE,score_lt_86,,true
3a8bd0a881bf6929fac45885,Jack Daniel's Bottled-In-Bond  Travelers' Exclusive,,,,W001784,evan williams bottled in bond (white label),55.56,,REJECT_LOW_CONFIDENCE,score_lt_86,,true
c2e35dd7f19d1379d19c5d6e,Jack Daniel's Gentleman Jack,,,,W001814,jack daniel's gentleman jack,100.0,,KEEP_PRODUCT_FEATURE,score_gte_94_no_conflict,,true
4e75e5ce7278f6258c41eb47,Jack Daniel's Gentleman Jack,,,,W001814,jack daniel's gentleman jack,100.0,,KEEP_PRODUCT_FEATURE,score_gte_94_no_conflict,,true
4cbeaf572c7014a4d9db554d,Jack Daniel's Gentleman Jack,,,,W001814,jack daniel's gentleman jack,100.0,,KEEP_PRODUCT_FEATURE,score_gte_94_no_conflict,,true
18780068829f49999b20e595,Jack Daniel's Gentleman Jack,,,,W001814,jack daniel's gentleman jack,100.0,,KEEP_PRODUCT_FEATURE,score_gte_94_no_conflict,,true
7dcb5622a933490fe3ae2b34,Jack Daniel's Gentleman Jack,,,,W001814,jack daniel's gentleman jack,100.0,,KEEP_PRODUCT_FEATURE,score_gte_94_no_conflict,,true
8daaea2af27029d2879750d7,Jack Daniel's Gentleman Jack,,,,W001814,jack daniel's gentleman jack,100.0,,KEEP_PRODUCT_FEATURE,score_gte_94_no_conflict,,true
fc39ee5e008d41953cefa4ad,Jack Daniel's Gentleman Jack,,,,W001814,jack daniel's gentleman jack,100.0,,KEEP_PRODUCT_FEATURE,score_gte_94_no_conflict,,true
1bf5dd3d2cfdec6a2ae4a6fb,Jack Daniel's Gentleman Jack,,,,W001814,jack daniel's gentleman jack,100.0,,KEEP_PRODUCT_FEATURE,score_gte_94_no_conflict,,true
9fc7904af2e4d4857f621a56,Jack Daniel's Gentleman Jack,,,,W001814,jack daniel's gentleman jack,100.0,,KEEP_PRODUCT_FEATURE,score_gte_94_no_conflict,,true
ad9eac299da9ed60773c6c8f,Jack Daniel's Gentleman Jack,,,,W001814,jack daniel's gentleman jack,100.0,,KEEP_PRODUCT_FEATURE,score_gte_94_no_conflict,,true
73a8c54ba1ef20537e4092ca,Jack Daniel's Gentleman Jack,,,,W001814,jack daniel's gentleman jack,100.0,,KEEP_PRODUCT_FEATURE,score_gte_94_no_conflict,,true
dc3bcbdd30d170b424cc73cb,Jack Daniel's Gentleman Jack,,,,W001814,jack daniel's gentleman jack,100.0,,KEEP_PRODUCT_FEATURE,score_gte_94_no_conflict,,true
a7ee698dee3266e84ebc81ee,Jack Daniel's Gentleman Jack,,,,W001814,jack daniel's gentleman jack,100.0,,KEEP_PRODUCT_FEATURE,score_gte_94_no_conflict,,true
01b65d4af10f1078812cbf63,Jack Daniel's Gentleman Jack,,,,W001814,jack daniel's gentleman jack,100.0,,KEEP_PRODUCT_FEATURE,score_gte_94_no_conflict,,true
baad50ce9f74383789016392,Jack Daniel's Gentleman Jack,,,,W001814,jack daniel's gentleman jack,100.0,,KEEP_PRODUCT_FEATURE,score_gte_94_no_conflict,,true
265395f9a6bc2cbb9e25add3,Jack Daniel's Gentleman Jack,,,,W001814,jack daniel's gentleman jack,100.0,,KEEP_PRODUCT_FEATURE,score_gte_94_no_conflict,,true
85ec8256c0f1d31f6c57d6f2,Jack Daniel's Gentleman Jack  Gift Box,,,,W001814,jack daniel's gentleman jack,86.15,,REVIEW_PRODUCT_FEATURE,score_86_93_no_conflict,,true
275066d00da03d0054aa8f45,Jack Daniel's Gentleman Jack  Gift Box,,,,W001814,jack daniel's gentleman jack,86.15,,REVIEW_PRODUCT_FEATURE,score_86_93_no_conflict,,true
5881911216dcc849b7b06f66,Jack Daniel's Gentleman Jack  Miniature,,,,W001814,jack daniel's gentleman jack,84.85,,REJECT_LOW_CONFIDENCE,score_lt_86,,true
325b370fab3c4f3b345037de,Jack Daniel's Gentleman Jack  Miniature,,,,W001814,jack daniel's gentleman jack,84.85,,REJECT_LOW_CONFIDENCE,score_lt_86,,true
05b337d1c2691af07f1e2c6e,Jack Daniel's Master Distiller  Series No. 4,,,,W001727,jack daniel's master distiller (all series),91.57,,REVIEW_PRODUCT_FEATURE,score_86_93_no_conflict,,true
a146408f6dccfa39f3512cbc,Jack Daniel's Master Distiller  Series No. 4,,,,W001727,jack daniel's master distiller (all series),91.57,,REVIEW_PRODUCT_FEATURE,score_86_93_no_conflict,,true
aed1e22b52c7af1168c378ad,Jack Daniel's Master Distiller  Series No. 4,,,,W001727,jack daniel's master distiller (all series),91.57,,REVIEW_PRODUCT_FEATURE,score_86_93_no_conflict,,true
92c2531f856d98f57ea2253a,Jack Daniel's Master Distiller  Series No. 4,,,2017,W001727,jack daniel's master distiller (all series),91.57,,REVIEW_PRODUCT_FEATURE,score_86_93_no_conflict,,true
92788e87963fa36376ea1ab0,Jack Daniel's Master Distiller  Series No. 3,,,,W001727,jack daniel's master distiller (all series),91.57,,REVIEW_PRODUCT_FEATURE,score_86_93_no_conflict,,true
459b1126e07b4886840a40f1,Jack Daniel's Master Distiller  Series No. 3,,,,W001727,jack daniel's master distiller (all series),91.57,,REVIEW_PRODUCT_FEATURE,score_86_93_no_conflict,,true
24ac359d1d088ff6cf21c8a7,Jack Daniel's Master Distiller  Series No. 3,,,2015,W001727,jack daniel's master distiller (all series),91.57,,REVIEW_PRODUCT_FEATURE,score_86_93_no_conflict,,true
1c9066dee463561860d68925,Jack Daniel's Master Distiller  Series No. 3,,,,W001727,jack daniel's master distiller (all series),91.57,,REVIEW_PRODUCT_FEATURE,score_86_93_no_conflict,,true
f42850a3b99735a20a49803d,Jack Daniel's Master Distiller  Series No. 5,,,,W001727,jack daniel's master distiller (all series),91.57,,REVIEW_PRODUCT_FEATURE,score_86_93_no_conflict,,true
9ae4bb1903d228ea60a474c1,Jack Daniel's Monogram  Second Edition,,,,W001727,jack daniel's master distiller (all series),61.54,,REJECT_LOW_CONFIDENCE,score_lt_86,,true
6dcfbdfaa410d4f19f3679fe,Jack Daniel's Monogram  Second Edition,,,,W001727,jack daniel's master distiller (all series),61.54,,REJECT_LOW_CONFIDENCE,score_lt_86,,true
bf269d409f04f61ca362261d,Jack Daniel's Mr. Jack's 160th Birthday,,,,W001647,jack daniel's 150th anniversary,66.67,,REJECT_LOW_CONFIDENCE,score_lt_86,,true
5f1c9eb527f7d0de57c8f097,Jack Daniel's No. 27 Gold  Year of the Pig,,,,W001819,jack daniel's old no. 7,64.52,,REJECT_LOW_CONFIDENCE,score_lt_86,,true
555477fe6ac27f1a9925cbbe,Jack Daniel's No. 27 Gold  Maple Wood Finish,,,,W001813,jack daniel's no. 27 gold double barrelled,60.24,,REJECT_LOW_CONFIDENCE,score_lt_86,,true
32ecd067b5b867d20f9b66d5,Jack Daniel's No. 27 Gold  Double Barreled,,,,W001813,jack daniel's no. 27 gold double barrelled,98.77,,KEEP_PRODUCT_FEATURE,score_gte_94_no_conflict,,true
5379c342d3ff5a64549c5c0d,Jack Daniel's No. 27 Gold  Double Barreled,,,,W001813,jack daniel's no. 27 gold double barrelled,98.77,,KEEP_PRODUCT_FEATURE,score_gte_94_no_conflict,,true
63101dafdb71a32b48194701,Jack Daniel's No. 27 Gold  Double Barreled,,,,W001813,jack daniel's no. 27 gold double barrelled,98.77,,KEEP_PRODUCT_FEATURE,score_gte_94_no_conflict,,true
1e0c1c6e08f1d365e0253e69,Jack Daniel's No. 27 Gold  Double Barreled,,,,W001813,jack daniel's no. 27 gold double barrelled,98.77,,KEEP_PRODUCT_FEATURE,score_gte_94_no_conflict,,true
76d9b0c11e0becfeda5a0def,Jack Daniel's No. 27 Gold  Double Barreled,,,2021,W001813,jack daniel's no. 27 gold double barrelled,98.77,,KEEP_PRODUCT_FEATURE,score_gte_94_no_conflict,,true
1419a786c3fd1c10389928bc,Jack Daniel's No. 27 Gold  Double Barreled,,,,W001813,jack daniel's no. 27 gold double barrelled,98.77,,KEEP_PRODUCT_FEATURE,score_gte_94_no_conflict,,true
c6aec316c53eb8a06b92af23,Jack Daniel's No. 27 Gold  Double Barreled,,,,W001813,jack daniel's no. 27 gold double barrelled,98.77,,KEEP_PRODUCT_FEATURE,score_gte_94_no_conflict,,true
ddc0a67db3b62d8a8bfb34ee,Jack Daniel's No. 27 Gold  Double Barreled,,,2019,W001813,jack daniel's no. 27 gold double barrelled,98.77,,KEEP_PRODUCT_FEATURE,score_gte_94_no_conflict,,true
bac12bbd72c1a51d48b3e7b2,Jack Daniel's No. 7 Old Time Distillery  1895 Replica,,,,W001727,jack daniel's master distiller (all series),63.04,,REJECT_LOW_CONFIDENCE,score_lt_86,,true
7db88fa229e97f714de3f347,Jack Daniel's Old No. 7  Legacy Edition No. 1,,,1905,W001819,jack daniel's old no. 7,68.75,,REJECT_LOW_CONFIDENCE,score_lt_86,,true
a16116da5570ea0025de8f48,Jack Daniel's Old No. 7  Legacy Edition No. 1,,,,W001819,jack daniel's old no. 7,68.75,,REJECT_LOW_CONFIDENCE,score_lt_86,,true
de9d77add0ce3e3fe4bb9dce,Jack Daniel's Old No. 7  Legacy Edition No. 1,,,,W001819,jack daniel's old no. 7,68.75,,REJECT_LOW_CONFIDENCE,score_lt_86,,true
4c203f6c8f443a74994cd9ea,Jack Daniel's Old No. 7,,,,W001819,jack daniel's old no. 7,100.0,,KEEP_PRODUCT_FEATURE,score_gte_94_no_conflict,,true
3dcc007bb30fb89c2414d00c,Jack Daniel's Old No. 7,,,,W001819,jack daniel's old no. 7,100.0,,KEEP_PRODUCT_FEATURE,score_gte_94_no_conflict,,true
01f2d0aead6fba9c28a4b039,Jack Daniel's Old No. 7,,,,W001819,jack daniel's old no. 7,100.0,,KEEP_PRODUCT_FEATURE,score_gte_94_no_conflict,,true
a9bb40c50cc1f95577e7a0be,Jack Daniel's Old No. 7  Miniature,,,,W001819,jack daniel's old no. 7,81.48,,REJECT_LOW_CONFIDENCE,score_lt_86,,true
72436dba0848024c68a37346,Jack Daniel's Old No. 7,,,,W001819,jack daniel's old no. 7,100.0,,KEEP_PRODUCT_FEATURE,score_gte_94_no_conflict,,true
c9234d6f05f003a817b3744c,Jack Daniel's Old No. 7,,,,W001819,jack daniel's old no. 7,100.0,,KEEP_PRODUCT_FEATURE,score_gte_94_no_conflict,,true
70e42809308ea18c1876080e,Jack Daniel's Old No. 7,,,,W001819,jack daniel's old no. 7,100.0,,KEEP_PRODUCT_FEATURE,score_gte_94_no_conflict,,true
ebf22b544603f1a76481032e,Jack Daniel's Old No. 7,,,,W001819,jack daniel's old no. 7,100.0,,KEEP_PRODUCT_FEATURE,score_gte_94_no_conflict,,true
5f13cc557a3c20632bde70d3,Jack Daniel's Old No. 7,,,,W001819,jack daniel's old no. 7,100.0,,KEEP_PRODUCT_FEATURE,score_gte_94_no_conflict,,true
7d343bacee3aa751d88ad7f7,Jack Daniel's Old No. 7,,,,W001819,jack daniel's old no. 7,100.0,,KEEP_PRODUCT_FEATURE,score_gte_94_no_conflict,,true
5d0bfc4f88334b0b6e320571,Jack Daniel's Old No. 7,,,,W001819,jack daniel's old no. 7,100.0,,KEEP_PRODUCT_FEATURE,score_gte_94_no_conflict,,true
f8c145b69fb934c19ff4b9c2,Jack Daniel's Old No. 7,,,,W001819,jack daniel's old no. 7,100.0,,KEEP_PRODUCT_FEATURE,score_gte_94_no_conflict,,true
e6ff66bbd1a031534c894498,Jack Daniel's Old No. 7,,,,W001819,jack daniel's old no. 7,100.0,,KEEP_PRODUCT_FEATURE,score_gte_94_no_conflict,,true
2aac82584ca0ffda7bcc3627,Jack Daniel's Old No. 7  Old Time,,,,W001819,jack daniel's old no. 7,83.02,,REJECT_LOW_CONFIDENCE,score_lt_86,,true
e01c704817b7f798fa628aa7,Jack Daniel's Old No. 7,,,,W001819,jack daniel's old no. 7,100.0,,KEEP_PRODUCT_FEATURE,score_gte_94_no_conflict,,true
430d4c2fa2a9837722f37089,Jack Daniel's Old No. 7  Legacy Edition No. 3,,,1905,W001819,jack daniel's old no. 7,68.75,,REJECT_LOW_CONFIDENCE,score_lt_86,,true
161137542e0c6ae6272409bd,Jack Daniel's Old No. 7,,,1969,W001819,jack daniel's old no. 7,100.0,,KEEP_PRODUCT_FEATURE,score_gte_94_no_conflict,,true
3eadf409558c3083b151bb85,Jack Daniel's Old No. 7  St. Pauli - Special Edition,,,2019,W001819,jack daniel's old no. 7,63.77,,REJECT_LOW_CONFIDENCE,score_lt_86,,true
4e4afe7db908656c150bb0b2,Jack Daniel's Old No. 7  St. Pauli - Special Edition,,,,W001819,jack daniel's old no. 7,63.77,,REJECT_LOW_CONFIDENCE,score_lt_86,,true
9208acd4f1c8cd8bc22027cf,Jack Daniel's Old No. 7  St. Pauli - Special Edition,,,,W001819,jack daniel's old no. 7,63.77,,REJECT_LOW_CONFIDENCE,score_lt_86,,true
acc4e7b4b6b1b6cfb65a4b15,Jack Daniel's Scenes From Lynchburg  No 10 - Barrelhouse,,,,W001445,jack daniel's single barrel rye,61.9,,REJECT_LOW_CONFIDENCE,score_lt_86,,true
2fe221b44a09bdf7b47bd44f,Jack Daniel's Scenes From Lynchburg  No 11 - The Cave Spring,,,,W001831,Jack Daniel's Single Barrel Select,57.14,,REJECT_LOW_CONFIDENCE,score_lt_86,,true
a85cacdb6e7e87012c7c5944,Jack Daniel's Silver Select,,,,W001831,Jack Daniel's Single Barrel Select,81.97,,REJECT_LOW_CONFIDENCE,score_lt_86,,true
ed5e91ff9daaa89747496987,Jack Daniel's Silver Select,,,,W001831,Jack Daniel's Single Barrel Select,81.97,,REJECT_LOW_CONFIDENCE,score_lt_86,,true
d5785174f15d925330c5698d,Jack Daniel's Silver Select,,,,W001831,Jack Daniel's Single Barrel Select,81.97,,REJECT_LOW_CONFIDENCE,score_lt_86,,true
672e552c3f694841ccb44238,Jack Daniel's Silver Select,,,,W001831,Jack Daniel's Single Barrel Select,81.97,,REJECT_LOW_CONFIDENCE,score_lt_86,,true
7a9cdd403c7543c920d346e8,Jack Daniel's Silver Select,,,,W001831,Jack Daniel's Single Barrel Select,81.97,,REJECT_LOW_CONFIDENCE,score_lt_86,,true
7e7e438e0d4c32f740068d34,Jack Daniel's Silver Select,,,,W001831,Jack Daniel's Single Barrel Select,81.97,,REJECT_LOW_CONFIDENCE,score_lt_86,,true
1c5080acc31cfc4fda11a88d,Jack Daniel's Silver Select,,,,W001831,Jack Daniel's Single Barrel Select,81.97,,REJECT_LOW_CONFIDENCE,score_lt_86,,true
802657a0555ce14cc23a1b4b,Jack Daniel's Silver Select,,,,W001831,Jack Daniel's Single Barrel Select,81.97,,REJECT_LOW_CONFIDENCE,score_lt_86,,true
6870117a0636b9ff26c9a69b,Jack Daniel's Silver Select,,,,W001831,Jack Daniel's Single Barrel Select,81.97,,REJECT_LOW_CONFIDENCE,score_lt_86,,true
2e2321d2992b466fc5c298bf,Jack Daniel's Silver Select,,,,W001831,Jack Daniel's Single Barrel Select,81.97,,REJECT_LOW_CONFIDENCE,score_lt_86,,true
9ca47a412940bebd99cead01,Jack Daniel's Silver Select,,,,W001831,Jack Daniel's Single Barrel Select,81.97,,REJECT_LOW_CONFIDENCE,score_lt_86,,true
dbb1361080bdee0ea80d0c8b,Jack Daniel's Silver Select,,,,W001831,Jack Daniel's Single Barrel Select,81.97,,REJECT_LOW_CONFIDENCE,score_lt_86,,true
513660f95133d133a70c6b12,Jack Daniel's Sinatra Select,,,,W001831,Jack Daniel's Single Barrel Select,77.42,,REJECT_LOW_CONFIDENCE,score_lt_86,,true
4a288079b1af49007f04e034,Jack Daniel's Sinatra Select,,,,W001831,Jack Daniel's Single Barrel Select,77.42,,REJECT_LOW_CONFIDENCE,score_lt_86,,true
1537dd84d39eaa785b09883e,Jack Daniel's Sinatra Select,,,2021,W001831,Jack Daniel's Single Barrel Select,77.42,,REJECT_LOW_CONFIDENCE,score_lt_86,,true
03c39d49678c40ae55b2b176,Jack Daniel's Sinatra Select,,,,W001831,Jack Daniel's Single Barrel Select,77.42,,REJECT_LOW_CONFIDENCE,score_lt_86,,true
e061c8a4f310579a4755c542,Jack Daniel's Sinatra Select,,,,W001831,Jack Daniel's Single Barrel Select,77.42,,REJECT_LOW_CONFIDENCE,score_lt_86,,true
464d810dcce52cea09f4d4e0,Jack Daniel's Sinatra Select,,,,W001831,Jack Daniel's Single Barrel Select,77.42,,REJECT_LOW_CONFIDENCE,score_lt_86,,true
44c6d5ae48ca522e21d82988,Jack Daniel's Sinatra Select,,,,W001831,Jack Daniel's Single Barrel Select,77.42,,REJECT_LOW_CONFIDENCE,score_lt_86,,true
d474c37524cb1d4050ef3bb6,Jack Daniel's Sinatra Select,,,,W001831,Jack Daniel's Single Barrel Select,77.42,,REJECT_LOW_CONFIDENCE,score_lt_86,,true
9436505b72841444b2120330,Jack Daniel's Sinatra Select,,,,W001831,Jack Daniel's Single Barrel Select,77.42,,REJECT_LOW_CONFIDENCE,score_lt_86,,true
a3baafb79cabe5ac47887c7d,Jack Daniel's Single Barrel  Barrel Proof,,,,W001711,jack daniel's single barrel barrel proof,100.0,,KEEP_PRODUCT_FEATURE,score_gte_94_no_conflict,,true
ba8b6cc1d4589ae07bf9d1fd,Jack Daniel's Single Barrel  Barrel Proof,,,,W001711,jack daniel's single barrel barrel proof,100.0,,KEEP_PRODUCT_FEATURE,score_gte_94_no_conflict,,true
5e7588ab68af2f26403a9009,Jack Daniel's Single Barrel  Barrel Proof,,,,W001711,jack daniel's single barrel barrel proof,100.0,,KEEP_PRODUCT_FEATURE,score_gte_94_no_conflict,,true
b9fb48fc0c422dd58d874bda,Jack Daniel's Single Barrel  Barrel Strength,,,,W001711,jack daniel's single barrel barrel proof,81.93,,REJECT_LOW_CONFIDENCE,score_lt_86,,true
a75b253993dd089f7fe8b910,Jack Daniel's Single Barrel,,,,W001735,jack daniel's single barrel,100.0,,KEEP_PRODUCT_FEATURE,score_gte_94_no_conflict,,true
82a595458ad6e95b1791ee62,Jack Daniel's Single Barrel  Heritage Barrel,,,,W001711,jack daniel's single barrel barrel proof,81.93,,REJECT_LOW_CONFIDENCE,score_lt_86,,true
90480f52f4a185cc3d783f2c,Jack Daniel's Single Barrel  Barrel Proof,,,,W001711,jack daniel's single barrel barrel proof,100.0,,KEEP_PRODUCT_FEATURE,score_gte_94_no_conflict,,true
b725d68f2af4e08cca5b19c1,Jack Daniel's Single Barrel  Barrel Proof,,,2021,W001711,jack daniel's single barrel barrel proof,100.0,,KEEP_PRODUCT_FEATURE,score_gte_94_no_conflict,,true
78c28a63a09ea54fc32211eb,Jack Daniel's Single Barrel  Barrel Proof,,,,W001711,jack daniel's single barrel barrel proof,100.0,,KEEP_PRODUCT_FEATURE,score_gte_94_no_conflict,,true
b96118790cb05952afe51996,Jack Daniel's Single Barrel,,,2021,W001735,jack daniel's single barrel,100.0,,KEEP_PRODUCT_FEATURE,score_gte_94_no_conflict,,true
1bfd60c149bd227de0efc55a,Jack Daniel's Single Barrel  Barrel Proof,,,,W001711,jack daniel's single barrel barrel proof,100.0,,KEEP_PRODUCT_FEATURE,score_gte_94_no_conflict,,true
90b87c58f13a184e23cbbbbb,Jack Daniel's Single Barrel  Barrel Proof,,,,W001711,jack daniel's single barrel barrel proof,100.0,,KEEP_PRODUCT_FEATURE,score_gte_94_no_conflict,,true
f612c00557d1802f50fe6c48,Jack Daniel's Single barrel  Barrel Strength,,,,W001711,jack daniel's single barrel barrel proof,81.93,,REJECT_LOW_CONFIDENCE,score_lt_86,,true
720097883f52c21399b5bdf4,Jack Daniel's Single Barrel  Barrel Proof,,,,W001711,jack daniel's single barrel barrel proof,100.0,,KEEP_PRODUCT_FEATURE,score_gte_94_no_conflict,,true
cec6c6ca2dedf9fad28b53db,Jack Daniel's Single Barrel,,,,W001735,jack daniel's single barrel,100.0,,KEEP_PRODUCT_FEATURE,score_gte_94_no_conflict,,true
24afa0a757855656fe974da6,Jack Daniel's Single Barrel  Barrel Strength,,,,W001711,jack daniel's single barrel barrel proof,81.93,,REJECT_LOW_CONFIDENCE,score_lt_86,,true
f313a28cfd994ade584abad5,Jack Daniel's Single Barrel  Barrel Strength,,,,W001711,jack daniel's single barrel barrel proof,81.93,,REJECT_LOW_CONFIDENCE,score_lt_86,,true
db6281174b8b0dd28e061305,Jack Daniel's Single Barrel  Barrel Strength,,,,W001711,jack daniel's single barrel barrel proof,81.93,,REJECT_LOW_CONFIDENCE,score_lt_86,,true
e18ad36acef6dff47138a675,Jack Daniel's Single Barrel  Barrel Strength,,,,W001711,jack daniel's single barrel barrel proof,81.93,,REJECT_LOW_CONFIDENCE,score_lt_86,,true
f5d174d2d9b2545e93a34658,Jack Daniel's Single Barrel  Barrel Proof,,,,W001711,jack daniel's single barrel barrel proof,100.0,,KEEP_PRODUCT_FEATURE,score_gte_94_no_conflict,,true
9418d61ca3051d4aa32ad702,Jack Daniel's Single Barrel  Barrel Proof,,,,W001711,jack daniel's single barrel barrel proof,100.0,,KEEP_PRODUCT_FEATURE,score_gte_94_no_conflict,,true
57f0c8bc877eabc8051fc1a5,Jack Daniel's Single Barrel,,,,W001735,jack daniel's single barrel,100.0,,KEEP_PRODUCT_FEATURE,score_gte_94_no_conflict,,true
5edc36a5757c58ca64376da1,Jack Daniel's Single Barrel  Barrel Strength,,,,W001711,jack daniel's single barrel barrel proof,81.93,,REJECT_LOW_CONFIDENCE,score_lt_86,,true
49a1972193d8d2f8fef0610f,Jack Daniel's Single Barrel  Barrel Strength,,,,W001711,jack daniel's single barrel barrel proof,81.93,,REJECT_LOW_CONFIDENCE,score_lt_86,,true
c13733609bcd4dc1972d2e3c,Jack Daniel's Single Barrel  Barrel Strength,,,,W001711,jack daniel's single barrel barrel proof,81.93,,REJECT_LOW_CONFIDENCE,score_lt_86,,true
714374d9f1b154c071f60532,Jack Daniel's Single Barrel  Barrel Strength,,,,W001711,jack daniel's single barrel barrel proof,81.93,,REJECT_LOW_CONFIDENCE,score_lt_86,,true
080c5ee9f9d86effca1d2bf1,Jack Daniel's Single Barrel - 100 Proof,,,,W001711,jack daniel's single barrel barrel proof,88.31,,REVIEW_PRODUCT_FEATURE,score_86_93_no_conflict,,true
4fb5cc91db6a8af36af63f6a,Jack Daniel's Single Barrel - 100 Proof,,,,W001711,jack daniel's single barrel barrel proof,88.31,,REVIEW_PRODUCT_FEATURE,score_86_93_no_conflict,,true
7b4542f9d5d1b72691d7e1c8,Jack Daniel's Single Barrel - 100 Proof,,,,W001711,jack daniel's single barrel barrel proof,88.31,,REVIEW_PRODUCT_FEATURE,score_86_93_no_conflict,,true
56817b58c2308e158ad8b5fa,Jack Daniel's Single Barrel - 100 Proof,,,,W001711,jack daniel's single barrel barrel proof,88.31,,REVIEW_PRODUCT_FEATURE,score_86_93_no_conflict,,true
4682fc30058dfc8f17caea7e,Jack Daniel's Single Barrel - 100 Proof,,,,W001711,jack daniel's single barrel barrel proof,88.31,,REVIEW_PRODUCT_FEATURE,score_86_93_no_conflict,,true
fb66a1b5862a31aed9b7bf08,Jack Daniel's Single Barrel - 100 Proof,,,,W001711,jack daniel's single barrel barrel proof,88.31,,REVIEW_PRODUCT_FEATURE,score_86_93_no_conflict,,true
9492a89ee0f4ad984b0297c2,Jack Daniel's Single Barrel - Rye,,,,W001445,jack daniel's single barrel rye,100.0,,KEEP_PRODUCT_FEATURE,score_gte_94_no_conflict,,true
1c136bedab859e87d04f2f62,Jack Daniel's Single Barrel - Rye,,,,W001445,jack daniel's single barrel rye,100.0,,KEEP_PRODUCT_FEATURE,score_gte_94_no_conflict,,true
bc6fd8169c88abd789de3cff,Jack Daniel's Single Barrel - Rye,,,,W001445,jack daniel's single barrel rye,100.0,,KEEP_PRODUCT_FEATURE,score_gte_94_no_conflict,,true
b5fd8d1c22458efa4df5c9d5,Jack Daniel's Single Barrel - Rye,,,,W001445,jack daniel's single barrel rye,100.0,,KEEP_PRODUCT_FEATURE,score_gte_94_no_conflict,,true
91c422a9450d12819dccb760,Jack Daniel's Single Barrel - Rye,,,,W001445,jack daniel's single barrel rye,100.0,,KEEP_PRODUCT_FEATURE,score_gte_94_no_conflict,,true
1cce3b02787cb43c95102fbc,Jack Daniel's Single Barrel - Rye,,,,W001445,jack daniel's single barrel rye,100.0,,KEEP_PRODUCT_FEATURE,score_gte_94_no_conflict,,true
49d7e40401d601966b8df66c,Jack Daniel's Single Barrel - Rye,,,,W001445,jack daniel's single barrel rye,100.0,,KEEP_PRODUCT_FEATURE,score_gte_94_no_conflict,,true
1d451c67e9589abb99ad841f,Jack Daniel's Single Barrel - Rye,,,,W001445,jack daniel's single barrel rye,100.0,,KEEP_PRODUCT_FEATURE,score_gte_94_no_conflict,,true
0e5b40d949be37a139696fdc,Jack Daniel's Single Barrel - Rye,,,,W001445,jack daniel's single barrel rye,100.0,,KEEP_PRODUCT_FEATURE,score_gte_94_no_conflict,,true
de123edca6d0b9ee0dde58a8,Jack Daniel's Single Barrel - Rye,,,,W001445,jack daniel's single barrel rye,100.0,,KEEP_PRODUCT_FEATURE,score_gte_94_no_conflict,,true
fbeb71847232c779377790b1,Jack Daniel's Single Barrel - Rye,,,,W001445,jack daniel's single barrel rye,100.0,,KEEP_PRODUCT_FEATURE,score_gte_94_no_conflict,,true
6b0c6602d580b7ff4750ab2f,Jack Daniel's Single Barrel - Rye,,,,W001445,jack daniel's single barrel rye,100.0,,KEEP_PRODUCT_FEATURE,score_gte_94_no_conflict,,true
7f9b8ab94363292cb30d50bb,Jack Daniel's Single Barrel - Rye,,,,W001445,jack daniel's single barrel rye,100.0,,KEEP_PRODUCT_FEATURE,score_gte_94_no_conflict,,true
5eb3d7b4c75841c0b5a12e2a,Jack Daniel's Single Barrel - Rye,,,,W001445,jack daniel's single barrel rye,100.0,,KEEP_PRODUCT_FEATURE,score_gte_94_no_conflict,,true
e1fef901415bd44e5115eea8,Jack Daniel's Single Barrel - Rye,,,,W001445,jack daniel's single barrel rye,100.0,,KEEP_PRODUCT_FEATURE,score_gte_94_no_conflict,,true
53ea73cbc01b577c3060057e,Jack Daniel's Single Barrel - Rye,,,,W001445,jack daniel's single barrel rye,100.0,,KEEP_PRODUCT_FEATURE,score_gte_94_no_conflict,,true
179c5788a46043636c162da4,Jack Daniel's Single Barrel - Rye,,,,W001445,jack daniel's single barrel rye,100.0,,KEEP_PRODUCT_FEATURE,score_gte_94_no_conflict,,true
fcbb94f2572fc65db0236157,Jack Daniel's Single Barrel Rye,,,,W001445,jack daniel's single barrel rye,100.0,,KEEP_PRODUCT_FEATURE,score_gte_94_no_conflict,,true
712f696692b0d7decc871236,Jack Daniel's Single Barrel Rye,,,,W001445,jack daniel's single barrel rye,100.0,,KEEP_PRODUCT_FEATURE,score_gte_94_no_conflict,,true
c53cf52017719008f6f2599d,Jack Daniel's Single Barrel Rye,,,,W001445,jack daniel's single barrel rye,100.0,,KEEP_PRODUCT_FEATURE,score_gte_94_no_conflict,,true
38ac8848af1e110f741b29f0,Jack Daniel's Single Barrel Rye,,,,W001445,jack daniel's single barrel rye,100.0,,KEEP_PRODUCT_FEATURE,score_gte_94_no_conflict,,true
b41325b4e0a6600e98cc0b92,Jack Daniel's Single Barrel Select,,,,W001831,Jack Daniel's Single Barrel Select,100.0,,KEEP_PRODUCT_FEATURE,score_gte_94_no_conflict,,true
396ac2b4fc689ab13abd3249,Jack Daniel's Single Barrel Select,,,,W001831,Jack Daniel's Single Barrel Select,100.0,,KEEP_PRODUCT_FEATURE,score_gte_94_no_conflict,,true
6e5cc4f1efff9f1375f96b27,Jack Daniel's Single Barrel Select,,,,W001831,Jack Daniel's Single Barrel Select,100.0,,KEEP_PRODUCT_FEATURE,score_gte_94_no_conflict,,true
a208e7418d1a9763fbb98b4f,Jack Daniel's Single Barrel Select,,,,W001831,Jack Daniel's Single Barrel Select,100.0,,KEEP_PRODUCT_FEATURE,score_gte_94_no_conflict,,true
8717878cc953868f1c1cb4fe,Jack Daniel's Single Barrel Select,,,,W001831,Jack Daniel's Single Barrel Select,100.0,,KEEP_PRODUCT_FEATURE,score_gte_94_no_conflict,,true
9e9a08eaae9642c9c7a50bca,Jack Daniel's Single Barrel Select,,,,W001831,Jack Daniel's Single Barrel Select,100.0,,KEEP_PRODUCT_FEATURE,score_gte_94_no_conflict,,true
9e69095f08f9c99fb1d15652,Jack Daniel's Single Barrel Select,,,,W001831,Jack Daniel's Single Barrel Select,100.0,,KEEP_PRODUCT_FEATURE,score_gte_94_no_conflict,,true
ddf02a109b966d395e9c9fb8,Jack Daniel's Single Barrel Select,,,,W001831,Jack Daniel's Single Barrel Select,100.0,,KEEP_PRODUCT_FEATURE,score_gte_94_no_conflict,,true
65001d2ffee703a63aacbaa4,Jack Daniel's Single Barrel Select,,,,W001831,Jack Daniel's Single Barrel Select,100.0,,KEEP_PRODUCT_FEATURE,score_gte_94_no_conflict,,true
ff56b2d8d198874046129b78,Jack Daniel's Single Barrel Select,,,,W001831,Jack Daniel's Single Barrel Select,100.0,,KEEP_PRODUCT_FEATURE,score_gte_94_no_conflict,,true
7c1be3e58239127994c825dc,Jack Daniel's Single Barrel Select,,,,W001831,Jack Daniel's Single Barrel Select,100.0,,KEEP_PRODUCT_FEATURE,score_gte_94_no_conflict,,true
2fca148aed9c5414f001b852,Jack Daniel's Single Barrel Select,,,,W001831,Jack Daniel's Single Barrel Select,100.0,,KEEP_PRODUCT_FEATURE,score_gte_94_no_conflict,,true
b9b68d27a8b8aa22a4f5f3da,Jack Daniel's Single Barrel Select,,,,W001831,Jack Daniel's Single Barrel Select,100.0,,KEEP_PRODUCT_FEATURE,score_gte_94_no_conflict,,true
c6b7f1d22c05af287e97d1e1,Jack Daniel's Single Barrel Select,,,,W001831,Jack Daniel's Single Barrel Select,100.0,,KEEP_PRODUCT_FEATURE,score_gte_94_no_conflict,,true
78d4652a3584010c1c1ca33c,Jack Daniel's Single Barrel Select,,,,W001831,Jack Daniel's Single Barrel Select,100.0,,KEEP_PRODUCT_FEATURE,score_gte_94_no_conflict,,true
438af1ce3ad1fbcd22215924,Jack Daniel's Single Barrel Select,,,,W001831,Jack Daniel's Single Barrel Select,100.0,,KEEP_PRODUCT_FEATURE,score_gte_94_no_conflict,,true
29f3ea625163b10de428dbc8,Jack Daniel's Single Barrel Select,,,,W001831,Jack Daniel's Single Barrel Select,100.0,,KEEP_PRODUCT_FEATURE,score_gte_94_no_conflict,,true
97941b41c1571ad434c564f2,Jack Daniel's Single Barrel Select,,,2016,W001831,Jack Daniel's Single Barrel Select,100.0,,KEEP_PRODUCT_FEATURE,score_gte_94_no_conflict,,true
ab33196840b8631148b86cb2,Jack Daniel's Single Barrel Select,,,,W001831,Jack Daniel's Single Barrel Select,100.0,,KEEP_PRODUCT_FEATURE,score_gte_94_no_conflict,,true
42ee673d0af98f9a2fed1823,Jack Daniel's Single Barrel Select,,,,W001831,Jack Daniel's Single Barrel Select,100.0,,KEEP_PRODUCT_FEATURE,score_gte_94_no_conflict,,true
aac4f52c3118c427d3c64d40,Jack Daniel's Single Barrel Select,,,,W001831,Jack Daniel's Single Barrel Select,100.0,,KEEP_PRODUCT_FEATURE,score_gte_94_no_conflict,,true
5510344c0f71ec2fefc24acd,Jack Daniel's Single Barrel Select,,,,W001831,Jack Daniel's Single Barrel Select,100.0,,KEEP_PRODUCT_FEATURE,score_gte_94_no_conflict,,true
f19645efbd2aeb3406a397d7,Jack Daniel's Single Barrel Select,,,,W001831,Jack Daniel's Single Barrel Select,100.0,,KEEP_PRODUCT_FEATURE,score_gte_94_no_conflict,,true
da0e8c5729741fcb78d1fa17,Jack Daniel's Single Barrel Select,,,2018,W001831,Jack Daniel's Single Barrel Select,100.0,,KEEP_PRODUCT_FEATURE,score_gte_94_no_conflict,,true
dcfd9f476e2ece49082ef95c,Jack Daniel's Single Barrel Select,,,,W001831,Jack Daniel's Single Barrel Select,100.0,,KEEP_PRODUCT_FEATURE,score_gte_94_no_conflict,,true
1e79f0c11e252b8b5ba5275b,Jack Daniel's Single Barrel Select,,,,W001831,Jack Daniel's Single Barrel Select,100.0,,KEEP_PRODUCT_FEATURE,score_gte_94_no_conflict,,true
f52d2bd71a65ba51db311d24,Jack Daniel's Single Barrel Select,,,,W001831,Jack Daniel's Single Barrel Select,100.0,,KEEP_PRODUCT_FEATURE,score_gte_94_no_conflict,,true
e22473fb41b8f5cce10d8c33,Jack Daniel's Single Barrel Select,,,,W001831,Jack Daniel's Single Barrel Select,100.0,,KEEP_PRODUCT_FEATURE,score_gte_94_no_conflict,,true
434ff2932751daf0bdc4c420,Jack Daniel's Single Barrel Select  Special Edition,,,,W001831,Jack Daniel's Single Barrel Select,80.95,,REJECT_LOW_CONFIDENCE,score_lt_86,,true
9d7b81027be44af1ea6ad6ca,Jack Daniel's Single Barrel Select,,,,W001831,Jack Daniel's Single Barrel Select,100.0,,KEEP_PRODUCT_FEATURE,score_gte_94_no_conflict,,true
7bdcc1d2d9b2439668900b5a,Jack Daniel's Single Barrel Select,,,,W001831,Jack Daniel's Single Barrel Select,100.0,,KEEP_PRODUCT_FEATURE,score_gte_94_no_conflict,,true
fa687dcff067c0c01b054820,Jack Daniel's Single Barrel Select,,,,W001831,Jack Daniel's Single Barrel Select,100.0,,KEEP_PRODUCT_FEATURE,score_gte_94_no_conflict,,true
38c10f5eb5a5031ea74a9b22,Jack Daniel's Single Barrel Select,,,,W001831,Jack Daniel's Single Barrel Select,100.0,,KEEP_PRODUCT_FEATURE,score_gte_94_no_conflict,,true
b6d186b77931cd3c37e890de,Jack Daniel's Single Barrel Select,,,,W001831,Jack Daniel's Single Barrel Select,100.0,,KEEP_PRODUCT_FEATURE,score_gte_94_no_conflict,,true
52fcca591356acbb7c4a5f52,Jack Daniel's Single Barrel Select,,,,W001831,Jack Daniel's Single Barrel Select,100.0,,KEEP_PRODUCT_FEATURE,score_gte_94_no_conflict,,true
705c6b31ede947568e804432,Jack Daniel's Single Barrel Select,,,,W001831,Jack Daniel's Single Barrel Select,100.0,,KEEP_PRODUCT_FEATURE,score_gte_94_no_conflict,,true
093e535f40e0a381e3bd5fdd,Jack Daniel's Single Barrel Select,,,,W001831,Jack Daniel's Single Barrel Select,100.0,,KEEP_PRODUCT_FEATURE,score_gte_94_no_conflict,,true
9731a5c1762ad02085e77c22,Jack Daniel's Single Barrel Select,,,,W001831,Jack Daniel's Single Barrel Select,100.0,,KEEP_PRODUCT_FEATURE,score_gte_94_no_conflict,,true
61344b22476b04a1e6b59bda,Jack Daniel's Single Barrel Select,,,,W001831,Jack Daniel's Single Barrel Select,100.0,,KEEP_PRODUCT_FEATURE,score_gte_94_no_conflict,,true
9d153851a56c6a59ba94fda8,Jack Daniel's Single Barrel Select,,,,W001831,Jack Daniel's Single Barrel Select,100.0,,KEEP_PRODUCT_FEATURE,score_gte_94_no_conflict,,true
a3056dac0eddb284997ffc13,Jack Daniel's Single Barrel Select,,,,W001831,Jack Daniel's Single Barrel Select,100.0,,KEEP_PRODUCT_FEATURE,score_gte_94_no_conflict,,true
fded9fd9390fdc453872de98,Jack Daniel's Single Barrel Select,,,,W001831,Jack Daniel's Single Barrel Select,100.0,,KEEP_PRODUCT_FEATURE,score_gte_94_no_conflict,,true
5d46cb67a51381b549296000,Jack Daniel's Single Barrel Select,,,,W001831,Jack Daniel's Single Barrel Select,100.0,,KEEP_PRODUCT_FEATURE,score_gte_94_no_conflict,,true
c17cce552e377d60c9f47db3,Jack Daniel's Single Barrel Select,,,,W001831,Jack Daniel's Single Barrel Select,100.0,,KEEP_PRODUCT_FEATURE,score_gte_94_no_conflict,,true
3765512e0c79e61fcf6680c7,Jack Daniel's Single Barrel Select,,,,W001831,Jack Daniel's Single Barrel Select,100.0,,KEEP_PRODUCT_FEATURE,score_gte_94_no_conflict,,true
0375ef4192042bcd6963d839,Jack Daniel's Single Barrel Select,,,,W001831,Jack Daniel's Single Barrel Select,100.0,,KEEP_PRODUCT_FEATURE,score_gte_94_no_conflict,,true
73dddbf28efaedbac8cb0b59,Jack Daniel's Single Barrel Select,,,,W001831,Jack Daniel's Single Barrel Select,100.0,,KEEP_PRODUCT_FEATURE,score_gte_94_no_conflict,,true
d718dcce07d765c0aa16775b,Jack Daniel's Single Barrel Select,,,,W001831,Jack Daniel's Single Barrel Select,100.0,,KEEP_PRODUCT_FEATURE,score_gte_94_no_conflict,,true
ea3407c70e13bdb47dd02863,Jack Daniel's Single Barrel Select,,,,W001831,Jack Daniel's Single Barrel Select,100.0,,KEEP_PRODUCT_FEATURE,score_gte_94_no_conflict,,true
662c3bb7fe1134db8d0d88bc,Jack Daniel's Single Barrel Select,,,,W001831,Jack Daniel's Single Barrel Select,100.0,,KEEP_PRODUCT_FEATURE,score_gte_94_no_conflict,,true
b0fe2068dfcb59b96e2d41c8,Jack Daniel's Single Barrel Select,,,,W001831,Jack Daniel's Single Barrel Select,100.0,,KEEP_PRODUCT_FEATURE,score_gte_94_no_conflict,,true
73dc0b45503a811e3964c33a,Jack Daniel's Single Barrel Select,,,,W001831,Jack Daniel's Single Barrel Select,100.0,,KEEP_PRODUCT_FEATURE,score_gte_94_no_conflict,,true
f53f07cd3360fa0da6a5e049,Jack Daniel's Single Barrel Select,,,,W001831,Jack Daniel's Single Barrel Select,100.0,,KEEP_PRODUCT_FEATURE,score_gte_94_no_conflict,,true
092f04b0115bd2af2f3e4d10,Jack Daniel's Single Barrel Select,,,,W001831,Jack Daniel's Single Barrel Select,100.0,,KEEP_PRODUCT_FEATURE,score_gte_94_no_conflict,,true
04c6a5e8f925eaba8a83a644,Jack Daniel's Single Barrel Select,,,,W001831,Jack Daniel's Single Barrel Select,100.0,,KEEP_PRODUCT_FEATURE,score_gte_94_no_conflict,,true
9fa28194144862c6cecbce05,Jack Daniel's Single Barrel Select,,,,W001831,Jack Daniel's Single Barrel Select,100.0,,KEEP_PRODUCT_FEATURE,score_gte_94_no_conflict,,true
9d3a65621856842fd9234599,Jack Daniel's Single Barrel Select,,,2020,W001831,Jack Daniel's Single Barrel Select,100.0,,KEEP_PRODUCT_FEATURE,score_gte_94_no_conflict,,true
cf215661c99c9bd035ce09ce,Jack Daniel's Single Barrel Select,,,,W001831,Jack Daniel's Single Barrel Select,100.0,,KEEP_PRODUCT_FEATURE,score_gte_94_no_conflict,,true
4b6fc63a1e9650380b0a8723,Jack Daniel's Single Barrel Select,,,,W001831,Jack Daniel's Single Barrel Select,100.0,,KEEP_PRODUCT_FEATURE,score_gte_94_no_conflict,,true
16213c0d7862582dcf8aa30b,Jack Daniel's Single Barrel Select,,,,W001831,Jack Daniel's Single Barrel Select,100.0,,KEEP_PRODUCT_FEATURE,score_gte_94_no_conflict,,true
de976a7cc3fea58e493a8f86,Jack Daniel's Single Barrel Select,,,,W001831,Jack Daniel's Single Barrel Select,100.0,,KEEP_PRODUCT_FEATURE,score_gte_94_no_conflict,,true
192f384625d97633c81be036,Jack Daniel's Single Barrel Select,,,,W001831,Jack Daniel's Single Barrel Select,100.0,,KEEP_PRODUCT_FEATURE,score_gte_94_no_conflict,,true
9e5f9bbc7c783954776b2d6e,Jack Daniel's Single Barrel Select,,,,W001831,Jack Daniel's Single Barrel Select,100.0,,KEEP_PRODUCT_FEATURE,score_gte_94_no_conflict,,true
85f90e83c5e2457834d6261b,Jack Daniel's Single Barrel Select  Master's Choice,,,2018,W001831,Jack Daniel's Single Barrel Select,80.95,,REJECT_LOW_CONFIDENCE,score_lt_86,,true
0c9469b60410a90bd5880738,Jack Daniel's Single Barrel Select,,,2020,W001831,Jack Daniel's Single Barrel Select,100.0,,KEEP_PRODUCT_FEATURE,score_gte_94_no_conflict,,true
cf3d6aacc4db75344cba529b,Jack Daniel's Tennessee Straight Rye,,,1914,W001538,jack daniel's rested tennessee rye (batch 1/2),67.5,,REJECT_LOW_CONFIDENCE,score_lt_86,,true
815afa47a3dcb0ae1834255f,Jack Daniel's Tennessee Straight Rye,,,,W001538,jack daniel's rested tennessee rye (batch 1/2),67.5,,REJECT_LOW_CONFIDENCE,score_lt_86,,true
3aff20ac900184af5ac1836c,Jack Daniel's Tennessee Straight Rye,,,,W001538,jack daniel's rested tennessee rye (batch 1/2),67.5,,REJECT_LOW_CONFIDENCE,score_lt_86,,true
74cbecb8df0b44c7985769a9,Jack Daniel's Tennessee Straight Rye,,,,W001538,jack daniel's rested tennessee rye (batch 1/2),67.5,,REJECT_LOW_CONFIDENCE,score_lt_86,,true
b1f94524f491aa1baf8fa031,Jack Daniel's Tennessee Straight Rye,,,,W001538,jack daniel's rested tennessee rye (batch 1/2),67.5,,REJECT_LOW_CONFIDENCE,score_lt_86,,true
b78acad5d4d9665705e83696,Jack Daniel's Tennessee Straight Rye,,,,W001538,jack daniel's rested tennessee rye (batch 1/2),67.5,,REJECT_LOW_CONFIDENCE,score_lt_86,,true
138fb16c8394971af50d0569,Jack Daniel's Tennessee Straight Rye,,,2021,W001538,jack daniel's rested tennessee rye (batch 1/2),67.5,,REJECT_LOW_CONFIDENCE,score_lt_86,,true
0425b38bde4c8461c76d8b9c,Jack Daniel's Tennessee Straight Rye,,,,W001538,jack daniel's rested tennessee rye (batch 1/2),67.5,,REJECT_LOW_CONFIDENCE,score_lt_86,,true
79bd01cc6c36c8c2830c804f,Jack Daniel's Tennessee Straight Rye,,,,W001538,jack daniel's rested tennessee rye (batch 1/2),67.5,,REJECT_LOW_CONFIDENCE,score_lt_86,,true
522a5a4ee04e9e115154252e,Jack Daniel's Tennessee Straight Rye,,,,W001538,jack daniel's rested tennessee rye (batch 1/2),67.5,,REJECT_LOW_CONFIDENCE,score_lt_86,,true
aa115e2dc1b52326d4d09ee5,Jack Daniel's Tennessee Straight Rye,,,,W001538,jack daniel's rested tennessee rye (batch 1/2),67.5,,REJECT_LOW_CONFIDENCE,score_lt_86,,true
d6dcf8e52dc7dbdb36a180b9,Jack Daniel's Tennessee Straight Rye,,,,W001538,jack daniel's rested tennessee rye (batch 1/2),67.5,,REJECT_LOW_CONFIDENCE,score_lt_86,,true
f71aa7f849ca9c2aa482757d,Jack Daniel's Tennessee Straight Rye,,,,W001538,jack daniel's rested tennessee rye (batch 1/2),67.5,,REJECT_LOW_CONFIDENCE,score_lt_86,,true
a39cbe8cfa40a5db1a64c7a7,Jack Daniel's Tennessee Straight Rye Whiskey,,,,W001501,knob creek small batch straight rye whiskey,62.07,,REJECT_LOW_CONFIDENCE,score_lt_86,,true
2c9af58c22ee9fd6c9a41743,Jack Daniel's Tennessee Straight Rye Whiskey,,,,W001501,knob creek small batch straight rye whiskey,62.07,,REJECT_LOW_CONFIDENCE,score_lt_86,,true
06ac7f85b2c19e43b306124d,Jack Daniel's Tennessee Tasters' Selection 001  High Angel's Share Barrels,,,2013,W001538,jack daniel's rested tennessee rye (batch 1/2),60.34,,REJECT_LOW_CONFIDENCE,score_lt_86,,true
979fdbb569d0eaacd9b3eed7,Jack Daniel's Tennessee Travelers No.1  Sweet & Oaky Limited Edition,,,2021,W001538,jack daniel's rested tennessee rye (batch 1/2),56.88,,REJECT_LOW_CONFIDENCE,score_lt_86,,true
cce125d892be067522e95e61,Jack Daniel's The White Rabbit Saloon  Special Edition,,,,W001727,jack daniel's master distiller (all series),55.32,,REJECT_LOW_CONFIDENCE,score_lt_86,,true
d9a6e659f07e5139c0219842,Jack Daniel's The White Rabbit Saloon  Special Edition,,,,W001727,jack daniel's master distiller (all series),55.32,,REJECT_LOW_CONFIDENCE,score_lt_86,,true
6364f55696d01bbc1c6e7f20,Jack Daniel's The White Rabbit Saloon  Special Edition,,,,W001727,jack daniel's master distiller (all series),55.32,,REJECT_LOW_CONFIDENCE,score_lt_86,,true
cc508cc43817be1998cb911b,Jack Daniel's The White Rabbit Saloon  Special Edition,,,,W001727,jack daniel's master distiller (all series),55.32,,REJECT_LOW_CONFIDENCE,score_lt_86,,true
6473835c581e7ab3a4430e54,Jack Daniel's The White Rabbit Saloon  Special Edition,,,,W001727,jack daniel's master distiller (all series),55.32,,REJECT_LOW_CONFIDENCE,score_lt_86,,true
e619be196f5065d30eff6a6d,Jack Daniel's The White Rabbit Saloon  Special Edition,,,,W001727,jack daniel's master distiller (all series),55.32,,REJECT_LOW_CONFIDENCE,score_lt_86,,true
1d8a641dbc0dbeb0bf9d57a9,Jack Daniel's Unaged - Tennessee Rye,,,,W001538,jack daniel's rested tennessee rye (batch 1/2),69.23,,REJECT_LOW_CONFIDENCE,score_lt_86,,true
ceb03229098de7201e7f9dea,Knob Creek 09-year-old  Kentucky Straight Bourbon,,,2017,W001753,parker’s heritage 10th 24yo kentucky straight bourbon,72.34,,REJECT_LOW_CONFIDENCE,score_lt_86,,true
7e6450f6fb44a01ff97d1af8,Knob Creek 09-year-old  Kentucky Straight Bourbon,,,,W001753,parker’s heritage 10th 24yo kentucky straight bourbon,72.34,,REJECT_LOW_CONFIDENCE,score_lt_86,,true
36ea159b450579bf4fdcd169,Knob Creek 09-year-old  Kentucky Straight Bourbon,,,,W001753,parker’s heritage 10th 24yo kentucky straight bourbon,72.34,,REJECT_LOW_CONFIDENCE,score_lt_86,,true
9a2b92e0f05bf14c94142f9d,Knob Creek 09-year-old  Kentucky Straight Bourbon,,,,W001753,parker’s heritage 10th 24yo kentucky straight bourbon,72.34,,REJECT_LOW_CONFIDENCE,score_lt_86,,true
fbeca2acb375ca5f49cf7432,Knob Creek Single Barrel Reserve  Small Batch,,,,W001680,knob creek single barrel reserve bourbon,80.95,,REJECT_LOW_CONFIDENCE,score_lt_86,,true
d7ea86ccaf10f14734b2aacc,Karuizawa 08-year-old  100% Malt Whisky,,,,W001713,parker’s heritage 9th 8yo malt whiskey,58.82,,REJECT_LOW_CONFIDENCE,score_lt_86,,true
d5c006e8f280836f27a0fe65,Karuizawa 08-year-old  100% Malt Whisky,,,,W001713,parker’s heritage 9th 8yo malt whiskey,58.82,,REJECT_LOW_CONFIDENCE,score_lt_86,,true
afbc7d72348bf2db25d589c3,Karuizawa 08-year-old  100% Malt Whisky,,,2000,W001713,parker’s heritage 9th 8yo malt whiskey,58.82,,REJECT_LOW_CONFIDENCE,score_lt_86,,true
6d920bed1669f96620b0d87c,Karuizawa 08-year-old  100% Malt Whisky,,,,W001713,parker’s heritage 9th 8yo malt whiskey,58.82,,REJECT_LOW_CONFIDENCE,score_lt_86,,true
c32436ed775cdaaf9f2928cd,Karuizawa 08-year-old  Ocean Whisky - Ship Bottle,,,,W000062,karuizawa 1990 sherry butt,58.46,,REJECT_LOW_CONFIDENCE,score_lt_86,,true
b7ce50adfd3d74dff09d28d2,Karuizawa 10-year-old  Ocean Whisky,,,,W000140,white oak akashi 14yo,58.33,,REJECT_LOW_CONFIDENCE,score_lt_86,,true
bbe314f936b95e8b8897db0d,Karuizawa 10-year-old  Ocean Whisky,,,,W000140,white oak akashi 14yo,58.33,,REJECT_LOW_CONFIDENCE,score_lt_86,,true
7262c239f03a6d2d77db8433,Karuizawa 12-year-old  Ocean - Special Old,,,1980,W000409,cragganmore 12yo (special release 2019),57.97,,REJECT_LOW_CONFIDENCE,score_lt_86,,true
8cf4dfb7c144ecf9f45b93db,Karuizawa 12-year-old  Ocean - Special Old,,,,W000409,cragganmore 12yo (special release 2019),57.97,,REJECT_LOW_CONFIDENCE,score_lt_86,,true
ed336a60f965ba9f07faa7ef,Karuizawa 12-year-old  Ocean - Special Old,,,,W000409,cragganmore 12yo (special release 2019),57.97,,REJECT_LOW_CONFIDENCE,score_lt_86,,true
7d6c462ff58f129bc4ed5539,Karuizawa 12-year-old  Ocean - Special Old,,,,W000409,cragganmore 12yo (special release 2019),57.97,,REJECT_LOW_CONFIDENCE,score_lt_86,,true
ee57f38b4cda57901242c8be,Karuizawa 12-year-old  Ocean - Special Old,,,,W000409,cragganmore 12yo (special release 2019),57.97,,REJECT_LOW_CONFIDENCE,score_lt_86,,true
b4a9726f739c34dc70f2d1a1,Karuizawa 12-year-old  Pure Malt Whisky,,,,W001713,parker’s heritage 9th 8yo malt whiskey,63.77,,REJECT_LOW_CONFIDENCE,score_lt_86,,true
269c0ad58d95024cde8f376b,Karuizawa 12-year-old  Pure Malt Whisky,,,,W001713,parker’s heritage 9th 8yo malt whiskey,63.77,,REJECT_LOW_CONFIDENCE,score_lt_86,,true
0750b64f57f4e0b67ac36c84,Karuizawa 12-year-old  Pure Malt Whisky,,,,W001713,parker’s heritage 9th 8yo malt whiskey,63.77,,REJECT_LOW_CONFIDENCE,score_lt_86,,true
46fcec26d992f56bd8473147,Karuizawa 12-year-old  Hanshin Tigers 2003,,,,W000215,karuizawa asama vintages 1999-2000,67.65,,REJECT_LOW_CONFIDENCE,score_lt_86,,true
c6e7ca5d8fbf156e07a73601,Karuizawa 12-year-old  Ocean Whisky,,,,W000140,white oak akashi 14yo,58.33,,REJECT_LOW_CONFIDENCE,score_lt_86,,true
087bef14f2e54773c2972c84,Karuizawa 12-year-old  100% Malt Whisky,,,,W001718,barrell whiskey batch 002,58.18,,REJECT_LOW_CONFIDENCE,score_lt_86,,true
9afc21166cfc288f67d6135a,Karuizawa 12-year-old  100% Malt Whisky,,,,W001718,barrell whiskey batch 002,58.18,,REJECT_LOW_CONFIDENCE,score_lt_86,,true
32643da52f6dca09e7b66b37,Karuizawa 12-year-old  100% Malt Whisky,,,,W001718,barrell whiskey batch 002,58.18,,REJECT_LOW_CONFIDENCE,score_lt_86,,true
f5ec07f41e01a41e7267e466,Karuizawa 15-year-old,,,,W000875,cardhu 12yo,56.0,,REJECT_LOW_CONFIDENCE,score_lt_86,,true
781a579f3a34db4a5a10adcc,Karuizawa 15-year-old,,,,W000875,cardhu 12yo,56.0,,REJECT_LOW_CONFIDENCE,score_lt_86,,true
605ca2ab26fc5fca99fad9a7,Karuizawa 15-year-old,,,1956,W000875,cardhu 12yo,56.0,,REJECT_LOW_CONFIDENCE,score_lt_86,,true
1de4b408cd1413a086f08079,Karuizawa 15-year-old,,,,W000875,cardhu 12yo,56.0,,REJECT_LOW_CONFIDENCE,score_lt_86,,true
aa2c3aa697a8325102783c40,Karuizawa 15-year-old  100% Malt Whisky,,,,W001732,barrell whiskey batch 001,58.18,,REJECT_LOW_CONFIDENCE,score_lt_86,,true
fcae4a312242d1e8f2294f94,Karuizawa 15-year-old  100% Malt Whisky,,,,W001732,barrell whiskey batch 001,58.18,,REJECT_LOW_CONFIDENCE,score_lt_86,,true
68c5438eee3d3a4e975117b6,Karuizawa 15-year-old  100% Malt Whisky,,,,W001732,barrell whiskey batch 001,58.18,,REJECT_LOW_CONFIDENCE,score_lt_86,,true
5884ee565ae57ff6f11aa8df,Karuizawa 15-year-old  100% Malt Whisky,,,,W001732,barrell whiskey batch 001,58.18,,REJECT_LOW_CONFIDENCE,score_lt_86,,true
7db6f0cf35bc75f9fe5a1149,Karuizawa 15-year-old  Crystal Decanter,,,1967,W000999,highland park 15yo freya,50.91,,REJECT_LOW_CONFIDENCE,score_lt_86,,true
d625f7715268467b4d349f97,Karuizawa 15-year-old  Crystal Decanter,,,1992,W000999,highland park 15yo freya,50.91,,REJECT_LOW_CONFIDENCE,score_lt_86,,true
50fc3dce4a55ddc98b595960,Karuizawa 17-year-old  Ocean Whisky,,,,W000140,white oak akashi 14yo,58.33,,REJECT_LOW_CONFIDENCE,score_lt_86,,true
f9dba55103ae79633eca86e0,Karuizawa 17-year-old  Crystal Decanter,,,,W000554,balvenie 14yo carribean cask,50.85,,REJECT_LOW_CONFIDENCE,score_lt_86,,true
1d6b81e6ecf6b5452411a324,Karuizawa 17-year-old  Crystal Decanter,,,,W000554,balvenie 14yo carribean cask,50.85,,REJECT_LOW_CONFIDENCE,score_lt_86,,true
5b4dea35b125e8727b3cbe97,Karuizawa 17-year-old  Crystal Decanter,,,,W000554,balvenie 14yo carribean cask,50.85,,REJECT_LOW_CONFIDENCE,score_lt_86,,true
05f5c5401cc244d10aff7531,Karuizawa 17-year-old  Crystal Decanter,,,,W000554,balvenie 14yo carribean cask,50.85,,REJECT_LOW_CONFIDENCE,score_lt_86,,true
44ba12943b7aaa21e50bec4b,Karuizawa 17-year-old  Crystal Decanter,,,,W000554,balvenie 14yo carribean cask,50.85,,REJECT_LOW_CONFIDENCE,score_lt_86,,true
053f0b41b106e4ec22e6b9f5,Karuizawa 17-year-old  Crystal Decanter,,,,W000554,balvenie 14yo carribean cask,50.85,,REJECT_LOW_CONFIDENCE,score_lt_86,,true
aac64029ab30d124a207a8d9,Karuizawa 1960  Single Cask,,,1960,W000215,karuizawa asama vintages 1999-2000,70.0,,REJECT_LOW_CONFIDENCE,score_lt_86,,true
02726684d12d29ec63655cb7,Karuizawa 1960  Single Cask,,,2020,W000215,karuizawa asama vintages 1999-2000,70.0,,REJECT_LOW_CONFIDENCE,score_lt_86,,true
8cfbc11a469a5cd715f92566,Karuizawa 1960  Single Cask,,,2018,W000215,karuizawa asama vintages 1999-2000,70.0,,REJECT_LOW_CONFIDENCE,score_lt_86,,true
d8ba877db23d86df30034609,Karuizawa 1960  Single Cask,,,,W000215,karuizawa asama vintages 1999-2000,70.0,,REJECT_LOW_CONFIDENCE,score_lt_86,,true
ae9a1abec5ee8de0d81d245b,Karuizawa 1960  Single Cask,,,2015,W000215,karuizawa asama vintages 1999-2000,70.0,,REJECT_LOW_CONFIDENCE,score_lt_86,,true
dd9b4871a1e25ecc844c0388,Karuizawa 1960  Single Cask,,,1960,W000215,karuizawa asama vintages 1999-2000,70.0,,REJECT_LOW_CONFIDENCE,score_lt_86,,true
ac5d393338c03f33ee837eb3,Karuizawa 1960  Single Cask,,,,W000215,karuizawa asama vintages 1999-2000,70.0,,REJECT_LOW_CONFIDENCE,score_lt_86,,true
5ad3704a52abe4e21e662938,Karuizawa 1960  Vintage - Single Cask Malt Whisky,,,2005,W000799,kavalan single malt whisky,63.89,,REJECT_LOW_CONFIDENCE,score_lt_86,,true
75a2894975140b4632d492f7,Karuizawa 1964,,,2013,W000062,karuizawa 1990 sherry butt,60.0,,REJECT_LOW_CONFIDENCE,score_lt_86,,true
ab091a09890e8ec312d2a1f8,Karuizawa 1964,,,,W000062,karuizawa 1990 sherry butt,60.0,,REJECT_LOW_CONFIDENCE,score_lt_86,,true
5c1e68e86c19f70045899355,Karuizawa 1964,,,1964,W000062,karuizawa 1990 sherry butt,60.0,,REJECT_LOW_CONFIDENCE,score_lt_86,,true
5676dcea41ee8f97425e36b1,Karuizawa 1964,,,,W000062,karuizawa 1990 sherry butt,60.0,,REJECT_LOW_CONFIDENCE,score_lt_86,,true
f86c060eaf66fa7c41c49aa1,Karuizawa 1964,,,1964,W000062,karuizawa 1990 sherry butt,60.0,,REJECT_LOW_CONFIDENCE,score_lt_86,,true
7b224cd94441aab418a9cec3,Karuizawa 1964,,,,W000062,karuizawa 1990 sherry butt,60.0,,REJECT_LOW_CONFIDENCE,score_lt_86,,true
b4fb8117c37f685fd50604d1,Karuizawa 1964,,,,W000062,karuizawa 1990 sherry butt,60.0,,REJECT_LOW_CONFIDENCE,score_lt_86,,true
edb4d5f554cad83a54bae34d,Karuizawa 1965  Vintage - Single Cask Malt Whisky,,,,W000799,kavalan single malt whisky,63.89,,REJECT_LOW_CONFIDENCE,score_lt_86,,true
c13fd3e238e84786f1b12fc8,Karuizawa 1965  Single Cask,,,,W000215,karuizawa asama vintages 1999-2000,66.67,,REJECT_LOW_CONFIDENCE,score_lt_86,,true
fd448377f961e34304ef19ac,Karuizawa 1965  Single Cask,,,,W000215,karuizawa asama vintages 1999-2000,66.67,,REJECT_LOW_CONFIDENCE,score_lt_86,,true
62022f34d9bd7240da852f5c,Karuizawa 1965  Single Cask,,,,W000215,karuizawa asama vintages 1999-2000,66.67,,REJECT_LOW_CONFIDENCE,score_lt_86,,true
e520b9146880db3ddf1f0b74,Karuizawa 1965  Single Cask,,,,W000215,karuizawa asama vintages 1999-2000,66.67,,REJECT_LOW_CONFIDENCE,score_lt_86,,true
2f2e0c49c646a1a040c27f39,Karuizawa 1967  Vintage - Single Cask Malt Whisky,,,2020,W000799,kavalan single malt whisky,63.89,,REJECT_LOW_CONFIDENCE,score_lt_86,,true
2934c3499e26dc180dbce56a,Karuizawa 1967  Vintage - Single Cask Malt Whisky,,,,W000799,kavalan single malt whisky,63.89,,REJECT_LOW_CONFIDENCE,score_lt_86,,true
d3859c42836b571e3f065cb9,Karuizawa 1967  Vintage - Single Cask Malt Whisky,,,2018,W000799,kavalan single malt whisky,63.89,,REJECT_LOW_CONFIDENCE,score_lt_86,,true
cc65ac31f3f1cf6657480a5e,Karuizawa 1967  Vintage - Single Cask Malt Whisky,,,2017,W000799,kavalan single malt whisky,63.89,,REJECT_LOW_CONFIDENCE,score_lt_86,,true
1e4a69df1d9149fcc07f1319,Karuizawa 1967  Vintage - Single Cask Malt Whisky,,,,W000799,kavalan single malt whisky,63.89,,REJECT_LOW_CONFIDENCE,score_lt_86,,true
ea71ec11c1ce9cddced82818,Karuizawa 1967  Vintage - Single Cask Malt Whisky,,,2015,W000799,kavalan single malt whisky,63.89,,REJECT_LOW_CONFIDENCE,score_lt_86,,true
610d71906f7d38506b23835b,Karuizawa 1967  Vintage - Single Cask Malt Whisky,,,,W000799,kavalan single malt whisky,63.89,,REJECT_LOW_CONFIDENCE,score_lt_86,,true
708778008a6d4d9adcc2641c,Karuizawa 1967  Vintage - Single Cask Malt Whisky,,,,W000799,kavalan single malt whisky,63.89,,REJECT_LOW_CONFIDENCE,score_lt_86,,true
19067a906fe8fd66df26c2ec,Karuizawa 1967  Vintage - Single Cask Malt Whisky,,,,W000799,kavalan single malt whisky,63.89,,REJECT_LOW_CONFIDENCE,score_lt_86,,true
6cbf8a0caa1b2110e281bc47,Karuizawa 1967  Vintage - Single Cask Malt Whisky,,,,W000799,kavalan single malt whisky,63.89,,REJECT_LOW_CONFIDENCE,score_lt_86,,true
1ee19026774d7a77d2697291,Karuizawa 1967  Vintage - Single Cask Malt Whisky,,,,W000799,kavalan single malt whisky,63.89,,REJECT_LOW_CONFIDENCE,score_lt_86,,true
f436de323df40ee8470f4fad,Karuizawa 1967  Vintage - Single Cask Malt Whisky,,,,W000799,kavalan single malt whisky,63.89,,REJECT_LOW_CONFIDENCE,score_lt_86,,true
16c19b0b55038896df3e0437,Karuizawa 1967  Vintage - Single Cask Malt Whisky,,,,W000799,kavalan single malt whisky,63.89,,REJECT_LOW_CONFIDENCE,score_lt_86,,true
ef0b360aa0a306fdb22b8781,Karuizawa 1967  Vintage - Single Cask Malt Whisky,,,1967,W000799,kavalan single malt whisky,63.89,,REJECT_LOW_CONFIDENCE,score_lt_86,,true
67a49e37050fe2f3eb9aa991,Karuizawa 1967  Vintage - Single Cask Malt Whisky,,,,W000799,kavalan single malt whisky,63.89,,REJECT_LOW_CONFIDENCE,score_lt_86,,true
b7779af88821c9feb7e26791,Karuizawa 1967  Vintage - Single Cask Malt Whisky,,,,W000799,kavalan single malt whisky,63.89,,REJECT_LOW_CONFIDENCE,score_lt_86,,true
8590491724d53a385db45781,Karuizawa 1967  Vintage - Single Cask Malt Whisky,,,,W000799,kavalan single malt whisky,63.89,,REJECT_LOW_CONFIDENCE,score_lt_86,,true
055342f9c0e39cc212d240d6,Karuizawa 1967  Vintage - Single Cask Malt Whisky,,,2017,W000799,kavalan single malt whisky,63.89,,REJECT_LOW_CONFIDENCE,score_lt_86,,true
1fbd2503c9babbb3a4502377,Karuizawa 1967  Vintage - Single Cask Malt Whisky,,,2015,W000799,kavalan single malt whisky,63.89,,REJECT_LOW_CONFIDENCE,score_lt_86,,true
8ba0a9f96976f20b7821e265,Karuizawa 1968  Vintage - Single Cask Malt Whisky,,,2020,W000799,kavalan single malt whisky,63.89,,REJECT_LOW_CONFIDENCE,score_lt_86,,true
c19b3ed44f19e2a08b24afdc,Karuizawa 1968  Vintage - Single Cask Malt Whisky,,,,W000799,kavalan single malt whisky,63.89,,REJECT_LOW_CONFIDENCE,score_lt_86,,true
b594cbf7ee33c25a2e8b1ff6,Karuizawa 1968  Vintage - Single Cask Malt Whisky,,,1968,W000799,kavalan single malt whisky,63.89,,REJECT_LOW_CONFIDENCE,score_lt_86,,true
6345cae482b7f44904c01d9e,Karuizawa 1968  Vintage - Single Cask Malt Whisky,,,,W000799,kavalan single malt whisky,63.89,,REJECT_LOW_CONFIDENCE,score_lt_86,,true
f4b5c941783245c9a9b193ea,Karuizawa 1968  Vintage - Single Cask Malt Whisky,,,,W000799,kavalan single malt whisky,63.89,,REJECT_LOW_CONFIDENCE,score_lt_86,,true
a0cce15d02cf5ce491a3d594,Karuizawa 1968  Vintage - Single Cask Malt Whisky,,,2017,W000799,kavalan single malt whisky,63.89,,REJECT_LOW_CONFIDENCE,score_lt_86,,true
a0a76c64854ec688503e83a3,Karuizawa 1968  Vintage - Single Cask Malt Whisky,,,1967,W000799,kavalan single malt whisky,63.89,,REJECT_LOW_CONFIDENCE,score_lt_86,,true
eaa7343ad99e65438c77c6c1,Karuizawa 1968  Vintage - Single Cask Malt Whisky,,,2015,W000799,kavalan single malt whisky,63.89,,REJECT_LOW_CONFIDENCE,score_lt_86,,true
38c94ce701c7ee2892a21192,Karuizawa 1968  Vintage - Single Cask Malt Whisky,,,2013,W000799,kavalan single malt whisky,63.89,,REJECT_LOW_CONFIDENCE,score_lt_86,,true
f668c94391ad519fea0508e9,Karuizawa 1968  Vintage Single Cask - Whisky Live Taipei,,,,W000083,glendronach vintage 19yo single cask (all vintages),58.82,,REJECT_LOW_CONFIDENCE,score_lt_86,,true
869e77ac3c3132eb343ca1a4,Karuizawa 1968  Vintage Single Cask - Whisky Live Taipei,,,1968,W000083,glendronach vintage 19yo single cask (all vintages),58.82,,REJECT_LOW_CONFIDENCE,score_lt_86,,true
268fcfc229d72df3e5c46564,Karuizawa 1968  Vintage Single Cask - Whisky Live Taipei,,,2017,W000083,glendronach vintage 19yo single cask (all vintages),58.82,,REJECT_LOW_CONFIDENCE,score_lt_86,,true
67f548a4ddea1fb1e601f742,Karuizawa 1968  Vintage Single Cask - Whisky Live Taipei,,,,W000083,glendronach vintage 19yo single cask (all vintages),58.82,,REJECT_LOW_CONFIDENCE,score_lt_86,,true
2e0719cc1202e0088ac835d5,Karuizawa 1969  Vintage - Single Cask Malt Whisky,,,,W000799,kavalan single malt whisky,63.89,,REJECT_LOW_CONFIDENCE,score_lt_86,,true
eb9cca214c4c5cb85951488c,Karuizawa 1969  Vintage - Single Cask Malt Whisky,,,,W000799,kavalan single malt whisky,63.89,,REJECT_LOW_CONFIDENCE,score_lt_86,,true
10439943319a943396743c0a,Karuizawa 1969  Vintage - Single Cask Malt Whisky,,,,W000799,kavalan single malt whisky,63.89,,REJECT_LOW_CONFIDENCE,score_lt_86,,true
db837f6a9605efc08b1500fa,Karuizawa 1969  Vintage - Single Cask Malt Whisky,,,2015,W000799,kavalan single malt whisky,63.89,,REJECT_LOW_CONFIDENCE,score_lt_86,,true
c93b41b1d686ad743327f319,Karuizawa 1969  Vintage - Single Cask Malt Whisky,,,,W000799,kavalan single malt whisky,63.89,,REJECT_LOW_CONFIDENCE,score_lt_86,,true
8daeb74f5eafcf03c838ca85,Karuizawa 1969  Vintage - Single Cask Malt Whisky,,,,W000799,kavalan single malt whisky,63.89,,REJECT_LOW_CONFIDENCE,score_lt_86,,true
794087058447c3e6ff975f6e,Karuizawa 1969  Vintage - Single Cask Malt Whisky,,,1969,W000799,kavalan single malt whisky,63.89,,REJECT_LOW_CONFIDENCE,score_lt_86,,true
ec35001b3ccb727a871161a2,Karuizawa 1969  Vintage - Single Cask Malt Whisky,,,,W000799,kavalan single malt whisky,63.89,,REJECT_LOW_CONFIDENCE,score_lt_86,,true
708c6ca2417244b521e23d6a,Karuizawa 1970  Vintage - Single Cask Malt Whisky,,,,W000799,kavalan single malt whisky,63.89,,REJECT_LOW_CONFIDENCE,score_lt_86,,true
e3361c8c77292ddf59fb93a9,Karuizawa 1970  Vintage - Single Cask Malt Whisky,,,2015,W000799,kavalan single malt whisky,63.89,,REJECT_LOW_CONFIDENCE,score_lt_86,,true
f369a08bb493ab7c8eaa2257,Karuizawa 1970  Vintage - Single Cask Malt Whisky,,,2002,W000799,kavalan single malt whisky,63.89,,REJECT_LOW_CONFIDENCE,score_lt_86,,true
b854e7a81185abc3b00fa875,Karuizawa 1970  Vintage - Single Cask Malt Whisky,,,,W000799,kavalan single malt whisky,63.89,,REJECT_LOW_CONFIDENCE,score_lt_86,,true
e12610b49315cf5ee7a2a50d,Karuizawa 1970  Vintage - Single Cask Malt Whisky,,,1970,W000799,kavalan single malt whisky,63.89,,REJECT_LOW_CONFIDENCE,score_lt_86,,true
f96d7a53267045fa0eecd2a9,Karuizawa 1970  Vintage - Single Cask Malt Whisky,,,,W000799,kavalan single malt whisky,63.89,,REJECT_LOW_CONFIDENCE,score_lt_86,,true
5e5a1b07ecb6ac9d6ea4206b,Karuizawa 1970  Vintage - Single Cask Malt Whisky,,,2002,W000799,kavalan single malt whisky,63.89,,REJECT_LOW_CONFIDENCE,score_lt_86,,true
e4a5d2517e38e67f3e21fc22,Karuizawa 1970  Vintage - Single Cask Malt Whisky,,,1970,W000799,kavalan single malt whisky,63.89,,REJECT_LOW_CONFIDENCE,score_lt_86,,true
f1940ddf02cee17a19985f4c,Karuizawa 1970  Vintage - Single Cask Malt Whisky,,,1970,W000799,kavalan single malt whisky,63.89,,REJECT_LOW_CONFIDENCE,score_lt_86,,true
d9f512e8bd028aa267896c7e,Karuizawa 1970  Vintage - Single Cask Malt Whisky,,,,W000799,kavalan single malt whisky,63.89,,REJECT_LOW_CONFIDENCE,score_lt_86,,true
5d9a3d8822169737063abd34,Karuizawa 1970  Geisha Label,,,,W000215,karuizawa asama vintages 1999-2000,62.3,,REJECT_LOW_CONFIDENCE,score_lt_86,,true
c50f69945c513a037cfb8ccd,Karuizawa 1970  Geisha Label,,,,W000215,karuizawa asama vintages 1999-2000,62.3,,REJECT_LOW_CONFIDENCE,score_lt_86,,true
470cc7f16e0192765937a843,Karuizawa 1970  Vintage - Single Cask Malt Whisky,,,,W000799,kavalan single malt whisky,63.89,,REJECT_LOW_CONFIDENCE,score_lt_86,,true
64a600393d1f4232d0dc3bfb,Karuizawa 1970  Vintage - Single Cask Malt Whisky,,,,W000799,kavalan single malt whisky,63.89,,REJECT_LOW_CONFIDENCE,score_lt_86,,true
5a11e23917d0f11a04bf338a,Karuizawa 1970  Vintage - Single Cask Malt Whisky,,,,W000799,kavalan single malt whisky,63.89,,REJECT_LOW_CONFIDENCE,score_lt_86,,true
293d4e2f6247ca4e5eec4983,Karuizawa 1970  Vintage - Single Cask Malt Whisky,,,1969,W000799,kavalan single malt whisky,63.89,,REJECT_LOW_CONFIDENCE,score_lt_86,,true
bd06302d3a76eac25b579672,Karuizawa 1971  Noh Whisky,,,,W000062,karuizawa 1990 sherry butt,58.82,,REJECT_LOW_CONFIDENCE,score_lt_86,,true
9c5f462e7eb6f4e9b791e15e,Karuizawa 1971  Noh Whisky,,,2016,W000062,karuizawa 1990 sherry butt,58.82,,REJECT_LOW_CONFIDENCE,score_lt_86,,true
4ebfb4022a3e7c68452fafe4,Karuizawa 1971  Noh Whisky,,,,W000062,karuizawa 1990 sherry butt,58.82,,REJECT_LOW_CONFIDENCE,score_lt_86,,true
f8e6c83635f3f5f092ce4580,Karuizawa 1971  Vintage - Single Cask Malt Whisky,,,,W000799,kavalan single malt whisky,63.89,,REJECT_LOW_CONFIDENCE,score_lt_86,,true
74ac509b4c380cea9faad963,Karuizawa 1971  Vintage - Single Cask Malt Whisky,,,2017,W000799,kavalan single malt whisky,63.89,,REJECT_LOW_CONFIDENCE,score_lt_86,,true
0496ff2768b3406a07b67f30,Karuizawa 1971  Vintage - Single Cask Malt Whisky,,,1971,W000799,kavalan single malt whisky,63.89,,REJECT_LOW_CONFIDENCE,score_lt_86,,true
e3e593cc8a315a652c7bfa09,Karuizawa 1971  Vintage - Single Cask Malt Whisky,,,,W000799,kavalan single malt whisky,63.89,,REJECT_LOW_CONFIDENCE,score_lt_86,,true
16aa128c5e05af191e393f3b,Karuizawa 1971  Vintage - Single Cask Malt Whisky,,,,W000799,kavalan single malt whisky,63.89,,REJECT_LOW_CONFIDENCE,score_lt_86,,true
7881a7709d46db84e5f53ba4,Karuizawa 1971  Vintage - Single Cask Malt Whisky,,,,W000799,kavalan single malt whisky,63.89,,REJECT_LOW_CONFIDENCE,score_lt_86,,true
fd47a006792d8f36acf2939a,Karuizawa 1971  Vintage - Single Cask Malt Whisky,,,,W000799,kavalan single malt whisky,63.89,,REJECT_LOW_CONFIDENCE,score_lt_86,,true
a0bd7496c52f0d019417e731,Karuizawa 1971  Vintage - Single Cask Malt Whisky,,,,W000799,kavalan single malt whisky,63.89,,REJECT_LOW_CONFIDENCE,score_lt_86,,true
c692294e036945de18ee8856,Karuizawa 1971  Vintage - Single Cask Malt Whisky,,,1971,W000799,kavalan single malt whisky,63.89,,REJECT_LOW_CONFIDENCE,score_lt_86,,true
b41782f02cecfcfa07bf6c58,Karuizawa 1971  Vintage - Single Cask Malt Whisky,,,,W000799,kavalan single malt whisky,63.89,,REJECT_LOW_CONFIDENCE,score_lt_86,,true
4e9d83ae00f67e30d67fc4a3,Karuizawa 1972  Single Cask - Number One Drinks Company,,,,W000041,nikka single cask coffey malt 12yo,55.81,,REJECT_LOW_CONFIDENCE,score_lt_86,,true
e7f744f33a7f58e7078a29a2,Karuizawa 1972  Single Cask - Number One Drinks Company,,,2015,W000041,nikka single cask coffey malt 12yo,55.81,,REJECT_LOW_CONFIDENCE,score_lt_86,,true
17d6bfaf314f5985fdd8898e,Karuizawa 1972  Single Cask - Number One Drinks Company,,,1972,W000041,nikka single cask coffey malt 12yo,55.81,,REJECT_LOW_CONFIDENCE,score_lt_86,,true
fc1797f9acdf8d48fe4b7347,Karuizawa 1972  Single Cask - Number One Drinks Company,,,1999,W000041,nikka single cask coffey malt 12yo,55.81,,REJECT_LOW_CONFIDENCE,score_lt_86,,true
7e204cc33f184f13f25ce093,Karuizawa 1972  Single Cask - Number One Drinks Company,,,,W000041,nikka single cask coffey malt 12yo,55.81,,REJECT_LOW_CONFIDENCE,score_lt_86,,true
0b5db791c7662c8b0cc00ec8,Karuizawa 1972  Single Cask - Number One Drinks Company,,,,W000041,nikka single cask coffey malt 12yo,55.81,,REJECT_LOW_CONFIDENCE,score_lt_86,,true
af4cc6c7b8f52d842410e4dd,Karuizawa 1972  Single Cask - Number One Drinks Company,,,,W000041,nikka single cask coffey malt 12yo,55.81,,REJECT_LOW_CONFIDENCE,score_lt_86,,true
b4bfdda57db6afc79093fec8,Karuizawa 1972  Single Cask - Number One Drinks Company,,,,W000041,nikka single cask coffey malt 12yo,55.81,,REJECT_LOW_CONFIDENCE,score_lt_86,,true
510067035e0e9720d402750f,Karuizawa 1972  Gold Dragon,,,2016,W000062,karuizawa 1990 sherry butt,50.0,,REJECT_LOW_CONFIDENCE,score_lt_86,,true
f223b0fc7727fb9cd3140597,Karuizawa 1972  Gold Dragon,,,,W000062,karuizawa 1990 sherry butt,50.0,,REJECT_LOW_CONFIDENCE,score_lt_86,,true
d01b08ff6eaff27a78a1b74c,Karuizawa 1972  Gold Dragon,,,,W000062,karuizawa 1990 sherry butt,50.0,,REJECT_LOW_CONFIDENCE,score_lt_86,,true
f9f2c213540bab7a41ae02e4,Karuizawa 1972  Single Cask - Number One Drinks Company,,,,W000041,nikka single cask coffey malt 12yo,55.81,,REJECT_LOW_CONFIDENCE,score_lt_86,,true
326825a666b63577cfede24f,Karuizawa 1972  Single Cask - Number One Drinks Company,,,,W000041,nikka single cask coffey malt 12yo,55.81,,REJECT_LOW_CONFIDENCE,score_lt_86,,true
6b8e6b041ebbe98b10f0b271,Karuizawa 1972  Single Cask - Number One Drinks Company,,,,W000041,nikka single cask coffey malt 12yo,55.81,,REJECT_LOW_CONFIDENCE,score_lt_86,,true
e2cfcadae3dabae6e72a6da1,Karuizawa 1972  Single Cask - Number One Drinks Company,,,2015,W000041,nikka single cask coffey malt 12yo,55.81,,REJECT_LOW_CONFIDENCE,score_lt_86,,true
4c0c40d68e776901f49cf8f7,Karuizawa 1972  Single Cask - Number One Drinks Company,,,,W000041,nikka single cask coffey malt 12yo,55.81,,REJECT_LOW_CONFIDENCE,score_lt_86,,true
85df1dbc3ea9436c374fb4c3,Karuizawa 1972  Single Cask - Number One Drinks Company,,,1971,W000041,nikka single cask coffey malt 12yo,55.81,,REJECT_LOW_CONFIDENCE,score_lt_86,,true
a65d0278a888a0b07ce18904,Karuizawa 1972  Single Cask - Number One Drinks Company,,,,W000041,nikka single cask coffey malt 12yo,55.81,,REJECT_LOW_CONFIDENCE,score_lt_86,,true
cfb95a5228f49eaaf414216b,Karuizawa 1973  Martin's Selection of Single Casks,,,,W000853,shelter point classic single cask (kwm) single malt whisky,53.33,,REJECT_LOW_CONFIDENCE,score_lt_86,,true
359040540fdac1766c8ee12f,Karuizawa 1973  Martin's Selection of Single Casks,,,,W000853,shelter point classic single cask (kwm) single malt whisky,53.33,,REJECT_LOW_CONFIDENCE,score_lt_86,,true
01ca4be25ba23ad9455b9d36,Karuizawa 1973  Martin's Selection of Single Casks,,,,W000853,shelter point classic single cask (kwm) single malt whisky,53.33,,REJECT_LOW_CONFIDENCE,score_lt_86,,true
32d1b7de32bf785291da4507,Karuizawa 1973  Martin's Selection of Single Casks,,,,W000853,shelter point classic single cask (kwm) single malt whisky,53.33,,REJECT_LOW_CONFIDENCE,score_lt_86,,true
62a9efa9226b65da1e947761,Karuizawa 1973  Martin's Selection of Single Casks,,,2015,W000853,shelter point classic single cask (kwm) single malt whisky,53.33,,REJECT_LOW_CONFIDENCE,score_lt_86,,true
e5ff6cb133f758d39fc0616e,Karuizawa 1973  Vintage - Single Cask Malt Whisky,,,1973,W000799,kavalan single malt whisky,63.89,,REJECT_LOW_CONFIDENCE,score_lt_86,,true
acbd4a0c489e24549134e378,Karuizawa 1973  Vintage - Single Cask Malt Whisky,,,2013,W000799,kavalan single malt whisky,63.89,,REJECT_LOW_CONFIDENCE,score_lt_86,,true
f71f9f146d51c3a6959d454a,Karuizawa 1974  Vintage - Single Cask Malt Whisky,,,2015,W000799,kavalan single malt whisky,63.89,,REJECT_LOW_CONFIDENCE,score_lt_86,,true
0a0a01ddb90dac7ca67c3818,Karuizawa 1975  Vintage - Single Cask Malt Whisky,,,,W000799,kavalan single malt whisky,63.89,,REJECT_LOW_CONFIDENCE,score_lt_86,,true
87b0bd1277c3a944153c2154,Karuizawa 1975  Vintage - Single Cask Malt Whisky,,,2019,W000799,kavalan single malt whisky,63.89,,REJECT_LOW_CONFIDENCE,score_lt_86,,true
1b79b0fabb0afef5d52cc619,Karuizawa 1975  Vintage - Single Cask Malt Whisky,,,,W000799,kavalan single malt whisky,63.89,,REJECT_LOW_CONFIDENCE,score_lt_86,,true
2610bf847c31ae77f46e6bab,Karuizawa 1975  Vintage - Single Cask Malt Whisky,,,,W000799,kavalan single malt whisky,63.89,,REJECT_LOW_CONFIDENCE,score_lt_86,,true
0f3d44f9c96775dc9e9def32,Karuizawa 1975  Vintage - Single Cask Malt Whisky,,,,W000799,kavalan single malt whisky,63.89,,REJECT_LOW_CONFIDENCE,score_lt_86,,true
dab49c8233244ed2e983d51e,Karuizawa 1975  Vintage - Single Cask Malt Whisky,,,,W000799,kavalan single malt whisky,63.89,,REJECT_LOW_CONFIDENCE,score_lt_86,,true
9ac26f4c5cba01e76c75fe2c,Karuizawa 1975  Vintage - Single Cask Malt Whisky,,,,W000799,kavalan single malt whisky,63.89,,REJECT_LOW_CONFIDENCE,score_lt_86,,true
5d86bcfccced16c2a7d0647a,Karuizawa 1975  Vintage - Single Cask Malt Whisky,,,,W000799,kavalan single malt whisky,63.89,,REJECT_LOW_CONFIDENCE,score_lt_86,,true
e2d75518c6eefe12e88e0d25,Karuizawa 1975  Vintage - Single Cask Malt Whisky,,,,W000799,kavalan single malt whisky,63.89,,REJECT_LOW_CONFIDENCE,score_lt_86,,true
bd336f26cd01f21b8d70a2c2,Karuizawa 1975  Vintage - Single Cask Malt Whisky,,,2015,W000799,kavalan single malt whisky,63.89,,REJECT_LOW_CONFIDENCE,score_lt_86,,true
45ee02d5103e6f6df9d0365d,Karuizawa 1975  Vintage - Single Cask Malt Whisky,,,,W000799,kavalan single malt whisky,63.89,,REJECT_LOW_CONFIDENCE,score_lt_86,,true
23088c6ab0633ddbbc32c5b8,Karuizawa 1975,,,,W000062,karuizawa 1990 sherry butt,60.0,,REJECT_LOW_CONFIDENCE,score_lt_86,,true
6e7ea06d5edfbdaa380fc478,Karuizawa 1975,,,,W000062,karuizawa 1990 sherry butt,60.0,,REJECT_LOW_CONFIDENCE,score_lt_86,,true
e211e51ce9a16b12ea1f101c,Karuizawa 1975  Vintage - Single Cask Malt Whisky,,,,W000799,kavalan single malt whisky,63.89,,REJECT_LOW_CONFIDENCE,score_lt_86,,true
58f07b8fa7d45536a9b0ef34,Karuizawa 1976  Noh Whisky - Kamiasobi - Hagoromo,,,,W000215,karuizawa asama vintages 1999-2000,51.28,,REJECT_LOW_CONFIDENCE,score_lt_86,,true
aaf53568ae1f4a9d804bdc5a,Karuizawa 1976  Noh Whisky - Kamiasobi - Hagoromo,,,1967,W000215,karuizawa asama vintages 1999-2000,51.28,,REJECT_LOW_CONFIDENCE,score_lt_86,,true
3a7f13730e9d550a175cd021,Karuizawa 1976  Noh Whisky - Kamiasobi - Hagoromo,,,,W000215,karuizawa asama vintages 1999-2000,51.28,,REJECT_LOW_CONFIDENCE,score_lt_86,,true
2ebccd86dd9113bad832575b,Karuizawa 1976  Noh Whisky - Kamiasobi - Hagoromo,,,,W000215,karuizawa asama vintages 1999-2000,51.28,,REJECT_LOW_CONFIDENCE,score_lt_86,,true
131685ee705b5ae89f3622df,Karuizawa 1976  Noh Whisky - Kamiasobi - Hagoromo,,,,W000215,karuizawa asama vintages 1999-2000,51.28,,REJECT_LOW_CONFIDENCE,score_lt_86,,true
5d59a63df02287d4772316f6,Karuizawa 1976  Noh Whisky - Kamiasobi - Hagoromo,,,1976,W000215,karuizawa asama vintages 1999-2000,51.28,,REJECT_LOW_CONFIDENCE,score_lt_86,,true
5358e21c3fdf43ee1d60b584,Karuizawa 1976  Noh Whisky - Kamiasobi - Hagoromo,,,,W000215,karuizawa asama vintages 1999-2000,51.28,,REJECT_LOW_CONFIDENCE,score_lt_86,,true
6cfd03e3dd085ac245868cdb,Karuizawa 1976  Noh Whisky - Kamiasobi - Hagoromo,,,,W000215,karuizawa asama vintages 1999-2000,51.28,,REJECT_LOW_CONFIDENCE,score_lt_86,,true
a0de2d47e89fd29247a86fc9,Karuizawa 1976  Noh Whisky - Kamiasobi - Hagoromo,,,,W000215,karuizawa asama vintages 1999-2000,51.28,,REJECT_LOW_CONFIDENCE,score_lt_86,,true
18b851c4f84ad34f1d295a64,Karuizawa 1976  Vintage - Single Cask Malt Whisky,,,,W000799,kavalan single malt whisky,63.89,,REJECT_LOW_CONFIDENCE,score_lt_86,,true
3d1cb37ca8fe6037a4e04419,Karuizawa 1976  Vintage - Single Cask Malt Whisky,,,2015,W000799,kavalan single malt whisky,63.89,,REJECT_LOW_CONFIDENCE,score_lt_86,,true
37133148c1e6d1d9c6fd9cb0,Karuizawa 1976  Vintage - Single Cask Malt Whisky,,,,W000799,kavalan single malt whisky,63.89,,REJECT_LOW_CONFIDENCE,score_lt_86,,true
bccc0cc7c06c27dac1001293,Karuizawa 1976  Vintage - Single Cask Malt Whisky,,,,W000799,kavalan single malt whisky,63.89,,REJECT_LOW_CONFIDENCE,score_lt_86,,true
a5eeaa3908ce4818024b095d,Karuizawa 1976  Vintage - Single Cask Malt Whisky,,,,W000799,kavalan single malt whisky,63.89,,REJECT_LOW_CONFIDENCE,score_lt_86,,true
e0f3d58399e33c81a41c6d60,Karuizawa 1976  Vintage - Single Cask Malt Whisky,,,1976,W000799,kavalan single malt whisky,63.89,,REJECT_LOW_CONFIDENCE,score_lt_86,,true
699668d38a59a0107afa3a52,Karuizawa 1976  Vintage - Single Cask Malt Whisky,,,1975,W000799,kavalan single malt whisky,63.89,,REJECT_LOW_CONFIDENCE,score_lt_86,,true
a21781ec2efd94660149f5e3,Karuizawa 1976  Geisha Label,,,,W000215,karuizawa asama vintages 1999-2000,59.02,,REJECT_LOW_CONFIDENCE,score_lt_86,,true
4ca63383d45765246dfe276a,Karuizawa 1976  Geisha Label,,,2014,W000215,karuizawa asama vintages 1999-2000,59.02,,REJECT_LOW_CONFIDENCE,score_lt_86,,true
0d90db03268c5a0fc9651788,Karuizawa 1976  Geisha Label,,,2015,W000215,karuizawa asama vintages 1999-2000,59.02,,REJECT_LOW_CONFIDENCE,score_lt_86,,true
dd0b7c0ccb73aa8367601326,Karuizawa 1976  Geisha Label,,,,W000215,karuizawa asama vintages 1999-2000,59.02,,REJECT_LOW_CONFIDENCE,score_lt_86,,true
fcb4e88f28d41fbcbeeb7421,Karuizawa 1977  Noh Whisky - Kamiasobi -  Ama the Fisher-girl,,,,W001306,the irishman original clan irish whiskey,52.63,,REJECT_LOW_CONFIDENCE,score_lt_86,,true
b09884c4102d099a3c0d8e54,Karuizawa 1977  Noh Whisky - Kamiasobi -  Ama the Fisher-girl,,,,W001306,the irishman original clan irish whiskey,52.63,,REJECT_LOW_CONFIDENCE,score_lt_86,,true
67792dd43a6c1cfe5efdabfd,Karuizawa 1977  Noh Whisky - Kamiasobi -  Ama the Fisher-girl,,,,W001306,the irishman original clan irish whiskey,52.63,,REJECT_LOW_CONFIDENCE,score_lt_86,,true
ee717706d9e3db9757b1d2ee,Karuizawa 1977  Noh Whisky - Kamiasobi -  Ama the Fisher-girl,,,,W001306,the irishman original clan irish whiskey,52.63,,REJECT_LOW_CONFIDENCE,score_lt_86,,true
b6ae373c5c7d359533ad7694,Karuizawa 1977  Noh Whisky - Kamiasobi -  Ama the Fisher-girl,,,2015,W001306,the irishman original clan irish whiskey,52.63,,REJECT_LOW_CONFIDENCE,score_lt_86,,true
cef0ff90cd047145a66f5896,Karuizawa 1977  Noh Whisky - Kamiasobi -  Ama the Fisher-girl,,,,W001306,the irishman original clan irish whiskey,52.63,,REJECT_LOW_CONFIDENCE,score_lt_86,,true
88349cfb24fd9b05452c32d2,Karuizawa 1977  Noh Whisky - Kamiasobi - Shiroheita,,,,W000062,karuizawa 1990 sherry butt,52.78,,REJECT_LOW_CONFIDENCE,score_lt_86,,true
25b7caff3e6b698ca3ded007,Karuizawa 1977  Noh Whisky - Kamiasobi - Shiroheita,,,,W000062,karuizawa 1990 sherry butt,52.78,,REJECT_LOW_CONFIDENCE,score_lt_86,,true
482d00bfd9421b355b392059,Karuizawa 1977  Noh Whisky - Kamiasobi - Shiroheita,,,,W000062,karuizawa 1990 sherry butt,52.78,,REJECT_LOW_CONFIDENCE,score_lt_86,,true
96a38f0dd5e1b0e721ddf275,Karuizawa 1977  Noh Whisky - Kamiasobi - Shiroheita,,,,W000062,karuizawa 1990 sherry butt,52.78,,REJECT_LOW_CONFIDENCE,score_lt_86,,true
ba1d70004d3c2d225256df83,Karuizawa 1977  Noh Whisky - Kamiasobi - Shiroheita,,,2015,W000062,karuizawa 1990 sherry butt,52.78,,REJECT_LOW_CONFIDENCE,score_lt_86,,true
a3e393cc990531a9482f9aa4,Karuizawa 1977  Noh Whisky - Kamiasobi - Shiroheita,,,1977,W000062,karuizawa 1990 sherry butt,52.78,,REJECT_LOW_CONFIDENCE,score_lt_86,,true
3628a307607005f1b5a02be6,Karuizawa 1977  Noh Whisky - Kamiasobi - Shiroheita,,,,W000062,karuizawa 1990 sherry butt,52.78,,REJECT_LOW_CONFIDENCE,score_lt_86,,true
8d4d71c9a2e07a14d8fd7932,Karuizawa 1977  Vintage - Single Cask Malt Whisky,,,,W000799,kavalan single malt whisky,63.89,,REJECT_LOW_CONFIDENCE,score_lt_86,,true
8072331506039ade0807d1db,Karuizawa 1977  Vintage - Single Cask Malt Whisky,,,,W000799,kavalan single malt whisky,63.89,,REJECT_LOW_CONFIDENCE,score_lt_86,,true
f69db3d7ede0482497d65347,Karuizawa 1977  Vintage - Single Cask Malt Whisky,,,,W000799,kavalan single malt whisky,63.89,,REJECT_LOW_CONFIDENCE,score_lt_86,,true
3b3c6104c6efdfae621500fd,Karuizawa 1977  Vintage - Single Cask Malt Whisky,,,,W000799,kavalan single malt whisky,63.89,,REJECT_LOW_CONFIDENCE,score_lt_86,,true
549d626258d6ffa9bc430f07,Karuizawa 1978  Vintage - Single Cask Malt Whisky,,,,W000799,kavalan single malt whisky,63.89,,REJECT_LOW_CONFIDENCE,score_lt_86,,true
f1450f1031942f262da5757d,Karuizawa 1978  Vintage - Single Cask Malt Whisky,,,1978,W000799,kavalan single malt whisky,63.89,,REJECT_LOW_CONFIDENCE,score_lt_86,,true
1b6b3a35eb8093e263d6fe99,Karuizawa 1978  Vintage - Single Cask Malt Whisky,,,,W000799,kavalan single malt whisky,63.89,,REJECT_LOW_CONFIDENCE,score_lt_86,,true
7c4aa11b01b88437325e9887,Karuizawa 1978  Vintage - Single Cask Malt Whisky,,,,W000799,kavalan single malt whisky,63.89,,REJECT_LOW_CONFIDENCE,score_lt_86,,true
ccef16915698104796e22fd5,Karuizawa 1978  Vintage - Single Cask Malt Whisky,,,,W000799,kavalan single malt whisky,63.89,,REJECT_LOW_CONFIDENCE,score_lt_86,,true
fe806e988d4400ee07b58141,Karuizawa 1978  Vintage - Single Cask Malt Whisky,,,,W000799,kavalan single malt whisky,63.89,,REJECT_LOW_CONFIDENCE,score_lt_86,,true
e02615d56fbe4a7df3e53180,Karuizawa 1978  Vintage - Single Cask Malt Whisky,,,,W000799,kavalan single malt whisky,63.89,,REJECT_LOW_CONFIDENCE,score_lt_86,,true
6f5882f5d0105442f69a6b67,Karuizawa 1979  Vintage - Single Cask Malt Whisky,,,2015,W000799,kavalan single malt whisky,63.89,,REJECT_LOW_CONFIDENCE,score_lt_86,,true
a169b25abcae6704ab45dca6,Karuizawa 1979  Vintage - Single Cask Malt Whisky,,,1981,W000799,kavalan single malt whisky,63.89,,REJECT_LOW_CONFIDENCE,score_lt_86,,true
e50223f095b8c17d18c73f05,Karuizawa 1979  Vintage - Single Cask Malt Whisky,,,,W000799,kavalan single malt whisky,63.89,,REJECT_LOW_CONFIDENCE,score_lt_86,,true
29df3d4730ac3bff75ac7e01,Karuizawa 1979  Vintage - Single Cask Malt Whisky,,,,W000799,kavalan single malt whisky,63.89,,REJECT_LOW_CONFIDENCE,score_lt_86,,true
d6f46728005d4f79c758db03,Karuizawa 1979  Vintage - Single Cask Malt Whisky,,,,W000799,kavalan single malt whisky,63.89,,REJECT_LOW_CONFIDENCE,score_lt_86,,true
3905e82fd7ba295c5ccbac38,Karuizawa 1980  Pourquoi faut il?,,,,W000062,karuizawa 1990 sherry butt,63.16,,REJECT_LOW_CONFIDENCE,score_lt_86,,true
20a82381893c2448f4121a7a,Karuizawa 1980  Pourquoi faut il?,,,,W000062,karuizawa 1990 sherry butt,63.16,,REJECT_LOW_CONFIDENCE,score_lt_86,,true
24651347b3f080ec2f309caf,Karuizawa 1980  Pourquoi faut il?,,,,W000062,karuizawa 1990 sherry butt,63.16,,REJECT_LOW_CONFIDENCE,score_lt_86,,true
9d72a3ff71747677f7e39903,Karuizawa 1980  Pourquoi faut il?,,,1980,W000062,karuizawa 1990 sherry butt,63.16,,REJECT_LOW_CONFIDENCE,score_lt_86,,true
3cf8ea1720ad25edd277b9b9,Karuizawa 1980  Pourquoi faut il?,,,,W000062,karuizawa 1990 sherry butt,63.16,,REJECT_LOW_CONFIDENCE,score_lt_86,,true
1b50dbc3c8d43df49ec84027,Karuizawa 1980  Noh Whisky,,,,W000062,karuizawa 1990 sherry butt,62.75,,REJECT_LOW_CONFIDENCE,score_lt_86,,true
f59b4ab1c830b2e52daac05f,Karuizawa 1980  Noh Whisky,,,,W000062,karuizawa 1990 sherry butt,62.75,,REJECT_LOW_CONFIDENCE,score_lt_86,,true
7ac105c67cb4795b1ae4a6fd,Karuizawa 1980  Noh Whisky,,,,W000062,karuizawa 1990 sherry butt,62.75,,REJECT_LOW_CONFIDENCE,score_lt_86,,true
51aed3cd586dbfd9417af9b3,Karuizawa 1980  Noh Whisky,,,1977,W000062,karuizawa 1990 sherry butt,62.75,,REJECT_LOW_CONFIDENCE,score_lt_86,,true
3c238821596e4f083623ecae,Karuizawa 1980  Noh Whisky,,,,W000062,karuizawa 1990 sherry butt,62.75,,REJECT_LOW_CONFIDENCE,score_lt_86,,true
8efb9a17f8f5665dcc9c16d6,Karuizawa 1980  Noh Whisky,,,2016,W000062,karuizawa 1990 sherry butt,62.75,,REJECT_LOW_CONFIDENCE,score_lt_86,,true
e36135904035c5e07c41b91b,Karuizawa 1980  Noh Whisky,,,2015,W000062,karuizawa 1990 sherry butt,62.75,,REJECT_LOW_CONFIDENCE,score_lt_86,,true
e044fe14aadd2764894fa54c,Karuizawa 1980  Noh Whisky,,,,W000062,karuizawa 1990 sherry butt,62.75,,REJECT_LOW_CONFIDENCE,score_lt_86,,true
a289f0ee502f3e8524e48345,Karuizawa 1980  Noh Whisky,,,,W000062,karuizawa 1990 sherry butt,62.75,,REJECT_LOW_CONFIDENCE,score_lt_86,,true
9295cbd7210415f3f0f67053,Karuizawa 1980  Noh Whisky,,,2000,W000062,karuizawa 1990 sherry butt,62.75,,REJECT_LOW_CONFIDENCE,score_lt_86,,true
3a2257b1ce2c8dec5ef0a144,Karuizawa 1980  The Golden Samurai,,,,W000062,karuizawa 1990 sherry butt,61.02,,REJECT_LOW_CONFIDENCE,score_lt_86,,true
f9bb1f19e845787cedca7692,Karuizawa 1980  The Golden Samurai,,,1980,W000062,karuizawa 1990 sherry butt,61.02,,REJECT_LOW_CONFIDENCE,score_lt_86,,true
22cda4f07ffa1dd9258c8601,Karuizawa 1980  The Golden Samurai,,,,W000062,karuizawa 1990 sherry butt,61.02,,REJECT_LOW_CONFIDENCE,score_lt_86,,true
b8e9604ba8378877b32e3289,Karuizawa 1980  The Golden Samurai,,,2017,W000062,karuizawa 1990 sherry butt,61.02,,REJECT_LOW_CONFIDENCE,score_lt_86,,true
4b03918bdee2282d3a7a8809,Karuizawa 1980  The Golden Samurai,,,,W000062,karuizawa 1990 sherry butt,61.02,,REJECT_LOW_CONFIDENCE,score_lt_86,,true
a9319cf4a063b40fc3312cdf,Karuizawa 1980  The Golden Samurai,,,1981,W000062,karuizawa 1990 sherry butt,61.02,,REJECT_LOW_CONFIDENCE,score_lt_86,,true
164447656588715c6a6bdcc0,Karuizawa 1980  Vintage Single Cask,,,,W000215,karuizawa asama vintages 1999-2000,70.59,,REJECT_LOW_CONFIDENCE,score_lt_86,,true
e624e93f36db291182a6a1b3,Karuizawa 1980  Vintage Single Cask,,,,W000215,karuizawa asama vintages 1999-2000,70.59,,REJECT_LOW_CONFIDENCE,score_lt_86,,true
d6dccafd0a07a2f66aa86270,Karuizawa 1980  Vintage Single Cask,,,,W000215,karuizawa asama vintages 1999-2000,70.59,,REJECT_LOW_CONFIDENCE,score_lt_86,,true
238a23cad052b62f9434acb2,Karuizawa 1980  Vintage Single Cask,,,,W000215,karuizawa asama vintages 1999-2000,70.59,,REJECT_LOW_CONFIDENCE,score_lt_86,,true
bcf7f16921fa0f68c1753a65,Karuizawa 1980  Artifices Serie,,,,W000062,karuizawa 1990 sherry butt,67.86,,REJECT_LOW_CONFIDENCE,score_lt_86,,true
f39b83efa9ad20367b7a78db,Karuizawa 1980  Artifices Serie,,,,W000062,karuizawa 1990 sherry butt,67.86,,REJECT_LOW_CONFIDENCE,score_lt_86,,true
60c9ce570d4281b0cfb51329,Karuizawa 1980  Artifices Serie,,,,W000062,karuizawa 1990 sherry butt,67.86,,REJECT_LOW_CONFIDENCE,score_lt_86,,true
809a17323aed252795260ce8,Karuizawa 1980  Artifices Serie,,,,W000062,karuizawa 1990 sherry butt,67.86,,REJECT_LOW_CONFIDENCE,score_lt_86,,true
31a81f9bd6dcb0cc48580b99,Karuizawa 1980  Artifices Serie,,,2014,W000062,karuizawa 1990 sherry butt,67.86,,REJECT_LOW_CONFIDENCE,score_lt_86,,true
6b6835b013f5484031c4522c,Karuizawa 1980  Noh Whisky,,,2015,W000062,karuizawa 1990 sherry butt,62.75,,REJECT_LOW_CONFIDENCE,score_lt_86,,true
b6ac1961b86525f487dd4968,Karuizawa 1981  Vintage - Single Cask Malt Whisky,,,,W000799,kavalan single malt whisky,63.89,,REJECT_LOW_CONFIDENCE,score_lt_86,,true
09a1d5462474aa5be6be79cf,Karuizawa 1981  Vintage - Single Cask Malt Whisky,,,,W000799,kavalan single malt whisky,63.89,,REJECT_LOW_CONFIDENCE,score_lt_86,,true
c086816a748f3498f2fd5cd2,Karuizawa 1981  Vintage - Single Cask Malt Whisky,,,2012,W000799,kavalan single malt whisky,63.89,,REJECT_LOW_CONFIDENCE,score_lt_86,,true
5f9c16c6c913de7816edd21a,Karuizawa 1981  Vintage - Single Cask Malt Whisky,,,2015,W000799,kavalan single malt whisky,63.89,,REJECT_LOW_CONFIDENCE,score_lt_86,,true
0986e4adfdc3c15b1a8e8cdc,Karuizawa 1981  Vintage - Single Cask Malt Whisky,,,,W000799,kavalan single malt whisky,63.89,,REJECT_LOW_CONFIDENCE,score_lt_86,,true
58eb147fa979294d0ef6a7a3,Karuizawa 1981  Vintage - Single Cask Malt Whisky,,,2011,W000799,kavalan single malt whisky,63.89,,REJECT_LOW_CONFIDENCE,score_lt_86,,true
fb6758a4d62146affc864905,Karuizawa 1981  Vintage - Single Cask Malt Whisky,,,,W000799,kavalan single malt whisky,63.89,,REJECT_LOW_CONFIDENCE,score_lt_86,,true
047c2f1f5b16bb430d9d9646,Karuizawa 1981  Vintage - Single Cask Malt Whisky,,,1972,W000799,kavalan single malt whisky,63.89,,REJECT_LOW_CONFIDENCE,score_lt_86,,true
7f2be0d2cf2a6c3e345c1166,Karuizawa 1981  Vintage - Single Cask Malt Whisky,,,,W000799,kavalan single malt whisky,63.89,,REJECT_LOW_CONFIDENCE,score_lt_86,,true
efdd251dca92f7f9fdb9e816,Karuizawa 1981  Vintage - Single Cask Malt Whisky,,,,W000799,kavalan single malt whisky,63.89,,REJECT_LOW_CONFIDENCE,score_lt_86,,true
3dc38dcfd1bb0ef6a99615f0,Karuizawa 1981  Vintage - Single Cask Malt Whisky,,,1981,W000799,kavalan single malt whisky,63.89,,REJECT_LOW_CONFIDENCE,score_lt_86,,true
b11eaa989f0918855f71ebc6,Karuizawa 1981  Vintage - Single Cask Malt Whisky,,,2015,W000799,kavalan single malt whisky,63.89,,REJECT_LOW_CONFIDENCE,score_lt_86,,true
fad79b73c1d552bcf5f8d260,Karuizawa 1981  Vintage - Single Cask Malt Whisky,,,2007,W000799,kavalan single malt whisky,63.89,,REJECT_LOW_CONFIDENCE,score_lt_86,,true
7c39466c3992bb8aaeec9592,Karuizawa 1981  Vintage - Single Cask Malt Whisky,,,,W000799,kavalan single malt whisky,63.89,,REJECT_LOW_CONFIDENCE,score_lt_86,,true
4635f4d6a467c31701025a00,Karuizawa 1981  Vintage - Single Cask Malt Whisky,,,2013,W000799,kavalan single malt whisky,63.89,,REJECT_LOW_CONFIDENCE,score_lt_86,,true
7e3c12177c863981ac1b9e14,Karuizawa 1981  Geisha Label,,,,W000215,karuizawa asama vintages 1999-2000,59.02,,REJECT_LOW_CONFIDENCE,score_lt_86,,true
4fdba0bd563a0e8c5d47bde5,Karuizawa 1981  Geisha Label,,,1970,W000215,karuizawa asama vintages 1999-2000,59.02,,REJECT_LOW_CONFIDENCE,score_lt_86,,true
96d3d7bfbda8a594c704b0d5,Karuizawa 1981  Geisha Label,,,2015,W000215,karuizawa asama vintages 1999-2000,59.02,,REJECT_LOW_CONFIDENCE,score_lt_86,,true
078eb550a82b5b44b3f7f9c1,Karuizawa 1981  Geisha Label,,,2014,W000215,karuizawa asama vintages 1999-2000,59.02,,REJECT_LOW_CONFIDENCE,score_lt_86,,true
c69916f9b7292f9e1ee69015,Karuizawa 1981  Geisha Label,,,2013,W000215,karuizawa asama vintages 1999-2000,59.02,,REJECT_LOW_CONFIDENCE,score_lt_86,,true
e9005ca4a3fe6c9c56950e09,Karuizawa 1981,,,,W000062,karuizawa 1990 sherry butt,60.0,,REJECT_LOW_CONFIDENCE,score_lt_86,,true
85eb6c55cf24e8a695038420,Karuizawa 1981,,,,W000062,karuizawa 1990 sherry butt,60.0,,REJECT_LOW_CONFIDENCE,score_lt_86,,true
e8a53fae907ad7376f058e9d,Karuizawa 1981,,,,W000062,karuizawa 1990 sherry butt,60.0,,REJECT_LOW_CONFIDENCE,score_lt_86,,true
5b1432782c052399c3134657,Karuizawa 1981  Noh Whisky,,,2015,W000062,karuizawa 1990 sherry butt,58.82,,REJECT_LOW_CONFIDENCE,score_lt_86,,true
c008955175754e38ef06286a,Karuizawa 1981  Vintage - Single Cask Malt Whisky,,,,W000799,kavalan single malt whisky,63.89,,REJECT_LOW_CONFIDENCE,score_lt_86,,true
a61bdbe658476f000aabb733,Karuizawa 1981  Vintage - Single Cask Malt Whisky,,,,W000799,kavalan single malt whisky,63.89,,REJECT_LOW_CONFIDENCE,score_lt_86,,true
78eaf44aedef5dff0090a4af,Karuizawa 1981  Vintage - Single Cask Malt Whisky,,,2015,W000799,kavalan single malt whisky,63.89,,REJECT_LOW_CONFIDENCE,score_lt_86,,true
13e72507100fe8a27b72c09e,Karuizawa 1981  Vintage - Single Cask Malt Whisky,,,,W000799,kavalan single malt whisky,63.89,,REJECT_LOW_CONFIDENCE,score_lt_86,,true
31108270f9cefdb8436bf0f4,Karuizawa 1981  Vintage - Single Cask Malt Whisky,,,,W000799,kavalan single malt whisky,63.89,,REJECT_LOW_CONFIDENCE,score_lt_86,,true
6835457366b1c31e0679a203,Karuizawa 1981  Vintage - Single Cask Malt Whisky,,,2015,W000799,kavalan single malt whisky,63.89,,REJECT_LOW_CONFIDENCE,score_lt_86,,true
c4608c121f3e8bc7e8b92c13,Karuizawa 1981  Prendre le rythme,,,,W000062,karuizawa 1990 sherry butt,58.62,,REJECT_LOW_CONFIDENCE,score_lt_86,,true
af3072a829000717e8e41b1d,Karuizawa 1981  Prendre le rythme,,,,W000062,karuizawa 1990 sherry butt,58.62,,REJECT_LOW_CONFIDENCE,score_lt_86,,true
2f02fde8e80594a13173fd77,Karuizawa 1981  Prendre le rythme,,,1981,W000062,karuizawa 1990 sherry butt,58.62,,REJECT_LOW_CONFIDENCE,score_lt_86,,true
ed46ceff7c437c8837ef5368,Karuizawa 1981  Vintage - Single Cask Malt Whisky,,,,W000799,kavalan single malt whisky,63.89,,REJECT_LOW_CONFIDENCE,score_lt_86,,true
ae11bd0675ea11fc55ebeaa1,Karuizawa 1981  Noh Whisky,,,,W000062,karuizawa 1990 sherry butt,58.82,,REJECT_LOW_CONFIDENCE,score_lt_86,,true
882ec7385044d904436482c1,Karuizawa 1981  Noh Whisky,,,1981,W000062,karuizawa 1990 sherry butt,58.82,,REJECT_LOW_CONFIDENCE,score_lt_86,,true
6681d667411bcb8c2981face,Karuizawa 1981  Noh Whisky,,,,W000062,karuizawa 1990 sherry butt,58.82,,REJECT_LOW_CONFIDENCE,score_lt_86,,true
b7cf3290018ab91e77dd6f6e,Karuizawa 1981  Sakura,,,,W000062,karuizawa 1990 sherry butt,63.83,,REJECT_LOW_CONFIDENCE,score_lt_86,,true
26c7d72140bfa2b1f0589ea6,Karuizawa 1981  Sakura,,,,W000062,karuizawa 1990 sherry butt,63.83,,REJECT_LOW_CONFIDENCE,score_lt_86,,true
608ba566e693914bae773433,Karuizawa 1981  Sakura,,,2015,W000062,karuizawa 1990 sherry butt,63.83,,REJECT_LOW_CONFIDENCE,score_lt_86,,true
5a16458dc83cedd71e35d22a,Karuizawa 1981  Sakura,,,,W000062,karuizawa 1990 sherry butt,63.83,,REJECT_LOW_CONFIDENCE,score_lt_86,,true
9f6bd182223a4197703d5e72,Karuizawa 1981  Sakura,,,2015,W000062,karuizawa 1990 sherry butt,63.83,,REJECT_LOW_CONFIDENCE,score_lt_86,,true
8b013ca4e929f9ba75c6615e,Karuizawa 1981  Sakura,,,,W000062,karuizawa 1990 sherry butt,63.83,,REJECT_LOW_CONFIDENCE,score_lt_86,,true
ca71bc61d96cb739c1f060be,Karuizawa 1981  Single Cask - Number One Drinks Company,,,2015,W000041,nikka single cask coffey malt 12yo,53.49,,REJECT_LOW_CONFIDENCE,score_lt_86,,true
a4cc154a8df0cce91aad767b,Karuizawa 1981  Vintage - Single Cask Malt Whisky,,,,W000799,kavalan single malt whisky,63.89,,REJECT_LOW_CONFIDENCE,score_lt_86,,true
15459b52e71c8e11fb70fd54,Karuizawa 1981  Vintage - Single Cask Malt Whisky,,,,W000799,kavalan single malt whisky,63.89,,REJECT_LOW_CONFIDENCE,score_lt_86,,true
e301b1b2ed0cb6b49168a579,Karuizawa 1981,,,2011,W000062,karuizawa 1990 sherry butt,60.0,,REJECT_LOW_CONFIDENCE,score_lt_86,,true
e5c5945aa25d5a40734ad830,Karuizawa 1981,,,2007,W000062,karuizawa 1990 sherry butt,60.0,,REJECT_LOW_CONFIDENCE,score_lt_86,,true
d6ebc7ebb29f4b41446b1e64,Karuizawa 1981  en Soi,,,,W000062,karuizawa 1990 sherry butt,63.83,,REJECT_LOW_CONFIDENCE,score_lt_86,,true
96f42ac578ed31f2ac3e4965,Karuizawa 1981  en Soi,,,,W000062,karuizawa 1990 sherry butt,63.83,,REJECT_LOW_CONFIDENCE,score_lt_86,,true
ff32532e638bc1f94fc075d7,Karuizawa 1981  Vintage - Single Cask Malt Whisky,,,,W000799,kavalan single malt whisky,63.89,,REJECT_LOW_CONFIDENCE,score_lt_86,,true
684a7c33d565fbad56e1edf2,Karuizawa 1981  Vintage - Single Cask Malt Whisky,,,,W000799,kavalan single malt whisky,63.89,,REJECT_LOW_CONFIDENCE,score_lt_86,,true
f3050087793c5f152d3d81f5,Karuizawa 1981  Vintage - Single Cask Malt Whisky,,,,W000799,kavalan single malt whisky,63.89,,REJECT_LOW_CONFIDENCE,score_lt_86,,true
fe3b6a26967c39bd6bffff43,Karuizawa 1981  Vintage - Single Cask Malt Whisky,,,,W000799,kavalan single malt whisky,63.89,,REJECT_LOW_CONFIDENCE,score_lt_86,,true
f737dd9b1d198aa50d4bde10,Karuizawa 1981  Vintage - Single Cask Malt Whisky,,,,W000799,kavalan single malt whisky,63.89,,REJECT_LOW_CONFIDENCE,score_lt_86,,true
c03936f6dc2c847198695fbe,Karuizawa 1981  Vintage - Single Cask Malt Whisky,,,2015,W000799,kavalan single malt whisky,63.89,,REJECT_LOW_CONFIDENCE,score_lt_86,,true
3013afd8dac9cfb57a81b3eb,Karuizawa 1981  Vintage - Single Cask Malt Whisky,,,,W000799,kavalan single malt whisky,63.89,,REJECT_LOW_CONFIDENCE,score_lt_86,,true
729ec96edb9b5b1030bf55c2,Karuizawa 1981  Vintage - Single Cask Malt Whisky,,,,W000799,kavalan single malt whisky,63.89,,REJECT_LOW_CONFIDENCE,score_lt_86,,true
7ad1e607a302e37aaba1572e,Karuizawa 1981  Single Cask - Number One Drinks Company,,,2000,W000041,nikka single cask coffey malt 12yo,53.49,,REJECT_LOW_CONFIDENCE,score_lt_86,,true
2edcc14aaa072941203a4d71,Karuizawa 1981  Single Cask - Number One Drinks Company,,,2015,W000041,nikka single cask coffey malt 12yo,53.49,,REJECT_LOW_CONFIDENCE,score_lt_86,,true
84d50530dc87732023b831ff,Karuizawa 1981  Single Cask - Number One Drinks Company,,,2012,W000041,nikka single cask coffey malt 12yo,53.49,,REJECT_LOW_CONFIDENCE,score_lt_86,,true
23af0ad530ac542cfa5b16b9,Karuizawa 1981  Vintage - Single Cask Malt Whisky,,,,W000799,kavalan single malt whisky,63.89,,REJECT_LOW_CONFIDENCE,score_lt_86,,true
ea73b0e6de2b685bada94003,Karuizawa 1981  Vintage - Single Cask Malt Whisky,,,,W000799,kavalan single malt whisky,63.89,,REJECT_LOW_CONFIDENCE,score_lt_86,,true
cc8d95309f410a3d4550d65b,Karuizawa 1981  Artifices Serie,,,,W000062,karuizawa 1990 sherry butt,64.29,,REJECT_LOW_CONFIDENCE,score_lt_86,,true
36e9f60ab228597d262c5fc1,Karuizawa 1981  Artifices Serie,,,,W000062,karuizawa 1990 sherry butt,64.29,,REJECT_LOW_CONFIDENCE,score_lt_86,,true
7dcd12b7691df962d50a6dbe,Karuizawa 1981  Artifices Serie,,,,W000062,karuizawa 1990 sherry butt,64.29,,REJECT_LOW_CONFIDENCE,score_lt_86,,true
99ec1fdb826bb556a32e5b81,Karuizawa 1981  Artifices Serie,,,,W000062,karuizawa 1990 sherry butt,64.29,,REJECT_LOW_CONFIDENCE,score_lt_86,,true
b9e5faf987f2c70b0090f988,Karuizawa 1981  Artifices Serie,,,,W000062,karuizawa 1990 sherry butt,64.29,,REJECT_LOW_CONFIDENCE,score_lt_86,,true
62422b6870cebe25eaa0ece7,Karuizawa 1981  Artifices Serie,,,,W000062,karuizawa 1990 sherry butt,64.29,,REJECT_LOW_CONFIDENCE,score_lt_86,,true
99a1cdc00fb56753eb01da40,Karuizawa 1981  Artifices Serie,,,,W000062,karuizawa 1990 sherry butt,64.29,,REJECT_LOW_CONFIDENCE,score_lt_86,,true
c3390932e54621722be45e23,Karuizawa 1981  Artifices Serie,,,,W000062,karuizawa 1990 sherry butt,64.29,,REJECT_LOW_CONFIDENCE,score_lt_86,,true
7084fc7ff1c6f3365c3a95ac,Karuizawa 1981  Artifices Serie,,,,W000062,karuizawa 1990 sherry butt,64.29,,REJECT_LOW_CONFIDENCE,score_lt_86,,true
7b71215be83db9bdf2af5552,Karuizawa 1981  Artifices Serie,,,1981,W000062,karuizawa 1990 sherry butt,64.29,,REJECT_LOW_CONFIDENCE,score_lt_86,,true
3cc021fe79c0e5b2451d33a2,Karuizawa 1981  Geisha Label,,,,W000215,karuizawa asama vintages 1999-2000,59.02,,REJECT_LOW_CONFIDENCE,score_lt_86,,true
1cdda0011bf0148fb11e9a1d,Karuizawa 1981  Samurai Label,,,,W000062,karuizawa 1990 sherry butt,55.56,,REJECT_LOW_CONFIDENCE,score_lt_86,,true
52a7e82608457c8ee483f19d,Karuizawa 1981  Samurai Label,,,1981,W000062,karuizawa 1990 sherry butt,55.56,,REJECT_LOW_CONFIDENCE,score_lt_86,,true
b357b69e6d72e36b66301c1b,Karuizawa 1981  Samurai Label,,,2014,W000062,karuizawa 1990 sherry butt,55.56,,REJECT_LOW_CONFIDENCE,score_lt_86,,true
f931d64d4e489f3e85b29484,Karuizawa 1981  Samurai Label,,,,W000062,karuizawa 1990 sherry butt,55.56,,REJECT_LOW_CONFIDENCE,score_lt_86,,true
a056a30f9b3f4b82c77f2c90,Karuizawa 1981  Noh Whisky,,,,W000062,karuizawa 1990 sherry butt,58.82,,REJECT_LOW_CONFIDENCE,score_lt_86,,true
a6fd26b8a53f62199d78db43,Karuizawa 1981  Noh Whisky,,,,W000062,karuizawa 1990 sherry butt,58.82,,REJECT_LOW_CONFIDENCE,score_lt_86,,true
9289b088517d4e3a4b71d05c,Karuizawa 1981  Noh Whisky,,,2013,W000062,karuizawa 1990 sherry butt,58.82,,REJECT_LOW_CONFIDENCE,score_lt_86,,true
0c88f333543cc55c28669862,Karuizawa 1981  Noh Whisky,,,,W000062,karuizawa 1990 sherry butt,58.82,,REJECT_LOW_CONFIDENCE,score_lt_86,,true
910840b072f7b0d5d2184dec,Karuizawa 1981  Noh Whisky,,,,W000062,karuizawa 1990 sherry butt,58.82,,REJECT_LOW_CONFIDENCE,score_lt_86,,true
c4f7aba77d8d287ca0ea7491,Karuizawa 1981  Noh Whisky,,,2017,W000062,karuizawa 1990 sherry butt,58.82,,REJECT_LOW_CONFIDENCE,score_lt_86,,true
3b19402106ca9c5386c009fe,Karuizawa 1981  Noh Whisky,,,,W000062,karuizawa 1990 sherry butt,58.82,,REJECT_LOW_CONFIDENCE,score_lt_86,,true
ee2437e695d40b12f74b5ae5,Karuizawa 1981  Noh Whisky,,,,W000062,karuizawa 1990 sherry butt,58.82,,REJECT_LOW_CONFIDENCE,score_lt_86,,true
df89524e6be12f8229abb6df,Karuizawa 1981  Noh Whisky,,,,W000062,karuizawa 1990 sherry butt,58.82,,REJECT_LOW_CONFIDENCE,score_lt_86,,true
677f8206ed606aa9f6d8b21d,Karuizawa 1981  Noh Whisky,,,,W000062,karuizawa 1990 sherry butt,58.82,,REJECT_LOW_CONFIDENCE,score_lt_86,,true
0ada5acdb522c7c4b8464f4f,Karuizawa 1981  Noh Whisky,,,2017,W000062,karuizawa 1990 sherry butt,58.82,,REJECT_LOW_CONFIDENCE,score_lt_86,,true
c831d43402cf7f2c927c91d5,Karuizawa 1981  Noh Whisky,,,1980,W000062,karuizawa 1990 sherry butt,58.82,,REJECT_LOW_CONFIDENCE,score_lt_86,,true
529148c0355b334d37fcf465,Karuizawa 1981  Noh Whisky,,,2016,W000062,karuizawa 1990 sherry butt,58.82,,REJECT_LOW_CONFIDENCE,score_lt_86,,true
66462a4f113cc78d1dc819f5,Karuizawa 1981  Noh Whisky,,,,W000062,karuizawa 1990 sherry butt,58.82,,REJECT_LOW_CONFIDENCE,score_lt_86,,true
63a0c259a5deeeb7931a17a0,Karuizawa 1981  Noh Whisky,,,,W000062,karuizawa 1990 sherry butt,58.82,,REJECT_LOW_CONFIDENCE,score_lt_86,,true
59f64f2c8f71719069d2cb1f,Karuizawa 1981  Single Cask - Number One Drinks Company,,,,W000041,nikka single cask coffey malt 12yo,53.49,,REJECT_LOW_CONFIDENCE,score_lt_86,,true
526fefca256165cb76cb7a18,Karuizawa 1981  Geisha Label,,,,W000215,karuizawa asama vintages 1999-2000,59.02,,REJECT_LOW_CONFIDENCE,score_lt_86,,true
225e2a11f264ff1e695d5cd7,Karuizawa 1981  Geisha Label,,,2012,W000215,karuizawa asama vintages 1999-2000,59.02,,REJECT_LOW_CONFIDENCE,score_lt_86,,true
9fee554f1e322640eda87c60,Karuizawa 1981  Geisha Label,,,,W000215,karuizawa asama vintages 1999-2000,59.02,,REJECT_LOW_CONFIDENCE,score_lt_86,,true
d8d01e64d97a3630a2e12089,Karuizawa 1981  Geisha Label,,,1981,W000215,karuizawa asama vintages 1999-2000,59.02,,REJECT_LOW_CONFIDENCE,score_lt_86,,true
1a1f7a5bb47055647119254b,Karuizawa 1981  Geisha Label,,,2010,W000215,karuizawa asama vintages 1999-2000,59.02,,REJECT_LOW_CONFIDENCE,score_lt_86,,true
4c5dad3833914003af58c7d9,Karuizawa 1981  Waves Serie - Black,,,,W000062,karuizawa 1990 sherry butt,62.07,,REJECT_LOW_CONFIDENCE,score_lt_86,,true
0b8b8e515d93aa394b1ef6d2,Karuizawa 1981  Vintage - Single Cask Malt Whisky,,,,W000799,kavalan single malt whisky,63.89,,REJECT_LOW_CONFIDENCE,score_lt_86,,true
788775c987474f22fb8dcfb8,Karuizawa 1981  Vintage - Single Cask Malt Whisky,,,,W000799,kavalan single malt whisky,63.89,,REJECT_LOW_CONFIDENCE,score_lt_86,,true
c70a68d7ff1f747555405a17,Karuizawa 1981  Vintage - Single Cask Malt Whisky,,,2017,W000799,kavalan single malt whisky,63.89,,REJECT_LOW_CONFIDENCE,score_lt_86,,true
923e42e57c8519cef7f6524c,Karuizawa 1981  Vintage - Single Cask Malt Whisky,,,,W000799,kavalan single malt whisky,63.89,,REJECT_LOW_CONFIDENCE,score_lt_86,,true
47176d4346b9f65cf66af7fb,Karuizawa 1981  Vintage - Single Cask Malt Whisky,,,,W000799,kavalan single malt whisky,63.89,,REJECT_LOW_CONFIDENCE,score_lt_86,,true
59232705da2f98f806b92651,Karuizawa 1981,,,,W000062,karuizawa 1990 sherry butt,60.0,,REJECT_LOW_CONFIDENCE,score_lt_86,,true
b8ddb9ae483548cb431c1b74,Karuizawa 1981,,,,W000062,karuizawa 1990 sherry butt,60.0,,REJECT_LOW_CONFIDENCE,score_lt_86,,true
c10dc805a6b84f45ab726c24,Karuizawa 1981,,,,W000062,karuizawa 1990 sherry butt,60.0,,REJECT_LOW_CONFIDENCE,score_lt_86,,true
8af6b94e01a470bac83c61dc,Karuizawa 1981,,,,W000062,karuizawa 1990 sherry butt,60.0,,REJECT_LOW_CONFIDENCE,score_lt_86,,true
3d1383c183238645e2099b48,Karuizawa 1981,,,,W000062,karuizawa 1990 sherry butt,60.0,,REJECT_LOW_CONFIDENCE,score_lt_86,,true
aa74ee55ad9fed63fd11538b,Karuizawa 1981,,,,W000062,karuizawa 1990 sherry butt,60.0,,REJECT_LOW_CONFIDENCE,score_lt_86,,true
7bc42fdcc60054f20fbd8ebc,Karuizawa 1981,,,,W000062,karuizawa 1990 sherry butt,60.0,,REJECT_LOW_CONFIDENCE,score_lt_86,,true
3901b22323e08fd605ed088d,Karuizawa 1981,,,,W000062,karuizawa 1990 sherry butt,60.0,,REJECT_LOW_CONFIDENCE,score_lt_86,,true
e076b3f23fe4db7216e1a742,Karuizawa 1981,,,,W000062,karuizawa 1990 sherry butt,60.0,,REJECT_LOW_CONFIDENCE,score_lt_86,,true
2cc2913b6b6f2300c3c4875c,Karuizawa 1981  Cocktail Serie,,,,W000062,karuizawa 1990 sherry butt,65.45,,REJECT_LOW_CONFIDENCE,score_lt_86,,true
fc83233557b07758e1f42524,Karuizawa 1981  Cocktail Serie,,,,W000062,karuizawa 1990 sherry butt,65.45,,REJECT_LOW_CONFIDENCE,score_lt_86,,true
fe4da1627063a54157d9722c,Karuizawa 1981  Cocktail Serie,,,,W000062,karuizawa 1990 sherry butt,65.45,,REJECT_LOW_CONFIDENCE,score_lt_86,,true
c8455c3164c844106fd948a6,Karuizawa 1981  Cocktail Serie,,,2013,W000062,karuizawa 1990 sherry butt,65.45,,REJECT_LOW_CONFIDENCE,score_lt_86,,true
32aaa4aba57dad2f4109c7a9,Karuizawa 1981  Cocktail Serie,,,,W000062,karuizawa 1990 sherry butt,65.45,,REJECT_LOW_CONFIDENCE,score_lt_86,,true
9b9dd5fcc1ac47441d4cbf15,Karuizawa 1981  Cocktail Serie,,,,W000062,karuizawa 1990 sherry butt,65.45,,REJECT_LOW_CONFIDENCE,score_lt_86,,true
4db753e6ee8e66a52275bf2e,Karuizawa 1981  Cocktail Serie,,,,W000062,karuizawa 1990 sherry butt,65.45,,REJECT_LOW_CONFIDENCE,score_lt_86,,true
93cb145b3ae720f61cabdba2,Karuizawa 1981  Cocktail Serie,,,,W000062,karuizawa 1990 sherry butt,65.45,,REJECT_LOW_CONFIDENCE,score_lt_86,,true
9d04ce4a83389e298f6cda32,Karuizawa 1981  Cocktail Serie,,,2016,W000062,karuizawa 1990 sherry butt,65.45,,REJECT_LOW_CONFIDENCE,score_lt_86,,true
f916cfda91eeffd2f82882e2,Karuizawa 1981  Cocktail Serie,,,2015,W000062,karuizawa 1990 sherry butt,65.45,,REJECT_LOW_CONFIDENCE,score_lt_86,,true
b037b48b84095ac88d354b9b,Karuizawa 1981  Noh Whisky,,,,W000062,karuizawa 1990 sherry butt,58.82,,REJECT_LOW_CONFIDENCE,score_lt_86,,true
81c46d2fd5018d657d71e93c,Karuizawa 1981  Noh Whisky,,,,W000062,karuizawa 1990 sherry butt,58.82,,REJECT_LOW_CONFIDENCE,score_lt_86,,true
1528d191651420ac5ac00d80,Karuizawa 1981  Noh Whisky,,,2016,W000062,karuizawa 1990 sherry butt,58.82,,REJECT_LOW_CONFIDENCE,score_lt_86,,true
0a90f94595640937aa48badd,Karuizawa 1981  Noh Whisky,,,2015,W000062,karuizawa 1990 sherry butt,58.82,,REJECT_LOW_CONFIDENCE,score_lt_86,,true
fb7cb969216a1634d5bc2b1c,Karuizawa 1981  Noh Whisky,,,,W000062,karuizawa 1990 sherry butt,58.82,,REJECT_LOW_CONFIDENCE,score_lt_86,,true
d9ed8dae99a020d3b92ef4f4,Karuizawa 1981  Fire Dragon,,,2015,W000062,karuizawa 1990 sherry butt,50.0,,REJECT_LOW_CONFIDENCE,score_lt_86,,true
b47c531d530c93dd78c2255f,Karuizawa 1982  Single Cask - Number One Drinks Company,,,,W000041,nikka single cask coffey malt 12yo,55.81,,REJECT_LOW_CONFIDENCE,score_lt_86,,true
a4c85445e6e0d2da35ee18b3,Karuizawa 1982  Single Cask - Number One Drinks Company,,,,W000041,nikka single cask coffey malt 12yo,55.81,,REJECT_LOW_CONFIDENCE,score_lt_86,,true
d0cf60e8d892500a288a3f3a,Karuizawa 1982  Noh Whisky,,,,W000062,karuizawa 1990 sherry butt,58.82,,REJECT_LOW_CONFIDENCE,score_lt_86,,true
1b6e2cf5f2efe8cb9f27fda0,Karuizawa 1982  Noh Whisky,,,,W000062,karuizawa 1990 sherry butt,58.82,,REJECT_LOW_CONFIDENCE,score_lt_86,,true
3a98d47d46e4686286a6d9d5,Karuizawa 1982  Noh Whisky,,,,W000062,karuizawa 1990 sherry butt,58.82,,REJECT_LOW_CONFIDENCE,score_lt_86,,true
baa444903409eb38c67e1eb3,Karuizawa 1982  Noh Whisky,,,,W000062,karuizawa 1990 sherry butt,58.82,,REJECT_LOW_CONFIDENCE,score_lt_86,,true
39c365914ab7e7e0d9f3ded7,Karuizawa 1982  Noh Whisky,,,,W000062,karuizawa 1990 sherry butt,58.82,,REJECT_LOW_CONFIDENCE,score_lt_86,,true
317c2d1d43c8426d16b6c673,Karuizawa 1982  Cocktail Serie,,,2016,W000062,karuizawa 1990 sherry butt,65.45,,REJECT_LOW_CONFIDENCE,score_lt_86,,true
3c78ac92d5c627a9f6b018ef,Karuizawa 1982  Cocktail Serie,,,2015,W000062,karuizawa 1990 sherry butt,65.45,,REJECT_LOW_CONFIDENCE,score_lt_86,,true
f29b9785562536f432027095,Karuizawa 1982  Carpe Koï Serie,,,,W000062,karuizawa 1990 sherry butt,61.82,,REJECT_LOW_CONFIDENCE,score_lt_86,,true
446d179de0e916712e1b87cc,Karuizawa 1982  Carpe Koï Serie,,,,W000062,karuizawa 1990 sherry butt,61.82,,REJECT_LOW_CONFIDENCE,score_lt_86,,true
a89a9f08d93540e89fdd95ae,Karuizawa 1982  Carpe Koï Serie,,,,W000062,karuizawa 1990 sherry butt,61.82,,REJECT_LOW_CONFIDENCE,score_lt_86,,true
0b08db4934ea9d12fda1aebb,Karuizawa 1982  Carpe Koï Serie,,,,W000062,karuizawa 1990 sherry butt,61.82,,REJECT_LOW_CONFIDENCE,score_lt_86,,true
6b921e868daa14103f23f622,Karuizawa 1982  Carpe Koï Serie,,,,W000062,karuizawa 1990 sherry butt,61.82,,REJECT_LOW_CONFIDENCE,score_lt_86,,true
32d49ca3d0b9d51a6922db5c,Karuizawa 1982  Carpe Koï Serie,,,1982,W000062,karuizawa 1990 sherry butt,61.82,,REJECT_LOW_CONFIDENCE,score_lt_86,,true
abe0de206d4f252114665938,Karuizawa 1982  Carpe Koï Serie,,,,W000062,karuizawa 1990 sherry butt,61.82,,REJECT_LOW_CONFIDENCE,score_lt_86,,true
c073ec380c3bb6bf096682f5,Karuizawa 1982  Carpe Koï Serie,,,,W000062,karuizawa 1990 sherry butt,61.82,,REJECT_LOW_CONFIDENCE,score_lt_86,,true
a56496601c74e1f875e37e2c,Karuizawa 1982  Carpe Koï Serie,,,,W000062,karuizawa 1990 sherry butt,61.82,,REJECT_LOW_CONFIDENCE,score_lt_86,,true
cae0edd7566d30b027ad200e,Karuizawa 1982  Carpe Koï Serie,,,1982,W000062,karuizawa 1990 sherry butt,61.82,,REJECT_LOW_CONFIDENCE,score_lt_86,,true
e7315a7525c8b5ba493579b2,Karuizawa 1982  Geisha Label,,,,W000215,karuizawa asama vintages 1999-2000,62.3,,REJECT_LOW_CONFIDENCE,score_lt_86,,true
f9e2bc83e928fd31894b0cfc,Karuizawa 1982  Geisha Label,,,,W000215,karuizawa asama vintages 1999-2000,62.3,,REJECT_LOW_CONFIDENCE,score_lt_86,,true
6b52b3839bbd9873e91ae611,Karuizawa 1982  Geisha Label,,,,W000215,karuizawa asama vintages 1999-2000,62.3,,REJECT_LOW_CONFIDENCE,score_lt_86,,true
b04066421da51561f5d0cc24,Karuizawa 1982  Geisha Label,,,,W000215,karuizawa asama vintages 1999-2000,62.3,,REJECT_LOW_CONFIDENCE,score_lt_86,,true
d8c1817c579701f72e7fa073,Karuizawa 1982  Geisha Label,,,,W000215,karuizawa asama vintages 1999-2000,62.3,,REJECT_LOW_CONFIDENCE,score_lt_86,,true
47d8085b073bb5d5d6136b3d,Karuizawa 1982  Geisha Label,,,,W000215,karuizawa asama vintages 1999-2000,62.3,,REJECT_LOW_CONFIDENCE,score_lt_86,,true
9b2200dd3fe7696d32b97f10,Karuizawa 1982  Geisha Label,,,2015,W000215,karuizawa asama vintages 1999-2000,62.3,,REJECT_LOW_CONFIDENCE,score_lt_86,,true
f7820729da7d096d5d38fc6b,Karuizawa 1983,,,,W000062,karuizawa 1990 sherry butt,60.0,,REJECT_LOW_CONFIDENCE,score_lt_86,,true
4bc214aa30446972c0deb962,Karuizawa 1983,,,,W000062,karuizawa 1990 sherry butt,60.0,,REJECT_LOW_CONFIDENCE,score_lt_86,,true
76698a14205b55c36e1b2983,Karuizawa 1983,,,2018,W000062,karuizawa 1990 sherry butt,60.0,,REJECT_LOW_CONFIDENCE,score_lt_86,,true
63846b6f982882470d14b06d,Karuizawa 1983,,,,W000062,karuizawa 1990 sherry butt,60.0,,REJECT_LOW_CONFIDENCE,score_lt_86,,true
9fe32576cbf070b508419a65,Karuizawa 1983,,,1983,W000062,karuizawa 1990 sherry butt,60.0,,REJECT_LOW_CONFIDENCE,score_lt_86,,true
3995661547f6c7d63a689f79,Karuizawa 1983,,,1983,W000062,karuizawa 1990 sherry butt,60.0,,REJECT_LOW_CONFIDENCE,score_lt_86,,true
0cf39a697b9ead3e5660fc48,Karuizawa 1983,,,1983,W000062,karuizawa 1990 sherry butt,60.0,,REJECT_LOW_CONFIDENCE,score_lt_86,,true
0514e2deaaa461b6a4ce9987,Karuizawa 1983  Vintage - Single Cask Malt Whisky,,,1983,W000799,kavalan single malt whisky,63.89,,REJECT_LOW_CONFIDENCE,score_lt_86,,true
da1cb456ccda0a6018bd8932,Karuizawa 1983  Vintage - Single Cask Malt Whisky,,,,W000799,kavalan single malt whisky,63.89,,REJECT_LOW_CONFIDENCE,score_lt_86,,true
4a2e250c84cef598c4ff6f92,Karuizawa 1983  Vintage - Single Cask Malt Whisky,,,,W000799,kavalan single malt whisky,63.89,,REJECT_LOW_CONFIDENCE,score_lt_86,,true
749221527e3e3990a2d5f119,Karuizawa 1983  Noh Whisky,,,,W000062,karuizawa 1990 sherry butt,58.82,,REJECT_LOW_CONFIDENCE,score_lt_86,,true
e35248fe0365dd2581a5a219,Karuizawa 1983  Noh Whisky,,,,W000062,karuizawa 1990 sherry butt,58.82,,REJECT_LOW_CONFIDENCE,score_lt_86,,true
72d9798b90bb642656101691,Karuizawa 1983  Noh Whisky,,,,W000062,karuizawa 1990 sherry butt,58.82,,REJECT_LOW_CONFIDENCE,score_lt_86,,true
0149ed9e3cc1515c5bfa6770,Karuizawa 1983  Noh Whisky,,,,W000062,karuizawa 1990 sherry butt,58.82,,REJECT_LOW_CONFIDENCE,score_lt_86,,true
634a9109df9cb4cee2199dcf,Karuizawa 1983  Noh Whisky,,,2015,W000062,karuizawa 1990 sherry butt,58.82,,REJECT_LOW_CONFIDENCE,score_lt_86,,true
f70c60a11abbfa193118dc73,Karuizawa 1983  Noh Whisky,,,1981,W000062,karuizawa 1990 sherry butt,58.82,,REJECT_LOW_CONFIDENCE,score_lt_86,,true
a556b61b453eb2ae56cf7921,Karuizawa 1983  Noh Whisky - Chorei Beshimi,,,2000,W001353,bell's original scotch whisky,52.17,,REJECT_LOW_CONFIDENCE,score_lt_86,,true
6424d47d02505ed68f89828e,Karuizawa 1983  Noh Whisky - Chorei Beshimi,,,,W001353,bell's original scotch whisky,52.17,,REJECT_LOW_CONFIDENCE,score_lt_86,,true
65103fd7afebe8a1f9e988da,Karuizawa 1983  Noh Whisky - Chorei Beshimi,,,,W001353,bell's original scotch whisky,52.17,,REJECT_LOW_CONFIDENCE,score_lt_86,,true
c334d1d8cf315dc90731b25b,Karuizawa 1983  Noh Whisky - Chorei Beshimi,,,2012,W001353,bell's original scotch whisky,52.17,,REJECT_LOW_CONFIDENCE,score_lt_86,,true
2319f551ff4751a3b6260c8d,Karuizawa 1983  Noh Whisky - Chorei Beshimi,,,2015,W001353,bell's original scotch whisky,52.17,,REJECT_LOW_CONFIDENCE,score_lt_86,,true
3b276dc360d9aeadd3d01909,Karuizawa 1983  Noh Whisky - Chorei Beshimi,,,,W001353,bell's original scotch whisky,52.17,,REJECT_LOW_CONFIDENCE,score_lt_86,,true
2b8b9c6238d9e3e846f0f43e,Karuizawa 1983  Noh Whisky - Chorei Beshimi,,,1983,W001353,bell's original scotch whisky,52.17,,REJECT_LOW_CONFIDENCE,score_lt_86,,true
887ccf8af3f8d773ec73586c,Karuizawa 1983  White Warrior,,,,W000062,karuizawa 1990 sherry butt,55.56,,REJECT_LOW_CONFIDENCE,score_lt_86,,true
0713c447d9925c965982f239,Karuizawa 1983  Ichiro's Choice,,,1983,W000062,karuizawa 1990 sherry butt,53.57,,REJECT_LOW_CONFIDENCE,score_lt_86,,true
eaf64151f587e29351cdd4c2,Karuizawa 1983  Cocktail Serie,,,1983,W000062,karuizawa 1990 sherry butt,65.45,,REJECT_LOW_CONFIDENCE,score_lt_86,,true
cda6c7cdd76a637e7c2daf3d,Karuizawa 1983  Cocktail Serie,,,2013,W000062,karuizawa 1990 sherry butt,65.45,,REJECT_LOW_CONFIDENCE,score_lt_86,,true
b6a194f8e7aa58335607ab8d,Karuizawa 1983  Cocktail Serie,,,2015,W000062,karuizawa 1990 sherry butt,65.45,,REJECT_LOW_CONFIDENCE,score_lt_86,,true
3be269c7a46a43f3df5987a6,Karuizawa 1983  Noh Whisky,,,,W000062,karuizawa 1990 sherry butt,58.82,,REJECT_LOW_CONFIDENCE,score_lt_86,,true
09750a74074205220646a5ef,Karuizawa 1983  Noh Whisky,,,,W000062,karuizawa 1990 sherry butt,58.82,,REJECT_LOW_CONFIDENCE,score_lt_86,,true
63452f3fa1c98fc424f71e64,Karuizawa 1983  Geisha Label,,,2014,W000215,karuizawa asama vintages 1999-2000,59.02,,REJECT_LOW_CONFIDENCE,score_lt_86,,true
de9aea5cf4d95961abd5b5e6,Karuizawa 1983  Geisha Label,,,2013,W000215,karuizawa asama vintages 1999-2000,59.02,,REJECT_LOW_CONFIDENCE,score_lt_86,,true
1c55e12cd0f1f67a0bc18175,Karuizawa 1984  Waves Serie - Blue,,,2017,W000062,karuizawa 1990 sherry butt,66.67,,REJECT_LOW_CONFIDENCE,score_lt_86,,true
3b79c0998202eb42093ab4bd,Karuizawa 1984  Vintage - Single Cask Malt Whisky,,,1984,W000799,kavalan single malt whisky,63.89,,REJECT_LOW_CONFIDENCE,score_lt_86,,true
b81694b35a6d4c1fcf580d0a,Karuizawa 1984  Vintage - Single Cask Malt Whisky,,,1984,W000799,kavalan single malt whisky,63.89,,REJECT_LOW_CONFIDENCE,score_lt_86,,true
5d5cb79398ba8763d7af5722,Karuizawa 1984  Vintage - Single Cask Malt Whisky,,,1950,W000799,kavalan single malt whisky,63.89,,REJECT_LOW_CONFIDENCE,score_lt_86,,true
a33fa4915c2647f6761ebdfc,Karuizawa 1984  Vintage - Single Cask Malt Whisky,,,,W000799,kavalan single malt whisky,63.89,,REJECT_LOW_CONFIDENCE,score_lt_86,,true
16735331cf4927840b0bda19,Karuizawa 1984  Vintage - Single Cask Malt Whisky,,,1959,W000799,kavalan single malt whisky,63.89,,REJECT_LOW_CONFIDENCE,score_lt_86,,true
a93aac21d614e651496f9df3,Karuizawa 1984  Noh Whisky,,,2016,W000062,karuizawa 1990 sherry butt,58.82,,REJECT_LOW_CONFIDENCE,score_lt_86,,true
694a553f06a37805d57c84e7,Karuizawa 1984  Cask by cask,,,,W000215,karuizawa asama vintages 1999-2000,55.74,,REJECT_LOW_CONFIDENCE,score_lt_86,,true
522b9c43bf7c6efc7e5e3f40,Karuizawa 1984  Cask by cask,,,,W000215,karuizawa asama vintages 1999-2000,55.74,,REJECT_LOW_CONFIDENCE,score_lt_86,,true
68d69dc4229a836173c1ccc3,Karuizawa 1984  Cask by cask,,,,W000215,karuizawa asama vintages 1999-2000,55.74,,REJECT_LOW_CONFIDENCE,score_lt_86,,true
d623ef4dc506ecc4bd5a72e1,Karuizawa 1984  Cask by cask,,,,W000215,karuizawa asama vintages 1999-2000,55.74,,REJECT_LOW_CONFIDENCE,score_lt_86,,true
72db1b659e3059767e9f5fd9,Karuizawa 1984  Cask by cask,,,,W000215,karuizawa asama vintages 1999-2000,55.74,,REJECT_LOW_CONFIDENCE,score_lt_86,,true
5091a7eb1f452060860c5b48,Karuizawa 1984  Cocktail Serie,,,,W000062,karuizawa 1990 sherry butt,65.45,,REJECT_LOW_CONFIDENCE,score_lt_86,,true
691b0838ea9160c5b7201232,Karuizawa 1984  Cocktail Serie,,,1984,W000062,karuizawa 1990 sherry butt,65.45,,REJECT_LOW_CONFIDENCE,score_lt_86,,true
53c4ca72ac9d46d2eaa8ca5a,Karuizawa 1984  Cocktail Serie,,,,W000062,karuizawa 1990 sherry butt,65.45,,REJECT_LOW_CONFIDENCE,score_lt_86,,true
a418d8cf32f21d822122c3d1,Karuizawa 1984  Cocktail Serie,,,,W000062,karuizawa 1990 sherry butt,65.45,,REJECT_LOW_CONFIDENCE,score_lt_86,,true
0c69de64fe0d8d4fcc5f27fa,Karuizawa 1984  Cocktail Serie,,,,W000062,karuizawa 1990 sherry butt,65.45,,REJECT_LOW_CONFIDENCE,score_lt_86,,true
80c22a05228fe861c6afd447,Karuizawa 1984  Artifices Serie,,,,W000062,karuizawa 1990 sherry butt,64.29,,REJECT_LOW_CONFIDENCE,score_lt_86,,true
f88ddb9e8659f1502e9c7f18,Karuizawa 1984  Artifices Serie,,,,W000062,karuizawa 1990 sherry butt,64.29,,REJECT_LOW_CONFIDENCE,score_lt_86,,true
ba746847f8c1179b492c2ffa,Karuizawa 1984  Artifices Serie,,,,W000062,karuizawa 1990 sherry butt,64.29,,REJECT_LOW_CONFIDENCE,score_lt_86,,true
2a8be5966e426508695a6319,Karuizawa 1984  Artifices Serie,,,2075,W000062,karuizawa 1990 sherry butt,64.29,,REJECT_LOW_CONFIDENCE,score_lt_86,,true
9b8679ff6e9cc0e2d32db8d2,Karuizawa 1984  Artifices Serie,,,,W000062,karuizawa 1990 sherry butt,64.29,,REJECT_LOW_CONFIDENCE,score_lt_86,,true
febff1cdd9ec2827893025fd,Karuizawa 1984,,,,W000062,karuizawa 1990 sherry butt,60.0,,REJECT_LOW_CONFIDENCE,score_lt_86,,true
2f2ee6177c07ddf80ea46651,Karuizawa 1984,,,1984,W000062,karuizawa 1990 sherry butt,60.0,,REJECT_LOW_CONFIDENCE,score_lt_86,,true
30bb9a9eb4bbeded0cac8238,Karuizawa 1984,,,,W000062,karuizawa 1990 sherry butt,60.0,,REJECT_LOW_CONFIDENCE,score_lt_86,,true
cfa5f0a76fcc2b34f4339d79,Karuizawa 1984,,,,W000062,karuizawa 1990 sherry butt,60.0,,REJECT_LOW_CONFIDENCE,score_lt_86,,true
41169749eead3f6d4855a5af,Karuizawa 1984,,,,W000062,karuizawa 1990 sherry butt,60.0,,REJECT_LOW_CONFIDENCE,score_lt_86,,true
c636c8c6fdd2a03a7cab6165,Karuizawa 1984,,,,W000062,karuizawa 1990 sherry butt,60.0,,REJECT_LOW_CONFIDENCE,score_lt_86,,true
75165d2a39c3126d64274715,Karuizawa 1984,,,,W000062,karuizawa 1990 sherry butt,60.0,,REJECT_LOW_CONFIDENCE,score_lt_86,,true
08fe917faddeac490654b348,Karuizawa 1984,,,,W000062,karuizawa 1990 sherry butt,60.0,,REJECT_LOW_CONFIDENCE,score_lt_86,,true
241cc361e2091bf8c32daab9,Karuizawa 1984  Artifices Serie,,,2017,W000062,karuizawa 1990 sherry butt,64.29,,REJECT_LOW_CONFIDENCE,score_lt_86,,true
d4338299aa442451d9f4db04,Karuizawa 1984  Carpe Koï Serie,,,,W000062,karuizawa 1990 sherry butt,61.82,,REJECT_LOW_CONFIDENCE,score_lt_86,,true
8df76750123e5d740f3c3e7a,Karuizawa 1984  Carpe Koï Serie,,,2017,W000062,karuizawa 1990 sherry butt,61.82,,REJECT_LOW_CONFIDENCE,score_lt_86,,true
5a7f395a587e103fa2e78f42,Karuizawa 1984  Carpe Koï Serie,,,2017,W000062,karuizawa 1990 sherry butt,61.82,,REJECT_LOW_CONFIDENCE,score_lt_86,,true
d5f0f7277b8e55be1346a4a9,Karuizawa 1984  Carpe Koï Serie,,,,W000062,karuizawa 1990 sherry butt,61.82,,REJECT_LOW_CONFIDENCE,score_lt_86,,true
28600a5cf34bcfc1bd5c429b,Karuizawa 1984  Carpe Koï Serie,,,,W000062,karuizawa 1990 sherry butt,61.82,,REJECT_LOW_CONFIDENCE,score_lt_86,,true
b927a6c4ff06a92750275267,Karuizawa 1984  Carpe Koï Serie,,,,W000062,karuizawa 1990 sherry butt,61.82,,REJECT_LOW_CONFIDENCE,score_lt_86,,true
030f8c14ead48e988d8ecbfa,Karuizawa 1984  Carpe Koï Serie,,,2019,W000062,karuizawa 1990 sherry butt,61.82,,REJECT_LOW_CONFIDENCE,score_lt_86,,true
78c32533898521170fbcc555,Karuizawa 1984  Carpe Koï Serie,,,2017,W000062,karuizawa 1990 sherry butt,61.82,,REJECT_LOW_CONFIDENCE,score_lt_86,,true
0dfdaf69ed2f8a7d27ba4480,Karuizawa 1984  Carpe Koï Serie,,,,W000062,karuizawa 1990 sherry butt,61.82,,REJECT_LOW_CONFIDENCE,score_lt_86,,true
aa4a90333cb455238c0e7d82,Karuizawa 1984,,,,W000062,karuizawa 1990 sherry butt,60.0,,REJECT_LOW_CONFIDENCE,score_lt_86,,true
023fca2ff5d8474b4ede4b9e,Karuizawa 1984  Geisha Label,,,,W000215,karuizawa asama vintages 1999-2000,59.02,,REJECT_LOW_CONFIDENCE,score_lt_86,,true
17d1dfbb0afa04aa141be706,Karuizawa 1984  Single Cask - Number One Drinks Company,,,,W000041,nikka single cask coffey malt 12yo,53.49,,REJECT_LOW_CONFIDENCE,score_lt_86,,true
e75f1d2a4c648badf79ceeae,Karuizawa 1984  Single Cask - Number One Drinks Company,,,,W000041,nikka single cask coffey malt 12yo,53.49,,REJECT_LOW_CONFIDENCE,score_lt_86,,true
c464890f5d8a48798ce3e8aa,Karuizawa 1984  Single Cask - Number One Drinks Company,,,,W000041,nikka single cask coffey malt 12yo,53.49,,REJECT_LOW_CONFIDENCE,score_lt_86,,true
266c4f7c1d5a35a6e058d2ba,Karuizawa 1984  Single Cask - Number One Drinks Company,,,,W000041,nikka single cask coffey malt 12yo,53.49,,REJECT_LOW_CONFIDENCE,score_lt_86,,true
4eba62b8514dc3e994ba080b,Karuizawa 1984  Single Cask - Number One Drinks Company,,,2013,W000041,nikka single cask coffey malt 12yo,53.49,,REJECT_LOW_CONFIDENCE,score_lt_86,,true
5da2970aa9d0841043a021e7,Karuizawa 1984  Single Cask - Number One Drinks Company,,,,W000041,nikka single cask coffey malt 12yo,53.49,,REJECT_LOW_CONFIDENCE,score_lt_86,,true
41cb8c1c0a67b419d2821e83,Karuizawa 1984  Single Cask - Number One Drinks Company,,,,W000041,nikka single cask coffey malt 12yo,53.49,,REJECT_LOW_CONFIDENCE,score_lt_86,,true
59cf58389fefcc4efd6709d9,Karuizawa 1984  Single Cask - Number One Drinks Company,,,,W000041,nikka single cask coffey malt 12yo,53.49,,REJECT_LOW_CONFIDENCE,score_lt_86,,true
81e0edc60c68b426c113c042,Karuizawa 1984  Single Cask - Number One Drinks Company,,,2015,W000041,nikka single cask coffey malt 12yo,53.49,,REJECT_LOW_CONFIDENCE,score_lt_86,,true
84d3a0760550e0d51302e3e9,Karuizawa 1984  Single Cask - Number One Drinks Company,,,2015,W000041,nikka single cask coffey malt 12yo,53.49,,REJECT_LOW_CONFIDENCE,score_lt_86,,true
591f8f4d8f757ba008412fd7,Karuizawa 1984  Vintage - Single Cask Malt Whisky,,,2015,W000799,kavalan single malt whisky,63.89,,REJECT_LOW_CONFIDENCE,score_lt_86,,true
334ad64a9f7a8b55d231ef63,Karuizawa 1984  Vintage - Single Cask Malt Whisky,,,,W000799,kavalan single malt whisky,63.89,,REJECT_LOW_CONFIDENCE,score_lt_86,,true
e703a2e027a37faf40468cbc,Karuizawa 1984  Vintage - Single Cask Malt Whisky,,,,W000799,kavalan single malt whisky,63.89,,REJECT_LOW_CONFIDENCE,score_lt_86,,true
bb27e1fec81794dc2ac51d0a,Karuizawa 1984  Vintage - Single Cask Malt Whisky,,,,W000799,kavalan single malt whisky,63.89,,REJECT_LOW_CONFIDENCE,score_lt_86,,true
bac2080ba95d059feb2fa057,Karuizawa 1985  Vintage - Single Cask Malt Whisky,,,,W000799,kavalan single malt whisky,63.89,,REJECT_LOW_CONFIDENCE,score_lt_86,,true
8b17141f4e48010607fa00da,Karuizawa 1985  Vintage - Single Cask Malt Whisky,,,,W000799,kavalan single malt whisky,63.89,,REJECT_LOW_CONFIDENCE,score_lt_86,,true
e9f2ed88629423c42644f0d8,Karuizawa 1985  Vintage - Single Cask Malt Whisky,,,2010,W000799,kavalan single malt whisky,63.89,,REJECT_LOW_CONFIDENCE,score_lt_86,,true
25fb9381108c4d411bc9696c,Karuizawa 1985  Vintage - Single Cask Malt Whisky,,,,W000799,kavalan single malt whisky,63.89,,REJECT_LOW_CONFIDENCE,score_lt_86,,true
838429f8332d906d4b234fe2,Karuizawa 1985  Vintage - Single Cask Malt Whisky,,,,W000799,kavalan single malt whisky,63.89,,REJECT_LOW_CONFIDENCE,score_lt_86,,true
cf385920d39c4e9db05cbbea,Karuizawa 1985  Vintage - Single Cask Malt Whisky,,,,W000799,kavalan single malt whisky,63.89,,REJECT_LOW_CONFIDENCE,score_lt_86,,true
78c8a3dac836292424860dda,Karuizawa 1985  Vintage - Single Cask Malt Whisky,,,,W000799,kavalan single malt whisky,63.89,,REJECT_LOW_CONFIDENCE,score_lt_86,,true
106b6a865b247e0e4232acc6,Karuizawa 1985  Vintage - Single Cask Malt Whisky,,,,W000799,kavalan single malt whisky,63.89,,REJECT_LOW_CONFIDENCE,score_lt_86,,true
d3b3d76a44602c1fbf88c5c9,Karuizawa 1985  Artifices Serie,,,,W000062,karuizawa 1990 sherry butt,64.29,,REJECT_LOW_CONFIDENCE,score_lt_86,,true
9a6588d949bfdaabce39d2a6,Karuizawa 1986  Vintage - Single Cask Malt Whisky,,,,W000799,kavalan single malt whisky,63.89,,REJECT_LOW_CONFIDENCE,score_lt_86,,true
f823d783b11e357a37a84eb9,Karuizawa 1986  Vintage - Single Cask Malt Whisky,,,,W000799,kavalan single malt whisky,63.89,,REJECT_LOW_CONFIDENCE,score_lt_86,,true
1c30f5e43bb5fc957a2a2d1c,Karuizawa 1986  Vintage - Single Cask Malt Whisky,,,,W000799,kavalan single malt whisky,63.89,,REJECT_LOW_CONFIDENCE,score_lt_86,,true
2a5cc3da7451008d234e7ce4,Karuizawa 1986  Vintage - Single Cask Malt Whisky,,,1986,W000799,kavalan single malt whisky,63.89,,REJECT_LOW_CONFIDENCE,score_lt_86,,true
aa9e4c4b33e2ec1dd72bed7f,Karuizawa 1986  Vintage - Single Cask Malt Whisky,,,,W000799,kavalan single malt whisky,63.89,,REJECT_LOW_CONFIDENCE,score_lt_86,,true
7e49c6caca66db92ccdc58b2,Karuizawa 1986  Vintage - Single Cask Malt Whisky,,,,W000799,kavalan single malt whisky,63.89,,REJECT_LOW_CONFIDENCE,score_lt_86,,true
e2b564f78f66ac9862b38048,Karuizawa 1986  Vintage - Single Cask Malt Whisky,,,,W000799,kavalan single malt whisky,63.89,,REJECT_LOW_CONFIDENCE,score_lt_86,,true
3d3cbccd783ed42284b72d62,Karuizawa 1986  Vintage - Single Cask Malt Whisky,,,2013,W000799,kavalan single malt whisky,63.89,,REJECT_LOW_CONFIDENCE,score_lt_86,,true
3767a198963dc586a2312cf9,Karuizawa 1986  Vintage - Single Cask Malt Whisky,,,,W000799,kavalan single malt whisky,63.89,,REJECT_LOW_CONFIDENCE,score_lt_86,,true
efaf798f53509df1ad35d3c9,Karuizawa 1988  Vintage - Single Cask Malt Whisky,,,,W000799,kavalan single malt whisky,63.89,,REJECT_LOW_CONFIDENCE,score_lt_86,,true
ae6851ebc53a8dbe46717013,Karuizawa 1988  Vintage - Single Cask Malt Whisky,,,,W000799,kavalan single malt whisky,63.89,,REJECT_LOW_CONFIDENCE,score_lt_86,,true
58ee594727a3adb358d01f67,Karuizawa 1988  Vintage - Single Cask Malt Whisky,,,,W000799,kavalan single malt whisky,63.89,,REJECT_LOW_CONFIDENCE,score_lt_86,,true
a055823e07c78b50219b9f21,Karuizawa 1989  Vintage for Kawachiya,,,,W000215,karuizawa asama vintages 1999-2000,62.86,,REJECT_LOW_CONFIDENCE,score_lt_86,,true
5996297f34a9366b25ea8ae9,Karuizawa 1989  Vintage for Kawachiya,,,,W000215,karuizawa asama vintages 1999-2000,62.86,,REJECT_LOW_CONFIDENCE,score_lt_86,,true
f189642058e65e4d947d480f,Karuizawa 1989  Noh Whisky,,,1989,W000062,karuizawa 1990 sherry butt,62.75,,REJECT_LOW_CONFIDENCE,score_lt_86,,true
9c62b52998cf20e35bbe43ef,Karuizawa 1989  Noh Whisky,,,2015,W000062,karuizawa 1990 sherry butt,62.75,,REJECT_LOW_CONFIDENCE,score_lt_86,,true
e891c2710abb24684010efac,Karuizawa 1989  Noh Whisky,,,,W000062,karuizawa 1990 sherry butt,62.75,,REJECT_LOW_CONFIDENCE,score_lt_86,,true
730e27373a35955519cf788d,Karuizawa 1989  Noh Whisky,,,,W000062,karuizawa 1990 sherry butt,62.75,,REJECT_LOW_CONFIDENCE,score_lt_86,,true
871d98c8af31f9f03c97c091,Karuizawa 1989  Vintage for Kawachiya,,,,W000215,karuizawa asama vintages 1999-2000,62.86,,REJECT_LOW_CONFIDENCE,score_lt_86,,true
675c04fa61159fb8abb22904,Karuizawa 1990  Whisky Live 10th Anniversary,,,,W001647,jack daniel's 150th anniversary,59.46,,REJECT_LOW_CONFIDENCE,score_lt_86,,true
ad55cdb40aab1dd991a30e2b,Karuizawa 1990  Whisky Live 10th Anniversary,,,,W001647,jack daniel's 150th anniversary,59.46,,REJECT_LOW_CONFIDENCE,score_lt_86,,true
5d2fa3a5109327533cf1866d,Karuizawa 1990  Whisky Live 10th Anniversary,,,,W001647,jack daniel's 150th anniversary,59.46,,REJECT_LOW_CONFIDENCE,score_lt_86,,true
50a4fb783bc0d1eab98b5b1e,Karuizawa 1990  Whisky Live 10th Anniversary,,,,W001647,jack daniel's 150th anniversary,59.46,,REJECT_LOW_CONFIDENCE,score_lt_86,,true
0d365ae9909421157c33c050,Karuizawa 1990  Whisky Live 10th Anniversary,,,2013,W001647,jack daniel's 150th anniversary,59.46,,REJECT_LOW_CONFIDENCE,score_lt_86,,true
297470648edf08c9f48be383,Karuizawa 1990  Whisky Live 10th Anniversary,,,,W001647,jack daniel's 150th anniversary,59.46,,REJECT_LOW_CONFIDENCE,score_lt_86,,true
8dc0a2d508b7de9e5bd29e0a,Karuizawa 1990  Vintage - Single Cask Malt Whisky,,,1990,W000215,karuizawa asama vintages 1999-2000,65.0,,REJECT_LOW_CONFIDENCE,score_lt_86,,true
04bac5720bdc2bd3b1cca2a5,Karuizawa 1990  Geisha Label,,,,W000215,karuizawa asama vintages 1999-2000,65.57,,REJECT_LOW_CONFIDENCE,score_lt_86,,true
820dffaf1748b960374d0995,Karuizawa 1990  Geisha Label,,,,W000215,karuizawa asama vintages 1999-2000,65.57,,REJECT_LOW_CONFIDENCE,score_lt_86,,true
9d2caf7d3eb4b5a45c158c8c,Karuizawa 1990  Geisha Label,,,,W000215,karuizawa asama vintages 1999-2000,65.57,,REJECT_LOW_CONFIDENCE,score_lt_86,,true
5e77196a8f9cf0a80b46ae08,Karuizawa 1990  Geisha Label,,,,W000215,karuizawa asama vintages 1999-2000,65.57,,REJECT_LOW_CONFIDENCE,score_lt_86,,true
cc0a12020cf11a9264f34383,Karuizawa 1990  Geisha Label,,,,W000215,karuizawa asama vintages 1999-2000,65.57,,REJECT_LOW_CONFIDENCE,score_lt_86,,true
1b5724e5870cc46580188889,Karuizawa 1990  Geisha Label,,,1990,W000215,karuizawa asama vintages 1999-2000,65.57,,REJECT_LOW_CONFIDENCE,score_lt_86,,true
1ddb893d47d7566e411be27c,Karuizawa 1990  Geisha Label,,,,W000215,karuizawa asama vintages 1999-2000,65.57,,REJECT_LOW_CONFIDENCE,score_lt_86,,true
342e1251dc3ddf08554987d5,Karuizawa 1991  Vintage - Single Cask Malt Whisky,,,,W000799,kavalan single malt whisky,63.89,,REJECT_LOW_CONFIDENCE,score_lt_86,,true
293c40a530e58fd019aac85c,Karuizawa 1991  Vintage - Single Cask Malt Whisky,,,1991,W000799,kavalan single malt whisky,63.89,,REJECT_LOW_CONFIDENCE,score_lt_86,,true
4f2e541e4912338fca147da6,Karuizawa 1991  Vintage - Single Cask Malt Whisky,,,,W000799,kavalan single malt whisky,63.89,,REJECT_LOW_CONFIDENCE,score_lt_86,,true
988fdc2867e439bde7471ecf,Karuizawa 1991  Vintage - Single Cask Malt Whisky,,,2015,W000799,kavalan single malt whisky,63.89,,REJECT_LOW_CONFIDENCE,score_lt_86,,true
406d6d7ea8a68fc5210c806f,Karuizawa 1991  Vintage - Single Cask Malt Whisky,,,,W000799,kavalan single malt whisky,63.89,,REJECT_LOW_CONFIDENCE,score_lt_86,,true
09b5680d43fb64ecb9d52cd4,Karuizawa 1991  Vintage - Single Cask Malt Whisky,,,,W000799,kavalan single malt whisky,63.89,,REJECT_LOW_CONFIDENCE,score_lt_86,,true
16a585d5e61bf569394641eb,Karuizawa 1991  Vintage - Single Cask Malt Whisky,,,,W000799,kavalan single malt whisky,63.89,,REJECT_LOW_CONFIDENCE,score_lt_86,,true
d5e24696702504dd7eada567,Karuizawa 1991  Vintage - Single Cask Malt Whisky,,,,W000799,kavalan single malt whisky,63.89,,REJECT_LOW_CONFIDENCE,score_lt_86,,true
c5a4f203ec3d0ebb5e4a76f3,Karuizawa 1991  Memories of Karuizawa,,,,W000215,karuizawa asama vintages 1999-2000,60.0,,REJECT_LOW_CONFIDENCE,score_lt_86,,true
3c86975a4c6c11b18de1102e,Karuizawa 1991  Memories of Karuizawa,,,,W000215,karuizawa asama vintages 1999-2000,60.0,,REJECT_LOW_CONFIDENCE,score_lt_86,,true
4a83dd726e1d7cdb8bfb92d2,Karuizawa 1991  Noh Whisky,,,2018,W000062,karuizawa 1990 sherry butt,62.75,,REJECT_LOW_CONFIDENCE,score_lt_86,,true
de24a30ee7989fe3208f1ed2,Karuizawa 1991  Noh Whisky,,,,W000062,karuizawa 1990 sherry butt,62.75,,REJECT_LOW_CONFIDENCE,score_lt_86,,true
8f8e756133dc783b83b9ec74,Karuizawa 1991  Noh Whisky,,,,W000062,karuizawa 1990 sherry butt,62.75,,REJECT_LOW_CONFIDENCE,score_lt_86,,true
9b1db8ea84a5c3e221d42380,Karuizawa 1991  Noh Whisky,,,,W000062,karuizawa 1990 sherry butt,62.75,,REJECT_LOW_CONFIDENCE,score_lt_86,,true
f9cbd842c077c6192107d116,Karuizawa 1992  Single Cask - Number One Drinks Company,,,2013,W000215,karuizawa asama vintages 1999-2000,55.81,,REJECT_LOW_CONFIDENCE,score_lt_86,,true
539dbf6b678a25d584e09d5f,Karuizawa 1992  Whisky Magazine - Editor's Choice,,,,W000306,macallan whisky maker's edition,57.14,,REJECT_LOW_CONFIDENCE,score_lt_86,,true
ad20f083172a7da6e255198a,Karuizawa 1992  Whisky Magazine - Editor's Choice,,,2017,W000306,macallan whisky maker's edition,57.14,,REJECT_LOW_CONFIDENCE,score_lt_86,,true
74bd45d62581d0346bea5965,Karuizawa 1992  Whisky Magazine - Editor's Choice,,,,W000306,macallan whisky maker's edition,57.14,,REJECT_LOW_CONFIDENCE,score_lt_86,,true
6ca969e9d638409b5f81a195,Karuizawa 1992  Whisky Magazine - Editor's Choice,,,,W000306,macallan whisky maker's edition,57.14,,REJECT_LOW_CONFIDENCE,score_lt_86,,true
2639aaa2d280711cee9f5458,Karuizawa 1992  Vintage - Single Cask Malt Whisky,,,,W000215,karuizawa asama vintages 1999-2000,65.0,,REJECT_LOW_CONFIDENCE,score_lt_86,,true
0d6f6bc8336b19d87ebaf0db,Karuizawa 1992  Vintage - Single Cask Malt Whisky,,,,W000215,karuizawa asama vintages 1999-2000,65.0,,REJECT_LOW_CONFIDENCE,score_lt_86,,true
2f5f9ccfa262acafbb35d788,Karuizawa 1992  Vintage - Single Cask Malt Whisky,,,,W000215,karuizawa asama vintages 1999-2000,65.0,,REJECT_LOW_CONFIDENCE,score_lt_86,,true
d179563482e8f6d30870c911,Karuizawa 1992  Vintage - Single Cask Malt Whisky,,,2016,W000215,karuizawa asama vintages 1999-2000,65.0,,REJECT_LOW_CONFIDENCE,score_lt_86,,true
5fab465bf356f3865f8045ff,Karuizawa 1992  Vintage - Single Cask Malt Whisky,,,,W000215,karuizawa asama vintages 1999-2000,65.0,,REJECT_LOW_CONFIDENCE,score_lt_86,,true
c0297e83e93ac06195ba6727,Karuizawa 1992  Vintage - Single Cask Malt Whisky,,,2012,W000215,karuizawa asama vintages 1999-2000,65.0,,REJECT_LOW_CONFIDENCE,score_lt_86,,true
26ff7a04abaf41a78335f42f,Karuizawa 1992  Vintage - Single Cask Malt Whisky,,,,W000215,karuizawa asama vintages 1999-2000,65.0,,REJECT_LOW_CONFIDENCE,score_lt_86,,true
19beaf432f4e4fa3025c4e79,Karuizawa 1992  Vintage - Single Cask Malt Whisky,,,,W000215,karuizawa asama vintages 1999-2000,65.0,,REJECT_LOW_CONFIDENCE,score_lt_86,,true
9320f0c61a0821d56c5a924c,Karuizawa 1992  Vintage - Single Cask Malt Whisky,,,,W000215,karuizawa asama vintages 1999-2000,65.0,,REJECT_LOW_CONFIDENCE,score_lt_86,,true
0cfa8a3456628b6872d9b1aa,Karuizawa 1992  Vintage - Single Cask Malt Whisky,,,,W000215,karuizawa asama vintages 1999-2000,65.0,,REJECT_LOW_CONFIDENCE,score_lt_86,,true
dd0b59996cd94876c75eb42b,Karuizawa 1994  Ichiro's Choice - Peated Golden Promise,,,,W001130,ichiro's malt chichibu the peated,54.12,,REJECT_LOW_CONFIDENCE,score_lt_86,,true
53f1f14f702f6b87ddca2646,Karuizawa 1994  Ichiro's Choice - Peated Golden Promise,,,1994,W001130,ichiro's malt chichibu the peated,54.12,,REJECT_LOW_CONFIDENCE,score_lt_86,,true
ff6a1b11b91d6bbad5c32379,Karuizawa 1994  Noh Whisky,,,,W000062,karuizawa 1990 sherry butt,62.75,,REJECT_LOW_CONFIDENCE,score_lt_86,,true
9fb534c0e7e23bca0332fcd7,Karuizawa 1994  Single Nippon Malt Whisky,,,,W000799,kavalan single malt whisky,69.7,,REJECT_LOW_CONFIDENCE,score_lt_86,,true
318c0430efbb8e2cb097ecbb,Karuizawa 1994  Single Nippon Malt Whisky,,,,W000799,kavalan single malt whisky,69.7,,REJECT_LOW_CONFIDENCE,score_lt_86,,true
70ddc791594a3dde4a567b3c,Karuizawa 1994  Single Nippon Malt Whisky,,,2085,W000799,kavalan single malt whisky,69.7,,REJECT_LOW_CONFIDENCE,score_lt_86,,true
9d0c23ad3e675b8d628ae8a8,Karuizawa 1994  Single Nippon Malt Whisky,,,1994,W000799,kavalan single malt whisky,69.7,,REJECT_LOW_CONFIDENCE,score_lt_86,,true
49d58c8b2cef39219e1217e2,Karuizawa 1994  Noh Whisky - Kamiasobi,,,,W000062,karuizawa 1990 sherry butt,59.02,,REJECT_LOW_CONFIDENCE,score_lt_86,,true
f0780d1186b8b13095cee506,Karuizawa 1994  Noh Whisky - Kamiasobi,,,,W000062,karuizawa 1990 sherry butt,59.02,,REJECT_LOW_CONFIDENCE,score_lt_86,,true
d8fb4984cd76c16c6f9c7341,Karuizawa 1994  Noh Whisky - Kamiasobi,,,,W000062,karuizawa 1990 sherry butt,59.02,,REJECT_LOW_CONFIDENCE,score_lt_86,,true
f328427884706b8a15eb20a6,Karuizawa 1994  Noh Whisky - Kamiasobi,,,,W000062,karuizawa 1990 sherry butt,59.02,,REJECT_LOW_CONFIDENCE,score_lt_86,,true
1dfa86f8c12593617a798d1e,Karuizawa 1994  Noh Whisky - Kamiasobi,,,2015,W000062,karuizawa 1990 sherry butt,59.02,,REJECT_LOW_CONFIDENCE,score_lt_86,,true
f47768d233b63dca30d1f569,Karuizawa 1994  Noh Whisky - Kamiasobi,,,,W000062,karuizawa 1990 sherry butt,59.02,,REJECT_LOW_CONFIDENCE,score_lt_86,,true
38740642ad33525d2d9f376a,Karuizawa 1994  Noh Whisky - Kamiasobi,,,2015,W000062,karuizawa 1990 sherry butt,59.02,,REJECT_LOW_CONFIDENCE,score_lt_86,,true
dee9bc7d9d3f336fa4b1d585,Karuizawa 1994  Noh Whisky - Kamiasobi,,,2011,W000062,karuizawa 1990 sherry butt,59.02,,REJECT_LOW_CONFIDENCE,score_lt_86,,true
860dcaeca56efbdb8d305152,Karuizawa 1995  Kohaku,,,1995,W000062,karuizawa 1990 sherry butt,63.83,,REJECT_LOW_CONFIDENCE,score_lt_86,,true
f4c75cf3c5d56189780f44fc,Karuizawa 1995  Noh Whisky - Kamiasobi - Dr. Jekyll's expession,,,,W000215,karuizawa asama vintages 1999-2000,48.35,,REJECT_LOW_CONFIDENCE,score_lt_86,,true
36e9ee9ccbbe42ca5e86b63a,Karuizawa 1995  Noh Whisky - Kamiasobi - Dr. Jekyll's expession,,,,W000215,karuizawa asama vintages 1999-2000,48.35,,REJECT_LOW_CONFIDENCE,score_lt_86,,true
e3688ea3976bad1ad93ec84d,Karuizawa 1995  Noh Whisky - Kamiasobi - Dr. Jekyll's expession,,,2015,W000215,karuizawa asama vintages 1999-2000,48.35,,REJECT_LOW_CONFIDENCE,score_lt_86,,true
07dd820608f1b316ef133349,Karuizawa 1995  Japanese Single Cask Whisky,,,,W000215,karuizawa asama vintages 1999-2000,63.16,,REJECT_LOW_CONFIDENCE,score_lt_86,,true
df1170d2578d54ce3096edf3,Karuizawa 1995  Japanese Single Cask Whisky,,,,W000215,karuizawa asama vintages 1999-2000,63.16,,REJECT_LOW_CONFIDENCE,score_lt_86,,true
eba232f3f27cead3818c54a3,Karuizawa 1995  Japanese Single Cask Whisky,,,2015,W000215,karuizawa asama vintages 1999-2000,63.16,,REJECT_LOW_CONFIDENCE,score_lt_86,,true
4869638c82870bd9e0a40b14,Karuizawa 1995   Ghost Series No. 2,,,,W000062,karuizawa 1990 sherry butt,65.52,,REJECT_LOW_CONFIDENCE,score_lt_86,,true
74f043e64f71c53306627373,Karuizawa 1995   Ghost Series No. 2,,,,W000062,karuizawa 1990 sherry butt,65.52,,REJECT_LOW_CONFIDENCE,score_lt_86,,true
49d7ab51c1dc0ffa8b0b7218,Karuizawa 1995   Ghost Series No. 2,,,,W000062,karuizawa 1990 sherry butt,65.52,,REJECT_LOW_CONFIDENCE,score_lt_86,,true
87f51ca173f702773bc7bef5,Karuizawa 1995   Ghost Series No. 2,,,,W000062,karuizawa 1990 sherry butt,65.52,,REJECT_LOW_CONFIDENCE,score_lt_86,,true
3a1786dd574ce866834f4c6f,Karuizawa 1995   Ghost Series No. 2,,,,W000062,karuizawa 1990 sherry butt,65.52,,REJECT_LOW_CONFIDENCE,score_lt_86,,true
03d69ab92afe68fe2739cd5f,Karuizawa 1995   Ghost Series No. 2,,,,W000062,karuizawa 1990 sherry butt,65.52,,REJECT_LOW_CONFIDENCE,score_lt_86,,true
74b098f771066b0893f4275c,Karuizawa 1995   Ghost Series No. 2,,,,W000062,karuizawa 1990 sherry butt,65.52,,REJECT_LOW_CONFIDENCE,score_lt_86,,true
f314210b48362f4d8d7d80d2,Karuizawa 1995   Ghost Series No. 2,,,2012,W000062,karuizawa 1990 sherry butt,65.52,,REJECT_LOW_CONFIDENCE,score_lt_86,,true
4cafdaf15b65007b93f3aef4,Karuizawa 1995   Ghost Series No. 2,,,,W000062,karuizawa 1990 sherry butt,65.52,,REJECT_LOW_CONFIDENCE,score_lt_86,,true
f86d8392561e15f4d4815dd5,Karuizawa 1995   Ghost Series No. 2,,,,W000062,karuizawa 1990 sherry butt,65.52,,REJECT_LOW_CONFIDENCE,score_lt_86,,true
82e31da9a0115649b1d72b56,Karuizawa 1995  Noh Whisky - Mei Lu Xiang-Hong Barrel,,,,W001548,stalk & barrel 11+1 canadian whisky,53.01,,REJECT_LOW_CONFIDENCE,score_lt_86,,true
b77389de797b7b258345366d,Karuizawa 1995  Noh Whisky - Mei Lu Xiang-Hong Barrel,,,2015,W001548,stalk & barrel 11+1 canadian whisky,53.01,,REJECT_LOW_CONFIDENCE,score_lt_86,,true
496a970bc8925efcbdb9a919,Karuizawa 1995  Noh Whisky - Kamiasobi - Akujyo The God of Whisky,,,,W000126,compass box this is not a luxury whisky,50.51,,REJECT_LOW_CONFIDENCE,score_lt_86,,true
7a10879d415a7d7c2de32fd8,Karuizawa 1995  Noh Whisky - Kamiasobi - Akujyo The God of Whisky,,,2015,W000126,compass box this is not a luxury whisky,50.51,,REJECT_LOW_CONFIDENCE,score_lt_86,,true
f99ef9adfa64b31726f5fd1c,Karuizawa 1995  Rouge Cask Series,,,,W000062,karuizawa 1990 sherry butt,62.07,,REJECT_LOW_CONFIDENCE,score_lt_86,,true
d3c07bd577afaf6c0953aeed,Karuizawa 1996  Memories of Karuizawa,,,1996,W000215,karuizawa asama vintages 1999-2000,60.0,,REJECT_LOW_CONFIDENCE,score_lt_86,,true
25dd551e35fd9d54dc443a95,Karuizawa 1996  Ghost Series No. 1,,,,W000062,karuizawa 1990 sherry butt,65.52,,REJECT_LOW_CONFIDENCE,score_lt_86,,true
8eae84500469dac96dc3fb8d,Karuizawa 1996  Ghost Series No. 1,,,,W000062,karuizawa 1990 sherry butt,65.52,,REJECT_LOW_CONFIDENCE,score_lt_86,,true
3ef4212a8ff9babdebcc25e1,Karuizawa 1997  Rare Vintage,,,,W000215,karuizawa asama vintages 1999-2000,68.85,,REJECT_LOW_CONFIDENCE,score_lt_86,,true
b80d55ad1d9bc2fe66507acc,Karuizawa 1997  Rare Vintage,,,,W000215,karuizawa asama vintages 1999-2000,68.85,,REJECT_LOW_CONFIDENCE,score_lt_86,,true
fd632d9e74430957a35f79f8,Karuizawa 1997  Rare Vintage,,,2015,W000215,karuizawa asama vintages 1999-2000,68.85,,REJECT_LOW_CONFIDENCE,score_lt_86,,true
b6ba9dfbd55f1e9e8be26dbf,Karuizawa 1997  Noh Whisky,,,2018,W000062,karuizawa 1990 sherry butt,62.75,,REJECT_LOW_CONFIDENCE,score_lt_86,,true
30f045f605ccb4e1356ee24d,Karuizawa 1997  Noh Whisky,,,,W000062,karuizawa 1990 sherry butt,62.75,,REJECT_LOW_CONFIDENCE,score_lt_86,,true
72e0efecb52c227335bfebc7,Karuizawa 1997  Noh Whisky,,,,W000062,karuizawa 1990 sherry butt,62.75,,REJECT_LOW_CONFIDENCE,score_lt_86,,true
5efd7de753f50e6e7d66cca9,Karuizawa 1997  Noh Whisky,,,2012,W000062,karuizawa 1990 sherry butt,62.75,,REJECT_LOW_CONFIDENCE,score_lt_86,,true
07f4413a680b25e32f269169,Karuizawa 1997  Noh Whisky,,,,W000062,karuizawa 1990 sherry butt,62.75,,REJECT_LOW_CONFIDENCE,score_lt_86,,true
40e26dead8090a4db35755d8,Karuizawa 1997  Spirit Safe Edition,,,,W000062,karuizawa 1990 sherry butt,63.33,,REJECT_LOW_CONFIDENCE,score_lt_86,,true
6656a30664562e4d9c53dc88,Karuizawa 1999  Vintage - Single Cask Malt Whisky,,,,W000215,karuizawa asama vintages 1999-2000,65.0,,REJECT_LOW_CONFIDENCE,score_lt_86,,true
8c5b40d1712b76efee46a1b3,Karuizawa 1999  Vintage - Single Cask Malt Whisky,,,1999,W000215,karuizawa asama vintages 1999-2000,65.0,,REJECT_LOW_CONFIDENCE,score_lt_86,,true
ab8ca4b77c351eea5eb0fada,Karuizawa 1999  Vintage - Single Cask Malt Whisky,,,,W000215,karuizawa asama vintages 1999-2000,65.0,,REJECT_LOW_CONFIDENCE,score_lt_86,,true
903d7a281f8945743d16330e,Karuizawa 1999  Vintage - Single Cask Malt Whisky,,,,W000215,karuizawa asama vintages 1999-2000,65.0,,REJECT_LOW_CONFIDENCE,score_lt_86,,true
b1bffe1aeb037bcd2ba4f009,Karuizawa 1999  Geisha Label,,,,W000215,karuizawa asama vintages 1999-2000,65.57,,REJECT_LOW_CONFIDENCE,score_lt_86,,true
cd5e170f273d283fd2c956fd,Karuizawa 1999  Memories of Karuizawa,,,,W000215,karuizawa asama vintages 1999-2000,62.86,,REJECT_LOW_CONFIDENCE,score_lt_86,,true
acc6b8859d9e32266a0502f9,Karuizawa 1999  Memories of Karuizawa,,,,W000215,karuizawa asama vintages 1999-2000,62.86,,REJECT_LOW_CONFIDENCE,score_lt_86,,true
7404eb57eb5fae7d7bbb0e43,Karuizawa 1999  Memories of Karuizawa,,,2015,W000215,karuizawa asama vintages 1999-2000,62.86,,REJECT_LOW_CONFIDENCE,score_lt_86,,true
416d3fba5ca468b8be10048c,Karuizawa 1999  Memories of Karuizawa,,,,W000215,karuizawa asama vintages 1999-2000,62.86,,REJECT_LOW_CONFIDENCE,score_lt_86,,true
861d86d53e1d2e27a503f164,Karuizawa 1999  Joint bottling of HST,,,,W000062,karuizawa 1990 sherry butt,58.06,,REJECT_LOW_CONFIDENCE,score_lt_86,,true
772da333ea8f0b26d48b279b,Karuizawa 1999  Joint bottling of HST,,,2010,W000062,karuizawa 1990 sherry butt,58.06,,REJECT_LOW_CONFIDENCE,score_lt_86,,true
1340b31fd3db276ef319bbf2,Karuizawa 1999  Joint bottling of HST,,,,W000062,karuizawa 1990 sherry butt,58.06,,REJECT_LOW_CONFIDENCE,score_lt_86,,true
d8a154705c3d3dd590718c64,Karuizawa 1999  Joint bottling of HST,,,,W000062,karuizawa 1990 sherry butt,58.06,,REJECT_LOW_CONFIDENCE,score_lt_86,,true
09aa1c39de0d788473f3b7d7,Karuizawa 1999  Joint bottling of HST,,,,W000062,karuizawa 1990 sherry butt,58.06,,REJECT_LOW_CONFIDENCE,score_lt_86,,true
c7d9cee79c11de236ec27d32,Karuizawa 1999  Tokyo International BarShow 2016,,,,W000215,karuizawa asama vintages 1999-2000,59.26,,REJECT_LOW_CONFIDENCE,score_lt_86,,true
b3d9bb3127b9fd30518c594c,Karuizawa 1999  Memories of Karuizawa no 4,,,,W000215,karuizawa asama vintages 1999-2000,61.33,,REJECT_LOW_CONFIDENCE,score_lt_86,,true
302b06edc0a5fac0abfa9b6f,Karuizawa 1999  Memories of Karuizawa no 4,,,,W000215,karuizawa asama vintages 1999-2000,61.33,,REJECT_LOW_CONFIDENCE,score_lt_86,,true
87c734f6c9cf0715b2bf7fb2,Karuizawa 1999  Memories of Karuizawa no 4,,,,W000215,karuizawa asama vintages 1999-2000,61.33,,REJECT_LOW_CONFIDENCE,score_lt_86,,true
04a3913478e8b0b09e2021ae,Karuizawa 1999  Memories of Karuizawa no 4,,,,W000215,karuizawa asama vintages 1999-2000,61.33,,REJECT_LOW_CONFIDENCE,score_lt_86,,true
c99a39dfc535f580a4e6f38f,Karuizawa 1999  Memories of Karuizawa no 4,,,,W000215,karuizawa asama vintages 1999-2000,61.33,,REJECT_LOW_CONFIDENCE,score_lt_86,,true
88c28e38b587c1032c5c8030,Karuizawa 1999  Noh Whisky,,,,W000062,karuizawa 1990 sherry butt,62.75,,REJECT_LOW_CONFIDENCE,score_lt_86,,true
a83fa1419f0eaed2e93f20e2,Karuizawa 1999  Noh Whisky,,,,W000062,karuizawa 1990 sherry butt,62.75,,REJECT_LOW_CONFIDENCE,score_lt_86,,true
92fd176377ac01d1730deac9,Karuizawa 1999  Noh Whisky,,,,W000062,karuizawa 1990 sherry butt,62.75,,REJECT_LOW_CONFIDENCE,score_lt_86,,true
d6b856f59525ddaeb0649a93,Karuizawa 1999  Noh Whisky,,,,W000062,karuizawa 1990 sherry butt,62.75,,REJECT_LOW_CONFIDENCE,score_lt_86,,true
b3a56d28e51bb605baf02c39,Karuizawa 1999  Noh Whisky,,,,W000062,karuizawa 1990 sherry butt,62.75,,REJECT_LOW_CONFIDENCE,score_lt_86,,true
7e3ca936ce26bd5a7957a735,Karuizawa 1999  The last bottling,,,,W000062,karuizawa 1990 sherry butt,72.41,,REJECT_LOW_CONFIDENCE,score_lt_86,,true
57334f66ee43b6905dab6336,Karuizawa 1999  The last bottling,,,,W000062,karuizawa 1990 sherry butt,72.41,,REJECT_LOW_CONFIDENCE,score_lt_86,,true
3d4a247d53bbb6fb9c4035e7,Karuizawa 1999  The last bottling,,,,W000062,karuizawa 1990 sherry butt,72.41,,REJECT_LOW_CONFIDENCE,score_lt_86,,true
35a6b7764cfce3a949b17acd,Karuizawa 1999  The last bottling,,,2015,W000062,karuizawa 1990 sherry butt,72.41,,REJECT_LOW_CONFIDENCE,score_lt_86,,true
6c2572ad689311b0e5ab98a3,Karuizawa 1999 & 2000  Cocktail Serie,,,,W000215,karuizawa asama vintages 1999-2000,70.59,,REJECT_LOW_CONFIDENCE,score_lt_86,,true
105f39a57d1daedf854fc7f8,Karuizawa 1999 & 2000  Cocktail Serie,,,2012,W000215,karuizawa asama vintages 1999-2000,70.59,,REJECT_LOW_CONFIDENCE,score_lt_86,,true
2ec9c2c925723c6f7810b624,Karuizawa 1999 & 2000  Cocktail Serie,,,,W000215,karuizawa asama vintages 1999-2000,70.59,,REJECT_LOW_CONFIDENCE,score_lt_86,,true
49a5f5278b812b59c612a89d,Karuizawa 1999 & 2000  Cocktail Serie,,,,W000215,karuizawa asama vintages 1999-2000,70.59,,REJECT_LOW_CONFIDENCE,score_lt_86,,true
99dccfc73b21a631275e1f20,Karuizawa 1999 & 2000  Cocktail Serie,,,1999,W000215,karuizawa asama vintages 1999-2000,70.59,,REJECT_LOW_CONFIDENCE,score_lt_86,,true
3df889bc18300b5295093542,Karuizawa 1999 & 2000  Cocktail Serie,,,2015,W000215,karuizawa asama vintages 1999-2000,70.59,,REJECT_LOW_CONFIDENCE,score_lt_86,,true
fee01c363962582d153a4c45,Karuizawa 1999 & 2000  Cocktail Serie,,,2012,W000215,karuizawa asama vintages 1999-2000,70.59,,REJECT_LOW_CONFIDENCE,score_lt_86,,true
90fd0e6d13d3ee456e786b5d,Karuizawa 1999-2000 Vintages  Fugaku Sanjurokkei - 22nd Release,,,,W000215,karuizawa asama vintages 1999-2000,63.83,,REJECT_LOW_CONFIDENCE,score_lt_86,,true
acc81e877a51752f2d3ae696,Karuizawa 1999-2000 Vintages   Fugaku Sanjurokkei - 31th Release,,,,W000215,karuizawa asama vintages 1999-2000,63.83,,REJECT_LOW_CONFIDENCE,score_lt_86,,true
4ade13d2d388e09f1d8de3b4,Karuizawa 1999-2000 Vintages  Fugaku Sanjurokkei - 21st Release,,,,W000215,karuizawa asama vintages 1999-2000,65.96,,REJECT_LOW_CONFIDENCE,score_lt_86,,true
c35553d41b1cc6019b5369a7,Karuizawa 1999-2000 Vintages  Geisha Label,,,,W000215,karuizawa asama vintages 1999-2000,82.67,,REJECT_LOW_CONFIDENCE,score_lt_86,,true
515cffc44f43c541522b833d,Karuizawa 1999-2000 Vintages  Geisha Label,,,,W000215,karuizawa asama vintages 1999-2000,82.67,,REJECT_LOW_CONFIDENCE,score_lt_86,,true
bf552d9db09cff7c65599622,Karuizawa 1999-2000 Vintages  Geisha Label,,,,W000215,karuizawa asama vintages 1999-2000,82.67,,REJECT_LOW_CONFIDENCE,score_lt_86,,true
daa7d78d2c0a6ee68fe1a032,Karuizawa 1999-2000 Vintages  Fugaku Sanjurokkei - 7th Release,,,,W000215,karuizawa asama vintages 1999-2000,64.52,,REJECT_LOW_CONFIDENCE,score_lt_86,,true
dbbfcc9fc470cc854af9501c,Karuizawa 1999/2000  Asama,,,,W000215,karuizawa asama vintages 1999-2000,84.75,,REJECT_LOW_CONFIDENCE,score_lt_86,,true
71424d7975d9026c11d4a152,Karuizawa 1999/2000  Asama,,,2001,W000215,karuizawa asama vintages 1999-2000,84.75,,REJECT_LOW_CONFIDENCE,score_lt_86,,true
5bfd442e56397d1cdfb29296,Karuizawa 1999/2000  Asama,,,,W000215,karuizawa asama vintages 1999-2000,84.75,,REJECT_LOW_CONFIDENCE,score_lt_86,,true
9772e1449c955281398df877,Karuizawa 1999/2000  Asama,,,,W000215,karuizawa asama vintages 1999-2000,84.75,,REJECT_LOW_CONFIDENCE,score_lt_86,,true
2f4db1a7f2d7d6a2dd0174d1,Karuizawa 1999/2000  Asama,,,,W000215,karuizawa asama vintages 1999-2000,84.75,,REJECT_LOW_CONFIDENCE,score_lt_86,,true
ed764aef1a25f04f630e0a74,Karuizawa 1999/2000  Asama,,,,W000215,karuizawa asama vintages 1999-2000,84.75,,REJECT_LOW_CONFIDENCE,score_lt_86,,true
c8f039156b7a03b8a6f476b8,Karuizawa 1999/2000  Asama,,,,W000215,karuizawa asama vintages 1999-2000,84.75,,REJECT_LOW_CONFIDENCE,score_lt_86,,true
822404e2cb645661ffbbb7e4,Karuizawa 1999/2000  Asama,,,,W000215,karuizawa asama vintages 1999-2000,84.75,,REJECT_LOW_CONFIDENCE,score_lt_86,,true
f72e75b9305b6d393576f8f1,Karuizawa 1999/2000  Asama,,,,W000215,karuizawa asama vintages 1999-2000,84.75,,REJECT_LOW_CONFIDENCE,score_lt_86,,true
a27b75e8be7255ec1b784184,Karuizawa 1999/2000  Asama,,,1998,W000215,karuizawa asama vintages 1999-2000,84.75,,REJECT_LOW_CONFIDENCE,score_lt_86,,true
0e6e9a374ad477092dd49a5d,Karuizawa 1999/2000  Asama,,,2014,W000215,karuizawa asama vintages 1999-2000,84.75,,REJECT_LOW_CONFIDENCE,score_lt_86,,true
3664afe6314d16edf5faf83a,Karuizawa 2000  Sea Dragon,,,,W000215,karuizawa asama vintages 1999-2000,61.02,,REJECT_LOW_CONFIDENCE,score_lt_86,,true
7aef26f0fd444645d081472b,Karuizawa 2000  Sea Dragon,,,,W000215,karuizawa asama vintages 1999-2000,61.02,,REJECT_LOW_CONFIDENCE,score_lt_86,,true
4432017779ba1a316c5b7399,Karuizawa 2000  Sea Dragon,,,,W000215,karuizawa asama vintages 1999-2000,61.02,,REJECT_LOW_CONFIDENCE,score_lt_86,,true
7e9f0f769576715c9b6e3c34,Karuizawa 2000  Sea Dragon,,,2017,W000215,karuizawa asama vintages 1999-2000,61.02,,REJECT_LOW_CONFIDENCE,score_lt_86,,true
bb21a25b6f0b11ef261ce88c,Karuizawa 2000  Sea Dragon,,,,W000215,karuizawa asama vintages 1999-2000,61.02,,REJECT_LOW_CONFIDENCE,score_lt_86,,true
3f7670e767759226c147062b,Karuizawa 2000  Sea Dragon,,,,W000215,karuizawa asama vintages 1999-2000,61.02,,REJECT_LOW_CONFIDENCE,score_lt_86,,true
bf47cb435de6a4bda996b155,Karuizawa 2000  Sea Dragon,,,2015,W000215,karuizawa asama vintages 1999-2000,61.02,,REJECT_LOW_CONFIDENCE,score_lt_86,,true
454a5fa7d5132a60550e3f5b,Karuizawa 2000  Sea Dragon,,,,W000215,karuizawa asama vintages 1999-2000,61.02,,REJECT_LOW_CONFIDENCE,score_lt_86,,true
8b1bab05afafa3fa52b52b06,Karuizawa 2000  Balanced Sherry,,,,W000062,karuizawa 1990 sherry butt,71.43,,REJECT_LOW_CONFIDENCE,score_lt_86,,true
83e653fc255d8571a45f03ac,Karuizawa 2000  Balanced Sherry,,,,W000062,karuizawa 1990 sherry butt,71.43,,REJECT_LOW_CONFIDENCE,score_lt_86,,true
f78775b6fcfc054870d0e32d,Karuizawa 2000  Balanced Sherry,,,2000,W000062,karuizawa 1990 sherry butt,71.43,,REJECT_LOW_CONFIDENCE,score_lt_86,,true
b6e1e3fb713594ffc456e29c,Karuizawa 2000  Balanced Sherry,,,2015,W000062,karuizawa 1990 sherry butt,71.43,,REJECT_LOW_CONFIDENCE,score_lt_86,,true
adcf7dffef62f9bd24165921,Karuizawa 2000  Whisky Live Tokyo,,,,W000215,karuizawa asama vintages 1999-2000,54.55,,REJECT_LOW_CONFIDENCE,score_lt_86,,true
1be41762f2aa3f45e03c9c77,Karuizawa 2000  Whisky Live Tokyo,,,2000,W000215,karuizawa asama vintages 1999-2000,54.55,,REJECT_LOW_CONFIDENCE,score_lt_86,,true
a52a5f02fe8cfb1a75228c8d,Karuizawa 2000  Brilliant Sherry,,,,W000062,karuizawa 1990 sherry butt,73.68,,REJECT_LOW_CONFIDENCE,score_lt_86,,true
79a752814754737f4b5e5b72,Karuizawa 2000  Brilliant Sherry,,,,W000062,karuizawa 1990 sherry butt,73.68,,REJECT_LOW_CONFIDENCE,score_lt_86,,true
28c6ac1246456f45858a6058,Karuizawa 2000  Vintage,,,,W000215,karuizawa asama vintages 1999-2000,78.57,,REJECT_LOW_CONFIDENCE,score_lt_86,,true
49e91591bfb36e6d0953d71f,Karuizawa 25 malts  100% Malt Whisky,,,,W000799,kavalan single malt whisky,60.0,,REJECT_LOW_CONFIDENCE,score_lt_86,,true
7c9d74ae9df5c3e20641bfba,Karuizawa 25 malts  100% Malt Whisky,,,,W000799,kavalan single malt whisky,60.0,,REJECT_LOW_CONFIDENCE,score_lt_86,,true
5f816243757a27ed494da8cd,Karuizawa 29-year-old  The Murasaki Geishas,,,1980,W000062,karuizawa 1990 sherry butt,52.46,,REJECT_LOW_CONFIDENCE,score_lt_86,,true
b7de48a7cf6d02631bf69cea,Karuizawa 29-year-old  Geisha labels - Twin Serie,,,,W001430,"canadian rockies 21yo (46%, new label)",52.05,,REJECT_LOW_CONFIDENCE,score_lt_86,,true
50e719834b300666420038a4,Karuizawa 29-year-old  Geisha labels - Twin Serie,,,,W001430,"canadian rockies 21yo (46%, new label)",52.05,,REJECT_LOW_CONFIDENCE,score_lt_86,,true
4082bfa27da6bbc5dcf01c59,Karuizawa 29-year-old  Geisha labels - Twin Serie,,,2014,W001430,"canadian rockies 21yo (46%, new label)",52.05,,REJECT_LOW_CONFIDENCE,score_lt_86,,true
dc891891b05652b5cb1b2306,Karuizawa 29-year-old  Geisha labels - Twin Serie,,,,W001430,"canadian rockies 21yo (46%, new label)",52.05,,REJECT_LOW_CONFIDENCE,score_lt_86,,true
9b73bfcf7d0df68a3c94d3ad,Karuizawa 29-year-old  Geisha labels - Twin Serie,,,,W001430,"canadian rockies 21yo (46%, new label)",52.05,,REJECT_LOW_CONFIDENCE,score_lt_86,,true
ce583f594e7aede9fc4dcf41,Karuizawa 30-year-old  Samurai Label,,,2016,W000062,karuizawa 1990 sherry butt,51.85,,REJECT_LOW_CONFIDENCE,score_lt_86,,true
97172789d97fd53512c725d8,Karuizawa 30-year-old  Geisha labels - Twin Serie,,,,W001499,j.p. wiser's alumni series guy lafleur 10yo,51.85,,REJECT_LOW_CONFIDENCE,score_lt_86,,true
5b70848077b72bedd5192e02,Karuizawa 30-year-old  Geisha labels - Twin Serie,,,2015,W001499,j.p. wiser's alumni series guy lafleur 10yo,51.85,,REJECT_LOW_CONFIDENCE,score_lt_86,,true
80a409ee895d11ec5bbc7004,Karuizawa 30-year-old  Geisha labels - Twin Serie,,,2015,W001499,j.p. wiser's alumni series guy lafleur 10yo,51.85,,REJECT_LOW_CONFIDENCE,score_lt_86,,true
1fb2ce0a7145221629e773c1,Karuizawa 30-year-old  Geisha labels - Twin Serie,,,,W001499,j.p. wiser's alumni series guy lafleur 10yo,51.85,,REJECT_LOW_CONFIDENCE,score_lt_86,,true
5db0fef4593c92045c38f295,Karuizawa 30-year-old  Geisha labels - Twin Serie,,,,W001499,j.p. wiser's alumni series guy lafleur 10yo,51.85,,REJECT_LOW_CONFIDENCE,score_lt_86,,true
d677921e78b1d1b9fd955ddc,Karuizawa 30-year-old  Geisha labels - Twin Serie,,,1981,W001499,j.p. wiser's alumni series guy lafleur 10yo,51.85,,REJECT_LOW_CONFIDENCE,score_lt_86,,true
13df6b42cef92c69be33f466,Karuizawa 30-year-old  Geisha labels - Twin Serie,,,1981,W001499,j.p. wiser's alumni series guy lafleur 10yo,51.85,,REJECT_LOW_CONFIDENCE,score_lt_86,,true
76d5088a07a8b12e59296912,Karuizawa 30-year-old  Samurai Label,,,2016,W000062,karuizawa 1990 sherry butt,51.85,,REJECT_LOW_CONFIDENCE,score_lt_86,,true
ae20cc2bb0d16599237a3847,Karuizawa 40-year-old  Aqua of Life,,,,W000062,karuizawa 1990 sherry butt,56.6,,REJECT_LOW_CONFIDENCE,score_lt_86,,true
1ed053d860fda23441b107b5,Karuizawa 45-year-old  Aqua of Life,,,2014,W000062,karuizawa 1990 sherry butt,52.83,,REJECT_LOW_CONFIDENCE,score_lt_86,,true
f7821f52040218cc305d7f59,Karuizawa 45-year-old  Aqua of Life,,,,W000062,karuizawa 1990 sherry butt,52.83,,REJECT_LOW_CONFIDENCE,score_lt_86,,true
e70d21f8fa66f1149b7c5732,Karuizawa 45-year-old  Aqua of Life,,,,W000062,karuizawa 1990 sherry butt,52.83,,REJECT_LOW_CONFIDENCE,score_lt_86,,true
15f0324c126f264bad8577de,Karuizawa 45-year-old  Aqua of Life,,,,W000062,karuizawa 1990 sherry butt,52.83,,REJECT_LOW_CONFIDENCE,score_lt_86,,true
16ccfc7bd57d99db7e2068cf,Karuizawa Black  Ocean Whisky,,,,W001353,bell's original scotch whisky,56.14,,REJECT_LOW_CONFIDENCE,score_lt_86,,true
efdcc79cc5197824027d7b8f,Karuizawa Black  Ocean Whisky,,,,W001353,bell's original scotch whisky,56.14,,REJECT_LOW_CONFIDENCE,score_lt_86,,true
fed37c9299cab6d8c5e1c1f7,Karuizawa Black  Ocean Whisky,,,,W001353,bell's original scotch whisky,56.14,,REJECT_LOW_CONFIDENCE,score_lt_86,,true
143b33cf83dfc4c416250b35,Karuizawa Bright  Ocean Whisky,,,,W001340,jameson irish whiskey,56.0,,REJECT_LOW_CONFIDENCE,score_lt_86,,true
cf8997376e6676dc76c40399,Karuizawa Bright De Luxe  Ocean Whisky,,,,W001340,jameson irish whiskey,51.72,,REJECT_LOW_CONFIDENCE,score_lt_86,,true
41bb45c1bf860bfc7095f1a8,Karuizawa Bright De Luxe  Ocean Whisky,,,,W001340,jameson irish whiskey,51.72,,REJECT_LOW_CONFIDENCE,score_lt_86,,true
9412cc481414c6fd414674b5,Karuizawa Cask Strength  4th Release,,,,W000951,kilkerran 8yo cask strength,64.52,,REJECT_LOW_CONFIDENCE,score_lt_86,,true
68f5fb7d4e7db13d36c4ebc2,Karuizawa Cask Strength  4th Release,,,,W000951,kilkerran 8yo cask strength,64.52,,REJECT_LOW_CONFIDENCE,score_lt_86,,true
f0e0c98788b372b704b21670,Karuizawa Cask Strength  4th Release,,,,W000951,kilkerran 8yo cask strength,64.52,,REJECT_LOW_CONFIDENCE,score_lt_86,,true
08206b60d80d1cc1da121df6,Karuizawa Cask Strength  4th Release,,,,W000951,kilkerran 8yo cask strength,64.52,,REJECT_LOW_CONFIDENCE,score_lt_86,,true
bc93e6c6dff0bcdbabd854bb,Karuizawa Cask Strength  4th Release,,,,W000951,kilkerran 8yo cask strength,64.52,,REJECT_LOW_CONFIDENCE,score_lt_86,,true
2897c835f94004d49cd66d41,Karuizawa Cask Strength  4th Release,,,,W000951,kilkerran 8yo cask strength,64.52,,REJECT_LOW_CONFIDENCE,score_lt_86,,true
ca74dec4c8121ffe524d5c3e,Karuizawa Cask Strength  3rd Release,,,,W000717,two brewers release 10 cask strength,64.79,,REJECT_LOW_CONFIDENCE,score_lt_86,,true
ade5306d99e2515cfd67fbed,Karuizawa Cask Strength  3rd Release,,,,W000717,two brewers release 10 cask strength,64.79,,REJECT_LOW_CONFIDENCE,score_lt_86,,true
4ce2338d6c163a577a9f3276,Karuizawa Cask Strength  3rd Release,,,2015,W000717,two brewers release 10 cask strength,64.79,,REJECT_LOW_CONFIDENCE,score_lt_86,,true
d0807c66a18f1bebbf3472a2,Karuizawa Cask Strength  2nd Release,,,,W000421,redbreast 12yo cask strength,66.67,,REJECT_LOW_CONFIDENCE,score_lt_86,,true
7bd55eb860bbe86f3c32484c,Karuizawa Cask Strength  2nd Release,,,,W000421,redbreast 12yo cask strength,66.67,,REJECT_LOW_CONFIDENCE,score_lt_86,,true
33c9d6fe4fae3023141ace45,Karuizawa Cask Strength  1st Release,,,2015,W000717,two brewers release 10 cask strength,67.61,,REJECT_LOW_CONFIDENCE,score_lt_86,,true
a819a8858a4bcbc04d35074e,Karuizawa Five Decades,,,2020,W000467,glen grant five decades,66.67,,REJECT_LOW_CONFIDENCE,score_lt_86,,true
98bf546ef184a4f3b658575c,Karuizawa Gloria  Ocean Whisky - Ship Bottle,,,,W001353,bell's original scotch whisky,54.29,,REJECT_LOW_CONFIDENCE,score_lt_86,,true
1a9a939bbf03275b7635eeac,Karuizawa Mercian Ship Bottle NAS  Fine Quality,,,,W000064,sheep dip old hebridean 1990 blended malt,48.28,,REJECT_LOW_CONFIDENCE,score_lt_86,,true
a860e31b516f36685989efce,Karuizawa Multi-Vintages #1  Noh Whisky,,,,W000799,kavalan single malt whisky,63.49,,REJECT_LOW_CONFIDENCE,score_lt_86,,true
c52846f18664bc60533d7924,Karuizawa Multi-Vintages #1  Noh Whisky,,,,W000799,kavalan single malt whisky,63.49,,REJECT_LOW_CONFIDENCE,score_lt_86,,true
45d5c446529649997fccd1c3,Karuizawa Multi-Vintages #1  Noh Whisky,,,,W000799,kavalan single malt whisky,63.49,,REJECT_LOW_CONFIDENCE,score_lt_86,,true
e154e72afd9deeab3854d17b,Karuizawa Multi-Vintages #1  Noh Whisky,,,,W000799,kavalan single malt whisky,63.49,,REJECT_LOW_CONFIDENCE,score_lt_86,,true
181ce0c0fad17821eb8bc76f,Karuizawa Multi-Vintages #1  Noh Whisky,,,,W000799,kavalan single malt whisky,63.49,,REJECT_LOW_CONFIDENCE,score_lt_86,,true
ca8a642304d2a9f7ec5c6faa,Karuizawa Multi-Vintages #1  Noh Whisky,,,2013,W000799,kavalan single malt whisky,63.49,,REJECT_LOW_CONFIDENCE,score_lt_86,,true
bcdecb4fcafea0f16f40a6e2,Karuizawa Multi-Vintages #1  Noh Whisky,,,1981,W000799,kavalan single malt whisky,63.49,,REJECT_LOW_CONFIDENCE,score_lt_86,,true
35ebfd88025cbe558800c0b7,Karuizawa Multi-Vintages #1  Noh Whisky,,,,W000799,kavalan single malt whisky,63.49,,REJECT_LOW_CONFIDENCE,score_lt_86,,true
0051e5d8f1dc0e575e44941a,Karuizawa Multi-Vintages #1  Noh Whisky,,,,W000799,kavalan single malt whisky,63.49,,REJECT_LOW_CONFIDENCE,score_lt_86,,true
7381896c30ddd48098669838,Karuizawa Multi-Vintages #1  Noh Whisky,,,1981,W000799,kavalan single malt whisky,63.49,,REJECT_LOW_CONFIDENCE,score_lt_86,,true
5e0ececa93295903e1a78837,Karuizawa NAS  Hanshin Tigers,,,,W000215,karuizawa asama vintages 1999-2000,58.06,,REJECT_LOW_CONFIDENCE,score_lt_86,,true
20a3ae6b4a082f52368a0fcf,Karuizawa NAS  Hanshin Tigers - Ocean Whisky,,,,W000888,white oak akashi single malt (nas),57.53,,REJECT_LOW_CONFIDENCE,score_lt_86,,true
255eedb2648e6800cf2e01f9,Karuizawa Oak Master  Mercian,,,,W000025,gladstone axe american oak,51.85,,REJECT_LOW_CONFIDENCE,score_lt_86,,true
cfadc4cf306448ba704d4b67,Karuizawa Seagull  Ocean Whisky,,,,W000799,kavalan single malt whisky,60.71,,REJECT_LOW_CONFIDENCE,score_lt_86,,true
bf5694ad1f73c01b45b72f3c,Karuizawa Spirit of Asama,,,,W000215,karuizawa asama vintages 1999-2000,61.02,,REJECT_LOW_CONFIDENCE,score_lt_86,,true
a43f57a14054250291d36d92,Karuizawa Spirit of Asama,,,,W000215,karuizawa asama vintages 1999-2000,61.02,,REJECT_LOW_CONFIDENCE,score_lt_86,,true
a3818f49394df834e47c9c10,Karuizawa Spirit of Asama,,,,W000215,karuizawa asama vintages 1999-2000,61.02,,REJECT_LOW_CONFIDENCE,score_lt_86,,true
c80ab2210fb8b936acd949b4,Karuizawa Spirit of Asama,,,,W000215,karuizawa asama vintages 1999-2000,61.02,,REJECT_LOW_CONFIDENCE,score_lt_86,,true
05d1ed356d0c4eadcbb86e62,Karuizawa Spirit of Asama,,,,W000215,karuizawa asama vintages 1999-2000,61.02,,REJECT_LOW_CONFIDENCE,score_lt_86,,true
6b3b2d0905a44efa06afb7e7,Karuizawa Spirit of Asama,,,2013,W000215,karuizawa asama vintages 1999-2000,61.02,,REJECT_LOW_CONFIDENCE,score_lt_86,,true
e7c223470fa9e9376b6b304a,Karuizawa Spirit of Asama,,,,W000215,karuizawa asama vintages 1999-2000,61.02,,REJECT_LOW_CONFIDENCE,score_lt_86,,true
ce4a88a05e4500fe2efe0366,Karuizawa Spirit of Asama,,,,W000215,karuizawa asama vintages 1999-2000,61.02,,REJECT_LOW_CONFIDENCE,score_lt_86,,true
96b9061b55a1ef9ec53d8194,Karuizawa Spirit of Asama,,,,W000215,karuizawa asama vintages 1999-2000,61.02,,REJECT_LOW_CONFIDENCE,score_lt_86,,true
1958e5530bab484e8b2eff57,Karuizawa Spirit of Asama,,,,W000215,karuizawa asama vintages 1999-2000,61.02,,REJECT_LOW_CONFIDENCE,score_lt_86,,true
8a6af2a14d4cc04f045350f6,Karuizawa Spirit of Asama,,,,W000215,karuizawa asama vintages 1999-2000,61.02,,REJECT_LOW_CONFIDENCE,score_lt_86,,true
0bce2d1cd3684c028b3a0124,Karuizawa Spirit of Asama,,,,W000215,karuizawa asama vintages 1999-2000,61.02,,REJECT_LOW_CONFIDENCE,score_lt_86,,true
c73febd7546528b76e0413f4,Karuizawa Spirit of Asama,,,,W000215,karuizawa asama vintages 1999-2000,61.02,,REJECT_LOW_CONFIDENCE,score_lt_86,,true
7fc8f4177f1b3c9d9b3d87e1,Karuizawa Spirit of Asama,,,,W000215,karuizawa asama vintages 1999-2000,61.02,,REJECT_LOW_CONFIDENCE,score_lt_86,,true
9cab6f142584acf0c3461fbf,Karuizawa Tigers - Akahoshi 53  Hanshin Tigers,,,2003,W000215,karuizawa asama vintages 1999-2000,51.95,,REJECT_LOW_CONFIDENCE,score_lt_86,,true
508512c2b3035d9a3837db14,Karuizawa Tigers - Arias 14  Hanshin Tigers,,,2003,W000215,karuizawa asama vintages 1999-2000,56.76,,REJECT_LOW_CONFIDENCE,score_lt_86,,true
9059913fa809727b96682b48,Karuizawa Tigers - Fujimoto 9  Hanshin Tigers,,,2003,W000215,karuizawa asama vintages 1999-2000,55.26,,REJECT_LOW_CONFIDENCE,score_lt_86,,true
9c86290c2d3967cbc2ca8be0,Karuizawa Tigers - Hamanaka 25  Hanshin Tigers,,,2003,W000215,karuizawa asama vintages 1999-2000,54.55,,REJECT_LOW_CONFIDENCE,score_lt_86,,true
1ac6407be89e3691a84071dd,Karuizawa Tigers - Hiyama 24  Hanshin Tigers,,,2003,W000215,karuizawa asama vintages 1999-2000,61.33,,REJECT_LOW_CONFIDENCE,score_lt_86,,true
aba33437553e590caa06707c,Karuizawa Tigers - Hoshino 77  Hanshin Tigers,,,2003,W000215,karuizawa asama vintages 1999-2000,50.0,,REJECT_LOW_CONFIDENCE,score_lt_86,,true
e8dd6b59e7292c5abeeebb5e,Karuizawa Tigers - Igawa 29  Hanshin Tigers,,,2003,W000215,karuizawa asama vintages 1999-2000,59.46,,REJECT_LOW_CONFIDENCE,score_lt_86,,true
da8b7009d6666e63fdbe8cef,Karuizawa Tigers - Imaoka 7  Hanshin Tigers,,,2003,W000215,karuizawa asama vintages 1999-2000,56.76,,REJECT_LOW_CONFIDENCE,score_lt_86,,true
8ef5c9d1a4c766321cbd2033,Karuizawa Tigers - Kanemoto 6  Hanshin Tigers,,,2003,W000215,karuizawa asama vintages 1999-2000,55.26,,REJECT_LOW_CONFIDENCE,score_lt_86,,true
1a8e120d7f7246a89b2b626b,Karuizawa Tigers - Kataoka 8  Hanshin Tigers,,,2003,W000215,karuizawa asama vintages 1999-2000,50.67,,REJECT_LOW_CONFIDENCE,score_lt_86,,true
dd198201f026b62e2b3a779b,Karuizawa Tigers - Moore 17  Hanshin Tigers,,,2003,W000215,karuizawa asama vintages 1999-2000,54.05,,REJECT_LOW_CONFIDENCE,score_lt_86,,true
fdf8ea789c27ad35e4c091da,Karuizawa Tigers - Yano 39  Hanshin Tigers,,,2003,W000215,karuizawa asama vintages 1999-2000,54.79,,REJECT_LOW_CONFIDENCE,score_lt_86,,true
63e78e9e5e7ee9ee56ce353a,Ocean Whisky Canadian Type - White Ship - White Whisky  Fine Quality,,,,W001270,writers tears pot still irish whiskey,48.0,,REJECT_LOW_CONFIDENCE,score_lt_86,,true
80c4bef8ecef800791fe3f4f,Ootori 15-year-old  Japanese Premium Whisky,,,,W001432,j.p. wiser's red letter 15yo,54.84,,REJECT_LOW_CONFIDENCE,score_lt_86,,true
a4a7a45abda652df6b1b52ae,Ootori 15-year-old  Japanese Premium Whisky,,,,W001432,j.p. wiser's red letter 15yo,54.84,,REJECT_LOW_CONFIDENCE,score_lt_86,,true
1d5a1cc1a2b1599d6e0612d3,Ootori 15-year-old  Japanese Premium Whisky,,,,W001432,j.p. wiser's red letter 15yo,54.84,,REJECT_LOW_CONFIDENCE,score_lt_86,,true
e1d9c36b878679611580ce8d,Ootori 15-year-old  Japanese Premium Whisky,,,,W001432,j.p. wiser's red letter 15yo,54.84,,REJECT_LOW_CONFIDENCE,score_lt_86,,true
00e705e024c21b62a1c80b47,Ootori 15-year-old  Japanese Premium Whisky,,,,W001432,j.p. wiser's red letter 15yo,54.84,,REJECT_LOW_CONFIDENCE,score_lt_86,,true
1ca9fe3f4eef6bdc8240ff8c,Ootori 15-year-old  Japanese Premium Whisky,,,,W001432,j.p. wiser's red letter 15yo,54.84,,REJECT_LOW_CONFIDENCE,score_lt_86,,true
85fcbb1ed3b4b397d20ab895,Ootori 15-year-old  Japanese Premium Whisky,,,,W001432,j.p. wiser's red letter 15yo,54.84,,REJECT_LOW_CONFIDENCE,score_lt_86,,true
126e122e46a1ff1c1c216bfa,Time Slip Karuizawa x Kawasaki  Ghost Series No. 7,,,,W001401,j.p. wiser's alumni series wendel clark 11yo,46.15,,REJECT_LOW_CONFIDENCE,score_lt_86,,true
8f02dbb9daa0a64e1accbfce,Time Slip Karuizawa x Kawasaki  Ghost Series No. 7,,,,W001401,j.p. wiser's alumni series wendel clark 11yo,46.15,,REJECT_LOW_CONFIDENCE,score_lt_86,,true
07487f94c776255aab14491f,Time Slip Karuizawa x Kawasaki  Ghost Series No. 7,,,,W001401,j.p. wiser's alumni series wendel clark 11yo,46.15,,REJECT_LOW_CONFIDENCE,score_lt_86,,true
fc3139c77e16cff93166ea97,Time Slip Karuizawa x Kawasaki  Ghost Series No. 7,,,,W001401,j.p. wiser's alumni series wendel clark 11yo,46.15,,REJECT_LOW_CONFIDENCE,score_lt_86,,true
049566d3e4ecc0824179814b,Kavalan King Car Whisky  Conductor,,,,W000778,kavalan king car conductor,88.14,,REVIEW_PRODUCT_FEATURE,score_86_93_no_conflict,,true
3b1063200531db520a03ff54,Kavalan King Car Whisky  Conductor,,,,W000778,kavalan king car conductor,88.14,,REVIEW_PRODUCT_FEATURE,score_86_93_no_conflict,,true
a0d5727486022a7ca11e36ad,Kavalan King Car Whisky   Conductor,,,,W000778,kavalan king car conductor,88.14,,REVIEW_PRODUCT_FEATURE,score_86_93_no_conflict,,true
7e8f8239d0a24898705a7f0a,Kavalan Podium,,,,W000741,kavalan podium,100.0,,KEEP_PRODUCT_FEATURE,score_gte_94_no_conflict,,true
8df684e8591936897076e6cd,Corner Creek Reserve,,,,W001726,corner creek reserve bourbon,83.33,,REJECT_LOW_CONFIDENCE,score_lt_86,,true
c3fa23817196679cd7c0424d,Corner Creek Reserve,,,2021,W001726,corner creek reserve bourbon,83.33,,REJECT_LOW_CONFIDENCE,score_lt_86,,true
7386ecd7db74839a4891eb57,Corner Creek Reserve,,,,W001726,corner creek reserve bourbon,83.33,,REJECT_LOW_CONFIDENCE,score_lt_86,,true
ff5a9b3ea88201bb23b578e3,Corner Creek Reserve,,,,W001726,corner creek reserve bourbon,83.33,,REJECT_LOW_CONFIDENCE,score_lt_86,,true
c449bcaba4de8547387ff500,Corner Creek Reserve,,,2021,W001726,corner creek reserve bourbon,83.33,,REJECT_LOW_CONFIDENCE,score_lt_86,,true
fbd05406d6d572f1820f1e8a,Corner Creek Reserve,,,,W001726,corner creek reserve bourbon,83.33,,REJECT_LOW_CONFIDENCE,score_lt_86,,true
d2473df7cdc9292c415b660f,Corner Creek Reserve,,,,W001726,corner creek reserve bourbon,83.33,,REJECT_LOW_CONFIDENCE,score_lt_86,,true
a3c30b06834ff99c13754e55,Corner Creek Reserve,,,,W001726,corner creek reserve bourbon,83.33,,REJECT_LOW_CONFIDENCE,score_lt_86,,true
d194f9d040d14a02ebd013c2,Johnny Drum 15-year-old  Private Stock,,,,W001254,johnnie walker 15yo green label,55.74,,REJECT_LOW_CONFIDENCE,score_lt_86,,true
4239ea5a22958724764a2d2c,Johnny Drum Black Label  Kentucky Straight Bourbon Whiskey,,,,W001706,blanton's gold kentucky straight bourbon,65.98,,REJECT_LOW_CONFIDENCE,score_lt_86,,true
8cfa70e24fd59eb12c4bfa9a,Johnny Drum Black Label  Kentucky Straight Bourbon Whiskey,,,,W001706,blanton's gold kentucky straight bourbon,65.98,,REJECT_LOW_CONFIDENCE,score_lt_86,,true
ab4a13d8a1cfaa2e2457969b,Johnny Drum Green Label  Kentucky Straight Bourbon Whiskey,,,,W001719,jefferson's reserve very old kentucky straight bourbon,64.86,,REJECT_LOW_CONFIDENCE,score_lt_86,,true
c20d0fc9b3a144e6013f679a,Johnny Drum Green Label  Kentucky Straight Bourbon Whiskey,,,,W001719,jefferson's reserve very old kentucky straight bourbon,64.86,,REJECT_LOW_CONFIDENCE,score_lt_86,,true
051ccc29aca2322a486df804,Johnny Drum Private Stock,,,,W000722,glenmorangie spios private edition no 9,50.0,,REJECT_LOW_CONFIDENCE,score_lt_86,,true
659d8dbcc3518cb178f29b58,Johnny Drum Private Stock,,,,W000722,glenmorangie spios private edition no 9,50.0,,REJECT_LOW_CONFIDENCE,score_lt_86,,true
df5fa24e6f01aebc56dc4987,Johnny Drum Private Stock,,,,W000722,glenmorangie spios private edition no 9,50.0,,REJECT_LOW_CONFIDENCE,score_lt_86,,true
7650219d9f42114789d84243,Johnny Drum Private Stock,,,,W000722,glenmorangie spios private edition no 9,50.0,,REJECT_LOW_CONFIDENCE,score_lt_86,,true
fec56e6f102bd0dc8c7aaf2d,Johnny Drum Private Stock,,,2021,W000722,glenmorangie spios private edition no 9,50.0,,REJECT_LOW_CONFIDENCE,score_lt_86,,true
756a5c8381cc31089c0815e5,Johnny Drum Private Stock,,,2020,W000722,glenmorangie spios private edition no 9,50.0,,REJECT_LOW_CONFIDENCE,score_lt_86,,true
d6763638050c4630f7a872d8,Johnny Drum Private Stock,,,,W000722,glenmorangie spios private edition no 9,50.0,,REJECT_LOW_CONFIDENCE,score_lt_86,,true
2e49ed3871ec13e16cb75ff9,Johnny Drum Private Stock,,,,W000722,glenmorangie spios private edition no 9,50.0,,REJECT_LOW_CONFIDENCE,score_lt_86,,true
3d6f1f400f55f1b904b7df6e,Kentucky Highway 03-year-old  Straight Bourbon Whiskey,,,,W001706,blanton's gold kentucky straight bourbon,67.44,,REJECT_LOW_CONFIDENCE,score_lt_86,,true
ec56b7cac2740e7721efc4a5,Kentucky Highway 03-year-old  Straight Bourbon Whiskey,,,,W001706,blanton's gold kentucky straight bourbon,67.44,,REJECT_LOW_CONFIDENCE,score_lt_86,,true
312b29b5d31f7d0163a434d4,Kentucky Highway 05-year-old  Straight Bourbon Whiskey,,,,W001706,blanton's gold kentucky straight bourbon,67.44,,REJECT_LOW_CONFIDENCE,score_lt_86,,true
f1f08f88abc34056a62b0384,Kentucky Highway 05-year-old  Straight Bourbon Whiskey,,,,W001706,blanton's gold kentucky straight bourbon,67.44,,REJECT_LOW_CONFIDENCE,score_lt_86,,true
e4285c3ca298e06d687049fd,Kentucky Highway 05-year-old  Straight Bourbon Whiskey,,,,W001706,blanton's gold kentucky straight bourbon,67.44,,REJECT_LOW_CONFIDENCE,score_lt_86,,true
0bc3f1288e8a7365c4869276,Kentucky Highway 05-year-old  Straight Bourbon Whiskey,,,,W001706,blanton's gold kentucky straight bourbon,67.44,,REJECT_LOW_CONFIDENCE,score_lt_86,,true
ad2f9708e7502c4dc74ba56a,Kentucky Highway 06-year-old  Kentucky Straight Bourbon Whiskey,,,,W001753,parker’s heritage 10th 24yo kentucky straight bourbon,66.67,,REJECT_LOW_CONFIDENCE,score_lt_86,,true
87485adae050c4db8aae4788,Kentucky Highway 06-year-old  Kentucky Straight Bourbon Whiskey,,,,W001753,parker’s heritage 10th 24yo kentucky straight bourbon,66.67,,REJECT_LOW_CONFIDENCE,score_lt_86,,true
836c653a3b4b81dbed126633,Kentucky Highway 06-year-old  Kentucky Straight Bourbon Whiskey,,,,W001753,parker’s heritage 10th 24yo kentucky straight bourbon,66.67,,REJECT_LOW_CONFIDENCE,score_lt_86,,true
1024c0bac68a392b4a4c1c36,Kentucky Highway 06-year-old  Kentucky Straight Bourbon Whiskey,,,,W001753,parker’s heritage 10th 24yo kentucky straight bourbon,66.67,,REJECT_LOW_CONFIDENCE,score_lt_86,,true
faf9823faf63ce661d99b798,Kentucky Vintage Small Batch Bourbon  American Straight Bourbon Whiskey,,,,W001501,knob creek small batch straight rye whiskey,61.95,,REJECT_LOW_CONFIDENCE,score_lt_86,,true
fb7880340fa95313b50aa20c,Kentucky Vintage Small Batch Bourbon  American Straight Bourbon Whiskey,,,,W001501,knob creek small batch straight rye whiskey,61.95,,REJECT_LOW_CONFIDENCE,score_lt_86,,true
9d7f4875b023a6622ff4ca17,Kentucky Vintage Small Batch Bourbon  Kentucky Straight Bourbon Whiskey,,,2021,W001501,knob creek small batch straight rye whiskey,63.72,,REJECT_LOW_CONFIDENCE,score_lt_86,,true
ca69a901df7805311720eb66,Kentucky Vintage Small Batch Bourbon,,,,W001779,larceny small batch bourbon,73.02,,REJECT_LOW_CONFIDENCE,score_lt_86,,true
9e9d3fe7093e2fd1d88c5ee0,LeNell's Red Hook Rye  Kentucky Straight Rye Whiskey,,,2007,W001719,jefferson's reserve very old kentucky straight bourbon,62.86,,REJECT_LOW_CONFIDENCE,score_lt_86,,true
1c78fc837c3df7fde03d5a0b,Noah's Mill Genuine Bourbon Whiskey  Small Batch Bourbon,,,,W001817,jefferson's very small batch bourbon,61.54,,REJECT_LOW_CONFIDENCE,score_lt_86,,true
3987f915e12b9ad8d23a25b1,Noah's Mill Genuine Bourbon Whiskey  Small Batch Bourbon,,,,W001817,jefferson's very small batch bourbon,61.54,,REJECT_LOW_CONFIDENCE,score_lt_86,,true
b0080d351deca5a9a62e51e9,Noah's Mill Genuine Bourbon Whiskey  Small Batch Bourbon,,,2021,W001817,jefferson's very small batch bourbon,61.54,,REJECT_LOW_CONFIDENCE,score_lt_86,,true
76c9acd31956f0bc168d9b62,Noah's Mill Genuine Bourbon Whiskey  Small Batch Bourbon,,,,W001817,jefferson's very small batch bourbon,61.54,,REJECT_LOW_CONFIDENCE,score_lt_86,,true
6d6034b8cf876720a942b287,Noah's Mill Genuine Bourbon Whiskey  Small Batch Bourbon,,,,W001817,jefferson's very small batch bourbon,61.54,,REJECT_LOW_CONFIDENCE,score_lt_86,,true
e4c7637da3b85dafe2d63a9e,Noah's Mill Genuine Bourbon Whiskey  Small Batch Bourbon,,,,W001817,jefferson's very small batch bourbon,61.54,,REJECT_LOW_CONFIDENCE,score_lt_86,,true
6bf41b3e22956dc5f5444efa,Noah's Mill Genuine Bourbon Whiskey  Small Batch Bourbon,,,,W001817,jefferson's very small batch bourbon,61.54,,REJECT_LOW_CONFIDENCE,score_lt_86,,true
583bc897b234631770dd4493,Noah's Mill Genuine Bourbon Whiskey  Small Batch Bourbon,,,,W001817,jefferson's very small batch bourbon,61.54,,REJECT_LOW_CONFIDENCE,score_lt_86,,true
cdfdda862b7229f0e271573b,Noah's Mill Genuine Bourbon Whiskey  Small Batch Bourbon,,,,W001817,jefferson's very small batch bourbon,61.54,,REJECT_LOW_CONFIDENCE,score_lt_86,,true
01f94cece97700a97bec81b0,Noah's Mill Genuine Bourbon Whiskey  Small Batch Bourbon,,,,W001817,jefferson's very small batch bourbon,61.54,,REJECT_LOW_CONFIDENCE,score_lt_86,,true
9e52ae08ab120549497bd96b,Noah's Mill Genuine Bourbon Whiskey  Small Batch Bourbon,,,2021,W001817,jefferson's very small batch bourbon,61.54,,REJECT_LOW_CONFIDENCE,score_lt_86,,true
102c88364fd843294a5e52a9,Noah's Mill Genuine Bourbon Whiskey  Small Batch Bourbon,,,,W001817,jefferson's very small batch bourbon,61.54,,REJECT_LOW_CONFIDENCE,score_lt_86,,true
92c525e9e5b4512e54221d1f,Noah's Mill Genuine Bourbon Whiskey  Small Batch Bourbon,,,,W001817,jefferson's very small batch bourbon,61.54,,REJECT_LOW_CONFIDENCE,score_lt_86,,true
94311497cec25d42b6f04706,Noah's Mill Genuine Bourbon Whiskey  Small Batch Bourbon,,,,W001817,jefferson's very small batch bourbon,61.54,,REJECT_LOW_CONFIDENCE,score_lt_86,,true
69f4f69e224135cface51056,Old Bardstown 10-year-old,,,,W001785,very old barton 6yo,70.27,,REJECT_LOW_CONFIDENCE,score_lt_86,,true
9d0dac90839be6886d67686b,Old Bardstown Kentucky Straight Bourbon Whiskey  Black Label,,,,W001706,blanton's gold kentucky straight bourbon,64.65,,REJECT_LOW_CONFIDENCE,score_lt_86,,true
e54b38e0b1fbf4763c359499,Pure Kentucky NAS  Small Batch XO Bourbon,,,,W001779,larceny small batch bourbon,68.66,,REJECT_LOW_CONFIDENCE,score_lt_86,,true
389838512d697aac86bb7ddd,Pure Kentucky NAS  Small Batch XO Bourbon,,,2021,W001779,larceny small batch bourbon,68.66,,REJECT_LOW_CONFIDENCE,score_lt_86,,true
1a1bc4f9500f010fdeffbc4d,Pure Kentucky NAS  Small Batch XO Bourbon,,,,W001779,larceny small batch bourbon,68.66,,REJECT_LOW_CONFIDENCE,score_lt_86,,true
9240825fbf6fc46d2f663b1d,Pure Kentucky NAS  Small Batch XO Bourbon,,,,W001779,larceny small batch bourbon,68.66,,REJECT_LOW_CONFIDENCE,score_lt_86,,true
c418fc380e77618033282be2,Pure Kentucky NAS  Small Batch XO Bourbon,,,,W001779,larceny small batch bourbon,68.66,,REJECT_LOW_CONFIDENCE,score_lt_86,,true
ad7c7967068e90cc9ccc25b6,Rowan's Creek Straight Kentucky Bourbon,,,,W001770,old fitzgerald kentucky straight bourbon,73.42,,REJECT_LOW_CONFIDENCE,score_lt_86,,true
56788fec5978672e8e8c7e02,Rowan's Creek Straight Kentucky Bourbon,,,,W001770,old fitzgerald kentucky straight bourbon,73.42,,REJECT_LOW_CONFIDENCE,score_lt_86,,true
837e691fee39e08f03c119c6,Rowan's Creek Straight Kentucky Bourbon,,,,W001770,old fitzgerald kentucky straight bourbon,73.42,,REJECT_LOW_CONFIDENCE,score_lt_86,,true
c9ce626828d01115babc72cb,Rowan's Creek Straight Kentucky Bourbon,,,,W001770,old fitzgerald kentucky straight bourbon,73.42,,REJECT_LOW_CONFIDENCE,score_lt_86,,true
fed7f658e65619f0b30722f0,Rowan's Creek Straight Kentucky Bourbon,,,,W001770,old fitzgerald kentucky straight bourbon,73.42,,REJECT_LOW_CONFIDENCE,score_lt_86,,true
7097b097bf1bd71bfd614c1d,Rowan's Creek Straight Kentucky Bourbon,,,,W001770,old fitzgerald kentucky straight bourbon,73.42,,REJECT_LOW_CONFIDENCE,score_lt_86,,true
022ef002e95f6f5407914f3e,Rowan's Creek Straight Kentucky Bourbon,,,,W001770,old fitzgerald kentucky straight bourbon,73.42,,REJECT_LOW_CONFIDENCE,score_lt_86,,true
865458faaab1002cd50a36d9,Rowan's Creek Straight Kentucky Bourbon,,,,W001770,old fitzgerald kentucky straight bourbon,73.42,,REJECT_LOW_CONFIDENCE,score_lt_86,,true
a350c71e35b80513d0b70bfa,Rowan's Creek Straight Kentucky Bourbon,,,,W001770,old fitzgerald kentucky straight bourbon,73.42,,REJECT_LOW_CONFIDENCE,score_lt_86,,true
77f7f264dd8091ce539f51f4,Rowan's Creek Straight Kentucky Bourbon,,,,W001770,old fitzgerald kentucky straight bourbon,73.42,,REJECT_LOW_CONFIDENCE,score_lt_86,,true
9f5a93563cb554deb97782de,Rowan's Creek Straight Kentucky Bourbon,,,,W001770,old fitzgerald kentucky straight bourbon,73.42,,REJECT_LOW_CONFIDENCE,score_lt_86,,true
9640c1c764cf8ae7ffe1e4f6,Rowan's Creek Straight Kentucky Bourbon,,,,W001770,old fitzgerald kentucky straight bourbon,73.42,,REJECT_LOW_CONFIDENCE,score_lt_86,,true
7766f601768c785b0f92286d,Rowan's Creek Straight Kentucky Bourbon,,,2019,W001770,old fitzgerald kentucky straight bourbon,73.42,,REJECT_LOW_CONFIDENCE,score_lt_86,,true
31b6276e915f951cd67898e2,Rowan's Creek Straight Kentucky Bourbon,,,,W001770,old fitzgerald kentucky straight bourbon,73.42,,REJECT_LOW_CONFIDENCE,score_lt_86,,true
3b8f329397ee2f3e5dc9441b,Rowan's Creek Straight Kentucky Bourbon,,,,W001770,old fitzgerald kentucky straight bourbon,73.42,,REJECT_LOW_CONFIDENCE,score_lt_86,,true
813d980fca46999411a085b1,Rowan's Creek Straight Kentucky Bourbon,,,,W001770,old fitzgerald kentucky straight bourbon,73.42,,REJECT_LOW_CONFIDENCE,score_lt_86,,true
1974075e0742bcfcc304d128,Rowan's Creek Straight Kentucky Bourbon,,,2020,W001770,old fitzgerald kentucky straight bourbon,73.42,,REJECT_LOW_CONFIDENCE,score_lt_86,,true
757176386de08937f34c02b2,Rowan's Creek Straight Kentucky Bourbon,,,,W001770,old fitzgerald kentucky straight bourbon,73.42,,REJECT_LOW_CONFIDENCE,score_lt_86,,true
dfc2c53962640675b8664786,Rowan's Creek Straight Kentucky Bourbon,,,,W001770,old fitzgerald kentucky straight bourbon,73.42,,REJECT_LOW_CONFIDENCE,score_lt_86,,true
f2f99a39b2374ebdb072eadf,Rowan's Creek Straight Kentucky Bourbon,,,,W001770,old fitzgerald kentucky straight bourbon,73.42,,REJECT_LOW_CONFIDENCE,score_lt_86,,true
86643c7dcea06140e4a616e3,Rowan's Creek Straight Kentucky Bourbon,,,,W001770,old fitzgerald kentucky straight bourbon,73.42,,REJECT_LOW_CONFIDENCE,score_lt_86,,true
3d0c38d36c49eaee7d07b324,Tennessee Spirits Company Jailers  Premium Tennessee Whiskey,,,,W001260,jameson cooper's croze irish whiskey,54.74,,REJECT_LOW_CONFIDENCE,score_lt_86,,true
7cd842132eb9c27039fc8c5b,Tennessee Spirits Company Jailers  Premium Tennessee Whiskey,,,,W001260,jameson cooper's croze irish whiskey,54.74,,REJECT_LOW_CONFIDENCE,score_lt_86,,true
7dfde5448cc4e3745517900b,Vintage Bourbon 17-year-old,,,,W001704,barton 1792 high rye bourbon,62.5,,REJECT_LOW_CONFIDENCE,score_lt_86,,true
b5cf1228d44f04d9d8883124,Vintage Bourbon 17-year-old,,,2012,W001704,barton 1792 high rye bourbon,62.5,,REJECT_LOW_CONFIDENCE,score_lt_86,,true
4ac9ca9c377750ae68b52301,Vintage Bourbon 17-year-old,,,,W001704,barton 1792 high rye bourbon,62.5,,REJECT_LOW_CONFIDENCE,score_lt_86,,true
9cf0a26793bb87753c90aa86,Vintage Bourbon 17-year-old,,,2008,W001704,barton 1792 high rye bourbon,62.5,,REJECT_LOW_CONFIDENCE,score_lt_86,,true
f9f895fe5775a883774b6ee3,Vintage Rye 21-year-old  Vintage Rye,,,2015,W000067,glendronach vintage 20yo single cask (all vintages),59.74,,REJECT_LOW_CONFIDENCE,score_lt_86,,true
d3d6ba505b83afcf18ca3a27,Vintage Rye 23-year-old,,,,W000840,tullibardine vintage 1993,58.54,,REJECT_LOW_CONFIDENCE,score_lt_86,,true
d21ced52588a9918d0f94eee,Vintage Rye 23-year-old,,,,W000840,tullibardine vintage 1993,58.54,,REJECT_LOW_CONFIDENCE,score_lt_86,,true
9ae37ab07580c3c5c8ce356e,Vintage Rye 23-year-old,,,2015,W000840,tullibardine vintage 1993,58.54,,REJECT_LOW_CONFIDENCE,score_lt_86,,true
fedb02402cf89cb42abbce7c,Vintage Rye 23-year-old,,,,W000840,tullibardine vintage 1993,58.54,,REJECT_LOW_CONFIDENCE,score_lt_86,,true
fbd46e7ea1ae135d54363a27,Willett 02-year-old  Family Estate Bottled Small Batch Rye,,,,W001493,willett family estate 2yo rye,73.42,,REJECT_LOW_CONFIDENCE,score_lt_86,,true
d1923eec5238d3c8fc1cfd03,Willett 02-year-old  Family Estate Bottled Small Batch Rye,,,,W001493,willett family estate 2yo rye,73.42,,REJECT_LOW_CONFIDENCE,score_lt_86,,true
54e0a66d84757b93f147dbf7,Willett 02-year-old  Family Estate Bottled Small Batch Rye,,,,W001493,willett family estate 2yo rye,73.42,,REJECT_LOW_CONFIDENCE,score_lt_86,,true
0cd634202334a39b00bc64d0,Willett 03-year-old  Family Estate Bottled Small Batch Rye,,,,W001469,willett family estate 3yo rye,73.42,,REJECT_LOW_CONFIDENCE,score_lt_86,,true
a24903f954632aef4340231e,Willett 03-year-old  Family Estate Bottled Small Batch Rye,,,,W001469,willett family estate 3yo rye,73.42,,REJECT_LOW_CONFIDENCE,score_lt_86,,true
b4e2ad2c524b21b22ed1a0d9,Willett 03-year-old  Family Estate Bottled Small Batch Rye,,,,W001469,willett family estate 3yo rye,73.42,,REJECT_LOW_CONFIDENCE,score_lt_86,,true
02af57dae542879fa503640c,Willett 03-year-old  Family Estate Bottled Small Batch Rye,,,,W001469,willett family estate 3yo rye,73.42,,REJECT_LOW_CONFIDENCE,score_lt_86,,true
13b17dd336314c6dc7c78c6c,Willett 03-year-old  Family Estate Bottled Small Batch Rye,,,,W001469,willett family estate 3yo rye,73.42,,REJECT_LOW_CONFIDENCE,score_lt_86,,true
3410e88d3e5533e13dcd7533,Willett 03-year-old  Family Estate Bottled Small Batch Rye,,,,W001469,willett family estate 3yo rye,73.42,,REJECT_LOW_CONFIDENCE,score_lt_86,,true
04ae1d1e8a5eb8bda44b18f3,Willett 03-year-old  Family Estate Bottled Small Batch Rye,,,,W001469,willett family estate 3yo rye,73.42,,REJECT_LOW_CONFIDENCE,score_lt_86,,true
7271c12bc334e04cbaaa684b,Willett 04-year-old  Family Estate Bottled Single Barrel Rye,,,,W001414,willett family estate 4yo rye,71.6,,REJECT_LOW_CONFIDENCE,score_lt_86,,true
cf7ab1e6a7a333ffd49c9b74,Willett 04-year-old  Family Estate Bottled Single Barrel Rye,,,,W001414,willett family estate 4yo rye,71.6,,REJECT_LOW_CONFIDENCE,score_lt_86,,true
c5d5714636a7a76ac449856e,Willett 04-year-old  Family Estate Bottled Single Barrel Rye,,,,W001414,willett family estate 4yo rye,71.6,,REJECT_LOW_CONFIDENCE,score_lt_86,,true
a3df491b604bb073c146dbc4,Willett 04-year-old  Family Estate Bottled Single Barrel Rye,,,,W001414,willett family estate 4yo rye,71.6,,REJECT_LOW_CONFIDENCE,score_lt_86,,true
b65b4fc9a803f446e5f6354b,Willett 04-year-old  Family Estate Bottled Single Barrel Bourbon,,,,W001612,willett family estate 24yo bourbon,73.33,,REJECT_LOW_CONFIDENCE,score_lt_86,,true
13e81b20f82c115bd1c6e4cc,Willett 04-year-old  Family Estate Bottled Single Barrel Rye,,,,W001414,willett family estate 4yo rye,71.6,,REJECT_LOW_CONFIDENCE,score_lt_86,,true
760d2379d8d53c055e6aae51,Willett 04-year-old  Family Estate Bottled Single Barrel Rye,,,,W001414,willett family estate 4yo rye,71.6,,REJECT_LOW_CONFIDENCE,score_lt_86,,true
99c77de637c355bb05a783ef,Willett 04-year-old  Family Estate Bottled Single Barrel Rye,,,,W001414,willett family estate 4yo rye,71.6,,REJECT_LOW_CONFIDENCE,score_lt_86,,true
f313e711d860ab9857612741,Willett 06-year-old  Family Estate Bottled Single Barrel Rye,,,,W001398,willett family estate 6yo rye,71.6,,REJECT_LOW_CONFIDENCE,score_lt_86,,true
1a9efac58f01ed1b60d0fcbc,Willett 06-year-old  Family Estate Bottled Single Barrel Rye,,,,W001398,willett family estate 6yo rye,71.6,,REJECT_LOW_CONFIDENCE,score_lt_86,,true
b10554256d9d75fe710f86bf,"Willett 06-year-old ""Eternal Optimist-Hi Cotton""  Family Estate Bottled Single Barrel Bourbon",,,,W001627,willett family estate bourbon (all ages),56.2,,REJECT_LOW_CONFIDENCE,score_lt_86,,true
1b7c7f551d5e0fb62c58a34a,Willett 09-year-old  Family Estate Bottled Single Barrel Bourbon,,,2018,W001738,willett family estate 9yo bourbon,74.16,,REJECT_LOW_CONFIDENCE,score_lt_86,,true
c902cc3a9e24e774fb430a67,Willett 09-year-old  Family Estate Bottled Single Barrel Bourbon,,,2015,W001738,willett family estate 9yo bourbon,74.16,,REJECT_LOW_CONFIDENCE,score_lt_86,,true
ce7b922251a58f9d1e7aaa69,Willett 09-year-old  Family Estate Bottled Single Barrel Bourbon,,,,W001738,willett family estate 9yo bourbon,74.16,,REJECT_LOW_CONFIDENCE,score_lt_86,,true
60c7098b10c6938446830ca0,"Willett 09-year-old ""Origami""  Family Estate Bottled Single Barrel Bourbon",,,2012,W001738,willett family estate 9yo bourbon,68.04,,REJECT_LOW_CONFIDENCE,score_lt_86,,true
ef563958d9757bf68fb61c34,Willett 10-year-old  Family Estate Bottled Single Barrel Bourbon,,,,W001623,willett family estate 13yo bourbon,73.33,,REJECT_LOW_CONFIDENCE,score_lt_86,,true
7f769e63be8d3a7d4dc872b2,Willett 10-year-old  Family Estate Bottled Single Barrel Bourbon,,,2016,W001623,willett family estate 13yo bourbon,73.33,,REJECT_LOW_CONFIDENCE,score_lt_86,,true
f4ce393113263b6319ba4d29,Willett 11-year-old  Family Estate Bottled Single Barrel Bourbon,,,,W001642,willett family estate 11yo bourbon,75.56,,REJECT_LOW_CONFIDENCE,score_lt_86,,true
4a0cc7c586c0407582f03386,Willett 12-year-old  Family Estate Bottled Single Barrel Bourbon,,,,W001602,willett family estate 22yo bourbon,73.33,,REJECT_LOW_CONFIDENCE,score_lt_86,,true
0ab26a9f1ceecbcb28f08d04,Willett 13-year-old  Family Estate Bottled Single Barrel Bourbon,,,,W001623,willett family estate 13yo bourbon,75.56,,REJECT_LOW_CONFIDENCE,score_lt_86,,true
28405451fee27a18fc485d40,Willett 13-year-old  Family Estate Bottled Single Barrel Bourbon,,,,W001623,willett family estate 13yo bourbon,75.56,,REJECT_LOW_CONFIDENCE,score_lt_86,,true
a9653d876df4ff65fc587528,Willett 14-year-old  Family Estate Bottled Single Barrel Bourbon,,,,W001652,willett family estate 14yo bourbon,75.56,,REJECT_LOW_CONFIDENCE,score_lt_86,,true
df0de9487202cc4536149a02,Willett 15-year-old  Family Estate Bottled Single Barrel Bourbon,,,,W001656,willett family estate 5yo bourbon,74.16,,REJECT_LOW_CONFIDENCE,score_lt_86,,true
733f01e6441def41525dce4f,Willett 15-year-old  Family Estate Bottled Single Barrel Bourbon,,,,W001656,willett family estate 5yo bourbon,74.16,,REJECT_LOW_CONFIDENCE,score_lt_86,,true
9e8f16f0689187a951ad131a,Willett 18-year-old  Family Estate Bottled Single Barrel Bourbon,,,,W001621,willett family estate 8yo bourbon,74.16,,REJECT_LOW_CONFIDENCE,score_lt_86,,true
c5aedb60a493c18012aaafd3,Willett 1984  Family Estate Bottled Single Barrel Rye,,,,W001435,willett family estate rye (all ages),69.77,,REJECT_LOW_CONFIDENCE,score_lt_86,,true
8bb8827279eb6da49dc636a1,Willett 1984  Family Estate Bottled Single Barrel Rye,,,,W001435,willett family estate rye (all ages),69.77,,REJECT_LOW_CONFIDENCE,score_lt_86,,true
da37f4f1006258e6fd4357f1,Willett 1984  Family Estate Bottled Single Barrel Rye,,,2016,W001435,willett family estate rye (all ages),69.77,,REJECT_LOW_CONFIDENCE,score_lt_86,,true
329ab965bf2f1caaa7fa5a12,Willett 1984  Family Estate Bottled Single Barrel Rye,,,,W001435,willett family estate rye (all ages),69.77,,REJECT_LOW_CONFIDENCE,score_lt_86,,true
f75fe03d86a4d21a808b728a,Willett 1993  Family Estate Bottled Single Barrel Bourbon,,,,W001623,willett family estate 13yo bourbon,73.33,,REJECT_LOW_CONFIDENCE,score_lt_86,,true
ae0976826289ca7e1800f04c,Willett 20-year-old  Family Estate Bottled Single Barrel Bourbon,,,,W001602,willett family estate 22yo bourbon,73.33,,REJECT_LOW_CONFIDENCE,score_lt_86,,true
ca1ed204f8f5ce464ce0bd10,Willett 20-year-old  Family Estate Bottled Single Barrel Bourbon,,,,W001602,willett family estate 22yo bourbon,73.33,,REJECT_LOW_CONFIDENCE,score_lt_86,,true
e0c4591e1377a01f3e6f882b,Willett 22-year-old  Family Estate Bottled Single Barrel Bourbon,,,2018,W001602,willett family estate 22yo bourbon,75.56,,REJECT_LOW_CONFIDENCE,score_lt_86,,true
ab010ec2f7d7d1a1272a3c85,"Willett 23-year-old ""My Brown Bunny""  Family Estate Bottled Single Barrel Bourbon",,,2014,W001602,willett family estate 22yo bourbon,62.86,,REJECT_LOW_CONFIDENCE,score_lt_86,,true
67c5ec3134c0f7ce494b9590,Willett Pot Still Reserve  94 proof - Glass decanter,,,,W001734,willett pot still reserve,67.57,,REJECT_LOW_CONFIDENCE,score_lt_86,,true
5a63473764aa6cb6663289db,Willett Pot Still Reserve  94 proof - Glass decanter,,,,W001734,willett pot still reserve,67.57,,REJECT_LOW_CONFIDENCE,score_lt_86,,true
bd422712134d8b4497e14edb,Willett Pot Still Reserve  94 proof - Glass decanter,,,2016,W001734,willett pot still reserve,67.57,,REJECT_LOW_CONFIDENCE,score_lt_86,,true
32b425320c91b156bf8149c2,Willett Pot Still Reserve  94 proof - Glass decanter,,,2015,W001734,willett pot still reserve,67.57,,REJECT_LOW_CONFIDENCE,score_lt_86,,true
dd84a2ebb943858c78f6b438,Willett Pot Still Reserve  94 proof - Glass decanter,,,,W001734,willett pot still reserve,67.57,,REJECT_LOW_CONFIDENCE,score_lt_86,,true
969cf080d910bdb9b551f19f,Willett Pot Still Reserve  94 proof - Glass decanter,,,,W001734,willett pot still reserve,67.57,,REJECT_LOW_CONFIDENCE,score_lt_86,,true
ae10366b97eedf0b3fc09d2e,Willett Pot Still Reserve  94 proof - Glass decanter,,,,W001734,willett pot still reserve,67.57,,REJECT_LOW_CONFIDENCE,score_lt_86,,true
fe68d7ad6e0d1f09eeea8464,Willett Pot Still Reserve  94 proof - Glass decanter,,,,W001734,willett pot still reserve,67.57,,REJECT_LOW_CONFIDENCE,score_lt_86,,true
f2564c7bc626064f144357fd,Willett Pot Still Reserve  94 proof - Glass decanter,,,,W001734,willett pot still reserve,67.57,,REJECT_LOW_CONFIDENCE,score_lt_86,,true
b8fe3308877719a198bcd48c,Willett Pot Still Reserve  94 proof - Glass decanter,,,,W001734,willett pot still reserve,67.57,,REJECT_LOW_CONFIDENCE,score_lt_86,,true
49b3453876eb11d7a00614a3,Willett Pot Still Reserve  94 proof - Glass decanter,,,,W001734,willett pot still reserve,67.57,,REJECT_LOW_CONFIDENCE,score_lt_86,,true
e88c1c759ddce99a00fe3f55,Willett Pot Still Reserve  94 proof - Glass decanter,,,,W001734,willett pot still reserve,67.57,,REJECT_LOW_CONFIDENCE,score_lt_86,,true
3733aa48c1258dadb2366294,Willett Pot Still Reserve  94 proof - Glass decanter,,,,W001734,willett pot still reserve,67.57,,REJECT_LOW_CONFIDENCE,score_lt_86,,true
bf5ed1e745a8ef96fa7d7484,Willett Pot Still Reserve  94 proof - Glass decanter,,,,W001734,willett pot still reserve,67.57,,REJECT_LOW_CONFIDENCE,score_lt_86,,true
f53143d1e7b6283c21a0262a,Willett Pot Still Reserve  94 proof - Glass decanter,,,,W001734,willett pot still reserve,67.57,,REJECT_LOW_CONFIDENCE,score_lt_86,,true
8fae8fc9bdc5273f1f04e7e3,Willett Soppressata  Family Estate Bottled Single Barrel Bourbon,,,,W001627,willett family estate bourbon (all ages),67.33,,REJECT_LOW_CONFIDENCE,score_lt_86,,true
c01d410761d07607d8bad7d3,Willett Soppressata  Family Estate Bottled Single Barrel Bourbon,,,,W001627,willett family estate bourbon (all ages),67.33,,REJECT_LOW_CONFIDENCE,score_lt_86,,true
ac72f517cd9deb766452896e,Willett XCF - Exploratory Cask Finish - Release 1.0  Small Batch American Rye Whiskey,,,,W001512,shelter point artisanal cask strength whisky,50.0,,REJECT_LOW_CONFIDENCE,score_lt_86,,true
0fbd78c9a199e52fa5280689,Kilchoman 100% Islay  The 10th Edition,,,2018,W001191,kilchoman 100% islay (all editions),82.35,,REJECT_LOW_CONFIDENCE,score_lt_86,,true
f9f2d2271106d429a9058c4e,Kilchoman 100% Islay  The 10th Edition,,,2019,W001191,kilchoman 100% islay (all editions),82.35,,REJECT_LOW_CONFIDENCE,score_lt_86,,true
170e03fc6fd9b48f6e2a86f5,Kilchoman 100% Islay  The 10th Edition,,,,W001191,kilchoman 100% islay (all editions),82.35,,REJECT_LOW_CONFIDENCE,score_lt_86,,true
60bd262ee601ab97856c86c8,Kilchoman 100% Islay  The 10th Edition,,,,W001191,kilchoman 100% islay (all editions),82.35,,REJECT_LOW_CONFIDENCE,score_lt_86,,true
ce53598d611a9e58dafe131b,Kilchoman 100% Islay  The 10th Edition,,,,W001191,kilchoman 100% islay (all editions),82.35,,REJECT_LOW_CONFIDENCE,score_lt_86,,true
1f0d2d32a8b0fc8c6091325a,Kilchoman 100% Islay  The 10th Edition,,,,W001191,kilchoman 100% islay (all editions),82.35,,REJECT_LOW_CONFIDENCE,score_lt_86,,true
b47c58ec7a51c9765a499c66,Kilchoman 100% Islay  The 10th Edition,,,,W001191,kilchoman 100% islay (all editions),82.35,,REJECT_LOW_CONFIDENCE,score_lt_86,,true
50d11501fc0b05bd50aaf6d8,Kilchoman Loch Gorm  2021 Edition,,,2020,W000137,kilchoman loch gorm,74.51,,REJECT_LOW_CONFIDENCE,score_lt_86,,true
22ef75cf375a1365a18fe099,Kilchoman Loch Gorm  2021 Edition,,,,W000137,kilchoman loch gorm,74.51,,REJECT_LOW_CONFIDENCE,score_lt_86,,true
326818054006ceddc0a1ae69,Kilchoman Loch Gorm  2021 Edition,,,,W000137,kilchoman loch gorm,74.51,,REJECT_LOW_CONFIDENCE,score_lt_86,,true
26b27d6508dd161e01b729ac,Kilchoman Loch Gorm  2021 Edition,,,,W000137,kilchoman loch gorm,74.51,,REJECT_LOW_CONFIDENCE,score_lt_86,,true
16782275191e18a507824e2f,Kilchoman Loch Gorm  2021 Edition,,,2021,W000137,kilchoman loch gorm,74.51,,REJECT_LOW_CONFIDENCE,score_lt_86,,true
6cdbc0f81961f030d65902ba,Kilchoman Loch Gorm  2021 Edition,,,2020,W000137,kilchoman loch gorm,74.51,,REJECT_LOW_CONFIDENCE,score_lt_86,,true
12fcd06014eb24ed906edb63,Kilchoman Loch Gorm  2019 Edition,,,,W000137,kilchoman loch gorm,74.51,,REJECT_LOW_CONFIDENCE,score_lt_86,,true
1cda07ae07622cf4c74b6196,Kilchoman Loch Gorm  2019 Edition,,,2019,W000137,kilchoman loch gorm,74.51,,REJECT_LOW_CONFIDENCE,score_lt_86,,true
33fe642fc72c4dae70f4c413,Kilchoman Loch Gorm  2019 Edition,,,,W000137,kilchoman loch gorm,74.51,,REJECT_LOW_CONFIDENCE,score_lt_86,,true
5a240b61a393ef9ded35928a,Kilchoman Loch Gorm  2019 Edition,,,,W000137,kilchoman loch gorm,74.51,,REJECT_LOW_CONFIDENCE,score_lt_86,,true
1af26ebac3ccd980a8836c29,Kilchoman Loch Gorm  2019 Edition,,,,W000137,kilchoman loch gorm,74.51,,REJECT_LOW_CONFIDENCE,score_lt_86,,true
916bf9b3ec723ff5bd8ac129,Kilchoman Loch Gorm  2019 Edition,,,2005,W000137,kilchoman loch gorm,74.51,,REJECT_LOW_CONFIDENCE,score_lt_86,,true
582bb1c5925dccbad4156733,Kilchoman Loch Gorm  2019 Edition,,,,W000137,kilchoman loch gorm,74.51,,REJECT_LOW_CONFIDENCE,score_lt_86,,true
7430e2a855d2cc6a7c16a916,Kilchoman Loch Gorm  2019 Edition,,,2019,W000137,kilchoman loch gorm,74.51,,REJECT_LOW_CONFIDENCE,score_lt_86,,true
1a9ba4baa1d47914a4ca20e5,Kilchoman Loch Gorm  2020 Edition,,,,W000137,kilchoman loch gorm,74.51,,REJECT_LOW_CONFIDENCE,score_lt_86,,true
98e1895c2081bbb04f9a7e2e,Kilchoman Loch Gorm  2020 Edition,,,,W000137,kilchoman loch gorm,74.51,,REJECT_LOW_CONFIDENCE,score_lt_86,,true
fcd442fd52320a985a12bc4d,Kilchoman Loch Gorm  2020 Edition,,,2020,W000137,kilchoman loch gorm,74.51,,REJECT_LOW_CONFIDENCE,score_lt_86,,true
31fc4c53c33d5a7c8e96797a,Kilchoman Loch Gorm  2020 Edition,,,2007,W000137,kilchoman loch gorm,74.51,,REJECT_LOW_CONFIDENCE,score_lt_86,,true
b2a204edfc3077b7d95a6f36,Kilchoman Loch Gorm  2020 Edition,,,,W000137,kilchoman loch gorm,74.51,,REJECT_LOW_CONFIDENCE,score_lt_86,,true
f54a5e39ce04e225750eb7fa,Kilchoman Loch Gorm  2020 Edition,,,,W000137,kilchoman loch gorm,74.51,,REJECT_LOW_CONFIDENCE,score_lt_86,,true
8d7259aa8733c8320e1aa5ab,Kilchoman Loch Gorm  2020 Edition,,,,W000137,kilchoman loch gorm,74.51,,REJECT_LOW_CONFIDENCE,score_lt_86,,true
8091717505ffdf34136100e7,Kilchoman Loch Gorm  2020 Edition,,,,W000137,kilchoman loch gorm,74.51,,REJECT_LOW_CONFIDENCE,score_lt_86,,true
fed4a4aec3d805686a72c9e0,Kilchoman Machir Bay,,,,W001181,kilchoman machir bay (all vintages),75.47,,REJECT_LOW_CONFIDENCE,score_lt_86,,true
cad2530cde5951fcf56eac7f,Kilchoman Machir Bay,,,,W001181,kilchoman machir bay (all vintages),75.47,,REJECT_LOW_CONFIDENCE,score_lt_86,,true
d1eeb54857bf068388c519e7,Kilchoman Machir Bay,,,,W001181,kilchoman machir bay (all vintages),75.47,,REJECT_LOW_CONFIDENCE,score_lt_86,,true
53247de289e86efdd52f5681,Kilchoman Machir Bay,,,,W001181,kilchoman machir bay (all vintages),75.47,,REJECT_LOW_CONFIDENCE,score_lt_86,,true
822dfbc1872f0ebf4dc6fcf6,Kilchoman Machir Bay,,,,W001181,kilchoman machir bay (all vintages),75.47,,REJECT_LOW_CONFIDENCE,score_lt_86,,true
b6cf12f6e182646bbd3c1d41,Kilchoman Machir Bay,,,,W001181,kilchoman machir bay (all vintages),75.47,,REJECT_LOW_CONFIDENCE,score_lt_86,,true
949023bca09646ecd9434a3f,Kilchoman Machir Bay,,,,W001181,kilchoman machir bay (all vintages),75.47,,REJECT_LOW_CONFIDENCE,score_lt_86,,true
6188de3b12cf890f7cfe4138,Kilchoman Machir Bay,,,,W001181,kilchoman machir bay (all vintages),75.47,,REJECT_LOW_CONFIDENCE,score_lt_86,,true
ed95c304541dba470829f4d8,Kilchoman Machir Bay,,,,W001181,kilchoman machir bay (all vintages),75.47,,REJECT_LOW_CONFIDENCE,score_lt_86,,true
fb842bba16395cf9c34fc10f,Kilchoman Machir Bay,,,,W001181,kilchoman machir bay (all vintages),75.47,,REJECT_LOW_CONFIDENCE,score_lt_86,,true
7f341d61318bf00e866cda2d,Kilchoman Machir Bay,,,,W001181,kilchoman machir bay (all vintages),75.47,,REJECT_LOW_CONFIDENCE,score_lt_86,,true
e81e3c6f359100f9abc08063,Kilchoman Machir Bay,,,,W001181,kilchoman machir bay (all vintages),75.47,,REJECT_LOW_CONFIDENCE,score_lt_86,,true
13e656f209aa9704f6672e69,Kilchoman Machir Bay,,,,W001181,kilchoman machir bay (all vintages),75.47,,REJECT_LOW_CONFIDENCE,score_lt_86,,true
eb3555e9f7bfc1f81bb23cc9,Kilchoman Machir Bay,,,,W001181,kilchoman machir bay (all vintages),75.47,,REJECT_LOW_CONFIDENCE,score_lt_86,,true
b063ce6b636edc0bf2b3ef93,Kilchoman Machir Bay,,,,W001181,kilchoman machir bay (all vintages),75.47,,REJECT_LOW_CONFIDENCE,score_lt_86,,true
51dd6ed087ff6b57fa1d74bc,Kilchoman Sanaig,,,2019,W001001,kilchoman sanaig,100.0,,KEEP_PRODUCT_FEATURE,score_gte_94_no_conflict,,true
48358c50cd75dbf486b0f353,Kilchoman Sanaig,,,,W001001,kilchoman sanaig,100.0,,KEEP_PRODUCT_FEATURE,score_gte_94_no_conflict,,true
6a329cb5d555f54471d2c1ca,Kilchoman Sanaig,,,,W001001,kilchoman sanaig,100.0,,KEEP_PRODUCT_FEATURE,score_gte_94_no_conflict,,true
6107512838e22d3e34279116,Kilchoman Sanaig,,,,W001001,kilchoman sanaig,100.0,,KEEP_PRODUCT_FEATURE,score_gte_94_no_conflict,,true
c50ca5ab3f801f71a6cdf99c,Kilchoman Sanaig,,,,W001001,kilchoman sanaig,100.0,,KEEP_PRODUCT_FEATURE,score_gte_94_no_conflict,,true
3c35fe6f53a43542f4c195da,Kilchoman Sanaig,,,,W001001,kilchoman sanaig,100.0,,KEEP_PRODUCT_FEATURE,score_gte_94_no_conflict,,true
a5c0668f1ca79b82ec54752b,Kilchoman Sanaig,,,,W001001,kilchoman sanaig,100.0,,KEEP_PRODUCT_FEATURE,score_gte_94_no_conflict,,true
e2308e355692d4384e9711d4,Kilchoman Sanaig,,,2019,W001001,kilchoman sanaig,100.0,,KEEP_PRODUCT_FEATURE,score_gte_94_no_conflict,,true
5427a0b2a3bcd06c78468e55,Kilchoman Sanaig,,,,W001001,kilchoman sanaig,100.0,,KEEP_PRODUCT_FEATURE,score_gte_94_no_conflict,,true
05272067a37b68be7f5340ce,Kilchoman Sanaig,,,,W001001,kilchoman sanaig,100.0,,KEEP_PRODUCT_FEATURE,score_gte_94_no_conflict,,true
53672faee49548688d4a70cf,Kilchoman Sanaig,,,,W001001,kilchoman sanaig,100.0,,KEEP_PRODUCT_FEATURE,score_gte_94_no_conflict,,true
ac29a00bc4253007f17a010a,Kilchoman Sanaig,,,,W001001,kilchoman sanaig,100.0,,KEEP_PRODUCT_FEATURE,score_gte_94_no_conflict,,true
4e9276503b98d94289504950,Kilchoman Sanaig,,,,W001001,kilchoman sanaig,100.0,,KEEP_PRODUCT_FEATURE,score_gte_94_no_conflict,,true
80ac7874950b2288877aa216,Kilchoman Sanaig,,,2017,W001001,kilchoman sanaig,100.0,,KEEP_PRODUCT_FEATURE,score_gte_94_no_conflict,,true
c81a03098b8146225038903c,Knockando 12-year-old,,,,W000770,ancnoc 12yo,72.0,,REJECT_LOW_CONFIDENCE,score_lt_86,,true
9879b433c642284038e6febd,Knockando 12-year-old,,,,W000770,ancnoc 12yo,72.0,,REJECT_LOW_CONFIDENCE,score_lt_86,,true
96909c39d8b3f571425c5927,Knockando 12-year-old,,,,W000770,ancnoc 12yo,72.0,,REJECT_LOW_CONFIDENCE,score_lt_86,,true
29d1ee4526ef41803be9a966,Knockando 12-year-old,,,,W000770,ancnoc 12yo,72.0,,REJECT_LOW_CONFIDENCE,score_lt_86,,true
919ad52ff4789fad3412aa5e,Knockando 12-year-old,,,,W000770,ancnoc 12yo,72.0,,REJECT_LOW_CONFIDENCE,score_lt_86,,true
898cd7d356ba129525c8fd17,Knockando 12-year-old,,,,W000770,ancnoc 12yo,72.0,,REJECT_LOW_CONFIDENCE,score_lt_86,,true
c489ac50206f01b0f63eb998,Knockando 12-year-old,,,,W000770,ancnoc 12yo,72.0,,REJECT_LOW_CONFIDENCE,score_lt_86,,true
f6fbb78f5f7ab8423e0dba7f,Knockando 12-year-old,,,,W000770,ancnoc 12yo,72.0,,REJECT_LOW_CONFIDENCE,score_lt_86,,true
f66c0da05041c1da071ea356,Knockando 12-year-old,,,,W000770,ancnoc 12yo,72.0,,REJECT_LOW_CONFIDENCE,score_lt_86,,true
c7a52d481d2aa9d351dcae54,Knockando 1994  Master Reserve,,,,W000834,arran malt lochranza reserve,59.65,,REJECT_LOW_CONFIDENCE,score_lt_86,,true
7b3e1a4703a308a672ec650e,Knockando 1994  Master Reserve,,,,W000834,arran malt lochranza reserve,59.65,,REJECT_LOW_CONFIDENCE,score_lt_86,,true
692d6caceef3b21e3480e53d,Knockando 1994  Master Reserve,,,1990,W000834,arran malt lochranza reserve,59.65,,REJECT_LOW_CONFIDENCE,score_lt_86,,true
f76f471606f753e2cc9c8afd,Knockando 1994  Master Reserve,,,1994,W000834,arran malt lochranza reserve,59.65,,REJECT_LOW_CONFIDENCE,score_lt_86,,true
db54f2f8f9221697a6e4b5ce,Knockando 1994  Master Reserve,,,,W000834,arran malt lochranza reserve,59.65,,REJECT_LOW_CONFIDENCE,score_lt_86,,true
95fe6dcedd39f726bd3ccad6,Knockando 1994  Master Reserve,,,,W000834,arran malt lochranza reserve,59.65,,REJECT_LOW_CONFIDENCE,score_lt_86,,true
5f4f39ce740004452ab9be1d,Knockando 1994  Master Reserve,,,,W000834,arran malt lochranza reserve,59.65,,REJECT_LOW_CONFIDENCE,score_lt_86,,true
c0b40b70541c18735760d799,Knockando 1994  Master Reserve,,,,W000834,arran malt lochranza reserve,59.65,,REJECT_LOW_CONFIDENCE,score_lt_86,,true
e3c16a7dded6c85de33c51f6,Lagavulin 08-year-old,,,,W001160,lagavulin 8yo,96.3,,KEEP_PRODUCT_FEATURE,score_gte_94_no_conflict,,true
4ff399a2255d2b313f483019,Lagavulin 08-year-old,,,2018,W001160,lagavulin 8yo,96.3,,KEEP_PRODUCT_FEATURE,score_gte_94_no_conflict,,true
f5b28cfabb46187527e2fe8b,Lagavulin 08-year-old,,,,W001160,lagavulin 8yo,96.3,,KEEP_PRODUCT_FEATURE,score_gte_94_no_conflict,,true
6939c28cdb930e6686fb6332,Lagavulin 08-year-old,,,,W001160,lagavulin 8yo,96.3,,KEEP_PRODUCT_FEATURE,score_gte_94_no_conflict,,true
06564fbc1a6ceb2ee8796b19,Lagavulin 08-year-old,,,,W001160,lagavulin 8yo,96.3,,KEEP_PRODUCT_FEATURE,score_gte_94_no_conflict,,true
43f27cf5a1aa22660575899d,Lagavulin 08-year-old,,,,W001160,lagavulin 8yo,96.3,,KEEP_PRODUCT_FEATURE,score_gte_94_no_conflict,,true
cb3d4e82bbee9c573cfa17d0,Lagavulin 08-year-old,,,,W001160,lagavulin 8yo,96.3,,KEEP_PRODUCT_FEATURE,score_gte_94_no_conflict,,true
56a0b755ec06eb7b64cf8dc4,Lagavulin 10-year-old  Islay Single Malt Scotch Whisky,,,,W000799,kavalan single malt whisky,63.89,,REJECT_LOW_CONFIDENCE,score_lt_86,,true
60f2467deb60ce8151c9e301,Lagavulin 10-year-old  Islay Single Malt Scotch Whisky,,,,W000799,kavalan single malt whisky,63.89,,REJECT_LOW_CONFIDENCE,score_lt_86,,true
af3a63319afc6a80dd77fb94,Lagavulin 10-year-old  Islay Single Malt Scotch Whisky,,,,W000799,kavalan single malt whisky,63.89,,REJECT_LOW_CONFIDENCE,score_lt_86,,true
9e2fad992e88d3a057cfa3f6,Lagavulin 10-year-old  Islay Single Malt Scotch Whisky,,,,W000799,kavalan single malt whisky,63.89,,REJECT_LOW_CONFIDENCE,score_lt_86,,true
8eb58154ed0889fd1c118a4e,Lagavulin 10-year-old  Islay Single Malt Scotch Whisky,,,,W000799,kavalan single malt whisky,63.89,,REJECT_LOW_CONFIDENCE,score_lt_86,,true
e6698ff3660c1378b8cc9859,Lagavulin 10-year-old  Islay Single Malt Scotch Whisky,,,,W000799,kavalan single malt whisky,63.89,,REJECT_LOW_CONFIDENCE,score_lt_86,,true
8923bc45a239ec09c6c57457,Lagavulin 10-year-old  Islay Single Malt Scotch Whisky,,,,W000799,kavalan single malt whisky,63.89,,REJECT_LOW_CONFIDENCE,score_lt_86,,true
1aa0e60bc31e307b0181fb5d,Lagavulin 10-year-old  Islay Single Malt Scotch Whisky,,,,W000799,kavalan single malt whisky,63.89,,REJECT_LOW_CONFIDENCE,score_lt_86,,true
6652748e55f096de2ced7e8f,Lagavulin 10-year-old  Islay Single Malt Scotch Whisky,,,,W000799,kavalan single malt whisky,63.89,,REJECT_LOW_CONFIDENCE,score_lt_86,,true
475bab2ab89279164a4708cb,Lagavulin 16-year-old  Islay Single Malt Scotch Whisky,,,,W000799,kavalan single malt whisky,63.89,,REJECT_LOW_CONFIDENCE,score_lt_86,,true
b14453a3d2c7f4aacd269c00,Lagavulin 16-year-old  Islay Single Malt Scotch Whisky,,,1960,W000799,kavalan single malt whisky,63.89,,REJECT_LOW_CONFIDENCE,score_lt_86,,true
71bf83d5262ac5380f101bf4,Lagavulin 16-year-old  Islay Single Malt Scotch Whisky,,,,W000799,kavalan single malt whisky,63.89,,REJECT_LOW_CONFIDENCE,score_lt_86,,true
97fe815707226f176c417639,Lagavulin 16-year-old  Islay Single Malt Scotch Whisky,,,,W000799,kavalan single malt whisky,63.89,,REJECT_LOW_CONFIDENCE,score_lt_86,,true
5ff1b6682653166ae7c263a9,Lagavulin 16-year-old  Islay Single Malt Scotch Whisky,,,,W000799,kavalan single malt whisky,63.89,,REJECT_LOW_CONFIDENCE,score_lt_86,,true
a109674102f95ee98f4c7d9a,Lagavulin 16-year-old  Islay Single Malt Scotch Whisky,,,,W000799,kavalan single malt whisky,63.89,,REJECT_LOW_CONFIDENCE,score_lt_86,,true
f9e2a6b2aebd944a678d27fd,Lagavulin 16-year-old  Islay Single Malt Scotch Whisky,,,,W000799,kavalan single malt whisky,63.89,,REJECT_LOW_CONFIDENCE,score_lt_86,,true
6f4338cb6368771805763478,Lagavulin 16-year-old  Islay Single Malt Scotch Whisky,,,,W000799,kavalan single malt whisky,63.89,,REJECT_LOW_CONFIDENCE,score_lt_86,,true
a9623ea744b9cedc893c9fe8,Lagavulin 16-year-old  Islay Single Malt Scotch Whisky,,,,W000799,kavalan single malt whisky,63.89,,REJECT_LOW_CONFIDENCE,score_lt_86,,true
1e266a07e1c818d299db26a0,Lagavulin 16-year-old  Islay Single Malt Scotch Whisky,,,,W000799,kavalan single malt whisky,63.89,,REJECT_LOW_CONFIDENCE,score_lt_86,,true
8bbfb6bac86dc2976c9d9b7d,Laphroaig 10-year-old,,,,W001177,laphroaig 10yo,100.0,,KEEP_PRODUCT_FEATURE,score_gte_94_no_conflict,,true
254560e52cfe005f605fdc43,Laphroaig 10-year-old,,,,W001177,laphroaig 10yo,100.0,,KEEP_PRODUCT_FEATURE,score_gte_94_no_conflict,,true
693bbd1375e8d000f0238dd7,Laphroaig 10-year-old,,,,W001177,laphroaig 10yo,100.0,,KEEP_PRODUCT_FEATURE,score_gte_94_no_conflict,,true
0e6d6a60b9700f9eea0b4361,Laphroaig 10-year-old,,,,W001177,laphroaig 10yo,100.0,,KEEP_PRODUCT_FEATURE,score_gte_94_no_conflict,,true
5926c475642743e074283f86,Laphroaig 10-year-old,,,,W001177,laphroaig 10yo,100.0,,KEEP_PRODUCT_FEATURE,score_gte_94_no_conflict,,true
98d0412cfbdb330ff82b98e9,Laphroaig 10-year-old,,,,W001177,laphroaig 10yo,100.0,,KEEP_PRODUCT_FEATURE,score_gte_94_no_conflict,,true
18d5e0e4b14f66bce254c84c,Laphroaig 10-year-old,,,,W001177,laphroaig 10yo,100.0,,KEEP_PRODUCT_FEATURE,score_gte_94_no_conflict,,true
3bf0e7bd57a77a9a56577f82,Laphroaig 10-year-old,,,,W001177,laphroaig 10yo,100.0,,KEEP_PRODUCT_FEATURE,score_gte_94_no_conflict,,true
21de51d15536677e7e355823,Laphroaig 10-year-old,,,,W001177,laphroaig 10yo,100.0,,KEEP_PRODUCT_FEATURE,score_gte_94_no_conflict,,true
c38f465d81716746d5bcd536,Laphroaig 10-year-old,,,,W001177,laphroaig 10yo,100.0,,KEEP_PRODUCT_FEATURE,score_gte_94_no_conflict,,true
595ac032e5bbe5da93b94baf,Laphroaig An Cuan Mòr,,,,W001166,laphroaig an cuan mor,95.24,,KEEP_PRODUCT_FEATURE,score_gte_94_no_conflict,,true
bba14b2e457cab6f4f463f7b,Laphroaig An Cuan Mòr,,,,W001166,laphroaig an cuan mor,95.24,,KEEP_PRODUCT_FEATURE,score_gte_94_no_conflict,,true
cd3dea347a60089782c64318,Laphroaig An Cuan Mòr,,,,W001166,laphroaig an cuan mor,95.24,,KEEP_PRODUCT_FEATURE,score_gte_94_no_conflict,,true
b4bdbcd1b55dbff4c2d54632,Laphroaig An Cuan Mòr,,,,W001166,laphroaig an cuan mor,95.24,,KEEP_PRODUCT_FEATURE,score_gte_94_no_conflict,,true
57310d358a3074cb6c1389f9,Laphroaig An Cuan Mòr,,,,W001166,laphroaig an cuan mor,95.24,,KEEP_PRODUCT_FEATURE,score_gte_94_no_conflict,,true
cc46df791c20bd891acddb76,Laphroaig An Cuan Mòr,,,,W001166,laphroaig an cuan mor,95.24,,KEEP_PRODUCT_FEATURE,score_gte_94_no_conflict,,true
32bb15e6de848e105ee16b5a,Laphroaig An Cuan Mòr,,,,W001166,laphroaig an cuan mor,95.24,,KEEP_PRODUCT_FEATURE,score_gte_94_no_conflict,,true
f15376f00fe4623d96fe6694,Laphroaig An Cuan Mòr,,,,W001166,laphroaig an cuan mor,95.24,,KEEP_PRODUCT_FEATURE,score_gte_94_no_conflict,,true
d7a5d4c1b2284f467b4d72cf,Laphroaig An Cuan Mòr,,,,W001166,laphroaig an cuan mor,95.24,,KEEP_PRODUCT_FEATURE,score_gte_94_no_conflict,,true
1a74565285b25524379e4ce7,Laphroaig An Cuan Mòr,,,,W001166,laphroaig an cuan mor,95.24,,KEEP_PRODUCT_FEATURE,score_gte_94_no_conflict,,true
517112820eb6308d9a89e601,Laphroaig Four Oak,,,,W000040,laphroaig 25yo,68.75,,REJECT_LOW_CONFIDENCE,score_lt_86,,true
ca0c9804733e31414ab06d4f,Laphroaig Four Oak,,,,W000040,laphroaig 25yo,68.75,,REJECT_LOW_CONFIDENCE,score_lt_86,,true
6d651f1164f2a141d3bea599,Laphroaig Four Oak,,,,W000040,laphroaig 25yo,68.75,,REJECT_LOW_CONFIDENCE,score_lt_86,,true
659bdf57ac9b178aa8219253,Laphroaig Four Oak,,,,W000040,laphroaig 25yo,68.75,,REJECT_LOW_CONFIDENCE,score_lt_86,,true
ce0c62cf9d9525eea5121d39,Laphroaig Four Oak,,,,W000040,laphroaig 25yo,68.75,,REJECT_LOW_CONFIDENCE,score_lt_86,,true
0c08e8d20d7884b3c79cb07b,Laphroaig Four Oak,,,,W000040,laphroaig 25yo,68.75,,REJECT_LOW_CONFIDENCE,score_lt_86,,true
126c3db3d1e9f82940a97309,Laphroaig Four Oak,,,,W000040,laphroaig 25yo,68.75,,REJECT_LOW_CONFIDENCE,score_lt_86,,true
412ef1b5f9dcf53e9c40a63a,Laphroaig Four Oak,,,,W000040,laphroaig 25yo,68.75,,REJECT_LOW_CONFIDENCE,score_lt_86,,true
7308456095098e7767998f45,Laphroaig Lore,,,,W001206,laphroaig lore,100.0,,KEEP_PRODUCT_FEATURE,score_gte_94_no_conflict,,true
dcdab352d9e915c743486052,Laphroaig Lore,,,,W001206,laphroaig lore,100.0,,KEEP_PRODUCT_FEATURE,score_gte_94_no_conflict,,true
796bb30fd81d81f934f7b261,Laphroaig Lore,,,,W001206,laphroaig lore,100.0,,KEEP_PRODUCT_FEATURE,score_gte_94_no_conflict,,true
6ea378b6db5d36fedae06dde,Laphroaig Lore,,,2016,W001206,laphroaig lore,100.0,,KEEP_PRODUCT_FEATURE,score_gte_94_no_conflict,,true
4d0897510f095cc433835649,Laphroaig Lore,,,,W001206,laphroaig lore,100.0,,KEEP_PRODUCT_FEATURE,score_gte_94_no_conflict,,true
05ce08398c9d6b9871840fcd,Laphroaig Lore,,,,W001206,laphroaig lore,100.0,,KEEP_PRODUCT_FEATURE,score_gte_94_no_conflict,,true
8ae0e04b456b23cf569a3106,Laphroaig Lore,,,,W001206,laphroaig lore,100.0,,KEEP_PRODUCT_FEATURE,score_gte_94_no_conflict,,true
52bbb6e9ecd03bfbe46c8b68,Laphroaig Lore,,,,W001206,laphroaig lore,100.0,,KEEP_PRODUCT_FEATURE,score_gte_94_no_conflict,,true
e1409784f6416c8e66d67fa1,Laphroaig Lore,,,,W001206,laphroaig lore,100.0,,KEEP_PRODUCT_FEATURE,score_gte_94_no_conflict,,true
b8e0758dccedc330a9ae80bb,Laphroaig PX Cask,,,2017,W001224,laphroaig qa cask,88.24,,REVIEW_PRODUCT_FEATURE,score_86_93_no_conflict,,true
9ed2c0715e91022168d17ff8,Laphroaig PX Cask,,,,W001224,laphroaig qa cask,88.24,,REVIEW_PRODUCT_FEATURE,score_86_93_no_conflict,,true
56ffdb256786cd3aba9dd596,Laphroaig PX Cask,,,,W001224,laphroaig qa cask,88.24,,REVIEW_PRODUCT_FEATURE,score_86_93_no_conflict,,true
7686b662123a96d0c8435ad7,Laphroaig PX Cask,,,,W001224,laphroaig qa cask,88.24,,REVIEW_PRODUCT_FEATURE,score_86_93_no_conflict,,true
da6f1ef3c5da1a89a329de67,Laphroaig PX Cask,,,,W001224,laphroaig qa cask,88.24,,REVIEW_PRODUCT_FEATURE,score_86_93_no_conflict,,true
e5297f0b76e1a0f0e060b2fd,Laphroaig PX Cask,,,,W001224,laphroaig qa cask,88.24,,REVIEW_PRODUCT_FEATURE,score_86_93_no_conflict,,true
23754ca97ca6694bfb2653bf,Laphroaig PX Cask,,,,W001224,laphroaig qa cask,88.24,,REVIEW_PRODUCT_FEATURE,score_86_93_no_conflict,,true
f4e622cef769828b9aeecf26,Laphroaig PX Cask,,,,W001224,laphroaig qa cask,88.24,,REVIEW_PRODUCT_FEATURE,score_86_93_no_conflict,,true
384022589d491034361bd9ad,Laphroaig Quarter Cask,,,,W001138,laphroaig quarter cask,100.0,,KEEP_PRODUCT_FEATURE,score_gte_94_no_conflict,,true
7928166abc986b0f46c8cbc7,Laphroaig Quarter Cask,,,,W001138,laphroaig quarter cask,100.0,,KEEP_PRODUCT_FEATURE,score_gte_94_no_conflict,,true
aec422a9d5a575ba52063d76,Laphroaig Quarter Cask,,,,W001138,laphroaig quarter cask,100.0,,KEEP_PRODUCT_FEATURE,score_gte_94_no_conflict,,true
60847e9e1f42d1bb64097bfe,Laphroaig Quarter Cask,,,,W001138,laphroaig quarter cask,100.0,,KEEP_PRODUCT_FEATURE,score_gte_94_no_conflict,,true
fcb95627d32623db69accb75,Laphroaig Quarter Cask,,,,W001138,laphroaig quarter cask,100.0,,KEEP_PRODUCT_FEATURE,score_gte_94_no_conflict,,true
f39612d35578195edb083d38,Laphroaig Quarter Cask,,,,W001138,laphroaig quarter cask,100.0,,KEEP_PRODUCT_FEATURE,score_gte_94_no_conflict,,true
ed8d1fa0d0f84146bfcbdb01,Laphroaig Quarter Cask,,,,W001138,laphroaig quarter cask,100.0,,KEEP_PRODUCT_FEATURE,score_gte_94_no_conflict,,true
86e4db071394f0ac263eef21,Laphroaig Quarter Cask,,,,W001138,laphroaig quarter cask,100.0,,KEEP_PRODUCT_FEATURE,score_gte_94_no_conflict,,true
4aeee882962409dadbccfa9f,Laphroaig Select,,,,W000368,laphroaig select,100.0,,KEEP_PRODUCT_FEATURE,score_gte_94_no_conflict,,true
422b672a6034b68e161e9abb,Laphroaig Select,,,,W000368,laphroaig select,100.0,,KEEP_PRODUCT_FEATURE,score_gte_94_no_conflict,,true
28f9a279982e836e4ea00f4b,Laphroaig Select,,,,W000368,laphroaig select,100.0,,KEEP_PRODUCT_FEATURE,score_gte_94_no_conflict,,true
a3d63e32fbd170ebe714711d,Laphroaig Select,,,,W000368,laphroaig select,100.0,,KEEP_PRODUCT_FEATURE,score_gte_94_no_conflict,,true
629226788d9fd18b925e4a06,Laphroaig Select,,,,W000368,laphroaig select,100.0,,KEEP_PRODUCT_FEATURE,score_gte_94_no_conflict,,true
348a467c77c3bcfd2690d5c9,Laphroaig Select,,,,W000368,laphroaig select,100.0,,KEEP_PRODUCT_FEATURE,score_gte_94_no_conflict,,true
4f561a745ca40255b4447002,Laphroaig Select,,,,W000368,laphroaig select,100.0,,KEEP_PRODUCT_FEATURE,score_gte_94_no_conflict,,true
6e63593914defc268aaa8c07,Laphroaig Triple Wood,,,,W001210,laphroaig triple wood,100.0,,KEEP_PRODUCT_FEATURE,score_gte_94_no_conflict,,true
b554209ecee92facbfae1b5a,Laphroaig Triple Wood,,,,W001210,laphroaig triple wood,100.0,,KEEP_PRODUCT_FEATURE,score_gte_94_no_conflict,,true
b85c977a526bfebaabe7811f,Laphroaig Triple Wood,,,,W001210,laphroaig triple wood,100.0,,KEEP_PRODUCT_FEATURE,score_gte_94_no_conflict,,true
222214117b9f20c3dc2325a5,Laphroaig Triple Wood,,,,W001210,laphroaig triple wood,100.0,,KEEP_PRODUCT_FEATURE,score_gte_94_no_conflict,,true
acff6ab751a0398a4641a387,Laphroaig Triple Wood,,,,W001210,laphroaig triple wood,100.0,,KEEP_PRODUCT_FEATURE,score_gte_94_no_conflict,,true
e524ea4fc3e54da488dd9b22,Laphroaig Triple Wood,,,,W001210,laphroaig triple wood,100.0,,KEEP_PRODUCT_FEATURE,score_gte_94_no_conflict,,true
ad0317452f7587b357faa513,Laphroaig Triple Wood,,,,W001210,laphroaig triple wood,100.0,,KEEP_PRODUCT_FEATURE,score_gte_94_no_conflict,,true
67bc943e557fe80b041bb535,Laphroaig Triple Wood,,,,W001210,laphroaig triple wood,100.0,,KEEP_PRODUCT_FEATURE,score_gte_94_no_conflict,,true
2e1c29d32e78cec081f82983,Laphroaig Triple Wood,,,,W001210,laphroaig triple wood,100.0,,KEEP_PRODUCT_FEATURE,score_gte_94_no_conflict,,true
551b393033cc7fc428025af7,Linkwood 12-year-old  Flora & Fauna,,,,W000742,linkwood 12yo (f&f),80.95,,REJECT_LOW_CONFIDENCE,score_lt_86,,true
a7af38349280415d92fa325b,Linkwood 12-year-old  Flora & Fauna,,,,W000742,linkwood 12yo (f&f),80.95,,REJECT_LOW_CONFIDENCE,score_lt_86,,true
9b939d19c4897f7aa2ed0a17,Linkwood 12-year-old  Flora & Fauna,,,,W000742,linkwood 12yo (f&f),80.95,,REJECT_LOW_CONFIDENCE,score_lt_86,,true
b82110d2fc9bc212d2dc7a92,Linkwood 12-year-old  Flora & Fauna,,,,W000742,linkwood 12yo (f&f),80.95,,REJECT_LOW_CONFIDENCE,score_lt_86,,true
8ca202b110fd5e9cfd1355a5,Linkwood 12-year-old  Flora & Fauna,,,,W000742,linkwood 12yo (f&f),80.95,,REJECT_LOW_CONFIDENCE,score_lt_86,,true
ab6db1aa6be5312a1554cd1d,Linkwood 12-year-old  Flora & Fauna,,,,W000742,linkwood 12yo (f&f),80.95,,REJECT_LOW_CONFIDENCE,score_lt_86,,true
97de1a2ecef96cfd8d88aa69,Linkwood 12-year-old  Flora & Fauna,,,,W000742,linkwood 12yo (f&f),80.95,,REJECT_LOW_CONFIDENCE,score_lt_86,,true
166382b0c112fe974b28edbd,Linkwood 12-year-old  Flora & Fauna,,,,W000742,linkwood 12yo (f&f),80.95,,REJECT_LOW_CONFIDENCE,score_lt_86,,true
d95af5fc905ec566c4c19e91,Littlemill 05-year-old  100% Pure Malt - Miniature,,,,W000858,bushmills 10yo single malt,52.31,,REJECT_LOW_CONFIDENCE,score_lt_86,,true
9885bacde2d1879cd3854935,Littlemill 05-year-old  100% Pure Malt,,,,W000858,bushmills 10yo single malt,54.55,,REJECT_LOW_CONFIDENCE,score_lt_86,,true
31f7d5e35d5e572352989bbd,Littlemill 05-year-old  100% Pure Malt,,,1975,W000858,bushmills 10yo single malt,54.55,,REJECT_LOW_CONFIDENCE,score_lt_86,,true
0a5ee17939802ec5de9a9db2,Littlemill 05-year-old  100% Malt,,,,W000858,bushmills 10yo single malt,52.0,,REJECT_LOW_CONFIDENCE,score_lt_86,,true
288adf4009029a70d323b586,Littlemill 05-year-old  100% Pure Malt,,,,W000858,bushmills 10yo single malt,54.55,,REJECT_LOW_CONFIDENCE,score_lt_86,,true
6e4d2914ddedeaea03ad4153,Littlemill 05-year-old  100% Pure Malt,,,,W000858,bushmills 10yo single malt,54.55,,REJECT_LOW_CONFIDENCE,score_lt_86,,true
f82683e4e482330fd22ac97b,Littlemill 08-year-old  Single Lowland Malt Scotch Whisky,,,2021,W000860,shelter point artisanal single malt whisky,59.34,,REJECT_LOW_CONFIDENCE,score_lt_86,,true
1b76826035935ce70cc81c5c,Littlemill 08-year-old  Single Lowland Malt Scotch Whisky,,,,W000860,shelter point artisanal single malt whisky,59.34,,REJECT_LOW_CONFIDENCE,score_lt_86,,true
3bd4a97d30c760e255a5e092,Littlemill 08-year-old  Single Lowland Malt Scotch Whisky,,,,W000860,shelter point artisanal single malt whisky,59.34,,REJECT_LOW_CONFIDENCE,score_lt_86,,true
a8b79f8c094e39ef970f1b9a,Littlemill 08-year-old  Single Lowland Malt Scotch Whisky,,,,W000860,shelter point artisanal single malt whisky,59.34,,REJECT_LOW_CONFIDENCE,score_lt_86,,true
3f65126fac559d34da6d880a,Littlemill 08-year-old  Single Lowland Malt Scotch Whisky,,,,W000860,shelter point artisanal single malt whisky,59.34,,REJECT_LOW_CONFIDENCE,score_lt_86,,true
3c3921d77ef83268965638e9,Littlemill 08-year-old  Single Lowland Malt Scotch Whisky,,,,W000860,shelter point artisanal single malt whisky,59.34,,REJECT_LOW_CONFIDENCE,score_lt_86,,true
8ef6d235eea1135dc4b9ff09,Littlemill 08-year-old  100% Malt,,,,W000858,bushmills 10yo single malt,52.0,,REJECT_LOW_CONFIDENCE,score_lt_86,,true
a44b20f3de1d8f22163e48a8,Littlemill 08-year-old  100% Malt,,,,W000858,bushmills 10yo single malt,52.0,,REJECT_LOW_CONFIDENCE,score_lt_86,,true
db3eedb8742751752ff8b1ab,Littlemill 08-year-old  Lowland Single Malt Scotch Whisky,,,1980,W000860,shelter point artisanal single malt whisky,59.34,,REJECT_LOW_CONFIDENCE,score_lt_86,,true
6dced6653db44a892be117eb,Littlemill 08-year-old  Lowland Single Malt Scotch Whisky,,,,W000860,shelter point artisanal single malt whisky,59.34,,REJECT_LOW_CONFIDENCE,score_lt_86,,true
a1a7e035a1e8de2550041f7f,Littlemill 08-year-old  Lowland Single Malt Scotch Whisky,,,,W000860,shelter point artisanal single malt whisky,59.34,,REJECT_LOW_CONFIDENCE,score_lt_86,,true
65e803bba9bd38b2a31bf755,Littlemill 08-year-old  Lowland Single Malt Scotch Whisky,,,,W000860,shelter point artisanal single malt whisky,59.34,,REJECT_LOW_CONFIDENCE,score_lt_86,,true
f2ce8f6a318bb96aaa7a2b46,Littlemill 12-year-old  Lowland Single Malt Scotch Whisky,,,2011,W000860,shelter point artisanal single malt whisky,59.34,,REJECT_LOW_CONFIDENCE,score_lt_86,,true
5b619a7e257c042714cf2a6b,Littlemill 12-year-old  Lowland Single Malt Scotch Whisky,,,,W000860,shelter point artisanal single malt whisky,59.34,,REJECT_LOW_CONFIDENCE,score_lt_86,,true
37f888739c22158bae076d7c,Littlemill 12-year-old  Lowland Single Malt Scotch Whisky,,,2000,W000860,shelter point artisanal single malt whisky,59.34,,REJECT_LOW_CONFIDENCE,score_lt_86,,true
9a727b55ffc26a64eaa59ee7,Littlemill 12-year-old  Lowland Single Malt Scotch Whisky,,,,W000860,shelter point artisanal single malt whisky,59.34,,REJECT_LOW_CONFIDENCE,score_lt_86,,true
8f4223474e14a6bab883252f,Littlemill 12-year-old  Lowland Single Malt Scotch Whisky,,,2002,W000860,shelter point artisanal single malt whisky,59.34,,REJECT_LOW_CONFIDENCE,score_lt_86,,true
a885ddd44dc9598b0abada96,Littlemill 12-year-old  Lowland Single Malt Scotch Whisky,,,,W000860,shelter point artisanal single malt whisky,59.34,,REJECT_LOW_CONFIDENCE,score_lt_86,,true
f8cd7d76cce8be6da4b86d7e,Littlemill 12-year-old  Lowland Single Malt Scotch Whisky,,,2004,W000860,shelter point artisanal single malt whisky,59.34,,REJECT_LOW_CONFIDENCE,score_lt_86,,true
5dffd72589a60e176aacad85,Littlemill 12-year-old  Single Lowland Malt Scotch Whisky - Miniature,,,,W000860,shelter point artisanal single malt whisky,59.41,,REJECT_LOW_CONFIDENCE,score_lt_86,,true
6beb0202b774d66995f79050,Littlemill 12-year-old  100% Single Malt,,,,W000548,bushmills 12yo single malt,73.68,,REJECT_LOW_CONFIDENCE,score_lt_86,,true
e3d5a5b9a2d4e8f38b97b87e,Littlemill 12-year-old  100% Single Malt,,,,W000548,bushmills 12yo single malt,73.68,,REJECT_LOW_CONFIDENCE,score_lt_86,,true
850eae5b1fac811637a803cd,Littlemill 12-year-old  100% Single Malt,,,,W000548,bushmills 12yo single malt,73.68,,REJECT_LOW_CONFIDENCE,score_lt_86,,true
e5dbbea58ec1747f2028863f,Littlemill 12-year-old  100% Single Malt,,,,W000548,bushmills 12yo single malt,73.68,,REJECT_LOW_CONFIDENCE,score_lt_86,,true
3d276c8fe2154f6d5071e0ec,Littlemill 12-year-old  100% Single Malt,,,,W000548,bushmills 12yo single malt,73.68,,REJECT_LOW_CONFIDENCE,score_lt_86,,true
3b857a60b7b63fe31aea84e2,Littlemill 1950  Special Reserve,,,1950,W001283,jameson 12yo special reserve,64.41,,REJECT_LOW_CONFIDENCE,score_lt_86,,true
1d1ba1ca04731749f3c1e414,Littlemill 1975  Dumpy,,,,W000486,strathmill 25yo,50.0,,REJECT_LOW_CONFIDENCE,score_lt_86,,true
176e0f5742f73206160c373f,Littlemill 1975  Dumpy,,,,W000486,strathmill 25yo,50.0,,REJECT_LOW_CONFIDENCE,score_lt_86,,true
7abd0e4b4cb308064f5de0c7,Littlemill 1975  Dumpy,,,,W000486,strathmill 25yo,50.0,,REJECT_LOW_CONFIDENCE,score_lt_86,,true
50246076f0626ce0b8ac8485,Littlemill 1975  Dumpy,,,,W000486,strathmill 25yo,50.0,,REJECT_LOW_CONFIDENCE,score_lt_86,,true
91ac20e511280244659552b7,Littlemill 1990  Private Cellar Edition,,,,W000941,tomatin cu bocan 1989 limited edition,58.67,,REJECT_LOW_CONFIDENCE,score_lt_86,,true
71cf33030151af443b8b1cca,Littlemill 1990  Private Cellar Edition,,,,W000941,tomatin cu bocan 1989 limited edition,58.67,,REJECT_LOW_CONFIDENCE,score_lt_86,,true
b9bec16c1043c0ac9833e963,Littlemill 1990  Private Cellar Edition,,,2017,W000941,tomatin cu bocan 1989 limited edition,58.67,,REJECT_LOW_CONFIDENCE,score_lt_86,,true
f186b1bf593949ea85ffef5a,Littlemill 1990  Private Cellar Edition,,,,W000941,tomatin cu bocan 1989 limited edition,58.67,,REJECT_LOW_CONFIDENCE,score_lt_86,,true
cdb1d38a8066b2d529746ccb,Littlemill 21-year-old  Second Release,,,,W000963,bowmore vault edition second release,60.61,,REJECT_LOW_CONFIDENCE,score_lt_86,,true
5e6bcad8c694f10c6cc4aaab,Littlemill 21-year-old  Second Release,,,2014,W000963,bowmore vault edition second release,60.61,,REJECT_LOW_CONFIDENCE,score_lt_86,,true
318a2b19ac7aaceb96f7931f,Littlemill 21-year-old  Second Release,,,,W000963,bowmore vault edition second release,60.61,,REJECT_LOW_CONFIDENCE,score_lt_86,,true
ae7606afd3a58d0a5a0ca6b6,Littlemill 21-year-old  Second Release,,,2014,W000963,bowmore vault edition second release,60.61,,REJECT_LOW_CONFIDENCE,score_lt_86,,true
7a2cbd98f4a99d6f5745b76e,Littlemill 21-year-old  Second Release,,,,W000963,bowmore vault edition second release,60.61,,REJECT_LOW_CONFIDENCE,score_lt_86,,true
d59a9c891492b7968b1647df,Littlemill 21-year-old  Second Release,,,,W000963,bowmore vault edition second release,60.61,,REJECT_LOW_CONFIDENCE,score_lt_86,,true
d4eee6f9bb301c10fdb9feec,Littlemill 21-year-old  Second Release,,,,W000963,bowmore vault edition second release,60.61,,REJECT_LOW_CONFIDENCE,score_lt_86,,true
64b7673417899dc4e130eb0e,Littlemill 21-year-old  First Release,,,,W000914,port ellen 7th release 28yo,60.71,,REJECT_LOW_CONFIDENCE,score_lt_86,,true
890d66fea886c84076b4b1c0,Littlemill 21-year-old  First Release,,,,W000914,port ellen 7th release 28yo,60.71,,REJECT_LOW_CONFIDENCE,score_lt_86,,true
b5ddb2666d3b81a74c904e93,Littlemill 21-year-old  First Release,,,2014,W000914,port ellen 7th release 28yo,60.71,,REJECT_LOW_CONFIDENCE,score_lt_86,,true
e741cc116d997e34f50f9f9b,Littlemill 21-year-old  First Release,,,1992,W000914,port ellen 7th release 28yo,60.71,,REJECT_LOW_CONFIDENCE,score_lt_86,,true
57b287e952af94a16ad91c9a,Littlemill 21-year-old  First Release,,,,W000914,port ellen 7th release 28yo,60.71,,REJECT_LOW_CONFIDENCE,score_lt_86,,true
968492b9a409218a87a359e1,Littlemill 21-year-old  First Release,,,2013,W000914,port ellen 7th release 28yo,60.71,,REJECT_LOW_CONFIDENCE,score_lt_86,,true
ac8818531d357d96fb8b45b6,Littlemill 21-year-old  First Release,,,,W000914,port ellen 7th release 28yo,60.71,,REJECT_LOW_CONFIDENCE,score_lt_86,,true
e958829dff5e651c8d75076b,Littlemill 25-year-old  Private Cellar Edition,,,,W000238,tomatin cu bocan 2005 limited edition,56.0,,REJECT_LOW_CONFIDENCE,score_lt_86,,true
0b8f5edce4f6ce22e6787a22,Littlemill 25-year-old  Private Cellar Edition,,,2015,W000238,tomatin cu bocan 2005 limited edition,56.0,,REJECT_LOW_CONFIDENCE,score_lt_86,,true
f7463b3449246917615e6413,Littlemill 25-year-old  Private Cellar Edition,,,2015,W000238,tomatin cu bocan 2005 limited edition,56.0,,REJECT_LOW_CONFIDENCE,score_lt_86,,true
bbad336434c5faa77bfe863f,Littlemill 25-year-old  Private Cellar Edition,,,1989,W000238,tomatin cu bocan 2005 limited edition,56.0,,REJECT_LOW_CONFIDENCE,score_lt_86,,true
914df414948b357e02ef17bd,Littlemill 25-year-old  Private Cellar Edition,,,,W000238,tomatin cu bocan 2005 limited edition,56.0,,REJECT_LOW_CONFIDENCE,score_lt_86,,true
d384dcd995ffdc77b6ee0813,Littlemill 29-year-old  Private Cellar Edition #3,,,,W000722,glenmorangie spios private edition no 9,55.7,,REJECT_LOW_CONFIDENCE,score_lt_86,,true
0d66498307ba96b15ce5b1ea,Littlemill 30-year-old,,,1985,W001429,whistlepig 10yo,60.0,,REJECT_LOW_CONFIDENCE,score_lt_86,,true
d5a21dedfa7e60a485bbccab,Littlemill 30-year-old,,,,W001429,whistlepig 10yo,60.0,,REJECT_LOW_CONFIDENCE,score_lt_86,,true
6f9bf0b0c8524d4bd4bb5730,Littlemill 40-year-old  Celestial Edition,,,,W001674,wild turkey 14yo tradition,57.63,,REJECT_LOW_CONFIDENCE,score_lt_86,,true
fec10488def3699e29a2a3b3,Littlemill 40-year-old  Celestial Edition,,,,W001674,wild turkey 14yo tradition,57.63,,REJECT_LOW_CONFIDENCE,score_lt_86,,true
86802a2ba28431cfe28193f5,Littlemill Single Lowland Malt  Miniature,,,1990,W000906,mcclelland's lowland single malt,61.11,,REJECT_LOW_CONFIDENCE,score_lt_86,,true
4196691ca6703a62f2c92e2f,Inchmoan 12-year-old  Island Collection,,,,W000034,tamdhu 30yo (macphail collection 2009),65.67,,REJECT_LOW_CONFIDENCE,score_lt_86,,true
acbbae339149acab7c1531c3,Inchmoan 12-year-old  Island Collection,,,2020,W000034,tamdhu 30yo (macphail collection 2009),65.67,,REJECT_LOW_CONFIDENCE,score_lt_86,,true
78971ae2ff031415011c4dc5,Inchmoan 12-year-old  Island Collection,,,,W000034,tamdhu 30yo (macphail collection 2009),65.67,,REJECT_LOW_CONFIDENCE,score_lt_86,,true
4463c5b7b2242096adba07d5,Inchmoan 12-year-old  Island Collection,,,,W000034,tamdhu 30yo (macphail collection 2009),65.67,,REJECT_LOW_CONFIDENCE,score_lt_86,,true
eb3f390233a1c3b22f3cd632,Inchmoan 12-year-old  Island Collection,,,,W000034,tamdhu 30yo (macphail collection 2009),65.67,,REJECT_LOW_CONFIDENCE,score_lt_86,,true
0e47b39a9c62e28f43e1db50,Inchmoan 12-year-old  Island Collection,,,,W000034,tamdhu 30yo (macphail collection 2009),65.67,,REJECT_LOW_CONFIDENCE,score_lt_86,,true
c74d718da57897d3e4cc1bd2,Inchmoan 12-year-old  Smoke and Spice,,,,W001523,canadian rockies 17yo,60.0,,REJECT_LOW_CONFIDENCE,score_lt_86,,true
701a144c3a779682e1f2585a,Inchmoan 12-year-old  Smoke and Spice,,,2021,W001523,canadian rockies 17yo,60.0,,REJECT_LOW_CONFIDENCE,score_lt_86,,true
e1c05edc17b335b01873eaab,Inchmoan 12-year-old  Smoke and Spice,,,2018,W001523,canadian rockies 17yo,60.0,,REJECT_LOW_CONFIDENCE,score_lt_86,,true
8aa2eed7491e8cd39a2c0697,Inchmoan 12-year-old  Smoke and Spice,,,,W001523,canadian rockies 17yo,60.0,,REJECT_LOW_CONFIDENCE,score_lt_86,,true
4c1edfa7e713834129e8e402,Inchmurrin 12-year-old  Island Collection,,,2017,W000034,tamdhu 30yo (macphail collection 2009),60.87,,REJECT_LOW_CONFIDENCE,score_lt_86,,true
6b0edccb9424e4d7710559bc,Inchmurrin 12-year-old  Island Collection,,,,W000034,tamdhu 30yo (macphail collection 2009),60.87,,REJECT_LOW_CONFIDENCE,score_lt_86,,true
fc61eb8938919913241722a2,Inchmurrin 12-year-old  Island Collection,,,,W000034,tamdhu 30yo (macphail collection 2009),60.87,,REJECT_LOW_CONFIDENCE,score_lt_86,,true
ba6671b75d95baec0f12a482,Inchmurrin 12-year-old  Island Collection,,,,W000034,tamdhu 30yo (macphail collection 2009),60.87,,REJECT_LOW_CONFIDENCE,score_lt_86,,true
35642a7ebfc4093f8e9b14cb,Inchmurrin 12-year-old  Island Collection,,,,W000034,tamdhu 30yo (macphail collection 2009),60.87,,REJECT_LOW_CONFIDENCE,score_lt_86,,true
464cc48ae0b6e01daec1e645,Inchmurrin 12-year-old  Island Collection,,,,W000034,tamdhu 30yo (macphail collection 2009),60.87,,REJECT_LOW_CONFIDENCE,score_lt_86,,true
fa0634e63636e090c5df6cf2,Inchmurrin 12-year-old  Island Collection,,,,W000034,tamdhu 30yo (macphail collection 2009),60.87,,REJECT_LOW_CONFIDENCE,score_lt_86,,true
6ca2fea94f1fdf0051b7633e,Inchmurrin 18-year-old  Island Collection,,,,W000034,tamdhu 30yo (macphail collection 2009),57.97,,REJECT_LOW_CONFIDENCE,score_lt_86,,true
313f806c64d0b5126774826c,Inchmurrin 18-year-old  Island Collection,,,,W000034,tamdhu 30yo (macphail collection 2009),57.97,,REJECT_LOW_CONFIDENCE,score_lt_86,,true
277212d2ee34caa5e6502c0e,Inchmurrin 18-year-old  Island Collection,,,,W000034,tamdhu 30yo (macphail collection 2009),57.97,,REJECT_LOW_CONFIDENCE,score_lt_86,,true
8e2b0242fae3d0f15281c94f,Inchmurrin 18-year-old  Island Collection,,,,W000034,tamdhu 30yo (macphail collection 2009),57.97,,REJECT_LOW_CONFIDENCE,score_lt_86,,true
f24dc20379b8cfc813b86fc5,Inchmurrin 18-year-old  Island Collection,,,,W000034,tamdhu 30yo (macphail collection 2009),57.97,,REJECT_LOW_CONFIDENCE,score_lt_86,,true
1fdde10884ce58e075c545b6,Inchmurrin 18-year-old  Island Collection,,,,W000034,tamdhu 30yo (macphail collection 2009),57.97,,REJECT_LOW_CONFIDENCE,score_lt_86,,true
0bc5c73cf66e13d9b8ad5805,Inchmurrin 18-year-old  Island Collection,,,,W000034,tamdhu 30yo (macphail collection 2009),57.97,,REJECT_LOW_CONFIDENCE,score_lt_86,,true
8a0e2383f19902b75704e0d0,Inchmurrin 18-year-old  Island Collection,,,,W000034,tamdhu 30yo (macphail collection 2009),57.97,,REJECT_LOW_CONFIDENCE,score_lt_86,,true
37677155e35d8b062dcbe529,Inchmurrin 18-year-old  Island Collection,,,,W000034,tamdhu 30yo (macphail collection 2009),57.97,,REJECT_LOW_CONFIDENCE,score_lt_86,,true
bc4d46806943dbb4f270d78e,Loch Lomond 12-year-old  Single Malt Scotch Whisky,,,,W000799,kavalan single malt whisky,61.76,,REJECT_LOW_CONFIDENCE,score_lt_86,,true
31aed232cd4be12474f5d79b,Loch Lomond 12-year-old  Single Malt Scotch Whisky,,,,W000799,kavalan single malt whisky,61.76,,REJECT_LOW_CONFIDENCE,score_lt_86,,true
3df24f4ea95d65dda2d319af,Loch Lomond 12-year-old  Single Malt Scotch Whisky,,,2017,W000799,kavalan single malt whisky,61.76,,REJECT_LOW_CONFIDENCE,score_lt_86,,true
2118599bbecb0df42f93b391,Loch Lomond 12-year-old  Single Malt Scotch Whisky,,,,W000799,kavalan single malt whisky,61.76,,REJECT_LOW_CONFIDENCE,score_lt_86,,true
ef4c894bfeb8585488801bfc,Loch Lomond 12-year-old  Single Malt Scotch Whisky,,,,W000799,kavalan single malt whisky,61.76,,REJECT_LOW_CONFIDENCE,score_lt_86,,true
0b48d0ae7c62cd9f4fa79795,Loch Lomond 12-year-old  Single Malt Scotch Whisky,,,,W000799,kavalan single malt whisky,61.76,,REJECT_LOW_CONFIDENCE,score_lt_86,,true
8e70a4f9f8226cf78e07cf56,Loch Lomond 12-year-old  Single Malt Scotch Whisky,,,,W000799,kavalan single malt whisky,61.76,,REJECT_LOW_CONFIDENCE,score_lt_86,,true
84af10e07d3bcab449336fcc,Loch Lomond 12-year-old  Single Malt Scotch Whisky,,,,W000799,kavalan single malt whisky,61.76,,REJECT_LOW_CONFIDENCE,score_lt_86,,true
f08211b41771097697c8d1e1,Loch Lomond 14-year-old,,,,W000900,loch lomond nas,70.97,,REJECT_LOW_CONFIDENCE,score_lt_86,,true
c8e751119f0b9d06b4213674,Loch Lomond 14-year-old,,,,W000900,loch lomond nas,70.97,,REJECT_LOW_CONFIDENCE,score_lt_86,,true
15f4d39bc04bb6f578a80716,Loch Lomond 14-year-old,,,,W000900,loch lomond nas,70.97,,REJECT_LOW_CONFIDENCE,score_lt_86,,true
16bd1438664d0d65d6c073d6,Loch Lomond 14-year-old,,,,W000900,loch lomond nas,70.97,,REJECT_LOW_CONFIDENCE,score_lt_86,,true
b900e89961b588931d1edb22,Loch Lomond 14-year-old,,,,W000900,loch lomond nas,70.97,,REJECT_LOW_CONFIDENCE,score_lt_86,,true
c60f9355e32830d144e7eae9,Loch Lomond 14-year-old,,,,W000900,loch lomond nas,70.97,,REJECT_LOW_CONFIDENCE,score_lt_86,,true
f6eef6cb7fc11959720b762b,Loch Lomond 14-year-old,,,,W000900,loch lomond nas,70.97,,REJECT_LOW_CONFIDENCE,score_lt_86,,true
8aea3a6fc92763c78b185bc8,Loch Lomond 14-year-old,,,,W000900,loch lomond nas,70.97,,REJECT_LOW_CONFIDENCE,score_lt_86,,true
cc3d96815d900fa0aa645f00,Loch Lomond 18-year-old  Fruit and Spice,,,,W000900,loch lomond nas,55.32,,REJECT_LOW_CONFIDENCE,score_lt_86,,true
cd1020bdb50135c17e4bd1c6,Loch Lomond 18-year-old  Fruit and Spice,,,2021,W000900,loch lomond nas,55.32,,REJECT_LOW_CONFIDENCE,score_lt_86,,true
08536784c0d106485e572f95,Loch Lomond 18-year-old  Fruit and Spice,,,,W000900,loch lomond nas,55.32,,REJECT_LOW_CONFIDENCE,score_lt_86,,true
71758d57472ea86c1fedf98e,Loch Lomond 18-year-old  Fruit and Spice,,,,W000900,loch lomond nas,55.32,,REJECT_LOW_CONFIDENCE,score_lt_86,,true
68ba07b2da7664f31d4186c6,Loch Lomond 18-year-old  Fruit and Spice,,,,W000900,loch lomond nas,55.32,,REJECT_LOW_CONFIDENCE,score_lt_86,,true
ca64f765cab349e99dcbe896,Loch Lomond 18-year-old  Fruit and Spice,,,2020,W000900,loch lomond nas,55.32,,REJECT_LOW_CONFIDENCE,score_lt_86,,true
bae5808d843257644cabb775,Loch Lomond 18-year-old  Fruit and Spice,,,,W000900,loch lomond nas,55.32,,REJECT_LOW_CONFIDENCE,score_lt_86,,true
fdd8e49dfcad8a86c47a03df,Loch Lomond 18-year-old  Fruit and Spice,,,,W000900,loch lomond nas,55.32,,REJECT_LOW_CONFIDENCE,score_lt_86,,true
867b9a57e97c8c7d94d415e8,Loch Lomond 18-year-old  Fruit and Spice,,,,W000900,loch lomond nas,55.32,,REJECT_LOW_CONFIDENCE,score_lt_86,,true
b4b33f563547bebe570bce3e,Loch Lomond 18-year-old  Single Malt Scotch Whisky,,,,W000799,kavalan single malt whisky,61.76,,REJECT_LOW_CONFIDENCE,score_lt_86,,true
1041f0541e5aa105521dac54,Loch Lomond 18-year-old  Single Malt Scotch Whisky,,,,W000799,kavalan single malt whisky,61.76,,REJECT_LOW_CONFIDENCE,score_lt_86,,true
4c4786a89e2f43c08c9ca87a,Loch Lomond 18-year-old  Single Malt Scotch Whisky,,,,W000799,kavalan single malt whisky,61.76,,REJECT_LOW_CONFIDENCE,score_lt_86,,true
dd84286f489bc03f20fb7bb4,Loch Lomond 18-year-old  Single Malt Scotch Whisky,,,,W000799,kavalan single malt whisky,61.76,,REJECT_LOW_CONFIDENCE,score_lt_86,,true
933fe41b3d5a63205068778e,Loch Lomond 18-year-old  Single Malt Scotch Whisky,,,2017,W000799,kavalan single malt whisky,61.76,,REJECT_LOW_CONFIDENCE,score_lt_86,,true
adcd3dcb19892dd1f6068f5e,Loch Lomond 18-year-old  Single Malt Scotch Whisky,,,,W000799,kavalan single malt whisky,61.76,,REJECT_LOW_CONFIDENCE,score_lt_86,,true
c89c2f579381f860ba5f3840,Loch Lomond 18-year-old  Single Malt Scotch Whisky,,,,W000799,kavalan single malt whisky,61.76,,REJECT_LOW_CONFIDENCE,score_lt_86,,true
18d1ea85ef23c7392fcdf382,Loch Lomond Original,,,,W000900,loch lomond nas,80.0,,REJECT_LOW_CONFIDENCE,score_lt_86,,true
e91620533c5efcae1600b01b,Loch Lomond Original,,,,W000900,loch lomond nas,80.0,,REJECT_LOW_CONFIDENCE,score_lt_86,,true
de1590a52a65a0227e4a25d5,Loch Lomond Original,,,,W000900,loch lomond nas,80.0,,REJECT_LOW_CONFIDENCE,score_lt_86,,true
a2c00cececfca4d6442fcf02,Loch Lomond Original,,,,W000900,loch lomond nas,80.0,,REJECT_LOW_CONFIDENCE,score_lt_86,,true
28ab531942ae7ae24ecb8a4d,Loch Lomond Original,,,2017,W000900,loch lomond nas,80.0,,REJECT_LOW_CONFIDENCE,score_lt_86,,true
3b3b7a4be7e040cadb8f277f,Loch Lomond Signature  Blended Scotch Whisky,,,2017,W001274,jameson blender's dog irish whiskey,56.41,,REJECT_LOW_CONFIDENCE,score_lt_86,,true
1f7f47d604d8e1574034972c,Loch Lomond Signature  Blended Scotch Whisky,,,,W001274,jameson blender's dog irish whiskey,56.41,,REJECT_LOW_CONFIDENCE,score_lt_86,,true
b8a27cae95c9825ab55caf41,Loch Lomond Signature  Blended Scotch Whisky,,,,W001274,jameson blender's dog irish whiskey,56.41,,REJECT_LOW_CONFIDENCE,score_lt_86,,true
c4f24bba10fd3238e33fadcd,Loch Lomond Signature  Blended Scotch Whisky,,,2019,W001274,jameson blender's dog irish whiskey,56.41,,REJECT_LOW_CONFIDENCE,score_lt_86,,true
17daa90351c7c699c3e21cef,Loch Lomond Signature  Blended Scotch Whisky,,,2021,W001274,jameson blender's dog irish whiskey,56.41,,REJECT_LOW_CONFIDENCE,score_lt_86,,true
19778a7d1f301b9e498b091c,Loch Lomond Signature  Blended Scotch Whisky,,,,W001274,jameson blender's dog irish whiskey,56.41,,REJECT_LOW_CONFIDENCE,score_lt_86,,true
4eeb581ecfd5b0baed484b83,Loch Lomond Signature  Blended Scotch Whisky,,,,W001274,jameson blender's dog irish whiskey,56.41,,REJECT_LOW_CONFIDENCE,score_lt_86,,true
a794808dce915f0de309f757,Loch Lomond Single Grain  Peated,,,,W001081,connemara peated single malt,61.02,,REJECT_LOW_CONFIDENCE,score_lt_86,,true
5f1134558631f8697f9e389b,Loch Lomond Single Grain  Peated,,,,W001081,connemara peated single malt,61.02,,REJECT_LOW_CONFIDENCE,score_lt_86,,true
fe9883c7167eb109aee33f31,Loch Lomond Single Grain  Peated,,,,W001081,connemara peated single malt,61.02,,REJECT_LOW_CONFIDENCE,score_lt_86,,true
71c5ae226b9007cc8aab9e4d,Loch Lomond Single Grain  Peated,,,,W001081,connemara peated single malt,61.02,,REJECT_LOW_CONFIDENCE,score_lt_86,,true
d9a0c7cb0b9f144612d4b599,Loch Lomond Single Grain  Peated,,,,W001081,connemara peated single malt,61.02,,REJECT_LOW_CONFIDENCE,score_lt_86,,true
f1ac4d3c37dcac3ec320d57b,Loch Lomond Single Grain  Peated,,,,W001081,connemara peated single malt,61.02,,REJECT_LOW_CONFIDENCE,score_lt_86,,true
624d81d1502a6c4b7ee60dad,Loch Lomond Single Grain  Peated,,,,W001081,connemara peated single malt,61.02,,REJECT_LOW_CONFIDENCE,score_lt_86,,true
4eb6ab3ea319ff00411ab452,Loch Lomond Single Grain  Peated,,,,W001081,connemara peated single malt,61.02,,REJECT_LOW_CONFIDENCE,score_lt_86,,true
c2305a2566d792ac5d8fa872,Longmorn 16-year-old,,,,W000206,longmorn 16yo,100.0,,KEEP_PRODUCT_FEATURE,score_gte_94_no_conflict,,true
449735ffb8fb0fb79f366d90,Longmorn 16-year-old,,,,W000206,longmorn 16yo,100.0,,KEEP_PRODUCT_FEATURE,score_gte_94_no_conflict,,true
b7828f13cb129173bcf93730,Longmorn 16-year-old,,,,W000206,longmorn 16yo,100.0,,KEEP_PRODUCT_FEATURE,score_gte_94_no_conflict,,true
4cce5a669615853847e521cc,Longmorn 16-year-old,,,,W000206,longmorn 16yo,100.0,,KEEP_PRODUCT_FEATURE,score_gte_94_no_conflict,,true
67f3d5e3cdf86b27e11cb89c,Longmorn 16-year-old,,,,W000206,longmorn 16yo,100.0,,KEEP_PRODUCT_FEATURE,score_gte_94_no_conflict,,true
0619ad9596d998d81c292c98,Longmorn 16-year-old,,,,W000206,longmorn 16yo,100.0,,KEEP_PRODUCT_FEATURE,score_gte_94_no_conflict,,true
40ca99557fe3721c849580f0,Longmorn The Distiller's Choice,,,,W000396,longmorn distiller's choice,93.1,,REJECT_LOW_CONFIDENCE,score_lt_86,,true
13230748d28860142c8ee3c7,Longmorn The Distiller's Choice,,,,W000396,longmorn distiller's choice,93.1,,REJECT_LOW_CONFIDENCE,score_lt_86,,true
67adc7bb1607721bc7066bb1,Longmorn The Distiller's Choice,,,,W000396,longmorn distiller's choice,93.1,,REJECT_LOW_CONFIDENCE,score_lt_86,,true
b71f5f753859082247dab6fa,Longmorn The Distiller's Choice,,,,W000396,longmorn distiller's choice,93.1,,REJECT_LOW_CONFIDENCE,score_lt_86,,true
7c4a6dd8f575d995fb196eed,Longmorn The Distiller's Choice,,,,W000396,longmorn distiller's choice,93.1,,REJECT_LOW_CONFIDENCE,score_lt_86,,true
0a7d68347b3d0ce627413d76,Longmorn The Distiller's Choice,,,,W000396,longmorn distiller's choice,93.1,,REJECT_LOW_CONFIDENCE,score_lt_86,,true
db4dc2e71463bd2381271626,Macallan 10-year-old,,,,W000863,macallan gold,76.92,,REJECT_LOW_CONFIDENCE,score_lt_86,,true
be4554c4b0dca8723ecf873c,Macallan 12-year-old  Double Cask,,,,W000007,macallan 12yo double cask,100.0,,KEEP_PRODUCT_FEATURE,score_gte_94_no_conflict,,true
3174a8e8c5644f4943dfacd1,Macallan 12-year-old  Double Cask,,,,W000007,macallan 12yo double cask,100.0,,KEEP_PRODUCT_FEATURE,score_gte_94_no_conflict,,true
b2397511a69820de71fa5951,Macallan 12-year-old  Double Cask,,,,W000007,macallan 12yo double cask,100.0,,KEEP_PRODUCT_FEATURE,score_gte_94_no_conflict,,true
9843279bc89cd9c8a6d4dd6a,Macallan 12-year-old  Double Cask,,,,W000007,macallan 12yo double cask,100.0,,KEEP_PRODUCT_FEATURE,score_gte_94_no_conflict,,true
9386bb2388d61e0fe3266c91,Macallan 12-year-old  Double Cask,,,,W000007,macallan 12yo double cask,100.0,,KEEP_PRODUCT_FEATURE,score_gte_94_no_conflict,,true
508ccf3a6ab6f8b70baf42b7,Macallan 12-year-old  Double Cask,,,,W000007,macallan 12yo double cask,100.0,,KEEP_PRODUCT_FEATURE,score_gte_94_no_conflict,,true
f12fd2d473b57ae361e91bec,Macallan 12-year-old  Double Cask,,,,W000007,macallan 12yo double cask,100.0,,KEEP_PRODUCT_FEATURE,score_gte_94_no_conflict,,true
139e1c0ca643dd5833c0ed25,Macallan 12-year-old  Sherry Oak Cask,,,,W000289,macallan 12yo sherry oak,90.57,,REVIEW_PRODUCT_FEATURE,score_86_93_no_conflict,,true
9bb1d5dc4466e5dc238a846e,Macallan 12-year-old  Sherry Oak Cask,,,,W000289,macallan 12yo sherry oak,90.57,,REVIEW_PRODUCT_FEATURE,score_86_93_no_conflict,,true
a4fa3c5252b545d93afc285f,Macallan 12-year-old  Sherry Oak Cask,,,,W000289,macallan 12yo sherry oak,90.57,,REVIEW_PRODUCT_FEATURE,score_86_93_no_conflict,,true
3fb99c9bbd122efd8b429369,Macallan 12-year-old  Sherry Oak Cask,,,,W000289,macallan 12yo sherry oak,90.57,,REVIEW_PRODUCT_FEATURE,score_86_93_no_conflict,,true
633b460f2f20c8102507b175,Macallan 12-year-old  Sherry Oak Cask,,,,W000289,macallan 12yo sherry oak,90.57,,REVIEW_PRODUCT_FEATURE,score_86_93_no_conflict,,true
ed878dfd83e48fcfdc5d5820,Macallan 12-year-old  Sherry Oak Cask,,,,W000289,macallan 12yo sherry oak,90.57,,REVIEW_PRODUCT_FEATURE,score_86_93_no_conflict,,true
50b35171d551656898e21c32,Macallan 12-year-old  Sherry Oak Cask,,,,W000289,macallan 12yo sherry oak,90.57,,REVIEW_PRODUCT_FEATURE,score_86_93_no_conflict,,true
fd6e226923f94079a67361bc,Macallan 12-year-old  Triple Cask Matured - Fine Oak,,,,W000794,macallan 12yo fine oak,68.75,,REJECT_LOW_CONFIDENCE,score_lt_86,,true
72e9d08d39ee95dcb0903273,Macallan 12-year-old  Triple Cask Matured - Fine Oak,,,,W000794,macallan 12yo fine oak,68.75,,REJECT_LOW_CONFIDENCE,score_lt_86,,true
0b405f2a1f1ae7b1946e4026,Macallan 12-year-old  Triple Cask Matured - Fine Oak,,,,W000794,macallan 12yo fine oak,68.75,,REJECT_LOW_CONFIDENCE,score_lt_86,,true
6b00f162fae0ad4ece1af43c,Macallan 12-year-old  Triple Cask Matured - Fine Oak,,,,W000794,macallan 12yo fine oak,68.75,,REJECT_LOW_CONFIDENCE,score_lt_86,,true
dba260101e4cc4519f9766e0,Macallan 12-year-old  Triple Cask Matured - Fine Oak,,,,W000794,macallan 12yo fine oak,68.75,,REJECT_LOW_CONFIDENCE,score_lt_86,,true
98b75928767f10b27a4ef310,Macallan 12-year-old  Triple Cask Matured - Fine Oak,,,,W000794,macallan 12yo fine oak,68.75,,REJECT_LOW_CONFIDENCE,score_lt_86,,true
469024ede079b3d43618b796,Macallan 12-year-old  Triple Cask Matured - Fine Oak,,,,W000794,macallan 12yo fine oak,68.75,,REJECT_LOW_CONFIDENCE,score_lt_86,,true
067a3c1cafd58c9a20827986,Macallan 12-year-old  Triple Cask Matured - Fine Oak,,,,W000794,macallan 12yo fine oak,68.75,,REJECT_LOW_CONFIDENCE,score_lt_86,,true
468721fd2313177ee206e607,Macallan 12-year-old  Triple Cask Matured - Fine Oak,,,,W000794,macallan 12yo fine oak,68.75,,REJECT_LOW_CONFIDENCE,score_lt_86,,true
9fb2ca2643d1dbd067626f95,Macallan 15-year-old  Fine Oak - Triple Cask Matured,,,,W000582,macallan 15yo fine oak,68.75,,REJECT_LOW_CONFIDENCE,score_lt_86,,true
37a9512663caf8775fd1013f,Macallan 15-year-old  Fine Oak - Triple Cask Matured,,,,W000582,macallan 15yo fine oak,68.75,,REJECT_LOW_CONFIDENCE,score_lt_86,,true
c431025110078cc3a88119b8,Macallan 15-year-old  Fine Oak - Triple Cask Matured,,,,W000582,macallan 15yo fine oak,68.75,,REJECT_LOW_CONFIDENCE,score_lt_86,,true
d48664d1cfbadb0eb1870570,Macallan 15-year-old  Fine Oak - Triple Cask Matured,,,,W000582,macallan 15yo fine oak,68.75,,REJECT_LOW_CONFIDENCE,score_lt_86,,true
9ad9e8a7ece03d5320e72903,Macallan 15-year-old  Fine Oak - Triple Cask Matured,,,,W000582,macallan 15yo fine oak,68.75,,REJECT_LOW_CONFIDENCE,score_lt_86,,true
ee7a8d2fccf06eaec333139f,Macallan 15-year-old  Fine Oak - Triple Cask Matured,,,,W000582,macallan 15yo fine oak,68.75,,REJECT_LOW_CONFIDENCE,score_lt_86,,true
3819ff6c089f04ae04e66351,Macallan 15-year-old  Fine Oak - Triple Cask Matured,,,2018,W000582,macallan 15yo fine oak,68.75,,REJECT_LOW_CONFIDENCE,score_lt_86,,true
055635d2aeccc3f24ca7605b,Macallan 15-year-old  Fine Oak - Triple Cask Matured,,,,W000582,macallan 15yo fine oak,68.75,,REJECT_LOW_CONFIDENCE,score_lt_86,,true
de3fc33f8d11dac08855c376,Macallan 18-year-old  Triple Cask Matured - Fine Oak,,,,W000512,macallan 18yo fine oak,68.75,,REJECT_LOW_CONFIDENCE,score_lt_86,,true
84acbd9254875e3862702edf,Macallan 18-year-old  Triple Cask Matured - Fine Oak,,,,W000512,macallan 18yo fine oak,68.75,,REJECT_LOW_CONFIDENCE,score_lt_86,,true
f84e312628e02ead7646956d,Macallan 18-year-old  Triple Cask Matured - Fine Oak,,,,W000512,macallan 18yo fine oak,68.75,,REJECT_LOW_CONFIDENCE,score_lt_86,,true
aef0a3fb8473a65285b7defa,Macallan 18-year-old  Triple Cask Matured - Fine Oak,,,,W000512,macallan 18yo fine oak,68.75,,REJECT_LOW_CONFIDENCE,score_lt_86,,true
0eb260fb7935d214e5ed6c30,Macallan 18-year-old  Triple Cask Matured - Fine Oak,,,,W000512,macallan 18yo fine oak,68.75,,REJECT_LOW_CONFIDENCE,score_lt_86,,true
051e84771e6ebdd5dd0d855e,Macallan 18-year-old  Triple Cask Matured - Fine Oak,,,,W000512,macallan 18yo fine oak,68.75,,REJECT_LOW_CONFIDENCE,score_lt_86,,true
82e266a471e5a8715f47b817,Macallan 25-year-old  Sherry Oak,,,1991,W000129,macallan 25yo sherry oak,100.0,,KEEP_PRODUCT_FEATURE,score_gte_94_no_conflict,,true
1df9c424b1cdbb7244159a7e,Macallan 25-year-old  Sherry Oak,,,,W000129,macallan 25yo sherry oak,100.0,,KEEP_PRODUCT_FEATURE,score_gte_94_no_conflict,,true
2ba52123f8e2c937d2656fe3,Macallan 25-year-old  Sherry Oak,,,,W000129,macallan 25yo sherry oak,100.0,,KEEP_PRODUCT_FEATURE,score_gte_94_no_conflict,,true
0af471abc957dedef8b4d2cd,Macallan 25-year-old  Sherry Oak,,,,W000129,macallan 25yo sherry oak,100.0,,KEEP_PRODUCT_FEATURE,score_gte_94_no_conflict,,true
48b08b95d9262fe062d7e545,Macallan 25-year-old  Sherry Oak,,,2017,W000129,macallan 25yo sherry oak,100.0,,KEEP_PRODUCT_FEATURE,score_gte_94_no_conflict,,true
abd55b98fbcae34b36d1b869,Macallan 25-year-old  Sherry Oak,,,,W000129,macallan 25yo sherry oak,100.0,,KEEP_PRODUCT_FEATURE,score_gte_94_no_conflict,,true
1d3b065051e44884fe97713c,Macallan 25-year-old  Sherry Oak,,,,W000129,macallan 25yo sherry oak,100.0,,KEEP_PRODUCT_FEATURE,score_gte_94_no_conflict,,true
c5a05443f17573653797ff4e,Macallan 25-year-old  Sherry Oak,,,,W000129,macallan 25yo sherry oak,100.0,,KEEP_PRODUCT_FEATURE,score_gte_94_no_conflict,,true
2a6fa6487181cca911ae0271,Macallan Enigma  Quest Collection,,,,W000422,macallan edition no. 6,56.6,,REJECT_LOW_CONFIDENCE,score_lt_86,,true
9bb0a98dc96b0e91618991cd,Macallan Enigma  Quest Collection,,,,W000422,macallan edition no. 6,56.6,,REJECT_LOW_CONFIDENCE,score_lt_86,,true
858e371560f77c200a81108a,Macallan Enigma  Quest Collection,,,,W000422,macallan edition no. 6,56.6,,REJECT_LOW_CONFIDENCE,score_lt_86,,true
5506da395eaee20e6c0de5ef,Macallan Enigma  Quest Collection,,,2020,W000422,macallan edition no. 6,56.6,,REJECT_LOW_CONFIDENCE,score_lt_86,,true
6aa64c9eac1f157a8126b652,Macallan Enigma  Quest Collection,,,,W000422,macallan edition no. 6,56.6,,REJECT_LOW_CONFIDENCE,score_lt_86,,true
0788eeb169898728846089e5,Macallan Enigma  Quest Collection,,,,W000422,macallan edition no. 6,56.6,,REJECT_LOW_CONFIDENCE,score_lt_86,,true
d336ce48cec13788f49d43af,Macallan Enigma  Quest Collection,,,,W000422,macallan edition no. 6,56.6,,REJECT_LOW_CONFIDENCE,score_lt_86,,true
0100fbfbf08fc4bd97d2500f,Macallan Estate,,,,W000634,macallan amber,75.86,,REJECT_LOW_CONFIDENCE,score_lt_86,,true
b55c911aedd0a78faa6ad90c,Macallan Estate,,,,W000634,macallan amber,75.86,,REJECT_LOW_CONFIDENCE,score_lt_86,,true
f43553671a38e5f455d74671,Macallan Estate,,,,W000634,macallan amber,75.86,,REJECT_LOW_CONFIDENCE,score_lt_86,,true
851587287850b6d0aa120930,Macallan Estate,,,,W000634,macallan amber,75.86,,REJECT_LOW_CONFIDENCE,score_lt_86,,true
d2629579d914f972337ebad7,Macallan Estate,,,,W000634,macallan amber,75.86,,REJECT_LOW_CONFIDENCE,score_lt_86,,true
53e6171a0c9097f6235a98cb,Macallan Estate,,,,W000634,macallan amber,75.86,,REJECT_LOW_CONFIDENCE,score_lt_86,,true
8e6c987101b9f93cf06e399d,Macallan Estate,,,2021,W000634,macallan amber,75.86,,REJECT_LOW_CONFIDENCE,score_lt_86,,true
d05eab492a77541c23a6761f,Macallan Estate,,,,W000634,macallan amber,75.86,,REJECT_LOW_CONFIDENCE,score_lt_86,,true
b2db2039377e889f893df717,Macallan Terra  Quest Collection,,,,W000306,macallan whisky maker's edition,58.06,,REJECT_LOW_CONFIDENCE,score_lt_86,,true
edf459afbc2038063540e2b8,Macallan Terra  Quest Collection,,,,W000306,macallan whisky maker's edition,58.06,,REJECT_LOW_CONFIDENCE,score_lt_86,,true
bddfb72d79fbef65eacfc3eb,Macallan Terra  Quest Collection,,,,W000306,macallan whisky maker's edition,58.06,,REJECT_LOW_CONFIDENCE,score_lt_86,,true
36c5ce84058bc53e57fbff4e,Macallan Terra  Quest Collection,,,,W000306,macallan whisky maker's edition,58.06,,REJECT_LOW_CONFIDENCE,score_lt_86,,true
bd81d546540412da6dd12395,Macallan Terra  Quest Collection,,,,W000306,macallan whisky maker's edition,58.06,,REJECT_LOW_CONFIDENCE,score_lt_86,,true
42d1fbc5a0215c1af0427953,Macallan Terra  Quest Collection,,,,W000306,macallan whisky maker's edition,58.06,,REJECT_LOW_CONFIDENCE,score_lt_86,,true
cfb73c0ea85857c1d7a871eb,Macallan Terra  Quest Collection,,,,W000306,macallan whisky maker's edition,58.06,,REJECT_LOW_CONFIDENCE,score_lt_86,,true
8265f8fbd0c1f95ed9175105,Macallan Terra  Quest Collection,,,,W000306,macallan whisky maker's edition,58.06,,REJECT_LOW_CONFIDENCE,score_lt_86,,true
4da3ddf684830e65739d2ba0,Glen Deveron 16-year-old  Royal Burgh Collection,,,,W001369,crown royal noble collection 13yo blenders’ mash,68.97,,REJECT_LOW_CONFIDENCE,score_lt_86,,true
955dedaa722683a13416b883,Glen Deveron 16-year-old  Royal Burgh Collection,,,,W001369,crown royal noble collection 13yo blenders’ mash,68.97,,REJECT_LOW_CONFIDENCE,score_lt_86,,true
9b5e619ddcb470ce502389d7,Glen Deveron 16-year-old  Royal Burgh Collection,,,,W001369,crown royal noble collection 13yo blenders’ mash,68.97,,REJECT_LOW_CONFIDENCE,score_lt_86,,true
3622bd0d7eceb1891579499d,Glen Deveron 16-year-old  Royal Burgh Collection,,,,W001369,crown royal noble collection 13yo blenders’ mash,68.97,,REJECT_LOW_CONFIDENCE,score_lt_86,,true
ded7c794609bb400eef056e5,Glen Deveron 16-year-old  Royal Burgh Collection,,,,W001369,crown royal noble collection 13yo blenders’ mash,68.97,,REJECT_LOW_CONFIDENCE,score_lt_86,,true
4c8f6c043fd2367d3881ac7f,Glen Deveron 16-year-old  Royal Burgh Collection,,,,W001369,crown royal noble collection 13yo blenders’ mash,68.97,,REJECT_LOW_CONFIDENCE,score_lt_86,,true
5d098fb02e57c6e6b7692030,Glen Deveron 16-year-old  Royal Burgh Collection,,,,W001369,crown royal noble collection 13yo blenders’ mash,68.97,,REJECT_LOW_CONFIDENCE,score_lt_86,,true
6f95b71c6645cbaf362b201e,The Deveron 10-year-old,,,,W000832,deveron 10yo,85.71,,REJECT_LOW_CONFIDENCE,score_lt_86,,true
5526eed86423709ce8c9a78e,The Deveron 10-year-old,,,,W000832,deveron 10yo,85.71,,REJECT_LOW_CONFIDENCE,score_lt_86,,true
df7f1af8bb2f4e297add9cf4,The Deveron 10-year-old,,,,W000832,deveron 10yo,85.71,,REJECT_LOW_CONFIDENCE,score_lt_86,,true
bc8bc3eb1183047964db3162,The Deveron 10-year-old,,,,W000832,deveron 10yo,85.71,,REJECT_LOW_CONFIDENCE,score_lt_86,,true
f8b0e6c893c1e770ea32a081,The Deveron 10-year-old,,,,W000832,deveron 10yo,85.71,,REJECT_LOW_CONFIDENCE,score_lt_86,,true
2eaf1a5dcfef8478e75879b9,The Deveron 10-year-old,,,,W000832,deveron 10yo,85.71,,REJECT_LOW_CONFIDENCE,score_lt_86,,true
f75f8a110cfb8a71fcc81bcd,The Deveron 10-year-old,,,,W000832,deveron 10yo,85.71,,REJECT_LOW_CONFIDENCE,score_lt_86,,true
ad743ca55a839db2fd5998e3,The Deveron 10-year-old,,,,W000832,deveron 10yo,85.71,,REJECT_LOW_CONFIDENCE,score_lt_86,,true
acdcf517378c0e065b3a2a65,The Deveron 12-year-old,,,,W000628,deveron 12yo,85.71,,REJECT_LOW_CONFIDENCE,score_lt_86,,true
dbb5e78b90a9f031a9845ecb,The Deveron 12-year-old,,,,W000628,deveron 12yo,85.71,,REJECT_LOW_CONFIDENCE,score_lt_86,,true
fddc50ab37c5a38a78483b53,The Deveron 12-year-old,,,,W000628,deveron 12yo,85.71,,REJECT_LOW_CONFIDENCE,score_lt_86,,true
07d62a00b114e9b90efe8b6b,The Deveron 12-year-old,,,,W000628,deveron 12yo,85.71,,REJECT_LOW_CONFIDENCE,score_lt_86,,true
0f241e22d5808bcc4d925cd9,The Deveron 12-year-old,,,,W000628,deveron 12yo,85.71,,REJECT_LOW_CONFIDENCE,score_lt_86,,true
51f46404a8201cbd60977bf3,The Deveron 12-year-old,,,,W000628,deveron 12yo,85.71,,REJECT_LOW_CONFIDENCE,score_lt_86,,true
ff060685a73e930ec008fd0d,The Deveron 12-year-old,,,2015,W000628,deveron 12yo,85.71,,REJECT_LOW_CONFIDENCE,score_lt_86,,true
c30809a830c7ef4382360988,The Deveron 12-year-old,,,,W000628,deveron 12yo,85.71,,REJECT_LOW_CONFIDENCE,score_lt_86,,true
af1088e96f4b87af42b46774,The Deveron 12-year-old,,,,W000628,deveron 12yo,85.71,,REJECT_LOW_CONFIDENCE,score_lt_86,,true
23e8abc2af986d6bf0aad491,The Deveron 18-year-old,,,,W000632,deveron 18yo,85.71,,REJECT_LOW_CONFIDENCE,score_lt_86,,true
f6d2ffeebab015782e015ec8,The Deveron 18-year-old,,,,W000632,deveron 18yo,85.71,,REJECT_LOW_CONFIDENCE,score_lt_86,,true
564f8338cf4ae24c32690477,The Deveron 18-year-old,,,,W000632,deveron 18yo,85.71,,REJECT_LOW_CONFIDENCE,score_lt_86,,true
3adfa51ac2579ce5f04402ca,The Deveron 18-year-old,,,,W000632,deveron 18yo,85.71,,REJECT_LOW_CONFIDENCE,score_lt_86,,true
6f437a185c9241fa89914321,The Deveron 18-year-old,,,,W000632,deveron 18yo,85.71,,REJECT_LOW_CONFIDENCE,score_lt_86,,true
37ec7e25890015af3e92da74,The Deveron 18-year-old,,,,W000632,deveron 18yo,85.71,,REJECT_LOW_CONFIDENCE,score_lt_86,,true
4c8f2aa40983414ca4fa7727,The Deveron 18-year-old,,,,W000632,deveron 18yo,85.71,,REJECT_LOW_CONFIDENCE,score_lt_86,,true
36a9d5c1b4b9b5aa9d864729,The Deveron 18-year-old,,,,W000632,deveron 18yo,85.71,,REJECT_LOW_CONFIDENCE,score_lt_86,,true
ea6deab4c1b8329dbe31f77c,The Deveron 18-year-old,,,,W000632,deveron 18yo,85.71,,REJECT_LOW_CONFIDENCE,score_lt_86,,true
a3c215b4a4c7b83668184ebe,Mackmyra 10-year-old,,,,W000745,mackmyra ten years 10yo,72.22,,REJECT_LOW_CONFIDENCE,score_lt_86,,true
43e773d2156a54af3e73c9b9,Mackmyra 10-year-old,,,,W000745,mackmyra ten years 10yo,72.22,,REJECT_LOW_CONFIDENCE,score_lt_86,,true
c0df36c6b58c842b073b382f,Mackmyra 10-year-old,,,,W000745,mackmyra ten years 10yo,72.22,,REJECT_LOW_CONFIDENCE,score_lt_86,,true
9f04165d5809c7d31f0bf2dc,Mackmyra 10-year-old,,,,W000745,mackmyra ten years 10yo,72.22,,REJECT_LOW_CONFIDENCE,score_lt_86,,true
9c9c1bd2664ec3406fb5f878,Mackmyra 10-year-old,,,,W000745,mackmyra ten years 10yo,72.22,,REJECT_LOW_CONFIDENCE,score_lt_86,,true
c8362598b18f5d487471449c,Mackmyra 10-year-old,,,,W000745,mackmyra ten years 10yo,72.22,,REJECT_LOW_CONFIDENCE,score_lt_86,,true
dd8d63826b000e1adcf2b5f6,Mackmyra 10-year-old,,,,W000745,mackmyra ten years 10yo,72.22,,REJECT_LOW_CONFIDENCE,score_lt_86,,true
e87facd49c95001b4939cceb,Mackmyra 10-year-old,,,,W000745,mackmyra ten years 10yo,72.22,,REJECT_LOW_CONFIDENCE,score_lt_86,,true
a320d0d05f6a359e9f68984e,Mackmyra 10-year-old,,,,W000745,mackmyra ten years 10yo,72.22,,REJECT_LOW_CONFIDENCE,score_lt_86,,true
a269c9154692f528e06fb066,Mackmyra Brukswhisky  Third Edition,,,,W000808,mackmyra the swedish whisky (brukswhisky),65.75,,REJECT_LOW_CONFIDENCE,score_lt_86,,true
d7b462ddf091accd7b708659,Mackmyra Brukswhisky  Third Edition,,,2020,W000808,mackmyra the swedish whisky (brukswhisky),65.75,,REJECT_LOW_CONFIDENCE,score_lt_86,,true
377a0b1f555a6c24c6c25693,Mackmyra Brukswhisky  Third Edition,,,,W000808,mackmyra the swedish whisky (brukswhisky),65.75,,REJECT_LOW_CONFIDENCE,score_lt_86,,true
60a0f9bce124a3de6bddee41,Mackmyra Brukswhisky  Third Edition,,,,W000808,mackmyra the swedish whisky (brukswhisky),65.75,,REJECT_LOW_CONFIDENCE,score_lt_86,,true
559b608c6059aee4d54b8010,Mackmyra Brukswhisky  Third Edition,,,,W000808,mackmyra the swedish whisky (brukswhisky),65.75,,REJECT_LOW_CONFIDENCE,score_lt_86,,true
577831ec85b173873829205e,Mackmyra Brukswhisky  Third Edition,,,,W000808,mackmyra the swedish whisky (brukswhisky),65.75,,REJECT_LOW_CONFIDENCE,score_lt_86,,true
68315ce59be322a6be62260d,Mackmyra Brukswhisky  Third Edition,,,,W000808,mackmyra the swedish whisky (brukswhisky),65.75,,REJECT_LOW_CONFIDENCE,score_lt_86,,true
3f56235301ad03e69e32d8dd,Mackmyra Brukswhisky  Third Edition,,,,W000808,mackmyra the swedish whisky (brukswhisky),65.75,,REJECT_LOW_CONFIDENCE,score_lt_86,,true
1e4c100cc133d005dc1a9278,Mackmyra Brukswhisky  First Edition,,,,W000743,mackmyra the first edition (den första utgåvan),58.23,,REJECT_LOW_CONFIDENCE,score_lt_86,,true
238e8a5573400e3a31b82350,Mackmyra Brukswhisky  First Edition,,,,W000743,mackmyra the first edition (den första utgåvan),58.23,,REJECT_LOW_CONFIDENCE,score_lt_86,,true
823508f12b791e8df356837a,Mackmyra Brukswhisky  Fourth Edition,,,,W001146,bruichladdich octomore 10 (fourth edition),64.0,,REJECT_LOW_CONFIDENCE,score_lt_86,,true
c421c1ef50687dddc16616d0,Mackmyra Brukswhisky  Fourth Edition,,,,W001146,bruichladdich octomore 10 (fourth edition),64.0,,REJECT_LOW_CONFIDENCE,score_lt_86,,true
eb67d6165d98a6f15258645f,Mackmyra Brukswhisky  Fourth Edition,,,2021,W001146,bruichladdich octomore 10 (fourth edition),64.0,,REJECT_LOW_CONFIDENCE,score_lt_86,,true
30a2e4d89533c88238f7f8fa,Mackmyra Brukswhisky  Fourth Edition,,,,W001146,bruichladdich octomore 10 (fourth edition),64.0,,REJECT_LOW_CONFIDENCE,score_lt_86,,true
115dc58b01f681241204e576,Mackmyra Brukswhisky  Fourth Edition,,,,W001146,bruichladdich octomore 10 (fourth edition),64.0,,REJECT_LOW_CONFIDENCE,score_lt_86,,true
6e111f1ff6d550519301bf2c,Mackmyra Brukswhisky  Fourth Edition,,,,W001146,bruichladdich octomore 10 (fourth edition),64.0,,REJECT_LOW_CONFIDENCE,score_lt_86,,true
e13b77c5d8917ca24c1b30d9,Mackmyra Brukswhisky  Fourth Edition,,,2016,W001146,bruichladdich octomore 10 (fourth edition),64.0,,REJECT_LOW_CONFIDENCE,score_lt_86,,true
48c25a3e7903853842996b42,Mackmyra Brukswhisky  Second Edition,,,,W000808,mackmyra the swedish whisky (brukswhisky),64.86,,REJECT_LOW_CONFIDENCE,score_lt_86,,true
983352d76d4014410bbb8f12,Mackmyra Brukswhisky  Second Edition,,,,W000808,mackmyra the swedish whisky (brukswhisky),64.86,,REJECT_LOW_CONFIDENCE,score_lt_86,,true
c633880ad89e876634e854fb,Mackmyra Brukswhisky  Second Edition,,,,W000808,mackmyra the swedish whisky (brukswhisky),64.86,,REJECT_LOW_CONFIDENCE,score_lt_86,,true
07a40d038a31f382822d1dbc,Mackmyra Brukswhisky  Second Edition,,,,W000808,mackmyra the swedish whisky (brukswhisky),64.86,,REJECT_LOW_CONFIDENCE,score_lt_86,,true
63443d1295b11da81f481207,Mackmyra Brukswhisky  Second Edition,,,,W000808,mackmyra the swedish whisky (brukswhisky),64.86,,REJECT_LOW_CONFIDENCE,score_lt_86,,true
7af84ef9a753831023f6240f,Mackmyra Brukswhisky  Second Edition,,,,W000808,mackmyra the swedish whisky (brukswhisky),64.86,,REJECT_LOW_CONFIDENCE,score_lt_86,,true
ad19d7e314849da5083f1a0b,Mackmyra Brukswhisky  Second Edition,,,,W000808,mackmyra the swedish whisky (brukswhisky),64.86,,REJECT_LOW_CONFIDENCE,score_lt_86,,true
5b119eddbf8426313bf5698e,Mackmyra Brukswhisky  Second Edition,,,2017,W000808,mackmyra the swedish whisky (brukswhisky),64.86,,REJECT_LOW_CONFIDENCE,score_lt_86,,true
e1480b6d631cd7720c6339d3,Mackmyra Brukswhisky  Second Edition,,,2018,W000808,mackmyra the swedish whisky (brukswhisky),64.86,,REJECT_LOW_CONFIDENCE,score_lt_86,,true
f35bf0e6a9a731e14c9df86e,Mackmyra MACK,,,,W000895,mackmyra mack,100.0,,KEEP_PRODUCT_FEATURE,score_gte_94_no_conflict,,true
66850e941afa1ab53bc2a6ae,Mackmyra MACK,,,2021,W000895,mackmyra mack,100.0,,KEEP_PRODUCT_FEATURE,score_gte_94_no_conflict,,true
cbff3676246b865d3848cf80,Mackmyra MACK,,,,W000895,mackmyra mack,100.0,,KEEP_PRODUCT_FEATURE,score_gte_94_no_conflict,,true
9476f1eee5e06120e89ec1e9,Mackmyra MACK,,,,W000895,mackmyra mack,100.0,,KEEP_PRODUCT_FEATURE,score_gte_94_no_conflict,,true
6d61a163065edc3ffe826d0a,Mackmyra MACK,,,,W000895,mackmyra mack,100.0,,KEEP_PRODUCT_FEATURE,score_gte_94_no_conflict,,true
5685ef7b8250628b89a8d19d,Mackmyra MACK Gravity,,,2021,W000895,mackmyra mack,76.47,,REJECT_LOW_CONFIDENCE,score_lt_86,,true
085e784c6ce71d21925923b7,Mackmyra MACK Gravity,,,2018,W000895,mackmyra mack,76.47,,REJECT_LOW_CONFIDENCE,score_lt_86,,true
6f51f8f4d46ac53a96f51e3d,Mackmyra Svensk Ek,,,,W000779,mackmyra svensk ek,100.0,,KEEP_PRODUCT_FEATURE,score_gte_94_no_conflict,,true
c3a1e25335ac7be02635c7a8,Mackmyra Svensk Ek,,,,W000779,mackmyra svensk ek,100.0,,KEEP_PRODUCT_FEATURE,score_gte_94_no_conflict,,true
b968b7874fb7e1a82bfaf95b,Mackmyra Svensk Ek,,,2021,W000779,mackmyra svensk ek,100.0,,KEEP_PRODUCT_FEATURE,score_gte_94_no_conflict,,true
bf84ec72eea709ef5ccf7b99,Mackmyra Svensk Ek,,,,W000779,mackmyra svensk ek,100.0,,KEEP_PRODUCT_FEATURE,score_gte_94_no_conflict,,true
e0965c45382feee505857cb7,Mackmyra Svensk Ek,,,,W000779,mackmyra svensk ek,100.0,,KEEP_PRODUCT_FEATURE,score_gte_94_no_conflict,,true
03ea01c8c8dc17f5f4159da2,Mackmyra Svensk Ek,,,,W000779,mackmyra svensk ek,100.0,,KEEP_PRODUCT_FEATURE,score_gte_94_no_conflict,,true
266ea386f4846bbf9e065d74,Mackmyra Svensk Ek  Swedish Single Malt Whisky,,,,W000799,kavalan single malt whisky,61.97,,REJECT_LOW_CONFIDENCE,score_lt_86,,true
824c22291573a7f8c5ef163d,Mackmyra Svensk Ek  Swedish Single Malt Whisky,,,,W000799,kavalan single malt whisky,61.97,,REJECT_LOW_CONFIDENCE,score_lt_86,,true
17215c59d2f7fe534c9c486e,Mackmyra Svensk Ek  Swedish Single Malt Whisky,,,,W000799,kavalan single malt whisky,61.97,,REJECT_LOW_CONFIDENCE,score_lt_86,,true
71f7de6b23891a30a3914c1a,Mackmyra Svensk Ek  Swedish Single Malt Whisky,,,,W000799,kavalan single malt whisky,61.97,,REJECT_LOW_CONFIDENCE,score_lt_86,,true
7ac957f4050733264e5a8031,Mackmyra Svensk Ek  Swedish Single Malt Whisky,,,,W000799,kavalan single malt whisky,61.97,,REJECT_LOW_CONFIDENCE,score_lt_86,,true
e990f54d1afb7310ce228b2e,Mackmyra Svensk Ek  Swedish Single Malt Whisky,,,,W000799,kavalan single malt whisky,61.97,,REJECT_LOW_CONFIDENCE,score_lt_86,,true
4edf92333714fabb6cb6918d,Mackmyra Svensk Ek  Swedish Single Malt Whisky,,,,W000799,kavalan single malt whisky,61.97,,REJECT_LOW_CONFIDENCE,score_lt_86,,true
d4db9e7682c9f97783bb514e,Mackmyra Svensk Rök,,,,W001023,mackmyra svensk rök,100.0,,KEEP_PRODUCT_FEATURE,score_gte_94_no_conflict,,true
139a7ef73ffa036975d9f511,Mackmyra Svensk Rök,,,,W001023,mackmyra svensk rök,100.0,,KEEP_PRODUCT_FEATURE,score_gte_94_no_conflict,,true
883a16a26375d345119f8d77,Mackmyra Svensk Rök,,,,W001023,mackmyra svensk rök,100.0,,KEEP_PRODUCT_FEATURE,score_gte_94_no_conflict,,true
298cd2c84be2dac6e71744e3,Mackmyra Svensk Rök,,,,W001023,mackmyra svensk rök,100.0,,KEEP_PRODUCT_FEATURE,score_gte_94_no_conflict,,true
743636f525d40478ba7f8091,Mackmyra Svensk Rök,,,,W001023,mackmyra svensk rök,100.0,,KEEP_PRODUCT_FEATURE,score_gte_94_no_conflict,,true
c1fd56ac5306a747d01a6a58,Mackmyra Svensk Rök,,,,W001023,mackmyra svensk rök,100.0,,KEEP_PRODUCT_FEATURE,score_gte_94_no_conflict,,true
b3e7c71f9535c1a14c5c1ae7,Mackmyra Svensk Rök,,,,W001023,mackmyra svensk rök,100.0,,KEEP_PRODUCT_FEATURE,score_gte_94_no_conflict,,true
e1ae5283f827a38c9dca4d7d,Mackmyra Svensk Rök,,,,W001023,mackmyra svensk rök,100.0,,KEEP_PRODUCT_FEATURE,score_gte_94_no_conflict,,true
6a19873ea6275e7c68895a86,Mackmyra Svensk Rök,,,2019,W001023,mackmyra svensk rök,100.0,,KEEP_PRODUCT_FEATURE,score_gte_94_no_conflict,,true
b0b4c5bf31f73368c73571dd,Mackmyra Svensk Rök,,,,W001023,mackmyra svensk rök,100.0,,KEEP_PRODUCT_FEATURE,score_gte_94_no_conflict,,true
9872571bcedb707fb104dc0b,Mackmyra Svensk Rök,,,2021,W001023,mackmyra svensk rök,100.0,,KEEP_PRODUCT_FEATURE,score_gte_94_no_conflict,,true
85dbe933518ae5858dfd210f,Mackmyra Svensk Rök,,,,W001023,mackmyra svensk rök,100.0,,KEEP_PRODUCT_FEATURE,score_gte_94_no_conflict,,true
94ceda50cc145c1e8cec1994,Mackmyra Svensk Rök,,,,W001023,mackmyra svensk rök,100.0,,KEEP_PRODUCT_FEATURE,score_gte_94_no_conflict,,true
055b7552d0ef8f75dd4ef0ad,Mackmyra Svensk Rök,,,,W001023,mackmyra svensk rök,100.0,,KEEP_PRODUCT_FEATURE,score_gte_94_no_conflict,,true
2c8a65743263732d2f65ac87,Mackmyra Svensk Rök,,,2017,W001023,mackmyra svensk rök,100.0,,KEEP_PRODUCT_FEATURE,score_gte_94_no_conflict,,true
8bfa668e635833b7ea539ce1,Mackmyra Svensk Rök,,,2017,W001023,mackmyra svensk rök,100.0,,KEEP_PRODUCT_FEATURE,score_gte_94_no_conflict,,true
192dc81d2d8adb4b9a2c1828,Mackmyra Svensk Rök,,,,W001023,mackmyra svensk rök,100.0,,KEEP_PRODUCT_FEATURE,score_gte_94_no_conflict,,true
f94d0be6f053757be1b2771e,Mackmyra Svensk Rök,,,2017,W001023,mackmyra svensk rök,100.0,,KEEP_PRODUCT_FEATURE,score_gte_94_no_conflict,,true
2a4123b4aaf658993dcd9be5,Mackmyra The First Edition  Batch 2008-03,,,,W000743,mackmyra the first edition (den första utgåvan),63.53,,REJECT_LOW_CONFIDENCE,score_lt_86,,true
a1b2c8c6d416aaf650035e47,Mackmyra The First Edition  Batch 2008-03,,,,W000743,mackmyra the first edition (den första utgåvan),63.53,,REJECT_LOW_CONFIDENCE,score_lt_86,,true
5ad85833436950c2aa7ccbe8,Mackmyra The First Edition  Batch 2008-03,,,,W000743,mackmyra the first edition (den första utgåvan),63.53,,REJECT_LOW_CONFIDENCE,score_lt_86,,true
542e264d359e5f48bea355a6,Mackmyra The First Edition  Batch 2008-03,,,,W000743,mackmyra the first edition (den första utgåvan),63.53,,REJECT_LOW_CONFIDENCE,score_lt_86,,true
943cbcd5f956c45753be2854,Mackmyra The First Edition  Batch 2008-03,,,,W000743,mackmyra the first edition (den första utgåvan),63.53,,REJECT_LOW_CONFIDENCE,score_lt_86,,true
841bb840c26d2799be1c0893,Mackmyra The First Edition  Batch 2008-03,,,,W000743,mackmyra the first edition (den första utgåvan),63.53,,REJECT_LOW_CONFIDENCE,score_lt_86,,true
c92f5f302325aff5398097ce,Mackmyra The First Edition  Batch 2008-01,,,,W000743,mackmyra the first edition (den första utgåvan),63.53,,REJECT_LOW_CONFIDENCE,score_lt_86,,true
f302519ddbac8fc5e5019111,Mackmyra The First Edition  Batch 2008-01,,,,W000743,mackmyra the first edition (den första utgåvan),63.53,,REJECT_LOW_CONFIDENCE,score_lt_86,,true
376626c3dfa829048bf15cae,Mackmyra The First Edition  Batch 2008-02,,,,W000743,mackmyra the first edition (den första utgåvan),63.53,,REJECT_LOW_CONFIDENCE,score_lt_86,,true
ec110e5fafd215dd7e82dd51,Mackmyra The First Edition,,,,W000743,mackmyra the first edition (den första utgåvan),73.24,,REJECT_LOW_CONFIDENCE,score_lt_86,,true
90940dfba5c492ce382cc145,Mackmyra The First Edition,,,,W000743,mackmyra the first edition (den första utgåvan),73.24,,REJECT_LOW_CONFIDENCE,score_lt_86,,true
601ae97a5ff83c96fb2fbb6e,Mackmyra The First Edition,,,,W000743,mackmyra the first edition (den första utgåvan),73.24,,REJECT_LOW_CONFIDENCE,score_lt_86,,true
f99b582a10da5f6eb1e2eee0,Mackmyra The First Edition,,,,W000743,mackmyra the first edition (den första utgåvan),73.24,,REJECT_LOW_CONFIDENCE,score_lt_86,,true
ec0894aeb0c102012d1352cb,Mackmyra Vit Hund  Svensk New Make,,,,W001355,mackmyra vit hund,68.0,,REJECT_LOW_CONFIDENCE,score_lt_86,,true
c83d78eb365b610275fe9475,Mackmyra Vit Hund  Svensk New Make,,,,W001355,mackmyra vit hund,68.0,,REJECT_LOW_CONFIDENCE,score_lt_86,,true
6d85da1d1e3cd7664973dd7a,Mackmyra Vit Hund  Svensk New Make,,,,W001355,mackmyra vit hund,68.0,,REJECT_LOW_CONFIDENCE,score_lt_86,,true
c02d2079a3ea1d0f4fc9c7bf,Mackmyra Vit Hund  Svensk New Make,,,,W001355,mackmyra vit hund,68.0,,REJECT_LOW_CONFIDENCE,score_lt_86,,true
861eabb70f9d0ec95ee5a7c1,Mackmyra Vit Hund  Svensk New Make,,,,W001355,mackmyra vit hund,68.0,,REJECT_LOW_CONFIDENCE,score_lt_86,,true
181cbc18d44fbab52cccbbc3,Mackmyra Vit Hund  Svensk New Make,,,,W001355,mackmyra vit hund,68.0,,REJECT_LOW_CONFIDENCE,score_lt_86,,true
1d8cf9ad98a3023f68e55a84,Mackmyra Vit Hund  Svensk New Make,,,,W001355,mackmyra vit hund,68.0,,REJECT_LOW_CONFIDENCE,score_lt_86,,true
6e58bb55d3657b3e05401341,Maker's Mark Red Wax,,,2021,W001798,maker's mark,75.0,,REJECT_LOW_CONFIDENCE,score_lt_86,,true
7b07d7f0d97ca046ecb6a050,Maker's Mark Red Wax,,,,W001798,maker's mark,75.0,,REJECT_LOW_CONFIDENCE,score_lt_86,,true
70f2f6a7e2fc5aebeac74dfe,Maker's Mark Red Wax,,,,W001798,maker's mark,75.0,,REJECT_LOW_CONFIDENCE,score_lt_86,,true
ccb106acf3b3f07ef407e8db,Maker's Mark Red Wax,,,,W001798,maker's mark,75.0,,REJECT_LOW_CONFIDENCE,score_lt_86,,true
7cfa8de7faad4c562a66f1d3,Maker's Mark Red Wax,,,,W001798,maker's mark,75.0,,REJECT_LOW_CONFIDENCE,score_lt_86,,true
ebf0862ffc50b3f633ed72c2,Maker's Mark Red Wax,,,2021,W001798,maker's mark,75.0,,REJECT_LOW_CONFIDENCE,score_lt_86,,true
992fb1df43977ec7dc6eb8c5,Maker's Mark Red Wax,,,,W001798,maker's mark,75.0,,REJECT_LOW_CONFIDENCE,score_lt_86,,true
590cfc665f8a29951c30dd1d,Maker's Mark Red Wax,,,,W001798,maker's mark,75.0,,REJECT_LOW_CONFIDENCE,score_lt_86,,true
19b1b6181c8eda46e302929d,Maker's Mark Red Wax,,,,W001798,maker's mark,75.0,,REJECT_LOW_CONFIDENCE,score_lt_86,,true
a883e5d503dab8e75d46d3e0,Mannochmore 12-year-old  Flora & Fauna,,,,W000826,mannochmore 12yo (f&f),83.33,,REJECT_LOW_CONFIDENCE,score_lt_86,,true
e55cd27e41a6ecbe57f396e9,Mannochmore 12-year-old  Flora & Fauna,,,,W000826,mannochmore 12yo (f&f),83.33,,REJECT_LOW_CONFIDENCE,score_lt_86,,true
9fc91c26841cab7167402ded,Mannochmore 12-year-old  Flora & Fauna,,,,W000826,mannochmore 12yo (f&f),83.33,,REJECT_LOW_CONFIDENCE,score_lt_86,,true
4a15c8c04fac4360403acede,Mannochmore 12-year-old  Flora & Fauna,,,,W000826,mannochmore 12yo (f&f),83.33,,REJECT_LOW_CONFIDENCE,score_lt_86,,true
77eff6e7f472c5fc287d7cc9,Mannochmore 12-year-old  Flora & Fauna,,,,W000826,mannochmore 12yo (f&f),83.33,,REJECT_LOW_CONFIDENCE,score_lt_86,,true
b08c1d9ca4cb1fe5b34d6e9c,Mannochmore 12-year-old  Flora & Fauna,,,,W000826,mannochmore 12yo (f&f),83.33,,REJECT_LOW_CONFIDENCE,score_lt_86,,true
6797ef5cd663b54d8ae3258f,Mannochmore 12-year-old  Flora & Fauna,,,,W000826,mannochmore 12yo (f&f),83.33,,REJECT_LOW_CONFIDENCE,score_lt_86,,true
dbc6050544d0265e40944ad0,Mannochmore 12-year-old  Flora & Fauna,,,,W000826,mannochmore 12yo (f&f),83.33,,REJECT_LOW_CONFIDENCE,score_lt_86,,true
c495246abce529b75a77faef,Mannochmore 12-year-old  Flora & Fauna,,,,W000826,mannochmore 12yo (f&f),83.33,,REJECT_LOW_CONFIDENCE,score_lt_86,,true
b6be9aed19fdeb285500a146,Mannochmore 12-year-old  Flora & Fauna,,,,W000826,mannochmore 12yo (f&f),83.33,,REJECT_LOW_CONFIDENCE,score_lt_86,,true
8c12204bfa0c4fe4a3a3472d,Michter's US*1 Single Barrel  Kentucky Straight Rye Whiskey,,,,W001472,michter's single barrel straight rye,76.6,,REJECT_LOW_CONFIDENCE,score_lt_86,,true
65431f846d9c602e2bbad8bd,Michter's US*1 Single Barrel Straight Rye  Kentucky Straight Rye Whiskey,,,,W001472,michter's single barrel straight rye,67.29,,REJECT_LOW_CONFIDENCE,score_lt_86,,true
94380d75d20570e030ccfd8f,Michter's US*1 Small Batch Bourbon  Kentucky Straight Bourbon Whiskey,,,,W001756,michter's small batch us*1 bourbon,66.67,,REJECT_LOW_CONFIDENCE,score_lt_86,,true
45a852c022491554e9ce3435,Michter's US*1 Small Batch Bourbon  Kentucky Straight Bourbon Whiskey,,,,W001756,michter's small batch us*1 bourbon,66.67,,REJECT_LOW_CONFIDENCE,score_lt_86,,true
7bb2c7de21050d8c3cbc0b56,Jameson 18-year-old  Triple Distilled,,,,W000515,glenfiddich 15yo distillery edition,59.38,,REJECT_LOW_CONFIDENCE,score_lt_86,,true
0c2dfe9bc4db3c3b0a7f9e74,Jameson 18-year-old  Triple Distilled,,,,W000515,glenfiddich 15yo distillery edition,59.38,,REJECT_LOW_CONFIDENCE,score_lt_86,,true
1e10c56433fda668fe87a487,Jameson 18-year-old  Triple Distilled,,,,W000515,glenfiddich 15yo distillery edition,59.38,,REJECT_LOW_CONFIDENCE,score_lt_86,,true
9367c7970b252f6338fc3b44,Jameson 18-year-old  Triple Distilled,,,,W000515,glenfiddich 15yo distillery edition,59.38,,REJECT_LOW_CONFIDENCE,score_lt_86,,true
c64c6b9979aede516a7676ee,Jameson Caskmates  Stout Edition,,,,W001320,jameson caskmates stout edition,100.0,,KEEP_PRODUCT_FEATURE,score_gte_94_no_conflict,,true
2bfceedde018fc545805bcb3,Jameson Caskmates  Stout Edition,,,,W001320,jameson caskmates stout edition,100.0,,KEEP_PRODUCT_FEATURE,score_gte_94_no_conflict,,true
a6bce82671dd7df44181b250,Jameson Caskmates  Stout Edition,,,,W001320,jameson caskmates stout edition,100.0,,KEEP_PRODUCT_FEATURE,score_gte_94_no_conflict,,true
fa0adb610a6bec32ee9c1392,Jameson Gold Reserve,,,,W001273,jameson gold reserve,100.0,,KEEP_PRODUCT_FEATURE,score_gte_94_no_conflict,,true
701faac41a2729bd96f29528,Jameson Gold Reserve,,,,W001273,jameson gold reserve,100.0,,KEEP_PRODUCT_FEATURE,score_gte_94_no_conflict,,true
a632106a044dec38042cba9a,Jameson Gold Reserve,,,,W001273,jameson gold reserve,100.0,,KEEP_PRODUCT_FEATURE,score_gte_94_no_conflict,,true
c8ff1b63db6426bac3c1b79f,Jameson Gold Reserve,,,2021,W001273,jameson gold reserve,100.0,,KEEP_PRODUCT_FEATURE,score_gte_94_no_conflict,,true
c87d0bed9cbef44743ac6bf8,Jameson Gold Reserve,,,,W001273,jameson gold reserve,100.0,,KEEP_PRODUCT_FEATURE,score_gte_94_no_conflict,,true
42f540d94c3592ccf9ba7039,Jameson Gold Reserve,,,,W001273,jameson gold reserve,100.0,,KEEP_PRODUCT_FEATURE,score_gte_94_no_conflict,,true
90c9c19f4e0c8e62480cf093,Jameson Gold Reserve,,,,W001273,jameson gold reserve,100.0,,KEEP_PRODUCT_FEATURE,score_gte_94_no_conflict,,true
c4471acfb14bb4533d3624e5,Jameson Irish Whiskey,,,,W001340,jameson irish whiskey,100.0,,KEEP_PRODUCT_FEATURE,score_gte_94_no_conflict,,true
df62b814feba184451d412be,Jameson Irish Whiskey,,,,W001340,jameson irish whiskey,100.0,,KEEP_PRODUCT_FEATURE,score_gte_94_no_conflict,,true
49e55fe4e225fd6f1f7f7439,Midleton Very Rare   Vintage Release 2021,,,,W000472,midleton very rare (all vintages),77.14,,REJECT_LOW_CONFIDENCE,score_lt_86,,true
93841571d3fa6207d279414e,Midleton Very Rare   Vintage Release 2021,,,,W000472,midleton very rare (all vintages),77.14,,REJECT_LOW_CONFIDENCE,score_lt_86,,true
ce57e1bf6e3e78bea2443c13,Midleton Very Rare   Vintage Release 2021,,,2021,W000472,midleton very rare (all vintages),77.14,,REJECT_LOW_CONFIDENCE,score_lt_86,,true
7d92ee088dcc80fc3e427387,Midleton Very Rare   Vintage Release 2021,,,,W000472,midleton very rare (all vintages),77.14,,REJECT_LOW_CONFIDENCE,score_lt_86,,true
b30a762f55bfd8b6ad205576,Midleton Very Rare   Vintage Release 2021,,,,W000472,midleton very rare (all vintages),77.14,,REJECT_LOW_CONFIDENCE,score_lt_86,,true
15f4f1dfc86c9315181b1079,Midleton Very Rare   Vintage Release 2021,,,,W000472,midleton very rare (all vintages),77.14,,REJECT_LOW_CONFIDENCE,score_lt_86,,true
573d6dc3ad9cfb0f5b0186db,Midleton Very Rare   Vintage Release 2021,,,2021,W000472,midleton very rare (all vintages),77.14,,REJECT_LOW_CONFIDENCE,score_lt_86,,true
d7f59c7632f4bedcf1fe4703,Midleton Very Rare   Vintage Release 2021,,,,W000472,midleton very rare (all vintages),77.14,,REJECT_LOW_CONFIDENCE,score_lt_86,,true
9008da54800df88c7820c52e,Powers 12-year-old  John's Lane,,,,W001233,powers 12yo john's lane,100.0,,KEEP_PRODUCT_FEATURE,score_gte_94_no_conflict,,true
a59425d9e582cbb6da88402d,Powers 12-year-old  John's Lane,,,2021,W001233,powers 12yo john's lane,100.0,,KEEP_PRODUCT_FEATURE,score_gte_94_no_conflict,,true
daebc802dcb993ac762dcfb2,Powers 12-year-old  John's Lane,,,,W001233,powers 12yo john's lane,100.0,,KEEP_PRODUCT_FEATURE,score_gte_94_no_conflict,,true
3374e8138a07b311d9a84831,Powers 12-year-old  John's Lane,,,,W001233,powers 12yo john's lane,100.0,,KEEP_PRODUCT_FEATURE,score_gte_94_no_conflict,,true
52e040f8c9cdf56f0059ef7b,Powers Gold Label  Triple Distilled,,,,W001311,powers gold label,66.67,,REJECT_LOW_CONFIDENCE,score_lt_86,,true
cd36707e4337827ee8b4760e,Powers Three Swallow  Irish Whiskey,,,,W001256,powers three swallow,74.07,,REJECT_LOW_CONFIDENCE,score_lt_86,,true
5616ce20a91ec6a78d91f114,Powers Three Swallow  Irish Whiskey,,,,W001256,powers three swallow,74.07,,REJECT_LOW_CONFIDENCE,score_lt_86,,true
bb626561462858b51c696b2d,Red Spot 15-year-old  Mitchell & Son,,,,W000247,red spot 15yo,66.67,,REJECT_LOW_CONFIDENCE,score_lt_86,,true
9956f14bba569c24e6a9ed9d,Red Spot 15-year-old  Mitchell & Son,,,,W000247,red spot 15yo,66.67,,REJECT_LOW_CONFIDENCE,score_lt_86,,true
2a436611c6d29c1f3aea6969,Red Spot 15-year-old  Mitchell & Son,,,2021,W000247,red spot 15yo,66.67,,REJECT_LOW_CONFIDENCE,score_lt_86,,true
49d9b3491526ab26ec3c281d,Red Spot 15-year-old  Mitchell & Son,,,,W000247,red spot 15yo,66.67,,REJECT_LOW_CONFIDENCE,score_lt_86,,true
537e92232fdc51bbb4987088,Red Spot 15-year-old  Mitchell & Son,,,2020,W000247,red spot 15yo,66.67,,REJECT_LOW_CONFIDENCE,score_lt_86,,true
adaa5e3d75fc7d7bf9c2dfad,Red Spot 15-year-old  Mitchell & Son,,,,W000247,red spot 15yo,66.67,,REJECT_LOW_CONFIDENCE,score_lt_86,,true
79e76c31792a95b85dafd723,Red Spot 15-year-old  Mitchell & Son,,,,W000247,red spot 15yo,66.67,,REJECT_LOW_CONFIDENCE,score_lt_86,,true
98f448c23a432d39e9faae42,Redbreast 12-year-old  Cask Strength,,,,W000421,redbreast 12yo cask strength,100.0,,KEEP_PRODUCT_FEATURE,score_gte_94_no_conflict,,true
0b1cfb1f00a10a46b8e187c9,Redbreast 12-year-old  Cask Strength,,,,W000421,redbreast 12yo cask strength,100.0,,KEEP_PRODUCT_FEATURE,score_gte_94_no_conflict,,true
61e686aa213e7c861c65a68f,Redbreast 12-year-old  Cask Strength,,,,W000421,redbreast 12yo cask strength,100.0,,KEEP_PRODUCT_FEATURE,score_gte_94_no_conflict,,true
3ee8023327ed5b62f789db7b,Redbreast 12-year-old  Cask Strength,,,,W000421,redbreast 12yo cask strength,100.0,,KEEP_PRODUCT_FEATURE,score_gte_94_no_conflict,,true
bb1fda73ba19373b724dc400,Redbreast 12-year-old  Cask Strength,,,,W000421,redbreast 12yo cask strength,100.0,,KEEP_PRODUCT_FEATURE,score_gte_94_no_conflict,,true
70dd95f12d29f24894692b6c,Redbreast 12-year-old  Cask Strength,,,,W000421,redbreast 12yo cask strength,100.0,,KEEP_PRODUCT_FEATURE,score_gte_94_no_conflict,,true
99996d56baca3a81e61bbef7,Redbreast 12-year-old  Cask Strength,,,,W000421,redbreast 12yo cask strength,100.0,,KEEP_PRODUCT_FEATURE,score_gte_94_no_conflict,,true
36e6bbff45ccd7e8d6d30d5b,Redbreast 12-year-old  Cask Strength,,,1922,W000421,redbreast 12yo cask strength,100.0,,KEEP_PRODUCT_FEATURE,score_gte_94_no_conflict,,true
cd89152c26f8cf545b33a693,Redbreast 12-year-old  Cask Strength,,,,W000421,redbreast 12yo cask strength,100.0,,KEEP_PRODUCT_FEATURE,score_gte_94_no_conflict,,true
cf9fa1f75e70e11b71cca7c6,Redbreast 12-year-old  Cask Strength,,,2012,W000421,redbreast 12yo cask strength,100.0,,KEEP_PRODUCT_FEATURE,score_gte_94_no_conflict,,true
ed8e046005c93976056fb330,Redbreast 12-year-old  Cask Strength,,,,W000421,redbreast 12yo cask strength,100.0,,KEEP_PRODUCT_FEATURE,score_gte_94_no_conflict,,true
9d534c6cd33d8f0ced4fdb42,Redbreast 12-year-old  Cask Strength,,,2019,W000421,redbreast 12yo cask strength,100.0,,KEEP_PRODUCT_FEATURE,score_gte_94_no_conflict,,true
cf4c7a3d9c4e40b2d52fb3ad,Redbreast 12-year-old  Cask Strength,,,,W000421,redbreast 12yo cask strength,100.0,,KEEP_PRODUCT_FEATURE,score_gte_94_no_conflict,,true
e7d7dc95635a396a794f6d08,Redbreast 12-year-old  Cask Strength,,,2021,W000421,redbreast 12yo cask strength,100.0,,KEEP_PRODUCT_FEATURE,score_gte_94_no_conflict,,true
8545ba4afccfff94a9868d9e,Redbreast 12-year-old  Cask Strength,,,,W000421,redbreast 12yo cask strength,100.0,,KEEP_PRODUCT_FEATURE,score_gte_94_no_conflict,,true
d007997bf57dc1299869f240,Redbreast 12-year-old  Cask Strength Edition,,,,W000421,redbreast 12yo cask strength,87.5,,REVIEW_PRODUCT_FEATURE,score_86_93_no_conflict,,true
e678972f2e8a6a81da142a1f,Redbreast 12-year-old  Cask Strength Edition,,,,W000421,redbreast 12yo cask strength,87.5,,REVIEW_PRODUCT_FEATURE,score_86_93_no_conflict,,true
1fe630241df2daf3417cfcc5,Redbreast 12-year-old  Cask Strength Edition,,,,W000421,redbreast 12yo cask strength,87.5,,REVIEW_PRODUCT_FEATURE,score_86_93_no_conflict,,true
a68b83914ce77b1a2a1f0323,Redbreast 12-year-old  Cask Strength Edition,,,,W000421,redbreast 12yo cask strength,87.5,,REVIEW_PRODUCT_FEATURE,score_86_93_no_conflict,,true
96b19635dd6e0799aaeee81f,Redbreast 12-year-old  Cask Strength Edition,,,2019,W000421,redbreast 12yo cask strength,87.5,,REVIEW_PRODUCT_FEATURE,score_86_93_no_conflict,,true
543b57d1eb41d99eb3aea92f,Redbreast 12-year-old  Cask Strength Edition,,,,W000421,redbreast 12yo cask strength,87.5,,REVIEW_PRODUCT_FEATURE,score_86_93_no_conflict,,true
bedb47de6a00e0d339006e38,Redbreast 12-year-old  Cask Strength Edition,,,,W000421,redbreast 12yo cask strength,87.5,,REVIEW_PRODUCT_FEATURE,score_86_93_no_conflict,,true
d3fc71fd6dfec93574829acf,Redbreast 12-year-old  Cask Strength Edition,,,1920,W000421,redbreast 12yo cask strength,87.5,,REVIEW_PRODUCT_FEATURE,score_86_93_no_conflict,,true
4635df8a4cb6cfe0e8da2ed7,Redbreast 12-year-old  Cask Strength Edition,,,2016,W000421,redbreast 12yo cask strength,87.5,,REVIEW_PRODUCT_FEATURE,score_86_93_no_conflict,,true
4b76888af7da99d70da08efd,Redbreast 12-year-old  Single Pot Still,,,,W000421,redbreast 12yo cask strength,67.8,,REJECT_LOW_CONFIDENCE,score_lt_86,,true
f584baf1e0d7cb5cb6a47e60,Redbreast 12-year-old  Cask Strength,,,,W000421,redbreast 12yo cask strength,100.0,,KEEP_PRODUCT_FEATURE,score_gte_94_no_conflict,,true
f60546391c9fee0c425b9782,Redbreast 12-year-old  Cask Strength,,,,W000421,redbreast 12yo cask strength,100.0,,KEEP_PRODUCT_FEATURE,score_gte_94_no_conflict,,true
753cd40aa8ddf3b64a89ba37,Redbreast 12-year-old  Cask Strength,,,,W000421,redbreast 12yo cask strength,100.0,,KEEP_PRODUCT_FEATURE,score_gte_94_no_conflict,,true
c554c8e69f47f924a2b75151,Redbreast 12-year-old  Cask Strength,,,,W000421,redbreast 12yo cask strength,100.0,,KEEP_PRODUCT_FEATURE,score_gte_94_no_conflict,,true
4f7402fd9e7b986977fc019b,Redbreast 12-year-old  Cask Strength,,,,W000421,redbreast 12yo cask strength,100.0,,KEEP_PRODUCT_FEATURE,score_gte_94_no_conflict,,true
0480f4ed228bfdef60e42d84,Redbreast 12-year-old  Cask Strength,,,,W000421,redbreast 12yo cask strength,100.0,,KEEP_PRODUCT_FEATURE,score_gte_94_no_conflict,,true
5eb68b079bee106671b7ba75,Redbreast 12-year-old  Cask Strength,,,,W000421,redbreast 12yo cask strength,100.0,,KEEP_PRODUCT_FEATURE,score_gte_94_no_conflict,,true
425330298d82381d4f964903,Redbreast 12-year-old,,,,W000507,redbreast 12yo,100.0,,KEEP_PRODUCT_FEATURE,score_gte_94_no_conflict,,true
626caaf79f4b97cf92d57b04,Redbreast 12-year-old,,,,W000507,redbreast 12yo,100.0,,KEEP_PRODUCT_FEATURE,score_gte_94_no_conflict,,true
121ea0ef4ecc5e6d139b3e4d,Redbreast 12-year-old,,,2021,W000507,redbreast 12yo,100.0,,KEEP_PRODUCT_FEATURE,score_gte_94_no_conflict,,true
02e4ae9dc242fb6c4087b432,Redbreast 12-year-old,,,,W000507,redbreast 12yo,100.0,,KEEP_PRODUCT_FEATURE,score_gte_94_no_conflict,,true
74792a1ea0c92513a32bae15,Redbreast 12-year-old,,,,W000507,redbreast 12yo,100.0,,KEEP_PRODUCT_FEATURE,score_gte_94_no_conflict,,true
0187bcd4d492ea6ae8e43d4d,Redbreast 12-year-old,,,,W000507,redbreast 12yo,100.0,,KEEP_PRODUCT_FEATURE,score_gte_94_no_conflict,,true
1cd88974b751b2e40c1fbad3,Redbreast 12-year-old,,,2020,W000507,redbreast 12yo,100.0,,KEEP_PRODUCT_FEATURE,score_gte_94_no_conflict,,true
e6d39d89d74d73ba048ea73a,Redbreast 12-year-old,,,,W000507,redbreast 12yo,100.0,,KEEP_PRODUCT_FEATURE,score_gte_94_no_conflict,,true
4e48e79af26a35fad8cf708f,Redbreast 12-year-old,,,,W000507,redbreast 12yo,100.0,,KEEP_PRODUCT_FEATURE,score_gte_94_no_conflict,,true
c295016cf111406af24cde7c,Redbreast 15-year-old,,,,W000494,redbreast 15yo,100.0,,KEEP_PRODUCT_FEATURE,score_gte_94_no_conflict,,true
30675e806033c2280827d764,Redbreast 15-year-old,,,,W000494,redbreast 15yo,100.0,,KEEP_PRODUCT_FEATURE,score_gte_94_no_conflict,,true
932f90c79128cd6dc3eebad7,Redbreast 15-year-old,,,,W000494,redbreast 15yo,100.0,,KEEP_PRODUCT_FEATURE,score_gte_94_no_conflict,,true
d23facb10b4d30a9c5d1acf1,Redbreast 15-year-old,,,,W000494,redbreast 15yo,100.0,,KEEP_PRODUCT_FEATURE,score_gte_94_no_conflict,,true
f1cfdc29d7da39244ffa2db0,Redbreast 15-year-old,,,,W000494,redbreast 15yo,100.0,,KEEP_PRODUCT_FEATURE,score_gte_94_no_conflict,,true
ab1e7e778044dc98f194ab2e,Redbreast 15-year-old,,,,W000494,redbreast 15yo,100.0,,KEEP_PRODUCT_FEATURE,score_gte_94_no_conflict,,true
570c1ec212b6e9c339e5f8d3,Redbreast 15-year-old,,,2019,W000494,redbreast 15yo,100.0,,KEEP_PRODUCT_FEATURE,score_gte_94_no_conflict,,true
5407c6b46847b5b632f3b2da,Redbreast 15-year-old,,,,W000494,redbreast 15yo,100.0,,KEEP_PRODUCT_FEATURE,score_gte_94_no_conflict,,true
a0df0ad54d786e8c4a90549e,Redbreast 15-year-old,,,2019,W000494,redbreast 15yo,100.0,,KEEP_PRODUCT_FEATURE,score_gte_94_no_conflict,,true
c662c9aa3df1f70952e121ae,Redbreast 21-year-old,,,2016,W000045,redbreast 21yo,100.0,,KEEP_PRODUCT_FEATURE,score_gte_94_no_conflict,,true
e7a56923c50b60f2587da8f4,Redbreast 21-year-old,,,,W000045,redbreast 21yo,100.0,,KEEP_PRODUCT_FEATURE,score_gte_94_no_conflict,,true
d5c2c03b200f9140cc4695d8,Redbreast 21-year-old,,,,W000045,redbreast 21yo,100.0,,KEEP_PRODUCT_FEATURE,score_gte_94_no_conflict,,true
c49187c69155c15bb2197dd3,Redbreast 21-year-old,,,,W000045,redbreast 21yo,100.0,,KEEP_PRODUCT_FEATURE,score_gte_94_no_conflict,,true
51d8c2ae48308bbddf8f7324,Redbreast 21-year-old,,,,W000045,redbreast 21yo,100.0,,KEEP_PRODUCT_FEATURE,score_gte_94_no_conflict,,true
ce31bd4f9f2d7df122ca2039,Redbreast 21-year-old,,,,W000045,redbreast 21yo,100.0,,KEEP_PRODUCT_FEATURE,score_gte_94_no_conflict,,true
1c401a4ff2289a2f00f4fc2f,Redbreast 21-year-old,,,,W000045,redbreast 21yo,100.0,,KEEP_PRODUCT_FEATURE,score_gte_94_no_conflict,,true
4ba82855cc8f6d8da9a4f471,Redbreast 21-year-old,,,,W000045,redbreast 21yo,100.0,,KEEP_PRODUCT_FEATURE,score_gte_94_no_conflict,,true
41b62dc3396275b85496e51a,Redbreast 21-year-old,,,,W000045,redbreast 21yo,100.0,,KEEP_PRODUCT_FEATURE,score_gte_94_no_conflict,,true
569dd081de19ca502351daa2,Redbreast Lustau Edition,,,,W000233,redbreast lustau edition,100.0,,KEEP_PRODUCT_FEATURE,score_gte_94_no_conflict,,true
52d20bf477c5e8e2e38e1d6f,Redbreast Lustau Edition,,,,W000233,redbreast lustau edition,100.0,,KEEP_PRODUCT_FEATURE,score_gte_94_no_conflict,,true
dbfd92424316d5c5d8d93aae,Redbreast Lustau Edition,,,,W000233,redbreast lustau edition,100.0,,KEEP_PRODUCT_FEATURE,score_gte_94_no_conflict,,true
bd826ff7e382980c99545d9e,Redbreast Lustau Edition,,,,W000233,redbreast lustau edition,100.0,,KEEP_PRODUCT_FEATURE,score_gte_94_no_conflict,,true
0b1bb2a9d9adc27de11cda81,Redbreast Lustau Edition,,,,W000233,redbreast lustau edition,100.0,,KEEP_PRODUCT_FEATURE,score_gte_94_no_conflict,,true
fa951a907ffbfaa3d9f408d2,Redbreast Lustau Edition,,,1931,W000233,redbreast lustau edition,100.0,,KEEP_PRODUCT_FEATURE,score_gte_94_no_conflict,,true
c094eb239ab9861437c257d2,Redbreast Lustau Edition,,,,W000233,redbreast lustau edition,100.0,,KEEP_PRODUCT_FEATURE,score_gte_94_no_conflict,,true
eb965ea04192f337ae3f2877,Tullamore Dew Cider Cask Finish,,,,W001342,tullamore dew original blended,62.3,,REJECT_LOW_CONFIDENCE,score_lt_86,,true
7dde128925d0fa5b07266956,Tullamore Dew Cider Cask Finish,,,,W001342,tullamore dew original blended,62.3,,REJECT_LOW_CONFIDENCE,score_lt_86,,true
30c6ade378fee2aaaf59a497,Tullamore Dew Cider Cask Finish,,,,W001342,tullamore dew original blended,62.3,,REJECT_LOW_CONFIDENCE,score_lt_86,,true
2601146f6b3a011c9a5052b6,Tullamore Dew Finest Old Irish Whiskey,,,,W001296,jameson crested irish whiskey,62.69,,REJECT_LOW_CONFIDENCE,score_lt_86,,true
91896d765959bfcbd2e513dc,Tullamore Dew Finest Old Irish Whiskey,,,,W001296,jameson crested irish whiskey,62.69,,REJECT_LOW_CONFIDENCE,score_lt_86,,true
d8fe4b987dde61a378a3d21f,Tullamore Dew Finest Old Irish Whiskey,,,,W001296,jameson crested irish whiskey,62.69,,REJECT_LOW_CONFIDENCE,score_lt_86,,true
daa3e3c1c50a9d4299cd41ee,Tullamore Dew Finest Old Irish Whiskey,,,,W001296,jameson crested irish whiskey,62.69,,REJECT_LOW_CONFIDENCE,score_lt_86,,true
35bc593d267a95147cb397c4,Tullamore Dew The Legendary Irish Whiskey,,,,W000867,kilbeggan irish reserve malt whiskey,59.74,,REJECT_LOW_CONFIDENCE,score_lt_86,,true
db1a99f0e37f78410ca44ef0,Tullamore Dew The Legendary Irish Whiskey,,,,W000867,kilbeggan irish reserve malt whiskey,59.74,,REJECT_LOW_CONFIDENCE,score_lt_86,,true
23903ab7d2afb54cabe3c35a,Tullamore Dew The Legendary Irish Whiskey,,,,W000867,kilbeggan irish reserve malt whiskey,59.74,,REJECT_LOW_CONFIDENCE,score_lt_86,,true
1afc6100309c61aa8501f546,Tullamore Dew The Legendary Irish Whiskey,,,,W000867,kilbeggan irish reserve malt whiskey,59.74,,REJECT_LOW_CONFIDENCE,score_lt_86,,true
4a704b3fa79892f00ce5aa80,Tullamore Dew The Legendary Irish Whiskey,,,,W000867,kilbeggan irish reserve malt whiskey,59.74,,REJECT_LOW_CONFIDENCE,score_lt_86,,true
cac83ad3e2dea5c867918f0a,Tullamore Dew The Legendary Irish Whiskey,,,,W000867,kilbeggan irish reserve malt whiskey,59.74,,REJECT_LOW_CONFIDENCE,score_lt_86,,true
c1d5598d54ee0c9fb0072538,Tullamore Dew The Legendary Irish Whiskey,,,,W000867,kilbeggan irish reserve malt whiskey,59.74,,REJECT_LOW_CONFIDENCE,score_lt_86,,true
36e790d0cc3d83963559d5f5,Tullamore Dew The Legendary Irish Whiskey,,,,W000867,kilbeggan irish reserve malt whiskey,59.74,,REJECT_LOW_CONFIDENCE,score_lt_86,,true
4f794485011d097717fc7cdf,Miltonduff 05-year-old  100% Highland Malt Scotch Whisky,,,,W001353,bell's original scotch whisky,55.26,,REJECT_LOW_CONFIDENCE,score_lt_86,,true
7397a21f58105f33c4d37fa5,Miltonduff 05-year-old  100% Highland Malt Scotch Whisky,,,,W001353,bell's original scotch whisky,55.26,,REJECT_LOW_CONFIDENCE,score_lt_86,,true
9f44406a7017ff566545b45a,Miltonduff 05-year-old  100% Highland Malt Scotch Whisky,,,,W001353,bell's original scotch whisky,55.26,,REJECT_LOW_CONFIDENCE,score_lt_86,,true
2b91edcfed43ef06a36e6369,Miltonduff 12-year-old  Square bottle 100 % Highland Malt,,,,W000339,highland park 12yo saint magnus,53.85,,REJECT_LOW_CONFIDENCE,score_lt_86,,true
50e3e3b10248680bdf9d5e5a,Miltonduff 12-year-old  Square bottle 100 % Highland Malt,,,,W000339,highland park 12yo saint magnus,53.85,,REJECT_LOW_CONFIDENCE,score_lt_86,,true
639a341a86e22c031233ae81,Miltonduff 12-year-old  Square bottle 100 % Highland Malt,,,,W000339,highland park 12yo saint magnus,53.85,,REJECT_LOW_CONFIDENCE,score_lt_86,,true
be34acd3ad6aea4e43c1cd58,Miltonduff 12-year-old  Glenlivet Malt Whisky,,,,W000151,glenlivet nadurra 16yo,57.63,,REJECT_LOW_CONFIDENCE,score_lt_86,,true
b217314a3054199dec9e4035,Miltonduff 12-year-old  Glenlivet Malt Whisky,,,,W000151,glenlivet nadurra 16yo,57.63,,REJECT_LOW_CONFIDENCE,score_lt_86,,true
5944db5abfc852a7a1d23d56,Miltonduff 12-year-old  Glenlivet Malt Whisky,,,,W000151,glenlivet nadurra 16yo,57.63,,REJECT_LOW_CONFIDENCE,score_lt_86,,true
d1c20527c227baeb538bac46,Miltonduff 12-year-old  Glenlivet Malt Whisky,,,,W000151,glenlivet nadurra 16yo,57.63,,REJECT_LOW_CONFIDENCE,score_lt_86,,true
5e3f8740c1be1e94bf3a2cd6,Miltonduff 12-year-old  Pure Single Malt,,,1980,W000865,the quiet man 8yo single malt,65.57,,REJECT_LOW_CONFIDENCE,score_lt_86,,true
1f4ee32d4b4ec85e4420cfb0,Miltonduff 12-year-old  Pure Single Malt,,,,W000865,the quiet man 8yo single malt,65.57,,REJECT_LOW_CONFIDENCE,score_lt_86,,true
d6fa3c3b7388b205d4aabb91,Miltonduff 12-year-old  Pure Single Malt,,,1980,W000865,the quiet man 8yo single malt,65.57,,REJECT_LOW_CONFIDENCE,score_lt_86,,true
02278c0e18cd9e8b6d5273ed,Miltonduff 12-year-old  Pure Single Malt,,,,W000865,the quiet man 8yo single malt,65.57,,REJECT_LOW_CONFIDENCE,score_lt_86,,true
b682e4115d6abee003378c76,Miltonduff 12-year-old  Pure Single Malt,,,,W000865,the quiet man 8yo single malt,65.57,,REJECT_LOW_CONFIDENCE,score_lt_86,,true
554c3ab6af56b4e71f162f85,Miltonduff 13-year-old  Fine Old Highland Malt Scotch Whisky,,,,W000272,swiss highland classic single malt,55.81,,REJECT_LOW_CONFIDENCE,score_lt_86,,true
935bafc5ec0a5afe54260587,Miltonduff 13-year-old  Fine Old Highland Malt Scotch Whisky,,,,W000272,swiss highland classic single malt,55.81,,REJECT_LOW_CONFIDENCE,score_lt_86,,true
467cd4095d135c733e0af91a,Miltonduff 13-year-old  Liqueur Scotch Whisky,,,,W001353,bell's original scotch whisky,54.55,,REJECT_LOW_CONFIDENCE,score_lt_86,,true
286fb870f2f248501fd3e412,Miltonduff 13-year-old  Salengo Import,,,,W000663,miltonduff 10yo (f&f),61.22,,REJECT_LOW_CONFIDENCE,score_lt_86,,true
4eb9b0beb10b6ef62519b982,Miltonduff 13-year-old  Salengo Import,,,,W000663,miltonduff 10yo (f&f),61.22,,REJECT_LOW_CONFIDENCE,score_lt_86,,true
56504de529ee7caac946431e,Miltonduff 13-year-old  Salengo Import,,,2014,W000663,miltonduff 10yo (f&f),61.22,,REJECT_LOW_CONFIDENCE,score_lt_86,,true
c3492e30c8ac0939280b9929,Miltonduff 13-year-old  Salengo Import,,,2013,W000663,miltonduff 10yo (f&f),61.22,,REJECT_LOW_CONFIDENCE,score_lt_86,,true
a8389101892c99fa29a66d4e,Miltonduff 13-year-old  Salengo Import,,,2011,W000663,miltonduff 10yo (f&f),61.22,,REJECT_LOW_CONFIDENCE,score_lt_86,,true
06a56b5febbad453bed7e98f,Miltonduff 13-year-old  Salengo Import,,,1974,W000663,miltonduff 10yo (f&f),61.22,,REJECT_LOW_CONFIDENCE,score_lt_86,,true
9a06d0070caaf2fefdbf75bb,Miltonduff 13-year-old  Salengo Import,,,2013,W000663,miltonduff 10yo (f&f),61.22,,REJECT_LOW_CONFIDENCE,score_lt_86,,true
8704bd6063e79361bf682be4,Miltonduff 13-year-old  Salengo Import,,,,W000663,miltonduff 10yo (f&f),61.22,,REJECT_LOW_CONFIDENCE,score_lt_86,,true
3d10dcd1e67752e0df8364b0,Miltonduff 13-year-old  Very Old Scotch Whisky,,,,W001353,bell's original scotch whisky,53.73,,REJECT_LOW_CONFIDENCE,score_lt_86,,true
ef212ee0ec93da96f0620199,Miltonduff 13-year-old  Very Old Scotch Whisky,,,,W001353,bell's original scotch whisky,53.73,,REJECT_LOW_CONFIDENCE,score_lt_86,,true
cd45d7f617d9afc69ea54713,Miltonduff 13-year-old  Fine Old Highland Malt Scotch Whisky,,,,W000272,swiss highland classic single malt,55.81,,REJECT_LOW_CONFIDENCE,score_lt_86,,true
49d46ba4aeafd1c303e07955,Miltonduff 13-year-old  Fine Old Highland Malt Scotch Whisky,,,,W000272,swiss highland classic single malt,55.81,,REJECT_LOW_CONFIDENCE,score_lt_86,,true
cf0068b16da08d3d7e3d1418,Miltonduff 13-year-old  Fine Old Highland Malt Scotch Whisky,,,,W000272,swiss highland classic single malt,55.81,,REJECT_LOW_CONFIDENCE,score_lt_86,,true
a4c88c22e03c5d8928c68cd5,Miltonduff 15-year-old  Ballantine's Series No. 002,,,,W001396,canadian rockies 21yo (all editions),60.53,,REJECT_LOW_CONFIDENCE,score_lt_86,,true
cf39734600232c039d1320ec,Miltonduff 15-year-old  Ballantine's Series No. 002,,,,W001396,canadian rockies 21yo (all editions),60.53,,REJECT_LOW_CONFIDENCE,score_lt_86,,true
bfda70855b8a016e5a22f368,Miltonduff 15-year-old  Ballantine's Series No. 002,,,,W001396,canadian rockies 21yo (all editions),60.53,,REJECT_LOW_CONFIDENCE,score_lt_86,,true
1a35614269bddcd846b74fd1,Miltonduff 15-year-old  Ballantine's Series No. 002,,,,W001396,canadian rockies 21yo (all editions),60.53,,REJECT_LOW_CONFIDENCE,score_lt_86,,true
407c07f0e813c4abb573240f,Miltonduff 15-year-old  Ballantine's Series No. 002,,,,W001396,canadian rockies 21yo (all editions),60.53,,REJECT_LOW_CONFIDENCE,score_lt_86,,true
320709e00cbfae10df3f8f9e,Miltonduff 15-year-old  Ballantine's Series No. 002,,,,W001396,canadian rockies 21yo (all editions),60.53,,REJECT_LOW_CONFIDENCE,score_lt_86,,true
3ebbcbcba6987ef509f56232,Miltonduff 15-year-old  Ballantine's Series No. 002,,,,W001396,canadian rockies 21yo (all editions),60.53,,REJECT_LOW_CONFIDENCE,score_lt_86,,true
146f8ae4a1b6d47b1bf7e507,Miltonduff 15-year-old  Ballantine's Series No. 002,,,,W001396,canadian rockies 21yo (all editions),60.53,,REJECT_LOW_CONFIDENCE,score_lt_86,,true
30177eb3140801bf0e90ce4d,Miltonduff 15-year-old  Special Distillery Bottling - Allied,,,2007,W001204,caol ila distiller's edition (all editions),54.95,,REJECT_LOW_CONFIDENCE,score_lt_86,,true
6a6357650df102ff55395c9c,Miltonduff 15-year-old  Special Distillery Bottling - Allied,,,,W001204,caol ila distiller's edition (all editions),54.95,,REJECT_LOW_CONFIDENCE,score_lt_86,,true
c1605538325e69fb08703546,Miltonduff 15-year-old  Special Distillery Bottling - Allied,,,,W001204,caol ila distiller's edition (all editions),54.95,,REJECT_LOW_CONFIDENCE,score_lt_86,,true
c636ac9376180c03d80b794e,Miltonduff 15-year-old  Special Distillery Bottling - Allied,,,,W001204,caol ila distiller's edition (all editions),54.95,,REJECT_LOW_CONFIDENCE,score_lt_86,,true
a3ac17c09ee5c2b3588fe526,Miltonduff 15-year-old  Special Distillery Bottling - Allied,,,,W001204,caol ila distiller's edition (all editions),54.95,,REJECT_LOW_CONFIDENCE,score_lt_86,,true
262c4df1077467667b5b0591,Miltonduff 1991  Chivas Brothers - Cask Strength Edition,,,,W000744,arran malt 12yo cask strength (all editions),63.16,,REJECT_LOW_CONFIDENCE,score_lt_86,,true
f102cada209348d455412708,Miltonduff 1997  Chivas Brothers - Cask Strength Edition,,,2018,W000744,arran malt 12yo cask strength (all editions),63.16,,REJECT_LOW_CONFIDENCE,score_lt_86,,true
11b0cf25fa2dbd6b61a71727,Miltonduff 1997  Chivas Brothers - Cask Strength Edition,,,,W000744,arran malt 12yo cask strength (all editions),63.16,,REJECT_LOW_CONFIDENCE,score_lt_86,,true
dbf3bd7caf1ca46ec23cee7b,Miltonduff 1997  The Distillery Reserve Collection,,,,W000710,kavalan distillery reserve rum cask,57.14,,REJECT_LOW_CONFIDENCE,score_lt_86,,true
1e309f56e6db82d59169c663,Miltonduff 1997  The Distillery Reserve Collection,,,,W000710,kavalan distillery reserve rum cask,57.14,,REJECT_LOW_CONFIDENCE,score_lt_86,,true
35fa5ae7ccbba267bda6eed5,Miltonduff 1997  The Distillery Reserve Collection,,,,W000710,kavalan distillery reserve rum cask,57.14,,REJECT_LOW_CONFIDENCE,score_lt_86,,true
6c6bbea1c9138b98258d59a8,Miltonduff 1998  Chivas Brothers - Cask Strength Edition,,,,W000744,arran malt 12yo cask strength (all editions),63.16,,REJECT_LOW_CONFIDENCE,score_lt_86,,true
a30d33232ec359374a8a33b6,Miltonduff 1998  Chivas Brothers - Cask Strength Edition,,,2015,W000744,arran malt 12yo cask strength (all editions),63.16,,REJECT_LOW_CONFIDENCE,score_lt_86,,true
c88880db636e4075992e0149,Miltonduff 20-year-old  Forth Wines Ltd.,,,1950,W000663,miltonduff 10yo (f&f),68.0,,REJECT_LOW_CONFIDENCE,score_lt_86,,true
5a0a38d8ad1f0e2c7879cdd0,Miltonduff 20-year-old  Forth Wines Ltd.,,,,W000663,miltonduff 10yo (f&f),68.0,,REJECT_LOW_CONFIDENCE,score_lt_86,,true
8bf623318833130757b386d0,Miltonduff 20-year-old  Forth Wines Ltd.,,,1975,W000663,miltonduff 10yo (f&f),68.0,,REJECT_LOW_CONFIDENCE,score_lt_86,,true
b439b38b430a944d0611f332,Miltonduff 2005,,,,W000663,miltonduff 10yo (f&f),70.59,,REJECT_LOW_CONFIDENCE,score_lt_86,,true
cb711b7678030d58bbe45f89,Miltonduff 2005,,,2016,W000663,miltonduff 10yo (f&f),70.59,,REJECT_LOW_CONFIDENCE,score_lt_86,,true
30d92dd2002ce9290cce0a46,Miyagikyo Single Malt,,,,W000885,lohin mckinnon single malt,63.83,,REJECT_LOW_CONFIDENCE,score_lt_86,,true
5da6b44c40e324032bb28321,Nikka Coffey Malt Whisky,,,,W000523,nikka coffey malt,82.93,,REJECT_LOW_CONFIDENCE,score_lt_86,,true
25dc45b245f286e8adc78b72,Nikka Coffey Malt Whisky,,,2019,W000523,nikka coffey malt,82.93,,REJECT_LOW_CONFIDENCE,score_lt_86,,true
70b09d7c5656c682b6e8db86,Nikka Coffey Malt Whisky,,,,W000523,nikka coffey malt,82.93,,REJECT_LOW_CONFIDENCE,score_lt_86,,true
4c52becdc58608793338816f,Nikka Coffey Malt Whisky,,,,W000523,nikka coffey malt,82.93,,REJECT_LOW_CONFIDENCE,score_lt_86,,true
899e2fb904d8bfcdceb4a6bb,Nikka Coffey Malt Whisky,,,,W000523,nikka coffey malt,82.93,,REJECT_LOW_CONFIDENCE,score_lt_86,,true
ccc586bfa71302bee71b3a13,Nikka Coffey Malt Whisky,,,,W000523,nikka coffey malt,82.93,,REJECT_LOW_CONFIDENCE,score_lt_86,,true
d73d9e9557511f9083dc6f71,Taketsuru Pure Malt,,,2020,W000805,nikka taketsuru nas,63.16,,REJECT_LOW_CONFIDENCE,score_lt_86,,true
aa07a1981d902a1b5bf039bc,Taketsuru Pure Malt,,,,W000805,nikka taketsuru nas,63.16,,REJECT_LOW_CONFIDENCE,score_lt_86,,true
fdd287672d4b5efb98c70716,Mortlach 12-year-old  The Wee Witchie,,,2015,W000550,mortlach 12yo,61.9,,REJECT_LOW_CONFIDENCE,score_lt_86,,true
0616bf4bdf8203cd8c3372ee,Mortlach 12-year-old  The Wee Witchie,,,,W000550,mortlach 12yo,61.9,,REJECT_LOW_CONFIDENCE,score_lt_86,,true
0b9b95999365b6ba3462f5a9,Mortlach 12-year-old  The Wee Witchie,,,,W000550,mortlach 12yo,61.9,,REJECT_LOW_CONFIDENCE,score_lt_86,,true
54c1ce6a1f763ef0d4a4b691,Mortlach 12-year-old  The Wee Witchie,,,,W000550,mortlach 12yo,61.9,,REJECT_LOW_CONFIDENCE,score_lt_86,,true
42ae45ce402ee86c672ce8db,Mortlach 12-year-old  The Wee Witchie,,,,W000550,mortlach 12yo,61.9,,REJECT_LOW_CONFIDENCE,score_lt_86,,true
2bed9b7dc0a03a22d5842862,Mortlach 12-year-old  The Wee Witchie,,,,W000550,mortlach 12yo,61.9,,REJECT_LOW_CONFIDENCE,score_lt_86,,true
579e52691320f0a51c58ea0b,Mortlach 12-year-old  The Wee Witchie,,,,W000550,mortlach 12yo,61.9,,REJECT_LOW_CONFIDENCE,score_lt_86,,true
2be10baf3858664463bdde1b,Mortlach 12-year-old  The Wee Witchie,,,,W000550,mortlach 12yo,61.9,,REJECT_LOW_CONFIDENCE,score_lt_86,,true
5889758905314f20b018588f,Mortlach 12-year-old  The Wee Witchie,,,,W000550,mortlach 12yo,61.9,,REJECT_LOW_CONFIDENCE,score_lt_86,,true
b466847c2491abd80a8b67b4,Mortlach 12-year-old  The Wee Witchie,,,,W000550,mortlach 12yo,61.9,,REJECT_LOW_CONFIDENCE,score_lt_86,,true
71441a68449514a4fcc32c85,Mortlach 16-year-old  Distiller's Dram,,,2018,W000216,mortlach 16yo (f&f),63.83,,REJECT_LOW_CONFIDENCE,score_lt_86,,true
ddfe67ba0ee4e5a787444343,Mortlach 16-year-old  Distiller's Dram,,,,W000216,mortlach 16yo (f&f),63.83,,REJECT_LOW_CONFIDENCE,score_lt_86,,true
301ad8cf9b40ec0db2aefb8d,Mortlach 16-year-old  Distiller's Dram,,,,W000216,mortlach 16yo (f&f),63.83,,REJECT_LOW_CONFIDENCE,score_lt_86,,true
4bd0ffeb7cb1f7c81937eabf,Mortlach 16-year-old  Distiller's Dram,,,,W000216,mortlach 16yo (f&f),63.83,,REJECT_LOW_CONFIDENCE,score_lt_86,,true
91800e7809a4f282050a46dc,Mortlach 16-year-old  Distiller's Dram,,,,W000216,mortlach 16yo (f&f),63.83,,REJECT_LOW_CONFIDENCE,score_lt_86,,true
3cc6fe632e966b98c8c22f32,Mortlach 16-year-old  Distiller's Dram,,,,W000216,mortlach 16yo (f&f),63.83,,REJECT_LOW_CONFIDENCE,score_lt_86,,true
7ab19a147f725bf085cd3a45,Mortlach 16-year-old  Distiller's Dram,,,,W000216,mortlach 16yo (f&f),63.83,,REJECT_LOW_CONFIDENCE,score_lt_86,,true
cb651fa06f8144da833e963a,Mortlach 16-year-old  Distiller's Dram,,,,W000216,mortlach 16yo (f&f),63.83,,REJECT_LOW_CONFIDENCE,score_lt_86,,true
3f0563876390ba9af818a3ef,Mortlach 16-year-old  Distiller's Dram,,,,W000216,mortlach 16yo (f&f),63.83,,REJECT_LOW_CONFIDENCE,score_lt_86,,true
15ab46cc33fcf1ae002b13b9,Mortlach 16-year-old  Distiller's Dram,,,,W000216,mortlach 16yo (f&f),63.83,,REJECT_LOW_CONFIDENCE,score_lt_86,,true
a89314b4b6c0d2d9cb1404ad,Mortlach 20-year-old  Cowie's Blue Seal,,,,W000550,mortlach 12yo,54.55,,REJECT_LOW_CONFIDENCE,score_lt_86,,true
e282b741967572f408d3f4de,Mortlach 20-year-old  Cowie's Blue Seal,,,,W000550,mortlach 12yo,54.55,,REJECT_LOW_CONFIDENCE,score_lt_86,,true
431195e43662ae2e1e684380,Mortlach 20-year-old  Cowie's Blue Seal,,,,W000550,mortlach 12yo,54.55,,REJECT_LOW_CONFIDENCE,score_lt_86,,true
59456d373173614d270d9725,Mortlach 20-year-old  Cowie's Blue Seal,,,,W000550,mortlach 12yo,54.55,,REJECT_LOW_CONFIDENCE,score_lt_86,,true
400d00f807064f545d92b00b,Mortlach 20-year-old  Cowie's Blue Seal,,,,W000550,mortlach 12yo,54.55,,REJECT_LOW_CONFIDENCE,score_lt_86,,true
bf8efbd9e6f7068a6befe191,Mortlach 20-year-old  Cowie's Blue Seal,,,,W000550,mortlach 12yo,54.55,,REJECT_LOW_CONFIDENCE,score_lt_86,,true
cbb6feab1b7e6e3dfa6e4d7c,Mortlach 20-year-old  Cowie's Blue Seal,,,,W000550,mortlach 12yo,54.55,,REJECT_LOW_CONFIDENCE,score_lt_86,,true
6319caa208865713142252e1,Mortlach 20-year-old  Cowie's Blue Seal,,,,W000550,mortlach 12yo,54.55,,REJECT_LOW_CONFIDENCE,score_lt_86,,true
8b8e1859a95c4e50bd07be8c,Mortlach 20-year-old  Cowie's Blue Seal,,,,W000550,mortlach 12yo,54.55,,REJECT_LOW_CONFIDENCE,score_lt_86,,true
b326e0d2178a61f1e52bc3bf,808 Single Grain Scotch Whisky,,,,W000799,kavalan single malt whisky,64.29,,REJECT_LOW_CONFIDENCE,score_lt_86,,true
fd94b3fa764da18a1393a078,North British 1960  The Incorporation Edition,,,,W001096,bruichladdich octomore 10 (third edition),60.24,,REJECT_LOW_CONFIDENCE,score_lt_86,,true
94b8a9feed0aa69976aef2b7,North British 1980,,,,W000434,bruichladdich the organic 2010,54.17,,REJECT_LOW_CONFIDENCE,score_lt_86,,true
cc3515fdcfe9a52f269f2dca,North British 20-year-old,,,,W000828,benriach 20yo,58.06,,REJECT_LOW_CONFIDENCE,score_lt_86,,true
de7f81d9ec8f4a7dfa819d82,Old Pulteney 12-year-old  The Maritime Malt,,,,W000612,old pulteney 12yo,65.38,,REJECT_LOW_CONFIDENCE,score_lt_86,,true
8fc89060124f2022c1a9ecdc,Old Pulteney 12-year-old  The Maritime Malt,,,,W000612,old pulteney 12yo,65.38,,REJECT_LOW_CONFIDENCE,score_lt_86,,true
78466bd7a018cc6f4d6763f7,Old Pulteney 12-year-old  The Maritime Malt,,,,W000612,old pulteney 12yo,65.38,,REJECT_LOW_CONFIDENCE,score_lt_86,,true
25a2ae3d2136d43043158298,Old Pulteney 12-year-old  The Maritime Malt,,,,W000612,old pulteney 12yo,65.38,,REJECT_LOW_CONFIDENCE,score_lt_86,,true
59f4aa438ca8e9a9dac43be3,Old Pulteney 12-year-old  The Maritime Malt,,,,W000612,old pulteney 12yo,65.38,,REJECT_LOW_CONFIDENCE,score_lt_86,,true
0889706c5e9a3b9af3a7272c,Old Pulteney 12-year-old  The Maritime Malt,,,,W000612,old pulteney 12yo,65.38,,REJECT_LOW_CONFIDENCE,score_lt_86,,true
75c66bf701ee93a949788cd3,Old Pulteney 12-year-old  The Maritime Malt,,,,W000612,old pulteney 12yo,65.38,,REJECT_LOW_CONFIDENCE,score_lt_86,,true
e829579bf720eae78f9d8668,Old Pulteney 12-year-old  The Maritime Malt,,,,W000612,old pulteney 12yo,65.38,,REJECT_LOW_CONFIDENCE,score_lt_86,,true
cd3d19a19ed48a7f77e11aec,Old Pulteney 15-year-old  The Maritime Malt,,,2006,W000493,old pulteney 15yo,65.38,,REJECT_LOW_CONFIDENCE,score_lt_86,,true
ef512e4994042f261cf6b883,Old Pulteney 15-year-old  The Maritime Malt,,,,W000493,old pulteney 15yo,65.38,,REJECT_LOW_CONFIDENCE,score_lt_86,,true
59bbaafe53986ee3622bc50d,Old Pulteney 15-year-old  The Maritime Malt,,,,W000493,old pulteney 15yo,65.38,,REJECT_LOW_CONFIDENCE,score_lt_86,,true
5ba5acd3470df0ee900281b9,Old Pulteney 15-year-old  The Maritime Malt,,,,W000493,old pulteney 15yo,65.38,,REJECT_LOW_CONFIDENCE,score_lt_86,,true
da96b6e138fe5d520d461482,Old Pulteney 15-year-old  The Maritime Malt,,,,W000493,old pulteney 15yo,65.38,,REJECT_LOW_CONFIDENCE,score_lt_86,,true
a777178b406a7d042ffcd3a9,Old Pulteney 15-year-old  The Maritime Malt,,,,W000493,old pulteney 15yo,65.38,,REJECT_LOW_CONFIDENCE,score_lt_86,,true
cbe48394ab37506e8b2f8a4c,Old Pulteney 15-year-old  The Maritime Malt,,,,W000493,old pulteney 15yo,65.38,,REJECT_LOW_CONFIDENCE,score_lt_86,,true
7645153562f1d028ef241a49,Old Pulteney 18-year-old  The Maritime Malt,,,,W000547,old pulteney 18yo,65.38,,REJECT_LOW_CONFIDENCE,score_lt_86,,true
c81c69a00325802dbac5770f,Old Pulteney 18-year-old  The Maritime Malt,,,2019,W000547,old pulteney 18yo,65.38,,REJECT_LOW_CONFIDENCE,score_lt_86,,true
7cfd2058c3fc920d8e15e25d,Old Pulteney 18-year-old  The Maritime Malt,,,,W000547,old pulteney 18yo,65.38,,REJECT_LOW_CONFIDENCE,score_lt_86,,true
c093f640661a4935903158a8,Old Pulteney 18-year-old  The Maritime Malt,,,2019,W000547,old pulteney 18yo,65.38,,REJECT_LOW_CONFIDENCE,score_lt_86,,true
6b10e1b569e1572b93730f78,Old Pulteney 18-year-old  The Maritime Malt,,,,W000547,old pulteney 18yo,65.38,,REJECT_LOW_CONFIDENCE,score_lt_86,,true
68f874fec65a4bd0a78abcc4,Old Pulteney 18-year-old  The Maritime Malt,,,,W000547,old pulteney 18yo,65.38,,REJECT_LOW_CONFIDENCE,score_lt_86,,true
4a0470ce9174f7c44dee5724,Old Pulteney 18-year-old  The Maritime Malt,,,,W000547,old pulteney 18yo,65.38,,REJECT_LOW_CONFIDENCE,score_lt_86,,true
aaf0a35580d6b71c48dda40e,Old Pulteney 18-year-old  The Maritime Malt,,,,W000547,old pulteney 18yo,65.38,,REJECT_LOW_CONFIDENCE,score_lt_86,,true
95bcb5abfd4625678ae060a9,Port Ellen  1st Release  Diageo Special Releases 2001,,,2019,W000489,cragganmore nas (special release 2016),64.37,,REJECT_LOW_CONFIDENCE,score_lt_86,,true
31e88a723f765328c8a9ef93,Port Ellen  1st Release  Diageo Special Releases 2001,,,,W000489,cragganmore nas (special release 2016),64.37,,REJECT_LOW_CONFIDENCE,score_lt_86,,true
18036e338754fb66c5937e65,Port Ellen  1st Release  Diageo Special Releases 2001,,,,W000489,cragganmore nas (special release 2016),64.37,,REJECT_LOW_CONFIDENCE,score_lt_86,,true
93a9af9bcb51666a94f4d28b,Port Ellen  1st Release  Diageo Special Releases 2001,,,,W000489,cragganmore nas (special release 2016),64.37,,REJECT_LOW_CONFIDENCE,score_lt_86,,true
cb4b0ea18180ad0a7b9ffdc0,Port Ellen  1st Release  Diageo Special Releases 2001,,,,W000489,cragganmore nas (special release 2016),64.37,,REJECT_LOW_CONFIDENCE,score_lt_86,,true
968ccd8c58445a782209563d,Port Ellen  1st Release  Diageo Special Releases 2001,,,,W000489,cragganmore nas (special release 2016),64.37,,REJECT_LOW_CONFIDENCE,score_lt_86,,true
e8d3fd6d5468d238b6cd649c,Port Ellen  1st Release  Diageo Special Releases 2001,,,,W000489,cragganmore nas (special release 2016),64.37,,REJECT_LOW_CONFIDENCE,score_lt_86,,true
b74ce4529a1fa4f8cf3c0e6a,Port Ellen  1st Release  Diageo Special Releases 2001,,,,W000489,cragganmore nas (special release 2016),64.37,,REJECT_LOW_CONFIDENCE,score_lt_86,,true
3892df1de0e145d500034e18,Port Ellen  1st Release  Diageo Special Releases 2001,,,,W000489,cragganmore nas (special release 2016),64.37,,REJECT_LOW_CONFIDENCE,score_lt_86,,true
3efd4e1acb73912d919fa9da,Port Ellen  2nd Release  Diageo Special Releases 2002,,,,W000489,cragganmore nas (special release 2016),62.07,,REJECT_LOW_CONFIDENCE,score_lt_86,,true
9d96165dc194985ace0fb3e9,Port Ellen  2nd Release  Diageo Special Releases 2002,,,,W000489,cragganmore nas (special release 2016),62.07,,REJECT_LOW_CONFIDENCE,score_lt_86,,true
3bc00c3ef51508945ee92690,Port Ellen  2nd Release  Diageo Special Releases 2002,,,,W000489,cragganmore nas (special release 2016),62.07,,REJECT_LOW_CONFIDENCE,score_lt_86,,true
d03a1ee9158c25db03766ab9,Port Ellen  2nd Release  Diageo Special Releases 2002,,,,W000489,cragganmore nas (special release 2016),62.07,,REJECT_LOW_CONFIDENCE,score_lt_86,,true
c8c265613d19789ad050eafb,Port Ellen  2nd Release  Diageo Special Releases 2002,,,,W000489,cragganmore nas (special release 2016),62.07,,REJECT_LOW_CONFIDENCE,score_lt_86,,true
16bfaf95e71c3b86800b9dd0,Port Ellen  3rd Release  Diageo Special Releases 2003,,,1977,W000489,cragganmore nas (special release 2016),64.37,,REJECT_LOW_CONFIDENCE,score_lt_86,,true
1a9bf496bab779d7eb27e101,Port Ellen  3rd Release  Diageo Special Releases 2003,,,,W000489,cragganmore nas (special release 2016),64.37,,REJECT_LOW_CONFIDENCE,score_lt_86,,true
fe2ea1b39999a74f0fa86cdd,Port Ellen  3rd Release  Diageo Special Releases 2003,,,,W000489,cragganmore nas (special release 2016),64.37,,REJECT_LOW_CONFIDENCE,score_lt_86,,true
26925140f9a120a36e499463,Port Ellen  3rd Release  Diageo Special Releases 2003,,,,W000489,cragganmore nas (special release 2016),64.37,,REJECT_LOW_CONFIDENCE,score_lt_86,,true
58c1a4294188e9b8af150b7b,Port Ellen  3rd Release  Diageo Special Releases 2003,,,,W000489,cragganmore nas (special release 2016),64.37,,REJECT_LOW_CONFIDENCE,score_lt_86,,true
e1505062a7aa095db546427f,Port Ellen  3rd Release  Diageo Special Releases 2003,,,,W000489,cragganmore nas (special release 2016),64.37,,REJECT_LOW_CONFIDENCE,score_lt_86,,true
b4f9421eb2be4cafe4df1697,Port Ellen  3rd Release  Diageo Special Releases 2003,,,,W000489,cragganmore nas (special release 2016),64.37,,REJECT_LOW_CONFIDENCE,score_lt_86,,true
32208b3f19194d1205909845,Port Ellen  3rd Release  Diageo Special Releases 2003,,,,W000489,cragganmore nas (special release 2016),64.37,,REJECT_LOW_CONFIDENCE,score_lt_86,,true
030d379c87fdf344d7db8077,Port Ellen  4th Release  Diageo Special Releases 2004,,,1970,W000489,cragganmore nas (special release 2016),62.07,,REJECT_LOW_CONFIDENCE,score_lt_86,,true
536756877465971ba42f294e,Port Ellen  4th Release  Diageo Special Releases 2004,,,,W000489,cragganmore nas (special release 2016),62.07,,REJECT_LOW_CONFIDENCE,score_lt_86,,true
8cae5e1d46c19c97fdabb831,Port Ellen  4th Release  Diageo Special Releases 2004,,,,W000489,cragganmore nas (special release 2016),62.07,,REJECT_LOW_CONFIDENCE,score_lt_86,,true
b4df7fd7fd8a7616d7379fdf,Port Ellen  4th Release  Diageo Special Releases 2004,,,,W000489,cragganmore nas (special release 2016),62.07,,REJECT_LOW_CONFIDENCE,score_lt_86,,true
c3ffad2f716cf4776def828a,Port Ellen  4th Release  Diageo Special Releases 2004,,,1979,W000489,cragganmore nas (special release 2016),62.07,,REJECT_LOW_CONFIDENCE,score_lt_86,,true
911834cccf4866819b4877b4,Port Ellen  5th Release  Diageo Special Releases 2005,,,2020,W000489,cragganmore nas (special release 2016),62.07,,REJECT_LOW_CONFIDENCE,score_lt_86,,true
ba111990b6917282f8fb3922,Port Ellen  5th Release  Diageo Special Releases 2005,,,2017,W000489,cragganmore nas (special release 2016),62.07,,REJECT_LOW_CONFIDENCE,score_lt_86,,true
dd35b272016896d16b3c05bf,Port Ellen  5th Release  Diageo Special Releases 2005,,,,W000489,cragganmore nas (special release 2016),62.07,,REJECT_LOW_CONFIDENCE,score_lt_86,,true
3a7a88d9e25925da8b4410db,Port Ellen  5th Release  Diageo Special Releases 2005,,,,W000489,cragganmore nas (special release 2016),62.07,,REJECT_LOW_CONFIDENCE,score_lt_86,,true
e2c97a6e96197016f9249910,Port Ellen  5th Release  Diageo Special Releases 2005,,,,W000489,cragganmore nas (special release 2016),62.07,,REJECT_LOW_CONFIDENCE,score_lt_86,,true
c629775f32f6cb9bbeeed93e,Port Ellen  5th Release  Diageo Special Releases 2005,,,,W000489,cragganmore nas (special release 2016),62.07,,REJECT_LOW_CONFIDENCE,score_lt_86,,true
e3328ff46538851fd153ec96,Port Ellen  5th Release  Diageo Special Releases 2005,,,,W000489,cragganmore nas (special release 2016),62.07,,REJECT_LOW_CONFIDENCE,score_lt_86,,true
aff8bd0b6183e9fd9656d44a,Port Ellen  5th Release  Diageo Special Releases 2005,,,,W000489,cragganmore nas (special release 2016),62.07,,REJECT_LOW_CONFIDENCE,score_lt_86,,true
884e1187c30ded0f7e56798b,Port Ellen  5th Release,,,2005,W000922,port ellen 4th release 25yo,89.8,,REVIEW_PRODUCT_FEATURE,score_86_93_no_conflict,,true
b918bd9aededc2e16df75fcd,Port Ellen  5th Release,,,,W000922,port ellen 4th release 25yo,89.8,,REVIEW_PRODUCT_FEATURE,score_86_93_no_conflict,,true
b8887c017134c826e92a5602,Port Ellen  6th Release  Diageo Special Releases 2006,,,,W000489,cragganmore nas (special release 2016),64.37,,REJECT_LOW_CONFIDENCE,score_lt_86,,true
1a543196ceffdd7accfc9475,Port Ellen  6th Release  Diageo Special Releases 2006,,,,W000489,cragganmore nas (special release 2016),64.37,,REJECT_LOW_CONFIDENCE,score_lt_86,,true
e2270ffb25d92c58b8756f62,Port Ellen  6th Release  Diageo Special Releases 2006,,,,W000489,cragganmore nas (special release 2016),64.37,,REJECT_LOW_CONFIDENCE,score_lt_86,,true
0bceb123d4d6ab40408a547e,Port Ellen  6th Release  Diageo Special Releases 2006,,,,W000489,cragganmore nas (special release 2016),64.37,,REJECT_LOW_CONFIDENCE,score_lt_86,,true
d65a9b0c5c81b219dfcc18f2,Port Ellen  6th Release  Diageo Special Releases 2006,,,2006,W000489,cragganmore nas (special release 2016),64.37,,REJECT_LOW_CONFIDENCE,score_lt_86,,true
bb99f19cb5af16a4435c1c24,Port Ellen  6th Release  Diageo Special Releases 2006,,,2066,W000489,cragganmore nas (special release 2016),64.37,,REJECT_LOW_CONFIDENCE,score_lt_86,,true
56993cd3108815ef12f4b482,Port Ellen  6th Release  Diageo Special Releases 2006,,,,W000489,cragganmore nas (special release 2016),64.37,,REJECT_LOW_CONFIDENCE,score_lt_86,,true
82ae3df418b365c86cb85b5e,Port Ellen  6th Release  Diageo Special Releases 2006,,,2013,W000489,cragganmore nas (special release 2016),64.37,,REJECT_LOW_CONFIDENCE,score_lt_86,,true
e94e264a05c93b8597885668,Port Ellen  6th Release  Diageo Special Releases 2006,,,,W000489,cragganmore nas (special release 2016),64.37,,REJECT_LOW_CONFIDENCE,score_lt_86,,true
1466ef1047e637c4c9b495c0,Port Ellen  6th Release  Diageo Special Releases 2006,,,2021,W000489,cragganmore nas (special release 2016),64.37,,REJECT_LOW_CONFIDENCE,score_lt_86,,true
4c07ee21dcad00a50a0f7297,Port Ellen  6th Release  Diageo Special Releases 2006,,,,W000489,cragganmore nas (special release 2016),64.37,,REJECT_LOW_CONFIDENCE,score_lt_86,,true
c509f1af2138ad2b28e9dfa0,Port Ellen  6th Release  Diageo Special Releases 2006,,,2014,W000489,cragganmore nas (special release 2016),64.37,,REJECT_LOW_CONFIDENCE,score_lt_86,,true
60440a1ddf524d2dc002b1b8,Port Ellen  6th Release  Diageo Special Releases 2006,,,,W000489,cragganmore nas (special release 2016),64.37,,REJECT_LOW_CONFIDENCE,score_lt_86,,true
2c832ec52966cf790dd55e35,Port Ellen  6th Release  Diageo Special Releases 2006,,,,W000489,cragganmore nas (special release 2016),64.37,,REJECT_LOW_CONFIDENCE,score_lt_86,,true
84cab112551f119dfbeec933,Port Ellen  6th Release  Diageo Special Releases 2006,,,,W000489,cragganmore nas (special release 2016),64.37,,REJECT_LOW_CONFIDENCE,score_lt_86,,true
0c040ea63fb4412ef5ff6426,Port Ellen  6th Release  Diageo Special Releases 2006,,,2017,W000489,cragganmore nas (special release 2016),64.37,,REJECT_LOW_CONFIDENCE,score_lt_86,,true
8406f7199fd107b500966f34,Port Ellen  6th Release  Diageo Special Releases 2006,,,,W000489,cragganmore nas (special release 2016),64.37,,REJECT_LOW_CONFIDENCE,score_lt_86,,true
0e145ca4ced2bd2459c0fd91,Port Ellen  7th Release  Diageo Special Releases 2007,,,,W000489,cragganmore nas (special release 2016),62.07,,REJECT_LOW_CONFIDENCE,score_lt_86,,true
ffdf6e75605e8cb8c51d142d,Port Ellen  7th Release  Diageo Special Releases 2007,,,2017,W000489,cragganmore nas (special release 2016),62.07,,REJECT_LOW_CONFIDENCE,score_lt_86,,true
10d4b86af29a95fe51265209,Port Ellen  7th Release  Diageo Special Releases 2007,,,,W000489,cragganmore nas (special release 2016),62.07,,REJECT_LOW_CONFIDENCE,score_lt_86,,true
a881f12fa384d94364b92ba4,Port Ellen  7th Release  Diageo Special Releases 2007,,,,W000489,cragganmore nas (special release 2016),62.07,,REJECT_LOW_CONFIDENCE,score_lt_86,,true
d803741fd1285ed4dd40aeb6,Port Ellen  7th Release  Diageo Special Releases 2007,,,,W000489,cragganmore nas (special release 2016),62.07,,REJECT_LOW_CONFIDENCE,score_lt_86,,true
ed3861a27e35df522207ec3a,Port Ellen  7th Release  Diageo Special Releases 2007,,,,W000489,cragganmore nas (special release 2016),62.07,,REJECT_LOW_CONFIDENCE,score_lt_86,,true
a70ff974c00aec4440259851,Port Ellen  7th Release  Diageo Special Releases 2007,,,,W000489,cragganmore nas (special release 2016),62.07,,REJECT_LOW_CONFIDENCE,score_lt_86,,true
a3a7be6b640aeb36496954b8,Port Ellen  7th Release  Diageo Special Releases 2007,,,,W000489,cragganmore nas (special release 2016),62.07,,REJECT_LOW_CONFIDENCE,score_lt_86,,true
36d814992fd1011b6f730cb5,Port Ellen  7th Release  Diageo Special Releases 2007,,,,W000489,cragganmore nas (special release 2016),62.07,,REJECT_LOW_CONFIDENCE,score_lt_86,,true
3a25b2ea69f6c502ff9f81ee,Port Ellen  7th Release  Diageo Special Releases 2007,,,,W000489,cragganmore nas (special release 2016),62.07,,REJECT_LOW_CONFIDENCE,score_lt_86,,true
06a1b20d836e059b5df89c89,Port Ellen  7th Release  Islay Collection,,,2018,W000923,port ellen 17th release 37yo,71.64,,REJECT_LOW_CONFIDENCE,score_lt_86,,true
71491808c18bf4e10ffc4e6f,Port Ellen  7th Release  Islay Collection,,,,W000923,port ellen 17th release 37yo,71.64,,REJECT_LOW_CONFIDENCE,score_lt_86,,true
5e6562b4c944b55e2f60c7de,Port Ellen  7th Release  Islay Collection,,,,W000923,port ellen 17th release 37yo,71.64,,REJECT_LOW_CONFIDENCE,score_lt_86,,true
b7c471870056c5baffb642e0,Port Ellen  7th Release  Islay Collection,,,2020,W000923,port ellen 17th release 37yo,71.64,,REJECT_LOW_CONFIDENCE,score_lt_86,,true
ee7d97b4dba6a54243255d75,Port Ellen  7th Release  Islay Collection,,,,W000923,port ellen 17th release 37yo,71.64,,REJECT_LOW_CONFIDENCE,score_lt_86,,true
84f11e58d2b0f696346d7c5c,Port Ellen  7th Release  Islay Collection,,,,W000923,port ellen 17th release 37yo,71.64,,REJECT_LOW_CONFIDENCE,score_lt_86,,true
4184c90c0a43819b9abb0643,Port Ellen  8th Release  Diageo Special Releases 2008,,,,W000489,cragganmore nas (special release 2016),62.07,,REJECT_LOW_CONFIDENCE,score_lt_86,,true
478bcb25b21cae9ff8e70da9,Port Ellen  8th Release  Diageo Special Releases 2008,,,,W000489,cragganmore nas (special release 2016),62.07,,REJECT_LOW_CONFIDENCE,score_lt_86,,true
016a1f4062b5081f264da610,Port Ellen  8th Release  Diageo Special Releases 2008,,,,W000489,cragganmore nas (special release 2016),62.07,,REJECT_LOW_CONFIDENCE,score_lt_86,,true
09ad2f49c6fcce9416faec78,Port Ellen  8th Release  Diageo Special Releases 2008,,,,W000489,cragganmore nas (special release 2016),62.07,,REJECT_LOW_CONFIDENCE,score_lt_86,,true
17cc10d171c9293899a3178b,Port Ellen  8th Release  Diageo Special Releases 2008,,,,W000489,cragganmore nas (special release 2016),62.07,,REJECT_LOW_CONFIDENCE,score_lt_86,,true
c2278de9950e2daf9edc6c8d,Port Ellen  8th Release  Diageo Special Releases 2008,,,2017,W000489,cragganmore nas (special release 2016),62.07,,REJECT_LOW_CONFIDENCE,score_lt_86,,true
e31ef21245b5961f82e1132c,Port Ellen  8th Release  Diageo Special Releases 2008,,,,W000489,cragganmore nas (special release 2016),62.07,,REJECT_LOW_CONFIDENCE,score_lt_86,,true
54a8429dbf3ed08277f0ad49,Port Ellen  8th Release  Diageo Special Releases 2008,,,,W000489,cragganmore nas (special release 2016),62.07,,REJECT_LOW_CONFIDENCE,score_lt_86,,true
6498628dc18aee2cd8b87728,Port Ellen  8th Release  Diageo Special Releases 2008,,,,W000489,cragganmore nas (special release 2016),62.07,,REJECT_LOW_CONFIDENCE,score_lt_86,,true
83f1b706793a64af4b7c478b,Port Ellen  9th Release  Diageo Special Releases 2009,,,2021,W000489,cragganmore nas (special release 2016),62.07,,REJECT_LOW_CONFIDENCE,score_lt_86,,true
754511361386914de70efc33,Port Ellen  9th Release  Diageo Special Releases 2009,,,,W000489,cragganmore nas (special release 2016),62.07,,REJECT_LOW_CONFIDENCE,score_lt_86,,true
232446603de300c9d1f19511,Port Ellen  9th Release  Diageo Special Releases 2009,,,,W000489,cragganmore nas (special release 2016),62.07,,REJECT_LOW_CONFIDENCE,score_lt_86,,true
85626e0f3e18997e2023acad,Port Ellen  9th Release  Diageo Special Releases 2009,,,,W000489,cragganmore nas (special release 2016),62.07,,REJECT_LOW_CONFIDENCE,score_lt_86,,true
65ee0b6ce9ff9b2ad3f9382f,Port Ellen  9th Release  Diageo Special Releases 2009,,,,W000489,cragganmore nas (special release 2016),62.07,,REJECT_LOW_CONFIDENCE,score_lt_86,,true
d4b7d37cbcacf5ce654042ea,Port Ellen  9th Release  Diageo Special Releases 2009,,,,W000489,cragganmore nas (special release 2016),62.07,,REJECT_LOW_CONFIDENCE,score_lt_86,,true
70ee152beabacd6afa23ae0c,Port Ellen  9th Release  Diageo Special Releases 2009,,,,W000489,cragganmore nas (special release 2016),62.07,,REJECT_LOW_CONFIDENCE,score_lt_86,,true
83db55a11187865fc06b5c52,Port Ellen 10th Release  Diageo Special Releases 2010,,,,W000911,port ellen 10th release 31yo,65.0,,REJECT_LOW_CONFIDENCE,score_lt_86,,true
c2fedcebda7e09412cc4ad33,Port Ellen 10th Release  Diageo Special Releases 2010,,,,W000911,port ellen 10th release 31yo,65.0,,REJECT_LOW_CONFIDENCE,score_lt_86,,true
9675c5b0febff29a379699c4,Port Ellen 10th Release  Diageo Special Releases 2010,,,,W000911,port ellen 10th release 31yo,65.0,,REJECT_LOW_CONFIDENCE,score_lt_86,,true
be6d8a3bed8b412752693395,Port Ellen 10th Release  Diageo Special Releases 2010,,,,W000911,port ellen 10th release 31yo,65.0,,REJECT_LOW_CONFIDENCE,score_lt_86,,true
80155ebe1f2c86cb952c316c,Port Ellen 10th Release  Diageo Special Releases 2010,,,1974,W000911,port ellen 10th release 31yo,65.0,,REJECT_LOW_CONFIDENCE,score_lt_86,,true
2d130100363a83ec08787a14,Port Ellen 10th Release  Diageo Special Releases 2010,,,2017,W000911,port ellen 10th release 31yo,65.0,,REJECT_LOW_CONFIDENCE,score_lt_86,,true
362eb1db1dc8be676dbfa48d,Port Ellen 10th Release  Diageo Special Releases 2010,,,1982,W000911,port ellen 10th release 31yo,65.0,,REJECT_LOW_CONFIDENCE,score_lt_86,,true
9efb06ae4b6af1eac0f4a2d0,Port Ellen 10th Release  Diageo Special Releases 2010,,,,W000911,port ellen 10th release 31yo,65.0,,REJECT_LOW_CONFIDENCE,score_lt_86,,true
52c3cd66f42b5880f2f8593d,Port Ellen 10th Release  Diageo Special Releases 2010,,,1978,W000911,port ellen 10th release 31yo,65.0,,REJECT_LOW_CONFIDENCE,score_lt_86,,true
a7a62ad1006f85cde4ee061f,Port Ellen 10th Release  Diageo Special Releases 2010,,,,W000911,port ellen 10th release 31yo,65.0,,REJECT_LOW_CONFIDENCE,score_lt_86,,true
3077882304f5b797138f22a5,Port Ellen 11th Release  Diageo Special Releases 2011,,,,W000913,port ellen 11th release 32yo,65.0,,REJECT_LOW_CONFIDENCE,score_lt_86,,true
3367fa25e3851b9c247f9338,Port Ellen 11th Release  Diageo Special Releases 2011,,,,W000913,port ellen 11th release 32yo,65.0,,REJECT_LOW_CONFIDENCE,score_lt_86,,true
ff1b5eafa39fbc5dab1f5e6d,Port Ellen 11th Release  Diageo Special Releases 2011,,,,W000913,port ellen 11th release 32yo,65.0,,REJECT_LOW_CONFIDENCE,score_lt_86,,true
939db0bd9688e1b2a018708f,Port Ellen 11th Release  Diageo Special Releases 2011,,,2012,W000913,port ellen 11th release 32yo,65.0,,REJECT_LOW_CONFIDENCE,score_lt_86,,true
953fdb5b6cbf95c3d5af3b9e,Port Ellen 11th Release  Diageo Special Releases 2011,,,,W000913,port ellen 11th release 32yo,65.0,,REJECT_LOW_CONFIDENCE,score_lt_86,,true
3dd54c014de2c293356a7b2b,Port Ellen 12-year-old  Visit from H.M. The Queen to Port Ellen Maltings,,,2018,W000978,port ellen douglas laing mcgibbon's provenance john milroy 23yo (all editions),51.8,,REJECT_LOW_CONFIDENCE,score_lt_86,,true
c3e8828f04073a12a44d6f5b,Port Ellen 12-year-old  Visit from H.M. The Queen to Port Ellen Maltings,,,,W000978,port ellen douglas laing mcgibbon's provenance john milroy 23yo (all editions),51.8,,REJECT_LOW_CONFIDENCE,score_lt_86,,true
8b925f89e1297d312fd87fe1,Port Ellen 12-year-old  Visit from H.M. The Queen to Port Ellen Maltings,,,2016,W000978,port ellen douglas laing mcgibbon's provenance john milroy 23yo (all editions),51.8,,REJECT_LOW_CONFIDENCE,score_lt_86,,true
ded03cbc9b1af009a988b807,Port Ellen 12-year-old  Visit from H.M. The Queen to Port Ellen Maltings,,,2015,W000978,port ellen douglas laing mcgibbon's provenance john milroy 23yo (all editions),51.8,,REJECT_LOW_CONFIDENCE,score_lt_86,,true
ad7defb45d46d978c48c8b53,Port Ellen 12-year-old  Visit from H.M. The Queen to Port Ellen Maltings,,,1980,W000978,port ellen douglas laing mcgibbon's provenance john milroy 23yo (all editions),51.8,,REJECT_LOW_CONFIDENCE,score_lt_86,,true
500cad2c73a18bc3171fab98,Port Ellen 12th Release  Diageo Special Releases 2012,,,,W000409,cragganmore 12yo (special release 2019),65.17,,REJECT_LOW_CONFIDENCE,score_lt_86,,true
b2863fcf2c424cc577b5375b,Port Ellen 12th Release  Diageo Special Releases 2012,,,,W000409,cragganmore 12yo (special release 2019),65.17,,REJECT_LOW_CONFIDENCE,score_lt_86,,true
0889ed949eef9a3532a427e8,Port Ellen 12th Release  Diageo Special Releases 2012,,,,W000409,cragganmore 12yo (special release 2019),65.17,,REJECT_LOW_CONFIDENCE,score_lt_86,,true
31ce3821f5681e2f61a6187a,Port Ellen 12th Release  Diageo Special Releases 2012,,,,W000409,cragganmore 12yo (special release 2019),65.17,,REJECT_LOW_CONFIDENCE,score_lt_86,,true
7cdb77189c073a690ef08552,Port Ellen 12th Release  Diageo Special Releases 2012,,,,W000409,cragganmore 12yo (special release 2019),65.17,,REJECT_LOW_CONFIDENCE,score_lt_86,,true
98d954c68527b4fac049c403,Port Ellen 12th Release  Diageo Special Releases 2012,,,,W000409,cragganmore 12yo (special release 2019),65.17,,REJECT_LOW_CONFIDENCE,score_lt_86,,true
51d122d74617241f8dec112f,Port Ellen 12th Release  Diageo Special Releases 2012,,,,W000409,cragganmore 12yo (special release 2019),65.17,,REJECT_LOW_CONFIDENCE,score_lt_86,,true
0aa2f775030aee096677324a,Port Ellen 12th Release  Diageo Special Releases 2012,,,,W000409,cragganmore 12yo (special release 2019),65.17,,REJECT_LOW_CONFIDENCE,score_lt_86,,true
d980f45af5714b8060d96c79,Port Ellen 13th Release  Diageo Special Releases 2013,,,2018,W000489,cragganmore nas (special release 2016),63.64,,REJECT_LOW_CONFIDENCE,score_lt_86,,true
369193b7da85c5a12a829c5a,Port Ellen 13th Release  Diageo Special Releases 2013,,,,W000489,cragganmore nas (special release 2016),63.64,,REJECT_LOW_CONFIDENCE,score_lt_86,,true
ed9c2e727ab4ceab21adbe14,Port Ellen 13th Release  Diageo Special Releases 2013,,,,W000489,cragganmore nas (special release 2016),63.64,,REJECT_LOW_CONFIDENCE,score_lt_86,,true
5e90c6921cca69c212868d2a,Port Ellen 13th Release  Diageo Special Releases 2013,,,,W000489,cragganmore nas (special release 2016),63.64,,REJECT_LOW_CONFIDENCE,score_lt_86,,true
cb5b7a31ea346bbb17e9b5c8,Port Ellen 13th Release  Diageo Special Releases 2013,,,1978,W000489,cragganmore nas (special release 2016),63.64,,REJECT_LOW_CONFIDENCE,score_lt_86,,true
549dab72492f6d5bda11915c,Port Ellen 13th Release  Diageo Special Releases 2013,,,,W000489,cragganmore nas (special release 2016),63.64,,REJECT_LOW_CONFIDENCE,score_lt_86,,true
d30b4a1840eef62066faafd7,Port Ellen 14th Release  Diageo Special Releases 2014,,,,W000489,cragganmore nas (special release 2016),63.64,,REJECT_LOW_CONFIDENCE,score_lt_86,,true
014a6a9a9782f74fa273d4c1,Port Ellen 14th Release  Diageo Special Releases 2014,,,2018,W000489,cragganmore nas (special release 2016),63.64,,REJECT_LOW_CONFIDENCE,score_lt_86,,true
79339ada420010c0ce6eea0a,Port Ellen 14th Release  Diageo Special Releases 2014,,,1978,W000489,cragganmore nas (special release 2016),63.64,,REJECT_LOW_CONFIDENCE,score_lt_86,,true
e9bd183dfa7fbffdfc032699,Port Ellen 14th Release  Diageo Special Releases 2014,,,,W000489,cragganmore nas (special release 2016),63.64,,REJECT_LOW_CONFIDENCE,score_lt_86,,true
89ed8ebfae09d7b04a8ca91c,Port Ellen 14th Release  Diageo Special Releases 2014,,,,W000489,cragganmore nas (special release 2016),63.64,,REJECT_LOW_CONFIDENCE,score_lt_86,,true
450f066393fde126defbcb28,Port Ellen 14th Release  Diageo Special Releases 2014,,,,W000489,cragganmore nas (special release 2016),63.64,,REJECT_LOW_CONFIDENCE,score_lt_86,,true
9033b95bb813f9e9b2218e7c,Port Ellen 14th Release  Diageo Special Releases 2014,,,,W000489,cragganmore nas (special release 2016),63.64,,REJECT_LOW_CONFIDENCE,score_lt_86,,true
202d076b391d336ec0bf2c5a,Port Ellen 15th Release  Diageo Special Releases 2015,,,2021,W000912,port ellen 15th release 32yo,65.0,,REJECT_LOW_CONFIDENCE,score_lt_86,,true
6c8b700358f0dd7ba3fa6d50,Port Ellen 15th Release  Diageo Special Releases 2015,,,2018,W000912,port ellen 15th release 32yo,65.0,,REJECT_LOW_CONFIDENCE,score_lt_86,,true
084d0eb2d065609f8f0018d2,Port Ellen 15th Release  Diageo Special Releases 2015,,,,W000912,port ellen 15th release 32yo,65.0,,REJECT_LOW_CONFIDENCE,score_lt_86,,true
d6b16019ebb949db1763c2fa,Port Ellen 15th Release  Diageo Special Releases 2015,,,,W000912,port ellen 15th release 32yo,65.0,,REJECT_LOW_CONFIDENCE,score_lt_86,,true
afd5c705699c9413c3b8db98,Port Ellen 15th Release  Diageo Special Releases 2015,,,1983,W000912,port ellen 15th release 32yo,65.0,,REJECT_LOW_CONFIDENCE,score_lt_86,,true
a102eb507b177332edf81f3d,Port Ellen 15th Release  Diageo Special Releases 2015,,,,W000912,port ellen 15th release 32yo,65.0,,REJECT_LOW_CONFIDENCE,score_lt_86,,true
157e1dcfec8178fd91157d3c,Port Ellen 15th Release  Diageo Special Releases 2015,,,,W000912,port ellen 15th release 32yo,65.0,,REJECT_LOW_CONFIDENCE,score_lt_86,,true
8666070cb704a208e91d5ae6,Port Ellen 16th Release  Diageo Special Releases 2016,,,,W000489,cragganmore nas (special release 2016),65.91,,REJECT_LOW_CONFIDENCE,score_lt_86,,true
c5340172c140afa4f0b6b6b4,Port Ellen 16th Release  Diageo Special Releases 2016,,,,W000489,cragganmore nas (special release 2016),65.91,,REJECT_LOW_CONFIDENCE,score_lt_86,,true
fb9264590f51fd21c24ade0f,Port Ellen 16th Release  Diageo Special Releases 2016,,,2018,W000489,cragganmore nas (special release 2016),65.91,,REJECT_LOW_CONFIDENCE,score_lt_86,,true
22133c419984d4c2a9d6b542,Port Ellen 16th Release  Diageo Special Releases 2016,,,,W000489,cragganmore nas (special release 2016),65.91,,REJECT_LOW_CONFIDENCE,score_lt_86,,true
ad388efab8f54fba39ab330b,Port Ellen 16th Release  Diageo Special Releases 2016,,,,W000489,cragganmore nas (special release 2016),65.91,,REJECT_LOW_CONFIDENCE,score_lt_86,,true
4af63f4492bdefb869101bfa,Port Ellen 16th Release  Diageo Special Releases 2016,,,,W000489,cragganmore nas (special release 2016),65.91,,REJECT_LOW_CONFIDENCE,score_lt_86,,true
4ed1d19fb4a444a426e4ea95,Port Ellen 16th Release  Diageo Special Releases 2016,,,,W000489,cragganmore nas (special release 2016),65.91,,REJECT_LOW_CONFIDENCE,score_lt_86,,true
ecaf22ad6503a2c69641298c,Port Ellen 16th Release  Diageo Special Releases 2016,,,,W000489,cragganmore nas (special release 2016),65.91,,REJECT_LOW_CONFIDENCE,score_lt_86,,true
11a243a8f679a48c981ea423,Port Ellen 16th Release  Diageo Special Releases 2016,,,2016,W000489,cragganmore nas (special release 2016),65.91,,REJECT_LOW_CONFIDENCE,score_lt_86,,true
f7deeb1021ec9adf8ba84010,Port Ellen 17th Release  Diageo Special Releases 2017,,,,W000923,port ellen 17th release 37yo,65.0,,REJECT_LOW_CONFIDENCE,score_lt_86,,true
9a310c512d461d63f50dcdda,Port Ellen 17th Release  Diageo Special Releases 2017,,,,W000923,port ellen 17th release 37yo,65.0,,REJECT_LOW_CONFIDENCE,score_lt_86,,true
b5aca15fa7bbdd6864666cbb,Port Ellen 17th Release  Diageo Special Releases 2017,,,,W000923,port ellen 17th release 37yo,65.0,,REJECT_LOW_CONFIDENCE,score_lt_86,,true
fc634880213b46ca5f86f93b,Port Ellen 17th Release  Diageo Special Releases 2017,,,,W000923,port ellen 17th release 37yo,65.0,,REJECT_LOW_CONFIDENCE,score_lt_86,,true
945150b9200b76790afb5226,Port Ellen 17th Release  Diageo Special Releases 2017,,,,W000923,port ellen 17th release 37yo,65.0,,REJECT_LOW_CONFIDENCE,score_lt_86,,true
2b62fdccdf84a38a61498052,Port Ellen 17th Release  Diageo Special Releases 2017,,,,W000923,port ellen 17th release 37yo,65.0,,REJECT_LOW_CONFIDENCE,score_lt_86,,true
339077bbdf070f33b0d65ebc,Port Ellen 1978  Rare Malts Selection,,,,W000953,port ellen 8th release 29yo,57.14,,REJECT_LOW_CONFIDENCE,score_lt_86,,true
927cf70a49f59bdad0cdc5cd,Port Ellen 1978  Rare Malts Selection,,,,W000953,port ellen 8th release 29yo,57.14,,REJECT_LOW_CONFIDENCE,score_lt_86,,true
9a5bd85c168d40dba1dcb84f,Port Ellen 1978  Rare Malts Selection,,,2021,W000953,port ellen 8th release 29yo,57.14,,REJECT_LOW_CONFIDENCE,score_lt_86,,true
67b2ff823010eedc8c224e0a,Port Ellen 1978  Rare Malts Selection,,,,W000953,port ellen 8th release 29yo,57.14,,REJECT_LOW_CONFIDENCE,score_lt_86,,true
b05e3249f1e29252e9fb89bb,Port Ellen 1978  Rare Malts Selection,,,,W000953,port ellen 8th release 29yo,57.14,,REJECT_LOW_CONFIDENCE,score_lt_86,,true
b16d3f723562ae397475f14a,Port Ellen 1978  Rare Malts Selection,,,2021,W000953,port ellen 8th release 29yo,57.14,,REJECT_LOW_CONFIDENCE,score_lt_86,,true
613d91f4c1664712d06cbff8,Port Ellen 1978  Rare Malts Selection,,,,W000953,port ellen 8th release 29yo,57.14,,REJECT_LOW_CONFIDENCE,score_lt_86,,true
e3d7fd089a1619e039dc761a,Port Ellen 1978  Rare Malts Selection,,,,W000953,port ellen 8th release 29yo,57.14,,REJECT_LOW_CONFIDENCE,score_lt_86,,true
454d7ad4b9676ee9e0bee958,Port Ellen 1978  Rare Malts Selection,,,,W000953,port ellen 8th release 29yo,57.14,,REJECT_LOW_CONFIDENCE,score_lt_86,,true
17b6f5ba738c77ee81cede44,Port Ellen 1978  Rare Malts Selection,,,,W000953,port ellen 8th release 29yo,57.14,,REJECT_LOW_CONFIDENCE,score_lt_86,,true
5900ad5ee3553bef9c58048c,Port Ellen 1978  Casks of Distinction,,,,W000355,glen moray classic port cask finish,59.15,,REJECT_LOW_CONFIDENCE,score_lt_86,,true
79898f4bee49fac794fe6776,Port Ellen 1978  Rare Malts Selection,,,,W000953,port ellen 8th release 29yo,57.14,,REJECT_LOW_CONFIDENCE,score_lt_86,,true
99fe2405144b70af7d55dba5,Port Ellen 1978  Rare Malts Selection,,,,W000953,port ellen 8th release 29yo,57.14,,REJECT_LOW_CONFIDENCE,score_lt_86,,true
4556bdb342240f5ad7ca1615,Port Ellen 1978  Rare Malts Selection,,,,W000953,port ellen 8th release 29yo,57.14,,REJECT_LOW_CONFIDENCE,score_lt_86,,true
4785e46a8f5f5fea1f7bcbfa,Port Ellen 1978  Rare Malts Selection,,,,W000953,port ellen 8th release 29yo,57.14,,REJECT_LOW_CONFIDENCE,score_lt_86,,true
614cbc007123e9382ae299ea,Port Ellen 1978  Rare Malts Selection,,,,W000953,port ellen 8th release 29yo,57.14,,REJECT_LOW_CONFIDENCE,score_lt_86,,true
393f10b4568bbf7c8814ec2e,Port Ellen 1978  Rare Malts Selection,,,,W000953,port ellen 8th release 29yo,57.14,,REJECT_LOW_CONFIDENCE,score_lt_86,,true
25ec2c1753183e52d3f02a3a,Port Ellen 1978  Rare Malts Selection,,,,W000953,port ellen 8th release 29yo,57.14,,REJECT_LOW_CONFIDENCE,score_lt_86,,true
b44efaa40750423450ac04f6,Port Ellen 1978  Rare Malts Selection,,,,W000953,port ellen 8th release 29yo,57.14,,REJECT_LOW_CONFIDENCE,score_lt_86,,true
ae79ea8a2ce6c7817f7514dc,Port Ellen 1979  Prima & Ultima,,,,W000918,port ellen 16th release 37yo,60.71,,REJECT_LOW_CONFIDENCE,score_lt_86,,true
d35c995136b4b300ba1f3d2a,Port Ellen 1979  9 Rogue Casks,,,2018,W000154,longrow red 11yo port cask,61.82,,REJECT_LOW_CONFIDENCE,score_lt_86,,true
611a6c7f10445fd42505e34b,Port Ellen 1979  9 Rogue Casks,,,,W000154,longrow red 11yo port cask,61.82,,REJECT_LOW_CONFIDENCE,score_lt_86,,true
ee6058d5540cc7c7ccb30185,Port Ellen 1979  9 Rogue Casks,,,,W000154,longrow red 11yo port cask,61.82,,REJECT_LOW_CONFIDENCE,score_lt_86,,true
4439e7f728a4087eaafac9cb,Port Ellen 1979  9 Rogue Casks,,,2020,W000154,longrow red 11yo port cask,61.82,,REJECT_LOW_CONFIDENCE,score_lt_86,,true
8038a13fc9cdcbf169ba8935,Port Ellen 1979  Casks of Distinction,,,,W000355,glen moray classic port cask finish,59.15,,REJECT_LOW_CONFIDENCE,score_lt_86,,true
6e39755143acd90ae27a024f,Port Ellen 1979  Casks of Distinction,,,,W000355,glen moray classic port cask finish,59.15,,REJECT_LOW_CONFIDENCE,score_lt_86,,true
a996a473cfaa937cd946af9f,Port Ellen 1981  Casks of Distinction,,,,W000355,glen moray classic port cask finish,59.15,,REJECT_LOW_CONFIDENCE,score_lt_86,,true
7ed8e1c23e7cad4acd1252dc,Port Ellen 39-year-old  Untold Stories,,,,W000908,port ellen 9th release 30yo,63.16,,REJECT_LOW_CONFIDENCE,score_lt_86,,true
24919e4d88837aa6a9081143,Port Ellen 39-year-old  Untold Stories,,,,W000908,port ellen 9th release 30yo,63.16,,REJECT_LOW_CONFIDENCE,score_lt_86,,true
323980d5b681f94b220cc6bc,Port Ellen 39-year-old  Untold Stories,,,,W000908,port ellen 9th release 30yo,63.16,,REJECT_LOW_CONFIDENCE,score_lt_86,,true
71933235f2a82e6b1a4934af,Port Ellen 39-year-old  Untold Stories,,,,W000908,port ellen 9th release 30yo,63.16,,REJECT_LOW_CONFIDENCE,score_lt_86,,true
fb9722d9036c7bd34a630b89,Port Ellen 39-year-old  Untold Stories,,,2021,W000908,port ellen 9th release 30yo,63.16,,REJECT_LOW_CONFIDENCE,score_lt_86,,true
1865e01e978a0b4f04576c5b,Port Ellen 39-year-old  Untold Stories,,,2017,W000908,port ellen 9th release 30yo,63.16,,REJECT_LOW_CONFIDENCE,score_lt_86,,true
37cefb33b8a7baea0ff05910,Port Ellen 39-year-old  Untold Stories,,,,W000908,port ellen 9th release 30yo,63.16,,REJECT_LOW_CONFIDENCE,score_lt_86,,true
2c4eefee4921c794796fade0,Port Ellen 39-year-old  Untold Stories,,,,W000908,port ellen 9th release 30yo,63.16,,REJECT_LOW_CONFIDENCE,score_lt_86,,true
fc1ba1a81dd72c1e71e6b7f2,Port Ellen 39-year-old  Untold Stories,,,,W000908,port ellen 9th release 30yo,63.16,,REJECT_LOW_CONFIDENCE,score_lt_86,,true
c17c9493a09426f835ed2743,Port Ellen 39-year-old  Untold Stories,,,,W000908,port ellen 9th release 30yo,63.16,,REJECT_LOW_CONFIDENCE,score_lt_86,,true
5c22421662f6fed7a42541d1,Port Ellen Port Ellen Maltings  25th Anniversary 1973 - 1998,,,,W001530,forty creek three grain 20th anniversary,53.61,,REJECT_LOW_CONFIDENCE,score_lt_86,,true
a2d54b6749d3bb78b2bb36f9,Port Ellen Port Ellen Maltings  25th Anniversary 1973 - 1998,,,,W001530,forty creek three grain 20th anniversary,53.61,,REJECT_LOW_CONFIDENCE,score_lt_86,,true
9e2d6a102ed593dc5ca4fb50,Port Ellen Port Ellen Maltings  25th Anniversary 1973 - 1998,,,,W001530,forty creek three grain 20th anniversary,53.61,,REJECT_LOW_CONFIDENCE,score_lt_86,,true
6d2ed5011e026f9dcc3b89a5,Port Ellen Port Ellen Maltings  25th Anniversary 1973 - 1998,,,,W001530,forty creek three grain 20th anniversary,53.61,,REJECT_LOW_CONFIDENCE,score_lt_86,,true
729f560c3b098b28e5aa767f,Port Ellen Port Ellen Maltings  25th Anniversary 1973 - 1998,,,,W001530,forty creek three grain 20th anniversary,53.61,,REJECT_LOW_CONFIDENCE,score_lt_86,,true
d128d60520843a8a155581d9,Port Ellen Port Ellen Maltings  25th Anniversary 1973 - 1998,,,,W001530,forty creek three grain 20th anniversary,53.61,,REJECT_LOW_CONFIDENCE,score_lt_86,,true
c3367273d8a09a57d92e39ab,Port Ellen Port Ellen Maltings  25th Anniversary 1973 - 1998,,,1999,W001530,forty creek three grain 20th anniversary,53.61,,REJECT_LOW_CONFIDENCE,score_lt_86,,true
233ec94d8dad9d7801df9346,Rosebank 08-year-old  Single Malt,,,,W000865,the quiet man 8yo single malt,66.67,,REJECT_LOW_CONFIDENCE,score_lt_86,,true
d7db4263b3f77608dac1def2,Rosebank 12-year-old  Unblended Single Malt,,,2018,W000865,the quiet man 8yo single malt,59.38,,REJECT_LOW_CONFIDENCE,score_lt_86,,true
b9c230148c8e9f4643f18954,Rosebank 12-year-old  Unblended Single Malt,,,,W000865,the quiet man 8yo single malt,59.38,,REJECT_LOW_CONFIDENCE,score_lt_86,,true
4d816ea9da88baf104b03af0,Rosebank 12-year-old  Unblended Single Malt,,,,W000865,the quiet man 8yo single malt,59.38,,REJECT_LOW_CONFIDENCE,score_lt_86,,true
0536fbb0bf37736ae931ef17,Rosebank 12-year-old  Flora & Fauna,,,,W000794,macallan 12yo fine oak,59.57,,REJECT_LOW_CONFIDENCE,score_lt_86,,true
1298d81db8a3f550939c3e72,Rosebank 12-year-old  Flora & Fauna,,,,W000794,macallan 12yo fine oak,59.57,,REJECT_LOW_CONFIDENCE,score_lt_86,,true
20d830bab25752c421bd7fe8,Rosebank 12-year-old  Flora & Fauna,,,,W000794,macallan 12yo fine oak,59.57,,REJECT_LOW_CONFIDENCE,score_lt_86,,true
9a1ad079025f07044cfa0445,Rosebank 12-year-old  Flora & Fauna,,,,W000794,macallan 12yo fine oak,59.57,,REJECT_LOW_CONFIDENCE,score_lt_86,,true
1236a13942480ac2569ed14d,Rosebank 12-year-old  Flora & Fauna,,,,W000794,macallan 12yo fine oak,59.57,,REJECT_LOW_CONFIDENCE,score_lt_86,,true
71d151b5ec28eeffedd477c7,Rosebank 12-year-old  Flora & Fauna,,,,W000794,macallan 12yo fine oak,59.57,,REJECT_LOW_CONFIDENCE,score_lt_86,,true
4d63b735b795b91e8f4bbfad,Rosebank 12-year-old  Flora & Fauna,,,,W000794,macallan 12yo fine oak,59.57,,REJECT_LOW_CONFIDENCE,score_lt_86,,true
2d8a2ea50fb4a538a788ccb3,Rosebank 12-year-old  Flora & Fauna,,,,W000794,macallan 12yo fine oak,59.57,,REJECT_LOW_CONFIDENCE,score_lt_86,,true
8f0860afe9bc81af74702be1,Rosebank 15-year-old  Unblended Single Malt,,,,W000865,the quiet man 8yo single malt,59.38,,REJECT_LOW_CONFIDENCE,score_lt_86,,true
e4283ff9bf9935f4025bb280,Rosebank 15-year-old  Unblended Single Malt,,,,W000865,the quiet man 8yo single malt,59.38,,REJECT_LOW_CONFIDENCE,score_lt_86,,true
36b07d1310685f411dc7d7f6,Rosebank 15-year-old  Unblended Single Malt,,,2017,W000865,the quiet man 8yo single malt,59.38,,REJECT_LOW_CONFIDENCE,score_lt_86,,true
4fd9db701fbfde0311d23f20,Rosebank 15-year-old  Unblended Single Malt,,,,W000865,the quiet man 8yo single malt,59.38,,REJECT_LOW_CONFIDENCE,score_lt_86,,true
a725c082f31bd461db3d5c56,Rosebank 15-year-old  Unblended Single Malt,,,2020,W000865,the quiet man 8yo single malt,59.38,,REJECT_LOW_CONFIDENCE,score_lt_86,,true
c24b859dc6cd5d07264effae,Rosebank 15-year-old  Unblended Single Malt,,,1980,W000865,the quiet man 8yo single malt,59.38,,REJECT_LOW_CONFIDENCE,score_lt_86,,true
2c72681f04a09298b522caac,Rosebank 1979  Rare Malts Selection,,,,W000386,macallan select oak,56.6,,REJECT_LOW_CONFIDENCE,score_lt_86,,true
0961bf61527ac6550ab182f3,Rosebank 1979  Rare Malts Selection,,,,W000386,macallan select oak,56.6,,REJECT_LOW_CONFIDENCE,score_lt_86,,true
cac0f2650946066ce29552d0,Rosebank 1979  Rare Malts Selection,,,,W000386,macallan select oak,56.6,,REJECT_LOW_CONFIDENCE,score_lt_86,,true
3a2e3fb81d2993650bb264d2,Rosebank 1979  Rare Malts Selection,,,2017,W000386,macallan select oak,56.6,,REJECT_LOW_CONFIDENCE,score_lt_86,,true
cfe8b60020ff5af4c0a3cea6,Rosebank 1979  Rare Malts Selection,,,,W000386,macallan select oak,56.6,,REJECT_LOW_CONFIDENCE,score_lt_86,,true
6cab5f7c763aa5e6a7d4a755,Rosebank 1979  Rare Malts Selection,,,,W000386,macallan select oak,56.6,,REJECT_LOW_CONFIDENCE,score_lt_86,,true
2f6a566d2fab4d6aaecc5e2a,Rosebank 1979  Rare Malts Selection,,,,W000386,macallan select oak,56.6,,REJECT_LOW_CONFIDENCE,score_lt_86,,true
36adccbb4d83388ca98055ab,Rosebank 1979  Rare Malts Selection,,,,W000386,macallan select oak,56.6,,REJECT_LOW_CONFIDENCE,score_lt_86,,true
d409037b57eee9ae916ca9d1,Rosebank 1979  Rare Malts Selection,,,,W000386,macallan select oak,56.6,,REJECT_LOW_CONFIDENCE,score_lt_86,,true
29e76249074938a492bce9ff,Rosebank 1979  Rare Malts Selection,,,,W000386,macallan select oak,56.6,,REJECT_LOW_CONFIDENCE,score_lt_86,,true
702e4ed0f0e6d952f710fac5,Rosebank 1979  Rare Malts Selection,,,,W000386,macallan select oak,56.6,,REJECT_LOW_CONFIDENCE,score_lt_86,,true
95977d794e027f62508adabb,Rosebank 1979  Rare Malts Selection,,,,W000386,macallan select oak,56.6,,REJECT_LOW_CONFIDENCE,score_lt_86,,true
2deb12b300a8e7ee04dcb621,Rosebank 1981  Flora & Fauna - Cask Strength,,,,W000951,kilkerran 8yo cask strength,63.64,,REJECT_LOW_CONFIDENCE,score_lt_86,,true
4ac83a8ca938575a96e3ae42,Rosebank 1981  Flora & Fauna - Cask Strength,,,,W000951,kilkerran 8yo cask strength,63.64,,REJECT_LOW_CONFIDENCE,score_lt_86,,true
96fe998a265a8eab4f892ddb,Rosebank 1981  Flora & Fauna - Cask Strength,,,2015,W000951,kilkerran 8yo cask strength,63.64,,REJECT_LOW_CONFIDENCE,score_lt_86,,true
38349be3bc611612e999b85e,Rosebank 1981  Flora & Fauna - Cask Strength,,,2016,W000951,kilkerran 8yo cask strength,63.64,,REJECT_LOW_CONFIDENCE,score_lt_86,,true
d7f1cd25200acb38d2b93390,Rosebank 1981  Rare Malts Selection,,,,W000386,macallan select oak,56.6,,REJECT_LOW_CONFIDENCE,score_lt_86,,true
1e744c3729ecf8a9a197cedf,Rosebank 1981  Rare Malts Selection,,,,W000386,macallan select oak,56.6,,REJECT_LOW_CONFIDENCE,score_lt_86,,true
af1ac1b55a66da27a798a87b,Rosebank 1981  Rare Malts Selection,,,,W000386,macallan select oak,56.6,,REJECT_LOW_CONFIDENCE,score_lt_86,,true
356580194575802628c2c12b,Rosebank 1981  Rare Malts Selection,,,,W000386,macallan select oak,56.6,,REJECT_LOW_CONFIDENCE,score_lt_86,,true
77197066176a4b9619534bc6,Rosebank 1981  Rare Malts Selection,,,1979,W000386,macallan select oak,56.6,,REJECT_LOW_CONFIDENCE,score_lt_86,,true
32138b334d27cdff6eb2ca71,Rosebank 1981  Rare Malts Selection,,,,W000386,macallan select oak,56.6,,REJECT_LOW_CONFIDENCE,score_lt_86,,true
56e24cd0584e88b75a0e6510,Rosebank 1981  Rare Malts Selection,,,,W000386,macallan select oak,56.6,,REJECT_LOW_CONFIDENCE,score_lt_86,,true
c76609511205e9f202448251,Rosebank 1981  Rare Malts Selection,,,2012,W000386,macallan select oak,56.6,,REJECT_LOW_CONFIDENCE,score_lt_86,,true
1be3b515254c0aaf1363350b,Rosebank 1981  Rare Malts Selection,,,,W000386,macallan select oak,56.6,,REJECT_LOW_CONFIDENCE,score_lt_86,,true
d958a28f3f87d1edd5204191,Rosebank 1981  Rare Malts Selection,,,,W000386,macallan select oak,56.6,,REJECT_LOW_CONFIDENCE,score_lt_86,,true
01a458986b7a299c3d48ced0,Rosebank 1981  Rare Malts Selection,,,,W000386,macallan select oak,56.6,,REJECT_LOW_CONFIDENCE,score_lt_86,,true
99fcc83f5c6ce41f56cdcf5d,Rosebank 1981  Rare Malts Selection,,,,W000386,macallan select oak,56.6,,REJECT_LOW_CONFIDENCE,score_lt_86,,true
8a95254a15faeb10ccc61ce9,Rosebank 1981  Rare Malts Selection,,,,W000386,macallan select oak,56.6,,REJECT_LOW_CONFIDENCE,score_lt_86,,true
379d7565af582108ab89063b,Rosebank 1981  Rare Malts Selection,,,,W000386,macallan select oak,56.6,,REJECT_LOW_CONFIDENCE,score_lt_86,,true
a331396954e6cd8e2cfde7fe,Rosebank 1981  Rare Malts Selection,,,,W000386,macallan select oak,56.6,,REJECT_LOW_CONFIDENCE,score_lt_86,,true
7dab3901793680a6ede514f7,Rosebank 1981  Rare Malts Selection,,,,W000386,macallan select oak,56.6,,REJECT_LOW_CONFIDENCE,score_lt_86,,true
c8bb8efcdb266dc120687871,Rosebank 1981  Rare Malts Selection,,,,W000386,macallan select oak,56.6,,REJECT_LOW_CONFIDENCE,score_lt_86,,true
9dda12258e7a0cd1c5944ca0,Rosebank 1987 - Sample,,,,W000432,arran malt 18yo,51.43,,REJECT_LOW_CONFIDENCE,score_lt_86,,true
32ce61749e18fc5e26d072db,Rosebank 1990  Release One,,,1993,W001198,kilchoman spring 2011 release,55.56,,REJECT_LOW_CONFIDENCE,score_lt_86,,true
55dcc59500559cb723e361fc,Rosebank 1990  Release One,,,,W001198,kilchoman spring 2011 release,55.56,,REJECT_LOW_CONFIDENCE,score_lt_86,,true
528226c256929ccbaba181b0,Rosebank 1990  Release One,,,,W001198,kilchoman spring 2011 release,55.56,,REJECT_LOW_CONFIDENCE,score_lt_86,,true
47386eb2046a374e1326f3ae,Rosebank 1990  Release One,,,1993,W001198,kilchoman spring 2011 release,55.56,,REJECT_LOW_CONFIDENCE,score_lt_86,,true
c9577107599a29fcd167c717,Rosebank 1990  Release One,,,,W001198,kilchoman spring 2011 release,55.56,,REJECT_LOW_CONFIDENCE,score_lt_86,,true
249d952fac1196906c4ddb25,Rosebank 1990  Release One,,,,W001198,kilchoman spring 2011 release,55.56,,REJECT_LOW_CONFIDENCE,score_lt_86,,true
e21d291a1de984f3daca1353,Rosebank 1990  Release One,,,2021,W001198,kilchoman spring 2011 release,55.56,,REJECT_LOW_CONFIDENCE,score_lt_86,,true
e8816a804bdda34264e6622d,Rosebank 1990  Diageo Special Releases 2011,,,,W000409,cragganmore 12yo (special release 2019),63.29,,REJECT_LOW_CONFIDENCE,score_lt_86,,true
0106c7ee9233e10593077386,Rosebank 1990  Diageo Special Releases 2011,,,2013,W000409,cragganmore 12yo (special release 2019),63.29,,REJECT_LOW_CONFIDENCE,score_lt_86,,true
2934d12b2b54a95833a354ef,Rosebank 1990  Diageo Special Releases 2011,,,,W000409,cragganmore 12yo (special release 2019),63.29,,REJECT_LOW_CONFIDENCE,score_lt_86,,true
90d689ad79754fee55063197,Rosebank 1990  Diageo Special Releases 2011,,,,W000409,cragganmore 12yo (special release 2019),63.29,,REJECT_LOW_CONFIDENCE,score_lt_86,,true
03737c6362b4478c9f2e5eeb,Rosebank 1990  Diageo Special Releases 2011,,,,W000409,cragganmore 12yo (special release 2019),63.29,,REJECT_LOW_CONFIDENCE,score_lt_86,,true
06e50e39041029fa52d3985f,Rosebank 1990  Diageo Special Releases 2011,,,,W000409,cragganmore 12yo (special release 2019),63.29,,REJECT_LOW_CONFIDENCE,score_lt_86,,true
6c097dddcbc9690e01a94b6d,Rosebank 1992  Diageo Special Releases 2014,,,1993,W000409,cragganmore 12yo (special release 2019),65.82,,REJECT_LOW_CONFIDENCE,score_lt_86,,true
36218601c2d9f42cb4de444d,Rosebank 1992  Diageo Special Releases 2014,,,,W000409,cragganmore 12yo (special release 2019),65.82,,REJECT_LOW_CONFIDENCE,score_lt_86,,true
eaceba467ba60fe9388fee17,Rosebank 1992  Diageo Special Releases 2014,,,,W000409,cragganmore 12yo (special release 2019),65.82,,REJECT_LOW_CONFIDENCE,score_lt_86,,true
9931c6fe377384d035d5d090,Rosebank 1992  Diageo Special Releases 2014,,,,W000409,cragganmore 12yo (special release 2019),65.82,,REJECT_LOW_CONFIDENCE,score_lt_86,,true
a43926c799eee9b795b33eef,Rosebank 1992  Diageo Special Releases 2014,,,,W000409,cragganmore 12yo (special release 2019),65.82,,REJECT_LOW_CONFIDENCE,score_lt_86,,true
4cc017c1b67996f8afd85590,Rosebank 1992  Diageo Special Releases 2014,,,1992,W000409,cragganmore 12yo (special release 2019),65.82,,REJECT_LOW_CONFIDENCE,score_lt_86,,true
a3bfc89902ffaa72cbf78591,Rosebank 20-year-old  Unblended Single Malt,,,1987,W000865,the quiet man 8yo single malt,59.38,,REJECT_LOW_CONFIDENCE,score_lt_86,,true
5f1a9edc3740ed1143b54f7d,Rosebank 20-year-old  Unblended Single Malt,,,,W000865,the quiet man 8yo single malt,59.38,,REJECT_LOW_CONFIDENCE,score_lt_86,,true
624229bff6c7e59f0dacf1dd,Rosebank 20-year-old  Unblended Single Malt,,,1975,W000865,the quiet man 8yo single malt,59.38,,REJECT_LOW_CONFIDENCE,score_lt_86,,true
3f41c2591047789a8abade3b,Rosebank 20-year-old  Unblended Single Malt,,,2004,W000865,the quiet man 8yo single malt,59.38,,REJECT_LOW_CONFIDENCE,score_lt_86,,true
e4ae8fe94fe2605d4209c334,Rosebank 20-year-old  Unblended Single Malt,,,2009,W000865,the quiet man 8yo single malt,59.38,,REJECT_LOW_CONFIDENCE,score_lt_86,,true
c186b9d847d8c2e0651f1182,Rosebank 20-year-old  Unblended Single Malt,,,2007,W000865,the quiet man 8yo single malt,59.38,,REJECT_LOW_CONFIDENCE,score_lt_86,,true
725a2aa700d5957a5f1e2a6f,Rosebank 20-year-old  Unblended Single Malt,,,,W000865,the quiet man 8yo single malt,59.38,,REJECT_LOW_CONFIDENCE,score_lt_86,,true
fdc52d78ba76bf6ed9616ae2,Rosebank 25-year-old  Diageo Special Releases 2007,,,,W001283,jameson 12yo special reserve,62.86,,REJECT_LOW_CONFIDENCE,score_lt_86,,true
51dba6d65aabb98aa0012ac7,Rosebank 25-year-old  Diageo Special Releases 2007,,,,W001283,jameson 12yo special reserve,62.86,,REJECT_LOW_CONFIDENCE,score_lt_86,,true
653f80c4dd6043d66df49e20,Rosebank 25-year-old  Diageo Special Releases 2007,,,,W001283,jameson 12yo special reserve,62.86,,REJECT_LOW_CONFIDENCE,score_lt_86,,true
8f3ab0e40cbcd8bc4325bb82,Rosebank 25-year-old  Diageo Special Releases 2007,,,1981,W001283,jameson 12yo special reserve,62.86,,REJECT_LOW_CONFIDENCE,score_lt_86,,true
74032af06b7f48cc5d29616c,Rosebank 25-year-old  Diageo Special Releases 2007,,,,W001283,jameson 12yo special reserve,62.86,,REJECT_LOW_CONFIDENCE,score_lt_86,,true
908c2e7145553e45bbdb2a82,Rosebank 25-year-old  Diageo Special Releases 2007,,,,W001283,jameson 12yo special reserve,62.86,,REJECT_LOW_CONFIDENCE,score_lt_86,,true
8c7762e8ae0f49184e70d694,Rosebank Celebrated Pure Malt  Scotch Whisky,,,,W001353,bell's original scotch whisky,58.33,,REJECT_LOW_CONFIDENCE,score_lt_86,,true
2d1e9729e9978738c075bc0a,Rosebank Single Malt Scotch Whisky,,,,W000799,kavalan single malt whisky,66.67,,REJECT_LOW_CONFIDENCE,score_lt_86,,true
da9808e0ae87d60946ec1f46,Royal Brackla 12-year-old,,,,W000624,royal brackla 12yo,100.0,,KEEP_PRODUCT_FEATURE,score_gte_94_no_conflict,,true
e15b25720acf0b33599878f1,Royal Brackla 12-year-old,,,,W000624,royal brackla 12yo,100.0,,KEEP_PRODUCT_FEATURE,score_gte_94_no_conflict,,true
a004cffd601302c482af1b59,Royal Brackla 12-year-old,,,,W000624,royal brackla 12yo,100.0,,KEEP_PRODUCT_FEATURE,score_gte_94_no_conflict,,true
2bc2b3d5e44912ffa1cbc378,Royal Brackla 12-year-old,,,,W000624,royal brackla 12yo,100.0,,KEEP_PRODUCT_FEATURE,score_gte_94_no_conflict,,true
04131a765a954ff6039b68fa,Royal Brackla 12-year-old,,,,W000624,royal brackla 12yo,100.0,,KEEP_PRODUCT_FEATURE,score_gte_94_no_conflict,,true
cdadafde4d12e6df8ff202ba,Royal Brackla 12-year-old,,,2021,W000624,royal brackla 12yo,100.0,,KEEP_PRODUCT_FEATURE,score_gte_94_no_conflict,,true
361a3d1b69f8646a595e31c0,Royal Brackla 12-year-old,,,,W000624,royal brackla 12yo,100.0,,KEEP_PRODUCT_FEATURE,score_gte_94_no_conflict,,true
1a056170727a17a2fb13cd03,Royal Brackla 16-year-old,,,2016,W000569,royal brackla 16yo,100.0,,KEEP_PRODUCT_FEATURE,score_gte_94_no_conflict,,true
596078cbb7a147b1e4484501,Royal Brackla 16-year-old,,,,W000569,royal brackla 16yo,100.0,,KEEP_PRODUCT_FEATURE,score_gte_94_no_conflict,,true
40160c293e8359d28cc98579,Royal Brackla 16-year-old,,,2015,W000569,royal brackla 16yo,100.0,,KEEP_PRODUCT_FEATURE,score_gte_94_no_conflict,,true
80d3a1d450601da4a613ba83,Royal Brackla 16-year-old,,,,W000569,royal brackla 16yo,100.0,,KEEP_PRODUCT_FEATURE,score_gte_94_no_conflict,,true
cf6a172249c8eb0e56be4bdb,Royal Brackla 16-year-old,,,2019,W000569,royal brackla 16yo,100.0,,KEEP_PRODUCT_FEATURE,score_gte_94_no_conflict,,true
434c0a436626dfdab730a690,Royal Brackla 16-year-old,,,,W000569,royal brackla 16yo,100.0,,KEEP_PRODUCT_FEATURE,score_gte_94_no_conflict,,true
17f4e244848c6f7431a7f41c,Royal Brackla 16-year-old,,,,W000569,royal brackla 16yo,100.0,,KEEP_PRODUCT_FEATURE,score_gte_94_no_conflict,,true
1cc7cce8410316d6e260dc0e,Royal Brackla 18-year-old  Sherry Cask Finish,,,,W000345,arran malt sherry cask finish,72.73,,REJECT_LOW_CONFIDENCE,score_lt_86,,true
48c63897e1d79479879b87c6,Royal Brackla 18-year-old  Sherry Cask Finish,,,,W000345,arran malt sherry cask finish,72.73,,REJECT_LOW_CONFIDENCE,score_lt_86,,true
bac102bac833668fd4109c86,Royal Brackla 18-year-old  Sherry Cask Finish,,,,W000345,arran malt sherry cask finish,72.73,,REJECT_LOW_CONFIDENCE,score_lt_86,,true
0b6b923e12285fafb1b1c24a,Royal Brackla 18-year-old  Sherry Cask Finish,,,,W000345,arran malt sherry cask finish,72.73,,REJECT_LOW_CONFIDENCE,score_lt_86,,true
6967f83a8abe7abc6589aafb,Royal Brackla 21-year-old  Sherry Cask Finish,,,,W000345,arran malt sherry cask finish,72.73,,REJECT_LOW_CONFIDENCE,score_lt_86,,true
88ff49fb14e574516b7cfc52,Royal Brackla 21-year-old  Sherry Cask Finish,,,,W000345,arran malt sherry cask finish,72.73,,REJECT_LOW_CONFIDENCE,score_lt_86,,true
5ca34be65ca9d19547aa71ed,Scapa Glansa  The Orcadian,,,,W000237,glenmorangie the taghta,58.33,,REJECT_LOW_CONFIDENCE,score_lt_86,,true
9e80fbd488433978fb34d277,Scapa Glansa  The Orcadian,,,,W000237,glenmorangie the taghta,58.33,,REJECT_LOW_CONFIDENCE,score_lt_86,,true
d5f0a4a1c00b687b7959fd5f,Scapa Glansa  The Orcadian,,,,W000237,glenmorangie the taghta,58.33,,REJECT_LOW_CONFIDENCE,score_lt_86,,true
250e4755d7693c553a4895ad,Scapa Glansa  The Orcadian,,,,W000237,glenmorangie the taghta,58.33,,REJECT_LOW_CONFIDENCE,score_lt_86,,true
e018212bca4ccb8b899333e4,Scapa Glansa  The Orcadian,,,,W000237,glenmorangie the taghta,58.33,,REJECT_LOW_CONFIDENCE,score_lt_86,,true
1266920b8401c4e8c736d931,Scapa Glansa  The Orcadian,,,,W000237,glenmorangie the taghta,58.33,,REJECT_LOW_CONFIDENCE,score_lt_86,,true
8072751af01c701392f10121,Scapa Skiren  The Orcadian,,,,W000675,scapa skiren,64.86,,REJECT_LOW_CONFIDENCE,score_lt_86,,true
4dcba95251669c9be86d17f4,Scapa Skiren  The Orcadian,,,,W000675,scapa skiren,64.86,,REJECT_LOW_CONFIDENCE,score_lt_86,,true
b2096efc965e789c2acecc69,Scapa Skiren  The Orcadian,,,,W000675,scapa skiren,64.86,,REJECT_LOW_CONFIDENCE,score_lt_86,,true
b0d2ee330b2564eaa4ecbc8a,Scapa Skiren  The Orcadian,,,,W000675,scapa skiren,64.86,,REJECT_LOW_CONFIDENCE,score_lt_86,,true
a01fea3c762ea5eabd1298a2,Scapa Skiren  The Orcadian,,,,W000675,scapa skiren,64.86,,REJECT_LOW_CONFIDENCE,score_lt_86,,true
4bc675d63959753b5b847508,Scapa Skiren  The Orcadian,,,,W000675,scapa skiren,64.86,,REJECT_LOW_CONFIDENCE,score_lt_86,,true
06c819d12842db703a36ebf7,Scapa Skiren  The Orcadian,,,,W000675,scapa skiren,64.86,,REJECT_LOW_CONFIDENCE,score_lt_86,,true
f4bf8685d1f408cc0dc1243c,Scapa Skiren  The Orcadian,,,,W000675,scapa skiren,64.86,,REJECT_LOW_CONFIDENCE,score_lt_86,,true
27df6500afef188ec81666f8,Beinn Dubh Flying Scotsman  Limited Edition,,,,W000238,tomatin cu bocan 2005 limited edition,63.29,,REJECT_LOW_CONFIDENCE,score_lt_86,,true
d911278831063540d57c0e80,Beinn Dubh Flying Scotsman  Limited Edition,,,,W000238,tomatin cu bocan 2005 limited edition,63.29,,REJECT_LOW_CONFIDENCE,score_lt_86,,true
a1c7505187c05b822e7b1932,Beinn Dubh Flying Scotsman  Limited Edition,,,,W000238,tomatin cu bocan 2005 limited edition,63.29,,REJECT_LOW_CONFIDENCE,score_lt_86,,true
1677419515d3386052338727,Beinn Dubh The Black,,,,W001802,jim beam black label,55.0,,REJECT_LOW_CONFIDENCE,score_lt_86,,true
9ca461bc3496c7359c15b7df,Beinn Dubh The Black,,,,W001802,jim beam black label,55.0,,REJECT_LOW_CONFIDENCE,score_lt_86,,true
d07a9e21fc639ed803e380be,Beinn Dubh The Black,,,,W001802,jim beam black label,55.0,,REJECT_LOW_CONFIDENCE,score_lt_86,,true
af9fed81d28dad477d03e0f7,Beinn Dubh The Black,,,,W001802,jim beam black label,55.0,,REJECT_LOW_CONFIDENCE,score_lt_86,,true
5f11f406b7945247e2d87c56,Beinn Dubh The Black,,,,W001802,jim beam black label,55.0,,REJECT_LOW_CONFIDENCE,score_lt_86,,true
1f5357ef9fb88b56e53fba4b,Beinn Dubh The Black,,,,W001802,jim beam black label,55.0,,REJECT_LOW_CONFIDENCE,score_lt_86,,true
b605abc5ffccf68c1ac71727,Beinn Dubh The Black,,,2019,W001802,jim beam black label,55.0,,REJECT_LOW_CONFIDENCE,score_lt_86,,true
ecb07860dc0f62b49bab6ae5,Beinn Dubh Thunder in the Glens  20 Year Anniversary Edition,,,,W000930,compass box flaming heart 2015 5th edition - 15th anniversary,57.63,,REJECT_LOW_CONFIDENCE,score_lt_86,,true
8a2516b06ced79dc86a0d7a2,Beinn Dubh Thunder in the Glens  20 Year Anniversary Edition,,,,W000930,compass box flaming heart 2015 5th edition - 15th anniversary,57.63,,REJECT_LOW_CONFIDENCE,score_lt_86,,true
319421667672943389abb3a5,Beinn Dubh Thunder in the Glens  20 Year Anniversary Edition,,,,W000930,compass box flaming heart 2015 5th edition - 15th anniversary,57.63,,REJECT_LOW_CONFIDENCE,score_lt_86,,true
12ef719fe78f516cc77d6c74,Beinn Dubh Thunder in the Glens  20 Year Anniversary Edition,,,,W000930,compass box flaming heart 2015 5th edition - 15th anniversary,57.63,,REJECT_LOW_CONFIDENCE,score_lt_86,,true
7db42497b7e3b5905e8bf82a,Beinn Dubh Thunder in the Glens  20 Year Anniversary Edition,,,,W000930,compass box flaming heart 2015 5th edition - 15th anniversary,57.63,,REJECT_LOW_CONFIDENCE,score_lt_86,,true
8173e5ecde2826a41319d9d5,Beinn Dubh Thunder in the Glens  20 Year Anniversary Edition,,,,W000930,compass box flaming heart 2015 5th edition - 15th anniversary,57.63,,REJECT_LOW_CONFIDENCE,score_lt_86,,true
cc36169e473519667ab30863,Skara Brae 12-year-old  Speyside Single Malt Scotch Whisky,,,,W000530,balcones texas single malt whisky,60.24,,REJECT_LOW_CONFIDENCE,score_lt_86,,true
1d53762caad58982a75468f0,SPEY 10-year-old  Limited Release,,,,W001244,jameson 18yo limited reserve,64.15,,REJECT_LOW_CONFIDENCE,score_lt_86,,true
f9dec2de5e4082cbe7081101,SPEY 10-year-old  Limited Release,,,,W001244,jameson 18yo limited reserve,64.15,,REJECT_LOW_CONFIDENCE,score_lt_86,,true
e14bb22a1cba436473682a2d,SPEY 12-year-old  Limited Edition,,,,W001529,crown royal limited edition,73.08,,REJECT_LOW_CONFIDENCE,score_lt_86,,true
78efa51644a839f735c54f5b,SPEY 12-year-old  Limited Release,,,2021,W001244,jameson 18yo limited reserve,64.15,,REJECT_LOW_CONFIDENCE,score_lt_86,,true
0941338db383b9eabb67e1ed,SPEY 12-year-old  Limited Release,,,,W001244,jameson 18yo limited reserve,64.15,,REJECT_LOW_CONFIDENCE,score_lt_86,,true
6c4c93054e764d151ae04f4c,SPEY 12-year-old  Selected Edition,,,,W000841,glen breton ice 12yo,60.87,,REJECT_LOW_CONFIDENCE,score_lt_86,,true
d60a8287b4e774f6232daaca,SPEY 12-year-old  Selected Edition,,,,W000841,glen breton ice 12yo,60.87,,REJECT_LOW_CONFIDENCE,score_lt_86,,true
46aeef0e7f1753a334cf496f,SPEY 12-year-old  Selected Edition,,,,W000841,glen breton ice 12yo,60.87,,REJECT_LOW_CONFIDENCE,score_lt_86,,true
5ca2821139a7b67cdd92055c,SPEY 12-year-old  Selected Edition,,,,W000841,glen breton ice 12yo,60.87,,REJECT_LOW_CONFIDENCE,score_lt_86,,true
61bc508982ee831edf4ec911,SPEY 12-year-old  Selected Edition,,,,W000841,glen breton ice 12yo,60.87,,REJECT_LOW_CONFIDENCE,score_lt_86,,true
c3c70fb0679f94af271e4eb9,SPEY 12-year-old  Selected Edition,,,,W000841,glen breton ice 12yo,60.87,,REJECT_LOW_CONFIDENCE,score_lt_86,,true
9079f33a4aa6e7db63ea3284,SPEY 12-year-old  Selected Edition,,,,W000841,glen breton ice 12yo,60.87,,REJECT_LOW_CONFIDENCE,score_lt_86,,true
2f07e5b218500a1a40cbbb02,SPEY 12-year-old  Peated,,,2020,W000873,glen spey 12yo (f&f),64.71,,REJECT_LOW_CONFIDENCE,score_lt_86,,true
e974e41363c59b00a39fdd8f,SPEY 12-year-old  Peated,,,,W000873,glen spey 12yo (f&f),64.71,,REJECT_LOW_CONFIDENCE,score_lt_86,,true
d67f11b7bc76807fe4025dbd,SPEY 18-year-old  Selected Edition,,,,W001663,yellowstone 2018 limited edition,62.07,,REJECT_LOW_CONFIDENCE,score_lt_86,,true
7d23b5c3ab1d3bbd6c4bed1a,SPEY 18-year-old  Selected Edition,,,,W001663,yellowstone 2018 limited edition,62.07,,REJECT_LOW_CONFIDENCE,score_lt_86,,true
dff66a31f7f5067cf6eb4ef6,SPEY 18-year-old  Selected Edition,,,,W001663,yellowstone 2018 limited edition,62.07,,REJECT_LOW_CONFIDENCE,score_lt_86,,true
ca06fad9c0ba0a00ca1d62f9,SPEY 18-year-old  Selected Edition,,,,W001663,yellowstone 2018 limited edition,62.07,,REJECT_LOW_CONFIDENCE,score_lt_86,,true
c85871f5e66e2dd810f9eaea,SPEY 18-year-old  Selected Edition,,,2017,W001663,yellowstone 2018 limited edition,62.07,,REJECT_LOW_CONFIDENCE,score_lt_86,,true
2dea9fcbb8fc38e326c8e75a,SPEY 18-year-old  Selected Edition,,,,W001663,yellowstone 2018 limited edition,62.07,,REJECT_LOW_CONFIDENCE,score_lt_86,,true
527f3d7009a0a648324d0202,SPEY 18-year-old  Selected Edition,,,,W001663,yellowstone 2018 limited edition,62.07,,REJECT_LOW_CONFIDENCE,score_lt_86,,true
1b0439625e810e2ef23a55ee,SPEY 18-year-old  Limited Release,,,,W001244,jameson 18yo limited reserve,67.92,,REJECT_LOW_CONFIDENCE,score_lt_86,,true
ac3a6e0d6ad4e45113b97fe4,SPEY 18-year-old  Limited Release,,,,W001244,jameson 18yo limited reserve,67.92,,REJECT_LOW_CONFIDENCE,score_lt_86,,true
0064ba084831f539f0467ea2,SPEY 1990  Single Cask,,,2013,W001134,smogen single cask 4yo 7/2011,64.0,,REJECT_LOW_CONFIDENCE,score_lt_86,,true
dc47ac760697cf2a552fa2fb,SPEY 1990  Single Cask,,,,W001134,smogen single cask 4yo 7/2011,64.0,,REJECT_LOW_CONFIDENCE,score_lt_86,,true
6e321345b61fa32c6f73b989,SPEY 2007  Single Cask,,,,W001134,smogen single cask 4yo 7/2011,72.0,,REJECT_LOW_CONFIDENCE,score_lt_86,,true
b38254fcc25d3fa7c737ad3b,SPEY 2007  Single Cask,,,,W001134,smogen single cask 4yo 7/2011,72.0,,REJECT_LOW_CONFIDENCE,score_lt_86,,true
b99c1e1fdc884b2d98b1b667,SPEY 2007,,,,W000681,speyside 10yo,54.55,,REJECT_LOW_CONFIDENCE,score_lt_86,,true
8f44c09db32ac3dd30e2af33,SPEY 2007,,,,W000681,speyside 10yo,54.55,,REJECT_LOW_CONFIDENCE,score_lt_86,,true
a2a814b7c2d356bef821821c,SPEY 2007,,,,W000681,speyside 10yo,54.55,,REJECT_LOW_CONFIDENCE,score_lt_86,,true
9da4c2dcc79fd3cfbe8d0fe4,SPEY 2007,,,,W000681,speyside 10yo,54.55,,REJECT_LOW_CONFIDENCE,score_lt_86,,true
656a42c3a5d8de538bc2adff,SPEY 2007,,,,W000681,speyside 10yo,54.55,,REJECT_LOW_CONFIDENCE,score_lt_86,,true
0a4640e473e06274c8a573ee,SPEY 2007  Limited Edition,,,,W000439,yamazaki limited edition 2016,74.07,,REJECT_LOW_CONFIDENCE,score_lt_86,,true
3027fd1911318ca509d14ad2,SPEY 2011  Limited Edition,,,,W000439,yamazaki limited edition 2016,77.78,,REJECT_LOW_CONFIDENCE,score_lt_86,,true
3715b743de7c7c061d9c8e24,SPEY 2011  Limited Edition,,,,W000439,yamazaki limited edition 2016,77.78,,REJECT_LOW_CONFIDENCE,score_lt_86,,true
b31adb642651aeb69bbb324a,SPEY 2014,,,2020,W000681,speyside 10yo,54.55,,REJECT_LOW_CONFIDENCE,score_lt_86,,true
c713c762dea64ca8c9c62445,SPEY Byron's Choice,,,2020,W001252,compass box the circle,53.66,,REJECT_LOW_CONFIDENCE,score_lt_86,,true
52003afb82942410d4f472fd,SPEY Byron's Choice,,,,W001252,compass box the circle,53.66,,REJECT_LOW_CONFIDENCE,score_lt_86,,true
a0d449b1ffab063acc4ffa5b,SPEY Byron's Choice,,,,W001252,compass box the circle,53.66,,REJECT_LOW_CONFIDENCE,score_lt_86,,true
d600dcb9ad6ea6af26728007,SPEY Chairman's Choice,,,,W000308,teerenpeli distiller’s choice aura,57.14,,REJECT_LOW_CONFIDENCE,score_lt_86,,true
49aa9760e04c89b8377f73a5,SPEY Chairman's Choice,,,,W000308,teerenpeli distiller’s choice aura,57.14,,REJECT_LOW_CONFIDENCE,score_lt_86,,true
eb20e8a2945926ffdfc6a533,SPEY Chairman's Choice,,,,W000308,teerenpeli distiller’s choice aura,57.14,,REJECT_LOW_CONFIDENCE,score_lt_86,,true
7c165dab3b8167211666a994,SPEY Chairman's Choice,,,,W000308,teerenpeli distiller’s choice aura,57.14,,REJECT_LOW_CONFIDENCE,score_lt_86,,true
7181fc8f38dbc4df67b97227,SPEY Chairman's Choice,,,,W000308,teerenpeli distiller’s choice aura,57.14,,REJECT_LOW_CONFIDENCE,score_lt_86,,true
865df11283be7d9014b84dc8,SPEY Chairman's Choice,,,,W000308,teerenpeli distiller’s choice aura,57.14,,REJECT_LOW_CONFIDENCE,score_lt_86,,true
94ecb7001109c8e45234585f,SPEY Chairman's Choice,,,,W000308,teerenpeli distiller’s choice aura,57.14,,REJECT_LOW_CONFIDENCE,score_lt_86,,true
2aec936ace80862c67dad9ca,SPEY Chairman's Choice,,,,W000308,teerenpeli distiller’s choice aura,57.14,,REJECT_LOW_CONFIDENCE,score_lt_86,,true
6e2a34c22e33f1ece86b4894,SPEY Fūmāre  Cask Strength - Limited Edition,,,,W001618,four roses small batch limited edition,63.29,,REJECT_LOW_CONFIDENCE,score_lt_86,,true
32e4d735cb7131daa2080d60,SPEY Fūmāre  Cask Strength - Limited Edition,,,,W001618,four roses small batch limited edition,63.29,,REJECT_LOW_CONFIDENCE,score_lt_86,,true
1a961ddbf5e986efceba072b,SPEY Fūmāre  Cask Strength - Limited Edition,,,,W001618,four roses small batch limited edition,63.29,,REJECT_LOW_CONFIDENCE,score_lt_86,,true
fdd8b5f7b649b93d8c319fae,SPEY Fūmāre,,,2021,W000873,glen spey 12yo (f&f),62.07,,REJECT_LOW_CONFIDENCE,score_lt_86,,true
dd1ae38c6a45e435701c4858,SPEY Fūmāre   Cask Strength - Limited Edition,,,2021,W001618,four roses small batch limited edition,63.29,,REJECT_LOW_CONFIDENCE,score_lt_86,,true
f7a3761c45b0d1c7a11606ce,SPEY Fūmāre  Limited Release,,,,W000916,port ellen (all ob releases),56.6,,REJECT_LOW_CONFIDENCE,score_lt_86,,true
c70be67bce7314bffd48bc39,SPEY Fūmāre  Limited Release,,,,W000916,port ellen (all ob releases),56.6,,REJECT_LOW_CONFIDENCE,score_lt_86,,true
59cb015ade93cbe1b927f02c,SPEY Fūmāre  Limited Release,,,2016,W000916,port ellen (all ob releases),56.6,,REJECT_LOW_CONFIDENCE,score_lt_86,,true
7da5485a4e8fb47ed5e09956,SPEY Fūmāre  Limited Release,,,,W000916,port ellen (all ob releases),56.6,,REJECT_LOW_CONFIDENCE,score_lt_86,,true
4d80242ec261a5d055c57f44,SPEY Fūmāre  Limited Release,,,,W000916,port ellen (all ob releases),56.6,,REJECT_LOW_CONFIDENCE,score_lt_86,,true
01b426f402a607481c4aa7d8,SPEY Fūmāre  Limited Release,,,,W000916,port ellen (all ob releases),56.6,,REJECT_LOW_CONFIDENCE,score_lt_86,,true
11dcd2e3e7df89e72bb04bb5,SPEY Royal Choice,,,,W001265,chivas royal salute 21yo,58.54,,REJECT_LOW_CONFIDENCE,score_lt_86,,true
c9483aac1327ba973a8a7b8d,SPEY Royal Choice,,,,W001265,chivas royal salute 21yo,58.54,,REJECT_LOW_CONFIDENCE,score_lt_86,,true
422741193f4c6e2b95ba423c,SPEY Royal Choice,,,2021,W001265,chivas royal salute 21yo,58.54,,REJECT_LOW_CONFIDENCE,score_lt_86,,true
236807d61cbcdf517edc58f8,SPEY Royal Choice,,,,W001265,chivas royal salute 21yo,58.54,,REJECT_LOW_CONFIDENCE,score_lt_86,,true
f7c42c141b8f8e27d20e7bab,SPEY Royal Choice,,,,W001265,chivas royal salute 21yo,58.54,,REJECT_LOW_CONFIDENCE,score_lt_86,,true
67dc513ad2bc9b35cb0df37f,SPEY Royal Choice,,,,W001265,chivas royal salute 21yo,58.54,,REJECT_LOW_CONFIDENCE,score_lt_86,,true
a64c7b39ae7ccc5d177e55d3,SPEY Royal Choice,,,,W001265,chivas royal salute 21yo,58.54,,REJECT_LOW_CONFIDENCE,score_lt_86,,true
1f45a2665f978546ed04f139,SPEY Royal Choice,,,,W001265,chivas royal salute 21yo,58.54,,REJECT_LOW_CONFIDENCE,score_lt_86,,true
147aa37b77f9502058068461,SPEY Tenné  Selected Edition,,,2017,W000673,santis edition sigel,56.52,,REJECT_LOW_CONFIDENCE,score_lt_86,,true
2638cf8a5d8addb338872a9b,SPEY Tenné  Selected Edition,,,,W000673,santis edition sigel,56.52,,REJECT_LOW_CONFIDENCE,score_lt_86,,true
5200d99c4cba8a73c8731ec6,SPEY Tenné  Selected Edition,,,,W000673,santis edition sigel,56.52,,REJECT_LOW_CONFIDENCE,score_lt_86,,true
c7c321b19574e00f9e9f4fa4,SPEY Tenné  Selected Edition,,,,W000673,santis edition sigel,56.52,,REJECT_LOW_CONFIDENCE,score_lt_86,,true
a4633b9113b3a45492c03f9a,SPEY Tenné  Selected Edition,,,2020,W000673,santis edition sigel,56.52,,REJECT_LOW_CONFIDENCE,score_lt_86,,true
7563e46ba86e158dfa4378f8,SPEY Tenné  Selected Edition,,,,W000673,santis edition sigel,56.52,,REJECT_LOW_CONFIDENCE,score_lt_86,,true
3014785a9f762d81d6c1e12a,SPEY Tenné  Selected Edition,,,2021,W000673,santis edition sigel,56.52,,REJECT_LOW_CONFIDENCE,score_lt_86,,true
f458fc8e76216ad1ffd7b071,SPEY Tenné  Cask Strength - Limited Edition,,,,W001428,lot 40 cask strength third edition (2019),66.67,,REJECT_LOW_CONFIDENCE,score_lt_86,,true
4e31cb009df1812ce43cc567,SPEY Tenné  Cask Strength - Limited Edition,,,,W001428,lot 40 cask strength third edition (2019),66.67,,REJECT_LOW_CONFIDENCE,score_lt_86,,true
8f963e87d0d84724ae10b2e6,SPEY Tenné  Cask Strength - Limited Edition,,,,W001428,lot 40 cask strength third edition (2019),66.67,,REJECT_LOW_CONFIDENCE,score_lt_86,,true
8b165c0609b98e5dcca2ae33,SPEY Tenné  Cask Strength - Limited Edition,,,,W001428,lot 40 cask strength third edition (2019),66.67,,REJECT_LOW_CONFIDENCE,score_lt_86,,true
df555fbe2676ce3fc1a79f71,SPEY Tenné  Cask Strength - Limited Edition,,,,W001428,lot 40 cask strength third edition (2019),66.67,,REJECT_LOW_CONFIDENCE,score_lt_86,,true
b095582133855ec7918af118,SPEY Trutinā  Cask Strength - Limited Edition,,,,W001428,lot 40 cask strength third edition (2019),67.5,,REJECT_LOW_CONFIDENCE,score_lt_86,,true
ed523c8780a5a51cc3756290,SPEY Trutinā  Limited Release,,,,W001198,kilchoman spring 2011 release,57.14,,REJECT_LOW_CONFIDENCE,score_lt_86,,true
534e08116afa17e510910983,SPEY Trutinā  Limited Release,,,,W001198,kilchoman spring 2011 release,57.14,,REJECT_LOW_CONFIDENCE,score_lt_86,,true
606f47e1b546877511a08079,SPEY Trutinā  Limited Release,,,2018,W001198,kilchoman spring 2011 release,57.14,,REJECT_LOW_CONFIDENCE,score_lt_86,,true
9f76452ed6d292c74f9be408,SPEY Trutinā  Limited Release,,,,W001198,kilchoman spring 2011 release,57.14,,REJECT_LOW_CONFIDENCE,score_lt_86,,true
0871d84f925ab1edaabc0999,SPEY Trutinā  Limited Release,,,,W001198,kilchoman spring 2011 release,57.14,,REJECT_LOW_CONFIDENCE,score_lt_86,,true
8e15b410ffe722554c545a79,SPEY Trutinā  Limited Release,,,,W001198,kilchoman spring 2011 release,57.14,,REJECT_LOW_CONFIDENCE,score_lt_86,,true
0b01da6d5c3d8f3ea6d48884,SPEY Trutinā  Cask Strength - Limited Edition,,,2021,W001428,lot 40 cask strength third edition (2019),67.5,,REJECT_LOW_CONFIDENCE,score_lt_86,,true
09b0c55ecb106120eab0a47f,Speyside Distillery 08-year-old,,,,W000681,speyside 10yo,64.86,,REJECT_LOW_CONFIDENCE,score_lt_86,,true
9d69f79fdf104bd457c165f6,Speyside Distillery 08-year-old,,,,W000681,speyside 10yo,64.86,,REJECT_LOW_CONFIDENCE,score_lt_86,,true
e7c7d6afe41cef605ff1a6c6,Speyside Distillery 08-year-old,,,,W000681,speyside 10yo,64.86,,REJECT_LOW_CONFIDENCE,score_lt_86,,true
b294061fe480b67f71fb0437,Speyside Distillery 08-year-old,,,,W000681,speyside 10yo,64.86,,REJECT_LOW_CONFIDENCE,score_lt_86,,true
034a41b93fc4031730cf0a31,Speyside Distillery 10-year-old,,,2021,W000681,speyside 10yo,70.27,,REJECT_LOW_CONFIDENCE,score_lt_86,,true
fe793954014063e120ea925b,Speyside Distillery 10-year-old,,,,W000681,speyside 10yo,70.27,,REJECT_LOW_CONFIDENCE,score_lt_86,,true
b0969324872cb05fdf458126,Speyside Distillery 10-year-old,,,2001,W000681,speyside 10yo,70.27,,REJECT_LOW_CONFIDENCE,score_lt_86,,true
d899ee752bb721ad71694fc3,Speyside Distillery 10-year-old,,,,W000681,speyside 10yo,70.27,,REJECT_LOW_CONFIDENCE,score_lt_86,,true
6956c1e5b8287cde96d40c37,Speyside Distillery 12-year-old,,,,W000894,speyside 12yo,70.27,,REJECT_LOW_CONFIDENCE,score_lt_86,,true
d03d8b96997bb91c831870f9,Speyside Distillery 12-year-old,,,,W000894,speyside 12yo,70.27,,REJECT_LOW_CONFIDENCE,score_lt_86,,true
8e767d122d0b95801a133110,Speyside Distillery 12-year-old,,,,W000894,speyside 12yo,70.27,,REJECT_LOW_CONFIDENCE,score_lt_86,,true
b548ae15454f42b546f208af,Speyside Distillery 12-year-old,,,,W000894,speyside 12yo,70.27,,REJECT_LOW_CONFIDENCE,score_lt_86,,true
1a1bdadf455b028409107141,Speyside Distillery 12-year-old,,,,W000894,speyside 12yo,70.27,,REJECT_LOW_CONFIDENCE,score_lt_86,,true
ee9264a431b20c2b2e5196c7,Speyside Distillery 12-year-old,,,,W000894,speyside 12yo,70.27,,REJECT_LOW_CONFIDENCE,score_lt_86,,true
cc205a4a16ada23119149f80,Speyside Distillery 15-year-old,,,,W000681,speyside 10yo,64.86,,REJECT_LOW_CONFIDENCE,score_lt_86,,true
e1ea7c2ec59ffe0ef2a94d7d,Speyside Distillery 21-year-old  Superb Scotch Whisky,,,,W001544,last mountain distillery single cask rye whisky,60.87,,REJECT_LOW_CONFIDENCE,score_lt_86,,true
b94a1bc3bfe40aeb87a8fdef,Speyside Distillery 25-year-old,,,,W000894,speyside 12yo,64.86,,REJECT_LOW_CONFIDENCE,score_lt_86,,true
bffa28cf87a2ba7566f09fea,Speyside Distillery 25-year-old,,,,W000894,speyside 12yo,64.86,,REJECT_LOW_CONFIDENCE,score_lt_86,,true
1fecfe159b7fdae7379d6d6e,The Speyside 10-year-old,,,1990,W000681,speyside 10yo,86.67,,REVIEW_PRODUCT_FEATURE,score_86_93_no_conflict,,true
171ac66efb8f80411be97354,Hazelburn 10-year-old,,,,W000379,aberlour 10yo,74.07,,REJECT_LOW_CONFIDENCE,score_lt_86,,true
919471ea2efba6fc8840f113,Hazelburn 10-year-old,,,,W000379,aberlour 10yo,74.07,,REJECT_LOW_CONFIDENCE,score_lt_86,,true
88bda6c359359c8e2a2f8b7e,Hazelburn 10-year-old,,,,W000379,aberlour 10yo,74.07,,REJECT_LOW_CONFIDENCE,score_lt_86,,true
45dd62f9b932ed5185784b48,Hazelburn 10-year-old,,,,W000379,aberlour 10yo,74.07,,REJECT_LOW_CONFIDENCE,score_lt_86,,true
1f374ad24c99fc751e4df67f,Hazelburn 10-year-old,,,,W000379,aberlour 10yo,74.07,,REJECT_LOW_CONFIDENCE,score_lt_86,,true
04bbc4f3dfcfa26a2fabe70e,Hazelburn 10-year-old,,,,W000379,aberlour 10yo,74.07,,REJECT_LOW_CONFIDENCE,score_lt_86,,true
64f4d1d6af6f5f96101b4b58,Hazelburn 10-year-old,,,,W000379,aberlour 10yo,74.07,,REJECT_LOW_CONFIDENCE,score_lt_86,,true
133c0de66cd7318fce188e9a,Hazelburn 10-year-old,,,,W000379,aberlour 10yo,74.07,,REJECT_LOW_CONFIDENCE,score_lt_86,,true
c11b3722fa107b0a993a262c,Longrow 18-year-old,,,2020,W001123,longrow 18yo,100.0,,KEEP_PRODUCT_FEATURE,score_gte_94_no_conflict,,true
78b7ac7007b04e26bd622cc5,Longrow 18-year-old,,,2018,W001123,longrow 18yo,100.0,,KEEP_PRODUCT_FEATURE,score_gte_94_no_conflict,,true
382f752fd1ec9b1bd7a4e934,Longrow 18-year-old,,,,W001123,longrow 18yo,100.0,,KEEP_PRODUCT_FEATURE,score_gte_94_no_conflict,,true
d5f669cb9f0f12fdc783d330,Longrow 18-year-old,,,2020,W001123,longrow 18yo,100.0,,KEEP_PRODUCT_FEATURE,score_gte_94_no_conflict,,true
11596b97d4c60600e5e92ac3,Longrow 18-year-old,,,,W001123,longrow 18yo,100.0,,KEEP_PRODUCT_FEATURE,score_gte_94_no_conflict,,true
38a6d4afc4ce3b33b9d360c1,Longrow 18-year-old,,,,W001123,longrow 18yo,100.0,,KEEP_PRODUCT_FEATURE,score_gte_94_no_conflict,,true
66ea53071b38b1d803910306,Longrow 18-year-old,,,,W001123,longrow 18yo,100.0,,KEEP_PRODUCT_FEATURE,score_gte_94_no_conflict,,true
49a0553ab268fe2efd46a618,Longrow 18-year-old,,,,W001123,longrow 18yo,100.0,,KEEP_PRODUCT_FEATURE,score_gte_94_no_conflict,,true
8704e8bc697144f1bfbd1786,Longrow 18-year-old,,,,W001123,longrow 18yo,100.0,,KEEP_PRODUCT_FEATURE,score_gte_94_no_conflict,,true
34601b161d28c1c6d96ceb1a,Longrow 21-year-old  Limited Release,,,,W000914,port ellen 7th release 28yo,61.82,,REJECT_LOW_CONFIDENCE,score_lt_86,,true
703fdb79dd5f8abd53c88d5b,Longrow 21-year-old  Limited Release,,,,W000914,port ellen 7th release 28yo,61.82,,REJECT_LOW_CONFIDENCE,score_lt_86,,true
6dada7a647f6ec316cb9f5f6,Longrow 21-year-old  Limited Release,,,2019,W000914,port ellen 7th release 28yo,61.82,,REJECT_LOW_CONFIDENCE,score_lt_86,,true
4bcce730069ae7563da8ca56,Longrow 21-year-old  Limited Release,,,,W000914,port ellen 7th release 28yo,61.82,,REJECT_LOW_CONFIDENCE,score_lt_86,,true
1cc33f820929acd804ab270d,Longrow 21-year-old  Limited Release,,,,W000914,port ellen 7th release 28yo,61.82,,REJECT_LOW_CONFIDENCE,score_lt_86,,true
399d6004be9683b3ac901d91,Longrow 21-year-old  Limited Release,,,2019,W000914,port ellen 7th release 28yo,61.82,,REJECT_LOW_CONFIDENCE,score_lt_86,,true
5437c39dc8ccc15a407f8bfb,Longrow 21-year-old  Limited Release,,,,W000914,port ellen 7th release 28yo,61.82,,REJECT_LOW_CONFIDENCE,score_lt_86,,true
1705afcd9b6428a564e59636,Longrow 21-year-old  Limited Release,,,,W000914,port ellen 7th release 28yo,61.82,,REJECT_LOW_CONFIDENCE,score_lt_86,,true
bf71bb7b2fdaaff5c1350ef9,Longrow 21-year-old  Limited Release,,,,W000914,port ellen 7th release 28yo,61.82,,REJECT_LOW_CONFIDENCE,score_lt_86,,true
a8ac45cf6f8336a187af5321,Longrow 21-year-old  Limited Release,,,2020,W000914,port ellen 7th release 28yo,61.82,,REJECT_LOW_CONFIDENCE,score_lt_86,,true
4c8f2b4e863bdbf0c07b5726,Longrow Peated  Campbeltown Single Malt Scotch Whisky,,,,W000860,shelter point artisanal single malt whisky,61.7,,REJECT_LOW_CONFIDENCE,score_lt_86,,true
945985c12f1c3f1f95cac4d1,Longrow Peated  Campbeltown Single Malt Scotch Whisky,,,,W000860,shelter point artisanal single malt whisky,61.7,,REJECT_LOW_CONFIDENCE,score_lt_86,,true
120f83c80cda4a1fc860add0,Longrow Peated  Campbeltown Single Malt Scotch Whisky,,,,W000860,shelter point artisanal single malt whisky,61.7,,REJECT_LOW_CONFIDENCE,score_lt_86,,true
1062e83ede858a2fdee1c966,Longrow Peated  Campbeltown Single Malt Scotch Whisky,,,,W000860,shelter point artisanal single malt whisky,61.7,,REJECT_LOW_CONFIDENCE,score_lt_86,,true
5193c62087d289a06ba3ae4d,Longrow Peated  Campbeltown Single Malt Scotch Whisky,,,,W000860,shelter point artisanal single malt whisky,61.7,,REJECT_LOW_CONFIDENCE,score_lt_86,,true
a53ffb3d5e6446a0f853a4b6,Longrow Peated  Campbeltown Single Malt Scotch Whisky,,,,W000860,shelter point artisanal single malt whisky,61.7,,REJECT_LOW_CONFIDENCE,score_lt_86,,true
9678a80391e05300ee64e94b,Longrow Peated  Campbeltown Single Malt Scotch Whisky,,,,W000860,shelter point artisanal single malt whisky,61.7,,REJECT_LOW_CONFIDENCE,score_lt_86,,true
a864c40054625ac29e7c62af,Longrow Peated  Campbeltown Single Malt Scotch Whisky,,,,W000860,shelter point artisanal single malt whisky,61.7,,REJECT_LOW_CONFIDENCE,score_lt_86,,true
2b35408dda6224e5fc58282d,Longrow Peated  Campbeltown Single Malt Scotch Whisky,,,,W000860,shelter point artisanal single malt whisky,61.7,,REJECT_LOW_CONFIDENCE,score_lt_86,,true
e6149fb91495a552611a5db7,Springbank 10-year-old,,,,W000998,springbank 10yo,100.0,,KEEP_PRODUCT_FEATURE,score_gte_94_no_conflict,,true
eb49460642af6bdb03a7d0b5,Springbank 10-year-old,,,,W000998,springbank 10yo,100.0,,KEEP_PRODUCT_FEATURE,score_gte_94_no_conflict,,true
ac383e9d8c20c2adc63f4f49,Springbank 10-year-old,,,,W000998,springbank 10yo,100.0,,KEEP_PRODUCT_FEATURE,score_gte_94_no_conflict,,true
f75743adc1b148fb4b3007c0,Springbank 10-year-old,,,,W000998,springbank 10yo,100.0,,KEEP_PRODUCT_FEATURE,score_gte_94_no_conflict,,true
f8dc00660c62f78b34312788,Springbank 10-year-old,,,,W000998,springbank 10yo,100.0,,KEEP_PRODUCT_FEATURE,score_gte_94_no_conflict,,true
9a74fd1b2d0069a8da4e4b1b,Springbank 10-year-old,,,,W000998,springbank 10yo,100.0,,KEEP_PRODUCT_FEATURE,score_gte_94_no_conflict,,true
6f64d05949975693aac83607,Springbank 10-year-old,,,,W000998,springbank 10yo,100.0,,KEEP_PRODUCT_FEATURE,score_gte_94_no_conflict,,true
8f007ad5c9b461cd52eb45f1,Springbank 10-year-old,,,2016,W000998,springbank 10yo,100.0,,KEEP_PRODUCT_FEATURE,score_gte_94_no_conflict,,true
00ab8cfab911e301da73e585,Springbank 10-year-old,,,,W000998,springbank 10yo,100.0,,KEEP_PRODUCT_FEATURE,score_gte_94_no_conflict,,true
6170b4dd099567faac14f5fe,Springbank 10-year-old,,,,W000998,springbank 10yo,100.0,,KEEP_PRODUCT_FEATURE,score_gte_94_no_conflict,,true
f350d4ec9f1faf8dbdf17985,Springbank 12-year-old  Cask Strength,,,2021,W000120,springbank 12yo cask strength,100.0,,KEEP_PRODUCT_FEATURE,score_gte_94_no_conflict,,true
2cd1a118bae6f7b058edcbb1,Springbank 12-year-old  Cask Strength,,,,W000120,springbank 12yo cask strength,100.0,,KEEP_PRODUCT_FEATURE,score_gte_94_no_conflict,,true
76449880790e6902d94ac50e,Springbank 12-year-old  Cask Strength,,,,W000120,springbank 12yo cask strength,100.0,,KEEP_PRODUCT_FEATURE,score_gte_94_no_conflict,,true
f1f5b8bf83f8e07914e1413c,Springbank 15-year-old,,,2019,W000185,springbank 15yo,100.0,,KEEP_PRODUCT_FEATURE,score_gte_94_no_conflict,,true
c4eaacffffc6930792752af8,Springbank 15-year-old,,,,W000185,springbank 15yo,100.0,,KEEP_PRODUCT_FEATURE,score_gte_94_no_conflict,,true
02a877d2de600fabd860d929,Springbank 15-year-old,,,,W000185,springbank 15yo,100.0,,KEEP_PRODUCT_FEATURE,score_gte_94_no_conflict,,true
b7b23c473317bfb4e5c3317d,Springbank 15-year-old,,,,W000185,springbank 15yo,100.0,,KEEP_PRODUCT_FEATURE,score_gte_94_no_conflict,,true
4b7f66339d5b7f79ea0692be,Springbank 15-year-old,,,,W000185,springbank 15yo,100.0,,KEEP_PRODUCT_FEATURE,score_gte_94_no_conflict,,true
e629459c4a616e42c11f57cf,Springbank 15-year-old,,,,W000185,springbank 15yo,100.0,,KEEP_PRODUCT_FEATURE,score_gte_94_no_conflict,,true
03584d8585d7d82bba0ae882,Springbank 15-year-old,,,,W000185,springbank 15yo,100.0,,KEEP_PRODUCT_FEATURE,score_gte_94_no_conflict,,true
ad72404ed0ad94b57c78f5ee,Springbank 15-year-old,,,,W000185,springbank 15yo,100.0,,KEEP_PRODUCT_FEATURE,score_gte_94_no_conflict,,true
70c5406e23198599a6e40fe7,Springbank 21-year-old,,,2020,W000076,springbank 21yo,100.0,,KEEP_PRODUCT_FEATURE,score_gte_94_no_conflict,,true
3ba28212b7a5b1fe338b5c13,Springbank 21-year-old,,,,W000076,springbank 21yo,100.0,,KEEP_PRODUCT_FEATURE,score_gte_94_no_conflict,,true
fdf15e4865951464b4b585f5,Springbank 21-year-old,,,,W000076,springbank 21yo,100.0,,KEEP_PRODUCT_FEATURE,score_gte_94_no_conflict,,true
c8ef3c149efa2e5d71877716,Springbank 21-year-old,,,,W000076,springbank 21yo,100.0,,KEEP_PRODUCT_FEATURE,score_gte_94_no_conflict,,true
a30cbb0459593d7957b130ce,Springbank 21-year-old,,,2020,W000076,springbank 21yo,100.0,,KEEP_PRODUCT_FEATURE,score_gte_94_no_conflict,,true
6fa27ab1fc1e2b7b0ad46d75,Springbank 21-year-old,,,,W000076,springbank 21yo,100.0,,KEEP_PRODUCT_FEATURE,score_gte_94_no_conflict,,true
28c7ffde84ed2e89f234791f,Springbank 21-year-old,,,1920,W000076,springbank 21yo,100.0,,KEEP_PRODUCT_FEATURE,score_gte_94_no_conflict,,true
09c86d7a2d6e2d95b8eeb216,Springbank 21-year-old,,,2015,W000076,springbank 21yo,100.0,,KEEP_PRODUCT_FEATURE,score_gte_94_no_conflict,,true
b0e5d91827709410d2bf79a2,Springbank 21-year-old,,,,W000076,springbank 21yo,100.0,,KEEP_PRODUCT_FEATURE,score_gte_94_no_conflict,,true
2535ffb147bbc1f83af85fa6,Springbank 21-year-old,,,,W000076,springbank 21yo,100.0,,KEEP_PRODUCT_FEATURE,score_gte_94_no_conflict,,true
c52a62d790febf45797936d5,Discovery Road Four Lions  English Malt Whisky,,,,W000867,kilbeggan irish reserve malt whiskey,54.32,,REJECT_LOW_CONFIDENCE,score_lt_86,,true
717fccc692ccce7e0a57c742,The English Whisky 11-year-old,,,,W001732,barrell whiskey batch 001,58.33,,REJECT_LOW_CONFIDENCE,score_lt_86,,true
0bf97b50a050810a793d0b5d,The English Whisky 11-year-old,,,2021,W001732,barrell whiskey batch 001,58.33,,REJECT_LOW_CONFIDENCE,score_lt_86,,true
a2ae21365951f0a9fb5824a4,The English Whisky 11-year-old,,,,W001732,barrell whiskey batch 001,58.33,,REJECT_LOW_CONFIDENCE,score_lt_86,,true
7dcfca781d287d279659635e,The English Whisky 11-year-old,,,,W001732,barrell whiskey batch 001,58.33,,REJECT_LOW_CONFIDENCE,score_lt_86,,true
2c88ed17729c603079f06148,The English Whisky 2006  Founders Private Cellar,,,,W001306,the irishman original clan irish whiskey,57.47,,REJECT_LOW_CONFIDENCE,score_lt_86,,true
38cb0c464fe002ec0f86a058,The English Whisky 2006  Founders Private Cellar,,,2011,W001306,the irishman original clan irish whiskey,57.47,,REJECT_LOW_CONFIDENCE,score_lt_86,,true
cf2f95298f604de14cd8157f,The English Whisky 2006  Founders Private Cellar,,,2007,W001306,the irishman original clan irish whiskey,57.47,,REJECT_LOW_CONFIDENCE,score_lt_86,,true
82e6ba8ddb02cdda7ce6b2aa,The English Whisky 2007  Chapter 9  - Peated / Smokey,,,,W001082,st george's chapter 9 (peated),61.33,,REJECT_LOW_CONFIDENCE,score_lt_86,,true
667a35eca5b2222c90b68028,The English Whisky 2007  Founders Private Cellar,,,2006,W001306,the irishman original clan irish whiskey,57.47,,REJECT_LOW_CONFIDENCE,score_lt_86,,true
ae94c76f1affdaafc127aee4,The English Whisky 2007  Chapter 9  - Peated / Smokey,,,,W001082,st george's chapter 9 (peated),61.33,,REJECT_LOW_CONFIDENCE,score_lt_86,,true
b969236b359d77c2a2f7913d,The English Whisky 2007  Chapter 9  - Peated / Smokey,,,,W001082,st george's chapter 9 (peated),61.33,,REJECT_LOW_CONFIDENCE,score_lt_86,,true
4281fcbeebf5f75702cb7456,The English Whisky 2007  Limited Edition,,,1940,W001663,yellowstone 2018 limited edition,61.97,,REJECT_LOW_CONFIDENCE,score_lt_86,,true
e4df733e1bb037674ca521f9,The English Whisky 2007  Limited Edition,,,,W001663,yellowstone 2018 limited edition,61.97,,REJECT_LOW_CONFIDENCE,score_lt_86,,true
dab5f456e3fe835129c61b72,The English Whisky 2007  Chapter 9  - Peated / Smokey,,,,W001082,st george's chapter 9 (peated),61.33,,REJECT_LOW_CONFIDENCE,score_lt_86,,true
3513bc1af516b9b95162c9e5,The English Whisky 2007  Chapter 9  - Peated / Smokey,,,,W001082,st george's chapter 9 (peated),61.33,,REJECT_LOW_CONFIDENCE,score_lt_86,,true
f13842fe8add680e648b2356,The English Whisky 2007  Chapter 6 - Not Peated,,,,W000844,st george's chapter 6 (unpeated),59.46,,REJECT_LOW_CONFIDENCE,score_lt_86,,true
9d6e6c417b3b5e403ec22c5c,The English Whisky 2007  Single Cask Release,,,,W001560,last mountain distillery single cask 100% wheat whisky,64.58,,REJECT_LOW_CONFIDENCE,score_lt_86,,true
8a0e38f68529cf38127d5d75,The English Whisky 2007,,,,W001718,barrell whiskey batch 002,62.5,,REJECT_LOW_CONFIDENCE,score_lt_86,,true
c9f6e858109a43722e1e80cb,The English Whisky 2007  Chapter 6,,,,W001718,barrell whiskey batch 002,58.62,,REJECT_LOW_CONFIDENCE,score_lt_86,,true
d75ad0f06762ca70d4413603,The English Whisky 2007  Chapter 6,,,,W001718,barrell whiskey batch 002,58.62,,REJECT_LOW_CONFIDENCE,score_lt_86,,true
1ad707a8cfc651ebcb3b6fee,The English Whisky 2007  Chapter 6 - Not Peated,,,,W000844,st george's chapter 6 (unpeated),59.46,,REJECT_LOW_CONFIDENCE,score_lt_86,,true
8b26b9b0bbb3f95a7e0726d6,The English Whisky 2007  Chapter 6 - Not Peated,,,,W000844,st george's chapter 6 (unpeated),59.46,,REJECT_LOW_CONFIDENCE,score_lt_86,,true
bc35b5e23fe073f298de44c8,The English Whisky 2007  Chapter 7,,,,W001718,barrell whiskey batch 002,58.62,,REJECT_LOW_CONFIDENCE,score_lt_86,,true
f3114a53f3c7dc797ba686a0,The English Whisky 2008  Chapter 15 - Heavily Peated,,,,W001082,st george's chapter 9 (peated),57.14,,REJECT_LOW_CONFIDENCE,score_lt_86,,true
5e77b479a893a4fecb429008,The English Whisky 2008  Chapter 6 - Not Peated,,,,W000844,st george's chapter 6 (unpeated),59.46,,REJECT_LOW_CONFIDENCE,score_lt_86,,true
76c191ac3859268ec6099c1f,The English Whisky 2008  Chapter 15 - Heavily Peated,,,,W001082,st george's chapter 9 (peated),57.14,,REJECT_LOW_CONFIDENCE,score_lt_86,,true
132af865cabe4287e7e14591,The English Whisky 2008  Chapter 15 - Heavily Peated,,,,W001082,st george's chapter 9 (peated),57.14,,REJECT_LOW_CONFIDENCE,score_lt_86,,true
6ed7ac21cb4a7ab37ae4a5aa,The English Whisky 2008  Chapter 11 - Heavily Peated,,,,W001082,st george's chapter 9 (peated),57.14,,REJECT_LOW_CONFIDENCE,score_lt_86,,true
26b66e09cc4533d5d7bf8328,The English Whisky 2008  Chapter 11 - Heavily Peated,,,,W001082,st george's chapter 9 (peated),57.14,,REJECT_LOW_CONFIDENCE,score_lt_86,,true
4c55252023147a95b5007bfa,The English Whisky 2008  Chapter 11 - Heavily Peated,,,,W001082,st george's chapter 9 (peated),57.14,,REJECT_LOW_CONFIDENCE,score_lt_86,,true
b7865c49c3b2801afc67bc97,The English Whisky 2008  Chapter 11 - Heavily Peated,,,,W001082,st george's chapter 9 (peated),57.14,,REJECT_LOW_CONFIDENCE,score_lt_86,,true
f4f37fdd156e9e43cba21951,The English Whisky 2008 Chapter 13  Halloween,,,,W001456,little book chapter 1 the easy,56.76,,REJECT_LOW_CONFIDENCE,score_lt_86,,true
19a6b46b0278a0b0106f357d,The English Whisky 2008 Chapter 13  Halloween,,,,W001456,little book chapter 1 the easy,56.76,,REJECT_LOW_CONFIDENCE,score_lt_86,,true
a9aa976d290378d90a10589f,The English Whisky 2009  Chapter 11 - Heavily Peated,,,,W001082,st george's chapter 9 (peated),59.74,,REJECT_LOW_CONFIDENCE,score_lt_86,,true
81f94e40006a1a06607e6a63,The English Whisky 2009  Chapter 11 - Heavily Peated,,,2010,W001082,st george's chapter 9 (peated),59.74,,REJECT_LOW_CONFIDENCE,score_lt_86,,true
23bc5a21a1f2102077996ed6,The English Whisky 2009  Chapter 11 - Heavily Peated,,,,W001082,st george's chapter 9 (peated),59.74,,REJECT_LOW_CONFIDENCE,score_lt_86,,true
39edeffa58b01cfec6029678,The English Whisky 2009  The Whisky Circus,,,2020,W000221,glenrothes whisky maker's cut,54.29,,REJECT_LOW_CONFIDENCE,score_lt_86,,true
5722520d7c90e0f7c4a1ade7,The English Whisky 2009  The Whisky Circus,,,2020,W000221,glenrothes whisky maker's cut,54.29,,REJECT_LOW_CONFIDENCE,score_lt_86,,true
02411f87d06dfc632c5468e1,The English Whisky 2009  Single Cask Release,,,,W001560,last mountain distillery single cask 100% wheat whisky,64.58,,REJECT_LOW_CONFIDENCE,score_lt_86,,true
051cbc95312858ef12172115,The English Whisky 2010  Chapter 9  - Peated / Smokey,,,,W001082,st george's chapter 9 (peated),61.33,,REJECT_LOW_CONFIDENCE,score_lt_86,,true
90d9d7bee2779f0b4d3c96cd,The English Whisky 2010  Chapter 14 - Non Peated,,,,W001082,st george's chapter 9 (peated),57.53,,REJECT_LOW_CONFIDENCE,score_lt_86,,true
864c26ab2c42c71f592ea2f1,The English Whisky 2010  Chapter 6 - Not Peated,,,,W000844,st george's chapter 6 (unpeated),59.46,,REJECT_LOW_CONFIDENCE,score_lt_86,,true
777be700647302a5c138b8e3,The English Whisky 2010  Chapter 6 - Not Peated,,,,W000844,st george's chapter 6 (unpeated),59.46,,REJECT_LOW_CONFIDENCE,score_lt_86,,true
37978b33da0919a159740438,The English Whisky 2010  Chapter 6 - Not Peated,,,,W000844,st george's chapter 6 (unpeated),59.46,,REJECT_LOW_CONFIDENCE,score_lt_86,,true
5b6a077a946df5ecf018f33c,The English Whisky 2010  Chapter 6 - Not Peated,,,,W000844,st george's chapter 6 (unpeated),59.46,,REJECT_LOW_CONFIDENCE,score_lt_86,,true
be4a4788693bba8ca74ec562,The English Whisky 2010  Chapter 15 - Heavily Peated,,,2019,W001082,st george's chapter 9 (peated),57.14,,REJECT_LOW_CONFIDENCE,score_lt_86,,true
c3b8c4d83771926302257f98,The English Whisky 2010  Chapter 15 - Heavily Peated,,,2017,W001082,st george's chapter 9 (peated),57.14,,REJECT_LOW_CONFIDENCE,score_lt_86,,true
50a14c7fc912689d7dfbd9f6,The English Whisky 2011  Small Batch Release,,,,W001501,knob creek small batch straight rye whiskey,62.79,,REJECT_LOW_CONFIDENCE,score_lt_86,,true
94fce75009a41d80a832c0a3,The English Whisky 2011  Small Batch Release,,,,W001501,knob creek small batch straight rye whiskey,62.79,,REJECT_LOW_CONFIDENCE,score_lt_86,,true
b3195b2aaf5f9a03baa49166,The English Whisky 2011  Small Batch Release,,,,W001501,knob creek small batch straight rye whiskey,62.79,,REJECT_LOW_CONFIDENCE,score_lt_86,,true
5387984d19803aabe466dfeb,The English Whisky 2011  Small Batch Release,,,,W001501,knob creek small batch straight rye whiskey,62.79,,REJECT_LOW_CONFIDENCE,score_lt_86,,true
b9f9bf4f188acea08a9247df,The English Whisky 2011  Chapter 11 - Heavily Peated,,,,W001082,st george's chapter 9 (peated),57.14,,REJECT_LOW_CONFIDENCE,score_lt_86,,true
cdcce67dbf49f11a4c155997,The English Whisky 2011  Small Batch Release,,,,W001501,knob creek small batch straight rye whiskey,62.79,,REJECT_LOW_CONFIDENCE,score_lt_86,,true
e5a3878d563a3139e3bd0861,The English Whisky 2011  Small Batch Release,,,,W001501,knob creek small batch straight rye whiskey,62.79,,REJECT_LOW_CONFIDENCE,score_lt_86,,true
b4054581ec53f6116d914260,The English Whisky 2012  Chapter 17 - Triple Distilled,,,,W001560,last mountain distillery single cask 100% wheat whisky,57.69,,REJECT_LOW_CONFIDENCE,score_lt_86,,true
cf06cb79d742016481545ecd,The English Whisky 2012  Chapter 17 - Triple Distilled,,,,W001560,last mountain distillery single cask 100% wheat whisky,57.69,,REJECT_LOW_CONFIDENCE,score_lt_86,,true
df19ac3ff3000bbf3b052372,The English Whisky 2012  Single Cask Release,,,,W001269,teeling single grain (wine cask finish),62.5,,REJECT_LOW_CONFIDENCE,score_lt_86,,true
4a89cd61dfc37aad911cbfbd,The English Whisky 2013  Chapter 9 - Peated,,,,W001082,st george's chapter 9 (peated),64.71,,REJECT_LOW_CONFIDENCE,score_lt_86,,true
6a2d5cd8f20aa9dad9c60768,The English Whisky 2013  Small Batch Release,,,2013,W001501,knob creek small batch straight rye whiskey,62.79,,REJECT_LOW_CONFIDENCE,score_lt_86,,true
f83a6040d2ac94142a2c6ed0,The English Whisky 2013  Small Batch Release,,,,W001501,knob creek small batch straight rye whiskey,62.79,,REJECT_LOW_CONFIDENCE,score_lt_86,,true
7e6cfa8288d70a7c4e5c0b37,The English Whisky 2013  Small Batch Release,,,2013,W001501,knob creek small batch straight rye whiskey,62.79,,REJECT_LOW_CONFIDENCE,score_lt_86,,true
e319e135a4a20f4147f5d4de,The English Whisky 2013  Small Batch Release,,,,W001501,knob creek small batch straight rye whiskey,62.79,,REJECT_LOW_CONFIDENCE,score_lt_86,,true
7c10982487ddd5587a04ca92,The English Whisky 2013   Small Batch Release,,,,W001501,knob creek small batch straight rye whiskey,62.79,,REJECT_LOW_CONFIDENCE,score_lt_86,,true
09dc3bf59eafed41f3da812c,The English Whisky 2013   Small Batch Release,,,,W001501,knob creek small batch straight rye whiskey,62.79,,REJECT_LOW_CONFIDENCE,score_lt_86,,true
bd5d2734db6b4660f04e582f,The English Whisky 2014  Small Batch Release,,,,W001501,knob creek small batch straight rye whiskey,62.79,,REJECT_LOW_CONFIDENCE,score_lt_86,,true
93793c406d5d93db0384c2de,The English Whisky Chapter 12,,,,W001718,barrell whiskey batch 002,59.26,,REJECT_LOW_CONFIDENCE,score_lt_86,,true
8d0090ef9362d3eefc70356b,The English Whisky Chapter 13  St.George's Day,,,2014,W000844,st george's chapter 6 (unpeated),61.33,,REJECT_LOW_CONFIDENCE,score_lt_86,,true
6f40054a083f617272286503,The English Whisky Chapter 13  St.George's Day,,,,W000844,st george's chapter 6 (unpeated),61.33,,REJECT_LOW_CONFIDENCE,score_lt_86,,true
dab07802c26119fdff60c009,The English Whisky Chapter 13  World War 1 Edition,,,2014,W001428,lot 40 cask strength third edition (2019),54.55,,REJECT_LOW_CONFIDENCE,score_lt_86,,true
66445ce640570ba5b3e44e38,The English Whisky Classic  The Whisky Exchange,,,,W000126,compass box this is not a luxury whisky,54.12,,REJECT_LOW_CONFIDENCE,score_lt_86,,true
8f4040dd057ecb4d3d6827af,The English Whisky Classic  The Whisky Exchange,,,,W000126,compass box this is not a luxury whisky,54.12,,REJECT_LOW_CONFIDENCE,score_lt_86,,true
a37f4fb35553ebb9bc8fb143,The English Whisky Classic  Black Range,,,,W000853,shelter point classic single cask (kwm) single malt whisky,59.57,,REJECT_LOW_CONFIDENCE,score_lt_86,,true
51eed11a453a24fbfd6a1687,The English Whisky Diamond Jubilee of Queen Elizabeth II  Royal Range,,,,W001306,the irishman original clan irish whiskey,50.0,,REJECT_LOW_CONFIDENCE,score_lt_86,,true
82fd6e1bcc29838a5c980476,The English Whisky Diamond Jubilee of Queen Elizabeth II  Royal Range,,,2012,W001306,the irishman original clan irish whiskey,50.0,,REJECT_LOW_CONFIDENCE,score_lt_86,,true
85712812fe05ccd03d25c96b,The English Whisky Diamond Jubilee of Queen Elizabeth II  Royal Range,,,,W001306,the irishman original clan irish whiskey,50.0,,REJECT_LOW_CONFIDENCE,score_lt_86,,true
efb5247a2837dfaae613b530,The English Whisky Diamond Jubilee of Queen Elizabeth II  Royal Range,,,,W001306,the irishman original clan irish whiskey,50.0,,REJECT_LOW_CONFIDENCE,score_lt_86,,true
49771a843598de3258dc87bb,The English Whisky Diamond Jubilee of Queen Elizabeth II  Royal Range,,,,W001306,the irishman original clan irish whiskey,50.0,,REJECT_LOW_CONFIDENCE,score_lt_86,,true
efd8bd085636c4f6f203cecb,The English Whisky Fine Single Malt English Whisky,,,,W000530,balcones texas single malt whisky,62.65,,REJECT_LOW_CONFIDENCE,score_lt_86,,true
177f3046b9470cd35b6d0476,The English Whisky Lest We Forget  Poppy Whisky 2019,,,,W001270,writers tears pot still irish whiskey,52.27,,REJECT_LOW_CONFIDENCE,score_lt_86,,true
aff5f6ea3dd683c6387109f4,The English Whisky Original,,,2022,W001353,bell's original scotch whisky,75.0,,REJECT_LOW_CONFIDENCE,score_lt_86,,true
2737e3fd4365870c15a05acd,The English Whisky Original,,,,W001353,bell's original scotch whisky,75.0,,REJECT_LOW_CONFIDENCE,score_lt_86,,true
49094f02c70b08b30ee1466a,The English Whisky Original,,,,W001353,bell's original scotch whisky,75.0,,REJECT_LOW_CONFIDENCE,score_lt_86,,true
82799e49042fbf5599b14318,The English Whisky Original,,,,W001353,bell's original scotch whisky,75.0,,REJECT_LOW_CONFIDENCE,score_lt_86,,true
ebb5b28e0f236d1915528110,The English Whisky Original,,,,W001353,bell's original scotch whisky,75.0,,REJECT_LOW_CONFIDENCE,score_lt_86,,true
c5ebbe178884e224d677d1cb,The English Whisky Original,,,,W001353,bell's original scotch whisky,75.0,,REJECT_LOW_CONFIDENCE,score_lt_86,,true
ec2c4c03de7774f12aeb16e0,The English Whisky Original,,,2017,W001353,bell's original scotch whisky,75.0,,REJECT_LOW_CONFIDENCE,score_lt_86,,true
baa2037f5fc7b644ed188c35,The English Whisky Peated  Black Range,,,,W000530,balcones texas single malt whisky,62.86,,REJECT_LOW_CONFIDENCE,score_lt_86,,true
8d2f063cef018edaab90fcc9,The English Whisky Peated  The Whisky Exchange,,,,W001349,the quiet man traditional irish whiskey,54.76,,REJECT_LOW_CONFIDENCE,score_lt_86,,true
46f0b76a361e4957ea91002a,The English Whisky Peated  The Whisky Exchange,,,,W001349,the quiet man traditional irish whiskey,54.76,,REJECT_LOW_CONFIDENCE,score_lt_86,,true
827c54b03ba6bdc5f690a18c,The English Whisky Peated  The Whisky Exchange,,,,W001349,the quiet man traditional irish whiskey,54.76,,REJECT_LOW_CONFIDENCE,score_lt_86,,true
2860be825ccd0b3ec2f7da9b,The English Whisky Royal Marriage Commemorative Bottling,,,2011,W001306,the irishman original clan irish whiskey,56.25,,REJECT_LOW_CONFIDENCE,score_lt_86,,true
6d9d98ff499050c5859b4521,The English Whisky Royal Marriage Commemorative Bottling,,,,W001306,the irishman original clan irish whiskey,56.25,,REJECT_LOW_CONFIDENCE,score_lt_86,,true
5b40e984ac28695ab6a1ddfd,The English Whisky Sherry Cask  Single Cask Release,,,2022,W000853,shelter point classic single cask (kwm) single malt whisky,64.15,,REJECT_LOW_CONFIDENCE,score_lt_86,,true
7e488e015d6540fc89a1de17,The English Whisky Sherry Cask  Single Cask Release,,,,W000853,shelter point classic single cask (kwm) single malt whisky,64.15,,REJECT_LOW_CONFIDENCE,score_lt_86,,true
0a5ea3fc48cefb12561d05fe,The English Whisky Smokey,,,,W001829,early times kentucky whisky,61.54,,REJECT_LOW_CONFIDENCE,score_lt_86,,true
33ba8ea0540b35f152143f92,The English Whisky Smokey,,,2022,W001829,early times kentucky whisky,61.54,,REJECT_LOW_CONFIDENCE,score_lt_86,,true
e1cc5ecce4f6c6f371a48c15,The English Whisky Smokey,,,,W001829,early times kentucky whisky,61.54,,REJECT_LOW_CONFIDENCE,score_lt_86,,true
15dd87fc8fb7e43ad880750a,The English Whisky Smokey,,,,W001829,early times kentucky whisky,61.54,,REJECT_LOW_CONFIDENCE,score_lt_86,,true
bd5d2a9832ad06c1737c1a94,The English Whisky Smokey,,,,W001829,early times kentucky whisky,61.54,,REJECT_LOW_CONFIDENCE,score_lt_86,,true
af1ec7d77178961b1e4225f0,The English Whisky Smokey,,,,W001829,early times kentucky whisky,61.54,,REJECT_LOW_CONFIDENCE,score_lt_86,,true
cb6e905dbefd51f84787d6a4,The English Whisky Smokey,,,,W001829,early times kentucky whisky,61.54,,REJECT_LOW_CONFIDENCE,score_lt_86,,true
6807a535d0114c9566250349,The English Whisky Smokey,,,,W001829,early times kentucky whisky,61.54,,REJECT_LOW_CONFIDENCE,score_lt_86,,true
8b34c5852cf8af0ffbe773d5,The English Whisky Smokey,,,,W001829,early times kentucky whisky,61.54,,REJECT_LOW_CONFIDENCE,score_lt_86,,true
366b2648abcfd99109dc9a7c,The Norfolk Farmers  Vintage Single Cask,,,2017,W000067,glendronach vintage 20yo single cask (all vintages),61.36,,REJECT_LOW_CONFIDENCE,score_lt_86,,true
10c41bea23a73cc6836c0e8e,The Norfolk Malt ’n‘ Rye  Vintage Single Cask,,,2017,W000888,white oak akashi single malt (nas),64.86,,REJECT_LOW_CONFIDENCE,score_lt_86,,true
0fcc813daafe8c18113ef456,The Norfolk Malt ’n‘ Rye  Vintage Single Cask,,,1962,W000888,white oak akashi single malt (nas),64.86,,REJECT_LOW_CONFIDENCE,score_lt_86,,true
ef2cba4272de0386f3702bd5,The Norfolk Parched  Vintage Single Cask,,,2018,W000067,glendronach vintage 20yo single cask (all vintages),65.91,,REJECT_LOW_CONFIDENCE,score_lt_86,,true
a9348325127d4d43226de442,Strathisla 12-year-old,,,,W000639,strathisla 12yo,100.0,,KEEP_PRODUCT_FEATURE,score_gte_94_no_conflict,,true
22acbb8b3c081ca5c767ed66,Strathisla 12-year-old,,,,W000639,strathisla 12yo,100.0,,KEEP_PRODUCT_FEATURE,score_gte_94_no_conflict,,true
388ac0466dcaf674757bb450,Strathisla 12-year-old,,,,W000639,strathisla 12yo,100.0,,KEEP_PRODUCT_FEATURE,score_gte_94_no_conflict,,true
863d865915689b396372db36,Strathisla 12-year-old,,,,W000639,strathisla 12yo,100.0,,KEEP_PRODUCT_FEATURE,score_gte_94_no_conflict,,true
b965f21cc4bff0329ba4756b,Strathisla 12-year-old,,,,W000639,strathisla 12yo,100.0,,KEEP_PRODUCT_FEATURE,score_gte_94_no_conflict,,true
0a8edb7823a237043a7a9297,Strathisla 12-year-old,,,,W000639,strathisla 12yo,100.0,,KEEP_PRODUCT_FEATURE,score_gte_94_no_conflict,,true
128134f836cbde2d5a851f62,Strathisla 12-year-old,,,,W000639,strathisla 12yo,100.0,,KEEP_PRODUCT_FEATURE,score_gte_94_no_conflict,,true
e9857c23079fe855f6837fc0,Strathisla 12-year-old,,,,W000639,strathisla 12yo,100.0,,KEEP_PRODUCT_FEATURE,score_gte_94_no_conflict,,true
8ad5e1084c7133a4e56e9920,Strathmill 12-year-old  Flora & Fauna,,,,W000811,strathmill 12yo,71.43,,REJECT_LOW_CONFIDENCE,score_lt_86,,true
7ba47b5273ae68968d84bb5b,Strathmill 12-year-old  Flora & Fauna,,,2018,W000811,strathmill 12yo,71.43,,REJECT_LOW_CONFIDENCE,score_lt_86,,true
1568946c534ced564e11810c,Strathmill 12-year-old  Flora & Fauna,,,,W000811,strathmill 12yo,71.43,,REJECT_LOW_CONFIDENCE,score_lt_86,,true
b4875e0168fbf4408140dc61,Strathmill 12-year-old  Flora & Fauna,,,,W000811,strathmill 12yo,71.43,,REJECT_LOW_CONFIDENCE,score_lt_86,,true
2f7521df34c17647b8f7bda2,Talisker 10-year-old,,,,W000976,talisker 10yo,100.0,,KEEP_PRODUCT_FEATURE,score_gte_94_no_conflict,,true
25308844334b902f2ecdb1d5,Talisker 10-year-old,,,,W000976,talisker 10yo,100.0,,KEEP_PRODUCT_FEATURE,score_gte_94_no_conflict,,true
f1d674c630856abce0a14851,Talisker 10-year-old,,,,W000976,talisker 10yo,100.0,,KEEP_PRODUCT_FEATURE,score_gte_94_no_conflict,,true
d4ba98c796deeee4591a58f9,Talisker 10-year-old,,,,W000976,talisker 10yo,100.0,,KEEP_PRODUCT_FEATURE,score_gte_94_no_conflict,,true
4acafef1f0df63b515695d1b,Talisker 10-year-old,,,,W000976,talisker 10yo,100.0,,KEEP_PRODUCT_FEATURE,score_gte_94_no_conflict,,true
c79887b866d4687338865f50,Talisker 10-year-old,,,,W000976,talisker 10yo,100.0,,KEEP_PRODUCT_FEATURE,score_gte_94_no_conflict,,true
b4d7e4924888dbf527f2074f,Talisker 10-year-old,,,,W000976,talisker 10yo,100.0,,KEEP_PRODUCT_FEATURE,score_gte_94_no_conflict,,true
751f8a1d16d17f56dcfc5bc2,Talisker 10-year-old,,,,W000976,talisker 10yo,100.0,,KEEP_PRODUCT_FEATURE,score_gte_94_no_conflict,,true
7689ab9cb879e2b5c3a321ba,Talisker 10-year-old,,,,W000976,talisker 10yo,100.0,,KEEP_PRODUCT_FEATURE,score_gte_94_no_conflict,,true
c59c2f951aa8ebd31f0a8a22,Talisker 10-year-old,,,,W000976,talisker 10yo,100.0,,KEEP_PRODUCT_FEATURE,score_gte_94_no_conflict,,true
188107e4f305fbcf7142192e,Talisker 10-year-old,,,,W000976,talisker 10yo,100.0,,KEEP_PRODUCT_FEATURE,score_gte_94_no_conflict,,true
ebb5b22ca26831b7928ef8f0,Talisker 10-year-old,,,,W000976,talisker 10yo,100.0,,KEEP_PRODUCT_FEATURE,score_gte_94_no_conflict,,true
8e2c62c2b4aecb2d3a6ed012,Talisker 10-year-old,,,,W000976,talisker 10yo,100.0,,KEEP_PRODUCT_FEATURE,score_gte_94_no_conflict,,true
0f5fc58e5f8c3346b8c048e7,Talisker 10-year-old,,,2021,W000976,talisker 10yo,100.0,,KEEP_PRODUCT_FEATURE,score_gte_94_no_conflict,,true
3017f349a5023b36f5ed4ae2,Talisker 18-year-old,,,,W000927,talisker 18yo,100.0,,KEEP_PRODUCT_FEATURE,score_gte_94_no_conflict,,true
1167c4e4b8726999b44f61b0,Talisker 18-year-old,,,,W000927,talisker 18yo,100.0,,KEEP_PRODUCT_FEATURE,score_gte_94_no_conflict,,true
41010396fb13bfa092d258c9,Talisker 18-year-old,,,2014,W000927,talisker 18yo,100.0,,KEEP_PRODUCT_FEATURE,score_gte_94_no_conflict,,true
52a6c0cb4b0ad52231377f78,Talisker 18-year-old,,,,W000927,talisker 18yo,100.0,,KEEP_PRODUCT_FEATURE,score_gte_94_no_conflict,,true
b0b2bb26013cb7269ffad26e,Talisker 18-year-old,,,,W000927,talisker 18yo,100.0,,KEEP_PRODUCT_FEATURE,score_gte_94_no_conflict,,true
c4acf737827e776881cf9933,Talisker 18-year-old,,,,W000927,talisker 18yo,100.0,,KEEP_PRODUCT_FEATURE,score_gte_94_no_conflict,,true
ce8f04eeffc5c68e6d009d18,Talisker 18-year-old,,,,W000927,talisker 18yo,100.0,,KEEP_PRODUCT_FEATURE,score_gte_94_no_conflict,,true
d821668572774c593012e58f,Talisker 18-year-old,,,,W000927,talisker 18yo,100.0,,KEEP_PRODUCT_FEATURE,score_gte_94_no_conflict,,true
ff89704410fac6718940d8b2,Talisker 18-year-old,,,2014,W000927,talisker 18yo,100.0,,KEEP_PRODUCT_FEATURE,score_gte_94_no_conflict,,true
012aae71774827042b239f80,Talisker 18-year-old,,,2013,W000927,talisker 18yo,100.0,,KEEP_PRODUCT_FEATURE,score_gte_94_no_conflict,,true
89c419aa7a56cf0eb87738ca,Talisker 30-year-old,,,,W000920,talisker 30yo,100.0,,KEEP_PRODUCT_FEATURE,score_gte_94_no_conflict,,true
ed6f433f50530a8c42ffeda6,Talisker 30-year-old,,,,W000920,talisker 30yo,100.0,,KEEP_PRODUCT_FEATURE,score_gte_94_no_conflict,,true
4947bae9c692d65e10c31056,Talisker 30-year-old,,,,W000920,talisker 30yo,100.0,,KEEP_PRODUCT_FEATURE,score_gte_94_no_conflict,,true
3c826842cd1b05b644e3e47a,Talisker 30-year-old,,,,W000920,talisker 30yo,100.0,,KEEP_PRODUCT_FEATURE,score_gte_94_no_conflict,,true
8a3d555c3f4bfadaf5e360ec,Talisker 30-year-old,,,1978,W000920,talisker 30yo,100.0,,KEEP_PRODUCT_FEATURE,score_gte_94_no_conflict,,true
c18aae41a6406bf350605a40,Talisker 30-year-old,,,,W000920,talisker 30yo,100.0,,KEEP_PRODUCT_FEATURE,score_gte_94_no_conflict,,true
0cf84dd4e6a00addd7875bb0,Talisker 30-year-old,,,,W000920,talisker 30yo,100.0,,KEEP_PRODUCT_FEATURE,score_gte_94_no_conflict,,true
f59992bb91ff3253a0c705b3,Talisker 30-year-old,,,2021,W000920,talisker 30yo,100.0,,KEEP_PRODUCT_FEATURE,score_gte_94_no_conflict,,true
28e0ce82622f1b3a9d5b221e,Talisker 30-year-old,,,,W000920,talisker 30yo,100.0,,KEEP_PRODUCT_FEATURE,score_gte_94_no_conflict,,true
7faf0610b74ffd4d4cb507f4,Talisker 57° North,,,,W000954,talisker 57 north,100.0,,KEEP_PRODUCT_FEATURE,score_gte_94_no_conflict,,true
1d37bee2a00dff47da1da95a,Talisker 57° North,,,2003,W000954,talisker 57 north,100.0,,KEEP_PRODUCT_FEATURE,score_gte_94_no_conflict,,true
65d4e04a5177c392ee62d5dc,Talisker 57° North,,,,W000954,talisker 57 north,100.0,,KEEP_PRODUCT_FEATURE,score_gte_94_no_conflict,,true
a2597a65f24ef3a9f4ed47ee,Talisker 57° North,,,,W000954,talisker 57 north,100.0,,KEEP_PRODUCT_FEATURE,score_gte_94_no_conflict,,true
42c2e25f53dfa868fbf4d724,Talisker 57° North,,,2021,W000954,talisker 57 north,100.0,,KEEP_PRODUCT_FEATURE,score_gte_94_no_conflict,,true
c7d23315ac34db67498b6235,Talisker 57° North,,,,W000954,talisker 57 north,100.0,,KEEP_PRODUCT_FEATURE,score_gte_94_no_conflict,,true
6f7bb922e2e3b754ecd690dd,Talisker Dark Storm,,,,W001024,talisker dark storm,100.0,,KEEP_PRODUCT_FEATURE,score_gte_94_no_conflict,,true
15a78875c304f90a48d6a9c6,Talisker Dark Storm,,,,W001024,talisker dark storm,100.0,,KEEP_PRODUCT_FEATURE,score_gte_94_no_conflict,,true
59ff0c202908e5bd66ff5304,Talisker Dark Storm,,,,W001024,talisker dark storm,100.0,,KEEP_PRODUCT_FEATURE,score_gte_94_no_conflict,,true
e031e7ed774de25c131e6a36,Talisker Dark Storm,,,,W001024,talisker dark storm,100.0,,KEEP_PRODUCT_FEATURE,score_gte_94_no_conflict,,true
14dbed7f89fc809e4a85a558,Talisker Dark Storm,,,,W001024,talisker dark storm,100.0,,KEEP_PRODUCT_FEATURE,score_gte_94_no_conflict,,true
008746019674aca1bcd8123b,Talisker Dark Storm,,,,W001024,talisker dark storm,100.0,,KEEP_PRODUCT_FEATURE,score_gte_94_no_conflict,,true
59aa41af755079a71b901256,Talisker Dark Storm,,,,W001024,talisker dark storm,100.0,,KEEP_PRODUCT_FEATURE,score_gte_94_no_conflict,,true
24d575763e6ee5fc2300010d,Talisker Port Ruighe,,,2013,W000303,talisker port ruighe,100.0,,KEEP_PRODUCT_FEATURE,score_gte_94_no_conflict,,true
987e0874eaaa4ecd4630b7c1,Talisker Port Ruighe,,,,W000303,talisker port ruighe,100.0,,KEEP_PRODUCT_FEATURE,score_gte_94_no_conflict,,true
0c91eb5acaeb1dabd41dabec,Talisker Port Ruighe,,,2013,W000303,talisker port ruighe,100.0,,KEEP_PRODUCT_FEATURE,score_gte_94_no_conflict,,true
cab3650a2dfb2194e3a1ca86,Talisker Port Ruighe,,,,W000303,talisker port ruighe,100.0,,KEEP_PRODUCT_FEATURE,score_gte_94_no_conflict,,true
d90533cbf894cdd87947944f,Talisker Port Ruighe,,,,W000303,talisker port ruighe,100.0,,KEEP_PRODUCT_FEATURE,score_gte_94_no_conflict,,true
4b55baec5b5041ea1fbc8900,Talisker Port Ruighe,,,,W000303,talisker port ruighe,100.0,,KEEP_PRODUCT_FEATURE,score_gte_94_no_conflict,,true
e6be1ba4459ad5ebe523527a,Talisker Port Ruighe,,,,W000303,talisker port ruighe,100.0,,KEEP_PRODUCT_FEATURE,score_gte_94_no_conflict,,true
7a6b7657afc47185cbed63b2,Talisker Port Ruighe,,,2013,W000303,talisker port ruighe,100.0,,KEEP_PRODUCT_FEATURE,score_gte_94_no_conflict,,true
6f5fefb17b054fcecfce68cd,Talisker Port Ruighe,,,,W000303,talisker port ruighe,100.0,,KEEP_PRODUCT_FEATURE,score_gte_94_no_conflict,,true
395da6ec75dc6c4f730c2358,Talisker Skye,,,,W000802,talisker skye,100.0,,KEEP_PRODUCT_FEATURE,score_gte_94_no_conflict,,true
da76eaf5ad8c1662c46d0da1,Talisker Skye,,,,W000802,talisker skye,100.0,,KEEP_PRODUCT_FEATURE,score_gte_94_no_conflict,,true
af7f35a856f11887a69a7832,Talisker Skye,,,,W000802,talisker skye,100.0,,KEEP_PRODUCT_FEATURE,score_gte_94_no_conflict,,true
45fc26b88244d63bbeb03a19,Talisker Skye,,,,W000802,talisker skye,100.0,,KEEP_PRODUCT_FEATURE,score_gte_94_no_conflict,,true
9de311d820624f8bc05cf926,Talisker Skye,,,,W000802,talisker skye,100.0,,KEEP_PRODUCT_FEATURE,score_gte_94_no_conflict,,true
420e561d23462a41e024c36f,Talisker Skye,,,2015,W000802,talisker skye,100.0,,KEEP_PRODUCT_FEATURE,score_gte_94_no_conflict,,true
d452919a3b3f78c9a0598871,Talisker Skye,,,,W000802,talisker skye,100.0,,KEEP_PRODUCT_FEATURE,score_gte_94_no_conflict,,true
49b3e202fc9cf8800f3e77a2,Talisker Skye,,,,W000802,talisker skye,100.0,,KEEP_PRODUCT_FEATURE,score_gte_94_no_conflict,,true
f2f16dd338c4d0d273e3add9,Talisker Skye,,,,W000802,talisker skye,100.0,,KEEP_PRODUCT_FEATURE,score_gte_94_no_conflict,,true
7f908558bb7494948018ba8d,Talisker Skye,,,,W000802,talisker skye,100.0,,KEEP_PRODUCT_FEATURE,score_gte_94_no_conflict,,true
28bbbf8f6da16a954a33907c,Talisker Skye,,,,W000802,talisker skye,100.0,,KEEP_PRODUCT_FEATURE,score_gte_94_no_conflict,,true
a49e5afcc5fd43db4c537394,Talisker Storm,,,,W001030,talisker storm,100.0,,KEEP_PRODUCT_FEATURE,score_gte_94_no_conflict,,true
1beaacfd7aa53cb41c618da2,Talisker Storm,,,,W001030,talisker storm,100.0,,KEEP_PRODUCT_FEATURE,score_gte_94_no_conflict,,true
b91430c0be376970cc1d091f,Talisker Storm,,,,W001030,talisker storm,100.0,,KEEP_PRODUCT_FEATURE,score_gte_94_no_conflict,,true
2a8659842e55cd522884c494,Talisker Storm,,,,W001030,talisker storm,100.0,,KEEP_PRODUCT_FEATURE,score_gte_94_no_conflict,,true
40f729d951a27c4013abcade,Talisker Storm,,,2013,W001030,talisker storm,100.0,,KEEP_PRODUCT_FEATURE,score_gte_94_no_conflict,,true
bf28cf9ce4ff3211d5745ab1,Talisker Storm,,,2022,W001030,talisker storm,100.0,,KEEP_PRODUCT_FEATURE,score_gte_94_no_conflict,,true
4b7c0d166316f768bb6b41b5,Talisker Storm,,,,W001030,talisker storm,100.0,,KEEP_PRODUCT_FEATURE,score_gte_94_no_conflict,,true
9a382eda11a53f7b3edfe3b3,Talisker Storm,,,2013,W001030,talisker storm,100.0,,KEEP_PRODUCT_FEATURE,score_gte_94_no_conflict,,true
5c06e49175b6097e59cb3c50,Tamdhu 12-year-old,,,,W000827,tamdhu 10yo,90.91,,REVIEW_PRODUCT_FEATURE,score_86_93_no_conflict,,true
c6479df3cd282220b169206f,Tamdhu 12-year-old,,,,W000827,tamdhu 10yo,90.91,,REVIEW_PRODUCT_FEATURE,score_86_93_no_conflict,,true
a31e70fd3a3acdccf4e25b20,Tamdhu 12-year-old,,,,W000827,tamdhu 10yo,90.91,,REVIEW_PRODUCT_FEATURE,score_86_93_no_conflict,,true
a99e46dc51bad91206c3531f,Tamdhu 12-year-old,,,,W000827,tamdhu 10yo,90.91,,REVIEW_PRODUCT_FEATURE,score_86_93_no_conflict,,true
c200df3143e87e3b678ee95a,Tamdhu 12-year-old,,,,W000827,tamdhu 10yo,90.91,,REVIEW_PRODUCT_FEATURE,score_86_93_no_conflict,,true
31b476b39ad4348a700cc894,Tamdhu 12-year-old,,,,W000827,tamdhu 10yo,90.91,,REVIEW_PRODUCT_FEATURE,score_86_93_no_conflict,,true
0a6e0be31e20d8fc7231a9ab,Tamdhu 12-year-old,,,,W000827,tamdhu 10yo,90.91,,REVIEW_PRODUCT_FEATURE,score_86_93_no_conflict,,true
d6af314f37f45c861b1f1a1b,Tamdhu 12-year-old,,,,W000827,tamdhu 10yo,90.91,,REVIEW_PRODUCT_FEATURE,score_86_93_no_conflict,,true
2292eafabb579ffee39443c9,Tamdhu 12-year-old,,,,W000827,tamdhu 10yo,90.91,,REVIEW_PRODUCT_FEATURE,score_86_93_no_conflict,,true
4169b7f62b9e38ea4f7e07c0,Tamdhu Batch Strength,,,,W000256,tamdhu batch strength (all batches),77.78,,REJECT_LOW_CONFIDENCE,score_lt_86,,true
657c8b7a2df9af26e0289d09,Tamdhu Batch Strength,,,,W000256,tamdhu batch strength (all batches),77.78,,REJECT_LOW_CONFIDENCE,score_lt_86,,true
4dd54c20003d4045a49244ae,Tamdhu Batch Strength,,,,W000256,tamdhu batch strength (all batches),77.78,,REJECT_LOW_CONFIDENCE,score_lt_86,,true
a5ab4a76f453395b23bd37f3,Tamdhu Batch Strength,,,,W000256,tamdhu batch strength (all batches),77.78,,REJECT_LOW_CONFIDENCE,score_lt_86,,true
644a53788b677ec5989dd431,Tamdhu Batch Strength,,,,W000256,tamdhu batch strength (all batches),77.78,,REJECT_LOW_CONFIDENCE,score_lt_86,,true
35cfe31f4b61574a9edce107,Tamdhu Batch Strength,,,,W000256,tamdhu batch strength (all batches),77.78,,REJECT_LOW_CONFIDENCE,score_lt_86,,true
147f8b48af693ec1cd60ff09,Tamdhu Batch Strength,,,,W000256,tamdhu batch strength (all batches),77.78,,REJECT_LOW_CONFIDENCE,score_lt_86,,true
fa08a3c069f5a8c4f6931b3f,Tamdhu Batch Strength,,,,W000256,tamdhu batch strength (all batches),77.78,,REJECT_LOW_CONFIDENCE,score_lt_86,,true
92e22d46e3e7fe18197b4712,Tamdhu Batch Strength,,,,W000256,tamdhu batch strength (all batches),77.78,,REJECT_LOW_CONFIDENCE,score_lt_86,,true
80499303f6202eb3d9c87c49,Tamdhu Batch Strength,,,,W000256,tamdhu batch strength (all batches),77.78,,REJECT_LOW_CONFIDENCE,score_lt_86,,true
bf3bc9bf0f080c7912511e71,Tamdhu Batch Strength,,,,W000256,tamdhu batch strength (all batches),77.78,,REJECT_LOW_CONFIDENCE,score_lt_86,,true
845c8a3e13183ea35e7044f2,Tamdhu Batch Strength,,,2019,W000256,tamdhu batch strength (all batches),77.78,,REJECT_LOW_CONFIDENCE,score_lt_86,,true
9c6068dca99ce6577c5d97eb,Tamdhu Batch Strength,,,,W000256,tamdhu batch strength (all batches),77.78,,REJECT_LOW_CONFIDENCE,score_lt_86,,true
b51778564a1663034ee9fbac,Tamdhu Batch Strength,,,,W000256,tamdhu batch strength (all batches),77.78,,REJECT_LOW_CONFIDENCE,score_lt_86,,true
0542c512461b15316efcca5c,Tamdhu Batch Strength,,,,W000256,tamdhu batch strength (all batches),77.78,,REJECT_LOW_CONFIDENCE,score_lt_86,,true
0bbd3433fbe936b23b614697,Tamdhu Batch Strength,,,,W000256,tamdhu batch strength (all batches),77.78,,REJECT_LOW_CONFIDENCE,score_lt_86,,true
69cf315a5edb12e82fb64342,Tamdhu Batch Strength,,,,W000256,tamdhu batch strength (all batches),77.78,,REJECT_LOW_CONFIDENCE,score_lt_86,,true
462d1b40a0943bd9fd1feafd,Tamdhu Batch Strength,,,,W000256,tamdhu batch strength (all batches),77.78,,REJECT_LOW_CONFIDENCE,score_lt_86,,true
1373c053964016761808b4cc,Tamdhu Batch Strength,,,,W000256,tamdhu batch strength (all batches),77.78,,REJECT_LOW_CONFIDENCE,score_lt_86,,true
11e230cbcc3fbb37d8acdd55,Tamdhu Batch Strength,,,,W000256,tamdhu batch strength (all batches),77.78,,REJECT_LOW_CONFIDENCE,score_lt_86,,true
17d3c942f8e2f74c5a096f0b,Tamdhu Batch Strength,,,,W000256,tamdhu batch strength (all batches),77.78,,REJECT_LOW_CONFIDENCE,score_lt_86,,true
89a7ad78ae729a84eaa77ea0,Tamdhu Batch Strength,,,,W000256,tamdhu batch strength (all batches),77.78,,REJECT_LOW_CONFIDENCE,score_lt_86,,true
f6953d8b80ced4fb971a279a,Tamdhu Batch Strength,,,,W000256,tamdhu batch strength (all batches),77.78,,REJECT_LOW_CONFIDENCE,score_lt_86,,true
cd5e1ea6a1378186f44cc250,Tamdhu Batch Strength,,,,W000256,tamdhu batch strength (all batches),77.78,,REJECT_LOW_CONFIDENCE,score_lt_86,,true
986e2f419709837fd3c69361,Tamdhu Batch Strength,,,2020,W000256,tamdhu batch strength (all batches),77.78,,REJECT_LOW_CONFIDENCE,score_lt_86,,true
d3a19ce526c7f564605486c6,Tamdhu Batch Strength,,,,W000256,tamdhu batch strength (all batches),77.78,,REJECT_LOW_CONFIDENCE,score_lt_86,,true
72e46bac4c18233d83fb45fd,Tamdhu Batch Strength,,,2015,W000256,tamdhu batch strength (all batches),77.78,,REJECT_LOW_CONFIDENCE,score_lt_86,,true
c53917d6e5c421608e708d3b,Tamdhu Batch Strength,,,,W000256,tamdhu batch strength (all batches),77.78,,REJECT_LOW_CONFIDENCE,score_lt_86,,true
265b91bc3a2ff70ed2c25627,Tamdhu Batch Strength,,,,W000256,tamdhu batch strength (all batches),77.78,,REJECT_LOW_CONFIDENCE,score_lt_86,,true
83f7e248b7a4528c0a1a5e7c,Tamdhu Batch Strength,,,,W000256,tamdhu batch strength (all batches),77.78,,REJECT_LOW_CONFIDENCE,score_lt_86,,true
c6dfff5706419d0a5b3a24f0,Tamdhu Batch Strength,,,,W000256,tamdhu batch strength (all batches),77.78,,REJECT_LOW_CONFIDENCE,score_lt_86,,true
b778e894c2f8ea8042117bdb,Tamdhu Batch Strength,,,,W000256,tamdhu batch strength (all batches),77.78,,REJECT_LOW_CONFIDENCE,score_lt_86,,true
63250a9807f36211b679e60f,Tamdhu Batch Strength,,,,W000256,tamdhu batch strength (all batches),77.78,,REJECT_LOW_CONFIDENCE,score_lt_86,,true
ed768203f95c120e895f4294,Teaninich 10-year-old  Flora & Fauna,,,,W000625,teaninich 10yo (f&f),81.82,,REJECT_LOW_CONFIDENCE,score_lt_86,,true
d38bfa394ea7c564e9ca79df,Teaninich 10-year-old  Flora & Fauna,,,,W000625,teaninich 10yo (f&f),81.82,,REJECT_LOW_CONFIDENCE,score_lt_86,,true
291cd10c76da5bfec8c50f3d,Teaninich 10-year-old  Flora & Fauna,,,,W000625,teaninich 10yo (f&f),81.82,,REJECT_LOW_CONFIDENCE,score_lt_86,,true
0a54b185060a0bc1dace182a,Teaninich 10-year-old  Flora & Fauna,,,,W000625,teaninich 10yo (f&f),81.82,,REJECT_LOW_CONFIDENCE,score_lt_86,,true
e83126fadd77e48a7544dd74,Teaninich 10-year-old  Flora & Fauna,,,,W000625,teaninich 10yo (f&f),81.82,,REJECT_LOW_CONFIDENCE,score_lt_86,,true
2a89c6b1e03f37c1ffb22b9a,Teaninich 10-year-old  Flora & Fauna,,,2020,W000625,teaninich 10yo (f&f),81.82,,REJECT_LOW_CONFIDENCE,score_lt_86,,true
48471ce98a724b76987dcad8,Teaninich 10-year-old  Flora & Fauna,,,,W000625,teaninich 10yo (f&f),81.82,,REJECT_LOW_CONFIDENCE,score_lt_86,,true
159efea07072b6d67c159423,Ledaig 10-year-old,,,,W001051,ledaig 10yo,100.0,,KEEP_PRODUCT_FEATURE,score_gte_94_no_conflict,,true
4966279732654c4a75e93e55,Ledaig 10-year-old,,,,W001051,ledaig 10yo,100.0,,KEEP_PRODUCT_FEATURE,score_gte_94_no_conflict,,true
f4ce40c98e9e7aac4e8c1ca8,Ledaig 10-year-old,,,,W001051,ledaig 10yo,100.0,,KEEP_PRODUCT_FEATURE,score_gte_94_no_conflict,,true
a25ebcd9dfb26aace2ad5753,Ledaig 10-year-old,,,,W001051,ledaig 10yo,100.0,,KEEP_PRODUCT_FEATURE,score_gte_94_no_conflict,,true
fbc5347306ce27853d7c865f,Ledaig 10-year-old,,,2017,W001051,ledaig 10yo,100.0,,KEEP_PRODUCT_FEATURE,score_gte_94_no_conflict,,true
527099ab951442619381764a,Ledaig 10-year-old,,,,W001051,ledaig 10yo,100.0,,KEEP_PRODUCT_FEATURE,score_gte_94_no_conflict,,true
29a1e4c740d2d53441393bcb,Ledaig 10-year-old,,,2021,W001051,ledaig 10yo,100.0,,KEEP_PRODUCT_FEATURE,score_gte_94_no_conflict,,true
5178e33e7de8db8a684074d7,Ledaig 10-year-old,,,,W001051,ledaig 10yo,100.0,,KEEP_PRODUCT_FEATURE,score_gte_94_no_conflict,,true
ddde48797301952a53691cf0,Ledaig 10-year-old,,,,W001051,ledaig 10yo,100.0,,KEEP_PRODUCT_FEATURE,score_gte_94_no_conflict,,true
638faabe1f64b35bd1de3f67,Ledaig 10-year-old,,,,W001051,ledaig 10yo,100.0,,KEEP_PRODUCT_FEATURE,score_gte_94_no_conflict,,true
27a15051a5501de304013b83,Ledaig 18-year-old  Limited Release,,,,W001244,jameson 18yo limited reserve,69.09,,REJECT_LOW_CONFIDENCE,score_lt_86,,true
11ed4f9db8bc2385fbf545fd,Ledaig 18-year-old  Limited Release,,,,W001244,jameson 18yo limited reserve,69.09,,REJECT_LOW_CONFIDENCE,score_lt_86,,true
3df06e5b131bea5761202da0,Ledaig 18-year-old  Limited Release,,,2021,W001244,jameson 18yo limited reserve,69.09,,REJECT_LOW_CONFIDENCE,score_lt_86,,true
de234ddb6186a1189c6cabca,Ledaig 18-year-old  Limited Release,,,,W001244,jameson 18yo limited reserve,69.09,,REJECT_LOW_CONFIDENCE,score_lt_86,,true
79ba7dfe0d299c55b6a6e8c7,Ledaig 18-year-old  Limited Release,,,,W001244,jameson 18yo limited reserve,69.09,,REJECT_LOW_CONFIDENCE,score_lt_86,,true
b711be6d530fb6366e12cdf2,Ledaig 18-year-old  Limited Release,,,,W001244,jameson 18yo limited reserve,69.09,,REJECT_LOW_CONFIDENCE,score_lt_86,,true
3e8010c1092d97af9ecd6bd7,Ledaig 18-year-old  Limited Release,,,,W001244,jameson 18yo limited reserve,69.09,,REJECT_LOW_CONFIDENCE,score_lt_86,,true
c2d34fcb6928e00354a59b7d,Ledaig 18-year-old  Limited Release,,,,W001244,jameson 18yo limited reserve,69.09,,REJECT_LOW_CONFIDENCE,score_lt_86,,true
6668fb0d7d6b850e5a9bb0d7,Tobermory 10-year-old,,,,W000635,tobermory 10yo,100.0,,KEEP_PRODUCT_FEATURE,score_gte_94_no_conflict,,true
57ab18165bbb240052855d7d,Tobermory 10-year-old,,,,W000635,tobermory 10yo,100.0,,KEEP_PRODUCT_FEATURE,score_gte_94_no_conflict,,true
57a3398892ff9bc5d1cb4c40,Tobermory 10-year-old,,,,W000635,tobermory 10yo,100.0,,KEEP_PRODUCT_FEATURE,score_gte_94_no_conflict,,true
7323d7590e42b44c1dd166ca,Tobermory 10-year-old,,,,W000635,tobermory 10yo,100.0,,KEEP_PRODUCT_FEATURE,score_gte_94_no_conflict,,true
121c042429a321062f07c824,Tobermory 10-year-old,,,2000,W000635,tobermory 10yo,100.0,,KEEP_PRODUCT_FEATURE,score_gte_94_no_conflict,,true
90c097dc22cacdacd7c2f1b1,Tobermory 10-year-old,,,,W000635,tobermory 10yo,100.0,,KEEP_PRODUCT_FEATURE,score_gte_94_no_conflict,,true
cb76816ddb0ba7b1b527cbbe,Tobermory 10-year-old,,,2020,W000635,tobermory 10yo,100.0,,KEEP_PRODUCT_FEATURE,score_gte_94_no_conflict,,true
be41b020c4ac063a5f962bc0,Tobermory 10-year-old,,,,W000635,tobermory 10yo,100.0,,KEEP_PRODUCT_FEATURE,score_gte_94_no_conflict,,true
513afe4cb8830e161c46ba98,Tobermory 10-year-old,,,,W000635,tobermory 10yo,100.0,,KEEP_PRODUCT_FEATURE,score_gte_94_no_conflict,,true
c578ae1ab2ed6f531d267907,Tobermory 12-year-old,,,,W000277,tobermory 15yo,92.86,,REVIEW_PRODUCT_FEATURE,score_86_93_no_conflict,,true
11fea6e629f4707dce995c59,Tobermory 12-year-old,,,,W000277,tobermory 15yo,92.86,,REVIEW_PRODUCT_FEATURE,score_86_93_no_conflict,,true
05e94708ae37524ad8cfec90,Tobermory 12-year-old,,,,W000277,tobermory 15yo,92.86,,REVIEW_PRODUCT_FEATURE,score_86_93_no_conflict,,true
a0dc748370cb4c413c4f50bc,Tobermory 12-year-old,,,2019,W000277,tobermory 15yo,92.86,,REVIEW_PRODUCT_FEATURE,score_86_93_no_conflict,,true
0329d431a9cab555ec03f4d5,Tobermory 12-year-old,,,,W000277,tobermory 15yo,92.86,,REVIEW_PRODUCT_FEATURE,score_86_93_no_conflict,,true
99c82a2e4887730967ed9d3e,Tobermory 12-year-old,,,,W000277,tobermory 15yo,92.86,,REVIEW_PRODUCT_FEATURE,score_86_93_no_conflict,,true
19196eb7ca374235f21f238b,Tobermory 12-year-old,,,,W000277,tobermory 15yo,92.86,,REVIEW_PRODUCT_FEATURE,score_86_93_no_conflict,,true
25c85e020a64e4db73ac212c,Tobermory 12-year-old,,,,W000277,tobermory 15yo,92.86,,REVIEW_PRODUCT_FEATURE,score_86_93_no_conflict,,true
6ed4f4e2bdb696415e0ce045,Tobermory 12-year-old,,,,W000277,tobermory 15yo,92.86,,REVIEW_PRODUCT_FEATURE,score_86_93_no_conflict,,true
49f4bb906a9f1cde8d8102f4,Tobermory 12-year-old,,,,W000277,tobermory 15yo,92.86,,REVIEW_PRODUCT_FEATURE,score_86_93_no_conflict,,true
40762ef707b5eea34a641a99,Tobermory 18-year-old,,,,W000277,tobermory 15yo,92.86,,REVIEW_PRODUCT_FEATURE,score_86_93_no_conflict,,true
6206d1349dd612ee67fcd4bf,Tomatin 12-year-old  Bourbon & Sherry Casks,,,,W000645,tomintoul 12yo oloroso sherry,70.97,,REJECT_LOW_CONFIDENCE,score_lt_86,,true
83b54a512c912afd5d5890b4,Tomatin 12-year-old  Bourbon & Sherry Casks,,,,W000645,tomintoul 12yo oloroso sherry,70.97,,REJECT_LOW_CONFIDENCE,score_lt_86,,true
6e1586551fbab9396052d482,Tomatin 12-year-old  Bourbon & Sherry Casks,,,,W000645,tomintoul 12yo oloroso sherry,70.97,,REJECT_LOW_CONFIDENCE,score_lt_86,,true
e4d0a53bbdae09f9d080336d,Tomatin 12-year-old  Bourbon & Sherry Casks,,,,W000645,tomintoul 12yo oloroso sherry,70.97,,REJECT_LOW_CONFIDENCE,score_lt_86,,true
9fb5efe0230f434f949e553c,Tomatin 12-year-old  Bourbon & Sherry Casks,,,,W000645,tomintoul 12yo oloroso sherry,70.97,,REJECT_LOW_CONFIDENCE,score_lt_86,,true
4538a0ed7de464827c25db8f,Tomatin 12-year-old  Bourbon & Sherry Casks,,,,W000645,tomintoul 12yo oloroso sherry,70.97,,REJECT_LOW_CONFIDENCE,score_lt_86,,true
4fa09b2df32098e0cd031f67,Tomatin 12-year-old  Bourbon & Sherry Casks,,,,W000645,tomintoul 12yo oloroso sherry,70.97,,REJECT_LOW_CONFIDENCE,score_lt_86,,true
7e9b609fbaff8b2480f6514c,Tomatin 12-year-old  Bourbon & Sherry Casks,,,,W000645,tomintoul 12yo oloroso sherry,70.97,,REJECT_LOW_CONFIDENCE,score_lt_86,,true
924582fd4d4fbfc89258b290,Tomatin 12-year-old  Bourbon & Sherry Casks,,,,W000645,tomintoul 12yo oloroso sherry,70.97,,REJECT_LOW_CONFIDENCE,score_lt_86,,true
ee2f38b00cf55992061aeac9,Tomatin 12-year-old  Bourbon & Sherry Casks,,,2020,W000645,tomintoul 12yo oloroso sherry,70.97,,REJECT_LOW_CONFIDENCE,score_lt_86,,true
ebadd00b9def1e6502d186c0,Tomatin 14-year-old  Port Casks,,,,W000262,tomatin 14yo portwood,77.27,,REJECT_LOW_CONFIDENCE,score_lt_86,,true
bcc9b0e15b86523e60c21b8f,Tomatin 14-year-old  Port Casks,,,,W000262,tomatin 14yo portwood,77.27,,REJECT_LOW_CONFIDENCE,score_lt_86,,true
531d1f9480bd425a6e9ab4a7,Tomatin 14-year-old  Port Casks,,,,W000262,tomatin 14yo portwood,77.27,,REJECT_LOW_CONFIDENCE,score_lt_86,,true
958b8c75d01d7ee9795f786f,Tomatin 14-year-old  Port Casks,,,,W000262,tomatin 14yo portwood,77.27,,REJECT_LOW_CONFIDENCE,score_lt_86,,true
0c8fce42a3472ec1a82ba635,Tomatin 14-year-old  Port Casks,,,,W000262,tomatin 14yo portwood,77.27,,REJECT_LOW_CONFIDENCE,score_lt_86,,true
08c4d650064ef5e0a6acbdc6,Tomatin 14-year-old  Port Casks,,,,W000262,tomatin 14yo portwood,77.27,,REJECT_LOW_CONFIDENCE,score_lt_86,,true
2de646af483a417c162120d3,Tomatin 14-year-old  Port Casks,,,,W000262,tomatin 14yo portwood,77.27,,REJECT_LOW_CONFIDENCE,score_lt_86,,true
a656ce5eb213f1b277470772,Tomatin 14-year-old  Port Casks,,,,W000262,tomatin 14yo portwood,77.27,,REJECT_LOW_CONFIDENCE,score_lt_86,,true
3e0e3119276edf2e66d92209,Tomatin 14-year-old  Port Casks,,,,W000262,tomatin 14yo portwood,77.27,,REJECT_LOW_CONFIDENCE,score_lt_86,,true
6a2c8f042ea7c900f7e79057,Tomatin 14-year-old  Port Casks,,,2021,W000262,tomatin 14yo portwood,77.27,,REJECT_LOW_CONFIDENCE,score_lt_86,,true
b2415a9b8417de37d9c8c085,Tomatin 18-year-old  Oloroso Sherry Casks,,,,W000309,tomatin oloroso sherry 1995,80.0,,REJECT_LOW_CONFIDENCE,score_lt_86,,true
f930a616871a7a91f816a8aa,Tomatin 18-year-old  Oloroso Sherry Casks,,,,W000309,tomatin oloroso sherry 1995,80.0,,REJECT_LOW_CONFIDENCE,score_lt_86,,true
4894685dc30e6772fcdead3c,Tomatin 18-year-old  Oloroso Sherry Casks,,,,W000309,tomatin oloroso sherry 1995,80.0,,REJECT_LOW_CONFIDENCE,score_lt_86,,true
1b22c0b40a92e83318654df0,Tomatin 18-year-old  Oloroso Sherry Casks,,,,W000309,tomatin oloroso sherry 1995,80.0,,REJECT_LOW_CONFIDENCE,score_lt_86,,true
5a21c8e50c0867ed421ec2d7,Tomatin 18-year-old  Oloroso Sherry Casks,,,2020,W000309,tomatin oloroso sherry 1995,80.0,,REJECT_LOW_CONFIDENCE,score_lt_86,,true
545288fe2b3860cd6d61d2c9,Tomatin 18-year-old  Oloroso Sherry Casks,,,,W000309,tomatin oloroso sherry 1995,80.0,,REJECT_LOW_CONFIDENCE,score_lt_86,,true
dcef68e6d740c6a40cf81979,Tomatin 18-year-old  Oloroso Sherry Casks,,,,W000309,tomatin oloroso sherry 1995,80.0,,REJECT_LOW_CONFIDENCE,score_lt_86,,true
6aac768365383642e5c327f8,Tomatin 18-year-old  Oloroso Sherry Casks,,,,W000309,tomatin oloroso sherry 1995,80.0,,REJECT_LOW_CONFIDENCE,score_lt_86,,true
64dfbaeb113068275c788f9f,Tomatin 18-year-old  Oloroso Sherry Casks,,,,W000309,tomatin oloroso sherry 1995,80.0,,REJECT_LOW_CONFIDENCE,score_lt_86,,true
d32381029bc939f0531e6742,Tomatin 18-year-old  Oloroso Sherry Casks,,,,W000309,tomatin oloroso sherry 1995,80.0,,REJECT_LOW_CONFIDENCE,score_lt_86,,true
1599bf26258668c6af43ef50,Tomatin Legacy,,,,W000854,tomatin legacy,100.0,,KEEP_PRODUCT_FEATURE,score_gte_94_no_conflict,,true
720ff177830c26cb34ab9b50,Tomatin Legacy,,,,W000854,tomatin legacy,100.0,,KEEP_PRODUCT_FEATURE,score_gte_94_no_conflict,,true
0ab4f1b7678cc2ff7654f69c,Tomatin Legacy,,,,W000854,tomatin legacy,100.0,,KEEP_PRODUCT_FEATURE,score_gte_94_no_conflict,,true
4a2be1f096ba485c86d2c094,Tomatin Legacy,,,,W000854,tomatin legacy,100.0,,KEEP_PRODUCT_FEATURE,score_gte_94_no_conflict,,true
0fe41251e17a43c63c682eca,Tomatin Legacy,,,,W000854,tomatin legacy,100.0,,KEEP_PRODUCT_FEATURE,score_gte_94_no_conflict,,true
5ba5fe1757f4c8ae4c06aea9,Tomatin Legacy,,,2020,W000854,tomatin legacy,100.0,,KEEP_PRODUCT_FEATURE,score_gte_94_no_conflict,,true
3202f95a88b875e1d722f1c2,Tomatin Legacy,,,,W000854,tomatin legacy,100.0,,KEEP_PRODUCT_FEATURE,score_gte_94_no_conflict,,true
150e4353cfcd25c334976e3f,Tomatin Legacy,,,,W000854,tomatin legacy,100.0,,KEEP_PRODUCT_FEATURE,score_gte_94_no_conflict,,true
c62bf883459f1a06286d2f80,Tomatin Legacy,,,,W000854,tomatin legacy,100.0,,KEEP_PRODUCT_FEATURE,score_gte_94_no_conflict,,true
bbe417ec8e3e441dc90f573d,Tomintoul 10-year-old,,,,W000893,tomintoul 10yo,100.0,,KEEP_PRODUCT_FEATURE,score_gte_94_no_conflict,,true
36347c549745a195534bd850,Tomintoul 10-year-old,,,,W000893,tomintoul 10yo,100.0,,KEEP_PRODUCT_FEATURE,score_gte_94_no_conflict,,true
b3a80f001216638ca3dd301d,Tomintoul 10-year-old,,,2020,W000893,tomintoul 10yo,100.0,,KEEP_PRODUCT_FEATURE,score_gte_94_no_conflict,,true
35fa25300dea81a32c2cecc5,Tomintoul 10-year-old,,,,W000893,tomintoul 10yo,100.0,,KEEP_PRODUCT_FEATURE,score_gte_94_no_conflict,,true
184643d2a3ac4c8b69c47193,Tomintoul 10-year-old,,,2019,W000893,tomintoul 10yo,100.0,,KEEP_PRODUCT_FEATURE,score_gte_94_no_conflict,,true
cce5cafdc1ad80d975f0c63a,Tomintoul 10-year-old,,,,W000893,tomintoul 10yo,100.0,,KEEP_PRODUCT_FEATURE,score_gte_94_no_conflict,,true
481e543436e1e7774a33fa0f,Tomintoul 16-year-old,,,,W000830,tomintoul 16yo,100.0,,KEEP_PRODUCT_FEATURE,score_gte_94_no_conflict,,true
4f778e3bfcae9b8340316a2d,Tomintoul 16-year-old,,,,W000830,tomintoul 16yo,100.0,,KEEP_PRODUCT_FEATURE,score_gte_94_no_conflict,,true
5c279d5c95f6deac87ced366,Tomintoul 16-year-old,,,2019,W000830,tomintoul 16yo,100.0,,KEEP_PRODUCT_FEATURE,score_gte_94_no_conflict,,true
762fb14c30e361964e1cf4de,Tomintoul 16-year-old,,,,W000830,tomintoul 16yo,100.0,,KEEP_PRODUCT_FEATURE,score_gte_94_no_conflict,,true
57cdba3279ea7b2d0d2d4c79,Tomintoul 16-year-old,,,2020,W000830,tomintoul 16yo,100.0,,KEEP_PRODUCT_FEATURE,score_gte_94_no_conflict,,true
5543e489153f6b2edc7af93a,Tomintoul 16-year-old,,,2020,W000830,tomintoul 16yo,100.0,,KEEP_PRODUCT_FEATURE,score_gte_94_no_conflict,,true
f711e986deff37fef588d901,Tomintoul 16-year-old,,,,W000830,tomintoul 16yo,100.0,,KEEP_PRODUCT_FEATURE,score_gte_94_no_conflict,,true
044cef7aec953d6e7bdcb340,Tomintoul 16-year-old,,,,W000830,tomintoul 16yo,100.0,,KEEP_PRODUCT_FEATURE,score_gte_94_no_conflict,,true
72edb1bcfbb35978c407c3ec,Tomintoul Cigar Malt,,,2022,W001226,tomintoul peaty tang,65.0,,REJECT_LOW_CONFIDENCE,score_lt_86,,true
0df1ec52f8b61112f9911ea5,Tomintoul Cigar Malt,,,,W001226,tomintoul peaty tang,65.0,,REJECT_LOW_CONFIDENCE,score_lt_86,,true
63d92fec51e305bb6b56f600,Tomintoul Cigar Malt,,,,W001226,tomintoul peaty tang,65.0,,REJECT_LOW_CONFIDENCE,score_lt_86,,true
eef36a4709c1f333fcdacd6f,Tomintoul Cigar Malt,,,,W001226,tomintoul peaty tang,65.0,,REJECT_LOW_CONFIDENCE,score_lt_86,,true
764567896b374ee7dccdce6d,Tomintoul Peaty Tang,,,2017,W001226,tomintoul peaty tang,100.0,,KEEP_PRODUCT_FEATURE,score_gte_94_no_conflict,,true
5a5eb907e130323a69e6d8a6,Tomintoul Peaty Tang,,,,W001226,tomintoul peaty tang,100.0,,KEEP_PRODUCT_FEATURE,score_gte_94_no_conflict,,true
5d9a9dffa48ce5a738e47c10,Tomintoul Peaty Tang,,,,W001226,tomintoul peaty tang,100.0,,KEEP_PRODUCT_FEATURE,score_gte_94_no_conflict,,true
bc2fba8868c95d3cea512ba6,Tomintoul Peaty Tang,,,,W001226,tomintoul peaty tang,100.0,,KEEP_PRODUCT_FEATURE,score_gte_94_no_conflict,,true
3a02a1a1b4feefeef7e4e835,Tomintoul Peaty Tang,,,,W001226,tomintoul peaty tang,100.0,,KEEP_PRODUCT_FEATURE,score_gte_94_no_conflict,,true
3bd3db4cdaea5a73622fa4a0,Tomintoul Peaty Tang,,,,W001226,tomintoul peaty tang,100.0,,KEEP_PRODUCT_FEATURE,score_gte_94_no_conflict,,true
c4952b2ac9ff3cd59102c8b2,Tomintoul Peaty Tang,,,,W001226,tomintoul peaty tang,100.0,,KEEP_PRODUCT_FEATURE,score_gte_94_no_conflict,,true
701a93e5bc4b8c43ffacc81e,Tomintoul Peaty Tang,,,,W001226,tomintoul peaty tang,100.0,,KEEP_PRODUCT_FEATURE,score_gte_94_no_conflict,,true
b1a8b9203a5d5f9b1afa2f3b,Tomintoul Seiridh  Batch 4,,,,W001226,tomintoul peaty tang,57.78,,REJECT_LOW_CONFIDENCE,score_lt_86,,true
21025f914ab25cbedde3c033,Tomintoul Tlàth,,,,W001226,tomintoul peaty tang,74.29,,REJECT_LOW_CONFIDENCE,score_lt_86,,true
2249b840e58187c6e507fd4b,Tomintoul Tlàth,,,,W001226,tomintoul peaty tang,74.29,,REJECT_LOW_CONFIDENCE,score_lt_86,,true
cad1a768be49fa4a6699aeb2,Tomintoul Tlàth,,,2018,W001226,tomintoul peaty tang,74.29,,REJECT_LOW_CONFIDENCE,score_lt_86,,true
f764bcdc74d284ed37a65d2b,Tomintoul Tlàth,,,,W001226,tomintoul peaty tang,74.29,,REJECT_LOW_CONFIDENCE,score_lt_86,,true
269e13e815a503e0679c693c,Tomintoul Tlàth,,,2017,W001226,tomintoul peaty tang,74.29,,REJECT_LOW_CONFIDENCE,score_lt_86,,true
194596a388e2c02e8980d8b9,Tomintoul Tlàth,,,2017,W001226,tomintoul peaty tang,74.29,,REJECT_LOW_CONFIDENCE,score_lt_86,,true
32cf621b1175168dd6fe976e,Tomintoul Tlàth,,,,W001226,tomintoul peaty tang,74.29,,REJECT_LOW_CONFIDENCE,score_lt_86,,true
cce7a5f621cec29de731e41d,Tomintoul Tlàth,,,,W001226,tomintoul peaty tang,74.29,,REJECT_LOW_CONFIDENCE,score_lt_86,,true
221ebbcb3a8e50966a9ed408,Tormore 14-year-old,,,,W000871,tormore 14yo,100.0,,KEEP_PRODUCT_FEATURE,score_gte_94_no_conflict,,true
191628582e86fd4cc861e1c0,Tormore 14-year-old,,,,W000871,tormore 14yo,100.0,,KEEP_PRODUCT_FEATURE,score_gte_94_no_conflict,,true
243dd7fe819b69e19667952b,Tormore 14-year-old,,,,W000871,tormore 14yo,100.0,,KEEP_PRODUCT_FEATURE,score_gte_94_no_conflict,,true
75ab094dd8a5f066e18a77aa,Tormore 14-year-old,,,,W000871,tormore 14yo,100.0,,KEEP_PRODUCT_FEATURE,score_gte_94_no_conflict,,true
ef11620b99d8e9e57c8a2f2c,Tormore 14-year-old,,,,W000871,tormore 14yo,100.0,,KEEP_PRODUCT_FEATURE,score_gte_94_no_conflict,,true
505e9ca0088e78818ebb0989,Tormore 16-year-old,,,,W000871,tormore 14yo,91.67,,REVIEW_PRODUCT_FEATURE,score_86_93_no_conflict,,true
0e211e949ff4c0a9cfd659db,Tormore 16-year-old,,,2018,W000871,tormore 14yo,91.67,,REVIEW_PRODUCT_FEATURE,score_86_93_no_conflict,,true
5ddd80af08a3693b77d76854,Tormore 16-year-old,,,,W000871,tormore 14yo,91.67,,REVIEW_PRODUCT_FEATURE,score_86_93_no_conflict,,true
bdce903ece9159b4e7ff3d67,Tormore 16-year-old,,,,W000871,tormore 14yo,91.67,,REVIEW_PRODUCT_FEATURE,score_86_93_no_conflict,,true
f4e017271abf49a60bf57401,Tormore 16-year-old,,,2013,W000871,tormore 14yo,91.67,,REVIEW_PRODUCT_FEATURE,score_86_93_no_conflict,,true
31e7ae2b054066ca6f7588f4,Tormore 16-year-old,,,,W000871,tormore 14yo,91.67,,REVIEW_PRODUCT_FEATURE,score_86_93_no_conflict,,true
78c5f351166ff08d5f4281b7,Tormore 16-year-old,,,,W000871,tormore 14yo,91.67,,REVIEW_PRODUCT_FEATURE,score_86_93_no_conflict,,true
7da2653ef86cca54ee095ecf,Tormore 16-year-old,,,,W000871,tormore 14yo,91.67,,REVIEW_PRODUCT_FEATURE,score_86_93_no_conflict,,true
e346b7e88efd578653e44c10,Tormore 16-year-old,,,,W000871,tormore 14yo,91.67,,REVIEW_PRODUCT_FEATURE,score_86_93_no_conflict,,true
709543269588598cdf9261e1,Tormore 16-year-old,,,,W000871,tormore 14yo,91.67,,REVIEW_PRODUCT_FEATURE,score_86_93_no_conflict,,true
838d47c83e7bef0ab99a00ad,Tullibardine 15-year-old,,,,W000596,tullibardine 25yo,94.12,,KEEP_PRODUCT_FEATURE,score_gte_94_no_conflict,,true
481b58b434e7c19643fcc01b,Tullibardine 15-year-old,,,,W000596,tullibardine 25yo,94.12,,KEEP_PRODUCT_FEATURE,score_gte_94_no_conflict,,true
3bb1f19740f60aa7ccfb72f6,Tullibardine 15-year-old,,,,W000596,tullibardine 25yo,94.12,,KEEP_PRODUCT_FEATURE,score_gte_94_no_conflict,,true
5dd98eb47bbbf4555d18cb24,Tullibardine 15-year-old,,,,W000596,tullibardine 25yo,94.12,,KEEP_PRODUCT_FEATURE,score_gte_94_no_conflict,,true
469f39799071312e1f3158a7,Tullibardine 15-year-old,,,,W000596,tullibardine 25yo,94.12,,KEEP_PRODUCT_FEATURE,score_gte_94_no_conflict,,true
1fbd1196daae4d9b419e4470,Tullibardine 15-year-old,,,,W000596,tullibardine 25yo,94.12,,KEEP_PRODUCT_FEATURE,score_gte_94_no_conflict,,true
010631972061be2422e9e608,Tullibardine 15-year-old,,,,W000596,tullibardine 25yo,94.12,,KEEP_PRODUCT_FEATURE,score_gte_94_no_conflict,,true
ea0a0cb88ce65e66dc7989d3,Tullibardine 15-year-old,,,,W000596,tullibardine 25yo,94.12,,KEEP_PRODUCT_FEATURE,score_gte_94_no_conflict,,true
23fd1cfbcbb3bbf1631e4575,Tullibardine 15-year-old,,,,W000596,tullibardine 25yo,94.12,,KEEP_PRODUCT_FEATURE,score_gte_94_no_conflict,,true
4e2d52e71262148d9945bad2,Tullibardine 225  Sauternes Finish,,,,W000623,tullibardine 225 sauternes finish,100.0,,KEEP_PRODUCT_FEATURE,score_gte_94_no_conflict,,true
645fc60455e0d0c541185c71,Tullibardine 225  Sauternes Finish,,,2016,W000623,tullibardine 225 sauternes finish,100.0,,KEEP_PRODUCT_FEATURE,score_gte_94_no_conflict,,true
0d03c718374485ff27d97c7a,Tullibardine 225  Sauternes Finish,,,,W000623,tullibardine 225 sauternes finish,100.0,,KEEP_PRODUCT_FEATURE,score_gte_94_no_conflict,,true
0f17ad081eda6f0b64184502,Tullibardine 225  Sauternes Finish,,,,W000623,tullibardine 225 sauternes finish,100.0,,KEEP_PRODUCT_FEATURE,score_gte_94_no_conflict,,true
645b83a539c6d0465518f68c,Tullibardine 225  Sauternes Finish,,,,W000623,tullibardine 225 sauternes finish,100.0,,KEEP_PRODUCT_FEATURE,score_gte_94_no_conflict,,true
bb5f0ba6b4829c19922063b7,Tullibardine 225  Sauternes Finish,,,,W000623,tullibardine 225 sauternes finish,100.0,,KEEP_PRODUCT_FEATURE,score_gte_94_no_conflict,,true
d40897d624053c2b92ef8bde,Tullibardine 225  Sauternes Finish,,,,W000623,tullibardine 225 sauternes finish,100.0,,KEEP_PRODUCT_FEATURE,score_gte_94_no_conflict,,true
b4bd5d00eebc482150bd2c92,Tullibardine 225  Sauternes Finish,,,,W000623,tullibardine 225 sauternes finish,100.0,,KEEP_PRODUCT_FEATURE,score_gte_94_no_conflict,,true
773d78b58a2ecdef4ff7f2a4,Tullibardine 25-year-old,,,1990,W000596,tullibardine 25yo,100.0,,KEEP_PRODUCT_FEATURE,score_gte_94_no_conflict,,true
0f048b4c8ef2a40d4de1b349,Tullibardine 25-year-old,,,,W000596,tullibardine 25yo,100.0,,KEEP_PRODUCT_FEATURE,score_gte_94_no_conflict,,true
42153809b58d455137c5c99e,Tullibardine 25-year-old,,,,W000596,tullibardine 25yo,100.0,,KEEP_PRODUCT_FEATURE,score_gte_94_no_conflict,,true
057d4e01c0224455ebaa2446,Tullibardine 25-year-old,,,,W000596,tullibardine 25yo,100.0,,KEEP_PRODUCT_FEATURE,score_gte_94_no_conflict,,true
e334421d82c3d9068afdc744,Tullibardine 25-year-old,,,,W000596,tullibardine 25yo,100.0,,KEEP_PRODUCT_FEATURE,score_gte_94_no_conflict,,true
12881073b786053348bc1ffa,Tullibardine 25-year-old,,,,W000596,tullibardine 25yo,100.0,,KEEP_PRODUCT_FEATURE,score_gte_94_no_conflict,,true
7cb0f1a2a19b2cd3d5d5f173,Tullibardine 25-year-old,,,,W000596,tullibardine 25yo,100.0,,KEEP_PRODUCT_FEATURE,score_gte_94_no_conflict,,true
583f0264a1f1b179cde64cfe,Tullibardine 25-year-old,,,,W000596,tullibardine 25yo,100.0,,KEEP_PRODUCT_FEATURE,score_gte_94_no_conflict,,true
8452d1c4e16b7850ffa90649,Tullibardine 25-year-old,,,,W000596,tullibardine 25yo,100.0,,KEEP_PRODUCT_FEATURE,score_gte_94_no_conflict,,true
55f7d4aacf6b649dba1a5fe0,Tullibardine 25-year-old,,,,W000596,tullibardine 25yo,100.0,,KEEP_PRODUCT_FEATURE,score_gte_94_no_conflict,,true
0c1bf13c2bd1508f81eea3b1,Tullibardine 500  Sherry Finish,,,,W000387,tullibardine 500 sherry finish,100.0,,KEEP_PRODUCT_FEATURE,score_gte_94_no_conflict,,true
3532f5bbda0b76f5cf5b9eba,Tullibardine 500  Sherry Finish,,,,W000387,tullibardine 500 sherry finish,100.0,,KEEP_PRODUCT_FEATURE,score_gte_94_no_conflict,,true
c231e768211fe7c6d13ba112,Tullibardine 500  Sherry Finish,,,,W000387,tullibardine 500 sherry finish,100.0,,KEEP_PRODUCT_FEATURE,score_gte_94_no_conflict,,true
e2ef0aae0989a6e0777ec66f,Tullibardine 500  Sherry Finish,,,,W000387,tullibardine 500 sherry finish,100.0,,KEEP_PRODUCT_FEATURE,score_gte_94_no_conflict,,true
109db4229b1c0e501b6667cd,Tullibardine 500  Sherry Finish,,,,W000387,tullibardine 500 sherry finish,100.0,,KEEP_PRODUCT_FEATURE,score_gte_94_no_conflict,,true
555509e2d036d0e83be5d188,Tullibardine 500  Sherry Finish,,,,W000387,tullibardine 500 sherry finish,100.0,,KEEP_PRODUCT_FEATURE,score_gte_94_no_conflict,,true
6f7ee896afd375c9e0702db9,Tullibardine 500  Sherry Finish,,,,W000387,tullibardine 500 sherry finish,100.0,,KEEP_PRODUCT_FEATURE,score_gte_94_no_conflict,,true
1eb8463260bd121520f60398,Tullibardine Sovereign,,,,W000903,tullibardine sovereign,100.0,,KEEP_PRODUCT_FEATURE,score_gte_94_no_conflict,,true
a01b7c224420b00ccc41f06e,Tullibardine Sovereign,,,,W000903,tullibardine sovereign,100.0,,KEEP_PRODUCT_FEATURE,score_gte_94_no_conflict,,true
73357d7e7d7b16b7f34ae12c,Tullibardine Sovereign,,,,W000903,tullibardine sovereign,100.0,,KEEP_PRODUCT_FEATURE,score_gte_94_no_conflict,,true
0101fa1c3381e7bb01afe0bb,Tullibardine Sovereign,,,2021,W000903,tullibardine sovereign,100.0,,KEEP_PRODUCT_FEATURE,score_gte_94_no_conflict,,true
bbcba224c79ac6549eca2202,Tullibardine Sovereign,,,,W000903,tullibardine sovereign,100.0,,KEEP_PRODUCT_FEATURE,score_gte_94_no_conflict,,true
8768b939729c17b971dfea9e,Tullibardine Sovereign,,,,W000903,tullibardine sovereign,100.0,,KEEP_PRODUCT_FEATURE,score_gte_94_no_conflict,,true
f9c53e01e506d14368a0620e,Widow Jane 04-year-old  Wapsie Valley,,,,W001414,willett family estate 4yo rye,51.72,,REJECT_LOW_CONFIDENCE,score_lt_86,,true
d084dca1570d37a6c19b9800,Widow Jane 04-year-old  Wapsie Valley,,,,W001414,willett family estate 4yo rye,51.72,,REJECT_LOW_CONFIDENCE,score_lt_86,,true
0422ace0ca82920820eef5be,Widow Jane 08-year-old  Straight Bourbon Whiskey,,,,W001621,willett family estate 8yo bourbon,63.01,,REJECT_LOW_CONFIDENCE,score_lt_86,,true
d527864010691ffb811180ce,Widow Jane 08-year-old  Straight Bourbon Whiskey,,,,W001621,willett family estate 8yo bourbon,63.01,,REJECT_LOW_CONFIDENCE,score_lt_86,,true
a915248f87e4d7ef45c18d00,Widow Jane 10-year-old,,,,W000738,longrow 10yo,59.26,,REJECT_LOW_CONFIDENCE,score_lt_86,,true
9bad81f169ef314579f61a94,Widow Jane 10-year-old  Single Barrel,,,,W001824,ezra b 12yo single barrel,70.37,,REJECT_LOW_CONFIDENCE,score_lt_86,,true
4a1bfc1f2e9b9ae94135345a,Widow Jane 10-year-old  Single Barrel,,,,W001824,ezra b 12yo single barrel,70.37,,REJECT_LOW_CONFIDENCE,score_lt_86,,true
ff6cb3dc15ef24249c5bfa9d,Widow Jane 10-year-old  Single Barrel,,,,W001824,ezra b 12yo single barrel,70.37,,REJECT_LOW_CONFIDENCE,score_lt_86,,true
d8497e991b021e49b0777d5f,Widow Jane 10-year-old  Single Barrel,,,,W001824,ezra b 12yo single barrel,70.37,,REJECT_LOW_CONFIDENCE,score_lt_86,,true
1decb92f239e15ad9f4c7b13,Widow Jane 10-year-old  Single Barrel,,,,W001824,ezra b 12yo single barrel,70.37,,REJECT_LOW_CONFIDENCE,score_lt_86,,true
49ae5838db5ccc811ef77bd6,Widow Jane 12-year-old  Straight Bourbon Whiskey,,,2021,W001602,willett family estate 22yo bourbon,62.16,,REJECT_LOW_CONFIDENCE,score_lt_86,,true
f38b2ad27dfbdf23aae38797,Widow Jane 12-year-old  Straight Bourbon Whiskey,,,2021,W001602,willett family estate 22yo bourbon,62.16,,REJECT_LOW_CONFIDENCE,score_lt_86,,true
30f405db6f05776eacecbc51,Widow Jane 12-year-old  Straight Bourbon Whiskey,,,,W001602,willett family estate 22yo bourbon,62.16,,REJECT_LOW_CONFIDENCE,score_lt_86,,true
5146ba031f2c3f992b1262cb,Widow Jane Rye Mash  American Oak Aged,,,,W000561,westland american single malt (american oak),58.23,,REJECT_LOW_CONFIDENCE,score_lt_86,,true
1af5f9441bd35a900ddc0559,Widow Jane Whiskey Distilled From A Rye Mash  American Oak Aged,,,,W001301,jameson distiller's safe irish whiskey,54.0,,REJECT_LOW_CONFIDENCE,score_lt_86,,true
e049871f8a77e0a045c5f2a1,Widow Jane Whiskey Distilled From A Rye Mash  American Oak Aged,,,,W001301,jameson distiller's safe irish whiskey,54.0,,REJECT_LOW_CONFIDENCE,score_lt_86,,true
f2de197485a466e64b359a97,Noah's Mill 15-year-old  Small Batch Collection,,,,W001756,michter's small batch us*1 bourbon,63.01,,REJECT_LOW_CONFIDENCE,score_lt_86,,true
9f4d8d2e589171d0f7c7acb5,Noah's Mill 15-year-old  Small Batch Collection,,,,W001756,michter's small batch us*1 bourbon,63.01,,REJECT_LOW_CONFIDENCE,score_lt_86,,true
7a9fec6e39477ceb0636f9e4,Noah's Mill 15-year-old  Small Batch Collection,,,2016,W001756,michter's small batch us*1 bourbon,63.01,,REJECT_LOW_CONFIDENCE,score_lt_86,,true
1f53bb386a4d5284aff0848d,Noah's Mill 15-year-old  Small Batch Collection,,,,W001756,michter's small batch us*1 bourbon,63.01,,REJECT_LOW_CONFIDENCE,score_lt_86,,true
a2affea5c4b6cd92e864aa97,Old Bardstown 04-year-old  Bottled in Bond,,,,W001783,very old barton 6yo bib,56.14,,REJECT_LOW_CONFIDENCE,score_lt_86,,true
8dae2ae1be8128183cbae49f,Old Bardstown Kentucky Straight Bourbon Whiskey,,,,W001706,blanton's gold kentucky straight bourbon,73.56,,REJECT_LOW_CONFIDENCE,score_lt_86,,true
ff6cde2a808810383b36511a,Willett 02-year-old  Family Estate Bottled Small Batch Rye,,,,W001493,willett family estate 2yo rye,73.42,,REJECT_LOW_CONFIDENCE,score_lt_86,,true
214d964c8159217a48d4a82f,Willett 02-year-old  Family Estate Bottled Small Batch Rye,,,,W001493,willett family estate 2yo rye,73.42,,REJECT_LOW_CONFIDENCE,score_lt_86,,true
0072e7499c43482a8b06ed57,Willett 02-year-old  Family Estate Bottled Small Batch Rye,,,,W001493,willett family estate 2yo rye,73.42,,REJECT_LOW_CONFIDENCE,score_lt_86,,true
3b3a69ba485d8ec4b233e3eb,Willett 03-year-old  Family Estate Bottled Small Batch Rye,,,,W001469,willett family estate 3yo rye,73.42,,REJECT_LOW_CONFIDENCE,score_lt_86,,true
bd4c859e7b8e7203fa526ecb,Willett 04-year-old  Family Estate Bottled Single Barrel Rye,,,,W001414,willett family estate 4yo rye,71.6,,REJECT_LOW_CONFIDENCE,score_lt_86,,true
b601767dd336c34889176e18,Willett 04-year-old  Family Estate Bottled Single Barrel Rye,,,,W001414,willett family estate 4yo rye,71.6,,REJECT_LOW_CONFIDENCE,score_lt_86,,true
1b34d93d7771abc2afa6c2a4,Willett 04-year-old  Family Estate Bottled Small Batch Rye,,,,W001414,willett family estate 4yo rye,73.42,,REJECT_LOW_CONFIDENCE,score_lt_86,,true
b1f2df46ccabe7e4fabc68a4,Willett 04-year-old  Family Estate Bottled Small Batch Rye,,,,W001414,willett family estate 4yo rye,73.42,,REJECT_LOW_CONFIDENCE,score_lt_86,,true
35fe47a2923e5ebd5c8f8883,Willett 04-year-old  Family Estate Bottled Small Batch Rye,,,,W001414,willett family estate 4yo rye,73.42,,REJECT_LOW_CONFIDENCE,score_lt_86,,true
be1144d2877cf1ac3bee44ec,Willett 04-year-old  Family Estate Bottled Single Barrel Rye,,,,W001414,willett family estate 4yo rye,71.6,,REJECT_LOW_CONFIDENCE,score_lt_86,,true
49887a146ad2aebc9d3477cc,Willett 04-year-old  Family Estate Bottled Single Barrel Rye,,,,W001414,willett family estate 4yo rye,71.6,,REJECT_LOW_CONFIDENCE,score_lt_86,,true
63ab74b9d2d47b292917cc10,Willett 05-year-old  Family Estate Bottled Single Barrel Bourbon,,,,W001656,willett family estate 5yo bourbon,74.16,,REJECT_LOW_CONFIDENCE,score_lt_86,,true
b51ddeab6998dc83cf583e0a,Willett 06-year-old  Family Estate Bottled Single Barrel Bourbon,,,,W001627,willett family estate bourbon (all ages),72.34,,REJECT_LOW_CONFIDENCE,score_lt_86,,true
a1ec8650d6f482499c54be5f,Willett 08-year-old  Family Estate Bottled Single Barrel Rye,,,,W001621,willett family estate 8yo bourbon,70.59,,REJECT_LOW_CONFIDENCE,score_lt_86,,true
d5f81daf966ee05ae491d082,Willett 08-year-old  Family Estate Bottled Single Barrel Rye,,,,W001621,willett family estate 8yo bourbon,70.59,,REJECT_LOW_CONFIDENCE,score_lt_86,,true
b4252401e114b7144a99432d,Willett 08-year-old  Family Estate Bottled Single Barrel Rye,,,,W001621,willett family estate 8yo bourbon,70.59,,REJECT_LOW_CONFIDENCE,score_lt_86,,true
f53167e5142cd6e481709e23,Willett 11-year-old  Family Estate Bottled Single Barrel Bourbon,,,,W001642,willett family estate 11yo bourbon,75.56,,REJECT_LOW_CONFIDENCE,score_lt_86,,true
1ce7e8006bb18d5fe4b4669b,Willett 11-year-old  Family Estate Bottled Single Barrel Bourbon,,,,W001642,willett family estate 11yo bourbon,75.56,,REJECT_LOW_CONFIDENCE,score_lt_86,,true
379902b0090012ad1eb01659,Willett 11-year-old  Family Estate Bottled Single Barrel Bourbon,,,,W001642,willett family estate 11yo bourbon,75.56,,REJECT_LOW_CONFIDENCE,score_lt_86,,true
df8a7348842e7c31917aa9d4,Willett 12-year-old  Family Estate Bottled Single Barrel Bourbon,,,,W001602,willett family estate 22yo bourbon,73.33,,REJECT_LOW_CONFIDENCE,score_lt_86,,true
d3df4ab1e98d760d4297a448,Willett 13-year-old  Family Estate Bottled Single Barrel Bourbon,,,,W001623,willett family estate 13yo bourbon,75.56,,REJECT_LOW_CONFIDENCE,score_lt_86,,true
2e02784d2d27667c8a0fb1c7,Willett 13-year-old  Family Estate Bottled Single Barrel Bourbon,,,,W001623,willett family estate 13yo bourbon,75.56,,REJECT_LOW_CONFIDENCE,score_lt_86,,true
ab3aa6d96e7fe05c70f68bd3,Willett 13-year-old  Family Estate Bottled Single Barrel Bourbon,,,,W001623,willett family estate 13yo bourbon,75.56,,REJECT_LOW_CONFIDENCE,score_lt_86,,true
7572cb0b5d782faf6ea82372,Willett 13-year-old  Family Estate Bottled Single Barrel Bourbon,,,,W001623,willett family estate 13yo bourbon,75.56,,REJECT_LOW_CONFIDENCE,score_lt_86,,true
874cd8a229ba9afef3c28935,Willett 14-year-old  Family Estate Bottled Single Barrel Bourbon,,,,W001652,willett family estate 14yo bourbon,75.56,,REJECT_LOW_CONFIDENCE,score_lt_86,,true
209562be87baf2a18d87164b,Willett 1984  Family Estate Bottled Single Barrel Rye,,,,W001435,willett family estate rye (all ages),69.77,,REJECT_LOW_CONFIDENCE,score_lt_86,,true
de8514815282e1460f928963,Willett 1984 - The Iron Fist  Family Estate Bottled Single Barrel Rye,,,2015,W001435,willett family estate rye (all ages),60.0,,REJECT_LOW_CONFIDENCE,score_lt_86,,true
d29d60953faf0bfb97530c5f,Willett 21-year-old  Family Estate Bottled Single Barrel Bourbon,,,2016,W001602,willett family estate 22yo bourbon,73.33,,REJECT_LOW_CONFIDENCE,score_lt_86,,true
ba44d956f36af0f932953bc6,Willett 22-year-old  Family Estate Bottled Single Barrel Bourbon,,,,W001602,willett family estate 22yo bourbon,75.56,,REJECT_LOW_CONFIDENCE,score_lt_86,,true
ce4d68083b3ab6d7f6088d3c,Willett 22-year-old  Family Estate Bottled Single Barrel Bourbon,,,2016,W001602,willett family estate 22yo bourbon,75.56,,REJECT_LOW_CONFIDENCE,score_lt_86,,true
9930fcb1bf34f1dda5d28be2,Willett 22-year-old  Family Estate Bottled Single Barrel Bourbon,,,2016,W001602,willett family estate 22yo bourbon,75.56,,REJECT_LOW_CONFIDENCE,score_lt_86,,true
19514a646f5ce2ac3e2238c9,Willett 22-year-old  Family Estate Bottled Single Barrel Bourbon,,,,W001602,willett family estate 22yo bourbon,75.56,,REJECT_LOW_CONFIDENCE,score_lt_86,,true
ad406f804207f7b9685510b0,Willett 22-year-old  Family Estate Bottled Single Barrel Bourbon,,,,W001602,willett family estate 22yo bourbon,75.56,,REJECT_LOW_CONFIDENCE,score_lt_86,,true
d91d7bb058ac108c0e439f6d,Willett 22-year-old  Family Estate Bottled Single Barrel Bourbon,,,,W001602,willett family estate 22yo bourbon,75.56,,REJECT_LOW_CONFIDENCE,score_lt_86,,true
960094e4440577fda1913819,Willett 24-year-old  Family Estate Bottled Single Barrel Rye,,,2008,W001612,willett family estate 24yo bourbon,72.09,,REJECT_LOW_CONFIDENCE,score_lt_86,,true
7c98c1ab200eca0c3e83de12,Willett Pot Still Reserve  94 proof - Glass decanter,,,,W001734,willett pot still reserve,67.57,,REJECT_LOW_CONFIDENCE,score_lt_86,,true
30a6ff96d9fc0962b14a23bf,Willett Pot Still Reserve  94 proof - Glass decanter,,,,W001734,willett pot still reserve,67.57,,REJECT_LOW_CONFIDENCE,score_lt_86,,true
4b320993ac158b27a5ca7ba1,Willett Pot Still Reserve  94 proof - Glass decanter,,,,W001734,willett pot still reserve,67.57,,REJECT_LOW_CONFIDENCE,score_lt_86,,true
64a419df554a36de289c4f2f,Willett Pot Still Reserve  94 proof - Glass decanter,,,,W001734,willett pot still reserve,67.57,,REJECT_LOW_CONFIDENCE,score_lt_86,,true
257da43693dccc0bb8e7e28a,Willett Pot Still Reserve  94 proof - Glass decanter,,,,W001734,willett pot still reserve,67.57,,REJECT_LOW_CONFIDENCE,score_lt_86,,true
180c34aacf5814efbbcf3e82,Willett Pot Still Reserve  94 proof - Glass decanter,,,,W001734,willett pot still reserve,67.57,,REJECT_LOW_CONFIDENCE,score_lt_86,,true
90706004c50f8332e1849f37,Willett Pot Still Reserve  94 proof - Glass decanter,,,,W001734,willett pot still reserve,67.57,,REJECT_LOW_CONFIDENCE,score_lt_86,,true
b14bef6b71ffda3f3a6f5174,Willett Pot Still Reserve  94 proof - Glass decanter,,,,W001734,willett pot still reserve,67.57,,REJECT_LOW_CONFIDENCE,score_lt_86,,true
3b7eba0073b72e62236fe9d9,Willett Pot Still Reserve  94 proof - Glass decanter,,,,W001734,willett pot still reserve,67.57,,REJECT_LOW_CONFIDENCE,score_lt_86,,true
1feecb2dc7150018304d8bb6,Woodford Reserve Distiller's Select,,,,W001775,woodford reserve distiller's select,100.0,,KEEP_PRODUCT_FEATURE,score_gte_94_no_conflict,,true
41e809bcd8fdb5f3311cd218,Woodford Reserve Distiller's Select,,,,W001775,woodford reserve distiller's select,100.0,,KEEP_PRODUCT_FEATURE,score_gte_94_no_conflict,,true
c335f812c0f68e0d59a2cbc6,Woodford Reserve Distiller's Select,,,,W001775,woodford reserve distiller's select,100.0,,KEEP_PRODUCT_FEATURE,score_gte_94_no_conflict,,true
0b44e00e45a713c85c94af9f,Woodford Reserve Distiller's Select  Kentucky Straight Rye Whiskey,,,,W001775,woodford reserve distiller's select,70.0,,REJECT_LOW_CONFIDENCE,score_lt_86,,true
31ba606cbb1d156143999b63,Woodford Reserve Distiller's Select  Kentucky Straight Rye Whiskey,,,,W001775,woodford reserve distiller's select,70.0,,REJECT_LOW_CONFIDENCE,score_lt_86,,true
31913f1f8bd68b5bd5244d49,Woodford Reserve Distiller's Select  Kentucky Straight Bourbon,,,,W001775,woodford reserve distiller's select,72.92,,REJECT_LOW_CONFIDENCE,score_lt_86,,true
7084134f6c8539af9d8475f7,Woodford Reserve Distiller's Select  Kentucky Straight Bourbon,,,,W001775,woodford reserve distiller's select,72.92,,REJECT_LOW_CONFIDENCE,score_lt_86,,true
b5da1fc158ae5c2cb24ecb49,Yamazaki 12-year-old  Single Malt Japanese Whisky,,,,W000799,kavalan single malt whisky,65.67,,REJECT_LOW_CONFIDENCE,score_lt_86,,true
bd1e5e4cf512ad8aff0fe137,Yamazaki Distiller's Reserve  Single Malt Japanese Whisky,,,,W000572,yamazaki distiller's reserve,66.67,,REJECT_LOW_CONFIDENCE,score_lt_86,,true
dd4e86a527317ec71feed7c3,Yamazaki Distiller's Reserve  Single Malt Japanese Whisky,,,,W000572,yamazaki distiller's reserve,66.67,,REJECT_LOW_CONFIDENCE,score_lt_86,,true
