smws_code,product_name,distillery,bottler,matched_whisky_id,matched_name,confidence,match_type,reason,resolver_version,resolver_stage
1.139,Emporium of Sweets,Glenfarclas,,21e7ffc0-6813-5c8d-9a31-26a99ca23a6f,Glenfarclas SMWS 1.139 - Emporium of Sweets,0.95,MERGE,smws_code linked to existing whisky_id in production.db (flavor_evidence/promotion_ready),P127.5,MERGE
1.145,"Highlands, Speyside",Glenfarclas,,84b74073-31ee-54c4-b58b-e9f22465b4d4,Glenfarclas SMWS 1.145 - SMWS 1.145,0.95,MERGE,smws_code linked to existing whisky_id in production.db (flavor_evidence/promotion_ready),P127.5,MERGE
1.147,"Highlands, Speyside",Glenfarclas,,8b2716e3-6ed0-5b48-afea-d0ee6fa048f2,Glenfarclas SMWS 1.147 - SMWS 1.147,0.95,MERGE,smws_code linked to existing whisky_id in production.db (flavor_evidence/promotion_ready),P127.5,MERGE
1.150,"Highlands, Speyside",Glenfarclas,,472e681d-0af6-5ad3-929f-d79c11568bca,"Glenfarclas SMWS 1.150 - like biting a chilli chopping
board",0.95,MERGE,smws_code linked to existing whisky_id in production.db (flavor_evidence/promotion_ready),P127.5,MERGE
1.155,"Highlands, Speyside",Glenfarclas,,ba40280d-19ba-5fe7-8ae3-6e1217663f97,Glenfarclas SMWS 1.155 - SMWS 1.155,0.95,MERGE,smws_code linked to existing whisky_id in production.db (flavor_evidence/promotion_ready),P127.5,MERGE
1.159,"Highlands, Speyside",Glenfarclas,,0efb9d47-4282-5b6a-8374-e789c8ae4d42,Glenfarclas SMWS 1.159 - SMWS 1.159,0.95,MERGE,smws_code linked to existing whisky_id in production.db (flavor_evidence/promotion_ready),P127.5,MERGE
1.161,"Speyside, Spey",Glenfarclas,,9eca5f20-2b16-5025-a428-e2356ac314f2,Glenfarclas SMWS 1.161 - SMWS 1.161,0.95,MERGE,smws_code linked to existing whisky_id in production.db (flavor_evidence/promotion_ready),P127.5,MERGE
1.164,"Speyside, Spey",Glenfarclas,,6fd88222-84a9-5958-bf60-a435f494fcbe,Glenfarclas SMWS 1.164 - SMWS 1.164,0.95,MERGE,smws_code linked to existing whisky_id in production.db (flavor_evidence/promotion_ready),P127.5,MERGE
1.168,"Speyside, Spey",Glenfarclas,,4c1b4293-20a1-5b7e-80b9-793710b943e4,Glenfarclas SMWS 1.168 - SMWS 1.168,0.95,MERGE,smws_code linked to existing whisky_id in production.db (flavor_evidence/promotion_ready),P127.5,MERGE
1.170,"Speyside, Spey",Glenfarclas,,9c7c1f33-a610-53b4-84d1-33c5fb044c6d,Glenfarclas SMWS 1.170 - SMWS 1.170,0.95,MERGE,smws_code linked to existing whisky_id in production.db (flavor_evidence/promotion_ready),P127.5,MERGE
1.173,"Speyside, Spey",Glenfarclas,,617006f0-15e0-5533-a4b7-52f707e4df93,Glenfarclas SMWS 1.173 - SMWS 1.173,0.95,MERGE,smws_code linked to existing whisky_id in production.db (flavor_evidence/promotion_ready),P127.5,MERGE
1.176,"Speyside, Spey",Glenfarclas,,4bd25146-6032-5610-ba88-a6fc83328ab6,Glenfarclas SMWS 1.176 - SMWS 1.176,0.95,MERGE,smws_code linked to existing whisky_id in production.db (flavor_evidence/promotion_ready),P127.5,MERGE
1.177,"Speyside, Spey",Glenfarclas,,7d176195-2e36-57c4-bf37-368dc856fd75,Glenfarclas SMWS 1.177 - SMWS 1.177,0.95,MERGE,smws_code linked to existing whisky_id in production.db (flavor_evidence/promotion_ready),P127.5,MERGE
1.179,"Speyside, Spey",Glenfarclas,,39a79eb9-3da4-5893-9a52-2603df1beffa,Glenfarclas SMWS 1.179 - SMWS 1.179,0.95,MERGE,smws_code linked to existing whisky_id in production.db (flavor_evidence/promotion_ready),P127.5,MERGE
1.180,"Speyside, Spey",Glenfarclas,,5124995e-02aa-5c3a-b755-b47e641297ec,Glenfarclas SMWS 1.180 - SMWS 1.180,0.95,MERGE,smws_code linked to existing whisky_id in production.db (flavor_evidence/promotion_ready),P127.5,MERGE
1.189,SPICY & SWEET,Glenfarclas,,39151d65-4237-575e-8aa0-06832ae53e48,Glenfarclas SMWS 1.189 - SMWS 1.189,0.95,MERGE,smws_code linked to existing whisky_id in production.db (flavor_evidence/promotion_ready),P127.5,MERGE
1.191,"DEEP, RICH & DRIED FRUITS",Glenfarclas,,231a6572-2f51-5c75-96ac-b4c3df886881,Glenfarclas SMWS 1.191 - SMWS 1.191,0.95,MERGE,smws_code linked to existing whisky_id in production.db (flavor_evidence/promotion_ready),P127.5,MERGE
1.192,OLD & DIGNIFIED,Glenfarclas,,8a5c5cbb-2d79-53d3-b1c9-7c562230cdbc,Glenfarclas SMWS 1.192 - SMWS 1.192,0.95,MERGE,smws_code linked to existing whisky_id in production.db (flavor_evidence/promotion_ready),P127.5,MERGE
1.200,"SW E E T, F R U I T Y & M E L LOW",Glenfarclas,,b7a89fb6-3e1c-5301-b434-dc5f5eea56ce,Glenfarclas SMWS 1.200 - SMWS 1.200,0.95,MERGE,smws_code linked to existing whisky_id in production.db (flavor_evidence/promotion_ready),P127.5,MERGE
1.84,Liquid Christmas Cake,Glenfarclas,,50b5141a-ebab-501f-aa51-d3fd7932f699,Glenfarclas SMWS 1.84 - Liquid Christmas Cake,0.95,MERGE,smws_code linked to existing whisky_id in production.db (flavor_evidence/promotion_ready),P127.5,MERGE
2.59,A Cello in the Orchestra of Malts,The Glenlivet,,8e6430a0-ce42-54ed-b68f-b238ec0acc3a,Glenlivet SMWS 2.59 - A Cello in the Orchestra of Malts,0.95,MERGE,smws_code linked to existing whisky_id in production.db (flavor_evidence/promotion_ready),P127.5,MERGE
2.66,A Department Store,The Glenlivet,,bb7e1cc2-b1ea-5007-9911-c82410d737ca,Glenlivet SMWS 2.66 - SMWS 2.66,0.95,MERGE,smws_code linked to existing whisky_id in production.db (flavor_evidence/promotion_ready),P127.5,MERGE
2.70,Ovaltine in a Wellington Boot,The Glenlivet,,de6f75e8-74ba-501c-beda-3658a4df39ea,Glenlivet SMWS 2.70 - Ovaltine in a Wellington Boot,0.95,MERGE,smws_code linked to existing whisky_id in production.db (flavor_evidence/promotion_ready),P127.5,MERGE
2.75,"Highlands, Speyside (Livet)",The Glenlivet,,a72e11d5-2bf8-5544-8feb-803806369af3,Glenlivet SMWS 2.75 - SMWS 2.75,0.95,MERGE,smws_code linked to existing whisky_id in production.db (flavor_evidence/promotion_ready),P127.5,MERGE
2.77,"Highlands, Speyside (Livet)",The Glenlivet,,e3685494-3da0-554f-96ae-d859a7867d34,Glenlivet SMWS 2.77 - SMWS 2.77,0.95,MERGE,smws_code linked to existing whisky_id in production.db (flavor_evidence/promotion_ready),P127.5,MERGE
2.81,"Highlands, Speyside (Livet)",The Glenlivet,,21703ad8-1e23-5467-974e-b8180dc584a7,Glenlivet SMWS 2.81 - SMWS 2.81,0.95,MERGE,smws_code linked to existing whisky_id in production.db (flavor_evidence/promotion_ready),P127.5,MERGE
2.83,"Speyside, Spey",The Glenlivet,,77ea2155-81e6-59cf-ac1f-416982c76bb1,Glenlivet SMWS 2.83 - SMWS 2.83,0.95,MERGE,smws_code linked to existing whisky_id in production.db (flavor_evidence/promotion_ready),P127.5,MERGE
2.85,"Speyside, Spey",The Glenlivet,,5cf27220-5326-5dff-b41d-9c2b7ffa3eb9,Glenlivet SMWS 2.85 - SMWS 2.85,0.95,MERGE,smws_code linked to existing whisky_id in production.db (flavor_evidence/promotion_ready),P127.5,MERGE
2.87,"Speyside, Spey",The Glenlivet,,92be4feb-5678-5d29-8431-86b7d5e6c48c,Glenlivet SMWS 2.87 - SMWS 2.87,0.95,MERGE,smws_code linked to existing whisky_id in production.db (flavor_evidence/promotion_ready),P127.5,MERGE
2.88,"Speyside, Spey",The Glenlivet,,32cefab1-c233-5955-a544-77674ac72a58,Glenlivet SMWS 2.88 - SMWS 2.88,0.95,MERGE,smws_code linked to existing whisky_id in production.db (flavor_evidence/promotion_ready),P127.5,MERGE
2.90,"Speyside, Spey",The Glenlivet,,e7692ba0-16bd-5531-a234-17879d59c490,Glenlivet SMWS 2.90 - SMWS 2.90,0.95,MERGE,smws_code linked to existing whisky_id in production.db (flavor_evidence/promotion_ready),P127.5,MERGE
2.91,"Speyside, Spey",The Glenlivet,,427842ee-b573-5f93-87cb-6006930e7489,Glenlivet SMWS 2.91 - SMWS 2.91,0.95,MERGE,smws_code linked to existing whisky_id in production.db (flavor_evidence/promotion_ready),P127.5,MERGE
2.93,SPICY & DRY,The Glenlivet,,a2fe662e-d0f5-55af-89fb-f8cb8864d268,Glenlivet SMWS 2.93 - SMWS 2.93,0.95,MERGE,smws_code linked to existing whisky_id in production.db (flavor_evidence/promotion_ready),P127.5,MERGE
2.94,SPICY & SWEET,The Glenlivet,,32e0c7c6-2d48-5fae-990a-bfea7fd8cee0,Glenlivet SMWS 2.94 - SMWS 2.94,0.95,MERGE,smws_code linked to existing whisky_id in production.db (flavor_evidence/promotion_ready),P127.5,MERGE
2.95,YOUNG & SPRITELY,The Glenlivet,,fe365565-a937-51a4-9791-b42204bc9e83,Glenlivet SMWS 2.95 - SMWS 2.95,0.95,MERGE,smws_code linked to existing whisky_id in production.db (flavor_evidence/promotion_ready),P127.5,MERGE
3.106,Parma Violets and Parma Ham,Bowmore,,39e4c233-0ec9-5d42-9fbe-bf734cee666d,Bowmore SMWS 3.106 - Parma Violets and Parma Ham,0.95,MERGE,smws_code linked to existing whisky_id in production.db (flavor_evidence/promotion_ready),P127.5,MERGE
3.117,Branston Pickle and Eucalyptus leaves,Bowmore,,7df43210-70eb-5556-8f54-096fa1ae296f,Bowmore SMWS 3.117 - Branston Pickle and Eucalyptus leaves,0.95,MERGE,smws_code linked to existing whisky_id in production.db (flavor_evidence/promotion_ready),P127.5,MERGE
3.137,A private membership club,Lochindaal,,a2dfb32f-4c31-5e2a-bde8-8a884168c3c2,Bowmore SMWS 3.137 - An Old Rocker with a Pipe,0.95,MERGE,smws_code linked to existing whisky_id in production.db (flavor_evidence/promotion_ready),P127.5,MERGE
3.140,A private membership club,Lochindaal,,90925ce2-f26c-59de-adb7-e323c2c1a5f7,"Bowmore SMWS 3.140 - Intrigue, Love and Danger",0.95,MERGE,smws_code linked to existing whisky_id in production.db (flavor_evidence/promotion_ready),P127.5,MERGE
3.153,"Islay, Lochindaal",Lochindaal,,afb23bc7-b657-52da-8f88-85bad84dcd45,Bowmore SMWS 3.153 - SMWS 3.153,0.95,MERGE,smws_code linked to existing whisky_id in production.db (flavor_evidence/promotion_ready),P127.5,MERGE
3.154,"Islay, Lochindaal",Lochindaal,,a2056777-c982-5377-ad51-7a60dfb52d20,Bowmore SMWS 3.154 - SMWS 3.154,0.95,MERGE,smws_code linked to existing whisky_id in production.db (flavor_evidence/promotion_ready),P127.5,MERGE
3.161,"Islay, Lochindaal",Lochindaal,,2d17e8d5-fac6-5d15-83c0-ae17f92e402f,Bowmore SMWS 3.161 - SMWS 3.161,0.95,MERGE,smws_code linked to existing whisky_id in production.db (flavor_evidence/promotion_ready),P127.5,MERGE
3.169,"Islay, Loch Indaal",Loch,,49cb6612-1208-5a5f-b429-17b5c8af8d5c,Bowmore SMWS 3.169 - SMWS 3.169,0.95,MERGE,smws_code linked to existing whisky_id in production.db (flavor_evidence/promotion_ready),P127.5,MERGE
3.173,Islay,Bowmore,,bb387b06-8ae8-5b78-adad-082101031288,Bowmore SMWS 3.173 - Nigella's gammon in Coke,0.95,MERGE,smws_code linked to existing whisky_id in production.db (flavor_evidence/promotion_ready),P127.5,MERGE
3.178,"Islay, Loch Indaal",Loch,,cab6a49d-1102-5a3c-a3d5-42504490debd,Bowmore SMWS 3.178 - SMWS 3.178,0.95,MERGE,smws_code linked to existing whisky_id in production.db (flavor_evidence/promotion_ready),P127.5,MERGE
3.180,"Islay, Loch Indaal",Loch,,40519583-3c03-51c4-8259-a16b15634056,Bowmore SMWS 3.180 - SMWS 3.180,0.95,MERGE,smws_code linked to existing whisky_id in production.db (flavor_evidence/promotion_ready),P127.5,MERGE
3.181,"Islay, Loch Indaal",Loch,,a73fc26d-3117-5d0a-9e49-a8d7de9941d9,Bowmore SMWS 3.181 - SMWS 3.181,0.95,MERGE,smws_code linked to existing whisky_id in production.db (flavor_evidence/promotion_ready),P127.5,MERGE
3.182,"Islay, Loch Indaal",Loch,,a1b32118-e956-521b-8a60-d5dc187b5f49,Bowmore SMWS 3.182 - SMWS 3.182,0.95,MERGE,smws_code linked to existing whisky_id in production.db (flavor_evidence/promotion_ready),P127.5,MERGE
3.184,Islay,Bowmore,,417aac1b-cbd2-5e52-8330-ca1f31547bcd,Bowmore SMWS 3.184 - SMWS 3.184,0.95,MERGE,smws_code linked to existing whisky_id in production.db (flavor_evidence/promotion_ready),P127.5,MERGE
3.186,Islay,Lochindaal,,9eed4bf3-025b-52d6-94aa-6a07e8433212,Bowmore SMWS 3.186 - SMWS 3.186,0.95,MERGE,smws_code linked to existing whisky_id in production.db (flavor_evidence/promotion_ready),P127.5,MERGE
3.187,Islay,leaves,,bc24bcd1-1afb-583a-bc37-0e841c7dfcd9,Bowmore SMWS 3.187 - SMWS 3.187,0.95,MERGE,smws_code linked to existing whisky_id in production.db (flavor_evidence/promotion_ready),P127.5,MERGE
3.188,Islay,Bowmore,,7d63ad9e-bce9-5249-8352-29a3cce2ac7e,Bowmore SMWS 3.188 - SMWS 3.188,0.95,MERGE,smws_code linked to existing whisky_id in production.db (flavor_evidence/promotion_ready),P127.5,MERGE
3.189,Islay,Bowmore,,9fddc56d-264c-5c5e-87df-c0c9f37e941a,Bowmore SMWS 3.189 - SMWS 3.189,0.95,MERGE,smws_code linked to existing whisky_id in production.db (flavor_evidence/promotion_ready),P127.5,MERGE
3.201,Islay,Bowmore,,a1e1e40f-fd49-5cda-b8da-6055bc6696da,Bowmore SMWS 3.201 - SMWS 3.201,0.95,MERGE,smws_code linked to existing whisky_id in production.db (flavor_evidence/promotion_ready),P127.5,MERGE
3.205,Islay,Bowmore,,9371a2f2-e061-5c4d-9a68-9c62625d1520,Bowmore SMWS 3.205 - SMWS 3.205,0.95,MERGE,smws_code linked to existing whisky_id in production.db (flavor_evidence/promotion_ready),P127.5,MERGE
3.206,Islay,Bowmore,,dec91460-c3a1-54b8-9375-20972a55f20d,Bowmore SMWS 3.206 - SMWS 3.206,0.95,MERGE,smws_code linked to existing whisky_id in production.db (flavor_evidence/promotion_ready),P127.5,MERGE
3.210,Islay,Bowmore,,82168ee9-dd26-564a-a37d-71802cfb9a50,Bowmore SMWS 3.210 - SMWS 3.210,0.95,MERGE,smws_code linked to existing whisky_id in production.db (flavor_evidence/promotion_ready),P127.5,MERGE
3.215,Islay,Bowmore,,bddb9ac9-35a3-5f53-9c5c-dcf1f3081c69,Bowmore SMWS 3.215 - SMWS 3.215,0.95,MERGE,smws_code linked to existing whisky_id in production.db (flavor_evidence/promotion_ready),P127.5,MERGE
3.217,Islay,Bowmore,,41299eec-9a5b-53bc-8c94-52ed6139f017,Bowmore SMWS 3.217 - SMWS 3.217,0.95,MERGE,smws_code linked to existing whisky_id in production.db (flavor_evidence/promotion_ready),P127.5,MERGE
3.219,Islay,Lochindaal,,59774bf2-8a22-52ba-ba4c-45a2321293ea,Bowmore SMWS 3.219 - SMWS 3.219,0.95,MERGE,smws_code linked to existing whisky_id in production.db (flavor_evidence/promotion_ready),P127.5,MERGE
3.221,Islay,Bowmore,,cc764bc3-47c4-5780-90bb-246147cbd070,Bowmore SMWS 3.221 - SMWS 3.221,0.95,MERGE,smws_code linked to existing whisky_id in production.db (flavor_evidence/promotion_ready),P127.5,MERGE
3.226,Islay,Bowmore,,a2e5065b-6368-5eab-8613-06393762ff3e,Bowmore SMWS 3.226 - SMWS 3.226,0.95,MERGE,smws_code linked to existing whisky_id in production.db (flavor_evidence/promotion_ready),P127.5,MERGE
3.227,Islay,Bowmore,,7ecbfeb2-478b-5b11-b6d7-23e768d070a7,Bowmore SMWS 3.227 - SMWS 3.227,0.95,MERGE,smws_code linked to existing whisky_id in production.db (flavor_evidence/promotion_ready),P127.5,MERGE
3.229,OLD & DIGNIFIED,Bowmore,,81eda28f-9ccc-5421-a409-d523aa3a6e2a,Bowmore SMWS 3.229 - SMWS 3.229,0.95,MERGE,smws_code linked to existing whisky_id in production.db (flavor_evidence/promotion_ready),P127.5,MERGE
3.234,P E AT E D,Bowmore,,b5f68bce-5f42-59c4-873b-2fbfa0192d68,Bowmore SMWS 3.234 - SMWS 3.234,0.95,MERGE,smws_code linked to existing whisky_id in production.db (flavor_evidence/promotion_ready),P127.5,MERGE
3.235,L I G H T LY P E AT E D,Bowmore,,6173d1c2-a8f7-5a2e-9aef-a6a9dddc8ee0,Bowmore SMWS 3.235 - SMWS 3.235,0.95,MERGE,smws_code linked to existing whisky_id in production.db (flavor_evidence/promotion_ready),P127.5,MERGE
3.238,O I LY & C OA S TA L,Bowmore,,7e2dd5b9-7997-55e0-ba95-2561e478d29d,Bowmore SMWS 3.238 - SMWS 3.238,0.95,MERGE,smws_code linked to existing whisky_id in production.db (flavor_evidence/promotion_ready),P127.5,MERGE
3.241,P E AT E D,Bowmore,,35cca668-e02e-5e6f-9e57-0609cc73d833,Bowmore SMWS 3.241 - SMWS 3.241,0.95,MERGE,smws_code linked to existing whisky_id in production.db (flavor_evidence/promotion_ready),P127.5,MERGE
3.254,O I LY & C OA S TA L,Bowmore,,5e380fac-f8d0-5272-9055-951bb15ca470,Bowmore SMWS 3.254 - SMWS 3.254,0.95,MERGE,smws_code linked to existing whisky_id in production.db (flavor_evidence/promotion_ready),P127.5,MERGE
3.266,PEATED,Bowmore,,dcc896ed-ac13-58d9-b6e5-7a762692414e,Bowmore SMWS 3.266 - SMWS 3.266,0.95,MERGE,smws_code linked to existing whisky_id in production.db (flavor_evidence/promotion_ready),P127.5,MERGE
3.270,OILY & COASTAL,Bowmore,,f8de9132-49dc-5638-acae-f78c8e6986e2,Bowmore SMWS 3.270 - SMWS 3.270,0.95,MERGE,smws_code linked to existing whisky_id in production.db (flavor_evidence/promotion_ready),P127.5,MERGE
3.274,LIGHTLY PEATED,Bowmore,,02c1442c-b077-50ba-80f2-17d811a6d0d2,Bowmore SMWS 3.274 - SMWS 3.274,0.95,MERGE,smws_code linked to existing whisky_id in production.db (flavor_evidence/promotion_ready),P127.5,MERGE
3.87,Old Boat Varnish and Very Smoky,Bowmore,,5d3f8399-d8ce-5f0a-b597-db701aefb0f6,Bowmore SMWS 3.87 - Old Boat Varnish and Very Smoky,0.95,MERGE,smws_code linked to existing whisky_id in production.db (flavor_evidence/promotion_ready),P127.5,MERGE
3.97,No Water Required,Bowmore,,0b9d77e4-659a-59ee-a1a0-c30bc035b351,Bowmore SMWS 3.97 - No Water Required,0.95,MERGE,smws_code linked to existing whisky_id in production.db (flavor_evidence/promotion_ready),P127.5,MERGE
3.98,An Islay Sweetie,Bowmore,,ba40e478-5e37-5261-aa3b-e60ef1448470,Bowmore SMWS 3.98 - An Islay Sweetie,0.95,MERGE,smws_code linked to existing whisky_id in production.db (flavor_evidence/promotion_ready),P127.5,MERGE
4.103,Summer in the Isles,Highland Park,,48b76d49-3cea-56bb-a5ea-02af7c181389,Highland Park SMWS 4.103 - Summer in the Isles,0.95,MERGE,smws_code linked to existing whisky_id in production.db (flavor_evidence/promotion_ready),P127.5,MERGE
4.107,Toffee and the Phantom Beefsteak,Highland Park,,6037a55b-ec66-55f7-9e17-b482a403e7e0,Highland Park SMWS 4.107 - Toffee and the Phantom Beefsteak,0.95,MERGE,smws_code linked to existing whisky_id in production.db (flavor_evidence/promotion_ready),P127.5,MERGE
4.114,Coastal Delight,Highland Park,,88035bdd-884f-5488-93f8-c1ffb817364f,Highland Park SMWS 4.114 - Coastal Delight,0.95,MERGE,smws_code linked to existing whisky_id in production.db (flavor_evidence/promotion_ready),P127.5,MERGE
4.118,"Smoke, Peat and Orange Marmalade",Highland Park,,e1fa9e80-a79b-5cf2-bc3f-ae380696f7b4,"Highland Park SMWS 4.118 - Smoke, Peat and Orange Marmalade",0.95,MERGE,smws_code linked to existing whisky_id in production.db (flavor_evidence/promotion_ready),P127.5,MERGE
4.120,Sunshine in a Bottle,Highland Park,,aaa43573-8c35-57b3-afd2-0c7a26683263,Highland Park SMWS 4.120 - Sunshine in a Bottle,0.95,MERGE,smws_code linked to existing whisky_id in production.db (flavor_evidence/promotion_ready),P127.5,MERGE
4.135,"Highlands, Orkney",Highland Park,,e074f3a3-e799-5203-8cec-b965bf913e62,Highland Park SMWS 4.135 - SMWS 4.135,0.95,MERGE,smws_code linked to existing whisky_id in production.db (flavor_evidence/promotion_ready),P127.5,MERGE
4.137,"Highlands, Orkney",Highland Park,,80bacdff-f9e4-5dca-b90b-8c7670b35587,Highland Park SMWS 4.137 - Oooh!,0.95,MERGE,smws_code linked to existing whisky_id in production.db (flavor_evidence/promotion_ready),P127.5,MERGE
4.138,"Highlands, Orkney",Highland Park,,52a9c5a9-a1f9-5b8c-975b-4d04ccb82290,"Highland Park SMWS 4.138 - a
  vanilla patisserie",0.95,MERGE,smws_code linked to existing whisky_id in production.db (flavor_evidence/promotion_ready),P127.5,MERGE
4.145,"Highlands, Orkney",Highland Park,,9179c557-8797-5aec-b6d4-15e15e75ef29,Highland Park SMWS 4.145 - SMWS 4.145,0.95,MERGE,smws_code linked to existing whisky_id in production.db (flavor_evidence/promotion_ready),P127.5,MERGE
4.146,"Highlands, Orkney",Highland Park,,d4635d93-bd03-544e-8c28-c6a590c863b4,Highland Park SMWS 4.146 - SMWS 4.146,0.95,MERGE,smws_code linked to existing whisky_id in production.db (flavor_evidence/promotion_ready),P127.5,MERGE
4.148,"Highland, Orkney",Highland Park,,325e83db-d4dc-552e-8493-7ffbeeb467b3,"Highland Park SMWS 4.148 - chip shop brown
sauce",0.95,MERGE,smws_code linked to existing whisky_id in production.db (flavor_evidence/promotion_ready),P127.5,MERGE
4.151,"Highlands, Orkney",Highland Park,,1f9e358e-e702-5cdb-83fd-1f502379b020,Highland Park SMWS 4.151 - SMWS 4.151,0.95,MERGE,smws_code linked to existing whisky_id in production.db (flavor_evidence/promotion_ready),P127.5,MERGE
4.153,"Highlands, Orkney",Highland Park,,1dc7c9b6-7d88-53d4-995d-578b398fca2e,Highland Park SMWS 4.153 - SMWS 4.153,0.95,MERGE,smws_code linked to existing whisky_id in production.db (flavor_evidence/promotion_ready),P127.5,MERGE
4.156,"Highland, Island",Highland Park,,4f363859-6736-5a47-a78b-caac43bd7035,Highland Park SMWS 4.156 - SMWS 4.156,0.95,MERGE,smws_code linked to existing whisky_id in production.db (flavor_evidence/promotion_ready),P127.5,MERGE
4.160,"Highland, Island",Highland Park,,507f6bdb-bf78-5c19-a6e0-8e622b2c2d84,Highland Park SMWS 4.160 - SMWS 4.160,0.95,MERGE,smws_code linked to existing whisky_id in production.db (flavor_evidence/promotion_ready),P127.5,MERGE
4.162,"Highland, Island",Highland Park,,f865b05e-a649-5ff1-881a-50c2031c7d80,Highland Park SMWS 4.162 - SMWS 4.162,0.95,MERGE,smws_code linked to existing whisky_id in production.db (flavor_evidence/promotion_ready),P127.5,MERGE
4.163,"Highland, Island",Highland Park,,fbcd8b02-6ff3-56a1-be42-a40619a610d7,Highland Park SMWS 4.163 - SMWS 4.163,0.95,MERGE,smws_code linked to existing whisky_id in production.db (flavor_evidence/promotion_ready),P127.5,MERGE
4.164,"Highland, Island",Highland Park,,ab161ef7-6f6b-5d3f-9a75-e79e5499d601,Highland Park SMWS 4.164 - SMWS 4.164,0.95,MERGE,smws_code linked to existing whisky_id in production.db (flavor_evidence/promotion_ready),P127.5,MERGE
4.169,"Highland, Island",Highland Park,,99abf37a-b1ed-5d55-8566-1a41089efd55,Highland Park SMWS 4.169 - SMWS 4.169,0.95,MERGE,smws_code linked to existing whisky_id in production.db (flavor_evidence/promotion_ready),P127.5,MERGE
4.171,"Highland, Island",Highland Park,,47003c2d-9022-52e2-9a2a-900c3621db60,Highland Park SMWS 4.171 - SMWS 4.171,0.95,MERGE,smws_code linked to existing whisky_id in production.db (flavor_evidence/promotion_ready),P127.5,MERGE
4.172,"Highland, Island",Highland Park,,61607d8a-3b83-568b-9104-f97ed19300d0,Highland Park SMWS 4.172 - SMWS 4.172,0.95,MERGE,smws_code linked to existing whisky_id in production.db (flavor_evidence/promotion_ready),P127.5,MERGE
4.175,"Highland, Island",Highland Park,,d0392b30-9774-550c-bad5-3f6747f85d1f,Highland Park SMWS 4.175 - SMWS 4.175,0.95,MERGE,smws_code linked to existing whisky_id in production.db (flavor_evidence/promotion_ready),P127.5,MERGE
4.178,"Highland, Island",Highland Park,,01813d48-182c-5cec-8f43-ea9c0ee144d2,Highland Park SMWS 4.178 - SMWS 4.178,0.95,MERGE,smws_code linked to existing whisky_id in production.db (flavor_evidence/promotion_ready),P127.5,MERGE
4.183,"Highland, Island",Highland Park,,56b0ecd5-b248-5c08-8b28-1e604adedd99,Highland Park SMWS 4.183 - SMWS 4.183,0.95,MERGE,smws_code linked to existing whisky_id in production.db (flavor_evidence/promotion_ready),P127.5,MERGE
4.188,"Highland, Island",Highland Park,,539c547d-92cd-5ec2-8edf-49b2dd3f1d91,Highland Park SMWS 4.188 - SMWS 4.188,0.95,MERGE,smws_code linked to existing whisky_id in production.db (flavor_evidence/promotion_ready),P127.5,MERGE
4.190,"Highland, Island",Highland Park,,605431d1-f644-5dcc-a88f-17f23ac53b0b,Highland Park SMWS 4.190 - SMWS 4.190,0.95,MERGE,smws_code linked to existing whisky_id in production.db (flavor_evidence/promotion_ready),P127.5,MERGE
4.191,"Highland, Island",Highland Park,,0632580d-de61-55e7-8409-0b5599cd561e,Highland Park SMWS 4.191 - SMWS 4.191,0.95,MERGE,smws_code linked to existing whisky_id in production.db (flavor_evidence/promotion_ready),P127.5,MERGE
4.197,"Highland, Island",Highland Park,,18f2a337-d292-520a-914c-6eaa255f71c9,Highland Park SMWS 4.197 - SMWS 4.197,0.95,MERGE,smws_code linked to existing whisky_id in production.db (flavor_evidence/promotion_ready),P127.5,MERGE
4.203,YO U N G & S P R I T E LY,Highland Park,,52ffae21-8045-5292-8d7a-c742b0b72196,Highland Park SMWS 4.203 - SMWS 4.203,0.95,MERGE,smws_code linked to existing whisky_id in production.db (flavor_evidence/promotion_ready),P127.5,MERGE
4.207,O I LY & C OA S TA L,Highland Park,,77954d9a-d5cc-57c0-aa4b-e7a982e80b3f,Highland Park SMWS 4.207 - SMWS 4.207,0.95,MERGE,smws_code linked to existing whisky_id in production.db (flavor_evidence/promotion_ready),P127.5,MERGE
4.211,O I LY & C OA S TA L,Highland Park,,c4765adf-d4d7-533f-a257-85d99269bf8b,Highland Park SMWS 4.211 - SMWS 4.211,0.95,MERGE,smws_code linked to existing whisky_id in production.db (flavor_evidence/promotion_ready),P127.5,MERGE
4.216,LIGHT & DELICATE,Highland Park,,4db5a47f-a3fa-559f-896f-25c1902824b7,Highland Park SMWS 4.216 - SMWS 4.216,0.95,MERGE,smws_code linked to existing whisky_id in production.db (flavor_evidence/promotion_ready),P127.5,MERGE
4.217,OILY & COASTAL,Highland Park,,1fba5a7a-64ea-5518-bc5d-f16029813fdb,Highland Park SMWS 4.217 - SMWS 4.217,0.95,MERGE,smws_code linked to existing whisky_id in production.db (flavor_evidence/promotion_ready),P127.5,MERGE
4.218,SPICY & SWEET,Highland Park,,463e6420-c042-5467-8a93-9d86c0640425,Highland Park SMWS 4.218 - SMWS 4.218,0.95,MERGE,smws_code linked to existing whisky_id in production.db (flavor_evidence/promotion_ready),P127.5,MERGE
4.96,"Toffee, Fudge and a Touch of Smoke",Highland Park,,9fdd5383-121f-5566-973a-36d04d95a068,"Highland Park SMWS 4.96 - Toffee, Fudge and a Touch of Smoke",0.95,MERGE,smws_code linked to existing whisky_id in production.db (flavor_evidence/promotion_ready),P127.5,MERGE
5.28,"Lowlands, Western Lowlands",Aberlour,,1d39566b-4dfb-5b09-b1de-58725679f648,Auchentoshan SMWS 5.28 - SMWS 5.28,0.95,MERGE,smws_code linked to existing whisky_id in production.db (flavor_evidence/promotion_ready),P127.5,MERGE
5.33,"Lowlands, Western Lowlands",Aberlour,,2ee98027-889e-5d6f-bf3f-8963e0093546,Auchentoshan SMWS 5.33 - SMWS 5.33,0.95,MERGE,smws_code linked to existing whisky_id in production.db (flavor_evidence/promotion_ready),P127.5,MERGE
5.35,"Lowlands, Western Lowlands",Aberlour,,9d360b99-ea16-5ce8-b2bc-23afa6f5fae2,Auchentoshan SMWS 5.35 - SMWS 5.35,0.95,MERGE,smws_code linked to existing whisky_id in production.db (flavor_evidence/promotion_ready),P127.5,MERGE
5.36,Lowland,Aberlour,,9cff7a12-1565-5738-bc82-65b68a36d95a,Auchentoshan SMWS 5.36 - SMWS 5.36,0.95,MERGE,smws_code linked to existing whisky_id in production.db (flavor_evidence/promotion_ready),P127.5,MERGE
5.38,Lowland,Aberlour,,72edfaa3-ffdc-5814-ab91-5470d61a38aa,Auchentoshan SMWS 5.38 - SMWS 5.38,0.95,MERGE,smws_code linked to existing whisky_id in production.db (flavor_evidence/promotion_ready),P127.5,MERGE
5.40,Lowland,Aberlour,,460c18d5-bf31-5734-b56d-298b407cc7da,Auchentoshan SMWS 5.40 - SMWS 5.40,0.95,MERGE,smws_code linked to existing whisky_id in production.db (flavor_evidence/promotion_ready),P127.5,MERGE
5.47,"SW E E T, F R U I T Y & M E L LOW",Aberlour,,def19358-bdfa-5209-a6bb-86299e561d10,Auchentoshan SMWS 5.47 - SMWS 5.47,0.95,MERGE,smws_code linked to existing whisky_id in production.db (flavor_evidence/promotion_ready),P127.5,MERGE
5.48,"DEEP, RICH & DRIED FRUITS",Aberlour,,881baad2-7b08-54a4-ac2f-67d0c35f93af,Auchentoshan SMWS 5.48 - SMWS 5.48,0.95,MERGE,smws_code linked to existing whisky_id in production.db (flavor_evidence/promotion_ready),P127.5,MERGE
5.49,"JUICY, OAK & VANILLA",Aberlour,,fd9965cc-f6be-5065-aa7e-710399f0afee,Auchentoshan SMWS 5.49 - SMWS 5.49,0.95,MERGE,smws_code linked to existing whisky_id in production.db (flavor_evidence/promotion_ready),P127.5,MERGE
6.23,"Highlands, Speyside (Deveron)",Tullibardine,,b94ec1af-e421-5f11-ab3f-0d6bdc9cfa42,Macduff SMWS 6.23 - old man,0.95,MERGE,smws_code linked to existing whisky_id in production.db (flavor_evidence/promotion_ready),P127.5,MERGE
7.100,"Speyside, Lossie",Longmorn,,a08082c5-da56-5cab-a819-f1a45681b223,Longmorn SMWS 7.100 - SMWS 7.100,0.95,MERGE,smws_code linked to existing whisky_id in production.db (flavor_evidence/promotion_ready),P127.5,MERGE
7.101,"Speyside, Lossie",Longmorn,,5ddf0fa2-a15e-5f5f-9a51-c4ccc3fb0189,Longmorn SMWS 7.101 - SMWS 7.101,0.95,MERGE,smws_code linked to existing whisky_id in production.db (flavor_evidence/promotion_ready),P127.5,MERGE
7.103,"Speyside, Lossie",Longmorn,,4f2810a6-5206-5ea0-9716-c798a2e3c8e1,Longmorn SMWS 7.103 - SMWS 7.103,0.95,MERGE,smws_code linked to existing whisky_id in production.db (flavor_evidence/promotion_ready),P127.5,MERGE
7.109,"Speyside, Lossie",Longmorn,,15f954f0-63dc-5aa5-8ce9-be3fef6414c1,Longmorn SMWS 7.109 - SMWS 7.109,0.95,MERGE,smws_code linked to existing whisky_id in production.db (flavor_evidence/promotion_ready),P127.5,MERGE
7.111,"Speyside, Lossie",Longmorn,,9173fc7c-8e53-59c7-a590-536def6d65e4,Longmorn SMWS 7.111 - SMWS 7.111,0.95,MERGE,smws_code linked to existing whisky_id in production.db (flavor_evidence/promotion_ready),P127.5,MERGE
7.29,A Devine Spirit,Longmorn,,1d7003ff-3292-5775-bc19-8d6beb7f95c0,Longmorn SMWS 7.29 - A Devine Spirit,0.95,MERGE,smws_code linked to existing whisky_id in production.db (flavor_evidence/promotion_ready),P127.5,MERGE
7.39,A private membership club,Benriach,,848f0045-74af-53ee-935b-e25e98760ca2,Longmorn SMWS 7.39 - Just Amazing,0.95,MERGE,smws_code linked to existing whisky_id in production.db (flavor_evidence/promotion_ready),P127.5,MERGE
7.47,Church Pews and Tobacco,Longmorn,,9c7b5716-5970-55c8-bb60-05a13d2312ed,Longmorn SMWS 7.47 - Church Pews and Tobacco,0.95,MERGE,smws_code linked to existing whisky_id in production.db (flavor_evidence/promotion_ready),P127.5,MERGE
7.53,"Highlands, Speyside (Lossie)",Longmorn,,6443f5b5-8abd-511b-98c8-fa381b6f3bbc,"Longmorn SMWS 7.53 - Nutty
 characters",0.95,MERGE,smws_code linked to existing whisky_id in production.db (flavor_evidence/promotion_ready),P127.5,MERGE
7.77,"Speyside, Lossie",Longmorn,,76f7ef6f-0e2b-5c38-8345-f52674017939,Longmorn SMWS 7.77 - SMWS 7.77,0.95,MERGE,smws_code linked to existing whisky_id in production.db (flavor_evidence/promotion_ready),P127.5,MERGE
7.80,"Speyside, Lossie",Longmorn,,0da48c20-08fd-5ba8-9a80-2a0d64b06a64,Longmorn SMWS 7.80 - SMWS 7.80,0.95,MERGE,smws_code linked to existing whisky_id in production.db (flavor_evidence/promotion_ready),P127.5,MERGE
7.85,"Speyside, Lossie",Longmorn,,997f0a5e-b3f5-58e0-ac91-7cb6108a8e0f,Longmorn SMWS 7.85 - SMWS 7.85,0.95,MERGE,smws_code linked to existing whisky_id in production.db (flavor_evidence/promotion_ready),P127.5,MERGE
7.89,"Speyside, Lossie",Longmorn,,603361f9-a081-5e15-86ae-29a3863bbf57,Longmorn SMWS 7.89 - SMWS 7.89,0.95,MERGE,smws_code linked to existing whisky_id in production.db (flavor_evidence/promotion_ready),P127.5,MERGE
7.93,"Speyside, Lossie",Benriach,,f8d9a3db-10da-5584-9764-dc3aa0f2d074,Longmorn SMWS 7.93 - SMWS 7.93,0.95,MERGE,smws_code linked to existing whisky_id in production.db (flavor_evidence/promotion_ready),P127.5,MERGE
7.94,"Speyside, Lossie",Longmorn,,bac17ee6-ba73-5d9b-a9ba-b259420ef1e7,Longmorn SMWS 7.94 - SMWS 7.94,0.95,MERGE,smws_code linked to existing whisky_id in production.db (flavor_evidence/promotion_ready),P127.5,MERGE
7.97,"Speyside, Lossie",Longmorn,,085b02c9-ff1e-5311-9b20-b12c22a6eaae,Longmorn SMWS 7.97 - SMWS 7.97,0.95,MERGE,smws_code linked to existing whisky_id in production.db (flavor_evidence/promotion_ready),P127.5,MERGE
7.98,"Speyside, Lossie",Longmorn,,9d19f57d-5f19-527e-a2ca-b04899fc0746,Longmorn SMWS 7.98 - SMWS 7.98,0.95,MERGE,smws_code linked to existing whisky_id in production.db (flavor_evidence/promotion_ready),P127.5,MERGE
8.42,Fruity,Aberfeldy,,c3dce1c4-9531-51fe-b1b6-0b2edc1a5e7d,Tamdhu SMWS 8.42 - Fruity,0.95,MERGE,smws_code linked to existing whisky_id in production.db (flavor_evidence/promotion_ready),P127.5,MERGE
9.47,"Highlands, Speyside (Rothes)",Loch Lomond,,1d6101de-f1a8-5767-9f46-789a3117d799,"Glen Grant SMWS 9.47 - creamy rice pudding, dusted with gold leaf
and ground ginger",0.95,MERGE,smws_code linked to existing whisky_id in production.db (flavor_evidence/promotion_ready),P127.5,MERGE
9.57,"Highlands, Speyside (Rothes)",Loch Lomond,,d0bf10ba-7a56-5074-b833-08e374cec988,Glen Grant SMWS 9.57 - seduction whisky,0.95,MERGE,smws_code linked to existing whisky_id in production.db (flavor_evidence/promotion_ready),P127.5,MERGE
9.59,"Highlands, Speyside (Rothes)",Loch Lomond,,0b82dcc4-3f08-5be6-952e-d8b2cac072e3,"Glen Grant SMWS 9.59 - malty

gold dust",0.95,MERGE,smws_code linked to existing whisky_id in production.db (flavor_evidence/promotion_ready),P127.5,MERGE
9.60,"Highlands, Speyside (Rothes)",Loch Lomond,,10e9d25e-fd53-5de8-8ed4-dc2a3d1251cb,Glen Grant SMWS 9.60 - SMWS 9.60,0.95,MERGE,smws_code linked to existing whisky_id in production.db (flavor_evidence/promotion_ready),P127.5,MERGE
9.62,"Speyside, Spey",Loch Lomond,,247ccbeb-08fe-5417-818f-d8091f1c01f1,Glen Grant SMWS 9.62 - SMWS 9.62,0.95,MERGE,smws_code linked to existing whisky_id in production.db (flavor_evidence/promotion_ready),P127.5,MERGE
9.66,"Speyside, Spey",Loch Lomond,,6c1c7820-11cc-5e6e-9370-34fe66ab652f,Glen Grant SMWS 9.66 - SMWS 9.66,0.95,MERGE,smws_code linked to existing whisky_id in production.db (flavor_evidence/promotion_ready),P127.5,MERGE
9.69,"Speyside, Spey",Loch Lomond,,b48c2946-4487-5460-9bf9-67eeba662ea4,Glen Grant SMWS 9.69 - SMWS 9.69,0.95,MERGE,smws_code linked to existing whisky_id in production.db (flavor_evidence/promotion_ready),P127.5,MERGE
9.74,"Speyside, Spey",Loch Lomond,,5f1f39e3-d220-5d4e-81d3-5f211f45b43c,Glen Grant SMWS 9.74 - SMWS 9.74,0.95,MERGE,smws_code linked to existing whisky_id in production.db (flavor_evidence/promotion_ready),P127.5,MERGE
9.76,"Speyside, Spey",Loch Lomond,,cd376a51-6ca5-5f5a-9e66-10b97d79c4f4,Glen Grant SMWS 9.76 - SMWS 9.76,0.95,MERGE,smws_code linked to existing whisky_id in production.db (flavor_evidence/promotion_ready),P127.5,MERGE
9.78,"Speyside, Spey",Loch Lomond,,271312f3-d211-5822-a9f1-eb952a70c92b,Glen Grant SMWS 9.78 - SMWS 9.78,0.95,MERGE,smws_code linked to existing whisky_id in production.db (flavor_evidence/promotion_ready),P127.5,MERGE
9.79,"Speyside, Spey",Loch Lomond,,e31a77ba-fd9e-5527-8b32-bfb221e39fdc,Glen Grant SMWS 9.79 - SMWS 9.79,0.95,MERGE,smws_code linked to existing whisky_id in production.db (flavor_evidence/promotion_ready),P127.5,MERGE
9.84,"Speyside, Spey",Loch Lomond,,1ebbdb55-ef1e-5cb4-a3e1-212a505d50e3,Glen Grant SMWS 9.84 - SMWS 9.84,0.95,MERGE,smws_code linked to existing whisky_id in production.db (flavor_evidence/promotion_ready),P127.5,MERGE
10.75,"Islay, North Shore",North,,3e811c2f-4fe1-5cd1-8474-2eeac5fdd9fa,Bunnahabhain SMWS 10.75 - SMWS 10.75,0.95,MERGE,smws_code linked to existing whisky_id in production.db (flavor_evidence/promotion_ready),P127.5,MERGE
10.76,Islay,Ben Nevis,,63c13200-4827-547d-9592-5a9864db6374,Bunnahabhain SMWS 10.76 - SMWS 10.76,0.95,MERGE,smws_code linked to existing whisky_id in production.db (flavor_evidence/promotion_ready),P127.5,MERGE
10.77,Islay,Ben Nevis,,52bef5e6-a5a3-5e3d-b5b9-94d7768fbd42,Bunnahabhain SMWS 10.77 - SMWS 10.77,0.95,MERGE,smws_code linked to existing whisky_id in production.db (flavor_evidence/promotion_ready),P127.5,MERGE
10.81,O I LY & C OA S TA L,Ben Nevis,,62ae6332-c805-5bbb-b9da-caadffc0febf,Bunnahabhain SMWS 10.81 - SMWS 10.81,0.95,MERGE,smws_code linked to existing whisky_id in production.db (flavor_evidence/promotion_ready),P127.5,MERGE
10.85,"DEEP, RICH & DRIED FRUITS",Ben Nevis,,bfb56a35-b717-5916-8048-294f0e5587f9,Bunnahabhain SMWS 10.85 - SMWS 10.85,0.95,MERGE,smws_code linked to existing whisky_id in production.db (flavor_evidence/promotion_ready),P127.5,MERGE
10.87,YO U N G & S P R I T E LY,Ben Nevis,,833d99e1-858a-5b8c-b999-517e04bb7707,Bunnahabhain SMWS 10.87 - SMWS 10.87,0.95,MERGE,smws_code linked to existing whisky_id in production.db (flavor_evidence/promotion_ready),P127.5,MERGE
10.88,P E AT E D,Ben Nevis,,095ed3f1-39f5-5ffa-8aee-268daa1be826,Bunnahabhain SMWS 10.88 - SMWS 10.88,0.95,MERGE,smws_code linked to existing whisky_id in production.db (flavor_evidence/promotion_ready),P127.5,MERGE
10.92,P E AT E D,Ben Nevis,,dc70b562-1159-5c0a-a834-ff0ed313a132,Bunnahabhain SMWS 10.92 - SMWS 10.92,0.95,MERGE,smws_code linked to existing whisky_id in production.db (flavor_evidence/promotion_ready),P127.5,MERGE
10.99,PEATED,Ben Nevis,,6bfcd3a9-d5a1-58bd-b708-1f03078d66c1,Bunnahabhain SMWS 10.99 - SMWS 10.99,0.95,MERGE,smws_code linked to existing whisky_id in production.db (flavor_evidence/promotion_ready),P127.5,MERGE
100.12,"J U I C Y, OA K & VA N I L L A",,,4b3de087-6462-5231-a3d5-5f36575d60c2,Strathmill SMWS 100.12 - SMWS 100.12,0.95,MERGE,smws_code linked to existing whisky_id in production.db (flavor_evidence/promotion_ready),P127.5,MERGE
100.12,"J U I C Y, OA K & VA N I L L A",,,4b3de087-6462-5231-a3d5-5f36575d60c2,Strathmill SMWS 100.12 - SMWS 100.12,0.95,MERGE,smws_code linked to existing whisky_id in production.db (flavor_evidence/promotion_ready),P127.5,MERGE
13.44,"Highlands, Northern Highlands",Caperdonich,,00bf2de7-aa9f-56c5-9bad-251e9ef209d7,Dalmore SMWS 13.44 - What a stoater!,0.95,MERGE,smws_code linked to existing whisky_id in production.db (flavor_evidence/promotion_ready),P127.5,MERGE
13.47,SPICY & SWEET,Caperdonich,,5f0a3cd8-1703-581f-bc4f-9c935c333d8a,Dalmore SMWS 13.47 - SMWS 13.47,0.95,MERGE,smws_code linked to existing whisky_id in production.db (flavor_evidence/promotion_ready),P127.5,MERGE
16.30,"Highlands, Eastern Highlands",Glen Spey,,e9e53564-8947-5707-a819-fc8330a7aa9f,Glenturret SMWS 16.30 - SMWS 16.30,0.95,MERGE,smws_code linked to existing whisky_id in production.db (flavor_evidence/promotion_ready),P127.5,MERGE
16.32,"Highlands, Eastern Highlands",Glen Spey,,6deb1e12-ebe1-517a-beef-f215484a59db,Glenturret SMWS 16.32 - SMWS 16.32,0.95,MERGE,smws_code linked to existing whisky_id in production.db (flavor_evidence/promotion_ready),P127.5,MERGE
17.32,"Highlands, Orkney",Scapa,,438c8685-481e-5fb3-ab5d-4e6a851e9d24,Scapa SMWS 17.32 - SMWS 17.32,0.95,MERGE,smws_code linked to existing whisky_id in production.db (flavor_evidence/promotion_ready),P127.5,MERGE
17.35,"Highland, Island",Scapa,,c689f2f3-bf99-50a5-ad12-b79b75e11892,Scapa SMWS 17.35 - SMWS 17.35,0.95,MERGE,smws_code linked to existing whisky_id in production.db (flavor_evidence/promotion_ready),P127.5,MERGE
21.25,Peaches and soft toffee,Macallan,,a003e793-e244-55be-849d-627ccd0f169b,Glenglassaugh SMWS 21.25 - SMWS 21.25,0.95,MERGE,smws_code linked to existing whisky_id in production.db (flavor_evidence/promotion_ready),P127.5,MERGE
22.23,A Lively Brunch Dram,Glendullan,,fd7b2a97-d5e8-56f6-b03f-a68591ff085c,Glenkinchie SMWS 22.23 - A Lively Brunch Dram,0.95,MERGE,smws_code linked to existing whisky_id in production.db (flavor_evidence/promotion_ready),P127.5,MERGE
22.25,"Anytime, anywhere, any-why",Glendullan,,c8e7c7c0-992b-5b2b-8a20-b75ca0b224ca,"Glenkinchie SMWS 22.25 - Anytime, anywhere, any-why",0.95,MERGE,smws_code linked to existing whisky_id in production.db (flavor_evidence/promotion_ready),P127.5,MERGE
22.28,"Lowlands, Eastern Lowlands",Glendullan,,e53e858b-a8f7-5b7e-9fc6-ab1c8bcca7f4,Glenkinchie SMWS 22.28 - SMWS 22.28,0.95,MERGE,smws_code linked to existing whisky_id in production.db (flavor_evidence/promotion_ready),P127.5,MERGE
22.29,"Lowlands, Eastern Lowlands",Glendullan,,cbe45610-b791-5769-84ed-a61a1df71386,Glenkinchie SMWS 22.29 - SMWS 22.29,0.95,MERGE,smws_code linked to existing whisky_id in production.db (flavor_evidence/promotion_ready),P127.5,MERGE
23.39,"Laundry, Violets & a Cinnamon Spiciness",Bruichladdich,,33dfae40-73c8-5be1-a67b-5fb91f3fe9a7,"Bruichladdich SMWS 23.39 - Laundry, Violets & a Cinnamon Spiciness",0.95,MERGE,smws_code linked to existing whisky_id in production.db (flavor_evidence/promotion_ready),P127.5,MERGE
23.51,Something of the Night,Bruichladdich,,3f8a6602-ccaf-5f8b-b348-9ce76750afdf,Bruichladdich SMWS 23.51 - Something of the Night,0.95,MERGE,smws_code linked to existing whisky_id in production.db (flavor_evidence/promotion_ready),P127.5,MERGE
23.62,"Islay, Loch Indaal",Loch,,b5d3c297-c493-5c8f-b5a2-e31d15217c0f,Bruichladdich SMWS 23.62 - SMWS 23.62,0.95,MERGE,smws_code linked to existing whisky_id in production.db (flavor_evidence/promotion_ready),P127.5,MERGE
23.67,"Islay, Loch Indaal",Loch,,af2ffb32-dd5f-5160-953c-301c3f0a5209,Bruichladdich SMWS 23.67 - SMWS 23.67,0.95,MERGE,smws_code linked to existing whisky_id in production.db (flavor_evidence/promotion_ready),P127.5,MERGE
23.70,"Islay, Loch Indaal",Loch,,3b535169-85ca-50a3-bb5e-f3a25d9fbccd,Bruichladdich SMWS 23.70 - SMWS 23.70,0.95,MERGE,smws_code linked to existing whisky_id in production.db (flavor_evidence/promotion_ready),P127.5,MERGE
23.71,Islay,Bruichladdich,,a773ee7d-2049-5dd9-9256-e753b986b2d3,Bruichladdich SMWS 23.71 - SMWS 23.71,0.95,MERGE,smws_code linked to existing whisky_id in production.db (flavor_evidence/promotion_ready),P127.5,MERGE
23.72,"Islay, Loch Indaal",Loch,,fe277e32-849a-5740-86b6-ed4f1765468b,Bruichladdich SMWS 23.72 - SMWS 23.72,0.95,MERGE,smws_code linked to existing whisky_id in production.db (flavor_evidence/promotion_ready),P127.5,MERGE
23.73,Islay,Bruichladdich,,b6f3a48f-b6ce-5d8c-9ed0-9152e8ed1267,Bruichladdich SMWS 23.73 - SMWS 23.73,0.95,MERGE,smws_code linked to existing whisky_id in production.db (flavor_evidence/promotion_ready),P127.5,MERGE
24.96,Scented and Soporific,Macduff,,02a86d9a-5af2-5e4a-bb77-9af6fae9f63d,Macallan SMWS 24.96 - Scented and Soporific,0.95,MERGE,smws_code linked to existing whisky_id in production.db (flavor_evidence/promotion_ready),P127.5,MERGE
24.98,"Succulent Raisin, Figs and Toffee",Macduff,,c3facd38-30f5-5a7f-bfe7-71ae09afa327,"Macallan SMWS 24.98 - Succulent Raisin, Figs and Toffee",0.95,MERGE,smws_code linked to existing whisky_id in production.db (flavor_evidence/promotion_ready),P127.5,MERGE
26.100,"Highland, Northern",Clynelish,,d88b74f9-9f43-5023-ad59-8453fcd1315a,Clynelish SMWS 26.100 - SMWS 26.100,0.95,MERGE,smws_code linked to existing whisky_id in production.db (flavor_evidence/promotion_ready),P127.5,MERGE
26.102,"SW E E T, F R U I T Y & M E L LOW",Clynelish,,271d5220-383f-5b8d-b377-8b5e132554b2,Clynelish SMWS 26.102 - SMWS 26.102,0.95,MERGE,smws_code linked to existing whisky_id in production.db (flavor_evidence/promotion_ready),P127.5,MERGE
26.105,"Highland, Northern",Clynelish,,3b362ac6-c8e3-58a9-9480-ea3bbc64d0cb,Clynelish SMWS 26.105 - SMWS 26.105,0.95,MERGE,smws_code linked to existing whisky_id in production.db (flavor_evidence/promotion_ready),P127.5,MERGE
26.106,"Highland, Northern",Clynelish,,953626cf-c3a9-5f27-a38a-58431d073257,Clynelish SMWS 26.106 - SMWS 26.106,0.95,MERGE,smws_code linked to existing whisky_id in production.db (flavor_evidence/promotion_ready),P127.5,MERGE
26.117,LIGHT & DELICATE,Clynelish,,38037202-7260-5e4c-8573-08b674fa414a,Clynelish SMWS 26.117 - SMWS 26.117,0.95,MERGE,smws_code linked to existing whisky_id in production.db (flavor_evidence/promotion_ready),P127.5,MERGE
26.49,"Oak, Smoke and Liquorice",Clynelish,,62b0665b-f8a0-5e68-a226-9c3cee92b809,"Clynelish SMWS 26.49 - Oak, Smoke and Liquorice",0.95,MERGE,smws_code linked to existing whisky_id in production.db (flavor_evidence/promotion_ready),P127.5,MERGE
26.62,"Highlands, Northern Highlands",Clynelish,,eb520084-b461-5b08-bbb3-15cb5284f20a,"Clynelish SMWS 26.62 - a bear hug from an old
  friend",0.95,MERGE,smws_code linked to existing whisky_id in production.db (flavor_evidence/promotion_ready),P127.5,MERGE
26.65,"Highlands, Northern Highlands",Clynelish,,f940e7e2-2b86-5539-965c-48e17d84caab,Clynelish SMWS 26.65 - SMWS 26.65,0.95,MERGE,smws_code linked to existing whisky_id in production.db (flavor_evidence/promotion_ready),P127.5,MERGE
26.67,"Highlands, Northern Highlands",Clynelish,,937885e0-2c59-5768-ad9b-68d237d8bb44,Clynelish SMWS 26.67 - SMWS 26.67,0.95,MERGE,smws_code linked to existing whisky_id in production.db (flavor_evidence/promotion_ready),P127.5,MERGE
26.80,"Highlands, Northern Highlands",Clynelish,,fee204ef-9f9c-58a7-8869-1abdbe190ae6,Clynelish SMWS 26.80 - SMWS 26.80,0.95,MERGE,smws_code linked to existing whisky_id in production.db (flavor_evidence/promotion_ready),P127.5,MERGE
26.81,"Highlands, Northern Highlands",Clynelish,,656c8b8b-2759-5206-a849-4b19b482e1d8,Clynelish SMWS 26.81 - SMWS 26.81,0.95,MERGE,smws_code linked to existing whisky_id in production.db (flavor_evidence/promotion_ready),P127.5,MERGE
26.84,"Highlands, Northern Highlands",Clynelish,,7c36c5d6-0365-5fc3-b2f8-ecafd7ada20b,Clynelish SMWS 26.84 - SMWS 26.84,0.95,MERGE,smws_code linked to existing whisky_id in production.db (flavor_evidence/promotion_ready),P127.5,MERGE
26.86,"Highland, Northern",Clynelish,,2d1a7d56-7403-5197-b847-040b51e6008e,Clynelish SMWS 26.86 - SMWS 26.86,0.95,MERGE,smws_code linked to existing whisky_id in production.db (flavor_evidence/promotion_ready),P127.5,MERGE
26.87,"Highland, Northern",Clynelish,,1c55b5b8-72e3-5ddc-b78f-5ed4194a22c9,Clynelish SMWS 26.87 - SMWS 26.87,0.95,MERGE,smws_code linked to existing whisky_id in production.db (flavor_evidence/promotion_ready),P127.5,MERGE
26.89,"Highland, Northern",Clynelish,,0bd4089d-4462-582a-a315-cecbf1360c79,Clynelish SMWS 26.89 - SMWS 26.89,0.95,MERGE,smws_code linked to existing whisky_id in production.db (flavor_evidence/promotion_ready),P127.5,MERGE
26.92,"Highland, Northern",Clynelish,,4abe48d8-a74f-5fe1-973c-9dcfb08f7cf0,Clynelish SMWS 26.92 - SMWS 26.92,0.95,MERGE,smws_code linked to existing whisky_id in production.db (flavor_evidence/promotion_ready),P127.5,MERGE
26.95,"Highland, Northern",Clynelish,,c8d18f9b-c6ec-562e-9451-64d67765f277,Clynelish SMWS 26.95 - SMWS 26.95,0.95,MERGE,smws_code linked to existing whisky_id in production.db (flavor_evidence/promotion_ready),P127.5,MERGE
26.97,"Highland, Northern",Clynelish,,674d5c67-6c9c-55cd-91af-ac7ca89bef94,Clynelish SMWS 26.97 - SMWS 26.97,0.95,MERGE,smws_code linked to existing whisky_id in production.db (flavor_evidence/promotion_ready),P127.5,MERGE
26.99,"Highland, Northern",Clynelish,,c237a668-ac1d-5592-ae23-24d77e4e1a32,Clynelish SMWS 26.99 - SMWS 26.99,0.95,MERGE,smws_code linked to existing whisky_id in production.db (flavor_evidence/promotion_ready),P127.5,MERGE
27.110,SPICY & SWEET,Springbank,,1764dc8a-2501-5e70-9d2e-349c78c6a71c,Springbank SMWS 27.110 - SMWS 27.110,0.95,MERGE,smws_code linked to existing whisky_id in production.db (flavor_evidence/promotion_ready),P127.5,MERGE
28.25,"Highland, Southern",Glenburgie,,535e571f-dd40-5900-a939-275b6c7bfa14,Tullibardine SMWS 28.25 - SMWS 28.25,0.95,MERGE,smws_code linked to existing whisky_id in production.db (flavor_evidence/promotion_ready),P127.5,MERGE
28.26,YO U N G & S P R I T E LY,Glenburgie,,7d5208d8-e8f2-5f60-9796-8be168cd91df,Tullibardine SMWS 28.26 - SMWS 28.26,0.95,MERGE,smws_code linked to existing whisky_id in production.db (flavor_evidence/promotion_ready),P127.5,MERGE
28.27,"SW E E T, F R U I T Y & M E L LOW",Glenburgie,,19980adc-80d9-5365-a150-68add5e0b3bf,Tullibardine SMWS 28.27 - SMWS 28.27,0.95,MERGE,smws_code linked to existing whisky_id in production.db (flavor_evidence/promotion_ready),P127.5,MERGE
28.30,SPICY & SWEET,Glenburgie,,824f65ab-ef02-57bd-a02a-e26b772d8033,Tullibardine SMWS 28.30 - SMWS 28.30,0.95,MERGE,smws_code linked to existing whisky_id in production.db (flavor_evidence/promotion_ready),P127.5,MERGE
29.154,Islay,Coleburn,,4b371400-8da6-5055-a3bb-e5572178e52d,Laphroaig SMWS 29.154 - SMWS 29.154,0.95,MERGE,smws_code linked to existing whisky_id in production.db (flavor_evidence/promotion_ready),P127.5,MERGE
29.164,L I G H T LY P E AT E D,Coleburn,,a2792400-9949-53f6-93ab-fb758e061c18,Laphroaig SMWS 29.164 - SMWS 29.164,0.95,MERGE,smws_code linked to existing whisky_id in production.db (flavor_evidence/promotion_ready),P127.5,MERGE
29.165,P E AT E D,Coleburn,,4c2abb3a-be19-578e-b874-e0a8005eaf77,Laphroaig SMWS 29.165 - SMWS 29.165,0.95,MERGE,smws_code linked to existing whisky_id in production.db (flavor_evidence/promotion_ready),P127.5,MERGE
29.171,P E AT E D,Coleburn,,415cab1e-628e-541c-9c9d-a891f95a255b,Laphroaig SMWS 29.171 - SMWS 29.171,0.95,MERGE,smws_code linked to existing whisky_id in production.db (flavor_evidence/promotion_ready),P127.5,MERGE
29.176,P E AT E D,Coleburn,,75c93994-2597-5823-bd00-c5bf988fa2e7,Laphroaig SMWS 29.176 - SMWS 29.176,0.95,MERGE,smws_code linked to existing whisky_id in production.db (flavor_evidence/promotion_ready),P127.5,MERGE
29.179,PEATED,Coleburn,,19a86362-6101-543d-b38a-321fe261e4f6,Laphroaig SMWS 29.179 - SMWS 29.179,0.95,MERGE,smws_code linked to existing whisky_id in production.db (flavor_evidence/promotion_ready),P127.5,MERGE
29.183,H E AV I LY P E AT E D,Coleburn,,1d9be9ee-5bf0-5823-a027-35adea6e3b31,Laphroaig SMWS 29.183 - SMWS 29.183,0.95,MERGE,smws_code linked to existing whisky_id in production.db (flavor_evidence/promotion_ready),P127.5,MERGE
29.190,"DEEP, RICH & DRIED FRUITS",Coleburn,,60044aa8-38fd-5ea6-8655-30420036780c,Laphroaig SMWS 29.190 - SMWS 29.190,0.95,MERGE,smws_code linked to existing whisky_id in production.db (flavor_evidence/promotion_ready),P127.5,MERGE
29.60,Smoke-heads will Die for it,Coleburn,,f1c7dad4-49a1-591b-8873-a426e5aa6bc1,Laphroaig SMWS 29.60 - Smoke-heads will Die for it,0.95,MERGE,smws_code linked to existing whisky_id in production.db (flavor_evidence/promotion_ready),P127.5,MERGE
29.64,"Diesel, Fishing Boats and Engine Smoke",warm,,37b64209-818d-5db8-b702-e4befa51d54e,"Laphroaig SMWS 29.64 - Diesel, Fishing Boats and Engine Smoke",0.95,MERGE,smws_code linked to existing whisky_id in production.db (flavor_evidence/promotion_ready),P127.5,MERGE
29.68,A Match Made in Heaven,Coleburn,,0f01956b-105b-5d7a-aee4-cfcfcee1bf9b,Laphroaig SMWS 29.68 - A Match Made in Heaven,0.95,MERGE,smws_code linked to existing whisky_id in production.db (flavor_evidence/promotion_ready),P127.5,MERGE
29.71,"A Tongue-curling, Wrestler's",Coleburn,,14bf995e-4f44-53a0-950d-fb547b537c26,"Laphroaig SMWS 29.71 - A Tongue-curling, Wrestler's
               Armpit of a Dram",0.95,MERGE,smws_code linked to existing whisky_id in production.db (flavor_evidence/promotion_ready),P127.5,MERGE
29.78,"Islay, South Shore",South,,631f719e-2726-5b69-b272-ca88b906f604,Laphroaig SMWS 29.78 - SMWS 29.78,0.95,MERGE,smws_code linked to existing whisky_id in production.db (flavor_evidence/promotion_ready),P127.5,MERGE
29.79,"Islay, South Shore",South,,1b3b0b6f-62fe-5bde-a822-73bcc7f2d478,Laphroaig SMWS 29.79 - like bashing stones together,0.95,MERGE,smws_code linked to existing whisky_id in production.db (flavor_evidence/promotion_ready),P127.5,MERGE
29.80,"Islay, South Shore",South,,031087b9-d026-59a9-ae43-6a52d8eb36ad,Laphroaig SMWS 29.80 - ironing a chimney sweep's shirt,0.95,MERGE,smws_code linked to existing whisky_id in production.db (flavor_evidence/promotion_ready),P127.5,MERGE
29.82,"Islay, South Shore",South,,71c09f39-7f4f-52b5-9ca3-fa9ce9f320e5,Laphroaig SMWS 29.82 - Something medicinal,0.95,MERGE,smws_code linked to existing whisky_id in production.db (flavor_evidence/promotion_ready),P127.5,MERGE
29.88,"Islay, South Shore",South,,3e599b3c-56e3-55e7-878b-9d3ad09344ee,Laphroaig SMWS 29.88 - SMWS 29.88,0.95,MERGE,smws_code linked to existing whisky_id in production.db (flavor_evidence/promotion_ready),P127.5,MERGE
29.92,"Islay, South Shore",South,,44db02f0-d229-5eb3-ad25-2357b7019d6e,Laphroaig SMWS 29.92 - SMWS 29.92,0.95,MERGE,smws_code linked to existing whisky_id in production.db (flavor_evidence/promotion_ready),P127.5,MERGE
29.97,"Islay, South Shore",South,,a3c6004b-a4ba-5168-88c3-cdb7c8e3c34d,"Laphroaig SMWS 29.97 - wood, smoke, blood",0.95,MERGE,smws_code linked to existing whisky_id in production.db (flavor_evidence/promotion_ready),P127.5,MERGE
30.62,"Highlands, Speyside (Rothes)",,,1a201662-1db2-5a83-b106-cf45e7b24e53,Glenrothes SMWS 30.62 - SMWS 30.62,0.95,MERGE,smws_code linked to existing whisky_id in production.db (flavor_evidence/promotion_ready),P127.5,MERGE
33.114,Islay,,,84732bb1-b1d2-5f89-8803-5833614ecd84,Ardbeg SMWS 33.114 - SMWS 33.114,0.95,MERGE,smws_code linked to existing whisky_id in production.db (flavor_evidence/promotion_ready),P127.5,MERGE
33.115,"Islay, South Shore",South,,52e35574-90b6-5871-bfba-34ee0da64572,Ardbeg SMWS 33.115 - SMWS 33.115,0.95,MERGE,smws_code linked to existing whisky_id in production.db (flavor_evidence/promotion_ready),P127.5,MERGE
33.125,Islay,,,cf60ff5e-1643-54ed-aeff-cf4cf3976182,Ardbeg SMWS 33.125 - SMWS 33.125,0.95,MERGE,smws_code linked to existing whisky_id in production.db (flavor_evidence/promotion_ready),P127.5,MERGE
33.130,Islay,,,fa6c1dee-a4d6-5a4d-9d30-4fd05495ac2e,Ardbeg SMWS 33.130 - SMWS 33.130,0.95,MERGE,smws_code linked to existing whisky_id in production.db (flavor_evidence/promotion_ready),P127.5,MERGE
33.143,SPICY & SWEET,,,42ec3bc6-eb54-58b0-addb-16bbfbc88dfb,Ardbeg SMWS 33.143 - SMWS 33.143,0.95,MERGE,smws_code linked to existing whisky_id in production.db (flavor_evidence/promotion_ready),P127.5,MERGE
35.101,"Speyside, Lossie",,,50b0a8ef-c78a-5168-98e6-797f284bc67d,Glen Moray SMWS 35.101 - SMWS 35.101,0.95,MERGE,smws_code linked to existing whisky_id in production.db (flavor_evidence/promotion_ready),P127.5,MERGE
35.104,"Speyside, Lossie",,,5ce7f1cc-e838-5a71-9eaa-ec48050a18b5,Glen Moray SMWS 35.104 - SMWS 35.104,0.95,MERGE,smws_code linked to existing whisky_id in production.db (flavor_evidence/promotion_ready),P127.5,MERGE
35.106,"Speyside, Lossie",,,d717c486-c25f-5650-a7ba-18d77b72e432,Glen Moray SMWS 35.106 - SMWS 35.106,0.95,MERGE,smws_code linked to existing whisky_id in production.db (flavor_evidence/promotion_ready),P127.5,MERGE
35.109,"Speyside, Lossie",,,605a88b7-4697-510d-af18-bca7f8f17167,Glen Moray SMWS 35.109 - SMWS 35.109,0.95,MERGE,smws_code linked to existing whisky_id in production.db (flavor_evidence/promotion_ready),P127.5,MERGE
35.110,"Speyside, Lossie",,,3e9da869-4dd8-5129-bbb2-bc20342f123a,Glen Moray SMWS 35.110 - SMWS 35.110,0.95,MERGE,smws_code linked to existing whisky_id in production.db (flavor_evidence/promotion_ready),P127.5,MERGE
35.111,"Speyside, Lossie",,,f833e69f-06db-56de-896c-7b9ddbf14793,Glen Moray SMWS 35.111 - SMWS 35.111,0.95,MERGE,smws_code linked to existing whisky_id in production.db (flavor_evidence/promotion_ready),P127.5,MERGE
35.114,"Speyside, Lossie",,,ed89fd8d-d3b6-52aa-9385-843d6c704e96,Glen Moray SMWS 35.114 - SMWS 35.114,0.95,MERGE,smws_code linked to existing whisky_id in production.db (flavor_evidence/promotion_ready),P127.5,MERGE
35.117,"Speyside, Lossie",,,1343ac71-7bb8-53bf-9c1b-e34c20e471d1,Glen Moray SMWS 35.117 - SMWS 35.117,0.95,MERGE,smws_code linked to existing whisky_id in production.db (flavor_evidence/promotion_ready),P127.5,MERGE
35.122,SPICY & SWEET,,,14962f3b-e8ee-549a-9d06-0444aef95d93,Glen Moray SMWS 35.122 - SMWS 35.122,0.95,MERGE,smws_code linked to existing whisky_id in production.db (flavor_evidence/promotion_ready),P127.5,MERGE
35.129,OLD & DIGNIFIED,,,f1249309-f99b-52fe-b723-b8c9ac4b3bc3,Glen Moray SMWS 35.129 - SMWS 35.129,0.95,MERGE,smws_code linked to existing whisky_id in production.db (flavor_evidence/promotion_ready),P127.5,MERGE
35.142,SPICY & SWEET,,,9cdbb726-bf09-5860-868c-98e1a5123ff0,Glen Moray SMWS 35.142 - SMWS 35.142,0.95,MERGE,smws_code linked to existing whisky_id in production.db (flavor_evidence/promotion_ready),P127.5,MERGE
35.143,SPICY & SWEET,,,fce85ca8-cb7f-5afa-9124-b4439b9c6dd8,Glen Moray SMWS 35.143 - SMWS 35.143,0.95,MERGE,smws_code linked to existing whisky_id in production.db (flavor_evidence/promotion_ready),P127.5,MERGE
35.23,A private membership club,,,b4df6f56-6372-505a-a0e0-b7d713924932,Glen Moray SMWS 35.23 - Bloody Mary Delight,0.95,MERGE,smws_code linked to existing whisky_id in production.db (flavor_evidence/promotion_ready),P127.5,MERGE
35.35,"Highlands, Speyside (Lossie)",,,65cdbe24-c4a7-5c16-b450-64417c0568f9,Glen Moray SMWS 35.35 - humungous,0.95,MERGE,smws_code linked to existing whisky_id in production.db (flavor_evidence/promotion_ready),P127.5,MERGE
35.49,"Highlands, Speyside (Lossie)",,,aca26396-0494-5af0-ac2b-ca204cd640ad,Glen Moray SMWS 35.49 - SMWS 35.49,0.95,MERGE,smws_code linked to existing whisky_id in production.db (flavor_evidence/promotion_ready),P127.5,MERGE
35.51,"Highlands, Speyside (Lossie)",,,353b3d23-49a4-5684-a562-91cba32e6018,Glen Moray SMWS 35.51 - SMWS 35.51,0.95,MERGE,smws_code linked to existing whisky_id in production.db (flavor_evidence/promotion_ready),P127.5,MERGE
35.55,"Highlands, Speyside (Lossie)",,,c834e6cf-201e-5c78-b010-be478b018e5c,Glen Moray SMWS 35.55 - SMWS 35.55,0.95,MERGE,smws_code linked to existing whisky_id in production.db (flavor_evidence/promotion_ready),P127.5,MERGE
35.57,"Highlands, Speyside (Lossie)",,,86a1f3f7-e7a6-5c87-9819-61e00054cbd2,Glen Moray SMWS 35.57 - SMWS 35.57,0.95,MERGE,smws_code linked to existing whisky_id in production.db (flavor_evidence/promotion_ready),P127.5,MERGE
35.64,"Speyside, Lossie",,,7f0912de-77f0-5325-a171-243b27dfce41,Glen Moray SMWS 35.64 - SMWS 35.64,0.95,MERGE,smws_code linked to existing whisky_id in production.db (flavor_evidence/promotion_ready),P127.5,MERGE
35.65,"Speyside, Lossie",,,9afa2b83-efff-5b0f-b35a-e6e593a6b12c,Glen Moray SMWS 35.65 - SMWS 35.65,0.95,MERGE,smws_code linked to existing whisky_id in production.db (flavor_evidence/promotion_ready),P127.5,MERGE
35.71,"Speyside, Lossie",,,45f12fdf-f747-5e38-af1b-bed2b6b6ba26,Glen Moray SMWS 35.71 - SMWS 35.71,0.95,MERGE,smws_code linked to existing whisky_id in production.db (flavor_evidence/promotion_ready),P127.5,MERGE
35.81,"Speyside, Lossie",,,2ba5665a-cbc8-5e37-a862-f2bdcd6e1c7f,Glen Moray SMWS 35.81 - SMWS 35.81,0.95,MERGE,smws_code linked to existing whisky_id in production.db (flavor_evidence/promotion_ready),P127.5,MERGE
35.83,"Speyside, Lossie",,,e7a008ba-5147-5e95-bb8f-03c21477c157,Glen Moray SMWS 35.83 - SMWS 35.83,0.95,MERGE,smws_code linked to existing whisky_id in production.db (flavor_evidence/promotion_ready),P127.5,MERGE
35.85,"Speyside, Lossie",,,9c209d83-94ca-588a-9543-1c0d6e96b7be,Glen Moray SMWS 35.85 - SMWS 35.85,0.95,MERGE,smws_code linked to existing whisky_id in production.db (flavor_evidence/promotion_ready),P127.5,MERGE
36.37,An Unusual Personality,,,14b2e951-1feb-51ee-995c-6bcea1f7f7a7,Benrinnes SMWS 36.37 - An Unusual Personality,0.95,MERGE,smws_code linked to existing whisky_id in production.db (flavor_evidence/promotion_ready),P127.5,MERGE
36.46,"Highlands, Speyside",,,6c3b67e2-8cc8-56af-8fd8-b4dc59094e5d,Benrinnes SMWS 36.46 - SMWS 36.46,0.95,MERGE,smws_code linked to existing whisky_id in production.db (flavor_evidence/promotion_ready),P127.5,MERGE
36.49,"Highlands, Speyside",,,27867c46-80ff-5d2f-8543-40156990ab2c,Benrinnes SMWS 36.49 - SMWS 36.49,0.95,MERGE,smws_code linked to existing whisky_id in production.db (flavor_evidence/promotion_ready),P127.5,MERGE
36.54,"Highlands, Speyside",,,d6a833f4-a84c-5766-ba3a-f0703b7a75b9,Benrinnes SMWS 36.54 - SMWS 36.54,0.95,MERGE,smws_code linked to existing whisky_id in production.db (flavor_evidence/promotion_ready),P127.5,MERGE
36.55,"Speyside, Spey",,,4daf421f-9ddf-5d38-bb34-fed03de6764f,Benrinnes SMWS 36.55 - SMWS 36.55,0.95,MERGE,smws_code linked to existing whisky_id in production.db (flavor_evidence/promotion_ready),P127.5,MERGE
36.61,"Speyside, Spey",,,c50f9cd6-5068-5ac0-b2fc-7b1ac82a7704,Benrinnes SMWS 36.61 - SMWS 36.61,0.95,MERGE,smws_code linked to existing whisky_id in production.db (flavor_evidence/promotion_ready),P127.5,MERGE
36.62,"Speyside, Spey",,,90bf1294-089d-5aca-870f-a8900113a7c2,Benrinnes SMWS 36.62 - SMWS 36.62,0.95,MERGE,smws_code linked to existing whisky_id in production.db (flavor_evidence/promotion_ready),P127.5,MERGE
36.67,"Speyside, Spey",,,2925e03e-0de8-52c4-bee4-58345c070f0f,Benrinnes SMWS 36.67 - SMWS 36.67,0.95,MERGE,smws_code linked to existing whisky_id in production.db (flavor_evidence/promotion_ready),P127.5,MERGE
36.68,"Speyside, Spey",,,41eb0894-7a23-5007-9be6-559e8f495df4,Benrinnes SMWS 36.68 - SMWS 36.68,0.95,MERGE,smws_code linked to existing whisky_id in production.db (flavor_evidence/promotion_ready),P127.5,MERGE
36.70,"Speyside, Spey",,,4ba206a5-3c3e-58fb-b5c9-ec8eda6f1013,Benrinnes SMWS 36.70 - SMWS 36.70,0.95,MERGE,smws_code linked to existing whisky_id in production.db (flavor_evidence/promotion_ready),P127.5,MERGE
36.76,"Speyside, Spey",,,2f6a5b3d-100b-543c-b800-625f82a41b10,Benrinnes SMWS 36.76 - SMWS 36.76,0.95,MERGE,smws_code linked to existing whisky_id in production.db (flavor_evidence/promotion_ready),P127.5,MERGE
36.86,"SW E E T, F R U I T Y & M E L LOW",,,0c472ef8-61f0-509f-b944-62256b9b053c,Benrinnes SMWS 36.86 - SMWS 36.86,0.95,MERGE,smws_code linked to existing whisky_id in production.db (flavor_evidence/promotion_ready),P127.5,MERGE
36.87,SPICY & SWEET,,,1b455c7a-cb06-5dd3-b324-39ab0cf63c31,Benrinnes SMWS 36.87 - SMWS 36.87,0.95,MERGE,smws_code linked to existing whisky_id in production.db (flavor_evidence/promotion_ready),P127.5,MERGE
36.96,"JUICY, OAK & VANILLA",,,e7c90679-b948-5d05-8869-ca1720279d6e,Benrinnes SMWS 36.96 - SMWS 36.96,0.95,MERGE,smws_code linked to existing whisky_id in production.db (flavor_evidence/promotion_ready),P127.5,MERGE
37.30,"Rosemary Sprinkled nan Bread,",Cragganmore,,fb8f7cfa-78ee-54dc-8a41-e4b3ca1a7dfb,"Cragganmore SMWS 37.30 - Rosemary Sprinkled nan Bread,
                  with bananas",0.95,MERGE,smws_code linked to existing whisky_id in production.db (flavor_evidence/promotion_ready),P127.5,MERGE
37.33,"Figs, Prunes and Dark Chocolate",Cragganmore,,a5551e4a-7c00-5bae-a95a-58e25cd197ff,"Cragganmore SMWS 37.33 - Figs, Prunes and Dark Chocolate",0.95,MERGE,smws_code linked to existing whisky_id in production.db (flavor_evidence/promotion_ready),P127.5,MERGE
37.45,"Highlands, Speyside",Cragganmore,,2880ac31-0882-5907-895a-677c3a693df0,"Cragganmore SMWS 37.45 - like the best of Thorn-
ton's",0.95,MERGE,smws_code linked to existing whisky_id in production.db (flavor_evidence/promotion_ready),P127.5,MERGE
37.46,"Highlands, Speyside",Cragganmore,,b229f565-dc4d-54bc-b200-19ec15f9bde2,Cragganmore SMWS 37.46 - SMWS 37.46,0.95,MERGE,smws_code linked to existing whisky_id in production.db (flavor_evidence/promotion_ready),P127.5,MERGE
37.48,"Highlands, Speyside",Cragganmore,,2f4512ac-949a-5ad7-831f-6e4184db6bc5,Cragganmore SMWS 37.48 - SMWS 37.48,0.95,MERGE,smws_code linked to existing whisky_id in production.db (flavor_evidence/promotion_ready),P127.5,MERGE
37.50,"Speyside, Spey",Cragganmore,,1a5da3d1-410a-5c83-96dc-1f37711f743d,Cragganmore SMWS 37.50 - SMWS 37.50,0.95,MERGE,smws_code linked to existing whisky_id in production.db (flavor_evidence/promotion_ready),P127.5,MERGE
37.51,"Speyside, Spey",Cragganmore,,21eb6e55-420d-5684-a8cf-b5144075079b,Cragganmore SMWS 37.51 - SMWS 37.51,0.95,MERGE,smws_code linked to existing whisky_id in production.db (flavor_evidence/promotion_ready),P127.5,MERGE
37.54,"Speyside, Spey",Cragganmore,,c70437b7-2004-5aca-9ba6-e43e8d80b345,Cragganmore SMWS 37.54 - SMWS 37.54,0.95,MERGE,smws_code linked to existing whisky_id in production.db (flavor_evidence/promotion_ready),P127.5,MERGE
37.58,"Speyside, Spey",Cragganmore,,ace5d4d2-c540-568c-a0f4-a1dd37104ee6,Cragganmore SMWS 37.58 - SMWS 37.58,0.95,MERGE,smws_code linked to existing whisky_id in production.db (flavor_evidence/promotion_ready),P127.5,MERGE
38.18,"Pepper, Lemon and Smoke",Strathisla,,bfd02fd3-2f68-5494-89f2-8d9f5b3fe69b,"Caperdonich SMWS 38.18 - Pepper, Lemon and Smoke",0.95,MERGE,smws_code linked to existing whisky_id in production.db (flavor_evidence/promotion_ready),P127.5,MERGE
38.19,A private membership club,Glen Grant,,3b9fddcc-d2e8-5b32-b263-19521428b3fb,Caperdonich SMWS 38.19 - Fun Time Whisky,0.95,MERGE,smws_code linked to existing whisky_id in production.db (flavor_evidence/promotion_ready),P127.5,MERGE
38.20,"Highlands, Speyside (Rothes)",Strathisla,,87258de8-1942-558a-8918-53377ccb7bce,Caperdonich SMWS 38.20 - SMWS 38.20,0.95,MERGE,smws_code linked to existing whisky_id in production.db (flavor_evidence/promotion_ready),P127.5,MERGE
38.21,"Highlands, Speyside (Rothes)",Glen Grant,,9cf39599-6bc3-555c-8a87-75fc94c81667,Caperdonich SMWS 38.21 - SMWS 38.21,0.95,MERGE,smws_code linked to existing whisky_id in production.db (flavor_evidence/promotion_ready),P127.5,MERGE
39.104,SPICY & SWEET,Strathmill,,1aedd086-0004-5f82-be3f-ac59e247b290,Linkwood SMWS 39.104 - SMWS 39.104,0.95,MERGE,smws_code linked to existing whisky_id in production.db (flavor_evidence/promotion_ready),P127.5,MERGE
39.110,SPICY & DRY,Strathmill,,89605e03-9f1d-56d7-a05f-d5715b3ee7d2,Linkwood SMWS 39.110 - SMWS 39.110,0.95,MERGE,smws_code linked to existing whisky_id in production.db (flavor_evidence/promotion_ready),P127.5,MERGE
39.57,A private membership club,Strathmill,,503ce28c-d1ed-54e5-aba5-eeb9bd1d271b,Linkwood SMWS 39.57 - Urbane and Demure,0.95,MERGE,smws_code linked to existing whisky_id in production.db (flavor_evidence/promotion_ready),P127.5,MERGE
39.71,"Highlands, Speyside (Lossie)",Strathmill,,5d7620b8-8700-5341-8367-bdfc4c989ad4,"Linkwood SMWS 39.71 - Ah yes,",0.95,MERGE,smws_code linked to existing whisky_id in production.db (flavor_evidence/promotion_ready),P127.5,MERGE
39.75,"Highlands, Speyside (Lossie)",Strathmill,,4e6807e5-e7c8-5446-be82-a46029dbc2e3,Linkwood SMWS 39.75 - SMWS 39.75,0.95,MERGE,smws_code linked to existing whisky_id in production.db (flavor_evidence/promotion_ready),P127.5,MERGE
39.81,"Highlands, Speyside (Lossie)",Strathmill,,3c154b07-aca5-59ce-a677-a29b043b961a,"Linkwood SMWS 39.81 - honeysuckle by a
    garden gate",0.95,MERGE,smws_code linked to existing whisky_id in production.db (flavor_evidence/promotion_ready),P127.5,MERGE
39.83,"Highlands, Speyside (Lossie)",Strathmill,,96cb248e-106e-5cc5-aad7-a2e5f389bd62,Linkwood SMWS 39.83 - SMWS 39.83,0.95,MERGE,smws_code linked to existing whisky_id in production.db (flavor_evidence/promotion_ready),P127.5,MERGE
39.84,"Speyside, Lossie",Strathmill,,32be3d9b-413c-5cfc-a053-d8dbab8bcd60,Linkwood SMWS 39.84 - SMWS 39.84,0.95,MERGE,smws_code linked to existing whisky_id in production.db (flavor_evidence/promotion_ready),P127.5,MERGE
39.89,"Speyside, Lossie",Strathmill,,5a823447-dca9-5d25-a2f0-edda49de4929,Linkwood SMWS 39.89 - SMWS 39.89,0.95,MERGE,smws_code linked to existing whisky_id in production.db (flavor_evidence/promotion_ready),P127.5,MERGE
39.92,"Speyside, Lossie",Strathmill,,55a30f70-fd7e-5772-acce-9b00a08956ca,Linkwood SMWS 39.92 - SMWS 39.92,0.95,MERGE,smws_code linked to existing whisky_id in production.db (flavor_evidence/promotion_ready),P127.5,MERGE
39.93,"Speyside, Lossie",Strathmill,,adb7699c-9e1c-53fb-a00a-f42b32d75885,Linkwood SMWS 39.93 - SMWS 39.93,0.95,MERGE,smws_code linked to existing whisky_id in production.db (flavor_evidence/promotion_ready),P127.5,MERGE
39.94,"Speyside, Lossie",Strathmill,,1fb8afd9-e89a-5435-8bcf-3ad839088a2b,Linkwood SMWS 39.94 - SMWS 39.94,0.95,MERGE,smws_code linked to existing whisky_id in production.db (flavor_evidence/promotion_ready),P127.5,MERGE
39.95,"Speyside, Lossie",Strathmill,,54f8070c-a704-56c2-928b-ab0ca9731805,Linkwood SMWS 39.95 - SMWS 39.95,0.95,MERGE,smws_code linked to existing whisky_id in production.db (flavor_evidence/promotion_ready),P127.5,MERGE
39.98,"SW E E T, F R U I T Y & M E L LOW",Strathmill,,6efe3504-3026-5aa6-ad5a-aa317e561375,Linkwood SMWS 39.98 - SMWS 39.98,0.95,MERGE,smws_code linked to existing whisky_id in production.db (flavor_evidence/promotion_ready),P127.5,MERGE
39.99,"DEEP, RICH & DRIED FRUITS",Strathmill,,859e54f2-410c-5b36-925c-5edd44d347f1,Linkwood SMWS 39.99 - SMWS 39.99,0.95,MERGE,smws_code linked to existing whisky_id in production.db (flavor_evidence/promotion_ready),P127.5,MERGE
41.43,"Highlands, Speyside",Dailuaine,,f436ba72-8ca2-5aaf-82e6-886efe2603b2,Dailuaine SMWS 41.43 - SMWS 41.43,0.95,MERGE,smws_code linked to existing whisky_id in production.db (flavor_evidence/promotion_ready),P127.5,MERGE
41.46,"Highlands, Speyside",Dailuaine,,3664b0f4-08fe-50d0-85cb-40ea92995cfb,Dailuaine SMWS 41.46 - SMWS 41.46,0.95,MERGE,smws_code linked to existing whisky_id in production.db (flavor_evidence/promotion_ready),P127.5,MERGE
41.49,"Highlands, Speyside",Dailuaine,,aaa00244-00d2-5dba-9fb4-db4a209b835a,Dailuaine SMWS 41.49 - SMWS 41.49,0.95,MERGE,smws_code linked to existing whisky_id in production.db (flavor_evidence/promotion_ready),P127.5,MERGE
41.50,"Highlands, Speyside",Dailuaine,,3a42ba7c-6d46-5712-bc9a-a00ac2a96d79,Dailuaine SMWS 41.50 - SMWS 41.50,0.95,MERGE,smws_code linked to existing whisky_id in production.db (flavor_evidence/promotion_ready),P127.5,MERGE
41.51,"Speyside, Spey",Dailuaine,,f39ecaf0-c8a9-58d1-b69c-de2bd508682e,Dailuaine SMWS 41.51 - SMWS 41.51,0.95,MERGE,smws_code linked to existing whisky_id in production.db (flavor_evidence/promotion_ready),P127.5,MERGE
41.54,"Speyside, Spey",Dailuaine,,56d18e9e-213a-59c7-9033-3d6fdca3d67b,Dailuaine SMWS 41.54 - SMWS 41.54,0.95,MERGE,smws_code linked to existing whisky_id in production.db (flavor_evidence/promotion_ready),P127.5,MERGE
41.57,"Speyside, Spey",Dailuaine,,7bf5a7d9-12b0-51b3-86a3-341e9899ca3d,Dailuaine SMWS 41.57 - SMWS 41.57,0.95,MERGE,smws_code linked to existing whisky_id in production.db (flavor_evidence/promotion_ready),P127.5,MERGE
41.58,"Speyside, Spey",Dailuaine,,917d22c8-e7d3-528e-a919-fa72e1da304f,Dailuaine SMWS 41.58 - SMWS 41.58,0.95,MERGE,smws_code linked to existing whisky_id in production.db (flavor_evidence/promotion_ready),P127.5,MERGE
41.61,"Speyside, Spey",Dailuaine,,509c177d-1834-57d9-a630-68ddacb1fef9,Dailuaine SMWS 41.61 - Everything I look for in a dram!,0.95,MERGE,smws_code linked to existing whisky_id in production.db (flavor_evidence/promotion_ready),P127.5,MERGE
41.66,"J U I C Y, OA K & VA N I L L A",Dailuaine,,c1660acc-a4e8-5d22-92b8-30e894298475,Dailuaine SMWS 41.66 - SMWS 41.66,0.95,MERGE,smws_code linked to existing whisky_id in production.db (flavor_evidence/promotion_ready),P127.5,MERGE
41.67,"SW E E T, F R U I T Y & M E L LOW",Dailuaine,,296c029e-4113-5088-991a-02682c7f36dd,Dailuaine SMWS 41.67 - SMWS 41.67,0.95,MERGE,smws_code linked to existing whisky_id in production.db (flavor_evidence/promotion_ready),P127.5,MERGE
41.71,LIGHT & DELICATE,Dailuaine,,1df09e00-8b48-5308-ba93-f961345c7edc,Dailuaine SMWS 41.71 - SMWS 41.71,0.95,MERGE,smws_code linked to existing whisky_id in production.db (flavor_evidence/promotion_ready),P127.5,MERGE
42.10,"Highland, Island",Cardhu,,f7887fcd-a423-5627-9b75-3a971f7c1534,Tobermory SMWS 42.10 - SMWS 42.10,0.95,MERGE,smws_code linked to existing whisky_id in production.db (flavor_evidence/promotion_ready),P127.5,MERGE
42.16,O I LY & C OA S TA L,Cardhu,,18f7886d-5a8a-55c3-98fc-877e21cecacc,Tobermory SMWS 42.16 - W H AT I T SAYS O N T H E T I N,0.95,MERGE,smws_code linked to existing whisky_id in production.db (flavor_evidence/promotion_ready),P127.5,MERGE
42.17,O I LY & C OA S TA L,Cardhu,,34f2f60a-8227-5f1b-b352-0882b09cff3c,Tobermory SMWS 42.17 - SMWS 42.17,0.95,MERGE,smws_code linked to existing whisky_id in production.db (flavor_evidence/promotion_ready),P127.5,MERGE
42.19,P E AT E D,Cardhu,,e07d0d92-5962-5e73-83ec-3bbdeca8d21c,Tobermory SMWS 42.19 - SMWS 42.19,0.95,MERGE,smws_code linked to existing whisky_id in production.db (flavor_evidence/promotion_ready),P127.5,MERGE
42.20,HEAVILY PEATED,Cardhu,,666fcc89-034e-57b3-aaa8-c48bab6959e4,Tobermory SMWS 42.20 - SMWS 42.20,0.95,MERGE,smws_code linked to existing whisky_id in production.db (flavor_evidence/promotion_ready),P127.5,MERGE
43.15,An Old Sea-Dog,Mannochmore,,59761d20-d362-5720-ba97-1e8d1bf89362,Port Ellen SMWS 43.15 - An Old Sea-Dog,0.95,MERGE,smws_code linked to existing whisky_id in production.db (flavor_evidence/promotion_ready),P127.5,MERGE
44.27,Breathless!,Royal Brackla,,8ad5b983-e855-57fb-8289-a246738d047a,Craigellachie SMWS 44.27 - Breathless!,0.95,MERGE,smws_code linked to existing whisky_id in production.db (flavor_evidence/promotion_ready),P127.5,MERGE
44.41,"Highlands, Speyside",Royal Brackla,,44928acd-7487-5a57-b1cf-453f11087454,Craigellachie SMWS 44.41 - chunky mouthful,0.95,MERGE,smws_code linked to existing whisky_id in production.db (flavor_evidence/promotion_ready),P127.5,MERGE
44.43,"Highlands, Speyside",Royal Brackla,,37f64680-31f6-57a9-ba7c-ada049149bf6,Craigellachie SMWS 44.43 - SMWS 44.43,0.95,MERGE,smws_code linked to existing whisky_id in production.db (flavor_evidence/promotion_ready),P127.5,MERGE
44.48,"Highlands, Speyside",Royal Brackla,,83c97133-df0a-53b7-9681-48c21b7d5794,Craigellachie SMWS 44.48 - SMWS 44.48,0.95,MERGE,smws_code linked to existing whisky_id in production.db (flavor_evidence/promotion_ready),P127.5,MERGE
44.49,"Highlands, Speyside",Royal Brackla,,91c92fe2-775c-519e-b6ac-581d2cfbb898,Craigellachie SMWS 44.49 - SMWS 44.49,0.95,MERGE,smws_code linked to existing whisky_id in production.db (flavor_evidence/promotion_ready),P127.5,MERGE
44.51,"Highlands, Speyside",Royal Brackla,,a92672e0-aa52-506e-8a34-918103f6cf30,Craigellachie SMWS 44.51 - SMWS 44.51,0.95,MERGE,smws_code linked to existing whisky_id in production.db (flavor_evidence/promotion_ready),P127.5,MERGE
44.55,"Speyside, Spey",Royal Brackla,,6f5d57e1-9efa-5810-8ea2-e4eb7188c876,Craigellachie SMWS 44.55 - SMWS 44.55,0.95,MERGE,smws_code linked to existing whisky_id in production.db (flavor_evidence/promotion_ready),P127.5,MERGE
44.58,"Speyside, Spey",Royal Brackla,,4da4e3a7-11ef-5569-8929-0446461c150c,Craigellachie SMWS 44.58 - SMWS 44.58,0.95,MERGE,smws_code linked to existing whisky_id in production.db (flavor_evidence/promotion_ready),P127.5,MERGE
44.59,"Speyside, Spey",Royal Brackla,,8cfae60b-1520-5fac-9194-7bbbf4582a72,Craigellachie SMWS 44.59 - SMWS 44.59,0.95,MERGE,smws_code linked to existing whisky_id in production.db (flavor_evidence/promotion_ready),P127.5,MERGE
44.60,"Speyside, Spey",Royal Brackla,,fc05742a-2324-55aa-9157-91546ef3f295,Craigellachie SMWS 44.60 - SMWS 44.60,0.95,MERGE,smws_code linked to existing whisky_id in production.db (flavor_evidence/promotion_ready),P127.5,MERGE
44.63,"Speyside, Spey",Royal Brackla,,b0eda85a-3cd3-5a21-b3d3-a437d1c55364,Craigellachie SMWS 44.63 - SMWS 44.63,0.95,MERGE,smws_code linked to existing whisky_id in production.db (flavor_evidence/promotion_ready),P127.5,MERGE
44.65,"SW E E T, F R U I T Y & M E L LOW",Royal Brackla,,6e718c30-489c-5113-b724-d7c3e4a45079,Craigellachie SMWS 44.65 - SMWS 44.65,0.95,MERGE,smws_code linked to existing whisky_id in production.db (flavor_evidence/promotion_ready),P127.5,MERGE
44.67,SPICY & SWEET,Royal Brackla,,19a52edc-7bd3-5c11-9eb0-41f401d73c85,Craigellachie SMWS 44.67 - SMWS 44.67,0.95,MERGE,smws_code linked to existing whisky_id in production.db (flavor_evidence/promotion_ready),P127.5,MERGE
46.16,Ginger and Spice,,,086f622f-b23c-508d-b448-8218aec33aea,Glenlossie SMWS 46.16 - Ginger and Spice,0.95,MERGE,smws_code linked to existing whisky_id in production.db (flavor_evidence/promotion_ready),P127.5,MERGE
46.19,"Highlands, Speyside (Lossie)",,,9760d26e-28f1-57a7-baf2-b5b089d7e38f,Glenlossie SMWS 46.19 - SMWS 46.19,0.95,MERGE,smws_code linked to existing whisky_id in production.db (flavor_evidence/promotion_ready),P127.5,MERGE
46.21,"Speyside, Lossie",,,41ff30fe-8319-5774-bd9c-ec01fb9413ab,Glenlossie SMWS 46.21 - SMWS 46.21,0.95,MERGE,smws_code linked to existing whisky_id in production.db (flavor_evidence/promotion_ready),P127.5,MERGE
46.23,"Speyside, Lossie",,,0330f875-4590-5a45-8118-45f2af3b64c9,Glenlossie SMWS 46.23 - SMWS 46.23,0.95,MERGE,smws_code linked to existing whisky_id in production.db (flavor_evidence/promotion_ready),P127.5,MERGE
46.27,"Speyside, Lossie",,,98e75ccb-c392-5a4a-8ec4-5d6e1a2784b2,Glenlossie SMWS 46.27 - SMWS 46.27,0.95,MERGE,smws_code linked to existing whisky_id in production.db (flavor_evidence/promotion_ready),P127.5,MERGE
46.29,YO U N G & S P R I T E LY,,,abce6bf1-3c63-5b38-a750-df2b8cca014a,Glenlossie SMWS 46.29 - SMWS 46.29,0.95,MERGE,smws_code linked to existing whisky_id in production.db (flavor_evidence/promotion_ready),P127.5,MERGE
46.30,"Speyside, Lossie",,,cc6f4607-d430-5bd9-8bf3-3236889b6800,Glenlossie SMWS 46.30 - SMWS 46.30,0.95,MERGE,smws_code linked to existing whisky_id in production.db (flavor_evidence/promotion_ready),P127.5,MERGE
46.31,"J U I C Y, OA K & VA N I L L A",,,bde62812-00f3-515a-897a-62a179eb64f1,Glenlossie SMWS 46.31 - SMWS 46.31,0.95,MERGE,smws_code linked to existing whisky_id in production.db (flavor_evidence/promotion_ready),P127.5,MERGE
48.17,"Highlands, Speyside",,,385b565a-6903-51c9-bf5c-1e19576e6618,Balmenach SMWS 48.17 - SMWS 48.17,0.95,MERGE,smws_code linked to existing whisky_id in production.db (flavor_evidence/promotion_ready),P127.5,MERGE
48.20,"Highlands, Speyside",,,2585098f-b06e-5895-89b3-98a27389428b,Balmenach SMWS 48.20 - SMWS 48.20,0.95,MERGE,smws_code linked to existing whisky_id in production.db (flavor_evidence/promotion_ready),P127.5,MERGE
48.24,"Highlands, Speyside",,,3762f537-f9cd-5c03-a7de-089b3027e9b4,Balmenach SMWS 48.24 - SMWS 48.24,0.95,MERGE,smws_code linked to existing whisky_id in production.db (flavor_evidence/promotion_ready),P127.5,MERGE
48.26,"Speyside, Spey",,,028e1935-5750-5873-aecc-57af34268a7a,Balmenach SMWS 48.26 - SMWS 48.26,0.95,MERGE,smws_code linked to existing whisky_id in production.db (flavor_evidence/promotion_ready),P127.5,MERGE
48.29,"Speyside, Spey",,,8cdf2bea-62dc-5dbf-a052-175b93919b7e,Balmenach SMWS 48.29 - SMWS 48.29,0.95,MERGE,smws_code linked to existing whisky_id in production.db (flavor_evidence/promotion_ready),P127.5,MERGE
48.34,"Speyside, Spey",,,4a5092b0-82c8-50a0-a478-dc77819b2261,Balmenach SMWS 48.34 - SMWS 48.34,0.95,MERGE,smws_code linked to existing whisky_id in production.db (flavor_evidence/promotion_ready),P127.5,MERGE
48.37,"Speyside, Spey",,,fcfad8c4-ad35-5ff7-b276-06d068b48bfc,Balmenach SMWS 48.37 - SMWS 48.37,0.95,MERGE,smws_code linked to existing whisky_id in production.db (flavor_evidence/promotion_ready),P127.5,MERGE
48.41,"Speyside, Spey",,,0fba713a-af35-524d-94a7-a7516e0aa71b,Balmenach SMWS 48.41 - SMWS 48.41,0.95,MERGE,smws_code linked to existing whisky_id in production.db (flavor_evidence/promotion_ready),P127.5,MERGE
48.42,"Speyside, Spey",,,9fb26511-7b59-5f7b-a6a3-57fb3509a5c2,Balmenach SMWS 48.42 - SMWS 48.42,0.95,MERGE,smws_code linked to existing whisky_id in production.db (flavor_evidence/promotion_ready),P127.5,MERGE
48.43,"Speyside, Spey",,,1e41f13d-f274-594e-ab20-a9cf6666c04c,Balmenach SMWS 48.43 - SMWS 48.43,0.95,MERGE,smws_code linked to existing whisky_id in production.db (flavor_evidence/promotion_ready),P127.5,MERGE
48.46,"Speyside, Spey",,,77eb1e93-718c-5ae5-a01b-70ae954fdf26,Balmenach SMWS 48.46 - SMWS 48.46,0.95,MERGE,smws_code linked to existing whisky_id in production.db (flavor_evidence/promotion_ready),P127.5,MERGE
48.50,YOUNG & SPRITELY,,,4302fa92-9ccc-562b-91e1-e9f1c0c9ab5e,Balmenach SMWS 48.50 - SMWS 48.50,0.95,MERGE,smws_code linked to existing whisky_id in production.db (flavor_evidence/promotion_ready),P127.5,MERGE
48.54,"J U I C Y, OA K & VA N I L L A",,,806765a7-c962-5e8b-a05a-442a8ac49e72,Balmenach SMWS 48.54 - Delicious!,0.95,MERGE,smws_code linked to existing whisky_id in production.db (flavor_evidence/promotion_ready),P127.5,MERGE
49.10,A Royal Aperitif,Rosebank,,db0e5646-1718-57e5-adc8-103b3cea1870,St. Magdalene SMWS 49.10 - A Royal Aperitif,0.95,MERGE,smws_code linked to existing whisky_id in production.db (flavor_evidence/promotion_ready),P127.5,MERGE
50.35,"Caramel, Chocolate and Coffee",,,b37d3fd8-5f0f-50c9-9636-2be8259c829d,"Bladnoch SMWS 50.35 - Caramel, Chocolate and Coffee",0.95,MERGE,smws_code linked to existing whisky_id in production.db (flavor_evidence/promotion_ready),P127.5,MERGE
50.40,"Lowlands, Borders",,,2d15eb2d-320f-57ab-ba20-dda7d78f7730,Bladnoch SMWS 50.40 - SMWS 50.40,0.95,MERGE,smws_code linked to existing whisky_id in production.db (flavor_evidence/promotion_ready),P127.5,MERGE
50.42,"Lowlands, Borders",,,96a19d62-b912-5171-9419-1da846c9bd29,Bladnoch SMWS 50.42 - SMWS 50.42,0.95,MERGE,smws_code linked to existing whisky_id in production.db (flavor_evidence/promotion_ready),P127.5,MERGE
50.45,"Lowlands, Borders",,,85a69fd7-65cf-5639-9e85-c33d8d586cd5,Bladnoch SMWS 50.45 - SMWS 50.45,0.95,MERGE,smws_code linked to existing whisky_id in production.db (flavor_evidence/promotion_ready),P127.5,MERGE
50.46,"Lowlands, Borders",,,7b834e94-e90f-51b3-a140-0ac49ac6b29e,Bladnoch SMWS 50.46 - SMWS 50.46,0.95,MERGE,smws_code linked to existing whisky_id in production.db (flavor_evidence/promotion_ready),P127.5,MERGE
50.49,Lowland,,,5747bc85-3f45-5b79-9935-9e6f7000de43,Bladnoch SMWS 50.49 - SMWS 50.49,0.95,MERGE,smws_code linked to existing whisky_id in production.db (flavor_evidence/promotion_ready),P127.5,MERGE
50.51,Lowland,,,b9b1b2a7-2510-5e08-a167-47d71fe5a30f,Bladnoch SMWS 50.51 - SMWS 50.51,0.95,MERGE,smws_code linked to existing whisky_id in production.db (flavor_evidence/promotion_ready),P127.5,MERGE
50.56,Lowland,,,9d6a8a28-1dfa-54f3-a920-47bdd79a7d92,Bladnoch SMWS 50.56 - SMWS 50.56,0.95,MERGE,smws_code linked to existing whisky_id in production.db (flavor_evidence/promotion_ready),P127.5,MERGE
50.64,SPICY & SWEET,,,cc5132bb-137d-57d7-a5ea-b0502b379678,Bladnoch SMWS 50.64 - SMWS 50.64,0.95,MERGE,smws_code linked to existing whisky_id in production.db (flavor_evidence/promotion_ready),P127.5,MERGE
50.66,"SW E E T, F R U I T Y & M E L LOW",,,6fc337aa-39e2-54cc-a083-2b8464220478,Bladnoch SMWS 50.66 - SMWS 50.66,0.95,MERGE,smws_code linked to existing whisky_id in production.db (flavor_evidence/promotion_ready),P127.5,MERGE
50.67,"J U I C Y, OA K & VA N I L L A",Arran,,843738ae-7af0-5796-bed4-c230cc9a7488,Bladnoch SMWS 50.67 - SMWS 50.67,0.95,MERGE,smws_code linked to existing whisky_id in production.db (flavor_evidence/promotion_ready),P127.5,MERGE
50.70,SPICY & DRY,,,1a8d9905-b697-58f1-a50c-51c0d6a294bc,Bladnoch SMWS 50.70 - SMWS 50.70,0.95,MERGE,smws_code linked to existing whisky_id in production.db (flavor_evidence/promotion_ready),P127.5,MERGE
50.80,"DEEP, RICH & DRIED FRUITS",,,b9778eda-edf4-5da4-b948-87579eeac70a,Bladnoch SMWS 50.80 - SMWS 50.80,0.95,MERGE,smws_code linked to existing whisky_id in production.db (flavor_evidence/promotion_ready),P127.5,MERGE
52.20,"Highland, Northern",,,5ac41468-15ed-5bce-b57d-aa2efe76dd3d,Old Pulteney SMWS 52.20 - SMWS 52.20,0.95,MERGE,smws_code linked to existing whisky_id in production.db (flavor_evidence/promotion_ready),P127.5,MERGE
53.23,It Comes From the Sea,Caol Ila,,c8ff908b-57c0-53c0-b4eb-e4b937c96110,Caol Ila SMWS 53.23 - It Comes From the Sea,0.95,MERGE,smws_code linked to existing whisky_id in production.db (flavor_evidence/promotion_ready),P127.5,MERGE
53.108,Magic,Caol Ila,,e00d6a82-80c7-54ef-a39f-2385bd7c897d,Caol Ila SMWS 53.108 - Magic,0.95,MERGE,smws_code linked to existing whisky_id in production.db (flavor_evidence/promotion_ready),P127.5,MERGE
53.109,Poetry and Moonlight,Caol Ila,,777cbd6e-d905-579d-8cd1-64058dccc1f2,Caol Ila SMWS 53.109 - Poetry and Moonlight,0.95,MERGE,smws_code linked to existing whisky_id in production.db (flavor_evidence/promotion_ready),P127.5,MERGE
53.111,Smoke and Soot with Liquorice Root,comes,,9389b180-caad-501a-a44b-06d1f2630566,Caol Ila SMWS 53.111 - Smoke and Soot with Liquorice Root,0.95,MERGE,smws_code linked to existing whisky_id in production.db (flavor_evidence/promotion_ready),P127.5,MERGE
53.133,"Islay, North Shore",North,,39b08c20-64b4-5898-b4f0-728abaf561c2,Caol Ila SMWS 53.133 - SMWS 53.133,0.95,MERGE,smws_code linked to existing whisky_id in production.db (flavor_evidence/promotion_ready),P127.5,MERGE
53.138,"Islay, North Shore",North,,e3910df1-672f-5b6a-be82-2d202c566e4b,Caol Ila SMWS 53.138 - SMWS 53.138,0.95,MERGE,smws_code linked to existing whisky_id in production.db (flavor_evidence/promotion_ready),P127.5,MERGE
53.139,"Islay, North Shore",North,,07b1c861-282c-5720-9def-4ac51caf9781,Caol Ila SMWS 53.139 - SMWS 53.139,0.95,MERGE,smws_code linked to existing whisky_id in production.db (flavor_evidence/promotion_ready),P127.5,MERGE
53.144,"Islay, North Shore",North,,25b3ee7d-bbc4-5ea8-af11-b89e112783be,Caol Ila SMWS 53.144 - Buckets of tar and brine,0.95,MERGE,smws_code linked to existing whisky_id in production.db (flavor_evidence/promotion_ready),P127.5,MERGE
53.147,"Islay, North Shore",North,,9bed8feb-1862-5235-a45e-3405b11c3824,Caol Ila SMWS 53.147 - SMWS 53.147,0.95,MERGE,smws_code linked to existing whisky_id in production.db (flavor_evidence/promotion_ready),P127.5,MERGE
53.151,Islay,Caol Ila,,284d4f4f-2ba6-5bca-ac91-9cee292eace6,Caol Ila SMWS 53.151 - SMWS 53.151,0.95,MERGE,smws_code linked to existing whisky_id in production.db (flavor_evidence/promotion_ready),P127.5,MERGE
53.153,"Islay, North Shore",North,,d216d8d4-6225-5c27-8a34-54239630f1ed,Caol Ila SMWS 53.153 - SMWS 53.153,0.95,MERGE,smws_code linked to existing whisky_id in production.db (flavor_evidence/promotion_ready),P127.5,MERGE
53.154,"Islay, North Shore",North,,a693f1e5-db09-55fe-9849-9ff051d59b01,Caol Ila SMWS 53.154 - SMWS 53.154,0.95,MERGE,smws_code linked to existing whisky_id in production.db (flavor_evidence/promotion_ready),P127.5,MERGE
53.157,"Islay, North Shore",North,,c0653142-474c-5df6-a254-c6ebd03056ca,Caol Ila SMWS 53.157 - SMWS 53.157,0.95,MERGE,smws_code linked to existing whisky_id in production.db (flavor_evidence/promotion_ready),P127.5,MERGE
53.158,Islay,Caol Ila,,d6909c8a-a5a3-5dd7-9dfe-cb615c8ecc02,Caol Ila SMWS 53.158 - SMWS 53.158,0.95,MERGE,smws_code linked to existing whisky_id in production.db (flavor_evidence/promotion_ready),P127.5,MERGE
53.160,Islay,Caol Ila,,61f6ade1-0e01-54c3-b45f-c2bfab3aede1,Caol Ila SMWS 53.160 - SMWS 53.160,0.95,MERGE,smws_code linked to existing whisky_id in production.db (flavor_evidence/promotion_ready),P127.5,MERGE
53.162,Islay,Caol Ila,,a73ce705-9e34-5e6e-bb65-6c445696606d,Caol Ila SMWS 53.162 - SMWS 53.162,0.95,MERGE,smws_code linked to existing whisky_id in production.db (flavor_evidence/promotion_ready),P127.5,MERGE
53.163,Islay,Caol Ila,,3a013e9d-b96d-5aef-8afb-a8e7a7f7fe8d,Caol Ila SMWS 53.163 - SMWS 53.163,0.95,MERGE,smws_code linked to existing whisky_id in production.db (flavor_evidence/promotion_ready),P127.5,MERGE
53.165,Islay,Caol Ila,,a052f8b6-7ab6-5e1a-9875-d6c848b4b9bd,Caol Ila SMWS 53.165 - SMWS 53.165,0.95,MERGE,smws_code linked to existing whisky_id in production.db (flavor_evidence/promotion_ready),P127.5,MERGE
53.167,Islay,Caol Ila,,df8f5a84-ea57-57e6-9f0d-67e08fb9cf89,Caol Ila SMWS 53.167 - SMWS 53.167,0.95,MERGE,smws_code linked to existing whisky_id in production.db (flavor_evidence/promotion_ready),P127.5,MERGE
53.172,Islay,Caol Ila,,beacf7b7-2d48-5156-a876-122908987681,Caol Ila SMWS 53.172 - SMWS 53.172,0.95,MERGE,smws_code linked to existing whisky_id in production.db (flavor_evidence/promotion_ready),P127.5,MERGE
53.173,Islay,Caol Ila,,85550d8f-a0f3-5f20-b198-29f42eedcdf1,Caol Ila SMWS 53.173 - SMWS 53.173,0.95,MERGE,smws_code linked to existing whisky_id in production.db (flavor_evidence/promotion_ready),P127.5,MERGE
53.182,Islay,Caol Ila,,6dc813b5-7b1f-5df5-a7a9-ec907127c9af,Caol Ila SMWS 53.182 - SMWS 53.182,0.95,MERGE,smws_code linked to existing whisky_id in production.db (flavor_evidence/promotion_ready),P127.5,MERGE
53.184,Islay,Caol Ila,,f35f96fd-559d-5df5-865c-ba94960e6a05,Caol Ila SMWS 53.184 - SMWS 53.184,0.95,MERGE,smws_code linked to existing whisky_id in production.db (flavor_evidence/promotion_ready),P127.5,MERGE
53.186,Islay,Caol Ila,,eb0cf410-3db6-582a-8224-d11a64e5057c,Caol Ila SMWS 53.186 - SMWS 53.186,0.95,MERGE,smws_code linked to existing whisky_id in production.db (flavor_evidence/promotion_ready),P127.5,MERGE
53.187,Islay,Caol Ila,,fd4d2419-0409-56f9-b32d-0a6ccca825d2,Caol Ila SMWS 53.187 - SMWS 53.187,0.95,MERGE,smws_code linked to existing whisky_id in production.db (flavor_evidence/promotion_ready),P127.5,MERGE
53.188,Islay,Caol Ila,,196991f7-f1d5-5af2-ad7a-029c977645f2,Caol Ila SMWS 53.188 - SMWS 53.188,0.95,MERGE,smws_code linked to existing whisky_id in production.db (flavor_evidence/promotion_ready),P127.5,MERGE
53.190,Islay,Caol Ila,,d3bf7371-cc2f-5aec-a548-49c4eb3c8e1f,Caol Ila SMWS 53.190 - SMWS 53.190,0.95,MERGE,smws_code linked to existing whisky_id in production.db (flavor_evidence/promotion_ready),P127.5,MERGE
53.191,Islay,Caol Ila,,5970e91d-71df-52b6-a0e0-e0aa2faa13b2,Caol Ila SMWS 53.191 - SMWS 53.191,0.95,MERGE,smws_code linked to existing whisky_id in production.db (flavor_evidence/promotion_ready),P127.5,MERGE
53.192,Islay,Caol Ila,,4c32153c-e562-5860-900c-fd8e605492b5,Caol Ila SMWS 53.192 - SMWS 53.192,0.95,MERGE,smws_code linked to existing whisky_id in production.db (flavor_evidence/promotion_ready),P127.5,MERGE
53.194,Islay,Caol Ila,,be730245-3090-5356-8fba-73a7a294e7c6,Caol Ila SMWS 53.194 - SMWS 53.194,0.95,MERGE,smws_code linked to existing whisky_id in production.db (flavor_evidence/promotion_ready),P127.5,MERGE
53.197,Islay,Caol Ila,,e90b6a4d-636c-5545-901b-dc464a1331d3,Caol Ila SMWS 53.197 - SMWS 53.197,0.95,MERGE,smws_code linked to existing whisky_id in production.db (flavor_evidence/promotion_ready),P127.5,MERGE
53.200,Islay,Caol Ila,,58b4ad62-5373-5233-bfb1-3ca4c7da74b9,Caol Ila SMWS 53.200 - SMWS 53.200,0.95,MERGE,smws_code linked to existing whisky_id in production.db (flavor_evidence/promotion_ready),P127.5,MERGE
53.205,Islay,Caol Ila,,45996da7-518a-59ba-b614-6e14c20dd62c,Caol Ila SMWS 53.205 - SMWS 53.205,0.95,MERGE,smws_code linked to existing whisky_id in production.db (flavor_evidence/promotion_ready),P127.5,MERGE
53.206,Islay,Caol Ila,,0fcfaf79-a9e3-50aa-a665-71c43bc9eb8e,Caol Ila SMWS 53.206 - SMWS 53.206,0.95,MERGE,smws_code linked to existing whisky_id in production.db (flavor_evidence/promotion_ready),P127.5,MERGE
53.207,Islay,Caol Ila,,cd9808c2-defb-5733-a491-143eb8d2ee07,Caol Ila SMWS 53.207 - SMWS 53.207,0.95,MERGE,smws_code linked to existing whisky_id in production.db (flavor_evidence/promotion_ready),P127.5,MERGE
53.210,Islay,Caol Ila,,44d8e157-3dcb-5a5c-b550-e6302534970a,Caol Ila SMWS 53.210 - SMWS 53.210,0.95,MERGE,smws_code linked to existing whisky_id in production.db (flavor_evidence/promotion_ready),P127.5,MERGE
53.211,L I G H T LY P E AT E D,Caol Ila,,71a423f5-47e4-5e4c-b0c2-8486bfae713e,Caol Ila SMWS 53.211 - SMWS 53.211,0.95,MERGE,smws_code linked to existing whisky_id in production.db (flavor_evidence/promotion_ready),P127.5,MERGE
53.216,Islay,Caol Ila,,188ace10-8a4f-519b-a7ef-a5183e90035d,Caol Ila SMWS 53.216 - SMWS 53.216,0.95,MERGE,smws_code linked to existing whisky_id in production.db (flavor_evidence/promotion_ready),P127.5,MERGE
53.218,L I G H T LY P E AT E D,Caol Ila,,936ce7ea-f917-5201-b4dc-74ca98bc589a,Caol Ila SMWS 53.218 - SMWS 53.218,0.95,MERGE,smws_code linked to existing whisky_id in production.db (flavor_evidence/promotion_ready),P127.5,MERGE
53.222,P E AT E D,Caol Ila,,e1077472-1933-5fdd-9a28-9e782d9ab326,Caol Ila SMWS 53.222 - SMWS 53.222,0.95,MERGE,smws_code linked to existing whisky_id in production.db (flavor_evidence/promotion_ready),P127.5,MERGE
53.226,O I LY & C OA S TA L,Caol Ila,,8f5461e8-ab06-5e8c-824d-d1cddb31b470,Caol Ila SMWS 53.226 - SMWS 53.226,0.95,MERGE,smws_code linked to existing whisky_id in production.db (flavor_evidence/promotion_ready),P127.5,MERGE
53.231,H E AV I LY P E AT E D,Caol Ila,,0d9b8cd5-74a2-5cd7-93b0-434f1a99a6ba,Caol Ila SMWS 53.231 - super spicy,0.95,MERGE,smws_code linked to existing whisky_id in production.db (flavor_evidence/promotion_ready),P127.5,MERGE
53.233,H E AV I LY P E AT E D,Caol Ila,,a1bb7eff-6075-505e-8ce2-14f6154cb3f5,Caol Ila SMWS 53.233 - SMWS 53.233,0.95,MERGE,smws_code linked to existing whisky_id in production.db (flavor_evidence/promotion_ready),P127.5,MERGE
53.236,LIGHTLY PEATED,Caol Ila,,bfb8a784-5702-5965-8d67-7035e05753e9,Caol Ila SMWS 53.236 - SMWS 53.236,0.95,MERGE,smws_code linked to existing whisky_id in production.db (flavor_evidence/promotion_ready),P127.5,MERGE
54.28,"Highlands, Speyside (Strathspey)",Teaninich,,e40b5542-18bf-5aa9-88cc-26d646a20fec,"Aberlour SMWS 54.28 - like biting a nurse wear-
ing rubber gloves and apron",0.95,MERGE,smws_code linked to existing whisky_id in production.db (flavor_evidence/promotion_ready),P127.5,MERGE
54.29,"Speyside, Spey",Teaninich,,3a6a46f8-7199-53ac-b73b-70638bd2c2dd,Aberlour SMWS 54.29 - SMWS 54.29,0.95,MERGE,smws_code linked to existing whisky_id in production.db (flavor_evidence/promotion_ready),P127.5,MERGE
54.31,"Speyside, Spey",Teaninich,,0e11e7bd-1ca1-51c2-a5d2-3ebd538c0ae6,Aberlour SMWS 54.31 - SMWS 54.31,0.95,MERGE,smws_code linked to existing whisky_id in production.db (flavor_evidence/promotion_ready),P127.5,MERGE
54.34,YO U N G & S P R I T E LY,Teaninich,,581e428b-48c8-5de5-aa47-b33ebd55121b,Aberlour SMWS 54.34 - SMWS 54.34,0.95,MERGE,smws_code linked to existing whisky_id in production.db (flavor_evidence/promotion_ready),P127.5,MERGE
54.35,SPICY & SWEET,Teaninich,,10a9c185-23ed-5ff8-bc16-fb93438afa02,Aberlour SMWS 54.35 - SMWS 54.35,0.95,MERGE,smws_code linked to existing whisky_id in production.db (flavor_evidence/promotion_ready),P127.5,MERGE
54.37,"JUICY, OAK & VANILLA",Teaninich,,d07a18c2-5524-57de-bcb3-d39ad082af49,Aberlour SMWS 54.37 - SMWS 54.37,0.95,MERGE,smws_code linked to existing whisky_id in production.db (flavor_evidence/promotion_ready),P127.5,MERGE
54.42,YOUNG & SPRITELY,Teaninich,,4a9ca920-e6e8-5174-be70-a21dd127f279,Aberlour SMWS 54.42 - SMWS 54.42,0.95,MERGE,smws_code linked to existing whisky_id in production.db (flavor_evidence/promotion_ready),P127.5,MERGE
55.19,"Highlands, Speyside (Findhorn Valley)",Royal Lochnagar,,c3bb66dc-0665-58f9-9784-933c81a44a84,Royal Brackla SMWS 55.19 - SMWS 55.19,0.95,MERGE,smws_code linked to existing whisky_id in production.db (flavor_evidence/promotion_ready),P127.5,MERGE
55.20,"Highlands, Speyside (Findhorn Valley)",Royal Lochnagar,,21ddd7df-7535-50ef-8230-4845eeac0f53,Royal Brackla SMWS 55.20 - SMWS 55.20,0.95,MERGE,smws_code linked to existing whisky_id in production.db (flavor_evidence/promotion_ready),P127.5,MERGE
55.21,"Highlands, Speyside (Findhorn Valley)",Royal Lochnagar,,ae79c455-2c52-5e0c-9c7f-eb7086a1ae9c,Royal Brackla SMWS 55.21 - SMWS 55.21,0.95,MERGE,smws_code linked to existing whisky_id in production.db (flavor_evidence/promotion_ready),P127.5,MERGE
55.23,"Speyside, Findhorn",Royal Lochnagar,,5bb56175-5b79-5232-917c-8c9fa5d87186,Royal Brackla SMWS 55.23 - SMWS 55.23,0.95,MERGE,smws_code linked to existing whisky_id in production.db (flavor_evidence/promotion_ready),P127.5,MERGE
55.26,"Speyside, Findhorn",Royal Lochnagar,,b20cea86-25f7-52af-8482-937bb6f78452,Royal Brackla SMWS 55.26 - SMWS 55.26,0.95,MERGE,smws_code linked to existing whisky_id in production.db (flavor_evidence/promotion_ready),P127.5,MERGE
55.28,LIGHT & DELICATE,Royal Lochnagar,,338ee651-18bf-5228-8b30-50135e91e0b8,Royal Brackla SMWS 55.28 - SMWS 55.28,0.95,MERGE,smws_code linked to existing whisky_id in production.db (flavor_evidence/promotion_ready),P127.5,MERGE
55.31,"SWEET, FRUITY & MELLOW",Royal Lochnagar,,b3177a1c-75c5-5146-b929-aa12686e65c4,Royal Brackla SMWS 55.31 - SMWS 55.31,0.95,MERGE,smws_code linked to existing whisky_id in production.db (flavor_evidence/promotion_ready),P127.5,MERGE
58.15,"DEEP, RICH & DRIED FRUITS",Bladnoch,,1360d5cd-1c8a-5e10-b2ae-027aa400c34d,Strathisla SMWS 58.15 - SMWS 58.15,0.95,MERGE,smws_code linked to existing whisky_id in production.db (flavor_evidence/promotion_ready),P127.5,MERGE
58.17,SPICY & DRY,Bladnoch,,94eb839f-67b1-5f79-83c4-cc4e443957a7,"Strathisla SMWS 58.17 - NOT SHAKEN, NOT STIRRED",0.95,MERGE,smws_code linked to existing whisky_id in production.db (flavor_evidence/promotion_ready),P127.5,MERGE
58.18,LIGHT & DELICATE,Bladnoch,,d1c51c06-1f97-5233-bc06-43685e06e37f,Strathisla SMWS 58.18 - SMWS 58.18,0.95,MERGE,smws_code linked to existing whisky_id in production.db (flavor_evidence/promotion_ready),P127.5,MERGE
59.21,"Highland, Northern",,,fe6f69c1-6d2f-542c-ac5c-da11d61f070f,Teaninich SMWS 59.21 - SMWS 59.21,0.95,MERGE,smws_code linked to existing whisky_id in production.db (flavor_evidence/promotion_ready),P127.5,MERGE
59.39,"Highlands, Northern Highlands",,,c7000075-6e4e-539b-a2c2-e016ea3336ce,Teaninich SMWS 59.39 - gateway to Narnia!,0.95,MERGE,smws_code linked to existing whisky_id in production.db (flavor_evidence/promotion_ready),P127.5,MERGE
59.40,"Highlands, Northern Highlands",,,64c9c84f-64ae-5ab9-8dd0-2db5839d53c8,Teaninich SMWS 59.40 - SMWS 59.40,0.95,MERGE,smws_code linked to existing whisky_id in production.db (flavor_evidence/promotion_ready),P127.5,MERGE
59.41,"Highland, Northern",,,b9ae0e40-4622-576c-8288-e24d0d00b4e7,Teaninich SMWS 59.41 - SMWS 59.41,0.95,MERGE,smws_code linked to existing whisky_id in production.db (flavor_evidence/promotion_ready),P127.5,MERGE
59.48,"Highland, Northern",,,757eae60-5e83-5475-ba55-c2907b8b93e9,Teaninich SMWS 59.48 - SMWS 59.48,0.95,MERGE,smws_code linked to existing whisky_id in production.db (flavor_evidence/promotion_ready),P127.5,MERGE
59.49,"Highland, Northern",,,9a23dba3-6324-5374-b611-84734b86b04c,Teaninich SMWS 59.49 - SMWS 59.49,0.95,MERGE,smws_code linked to existing whisky_id in production.db (flavor_evidence/promotion_ready),P127.5,MERGE
59.51,"Highland, Northern",,,ef48b040-83db-5c6b-95da-cc3f219c9a45,Teaninich SMWS 59.51 - SMWS 59.51,0.95,MERGE,smws_code linked to existing whisky_id in production.db (flavor_evidence/promotion_ready),P127.5,MERGE
62.13,"Prunes, Coffee Beans and Almonds",,,68e01dd9-147e-55df-b08b-4185fbeb26b4,"Glenlochy SMWS 62.13 - Prunes, Coffee Beans and Almonds",0.95,MERGE,smws_code linked to existing whisky_id in production.db (flavor_evidence/promotion_ready),P127.5,MERGE
62.16,A Classic,,,2b28b0ac-5533-57d5-aafb-cd990d7c350f,Glenlochy SMWS 62.16 - A Classic,0.95,MERGE,smws_code linked to existing whisky_id in production.db (flavor_evidence/promotion_ready),P127.5,MERGE
63.23,"Highlands, Speyside",,,477544ad-871e-5747-927e-c73dfd020c4d,Glentauchers SMWS 63.23 - SMWS 63.23,0.95,MERGE,smws_code linked to existing whisky_id in production.db (flavor_evidence/promotion_ready),P127.5,MERGE
63.26,"Highlands, Speyside",,,68640243-ac86-56de-b3d7-b1c51baf2768,Glentauchers SMWS 63.26 - SMWS 63.26,0.95,MERGE,smws_code linked to existing whisky_id in production.db (flavor_evidence/promotion_ready),P127.5,MERGE
63.27,"Speyside, Spey",,,6a608283-1078-579e-9c99-b0f0418ac01d,Glentauchers SMWS 63.27 - SMWS 63.27,0.95,MERGE,smws_code linked to existing whisky_id in production.db (flavor_evidence/promotion_ready),P127.5,MERGE
63.29,"Speyside, Spey",,,35889486-794e-59a6-959b-d5a1c03bd14a,Glentauchers SMWS 63.29 - SMWS 63.29,0.95,MERGE,smws_code linked to existing whisky_id in production.db (flavor_evidence/promotion_ready),P127.5,MERGE
63.31,OLD & DIGNIFIED,,,c89c8404-2033-5b00-a517-c9d0ee9e1963,Glentauchers SMWS 63.31 - SMWS 63.31,0.95,MERGE,smws_code linked to existing whisky_id in production.db (flavor_evidence/promotion_ready),P127.5,MERGE
63.35,OLD & DIGNIFIED,,,56e069bf-6886-507d-9dbd-ecbcc162a7e5,Glentauchers SMWS 63.35 - SMWS 63.35,0.95,MERGE,smws_code linked to existing whisky_id in production.db (flavor_evidence/promotion_ready),P127.5,MERGE
64.13,Fizzy Sweets and Nutty Chocolate,,,6f658247-ce6c-5917-9718-99c92d81dab6,Mannochmore SMWS 64.13 - Fizzy Sweets and Nutty Chocolate,0.95,MERGE,smws_code linked to existing whisky_id in production.db (flavor_evidence/promotion_ready),P127.5,MERGE
64.19,"Highlands, Speyside (Lossie)",,,da1b0001-0e00-5f4d-bd61-9d9b7d9fae41,Mannochmore SMWS 64.19 - Woof!,0.95,MERGE,smws_code linked to existing whisky_id in production.db (flavor_evidence/promotion_ready),P127.5,MERGE
64.21,"Highlands, Speyside (Lossie)",,,7fa0edcd-1e28-5989-9177-f2a5db78309c,Mannochmore SMWS 64.21 - SMWS 64.21,0.95,MERGE,smws_code linked to existing whisky_id in production.db (flavor_evidence/promotion_ready),P127.5,MERGE
64.26,"Highlands, Speyside (Lossie)",,,a73b1b26-a38b-5396-936d-23002c59e795,Mannochmore SMWS 64.26 - SMWS 64.26,0.95,MERGE,smws_code linked to existing whisky_id in production.db (flavor_evidence/promotion_ready),P127.5,MERGE
64.27,"Highlands, Speyside (Lossie)",,,2b9e88ea-4e1d-5c0e-80bf-67b9c3821999,Mannochmore SMWS 64.27 - SMWS 64.27,0.95,MERGE,smws_code linked to existing whisky_id in production.db (flavor_evidence/promotion_ready),P127.5,MERGE
64.33,"Speyside, Lossie",,,28991b99-efbe-5455-a719-85300fe54ce1,Mannochmore SMWS 64.33 - SMWS 64.33,0.95,MERGE,smws_code linked to existing whisky_id in production.db (flavor_evidence/promotion_ready),P127.5,MERGE
64.35,"Speyside, Lossie",,,b4163c3c-da78-5f90-8620-a0ed7d133c80,Mannochmore SMWS 64.35 - SMWS 64.35,0.95,MERGE,smws_code linked to existing whisky_id in production.db (flavor_evidence/promotion_ready),P127.5,MERGE
64.42,"Speyside, Lossie",,,c77dc32b-7a8e-51b6-8192-fbe688c9dc51,Mannochmore SMWS 64.42 - SMWS 64.42,0.95,MERGE,smws_code linked to existing whisky_id in production.db (flavor_evidence/promotion_ready),P127.5,MERGE
64.43,"Speyside, Lossie",,,ff90728b-cad1-5e26-9dee-a05f77bbe9ea,Mannochmore SMWS 64.43 - SMWS 64.43,0.95,MERGE,smws_code linked to existing whisky_id in production.db (flavor_evidence/promotion_ready),P127.5,MERGE
64.46,"Speyside, Lossie",,,4eceb843-dc6e-5916-ac2a-5c8a146b0e51,Mannochmore SMWS 64.46 - SMWS 64.46,0.95,MERGE,smws_code linked to existing whisky_id in production.db (flavor_evidence/promotion_ready),P127.5,MERGE
64.50,"Speyside, Lossie",,,bf4ed8be-0ac8-5fe2-b3b5-9334cff8213a,Mannochmore SMWS 64.50 - SMWS 64.50,0.95,MERGE,smws_code linked to existing whisky_id in production.db (flavor_evidence/promotion_ready),P127.5,MERGE
64.59,SPICY & SWEET,,,c2eef6be-e5bc-5f34-86c6-3cfcc5ad024c,Mannochmore SMWS 64.59 - SMWS 64.59,0.95,MERGE,smws_code linked to existing whisky_id in production.db (flavor_evidence/promotion_ready),P127.5,MERGE
64.65,"SW E E T, F R U I T Y & M E L LOW",,,9586f469-fd6a-5a10-884b-c40e3548630b,Mannochmore SMWS 64.65 - SMWS 64.65,0.95,MERGE,smws_code linked to existing whisky_id in production.db (flavor_evidence/promotion_ready),P127.5,MERGE
66.23,Delicious and Yummy,,,32e77202-b5f9-55fa-85cf-3b2e96d47d7c,Ardmore SMWS 66.23 - Delicious and Yummy,0.95,MERGE,smws_code linked to existing whisky_id in production.db (flavor_evidence/promotion_ready),P127.5,MERGE
66.30,"Highlands, Speyside",,,dec9a160-dd2d-5d5d-a272-063409e324b2,Ardmore SMWS 66.30 - SMWS 66.30,0.95,MERGE,smws_code linked to existing whisky_id in production.db (flavor_evidence/promotion_ready),P127.5,MERGE
66.31,"Highlands, Speyside (Bogie)",,,c8f0d9c2-3493-55b8-9cee-b48505bb6595,Ardmore SMWS 66.31 - SMWS 66.31,0.95,MERGE,smws_code linked to existing whisky_id in production.db (flavor_evidence/promotion_ready),P127.5,MERGE
66.32,"Highlands, Speyside (Bogie)",,,64bc4415-7c60-5a64-90e0-a9ee8138c282,Ardmore SMWS 66.32 - SMWS 66.32,0.95,MERGE,smws_code linked to existing whisky_id in production.db (flavor_evidence/promotion_ready),P127.5,MERGE
66.33,"Highland, Eastern",,,3f0ae34f-aa07-5a8d-b2b8-a75bd7d0dc04,Ardmore SMWS 66.33 - SMWS 66.33,0.95,MERGE,smws_code linked to existing whisky_id in production.db (flavor_evidence/promotion_ready),P127.5,MERGE
66.35,"Highland, Eastern",,,f8576ff5-fced-5d2a-9669-d8b4ec279255,Ardmore SMWS 66.35 - SMWS 66.35,0.95,MERGE,smws_code linked to existing whisky_id in production.db (flavor_evidence/promotion_ready),P127.5,MERGE
66.38,"Highland, Eastern",,,0a887b33-5aa5-5b35-8926-ef5eaeb9adb7,Ardmore SMWS 66.38 - SMWS 66.38,0.95,MERGE,smws_code linked to existing whisky_id in production.db (flavor_evidence/promotion_ready),P127.5,MERGE
66.42,"Speyside, Deveron",,,ca9e0464-af5c-543a-a8c6-6882f5bd64d0,Ardmore SMWS 66.42 - SMWS 66.42,0.95,MERGE,smws_code linked to existing whisky_id in production.db (flavor_evidence/promotion_ready),P127.5,MERGE
66.44,"Speyside, Deveron",,,f8606bf9-98cf-57dc-982b-517ed63dfe62,Ardmore SMWS 66.44 - SMWS 66.44,0.95,MERGE,smws_code linked to existing whisky_id in production.db (flavor_evidence/promotion_ready),P127.5,MERGE
66.46,"Highland, Eastern",,,5a1f5982-ab45-5817-bd30-555c7d76894c,Ardmore SMWS 66.46 - SMWS 66.46,0.95,MERGE,smws_code linked to existing whisky_id in production.db (flavor_evidence/promotion_ready),P127.5,MERGE
66.47,"Highland, Eastern",,,8db39548-50e3-51f6-87dc-ca1fdf263e06,Ardmore SMWS 66.47 - SMWS 66.47,0.95,MERGE,smws_code linked to existing whisky_id in production.db (flavor_evidence/promotion_ready),P127.5,MERGE
66.49,"Highland, Eastern",,,5113f64a-ab5f-512f-ac73-1a7c5d6cfd54,Ardmore SMWS 66.49 - SMWS 66.49,0.95,MERGE,smws_code linked to existing whisky_id in production.db (flavor_evidence/promotion_ready),P127.5,MERGE
66.50,"Highland, Eastern",,,003ad896-ff8c-513e-b983-26330f7873cc,Ardmore SMWS 66.50 - SMWS 66.50,0.95,MERGE,smws_code linked to existing whisky_id in production.db (flavor_evidence/promotion_ready),P127.5,MERGE
66.54,"Highland, Eastern",,,10d0f418-ac1c-5558-a884-3a2d5319526b,Ardmore SMWS 66.54 - SMWS 66.54,0.95,MERGE,smws_code linked to existing whisky_id in production.db (flavor_evidence/promotion_ready),P127.5,MERGE
66.59,L I G H T LY P E AT E D,,,07367bd2-7af5-5b27-8dc7-6a6cd9bc2fce,Ardmore SMWS 66.59 - SMWS 66.59,0.95,MERGE,smws_code linked to existing whisky_id in production.db (flavor_evidence/promotion_ready),P127.5,MERGE
66.62,O I LY & C OA S TA L,,,d68e08d8-7767-5ea3-afad-70d0ab12b8cb,Ardmore SMWS 66.62 - SMWS 66.62,0.95,MERGE,smws_code linked to existing whisky_id in production.db (flavor_evidence/promotion_ready),P127.5,MERGE
66.65,H E AV I LY P E AT E D,,,33d8c3cd-e69f-5cc4-a5d9-f45f76db41ef,Ardmore SMWS 66.65 - SMWS 66.65,0.95,MERGE,smws_code linked to existing whisky_id in production.db (flavor_evidence/promotion_ready),P127.5,MERGE
66.67,L I G H T LY P E AT E D,,,6e03dc86-a730-58b4-9c57-95febe213473,Ardmore SMWS 66.67 - SMWS 66.67,0.95,MERGE,smws_code linked to existing whisky_id in production.db (flavor_evidence/promotion_ready),P127.5,MERGE
66.84,LIGHTLY PEATED,,,51e65455-edaf-5f32-a2b2-940fde378821,Ardmore SMWS 66.84 - SMWS 66.84,0.95,MERGE,smws_code linked to existing whisky_id in production.db (flavor_evidence/promotion_ready),P127.5,MERGE
66.90,PEATED,,,a3c6cd0a-c560-54d1-900a-9bbc96a86862,Ardmore SMWS 66.90 - SMWS 66.90,0.95,MERGE,smws_code linked to existing whisky_id in production.db (flavor_evidence/promotion_ready),P127.5,MERGE
68.9,"Apple Strudel, Dark Chocolate and Espresso",,,98c5807f-5dfd-5aa7-a177-9f479bd71266,"Blair Athol SMWS 68.9 - Apple Strudel, Dark Chocolate and Espresso",0.95,MERGE,smws_code linked to existing whisky_id in production.db (flavor_evidence/promotion_ready),P127.5,MERGE
70.10,"Highland, Northern",,,0da77f45-86ad-55d0-b850-f0288859a360,Balblair SMWS 70.10 - SMWS 70.10,0.95,MERGE,smws_code linked to existing whisky_id in production.db (flavor_evidence/promotion_ready),P127.5,MERGE
70.12,YO U N G & S P R I T E LY,,,094b5ceb-44ee-5701-b034-c068606564f8,Balblair SMWS 70.12 - SMWS 70.12,0.95,MERGE,smws_code linked to existing whisky_id in production.db (flavor_evidence/promotion_ready),P127.5,MERGE
70.13,YO U N G & S P R I T E LY,,,903f4428-d7b6-5f6d-99ba-bebe5cf4f865,Balblair SMWS 70.13 - SMWS 70.13,0.95,MERGE,smws_code linked to existing whisky_id in production.db (flavor_evidence/promotion_ready),P127.5,MERGE
70.8,"Highland, Northern",,,e8f62e02-e7d7-521d-be39-ab07f29b9165,Balblair SMWS 70.8 - SMWS 70.8,0.95,MERGE,smws_code linked to existing whisky_id in production.db (flavor_evidence/promotion_ready),P127.5,MERGE
71.30,Macadamia and Medicine,,,61feb702-492b-5674-b911-5ae85fe3918d,Glenburgie SMWS 71.30 - Macadamia and Medicine,0.95,MERGE,smws_code linked to existing whisky_id in production.db (flavor_evidence/promotion_ready),P127.5,MERGE
71.33,"Highlands, Speyside (Findhorn)",Glen Craig,,acf667d2-4834-5850-a161-124d162e118b,Glenburgie SMWS 71.33 - SMWS 71.33,0.95,MERGE,smws_code linked to existing whisky_id in production.db (flavor_evidence/promotion_ready),P127.5,MERGE
71.34,"Highlands, Speyside (Findhorn)",,,96c03c86-ec05-545c-ae61-95e0a6962f6a,Glenburgie SMWS 71.34 - SMWS 71.34,0.95,MERGE,smws_code linked to existing whisky_id in production.db (flavor_evidence/promotion_ready),P127.5,MERGE
71.35,"Speyside, Lossie",,,7433c595-2faf-59e1-b1c7-68efc3409d34,Glenburgie SMWS 71.35 - SMWS 71.35,0.95,MERGE,smws_code linked to existing whisky_id in production.db (flavor_evidence/promotion_ready),P127.5,MERGE
71.38,"Speyside, Lossie",,,bce07d6a-1f60-5499-9e6c-59ea276d8d86,Glenburgie SMWS 71.38 - SMWS 71.38,0.95,MERGE,smws_code linked to existing whisky_id in production.db (flavor_evidence/promotion_ready),P127.5,MERGE
71.40,"Speyside, Lossie",,,0eb2c004-ff1c-57fa-985b-03271491f196,Glenburgie SMWS 71.40 - SMWS 71.40,0.95,MERGE,smws_code linked to existing whisky_id in production.db (flavor_evidence/promotion_ready),P127.5,MERGE
71.41,"DEEP, RICH & DRIED FRUITS",,,08888c37-9fc1-590c-9147-6c4cec08d9fa,Glenburgie SMWS 71.41 - SMWS 71.41,0.95,MERGE,smws_code linked to existing whisky_id in production.db (flavor_evidence/promotion_ready),P127.5,MERGE
71.42,SPICY & DRY,,,932686e9-a892-5876-848c-8eaa8e72cabb,Glenburgie SMWS 71.42 - SMWS 71.42,0.95,MERGE,smws_code linked to existing whisky_id in production.db (flavor_evidence/promotion_ready),P127.5,MERGE
72.22,"Highlands, Speyside (Lossie)",Glen of,,bc8e3289-0ab7-57d9-8b9a-42554754f4d5,Miltonduff SMWS 72.22 - SMWS 72.22,0.95,MERGE,smws_code linked to existing whisky_id in production.db (flavor_evidence/promotion_ready),P127.5,MERGE
72.24,"Speyside, Lossie",,,fc17fc25-f5ce-5afb-8926-190c8f6d006d,Miltonduff SMWS 72.24 - SMWS 72.24,0.95,MERGE,smws_code linked to existing whisky_id in production.db (flavor_evidence/promotion_ready),P127.5,MERGE
72.25,"Speyside, Lossie",,,7602cca3-5fce-5890-b0c8-87dc7621a683,Miltonduff SMWS 72.25 - SMWS 72.25,0.95,MERGE,smws_code linked to existing whisky_id in production.db (flavor_evidence/promotion_ready),P127.5,MERGE
72.29,"Speyside, Lossie",,,8e16168f-3257-5638-ac7b-7e31fc0a9f3e,Miltonduff SMWS 72.29 - SMWS 72.29,0.95,MERGE,smws_code linked to existing whisky_id in production.db (flavor_evidence/promotion_ready),P127.5,MERGE
72.34,"Speyside, Lossie",,,c45f760d-d60c-5016-8d27-e0934ef882aa,Miltonduff SMWS 72.34 - SMWS 72.34,0.95,MERGE,smws_code linked to existing whisky_id in production.db (flavor_evidence/promotion_ready),P127.5,MERGE
72.38,"Speyside, Lossie",,,ca1fe3c6-a0eb-5dd7-a92a-de5c475cdf59,Miltonduff SMWS 72.38 - SMWS 72.38,0.95,MERGE,smws_code linked to existing whisky_id in production.db (flavor_evidence/promotion_ready),P127.5,MERGE
72.39,"Speyside, Lossie",,,7f7c7191-50b2-52e6-a84f-226071d1c41b,Miltonduff SMWS 72.39 - SMWS 72.39,0.95,MERGE,smws_code linked to existing whisky_id in production.db (flavor_evidence/promotion_ready),P127.5,MERGE
72.41,"Speyside, Lossie",,,adaae249-2a59-5059-aa4d-09eff1f0f0af,Miltonduff SMWS 72.41 - SMWS 72.41,0.95,MERGE,smws_code linked to existing whisky_id in production.db (flavor_evidence/promotion_ready),P127.5,MERGE
72.43,"Speyside, Lossie",,,2e954436-5611-52fc-a7aa-68ae5303ce3d,Miltonduff SMWS 72.43 - SMWS 72.43,0.95,MERGE,smws_code linked to existing whisky_id in production.db (flavor_evidence/promotion_ready),P127.5,MERGE
72.45,"SW E E T, F R U I T Y & M E L LOW",,,ab1acf78-01da-5510-8850-5a7dd3f9c627,Miltonduff SMWS 72.45 - SMWS 72.45,0.95,MERGE,smws_code linked to existing whisky_id in production.db (flavor_evidence/promotion_ready),P127.5,MERGE
72.47,"DEEP, RICH & DRIED FRUITS",,,fc8f57db-14b0-510a-8403-655d55bc07ff,Miltonduff SMWS 72.47 - BURNT SPOTTED DICK,0.95,MERGE,smws_code linked to existing whisky_id in production.db (flavor_evidence/promotion_ready),P127.5,MERGE
73.30,A private membership club,,,752ca0b5-c422-52fd-951e-a9673675b22d,Aultmore SMWS 73.30 - Extremely Fresh,0.95,MERGE,smws_code linked to existing whisky_id in production.db (flavor_evidence/promotion_ready),P127.5,MERGE
73.35,"Highlands, Speyside (Isla)",,,fa771b36-e4d3-5220-9bc8-0617a8448f30,Aultmore SMWS 73.35 - SMWS 73.35,0.95,MERGE,smws_code linked to existing whisky_id in production.db (flavor_evidence/promotion_ready),P127.5,MERGE
73.36,"Highlands, Speyside (Isla)",,,f3f011f2-b25d-5179-8c04-076fc2a85544,Aultmore SMWS 73.36 - SMWS 73.36,0.95,MERGE,smws_code linked to existing whisky_id in production.db (flavor_evidence/promotion_ready),P127.5,MERGE
73.40,"Highlands, Speyside (Isla)",,,7910972e-e232-5dba-915d-ef3f08fa2fb0,Aultmore SMWS 73.40 - SMWS 73.40,0.95,MERGE,smws_code linked to existing whisky_id in production.db (flavor_evidence/promotion_ready),P127.5,MERGE
73.45,"Highlands, Speyside (Isla)",,,8e2907f2-6c13-5ac0-a1d3-aac059598b90,Aultmore SMWS 73.45 - SMWS 73.45,0.95,MERGE,smws_code linked to existing whisky_id in production.db (flavor_evidence/promotion_ready),P127.5,MERGE
73.46,"Highlands, Speyside (Isla)",,,e18688e2-f4bf-5bd5-a3de-095ea7c12f5b,Aultmore SMWS 73.46 - SMWS 73.46,0.95,MERGE,smws_code linked to existing whisky_id in production.db (flavor_evidence/promotion_ready),P127.5,MERGE
73.47,"Speyside, Deveron",,,e5798dbd-bd37-50b6-acb8-0e3b106dd468,Aultmore SMWS 73.47 - SMWS 73.47,0.95,MERGE,smws_code linked to existing whisky_id in production.db (flavor_evidence/promotion_ready),P127.5,MERGE
73.50,"Speyside, Deveron",,,64a27f21-5d90-5b2a-8658-10e1206fc801,"Aultmore SMWS 73.50 - Oozing with rich
biscuity notes",0.95,MERGE,smws_code linked to existing whisky_id in production.db (flavor_evidence/promotion_ready),P127.5,MERGE
73.52,"Speyside, Deveron",,,411557a7-174a-56a5-9ff7-a4df831c49e5,Aultmore SMWS 73.52 - SMWS 73.52,0.95,MERGE,smws_code linked to existing whisky_id in production.db (flavor_evidence/promotion_ready),P127.5,MERGE
73.53,"Highlands, Speyside",,,89d05ac8-33ab-510a-b455-24233ab73114,Aultmore SMWS 73.53 - SMWS 73.53,0.95,MERGE,smws_code linked to existing whisky_id in production.db (flavor_evidence/promotion_ready),P127.5,MERGE
73.54,"Speyside, Deveron",,,0dccc341-154b-5284-962c-a6bd0040f621,Aultmore SMWS 73.54 - SMWS 73.54,0.95,MERGE,smws_code linked to existing whisky_id in production.db (flavor_evidence/promotion_ready),P127.5,MERGE
73.56,"Speyside, Deveron",,,fe67b7c9-ffc7-58ae-84fa-1382508a5218,Aultmore SMWS 73.56 - SMWS 73.56,0.95,MERGE,smws_code linked to existing whisky_id in production.db (flavor_evidence/promotion_ready),P127.5,MERGE
73.60,"Speyside, Deveron",,,4a01c82a-3db3-5c8f-be3f-8e44c303493c,Aultmore SMWS 73.60 - SMWS 73.60,0.95,MERGE,smws_code linked to existing whisky_id in production.db (flavor_evidence/promotion_ready),P127.5,MERGE
73.61,"Speyside, Deveron",,,1bc81389-4831-5bd2-b761-971e178944b2,Aultmore SMWS 73.61 - SMWS 73.61,0.95,MERGE,smws_code linked to existing whisky_id in production.db (flavor_evidence/promotion_ready),P127.5,MERGE
73.63,"Speyside, Deveron",,,f9819506-4d77-5333-be41-077267d308d5,Aultmore SMWS 73.63 - SMWS 73.63,0.95,MERGE,smws_code linked to existing whisky_id in production.db (flavor_evidence/promotion_ready),P127.5,MERGE
73.64,"Speyside, Deveron",,,30edb3eb-bfa3-5b61-8975-9c01b5fae902,Aultmore SMWS 73.64 - SMWS 73.64,0.95,MERGE,smws_code linked to existing whisky_id in production.db (flavor_evidence/promotion_ready),P127.5,MERGE
73.65,"Speyside, Deveron",,,16695efa-7910-552d-ac74-1b768a2ea41a,Aultmore SMWS 73.65 - SMWS 73.65,0.95,MERGE,smws_code linked to existing whisky_id in production.db (flavor_evidence/promotion_ready),P127.5,MERGE
73.69,"Speyside, Deveron",,,ee9c20f2-430a-5a05-b317-f9a70aabe36f,Aultmore SMWS 73.69 - SMWS 73.69,0.95,MERGE,smws_code linked to existing whisky_id in production.db (flavor_evidence/promotion_ready),P127.5,MERGE
73.72,"SWEET, FRUITY & MELLOW",,,659fa17f-9402-5b4c-98bc-efe4cdcd0639,Aultmore SMWS 73.72 - SMWS 73.72,0.95,MERGE,smws_code linked to existing whisky_id in production.db (flavor_evidence/promotion_ready),P127.5,MERGE
76.102,"Speyside, Spey",,,64bece66-a276-59cd-85e0-116eac0fe3fb,Mortlach SMWS 76.102 - SMWS 76.102,0.95,MERGE,smws_code linked to existing whisky_id in production.db (flavor_evidence/promotion_ready),P127.5,MERGE
76.105,"Speyside, Spey",,,221c78dd-bb71-5195-bd7f-0ed89a61bf3c,Mortlach SMWS 76.105 - SMWS 76.105,0.95,MERGE,smws_code linked to existing whisky_id in production.db (flavor_evidence/promotion_ready),P127.5,MERGE
76.109,"Speyside, Spey",,,a8d7748f-0f85-5d44-863a-0505f8fe138e,Mortlach SMWS 76.109 - SMWS 76.109,0.95,MERGE,smws_code linked to existing whisky_id in production.db (flavor_evidence/promotion_ready),P127.5,MERGE
76.113,"Speyside, Spey",,,f34d1084-aceb-5e69-aa4c-3d706a26afcd,Mortlach SMWS 76.113 - SMWS 76.113,0.95,MERGE,smws_code linked to existing whisky_id in production.db (flavor_evidence/promotion_ready),P127.5,MERGE
76.114,"Speyside, Spey",,,219ebc0e-daa5-51ab-8faa-05c8d6c4820f,Mortlach SMWS 76.114 - SMWS 76.114,0.95,MERGE,smws_code linked to existing whisky_id in production.db (flavor_evidence/promotion_ready),P127.5,MERGE
76.118,"SW E E T, F R U I T Y & M E L LOW",,,0c56eb49-b5da-5493-b1ff-c097bcda1408,Mortlach SMWS 76.118 - SMWS 76.118,0.95,MERGE,smws_code linked to existing whisky_id in production.db (flavor_evidence/promotion_ready),P127.5,MERGE
76.119,"Speyside, Spey",,,2e8dc7db-7fb6-5efc-898f-4dcf24d7fc7a,Mortlach SMWS 76.119 - SMWS 76.119,0.95,MERGE,smws_code linked to existing whisky_id in production.db (flavor_evidence/promotion_ready),P127.5,MERGE
76.120,"Speyside, Spey",,,0280ab12-6806-55fd-a2c4-5f2312fb186a,Mortlach SMWS 76.120 - SMWS 76.120,0.95,MERGE,smws_code linked to existing whisky_id in production.db (flavor_evidence/promotion_ready),P127.5,MERGE
76.124,OLD & DIGNIFIED,,,bef097ab-93a1-529c-b120-7fd87b6120ca,Mortlach SMWS 76.124 - SMWS 76.124,0.95,MERGE,smws_code linked to existing whisky_id in production.db (flavor_evidence/promotion_ready),P127.5,MERGE
76.125,SPICY & SWEET,,,9dc633f5-ba81-56d7-974d-c53755c4717a,Mortlach SMWS 76.125 - SMWS 76.125,0.95,MERGE,smws_code linked to existing whisky_id in production.db (flavor_evidence/promotion_ready),P127.5,MERGE
76.126,OLD & DIGNIFIED,,,5f4f2d5f-070a-50c4-a62a-aa719e3c30e2,Mortlach SMWS 76.126 - SMWS 76.126,0.95,MERGE,smws_code linked to existing whisky_id in production.db (flavor_evidence/promotion_ready),P127.5,MERGE
76.50,Elegant and Complex,,,741ae3e7-d2db-53fb-9dae-37d261992741,Mortlach SMWS 76.50 - Elegant and Complex,0.95,MERGE,smws_code linked to existing whisky_id in production.db (flavor_evidence/promotion_ready),P127.5,MERGE
76.65,"Highlands, Speyside (Dufftown)",,,0a22e0a5-c1ea-5b81-b5ae-88bd79521596,Mortlach SMWS 76.65 - SMWS 76.65,0.95,MERGE,smws_code linked to existing whisky_id in production.db (flavor_evidence/promotion_ready),P127.5,MERGE
76.68,"Highlands, Speyside (Dufftown)",,,c0b90a52-c229-5089-ab19-85bce0b1c238,Mortlach SMWS 76.68 - burnt toffee rolled in charcoal,0.95,MERGE,smws_code linked to existing whisky_id in production.db (flavor_evidence/promotion_ready),P127.5,MERGE
76.74,"Highlands, Speyside (Dufftown)",,,6fcc98cd-2e99-592a-8843-916dc6e0ee1a,Mortlach SMWS 76.74 - SMWS 76.74,0.95,MERGE,smws_code linked to existing whisky_id in production.db (flavor_evidence/promotion_ready),P127.5,MERGE
76.80,"Highlands, Speyside (Dufftown)",,,3dd332bd-8e00-50bb-a3a5-69e382ecb5b2,Mortlach SMWS 76.80 - SMWS 76.80,0.95,MERGE,smws_code linked to existing whisky_id in production.db (flavor_evidence/promotion_ready),P127.5,MERGE
76.81,"Highlands, Speyside (Dufftown)",,,10b6adca-257b-5eeb-a9d0-747a44a007f6,Mortlach SMWS 76.81 - SMWS 76.81,0.95,MERGE,smws_code linked to existing whisky_id in production.db (flavor_evidence/promotion_ready),P127.5,MERGE
76.84,"Highlands, Speyside (Dufftown)",,,549cadc7-e9b9-516a-8616-09d62dc14bf0,Mortlach SMWS 76.84 - SMWS 76.84,0.95,MERGE,smws_code linked to existing whisky_id in production.db (flavor_evidence/promotion_ready),P127.5,MERGE
76.85,"Speyside, Spey",,,2f459f94-f840-5e81-94f2-609a527e9ae0,Mortlach SMWS 76.85 - SMWS 76.85,0.95,MERGE,smws_code linked to existing whisky_id in production.db (flavor_evidence/promotion_ready),P127.5,MERGE
76.86,"Speyside, Spey",,,c67fbbe5-64e6-5ad6-8b88-49c53ec76e5f,Mortlach SMWS 76.86 - SMWS 76.86,0.95,MERGE,smws_code linked to existing whisky_id in production.db (flavor_evidence/promotion_ready),P127.5,MERGE
76.94,"Speyside, Spey",,,ab03948b-3bbf-5756-a153-4fc2c3a76be9,Mortlach SMWS 76.94 - SMWS 76.94,0.95,MERGE,smws_code linked to existing whisky_id in production.db (flavor_evidence/promotion_ready),P127.5,MERGE
76.96,"Speyside, Spey",,,cc5dce24-ab72-5240-8b3d-f6eb89f15751,Mortlach SMWS 76.96 - SMWS 76.96,0.95,MERGE,smws_code linked to existing whisky_id in production.db (flavor_evidence/promotion_ready),P127.5,MERGE
76.98,"Speyside, Spey",,,5481dcb4-a598-57f4-b634-0a2e4256aa3d,Mortlach SMWS 76.98 - SMWS 76.98,0.95,MERGE,smws_code linked to existing whisky_id in production.db (flavor_evidence/promotion_ready),P127.5,MERGE
76.99,"Speyside, Spey",,,7c33a44c-e616-56d7-b62c-b00c06c9421a,Mortlach SMWS 76.99 - SMWS 76.99,0.95,MERGE,smws_code linked to existing whisky_id in production.db (flavor_evidence/promotion_ready),P127.5,MERGE
77.18,"Highlands, Northern Highlands",,,4ab82ff5-abef-551c-b8cf-6b145556807a,"Glen Ord SMWS 77.18 - a camp-
fire extinguished by rain,",0.95,MERGE,smws_code linked to existing whisky_id in production.db (flavor_evidence/promotion_ready),P127.5,MERGE
77.23,"Highlands, Northern Highlands",,,19855d22-d283-544c-a121-614fa26f6d2e,Glen Ord SMWS 77.23 - SMWS 77.23,0.95,MERGE,smws_code linked to existing whisky_id in production.db (flavor_evidence/promotion_ready),P127.5,MERGE
77.25,"Highlands, Northern Highlands",,,d1981713-e98c-5f54-81a0-2b2896907de6,Glen Ord SMWS 77.25 - SMWS 77.25,0.95,MERGE,smws_code linked to existing whisky_id in production.db (flavor_evidence/promotion_ready),P127.5,MERGE
77.27,"Highlands, Northern Highlands",,,da27ee95-83e4-504a-88eb-0806692b48cb,Glen Ord SMWS 77.27 - SMWS 77.27,0.95,MERGE,smws_code linked to existing whisky_id in production.db (flavor_evidence/promotion_ready),P127.5,MERGE
77.28,"Highland, Northern",,,cf2068aa-0fac-581e-9846-b083de235ac5,Glen Ord SMWS 77.28 - SMWS 77.28,0.95,MERGE,smws_code linked to existing whisky_id in production.db (flavor_evidence/promotion_ready),P127.5,MERGE
77.30,"Highland, Northern",,,6cb6a8ef-a2c6-530d-b1fe-473f6d2028b9,Glen Ord SMWS 77.30 - SMWS 77.30,0.95,MERGE,smws_code linked to existing whisky_id in production.db (flavor_evidence/promotion_ready),P127.5,MERGE
77.33,"Highland, Northern",,,ee70ee48-d0ee-5c67-a09d-1476f49706b6,Glen Ord SMWS 77.33 - SMWS 77.33,0.95,MERGE,smws_code linked to existing whisky_id in production.db (flavor_evidence/promotion_ready),P127.5,MERGE
77.35,"Highland, Northern",,,39507de9-8840-575a-8cfe-228d45578d40,Glen Ord SMWS 77.35 - SMWS 77.35,0.95,MERGE,smws_code linked to existing whisky_id in production.db (flavor_evidence/promotion_ready),P127.5,MERGE
78.40,"Highland, Western",,,ed611e8d-52c4-5ee8-a5cd-39c766619fab,Ben Nevis SMWS 78.40 - SMWS 78.40,0.95,MERGE,smws_code linked to existing whisky_id in production.db (flavor_evidence/promotion_ready),P127.5,MERGE
81.11,A Full on Demonstration of Sherry Maturation,,,332742fb-7e74-54ea-b106-ef4891386b98,Glen Keith SMWS 81.11 - A Full on Demonstration of Sherry Maturation,0.95,MERGE,smws_code linked to existing whisky_id in production.db (flavor_evidence/promotion_ready),P127.5,MERGE
81.14,"Coffee, Toffee and Fudge",,,b5e4ba52-de1f-527a-81f7-87f07b3560e9,"Glen Keith SMWS 81.14 - Coffee, Toffee and Fudge",0.95,MERGE,smws_code linked to existing whisky_id in production.db (flavor_evidence/promotion_ready),P127.5,MERGE
81.9,Cloves and Old Medicine Cupboards,,,9e1c7d21-d46e-501f-b4db-cb9c49b927e2,Glen Keith SMWS 81.9 - Cloves and Old Medicine Cupboards,0.95,MERGE,smws_code linked to existing whisky_id in production.db (flavor_evidence/promotion_ready),P127.5,MERGE
82.19,"Highlands, Eastern Highlands",,,82b4b3aa-0e01-50cc-baf0-9c7833bb4889,Glencadam SMWS 82.19 - SMWS 82.19,0.95,MERGE,smws_code linked to existing whisky_id in production.db (flavor_evidence/promotion_ready),P127.5,MERGE
82.20,"DEEP, RICH & DRIED FRUITS",,,104887c8-abd6-5fae-becf-239ad918692a,Glencadam SMWS 82.20 - SMWS 82.20,0.95,MERGE,smws_code linked to existing whisky_id in production.db (flavor_evidence/promotion_ready),P127.5,MERGE
84.12,"Highlands, Speyside (Dufftown)",,,77c09b79-6362-5af1-91de-efd402793afe,Glendullan SMWS 84.12 - SMWS 84.12,0.95,MERGE,smws_code linked to existing whisky_id in production.db (flavor_evidence/promotion_ready),P127.5,MERGE
84.15,"Speyside, Spey",,,a476297a-52c4-5ea1-b5d3-e71272f798d7,Glendullan SMWS 84.15 - SMWS 84.15,0.95,MERGE,smws_code linked to existing whisky_id in production.db (flavor_evidence/promotion_ready),P127.5,MERGE
84.16,"Speyside, Spey",,,f76b4f4e-43c3-5527-aac8-d588a46256ae,Glendullan SMWS 84.16 - SMWS 84.16,0.95,MERGE,smws_code linked to existing whisky_id in production.db (flavor_evidence/promotion_ready),P127.5,MERGE
84.18,SPICY & SWEET,,,fd6370a3-9f51-5217-b71d-e3acf90b390f,Glendullan SMWS 84.18 - SMWS 84.18,0.95,MERGE,smws_code linked to existing whisky_id in production.db (flavor_evidence/promotion_ready),P127.5,MERGE
84.9,Pumpkin Spice,,,68029326-80e1-58d6-b7ad-e3f741a03fde,Glendullan SMWS 84.9 - Pumpkin Spice,0.95,MERGE,smws_code linked to existing whisky_id in production.db (flavor_evidence/promotion_ready),P127.5,MERGE
85.20,"Highlands, Speyside (Lossie)",,,c30c9832-554a-5c5d-af13-9971a95e97dd,"Glen Elgin SMWS 85.20 - treacle on
old sandshoes",0.95,MERGE,smws_code linked to existing whisky_id in production.db (flavor_evidence/promotion_ready),P127.5,MERGE
85.22,"Highlands, Speyside (Lossie)",,,a7bde329-5296-5cf5-a9cb-367459f8e0a6,Glen Elgin SMWS 85.22 - SMWS 85.22,0.95,MERGE,smws_code linked to existing whisky_id in production.db (flavor_evidence/promotion_ready),P127.5,MERGE
85.23,"Highlands, Speyside (Lossie)",,,116dcdfc-c858-5bfd-aa9d-d3a78211ff7a,Glen Elgin SMWS 85.23 - SMWS 85.23,0.95,MERGE,smws_code linked to existing whisky_id in production.db (flavor_evidence/promotion_ready),P127.5,MERGE
85.25,"Speyside, Lossie",,,0995b0b0-eefd-5387-92cf-f2375ccb7322,Glen Elgin SMWS 85.25 - SMWS 85.25,0.95,MERGE,smws_code linked to existing whisky_id in production.db (flavor_evidence/promotion_ready),P127.5,MERGE
85.28,"Speyside, Lossie",,,ee0ad751-8b26-56f4-8bf6-0554a423bc61,Glen Elgin SMWS 85.28 - SMWS 85.28,0.95,MERGE,smws_code linked to existing whisky_id in production.db (flavor_evidence/promotion_ready),P127.5,MERGE
85.29,"SW E E T, F R U I T Y & M E L LOW",,,d4172067-7833-5b17-9570-3cb93f05c752,Glen Elgin SMWS 85.29 - SMWS 85.29,0.95,MERGE,smws_code linked to existing whisky_id in production.db (flavor_evidence/promotion_ready),P127.5,MERGE
85.32,YO U N G & S P R I T E LY,,,4968639a-5c6f-5170-a24f-491787ad174d,Glen Elgin SMWS 85.32 - SMWS 85.32,0.95,MERGE,smws_code linked to existing whisky_id in production.db (flavor_evidence/promotion_ready),P127.5,MERGE
90.12,"Highlands, Speyside (Dufftown)",,,3a3722df-f44d-5007-ac82-7ad965e4d906,Pittyvaich SMWS 90.12 - salt and stones,0.95,MERGE,smws_code linked to existing whisky_id in production.db (flavor_evidence/promotion_ready),P127.5,MERGE
93.23,Heavenly Harbour,,,383db153-5ff5-55af-b798-483269f9139d,Glen Scotia SMWS 93.23 - Heavenly Harbour,0.95,MERGE,smws_code linked to existing whisky_id in production.db (flavor_evidence/promotion_ready),P127.5,MERGE
93.26,Ginger Surprise,,,6930804a-cb30-545b-b9bf-a071bde3cf2d,Glen Scotia SMWS 93.26 - Ginger Surprise,0.95,MERGE,smws_code linked to existing whisky_id in production.db (flavor_evidence/promotion_ready),P127.5,MERGE
93.27,Honeycomb and Fudge,,,8f1ebd93-a589-5854-b4c9-d477829f0a8b,Glen Scotia SMWS 93.27 - Honeycomb and Fudge,0.95,MERGE,smws_code linked to existing whisky_id in production.db (flavor_evidence/promotion_ready),P127.5,MERGE
93.36,Campbeltown,,,4d5cc295-60dc-550a-877c-1dadbf07cc1f,Glen Scotia SMWS 93.36 - like whisky chocolate sauce over plum pudding,0.95,MERGE,smws_code linked to existing whisky_id in production.db (flavor_evidence/promotion_ready),P127.5,MERGE
93.37,Campbeltown,,,7734a93e-da20-5711-a082-4511a26dd3b4,Glen Scotia SMWS 93.37 - SMWS 93.37,0.95,MERGE,smws_code linked to existing whisky_id in production.db (flavor_evidence/promotion_ready),P127.5,MERGE
93.39,Campbeltown,,,ee8f6868-3489-5852-8386-c71039cc13c6,Glen Scotia SMWS 93.39 - SMWS 93.39,0.95,MERGE,smws_code linked to existing whisky_id in production.db (flavor_evidence/promotion_ready),P127.5,MERGE
93.44,Campbeltown,,,0f9afeae-b37e-5bc1-af6d-e25c0047c034,Glen Scotia SMWS 93.44 - SMWS 93.44,0.95,MERGE,smws_code linked to existing whisky_id in production.db (flavor_evidence/promotion_ready),P127.5,MERGE
93.46,Campbeltown,,,2676fa53-9a48-500b-be55-022e0b89f713,Glen Scotia SMWS 93.46 - SMWS 93.46,0.95,MERGE,smws_code linked to existing whisky_id in production.db (flavor_evidence/promotion_ready),P127.5,MERGE
93.47,Campbeltown,,,4f332474-6427-59b8-9f51-7305c5115a5d,Glen Scotia SMWS 93.47 - SMWS 93.47,0.95,MERGE,smws_code linked to existing whisky_id in production.db (flavor_evidence/promotion_ready),P127.5,MERGE
93.51,Campbeltown,,,7ab379b2-80af-5a88-82e8-11ee90d344a2,Glen Scotia SMWS 93.51 - SMWS 93.51,0.95,MERGE,smws_code linked to existing whisky_id in production.db (flavor_evidence/promotion_ready),P127.5,MERGE
93.52,Campbeltown,,,dc40d854-3c28-539e-851b-450dacb2ea9a,Glen Scotia SMWS 93.52 - SMWS 93.52,0.95,MERGE,smws_code linked to existing whisky_id in production.db (flavor_evidence/promotion_ready),P127.5,MERGE
93.55,Campbeltown,,,f6d0bff2-8473-598c-bc31-fadcca6d70ed,Glen Scotia SMWS 93.55 - SMWS 93.55,0.95,MERGE,smws_code linked to existing whisky_id in production.db (flavor_evidence/promotion_ready),P127.5,MERGE
93.57,Campbeltown,,,00746183-7cf4-562e-8703-cfb555d5535a,Glen Scotia SMWS 93.57 - SMWS 93.57,0.95,MERGE,smws_code linked to existing whisky_id in production.db (flavor_evidence/promotion_ready),P127.5,MERGE
93.61,Campbeltown,,,68b1a646-fb86-5a55-a3ed-195febe9863f,Glen Scotia SMWS 93.61 - SMWS 93.61,0.95,MERGE,smws_code linked to existing whisky_id in production.db (flavor_evidence/promotion_ready),P127.5,MERGE
93.63,Campbeltown,,,b3f50270-cce5-56af-b16c-8dbb48db390c,Glen Scotia SMWS 93.63 - SMWS 93.63,0.95,MERGE,smws_code linked to existing whisky_id in production.db (flavor_evidence/promotion_ready),P127.5,MERGE
93.64,L I G H T LY P E AT E D,,,a28d8518-7e1a-59b5-8617-c21249581140,Glen Scotia SMWS 93.64 - SMWS 93.64,0.95,MERGE,smws_code linked to existing whisky_id in production.db (flavor_evidence/promotion_ready),P127.5,MERGE
93.66,SPICY & SWEET,,,885ea459-a075-568f-9d27-2b53e5272105,Glen Scotia SMWS 93.66 - SMWS 93.66,0.95,MERGE,smws_code linked to existing whisky_id in production.db (flavor_evidence/promotion_ready),P127.5,MERGE
93.69,O I LY & C OA S TA L,,,3a64b472-c997-531f-ac13-2427ce5cfdc4,Glen Scotia SMWS 93.69 - SMWS 93.69,0.95,MERGE,smws_code linked to existing whisky_id in production.db (flavor_evidence/promotion_ready),P127.5,MERGE
94.4,A Once in a Lifetime Dram,,,09f3e5e3-5c92-526c-b8e1-4b0fc4b7f27d,Fettercairn SMWS 94.4 - A Once in a Lifetime Dram,0.95,MERGE,smws_code linked to existing whisky_id in production.db (flavor_evidence/promotion_ready),P127.5,MERGE
94.4,"Highland, Eastern",,,09f3e5e3-5c92-526c-b8e1-4b0fc4b7f27d,Fettercairn SMWS 94.4 - A Once in a Lifetime Dram,0.95,MERGE,smws_code linked to existing whisky_id in production.db (flavor_evidence/promotion_ready),P127.5,MERGE
95.10,"Highlands, Speyside",,,941c8944-8dc4-5a57-be4a-1777dbf1c180,Auchroisk SMWS 95.10 - SMWS 95.10,0.95,MERGE,smws_code linked to existing whisky_id in production.db (flavor_evidence/promotion_ready),P127.5,MERGE
95.13,"Highlands, Speyside",,,d0d64b84-2480-5b0d-a728-7633642c25aa,Auchroisk SMWS 95.13 - SMWS 95.13,0.95,MERGE,smws_code linked to existing whisky_id in production.db (flavor_evidence/promotion_ready),P127.5,MERGE
95.15,"Speyside, Spey",,,a78b19b9-5976-53ea-a95b-d264da636bb5,Auchroisk SMWS 95.15 - SMWS 95.15,0.95,MERGE,smws_code linked to existing whisky_id in production.db (flavor_evidence/promotion_ready),P127.5,MERGE
95.19,SPICY & SWEET,,,b05d58ed-985f-5d00-bb23-dacff70aab08,Auchroisk SMWS 95.19 - SMWS 95.19,0.95,MERGE,smws_code linked to existing whisky_id in production.db (flavor_evidence/promotion_ready),P127.5,MERGE
95.20,SPICY & SWEET,,,c5d9ea95-7ed8-57f4-8592-40e63a734709,Auchroisk SMWS 95.20 - quiche Lorraine with brown sauce,0.95,MERGE,smws_code linked to existing whisky_id in production.db (flavor_evidence/promotion_ready),P127.5,MERGE
95.7,Spiced Sponge Cake,,,85f639a6-a130-538b-b701-68da13fbc28d,Auchroisk SMWS 95.7 - Spiced Sponge Cake,0.95,MERGE,smws_code linked to existing whisky_id in production.db (flavor_evidence/promotion_ready),P127.5,MERGE
96.9,YOUNG & SPRITELY,,,f15cc4a3-203e-57fc-a44e-a8290ce658f3,GlenDronach SMWS 96.9 - SMWS 96.9,0.95,MERGE,smws_code linked to existing whisky_id in production.db (flavor_evidence/promotion_ready),P127.5,MERGE
97.10,Embark on a Journey,,,319488d7-4dee-5391-a1f0-71a6efbd0bf5,Littlemill SMWS 97.10 - Embark on a Journey,0.95,MERGE,smws_code linked to existing whisky_id in production.db (flavor_evidence/promotion_ready),P127.5,MERGE
97.13,"Lemons, Chillies and Flowers",,,7389e104-5f42-5cf7-8500-9cc05b98c048,"Littlemill SMWS 97.13 - Lemons, Chillies and Flowers",0.95,MERGE,smws_code linked to existing whisky_id in production.db (flavor_evidence/promotion_ready),P127.5,MERGE
97.19,"Lowlands, Western Lowlands",,,3119907a-4791-5cd6-b7f4-0bfa9260601e,Littlemill SMWS 97.19 - SMWS 97.19,0.95,MERGE,smws_code linked to existing whisky_id in production.db (flavor_evidence/promotion_ready),P127.5,MERGE
97.7,A Wholesome Appertif,,,9c699417-4417-54d0-892f-28b1f8cb8b02,Littlemill SMWS 97.7 - A Wholesome Appertif,0.95,MERGE,smws_code linked to existing whisky_id in production.db (flavor_evidence/promotion_ready),P127.5,MERGE
99.11,"Highlands, Eastern Highlands",,,fa070f60-40ed-54a5-aebb-d581129b2e1b,"Glenugie SMWS 99.11 - chewing daf-
fodil bulbs",0.95,MERGE,smws_code linked to existing whisky_id in production.db (flavor_evidence/promotion_ready),P127.5,MERGE
99.12,"Highlands, Eastern Highlands",,,58aba0e1-2345-5f34-9ecc-77a776384492,Glenugie SMWS 99.12 - SMWS 99.12,0.95,MERGE,smws_code linked to existing whisky_id in production.db (flavor_evidence/promotion_ready),P127.5,MERGE
100.10,"Speyside, Deveron",,,99ed4dcf-fb57-5cd8-8067-72e071da1c56,Strathmill SMWS 100.10 - SMWS 100.10,0.95,MERGE,smws_code linked to existing whisky_id in production.db (flavor_evidence/promotion_ready),P127.5,MERGE
100.9,"Highlands, Speyside (Strathisla)",,,f9c3d580-5258-5d75-838b-033316008a87,Strathmill SMWS 100.9 - It's dancing on my tongue,0.95,MERGE,smws_code linked to existing whisky_id in production.db (flavor_evidence/promotion_ready),P127.5,MERGE
104.5,Retsina and Chocolate Limes,,,61ea3423-f370-5b75-b4ad-cc595ad881fb,Glenburgie SMWS 104.5 - Retsina and Chocolate Limes,0.95,MERGE,smws_code linked to existing whisky_id in production.db (flavor_evidence/promotion_ready),P127.5,MERGE
105.10,Orange and Aniseed,,,eec34799-b7ba-51d9-9d85-1e31d79fb37d,Tormore SMWS 105.10 - Orange and Aniseed,0.95,MERGE,smws_code linked to existing whisky_id in production.db (flavor_evidence/promotion_ready),P127.5,MERGE
105.12,"Highlands, Speyside",,,4fc0f173-77cb-5d71-b84b-5b13ea7fa1b6,Tormore SMWS 105.12 - Spooky!,0.95,MERGE,smws_code linked to existing whisky_id in production.db (flavor_evidence/promotion_ready),P127.5,MERGE
105.15,"Highlands, Speyside",,,58d83064-5861-570b-a198-39bb657e6b95,Tormore SMWS 105.15 - SMWS 105.15,0.95,MERGE,smws_code linked to existing whisky_id in production.db (flavor_evidence/promotion_ready),P127.5,MERGE
105.17,"Speyside, Spey",,,86f400bb-59bb-51bc-8d50-28c056e653c7,Tormore SMWS 105.17 - SMWS 105.17,0.95,MERGE,smws_code linked to existing whisky_id in production.db (flavor_evidence/promotion_ready),P127.5,MERGE
105.8,Fudge and Green Ivy,,,1bc43c3b-587f-53f6-a134-44e82d179d20,Tormore SMWS 105.8 - Fudge and Green Ivy,0.95,MERGE,smws_code linked to existing whisky_id in production.db (flavor_evidence/promotion_ready),P127.5,MERGE
106.17,Fresh and Invigorating,Glenturret,,1367015f-559d-53c6-b6d9-f04a3408c1a0,Cardhu SMWS 106.17 - Fresh and Invigorating,0.95,MERGE,smws_code linked to existing whisky_id in production.db (flavor_evidence/promotion_ready),P127.5,MERGE
106.18,"Highlands, Speyside",Glenturret,,71813f07-be84-5637-94d4-704c5c80b477,Cardhu SMWS 106.18 - SMWS 106.18,0.95,MERGE,smws_code linked to existing whisky_id in production.db (flavor_evidence/promotion_ready),P127.5,MERGE
107.6,A Summer Meadow,Laphroaig,,a03064a7-81b2-5658-b4a3-821ce4ffb573,Glenallachie SMWS 107.6 - A Summer Meadow,0.95,MERGE,smws_code linked to existing whisky_id in production.db (flavor_evidence/promotion_ready),P127.5,MERGE
108.7,Boozy Pineapples,Bunnahabhain,,629e3bd9-b38d-5fe6-bccf-8e8db91d912e,Allt-a-Bhainne SMWS 108.7 - Boozy Pineapples,0.95,MERGE,smws_code linked to existing whisky_id in production.db (flavor_evidence/promotion_ready),P127.5,MERGE
112.11,"JUICY, OAK & VANILLA",,,775b7961-e960-5b8c-b37d-ee5a88a00a6c,Loch Lomond SMWS 112.11 - SMWS 112.11,0.95,MERGE,smws_code linked to existing whisky_id in production.db (flavor_evidence/promotion_ready),P127.5,MERGE
112.7,"Highland, Western",,,95c556a9-36de-5187-937d-671083f8989f,Loch Lomond SMWS 112.7 - SMWS 112.7,0.95,MERGE,smws_code linked to existing whisky_id in production.db (flavor_evidence/promotion_ready),P127.5,MERGE
112.8,"Highland, Western",,,5e18c7c5-206e-5096-88cf-f1faada90bd2,Loch Lomond SMWS 112.8 - Vegetarian!,0.95,MERGE,smws_code linked to existing whisky_id in production.db (flavor_evidence/promotion_ready),P127.5,MERGE
113.14,Sinful and Naughty,,,6cf984b4-46ee-5114-a41f-f3f929eaf99a,Braeval SMWS 113.14 - Sinful and Naughty,0.95,MERGE,smws_code linked to existing whisky_id in production.db (flavor_evidence/promotion_ready),P127.5,MERGE
117.5,Ireland,,,24a282b9-b646-5271-89a6-037c3da7dc7f,Cooley SMWS 117.5 - SMWS 117.5,0.95,MERGE,smws_code linked to existing whisky_id in production.db (flavor_evidence/promotion_ready),P127.5,MERGE
121.12,Perfect for a Picnic,,,6b03c73a-4145-560c-8aae-921a89a07b2b,Isle of Arran SMWS 121.12 - Perfect for a Picnic,0.95,MERGE,smws_code linked to existing whisky_id in production.db (flavor_evidence/promotion_ready),P127.5,MERGE
121.30,"Highlands, Arran",Arran,,275af4de-f687-57dc-a1a0-ff3a31986d4a,Isle of Arran SMWS 121.30 - SMWS 121.30,0.95,MERGE,smws_code linked to existing whisky_id in production.db (flavor_evidence/promotion_ready),P127.5,MERGE
121.32,"Highlands, Arran",Arran,,65c1fbdd-cc91-54b1-93e5-5b8333a1247c,Isle of Arran SMWS 121.32 - SMWS 121.32,0.95,MERGE,smws_code linked to existing whisky_id in production.db (flavor_evidence/promotion_ready),P127.5,MERGE
121.38,"Highlands, Arran",Arran,,806f6274-38fd-5002-b1cf-753e1ec00814,Isle of Arran SMWS 121.38 - full on,0.95,MERGE,smws_code linked to existing whisky_id in production.db (flavor_evidence/promotion_ready),P127.5,MERGE
121.42,"Highlands, Arran",Arran,,232c4321-c81d-5719-b92f-62ff50dc52e3,Isle of Arran SMWS 121.42 - SMWS 121.42,0.95,MERGE,smws_code linked to existing whisky_id in production.db (flavor_evidence/promotion_ready),P127.5,MERGE
121.47,"Highlands, Arran",Arran,,f812ec23-95b9-57ec-aa92-37fc7cc805c1,Isle of Arran SMWS 121.47 - SMWS 121.47,0.95,MERGE,smws_code linked to existing whisky_id in production.db (flavor_evidence/promotion_ready),P127.5,MERGE
121.5,Creamy Toffees and Spangles,Springbank,,0490ef4d-b181-5fdb-b375-325b051a4d56,Isle of Arran SMWS 121.5 - Creamy Toffees and Spangles,0.95,MERGE,smws_code linked to existing whisky_id in production.db (flavor_evidence/promotion_ready),P127.5,MERGE
121.52,"Highland, Island",,,85c759b9-d1b1-5bdb-8d08-3d9d67fb7f3e,Isle of Arran SMWS 121.52 - SMWS 121.52,0.95,MERGE,smws_code linked to existing whisky_id in production.db (flavor_evidence/promotion_ready),P127.5,MERGE
121.55,"Highland, Island",,,643b2bfd-143f-5972-9c0d-1646b1fe2c51,Isle of Arran SMWS 121.55 - SMWS 121.55,0.95,MERGE,smws_code linked to existing whisky_id in production.db (flavor_evidence/promotion_ready),P127.5,MERGE
121.57,"Highland, Island",,,04ce1849-cefd-5799-af77-53ae5eeac1aa,Isle of Arran SMWS 121.57 - SMWS 121.57,0.95,MERGE,smws_code linked to existing whisky_id in production.db (flavor_evidence/promotion_ready),P127.5,MERGE
121.61,"Highland, Island",,,ab73dcf3-49b2-5f40-9291-d17d00881e1c,Isle of Arran SMWS 121.61 - SMWS 121.61,0.95,MERGE,smws_code linked to existing whisky_id in production.db (flavor_evidence/promotion_ready),P127.5,MERGE
121.65,"Highland, Island",,,4516f723-86ae-5ecb-9ed5-7915078f513c,Isle of Arran SMWS 121.65 - SMWS 121.65,0.95,MERGE,smws_code linked to existing whisky_id in production.db (flavor_evidence/promotion_ready),P127.5,MERGE
121.67,"Highland, Island",Arran,,620b6b32-f1e9-5fcd-a2a7-14b689f7eb78,Isle of Arran SMWS 121.67 - SMWS 121.67,0.95,MERGE,smws_code linked to existing whisky_id in production.db (flavor_evidence/promotion_ready),P127.5,MERGE
121.71,"Highland, Island",,,07a43842-2f5e-5c40-b700-a8f51b7e2c17,Isle of Arran SMWS 121.71 - SMWS 121.71,0.95,MERGE,smws_code linked to existing whisky_id in production.db (flavor_evidence/promotion_ready),P127.5,MERGE
121.73,"Highland, Island",,,c83b4287-f2be-5883-b1d6-440eb78fe27c,Isle of Arran SMWS 121.73 - SMWS 121.73,0.95,MERGE,smws_code linked to existing whisky_id in production.db (flavor_evidence/promotion_ready),P127.5,MERGE
121.74,"Highland, Island",,,62d73ded-e9ce-516e-b1b8-4409a04ad86b,Isle of Arran SMWS 121.74 - SMWS 121.74,0.95,MERGE,smws_code linked to existing whisky_id in production.db (flavor_evidence/promotion_ready),P127.5,MERGE
121.77,SPICY & SWEET,,,a95bf596-46dc-5bf6-8243-123af1a81f4f,Isle of Arran SMWS 121.77 - SMWS 121.77,0.95,MERGE,smws_code linked to existing whisky_id in production.db (flavor_evidence/promotion_ready),P127.5,MERGE
121.80,SPICY & SWEET,,,68e10f1f-3b18-5dd8-880c-7c687a7473b6,Isle of Arran SMWS 121.80 - SMWS 121.80,0.95,MERGE,smws_code linked to existing whisky_id in production.db (flavor_evidence/promotion_ready),P127.5,MERGE
121.89,"SWEET, FRUITY & MELLOW",,,1b35eb12-f62a-5203-b665-f6ad2c75f660,Isle of Arran SMWS 121.89 - SMWS 121.89,0.95,MERGE,smws_code linked to existing whisky_id in production.db (flavor_evidence/promotion_ready),P127.5,MERGE
122.12,"A Peated Highland Dram"" ""A Peated Highland Dram",,,dbb848a6-7eb6-51d8-af80-023a111fa87b,Loch Lomond SMWS 122.12 - A Peated Highland Dram,0.95,MERGE,smws_code linked to existing whisky_id in production.db (flavor_evidence/promotion_ready),P127.5,MERGE
122.20,"Highlands, Western Highlands",but,,462d11ab-27f1-5ee1-ae2a-9ede549f1041,Loch Lomond SMWS 122.20 - SMWS 122.20,0.95,MERGE,smws_code linked to existing whisky_id in production.db (flavor_evidence/promotion_ready),P127.5,MERGE
123.10,"Highland, Southern",,,ae41eccf-585d-51a7-bc3d-84740a59341d,Glengoyne SMWS 123.10 - SMWS 123.10,0.95,MERGE,smws_code linked to existing whisky_id in production.db (flavor_evidence/promotion_ready),P127.5,MERGE
123.13,"J U I C Y, OA K & VA N I L L A",,,0bf77a63-8c48-5142-8447-3064ddfc0994,Glengoyne SMWS 123.13 - SMWS 123.13,0.95,MERGE,smws_code linked to existing whisky_id in production.db (flavor_evidence/promotion_ready),P127.5,MERGE
123.18,SPICY & SWEET,,,9b96950c-b57a-5a8d-8985-d101aeb14ccc,Glengoyne SMWS 123.18 - SMWS 123.18,0.95,MERGE,smws_code linked to existing whisky_id in production.db (flavor_evidence/promotion_ready),P127.5,MERGE
123.5,"Highlands, Southwest Highlands",,,863941b9-5053-5a93-b7cd-a65db8d2d1d5,"Glengoyne SMWS 123.5 - a
fire-breather's dram",0.95,MERGE,smws_code linked to existing whisky_id in production.db (flavor_evidence/promotion_ready),P127.5,MERGE
123.6,"Highlands, Southwest Highlands",,,b1f69a31-b7d8-5550-be63-da16d1b652a8,Glengoyne SMWS 123.6 - SMWS 123.6,0.95,MERGE,smws_code linked to existing whisky_id in production.db (flavor_evidence/promotion_ready),P127.5,MERGE
123.8,"Highland, Southern",,,16dfd0a5-5971-561e-84f4-5e2d1cbc3b99,Glengoyne SMWS 123.8 - SMWS 123.8,0.95,MERGE,smws_code linked to existing whisky_id in production.db (flavor_evidence/promotion_ready),P127.5,MERGE
123.9,"Highland, Southern",,,e7daaab4-f147-58c2-a490-85d30dc26f57,Glengoyne SMWS 123.9 - SMWS 123.9,0.95,MERGE,smws_code linked to existing whisky_id in production.db (flavor_evidence/promotion_ready),P127.5,MERGE
125.15,A private membership club,,,96a86aa7-1497-5f93-9755-74d58a947f27,Glenmorangie SMWS 125.15 - Sweety Delights,0.95,MERGE,smws_code linked to existing whisky_id in production.db (flavor_evidence/promotion_ready),P127.5,MERGE
125.23,"Highlands, Northern Highlands",,,cdabbd16-817c-5c8e-a9cc-f856ed6769d7,Glenmorangie SMWS 125.23 - SMWS 125.23,0.95,MERGE,smws_code linked to existing whisky_id in production.db (flavor_evidence/promotion_ready),P127.5,MERGE
125.25,"Highlands, Northern Highlands",,,bc847c33-1103-5655-b5c1-36ea43c66417,"Glenmorangie SMWS 125.25 - like chew-
ing a toffee apple stick",0.95,MERGE,smws_code linked to existing whisky_id in production.db (flavor_evidence/promotion_ready),P127.5,MERGE
125.27,"Highlands, Northern Highlands",,,3f3c7b3a-585f-548b-b359-94b6726f1b06,Glenmorangie SMWS 125.27 - SMWS 125.27,0.95,MERGE,smws_code linked to existing whisky_id in production.db (flavor_evidence/promotion_ready),P127.5,MERGE
125.29,"Highlands, Northern Highlands",,,a0e3df1d-ca5a-505a-9256-4b706c45c6fd,Glenmorangie SMWS 125.29 - SMWS 125.29,0.95,MERGE,smws_code linked to existing whisky_id in production.db (flavor_evidence/promotion_ready),P127.5,MERGE
125.38,"Highlands, Northern Highlands",,,56005555-ecad-5ec4-82b9-cf0a577bfedb,Glenmorangie SMWS 125.38 - SMWS 125.38,0.95,MERGE,smws_code linked to existing whisky_id in production.db (flavor_evidence/promotion_ready),P127.5,MERGE
125.44,"Highlands, Northern Highlands",,,30863a05-50e1-5b00-aa7a-9ac342467ad5,Glenmorangie SMWS 125.44 - SMWS 125.44,0.95,MERGE,smws_code linked to existing whisky_id in production.db (flavor_evidence/promotion_ready),P127.5,MERGE
125.47,"Highlands, Northern Highlands",,,66ee047c-3699-5587-887f-7b9ade94fa7a,Glenmorangie SMWS 125.47 - SMWS 125.47,0.95,MERGE,smws_code linked to existing whisky_id in production.db (flavor_evidence/promotion_ready),P127.5,MERGE
125.48,"Highlands, Northern Highlands",,,bcf6a0e2-c9b6-5487-8771-c6c03dd4f5f3,Glenmorangie SMWS 125.48 - SMWS 125.48,0.95,MERGE,smws_code linked to existing whisky_id in production.db (flavor_evidence/promotion_ready),P127.5,MERGE
125.51,"Highland, Northern",,,deeea9b1-bdcf-506c-a841-b49a9bc0b476,Glenmorangie SMWS 125.51 - SMWS 125.51,0.95,MERGE,smws_code linked to existing whisky_id in production.db (flavor_evidence/promotion_ready),P127.5,MERGE
125.56,"Highland, Northern",,,3dcd6ab1-4d7a-5524-beb4-b3dc64037ecd,Glenmorangie SMWS 125.56 - SMWS 125.56,0.95,MERGE,smws_code linked to existing whisky_id in production.db (flavor_evidence/promotion_ready),P127.5,MERGE
125.59,"Highland, Northern",,,4f03178c-c4dd-5d45-aaf6-b658e5b972d1,Glenmorangie SMWS 125.59 - SMWS 125.59,0.95,MERGE,smws_code linked to existing whisky_id in production.db (flavor_evidence/promotion_ready),P127.5,MERGE
125.60,"Highland, Northern",,,68c9536f-0e2b-52cf-91d3-cca4bbb6092c,Glenmorangie SMWS 125.60 - SMWS 125.60,0.95,MERGE,smws_code linked to existing whisky_id in production.db (flavor_evidence/promotion_ready),P127.5,MERGE
125.65,"Highland, Northern",,,d7508c9b-d23c-54f0-9fe7-c548dfbe9dc3,Glenmorangie SMWS 125.65 - SMWS 125.65,0.95,MERGE,smws_code linked to existing whisky_id in production.db (flavor_evidence/promotion_ready),P127.5,MERGE
125.67,"Highland, Northern",,,7a129a19-ffd9-596b-824c-d3a4d3ed0ab7,Glenmorangie SMWS 125.67 - SMWS 125.67,0.95,MERGE,smws_code linked to existing whisky_id in production.db (flavor_evidence/promotion_ready),P127.5,MERGE
125.7,A Lonely Man's Dram,,,0db5e21b-c412-51d2-a2dd-74098738ba8b,Glenmorangie SMWS 125.7 - A Lonely Man's Dram,0.95,MERGE,smws_code linked to existing whisky_id in production.db (flavor_evidence/promotion_ready),P127.5,MERGE
125.70,"Highland, Northern",,,b5deaa5e-087f-59e1-9574-f5aaa6ba8eb9,Glenmorangie SMWS 125.70 - SMWS 125.70,0.95,MERGE,smws_code linked to existing whisky_id in production.db (flavor_evidence/promotion_ready),P127.5,MERGE
125.73,"SW E E T, F R U I T Y & M E L LOW",,,b340942d-5301-5676-9bff-6a26051d6bd2,Glenmorangie SMWS 125.73 - SMWS 125.73,0.95,MERGE,smws_code linked to existing whisky_id in production.db (flavor_evidence/promotion_ready),P127.5,MERGE
125.8,Highly Scoffable,,,75457a81-d010-5484-8d64-e54977f7f1d7,Glenmorangie SMWS 125.8 - Highly Scoffable,0.95,MERGE,smws_code linked to existing whisky_id in production.db (flavor_evidence/promotion_ready),P127.5,MERGE
127.1,"Islay, Loch Indaal",Loch,,96cf9554-001b-51b6-9bff-9df3bcf9c1be,Bruichladdich SMWS 127.1 - licking the kiln,0.95,MERGE,smws_code linked to existing whisky_id in production.db (flavor_evidence/promotion_ready),P127.5,MERGE
127.12,"Islay, Loch Indaal",Loch,,f17ba6a3-6620-5604-9f1e-2e3235ede076,Bruichladdich SMWS 127.12 - SMWS 127.12,0.95,MERGE,smws_code linked to existing whisky_id in production.db (flavor_evidence/promotion_ready),P127.5,MERGE
127.13,"Islay, Loch Indaal",Loch,,119c6a93-c8e2-5a2f-aaa6-4d1ee8c7ec49,Bruichladdich SMWS 127.13 - hit the dirt,0.95,MERGE,smws_code linked to existing whisky_id in production.db (flavor_evidence/promotion_ready),P127.5,MERGE
127.14,Islay,,,77414f74-ce5e-53fe-9820-96ee47e7d3ad,Bruichladdich SMWS 127.14 - SMWS 127.14,0.95,MERGE,smws_code linked to existing whisky_id in production.db (flavor_evidence/promotion_ready),P127.5,MERGE
127.16,Islay,Bruichladdich,,418cece7-9238-55c0-80fc-cf842e4204c7,Bruichladdich SMWS 127.16 - SMWS 127.16,0.95,MERGE,smws_code linked to existing whisky_id in production.db (flavor_evidence/promotion_ready),P127.5,MERGE
127.23,Islay,,,c573a204-a6d4-5dbd-8253-d99e84d89966,Bruichladdich SMWS 127.23 - SMWS 127.23,0.95,MERGE,smws_code linked to existing whisky_id in production.db (flavor_evidence/promotion_ready),P127.5,MERGE
127.24,Islay,,,cac9d1ae-0bae-5766-a32f-b8eb6702d985,Bruichladdich SMWS 127.24 - SMWS 127.24,0.95,MERGE,smws_code linked to existing whisky_id in production.db (flavor_evidence/promotion_ready),P127.5,MERGE
127.26,Islay,,,619ecc49-104c-5b3d-8527-477690263190,Bruichladdich SMWS 127.26 - SMWS 127.26,0.95,MERGE,smws_code linked to existing whisky_id in production.db (flavor_evidence/promotion_ready),P127.5,MERGE
127.27,Islay,,,4774d7b1-f99e-5ed0-b54e-5f6dac5ead08,Bruichladdich SMWS 127.27 - SMWS 127.27,0.95,MERGE,smws_code linked to existing whisky_id in production.db (flavor_evidence/promotion_ready),P127.5,MERGE
127.3,"Islay, Loch Indaal",Loch,,c797ea8f-618a-50d6-80c5-fa5f11448868,Bruichladdich SMWS 127.3 - SMWS 127.3,0.95,MERGE,smws_code linked to existing whisky_id in production.db (flavor_evidence/promotion_ready),P127.5,MERGE
127.31,Islay,,,26a37f2b-0843-5a2e-a8fe-390288687d8e,Bruichladdich SMWS 127.31 - SMWS 127.31,0.95,MERGE,smws_code linked to existing whisky_id in production.db (flavor_evidence/promotion_ready),P127.5,MERGE
127.32,Islay,,,544d8239-2c01-5e68-b3af-c0c4e846e788,Bruichladdich SMWS 127.32 - SMWS 127.32,0.95,MERGE,smws_code linked to existing whisky_id in production.db (flavor_evidence/promotion_ready),P127.5,MERGE
127.34,Islay,,,c59452ea-8bf0-5cdd-bb76-f6e4abf531b7,Bruichladdich SMWS 127.34 - SMWS 127.34,0.95,MERGE,smws_code linked to existing whisky_id in production.db (flavor_evidence/promotion_ready),P127.5,MERGE
127.38,Islay,,,e349007a-3331-5ff0-b64f-6334cd05893a,Bruichladdich SMWS 127.38 - SMWS 127.38,0.95,MERGE,smws_code linked to existing whisky_id in production.db (flavor_evidence/promotion_ready),P127.5,MERGE
127.39,Islay,,,9074648c-a0ec-58db-b5d7-e5677d55b72a,Bruichladdich SMWS 127.39 - SMWS 127.39,0.95,MERGE,smws_code linked to existing whisky_id in production.db (flavor_evidence/promotion_ready),P127.5,MERGE
127.43,Islay,,,d9d30288-9c63-5bcd-a771-3f34a2213932,Bruichladdich SMWS 127.43 - Like kissing a smoker,0.95,MERGE,smws_code linked to existing whisky_id in production.db (flavor_evidence/promotion_ready),P127.5,MERGE
127.7,"Islay, Loch Indaal",Loch,,3e065072-8bc7-5833-84d2-8ef1be27e36c,Bruichladdich SMWS 127.7 - SMWS 127.7,0.95,MERGE,smws_code linked to existing whisky_id in production.db (flavor_evidence/promotion_ready),P127.5,MERGE
127.9,"Islay, Loch Indaal",Loch,,W001645,stagg jr batch 11 (127.9 proof),0.95,MERGE,smws_code linked to existing whisky_id in production.db (flavor_evidence/promotion_ready),P127.5,MERGE
128.2,Welsh,,,be0c8519-9a6d-5425-86ac-cd3c156dee76,Penderyn SMWS 128.2 - oh so creamy,0.95,MERGE,smws_code linked to existing whisky_id in production.db (flavor_evidence/promotion_ready),P127.5,MERGE
128.3,Welsh,,,f054b5b7-53cc-5ced-9412-1cf8b9e8641d,Penderyn SMWS 128.3 - SMWS 128.3,0.95,MERGE,smws_code linked to existing whisky_id in production.db (flavor_evidence/promotion_ready),P127.5,MERGE
128.5,Wales,,,82179330-8ad9-50fa-9730-41192fce0d4d,Penderyn SMWS 128.5 - SMWS 128.5,0.95,MERGE,smws_code linked to existing whisky_id in production.db (flavor_evidence/promotion_ready),P127.5,MERGE
129.1,Islay,,,6f6f9495-5f31-5e8e-9d83-49d809ce9155,Kilchoman SMWS 129.1 - SMWS 129.1,0.95,MERGE,smws_code linked to existing whisky_id in production.db (flavor_evidence/promotion_ready),P127.5,MERGE
129.3,Islay,,,2011247b-c342-5468-b8f6-b03491eda7f4,Kilchoman SMWS 129.3 - SMWS 129.3,0.95,MERGE,smws_code linked to existing whisky_id in production.db (flavor_evidence/promotion_ready),P127.5,MERGE
129.4,Islay,,,5b4b4ad8-0fff-53d3-a6a4-7609919007c7,Kilchoman SMWS 129.4 - SMWS 129.4,0.95,MERGE,smws_code linked to existing whisky_id in production.db (flavor_evidence/promotion_ready),P127.5,MERGE
129.6,Islay,,,73f62294-1292-58c7-82e8-54cf5233c157,Kilchoman SMWS 129.6 - SMWS 129.6,0.95,MERGE,smws_code linked to existing whisky_id in production.db (flavor_evidence/promotion_ready),P127.5,MERGE
53.121,Lucky Tatties and Drying Smoke,Caol Ila,,361c1dd2-c51e-52bb-a001-2a76e661a567,Caol Ila SMWS 53.121 - Lucky Tatties and Drying Smoke,0.95,MERGE,smws_code linked to existing whisky_id in production.db (flavor_evidence/promotion_ready),P127.5,MERGE
53.132,Islay,Caol Ila,,2552a877-8167-5645-9a2f-be7cf6449316,Caol Ila SMWS 53.132 - SMWS 53.132,0.95,MERGE,smws_code linked to existing whisky_id in production.db (flavor_evidence/promotion_ready),P127.5,MERGE
53.136,"Islay, North Shore",North,,b4b5b500-b1f7-5e6e-b66e-9b013fb33f4f,"Caol Ila SMWS 53.136 - Don't go
 near a naked flame!",0.95,MERGE,smws_code linked to existing whisky_id in production.db (flavor_evidence/promotion_ready),P127.5,MERGE
70.6,"A Highland Brute"" ""A Highland Brute",,,69447d22-fdd9-5c9e-a755-d1dcf8fd1879,Balblair SMWS 70.6 - A Highland Brute,0.95,MERGE,smws_code linked to existing whisky_id in production.db (flavor_evidence/promotion_ready),P127.5,MERGE
G1.10,"DEEP, RICH & DRIED FRUITS",Cameronbridge,,a9819013-a5a4-5c41-ac2f-65c5246e9163,North British SMWS G1.10 - SMWS G1.10,0.95,MERGE,smws_code linked to existing whisky_id in production.db (flavor_evidence/promotion_ready),P127.5,MERGE
G1.11,G1.11,Cameronbridge,,27b07f1f-f2fb-512a-a212-d1c275ae2f26,North British SMWS G1.11 - SMWS G1.11,0.95,MERGE,smws_code linked to existing whisky_id in production.db (flavor_evidence/promotion_ready),P127.5,MERGE
G1.12,G1.12,Cameronbridge,,152e8a93-cab4-5a10-9807-123149aa12ab,North British SMWS G1.12 - SMWS G1.12,0.95,MERGE,smws_code linked to existing whisky_id in production.db (flavor_evidence/promotion_ready),P127.5,MERGE
G1.14,SPICY & DRY,Cameronbridge,,8a464a45-a609-5871-b175-9d0733d4a0a1,North British SMWS G1.14 - SMWS G1.14,0.95,MERGE,smws_code linked to existing whisky_id in production.db (flavor_evidence/promotion_ready),P127.5,MERGE
G1.6,G1.6,Cameronbridge,,06e74a41-dbab-563f-92f0-95dffc984aa9,North British SMWS G1.6 - SMWS G1.6,0.95,MERGE,smws_code linked to existing whisky_id in production.db (flavor_evidence/promotion_ready),P127.5,MERGE
G1.8,G1.8,Cameronbridge,,38c38fa2-b0c8-5b04-b7ef-5e0381b1c933,North British SMWS G1.8 - SMWS G1.8,0.95,MERGE,smws_code linked to existing whisky_id in production.db (flavor_evidence/promotion_ready),P127.5,MERGE
G1.9,G1.9,Cameronbridge,,833c0fdd-cca4-50a7-8f5c-b4baa0d3aca2,North British SMWS G1.9 - SMWS G1.9,0.95,MERGE,smws_code linked to existing whisky_id in production.db (flavor_evidence/promotion_ready),P127.5,MERGE
G10.3,G10.3,,,4c71561f-0a5d-5901-8887-c0b10d714293,Strathclyde SMWS G10.3 - SMWS G10.3,0.95,MERGE,smws_code linked to existing whisky_id in production.db (flavor_evidence/promotion_ready),P127.5,MERGE
G14.1,G14.1,,,8f95f1ed-d7ab-56af-952b-af1022ad1903,Dumbarton SMWS G14.1 - SMWS G14.1,0.95,MERGE,smws_code linked to existing whisky_id in production.db (flavor_evidence/promotion_ready),P127.5,MERGE
G2.2,G2.2,,,c5fea2cd-af68-5f11-95b0-f8240a3e511c,Carsebridge SMWS G2.2 - SMWS G2.2,0.95,MERGE,smws_code linked to existing whisky_id in production.db (flavor_evidence/promotion_ready),P127.5,MERGE
G3.2,G3.2,,,5060614d-276a-58ae-9734-ce4646f24123,Caledonian SMWS G3.2 - SMWS G3.2,0.95,MERGE,smws_code linked to existing whisky_id in production.db (flavor_evidence/promotion_ready),P127.5,MERGE
G3.3,G3.3,,,00f486c8-02df-58f5-9843-45d2de514a58,Caledonian SMWS G3.3 - SMWS G3.3,0.95,MERGE,smws_code linked to existing whisky_id in production.db (flavor_evidence/promotion_ready),P127.5,MERGE
G3.6,G3.6,,,8ecbd40b-d6db-5746-a4a4-c65d5c52a1db,Caledonian SMWS G3.6 - SMWS G3.6,0.95,MERGE,smws_code linked to existing whisky_id in production.db (flavor_evidence/promotion_ready),P127.5,MERGE
G3.8,G3.8,,,b2a39615-d111-5d4a-a955-7f9a9351a39a,Caledonian SMWS G3.8 - SMWS G3.8,0.95,MERGE,smws_code linked to existing whisky_id in production.db (flavor_evidence/promotion_ready),P127.5,MERGE
G4.10,SPICY & SWEET,,,d7b58b52-3027-5c86-981d-c13e300cb875,Cameronbridge SMWS G4.10 - SMWS G4.10,0.95,MERGE,smws_code linked to existing whisky_id in production.db (flavor_evidence/promotion_ready),P127.5,MERGE
G4.2,G4.2,,,b9bd2008-a1a3-5f78-89db-ab9038e0069f,Cameronbridge SMWS G4.2 - SMWS G4.2,0.95,MERGE,smws_code linked to existing whisky_id in production.db (flavor_evidence/promotion_ready),P127.5,MERGE
G4.7,G4.7,,,f4446de1-663d-51a3-b640-bab8e3b82df4,Cameronbridge SMWS G4.7 - SMWS G4.7,0.95,MERGE,smws_code linked to existing whisky_id in production.db (flavor_evidence/promotion_ready),P127.5,MERGE
G5.10,G5.10,,,e4ef2c1a-ffdf-59f1-9f0a-49971f609d9f,Invergordon SMWS G5.10 - SMWS G5.10,0.95,MERGE,smws_code linked to existing whisky_id in production.db (flavor_evidence/promotion_ready),P127.5,MERGE
G5.2,G5.2,,,ce9a5b09-26f0-5724-91d9-038bf51d4c76,Invergordon SMWS G5.2 - SMWS G5.2,0.95,MERGE,smws_code linked to existing whisky_id in production.db (flavor_evidence/promotion_ready),P127.5,MERGE
G5.5,G5.5,,,6276d8f8-6188-5a9e-8f86-2f8b0049045a,Invergordon SMWS G5.5 - SMWS G5.5,0.95,MERGE,smws_code linked to existing whisky_id in production.db (flavor_evidence/promotion_ready),P127.5,MERGE
G5.7,G5.7,,,7d7f1ed3-aee7-5503-ad47-60b8a8ae3f7c,Invergordon SMWS G5.7 - SMWS G5.7,0.95,MERGE,smws_code linked to existing whisky_id in production.db (flavor_evidence/promotion_ready),P127.5,MERGE
G6.2,G6.2,,,4e6be12f-f68c-52c0-a442-1838661a6441,Port Dundas SMWS G6.2 - SMWS G6.2,0.95,MERGE,smws_code linked to existing whisky_id in production.db (flavor_evidence/promotion_ready),P127.5,MERGE
G6.3,"JUICY, OAK & VANILLA",,,92a3f209-ac9f-5af3-82ea-745dee1c80c1,Port Dundas SMWS G6.3 - SMWS G6.3,0.95,MERGE,smws_code linked to existing whisky_id in production.db (flavor_evidence/promotion_ready),P127.5,MERGE
G7.10,SPICY & SWEET,,,6ee22dc8-9949-5558-8d9d-cd28bc309169,Girvan SMWS G7.10 - SMWS G7.10,0.95,MERGE,smws_code linked to existing whisky_id in production.db (flavor_evidence/promotion_ready),P127.5,MERGE
G7.2,Cask No G7.2,,,daab7040-7461-508f-b449-0c1e6d6f563c,Girvan SMWS G7.2 - SMWS G7.2,0.95,MERGE,smws_code linked to existing whisky_id in production.db (flavor_evidence/promotion_ready),P127.5,MERGE
G7.4,G7.4,,,a3aba630-5b70-5c0b-a907-59e5a736ed1a,Girvan SMWS G7.4 - SMWS G7.4,0.95,MERGE,smws_code linked to existing whisky_id in production.db (flavor_evidence/promotion_ready),P127.5,MERGE
G7.7,G7.7,,,2cce09c8-5977-5e68-bb5a-94dede9d7c9a,Girvan SMWS G7.7 - SMWS G7.7,0.95,MERGE,smws_code linked to existing whisky_id in production.db (flavor_evidence/promotion_ready),P127.5,MERGE
G7.9,G7.9,,,12e7d040-7d61-5b1c-beea-f9fea16b56bf,Girvan SMWS G7.9 - SMWS G7.9,0.95,MERGE,smws_code linked to existing whisky_id in production.db (flavor_evidence/promotion_ready),P127.5,MERGE
G8.2,G8.2,,,18667c85-5acd-57dc-be95-6ed6d247c020,Cambus SMWS G8.2 - SMWS G8.2,0.95,MERGE,smws_code linked to existing whisky_id in production.db (flavor_evidence/promotion_ready),P127.5,MERGE
G8.3,G8.3,,,bec4ab04-e89d-5702-bf05-134bd42b394e,Cambus SMWS G8.3 - SMWS G8.3,0.95,MERGE,smws_code linked to existing whisky_id in production.db (flavor_evidence/promotion_ready),P127.5,MERGE
G8.5,G8.5,,,7285577b-af5c-5d2c-ac1e-62c8796c96ca,Cambus SMWS G8.5 - SMWS G8.5,0.95,MERGE,smws_code linked to existing whisky_id in production.db (flavor_evidence/promotion_ready),P127.5,MERGE
G8.6,"JUICY, OAK & VANILLA",,,fb0a4b12-03d0-5a3b-b6b2-3b8b992a66b8,Cambus SMWS G8.6 - SMWS G8.6,0.95,MERGE,smws_code linked to existing whisky_id in production.db (flavor_evidence/promotion_ready),P127.5,MERGE
G9.1,G9.1,,,3a653f22-ba5d-54fe-9458-17b4bba9481a,Loch Lomond SMWS G9.1 - SMWS G9.1,0.95,MERGE,smws_code linked to existing whisky_id in production.db (flavor_evidence/promotion_ready),P127.5,MERGE
