whisky_id,whisky_name,distillery_name,category,region,country,age_statement,source_name,source_url,raw_tasting_notes,raw_flavor_tags,fruity_score,sweet_score,smoky_score,spicy_score,woody_score,confidence,match_method,review_status,quality_flags
W000001,aberlour a'bunadh,Aberlour,Unknown,Speyside,Unknown,NAS,original_production_data,https://www.whisky.com/whisky-database/details/W000001.html,Raw notes matched from historical dataset,"['bottle_name', 'bottle_name_clean', 'fruity', 'sweet', 'smoky']",18.0,5.0,0.0,0.0,6.0,high,exact,auto_candidate,ok
W000002,laphroaig the cask legacy,Laphroaig,Unknown,Islay,Unknown,NAS,original_production_data,https://www.whisky.com/whisky-database/details/W000002.html,Raw notes matched from historical dataset,"['bottle_name', 'bottle_name_clean', 'fruity', 'sweet', 'smoky']",2.0,9.0,0.0,1.0,8.0,medium,fuzzy_token,manual_review,ok
W000003,glenlivet 15yo french oak,The Glenlivet,Malt,Speyside,Unknown,15,Master of Malt / TWE / Whiskybase,,,[],0.0,0.0,0.0,0.0,0.0,none,none,manual_review,zero_flavor_vector
W000004,talisker 10y,Talisker,Unknown,Islands,Unknown,10,original_production_data,https://www.whisky.com/whisky-database/details/W000004.html,Raw notes matched from historical dataset,"['bottle_name', 'bottle_name_clean', 'fruity', 'sweet', 'smoky']",2.0,8.0,0.0,5.0,0.0,medium,fuzzy_token,manual_review,ok
W000005,redbreast 12y,Midleton,Unknown,Unknown,Unknown,12,Master of Malt / TWE / Whiskybase,,,[],0.0,0.0,0.0,0.0,0.0,none,none,manual_review,zero_flavor_vector
W000006,aberlour casg annamh,Aberlour,Malt,Speyside,Unknown,NAS,original_production_data,https://www.whisky.com/whisky-database/details/W000006.html,Raw notes matched from historical dataset,"['bottle_name', 'bottle_name_clean', 'fruity', 'sweet', 'smoky']",3.0,4.0,0.0,5.0,0.0,medium,fuzzy_token,manual_review,ok
W000007,macallan 12yo double cask,The Macallan,Malt,Speyside,Unknown,12,Master of Malt / TWE / Whiskybase,,,[],0.0,0.0,0.0,0.0,0.0,none,none,manual_review,zero_flavor_vector
W000008,aberlour 14y,Aberlour,Unknown,Speyside,Unknown,14,original_production_data,https://www.whisky.com/whisky-database/details/W000008.html,Raw notes matched from historical dataset,"['bottle_name', 'bottle_name_clean', 'fruity', 'sweet', 'smoky']",3.0,4.0,0.0,5.0,0.0,medium,fuzzy_token,manual_review,ok
W000009,aberlour 12y,Aberlour,Unknown,Speyside,Unknown,12,original_production_data,https://www.whisky.com/whisky-database/details/W000009.html,Raw notes matched from historical dataset,"['bottle_name', 'bottle_name_clean', 'fruity', 'sweet', 'smoky']",3.0,4.0,0.0,5.0,0.0,medium,fuzzy_token,manual_review,ok
W000010,balvenie 14y caribbean cask,The Balvenie,Unknown,Speyside,Unknown,14,Master of Malt / TWE / Whiskybase,,,[],0.0,0.0,0.0,0.0,0.0,none,none,manual_review,zero_flavor_vector
W000011,glengoyne 12y,Glengoyne,Unknown,Highland,Unknown,12,original_production_data,https://www.whisky.com/whisky-database/details/W000011.html,Raw notes matched from historical dataset,"['bottle_name', 'bottle_name_clean', 'fruity', 'sweet', 'smoky']",1.0,0.0,2.0,4.0,4.0,medium,fuzzy_token,manual_review,ok
W000012,deanston 12y,Deanston,Unknown,Highland,Unknown,12,original_production_data,https://www.whisky.com/whisky-database/details/W000012.html,Raw notes matched from historical dataset,"['bottle_name', 'bottle_name_clean', 'fruity', 'sweet', 'smoky']",9.0,1.0,0.0,0.0,6.0,medium,fuzzy_token,manual_review,ok
W000013,glenfiddich 15yo solera,Glenfiddich,Malt,Speyside,Unknown,15,original_production_data,https://www.whisky.com/whisky-database/details/W000013.html,Raw notes matched from historical dataset,"['bottle_name', 'bottle_name_clean', 'fruity', 'sweet', 'smoky']",5.0,6.0,0.0,0.0,1.0,medium,fuzzy_token,manual_review,ok
W000014,glen scotia 10y,Glen Scotia,Unknown,Campbeltown,Unknown,10,Master of Malt / TWE / Whiskybase,,,[],0.0,0.0,0.0,0.0,0.0,none,none,manual_review,zero_flavor_vector
W000015,bowmore 12y,Bowmore,Unknown,Islay,Unknown,12,original_production_data,https://www.whisky.com/whisky-database/details/W000015.html,Raw notes matched from historical dataset,"['bottle_name', 'bottle_name_clean', 'fruity', 'sweet', 'smoky']",2.0,3.0,0.0,1.0,0.0,medium,fuzzy_token,manual_review,ok
W000016,glenmorangie the original 10y,Glenmorangie,Unknown,Highland,Unknown,10,original_production_data,https://www.whisky.com/whisky-database/details/W000016.html,Raw notes matched from historical dataset,"['bottle_name', 'bottle_name_clean', 'fruity', 'sweet', 'smoky']",8.0,2.0,0.0,0.0,3.0,medium,fuzzy_token,manual_review,ok
W000017,glen grant 10yo,Glen Grant,Malt,Speyside,Unknown,10,original_production_data,https://www.whisky.com/whisky-database/details/W000017.html,Raw notes matched from historical dataset,"['bottle_name', 'bottle_name_clean', 'fruity', 'sweet', 'smoky']",3.0,2.0,0.0,0.0,0.0,medium,fuzzy_token,manual_review,ok
W000018,auchentoshan 12yo,Auchentoshan,Malt,Lowland,Unknown,12,original_production_data,https://www.whisky.com/whisky-database/details/W000018.html,Raw notes matched from historical dataset,"['bottle_name', 'bottle_name_clean', 'fruity', 'sweet', 'smoky']",4.0,2.0,0.0,1.0,0.0,medium,fuzzy_token,manual_review,ok
W000020,ardmore legacy,Ardmore,Unknown,Highland,Unknown,NAS,original_production_data,https://www.whisky.com/whisky-database/details/W000020.html,Raw notes matched from historical dataset,"['bottle_name', 'bottle_name_clean', 'fruity', 'sweet', 'smoky']",0.0,4.0,0.0,0.0,1.0,medium,fuzzy_token,manual_review,ok
W000021,chivas extra 13,Chivas Brothers,Unknown,Harman,Unknown,13,Master of Malt / TWE / Whiskybase,,,[],0.0,0.0,0.0,0.0,0.0,none,none,manual_review,zero_flavor_vector
W000022,tamnavulin white wine cask,Tamnavulin,Unknown,Speyside,Unknown,NAS,Master of Malt / TWE / Whiskybase,,,[],0.0,0.0,0.0,0.0,0.0,none,none,manual_review,zero_flavor_vector
W000023,tamnavulin double cask,Tamnavulin,Unknown,Speyside,Unknown,NAS,Master of Malt / TWE / Whiskybase,,,[],0.0,0.0,0.0,0.0,0.0,none,none,manual_review,zero_flavor_vector
W000025,gladstone axe american oak,Çeşitli,Unknown,Blended Malt,Unknown,NAS,Master of Malt / TWE / Whiskybase,,,[],0.0,0.0,0.0,0.0,0.0,none,none,manual_review,zero_flavor_vector
W000028,"laphroaig 27yo 57.4% 1980-2007 (ob, 5 oloroso casks, 972 bts)",Laphroaig,Malt,Islay,Unknown,27yo,original_production_data,https://www.whisky.com/whisky-database/details/W000028.html,Raw notes matched from historical dataset,"['bottle_name', 'bottle_name_clean', 'fruity', 'sweet', 'smoky']",2.0,9.0,0.0,1.0,8.0,medium,fuzzy_token,manual_review,ok
W000030,amrut spectrum (batch 1),Amrut,Malt,Unknown,Unknown,NAS,original_production_data,https://www.whisky.com/whisky-database/details/W000030.html,Raw notes matched from historical dataset,"['bottle_name', 'bottle_name_clean', 'fruity', 'sweet', 'smoky']",1.0,1.0,0.0,0.0,0.0,medium,fuzzy_token,manual_review,ok
W000031,glengoyne 25yo,Glengoyne,Malt,Highland,Unknown,25yo,original_production_data,https://www.whisky.com/whisky-database/details/W000031.html,Raw notes matched from historical dataset,"['bottle_name', 'bottle_name_clean', 'fruity', 'sweet', 'smoky']",1.0,0.0,2.0,4.0,4.0,medium,fuzzy_token,manual_review,ok
W000036,kavalan solist oloroso sherry cask,Kavalan,Malt,Unknown,Unknown,NAS,original_production_data,https://www.whisky.com/whisky-database/details/W000036.html,Raw notes matched from historical dataset,"['bottle_name', 'bottle_name_clean', 'fruity', 'sweet', 'smoky']",3.0,7.0,0.0,5.0,4.0,medium,fuzzy_token,manual_review,ok
W000037,aberlour a'bunadh (batch 33),Aberlour,Malt,Speyside,Unknown,NAS,original_production_data,https://www.whisky.com/whisky-database/details/W000037.html,Raw notes matched from historical dataset,"['bottle_name', 'bottle_name_clean', 'fruity', 'sweet', 'smoky']",3.0,4.0,0.0,5.0,0.0,medium,fuzzy_token,manual_review,ok
W000038,aberlour a'bunadh (batch 37),Aberlour,Malt,Speyside,Unknown,NAS,original_production_data,https://www.whisky.com/whisky-database/details/W000038.html,Raw notes matched from historical dataset,"['bottle_name', 'bottle_name_clean', 'fruity', 'sweet', 'smoky']",3.0,4.0,0.0,5.0,0.0,medium,fuzzy_token,manual_review,ok
W000040,laphroaig 25yo,Laphroaig,Malt,Islay,Unknown,25yo,original_production_data,https://www.whisky.com/whisky-database/details/W000040.html,Raw notes matched from historical dataset,"['bottle_name', 'bottle_name_clean', 'fruity', 'sweet', 'smoky']",2.0,9.0,0.0,1.0,8.0,medium,fuzzy_token,manual_review,ok
W000042,aberlour a'bunadh (batch 40),Aberlour,Malt,Speyside,Unknown,NAS,original_production_data,https://www.whisky.com/whisky-database/details/W000042.html,Raw notes matched from historical dataset,"['bottle_name', 'bottle_name_clean', 'fruity', 'sweet', 'smoky']",28.0,23.0,0.0,22.0,0.0,high,exact,auto_candidate,ok
W000043,yamazaki 18yo,Yamazaki,Malt,Unknown,Unknown,18yo,original_production_data,https://www.whisky.com/whisky-database/details/W000043.html,Raw notes matched from historical dataset,"['bottle_name', 'bottle_name_clean', 'fruity', 'sweet', 'smoky']",10.0,3.0,0.0,13.0,2.0,medium,fuzzy_token,manual_review,ok
W000044,aberlour a'bunadh (batch 49),Aberlour,Malt,Speyside,Unknown,NAS,original_production_data,https://www.whisky.com/whisky-database/details/W000044.html,Raw notes matched from historical dataset,"['bottle_name', 'bottle_name_clean', 'fruity', 'sweet', 'smoky']",3.0,4.0,0.0,5.0,0.0,medium,fuzzy_token,manual_review,ok
W000046,yamazaki sherry cask (all vintages),Yamazaki,Malt,Unknown,Unknown,NAS,original_production_data,https://www.whisky.com/whisky-database/details/W000046.html,Raw notes matched from historical dataset,"['bottle_name', 'bottle_name_clean', 'fruity', 'sweet', 'smoky']",10.0,3.0,0.0,13.0,2.0,medium,fuzzy_token,manual_review,ok
W000047,aberlour a'bunadh (batch 56),Aberlour,Malt,Speyside,Unknown,NAS,original_production_data,https://www.whisky.com/whisky-database/details/W000047.html,Raw notes matched from historical dataset,"['bottle_name', 'bottle_name_clean', 'fruity', 'sweet', 'smoky']",3.0,4.0,0.0,5.0,0.0,medium,fuzzy_token,manual_review,ok
W000049,compass box last vatted malt,Box,Malt,Unknown,Unknown,NAS,original_production_data,https://www.whisky.com/whisky-database/details/W000049.html,Raw notes matched from historical dataset,"['bottle_name', 'bottle_name_clean', 'fruity', 'sweet', 'smoky']",3.0,0.0,0.0,1.0,0.0,medium,fuzzy_token,manual_review,entity_normalization_review
W000050,amrut greedy angels (8yo and 10yo),Amrut,Malt,Unknown,Unknown,8yo,original_production_data,https://www.whisky.com/whisky-database/details/W000050.html,Raw notes matched from historical dataset,"['bottle_name', 'bottle_name_clean', 'fruity', 'sweet', 'smoky']",1.0,1.0,0.0,0.0,0.0,medium,fuzzy_token,manual_review,ok
W000052,amrut spectrum (all batches),Amrut,Malt,Unknown,Unknown,NAS,original_production_data,https://www.whisky.com/whisky-database/details/W000052.html,Raw notes matched from historical dataset,"['bottle_name', 'bottle_name_clean', 'fruity', 'sweet', 'smoky']",1.0,1.0,0.0,0.0,0.0,medium,fuzzy_token,manual_review,ok
W000053,bowmore springtide,Bowmore,Malt,Islay,Unknown,NAS,original_production_data,https://www.whisky.com/whisky-database/details/W000053.html,Raw notes matched from historical dataset,"['bottle_name', 'bottle_name_clean', 'fruity', 'sweet', 'smoky']",2.0,3.0,0.0,1.0,0.0,medium,fuzzy_token,manual_review,ok
W000057,aberlour a'bunadh (batch 53),Aberlour,Malt,Speyside,Unknown,NAS,original_production_data,https://www.whisky.com/whisky-database/details/W000057.html,Raw notes matched from historical dataset,"['bottle_name', 'bottle_name_clean', 'fruity', 'sweet', 'smoky']",3.0,4.0,0.0,5.0,0.0,medium,fuzzy_token,manual_review,ok
W000060,aberlour a'bunadh (batch 39),Aberlour,Malt,Speyside,Unknown,NAS,original_production_data,https://www.whisky.com/whisky-database/details/W000060.html,Raw notes matched from historical dataset,"['bottle_name', 'bottle_name_clean', 'fruity', 'sweet', 'smoky']",28.0,23.0,0.0,22.0,0.0,high,exact,auto_candidate,ok
W000062,karuizawa 1990 sherry butt,Karuizawa,Malt,Unknown,Unknown,NAS,Master of Malt / TWE / Whiskybase,,,[],0.0,0.0,0.0,0.0,0.0,none,none,manual_review,zero_flavor_vector
W000063,kavalan solist px cask,Kavalan,Malt,Unknown,Unknown,NAS,original_production_data,https://www.whisky.com/whisky-database/details/W000063.html,Raw notes matched from historical dataset,"['bottle_name', 'bottle_name_clean', 'fruity', 'sweet', 'smoky']",3.0,7.0,0.0,5.0,4.0,medium,fuzzy_token,manual_review,ok
W000066,amrut spectrum 004 (batch 2),Amrut,Malt,Unknown,Unknown,NAS,original_production_data,https://www.whisky.com/whisky-database/details/W000066.html,Raw notes matched from historical dataset,"['bottle_name', 'bottle_name_clean', 'fruity', 'sweet', 'smoky']",1.0,1.0,0.0,0.0,0.0,medium,fuzzy_token,manual_review,ok
W000068,kavalan solist manzanilla cask,Kavalan,Malt,Unknown,Unknown,NAS,original_production_data,https://www.whisky.com/whisky-database/details/W000068.html,Raw notes matched from historical dataset,"['bottle_name', 'bottle_name_clean', 'fruity', 'sweet', 'smoky']",3.0,7.0,0.0,5.0,4.0,medium,fuzzy_token,manual_review,ok
W000069,aberlour a'bunadh (batch 44),Aberlour,Malt,Speyside,Unknown,NAS,original_production_data,https://www.whisky.com/whisky-database/details/W000069.html,Raw notes matched from historical dataset,"['bottle_name', 'bottle_name_clean', 'fruity', 'sweet', 'smoky']",3.0,4.0,0.0,5.0,0.0,medium,fuzzy_token,manual_review,ok
W000070,aberlour a'bunadh (batch 52),Aberlour,Malt,Speyside,Unknown,NAS,original_production_data,https://www.whisky.com/whisky-database/details/W000070.html,Raw notes matched from historical dataset,"['bottle_name', 'bottle_name_clean', 'fruity', 'sweet', 'smoky']",3.0,4.0,0.0,5.0,0.0,medium,fuzzy_token,manual_review,ok
W000071,kavalan solist amontillado cask,Kavalan,Malt,Unknown,Unknown,NAS,original_production_data,https://www.whisky.com/whisky-database/details/W000071.html,Raw notes matched from historical dataset,"['bottle_name', 'bottle_name_clean', 'fruity', 'sweet', 'smoky']",3.0,7.0,0.0,5.0,4.0,medium,fuzzy_token,manual_review,ok
W000072,aberlour a'bunadh (batch 35),Aberlour,Malt,Speyside,Unknown,NAS,original_production_data,https://www.whisky.com/whisky-database/details/W000072.html,Raw notes matched from historical dataset,"['bottle_name', 'bottle_name_clean', 'fruity', 'sweet', 'smoky']",3.0,4.0,0.0,5.0,0.0,medium,fuzzy_token,manual_review,ok
W000077,aberlour a'bunadh (batch 45),Aberlour,Malt,Speyside,Unknown,NAS,original_production_data,https://www.whisky.com/whisky-database/details/W000077.html,Raw notes matched from historical dataset,"['bottle_name', 'bottle_name_clean', 'fruity', 'sweet', 'smoky']",1.0,4.0,0.0,1.0,1.0,high,exact,auto_candidate,ok
W000080,laphroaig cairdeas 2013 port wood,Laphroaig,Malt,Islay,Unknown,NAS,original_production_data,https://www.whisky.com/whisky-database/details/W000080.html,Raw notes matched from historical dataset,"['bottle_name', 'bottle_name_clean', 'fruity', 'sweet', 'smoky']",2.0,9.0,0.0,1.0,8.0,medium,fuzzy_token,manual_review,ok
W000085,amrut px sherry single cask 2696 (lcbo),Amrut,Malt,Unknown,Unknown,NAS,original_production_data,https://www.whisky.com/whisky-database/details/W000085.html,Raw notes matched from historical dataset,"['bottle_name', 'bottle_name_clean', 'fruity', 'sweet', 'smoky']",1.0,1.0,0.0,0.0,0.0,medium,fuzzy_token,manual_review,ok
W000088,aberlour a'bunadh (batch 36),Aberlour,Malt,Speyside,Unknown,NAS,original_production_data,https://www.whisky.com/whisky-database/details/W000088.html,Raw notes matched from historical dataset,"['bottle_name', 'bottle_name_clean', 'fruity', 'sweet', 'smoky']",28.0,23.0,0.0,22.0,0.0,high,exact,auto_candidate,ok
W000090,bowmore 15yo laimrig,Bowmore,Malt,Islay,Unknown,15yo,original_production_data,https://www.whisky.com/whisky-database/details/W000090.html,Raw notes matched from historical dataset,"['bottle_name', 'bottle_name_clean', 'fruity', 'sweet', 'smoky']",2.0,3.0,0.0,1.0,0.0,medium,fuzzy_token,manual_review,ok
W000091,bushmills 21yo single malt,Bushmills,Malt,Unknown,Unknown,21yo,original_production_data,https://www.whisky.com/whisky-database/details/W000091.html,Raw notes matched from historical dataset,"['bottle_name', 'bottle_name_clean', 'fruity', 'sweet', 'smoky']",5.0,4.0,0.0,0.0,2.0,medium,fuzzy_token,manual_review,ok
W000093,aberlour a'bunadh (batch 30),Aberlour,Malt,Speyside,Unknown,30 Year Old,original_production_data,https://www.whisky.com/whisky-database/details/W000093.html,Raw notes matched from historical dataset,"['bottle_name', 'bottle_name_clean', 'fruity', 'sweet', 'smoky']",3.0,4.0,0.0,5.0,0.0,medium,fuzzy_token,manual_review,ok
W000094,aberlour a'bunadh (batch 42),Aberlour,Malt,Speyside,Unknown,NAS,original_production_data,https://www.whisky.com/whisky-database/details/W000094.html,Raw notes matched from historical dataset,"['bottle_name', 'bottle_name_clean', 'fruity', 'sweet', 'smoky']",2.0,14.0,0.0,1.0,1.0,high,exact,auto_candidate,ok
W000098,hakushu sherry cask,Hakushu,Malt,Unknown,Unknown,NAS,original_production_data,https://www.whisky.com/whisky-database/details/W000098.html,Raw notes matched from historical dataset,"['bottle_name', 'bottle_name_clean', 'fruity', 'sweet', 'smoky']",1.0,4.0,0.0,0.0,4.0,medium,fuzzy_token,manual_review,ok
W000099,kavalan solist sherry cask,Kavalan,Malt,Unknown,Unknown,NAS,original_production_data,https://www.whisky.com/whisky-database/details/W000099.html,Raw notes matched from historical dataset,"['bottle_name', 'bottle_name_clean', 'fruity', 'sweet', 'smoky']",3.0,7.0,0.0,5.0,4.0,medium,fuzzy_token,manual_review,ok
W000101,aberlour a'bunadh (batch 58),Aberlour,Malt,Speyside,Unknown,NAS,original_production_data,https://www.whisky.com/whisky-database/details/W000101.html,Raw notes matched from historical dataset,"['bottle_name', 'bottle_name_clean', 'fruity', 'sweet', 'smoky']",3.0,4.0,0.0,5.0,0.0,medium,fuzzy_token,manual_review,ok
W000102,kavalan solist port cask,Kavalan,Malt,Unknown,Unknown,NAS,original_production_data,https://www.whisky.com/whisky-database/details/W000102.html,Raw notes matched from historical dataset,"['bottle_name', 'bottle_name_clean', 'fruity', 'sweet', 'smoky']",3.0,7.0,0.0,5.0,4.0,medium,fuzzy_token,manual_review,ok
W000103,aberlour a'bunadh (batch 34),Aberlour,Malt,Speyside,Unknown,NAS,original_production_data,https://www.whisky.com/whisky-database/details/W000103.html,Raw notes matched from historical dataset,"['bottle_name', 'bottle_name_clean', 'fruity', 'sweet', 'smoky']",3.0,4.0,0.0,5.0,0.0,medium,fuzzy_token,manual_review,ok
W000104,amrut madeira cask finish (batch 1),Amrut,Malt,Unknown,Unknown,NAS,original_production_data,https://www.whisky.com/whisky-database/details/W000104.html,Raw notes matched from historical dataset,"['bottle_name', 'bottle_name_clean', 'fruity', 'sweet', 'smoky']",1.0,1.0,0.0,0.0,0.0,medium,fuzzy_token,manual_review,ok
W000107,aberlour a'bunadh (all batches),Aberlour,Malt,Speyside,Unknown,NAS,original_production_data,https://www.whisky.com/whisky-database/details/W000107.html,Raw notes matched from historical dataset,"['bottle_name', 'bottle_name_clean', 'fruity', 'sweet', 'smoky']",3.0,4.0,0.0,5.0,0.0,medium,fuzzy_token,manual_review,ok
W000113,glengoyne 40yo,Glengoyne,Malt,Highland,Unknown,40yo,original_production_data,https://www.whisky.com/whisky-database/details/W000113.html,Raw notes matched from historical dataset,"['bottle_name', 'bottle_name_clean', 'fruity', 'sweet', 'smoky']",1.0,0.0,2.0,4.0,4.0,medium,fuzzy_token,manual_review,ok
W000115,aberlour a'bunadh (batch 54),Aberlour,Malt,Speyside,Unknown,NAS,original_production_data,https://www.whisky.com/whisky-database/details/W000115.html,Raw notes matched from historical dataset,"['bottle_name', 'bottle_name_clean', 'fruity', 'sweet', 'smoky']",3.0,4.0,0.0,5.0,0.0,medium,fuzzy_token,manual_review,ok
W000116,amrut intermediate sherry,Amrut,Malt,Unknown,Unknown,NAS,original_production_data,https://www.whisky.com/whisky-database/details/W000116.html,Raw notes matched from historical dataset,"['bottle_name', 'bottle_name_clean', 'fruity', 'sweet', 'smoky']",1.0,1.0,0.0,0.0,0.0,medium,fuzzy_token,manual_review,ok
W000118,glengoyne 21yo,Glengoyne,Malt,Highland,Unknown,21yo,original_production_data,https://www.whisky.com/whisky-database/details/W000118.html,Raw notes matched from historical dataset,"['bottle_name', 'bottle_name_clean', 'fruity', 'sweet', 'smoky']",1.0,0.0,2.0,4.0,4.0,medium,fuzzy_token,manual_review,ok
W000121,glengoyne cask strength (batch 7),Glengoyne,Malt,Highland,Unknown,NAS,original_production_data,https://www.whisky.com/whisky-database/details/W000121.html,Raw notes matched from historical dataset,"['bottle_name', 'bottle_name_clean', 'fruity', 'sweet', 'smoky']",1.0,0.0,2.0,4.0,4.0,medium,fuzzy_token,manual_review,ok
W000124,aberlour a'bunadh (batch 46),Aberlour,Malt,Speyside,Unknown,NAS,original_production_data,https://www.whisky.com/whisky-database/details/W000124.html,Raw notes matched from historical dataset,"['bottle_name', 'bottle_name_clean', 'fruity', 'sweet', 'smoky']",0.0,1.0,0.0,4.0,0.0,high,exact,auto_candidate,ok
W000125,amrut px sherry single cask 3516 (saq),Amrut,Malt,Unknown,Unknown,NAS,original_production_data,https://www.whisky.com/whisky-database/details/W000125.html,Raw notes matched from historical dataset,"['bottle_name', 'bottle_name_clean', 'fruity', 'sweet', 'smoky']",1.0,1.0,0.0,0.0,0.0,medium,fuzzy_token,manual_review,ok
W000126,compass box this is not a luxury whisky,Box,Malt,Unknown,Unknown,NAS,original_production_data,https://www.whisky.com/whisky-database/details/W000126.html,Raw notes matched from historical dataset,"['bottle_name', 'bottle_name_clean', 'fruity', 'sweet', 'smoky']",3.0,0.0,0.0,1.0,0.0,medium,fuzzy_token,manual_review,entity_normalization_review
W000128,laphroaig cairdeas 2020 port & wine casks,Laphroaig,Malt,Islay,Unknown,NAS,original_production_data,https://www.whisky.com/whisky-database/details/W000128.html,Raw notes matched from historical dataset,"['bottle_name', 'bottle_name_clean', 'fruity', 'sweet', 'smoky']",2.0,9.0,0.0,1.0,8.0,medium,fuzzy_token,manual_review,ok
W000131,aberlour a'bunadh (batch 47),Aberlour,Malt,Speyside,Unknown,NAS,original_production_data,https://www.whisky.com/whisky-database/details/W000131.html,Raw notes matched from historical dataset,"['bottle_name', 'bottle_name_clean', 'fruity', 'sweet', 'smoky']",3.0,4.0,0.0,5.0,0.0,high,exact,auto_candidate,ok
W000139,smogen sherry project 1:2,Smögen Whisky,Malt,Unknown,Unknown,NAS,Master of Malt / TWE / Whiskybase,,,[],0.0,0.0,0.0,0.0,0.0,none,none,manual_review,zero_flavor_vector
W000141,aberlour a'bunadh (batch 66),Aberlour,Malt,Speyside,Unknown,NAS,original_production_data,https://www.whisky.com/whisky-database/details/W000141.html,Raw notes matched from historical dataset,"['bottle_name', 'bottle_name_clean', 'fruity', 'sweet', 'smoky']",3.0,4.0,0.0,5.0,0.0,medium,fuzzy_token,manual_review,ok
W000145,aberlour 12yo non-chill-filtered,Aberlour,Malt,Speyside,Unknown,12yo,original_production_data,https://www.whisky.com/whisky-database/details/W000145.html,Raw notes matched from historical dataset,"['bottle_name', 'bottle_name_clean', 'fruity', 'sweet', 'smoky']",3.0,4.0,0.0,5.0,0.0,medium,fuzzy_token,manual_review,ok
W000152,high coast (box) px - pedro ximénez finish,Box,Malt,Unknown,Unknown,NAS,Master of Malt / TWE / Whiskybase,,,[],0.0,0.0,0.0,0.0,0.0,none,none,manual_review,zero_flavor_vector|entity_normalization_review
W000153,kavalan solist fino sherry cask,Kavalan,Malt,Unknown,Unknown,NAS,original_production_data,https://www.whisky.com/whisky-database/details/W000153.html,Raw notes matched from historical dataset,"['bottle_name', 'bottle_name_clean', 'fruity', 'sweet', 'smoky']",3.0,7.0,0.0,5.0,4.0,medium,fuzzy_token,manual_review,ok
W000156,aberlour a'bunadh (batch 32),Aberlour,Malt,Speyside,Unknown,NAS,original_production_data,https://www.whisky.com/whisky-database/details/W000156.html,Raw notes matched from historical dataset,"['bottle_name', 'bottle_name_clean', 'fruity', 'sweet', 'smoky']",3.0,4.0,0.0,5.0,0.0,medium,fuzzy_token,manual_review,ok
W000157,aberlour a'bunadh (batch 59),Aberlour,Malt,Speyside,Unknown,NAS,original_production_data,https://www.whisky.com/whisky-database/details/W000157.html,Raw notes matched from historical dataset,"['bottle_name', 'bottle_name_clean', 'fruity', 'sweet', 'smoky']",3.0,4.0,0.0,5.0,0.0,medium,fuzzy_token,manual_review,ok
W000158,aberlour a'bunadh (batch 61),Aberlour,Malt,Speyside,Unknown,NAS,original_production_data,https://www.whisky.com/whisky-database/details/W000158.html,Raw notes matched from historical dataset,"['bottle_name', 'bottle_name_clean', 'fruity', 'sweet', 'smoky']",3.0,4.0,0.0,5.0,0.0,medium,fuzzy_token,manual_review,ok
W000159,aberlour a'bunadh (batch 69),Aberlour,Malt,Speyside,Unknown,NAS,original_production_data,https://www.whisky.com/whisky-database/details/W000159.html,Raw notes matched from historical dataset,"['bottle_name', 'bottle_name_clean', 'fruity', 'sweet', 'smoky']",3.0,4.0,0.0,5.0,0.0,medium,fuzzy_token,manual_review,ok
W000162,amrut px sherry single cask (all casks),Amrut,Malt,Unknown,Unknown,NAS,original_production_data,https://www.whisky.com/whisky-database/details/W000162.html,Raw notes matched from historical dataset,"['bottle_name', 'bottle_name_clean', 'fruity', 'sweet', 'smoky']",1.0,1.0,0.0,0.0,0.0,medium,fuzzy_token,manual_review,ok
W000164,smogen sherry project 1:4,Smögen Whisky,Malt,Unknown,Unknown,NAS,Master of Malt / TWE / Whiskybase,,,[],0.0,0.0,0.0,0.0,0.0,none,none,manual_review,zero_flavor_vector
W000165,aberlour a'bunadh (batch 60),Aberlour,Malt,Speyside,Unknown,NAS,original_production_data,https://www.whisky.com/whisky-database/details/W000165.html,Raw notes matched from historical dataset,"['bottle_name', 'bottle_name_clean', 'fruity', 'sweet', 'smoky']",3.0,4.0,0.0,5.0,0.0,medium,fuzzy_token,manual_review,ok
W000166,bowmore 25yo,Bowmore,Malt,Islay,Unknown,25yo,original_production_data,https://www.whisky.com/whisky-database/details/W000166.html,Raw notes matched from historical dataset,"['bottle_name', 'bottle_name_clean', 'fruity', 'sweet', 'smoky']",2.0,3.0,0.0,1.0,0.0,medium,fuzzy_token,manual_review,ok
W000169,kavalan brandy oak,Kavalan,Malt,Unknown,Unknown,NAS,original_production_data,https://www.whisky.com/whisky-database/details/W000169.html,Raw notes matched from historical dataset,"['bottle_name', 'bottle_name_clean', 'fruity', 'sweet', 'smoky']",3.0,7.0,0.0,5.0,4.0,medium,fuzzy_token,manual_review,ok
W000171,aberlour a'bunadh (batch 50),Aberlour,Malt,Speyside,Unknown,NAS,original_production_data,https://www.whisky.com/whisky-database/details/W000171.html,Raw notes matched from historical dataset,"['bottle_name', 'bottle_name_clean', 'fruity', 'sweet', 'smoky']",3.0,4.0,0.0,5.0,0.0,medium,fuzzy_token,manual_review,ok
W000173,glengoyne teapot dram (all batches),Glengoyne,Malt,Highland,Unknown,NAS,original_production_data,https://www.whisky.com/whisky-database/details/W000173.html,Raw notes matched from historical dataset,"['bottle_name', 'bottle_name_clean', 'fruity', 'sweet', 'smoky']",1.0,0.0,2.0,4.0,4.0,medium,fuzzy_token,manual_review,ok
W000177,aberlour a'bunadh (batch 48),Aberlour,Malt,Speyside,Unknown,NAS,original_production_data,https://www.whisky.com/whisky-database/details/W000177.html,Raw notes matched from historical dataset,"['bottle_name', 'bottle_name_clean', 'fruity', 'sweet', 'smoky']",3.0,4.0,0.0,5.0,0.0,medium,fuzzy_token,manual_review,ok
W000178,aberlour a'bunadh (batch 65),Aberlour,Malt,Speyside,Unknown,NAS,original_production_data,https://www.whisky.com/whisky-database/details/W000178.html,Raw notes matched from historical dataset,"['bottle_name', 'bottle_name_clean', 'fruity', 'sweet', 'smoky']",3.0,4.0,0.0,5.0,0.0,medium,fuzzy_token,manual_review,ok
W000180,deanston 2008 bordeaux red wine cask matured,Deanston,Malt,Highland,Unknown,NAS,original_production_data,https://www.whisky.com/whisky-database/details/W000180.html,Raw notes matched from historical dataset,"['bottle_name', 'bottle_name_clean', 'fruity', 'sweet', 'smoky']",9.0,1.0,0.0,0.0,6.0,medium,fuzzy_token,manual_review,ok
W000182,glenmorangie bacalta,Glenmorangie,Malt,Highland,Unknown,NAS,original_production_data,https://www.whisky.com/whisky-database/details/W000182.html,Raw notes matched from historical dataset,"['bottle_name', 'bottle_name_clean', 'fruity', 'sweet', 'smoky']",8.0,2.0,0.0,0.0,3.0,medium,fuzzy_token,manual_review,ok
W000188,high coast (box) dalvve sherry influence,Box,Malt,Unknown,Unknown,NAS,Master of Malt / TWE / Whiskybase,,,[],0.0,0.0,0.0,0.0,0.0,none,none,manual_review,zero_flavor_vector|entity_normalization_review
W000191,smogen sherry project 1:3,Smögen Whisky,Malt,Unknown,Unknown,NAS,Master of Malt / TWE / Whiskybase,,,[],0.0,0.0,0.0,0.0,0.0,none,none,manual_review,zero_flavor_vector
W000195,aberlour 18yo,Aberlour,Malt,Speyside,Unknown,18yo,original_production_data,https://www.whisky.com/whisky-database/details/W000195.html,Raw notes matched from historical dataset,"['bottle_name', 'bottle_name_clean', 'fruity', 'sweet', 'smoky']",3.0,4.0,0.0,5.0,0.0,medium,fuzzy_token,manual_review,ok
W000204,glengoyne cask strength (batch 1),Glengoyne,Malt,Highland,Unknown,NAS,original_production_data,https://www.whisky.com/whisky-database/details/W000204.html,Raw notes matched from historical dataset,"['bottle_name', 'bottle_name_clean', 'fruity', 'sweet', 'smoky']",1.0,0.0,2.0,4.0,4.0,medium,fuzzy_token,manual_review,ok
W000205,glengoyne cask strength (batch 5),Glengoyne,Malt,Highland,Unknown,NAS,original_production_data,https://www.whisky.com/whisky-database/details/W000205.html,Raw notes matched from historical dataset,"['bottle_name', 'bottle_name_clean', 'fruity', 'sweet', 'smoky']",1.0,0.0,2.0,4.0,4.0,medium,fuzzy_token,manual_review,ok
W000209,aberlour a'bunadh (batch 57),Aberlour,Malt,Speyside,Unknown,NAS,original_production_data,https://www.whisky.com/whisky-database/details/W000209.html,Raw notes matched from historical dataset,"['bottle_name', 'bottle_name_clean', 'fruity', 'sweet', 'smoky']",3.0,4.0,0.0,5.0,0.0,medium,fuzzy_token,manual_review,ok
W000215,karuizawa asama vintages 1999-2000,Karuizawa,Malt,Unknown,Unknown,NAS,Master of Malt / TWE / Whiskybase,,,[],0.0,0.0,0.0,0.0,0.0,none,none,manual_review,zero_flavor_vector
W000217,smogen sherry project 1:1,Smögen Whisky,Malt,Unknown,Unknown,NAS,Master of Malt / TWE / Whiskybase,,,[],0.0,0.0,0.0,0.0,0.0,none,none,manual_review,zero_flavor_vector
W000219,bowmore 10yo devil's cask (all batches),Bowmore,Malt,Islay,Unknown,10yo,original_production_data,https://www.whisky.com/whisky-database/details/W000219.html,Raw notes matched from historical dataset,"['bottle_name', 'bottle_name_clean', 'fruity', 'sweet', 'smoky']",2.0,3.0,0.0,1.0,0.0,medium,fuzzy_token,manual_review,ok
W000220,deanston 10yo px finish,Deanston,Malt,Highland,Unknown,10yo,original_production_data,https://www.whisky.com/whisky-database/details/W000220.html,Raw notes matched from historical dataset,"['bottle_name', 'bottle_name_clean', 'fruity', 'sweet', 'smoky']",9.0,1.0,0.0,0.0,6.0,medium,fuzzy_token,manual_review,ok
W000227,teerenpeli distiller’s choice karhi,Teerenpeli,Malt,Unknown,Unknown,NAS,Master of Malt / TWE / Whiskybase,,,[],0.0,0.0,0.0,0.0,0.0,none,none,manual_review,zero_flavor_vector
W000231,aberlour a'bunadh (batch 38),Aberlour,Malt,Speyside,Unknown,NAS,original_production_data,https://www.whisky.com/whisky-database/details/W000231.html,Raw notes matched from historical dataset,"['bottle_name', 'bottle_name_clean', 'fruity', 'sweet', 'smoky']",3.0,4.0,0.0,5.0,0.0,medium,fuzzy_token,manual_review,ok
W000232,amrut bengal tiger px single cask (canada),Amrut,Malt,Unknown,Unknown,NAS,original_production_data,https://www.whisky.com/whisky-database/details/W000232.html,Raw notes matched from historical dataset,"['bottle_name', 'bottle_name_clean', 'fruity', 'sweet', 'smoky']",1.0,1.0,0.0,0.0,0.0,medium,fuzzy_token,manual_review,ok
W000234,aberlour a'bunadh (batch 62),Aberlour,Malt,Speyside,Unknown,NAS,original_production_data,https://www.whisky.com/whisky-database/details/W000234.html,Raw notes matched from historical dataset,"['bottle_name', 'bottle_name_clean', 'fruity', 'sweet', 'smoky']",3.0,4.0,0.0,5.0,0.0,medium,fuzzy_token,manual_review,ok
W000236,glengoyne cask strength (all batches),Glengoyne,Malt,Highland,Unknown,NAS,original_production_data,https://www.whisky.com/whisky-database/details/W000236.html,Raw notes matched from historical dataset,"['bottle_name', 'bottle_name_clean', 'fruity', 'sweet', 'smoky']",1.0,0.0,2.0,4.0,4.0,medium,fuzzy_token,manual_review,ok
W000237,glenmorangie the taghta,Glenmorangie,Malt,Highland,Unknown,NAS,original_production_data,https://www.whisky.com/whisky-database/details/W000237.html,Raw notes matched from historical dataset,"['bottle_name', 'bottle_name_clean', 'fruity', 'sweet', 'smoky']",8.0,2.0,0.0,0.0,3.0,medium,fuzzy_token,manual_review,ok
W000240,compass box the story of the spaniard,Box,Malt,Unknown,Unknown,NAS,original_production_data,https://www.whisky.com/whisky-database/details/W000240.html,Raw notes matched from historical dataset,"['bottle_name', 'bottle_name_clean', 'fruity', 'sweet', 'smoky']",3.0,0.0,0.0,1.0,0.0,medium,fuzzy_token,manual_review,entity_normalization_review
W000245,glengoyne cask strength (batch 2),Glengoyne,Malt,Highland,Unknown,NAS,original_production_data,https://www.whisky.com/whisky-database/details/W000245.html,Raw notes matched from historical dataset,"['bottle_name', 'bottle_name_clean', 'fruity', 'sweet', 'smoky']",1.0,0.0,2.0,4.0,4.0,medium,fuzzy_token,manual_review,ok
W000246,ohishi sherry single cask,Ohishi Distillery,Malt,Unknown,Unknown,NAS,Master of Malt / TWE / Whiskybase,,,[],0.0,0.0,0.0,0.0,0.0,none,none,manual_review,zero_flavor_vector
W000249,sullivans cove french oak,Sullivans Cove,Malt,Unknown,Unknown,NAS,Master of Malt / TWE / Whiskybase,,,[],0.0,0.0,0.0,0.0,0.0,none,none,manual_review,zero_flavor_vector
W000254,glenfiddich 21yo gran reserva,Glenfiddich,Malt,Speyside,Unknown,21yo,original_production_data,https://www.whisky.com/whisky-database/details/W000254.html,Raw notes matched from historical dataset,"['bottle_name', 'bottle_name_clean', 'fruity', 'sweet', 'smoky']",5.0,6.0,0.0,0.0,1.0,medium,fuzzy_token,manual_review,ok
W000265,aberlour 16yo double cask matured,Aberlour,Malt,Speyside,Unknown,16yo,original_production_data,https://www.whisky.com/whisky-database/details/W000265.html,Raw notes matched from historical dataset,"['bottle_name', 'bottle_name_clean', 'fruity', 'sweet', 'smoky']",3.0,4.0,0.0,5.0,0.0,medium,fuzzy_token,manual_review,ok
W000268,glengoyne 18yo,Glengoyne,Malt,Highland,Unknown,18yo,original_production_data,https://www.whisky.com/whisky-database/details/W000268.html,Raw notes matched from historical dataset,"['bottle_name', 'bottle_name_clean', 'fruity', 'sweet', 'smoky']",1.0,0.0,2.0,4.0,4.0,medium,fuzzy_token,manual_review,ok
W000285,glenmorangie dornoch,Glenmorangie,Malt,Highland,Unknown,NAS,original_production_data,https://www.whisky.com/whisky-database/details/W000285.html,Raw notes matched from historical dataset,"['bottle_name', 'bottle_name_clean', 'fruity', 'sweet', 'smoky']",8.0,2.0,0.0,0.0,3.0,medium,fuzzy_token,manual_review,ok
W000286,bowmore 12yo enigma,Bowmore,Malt,Islay,Unknown,12yo,original_production_data,https://www.whisky.com/whisky-database/details/W000286.html,Raw notes matched from historical dataset,"['bottle_name', 'bottle_name_clean', 'fruity', 'sweet', 'smoky']",2.0,3.0,0.0,1.0,0.0,medium,fuzzy_token,manual_review,ok
W000288,amrut naarangi,Amrut,Malt,Unknown,Unknown,NAS,original_production_data,https://www.whisky.com/whisky-database/details/W000288.html,Raw notes matched from historical dataset,"['bottle_name', 'bottle_name_clean', 'fruity', 'sweet', 'smoky']",1.0,1.0,0.0,0.0,0.0,medium,fuzzy_token,manual_review,ok
W000290,mackmyra moment korsbar,Mackmyra,Malt,Unknown,Unknown,NAS,original_production_data,https://www.whisky.com/whisky-database/details/W000290.html,Raw notes matched from historical dataset,"['bottle_name', 'bottle_name_clean', 'fruity', 'sweet', 'smoky']",16.0,6.0,0.0,2.0,6.0,medium,fuzzy_token,manual_review,ok
W000292,spirit of hven sankt claus,Hven,Malt,Unknown,Unknown,NAS,Master of Malt / TWE / Whiskybase,,,[],0.0,0.0,0.0,0.0,0.0,none,none,manual_review,zero_flavor_vector
W000293,bowmore 15yo darkest,Bowmore,Malt,Islay,Unknown,15yo,original_production_data,https://www.whisky.com/whisky-database/details/W000293.html,Raw notes matched from historical dataset,"['bottle_name', 'bottle_name_clean', 'fruity', 'sweet', 'smoky']",2.0,3.0,0.0,1.0,0.0,medium,fuzzy_token,manual_review,ok
W000295,laphroaig px triple matured,Laphroaig,Malt,Islay,Unknown,NAS,original_production_data,https://www.whisky.com/whisky-database/details/W000295.html,Raw notes matched from historical dataset,"['bottle_name', 'bottle_name_clean', 'fruity', 'sweet', 'smoky']",2.0,9.0,0.0,1.0,8.0,medium,fuzzy_token,manual_review,ok
W000299,glengoyne 12yo cask strength,Glengoyne,Malt,Highland,Unknown,12yo,original_production_data,https://www.whisky.com/whisky-database/details/W000299.html,Raw notes matched from historical dataset,"['bottle_name', 'bottle_name_clean', 'fruity', 'sweet', 'smoky']",1.0,0.0,2.0,4.0,4.0,medium,fuzzy_token,manual_review,ok
W000300,glenmorangie a midwinter night’s dram,Glenmorangie,Malt,Highland,Unknown,NAS,original_production_data,https://www.whisky.com/whisky-database/details/W000300.html,Raw notes matched from historical dataset,"['bottle_name', 'bottle_name_clean', 'fruity', 'sweet', 'smoky']",8.0,2.0,0.0,0.0,3.0,medium,fuzzy_token,manual_review,ok
W000305,glengoyne cask strength (batch 4),Glengoyne,Malt,Highland,Unknown,NAS,original_production_data,https://www.whisky.com/whisky-database/details/W000305.html,Raw notes matched from historical dataset,"['bottle_name', 'bottle_name_clean', 'fruity', 'sweet', 'smoky']",1.0,0.0,2.0,4.0,4.0,medium,fuzzy_token,manual_review,ok
W000308,teerenpeli distiller’s choice aura,Teerenpeli,Malt,Unknown,Unknown,NAS,Master of Malt / TWE / Whiskybase,,,[],0.0,0.0,0.0,0.0,0.0,none,none,manual_review,zero_flavor_vector
W000310,amrut px sherry single cask 2701,Amrut,Malt,Unknown,Unknown,NAS,original_production_data,https://www.whisky.com/whisky-database/details/W000310.html,Raw notes matched from historical dataset,"['bottle_name', 'bottle_name_clean', 'fruity', 'sweet', 'smoky']",1.0,1.0,0.0,0.0,0.0,medium,fuzzy_token,manual_review,ok
W000313,glenmorangie duthac,Glenmorangie,Malt,Highland,Unknown,NAS,original_production_data,https://www.whisky.com/whisky-database/details/W000313.html,Raw notes matched from historical dataset,"['bottle_name', 'bottle_name_clean', 'fruity', 'sweet', 'smoky']",8.0,2.0,0.0,0.0,3.0,medium,fuzzy_token,manual_review,ok
W000314,kavalan sherry oak,Kavalan,Malt,Unknown,Unknown,NAS,original_production_data,https://www.whisky.com/whisky-database/details/W000314.html,Raw notes matched from historical dataset,"['bottle_name', 'bottle_name_clean', 'fruity', 'sweet', 'smoky']",3.0,7.0,0.0,5.0,4.0,medium,fuzzy_token,manual_review,ok
W000315,mackmyra skordetid,Mackmyra,Malt,Unknown,Unknown,NAS,original_production_data,https://www.whisky.com/whisky-database/details/W000315.html,Raw notes matched from historical dataset,"['bottle_name', 'bottle_name_clean', 'fruity', 'sweet', 'smoky']",16.0,6.0,0.0,2.0,6.0,medium,fuzzy_token,manual_review,ok
W000317,glengoyne 12yo,Glengoyne,Malt,Highland,Unknown,12yo,original_production_data,https://www.whisky.com/whisky-database/details/W000317.html,Raw notes matched from historical dataset,"['bottle_name', 'bottle_name_clean', 'fruity', 'sweet', 'smoky']",1.0,0.0,2.0,4.0,4.0,medium,fuzzy_token,manual_review,ok
W000318,glengoyne 15yo,Glengoyne,Malt,Highland,Unknown,15yo,original_production_data,https://www.whisky.com/whisky-database/details/W000318.html,Raw notes matched from historical dataset,"['bottle_name', 'bottle_name_clean', 'fruity', 'sweet', 'smoky']",1.0,0.0,2.0,4.0,4.0,medium,fuzzy_token,manual_review,ok
W000319,mackmyra midvinter,Mackmyra,Malt,Unknown,Unknown,NAS,original_production_data,https://www.whisky.com/whisky-database/details/W000319.html,Raw notes matched from historical dataset,"['bottle_name', 'bottle_name_clean', 'fruity', 'sweet', 'smoky']",16.0,6.0,0.0,2.0,6.0,medium,fuzzy_token,manual_review,ok
W000320,penderyn portwood,Penderyn,Malt,Unknown,Unknown,NAS,Master of Malt / TWE / Whiskybase,,,[],0.0,0.0,0.0,0.0,0.0,none,none,manual_review,zero_flavor_vector
W000322,bushmills 16yo single malt,Bushmills,Malt,Unknown,Unknown,16yo,original_production_data,https://www.whisky.com/whisky-database/details/W000322.html,Raw notes matched from historical dataset,"['bottle_name', 'bottle_name_clean', 'fruity', 'sweet', 'smoky']",5.0,4.0,0.0,0.0,2.0,medium,fuzzy_token,manual_review,ok
W000323,glenfiddich 19yo age of discovery (madeira cask),Glenfiddich,Malt,Speyside,Unknown,19yo,original_production_data,https://www.whisky.com/whisky-database/details/W000323.html,Raw notes matched from historical dataset,"['bottle_name', 'bottle_name_clean', 'fruity', 'sweet', 'smoky']",5.0,6.0,0.0,0.0,1.0,medium,fuzzy_token,manual_review,ok
W000325,westland winter 2016,Westland Distillery,Malt,Unknown,Unknown,NAS,Master of Malt / TWE / Whiskybase,,,[],0.0,0.0,0.0,0.0,0.0,none,none,manual_review,zero_flavor_vector
W000326,glengoyne cask strength (batch 3),Glengoyne,Malt,Highland,Unknown,NAS,original_production_data,https://www.whisky.com/whisky-database/details/W000326.html,Raw notes matched from historical dataset,"['bottle_name', 'bottle_name_clean', 'fruity', 'sweet', 'smoky']",1.0,0.0,2.0,4.0,4.0,medium,fuzzy_token,manual_review,ok
W000328,westland sherry wood,Westland Distillery,Malt,Unknown,Unknown,NAS,Master of Malt / TWE / Whiskybase,,,[],0.0,0.0,0.0,0.0,0.0,none,none,manual_review,zero_flavor_vector
W000330,glenmorangie milsean,Glenmorangie,Malt,Highland,Unknown,NAS,original_production_data,https://www.whisky.com/whisky-database/details/W000330.html,Raw notes matched from historical dataset,"['bottle_name', 'bottle_name_clean', 'fruity', 'sweet', 'smoky']",8.0,2.0,0.0,0.0,3.0,medium,fuzzy_token,manual_review,ok
W000333,smogen primör,Smögen Whisky,Malt,Unknown,Unknown,NAS,Master of Malt / TWE / Whiskybase,,,[],0.0,0.0,0.0,0.0,0.0,none,none,manual_review,zero_flavor_vector
W000342,glenmorangie the tayne,Glenmorangie,Malt,Highland,Unknown,NAS,original_production_data,https://www.whisky.com/whisky-database/details/W000342.html,Raw notes matched from historical dataset,"['bottle_name', 'bottle_name_clean', 'fruity', 'sweet', 'smoky']",8.0,2.0,0.0,0.0,3.0,medium,fuzzy_token,manual_review,ok
W000352,aberlour 12yo double cask matured,Aberlour,Malt,Speyside,Unknown,12yo,original_production_data,https://www.whisky.com/whisky-database/details/W000352.html,Raw notes matched from historical dataset,"['bottle_name', 'bottle_name_clean', 'fruity', 'sweet', 'smoky']",3.0,4.0,0.0,5.0,0.0,medium,fuzzy_token,manual_review,ok
W000357,teeling single malt,Teeling Whiskey Company,Malt,Unknown,Unknown,NAS,Master of Malt / TWE / Whiskybase,,,[],0.0,0.0,0.0,0.0,0.0,none,none,manual_review,zero_flavor_vector
W000363,kavalan concertmaster port cask,Kavalan,Malt,Unknown,Unknown,NAS,original_production_data,https://www.whisky.com/whisky-database/details/W000363.html,Raw notes matched from historical dataset,"['bottle_name', 'bottle_name_clean', 'fruity', 'sweet', 'smoky']",3.0,7.0,0.0,5.0,4.0,medium,fuzzy_token,manual_review,ok
W000365,glen scotia double cask,Glen Scotia,Malt,Campbeltown,Unknown,NAS,Master of Malt / TWE / Whiskybase,,,[],0.0,0.0,0.0,0.0,0.0,none,none,manual_review,zero_flavor_vector
W000367,glenfiddich malt master's edition,Glenfiddich,Malt,Speyside,Unknown,NAS,original_production_data,https://www.whisky.com/whisky-database/details/W000367.html,Raw notes matched from historical dataset,"['bottle_name', 'bottle_name_clean', 'fruity', 'sweet', 'smoky']",5.0,6.0,0.0,0.0,1.0,medium,fuzzy_token,manual_review,ok
W000368,laphroaig select,Laphroaig,Malt,Islay,Unknown,NAS,original_production_data,https://www.whisky.com/whisky-database/details/W000368.html,Raw notes matched from historical dataset,"['bottle_name', 'bottle_name_clean', 'fruity', 'sweet', 'smoky']",2.0,9.0,0.0,1.0,8.0,medium,fuzzy_token,manual_review,ok
W000372,glenfiddich reserve cask,Glenfiddich,Malt,Speyside,Unknown,NAS,original_production_data,https://www.whisky.com/whisky-database/details/W000372.html,Raw notes matched from historical dataset,"['bottle_name', 'bottle_name_clean', 'fruity', 'sweet', 'smoky']",5.0,6.0,0.0,0.0,1.0,medium,fuzzy_token,manual_review,ok
W000378,ohishi sherry cask,Ohishi Distillery,Malt,Unknown,Unknown,NAS,Master of Malt / TWE / Whiskybase,,,[],0.0,0.0,0.0,0.0,0.0,none,none,manual_review,zero_flavor_vector
W000379,aberlour 10yo,Aberlour,Malt,Speyside,Unknown,10yo,original_production_data,https://www.whisky.com/whisky-database/details/W000379.html,Raw notes matched from historical dataset,"['bottle_name', 'bottle_name_clean', 'fruity', 'sweet', 'smoky']",3.0,4.0,0.0,5.0,0.0,medium,fuzzy_token,manual_review,ok
W000381,bushmills sherry cask reserve,Bushmills,Malt,Unknown,Unknown,NAS,original_production_data,https://www.whisky.com/whisky-database/details/W000381.html,Raw notes matched from historical dataset,"['bottle_name', 'bottle_name_clean', 'fruity', 'sweet', 'smoky']",5.0,4.0,0.0,0.0,2.0,medium,fuzzy_token,manual_review,ok
W000390,bowmore black rock,Bowmore,Malt,Islay,Unknown,NAS,original_production_data,https://www.whisky.com/whisky-database/details/W000390.html,Raw notes matched from historical dataset,"['bottle_name', 'bottle_name_clean', 'fruity', 'sweet', 'smoky']",2.0,3.0,0.0,1.0,0.0,medium,fuzzy_token,manual_review,ok
W000391,nantou (omar) yushan sherry cask,Nantou Distillery,Malt,Unknown,Unknown,NAS,Master of Malt / TWE / Whiskybase,,,[],0.0,0.0,0.0,0.0,0.0,none,none,manual_review,zero_flavor_vector
W000392,mackmyra blomstertid,Mackmyra,Malt,Unknown,Unknown,NAS,original_production_data,https://www.whisky.com/whisky-database/details/W000392.html,Raw notes matched from historical dataset,"['bottle_name', 'bottle_name_clean', 'fruity', 'sweet', 'smoky']",16.0,6.0,0.0,2.0,6.0,medium,fuzzy_token,manual_review,ok
W000398,penderyn madeira,Penderyn,Malt,Unknown,Unknown,NAS,Master of Malt / TWE / Whiskybase,,,[],0.0,0.0,0.0,0.0,0.0,none,none,manual_review,zero_flavor_vector
W000402,penderyn sherrywood,Penderyn,Malt,Unknown,Unknown,NAS,Master of Malt / TWE / Whiskybase,,,[],0.0,0.0,0.0,0.0,0.0,none,none,manual_review,zero_flavor_vector
W000404,amrut px sherry single cask 2702,Amrut,Malt,Unknown,Unknown,NAS,original_production_data,https://www.whisky.com/whisky-database/details/W000404.html,Raw notes matched from historical dataset,"['bottle_name', 'bottle_name_clean', 'fruity', 'sweet', 'smoky']",1.0,1.0,0.0,0.0,0.0,medium,fuzzy_token,manual_review,ok
W000410,glenfiddich 30yo,Glenfiddich,Malt,Speyside,Unknown,30yo,original_production_data,https://www.whisky.com/whisky-database/details/W000410.html,Raw notes matched from historical dataset,"['bottle_name', 'bottle_name_clean', 'fruity', 'sweet', 'smoky']",5.0,6.0,0.0,0.0,1.0,medium,fuzzy_token,manual_review,ok
W000416,midleton very rare 2017,Midleton,Blend,Unknown,Unknown,NAS,Master of Malt / TWE / Whiskybase,,,[],0.0,0.0,0.0,0.0,0.0,none,none,manual_review,zero_flavor_vector
W000417,midleton dair ghaelach,Midleton,Blend,Unknown,Unknown,NAS,Master of Malt / TWE / Whiskybase,,,[],0.0,0.0,0.0,0.0,0.0,none,none,manual_review,zero_flavor_vector
W000419,amrut virgin oak single cask,Amrut,Malt,Unknown,Unknown,NAS,original_production_data,https://www.whisky.com/whisky-database/details/W000419.html,Raw notes matched from historical dataset,"['bottle_name', 'bottle_name_clean', 'fruity', 'sweet', 'smoky']",1.0,1.0,0.0,0.0,0.0,medium,fuzzy_token,manual_review,ok
W000424,mackmyra reserve single cask (various casks),Mackmyra,Malt,Unknown,Unknown,NAS,original_production_data,https://www.whisky.com/whisky-database/details/W000424.html,Raw notes matched from historical dataset,"['bottle_name', 'bottle_name_clean', 'fruity', 'sweet', 'smoky']",16.0,6.0,0.0,2.0,6.0,medium,fuzzy_token,manual_review,ok
W000425,amrut double cask,Amrut,Malt,Unknown,Unknown,NAS,original_production_data,https://www.whisky.com/whisky-database/details/W000425.html,Raw notes matched from historical dataset,"['bottle_name', 'bottle_name_clean', 'fruity', 'sweet', 'smoky']",1.0,1.0,0.0,0.0,0.0,medium,fuzzy_token,manual_review,ok
W000426,midleton very rare 2021,Midleton,Blend,Unknown,Unknown,NAS,Master of Malt / TWE / Whiskybase,,,[],0.0,0.0,0.0,0.0,0.0,none,none,manual_review,zero_flavor_vector
W000428,yamazaki mizunara,Yamazaki,Malt,Unknown,Unknown,NAS,original_production_data,https://www.whisky.com/whisky-database/details/W000428.html,Raw notes matched from historical dataset,"['bottle_name', 'bottle_name_clean', 'fruity', 'sweet', 'smoky']",10.0,3.0,0.0,13.0,2.0,medium,fuzzy_token,manual_review,ok
W000429,compass box 3yo deluxe,Box,Malt,Unknown,Unknown,3yo,original_production_data,https://www.whisky.com/whisky-database/details/W000429.html,Raw notes matched from historical dataset,"['bottle_name', 'bottle_name_clean', 'fruity', 'sweet', 'smoky']",3.0,0.0,0.0,1.0,0.0,medium,fuzzy_token,manual_review,entity_normalization_review
W000433,kanosuke new born 2018 8mo,Kanosuke,Malt,Unknown,Unknown,NAS,Master of Malt / TWE / Whiskybase,,,[],0.0,0.0,0.0,0.0,0.0,none,none,manual_review,zero_flavor_vector
W000439,yamazaki limited edition 2016,Yamazaki,Malt,Unknown,Unknown,NAS,original_production_data,https://www.whisky.com/whisky-database/details/W000439.html,Raw notes matched from historical dataset,"['bottle_name', 'bottle_name_clean', 'fruity', 'sweet', 'smoky']",10.0,3.0,0.0,13.0,2.0,medium,fuzzy_token,manual_review,ok
W000440,amrut herald,Amrut,Malt,Unknown,Unknown,NAS,original_production_data,https://www.whisky.com/whisky-database/details/W000440.html,Raw notes matched from historical dataset,"['bottle_name', 'bottle_name_clean', 'fruity', 'sweet', 'smoky']",1.0,1.0,0.0,0.0,0.0,medium,fuzzy_token,manual_review,ok
W000446,kavalan ex-bourbon oak,Kavalan,Malt,Unknown,Unknown,NAS,original_production_data,https://www.whisky.com/whisky-database/details/W000446.html,Raw notes matched from historical dataset,"['bottle_name', 'bottle_name_clean', 'fruity', 'sweet', 'smoky']",3.0,7.0,0.0,5.0,4.0,medium,fuzzy_token,manual_review,ok
W000449,compass box spice tree extravaganza,Box,Malt,Unknown,Unknown,NAS,original_production_data,https://www.whisky.com/whisky-database/details/W000449.html,Raw notes matched from historical dataset,"['bottle_name', 'bottle_name_clean', 'fruity', 'sweet', 'smoky']",3.0,0.0,0.0,1.0,0.0,medium,fuzzy_token,manual_review,entity_normalization_review
W000450,glen grant 25yo,Glen Grant,Malt,Speyside,Unknown,25yo,original_production_data,https://www.whisky.com/whisky-database/details/W000450.html,Raw notes matched from historical dataset,"['bottle_name', 'bottle_name_clean', 'fruity', 'sweet', 'smoky']",3.0,2.0,0.0,0.0,0.0,medium,fuzzy_token,manual_review,ok
W000456,compass box phenomenology,Box,Malt,Unknown,Unknown,NAS,original_production_data,https://www.whisky.com/whisky-database/details/W000456.html,Raw notes matched from historical dataset,"['bottle_name', 'bottle_name_clean', 'fruity', 'sweet', 'smoky']",3.0,0.0,0.0,1.0,0.0,medium,fuzzy_token,manual_review,entity_normalization_review
W000461,mackmyra moment glöd,Mackmyra,Malt,Unknown,Unknown,NAS,original_production_data,https://www.whisky.com/whisky-database/details/W000461.html,Raw notes matched from historical dataset,"['bottle_name', 'bottle_name_clean', 'fruity', 'sweet', 'smoky']",16.0,6.0,0.0,2.0,6.0,medium,fuzzy_token,manual_review,ok
W000463,mackmyra moment urberg,Mackmyra,Malt,Unknown,Unknown,NAS,original_production_data,https://www.whisky.com/whisky-database/details/W000463.html,Raw notes matched from historical dataset,"['bottle_name', 'bottle_name_clean', 'fruity', 'sweet', 'smoky']",16.0,6.0,0.0,2.0,6.0,medium,fuzzy_token,manual_review,ok
W000467,glen grant five decades,Glen Grant,Malt,Speyside,Unknown,NAS,original_production_data,https://www.whisky.com/whisky-database/details/W000467.html,Raw notes matched from historical dataset,"['bottle_name', 'bottle_name_clean', 'fruity', 'sweet', 'smoky']",3.0,2.0,0.0,0.0,0.0,medium,fuzzy_token,manual_review,ok
W000468,high coast (box) the 2nd step collection 02,Box,Malt,Unknown,Unknown,NAS,Master of Malt / TWE / Whiskybase,,,[],0.0,0.0,0.0,0.0,0.0,none,none,manual_review,zero_flavor_vector|entity_normalization_review
W000470,amrut two continents,Amrut,Malt,Unknown,Unknown,NAS,original_production_data,https://www.whisky.com/whisky-database/details/W000470.html,Raw notes matched from historical dataset,"['bottle_name', 'bottle_name_clean', 'fruity', 'sweet', 'smoky']",1.0,1.0,0.0,0.0,0.0,medium,fuzzy_token,manual_review,ok
W000472,midleton very rare (all vintages),Midleton,Blend,Unknown,Unknown,NAS,Master of Malt / TWE / Whiskybase,,,[],0.0,0.0,0.0,0.0,0.0,none,none,manual_review,zero_flavor_vector
W000473,midleton very rare 2016,Midleton,Blend,Unknown,Unknown,NAS,Master of Malt / TWE / Whiskybase,,,[],0.0,0.0,0.0,0.0,0.0,none,none,manual_review,zero_flavor_vector
W000475,auchentoshan 21yo,Auchentoshan,Malt,Lowland,Unknown,21yo,original_production_data,https://www.whisky.com/whisky-database/details/W000475.html,Raw notes matched from historical dataset,"['bottle_name', 'bottle_name_clean', 'fruity', 'sweet', 'smoky']",4.0,2.0,0.0,1.0,0.0,medium,fuzzy_token,manual_review,ok
W000482,compass box spice tree,Box,Malt,Unknown,Unknown,NAS,original_production_data,https://www.whisky.com/whisky-database/details/W000482.html,Raw notes matched from historical dataset,"['bottle_name', 'bottle_name_clean', 'fruity', 'sweet', 'smoky']",3.0,0.0,0.0,1.0,0.0,high,exact,manual_review,entity_normalization_review
W000483,hakushu 18yo,Hakushu,Malt,Unknown,Unknown,18yo,original_production_data,https://www.whisky.com/whisky-database/details/W000483.html,Raw notes matched from historical dataset,"['bottle_name', 'bottle_name_clean', 'fruity', 'sweet', 'smoky']",1.0,4.0,0.0,0.0,4.0,medium,fuzzy_token,manual_review,ok
W000488,westland single cask,Westland Distillery,Malt,Unknown,Unknown,NAS,Master of Malt / TWE / Whiskybase,,,[],0.0,0.0,0.0,0.0,0.0,none,none,manual_review,zero_flavor_vector
W000490,glen scotia 15yo,Glen Scotia,Malt,Campbeltown,Unknown,15yo,Master of Malt / TWE / Whiskybase,,,[],0.0,0.0,0.0,0.0,0.0,none,none,manual_review,zero_flavor_vector
W000491,glenfiddich winter storm 21yo experimental series no. 3,Glenfiddich,Malt,Speyside,Unknown,21yo,original_production_data,https://www.whisky.com/whisky-database/details/W000491.html,Raw notes matched from historical dataset,"['bottle_name', 'bottle_name_clean', 'fruity', 'sweet', 'smoky']",5.0,6.0,0.0,0.0,1.0,medium,fuzzy_token,manual_review,ok
W000497,glenfiddich 19yo age of discovery (bourbon cask),Glenfiddich,Malt,Speyside,Unknown,19yo,original_production_data,https://www.whisky.com/whisky-database/details/W000497.html,Raw notes matched from historical dataset,"['bottle_name', 'bottle_name_clean', 'fruity', 'sweet', 'smoky']",5.0,6.0,0.0,0.0,1.0,medium,fuzzy_token,manual_review,ok
W000498,glenfiddich cask of dreams,Glenfiddich,Malt,Speyside,Unknown,NAS,original_production_data,https://www.whisky.com/whisky-database/details/W000498.html,Raw notes matched from historical dataset,"['bottle_name', 'bottle_name_clean', 'fruity', 'sweet', 'smoky']",5.0,6.0,0.0,0.0,1.0,medium,fuzzy_token,manual_review,ok
W000499,mackmyra special 04,Mackmyra,Malt,Unknown,Unknown,NAS,original_production_data,https://www.whisky.com/whisky-database/details/W000499.html,Raw notes matched from historical dataset,"['bottle_name', 'bottle_name_clean', 'fruity', 'sweet', 'smoky']",16.0,6.0,0.0,2.0,6.0,medium,fuzzy_token,manual_review,ok
W000500,amrut bourbon single cask,Amrut,Malt,Unknown,Unknown,NAS,original_production_data,https://www.whisky.com/whisky-database/details/W000500.html,Raw notes matched from historical dataset,"['bottle_name', 'bottle_name_clean', 'fruity', 'sweet', 'smoky']",1.0,1.0,0.0,0.0,0.0,medium,fuzzy_token,manual_review,ok
W000502,glenmorangie 18yo,Glenmorangie,Malt,Highland,Unknown,18yo,original_production_data,https://www.whisky.com/whisky-database/details/W000502.html,Raw notes matched from historical dataset,"['bottle_name', 'bottle_name_clean', 'fruity', 'sweet', 'smoky']",8.0,2.0,0.0,0.0,3.0,medium,fuzzy_token,manual_review,ok
W000503,mackmyra moment rimfrost,Mackmyra,Malt,Unknown,Unknown,NAS,original_production_data,https://www.whisky.com/whisky-database/details/W000503.html,Raw notes matched from historical dataset,"['bottle_name', 'bottle_name_clean', 'fruity', 'sweet', 'smoky']",16.0,6.0,0.0,2.0,6.0,medium,fuzzy_token,manual_review,ok
W000504,shelter point french oak double barreled,Shelter Point Distillery,Malt,Unknown,Unknown,NAS,Master of Malt / TWE / Whiskybase,,,[],0.0,0.0,0.0,0.0,0.0,none,none,manual_review,zero_flavor_vector
W000510,glenfiddich project xx experimental series no. 2,Glenfiddich,Malt,Speyside,Unknown,NAS,original_production_data,https://www.whisky.com/whisky-database/details/W000510.html,Raw notes matched from historical dataset,"['bottle_name', 'bottle_name_clean', 'fruity', 'sweet', 'smoky']",5.0,6.0,0.0,0.0,1.0,medium,fuzzy_token,manual_review,ok
W000511,high coast (box) the festival 2016,Box,Malt,Unknown,Unknown,NAS,Master of Malt / TWE / Whiskybase,,,[],0.0,0.0,0.0,0.0,0.0,none,none,manual_review,zero_flavor_vector|entity_normalization_review
W000515,glenfiddich 15yo distillery edition,Glenfiddich,Malt,Speyside,Unknown,15yo,original_production_data,https://www.whisky.com/whisky-database/details/W000515.html,Raw notes matched from historical dataset,"['bottle_name', 'bottle_name_clean', 'fruity', 'sweet', 'smoky']",5.0,6.0,0.0,0.0,1.0,medium,fuzzy_token,manual_review,ok
W000521,mackmyra special 03,Mackmyra,Malt,Unknown,Unknown,NAS,original_production_data,https://www.whisky.com/whisky-database/details/W000521.html,Raw notes matched from historical dataset,"['bottle_name', 'bottle_name_clean', 'fruity', 'sweet', 'smoky']",16.0,6.0,0.0,2.0,6.0,medium,fuzzy_token,manual_review,ok
W000528,aberlour a'bunadh alba (all batches),Aberlour,Malt,Speyside,Unknown,NAS,original_production_data,https://www.whisky.com/whisky-database/details/W000528.html,Raw notes matched from historical dataset,"['bottle_name', 'bottle_name_clean', 'fruity', 'sweet', 'smoky']",3.0,4.0,0.0,5.0,0.0,medium,fuzzy_token,manual_review,ok
W000531,teerenpeli distiller's choice kaski,Teerenpeli,Malt,Unknown,Unknown,NAS,Master of Malt / TWE / Whiskybase,,,[],0.0,0.0,0.0,0.0,0.0,none,none,manual_review,zero_flavor_vector
W000537,sullivans cove port cask strength,Sullivans Cove,Malt,Unknown,Unknown,NAS,Master of Malt / TWE / Whiskybase,,,[],0.0,0.0,0.0,0.0,0.0,none,none,manual_review,zero_flavor_vector
W000539,aberlour a'bunadh alba (batch 1),Aberlour,Malt,Speyside,Unknown,NAS,original_production_data,https://www.whisky.com/whisky-database/details/W000539.html,Raw notes matched from historical dataset,"['bottle_name', 'bottle_name_clean', 'fruity', 'sweet', 'smoky']",3.0,4.0,0.0,5.0,0.0,medium,fuzzy_token,manual_review,ok
W000541,glen scotia victoriana,Glen Scotia,Malt,Campbeltown,Unknown,NAS,Master of Malt / TWE / Whiskybase,,,[],0.0,0.0,0.0,0.0,0.0,none,none,manual_review,zero_flavor_vector
W000542,mackmyra special 09,Mackmyra,Malt,Unknown,Unknown,NAS,original_production_data,https://www.whisky.com/whisky-database/details/W000542.html,Raw notes matched from historical dataset,"['bottle_name', 'bottle_name_clean', 'fruity', 'sweet', 'smoky']",16.0,6.0,0.0,2.0,6.0,medium,fuzzy_token,manual_review,ok
W000548,bushmills 12yo single malt,Bushmills,Malt,Unknown,Unknown,12yo,original_production_data,https://www.whisky.com/whisky-database/details/W000548.html,Raw notes matched from historical dataset,"['bottle_name', 'bottle_name_clean', 'fruity', 'sweet', 'smoky']",5.0,4.0,0.0,0.0,2.0,medium,fuzzy_token,manual_review,ok
W000549,glenfiddich 18yo,Glenfiddich,Malt,Speyside,Unknown,18yo,original_production_data,https://www.whisky.com/whisky-database/details/W000549.html,Raw notes matched from historical dataset,"['bottle_name', 'bottle_name_clean', 'fruity', 'sweet', 'smoky']",5.0,6.0,0.0,0.0,1.0,medium,fuzzy_token,manual_review,ok
W000551,sullivans cove bourbon cask strength,Sullivans Cove,Malt,Unknown,Unknown,NAS,Master of Malt / TWE / Whiskybase,,,[],0.0,0.0,0.0,0.0,0.0,none,none,manual_review,zero_flavor_vector
W000553,sullivans cove american oak,Sullivans Cove,Malt,Unknown,Unknown,NAS,Master of Malt / TWE / Whiskybase,,,[],0.0,0.0,0.0,0.0,0.0,none,none,manual_review,zero_flavor_vector
W000555,deanston 18yo (bourbon finish),Deanston,Malt,Highland,Unknown,18yo,original_production_data,https://www.whisky.com/whisky-database/details/W000555.html,Raw notes matched from historical dataset,"['bottle_name', 'bottle_name_clean', 'fruity', 'sweet', 'smoky']",9.0,1.0,0.0,0.0,6.0,medium,fuzzy_token,manual_review,ok
W000556,midleton very rare 2015,Midleton,Blend,Unknown,Unknown,NAS,Master of Malt / TWE / Whiskybase,,,[],0.0,0.0,0.0,0.0,0.0,none,none,manual_review,zero_flavor_vector
W000559,glengoyne 17yo,Glengoyne,Malt,Highland,Unknown,17yo,original_production_data,https://www.whisky.com/whisky-database/details/W000559.html,Raw notes matched from historical dataset,"['bottle_name', 'bottle_name_clean', 'fruity', 'sweet', 'smoky']",1.0,0.0,2.0,4.0,4.0,medium,fuzzy_token,manual_review,ok
W000561,westland american single malt (american oak),Westland Distillery,Malt,Unknown,Unknown,NAS,Master of Malt / TWE / Whiskybase,,,[],0.0,0.0,0.0,0.0,0.0,none,none,manual_review,zero_flavor_vector
W000562,glen grant 18yo,Glen Grant,Malt,Speyside,Unknown,18yo,original_production_data,https://www.whisky.com/whisky-database/details/W000562.html,Raw notes matched from historical dataset,"['bottle_name', 'bottle_name_clean', 'fruity', 'sweet', 'smoky']",3.0,2.0,0.0,0.0,0.0,medium,fuzzy_token,manual_review,ok
W000563,glenfiddich 14yo rich oak,Glenfiddich,Malt,Speyside,Unknown,14yo,original_production_data,https://www.whisky.com/whisky-database/details/W000563.html,Raw notes matched from historical dataset,"['bottle_name', 'bottle_name_clean', 'fruity', 'sweet', 'smoky']",5.0,6.0,0.0,0.0,1.0,medium,fuzzy_token,manual_review,ok
W000566,auchentoshan bartender's malt,Auchentoshan,Malt,Lowland,Unknown,NAS,original_production_data,https://www.whisky.com/whisky-database/details/W000566.html,Raw notes matched from historical dataset,"['bottle_name', 'bottle_name_clean', 'fruity', 'sweet', 'smoky']",4.0,2.0,0.0,1.0,0.0,medium,fuzzy_token,manual_review,ok
W000568,high coast (box) the messenger,Box,Malt,Unknown,Unknown,NAS,Master of Malt / TWE / Whiskybase,,,[],0.0,0.0,0.0,0.0,0.0,none,none,manual_review,zero_flavor_vector|entity_normalization_review
W000571,teerenpeli distiller’s choice rasi,Teerenpeli,Malt,Unknown,Unknown,NAS,Master of Malt / TWE / Whiskybase,,,[],0.0,0.0,0.0,0.0,0.0,none,none,manual_review,zero_flavor_vector
W000572,yamazaki distiller's reserve,Yamazaki,Malt,Unknown,Unknown,NAS,original_production_data,https://www.whisky.com/whisky-database/details/W000572.html,Raw notes matched from historical dataset,"['bottle_name', 'bottle_name_clean', 'fruity', 'sweet', 'smoky']",10.0,3.0,0.0,13.0,2.0,medium,fuzzy_token,manual_review,ok
W000573,glen grant 16yo,Glen Grant,Malt,Speyside,Unknown,16yo,original_production_data,https://www.whisky.com/whisky-database/details/W000573.html,Raw notes matched from historical dataset,"['bottle_name', 'bottle_name_clean', 'fruity', 'sweet', 'smoky']",3.0,2.0,0.0,0.0,0.0,medium,fuzzy_token,manual_review,ok
W000575,mackmyra moment jord,Mackmyra,Malt,Unknown,Unknown,NAS,original_production_data,https://www.whisky.com/whisky-database/details/W000575.html,Raw notes matched from historical dataset,"['bottle_name', 'bottle_name_clean', 'fruity', 'sweet', 'smoky']",16.0,6.0,0.0,2.0,6.0,medium,fuzzy_token,manual_review,ok
W000577,mackmyra special 05,Mackmyra,Malt,Unknown,Unknown,NAS,original_production_data,https://www.whisky.com/whisky-database/details/W000577.html,Raw notes matched from historical dataset,"['bottle_name', 'bottle_name_clean', 'fruity', 'sweet', 'smoky']",16.0,6.0,0.0,2.0,6.0,medium,fuzzy_token,manual_review,ok
W000583,mackmyra moment källa,Mackmyra,Malt,Unknown,Unknown,NAS,original_production_data,https://www.whisky.com/whisky-database/details/W000583.html,Raw notes matched from historical dataset,"['bottle_name', 'bottle_name_clean', 'fruity', 'sweet', 'smoky']",16.0,6.0,0.0,2.0,6.0,medium,fuzzy_token,manual_review,ok
W000585,mackmyra special 08,Mackmyra,Malt,Unknown,Unknown,NAS,original_production_data,https://www.whisky.com/whisky-database/details/W000585.html,Raw notes matched from historical dataset,"['bottle_name', 'bottle_name_clean', 'fruity', 'sweet', 'smoky']",16.0,6.0,0.0,2.0,6.0,medium,fuzzy_token,manual_review,ok
W000587,mackmyra moment solsken,Mackmyra,Malt,Unknown,Unknown,NAS,original_production_data,https://www.whisky.com/whisky-database/details/W000587.html,Raw notes matched from historical dataset,"['bottle_name', 'bottle_name_clean', 'fruity', 'sweet', 'smoky']",16.0,6.0,0.0,2.0,6.0,medium,fuzzy_token,manual_review,ok
W000593,glenfiddich ipa cask finish experimental series no. 1,Glenfiddich,Malt,Speyside,Unknown,NAS,original_production_data,https://www.whisky.com/whisky-database/details/W000593.html,Raw notes matched from historical dataset,"['bottle_name', 'bottle_name_clean', 'fruity', 'sweet', 'smoky']",5.0,6.0,0.0,0.0,1.0,medium,fuzzy_token,manual_review,ok
W000595,teerenpeli 8yo,Teerenpeli,Malt,Unknown,Unknown,8yo,Master of Malt / TWE / Whiskybase,,,[],0.0,0.0,0.0,0.0,0.0,none,none,manual_review,zero_flavor_vector
W000597,auchentoshan 18yo,Auchentoshan,Malt,Lowland,Unknown,18yo,original_production_data,https://www.whisky.com/whisky-database/details/W000597.html,Raw notes matched from historical dataset,"['bottle_name', 'bottle_name_clean', 'fruity', 'sweet', 'smoky']",4.0,2.0,0.0,1.0,0.0,medium,fuzzy_token,manual_review,ok
W000604,mackmyra moment malström (maelstrom),Mackmyra,Malt,Unknown,Unknown,NAS,original_production_data,https://www.whisky.com/whisky-database/details/W000604.html,Raw notes matched from historical dataset,"['bottle_name', 'bottle_name_clean', 'fruity', 'sweet', 'smoky']",16.0,6.0,0.0,2.0,6.0,medium,fuzzy_token,manual_review,ok
W000605,mackmyra special 10,Mackmyra,Malt,Unknown,Unknown,10 Year Old,original_production_data,https://www.whisky.com/whisky-database/details/W000605.html,Raw notes matched from historical dataset,"['bottle_name', 'bottle_name_clean', 'fruity', 'sweet', 'smoky']",16.0,6.0,0.0,2.0,6.0,medium,fuzzy_token,manual_review,ok
W000607,okanagan spirits laird of fintry (all editions),Okanagan Spirits,Malt,Unknown,Unknown,NAS,Master of Malt / TWE / Whiskybase,,,[],0.0,0.0,0.0,0.0,0.0,none,none,manual_review,zero_flavor_vector
W000614,glenfiddich 14yo bourbon barrel reserve,Glenfiddich,Malt,Speyside,Unknown,14yo,original_production_data,https://www.whisky.com/whisky-database/details/W000614.html,Raw notes matched from historical dataset,"['bottle_name', 'bottle_name_clean', 'fruity', 'sweet', 'smoky']",5.0,6.0,0.0,0.0,1.0,medium,fuzzy_token,manual_review,ok
W000619,gouden carolus single malt,Gouden Carolus,Malt,Unknown,Unknown,NAS,Master of Malt / TWE / Whiskybase,,,[],0.0,0.0,0.0,0.0,0.0,none,none,manual_review,zero_flavor_vector
W000622,sullivans cove double cask,Sullivans Cove,Malt,Unknown,Unknown,NAS,Master of Malt / TWE / Whiskybase,,,[],0.0,0.0,0.0,0.0,0.0,none,none,manual_review,zero_flavor_vector
W000626,teeling small batch (rum cask finish),Teeling Whiskey Company,Blend,Unknown,Unknown,NAS,Master of Malt / TWE / Whiskybase,,,[],0.0,0.0,0.0,0.0,0.0,none,none,manual_review,zero_flavor_vector
W000630,nantou (omar) yushan bourbon cask,Nantou Distillery,Malt,Unknown,Unknown,NAS,Master of Malt / TWE / Whiskybase,,,[],0.0,0.0,0.0,0.0,0.0,none,none,manual_review,zero_flavor_vector
W000631,deanston 12yo,Deanston,Malt,Highland,Unknown,12yo,original_production_data,https://www.whisky.com/whisky-database/details/W000631.html,Raw notes matched from historical dataset,"['bottle_name', 'bottle_name_clean', 'fruity', 'sweet', 'smoky']",9.0,1.0,0.0,0.0,6.0,medium,fuzzy_token,manual_review,ok
W000643,mackmyra moment jakt,Mackmyra,Malt,Unknown,Unknown,NAS,original_production_data,https://www.whisky.com/whisky-database/details/W000643.html,Raw notes matched from historical dataset,"['bottle_name', 'bottle_name_clean', 'fruity', 'sweet', 'smoky']",16.0,6.0,0.0,2.0,6.0,medium,fuzzy_token,manual_review,ok
W000647,glenfiddich select cask,Glenfiddich,Malt,Speyside,Unknown,NAS,original_production_data,https://www.whisky.com/whisky-database/details/W000647.html,Raw notes matched from historical dataset,"['bottle_name', 'bottle_name_clean', 'fruity', 'sweet', 'smoky']",5.0,6.0,0.0,0.0,1.0,medium,fuzzy_token,manual_review,ok
W000656,ohishi brandy cask,Ohishi Distillery,Malt,Unknown,Unknown,NAS,Master of Malt / TWE / Whiskybase,,,[],0.0,0.0,0.0,0.0,0.0,none,none,manual_review,zero_flavor_vector
W000677,penderyn legend,Penderyn,Malt,Unknown,Unknown,NAS,Master of Malt / TWE / Whiskybase,,,[],0.0,0.0,0.0,0.0,0.0,none,none,manual_review,zero_flavor_vector
W000680,penderyn aur cymru,Penderyn,Malt,Unknown,Unknown,NAS,Master of Malt / TWE / Whiskybase,,,[],0.0,0.0,0.0,0.0,0.0,none,none,manual_review,zero_flavor_vector
W000683,mackmyra special 01,Mackmyra,Malt,Unknown,Unknown,NAS,original_production_data,https://www.whisky.com/whisky-database/details/W000683.html,Raw notes matched from historical dataset,"['bottle_name', 'bottle_name_clean', 'fruity', 'sweet', 'smoky']",16.0,6.0,0.0,2.0,6.0,medium,fuzzy_token,manual_review,ok
W000687,kavalan solist moscatel cask,Kavalan,Malt,Unknown,Unknown,NAS,original_production_data,https://www.whisky.com/whisky-database/details/W000687.html,Raw notes matched from historical dataset,"['bottle_name', 'bottle_name_clean', 'fruity', 'sweet', 'smoky']",3.0,7.0,0.0,5.0,4.0,medium,fuzzy_token,manual_review,ok
W000688,midleton barry crockett legacy,Midleton,Blend,Unknown,Unknown,NAS,Master of Malt / TWE / Whiskybase,,,[],0.0,0.0,0.0,0.0,0.0,none,none,manual_review,zero_flavor_vector
W000689,kavalan solist rum cask,Kavalan,Malt,Unknown,Unknown,NAS,original_production_data,https://www.whisky.com/whisky-database/details/W000689.html,Raw notes matched from historical dataset,"['bottle_name', 'bottle_name_clean', 'fruity', 'sweet', 'smoky']",3.0,7.0,0.0,5.0,4.0,medium,fuzzy_token,manual_review,ok
W000690,glen scotia 25yo,Glen Scotia,Malt,Campbeltown,Unknown,25yo,Master of Malt / TWE / Whiskybase,,,[],0.0,0.0,0.0,0.0,0.0,none,none,manual_review,zero_flavor_vector
W000691,yamazaki limited edition 2015,Yamazaki,Malt,Unknown,Unknown,NAS,original_production_data,https://www.whisky.com/whisky-database/details/W000691.html,Raw notes matched from historical dataset,"['bottle_name', 'bottle_name_clean', 'fruity', 'sweet', 'smoky']",10.0,3.0,0.0,13.0,2.0,medium,fuzzy_token,manual_review,ok
W000694,mackmyra iskristall,Mackmyra,Malt,Unknown,Unknown,NAS,original_production_data,https://www.whisky.com/whisky-database/details/W000694.html,Raw notes matched from historical dataset,"['bottle_name', 'bottle_name_clean', 'fruity', 'sweet', 'smoky']",16.0,6.0,0.0,2.0,6.0,medium,fuzzy_token,manual_review,ok
W000697,teeling silver reserve 21yo sauternes finish,Teeling Whiskey Company,Malt,Unknown,Unknown,21yo,Master of Malt / TWE / Whiskybase,,,[],0.0,0.0,0.0,0.0,0.0,none,none,manual_review,zero_flavor_vector
W000698,high coast (box) the 2nd step collection 03,Box,Malt,Unknown,Unknown,NAS,Master of Malt / TWE / Whiskybase,,,[],0.0,0.0,0.0,0.0,0.0,none,none,manual_review,zero_flavor_vector|entity_normalization_review
W000699,compass box double single,Box,Blend,Unknown,Unknown,NAS,original_production_data,https://www.whisky.com/whisky-database/details/W000699.html,Raw notes matched from historical dataset,"['bottle_name', 'bottle_name_clean', 'fruity', 'sweet', 'smoky']",3.0,0.0,0.0,1.0,0.0,medium,fuzzy_token,manual_review,entity_normalization_review
W000700,mackmyra vinterdrom,Mackmyra,Malt,Unknown,Unknown,NAS,original_production_data,https://www.whisky.com/whisky-database/details/W000700.html,Raw notes matched from historical dataset,"['bottle_name', 'bottle_name_clean', 'fruity', 'sweet', 'smoky']",16.0,6.0,0.0,2.0,6.0,medium,fuzzy_token,manual_review,ok
W000704,compass box double single (all editions),Box,Blend,Unknown,Unknown,NAS,original_production_data,https://www.whisky.com/whisky-database/details/W000704.html,Raw notes matched from historical dataset,"['bottle_name', 'bottle_name_clean', 'fruity', 'sweet', 'smoky']",3.0,0.0,0.0,1.0,0.0,medium,fuzzy_token,manual_review,entity_normalization_review
W000705,ichiro's malt chichibu on the way,Chichibu,Malt,Unknown,Unknown,NAS,Master of Malt / TWE / Whiskybase,,,[],0.0,0.0,0.0,0.0,0.0,none,none,manual_review,zero_flavor_vector
W000710,kavalan distillery reserve rum cask,Kavalan,Malt,Unknown,Unknown,NAS,original_production_data,https://www.whisky.com/whisky-database/details/W000710.html,Raw notes matched from historical dataset,"['bottle_name', 'bottle_name_clean', 'fruity', 'sweet', 'smoky']",3.0,7.0,0.0,5.0,4.0,medium,fuzzy_token,manual_review,ok
W000712,high coast (box) quercus iv mongolica,Box,Malt,Unknown,Unknown,NAS,Master of Malt / TWE / Whiskybase,,,[],0.0,0.0,0.0,0.0,0.0,none,none,manual_review,zero_flavor_vector|entity_normalization_review
W000714,amrut cask strength,Amrut,Malt,Unknown,Unknown,NAS,original_production_data,https://www.whisky.com/whisky-database/details/W000714.html,Raw notes matched from historical dataset,"['bottle_name', 'bottle_name_clean', 'fruity', 'sweet', 'smoky']",7.0,15.0,0.0,7.0,12.0,high,exact,auto_candidate,ok
W000718,yamazaki bourbon barrel,Yamazaki,Malt,Unknown,Unknown,NAS,original_production_data,https://www.whisky.com/whisky-database/details/W000718.html,Raw notes matched from historical dataset,"['bottle_name', 'bottle_name_clean', 'fruity', 'sweet', 'smoky']",10.0,3.0,0.0,13.0,2.0,medium,fuzzy_token,manual_review,ok
W000722,glenmorangie spios private edition no 9,Glenmorangie,Malt,Highland,Unknown,NAS,original_production_data,https://www.whisky.com/whisky-database/details/W000722.html,Raw notes matched from historical dataset,"['bottle_name', 'bottle_name_clean', 'fruity', 'sweet', 'smoky']",8.0,2.0,0.0,0.0,3.0,medium,fuzzy_token,manual_review,ok
W000723,glenmorangie tusail,Glenmorangie,Malt,Highland,Unknown,NAS,original_production_data,https://www.whisky.com/whisky-database/details/W000723.html,Raw notes matched from historical dataset,"['bottle_name', 'bottle_name_clean', 'fruity', 'sweet', 'smoky']",8.0,2.0,0.0,0.0,3.0,medium,fuzzy_token,manual_review,ok
W000727,compass box enlightenment,Box,Malt,Unknown,Unknown,NAS,original_production_data,https://www.whisky.com/whisky-database/details/W000727.html,Raw notes matched from historical dataset,"['bottle_name', 'bottle_name_clean', 'fruity', 'sweet', 'smoky']",3.0,0.0,0.0,1.0,0.0,medium,fuzzy_token,manual_review,entity_normalization_review
W000730,hakushu 10yo,Hakushu,Malt,Unknown,Unknown,10yo,original_production_data,https://www.whisky.com/whisky-database/details/W000730.html,Raw notes matched from historical dataset,"['bottle_name', 'bottle_name_clean', 'fruity', 'sweet', 'smoky']",1.0,4.0,0.0,0.0,4.0,medium,fuzzy_token,manual_review,ok
W000731,hakushu 12yo,Hakushu,Malt,Unknown,Unknown,12yo,original_production_data,https://www.whisky.com/whisky-database/details/W000731.html,Raw notes matched from historical dataset,"['bottle_name', 'bottle_name_clean', 'fruity', 'sweet', 'smoky']",1.0,4.0,0.0,0.0,4.0,medium,fuzzy_token,manual_review,ok
W000733,compass box rivals,Box,Blend,Unknown,Unknown,NAS,original_production_data,https://www.whisky.com/whisky-database/details/W000733.html,Raw notes matched from historical dataset,"['bottle_name', 'bottle_name_clean', 'fruity', 'sweet', 'smoky']",3.0,0.0,0.0,1.0,0.0,medium,fuzzy_token,manual_review,entity_normalization_review
W000734,glenfiddich 26yo excellence,Glenfiddich,Malt,Speyside,Unknown,26yo,original_production_data,https://www.whisky.com/whisky-database/details/W000734.html,Raw notes matched from historical dataset,"['bottle_name', 'bottle_name_clean', 'fruity', 'sweet', 'smoky']",5.0,6.0,0.0,0.0,1.0,medium,fuzzy_token,manual_review,ok
W000737,yamazaki 12yo,Yamazaki,Malt,Unknown,Unknown,12yo,original_production_data,https://www.whisky.com/whisky-database/details/W000737.html,Raw notes matched from historical dataset,"['bottle_name', 'bottle_name_clean', 'fruity', 'sweet', 'smoky']",10.0,3.0,0.0,13.0,2.0,medium,fuzzy_token,manual_review,ok
W000741,kavalan podium,Kavalan,Malt,Unknown,Unknown,NAS,original_production_data,https://www.whisky.com/whisky-database/details/W000741.html,Raw notes matched from historical dataset,"['bottle_name', 'bottle_name_clean', 'fruity', 'sweet', 'smoky']",3.0,7.0,0.0,5.0,4.0,medium,fuzzy_token,manual_review,ok
W000745,mackmyra ten years 10yo,Mackmyra,Malt,Unknown,Unknown,10yo,original_production_data,https://www.whisky.com/whisky-database/details/W000745.html,Raw notes matched from historical dataset,"['bottle_name', 'bottle_name_clean', 'fruity', 'sweet', 'smoky']",16.0,6.0,0.0,2.0,6.0,medium,fuzzy_token,manual_review,ok
W000748,glenmorangie the tarlogan,Glenmorangie,Malt,Highland,Unknown,NAS,original_production_data,https://www.whisky.com/whisky-database/details/W000748.html,Raw notes matched from historical dataset,"['bottle_name', 'bottle_name_clean', 'fruity', 'sweet', 'smoky']",8.0,2.0,0.0,0.0,3.0,medium,fuzzy_token,manual_review,ok
W000752,mackmyra preludium 03,Mackmyra,Malt,Unknown,Unknown,NAS,original_production_data,https://www.whisky.com/whisky-database/details/W000752.html,Raw notes matched from historical dataset,"['bottle_name', 'bottle_name_clean', 'fruity', 'sweet', 'smoky']",16.0,6.0,0.0,2.0,6.0,medium,fuzzy_token,manual_review,ok
W000754,westland garryana,Westland Distillery,Malt,Unknown,Unknown,NAS,Master of Malt / TWE / Whiskybase,,,[],0.0,0.0,0.0,0.0,0.0,none,none,manual_review,zero_flavor_vector
W000758,spirit of hven urania,Hven,Malt,Unknown,Unknown,NAS,Master of Malt / TWE / Whiskybase,,,[],0.0,0.0,0.0,0.0,0.0,none,none,manual_review,zero_flavor_vector
W000760,yamazaki puncheon,Yamazaki,Malt,Unknown,Unknown,NAS,original_production_data,https://www.whisky.com/whisky-database/details/W000760.html,Raw notes matched from historical dataset,"['bottle_name', 'bottle_name_clean', 'fruity', 'sweet', 'smoky']",10.0,3.0,0.0,13.0,2.0,medium,fuzzy_token,manual_review,ok
W000768,ichiro's malt chichibu the floor malted,Chichibu,Malt,Unknown,Unknown,NAS,Master of Malt / TWE / Whiskybase,,,[],0.0,0.0,0.0,0.0,0.0,none,none,manual_review,zero_flavor_vector
W000771,nikka miyagikyo nas,Miyagikyo,Malt,Unknown,Unknown,NAS,Master of Malt / TWE / Whiskybase,,,[],0.0,0.0,0.0,0.0,0.0,none,none,manual_review,zero_flavor_vector
W000775,glendalough 13yo single malt,Glendalough,Malt,Unknown,Unknown,13yo,Master of Malt / TWE / Whiskybase,,,[],0.0,0.0,0.0,0.0,0.0,none,none,manual_review,zero_flavor_vector
W000777,ichiro's malt chichibu the first,Chichibu,Malt,Unknown,Unknown,NAS,Master of Malt / TWE / Whiskybase,,,[],0.0,0.0,0.0,0.0,0.0,none,none,manual_review,zero_flavor_vector
W000778,kavalan king car conductor,Kavalan,Malt,Unknown,Unknown,NAS,original_production_data,https://www.whisky.com/whisky-database/details/W000778.html,Raw notes matched from historical dataset,"['bottle_name', 'bottle_name_clean', 'fruity', 'sweet', 'smoky']",3.0,7.0,0.0,5.0,4.0,medium,fuzzy_token,manual_review,ok
W000779,mackmyra svensk ek,Mackmyra,Malt,Unknown,Unknown,NAS,original_production_data,https://www.whisky.com/whisky-database/details/W000779.html,Raw notes matched from historical dataset,"['bottle_name', 'bottle_name_clean', 'fruity', 'sweet', 'smoky']",16.0,6.0,0.0,2.0,6.0,medium,fuzzy_token,manual_review,ok
W000783,glen scotia 21yo,Glen Scotia,Malt,Campbeltown,Unknown,21yo,Master of Malt / TWE / Whiskybase,,,[],0.0,0.0,0.0,0.0,0.0,none,none,manual_review,zero_flavor_vector
W000784,high coast (box) quercus iii petraea,Box,Malt,Unknown,Unknown,NAS,Master of Malt / TWE / Whiskybase,,,[],0.0,0.0,0.0,0.0,0.0,none,none,manual_review,zero_flavor_vector|entity_normalization_review
W000785,mackmyra special 07,Mackmyra,Malt,Unknown,Unknown,NAS,original_production_data,https://www.whisky.com/whisky-database/details/W000785.html,Raw notes matched from historical dataset,"['bottle_name', 'bottle_name_clean', 'fruity', 'sweet', 'smoky']",16.0,6.0,0.0,2.0,6.0,medium,fuzzy_token,manual_review,ok
W000786,yamazaki nas,Yamazaki,Malt,Unknown,Unknown,NAS,original_production_data,https://www.whisky.com/whisky-database/details/W000786.html,Raw notes matched from historical dataset,"['bottle_name', 'bottle_name_clean', 'fruity', 'sweet', 'smoky']",10.0,3.0,0.0,13.0,2.0,medium,fuzzy_token,manual_review,ok
W000792,glen grant 10yo (g&m),Glen Grant,Malt,Speyside,Unknown,10yo,original_production_data,https://www.whisky.com/whisky-database/details/W000792.html,Raw notes matched from historical dataset,"['bottle_name', 'bottle_name_clean', 'fruity', 'sweet', 'smoky']",3.0,2.0,0.0,0.0,0.0,medium,fuzzy_token,manual_review,ok
W000798,glen scotia 18yo,Glen Scotia,Malt,Campbeltown,Unknown,18yo,Master of Malt / TWE / Whiskybase,,,[],0.0,0.0,0.0,0.0,0.0,none,none,manual_review,zero_flavor_vector
W000799,kavalan single malt whisky,Kavalan,Malt,Unknown,Unknown,NAS,original_production_data,https://www.whisky.com/whisky-database/details/W000799.html,Raw notes matched from historical dataset,"['bottle_name', 'bottle_name_clean', 'fruity', 'sweet', 'smoky']",3.0,7.0,0.0,5.0,4.0,medium,fuzzy_token,manual_review,ok
W000802,talisker skye,Talisker,Malt,Islands,Unknown,NAS,original_production_data,https://www.whisky.com/whisky-database/details/W000802.html,Raw notes matched from historical dataset,"['bottle_name', 'bottle_name_clean', 'fruity', 'sweet', 'smoky']",2.0,8.0,0.0,5.0,0.0,medium,fuzzy_token,manual_review,ok
W000804,glenmorangie 10yo,Glenmorangie,Malt,Highland,Unknown,10yo,original_production_data,https://www.whisky.com/whisky-database/details/W000804.html,Raw notes matched from historical dataset,"['bottle_name', 'bottle_name_clean', 'fruity', 'sweet', 'smoky']",8.0,2.0,0.0,0.0,3.0,medium,fuzzy_token,manual_review,ok
W000808,mackmyra the swedish whisky (brukswhisky),Mackmyra,Malt,Unknown,Unknown,NAS,original_production_data,https://www.whisky.com/whisky-database/details/W000808.html,Raw notes matched from historical dataset,"['bottle_name', 'bottle_name_clean', 'fruity', 'sweet', 'smoky']",16.0,6.0,0.0,2.0,6.0,medium,fuzzy_token,manual_review,ok
W000814,hakushu distiller's reserve,Hakushu,Malt,Unknown,Unknown,NAS,original_production_data,https://www.whisky.com/whisky-database/details/W000814.html,Raw notes matched from historical dataset,"['bottle_name', 'bottle_name_clean', 'fruity', 'sweet', 'smoky']",1.0,4.0,0.0,0.0,4.0,medium,fuzzy_token,manual_review,ok
W000820,hakushu nas,Hakushu,Malt,Unknown,Unknown,NAS,original_production_data,https://www.whisky.com/whisky-database/details/W000820.html,Raw notes matched from historical dataset,"['bottle_name', 'bottle_name_clean', 'fruity', 'sweet', 'smoky']",1.0,4.0,0.0,0.0,4.0,medium,fuzzy_token,manual_review,ok
W000823,glen grant 12yo,Glen Grant,Malt,Speyside,Unknown,12yo,original_production_data,https://www.whisky.com/whisky-database/details/W000823.html,Raw notes matched from historical dataset,"['bottle_name', 'bottle_name_clean', 'fruity', 'sweet', 'smoky']",3.0,2.0,0.0,0.0,0.0,medium,fuzzy_token,manual_review,ok
W000824,glen scotia 14yo,Glen Scotia,Malt,Campbeltown,Unknown,14yo,Master of Malt / TWE / Whiskybase,,,[],0.0,0.0,0.0,0.0,0.0,none,none,manual_review,zero_flavor_vector
W000825,mackmyra special 02,Mackmyra,Malt,Unknown,Unknown,NAS,original_production_data,https://www.whisky.com/whisky-database/details/W000825.html,Raw notes matched from historical dataset,"['bottle_name', 'bottle_name_clean', 'fruity', 'sweet', 'smoky']",16.0,6.0,0.0,2.0,6.0,medium,fuzzy_token,manual_review,ok
W000829,penderyn myth,Penderyn,Malt,Unknown,Unknown,NAS,Master of Malt / TWE / Whiskybase,,,[],0.0,0.0,0.0,0.0,0.0,none,none,manual_review,zero_flavor_vector
W000833,glengoyne 10yo,Glengoyne,Malt,Highland,Unknown,10yo,original_production_data,https://www.whisky.com/whisky-database/details/W000833.html,Raw notes matched from historical dataset,"['bottle_name', 'bottle_name_clean', 'fruity', 'sweet', 'smoky']",1.0,0.0,2.0,4.0,4.0,medium,fuzzy_token,manual_review,ok
W000835,glenfiddich 1963 original malt,Glenfiddich,Malt,Speyside,Unknown,NAS,original_production_data,https://www.whisky.com/whisky-database/details/W000835.html,Raw notes matched from historical dataset,"['bottle_name', 'bottle_name_clean', 'fruity', 'sweet', 'smoky']",5.0,6.0,0.0,0.0,1.0,medium,fuzzy_token,manual_review,ok
W000837,high coast (box) quercus i robur,Box,Malt,Unknown,Unknown,NAS,Master of Malt / TWE / Whiskybase,,,[],0.0,0.0,0.0,0.0,0.0,none,none,manual_review,zero_flavor_vector|entity_normalization_review
W000842,glendalough 7yo single malt,Glendalough,Malt,Unknown,Unknown,7yo,Master of Malt / TWE / Whiskybase,,,[],0.0,0.0,0.0,0.0,0.0,none,none,manual_review,zero_flavor_vector
W000844,st george's chapter 6 (unpeated),St. George'S Distillery,Malt,Unknown,Unknown,NAS,Master of Malt / TWE / Whiskybase,,,[],0.0,0.0,0.0,0.0,0.0,none,none,manual_review,zero_flavor_vector
W000848,teerenpeli 10yo,Teerenpeli,Malt,Unknown,Unknown,10yo,Master of Malt / TWE / Whiskybase,,,[],0.0,0.0,0.0,0.0,0.0,none,none,manual_review,zero_flavor_vector
W000853,shelter point classic single cask (kwm) single malt whisky,Shelter Point Distillery,Malt,Unknown,Unknown,NAS,Master of Malt / TWE / Whiskybase,,,[],0.0,0.0,0.0,0.0,0.0,none,none,manual_review,zero_flavor_vector
W000857,auchentoshan virgin oak,Auchentoshan,Malt,Lowland,Unknown,NAS,original_production_data,https://www.whisky.com/whisky-database/details/W000857.html,Raw notes matched from historical dataset,"['bottle_name', 'bottle_name_clean', 'fruity', 'sweet', 'smoky']",4.0,2.0,0.0,1.0,0.0,medium,fuzzy_token,manual_review,ok
W000858,bushmills 10yo single malt,Bushmills,Malt,Unknown,Unknown,10yo,original_production_data,https://www.whisky.com/whisky-database/details/W000858.html,Raw notes matched from historical dataset,"['bottle_name', 'bottle_name_clean', 'fruity', 'sweet', 'smoky']",5.0,4.0,0.0,0.0,2.0,medium,fuzzy_token,manual_review,ok
W000860,shelter point artisanal single malt whisky,Shelter Point Distillery,Malt,Unknown,Unknown,NAS,Master of Malt / TWE / Whiskybase,,,[],0.0,0.0,0.0,0.0,0.0,none,none,manual_review,zero_flavor_vector
W000867,kilbeggan irish reserve malt whiskey,Kilbeggan Distillery,Malt,Unknown,Unknown,NAS,Master of Malt / TWE / Whiskybase,,,[],0.0,0.0,0.0,0.0,0.0,none,none,manual_review,zero_flavor_vector
W000870,mackmyra midnattssol,Mackmyra,Malt,Unknown,Unknown,NAS,original_production_data,https://www.whisky.com/whisky-database/details/W000870.html,Raw notes matched from historical dataset,"['bottle_name', 'bottle_name_clean', 'fruity', 'sweet', 'smoky']",16.0,6.0,0.0,2.0,6.0,medium,fuzzy_token,manual_review,ok
W000872,glenfiddich 12yo,Glenfiddich,Malt,Speyside,Unknown,12yo,original_production_data,https://www.whisky.com/whisky-database/details/W000872.html,Raw notes matched from historical dataset,"['bottle_name', 'bottle_name_clean', 'fruity', 'sweet', 'smoky']",5.0,6.0,0.0,0.0,1.0,medium,fuzzy_token,manual_review,ok
W000889,nantou (omar) yushan blended malt,Nantou Distillery,Malt,Unknown,Unknown,NAS,Master of Malt / TWE / Whiskybase,,,[],0.0,0.0,0.0,0.0,0.0,none,none,manual_review,zero_flavor_vector
W000892,glen grant the major's reserve,Glen Grant,Malt,Speyside,Unknown,NAS,original_production_data,https://www.whisky.com/whisky-database/details/W000892.html,Raw notes matched from historical dataset,"['bottle_name', 'bottle_name_clean', 'fruity', 'sweet', 'smoky']",3.0,2.0,0.0,0.0,0.0,medium,fuzzy_token,manual_review,ok
W000895,mackmyra mack,Mackmyra,Malt,Unknown,Unknown,NAS,original_production_data,https://www.whisky.com/whisky-database/details/W000895.html,Raw notes matched from historical dataset,"['bottle_name', 'bottle_name_clean', 'fruity', 'sweet', 'smoky']",16.0,6.0,0.0,2.0,6.0,medium,fuzzy_token,manual_review,ok
W000899,auchentoshan 10yo,Auchentoshan,Malt,Lowland,Unknown,10yo,original_production_data,https://www.whisky.com/whisky-database/details/W000899.html,Raw notes matched from historical dataset,"['bottle_name', 'bottle_name_clean', 'fruity', 'sweet', 'smoky']",4.0,2.0,0.0,1.0,0.0,medium,fuzzy_token,manual_review,ok
W000901,tamnavulin 12yo,Tamnavulin,Malt,Speyside,Unknown,12yo,Master of Malt / TWE / Whiskybase,,,[],0.0,0.0,0.0,0.0,0.0,none,none,manual_review,zero_flavor_vector
W000905,mackmyra sweden rock (2015),Mackmyra,Malt,Unknown,Unknown,NAS,original_production_data,https://www.whisky.com/whisky-database/details/W000905.html,Raw notes matched from historical dataset,"['bottle_name', 'bottle_name_clean', 'fruity', 'sweet', 'smoky']",16.0,6.0,0.0,2.0,6.0,medium,fuzzy_token,manual_review,ok
W000915,talisker 35yo,Talisker,Malt,Islands,Unknown,35yo,original_production_data,https://www.whisky.com/whisky-database/details/W000915.html,Raw notes matched from historical dataset,"['bottle_name', 'bottle_name_clean', 'fruity', 'sweet', 'smoky']",2.0,8.0,0.0,5.0,0.0,medium,fuzzy_token,manual_review,ok
W000920,talisker 30yo,Talisker,Malt,Islands,Unknown,30yo,original_production_data,https://www.whisky.com/whisky-database/details/W000920.html,Raw notes matched from historical dataset,"['bottle_name', 'bottle_name_clean', 'fruity', 'sweet', 'smoky']",2.0,8.0,0.0,5.0,0.0,medium,fuzzy_token,manual_review,ok
W000927,talisker 18yo,Talisker,Malt,Islands,Unknown,18yo,original_production_data,https://www.whisky.com/whisky-database/details/W000927.html,Raw notes matched from historical dataset,"['bottle_name', 'bottle_name_clean', 'fruity', 'sweet', 'smoky']",2.0,8.0,0.0,5.0,0.0,medium,fuzzy_token,manual_review,ok
W000929,compass box flaming heart 2008 2nd edition,Box,Malt,Unknown,Unknown,NAS,original_production_data,https://www.whisky.com/whisky-database/details/W000929.html,Raw notes matched from historical dataset,"['bottle_name', 'bottle_name_clean', 'fruity', 'sweet', 'smoky']",3.0,0.0,0.0,1.0,0.0,medium,fuzzy_token,manual_review,entity_normalization_review
W000930,compass box flaming heart 2015 5th edition - 15th anniversary,Box,Malt,Unknown,Unknown,NAS,original_production_data,https://www.whisky.com/whisky-database/details/W000930.html,Raw notes matched from historical dataset,"['bottle_name', 'bottle_name_clean', 'fruity', 'sweet', 'smoky']",3.0,0.0,0.0,1.0,0.0,medium,fuzzy_token,manual_review,entity_normalization_review
W000932,compass box flaming heart 2018 6th edition,Box,Malt,Unknown,Unknown,NAS,original_production_data,https://www.whisky.com/whisky-database/details/W000932.html,Raw notes matched from historical dataset,"['bottle_name', 'bottle_name_clean', 'fruity', 'sweet', 'smoky']",3.0,0.0,0.0,1.0,0.0,medium,fuzzy_token,manual_review,entity_normalization_review
W000936,nikka yoichi 15yo,Yoichi,Malt,Unknown,Unknown,15yo,original_production_data,https://www.whisky.com/whisky-database/details/W000936.html,Raw notes matched from historical dataset,"['bottle_name', 'bottle_name_clean', 'fruity', 'sweet', 'smoky']",6.0,15.0,0.0,4.0,1.0,medium,fuzzy_token,manual_review,ok
W000939,compass box flaming heart (all editions),Box,Malt,Unknown,Unknown,NAS,original_production_data,https://www.whisky.com/whisky-database/details/W000939.html,Raw notes matched from historical dataset,"['bottle_name', 'bottle_name_clean', 'fruity', 'sweet', 'smoky']",3.0,0.0,0.0,1.0,0.0,medium,fuzzy_token,manual_review,entity_normalization_review
W000946,talisker 25yo,Talisker,Malt,Islands,Unknown,25yo,original_production_data,https://www.whisky.com/whisky-database/details/W000946.html,Raw notes matched from historical dataset,"['bottle_name', 'bottle_name_clean', 'fruity', 'sweet', 'smoky']",2.0,8.0,0.0,5.0,0.0,medium,fuzzy_token,manual_review,ok
W000948,compass box flaming heart 2010 3rd edition - 10th anniversary,Box,Malt,Unknown,Unknown,NAS,original_production_data,https://www.whisky.com/whisky-database/details/W000948.html,Raw notes matched from historical dataset,"['bottle_name', 'bottle_name_clean', 'fruity', 'sweet', 'smoky']",3.0,0.0,0.0,1.0,0.0,medium,fuzzy_token,manual_review,entity_normalization_review
W000957,compass box flaming heart 2012 4th edition,Box,Malt,Unknown,Unknown,NAS,original_production_data,https://www.whisky.com/whisky-database/details/W000957.html,Raw notes matched from historical dataset,"['bottle_name', 'bottle_name_clean', 'fruity', 'sweet', 'smoky']",3.0,0.0,0.0,1.0,0.0,medium,fuzzy_token,manual_review,entity_normalization_review
W000958,kavalan distillery reserve peaty cask,Kavalan,Malt,Unknown,Unknown,NAS,original_production_data,https://www.whisky.com/whisky-database/details/W000958.html,Raw notes matched from historical dataset,"['bottle_name', 'bottle_name_clean', 'fruity', 'sweet', 'smoky']",3.0,7.0,0.0,5.0,4.0,medium,fuzzy_token,manual_review,ok
W000961,compass box the lost blend,Box,Malt,Unknown,Unknown,NAS,original_production_data,https://www.whisky.com/whisky-database/details/W000961.html,Raw notes matched from historical dataset,"['bottle_name', 'bottle_name_clean', 'fruity', 'sweet', 'smoky']",3.0,0.0,0.0,1.0,0.0,medium,fuzzy_token,manual_review,entity_normalization_review
W000962,high coast (box) hav,Box,Malt,Unknown,Unknown,NAS,Master of Malt / TWE / Whiskybase,,,[],0.0,0.0,0.0,0.0,0.0,none,none,manual_review,zero_flavor_vector|entity_normalization_review
W000963,bowmore vault edition second release,Bowmore,Malt,Islay,Unknown,NAS,original_production_data,https://www.whisky.com/whisky-database/details/W000963.html,Raw notes matched from historical dataset,"['bottle_name', 'bottle_name_clean', 'fruity', 'sweet', 'smoky']",2.0,3.0,0.0,1.0,0.0,medium,fuzzy_token,manual_review,ok
W000964,bruichladdich port charlotte pc12 oileanach furachail,Acha,Malt,Unknown,Unknown,NAS,Master of Malt / TWE / Whiskybase,,,[],0.0,0.0,0.0,0.0,0.0,none,none,manual_review,zero_flavor_vector
W000965,talisker 8yo (special releases),Talisker,Malt,Islands,Unknown,8yo,original_production_data,https://www.whisky.com/whisky-database/details/W000965.html,Raw notes matched from historical dataset,"['bottle_name', 'bottle_name_clean', 'fruity', 'sweet', 'smoky']",2.0,8.0,0.0,5.0,0.0,medium,fuzzy_token,manual_review,ok
W000969,talisker 15yo (special release 2019),Talisker,Malt,Islands,Unknown,15yo,original_production_data,https://www.whisky.com/whisky-database/details/W000969.html,Raw notes matched from historical dataset,"['bottle_name', 'bottle_name_clean', 'fruity', 'sweet', 'smoky']",2.0,8.0,0.0,5.0,0.0,medium,fuzzy_token,manual_review,ok
W000971,spirit of hven seven stars no. 5 alioth,Hven,Malt,Unknown,Unknown,NAS,Master of Malt / TWE / Whiskybase,,,[],0.0,0.0,0.0,0.0,0.0,none,none,manual_review,zero_flavor_vector
W000973,bowmore mizunara cask finish,Bowmore,Malt,Islay,Unknown,NAS,original_production_data,https://www.whisky.com/whisky-database/details/W000973.html,Raw notes matched from historical dataset,"['bottle_name', 'bottle_name_clean', 'fruity', 'sweet', 'smoky']",2.0,3.0,0.0,1.0,0.0,medium,fuzzy_token,manual_review,ok
W000976,talisker 10yo,Talisker,Malt,Islands,Unknown,10yo,original_production_data,https://www.whisky.com/whisky-database/details/W000976.html,Raw notes matched from historical dataset,"['bottle_name', 'bottle_name_clean', 'fruity', 'sweet', 'smoky']",2.0,8.0,0.0,5.0,0.0,medium,fuzzy_token,manual_review,ok
W000980,hakushu single malt heavily peated,Hakushu,Malt,Unknown,Unknown,NAS,original_production_data,https://www.whisky.com/whisky-database/details/W000980.html,Raw notes matched from historical dataset,"['bottle_name', 'bottle_name_clean', 'fruity', 'sweet', 'smoky']",1.0,4.0,0.0,0.0,4.0,medium,fuzzy_token,manual_review,ok
W000981,bowmore 10yo tempest,Bowmore,Malt,Islay,Unknown,10yo,original_production_data,https://www.whisky.com/whisky-database/details/W000981.html,Raw notes matched from historical dataset,"['bottle_name', 'bottle_name_clean', 'fruity', 'sweet', 'smoky']",2.0,3.0,0.0,1.0,0.0,medium,fuzzy_token,manual_review,ok
W000987,westland peat week,Westland Distillery,Malt,Unknown,Unknown,NAS,Master of Malt / TWE / Whiskybase,,,[],0.0,0.0,0.0,0.0,0.0,none,none,manual_review,zero_flavor_vector
W000988,nikka yoichi 12yo,Yoichi,Malt,Unknown,Unknown,12yo,original_production_data,https://www.whisky.com/whisky-database/details/W000988.html,Raw notes matched from historical dataset,"['bottle_name', 'bottle_name_clean', 'fruity', 'sweet', 'smoky']",6.0,15.0,0.0,4.0,1.0,medium,fuzzy_token,manual_review,ok
W000990,game of thrones house greyjoy talisker select reserve,Talisker,Malt,Islands,Unknown,NAS,Master of Malt / TWE / Whiskybase,,,[],0.0,0.0,0.0,0.0,0.0,none,none,manual_review,zero_flavor_vector
W001006,spirit of hven tycho’s star,Hven,Malt,Unknown,Unknown,NAS,Master of Malt / TWE / Whiskybase,,,[],0.0,0.0,0.0,0.0,0.0,none,none,manual_review,zero_flavor_vector
W001009,compass box lady luck,Box,Malt,Unknown,Unknown,NAS,original_production_data,https://www.whisky.com/whisky-database/details/W001009.html,Raw notes matched from historical dataset,"['bottle_name', 'bottle_name_clean', 'fruity', 'sweet', 'smoky']",3.0,0.0,0.0,1.0,0.0,medium,fuzzy_token,manual_review,entity_normalization_review
W001013,nikka miyagikyo 15yo,Miyagikyo,Malt,Unknown,Unknown,15yo,Master of Malt / TWE / Whiskybase,,,[],0.0,0.0,0.0,0.0,0.0,none,none,manual_review,zero_flavor_vector
W001015,nikka yoichi 10yo,Yoichi,Malt,Unknown,Unknown,10yo,original_production_data,https://www.whisky.com/whisky-database/details/W001015.html,Raw notes matched from historical dataset,"['bottle_name', 'bottle_name_clean', 'fruity', 'sweet', 'smoky']",6.0,15.0,0.0,4.0,1.0,medium,fuzzy_token,manual_review,ok
W001023,mackmyra svensk rök,Mackmyra,Malt,Unknown,Unknown,NAS,original_production_data,https://www.whisky.com/whisky-database/details/W001023.html,Raw notes matched from historical dataset,"['bottle_name', 'bottle_name_clean', 'fruity', 'sweet', 'smoky']",16.0,6.0,0.0,2.0,6.0,medium,fuzzy_token,manual_review,ok
W001024,talisker dark storm,Talisker,Malt,Islands,Unknown,NAS,original_production_data,https://www.whisky.com/whisky-database/details/W001024.html,Raw notes matched from historical dataset,"['bottle_name', 'bottle_name_clean', 'fruity', 'sweet', 'smoky']",2.0,8.0,0.0,5.0,0.0,medium,fuzzy_token,manual_review,ok
W001025,bowmore 17yo white sands,Bowmore,Malt,Islay,Unknown,17yo,original_production_data,https://www.whisky.com/whisky-database/details/W001025.html,Raw notes matched from historical dataset,"['bottle_name', 'bottle_name_clean', 'fruity', 'sweet', 'smoky']",2.0,3.0,0.0,1.0,0.0,medium,fuzzy_token,manual_review,ok
W001026,compass box eleuthera,Box,Malt,Unknown,Unknown,NAS,original_production_data,https://www.whisky.com/whisky-database/details/W001026.html,Raw notes matched from historical dataset,"['bottle_name', 'bottle_name_clean', 'fruity', 'sweet', 'smoky']",3.0,0.0,0.0,1.0,0.0,medium,fuzzy_token,manual_review,entity_normalization_review
W001030,talisker storm,Talisker,Malt,Islands,Unknown,NAS,original_production_data,https://www.whisky.com/whisky-database/details/W001030.html,Raw notes matched from historical dataset,"['bottle_name', 'bottle_name_clean', 'fruity', 'sweet', 'smoky']",2.0,8.0,0.0,5.0,0.0,high,exact,auto_candidate,ok
W001035,nikka yoichi nas,Yoichi,Malt,Unknown,Unknown,NAS,original_production_data,https://www.whisky.com/whisky-database/details/W001035.html,Raw notes matched from historical dataset,"['bottle_name', 'bottle_name_clean', 'fruity', 'sweet', 'smoky']",6.0,15.0,0.0,4.0,1.0,medium,fuzzy_token,manual_review,ok
W001036,westland peated,Westland Distillery,Malt,Unknown,Unknown,NAS,Master of Malt / TWE / Whiskybase,,,[],0.0,0.0,0.0,0.0,0.0,none,none,manual_review,zero_flavor_vector
W001037,bowmore 15yo mariner,Bowmore,Malt,Islay,Unknown,15yo,original_production_data,https://www.whisky.com/whisky-database/details/W001037.html,Raw notes matched from historical dataset,"['bottle_name', 'bottle_name_clean', 'fruity', 'sweet', 'smoky']",2.0,3.0,0.0,1.0,0.0,medium,fuzzy_token,manual_review,ok
W001038,bowmore 18yo,Bowmore,Malt,Islay,Unknown,18yo,original_production_data,https://www.whisky.com/whisky-database/details/W001038.html,Raw notes matched from historical dataset,"['bottle_name', 'bottle_name_clean', 'fruity', 'sweet', 'smoky']",2.0,3.0,0.0,1.0,0.0,medium,fuzzy_token,manual_review,ok
W001039,bowmore vault edition first release,Bowmore,Malt,Islay,Unknown,NAS,original_production_data,https://www.whisky.com/whisky-database/details/W001039.html,Raw notes matched from historical dataset,"['bottle_name', 'bottle_name_clean', 'fruity', 'sweet', 'smoky']",2.0,3.0,0.0,1.0,0.0,medium,fuzzy_token,manual_review,ok
W001044,nikka miyagikyo 12yo,Miyagikyo,Malt,Unknown,Unknown,12yo,Master of Malt / TWE / Whiskybase,,,[],0.0,0.0,0.0,0.0,0.0,none,none,manual_review,zero_flavor_vector
W001045,glenfiddich vintage cask,Glenfiddich,Malt,Speyside,Unknown,NAS,original_production_data,https://www.whisky.com/whisky-database/details/W001045.html,Raw notes matched from historical dataset,"['bottle_name', 'bottle_name_clean', 'fruity', 'sweet', 'smoky']",5.0,6.0,0.0,0.0,1.0,medium,fuzzy_token,manual_review,ok
W001046,nikka miyagikyo 10yo,Miyagikyo,Malt,Unknown,Unknown,10yo,Master of Malt / TWE / Whiskybase,,,[],0.0,0.0,0.0,0.0,0.0,none,none,manual_review,zero_flavor_vector
W001047,high coast (box) early days (batches 01/02),Box,Malt,Unknown,Unknown,NAS,Master of Malt / TWE / Whiskybase,,,[],0.0,0.0,0.0,0.0,0.0,none,none,manual_review,zero_flavor_vector|entity_normalization_review
W001048,spirit of hven seven stars no. 2 merak,Hven,Malt,Unknown,Unknown,NAS,Master of Malt / TWE / Whiskybase,,,[],0.0,0.0,0.0,0.0,0.0,none,none,manual_review,zero_flavor_vector
W001052,ardmore traditional cask,Ardmore,Malt,Highland,Unknown,NAS,original_production_data,https://www.whisky.com/whisky-database/details/W001052.html,Raw notes matched from historical dataset,"['bottle_name', 'bottle_name_clean', 'fruity', 'sweet', 'smoky']",0.0,4.0,0.0,0.0,1.0,medium,fuzzy_token,manual_review,ok
W001054,high coast (box) dalvve,Box,Malt,Unknown,Unknown,NAS,Master of Malt / TWE / Whiskybase,,,[],0.0,0.0,0.0,0.0,0.0,none,none,manual_review,zero_flavor_vector|entity_normalization_review
W001055,spirit of hven seven stars no. 3 phecda,Hven,Malt,Unknown,Unknown,NAS,Master of Malt / TWE / Whiskybase,,,[],0.0,0.0,0.0,0.0,0.0,none,none,manual_review,zero_flavor_vector
W001058,teerenpeli suomi 100 juhlaviski,Teerenpeli,Malt,Unknown,Unknown,NAS,Master of Malt / TWE / Whiskybase,,,[],0.0,0.0,0.0,0.0,0.0,none,none,manual_review,zero_flavor_vector
W001060,glenfiddich fire & cane experimental series no. 4,Glenfiddich,Malt,Speyside,Unknown,NAS,original_production_data,https://www.whisky.com/whisky-database/details/W001060.html,Raw notes matched from historical dataset,"['bottle_name', 'bottle_name_clean', 'fruity', 'sweet', 'smoky']",5.0,6.0,0.0,0.0,1.0,medium,fuzzy_token,manual_review,ok
W001062,bowmore 12yo,Bowmore,Malt,Islay,Unknown,12yo,original_production_data,https://www.whisky.com/whisky-database/details/W001062.html,Raw notes matched from historical dataset,"['bottle_name', 'bottle_name_clean', 'fruity', 'sweet', 'smoky']",2.0,3.0,0.0,1.0,0.0,medium,fuzzy_token,manual_review,ok
W001063,bowmore 17yo,Bowmore,Malt,Islay,Unknown,17yo,original_production_data,https://www.whisky.com/whisky-database/details/W001063.html,Raw notes matched from historical dataset,"['bottle_name', 'bottle_name_clean', 'fruity', 'sweet', 'smoky']",2.0,3.0,0.0,1.0,0.0,medium,fuzzy_token,manual_review,ok
W001065,fettercairn fior,Etter,Malt,Unknown,Unknown,NAS,Master of Malt / TWE / Whiskybase,,,[],0.0,0.0,0.0,0.0,0.0,none,none,manual_review,zero_flavor_vector
W001068,glen scotia 12yo,Glen Scotia,Malt,Campbeltown,Unknown,12yo,Master of Malt / TWE / Whiskybase,,,[],0.0,0.0,0.0,0.0,0.0,none,none,manual_review,zero_flavor_vector
W001069,bowmore no.1,Bowmore,Malt,Islay,Unknown,NAS,original_production_data,https://www.whisky.com/whisky-database/details/W001069.html,Raw notes matched from historical dataset,"['bottle_name', 'bottle_name_clean', 'fruity', 'sweet', 'smoky']",2.0,3.0,0.0,1.0,0.0,medium,fuzzy_token,manual_review,ok
W001071,bowmore gold reef,Bowmore,Malt,Islay,Unknown,NAS,original_production_data,https://www.whisky.com/whisky-database/details/W001071.html,Raw notes matched from historical dataset,"['bottle_name', 'bottle_name_clean', 'fruity', 'sweet', 'smoky']",2.0,3.0,0.0,1.0,0.0,medium,fuzzy_token,manual_review,ok
W001073,penderyn peated,Penderyn,Malt,Unknown,Unknown,NAS,Master of Malt / TWE / Whiskybase,,,[],0.0,0.0,0.0,0.0,0.0,none,none,manual_review,zero_flavor_vector
W001076,penderyn celt,Penderyn,Malt,Unknown,Unknown,NAS,Master of Malt / TWE / Whiskybase,,,[],0.0,0.0,0.0,0.0,0.0,none,none,manual_review,zero_flavor_vector
W001078,spirit of hven seven stars no. 1 dubhe,Hven,Malt,Unknown,Unknown,NAS,Master of Malt / TWE / Whiskybase,,,[],0.0,0.0,0.0,0.0,0.0,none,none,manual_review,zero_flavor_vector
W001079,bowmore small batch,Bowmore,Malt,Islay,Unknown,NAS,original_production_data,https://www.whisky.com/whisky-database/details/W001079.html,Raw notes matched from historical dataset,"['bottle_name', 'bottle_name_clean', 'fruity', 'sweet', 'smoky']",2.0,3.0,0.0,1.0,0.0,medium,fuzzy_token,manual_review,ok
W001082,st george's chapter 9 (peated),St. George'S Distillery,Malt,Unknown,Unknown,NAS,Master of Malt / TWE / Whiskybase,,,[],0.0,0.0,0.0,0.0,0.0,none,none,manual_review,zero_flavor_vector
W001089,glenfiddich 12yo caoran reserve,Glenfiddich,Malt,Speyside,Unknown,12yo,original_production_data,https://www.whisky.com/whisky-database/details/W001089.html,Raw notes matched from historical dataset,"['bottle_name', 'bottle_name_clean', 'fruity', 'sweet', 'smoky']",5.0,6.0,0.0,0.0,1.0,medium,fuzzy_token,manual_review,ok
W001098,laphroaig 21yo,Laphroaig,Malt,Islay,Unknown,21yo,original_production_data,https://www.whisky.com/whisky-database/details/W001098.html,Raw notes matched from historical dataset,"['bottle_name', 'bottle_name_clean', 'fruity', 'sweet', 'smoky']",2.0,9.0,0.0,1.0,8.0,medium,fuzzy_token,manual_review,ok
W001101,kavalan solist peaty cask,Kavalan,Malt,Unknown,Unknown,NAS,original_production_data,https://www.whisky.com/whisky-database/details/W001101.html,Raw notes matched from historical dataset,"['bottle_name', 'bottle_name_clean', 'fruity', 'sweet', 'smoky']",3.0,7.0,0.0,5.0,4.0,medium,fuzzy_token,manual_review,ok
W001102,laphroaig cairdeas 2015,Laphroaig,Malt,Islay,Unknown,NAS,original_production_data,https://www.whisky.com/whisky-database/details/W001102.html,Raw notes matched from historical dataset,"['bottle_name', 'bottle_name_clean', 'fruity', 'sweet', 'smoky']",2.0,1.0,1.0,1.0,0.0,high,exact,auto_candidate,ok
W001110,amrut peated cask strength,Amrut,Malt,Unknown,Unknown,NAS,original_production_data,https://www.whisky.com/whisky-database/details/W001110.html,Raw notes matched from historical dataset,"['bottle_name', 'bottle_name_clean', 'fruity', 'sweet', 'smoky']",2.0,2.0,0.0,0.0,0.0,high,exact,auto_candidate,ok
W001111,amrut portpipe peated single cask #4668 (2017),Amrut,Malt,Unknown,Unknown,NAS,original_production_data,https://www.whisky.com/whisky-database/details/W001111.html,Raw notes matched from historical dataset,"['bottle_name', 'bottle_name_clean', 'fruity', 'sweet', 'smoky']",1.0,1.0,0.0,0.0,0.0,medium,fuzzy_token,manual_review,ok
W001113,"smogen 8yo (4,8-10/2011)",Smögen Whisky,Malt,Unknown,Unknown,8yo,Master of Malt / TWE / Whiskybase,,,[],0.0,0.0,0.0,0.0,0.0,none,none,manual_review,zero_flavor_vector
W001117,compass box no name,Box,Malt,Unknown,Unknown,NAS,original_production_data,https://www.whisky.com/whisky-database/details/W001117.html,Raw notes matched from historical dataset,"['bottle_name', 'bottle_name_clean', 'fruity', 'sweet', 'smoky']",3.0,0.0,0.0,1.0,0.0,medium,fuzzy_token,manual_review,entity_normalization_review
W001122,laphroaig 18yo,Laphroaig,Malt,Islay,Unknown,18yo,original_production_data,https://www.whisky.com/whisky-database/details/W001122.html,Raw notes matched from historical dataset,"['bottle_name', 'bottle_name_clean', 'fruity', 'sweet', 'smoky']",2.0,9.0,0.0,1.0,8.0,medium,fuzzy_token,manual_review,ok
W001125,compass box no name (all editions),Box,Malt,Unknown,Unknown,NAS,original_production_data,https://www.whisky.com/whisky-database/details/W001125.html,Raw notes matched from historical dataset,"['bottle_name', 'bottle_name_clean', 'fruity', 'sweet', 'smoky']",3.0,0.0,0.0,1.0,0.0,medium,fuzzy_token,manual_review,entity_normalization_review
W001127,compass box peat monster 2014 - 10th anniversary,Box,Malt,Unknown,Unknown,NAS,original_production_data,https://www.whisky.com/whisky-database/details/W001127.html,Raw notes matched from historical dataset,"['bottle_name', 'bottle_name_clean', 'fruity', 'sweet', 'smoky']",3.0,0.0,0.0,1.0,0.0,medium,fuzzy_token,manual_review,entity_normalization_review
W001128,laphroaig cairdeas 2019 triple wood cask strength,Laphroaig,Malt,Islay,Unknown,NAS,original_production_data,https://www.whisky.com/whisky-database/details/W001128.html,Raw notes matched from historical dataset,"['bottle_name', 'bottle_name_clean', 'fruity', 'sweet', 'smoky']",2.0,9.0,0.0,1.0,8.0,medium,fuzzy_token,manual_review,ok
W001130,ichiro's malt chichibu the peated,Chichibu,Malt,Unknown,Unknown,NAS,Master of Malt / TWE / Whiskybase,,,[],0.0,0.0,0.0,0.0,0.0,none,none,manual_review,zero_flavor_vector
W001132,laphroaig cairdeas 2014 amontillado,Laphroaig,Malt,Islay,Unknown,NAS,original_production_data,https://www.whisky.com/whisky-database/details/W001132.html,Raw notes matched from historical dataset,"['bottle_name', 'bottle_name_clean', 'fruity', 'sweet', 'smoky']",7.0,21.0,12.0,7.0,3.0,high,exact,auto_candidate,ok
W001133,smogen single cask (all editions),Smögen Whisky,Malt,Unknown,Unknown,NAS,Master of Malt / TWE / Whiskybase,,,[],0.0,0.0,0.0,0.0,0.0,none,none,manual_review,zero_flavor_vector
W001134,smogen single cask 4yo 7/2011,Smögen Whisky,Malt,Unknown,Unknown,4yo,Master of Malt / TWE / Whiskybase,,,[],0.0,0.0,0.0,0.0,0.0,none,none,manual_review,zero_flavor_vector
W001139,amrut portpipe peated single cask #2712 (2013),Amrut,Malt,Unknown,Unknown,NAS,original_production_data,https://www.whisky.com/whisky-database/details/W001139.html,Raw notes matched from historical dataset,"['bottle_name', 'bottle_name_clean', 'fruity', 'sweet', 'smoky']",1.0,1.0,0.0,0.0,0.0,medium,fuzzy_token,manual_review,ok
W001142,laphroaig 10yo cask strength (all batches),Laphroaig,Malt,Islay,Unknown,10yo,original_production_data,https://www.whisky.com/whisky-database/details/W001142.html,Raw notes matched from historical dataset,"['bottle_name', 'bottle_name_clean', 'fruity', 'sweet', 'smoky']",2.0,9.0,0.0,1.0,8.0,medium,fuzzy_token,manual_review,ok
W001145,compass box peat monster 2008 reserve edition,Box,Malt,Unknown,Unknown,NAS,original_production_data,https://www.whisky.com/whisky-database/details/W001145.html,Raw notes matched from historical dataset,"['bottle_name', 'bottle_name_clean', 'fruity', 'sweet', 'smoky']",3.0,0.0,0.0,1.0,0.0,medium,fuzzy_token,manual_review,entity_normalization_review
W001147,high coast (box) the festival 2014,Box,Malt,Unknown,Unknown,NAS,Master of Malt / TWE / Whiskybase,,,[],0.0,0.0,0.0,0.0,0.0,none,none,manual_review,zero_flavor_vector|entity_normalization_review
W001150,amrut 100 peated,Amrut,Malt,Unknown,Unknown,NAS,original_production_data,https://www.whisky.com/whisky-database/details/W001150.html,Raw notes matched from historical dataset,"['bottle_name', 'bottle_name_clean', 'fruity', 'sweet', 'smoky']",1.0,1.0,0.0,0.0,0.0,medium,fuzzy_token,manual_review,ok
W001156,compass box no name no. 2,Box,Malt,Unknown,Unknown,NAS,original_production_data,https://www.whisky.com/whisky-database/details/W001156.html,Raw notes matched from historical dataset,"['bottle_name', 'bottle_name_clean', 'fruity', 'sweet', 'smoky']",3.0,0.0,0.0,1.0,0.0,medium,fuzzy_token,manual_review,entity_normalization_review
W001161,laphroaig cairdeas 2018 fino,Laphroaig,Malt,Islay,Unknown,NAS,original_production_data,https://www.whisky.com/whisky-database/details/W001161.html,Raw notes matched from historical dataset,"['bottle_name', 'bottle_name_clean', 'fruity', 'sweet', 'smoky']",2.0,9.0,0.0,1.0,8.0,medium,fuzzy_token,manual_review,ok
W001162,compass box monster 2004,Box,Malt,Unknown,Unknown,NAS,original_production_data,https://www.whisky.com/whisky-database/details/W001162.html,Raw notes matched from historical dataset,"['bottle_name', 'bottle_name_clean', 'fruity', 'sweet', 'smoky']",3.0,0.0,0.0,1.0,0.0,medium,fuzzy_token,manual_review,entity_normalization_review
W001163,laphroaig cairdeas 2016 madeira,Laphroaig,Malt,Islay,Unknown,NAS,original_production_data,https://www.whisky.com/whisky-database/details/W001163.html,Raw notes matched from historical dataset,"['bottle_name', 'bottle_name_clean', 'fruity', 'sweet', 'smoky']",2.0,9.0,0.0,1.0,8.0,medium,fuzzy_token,manual_review,ok
W001177,laphroaig 10yo,Laphroaig,Malt,Islay,Unknown,10yo,original_production_data,https://www.whisky.com/whisky-database/details/W001177.html,Raw notes matched from historical dataset,"['bottle_name', 'bottle_name_clean', 'fruity', 'sweet', 'smoky']",2.0,9.0,0.0,1.0,8.0,medium,fuzzy_token,manual_review,ok
W001179,compass box peat monster 2015 cask strength,Box,Malt,Unknown,Unknown,NAS,original_production_data,https://www.whisky.com/whisky-database/details/W001179.html,Raw notes matched from historical dataset,"['bottle_name', 'bottle_name_clean', 'fruity', 'sweet', 'smoky']",3.0,0.0,0.0,1.0,0.0,medium,fuzzy_token,manual_review,entity_normalization_review
W001182,laphroaig 15yo (200th anniversary),Laphroaig,Malt,Islay,Unknown,15yo,original_production_data,https://www.whisky.com/whisky-database/details/W001182.html,Raw notes matched from historical dataset,"['bottle_name', 'bottle_name_clean', 'fruity', 'sweet', 'smoky']",2.0,9.0,0.0,1.0,8.0,medium,fuzzy_token,manual_review,ok
W001183,amrut portpipe peated single cask (all casks),Amrut,Malt,Unknown,Unknown,NAS,original_production_data,https://www.whisky.com/whisky-database/details/W001183.html,Raw notes matched from historical dataset,"['bottle_name', 'bottle_name_clean', 'fruity', 'sweet', 'smoky']",1.0,1.0,0.0,0.0,0.0,medium,fuzzy_token,manual_review,ok
W001185,amrut portpipe peated single cask #2713 (2013),Amrut,Malt,Unknown,Unknown,NAS,original_production_data,https://www.whisky.com/whisky-database/details/W001185.html,Raw notes matched from historical dataset,"['bottle_name', 'bottle_name_clean', 'fruity', 'sweet', 'smoky']",1.0,1.0,0.0,0.0,0.0,medium,fuzzy_token,manual_review,ok
W001190,compass box peat monster (all editions),Box,Malt,Unknown,Unknown,NAS,original_production_data,https://www.whisky.com/whisky-database/details/W001190.html,Raw notes matched from historical dataset,"['bottle_name', 'bottle_name_clean', 'fruity', 'sweet', 'smoky']",3.0,0.0,0.0,1.0,0.0,medium,fuzzy_token,manual_review,entity_normalization_review
W001196,compass box peat monster 2005,Box,Malt,Unknown,Unknown,NAS,original_production_data,https://www.whisky.com/whisky-database/details/W001196.html,Raw notes matched from historical dataset,"['bottle_name', 'bottle_name_clean', 'fruity', 'sweet', 'smoky']",3.0,0.0,0.0,1.0,0.0,medium,fuzzy_token,manual_review,entity_normalization_review
W001197,compass box peat monster 2006,Box,Malt,Unknown,Unknown,NAS,original_production_data,https://www.whisky.com/whisky-database/details/W001197.html,Raw notes matched from historical dataset,"['bottle_name', 'bottle_name_clean', 'fruity', 'sweet', 'smoky']",3.0,0.0,0.0,1.0,0.0,medium,fuzzy_token,manual_review,entity_normalization_review
W001199,laphroaig cairdeas 2017,Laphroaig,Malt,Islay,Unknown,NAS,original_production_data,https://www.whisky.com/whisky-database/details/W001199.html,Raw notes matched from historical dataset,"['bottle_name', 'bottle_name_clean', 'fruity', 'sweet', 'smoky']",2.0,9.0,0.0,1.0,8.0,medium,fuzzy_token,manual_review,ok
W001202,compass box peat monster 2012,Box,Malt,Unknown,Unknown,NAS,original_production_data,https://www.whisky.com/whisky-database/details/W001202.html,Raw notes matched from historical dataset,"['bottle_name', 'bottle_name_clean', 'fruity', 'sweet', 'smoky']",3.0,0.0,0.0,1.0,0.0,medium,fuzzy_token,manual_review,entity_normalization_review
W001203,amrut portpipe peated single cask #2712 (2016),Amrut,Malt,Unknown,Unknown,NAS,original_production_data,https://www.whisky.com/whisky-database/details/W001203.html,Raw notes matched from historical dataset,"['bottle_name', 'bottle_name_clean', 'fruity', 'sweet', 'smoky']",1.0,1.0,0.0,0.0,0.0,medium,fuzzy_token,manual_review,ok
W001205,compass box peat monster 2015,Box,Malt,Unknown,Unknown,NAS,original_production_data,https://www.whisky.com/whisky-database/details/W001205.html,Raw notes matched from historical dataset,"['bottle_name', 'bottle_name_clean', 'fruity', 'sweet', 'smoky']",3.0,0.0,0.0,1.0,0.0,medium,fuzzy_token,manual_review,entity_normalization_review
W001206,laphroaig lore,Laphroaig,Malt,Islay,Unknown,NAS,original_production_data,https://www.whisky.com/whisky-database/details/W001206.html,Raw notes matched from historical dataset,"['bottle_name', 'bottle_name_clean', 'fruity', 'sweet', 'smoky']",2.0,9.0,0.0,1.0,8.0,medium,fuzzy_token,manual_review,ok
W001207,smogen single cask 4yo 20/2011,Smögen Whisky,Malt,Unknown,Unknown,4yo,Master of Malt / TWE / Whiskybase,,,[],0.0,0.0,0.0,0.0,0.0,none,none,manual_review,zero_flavor_vector
W001208,amrut peated,Amrut,Malt,Unknown,Unknown,NAS,original_production_data,https://www.whisky.com/whisky-database/details/W001208.html,Raw notes matched from historical dataset,"['bottle_name', 'bottle_name_clean', 'fruity', 'sweet', 'smoky']",1.0,1.0,0.0,0.0,0.0,medium,fuzzy_token,manual_review,ok
W001220,compass box peat monster 2010,Box,Malt,Unknown,Unknown,NAS,original_production_data,https://www.whisky.com/whisky-database/details/W001220.html,Raw notes matched from historical dataset,"['bottle_name', 'bottle_name_clean', 'fruity', 'sweet', 'smoky']",3.0,0.0,0.0,1.0,0.0,medium,fuzzy_token,manual_review,entity_normalization_review
W001224,laphroaig qa cask,Laphroaig,Malt,Islay,Unknown,NAS,original_production_data,https://www.whisky.com/whisky-database/details/W001224.html,Raw notes matched from historical dataset,"['bottle_name', 'bottle_name_clean', 'fruity', 'sweet', 'smoky']",2.0,9.0,0.0,1.0,8.0,medium,fuzzy_token,manual_review,ok
W001230,compass box the general,Box,Blend,Unknown,Unknown,NAS,original_production_data,https://www.whisky.com/whisky-database/details/W001230.html,Raw notes matched from historical dataset,"['bottle_name', 'bottle_name_clean', 'fruity', 'sweet', 'smoky']",3.0,0.0,0.0,1.0,0.0,medium,fuzzy_token,manual_review,entity_normalization_review
W001232,compass box hedonism quindecimus,Box,Blend,Unknown,Unknown,NAS,original_production_data,https://www.whisky.com/whisky-database/details/W001232.html,Raw notes matched from historical dataset,"['bottle_name', 'bottle_name_clean', 'fruity', 'sweet', 'smoky']",3.0,0.0,0.0,1.0,0.0,medium,fuzzy_token,manual_review,entity_normalization_review
W001234,compass box the circus,Box,Blend,Unknown,Unknown,NAS,original_production_data,https://www.whisky.com/whisky-database/details/W001234.html,Raw notes matched from historical dataset,"['bottle_name', 'bottle_name_clean', 'fruity', 'sweet', 'smoky']",3.0,0.0,0.0,1.0,0.0,medium,fuzzy_token,manual_review,entity_normalization_review
W001236,compass box juveniles,Box,Blend,Unknown,Unknown,NAS,original_production_data,https://www.whisky.com/whisky-database/details/W001236.html,Raw notes matched from historical dataset,"['bottle_name', 'bottle_name_clean', 'fruity', 'sweet', 'smoky']",3.0,0.0,0.0,1.0,0.0,medium,fuzzy_token,manual_review,entity_normalization_review
W001241,high west campfire,High West Distillery,Blend,Unknown,Unknown,NAS,original_production_data,https://www.whisky.com/whisky-database/details/W001241.html,Raw notes matched from historical dataset,"['bottle_name', 'bottle_name_clean', 'fruity', 'sweet', 'smoky']",5.0,10.0,0.0,8.0,5.0,high,exact,auto_candidate,ok
W001243,compass box hedonism the muse,Box,Blend,Unknown,Unknown,NAS,original_production_data,https://www.whisky.com/whisky-database/details/W001243.html,Raw notes matched from historical dataset,"['bottle_name', 'bottle_name_clean', 'fruity', 'sweet', 'smoky']",3.0,0.0,0.0,1.0,0.0,medium,fuzzy_token,manual_review,entity_normalization_review
W001252,compass box the circle,Box,Blend,Unknown,Unknown,NAS,original_production_data,https://www.whisky.com/whisky-database/details/W001252.html,Raw notes matched from historical dataset,"['bottle_name', 'bottle_name_clean', 'fruity', 'sweet', 'smoky']",3.0,0.0,0.0,1.0,0.0,medium,fuzzy_token,manual_review,entity_normalization_review
W001259,compass box great king st glasgow blend,Box,Blend,Unknown,Unknown,NAS,original_production_data,https://www.whisky.com/whisky-database/details/W001259.html,Raw notes matched from historical dataset,"['bottle_name', 'bottle_name_clean', 'fruity', 'sweet', 'smoky']",3.0,0.0,0.0,1.0,0.0,medium,fuzzy_token,manual_review,entity_normalization_review
W001269,teeling single grain (wine cask finish),Teeling Whiskey Company,Grain,Unknown,Unknown,NAS,Master of Malt / TWE / Whiskybase,,,[],0.0,0.0,0.0,0.0,0.0,none,none,manual_review,zero_flavor_vector
W001271,compass box delilah's,Box,Blend,Unknown,Unknown,NAS,original_production_data,https://www.whisky.com/whisky-database/details/W001271.html,Raw notes matched from historical dataset,"['bottle_name', 'bottle_name_clean', 'fruity', 'sweet', 'smoky']",3.0,0.0,0.0,1.0,0.0,medium,fuzzy_token,manual_review,entity_normalization_review
W001272,compass box hedonism,Box,Blend,Unknown,Unknown,NAS,original_production_data,https://www.whisky.com/whisky-database/details/W001272.html,Raw notes matched from historical dataset,"['bottle_name', 'bottle_name_clean', 'fruity', 'sweet', 'smoky']",2.0,0.0,0.0,0.0,0.0,high,exact,manual_review,entity_normalization_review
W001282,compass box delilah's xxv,Box,Blend,Unknown,Unknown,NAS,original_production_data,https://www.whisky.com/whisky-database/details/W001282.html,Raw notes matched from historical dataset,"['bottle_name', 'bottle_name_clean', 'fruity', 'sweet', 'smoky']",3.0,0.0,0.0,1.0,0.0,medium,fuzzy_token,manual_review,entity_normalization_review
W001286,kirin 50% blend (fuji gotemba),Fuji Gotemba,Blend,Unknown,Unknown,NAS,Master of Malt / TWE / Whiskybase,,,[],0.0,0.0,0.0,0.0,0.0,none,none,manual_review,zero_flavor_vector
W001291,compass box affinity,Box,Blend,Unknown,Unknown,NAS,original_production_data,https://www.whisky.com/whisky-database/details/W001291.html,Raw notes matched from historical dataset,"['bottle_name', 'bottle_name_clean', 'fruity', 'sweet', 'smoky']",3.0,0.0,0.0,1.0,0.0,medium,fuzzy_token,manual_review,entity_normalization_review
W001292,bushmills red bush,Bushmills,Blend,Unknown,Unknown,NAS,original_production_data,https://www.whisky.com/whisky-database/details/W001292.html,Raw notes matched from historical dataset,"['bottle_name', 'bottle_name_clean', 'fruity', 'sweet', 'smoky']",5.0,4.0,0.0,0.0,2.0,medium,fuzzy_token,manual_review,ok
W001295,glendalough double barrel,Glendalough,Grain,Unknown,Unknown,NAS,Master of Malt / TWE / Whiskybase,,,[],0.0,0.0,0.0,0.0,0.0,none,none,manual_review,zero_flavor_vector
W001302,shelter point montfort lot 141 reserve,Shelter Point Distillery,Blend,Unknown,Unknown,NAS,Master of Malt / TWE / Whiskybase,,,[],0.0,0.0,0.0,0.0,0.0,none,none,manual_review,zero_flavor_vector
W001309,kilbeggan 8yo single grain (greenore),Kilbeggan Distillery,Grain,Unknown,Unknown,8yo,Master of Malt / TWE / Whiskybase,,,[],0.0,0.0,0.0,0.0,0.0,none,none,manual_review,zero_flavor_vector
W001312,teeling poitin,Teeling Whiskey Company,Blend,Unknown,Unknown,NAS,Master of Malt / TWE / Whiskybase,,,[],0.0,0.0,0.0,0.0,0.0,none,none,manual_review,zero_flavor_vector
W001315,suntory the chita single grain,Chita,Blend,Unknown,Unknown,NAS,Master of Malt / TWE / Whiskybase,,,[],0.0,0.0,0.0,0.0,0.0,none,none,manual_review,zero_flavor_vector
W001354,compass box orangerie,Box,Blend,Unknown,Unknown,NAS,original_production_data,https://www.whisky.com/whisky-database/details/W001354.html,Raw notes matched from historical dataset,"['bottle_name', 'bottle_name_clean', 'fruity', 'sweet', 'smoky']",3.0,0.0,0.0,1.0,0.0,medium,fuzzy_token,manual_review,entity_normalization_review
W001355,mackmyra vit hund,Mackmyra,Malt,Unknown,Unknown,NAS,original_production_data,https://www.whisky.com/whisky-database/details/W001355.html,Raw notes matched from historical dataset,"['bottle_name', 'bottle_name_clean', 'fruity', 'sweet', 'smoky']",16.0,6.0,0.0,2.0,6.0,medium,fuzzy_token,manual_review,ok
W001366,forty creek 22yo,Forty Creek,Blend,Unknown,Unknown,22yo,original_production_data,https://www.whisky.com/whisky-database/details/W001366.html,Raw notes matched from historical dataset,"['bottle_name', 'bottle_name_clean', 'fruity', 'sweet', 'smoky']",0.0,16.0,0.0,2.0,0.0,medium,fuzzy_token,manual_review,ok
W001376,high west rocky mountain rye 21yo,High West Distillery,Rye,Unknown,Unknown,21yo,Master of Malt / TWE / Whiskybase,,,[],0.0,0.0,0.0,0.0,0.0,none,none,manual_review,zero_flavor_vector
W001381,high west rocky mountain rye 16yo,High West Distillery,Rye,Unknown,Unknown,16yo,Master of Malt / TWE / Whiskybase,,,[],0.0,0.0,0.0,0.0,0.0,none,none,manual_review,zero_flavor_vector
W001391,michter's barrel strength rye,Michter'S Distillery,Rye,Unknown,Unknown,NAS,Master of Malt / TWE / Whiskybase,,,[],0.0,0.0,0.0,0.0,0.0,none,none,manual_review,zero_flavor_vector
W001393,wild turkey master's keep cornerstone rye,Wild Turkey Distillery,Rye,Unknown,Unknown,NAS,Master of Malt / TWE / Whiskybase,,,[],0.0,0.0,0.0,0.0,0.0,none,none,manual_review,zero_flavor_vector
W001398,willett family estate 6yo rye,Willett Distillery,Rye,Unknown,Unknown,6yo,Master of Malt / TWE / Whiskybase,,,[],0.0,0.0,0.0,0.0,0.0,none,none,manual_review,zero_flavor_vector
W001399,high west rendezvous rye (pre-2018),High West Distillery,Rye,Unknown,Unknown,NAS,Master of Malt / TWE / Whiskybase,,,[],0.0,0.0,0.0,0.0,0.0,none,none,manual_review,zero_flavor_vector
W001400,gooderham & worts eleven souls four grain (2018),Gooderham & Worts,Blend,Unknown,Unknown,NAS,Master of Malt / TWE / Whiskybase,,,[],0.0,0.0,0.0,0.0,0.0,none,none,manual_review,zero_flavor_vector
W001402,michter's 10yo single barrel rye,Michter'S Distillery,Rye,Unknown,Unknown,10yo,Master of Malt / TWE / Whiskybase,,,[],0.0,0.0,0.0,0.0,0.0,none,none,manual_review,zero_flavor_vector
W001404,high west rendezvous rye (all bottlings),High West Distillery,Rye,Unknown,Unknown,NAS,Master of Malt / TWE / Whiskybase,,,[],0.0,0.0,0.0,0.0,0.0,none,none,manual_review,zero_flavor_vector
W001405,willett family estate 7yo rye,Willett Distillery,Rye,Unknown,Unknown,7yo,Master of Malt / TWE / Whiskybase,,,[],0.0,0.0,0.0,0.0,0.0,none,none,manual_review,zero_flavor_vector
W001409,"high west double rye (new recipe, post-2018)",High West Distillery,Rye,Unknown,Unknown,NAS,Master of Malt / TWE / Whiskybase,,,[],0.0,0.0,0.0,0.0,0.0,none,none,manual_review,zero_flavor_vector
W001411,forty creek unity,Forty Creek,Blend,Unknown,Unknown,NAS,original_production_data,https://www.whisky.com/whisky-database/details/W001411.html,Raw notes matched from historical dataset,"['bottle_name', 'bottle_name_clean', 'fruity', 'sweet', 'smoky']",0.0,16.0,0.0,2.0,0.0,medium,fuzzy_token,manual_review,ok
W001413,shelter point single cask rye,Shelter Point Distillery,Blend,Unknown,Unknown,NAS,Master of Malt / TWE / Whiskybase,,,[],0.0,0.0,0.0,0.0,0.0,none,none,manual_review,zero_flavor_vector
W001414,willett family estate 4yo rye,Willett Distillery,Rye,Unknown,Unknown,4yo,Master of Malt / TWE / Whiskybase,,,[],0.0,0.0,0.0,0.0,0.0,none,none,manual_review,zero_flavor_vector
W001422,willett family estate 25yo rye,Willett Distillery,Rye,Unknown,Unknown,25yo,Master of Malt / TWE / Whiskybase,,,[],0.0,0.0,0.0,0.0,0.0,none,none,manual_review,zero_flavor_vector
W001423,"forty creek confederation oak (batch a, b)",Forty Creek,Blend,Unknown,Unknown,NAS,original_production_data,https://www.whisky.com/whisky-database/details/W001423.html,Raw notes matched from historical dataset,"['bottle_name', 'bottle_name_clean', 'fruity', 'sweet', 'smoky']",0.0,16.0,0.0,2.0,0.0,medium,fuzzy_token,manual_review,ok
W001424,forty creek port wood reserve 2011/2012,Forty Creek,Blend,Unknown,Unknown,NAS,original_production_data,https://www.whisky.com/whisky-database/details/W001424.html,Raw notes matched from historical dataset,"['bottle_name', 'bottle_name_clean', 'fruity', 'sweet', 'smoky']",0.0,16.0,0.0,2.0,0.0,medium,fuzzy_token,manual_review,ok
W001425,amrut rye,Amrut,Rye,Unknown,Unknown,NAS,original_production_data,https://www.whisky.com/whisky-database/details/W001425.html,Raw notes matched from historical dataset,"['bottle_name', 'bottle_name_clean', 'fruity', 'sweet', 'smoky']",1.0,1.0,0.0,0.0,0.0,medium,fuzzy_token,manual_review,ok
W001429,whistlepig 10yo,Whistlepig,Blend,Unknown,Unknown,10yo,Master of Malt / TWE / Whiskybase,,,[],0.0,0.0,0.0,0.0,0.0,none,none,manual_review,zero_flavor_vector
W001431,forty creek heart of gold,Forty Creek,Blend,Unknown,Unknown,NAS,original_production_data,https://www.whisky.com/whisky-database/details/W001431.html,Raw notes matched from historical dataset,"['bottle_name', 'bottle_name_clean', 'fruity', 'sweet', 'smoky']",0.0,16.0,0.0,2.0,0.0,medium,fuzzy_token,manual_review,ok
W001432,j.p. wiser's red letter 15yo,Etter,Blend,Unknown,Unknown,15yo,Master of Malt / TWE / Whiskybase,,,[],0.0,0.0,0.0,0.0,0.0,none,none,manual_review,zero_flavor_vector
W001433,gooderham & worts 19yo 49 wellington (2019),Gooderham & Worts,Blend,Unknown,Unknown,19yo,Master of Malt / TWE / Whiskybase,,,[],0.0,0.0,0.0,0.0,0.0,none,none,manual_review,zero_flavor_vector
W001434,high west double rye manhattan barrel,High West Distillery,Rye,Unknown,Unknown,NAS,Master of Malt / TWE / Whiskybase,,,[],0.0,0.0,0.0,0.0,0.0,none,none,manual_review,zero_flavor_vector
W001435,willett family estate rye (all ages),Willett Distillery,Rye,Unknown,Unknown,NAS,Master of Malt / TWE / Whiskybase,,,[],0.0,0.0,0.0,0.0,0.0,none,none,manual_review,zero_flavor_vector
W001436,"forty creek confederation oak (batch j, k, l)",Forty Creek,Blend,Unknown,Unknown,NAS,original_production_data,https://www.whisky.com/whisky-database/details/W001436.html,Raw notes matched from historical dataset,"['bottle_name', 'bottle_name_clean', 'fruity', 'sweet', 'smoky']",0.0,16.0,0.0,2.0,0.0,medium,fuzzy_token,manual_review,ok
W001437,high west bourye,High West Distillery,Blend,Unknown,Unknown,NAS,original_production_data,https://www.whisky.com/whisky-database/details/W001437.html,Raw notes matched from historical dataset,"['bottle_name', 'bottle_name_clean', 'fruity', 'sweet', 'smoky']",0.0,2.0,0.0,2.0,2.0,high,exact,auto_candidate,ok
W001438,high west double rye (all bottlings),High West Distillery,Rye,Unknown,Unknown,NAS,Master of Malt / TWE / Whiskybase,,,[],0.0,0.0,0.0,0.0,0.0,none,none,manual_review,zero_flavor_vector
W001439,high west double rye (pre-2018),High West Distillery,Rye,Unknown,Unknown,NAS,Master of Malt / TWE / Whiskybase,,,[],0.0,0.0,0.0,0.0,0.0,none,none,manual_review,zero_flavor_vector
W001441,willett family estate 5yo rye,Willett Distillery,Rye,Unknown,Unknown,5yo,Master of Malt / TWE / Whiskybase,,,[],0.0,0.0,0.0,0.0,0.0,none,none,manual_review,zero_flavor_vector
W001445,jack daniel's single barrel rye,Jack Daniel'S,Rye,Unknown,Unknown,NAS,original_production_data,https://www.whisky.com/whisky-database/details/W001445.html,Raw notes matched from historical dataset,"['bottle_name', 'bottle_name_clean', 'fruity', 'sweet', 'smoky']",0.0,14.0,0.0,1.0,3.0,medium,fuzzy_token,manual_review,ok
W001446,forty creek confederation oak (all batches),Forty Creek,Blend,Unknown,Unknown,NAS,original_production_data,https://www.whisky.com/whisky-database/details/W001446.html,Raw notes matched from historical dataset,"['bottle_name', 'bottle_name_clean', 'fruity', 'sweet', 'smoky']",0.0,16.0,0.0,2.0,0.0,medium,fuzzy_token,manual_review,ok
W001447,gooderham & worts 17yo little trinity three grain (2017),Gooderham & Worts,Blend,Unknown,Unknown,17yo,Master of Malt / TWE / Whiskybase,,,[],0.0,0.0,0.0,0.0,0.0,none,none,manual_review,zero_flavor_vector
W001455,forty creek double barrel reserve,Forty Creek,Blend,Unknown,Unknown,NAS,original_production_data,https://www.whisky.com/whisky-database/details/W001455.html,Raw notes matched from historical dataset,"['bottle_name', 'bottle_name_clean', 'fruity', 'sweet', 'smoky']",0.0,16.0,0.0,2.0,0.0,medium,fuzzy_token,manual_review,ok
W001459,"forty creek confederation oak (batch g, h, i)",Forty Creek,Blend,Unknown,Unknown,NAS,original_production_data,https://www.whisky.com/whisky-database/details/W001459.html,Raw notes matched from historical dataset,"['bottle_name', 'bottle_name_clean', 'fruity', 'sweet', 'smoky']",0.0,16.0,0.0,2.0,0.0,medium,fuzzy_token,manual_review,ok
W001466,high west yippee ki-yay,High West Distillery,Rye,Unknown,Unknown,NAS,Master of Malt / TWE / Whiskybase,,,[],0.0,0.0,0.0,0.0,0.0,none,none,manual_review,zero_flavor_vector
W001469,willett family estate 3yo rye,Willett Distillery,Rye,Unknown,Unknown,3yo,Master of Malt / TWE / Whiskybase,,,[],0.0,0.0,0.0,0.0,0.0,none,none,manual_review,zero_flavor_vector
W001471,forty creek victory,Forty Creek,Blend,Unknown,Unknown,NAS,original_production_data,https://www.whisky.com/whisky-database/details/W001471.html,Raw notes matched from historical dataset,"['bottle_name', 'bottle_name_clean', 'fruity', 'sweet', 'smoky']",0.0,16.0,0.0,2.0,0.0,medium,fuzzy_token,manual_review,ok
W001472,michter's single barrel straight rye,Michter'S Distillery,Rye,Unknown,Unknown,NAS,Master of Malt / TWE / Whiskybase,,,[],0.0,0.0,0.0,0.0,0.0,none,none,manual_review,zero_flavor_vector
W001478,forty creek evolution,Forty Creek,Blend,Unknown,Unknown,NAS,original_production_data,https://www.whisky.com/whisky-database/details/W001478.html,Raw notes matched from historical dataset,"['bottle_name', 'bottle_name_clean', 'fruity', 'sweet', 'smoky']",0.0,16.0,0.0,2.0,0.0,medium,fuzzy_token,manual_review,ok
W001479,forty creek resolve,Forty Creek,Blend,Unknown,Unknown,NAS,original_production_data,https://www.whisky.com/whisky-database/details/W001479.html,Raw notes matched from historical dataset,"['bottle_name', 'bottle_name_clean', 'fruity', 'sweet', 'smoky']",0.0,16.0,0.0,2.0,0.0,medium,fuzzy_token,manual_review,ok
W001480,gooderham & worts four grain,Gooderham & Worts,Blend,Unknown,Unknown,NAS,Master of Malt / TWE / Whiskybase,,,[],0.0,0.0,0.0,0.0,0.0,none,none,manual_review,zero_flavor_vector
W001483,whistlepig 6yo piggyback,Whistlepig,Blend,Unknown,Unknown,6yo,Master of Malt / TWE / Whiskybase,,,[],0.0,0.0,0.0,0.0,0.0,none,none,manual_review,zero_flavor_vector
W001485,alberta premium dark horse,Dark Horse,Blend,Unknown,Unknown,NAS,original_production_data,https://www.whisky.com/whisky-database/details/W001485.html,Raw notes matched from historical dataset,"['bottle_name', 'bottle_name_clean', 'fruity', 'sweet', 'smoky']",0.0,6.0,0.0,3.0,1.0,high,exact,auto_candidate,ok
W001493,willett family estate 2yo rye,Willett Distillery,Rye,Unknown,Unknown,2yo,Master of Malt / TWE / Whiskybase,,,[],0.0,0.0,0.0,0.0,0.0,none,none,manual_review,zero_flavor_vector
W001494,high west double rye campfire barrel,High West Distillery,Rye,Unknown,Unknown,NAS,Master of Malt / TWE / Whiskybase,,,[],0.0,0.0,0.0,0.0,0.0,none,none,manual_review,zero_flavor_vector
W001504,forty creek heritage 2017,Forty Creek,Blend,Unknown,Unknown,NAS,original_production_data,https://www.whisky.com/whisky-database/details/W001504.html,Raw notes matched from historical dataset,"['bottle_name', 'bottle_name_clean', 'fruity', 'sweet', 'smoky']",0.0,16.0,0.0,2.0,0.0,medium,fuzzy_token,manual_review,ok
W001507,"forty creek confederation oak (batch e, f)",Forty Creek,Blend,Unknown,Unknown,NAS,original_production_data,https://www.whisky.com/whisky-database/details/W001507.html,Raw notes matched from historical dataset,"['bottle_name', 'bottle_name_clean', 'fruity', 'sweet', 'smoky']",0.0,16.0,0.0,2.0,0.0,medium,fuzzy_token,manual_review,ok
W001512,shelter point artisanal cask strength whisky,Shelter Point Distillery,Blend,Unknown,Unknown,NAS,Master of Malt / TWE / Whiskybase,,,[],0.0,0.0,0.0,0.0,0.0,none,none,manual_review,zero_flavor_vector
W001513,high west son of bourye,High West Distillery,Blend,Unknown,Unknown,NAS,original_production_data,https://www.whisky.com/whisky-database/details/W001513.html,Raw notes matched from historical dataset,"['bottle_name', 'bottle_name_clean', 'fruity', 'sweet', 'smoky']",0.0,0.0,0.0,2.0,1.0,high,exact,auto_candidate,ok
W001514,"forty creek confederation oak (batch c, d)",Forty Creek,Blend,Unknown,Unknown,NAS,original_production_data,https://www.whisky.com/whisky-database/details/W001514.html,Raw notes matched from historical dataset,"['bottle_name', 'bottle_name_clean', 'fruity', 'sweet', 'smoky']",0.0,16.0,0.0,2.0,0.0,medium,fuzzy_token,manual_review,ok
W001518,jim beam pre-prohibition rye,Jim Beam,Rye,Unknown,Unknown,NAS,original_production_data,https://www.whisky.com/whisky-database/details/W001518.html,Raw notes matched from historical dataset,"['bottle_name', 'bottle_name_clean', 'fruity', 'sweet', 'smoky']",0.0,4.0,0.0,0.0,0.0,medium,fuzzy_token,manual_review,ok
W001521,potter's special old,Potter,Blend,Unknown,Unknown,NAS,Master of Malt / TWE / Whiskybase,,,[],0.0,0.0,0.0,0.0,0.0,none,none,manual_review,zero_flavor_vector
W001525,woodford reserve straight rye,Woodford Reserve,Rye,Unknown,Unknown,NAS,original_production_data,https://www.whisky.com/whisky-database/details/W001525.html,Raw notes matched from historical dataset,"['bottle_name', 'bottle_name_clean', 'fruity', 'sweet', 'smoky']",15.0,14.0,0.0,9.0,12.0,medium,fuzzy_token,manual_review,ok
W001526,forty creek founder's reserve,Forty Creek,Blend,Unknown,Unknown,NAS,original_production_data,https://www.whisky.com/whisky-database/details/W001526.html,Raw notes matched from historical dataset,"['bottle_name', 'bottle_name_clean', 'fruity', 'sweet', 'smoky']",0.0,16.0,0.0,2.0,0.0,medium,fuzzy_token,manual_review,ok
W001528,willett family estate rye xcf 1.0,Willett Distillery,Rye,Unknown,Unknown,NAS,Master of Malt / TWE / Whiskybase,,,[],0.0,0.0,0.0,0.0,0.0,none,none,manual_review,zero_flavor_vector
W001530,forty creek three grain 20th anniversary,Forty Creek,Blend,Unknown,Unknown,NAS,original_production_data,https://www.whisky.com/whisky-database/details/W001530.html,Raw notes matched from historical dataset,"['bottle_name', 'bottle_name_clean', 'fruity', 'sweet', 'smoky']",0.0,16.0,0.0,2.0,0.0,medium,fuzzy_token,manual_review,ok
W001538,jack daniel's rested tennessee rye (batch 1/2),Jack Daniel'S,Rye,Unknown,Unknown,NAS,original_production_data,https://www.whisky.com/whisky-database/details/W001538.html,Raw notes matched from historical dataset,"['bottle_name', 'bottle_name_clean', 'fruity', 'sweet', 'smoky']",0.0,14.0,0.0,1.0,3.0,medium,fuzzy_token,manual_review,ok
W001542,forty creek three grain harmony,Forty Creek,Blend,Unknown,Unknown,NAS,original_production_data,https://www.whisky.com/whisky-database/details/W001542.html,Raw notes matched from historical dataset,"['bottle_name', 'bottle_name_clean', 'fruity', 'sweet', 'smoky']",0.0,16.0,0.0,2.0,0.0,medium,fuzzy_token,manual_review,ok
W001544,last mountain distillery single cask rye whisky,Last Mountain Distillery,Rye,Unknown,Unknown,NAS,Master of Malt / TWE / Whiskybase,,,[],0.0,0.0,0.0,0.0,0.0,none,none,manual_review,zero_flavor_vector
W001547,66 gilead crimson rye,66 Gilead Distillery,Blend,Unknown,Unknown,NAS,Master of Malt / TWE / Whiskybase,,,[],0.0,0.0,0.0,0.0,0.0,none,none,manual_review,zero_flavor_vector
W001552,wild turkey 81 rye,Wild Turkey Distillery,Rye,Unknown,Unknown,NAS,Master of Malt / TWE / Whiskybase,,,[],0.0,0.0,0.0,0.0,0.0,none,none,manual_review,zero_flavor_vector
W001553,koval single barrel rye,Koval Distillery,Rye,Unknown,Unknown,NAS,Master of Malt / TWE / Whiskybase,,,[],0.0,0.0,0.0,0.0,0.0,none,none,manual_review,zero_flavor_vector
W001557,hiram walker special old rye,Hiram Walker,Blend,Unknown,Unknown,NAS,Master of Malt / TWE / Whiskybase,,,[],0.0,0.0,0.0,0.0,0.0,none,none,manual_review,zero_flavor_vector
W001560,last mountain distillery single cask 100% wheat whisky,Last Mountain Distillery,Rye,Unknown,Unknown,NAS,Master of Malt / TWE / Whiskybase,,,[],0.0,0.0,0.0,0.0,0.0,none,none,manual_review,zero_flavor_vector
W001568,canadian mist black diamond,Canadian Mist,Blend,Unknown,Unknown,NAS,Master of Malt / TWE / Whiskybase,,,[],0.0,0.0,0.0,0.0,0.0,none,none,manual_review,zero_flavor_vector
W001570,jim beam rye,Jim Beam,Rye,Unknown,Unknown,NAS,original_production_data,https://www.whisky.com/whisky-database/details/W001570.html,Raw notes matched from historical dataset,"['bottle_name', 'bottle_name_clean', 'fruity', 'sweet', 'smoky']",0.0,4.0,0.0,0.0,0.0,medium,fuzzy_token,manual_review,ok
W001593,canadian mist,Canadian Mist,Blend,Unknown,Unknown,NAS,Master of Malt / TWE / Whiskybase,,,[],0.0,0.0,0.0,0.0,0.0,none,none,manual_review,zero_flavor_vector
W001602,willett family estate 22yo bourbon,Willett Distillery,Bourbon,Unknown,Unknown,22yo,Master of Malt / TWE / Whiskybase,,,[],0.0,0.0,0.0,0.0,0.0,none,none,manual_review,zero_flavor_vector
W001611,wild turkey 15yo american spirit,Wild Turkey Distillery,Bourbon,Unknown,Unknown,15yo,Master of Malt / TWE / Whiskybase,,,[],0.0,0.0,0.0,0.0,0.0,none,none,manual_review,zero_flavor_vector
W001612,willett family estate 24yo bourbon,Willett Distillery,Bourbon,Unknown,Unknown,24yo,Master of Malt / TWE / Whiskybase,,,[],0.0,0.0,0.0,0.0,0.0,none,none,manual_review,zero_flavor_vector
W001613,michter's 20yo single barrel bourbon,Michter'S Distillery,Bourbon,Unknown,Unknown,20yo,Master of Malt / TWE / Whiskybase,,,[],0.0,0.0,0.0,0.0,0.0,none,none,manual_review,zero_flavor_vector
W001617,"buffalo trace experimental collection 12yo floor #5 (rye, 2014)",Buffalo Trace Distillery,Bourbon,Unknown,Unknown,12yo,Master of Malt / TWE / Whiskybase,,,[],0.0,0.0,0.0,0.0,0.0,none,none,manual_review,zero_flavor_vector
W001618,four roses small batch limited edition,Four Roses Distillery,Bourbon,Unknown,Unknown,NAS,Master of Malt / TWE / Whiskybase,,,[],0.0,0.0,0.0,0.0,0.0,none,none,manual_review,zero_flavor_vector
W001621,willett family estate 8yo bourbon,Willett Distillery,Bourbon,Unknown,Unknown,8yo,Master of Malt / TWE / Whiskybase,,,[],0.0,0.0,0.0,0.0,0.0,none,none,manual_review,zero_flavor_vector
W001623,willett family estate 13yo bourbon,Willett Distillery,Bourbon,Unknown,Unknown,13yo,Master of Malt / TWE / Whiskybase,,,[],0.0,0.0,0.0,0.0,0.0,none,none,manual_review,zero_flavor_vector
W001627,willett family estate bourbon (all ages),Willett Distillery,Bourbon,Unknown,Unknown,NAS,Master of Malt / TWE / Whiskybase,,,[],0.0,0.0,0.0,0.0,0.0,none,none,manual_review,zero_flavor_vector
W001636,wild turkey master's keep revival,Wild Turkey Distillery,Bourbon,Unknown,Unknown,NAS,Master of Malt / TWE / Whiskybase,,,[],0.0,0.0,0.0,0.0,0.0,none,none,manual_review,zero_flavor_vector
W001640,willett family estate 7yo bourbon,Willett Distillery,Bourbon,Unknown,Unknown,7yo,Master of Malt / TWE / Whiskybase,,,[],0.0,0.0,0.0,0.0,0.0,none,none,manual_review,zero_flavor_vector
W001642,willett family estate 11yo bourbon,Willett Distillery,Bourbon,Unknown,Unknown,11yo,Master of Malt / TWE / Whiskybase,,,[],0.0,0.0,0.0,0.0,0.0,none,none,manual_review,zero_flavor_vector
W001643,willett family estate 17yo bourbon,Willett Distillery,Bourbon,Unknown,Unknown,17yo,Master of Malt / TWE / Whiskybase,,,[],0.0,0.0,0.0,0.0,0.0,none,none,manual_review,zero_flavor_vector
W001644,old rip van winkle 10yo,Old Rip Van Winkle,Bourbon,Unknown,Unknown,10yo,original_production_data,https://www.whisky.com/whisky-database/details/W001644.html,Raw notes matched from historical dataset,"['bottle_name', 'bottle_name_clean', 'fruity', 'sweet', 'smoky']",4.0,8.0,0.0,4.0,5.0,medium,fuzzy_token,manual_review,ok
W001647,jack daniel's 150th anniversary,Jack Daniel'S,Bourbon,Unknown,Unknown,NAS,original_production_data,https://www.whisky.com/whisky-database/details/W001647.html,Raw notes matched from historical dataset,"['bottle_name', 'bottle_name_clean', 'fruity', 'sweet', 'smoky']",0.0,14.0,0.0,1.0,3.0,medium,fuzzy_token,manual_review,ok
W001651,wild turkey 17yo master's keep,Wild Turkey Distillery,Bourbon,Unknown,Unknown,17yo,Master of Malt / TWE / Whiskybase,,,[],0.0,0.0,0.0,0.0,0.0,none,none,manual_review,zero_flavor_vector
W001652,willett family estate 14yo bourbon,Willett Distillery,Bourbon,Unknown,Unknown,14yo,Master of Malt / TWE / Whiskybase,,,[],0.0,0.0,0.0,0.0,0.0,none,none,manual_review,zero_flavor_vector
W001656,willett family estate 5yo bourbon,Willett Distillery,Bourbon,Unknown,Unknown,5yo,Master of Malt / TWE / Whiskybase,,,[],0.0,0.0,0.0,0.0,0.0,none,none,manual_review,zero_flavor_vector
W001659,wild turkey master's keep decades,Wild Turkey Distillery,Bourbon,Unknown,Unknown,NAS,Master of Malt / TWE / Whiskybase,,,[],0.0,0.0,0.0,0.0,0.0,none,none,manual_review,zero_flavor_vector
W001661,michter's 10yo single barrel bourbon,Michter'S Distillery,Bourbon,Unknown,Unknown,10yo,Master of Malt / TWE / Whiskybase,,,[],0.0,0.0,0.0,0.0,0.0,none,none,manual_review,zero_flavor_vector
W001668,wild turkey kentucky spirit single barrel,Wild Turkey Distillery,Bourbon,Unknown,Unknown,NAS,Master of Malt / TWE / Whiskybase,,,[],0.0,0.0,0.0,0.0,0.0,none,none,manual_review,zero_flavor_vector
W001674,wild turkey 14yo tradition,Wild Turkey Distillery,Bourbon,Unknown,Unknown,14yo,Master of Malt / TWE / Whiskybase,,,[],0.0,0.0,0.0,0.0,0.0,none,none,manual_review,zero_flavor_vector
W001681,wild turkey diamond anniversary,Wild Turkey Distillery,Bourbon,Unknown,Unknown,NAS,Master of Malt / TWE / Whiskybase,,,[],0.0,0.0,0.0,0.0,0.0,none,none,manual_review,zero_flavor_vector
W001687,old grand-dad bourbon 114,Old Grand-Dad Distillery,Bourbon,Unknown,Unknown,NAS,Master of Malt / TWE / Whiskybase,,,[],0.0,0.0,0.0,0.0,0.0,none,none,manual_review,zero_flavor_vector
W001700,four roses single barrel bourbon,Four Roses Distillery,Bourbon,Unknown,Unknown,NAS,Master of Malt / TWE / Whiskybase,,,[],0.0,0.0,0.0,0.0,0.0,none,none,manual_review,zero_flavor_vector
W001704,barton 1792 high rye bourbon,Barton 1792 Distillery,Bourbon,Unknown,Unknown,NAS,Master of Malt / TWE / Whiskybase,,,[],0.0,0.0,0.0,0.0,0.0,none,none,manual_review,zero_flavor_vector
W001708,barton 1792 full proof bourbon,Barton 1792 Distillery,Bourbon,Unknown,Unknown,NAS,Master of Malt / TWE / Whiskybase,,,[],0.0,0.0,0.0,0.0,0.0,none,none,manual_review,zero_flavor_vector
W001711,jack daniel's single barrel barrel proof,Jack Daniel'S,Bourbon,Unknown,Unknown,NAS,original_production_data,https://www.whisky.com/whisky-database/details/W001711.html,Raw notes matched from historical dataset,"['bottle_name', 'bottle_name_clean', 'fruity', 'sweet', 'smoky']",0.0,14.0,0.0,1.0,3.0,medium,fuzzy_token,manual_review,ok
W001720,"buffalo trace experimental collection 12yo floor #1 (wheat, 2015)",Buffalo Trace Distillery,Bourbon,Unknown,Unknown,12yo,Master of Malt / TWE / Whiskybase,,,[],0.0,0.0,0.0,0.0,0.0,none,none,manual_review,zero_flavor_vector
W001721,stranahan's colorado whiskey,Stranahan'S Colorado Whiskey,Bourbon,Unknown,Unknown,NAS,Master of Malt / TWE / Whiskybase,,,[],0.0,0.0,0.0,0.0,0.0,none,none,manual_review,zero_flavor_vector
W001727,jack daniel's master distiller (all series),Jack Daniel'S,Bourbon,Unknown,Unknown,NAS,original_production_data,https://www.whisky.com/whisky-database/details/W001727.html,Raw notes matched from historical dataset,"['bottle_name', 'bottle_name_clean', 'fruity', 'sweet', 'smoky']",0.0,14.0,0.0,1.0,3.0,medium,fuzzy_token,manual_review,ok
W001733,buffalo trace bourbon,Buffalo Trace Distillery,Bourbon,Unknown,Unknown,NAS,Master of Malt / TWE / Whiskybase,,,[],0.0,0.0,0.0,0.0,0.0,none,none,manual_review,zero_flavor_vector
W001734,willett pot still reserve,Willett Distillery,Bourbon,Unknown,Unknown,NAS,Master of Malt / TWE / Whiskybase,,,[],0.0,0.0,0.0,0.0,0.0,none,none,manual_review,zero_flavor_vector
W001735,jack daniel's single barrel,Jack Daniel'S,Bourbon,Unknown,Unknown,NAS,original_production_data,https://www.whisky.com/whisky-database/details/W001735.html,Raw notes matched from historical dataset,"['bottle_name', 'bottle_name_clean', 'fruity', 'sweet', 'smoky']",0.0,14.0,0.0,1.0,3.0,high,exact,auto_candidate,ok
W001737,"buffalo trace experimental collection 12yo floor #1 (rye, 2014)",Buffalo Trace Distillery,Bourbon,Unknown,Unknown,12yo,Master of Malt / TWE / Whiskybase,,,[],0.0,0.0,0.0,0.0,0.0,none,none,manual_review,zero_flavor_vector
W001738,willett family estate 9yo bourbon,Willett Distillery,Bourbon,Unknown,Unknown,9yo,Master of Malt / TWE / Whiskybase,,,[],0.0,0.0,0.0,0.0,0.0,none,none,manual_review,zero_flavor_vector
W001740,barton 1792 port finished bourbon,Barton 1792 Distillery,Bourbon,Unknown,Unknown,NAS,Master of Malt / TWE / Whiskybase,,,[],0.0,0.0,0.0,0.0,0.0,none,none,manual_review,zero_flavor_vector
W001741,four roses small batch bourbon,Four Roses Distillery,Bourbon,Unknown,Unknown,NAS,Master of Malt / TWE / Whiskybase,,,[],0.0,0.0,0.0,0.0,0.0,none,none,manual_review,zero_flavor_vector
W001742,koval single barrel bourbon,Koval Distillery,Bourbon,Unknown,Unknown,NAS,Master of Malt / TWE / Whiskybase,,,[],0.0,0.0,0.0,0.0,0.0,none,none,manual_review,zero_flavor_vector
W001743,barton 1792 small batch bourbon,Barton 1792 Distillery,Bourbon,Unknown,Unknown,NAS,Master of Malt / TWE / Whiskybase,,,[],0.0,0.0,0.0,0.0,0.0,none,none,manual_review,zero_flavor_vector
W001745,wild turkey longbranch,Wild Turkey Distillery,Bourbon,Unknown,Unknown,NAS,Master of Malt / TWE / Whiskybase,,,[],0.0,0.0,0.0,0.0,0.0,none,none,manual_review,zero_flavor_vector
W001747,jim beam 12yo signature craft,Jim Beam,Bourbon,Unknown,Unknown,12yo,original_production_data,https://www.whisky.com/whisky-database/details/W001747.html,Raw notes matched from historical dataset,"['bottle_name', 'bottle_name_clean', 'fruity', 'sweet', 'smoky']",0.0,4.0,0.0,0.0,0.0,medium,fuzzy_token,manual_review,ok
W001750,barton 1792 single barrel bourbon,Barton 1792 Distillery,Bourbon,Unknown,Unknown,NAS,Master of Malt / TWE / Whiskybase,,,[],0.0,0.0,0.0,0.0,0.0,none,none,manual_review,zero_flavor_vector
W001751,koval single barrel four grain,Koval Distillery,Grain,Unknown,Unknown,NAS,Master of Malt / TWE / Whiskybase,,,[],0.0,0.0,0.0,0.0,0.0,none,none,manual_review,zero_flavor_vector
W001752,michter's sour mash,Michter'S Distillery,Bourbon,Unknown,Unknown,NAS,Master of Malt / TWE / Whiskybase,,,[],0.0,0.0,0.0,0.0,0.0,none,none,manual_review,zero_flavor_vector
W001754,barton 1792 sweet wheat bourbon,Barton 1792 Distillery,Bourbon,Unknown,Unknown,NAS,Master of Malt / TWE / Whiskybase,,,[],0.0,0.0,0.0,0.0,0.0,none,none,manual_review,zero_flavor_vector
W001756,michter's small batch us*1 bourbon,Michter'S Distillery,Bourbon,Unknown,Unknown,NAS,Master of Malt / TWE / Whiskybase,,,[],0.0,0.0,0.0,0.0,0.0,none,none,manual_review,zero_flavor_vector
W001759,wild turkey 101 bourbon,Wild Turkey Distillery,Bourbon,Unknown,Unknown,NAS,Master of Malt / TWE / Whiskybase,,,[],0.0,0.0,0.0,0.0,0.0,none,none,manual_review,zero_flavor_vector
W001763,old grand-dad bourbon 100 bib,Old Grand-Dad Distillery,Bourbon,Unknown,Unknown,NAS,Master of Malt / TWE / Whiskybase,,,[],0.0,0.0,0.0,0.0,0.0,none,none,manual_review,zero_flavor_vector
W001768,bernheim original straight wheat 7yo small batch,Bernheim,Wheat,Unknown,Unknown,7yo,original_production_data,https://www.whisky.com/whisky-database/details/W001768.html,Raw notes matched from historical dataset,"['bottle_name', 'bottle_name_clean', 'fruity', 'sweet', 'smoky']",3.0,15.0,0.0,8.0,2.0,medium,fuzzy_token,manual_review,ok
W001772,high west american prairie,High West Distillery,Bourbon,Unknown,Unknown,NAS,Master of Malt / TWE / Whiskybase,,,[],0.0,0.0,0.0,0.0,0.0,none,none,manual_review,zero_flavor_vector
W001776,michter's toasted barrel,Michter'S Distillery,Bourbon,Unknown,Unknown,NAS,Master of Malt / TWE / Whiskybase,,,[],0.0,0.0,0.0,0.0,0.0,none,none,manual_review,zero_flavor_vector
W001789,jim beam double oak,Jim Beam,Bourbon,Unknown,Unknown,NAS,original_production_data,https://www.whisky.com/whisky-database/details/W001789.html,Raw notes matched from historical dataset,"['bottle_name', 'bottle_name_clean', 'fruity', 'sweet', 'smoky']",0.0,4.0,0.0,0.0,0.0,medium,fuzzy_token,manual_review,ok
W001791,jim beam distillers masterpiece px sherry cask finish,Jim Beam,Bourbon,Unknown,Unknown,NAS,original_production_data,https://www.whisky.com/whisky-database/details/W001791.html,Raw notes matched from historical dataset,"['bottle_name', 'bottle_name_clean', 'fruity', 'sweet', 'smoky']",0.0,4.0,0.0,0.0,0.0,medium,fuzzy_token,manual_review,ok
W001802,jim beam black label,Jim Beam,Bourbon,Unknown,Unknown,NAS,original_production_data,https://www.whisky.com/whisky-database/details/W001802.html,Raw notes matched from historical dataset,"['bottle_name', 'bottle_name_clean', 'fruity', 'sweet', 'smoky']",0.0,4.0,0.0,0.0,0.0,medium,fuzzy_token,manual_review,ok
W001803,koval single barrel millet whiskey,Koval Distillery,Grain,Unknown,Unknown,NAS,Master of Malt / TWE / Whiskybase,,,[],0.0,0.0,0.0,0.0,0.0,none,none,manual_review,zero_flavor_vector
W001805,heaven hill trybox series new make,Box,Bourbon,Unknown,Unknown,NAS,Master of Malt / TWE / Whiskybase,,,[],0.0,0.0,0.0,0.0,0.0,none,none,manual_review,zero_flavor_vector|entity_normalization_review
W001806,wild turkey 81 bourbon,Wild Turkey Distillery,Bourbon,Unknown,Unknown,NAS,Master of Malt / TWE / Whiskybase,,,[],0.0,0.0,0.0,0.0,0.0,none,none,manual_review,zero_flavor_vector
W001812,old grand-dad bourbon (80/86 proof),Old Grand-Dad Distillery,Bourbon,Unknown,Unknown,NAS,Master of Malt / TWE / Whiskybase,,,[],0.0,0.0,0.0,0.0,0.0,none,none,manual_review,zero_flavor_vector
W001813,jack daniel's no. 27 gold double barrelled,Jack Daniel'S,Bourbon,Unknown,Unknown,NAS,original_production_data,https://www.whisky.com/whisky-database/details/W001813.html,Raw notes matched from historical dataset,"['bottle_name', 'bottle_name_clean', 'fruity', 'sweet', 'smoky']",0.0,14.0,0.0,1.0,3.0,medium,fuzzy_token,manual_review,ok
W001818,66 gilead the wild oak,66 Gilead Distillery,Blend,Unknown,Unknown,NAS,Master of Malt / TWE / Whiskybase,,,[],0.0,0.0,0.0,0.0,0.0,none,none,manual_review,zero_flavor_vector
W001819,jack daniel's old no. 7,Jack Daniel'S,Bourbon,Unknown,Unknown,NAS,original_production_data,https://www.whisky.com/whisky-database/details/W001819.html,Raw notes matched from historical dataset,"['bottle_name', 'bottle_name_clean', 'fruity', 'sweet', 'smoky']",2.0,8.0,0.0,0.0,0.0,high,exact,auto_candidate,ok
W001823,jim beam distillers series,Jim Beam,Bourbon,Unknown,Unknown,NAS,original_production_data,https://www.whisky.com/whisky-database/details/W001823.html,Raw notes matched from historical dataset,"['bottle_name', 'bottle_name_clean', 'fruity', 'sweet', 'smoky']",0.0,4.0,0.0,0.0,0.0,medium,fuzzy_token,manual_review,ok
W001827,jim beam red stag (black cherry),Jim Beam,Flavoured,Unknown,Unknown,NAS,original_production_data,https://www.whisky.com/whisky-database/details/W001827.html,Raw notes matched from historical dataset,"['bottle_name', 'bottle_name_clean', 'fruity', 'sweet', 'smoky']",0.0,4.0,0.0,0.0,0.0,medium,fuzzy_token,manual_review,ok
W001828,virginia black,Virginia Distillery Company,Bourbon,Unknown,Unknown,NAS,Master of Malt / TWE / Whiskybase,,,[],0.0,0.0,0.0,0.0,0.0,none,none,manual_review,zero_flavor_vector
W000026,"macallan 10yo full proof 57% 1980 (ob, giovinetti & figli)",The Macallan,Malt,Unknown,Unknown,10yo,Master of Malt / TWE / Whiskybase,,,[],0.0,0.0,0.0,0.0,0.0,none,none,manual_review,zero_flavor_vector
W000027,ledaig 42yo dusgadh,Unknown,Malt,Unknown,Unknown,42yo,Master of Malt / TWE / Whiskybase,,,[],0.0,0.0,0.0,0.0,0.0,none,none,manual_review,unknown_distillery|zero_flavor_vector
W000029,glenfarclas 40yo,Unknown,Malt,Unknown,Unknown,40yo,Master of Malt / TWE / Whiskybase,,,[],0.0,0.0,0.0,0.0,0.0,none,none,manual_review,unknown_distillery|zero_flavor_vector
W000032,highland park 25yo,Unknown,Malt,Highland,Unknown,25yo,Master of Malt / TWE / Whiskybase,,,[],0.0,0.0,0.0,0.0,0.0,none,none,manual_review,unknown_distillery|zero_flavor_vector
W000033,highland park 40yo,Unknown,Malt,Highland,Unknown,40yo,Master of Malt / TWE / Whiskybase,,,[],0.0,0.0,0.0,0.0,0.0,none,none,manual_review,unknown_distillery|zero_flavor_vector
W000034,tamdhu 30yo (macphail collection 2009),Unknown,Malt,Unknown,Unknown,30yo,Master of Malt / TWE / Whiskybase,,,[],0.0,0.0,0.0,0.0,0.0,none,none,manual_review,unknown_distillery|zero_flavor_vector
W000035,balvenie tun 1401 (all batches),The Balvenie,Malt,Unknown,Unknown,NAS,Master of Malt / TWE / Whiskybase,,,[],0.0,0.0,0.0,0.0,0.0,none,none,manual_review,zero_flavor_vector
W000039,highland park 30yo,Unknown,Malt,Highland,Unknown,30yo,Master of Malt / TWE / Whiskybase,,,[],0.0,0.0,0.0,0.0,0.0,none,none,manual_review,unknown_distillery|zero_flavor_vector
W000041,nikka single cask coffey malt 12yo,Unknown,Malt,Unknown,Unknown,12yo,Master of Malt / TWE / Whiskybase,,,[],0.0,0.0,0.0,0.0,0.0,none,none,manual_review,unknown_distillery|zero_flavor_vector
W000045,redbreast 21yo,Unknown,Malt,Unknown,Unknown,21yo,Master of Malt / TWE / Whiskybase,,,[],0.0,0.0,0.0,0.0,0.0,none,none,manual_review,unknown_distillery|zero_flavor_vector
W000048,bruichladdich 21yo cuvée 407 px,Unknown,Malt,Unknown,Unknown,21yo,Master of Malt / TWE / Whiskybase,,,[],0.0,0.0,0.0,0.0,0.0,none,none,manual_review,unknown_distillery|zero_flavor_vector
W000051,benriach 18yo albariza pedro ximenez peated,Unknown,Malt,Unknown,Unknown,18yo,Master of Malt / TWE / Whiskybase,,,[],0.0,0.0,0.0,0.0,0.0,none,none,manual_review,unknown_distillery|zero_flavor_vector
W000054,highland park 16yo odin,Unknown,Malt,Highland,Unknown,16yo,Master of Malt / TWE / Whiskybase,,,[],0.0,0.0,0.0,0.0,0.0,none,none,manual_review,unknown_distillery|zero_flavor_vector
W000055,glendronach cask strength (batch 1),Unknown,Malt,Unknown,Unknown,NAS,Master of Malt / TWE / Whiskybase,,,[],0.0,0.0,0.0,0.0,0.0,none,none,manual_review,unknown_distillery|zero_flavor_vector
W000058,glendronach cask strength (batch 2),Unknown,Malt,Unknown,Unknown,NAS,Master of Malt / TWE / Whiskybase,,,[],0.0,0.0,0.0,0.0,0.0,none,none,manual_review,unknown_distillery|zero_flavor_vector
W000059,macallan cask strength,The Macallan,Malt,Unknown,Unknown,NAS,Master of Malt / TWE / Whiskybase,,,[],0.0,0.0,0.0,0.0,0.0,none,none,manual_review,zero_flavor_vector
W000061,highland park 18yo,Unknown,Malt,Highland,Unknown,18yo,Master of Malt / TWE / Whiskybase,,,[],0.0,0.0,0.0,0.0,0.0,none,none,manual_review,unknown_distillery|zero_flavor_vector
W000064,sheep dip old hebridean 1990 blended malt,Unknown,Malt,Unknown,Unknown,NAS,Master of Malt / TWE / Whiskybase,,,[],0.0,0.0,0.0,0.0,0.0,none,none,manual_review,unknown_distillery|zero_flavor_vector
W000065,timorous beastie 21yo sherry edition,Unknown,Malt,Unknown,Unknown,21yo,Master of Malt / TWE / Whiskybase,,,[],0.0,0.0,0.0,0.0,0.0,none,none,manual_review,unknown_distillery|zero_flavor_vector
W000067,glendronach vintage 20yo single cask (all vintages),Unknown,Malt,Unknown,Unknown,20yo,Master of Malt / TWE / Whiskybase,,,[],0.0,0.0,0.0,0.0,0.0,none,none,manual_review,unknown_distillery|zero_flavor_vector
W000073,benriach 17yo solstice peated port (both editions),Unknown,Malt,Unknown,Unknown,17yo,Master of Malt / TWE / Whiskybase,,,[],0.0,0.0,0.0,0.0,0.0,none,none,manual_review,unknown_distillery|zero_flavor_vector
W000074,benromach 10yo cask strength (100 proof),Unknown,Malt,Unknown,Unknown,10yo,Master of Malt / TWE / Whiskybase,,,[],0.0,0.0,0.0,0.0,0.0,none,none,manual_review,unknown_distillery|zero_flavor_vector
W000075,highland park 17yo the dark,Unknown,Malt,Highland,Unknown,17yo,Master of Malt / TWE / Whiskybase,,,[],0.0,0.0,0.0,0.0,0.0,none,none,manual_review,unknown_distillery|zero_flavor_vector
W000076,springbank 21yo,Unknown,Malt,Unknown,Unknown,21yo,Master of Malt / TWE / Whiskybase,,,[],0.0,0.0,0.0,0.0,0.0,none,none,manual_review,unknown_distillery|zero_flavor_vector
W000078,arran malt 21st anniversary edition,Unknown,Malt,Unknown,Unknown,NAS,Master of Malt / TWE / Whiskybase,,,[],0.0,0.0,0.0,0.0,0.0,none,none,manual_review,unknown_distillery|zero_flavor_vector
W000079,bunnahabhain 18yo,Unknown,Malt,Unknown,Unknown,18yo,Master of Malt / TWE / Whiskybase,,,[],0.0,0.0,0.0,0.0,0.0,none,none,manual_review,unknown_distillery|zero_flavor_vector
W000081,nikka taketsuru 21yo,Unknown,Malt,Unknown,Unknown,21yo,Master of Malt / TWE / Whiskybase,,,[],0.0,0.0,0.0,0.0,0.0,none,none,manual_review,unknown_distillery|zero_flavor_vector
W000082,bladnoch 12yo sherry cask (sheep label),Unknown,Malt,Unknown,Unknown,12yo,Master of Malt / TWE / Whiskybase,,,[],0.0,0.0,0.0,0.0,0.0,none,none,manual_review,unknown_distillery|zero_flavor_vector
W000083,glendronach vintage 19yo single cask (all vintages),Unknown,Malt,Unknown,Unknown,19yo,Master of Malt / TWE / Whiskybase,,,[],0.0,0.0,0.0,0.0,0.0,none,none,manual_review,unknown_distillery|zero_flavor_vector
W000084,timorous beastie 40yo cask strength,Unknown,Malt,Unknown,Unknown,40yo,Master of Malt / TWE / Whiskybase,,,[],0.0,0.0,0.0,0.0,0.0,none,none,manual_review,unknown_distillery|zero_flavor_vector
W000086,highland park 15yo loki,Unknown,Malt,Highland,Unknown,15yo,Master of Malt / TWE / Whiskybase,,,[],0.0,0.0,0.0,0.0,0.0,none,none,manual_review,unknown_distillery|zero_flavor_vector
W000092,glenlivet alpha,The Glenlivet,Malt,Unknown,Unknown,NAS,Master of Malt / TWE / Whiskybase,,,[],0.0,0.0,0.0,0.0,0.0,none,none,manual_review,zero_flavor_vector
W000095,ancnoc 1975,Unknown,Malt,Unknown,Unknown,NAS,Master of Malt / TWE / Whiskybase,,,[],0.0,0.0,0.0,0.0,0.0,none,none,manual_review,unknown_distillery|zero_flavor_vector
W000096,benriach 17yo solstice 2nd peated port finish,Unknown,Malt,Unknown,Unknown,17yo,Master of Malt / TWE / Whiskybase,,,[],0.0,0.0,0.0,0.0,0.0,none,none,manual_review,unknown_distillery|zero_flavor_vector
W000100,macallan 10yo sherry oak cask strength,The Macallan,Malt,Unknown,Unknown,10yo,Master of Malt / TWE / Whiskybase,,,[],0.0,0.0,0.0,0.0,0.0,none,none,manual_review,zero_flavor_vector
W000105,macallan 18yo sherry oak,The Macallan,Malt,Unknown,Unknown,18yo,Master of Malt / TWE / Whiskybase,,,[],0.0,0.0,0.0,0.0,0.0,none,none,manual_review,zero_flavor_vector
W000106,tomatin 40yo,Unknown,Malt,Unknown,Unknown,40yo,Master of Malt / TWE / Whiskybase,,,[],0.0,0.0,0.0,0.0,0.0,none,none,manual_review,unknown_distillery|zero_flavor_vector
W000108,balvenie tun 1509 (all batches),The Balvenie,Malt,Unknown,Unknown,NAS,Master of Malt / TWE / Whiskybase,,,[],0.0,0.0,0.0,0.0,0.0,none,none,manual_review,zero_flavor_vector
W000109,glendronach cask strength (batch 4),Unknown,Malt,Unknown,Unknown,NAS,Master of Malt / TWE / Whiskybase,,,[],0.0,0.0,0.0,0.0,0.0,none,none,manual_review,unknown_distillery|zero_flavor_vector
W000110,benriach 17yo solstice 1st peated port finish,Unknown,Malt,Unknown,Unknown,17yo,Master of Malt / TWE / Whiskybase,,,[],0.0,0.0,0.0,0.0,0.0,none,none,manual_review,unknown_distillery|zero_flavor_vector
W000111,benriach 35yo,Unknown,Malt,Unknown,Unknown,35yo,Master of Malt / TWE / Whiskybase,,,[],0.0,0.0,0.0,0.0,0.0,none,none,manual_review,unknown_distillery|zero_flavor_vector
W000112,bunnahabhain 25yo,Unknown,Malt,Unknown,Unknown,25yo,Master of Malt / TWE / Whiskybase,,,[],0.0,0.0,0.0,0.0,0.0,none,none,manual_review,unknown_distillery|zero_flavor_vector
W000114,glenlivet xxv 25yo,The Glenlivet,Malt,Unknown,Unknown,25yo,Master of Malt / TWE / Whiskybase,,,[],0.0,0.0,0.0,0.0,0.0,none,none,manual_review,zero_flavor_vector
W000119,highland park 21yo,Unknown,Malt,Highland,Unknown,21yo,Master of Malt / TWE / Whiskybase,,,[],0.0,0.0,0.0,0.0,0.0,none,none,manual_review,unknown_distillery|zero_flavor_vector
W000120,springbank 12yo cask strength,Unknown,Malt,Unknown,Unknown,12yo,Master of Malt / TWE / Whiskybase,,,[],0.0,0.0,0.0,0.0,0.0,none,none,manual_review,unknown_distillery|zero_flavor_vector
W000122,highland park 16yo thor,Unknown,Malt,Highland,Unknown,16yo,Master of Malt / TWE / Whiskybase,,,[],0.0,0.0,0.0,0.0,0.0,none,none,manual_review,unknown_distillery|zero_flavor_vector
W000123,kilchoman px sherry finish,Unknown,Malt,Unknown,Unknown,NAS,Master of Malt / TWE / Whiskybase,,,[],0.0,0.0,0.0,0.0,0.0,none,none,manual_review,unknown_distillery|zero_flavor_vector
W000127,glendronach cask strength (batch 3),Unknown,Malt,Unknown,Unknown,NAS,Master of Malt / TWE / Whiskybase,,,[],0.0,0.0,0.0,0.0,0.0,none,none,manual_review,unknown_distillery|zero_flavor_vector
W000129,macallan 25yo sherry oak,The Macallan,Malt,Unknown,Unknown,25yo,Master of Malt / TWE / Whiskybase,,,[],0.0,0.0,0.0,0.0,0.0,none,none,manual_review,zero_flavor_vector
W000130,macallan reflexion,The Macallan,Malt,Unknown,Unknown,NAS,Master of Malt / TWE / Whiskybase,,,[],0.0,0.0,0.0,0.0,0.0,none,none,manual_review,zero_flavor_vector
W000132,ben nevis 10yo (post-2017),Unknown,Malt,Unknown,Unknown,10yo,Master of Malt / TWE / Whiskybase,,,[],0.0,0.0,0.0,0.0,0.0,none,none,manual_review,unknown_distillery|zero_flavor_vector
W000133,glen garioch 17yo renaissance chapter 3,Unknown,Malt,Unknown,Unknown,17yo,Master of Malt / TWE / Whiskybase,,,[],0.0,0.0,0.0,0.0,0.0,none,none,manual_review,unknown_distillery|zero_flavor_vector
W000134,glen garioch 1998 wine cask matured,Unknown,Malt,Unknown,Unknown,NAS,Master of Malt / TWE / Whiskybase,,,[],0.0,0.0,0.0,0.0,0.0,none,none,manual_review,unknown_distillery|zero_flavor_vector
W000135,glendronach cask strength (all batches),Unknown,Malt,Unknown,Unknown,NAS,Master of Malt / TWE / Whiskybase,,,[],0.0,0.0,0.0,0.0,0.0,none,none,manual_review,unknown_distillery|zero_flavor_vector
W000136,glenrothes 25yo,Unknown,Malt,Unknown,Unknown,25yo,Master of Malt / TWE / Whiskybase,,,[],0.0,0.0,0.0,0.0,0.0,none,none,manual_review,unknown_distillery|zero_flavor_vector
W000138,scallywag 13yo,Unknown,Malt,Unknown,Unknown,13yo,Master of Malt / TWE / Whiskybase,,,[],0.0,0.0,0.0,0.0,0.0,none,none,manual_review,unknown_distillery|zero_flavor_vector
W000140,white oak akashi 14yo,Unknown,Malt,Unknown,Unknown,14yo,Master of Malt / TWE / Whiskybase,,,[],0.0,0.0,0.0,0.0,0.0,none,none,manual_review,unknown_distillery|zero_flavor_vector
W000142,ancnoc 22yo,Unknown,Malt,Unknown,Unknown,22yo,Master of Malt / TWE / Whiskybase,,,[],0.0,0.0,0.0,0.0,0.0,none,none,manual_review,unknown_distillery|zero_flavor_vector
W000143,benriach 18yo latada,Unknown,Malt,Unknown,Unknown,18yo,Master of Malt / TWE / Whiskybase,,,[],0.0,0.0,0.0,0.0,0.0,none,none,manual_review,unknown_distillery|zero_flavor_vector
W000144,glendronach 15yo revival,Unknown,Malt,Unknown,Unknown,15yo,Master of Malt / TWE / Whiskybase,,,[],0.0,0.0,0.0,0.0,0.0,none,none,manual_review,unknown_distillery|zero_flavor_vector
W000146,balblair 1990 (all releases),Unknown,Malt,Unknown,Unknown,NAS,Master of Malt / TWE / Whiskybase,,,[],0.0,0.0,0.0,0.0,0.0,none,none,manual_review,unknown_distillery|zero_flavor_vector
W000147,bunnahabhain 14yo 2003 pedro ximenez finish,Unknown,Malt,Unknown,Unknown,14yo,Master of Malt / TWE / Whiskybase,,,[],0.0,0.0,0.0,0.0,0.0,none,none,manual_review,unknown_distillery|zero_flavor_vector
W000148,glendronach 12yo sauternes cask finish,Unknown,Malt,Unknown,Unknown,12yo,Master of Malt / TWE / Whiskybase,,,[],0.0,0.0,0.0,0.0,0.0,none,none,manual_review,unknown_distillery|zero_flavor_vector
W000149,glendronach 18yo allardice,Unknown,Malt,Unknown,Unknown,18yo,Master of Malt / TWE / Whiskybase,,,[],0.0,0.0,0.0,0.0,0.0,none,none,manual_review,unknown_distillery|zero_flavor_vector
W000150,glendronach cask strength (batch 6),Unknown,Malt,Unknown,Unknown,NAS,Master of Malt / TWE / Whiskybase,,,[],0.0,0.0,0.0,0.0,0.0,none,none,manual_review,unknown_distillery|zero_flavor_vector
W000151,glenlivet nadurra 16yo,The Glenlivet,Malt,Unknown,Unknown,16yo,Master of Malt / TWE / Whiskybase,,,[],0.0,0.0,0.0,0.0,0.0,none,none,manual_review,zero_flavor_vector
W000154,longrow red 11yo port cask,Unknown,Malt,Unknown,Unknown,11yo,Master of Malt / TWE / Whiskybase,,,[],0.0,0.0,0.0,0.0,0.0,none,none,manual_review,unknown_distillery|zero_flavor_vector
W000155,longrow red 12yo pinot noir finish,Unknown,Malt,Unknown,Unknown,12yo,Master of Malt / TWE / Whiskybase,,,[],0.0,0.0,0.0,0.0,0.0,none,none,manual_review,unknown_distillery|zero_flavor_vector
W000161,green spot chateau leoville barton,Unknown,Blend,Unknown,Unknown,NAS,Master of Malt / TWE / Whiskybase,,,[],0.0,0.0,0.0,0.0,0.0,none,none,manual_review,unknown_distillery|zero_flavor_vector
W000163,longmorn 15yo,Unknown,Malt,Unknown,Unknown,15yo,Master of Malt / TWE / Whiskybase,,,[],0.0,0.0,0.0,0.0,0.0,none,none,manual_review,unknown_distillery|zero_flavor_vector
W000167,glendronach 18yo tawny port finish,Unknown,Malt,Unknown,Unknown,18yo,Master of Malt / TWE / Whiskybase,,,[],0.0,0.0,0.0,0.0,0.0,none,none,manual_review,unknown_distillery|zero_flavor_vector
W000168,glenlivet nadurra cask strength (nas),The Glenlivet,Malt,Unknown,Unknown,NAS,Master of Malt / TWE / Whiskybase,,,[],0.0,0.0,0.0,0.0,0.0,none,none,manual_review,zero_flavor_vector
W000170,royal brackla 21yo,Unknown,Malt,Unknown,Unknown,21yo,Master of Malt / TWE / Whiskybase,,,[],0.0,0.0,0.0,0.0,0.0,none,none,manual_review,unknown_distillery|zero_flavor_vector
W000174,glenrothes minister's reserve,Unknown,Malt,Unknown,Unknown,NAS,Master of Malt / TWE / Whiskybase,,,[],0.0,0.0,0.0,0.0,0.0,none,none,manual_review,unknown_distillery|zero_flavor_vector
W000175,highland park full volume,Unknown,Malt,Highland,Unknown,NAS,Master of Malt / TWE / Whiskybase,,,[],0.0,0.0,0.0,0.0,0.0,none,none,manual_review,unknown_distillery|zero_flavor_vector
W000176,two brewers release 09 special finishes,Unknown,Malt,Unknown,Unknown,NAS,Master of Malt / TWE / Whiskybase,,,[],0.0,0.0,0.0,0.0,0.0,none,none,manual_review,unknown_distillery|zero_flavor_vector
W000179,bruichladdich port charlotte 2009 mc:01,Unknown,Malt,Unknown,Unknown,NAS,Master of Malt / TWE / Whiskybase,,,[],0.0,0.0,0.0,0.0,0.0,none,none,manual_review,unknown_distillery|zero_flavor_vector
W000181,glendronach 21yo parliament,Unknown,Malt,Unknown,Unknown,21yo,Master of Malt / TWE / Whiskybase,,,[],0.0,0.0,0.0,0.0,0.0,none,none,manual_review,unknown_distillery|zero_flavor_vector
W000183,ledaig 18yo,Unknown,Malt,Unknown,Unknown,18yo,Master of Malt / TWE / Whiskybase,,,[],0.0,0.0,0.0,0.0,0.0,none,none,manual_review,unknown_distillery|zero_flavor_vector
W000184,longrow red 11yo australian shiraz,Unknown,Malt,Unknown,Unknown,11yo,Master of Malt / TWE / Whiskybase,,,[],0.0,0.0,0.0,0.0,0.0,none,none,manual_review,unknown_distillery|zero_flavor_vector
W000185,springbank 15yo,Unknown,Malt,Unknown,Unknown,15yo,Master of Malt / TWE / Whiskybase,,,[],0.0,0.0,0.0,0.0,0.0,none,none,manual_review,unknown_distillery|zero_flavor_vector
W000186,glen garioch 15yo renaissance chapter 1,Unknown,Malt,Unknown,Unknown,15yo,Master of Malt / TWE / Whiskybase,,,[],0.0,0.0,0.0,0.0,0.0,none,none,manual_review,unknown_distillery|zero_flavor_vector
W000187,balvenie 21yo port wood,The Balvenie,Malt,Unknown,Unknown,21yo,Master of Malt / TWE / Whiskybase,,,[],0.0,0.0,0.0,0.0,0.0,none,none,manual_review,zero_flavor_vector
W000189,longrow red 11yo cabernet sauvignon,Unknown,Malt,Unknown,Unknown,11yo,Master of Malt / TWE / Whiskybase,,,[],0.0,0.0,0.0,0.0,0.0,none,none,manual_review,unknown_distillery|zero_flavor_vector
W000190,millstone 12yo sherry cask,Unknown,Malt,Unknown,Unknown,12yo,Master of Malt / TWE / Whiskybase,,,[],0.0,0.0,0.0,0.0,0.0,none,none,manual_review,unknown_distillery|zero_flavor_vector
W000192,two brewers release 02 special finishes,Unknown,Malt,Unknown,Unknown,NAS,Master of Malt / TWE / Whiskybase,,,[],0.0,0.0,0.0,0.0,0.0,none,none,manual_review,unknown_distillery|zero_flavor_vector
W000193,arran malt sassicaia wine cask finish,Unknown,Malt,Unknown,Unknown,NAS,Master of Malt / TWE / Whiskybase,,,[],0.0,0.0,0.0,0.0,0.0,none,none,manual_review,unknown_distillery|zero_flavor_vector
W000194,glenfarclas 25yo,Unknown,Malt,Unknown,Unknown,25yo,Master of Malt / TWE / Whiskybase,,,[],0.0,0.0,0.0,0.0,0.0,none,none,manual_review,unknown_distillery|zero_flavor_vector
W000197,glenfarclas 17yo,Unknown,Malt,Unknown,Unknown,17yo,Master of Malt / TWE / Whiskybase,,,[],0.0,0.0,0.0,0.0,0.0,none,none,manual_review,unknown_distillery|zero_flavor_vector
W000198,blue spot 7yo cask strength,Unknown,Malt,Unknown,Unknown,7yo,Master of Malt / TWE / Whiskybase,,,[],0.0,0.0,0.0,0.0,0.0,none,none,manual_review,unknown_distillery|zero_flavor_vector
W000199,glenfarclas 105,Unknown,Malt,Unknown,Unknown,NAS,Master of Malt / TWE / Whiskybase,,,[],0.0,0.0,0.0,0.0,0.0,none,none,manual_review,unknown_distillery|zero_flavor_vector
W000200,highland park 15yo fire,Unknown,Malt,Highland,Unknown,15yo,Master of Malt / TWE / Whiskybase,,,[],0.0,0.0,0.0,0.0,0.0,none,none,manual_review,unknown_distillery|zero_flavor_vector
W000201,macallan classic cut (all editions),The Macallan,Malt,Unknown,Unknown,NAS,Master of Malt / TWE / Whiskybase,,,[],0.0,0.0,0.0,0.0,0.0,none,none,manual_review,zero_flavor_vector
W000202,two brewers special finishes (all releases),Unknown,Malt,Unknown,Unknown,NAS,Master of Malt / TWE / Whiskybase,,,[],0.0,0.0,0.0,0.0,0.0,none,none,manual_review,unknown_distillery|zero_flavor_vector
W000203,glendronach cask strength (batch 5),Unknown,Malt,Unknown,Unknown,NAS,Master of Malt / TWE / Whiskybase,,,[],0.0,0.0,0.0,0.0,0.0,none,none,manual_review,unknown_distillery|zero_flavor_vector
W000206,longmorn 16yo,Unknown,Malt,Unknown,Unknown,16yo,Master of Malt / TWE / Whiskybase,,,[],0.0,0.0,0.0,0.0,0.0,none,none,manual_review,unknown_distillery|zero_flavor_vector
W000207,macallan ruby,The Macallan,Malt,Unknown,Unknown,NAS,Master of Malt / TWE / Whiskybase,,,[],0.0,0.0,0.0,0.0,0.0,none,none,manual_review,zero_flavor_vector
W000208,scallywag cask strength (all batches),Unknown,Malt,Unknown,Unknown,NAS,Master of Malt / TWE / Whiskybase,,,[],0.0,0.0,0.0,0.0,0.0,none,none,manual_review,unknown_distillery|zero_flavor_vector
W000210,highland park valknut,Unknown,Malt,Highland,Unknown,NAS,Master of Malt / TWE / Whiskybase,,,[],0.0,0.0,0.0,0.0,0.0,none,none,manual_review,unknown_distillery|zero_flavor_vector
W000211,bunnahabhain 11yo manzanilla cask matured 2008,Unknown,Malt,Unknown,Unknown,11yo,Master of Malt / TWE / Whiskybase,,,[],0.0,0.0,0.0,0.0,0.0,none,none,manual_review,unknown_distillery|zero_flavor_vector
W000212,glendronach cask strength (batch 7),Unknown,Malt,Unknown,Unknown,NAS,Master of Malt / TWE / Whiskybase,,,[],0.0,0.0,0.0,0.0,0.0,none,none,manual_review,unknown_distillery|zero_flavor_vector
W000214,highland park 15yo,Unknown,Malt,Highland,Unknown,15yo,Master of Malt / TWE / Whiskybase,,,[],0.0,0.0,0.0,0.0,0.0,none,none,manual_review,unknown_distillery|zero_flavor_vector
W000216,mortlach 16yo (f&f),Unknown,Malt,Unknown,Unknown,16yo,Master of Malt / TWE / Whiskybase,,,[],0.0,0.0,0.0,0.0,0.0,none,none,manual_review,unknown_distillery|zero_flavor_vector
W000218,springbank 13yo green,Unknown,Malt,Unknown,Unknown,13yo,Master of Malt / TWE / Whiskybase,,,[],0.0,0.0,0.0,0.0,0.0,none,none,manual_review,unknown_distillery|zero_flavor_vector
W000221,glenrothes whisky maker's cut,Unknown,Malt,Unknown,Unknown,NAS,Master of Malt / TWE / Whiskybase,,,[],0.0,0.0,0.0,0.0,0.0,none,none,manual_review,unknown_distillery|zero_flavor_vector
W000222,jura brooklyn,Unknown,Malt,Unknown,Unknown,NAS,Master of Malt / TWE / Whiskybase,,,[],0.0,0.0,0.0,0.0,0.0,none,none,manual_review,unknown_distillery|zero_flavor_vector
W000223,knappogue castle 16yo twin wood,Unknown,Malt,Unknown,Unknown,16yo,Master of Malt / TWE / Whiskybase,,,[],0.0,0.0,0.0,0.0,0.0,none,none,manual_review,unknown_distillery|zero_flavor_vector
W000224,macallan rare cask (all batches),The Macallan,Malt,Unknown,Unknown,NAS,Master of Malt / TWE / Whiskybase,,,[],0.0,0.0,0.0,0.0,0.0,none,none,manual_review,zero_flavor_vector
W000226,sheep dip 1999 amoroso blended malt,Unknown,Malt,Unknown,Unknown,NAS,Master of Malt / TWE / Whiskybase,,,[],0.0,0.0,0.0,0.0,0.0,none,none,manual_review,unknown_distillery|zero_flavor_vector
W000228,mortlach 15yo (gordon & macphail),Unknown,Malt,Unknown,Unknown,15yo,Master of Malt / TWE / Whiskybase,,,[],0.0,0.0,0.0,0.0,0.0,none,none,manual_review,unknown_distillery|zero_flavor_vector
W000229,oban distillers edition (all vintages),Unknown,Malt,Unknown,Unknown,NAS,Master of Malt / TWE / Whiskybase,,,[],0.0,0.0,0.0,0.0,0.0,none,none,manual_review,unknown_distillery|zero_flavor_vector
W000230,two brewers release 15 special finishes,Unknown,Malt,Unknown,Unknown,15 Year Old,Master of Malt / TWE / Whiskybase,,,[],0.0,0.0,0.0,0.0,0.0,none,none,manual_review,unknown_distillery|zero_flavor_vector
W000233,redbreast lustau edition,Unknown,Malt,Unknown,Unknown,NAS,Master of Malt / TWE / Whiskybase,,,[],0.0,0.0,0.0,0.0,0.0,none,none,manual_review,unknown_distillery|zero_flavor_vector
W000235,arran malt madeira wine cask,Unknown,Malt,Unknown,Unknown,NAS,Master of Malt / TWE / Whiskybase,,,[],0.0,0.0,0.0,0.0,0.0,none,none,manual_review,unknown_distillery|zero_flavor_vector
W000238,tomatin cu bocan 2005 limited edition,Unknown,Malt,Unknown,Unknown,NAS,Master of Malt / TWE / Whiskybase,,,[],0.0,0.0,0.0,0.0,0.0,none,none,manual_review,unknown_distillery|zero_flavor_vector
W000239,benriach 21yo tawny port finish,Unknown,Malt,Unknown,Unknown,21yo,Master of Malt / TWE / Whiskybase,,,[],0.0,0.0,0.0,0.0,0.0,none,none,manual_review,unknown_distillery|zero_flavor_vector
W000241,glen garioch 15yo wine cask matured,Unknown,Malt,Unknown,Unknown,15yo,Master of Malt / TWE / Whiskybase,,,[],0.0,0.0,0.0,0.0,0.0,none,none,manual_review,unknown_distillery|zero_flavor_vector
W000242,glencadam 14yo oloroso sherry cask finish,Unknown,Malt,Unknown,Unknown,14yo,Master of Malt / TWE / Whiskybase,,,[],0.0,0.0,0.0,0.0,0.0,none,none,manual_review,unknown_distillery|zero_flavor_vector
W000243,glendronach 15yo tawny port finish,Unknown,Malt,Unknown,Unknown,15yo,Master of Malt / TWE / Whiskybase,,,[],0.0,0.0,0.0,0.0,0.0,none,none,manual_review,unknown_distillery|zero_flavor_vector
W000244,glenfarclas 21yo,Unknown,Malt,Unknown,Unknown,21yo,Master of Malt / TWE / Whiskybase,,,[],0.0,0.0,0.0,0.0,0.0,none,none,manual_review,unknown_distillery|zero_flavor_vector
W000247,red spot 15yo,Unknown,Malt,Unknown,Unknown,15yo,Master of Malt / TWE / Whiskybase,,,[],0.0,0.0,0.0,0.0,0.0,none,none,manual_review,unknown_distillery|zero_flavor_vector
W000248,redbreast mano a lámh,Unknown,Malt,Unknown,Unknown,NAS,Master of Malt / TWE / Whiskybase,,,[],0.0,0.0,0.0,0.0,0.0,none,none,manual_review,unknown_distillery|zero_flavor_vector
W000250,tomatin 18yo,Unknown,Malt,Unknown,Unknown,18yo,Master of Malt / TWE / Whiskybase,,,[],0.0,0.0,0.0,0.0,0.0,none,none,manual_review,unknown_distillery|zero_flavor_vector
W000252,ben nevis 18yo the maltman,Unknown,Malt,Unknown,Unknown,18yo,Master of Malt / TWE / Whiskybase,,,[],0.0,0.0,0.0,0.0,0.0,none,none,manual_review,unknown_distillery|zero_flavor_vector
W000253,bunnahabhain moine (all bottlings),Unknown,Malt,Unknown,Unknown,NAS,Master of Malt / TWE / Whiskybase,,,[],0.0,0.0,0.0,0.0,0.0,none,none,manual_review,unknown_distillery|zero_flavor_vector
W000255,longrow red 14yo burgundy wood,Unknown,Malt,Unknown,Unknown,14yo,Master of Malt / TWE / Whiskybase,,,[],0.0,0.0,0.0,0.0,0.0,none,none,manual_review,unknown_distillery|zero_flavor_vector
W000256,tamdhu batch strength (all batches),Unknown,Malt,Unknown,Unknown,NAS,Master of Malt / TWE / Whiskybase,,,[],0.0,0.0,0.0,0.0,0.0,none,none,manual_review,unknown_distillery|zero_flavor_vector
W000257,balblair 1989,Unknown,Malt,Unknown,Unknown,NAS,Master of Malt / TWE / Whiskybase,,,[],0.0,0.0,0.0,0.0,0.0,none,none,manual_review,unknown_distillery|zero_flavor_vector
W000258,balvenie 17yo doublewood,The Balvenie,Malt,Unknown,Unknown,17yo,Master of Malt / TWE / Whiskybase,,,[],0.0,0.0,0.0,0.0,0.0,none,none,manual_review,zero_flavor_vector
W000259,benriach 12yo matured in sherry wood,Unknown,Malt,Unknown,Unknown,12yo,Master of Malt / TWE / Whiskybase,,,[],0.0,0.0,0.0,0.0,0.0,none,none,manual_review,unknown_distillery|zero_flavor_vector
W000260,benromach 15yo,Unknown,Malt,Unknown,Unknown,15yo,Master of Malt / TWE / Whiskybase,,,[],0.0,0.0,0.0,0.0,0.0,none,none,manual_review,unknown_distillery|zero_flavor_vector
W000261,glenfarclas 15yo,Unknown,Malt,Unknown,Unknown,15yo,Master of Malt / TWE / Whiskybase,,,[],0.0,0.0,0.0,0.0,0.0,none,none,manual_review,unknown_distillery|zero_flavor_vector
W000262,tomatin 14yo portwood,Unknown,Malt,Unknown,Unknown,14yo,Master of Malt / TWE / Whiskybase,,,[],0.0,0.0,0.0,0.0,0.0,none,none,manual_review,unknown_distillery|zero_flavor_vector
W000263,glenrothes 18yo,Unknown,Malt,Unknown,Unknown,18yo,Master of Malt / TWE / Whiskybase,,,[],0.0,0.0,0.0,0.0,0.0,none,none,manual_review,unknown_distillery|zero_flavor_vector
W000264,kilchoman sherry single cask,Unknown,Malt,Unknown,Unknown,NAS,Master of Malt / TWE / Whiskybase,,,[],0.0,0.0,0.0,0.0,0.0,none,none,manual_review,unknown_distillery|zero_flavor_vector
W000266,ancnoc 2000,Unknown,Malt,Unknown,Unknown,NAS,Master of Malt / TWE / Whiskybase,,,[],0.0,0.0,0.0,0.0,0.0,none,none,manual_review,unknown_distillery|zero_flavor_vector
W000269,hazelburn 12yo (springbank),Unknown,Malt,Unknown,Unknown,12yo,Master of Malt / TWE / Whiskybase,,,[],0.0,0.0,0.0,0.0,0.0,none,none,manual_review,unknown_distillery|zero_flavor_vector
W000270,highland park valkyrie,Unknown,Malt,Highland,Unknown,NAS,Master of Malt / TWE / Whiskybase,,,[],0.0,0.0,0.0,0.0,0.0,none,none,manual_review,unknown_distillery|zero_flavor_vector
W000271,macallan 25yo fine oak,The Macallan,Malt,Unknown,Unknown,25yo,Master of Malt / TWE / Whiskybase,,,[],0.0,0.0,0.0,0.0,0.0,none,none,manual_review,zero_flavor_vector
W000272,swiss highland classic single malt,Unknown,Malt,Highland,Unknown,NAS,Master of Malt / TWE / Whiskybase,,,[],0.0,0.0,0.0,0.0,0.0,none,none,manual_review,unknown_distillery|zero_flavor_vector
W000273,timorous beastie 12yo cask strength,Unknown,Malt,Unknown,Unknown,12yo,Master of Malt / TWE / Whiskybase,,,[],0.0,0.0,0.0,0.0,0.0,none,none,manual_review,unknown_distillery|zero_flavor_vector
W000274,dalmore port wood reserve,Unknown,Malt,Unknown,Unknown,NAS,Master of Malt / TWE / Whiskybase,,,[],0.0,0.0,0.0,0.0,0.0,none,none,manual_review,unknown_distillery|zero_flavor_vector
W000275,glendronach 12yo original,Unknown,Malt,Unknown,Unknown,12yo,Master of Malt / TWE / Whiskybase,,,[],0.0,0.0,0.0,0.0,0.0,none,none,manual_review,unknown_distillery|zero_flavor_vector
W000276,highland park magnus (2017),Unknown,Malt,Highland,Unknown,NAS,Master of Malt / TWE / Whiskybase,,,[],0.0,0.0,0.0,0.0,0.0,none,none,manual_review,unknown_distillery|zero_flavor_vector
W000277,tobermory 15yo,Unknown,Malt,Unknown,Unknown,15yo,Master of Malt / TWE / Whiskybase,,,[],0.0,0.0,0.0,0.0,0.0,none,none,manual_review,unknown_distillery|zero_flavor_vector
W000278,two brewers release 28 special finishes,Unknown,Malt,Unknown,Unknown,NAS,Master of Malt / TWE / Whiskybase,,,[],0.0,0.0,0.0,0.0,0.0,none,none,manual_review,unknown_distillery|zero_flavor_vector
W000279,balvenie 16yo triple cask,The Balvenie,Malt,Unknown,Unknown,16yo,Master of Malt / TWE / Whiskybase,,,[],0.0,0.0,0.0,0.0,0.0,none,none,manual_review,zero_flavor_vector
W000280,glenfarclas 12yo,Unknown,Malt,Unknown,Unknown,12yo,Master of Malt / TWE / Whiskybase,,,[],0.0,0.0,0.0,0.0,0.0,none,none,manual_review,unknown_distillery|zero_flavor_vector
W000282,aberfeldy 18yo,Unknown,Malt,Unknown,Unknown,18yo,Master of Malt / TWE / Whiskybase,,,[],0.0,0.0,0.0,0.0,0.0,none,none,manual_review,unknown_distillery|zero_flavor_vector
W000283,glen garioch 15yo sherry cask matured,Unknown,Malt,Unknown,Unknown,15yo,Master of Malt / TWE / Whiskybase,,,[],0.0,0.0,0.0,0.0,0.0,none,none,manual_review,unknown_distillery|zero_flavor_vector
W000284,glendronach 18yo marsala finish,Unknown,Malt,Unknown,Unknown,18yo,Master of Malt / TWE / Whiskybase,,,[],0.0,0.0,0.0,0.0,0.0,none,none,manual_review,unknown_distillery|zero_flavor_vector
W000287,kilchoman madeira cask matured,Unknown,Malt,Unknown,Unknown,NAS,Master of Malt / TWE / Whiskybase,,,[],0.0,0.0,0.0,0.0,0.0,none,none,manual_review,unknown_distillery|zero_flavor_vector
W000289,macallan 12yo sherry oak,The Macallan,Malt,Unknown,Unknown,12yo,Master of Malt / TWE / Whiskybase,,,[],0.0,0.0,0.0,0.0,0.0,none,none,manual_review,zero_flavor_vector
W000291,santis alpstein (all editions),Unknown,Malt,Unknown,Unknown,NAS,Master of Malt / TWE / Whiskybase,,,[],0.0,0.0,0.0,0.0,0.0,none,none,manual_review,unknown_distillery|zero_flavor_vector
W000294,"glenfarclas 1968-2000 54.2% (ob, old stock reserve, ceramic)",Unknown,Malt,Unknown,Unknown,NAS,Master of Malt / TWE / Whiskybase,,,[],0.0,0.0,0.0,0.0,0.0,none,none,manual_review,unknown_distillery|zero_flavor_vector
W000296,ben nevis 10yo cask strength,Unknown,Malt,Unknown,Unknown,10yo,Master of Malt / TWE / Whiskybase,,,[],0.0,0.0,0.0,0.0,0.0,none,none,manual_review,unknown_distillery|zero_flavor_vector
W000297,dalwhinnie distillers edition,Unknown,Malt,Unknown,Unknown,NAS,Master of Malt / TWE / Whiskybase,,,[],0.0,0.0,0.0,0.0,0.0,none,none,manual_review,unknown_distillery|zero_flavor_vector
W000298,glen garioch 1999 sherry cask matured,Unknown,Malt,Unknown,Unknown,NAS,Master of Malt / TWE / Whiskybase,,,[],0.0,0.0,0.0,0.0,0.0,none,none,manual_review,unknown_distillery|zero_flavor_vector
W000301,ben nevis 10yo (all editions),Unknown,Malt,Unknown,Unknown,10yo,Master of Malt / TWE / Whiskybase,,,[],0.0,0.0,0.0,0.0,0.0,none,none,manual_review,unknown_distillery|zero_flavor_vector
W000302,macallan 30yo fine oak,The Macallan,Malt,Unknown,Unknown,30yo,Master of Malt / TWE / Whiskybase,,,[],0.0,0.0,0.0,0.0,0.0,none,none,manual_review,zero_flavor_vector
W000304,tyrconnell 10yo port cask finish,Unknown,Malt,Unknown,Unknown,10yo,Master of Malt / TWE / Whiskybase,,,[],0.0,0.0,0.0,0.0,0.0,none,none,manual_review,unknown_distillery|zero_flavor_vector
W000306,macallan whisky maker's edition,The Macallan,Malt,Unknown,Unknown,NAS,Master of Malt / TWE / Whiskybase,,,[],0.0,0.0,0.0,0.0,0.0,none,none,manual_review,zero_flavor_vector
W000307,redbreast all sherry single cask 1999,Unknown,Malt,Unknown,Unknown,NAS,Master of Malt / TWE / Whiskybase,,,[],0.0,0.0,0.0,0.0,0.0,none,none,manual_review,unknown_distillery|zero_flavor_vector
W000309,tomatin oloroso sherry 1995,Unknown,Malt,Unknown,Unknown,NAS,Master of Malt / TWE / Whiskybase,,,[],0.0,0.0,0.0,0.0,0.0,none,none,manual_review,unknown_distillery|zero_flavor_vector
W000311,dalmore 18yo,Unknown,Malt,Unknown,Unknown,18yo,Master of Malt / TWE / Whiskybase,,,[],0.0,0.0,0.0,0.0,0.0,none,none,manual_review,unknown_distillery|zero_flavor_vector
W000312,glenlivet nadurra oloroso,The Glenlivet,Malt,Unknown,Unknown,NAS,Master of Malt / TWE / Whiskybase,,,[],0.0,0.0,0.0,0.0,0.0,none,none,manual_review,zero_flavor_vector
W000321,singleton of glen ord 18yo,Unknown,Malt,Unknown,Unknown,18yo,Master of Malt / TWE / Whiskybase,,,[],0.0,0.0,0.0,0.0,0.0,none,none,manual_review,unknown_distillery|zero_flavor_vector
W000324,jura 16yo diurach's own,Unknown,Malt,Unknown,Unknown,16yo,Master of Malt / TWE / Whiskybase,,,[],0.0,0.0,0.0,0.0,0.0,none,none,manual_review,unknown_distillery|zero_flavor_vector
W000329,glenglassaugh 26yo,Unknown,Malt,Unknown,Unknown,26yo,Master of Malt / TWE / Whiskybase,,,[],0.0,0.0,0.0,0.0,0.0,none,none,manual_review,unknown_distillery|zero_flavor_vector
W000331,green spot chateau montelena,Unknown,Blend,Unknown,Unknown,NAS,Master of Malt / TWE / Whiskybase,,,[],0.0,0.0,0.0,0.0,0.0,none,none,manual_review,unknown_distillery|zero_flavor_vector
W000332,ledaig 1996,Unknown,Malt,Unknown,Unknown,NAS,Master of Malt / TWE / Whiskybase,,,[],0.0,0.0,0.0,0.0,0.0,none,none,manual_review,unknown_distillery|zero_flavor_vector
W000334,benriach 15yo tawny port finish,Unknown,Malt,Unknown,Unknown,15yo,Master of Malt / TWE / Whiskybase,,,[],0.0,0.0,0.0,0.0,0.0,none,none,manual_review,unknown_distillery|zero_flavor_vector
W000335,glentauchers 1991 18yo (gordon & macphail),Unknown,Malt,Unknown,Unknown,18yo,Master of Malt / TWE / Whiskybase,,,[],0.0,0.0,0.0,0.0,0.0,none,none,manual_review,unknown_distillery|zero_flavor_vector
W000336,tyrconnell 10yo sherry cask finish,Unknown,Malt,Unknown,Unknown,10yo,Master of Malt / TWE / Whiskybase,,,[],0.0,0.0,0.0,0.0,0.0,none,none,manual_review,unknown_distillery|zero_flavor_vector
W000337,dalmore cigar malt,Unknown,Malt,Unknown,Unknown,NAS,original_production_data,https://www.whisky.com/whisky-database/details/W000337.html,Raw notes matched from historical dataset,"['bottle_name', 'bottle_name_clean', 'fruity', 'sweet', 'smoky']",14.0,6.0,2.0,2.0,2.0,high,exact,manual_review,unknown_distillery
W000338,macallan 10yo sherry oak,The Macallan,Malt,Unknown,Unknown,10yo,Master of Malt / TWE / Whiskybase,,,[],0.0,0.0,0.0,0.0,0.0,none,none,manual_review,zero_flavor_vector
W000339,highland park 12yo saint magnus,Unknown,Malt,Highland,Unknown,12yo,Master of Malt / TWE / Whiskybase,,,[],0.0,0.0,0.0,0.0,0.0,none,none,manual_review,unknown_distillery|zero_flavor_vector
W000340,balvenie 12yo doublewood,The Balvenie,Malt,Unknown,Unknown,12yo,Master of Malt / TWE / Whiskybase,,,[],0.0,0.0,0.0,0.0,0.0,none,none,manual_review,zero_flavor_vector
W000341,blair athol 12yo (f&f),Unknown,Malt,Unknown,Unknown,12yo,Master of Malt / TWE / Whiskybase,,,[],0.0,0.0,0.0,0.0,0.0,none,none,manual_review,unknown_distillery|zero_flavor_vector
W000343,lismore 21yo,Unknown,Malt,Unknown,Unknown,21yo,Master of Malt / TWE / Whiskybase,,,[],0.0,0.0,0.0,0.0,0.0,none,none,manual_review,unknown_distillery|zero_flavor_vector
W000345,arran malt sherry cask finish,Unknown,Malt,Unknown,Unknown,NAS,Master of Malt / TWE / Whiskybase,,,[],0.0,0.0,0.0,0.0,0.0,none,none,manual_review,unknown_distillery|zero_flavor_vector
W000347,dalmore 15yo,Unknown,Malt,Unknown,Unknown,15yo,Master of Malt / TWE / Whiskybase,,,[],0.0,0.0,0.0,0.0,0.0,none,none,manual_review,unknown_distillery|zero_flavor_vector
W000348,glen moray classic sherry cask finish,Unknown,Malt,Unknown,Unknown,NAS,Master of Malt / TWE / Whiskybase,,,[],0.0,0.0,0.0,0.0,0.0,none,none,manual_review,unknown_distillery|zero_flavor_vector
W000349,jura 21yo,Unknown,Malt,Unknown,Unknown,21yo,Master of Malt / TWE / Whiskybase,,,[],0.0,0.0,0.0,0.0,0.0,none,none,manual_review,unknown_distillery|zero_flavor_vector
W000350,wemyss malts the spice king,Unknown,Malt,Unknown,Unknown,NAS,Master of Malt / TWE / Whiskybase,,,[],0.0,0.0,0.0,0.0,0.0,none,none,manual_review,unknown_distillery|zero_flavor_vector
W000351,aberfeldy 16yo,Unknown,Malt,Unknown,Unknown,16yo,Master of Malt / TWE / Whiskybase,,,[],0.0,0.0,0.0,0.0,0.0,none,none,manual_review,unknown_distillery|zero_flavor_vector
W000354,glenfarclas 10yo,Unknown,Malt,Unknown,Unknown,10yo,Master of Malt / TWE / Whiskybase,,,[],0.0,0.0,0.0,0.0,0.0,none,none,manual_review,unknown_distillery|zero_flavor_vector
W000355,glen moray classic port cask finish,Unknown,Malt,Unknown,Unknown,NAS,Master of Malt / TWE / Whiskybase,,,[],0.0,0.0,0.0,0.0,0.0,none,none,manual_review,unknown_distillery|zero_flavor_vector
W000356,glendronach 14yo sauternes cask finish,Unknown,Malt,Unknown,Unknown,14yo,Master of Malt / TWE / Whiskybase,,,[],0.0,0.0,0.0,0.0,0.0,none,none,manual_review,unknown_distillery|zero_flavor_vector
W000358,arran malt pomerol bordeaux cask finish,Unknown,Malt,Unknown,Unknown,NAS,Master of Malt / TWE / Whiskybase,,,[],0.0,0.0,0.0,0.0,0.0,none,none,manual_review,unknown_distillery|zero_flavor_vector
W000359,bladnoch 15yo adela,Unknown,Malt,Unknown,Unknown,15yo,Master of Malt / TWE / Whiskybase,,,[],0.0,0.0,0.0,0.0,0.0,none,none,manual_review,unknown_distillery|zero_flavor_vector
W000361,jura 12yo elixir,Unknown,Malt,Unknown,Unknown,12yo,Master of Malt / TWE / Whiskybase,,,[],0.0,0.0,0.0,0.0,0.0,none,none,manual_review,unknown_distillery|zero_flavor_vector
W000362,balvenie 12yo triple cask,The Balvenie,Malt,Unknown,Unknown,12yo,Master of Malt / TWE / Whiskybase,,,[],0.0,0.0,0.0,0.0,0.0,none,none,manual_review,zero_flavor_vector
W000364,timorous beastie,Unknown,Malt,Unknown,Unknown,NAS,Master of Malt / TWE / Whiskybase,,,[],0.0,0.0,0.0,0.0,0.0,none,none,manual_review,unknown_distillery|zero_flavor_vector
W000366,glencadam 12yo port wood finish,Unknown,Malt,Unknown,Unknown,12yo,Master of Malt / TWE / Whiskybase,,,[],0.0,0.0,0.0,0.0,0.0,none,none,manual_review,unknown_distillery|zero_flavor_vector
W000369,tomatin cu bocan sherry edition,Unknown,Malt,Unknown,Unknown,NAS,Master of Malt / TWE / Whiskybase,,,[],0.0,0.0,0.0,0.0,0.0,none,none,manual_review,unknown_distillery|zero_flavor_vector
W000371,dalmore cigar malt reserve,Unknown,Malt,Unknown,Unknown,NAS,Master of Malt / TWE / Whiskybase,,,[],0.0,0.0,0.0,0.0,0.0,none,none,manual_review,unknown_distillery|zero_flavor_vector
W000373,benrinnes 15yo f&f,Unknown,Malt,Unknown,Unknown,15yo,Master of Malt / TWE / Whiskybase,,,[],0.0,0.0,0.0,0.0,0.0,none,none,manual_review,unknown_distillery|zero_flavor_vector
W000374,game of thrones house baratheon royal lochnagar 12 ans,Unknown,Malt,Unknown,Unknown,12 Year Old,Master of Malt / TWE / Whiskybase,,,[],0.0,0.0,0.0,0.0,0.0,none,none,manual_review,unknown_distillery|zero_flavor_vector
W000375,jura 21yo 200th anniversary,Unknown,Malt,Unknown,Unknown,21yo,Master of Malt / TWE / Whiskybase,,,[],0.0,0.0,0.0,0.0,0.0,none,none,manual_review,unknown_distillery|zero_flavor_vector
W000376,writers tears red head single malt,Unknown,Malt,Unknown,Unknown,NAS,Master of Malt / TWE / Whiskybase,,,[],0.0,0.0,0.0,0.0,0.0,none,none,manual_review,unknown_distillery|zero_flavor_vector
W000377,jura seven wood,Unknown,Malt,Unknown,Unknown,NAS,Master of Malt / TWE / Whiskybase,,,[],0.0,0.0,0.0,0.0,0.0,none,none,manual_review,unknown_distillery|zero_flavor_vector
W000380,"ben nevis 10yo (old label, pre-2017)",Unknown,Malt,Unknown,Unknown,10yo,Master of Malt / TWE / Whiskybase,,,[],0.0,0.0,0.0,0.0,0.0,none,none,manual_review,unknown_distillery|zero_flavor_vector
W000382,singleton of dufftown tailfire,Unknown,Malt,Unknown,Unknown,NAS,Master of Malt / TWE / Whiskybase,,,[],0.0,0.0,0.0,0.0,0.0,none,none,manual_review,unknown_distillery|zero_flavor_vector
W000383,glen moray 16yo,Unknown,Malt,Unknown,Unknown,16yo,Master of Malt / TWE / Whiskybase,,,[],0.0,0.0,0.0,0.0,0.0,none,none,manual_review,unknown_distillery|zero_flavor_vector
W000384,glenglassaugh revival,Unknown,Malt,Unknown,Unknown,NAS,Master of Malt / TWE / Whiskybase,,,[],0.0,0.0,0.0,0.0,0.0,none,none,manual_review,unknown_distillery|zero_flavor_vector
W000385,glenrothes robur reserve,Unknown,Malt,Unknown,Unknown,NAS,Master of Malt / TWE / Whiskybase,,,[],0.0,0.0,0.0,0.0,0.0,none,none,manual_review,unknown_distillery|zero_flavor_vector
W000387,tullibardine 500 sherry finish,Unknown,Malt,Unknown,Unknown,NAS,Master of Malt / TWE / Whiskybase,,,[],0.0,0.0,0.0,0.0,0.0,none,none,manual_review,unknown_distillery|zero_flavor_vector
W000388,wemyss malts velvet fig,Unknown,Malt,Unknown,Unknown,NAS,Master of Malt / TWE / Whiskybase,,,[],0.0,0.0,0.0,0.0,0.0,none,none,manual_review,unknown_distillery|zero_flavor_vector
W000389,glen garioch 16yo renaissance chapter 2,Unknown,Malt,Unknown,Unknown,16yo,Master of Malt / TWE / Whiskybase,,,[],0.0,0.0,0.0,0.0,0.0,none,none,manual_review,unknown_distillery|zero_flavor_vector
W000393,glenrothes sherry cask reserve,Unknown,Malt,Unknown,Unknown,NAS,Master of Malt / TWE / Whiskybase,,,[],0.0,0.0,0.0,0.0,0.0,none,none,manual_review,unknown_distillery|zero_flavor_vector
W000394,dalmore gran reserva,Unknown,Malt,Unknown,Unknown,NAS,Master of Malt / TWE / Whiskybase,,,[],0.0,0.0,0.0,0.0,0.0,none,none,manual_review,unknown_distillery|zero_flavor_vector
W000395,bladnoch samsara,Unknown,Malt,Unknown,Unknown,NAS,Master of Malt / TWE / Whiskybase,,,[],0.0,0.0,0.0,0.0,0.0,none,none,manual_review,unknown_distillery|zero_flavor_vector
W000396,longmorn distiller's choice,Unknown,Malt,Unknown,Unknown,NAS,Master of Malt / TWE / Whiskybase,,,[],0.0,0.0,0.0,0.0,0.0,none,none,manual_review,unknown_distillery|zero_flavor_vector
W000397,jura 18yo,Unknown,Malt,Unknown,Unknown,18yo,Master of Malt / TWE / Whiskybase,,,[],0.0,0.0,0.0,0.0,0.0,none,none,manual_review,unknown_distillery|zero_flavor_vector
W000399,royal lochnagar 12yo,Unknown,Malt,Unknown,Unknown,12yo,Master of Malt / TWE / Whiskybase,,,[],0.0,0.0,0.0,0.0,0.0,none,none,manual_review,unknown_distillery|zero_flavor_vector
W000400,jura 16yo,Unknown,Malt,Unknown,Unknown,16yo,Master of Malt / TWE / Whiskybase,,,[],0.0,0.0,0.0,0.0,0.0,none,none,manual_review,unknown_distillery|zero_flavor_vector
W000401,tullibardine 1993 port,Unknown,Malt,Unknown,Unknown,NAS,Master of Malt / TWE / Whiskybase,,,[],0.0,0.0,0.0,0.0,0.0,none,none,manual_review,unknown_distillery|zero_flavor_vector
W000403,jura turas mara,Unknown,Malt,Unknown,Unknown,NAS,Master of Malt / TWE / Whiskybase,,,[],0.0,0.0,0.0,0.0,0.0,none,none,manual_review,unknown_distillery|zero_flavor_vector
W000405,lohin mckinnon wine barrel finished (black sage),Unknown,Malt,Unknown,Unknown,NAS,Master of Malt / TWE / Whiskybase,,,[],0.0,0.0,0.0,0.0,0.0,none,none,manual_review,unknown_distillery|zero_flavor_vector
W000406,singleton of dufftown spey cascade,Unknown,Malt,Unknown,Unknown,NAS,Master of Malt / TWE / Whiskybase,,,[],0.0,0.0,0.0,0.0,0.0,none,none,manual_review,unknown_distillery|zero_flavor_vector
W000407,ichiro's malt the joker,Unknown,Malt,Unknown,Unknown,NAS,Master of Malt / TWE / Whiskybase,,,[],0.0,0.0,0.0,0.0,0.0,none,none,manual_review,unknown_distillery|zero_flavor_vector
W000408,bruichladdich black art 7.x 1994,Unknown,Malt,Unknown,Unknown,NAS,Master of Malt / TWE / Whiskybase,,,[],0.0,0.0,0.0,0.0,0.0,none,none,manual_review,unknown_distillery|zero_flavor_vector
W000409,cragganmore 12yo (special release 2019),Unknown,Malt,Unknown,Unknown,12yo,Master of Malt / TWE / Whiskybase,,,[],0.0,0.0,0.0,0.0,0.0,none,none,manual_review,unknown_distillery|zero_flavor_vector
W000411,hibiki 21yo,Unknown,Blend,Unknown,Unknown,21yo,Master of Malt / TWE / Whiskybase,,,[],0.0,0.0,0.0,0.0,0.0,none,none,manual_review,unknown_distillery|zero_flavor_vector
W000412,bunnahabhain 40yo,Unknown,Malt,Unknown,Unknown,40yo,Master of Malt / TWE / Whiskybase,,,[],0.0,0.0,0.0,0.0,0.0,none,none,manual_review,unknown_distillery|zero_flavor_vector
W000413,bruichladdich black art 3.x 1989,Unknown,Malt,Unknown,Unknown,NAS,Master of Malt / TWE / Whiskybase,,,[],0.0,0.0,0.0,0.0,0.0,none,none,manual_review,unknown_distillery|zero_flavor_vector
W000414,bruichladdich black art 8.x 1994,Unknown,Malt,Unknown,Unknown,8 Year Old,Master of Malt / TWE / Whiskybase,,,[],0.0,0.0,0.0,0.0,0.0,none,none,manual_review,unknown_distillery|zero_flavor_vector
W000415,bruichladdich black art 6.x 1990,Unknown,Malt,Unknown,Unknown,NAS,Master of Malt / TWE / Whiskybase,,,[],0.0,0.0,0.0,0.0,0.0,none,none,manual_review,unknown_distillery|zero_flavor_vector
W000418,glencadam 25yo,Unknown,Malt,Unknown,Unknown,25yo,Master of Malt / TWE / Whiskybase,,,[],0.0,0.0,0.0,0.0,0.0,none,none,manual_review,unknown_distillery|zero_flavor_vector
W000420,bruichladdich black art 2.x 1989,Unknown,Malt,Unknown,Unknown,NAS,Master of Malt / TWE / Whiskybase,,,[],0.0,0.0,0.0,0.0,0.0,none,none,manual_review,unknown_distillery|zero_flavor_vector
W000421,redbreast 12yo cask strength,Unknown,Malt,Unknown,Unknown,12yo,Master of Malt / TWE / Whiskybase,,,[],0.0,0.0,0.0,0.0,0.0,none,none,manual_review,unknown_distillery|zero_flavor_vector
W000422,macallan edition no. 6,The Macallan,Malt,Unknown,Unknown,NAS,Master of Malt / TWE / Whiskybase,,,[],0.0,0.0,0.0,0.0,0.0,none,none,manual_review,zero_flavor_vector
W000423,cragganmore 25yo,Unknown,Malt,Unknown,Unknown,25yo,Master of Malt / TWE / Whiskybase,,,[],0.0,0.0,0.0,0.0,0.0,none,none,manual_review,unknown_distillery|zero_flavor_vector
W000427,aultmore 25yo,Unknown,Malt,Unknown,Unknown,25yo,Master of Malt / TWE / Whiskybase,,,[],0.0,0.0,0.0,0.0,0.0,none,none,manual_review,unknown_distillery|zero_flavor_vector
W000430,glendronach 19yo madeira finish,Unknown,Malt,Unknown,Unknown,19yo,Master of Malt / TWE / Whiskybase,,,[],0.0,0.0,0.0,0.0,0.0,none,none,manual_review,unknown_distillery|zero_flavor_vector
W000431,old pulteney 25yo,Unknown,Malt,Unknown,Unknown,25yo,Master of Malt / TWE / Whiskybase,,,[],0.0,0.0,0.0,0.0,0.0,none,none,manual_review,unknown_distillery|zero_flavor_vector
W000432,arran malt 18yo,Unknown,Malt,Unknown,Unknown,18yo,Master of Malt / TWE / Whiskybase,,,[],0.0,0.0,0.0,0.0,0.0,none,none,manual_review,unknown_distillery|zero_flavor_vector
W000434,bruichladdich the organic 2010,Unknown,Malt,Unknown,Unknown,NAS,Master of Malt / TWE / Whiskybase,,,[],0.0,0.0,0.0,0.0,0.0,none,none,manual_review,unknown_distillery|zero_flavor_vector
W000435,glenlivet nadurra first fill (white oak),The Glenlivet,Malt,Unknown,Unknown,NAS,Master of Malt / TWE / Whiskybase,,,[],0.0,0.0,0.0,0.0,0.0,none,none,manual_review,zero_flavor_vector
W000436,craigellachie 23yo,Unknown,Malt,Unknown,Unknown,23yo,Master of Malt / TWE / Whiskybase,,,[],0.0,0.0,0.0,0.0,0.0,none,none,manual_review,unknown_distillery|zero_flavor_vector
W000438,two brewers release 32 innovative,Unknown,Malt,Unknown,Unknown,NAS,Master of Malt / TWE / Whiskybase,,,[],0.0,0.0,0.0,0.0,0.0,none,none,manual_review,unknown_distillery|zero_flavor_vector
W000443,macallan edition no. 2,The Macallan,Malt,Unknown,Unknown,NAS,Master of Malt / TWE / Whiskybase,,,[],0.0,0.0,0.0,0.0,0.0,none,none,manual_review,zero_flavor_vector
W000444,two brewers release 22 innovative,Unknown,Malt,Unknown,Unknown,NAS,Master of Malt / TWE / Whiskybase,,,[],0.0,0.0,0.0,0.0,0.0,none,none,manual_review,unknown_distillery|zero_flavor_vector
W000445,caol ila 18yo unpeated 2017,Unknown,Malt,Unknown,Unknown,18yo,Master of Malt / TWE / Whiskybase,,,[],0.0,0.0,0.0,0.0,0.0,none,none,manual_review,unknown_distillery|zero_flavor_vector
W000447,two brewers release 23 special finishes,Unknown,Malt,Unknown,Unknown,NAS,Master of Malt / TWE / Whiskybase,,,[],0.0,0.0,0.0,0.0,0.0,none,none,manual_review,unknown_distillery|zero_flavor_vector
W000448,bruichladdich black art 5.x 1992,Unknown,Malt,Unknown,Unknown,NAS,Master of Malt / TWE / Whiskybase,,,[],0.0,0.0,0.0,0.0,0.0,none,none,manual_review,unknown_distillery|zero_flavor_vector
W000451,macallan edition no. 4,The Macallan,Malt,Unknown,Unknown,NAS,Master of Malt / TWE / Whiskybase,,,[],0.0,0.0,0.0,0.0,0.0,none,none,manual_review,zero_flavor_vector
W000452,arran malt the devil’s punch bowl (all chapters),Unknown,Malt,Unknown,Unknown,NAS,Master of Malt / TWE / Whiskybase,,,[],0.0,0.0,0.0,0.0,0.0,none,none,manual_review,unknown_distillery|zero_flavor_vector
W000453,mortlach 16yo,Unknown,Malt,Unknown,Unknown,16yo,Master of Malt / TWE / Whiskybase,,,[],0.0,0.0,0.0,0.0,0.0,none,none,manual_review,unknown_distillery|zero_flavor_vector
W000454,arran malt bourbon single cask,Unknown,Malt,Unknown,Unknown,NAS,Master of Malt / TWE / Whiskybase,,,[],0.0,0.0,0.0,0.0,0.0,none,none,manual_review,unknown_distillery|zero_flavor_vector
W000455,balblair 15yo,Unknown,Malt,Unknown,Unknown,15yo,Master of Malt / TWE / Whiskybase,,,[],0.0,0.0,0.0,0.0,0.0,none,none,manual_review,unknown_distillery|zero_flavor_vector
W000457,two brewers release 27 innovative,Unknown,Malt,Unknown,Unknown,NAS,Master of Malt / TWE / Whiskybase,,,[],0.0,0.0,0.0,0.0,0.0,none,none,manual_review,unknown_distillery|zero_flavor_vector
W000458,arran malt 17yo,Unknown,Malt,Unknown,Unknown,17yo,Master of Malt / TWE / Whiskybase,,,[],0.0,0.0,0.0,0.0,0.0,none,none,manual_review,unknown_distillery|zero_flavor_vector
W000462,glenlivet 21yo archive (all batches),The Glenlivet,Malt,Unknown,Unknown,21yo,Master of Malt / TWE / Whiskybase,,,[],0.0,0.0,0.0,0.0,0.0,none,none,manual_review,zero_flavor_vector
W000464,benriach 25yo,Unknown,Malt,Unknown,Unknown,25yo,Master of Malt / TWE / Whiskybase,,,[],0.0,0.0,0.0,0.0,0.0,none,none,manual_review,unknown_distillery|zero_flavor_vector
W000465,bruichladdich 21yo cuvée 382 la berenice,Unknown,Malt,Unknown,Unknown,21yo,Master of Malt / TWE / Whiskybase,,,[],0.0,0.0,0.0,0.0,0.0,none,none,manual_review,unknown_distillery|zero_flavor_vector
W000466,bruichladdich 21yo cuvée 640 eroica,Unknown,Malt,Unknown,Unknown,21yo,Master of Malt / TWE / Whiskybase,,,[],0.0,0.0,0.0,0.0,0.0,none,none,manual_review,unknown_distillery|zero_flavor_vector
W000469,paul john single cask,Unknown,Malt,Unknown,Unknown,NAS,Master of Malt / TWE / Whiskybase,,,[],0.0,0.0,0.0,0.0,0.0,none,none,manual_review,unknown_distillery|zero_flavor_vector
W000471,hibiki 17yo,Unknown,Blend,Unknown,Unknown,17yo,Master of Malt / TWE / Whiskybase,,,[],0.0,0.0,0.0,0.0,0.0,none,none,manual_review,unknown_distillery|zero_flavor_vector
W000476,game of thrones house tyrell clynelish reserve,Unknown,Malt,Unknown,Unknown,NAS,Master of Malt / TWE / Whiskybase,,,[],0.0,0.0,0.0,0.0,0.0,none,none,manual_review,unknown_distillery|zero_flavor_vector
W000477,macallan edition no. 1,The Macallan,Malt,Unknown,Unknown,NAS,Master of Malt / TWE / Whiskybase,,,[],0.0,0.0,0.0,0.0,0.0,none,none,manual_review,zero_flavor_vector
W000478,arran malt tokaji aszu wine finish,Unknown,Malt,Unknown,Unknown,NAS,Master of Malt / TWE / Whiskybase,,,[],0.0,0.0,0.0,0.0,0.0,none,none,manual_review,unknown_distillery|zero_flavor_vector
W000479,nikka taketsuru 17yo,Unknown,Malt,Unknown,Unknown,17yo,Master of Malt / TWE / Whiskybase,,,[],0.0,0.0,0.0,0.0,0.0,none,none,manual_review,unknown_distillery|zero_flavor_vector
W000480,old pulteney 17yo,Unknown,Malt,Unknown,Unknown,17yo,Master of Malt / TWE / Whiskybase,,,[],0.0,0.0,0.0,0.0,0.0,none,none,manual_review,unknown_distillery|zero_flavor_vector
W000481,aberfeldy 21yo,Unknown,Malt,Unknown,Unknown,21yo,Master of Malt / TWE / Whiskybase,,,[],0.0,0.0,0.0,0.0,0.0,none,none,manual_review,unknown_distillery|zero_flavor_vector
W000484,kininvie 17yo (all batches),Unknown,Malt,Unknown,Unknown,17yo,Master of Malt / TWE / Whiskybase,,,[],0.0,0.0,0.0,0.0,0.0,none,none,manual_review,unknown_distillery|zero_flavor_vector
W000485,mortlach special strength,Unknown,Malt,Unknown,Unknown,NAS,Master of Malt / TWE / Whiskybase,,,[],0.0,0.0,0.0,0.0,0.0,none,none,manual_review,unknown_distillery|zero_flavor_vector
W000486,strathmill 25yo,Unknown,Malt,Unknown,Unknown,25yo,Master of Malt / TWE / Whiskybase,,,[],0.0,0.0,0.0,0.0,0.0,none,none,manual_review,unknown_distillery|zero_flavor_vector
W000487,two brewers release 14 innovative,Unknown,Malt,Unknown,Unknown,14 Year Old,Master of Malt / TWE / Whiskybase,,,[],0.0,0.0,0.0,0.0,0.0,none,none,manual_review,unknown_distillery|zero_flavor_vector
W000489,cragganmore nas (special release 2016),Unknown,Malt,Unknown,Unknown,NAS,Master of Malt / TWE / Whiskybase,,,[],0.0,0.0,0.0,0.0,0.0,none,none,manual_review,unknown_distillery|zero_flavor_vector
W000492,macallan edition no. 3,The Macallan,Malt,Unknown,Unknown,NAS,Master of Malt / TWE / Whiskybase,,,[],0.0,0.0,0.0,0.0,0.0,none,none,manual_review,zero_flavor_vector
W000493,old pulteney 15yo,Unknown,Malt,Unknown,Unknown,15yo,Master of Malt / TWE / Whiskybase,,,[],0.0,0.0,0.0,0.0,0.0,none,none,manual_review,unknown_distillery|zero_flavor_vector
W000494,redbreast 15yo,Unknown,Malt,Unknown,Unknown,15yo,Master of Malt / TWE / Whiskybase,,,[],0.0,0.0,0.0,0.0,0.0,none,none,manual_review,unknown_distillery|zero_flavor_vector
W000495,arran malt napoleon cognac finish,Unknown,Malt,Unknown,Unknown,NAS,Master of Malt / TWE / Whiskybase,,,[],0.0,0.0,0.0,0.0,0.0,none,none,manual_review,unknown_distillery|zero_flavor_vector
W000496,clynelish 14yo,Unknown,Malt,Unknown,Unknown,14yo,Master of Malt / TWE / Whiskybase,,,[],0.0,0.0,0.0,0.0,0.0,none,none,manual_review,unknown_distillery|zero_flavor_vector
W000501,balvenie 12yo single barrel,The Balvenie,Malt,Unknown,Unknown,12yo,Master of Malt / TWE / Whiskybase,,,[],0.0,0.0,0.0,0.0,0.0,none,none,manual_review,zero_flavor_vector
W000505,ancnoc 18yo,Unknown,Malt,Unknown,Unknown,18yo,Master of Malt / TWE / Whiskybase,,,[],0.0,0.0,0.0,0.0,0.0,none,none,manual_review,unknown_distillery|zero_flavor_vector
W000506,bruichladdich black art 4.x 1990,Unknown,Malt,Unknown,Unknown,NAS,Master of Malt / TWE / Whiskybase,,,[],0.0,0.0,0.0,0.0,0.0,none,none,manual_review,unknown_distillery|zero_flavor_vector
W000507,redbreast 12yo,Unknown,Malt,Unknown,Unknown,12yo,Master of Malt / TWE / Whiskybase,,,[],0.0,0.0,0.0,0.0,0.0,none,none,manual_review,unknown_distillery|zero_flavor_vector
W000508,bunnahabhain 12yo,Unknown,Malt,Unknown,Unknown,12yo,Master of Malt / TWE / Whiskybase,,,[],0.0,0.0,0.0,0.0,0.0,none,none,manual_review,unknown_distillery|zero_flavor_vector
W000509,glen garioch 12yo,Unknown,Malt,Unknown,Unknown,12yo,Master of Malt / TWE / Whiskybase,,,[],0.0,0.0,0.0,0.0,0.0,none,none,manual_review,unknown_distillery|zero_flavor_vector
W000512,macallan 18yo fine oak,The Macallan,Malt,Unknown,Unknown,18yo,Master of Malt / TWE / Whiskybase,,,[],0.0,0.0,0.0,0.0,0.0,none,none,manual_review,zero_flavor_vector
W000513,balvenie 25yo single barrel,The Balvenie,Malt,Unknown,Unknown,25yo,Master of Malt / TWE / Whiskybase,,,[],0.0,0.0,0.0,0.0,0.0,none,none,manual_review,zero_flavor_vector
W000514,mortlach 18yo,Unknown,Malt,Unknown,Unknown,18yo,Master of Malt / TWE / Whiskybase,,,[],0.0,0.0,0.0,0.0,0.0,none,none,manual_review,unknown_distillery|zero_flavor_vector
W000516,two brewers release 21 classic,Unknown,Malt,Unknown,Unknown,21 Year Old,Master of Malt / TWE / Whiskybase,,,[],0.0,0.0,0.0,0.0,0.0,none,none,manual_review,unknown_distillery|zero_flavor_vector
W000517,bruichladdich the organic 2009,Unknown,Malt,Unknown,Unknown,NAS,Master of Malt / TWE / Whiskybase,,,[],0.0,0.0,0.0,0.0,0.0,none,none,manual_review,unknown_distillery|zero_flavor_vector
W000518,caol ila 17yo unpeated 2015,Unknown,Malt,Unknown,Unknown,17yo,Master of Malt / TWE / Whiskybase,,,[],0.0,0.0,0.0,0.0,0.0,none,none,manual_review,unknown_distillery|zero_flavor_vector
W000519,ichiro's malt double distilleries,Unknown,Malt,Unknown,Unknown,NAS,Master of Malt / TWE / Whiskybase,,,[],0.0,0.0,0.0,0.0,0.0,none,none,manual_review,unknown_distillery|zero_flavor_vector
W000520,macallan edition no. 5,The Macallan,Malt,Unknown,Unknown,NAS,Master of Malt / TWE / Whiskybase,,,[],0.0,0.0,0.0,0.0,0.0,none,none,manual_review,zero_flavor_vector
W000522,two brewers release 17 innovative,Unknown,Malt,Unknown,Unknown,17 Year Old,Master of Malt / TWE / Whiskybase,,,[],0.0,0.0,0.0,0.0,0.0,none,none,manual_review,unknown_distillery|zero_flavor_vector
W000523,nikka coffey malt,Unknown,Malt,Unknown,Unknown,NAS,Master of Malt / TWE / Whiskybase,,,[],0.0,0.0,0.0,0.0,0.0,none,none,manual_review,unknown_distillery|zero_flavor_vector
W000524,"bruichladdich the organic (mid coul, coulmore, mains of tullibardine farms)",Unknown,Malt,Unknown,Unknown,NAS,Master of Malt / TWE / Whiskybase,,,[],0.0,0.0,0.0,0.0,0.0,none,none,manual_review,unknown_distillery|zero_flavor_vector
W000525,kilkerran work in progress sherry wood,Unknown,Malt,Unknown,Unknown,NAS,Master of Malt / TWE / Whiskybase,,,[],0.0,0.0,0.0,0.0,0.0,none,none,manual_review,unknown_distillery|zero_flavor_vector
W000526,storas 21yo rare cask reserves blended,Unknown,Blend,Unknown,Unknown,21yo,Master of Malt / TWE / Whiskybase,,,[],0.0,0.0,0.0,0.0,0.0,none,none,manual_review,unknown_distillery|zero_flavor_vector
W000527,tobermory 12yo bourbon-matured,Unknown,Malt,Unknown,Unknown,12yo,Master of Malt / TWE / Whiskybase,,,[],0.0,0.0,0.0,0.0,0.0,none,none,manual_review,unknown_distillery|zero_flavor_vector
W000529,balblair 18yo,Unknown,Malt,Unknown,Unknown,18yo,Master of Malt / TWE / Whiskybase,,,[],0.0,0.0,0.0,0.0,0.0,none,none,manual_review,unknown_distillery|zero_flavor_vector
W000532,two brewers release 04 special finishes,Unknown,Malt,Unknown,Unknown,NAS,Master of Malt / TWE / Whiskybase,,,[],0.0,0.0,0.0,0.0,0.0,none,none,manual_review,unknown_distillery|zero_flavor_vector
W000533,timorous beastie 18yo,Unknown,Malt,Unknown,Unknown,18yo,Master of Malt / TWE / Whiskybase,,,[],0.0,0.0,0.0,0.0,0.0,none,none,manual_review,unknown_distillery|zero_flavor_vector
W000534,bunnahabhain 12yo cask strength,Unknown,Malt,Unknown,Unknown,12yo,Master of Malt / TWE / Whiskybase,,,[],0.0,0.0,0.0,0.0,0.0,none,none,manual_review,unknown_distillery|zero_flavor_vector
W000535,craigellachie 17yo,Unknown,Malt,Unknown,Unknown,17yo,Master of Malt / TWE / Whiskybase,,,[],0.0,0.0,0.0,0.0,0.0,none,none,manual_review,unknown_distillery|zero_flavor_vector
W000536,glenrothes vintage 1995 (all bottlings),Unknown,Malt,Unknown,Unknown,NAS,Master of Malt / TWE / Whiskybase,,,[],0.0,0.0,0.0,0.0,0.0,none,none,manual_review,unknown_distillery|zero_flavor_vector
W000538,two brewers innovative (all releases),Unknown,Malt,Unknown,Unknown,NAS,Master of Malt / TWE / Whiskybase,,,[],0.0,0.0,0.0,0.0,0.0,none,none,manual_review,unknown_distillery|zero_flavor_vector
W000540,bruichladdich the organic (all editions),Unknown,Malt,Unknown,Unknown,NAS,Master of Malt / TWE / Whiskybase,,,[],0.0,0.0,0.0,0.0,0.0,none,none,manual_review,unknown_distillery|zero_flavor_vector
W000543,paul john classic select cask,Unknown,Malt,Unknown,Unknown,NAS,Master of Malt / TWE / Whiskybase,,,[],0.0,0.0,0.0,0.0,0.0,none,none,manual_review,unknown_distillery|zero_flavor_vector
W000545,glenlivet cipher,The Glenlivet,Malt,Unknown,Unknown,NAS,Master of Malt / TWE / Whiskybase,,,[],0.0,0.0,0.0,0.0,0.0,none,none,manual_review,zero_flavor_vector
W000546,glenlivet 18yo,The Glenlivet,Malt,Unknown,Unknown,18yo,Master of Malt / TWE / Whiskybase,,,[],0.0,0.0,0.0,0.0,0.0,none,none,manual_review,zero_flavor_vector
W000547,old pulteney 18yo,Unknown,Malt,Unknown,Unknown,18yo,Master of Malt / TWE / Whiskybase,,,[],0.0,0.0,0.0,0.0,0.0,none,none,manual_review,unknown_distillery|zero_flavor_vector
W000550,mortlach 12yo,Unknown,Malt,Unknown,Unknown,12yo,Master of Malt / TWE / Whiskybase,,,[],0.0,0.0,0.0,0.0,0.0,none,none,manual_review,unknown_distillery|zero_flavor_vector
W000552,two brewers release 08 innovative,Unknown,Malt,Unknown,Unknown,NAS,Master of Malt / TWE / Whiskybase,,,[],0.0,0.0,0.0,0.0,0.0,none,none,manual_review,unknown_distillery|zero_flavor_vector
W000554,balvenie 14yo carribean cask,The Balvenie,Malt,Unknown,Unknown,14yo,Master of Malt / TWE / Whiskybase,,,[],0.0,0.0,0.0,0.0,0.0,none,none,manual_review,zero_flavor_vector
W000557,tyrconnell 10yo madeira cask finish,Unknown,Malt,Unknown,Unknown,10yo,Master of Malt / TWE / Whiskybase,,,[],0.0,0.0,0.0,0.0,0.0,none,none,manual_review,unknown_distillery|zero_flavor_vector
W000558,arran malt sauternes finish,Unknown,Malt,Unknown,Unknown,NAS,Master of Malt / TWE / Whiskybase,,,[],0.0,0.0,0.0,0.0,0.0,none,none,manual_review,unknown_distillery|zero_flavor_vector
W000560,nikka pure malt red,Unknown,Malt,Unknown,Unknown,NAS,Master of Malt / TWE / Whiskybase,,,[],0.0,0.0,0.0,0.0,0.0,none,none,manual_review,unknown_distillery|zero_flavor_vector
W000564,green spot,Unknown,Malt,Unknown,Unknown,NAS,original_production_data,https://www.whisky.com/whisky-database/details/W000564.html,Raw notes matched from historical dataset,"['bottle_name', 'bottle_name_clean', 'fruity', 'sweet', 'smoky']",4.0,8.0,0.0,0.0,1.0,high,exact,manual_review,unknown_distillery
W000565,singleton of glendullan 15yo,Unknown,Malt,Unknown,Unknown,15yo,Master of Malt / TWE / Whiskybase,,,[],0.0,0.0,0.0,0.0,0.0,none,none,manual_review,unknown_distillery|zero_flavor_vector
W000567,benromach organic,Unknown,Malt,Unknown,Unknown,NAS,Master of Malt / TWE / Whiskybase,,,[],0.0,0.0,0.0,0.0,0.0,none,none,manual_review,unknown_distillery|zero_flavor_vector
W000569,royal brackla 16yo,Unknown,Malt,Unknown,Unknown,16yo,Master of Malt / TWE / Whiskybase,,,[],0.0,0.0,0.0,0.0,0.0,none,none,manual_review,unknown_distillery|zero_flavor_vector
W000570,copperworks american single malt,Unknown,Malt,Unknown,Unknown,NAS,Master of Malt / TWE / Whiskybase,,,[],0.0,0.0,0.0,0.0,0.0,none,none,manual_review,unknown_distillery|zero_flavor_vector
W000574,kininvie 23yo (all batches),Unknown,Malt,Unknown,Unknown,23yo,Master of Malt / TWE / Whiskybase,,,[],0.0,0.0,0.0,0.0,0.0,none,none,manual_review,unknown_distillery|zero_flavor_vector
W000576,bruichladdich the organic 2003,Unknown,Malt,Unknown,Unknown,NAS,Master of Malt / TWE / Whiskybase,,,[],0.0,0.0,0.0,0.0,0.0,none,none,manual_review,unknown_distillery|zero_flavor_vector
W000578,paul john brilliance,Unknown,Malt,Unknown,Unknown,NAS,Master of Malt / TWE / Whiskybase,,,[],0.0,0.0,0.0,0.0,0.0,none,none,manual_review,unknown_distillery|zero_flavor_vector
W000579,macallan 21yo fine oak,The Macallan,Malt,Unknown,Unknown,21yo,Master of Malt / TWE / Whiskybase,,,[],0.0,0.0,0.0,0.0,0.0,none,none,manual_review,zero_flavor_vector
W000580,singleton of glendullan 18yo,Unknown,Malt,Unknown,Unknown,18yo,Master of Malt / TWE / Whiskybase,,,[],0.0,0.0,0.0,0.0,0.0,none,none,manual_review,unknown_distillery|zero_flavor_vector
W000581,bruichladdich black art 1989,Unknown,Malt,Unknown,Unknown,NAS,Master of Malt / TWE / Whiskybase,,,[],0.0,0.0,0.0,0.0,0.0,none,none,manual_review,unknown_distillery|zero_flavor_vector
W000582,macallan 15yo fine oak,The Macallan,Malt,Unknown,Unknown,15yo,Master of Malt / TWE / Whiskybase,,,[],0.0,0.0,0.0,0.0,0.0,none,none,manual_review,zero_flavor_vector
W000584,singleton of glen ord 15yo,Unknown,Malt,Unknown,Unknown,15yo,Master of Malt / TWE / Whiskybase,,,[],0.0,0.0,0.0,0.0,0.0,none,none,manual_review,unknown_distillery|zero_flavor_vector
W000586,bunnahabhain stiuireadair,Unknown,Malt,Unknown,Unknown,NAS,Master of Malt / TWE / Whiskybase,,,[],0.0,0.0,0.0,0.0,0.0,none,none,manual_review,unknown_distillery|zero_flavor_vector
W000588,glen elgin 12yo,Unknown,Malt,Unknown,Unknown,12yo,Master of Malt / TWE / Whiskybase,,,[],0.0,0.0,0.0,0.0,0.0,none,none,manual_review,unknown_distillery|zero_flavor_vector
W000589,mortlach rare old,Unknown,Malt,Unknown,Unknown,NAS,Master of Malt / TWE / Whiskybase,,,[],0.0,0.0,0.0,0.0,0.0,none,none,manual_review,unknown_distillery|zero_flavor_vector
W000590,tullamore dew 14yo single malt,Unknown,Malt,Unknown,Unknown,14yo,Master of Malt / TWE / Whiskybase,,,[],0.0,0.0,0.0,0.0,0.0,none,none,manual_review,unknown_distillery|zero_flavor_vector
W000591,balblair 16yo,Unknown,Malt,Unknown,Unknown,16yo,Master of Malt / TWE / Whiskybase,,,[],0.0,0.0,0.0,0.0,0.0,none,none,manual_review,unknown_distillery|zero_flavor_vector
W000592,glendronach 8yo the hielan,Unknown,Malt,Unknown,Unknown,8yo,Master of Malt / TWE / Whiskybase,,,[],0.0,0.0,0.0,0.0,0.0,none,none,manual_review,unknown_distillery|zero_flavor_vector
W000594,nikka taketsuru 12yo,Unknown,Malt,Unknown,Unknown,12yo,Master of Malt / TWE / Whiskybase,,,[],0.0,0.0,0.0,0.0,0.0,none,none,manual_review,unknown_distillery|zero_flavor_vector
W000596,tullibardine 25yo,Unknown,Malt,Unknown,Unknown,25yo,Master of Malt / TWE / Whiskybase,,,[],0.0,0.0,0.0,0.0,0.0,none,none,manual_review,unknown_distillery|zero_flavor_vector
W000598,bunnahabhain darach ur,Unknown,Malt,Unknown,Unknown,NAS,Master of Malt / TWE / Whiskybase,,,[],0.0,0.0,0.0,0.0,0.0,none,none,manual_review,unknown_distillery|zero_flavor_vector
W000599,bunnahabhain eirigh na greine,Unknown,Malt,Unknown,Unknown,NAS,Master of Malt / TWE / Whiskybase,,,[],0.0,0.0,0.0,0.0,0.0,none,none,manual_review,unknown_distillery|zero_flavor_vector
W000600,glenlivet captain's reserve,The Glenlivet,Malt,Unknown,Unknown,NAS,Master of Malt / TWE / Whiskybase,,,[],0.0,0.0,0.0,0.0,0.0,none,none,manual_review,zero_flavor_vector
W000601,nikka all malt,Unknown,Malt,Unknown,Unknown,NAS,Master of Malt / TWE / Whiskybase,,,[],0.0,0.0,0.0,0.0,0.0,none,none,manual_review,unknown_distillery|zero_flavor_vector
W000602,craigellachie 14yo,Unknown,Malt,Unknown,Unknown,14yo,Master of Malt / TWE / Whiskybase,,,[],0.0,0.0,0.0,0.0,0.0,none,none,manual_review,unknown_distillery|zero_flavor_vector
W000603,knappogue castle 14yo twin wood,Unknown,Malt,Unknown,Unknown,14yo,Master of Malt / TWE / Whiskybase,,,[],0.0,0.0,0.0,0.0,0.0,none,none,manual_review,unknown_distillery|zero_flavor_vector
W000606,tomatin 15yo,Unknown,Malt,Unknown,Unknown,15yo,Master of Malt / TWE / Whiskybase,,,[],0.0,0.0,0.0,0.0,0.0,none,none,manual_review,unknown_distillery|zero_flavor_vector
W000608,dalmore 12yo,Unknown,Malt,Unknown,Unknown,12yo,Master of Malt / TWE / Whiskybase,,,[],0.0,0.0,0.0,0.0,0.0,none,none,manual_review,unknown_distillery|zero_flavor_vector
W000609,singleton of dufftown 18yo,Unknown,Malt,Unknown,Unknown,18yo,Master of Malt / TWE / Whiskybase,,,[],0.0,0.0,0.0,0.0,0.0,none,none,manual_review,unknown_distillery|zero_flavor_vector
W000610,benriach 12yo horizons,Unknown,Malt,Unknown,Unknown,12yo,Master of Malt / TWE / Whiskybase,,,[],0.0,0.0,0.0,0.0,0.0,none,none,manual_review,unknown_distillery|zero_flavor_vector
W000612,old pulteney 12yo,Unknown,Malt,Unknown,Unknown,12yo,Master of Malt / TWE / Whiskybase,,,[],0.0,0.0,0.0,0.0,0.0,none,none,manual_review,unknown_distillery|zero_flavor_vector
W000613,glenrothes vintage reserve (nas),Unknown,Malt,Unknown,Unknown,NAS,Master of Malt / TWE / Whiskybase,,,[],0.0,0.0,0.0,0.0,0.0,none,none,manual_review,unknown_distillery|zero_flavor_vector
W000615,matsui sakura cask,Unknown,Malt,Unknown,Unknown,NAS,Master of Malt / TWE / Whiskybase,,,[],0.0,0.0,0.0,0.0,0.0,none,none,manual_review,unknown_distillery|zero_flavor_vector
W000616,old pulteney navigator,Unknown,Malt,Unknown,Unknown,NAS,Master of Malt / TWE / Whiskybase,,,[],0.0,0.0,0.0,0.0,0.0,none,none,manual_review,unknown_distillery|zero_flavor_vector
W000617,scapa 16yo,Unknown,Malt,Unknown,Unknown,16yo,Master of Malt / TWE / Whiskybase,,,[],0.0,0.0,0.0,0.0,0.0,none,none,manual_review,unknown_distillery|zero_flavor_vector
W000618,cragganmore 12yo,Unknown,Malt,Unknown,Unknown,12yo,Master of Malt / TWE / Whiskybase,,,[],0.0,0.0,0.0,0.0,0.0,none,none,manual_review,unknown_distillery|zero_flavor_vector
W000620,singleton of dufftown 15yo,Unknown,Malt,Unknown,Unknown,15yo,Master of Malt / TWE / Whiskybase,,,[],0.0,0.0,0.0,0.0,0.0,none,none,manual_review,unknown_distillery|zero_flavor_vector
W000621,singleton of glen ord 12yo,Unknown,Malt,Unknown,Unknown,12yo,Master of Malt / TWE / Whiskybase,,,[],0.0,0.0,0.0,0.0,0.0,none,none,manual_review,unknown_distillery|zero_flavor_vector
W000623,tullibardine 225 sauternes finish,Unknown,Malt,Unknown,Unknown,NAS,Master of Malt / TWE / Whiskybase,,,[],0.0,0.0,0.0,0.0,0.0,none,none,manual_review,unknown_distillery|zero_flavor_vector
W000624,royal brackla 12yo,Unknown,Malt,Unknown,Unknown,12yo,Master of Malt / TWE / Whiskybase,,,[],0.0,0.0,0.0,0.0,0.0,none,none,manual_review,unknown_distillery|zero_flavor_vector
W000625,teaninich 10yo (f&f),Unknown,Malt,Unknown,Unknown,10yo,Master of Malt / TWE / Whiskybase,,,[],0.0,0.0,0.0,0.0,0.0,none,none,manual_review,unknown_distillery|zero_flavor_vector
W000627,wemyss malts smooth gentleman,Unknown,Malt,Unknown,Unknown,NAS,Master of Malt / TWE / Whiskybase,,,[],0.0,0.0,0.0,0.0,0.0,none,none,manual_review,unknown_distillery|zero_flavor_vector
W000628,deveron 12yo,Unknown,Malt,Unknown,Unknown,12yo,Master of Malt / TWE / Whiskybase,,,[],0.0,0.0,0.0,0.0,0.0,none,none,manual_review,unknown_distillery|zero_flavor_vector
W000629,macallan 10yo fine oak,The Macallan,Malt,Unknown,Unknown,10yo,Master of Malt / TWE / Whiskybase,,,[],0.0,0.0,0.0,0.0,0.0,none,none,manual_review,zero_flavor_vector
W000632,deveron 18yo,Unknown,Malt,Unknown,Unknown,18yo,Master of Malt / TWE / Whiskybase,,,[],0.0,0.0,0.0,0.0,0.0,none,none,manual_review,unknown_distillery|zero_flavor_vector
W000633,edradour 10yo,Unknown,Malt,Unknown,Unknown,10yo,Master of Malt / TWE / Whiskybase,,,[],0.0,0.0,0.0,0.0,0.0,none,none,manual_review,unknown_distillery|zero_flavor_vector
W000635,tobermory 10yo,Unknown,Malt,Unknown,Unknown,10yo,Master of Malt / TWE / Whiskybase,,,[],0.0,0.0,0.0,0.0,0.0,none,none,manual_review,unknown_distillery|zero_flavor_vector
W000636,glenrothes elders' reserve,Unknown,Malt,Unknown,Unknown,NAS,Master of Malt / TWE / Whiskybase,,,[],0.0,0.0,0.0,0.0,0.0,none,none,manual_review,unknown_distillery|zero_flavor_vector
W000637,scallywag,Unknown,Malt,Unknown,Unknown,NAS,Master of Malt / TWE / Whiskybase,,,[],0.0,0.0,0.0,0.0,0.0,none,none,manual_review,unknown_distillery|zero_flavor_vector
W000638,stalk & barrel single malt (all casks),Unknown,Malt,Unknown,Unknown,NAS,Master of Malt / TWE / Whiskybase,,,[],0.0,0.0,0.0,0.0,0.0,none,none,manual_review,unknown_distillery|zero_flavor_vector
W000639,strathisla 12yo,Unknown,Malt,Unknown,Unknown,12yo,Master of Malt / TWE / Whiskybase,,,[],0.0,0.0,0.0,0.0,0.0,none,none,manual_review,unknown_distillery|zero_flavor_vector
W000640,bruichladdich sherry classic,Unknown,Malt,Unknown,Unknown,NAS,Master of Malt / TWE / Whiskybase,,,[],0.0,0.0,0.0,0.0,0.0,none,none,manual_review,unknown_distillery|zero_flavor_vector
W000641,glencadam origin 1825 (nas),Unknown,Malt,Unknown,Unknown,NAS,Master of Malt / TWE / Whiskybase,,,[],0.0,0.0,0.0,0.0,0.0,none,none,manual_review,unknown_distillery|zero_flavor_vector
W000642,glen breton 21yo,Unknown,Malt,Unknown,Unknown,21yo,Master of Malt / TWE / Whiskybase,,,[],0.0,0.0,0.0,0.0,0.0,none,none,manual_review,unknown_distillery|zero_flavor_vector
W000644,glenrothes 12yo,Unknown,Malt,Unknown,Unknown,12yo,Master of Malt / TWE / Whiskybase,,,[],0.0,0.0,0.0,0.0,0.0,none,none,manual_review,unknown_distillery|zero_flavor_vector
W000645,tomintoul 12yo oloroso sherry,Unknown,Malt,Unknown,Unknown,12yo,Master of Malt / TWE / Whiskybase,,,[],0.0,0.0,0.0,0.0,0.0,none,none,manual_review,unknown_distillery|zero_flavor_vector
W000646,auchroisk 10yo (f&f),Unknown,Malt,Unknown,Unknown,10yo,Master of Malt / TWE / Whiskybase,,,[],0.0,0.0,0.0,0.0,0.0,none,none,manual_review,unknown_distillery|zero_flavor_vector
W000648,arran malt robert burns single malt,Unknown,Malt,Unknown,Unknown,NAS,Master of Malt / TWE / Whiskybase,,,[],0.0,0.0,0.0,0.0,0.0,none,none,manual_review,unknown_distillery|zero_flavor_vector
W000649,the irishman single malt (nas),Unknown,Malt,Unknown,Unknown,NAS,Master of Malt / TWE / Whiskybase,,,[],0.0,0.0,0.0,0.0,0.0,none,none,manual_review,unknown_distillery|zero_flavor_vector
W000650,tullibardine 1993 sauternes,Unknown,Malt,Unknown,Unknown,NAS,Master of Malt / TWE / Whiskybase,,,[],0.0,0.0,0.0,0.0,0.0,none,none,manual_review,unknown_distillery|zero_flavor_vector
W000651,aberfeldy 12yo,Unknown,Malt,Unknown,Unknown,12yo,Master of Malt / TWE / Whiskybase,,,[],0.0,0.0,0.0,0.0,0.0,none,none,manual_review,unknown_distillery|zero_flavor_vector
W000652,glenrothes manse reserve,Unknown,Malt,Unknown,Unknown,NAS,Master of Malt / TWE / Whiskybase,,,[],0.0,0.0,0.0,0.0,0.0,none,none,manual_review,unknown_distillery|zero_flavor_vector
W000653,glenrothes vintage 2001 (all bottlings),Unknown,Malt,Unknown,Unknown,NAS,Master of Malt / TWE / Whiskybase,,,[],0.0,0.0,0.0,0.0,0.0,none,none,manual_review,unknown_distillery|zero_flavor_vector
W000654,benriach 15yo sauternes finish,Unknown,Malt,Unknown,Unknown,15yo,Master of Malt / TWE / Whiskybase,,,[],0.0,0.0,0.0,0.0,0.0,none,none,manual_review,unknown_distillery|zero_flavor_vector
W000655,glenburgie 10yo (gordon & macphail),Unknown,Malt,Unknown,Unknown,10yo,Master of Malt / TWE / Whiskybase,,,[],0.0,0.0,0.0,0.0,0.0,none,none,manual_review,unknown_distillery|zero_flavor_vector
W000657,tomatin 12yo,Unknown,Malt,Unknown,Unknown,12yo,Master of Malt / TWE / Whiskybase,,,[],0.0,0.0,0.0,0.0,0.0,none,none,manual_review,unknown_distillery|zero_flavor_vector
W000658,glen moray 10yo chardonnay cask,Unknown,Malt,Unknown,Unknown,10yo,Master of Malt / TWE / Whiskybase,,,[],0.0,0.0,0.0,0.0,0.0,none,none,manual_review,unknown_distillery|zero_flavor_vector
W000659,glen garioch virgin oak,Unknown,Malt,Unknown,Unknown,NAS,Master of Malt / TWE / Whiskybase,,,[],0.0,0.0,0.0,0.0,0.0,none,none,manual_review,unknown_distillery|zero_flavor_vector
W000660,glenlivet 12yo,The Glenlivet,Malt,Unknown,Unknown,12yo,Master of Malt / TWE / Whiskybase,,,[],0.0,0.0,0.0,0.0,0.0,none,none,manual_review,zero_flavor_vector
W000661,lohin mckinnon choclolate malt,Unknown,Malt,Unknown,Unknown,NAS,Master of Malt / TWE / Whiskybase,,,[],0.0,0.0,0.0,0.0,0.0,none,none,manual_review,unknown_distillery|zero_flavor_vector
W000662,two brewers release 05 innovative,Unknown,Malt,Unknown,Unknown,NAS,Master of Malt / TWE / Whiskybase,,,[],0.0,0.0,0.0,0.0,0.0,none,none,manual_review,unknown_distillery|zero_flavor_vector
W000663,miltonduff 10yo (f&f),Unknown,Malt,Unknown,Unknown,10yo,Master of Malt / TWE / Whiskybase,,,[],0.0,0.0,0.0,0.0,0.0,none,none,manual_review,unknown_distillery|zero_flavor_vector
W000664,singleton of dufftown unité,Unknown,Malt,Unknown,Unknown,NAS,Master of Malt / TWE / Whiskybase,,,[],0.0,0.0,0.0,0.0,0.0,none,none,manual_review,unknown_distillery|zero_flavor_vector
W000665,tullibardine 228 burgundy finish,Unknown,Malt,Unknown,Unknown,NAS,Master of Malt / TWE / Whiskybase,,,[],0.0,0.0,0.0,0.0,0.0,none,none,manual_review,unknown_distillery|zero_flavor_vector
W000666,dalmore valour,Unknown,Malt,Unknown,Unknown,NAS,Master of Malt / TWE / Whiskybase,,,[],0.0,0.0,0.0,0.0,0.0,none,none,manual_review,unknown_distillery|zero_flavor_vector
W000667,singleton of glendullan 12yo,Unknown,Malt,Unknown,Unknown,12yo,Master of Malt / TWE / Whiskybase,,,[],0.0,0.0,0.0,0.0,0.0,none,none,manual_review,unknown_distillery|zero_flavor_vector
W000668,tullamore dew 10yo single malt,Unknown,Malt,Unknown,Unknown,10yo,Master of Malt / TWE / Whiskybase,,,[],0.0,0.0,0.0,0.0,0.0,none,none,manual_review,unknown_distillery|zero_flavor_vector
W000669,glen deveron 10yo (macduff),Unknown,Malt,Unknown,Unknown,10yo,Master of Malt / TWE / Whiskybase,,,[],0.0,0.0,0.0,0.0,0.0,none,none,manual_review,unknown_distillery|zero_flavor_vector
W000670,millstone 8yo french oak,Unknown,Malt,Unknown,Unknown,8yo,Master of Malt / TWE / Whiskybase,,,[],0.0,0.0,0.0,0.0,0.0,none,none,manual_review,unknown_distillery|zero_flavor_vector
W000671,glenlivet founder's reserve,The Glenlivet,Malt,Unknown,Unknown,NAS,Master of Malt / TWE / Whiskybase,,,[],0.0,0.0,0.0,0.0,0.0,none,none,manual_review,zero_flavor_vector
W000672,singleton of dufftown 12yo,Unknown,Malt,Unknown,Unknown,12yo,Master of Malt / TWE / Whiskybase,,,[],0.0,0.0,0.0,0.0,0.0,none,none,manual_review,unknown_distillery|zero_flavor_vector
W000673,santis edition sigel,Unknown,Malt,Unknown,Unknown,NAS,Master of Malt / TWE / Whiskybase,,,[],0.0,0.0,0.0,0.0,0.0,none,none,manual_review,unknown_distillery|zero_flavor_vector
W000674,game of thrones house tully singleton glendullan select,Unknown,Malt,Unknown,Unknown,NAS,Master of Malt / TWE / Whiskybase,,,[],0.0,0.0,0.0,0.0,0.0,none,none,manual_review,unknown_distillery|zero_flavor_vector
W000675,scapa skiren,Unknown,Malt,Unknown,Unknown,NAS,Master of Malt / TWE / Whiskybase,,,[],0.0,0.0,0.0,0.0,0.0,none,none,manual_review,unknown_distillery|zero_flavor_vector
W000676,glen moray 12yo chenin blanc,Unknown,Malt,Unknown,Unknown,12yo,Master of Malt / TWE / Whiskybase,,,[],0.0,0.0,0.0,0.0,0.0,none,none,manual_review,unknown_distillery|zero_flavor_vector
W000679,singleton of glen ord signature,Unknown,Malt,Unknown,Unknown,NAS,Master of Malt / TWE / Whiskybase,,,[],0.0,0.0,0.0,0.0,0.0,none,none,manual_review,unknown_distillery|zero_flavor_vector
W000681,speyside 10yo,Unknown,Malt,Speyside,Unknown,10yo,Master of Malt / TWE / Whiskybase,,,[],0.0,0.0,0.0,0.0,0.0,none,none,manual_review,unknown_distillery|zero_flavor_vector
W000682,mars iwai tradition,Unknown,Blend,Unknown,Unknown,NAS,Master of Malt / TWE / Whiskybase,,,[],0.0,0.0,0.0,0.0,0.0,none,none,manual_review,unknown_distillery|zero_flavor_vector
W000684,glen moray 16yo chenin blanc,Unknown,Malt,Unknown,Unknown,16yo,Master of Malt / TWE / Whiskybase,,,[],0.0,0.0,0.0,0.0,0.0,none,none,manual_review,unknown_distillery|zero_flavor_vector
W000685,santis edition säntis,Unknown,Malt,Unknown,Unknown,NAS,Master of Malt / TWE / Whiskybase,,,[],0.0,0.0,0.0,0.0,0.0,none,none,manual_review,unknown_distillery|zero_flavor_vector
W000686,mcclelland's speyside single malt,Unknown,Malt,Speyside,Unknown,NAS,Master of Malt / TWE / Whiskybase,,,[],0.0,0.0,0.0,0.0,0.0,none,none,manual_review,unknown_distillery|zero_flavor_vector
W000692,highland park 17yo the light,Unknown,Malt,Highland,Unknown,17yo,Master of Malt / TWE / Whiskybase,,,[],0.0,0.0,0.0,0.0,0.0,none,none,manual_review,unknown_distillery|zero_flavor_vector
W000693,bruichladdich laddie twenty two 22yo,Unknown,Malt,Unknown,Unknown,22yo,Master of Malt / TWE / Whiskybase,,,[],0.0,0.0,0.0,0.0,0.0,none,none,manual_review,unknown_distillery|zero_flavor_vector
W000695,aultmore 21yo,Unknown,Malt,Unknown,Unknown,21yo,Master of Malt / TWE / Whiskybase,,,[],0.0,0.0,0.0,0.0,0.0,none,none,manual_review,unknown_distillery|zero_flavor_vector
W000696,mackinlay's shackleton rare old highland malt discovery edition,Unknown,Malt,Highland,Unknown,NAS,Master of Malt / TWE / Whiskybase,,,[],0.0,0.0,0.0,0.0,0.0,none,none,manual_review,unknown_distillery|zero_flavor_vector
W000701,old pulteney 21yo,Unknown,Malt,Unknown,Unknown,21yo,Master of Malt / TWE / Whiskybase,,,[],0.0,0.0,0.0,0.0,0.0,none,none,manual_review,unknown_distillery|zero_flavor_vector
W000702,two brewers release 26 classic,Unknown,Malt,Unknown,Unknown,NAS,Master of Malt / TWE / Whiskybase,,,[],0.0,0.0,0.0,0.0,0.0,none,none,manual_review,unknown_distillery|zero_flavor_vector
W000703,bruichladdich laddie ten 10yo (second edition),Unknown,Malt,Unknown,Unknown,10yo,Master of Malt / TWE / Whiskybase,,,[],0.0,0.0,0.0,0.0,0.0,none,none,manual_review,unknown_distillery|zero_flavor_vector
W000706,kilkerran 12yo,Unknown,Malt,Unknown,Unknown,12yo,Master of Malt / TWE / Whiskybase,,,[],0.0,0.0,0.0,0.0,0.0,none,none,manual_review,unknown_distillery|zero_flavor_vector
W000707,glencadam 21yo,Unknown,Malt,Unknown,Unknown,21yo,Master of Malt / TWE / Whiskybase,,,[],0.0,0.0,0.0,0.0,0.0,none,none,manual_review,unknown_distillery|zero_flavor_vector
W000708,benromach 5yo,Unknown,Malt,Unknown,Unknown,5yo,Master of Malt / TWE / Whiskybase,,,[],0.0,0.0,0.0,0.0,0.0,none,none,manual_review,unknown_distillery|zero_flavor_vector
W000709,bruichladdich laddie ten 10yo,Unknown,Malt,Unknown,Unknown,10yo,Master of Malt / TWE / Whiskybase,,,[],0.0,0.0,0.0,0.0,0.0,none,none,manual_review,unknown_distillery|zero_flavor_vector
W000711,glen breton ice 17yo,Unknown,Malt,Unknown,Unknown,17yo,Master of Malt / TWE / Whiskybase,,,[],0.0,0.0,0.0,0.0,0.0,none,none,manual_review,unknown_distillery|zero_flavor_vector
W000713,mackinlay's shackleton rare old highland malt (both limited editions),Unknown,Malt,Highland,Unknown,NAS,Master of Malt / TWE / Whiskybase,,,[],0.0,0.0,0.0,0.0,0.0,none,none,manual_review,unknown_distillery|zero_flavor_vector
W000715,arran malt orkney bere barley,Unknown,Malt,Unknown,Unknown,NAS,Master of Malt / TWE / Whiskybase,,,[],0.0,0.0,0.0,0.0,0.0,none,none,manual_review,unknown_distillery|zero_flavor_vector
W000716,macallan 17yo fine oak,The Macallan,Malt,Unknown,Unknown,17yo,Master of Malt / TWE / Whiskybase,,,[],0.0,0.0,0.0,0.0,0.0,none,none,manual_review,zero_flavor_vector
W000717,two brewers release 10 cask strength,Unknown,Malt,Unknown,Unknown,10 Year Old,Master of Malt / TWE / Whiskybase,,,[],0.0,0.0,0.0,0.0,0.0,none,none,manual_review,unknown_distillery|zero_flavor_vector
W000719,balvenie 15yo single barrel (cask),The Balvenie,Malt,Unknown,Unknown,15yo,Master of Malt / TWE / Whiskybase,,,[],0.0,0.0,0.0,0.0,0.0,none,none,manual_review,zero_flavor_vector
W000720,bruichladdich laddie sixteen 16yo,Unknown,Malt,Unknown,Unknown,16yo,Master of Malt / TWE / Whiskybase,,,[],0.0,0.0,0.0,0.0,0.0,none,none,manual_review,unknown_distillery|zero_flavor_vector
W000721,glencadam 30yo,Unknown,Malt,Unknown,Unknown,30yo,Master of Malt / TWE / Whiskybase,,,[],0.0,0.0,0.0,0.0,0.0,none,none,manual_review,unknown_distillery|zero_flavor_vector
W000724,kilkerran work in progress bourbon wood,Unknown,Malt,Unknown,Unknown,NAS,Master of Malt / TWE / Whiskybase,,,[],0.0,0.0,0.0,0.0,0.0,none,none,manual_review,unknown_distillery|zero_flavor_vector
W000725,two brewers cask strength (all releases),Unknown,Malt,Unknown,Unknown,NAS,Master of Malt / TWE / Whiskybase,,,[],0.0,0.0,0.0,0.0,0.0,none,none,manual_review,unknown_distillery|zero_flavor_vector
W000726,two brewers release 06 classic,Unknown,Malt,Unknown,Unknown,NAS,Master of Malt / TWE / Whiskybase,,,[],0.0,0.0,0.0,0.0,0.0,none,none,manual_review,unknown_distillery|zero_flavor_vector
W000728,bladnoch 19yo (cow label),Unknown,Malt,Unknown,Unknown,19yo,Master of Malt / TWE / Whiskybase,,,[],0.0,0.0,0.0,0.0,0.0,none,none,manual_review,unknown_distillery|zero_flavor_vector
W000729,ancnoc 16yo,Unknown,Malt,Unknown,Unknown,16yo,Master of Malt / TWE / Whiskybase,,,[],0.0,0.0,0.0,0.0,0.0,none,none,manual_review,unknown_distillery|zero_flavor_vector
W000732,aultmore 18yo,Unknown,Malt,Unknown,Unknown,18yo,Master of Malt / TWE / Whiskybase,,,[],0.0,0.0,0.0,0.0,0.0,none,none,manual_review,unknown_distillery|zero_flavor_vector
W000735,arran malt 14yo,Unknown,Malt,Unknown,Unknown,14yo,Master of Malt / TWE / Whiskybase,,,[],0.0,0.0,0.0,0.0,0.0,none,none,manual_review,unknown_distillery|zero_flavor_vector
W000736,stronachie 18yo,Unknown,Malt,Unknown,Unknown,18yo,Master of Malt / TWE / Whiskybase,,,[],0.0,0.0,0.0,0.0,0.0,none,none,manual_review,unknown_distillery|zero_flavor_vector
W000738,longrow 10yo,Unknown,Malt,Unknown,Unknown,10yo,Master of Malt / TWE / Whiskybase,,,[],0.0,0.0,0.0,0.0,0.0,none,none,manual_review,unknown_distillery|zero_flavor_vector
W000739,benriach cask strength,Unknown,Malt,Unknown,Unknown,NAS,Master of Malt / TWE / Whiskybase,,,[],0.0,0.0,0.0,0.0,0.0,none,none,manual_review,unknown_distillery|zero_flavor_vector
W000740,caol ila 15yo unpeated 2018,Unknown,Malt,Unknown,Unknown,15yo,Master of Malt / TWE / Whiskybase,,,[],0.0,0.0,0.0,0.0,0.0,none,none,manual_review,unknown_distillery|zero_flavor_vector
W000742,linkwood 12yo (f&f),Unknown,Malt,Unknown,Unknown,12yo,Master of Malt / TWE / Whiskybase,,,[],0.0,0.0,0.0,0.0,0.0,none,none,manual_review,unknown_distillery|zero_flavor_vector
W000744,arran malt 12yo cask strength (all editions),Unknown,Malt,Unknown,Unknown,12yo,Master of Malt / TWE / Whiskybase,,,[],0.0,0.0,0.0,0.0,0.0,none,none,manual_review,unknown_distillery|zero_flavor_vector
W000746,two brewers release 13 classic,Unknown,Malt,Unknown,Unknown,NAS,Master of Malt / TWE / Whiskybase,,,[],0.0,0.0,0.0,0.0,0.0,none,none,manual_review,unknown_distillery|zero_flavor_vector
W000747,hibiki 12yo,Unknown,Blend,Unknown,Unknown,12yo,Master of Malt / TWE / Whiskybase,,,[],0.0,0.0,0.0,0.0,0.0,none,none,manual_review,unknown_distillery|zero_flavor_vector
W000749,two brewers classic (all releases),Unknown,Malt,Unknown,Unknown,NAS,Master of Malt / TWE / Whiskybase,,,[],0.0,0.0,0.0,0.0,0.0,none,none,manual_review,unknown_distillery|zero_flavor_vector
W000750,mackinlay's shackleton rare old highland malt journey edition,Unknown,Malt,Highland,Unknown,NAS,Master of Malt / TWE / Whiskybase,,,[],0.0,0.0,0.0,0.0,0.0,none,none,manual_review,unknown_distillery|zero_flavor_vector
W000751,kilkerran work in progress,Unknown,Malt,Unknown,Unknown,NAS,Master of Malt / TWE / Whiskybase,,,[],0.0,0.0,0.0,0.0,0.0,none,none,manual_review,unknown_distillery|zero_flavor_vector
W000753,tullibardine 20yo,Unknown,Malt,Unknown,Unknown,20yo,Master of Malt / TWE / Whiskybase,,,[],0.0,0.0,0.0,0.0,0.0,none,none,manual_review,unknown_distillery|zero_flavor_vector
W000755,bruichladdich classic laddie scottish barley,Unknown,Malt,Unknown,Unknown,NAS,Master of Malt / TWE / Whiskybase,,,[],0.0,0.0,0.0,0.0,0.0,none,none,manual_review,unknown_distillery|zero_flavor_vector
W000756,mars maltage cosmo,Unknown,Malt,Unknown,Unknown,NAS,Master of Malt / TWE / Whiskybase,,,[],0.0,0.0,0.0,0.0,0.0,none,none,manual_review,unknown_distillery|zero_flavor_vector
W000757,arran malt 10yo,Unknown,Malt,Unknown,Unknown,10yo,Master of Malt / TWE / Whiskybase,,,[],0.0,0.0,0.0,0.0,0.0,none,none,manual_review,unknown_distillery|zero_flavor_vector
W000759,two brewers release 31 classic,Unknown,Malt,Unknown,Unknown,NAS,Master of Malt / TWE / Whiskybase,,,[],0.0,0.0,0.0,0.0,0.0,none,none,manual_review,unknown_distillery|zero_flavor_vector
W000761,two brewers release 16 classic,Unknown,Malt,Unknown,Unknown,16 Year Old,Master of Malt / TWE / Whiskybase,,,[],0.0,0.0,0.0,0.0,0.0,none,none,manual_review,unknown_distillery|zero_flavor_vector
W000762,glencadam 15yo,Unknown,Malt,Unknown,Unknown,15yo,Master of Malt / TWE / Whiskybase,,,[],0.0,0.0,0.0,0.0,0.0,none,none,manual_review,unknown_distillery|zero_flavor_vector
W000763,two brewers release 20 innovative,Unknown,Malt,Unknown,Unknown,NAS,Master of Malt / TWE / Whiskybase,,,[],0.0,0.0,0.0,0.0,0.0,none,none,manual_review,unknown_distillery|zero_flavor_vector
W000764,balblair 10yo,Unknown,Malt,Unknown,Unknown,10yo,Master of Malt / TWE / Whiskybase,,,[],0.0,0.0,0.0,0.0,0.0,none,none,manual_review,unknown_distillery|zero_flavor_vector
W000765,bladnoch 10yo (f&f),Unknown,Malt,Unknown,Unknown,10yo,Master of Malt / TWE / Whiskybase,,,[],0.0,0.0,0.0,0.0,0.0,none,none,manual_review,unknown_distillery|zero_flavor_vector
W000766,dalwhinnie 15yo,Unknown,Malt,Unknown,Unknown,15yo,Master of Malt / TWE / Whiskybase,,,[],0.0,0.0,0.0,0.0,0.0,none,none,manual_review,unknown_distillery|zero_flavor_vector
W000767,glendronach 14yo virgin oak,Unknown,Malt,Unknown,Unknown,14yo,Master of Malt / TWE / Whiskybase,,,[],0.0,0.0,0.0,0.0,0.0,none,none,manual_review,unknown_distillery|zero_flavor_vector
W000769,two brewers release 01 classic,Unknown,Malt,Unknown,Unknown,NAS,Master of Malt / TWE / Whiskybase,,,[],0.0,0.0,0.0,0.0,0.0,none,none,manual_review,unknown_distillery|zero_flavor_vector
W000770,ancnoc 12yo,Unknown,Malt,Unknown,Unknown,12yo,Master of Malt / TWE / Whiskybase,,,[],0.0,0.0,0.0,0.0,0.0,none,none,manual_review,unknown_distillery|zero_flavor_vector
W000772,timorous beastie 10yo,Unknown,Malt,Unknown,Unknown,10yo,Master of Malt / TWE / Whiskybase,,,[],0.0,0.0,0.0,0.0,0.0,none,none,manual_review,unknown_distillery|zero_flavor_vector
W000773,glen breton 15yo battle of the glen,Unknown,Malt,Unknown,Unknown,15yo,Master of Malt / TWE / Whiskybase,,,[],0.0,0.0,0.0,0.0,0.0,none,none,manual_review,unknown_distillery|zero_flavor_vector
W000774,ancnoc peter arkle (all releases),Unknown,Malt,Unknown,Unknown,NAS,Master of Malt / TWE / Whiskybase,,,[],0.0,0.0,0.0,0.0,0.0,none,none,manual_review,unknown_distillery|zero_flavor_vector
W000776,tomatin cu bocan virgin oak edition,Unknown,Malt,Unknown,Unknown,NAS,Master of Malt / TWE / Whiskybase,,,[],0.0,0.0,0.0,0.0,0.0,none,none,manual_review,unknown_distillery|zero_flavor_vector
W000780,matsui mizunara cask,Unknown,Malt,Unknown,Unknown,NAS,Master of Malt / TWE / Whiskybase,,,[],0.0,0.0,0.0,0.0,0.0,none,none,manual_review,unknown_distillery|zero_flavor_vector
W000781,old pulteney huddart,Unknown,Malt,Unknown,Unknown,NAS,Master of Malt / TWE / Whiskybase,,,[],0.0,0.0,0.0,0.0,0.0,none,none,manual_review,unknown_distillery|zero_flavor_vector
W000782,balblair 2000,Unknown,Malt,Unknown,Unknown,NAS,Master of Malt / TWE / Whiskybase,,,[],0.0,0.0,0.0,0.0,0.0,none,none,manual_review,unknown_distillery|zero_flavor_vector
W000787,benriach 10yo,Unknown,Malt,Unknown,Unknown,10yo,Master of Malt / TWE / Whiskybase,,,[],0.0,0.0,0.0,0.0,0.0,none,none,manual_review,unknown_distillery|zero_flavor_vector
W000788,game of thrones house stark dalwhinnie winter’s frost,Unknown,Malt,Unknown,Unknown,NAS,Master of Malt / TWE / Whiskybase,,,[],0.0,0.0,0.0,0.0,0.0,none,none,manual_review,unknown_distillery|zero_flavor_vector
W000789,inchgower 14yo (f&f),Unknown,Malt,Unknown,Unknown,14yo,Master of Malt / TWE / Whiskybase,,,[],0.0,0.0,0.0,0.0,0.0,none,none,manual_review,unknown_distillery|zero_flavor_vector
W000790,sheep dip blended malt,Unknown,Malt,Unknown,Unknown,NAS,Master of Malt / TWE / Whiskybase,,,[],0.0,0.0,0.0,0.0,0.0,none,none,manual_review,unknown_distillery|zero_flavor_vector
W000793,glencadam 10yo,Unknown,Malt,Unknown,Unknown,10yo,Master of Malt / TWE / Whiskybase,,,[],0.0,0.0,0.0,0.0,0.0,none,none,manual_review,unknown_distillery|zero_flavor_vector
W000794,macallan 12yo fine oak,The Macallan,Malt,Unknown,Unknown,12yo,Master of Malt / TWE / Whiskybase,,,[],0.0,0.0,0.0,0.0,0.0,none,none,manual_review,zero_flavor_vector
W000795,bruichladdich laddie classic (edition 01),Unknown,Malt,Unknown,Unknown,NAS,Master of Malt / TWE / Whiskybase,,,[],0.0,0.0,0.0,0.0,0.0,none,none,manual_review,unknown_distillery|zero_flavor_vector
W000796,few single malt,Unknown,Malt,Unknown,Unknown,NAS,Master of Malt / TWE / Whiskybase,,,[],0.0,0.0,0.0,0.0,0.0,none,none,manual_review,unknown_distillery|zero_flavor_vector
W000800,craigellachie 13yo,Unknown,Malt,Unknown,Unknown,13yo,Master of Malt / TWE / Whiskybase,,,[],0.0,0.0,0.0,0.0,0.0,none,none,manual_review,unknown_distillery|zero_flavor_vector
W000801,knappogue castle 12yo,Unknown,Malt,Unknown,Unknown,12yo,Master of Malt / TWE / Whiskybase,,,[],0.0,0.0,0.0,0.0,0.0,none,none,manual_review,unknown_distillery|zero_flavor_vector
W000803,benriach 12yo,Unknown,Malt,Unknown,Unknown,12yo,Master of Malt / TWE / Whiskybase,,,[],0.0,0.0,0.0,0.0,0.0,none,none,manual_review,unknown_distillery|zero_flavor_vector
W000805,nikka taketsuru nas,Unknown,Malt,Unknown,Unknown,NAS,Master of Malt / TWE / Whiskybase,,,[],0.0,0.0,0.0,0.0,0.0,none,none,manual_review,unknown_distillery|zero_flavor_vector
W000806,stronachie 10yo,Unknown,Malt,Unknown,Unknown,10yo,Master of Malt / TWE / Whiskybase,,,[],0.0,0.0,0.0,0.0,0.0,none,none,manual_review,unknown_distillery|zero_flavor_vector
W000807,aultmore 12yo,Unknown,Malt,Unknown,Unknown,12yo,Master of Malt / TWE / Whiskybase,,,[],0.0,0.0,0.0,0.0,0.0,none,none,manual_review,unknown_distillery|zero_flavor_vector
W000809,bruichladdich laddie eight 8yo,Unknown,Malt,Unknown,Unknown,8yo,Master of Malt / TWE / Whiskybase,,,[],0.0,0.0,0.0,0.0,0.0,none,none,manual_review,unknown_distillery|zero_flavor_vector
W000810,wemyss malts the hive,Unknown,Malt,Unknown,Unknown,NAS,Master of Malt / TWE / Whiskybase,,,[],0.0,0.0,0.0,0.0,0.0,none,none,manual_review,unknown_distillery|zero_flavor_vector
W000811,strathmill 12yo,Unknown,Malt,Unknown,Unknown,12yo,Master of Malt / TWE / Whiskybase,,,[],0.0,0.0,0.0,0.0,0.0,none,none,manual_review,unknown_distillery|zero_flavor_vector
W000812,tomintoul 25yo,Unknown,Malt,Unknown,Unknown,25yo,Master of Malt / TWE / Whiskybase,,,[],0.0,0.0,0.0,0.0,0.0,none,none,manual_review,unknown_distillery|zero_flavor_vector
W000813,glenkinchie distiller's edition (all editions),Unknown,Malt,Unknown,Unknown,NAS,Master of Malt / TWE / Whiskybase,,,[],0.0,0.0,0.0,0.0,0.0,none,none,manual_review,unknown_distillery|zero_flavor_vector
W000816,hazelburn 8yo (springbank),Unknown,Malt,Unknown,Unknown,8yo,Master of Malt / TWE / Whiskybase,,,[],0.0,0.0,0.0,0.0,0.0,none,none,manual_review,unknown_distillery|zero_flavor_vector
W000817,hibiki harmony,Unknown,Blend,Unknown,Unknown,NAS,Master of Malt / TWE / Whiskybase,,,[],0.0,0.0,0.0,0.0,0.0,none,none,manual_review,unknown_distillery|zero_flavor_vector
W000818,ichiro's malt mizunara wood reserve (mwr),Unknown,Malt,Unknown,Unknown,NAS,Master of Malt / TWE / Whiskybase,,,[],0.0,0.0,0.0,0.0,0.0,none,none,manual_review,unknown_distillery|zero_flavor_vector
W000819,tomatin cask strength,Unknown,Malt,Unknown,Unknown,NAS,Master of Malt / TWE / Whiskybase,,,[],0.0,0.0,0.0,0.0,0.0,none,none,manual_review,unknown_distillery|zero_flavor_vector
W000821,glenglassaugh octaves classic,Unknown,Malt,Unknown,Unknown,NAS,Master of Malt / TWE / Whiskybase,,,[],0.0,0.0,0.0,0.0,0.0,none,none,manual_review,unknown_distillery|zero_flavor_vector
W000826,mannochmore 12yo (f&f),Unknown,Malt,Unknown,Unknown,12yo,Master of Malt / TWE / Whiskybase,,,[],0.0,0.0,0.0,0.0,0.0,none,none,manual_review,unknown_distillery|zero_flavor_vector
W000827,tamdhu 10yo,Unknown,Malt,Unknown,Unknown,10yo,Master of Malt / TWE / Whiskybase,,,[],0.0,0.0,0.0,0.0,0.0,none,none,manual_review,unknown_distillery|zero_flavor_vector
W000828,benriach 20yo,Unknown,Malt,Unknown,Unknown,20yo,Master of Malt / TWE / Whiskybase,,,[],0.0,0.0,0.0,0.0,0.0,none,none,manual_review,unknown_distillery|zero_flavor_vector
W000830,tomintoul 16yo,Unknown,Malt,Unknown,Unknown,16yo,Master of Malt / TWE / Whiskybase,,,[],0.0,0.0,0.0,0.0,0.0,none,none,manual_review,unknown_distillery|zero_flavor_vector
W000831,wolfburn (nas),Unknown,Malt,Unknown,Unknown,NAS,Master of Malt / TWE / Whiskybase,,,[],0.0,0.0,0.0,0.0,0.0,none,none,manual_review,unknown_distillery|zero_flavor_vector
W000832,deveron 10yo,Unknown,Malt,Unknown,Unknown,10yo,Master of Malt / TWE / Whiskybase,,,[],0.0,0.0,0.0,0.0,0.0,none,none,manual_review,unknown_distillery|zero_flavor_vector
W000834,arran malt lochranza reserve,Unknown,Malt,Unknown,Unknown,NAS,Master of Malt / TWE / Whiskybase,,,[],0.0,0.0,0.0,0.0,0.0,none,none,manual_review,unknown_distillery|zero_flavor_vector
W000836,hibiki harmony master's select,Unknown,Blend,Unknown,Unknown,NAS,Master of Malt / TWE / Whiskybase,,,[],0.0,0.0,0.0,0.0,0.0,none,none,manual_review,unknown_distillery|zero_flavor_vector
W000838,highland park svein,Unknown,Malt,Highland,Unknown,NAS,Master of Malt / TWE / Whiskybase,,,[],0.0,0.0,0.0,0.0,0.0,none,none,manual_review,unknown_distillery|zero_flavor_vector
W000839,mackinlay's shackleton blended malt,Unknown,Malt,Unknown,Unknown,NAS,Master of Malt / TWE / Whiskybase,,,[],0.0,0.0,0.0,0.0,0.0,none,none,manual_review,unknown_distillery|zero_flavor_vector
W000840,tullibardine vintage 1993,Unknown,Malt,Unknown,Unknown,NAS,Master of Malt / TWE / Whiskybase,,,[],0.0,0.0,0.0,0.0,0.0,none,none,manual_review,unknown_distillery|zero_flavor_vector
W000841,glen breton ice 12yo,Unknown,Malt,Unknown,Unknown,12yo,Master of Malt / TWE / Whiskybase,,,[],0.0,0.0,0.0,0.0,0.0,none,none,manual_review,unknown_distillery|zero_flavor_vector
W000843,balblair 12yo,Unknown,Malt,Unknown,Unknown,12yo,Master of Malt / TWE / Whiskybase,,,[],0.0,0.0,0.0,0.0,0.0,none,none,manual_review,unknown_distillery|zero_flavor_vector
W000845,bladnoch 1993-2009 (g&m),Unknown,Malt,Unknown,Unknown,NAS,Master of Malt / TWE / Whiskybase,,,[],0.0,0.0,0.0,0.0,0.0,none,none,manual_review,unknown_distillery|zero_flavor_vector
W000846,bladnoch vintage 1992-2007 (signatory),Unknown,Malt,Unknown,Unknown,NAS,Master of Malt / TWE / Whiskybase,,,[],0.0,0.0,0.0,0.0,0.0,none,none,manual_review,unknown_distillery|zero_flavor_vector
W000847,glen breton ice 10yo,Unknown,Malt,Unknown,Unknown,10yo,Master of Malt / TWE / Whiskybase,,,[],0.0,0.0,0.0,0.0,0.0,none,none,manual_review,unknown_distillery|zero_flavor_vector
W000849,white oak akashi 5yo,Unknown,Malt,Unknown,Unknown,5yo,Master of Malt / TWE / Whiskybase,,,[],0.0,0.0,0.0,0.0,0.0,none,none,manual_review,unknown_distillery|zero_flavor_vector
W000850,glenkinchie 12yo,Unknown,Malt,Unknown,Unknown,12yo,Master of Malt / TWE / Whiskybase,,,[],0.0,0.0,0.0,0.0,0.0,none,none,manual_review,unknown_distillery|zero_flavor_vector
W000851,highland park harald,Unknown,Malt,Highland,Unknown,NAS,Master of Malt / TWE / Whiskybase,,,[],0.0,0.0,0.0,0.0,0.0,none,none,manual_review,unknown_distillery|zero_flavor_vector
W000852,glenrothes alba reserve,Unknown,Malt,Unknown,Unknown,NAS,Master of Malt / TWE / Whiskybase,,,[],0.0,0.0,0.0,0.0,0.0,none,none,manual_review,unknown_distillery|zero_flavor_vector
W000854,tomatin legacy,Unknown,Malt,Unknown,Unknown,NAS,Master of Malt / TWE / Whiskybase,,,[],0.0,0.0,0.0,0.0,0.0,none,none,manual_review,unknown_distillery|zero_flavor_vector
W000855,glenlossie 10yo (f&f),Unknown,Malt,Unknown,Unknown,10yo,Master of Malt / TWE / Whiskybase,,,[],0.0,0.0,0.0,0.0,0.0,none,none,manual_review,unknown_distillery|zero_flavor_vector
W000856,stronachie 12yo,Unknown,Malt,Unknown,Unknown,12yo,Master of Malt / TWE / Whiskybase,,,[],0.0,0.0,0.0,0.0,0.0,none,none,manual_review,unknown_distillery|zero_flavor_vector
W000861,glenglassaugh evolution,Unknown,Malt,Unknown,Unknown,NAS,Master of Malt / TWE / Whiskybase,,,[],0.0,0.0,0.0,0.0,0.0,none,none,manual_review,unknown_distillery|zero_flavor_vector
W000862,glenrothes bourbon cask reserve,Unknown,Malt,Unknown,Unknown,NAS,Master of Malt / TWE / Whiskybase,,,[],0.0,0.0,0.0,0.0,0.0,none,none,manual_review,unknown_distillery|zero_flavor_vector
W000863,macallan gold,The Macallan,Malt,Unknown,Unknown,NAS,original_production_data,https://www.whisky.com/whisky-database/details/W000863.html,Raw notes matched from historical dataset,"['bottle_name', 'bottle_name_clean', 'fruity', 'sweet', 'smoky']",0.0,1.0,0.0,1.0,0.0,high,exact,auto_candidate,ok
W000864,nikka gold & gold,Unknown,Malt,Unknown,Unknown,NAS,Master of Malt / TWE / Whiskybase,,,[],0.0,0.0,0.0,0.0,0.0,none,none,manual_review,unknown_distillery|zero_flavor_vector
W000865,the quiet man 8yo single malt,Unknown,Malt,Unknown,Unknown,8yo,Master of Malt / TWE / Whiskybase,,,[],0.0,0.0,0.0,0.0,0.0,none,none,manual_review,unknown_distillery|zero_flavor_vector
W000868,cardhu amber rock,Unknown,Malt,Unknown,Unknown,NAS,Master of Malt / TWE / Whiskybase,,,[],0.0,0.0,0.0,0.0,0.0,none,none,manual_review,unknown_distillery|zero_flavor_vector
W000869,knappogue castle vintage,Unknown,Malt,Unknown,Unknown,NAS,Master of Malt / TWE / Whiskybase,,,[],0.0,0.0,0.0,0.0,0.0,none,none,manual_review,unknown_distillery|zero_flavor_vector
W000871,tormore 14yo,Unknown,Malt,Unknown,Unknown,14yo,Master of Malt / TWE / Whiskybase,,,[],0.0,0.0,0.0,0.0,0.0,none,none,manual_review,unknown_distillery|zero_flavor_vector
W000873,glen spey 12yo (f&f),Unknown,Malt,Unknown,Unknown,12yo,Master of Malt / TWE / Whiskybase,,,[],0.0,0.0,0.0,0.0,0.0,none,none,manual_review,unknown_distillery|zero_flavor_vector
W000874,speyburn 10yo,Unknown,Malt,Unknown,Unknown,10yo,Master of Malt / TWE / Whiskybase,,,[],0.0,0.0,0.0,0.0,0.0,none,none,manual_review,unknown_distillery|zero_flavor_vector
W000875,cardhu 12yo,Unknown,Malt,Unknown,Unknown,12yo,Master of Malt / TWE / Whiskybase,,,[],0.0,0.0,0.0,0.0,0.0,none,none,manual_review,unknown_distillery|zero_flavor_vector
W000876,game of thrones house targaryen cardhu gold reserve,Unknown,Malt,Unknown,Unknown,NAS,Master of Malt / TWE / Whiskybase,,,[],0.0,0.0,0.0,0.0,0.0,none,none,manual_review,unknown_distillery|zero_flavor_vector
W000877,glenturret 10yo,Unknown,Malt,Unknown,Unknown,10yo,Master of Malt / TWE / Whiskybase,,,[],0.0,0.0,0.0,0.0,0.0,none,none,manual_review,unknown_distillery|zero_flavor_vector
W000878,pig's nose 5yo blended malt,Unknown,Malt,Unknown,Unknown,5yo,Master of Malt / TWE / Whiskybase,,,[],0.0,0.0,0.0,0.0,0.0,none,none,manual_review,unknown_distillery|zero_flavor_vector
W000879,tullibardine aged oak edition,Unknown,Malt,Unknown,Unknown,NAS,Master of Malt / TWE / Whiskybase,,,[],0.0,0.0,0.0,0.0,0.0,none,none,manual_review,unknown_distillery|zero_flavor_vector
W000880,glen moray 12yo,Unknown,Malt,Unknown,Unknown,12yo,Master of Malt / TWE / Whiskybase,,,[],0.0,0.0,0.0,0.0,0.0,none,none,manual_review,unknown_distillery|zero_flavor_vector
W000881,tomatin cu bocan,Unknown,Malt,Unknown,Unknown,NAS,Master of Malt / TWE / Whiskybase,,,[],0.0,0.0,0.0,0.0,0.0,none,none,manual_review,unknown_distillery|zero_flavor_vector
W000882,glenrothes 10yo,Unknown,Malt,Unknown,Unknown,10yo,Master of Malt / TWE / Whiskybase,,,[],0.0,0.0,0.0,0.0,0.0,none,none,manual_review,unknown_distillery|zero_flavor_vector
W000883,bladnoch 16yo (signatory),Unknown,Malt,Unknown,Unknown,16yo,Master of Malt / TWE / Whiskybase,,,[],0.0,0.0,0.0,0.0,0.0,none,none,manual_review,unknown_distillery|zero_flavor_vector
W000884,glen breton 10yo rare,Unknown,Malt,Unknown,Unknown,10yo,Master of Malt / TWE / Whiskybase,,,[],0.0,0.0,0.0,0.0,0.0,none,none,manual_review,unknown_distillery|zero_flavor_vector
W000885,lohin mckinnon single malt,Unknown,Malt,Unknown,Unknown,NAS,Master of Malt / TWE / Whiskybase,,,[],0.0,0.0,0.0,0.0,0.0,none,none,manual_review,unknown_distillery|zero_flavor_vector
W000887,tormore 12yo,Unknown,Malt,Unknown,Unknown,12yo,Master of Malt / TWE / Whiskybase,,,[],0.0,0.0,0.0,0.0,0.0,none,none,manual_review,unknown_distillery|zero_flavor_vector
W000888,white oak akashi single malt (nas),Unknown,Malt,Unknown,Unknown,NAS,Master of Malt / TWE / Whiskybase,,,[],0.0,0.0,0.0,0.0,0.0,none,none,manual_review,unknown_distillery|zero_flavor_vector
W000890,glen moray classic,Unknown,Malt,Unknown,Unknown,NAS,Master of Malt / TWE / Whiskybase,,,[],0.0,0.0,0.0,0.0,0.0,none,none,manual_review,unknown_distillery|zero_flavor_vector
W000891,knockando 12yo (all vintages),Unknown,Malt,Unknown,Unknown,12yo,Master of Malt / TWE / Whiskybase,,,[],0.0,0.0,0.0,0.0,0.0,none,none,manual_review,unknown_distillery|zero_flavor_vector
W000893,tomintoul 10yo,Unknown,Malt,Unknown,Unknown,10yo,Master of Malt / TWE / Whiskybase,,,[],0.0,0.0,0.0,0.0,0.0,none,none,manual_review,unknown_distillery|zero_flavor_vector
W000894,speyside 12yo,Unknown,Malt,Speyside,Unknown,12yo,Master of Malt / TWE / Whiskybase,,,[],0.0,0.0,0.0,0.0,0.0,none,none,manual_review,unknown_distillery|zero_flavor_vector
W000896,benriach heart of speyside,Unknown,Malt,Speyside,Unknown,NAS,Master of Malt / TWE / Whiskybase,,,[],0.0,0.0,0.0,0.0,0.0,none,none,manual_review,unknown_distillery|zero_flavor_vector
W000897,kirin 18yo (fuji sanroku),Unknown,Malt,Unknown,Unknown,18yo,Master of Malt / TWE / Whiskybase,,,[],0.0,0.0,0.0,0.0,0.0,none,none,manual_review,unknown_distillery|zero_flavor_vector
W000898,macallan gold double cask,The Macallan,Malt,Unknown,Unknown,NAS,Master of Malt / TWE / Whiskybase,,,[],0.0,0.0,0.0,0.0,0.0,none,none,manual_review,zero_flavor_vector
W000900,loch lomond nas,Unknown,Malt,Unknown,Unknown,NAS,Master of Malt / TWE / Whiskybase,,,[],0.0,0.0,0.0,0.0,0.0,none,none,manual_review,unknown_distillery|zero_flavor_vector
W000902,glen breton 14yo,Unknown,Malt,Unknown,Unknown,14yo,Master of Malt / TWE / Whiskybase,,,[],0.0,0.0,0.0,0.0,0.0,none,none,manual_review,unknown_distillery|zero_flavor_vector
W000903,tullibardine sovereign,Unknown,Malt,Unknown,Unknown,NAS,Master of Malt / TWE / Whiskybase,,,[],0.0,0.0,0.0,0.0,0.0,none,none,manual_review,unknown_distillery|zero_flavor_vector
W000906,mcclelland's lowland single malt,Unknown,Malt,Lowland,Unknown,NAS,Master of Malt / TWE / Whiskybase,,,[],0.0,0.0,0.0,0.0,0.0,none,none,manual_review,unknown_distillery|zero_flavor_vector
W000907,port ellen 2nd release 24yo 59.35%,Unknown,Malt,Unknown,Unknown,24yo,Master of Malt / TWE / Whiskybase,,,[],0.0,0.0,0.0,0.0,0.0,none,none,manual_review,unknown_distillery|zero_flavor_vector
W000908,port ellen 9th release 30yo,Unknown,Malt,Unknown,Unknown,30yo,Master of Malt / TWE / Whiskybase,,,[],0.0,0.0,0.0,0.0,0.0,none,none,manual_review,unknown_distillery|zero_flavor_vector
W000909,caol ila 35yo,Unknown,Malt,Unknown,Unknown,35yo,Master of Malt / TWE / Whiskybase,,,[],0.0,0.0,0.0,0.0,0.0,none,none,manual_review,unknown_distillery|zero_flavor_vector
W000910,port ellen 14th release 35yo,Unknown,Malt,Unknown,Unknown,35yo,Master of Malt / TWE / Whiskybase,,,[],0.0,0.0,0.0,0.0,0.0,none,none,manual_review,unknown_distillery|zero_flavor_vector
W000911,port ellen 10th release 31yo,Unknown,Malt,Unknown,Unknown,31yo,Master of Malt / TWE / Whiskybase,,,[],0.0,0.0,0.0,0.0,0.0,none,none,manual_review,unknown_distillery|zero_flavor_vector
W000912,port ellen 15th release 32yo,Unknown,Malt,Unknown,Unknown,32yo,Master of Malt / TWE / Whiskybase,,,[],0.0,0.0,0.0,0.0,0.0,none,none,manual_review,unknown_distillery|zero_flavor_vector
W000913,port ellen 11th release 32yo,Unknown,Malt,Unknown,Unknown,32yo,Master of Malt / TWE / Whiskybase,,,[],0.0,0.0,0.0,0.0,0.0,none,none,manual_review,unknown_distillery|zero_flavor_vector
W000914,port ellen 7th release 28yo,Unknown,Malt,Unknown,Unknown,28yo,Master of Malt / TWE / Whiskybase,,,[],0.0,0.0,0.0,0.0,0.0,none,none,manual_review,unknown_distillery|zero_flavor_vector
W000916,port ellen (all ob releases),Unknown,Malt,Unknown,Unknown,NAS,Master of Malt / TWE / Whiskybase,,,[],0.0,0.0,0.0,0.0,0.0,none,none,manual_review,unknown_distillery|zero_flavor_vector
W000917,caol ila 30yo,Unknown,Malt,Unknown,Unknown,30yo,Master of Malt / TWE / Whiskybase,,,[],0.0,0.0,0.0,0.0,0.0,none,none,manual_review,unknown_distillery|zero_flavor_vector
W000918,port ellen 16th release 37yo,Unknown,Malt,Unknown,Unknown,37yo,Master of Malt / TWE / Whiskybase,,,[],0.0,0.0,0.0,0.0,0.0,none,none,manual_review,unknown_distillery|zero_flavor_vector
W000919,port ellen 6th release 27yo,Unknown,Malt,Unknown,Unknown,27yo,Master of Malt / TWE / Whiskybase,,,[],0.0,0.0,0.0,0.0,0.0,none,none,manual_review,unknown_distillery|zero_flavor_vector
W000921,port ellen 3rd release 24yo,Unknown,Malt,Unknown,Unknown,24yo,Master of Malt / TWE / Whiskybase,,,[],0.0,0.0,0.0,0.0,0.0,none,none,manual_review,unknown_distillery|zero_flavor_vector
W000922,port ellen 4th release 25yo,Unknown,Malt,Unknown,Unknown,25yo,Master of Malt / TWE / Whiskybase,,,[],0.0,0.0,0.0,0.0,0.0,none,none,manual_review,unknown_distillery|zero_flavor_vector
W000923,port ellen 17th release 37yo,Unknown,Malt,Unknown,Unknown,37yo,Master of Malt / TWE / Whiskybase,,,[],0.0,0.0,0.0,0.0,0.0,none,none,manual_review,unknown_distillery|zero_flavor_vector
W000924,ledaig 19yo 1998 pedro ximénez finish,Unknown,Malt,Unknown,Unknown,19yo,Master of Malt / TWE / Whiskybase,,,[],0.0,0.0,0.0,0.0,0.0,none,none,manual_review,unknown_distillery|zero_flavor_vector
W000925,springbank 16yo local barley,Unknown,Malt,Unknown,Unknown,16yo,Master of Malt / TWE / Whiskybase,,,[],0.0,0.0,0.0,0.0,0.0,none,none,manual_review,unknown_distillery|zero_flavor_vector
W000926,ledaig 42yo,Unknown,Malt,Unknown,Unknown,42yo,Master of Malt / TWE / Whiskybase,,,[],0.0,0.0,0.0,0.0,0.0,none,none,manual_review,unknown_distillery|zero_flavor_vector
W000928,port ellen 12th release 32yo,Unknown,Malt,Unknown,Unknown,32yo,Master of Malt / TWE / Whiskybase,,,[],0.0,0.0,0.0,0.0,0.0,none,none,manual_review,unknown_distillery|zero_flavor_vector
W000931,springbank 11yo local barley,Unknown,Malt,Unknown,Unknown,11yo,Master of Malt / TWE / Whiskybase,,,[],0.0,0.0,0.0,0.0,0.0,none,none,manual_review,unknown_distillery|zero_flavor_vector
W000933,two brewers release 30 peated,Unknown,Malt,Unknown,Unknown,30 Year Old,Master of Malt / TWE / Whiskybase,,,[],0.0,0.0,0.0,0.0,0.0,none,none,manual_review,unknown_distillery|zero_flavor_vector
W000934,highland park sigurd,Unknown,Malt,Highland,Unknown,NAS,Master of Malt / TWE / Whiskybase,,,[],0.0,0.0,0.0,0.0,0.0,none,none,manual_review,unknown_distillery|zero_flavor_vector
W000935,ledaig 13yo amontillado cask finish,Unknown,Malt,Unknown,Unknown,13yo,Master of Malt / TWE / Whiskybase,,,[],0.0,0.0,0.0,0.0,0.0,none,none,manual_review,unknown_distillery|zero_flavor_vector
W000937,two brewers release 07 peated,Unknown,Malt,Unknown,Unknown,NAS,Master of Malt / TWE / Whiskybase,,,[],0.0,0.0,0.0,0.0,0.0,none,none,manual_review,unknown_distillery|zero_flavor_vector
W000938,bruichladdich port charlotte 2010 mrc:01,Unknown,Malt,Unknown,Unknown,NAS,Master of Malt / TWE / Whiskybase,,,[],0.0,0.0,0.0,0.0,0.0,none,none,manual_review,unknown_distillery|zero_flavor_vector
W000941,tomatin cu bocan 1989 limited edition,Unknown,Malt,Unknown,Unknown,NAS,Master of Malt / TWE / Whiskybase,,,[],0.0,0.0,0.0,0.0,0.0,none,none,manual_review,unknown_distillery|zero_flavor_vector
W000942,glen garioch 1994,Unknown,Malt,Unknown,Unknown,NAS,Master of Malt / TWE / Whiskybase,,,[],0.0,0.0,0.0,0.0,0.0,none,none,manual_review,unknown_distillery|zero_flavor_vector
W000943,kilchoman bourbon single cask,Unknown,Malt,Unknown,Unknown,NAS,Master of Malt / TWE / Whiskybase,,,[],0.0,0.0,0.0,0.0,0.0,none,none,manual_review,unknown_distillery|zero_flavor_vector
W000944,port ellen douglas laing mcgibbon's provenance john milroy 23yo 1982-2005,Unknown,Malt,Unknown,Unknown,23yo,Master of Malt / TWE / Whiskybase,,,[],0.0,0.0,0.0,0.0,0.0,none,none,manual_review,unknown_distillery|zero_flavor_vector
W000945,springbank 18yo,Unknown,Malt,Unknown,Unknown,18yo,Master of Malt / TWE / Whiskybase,,,[],0.0,0.0,0.0,0.0,0.0,none,none,manual_review,unknown_distillery|zero_flavor_vector
W000947,bruichladdich port charlotte 2007 cc:01,Unknown,Malt,Unknown,Unknown,NAS,Master of Malt / TWE / Whiskybase,,,[],0.0,0.0,0.0,0.0,0.0,none,none,manual_review,unknown_distillery|zero_flavor_vector
W000949,glen garioch 1991,Unknown,Malt,Unknown,Unknown,NAS,Master of Malt / TWE / Whiskybase,,,[],0.0,0.0,0.0,0.0,0.0,none,none,manual_review,unknown_distillery|zero_flavor_vector
W000950,bruichladdich port charlotte pc11 eorna na h-alba,Unknown,Malt,Unknown,Unknown,NAS,Master of Malt / TWE / Whiskybase,,,[],0.0,0.0,0.0,0.0,0.0,none,none,manual_review,unknown_distillery|zero_flavor_vector
W000951,kilkerran 8yo cask strength,Unknown,Malt,Unknown,Unknown,8yo,Master of Malt / TWE / Whiskybase,,,[],0.0,0.0,0.0,0.0,0.0,none,none,manual_review,unknown_distillery|zero_flavor_vector
W000952,oban 21yo,Unknown,Malt,Unknown,Unknown,21yo,Master of Malt / TWE / Whiskybase,,,[],0.0,0.0,0.0,0.0,0.0,none,none,manual_review,unknown_distillery|zero_flavor_vector
W000953,port ellen 8th release 29yo,Unknown,Malt,Unknown,Unknown,29yo,Master of Malt / TWE / Whiskybase,,,[],0.0,0.0,0.0,0.0,0.0,none,none,manual_review,unknown_distillery|zero_flavor_vector
W000955,benriach 21yo authenticus peated,Unknown,Malt,Unknown,Unknown,21yo,Master of Malt / TWE / Whiskybase,,,[],0.0,0.0,0.0,0.0,0.0,none,none,manual_review,unknown_distillery|zero_flavor_vector
W000956,caol ila 25yo,Unknown,Malt,Unknown,Unknown,25yo,Master of Malt / TWE / Whiskybase,,,[],0.0,0.0,0.0,0.0,0.0,none,none,manual_review,unknown_distillery|zero_flavor_vector
W000960,glen garioch 1995,Unknown,Malt,Unknown,Unknown,NAS,Master of Malt / TWE / Whiskybase,,,[],0.0,0.0,0.0,0.0,0.0,none,none,manual_review,unknown_distillery|zero_flavor_vector
W000966,wemyss malts the rockpool,Unknown,Malt,Unknown,Unknown,NAS,Master of Malt / TWE / Whiskybase,,,[],0.0,0.0,0.0,0.0,0.0,none,none,manual_review,unknown_distillery|zero_flavor_vector
W000967,bladnoch 9yo lightly peated,Unknown,Malt,Unknown,Unknown,9yo,Master of Malt / TWE / Whiskybase,,,[],0.0,0.0,0.0,0.0,0.0,none,none,manual_review,unknown_distillery|zero_flavor_vector
W000968,bruichladdich port charlotte 10yo heavily peated (second edition),Unknown,Malt,Unknown,Unknown,10yo,Master of Malt / TWE / Whiskybase,,,[],0.0,0.0,0.0,0.0,0.0,none,none,manual_review,unknown_distillery|zero_flavor_vector
W000970,bruichladdich port charlotte pc10 (second edition),Unknown,Malt,Unknown,Unknown,NAS,Master of Malt / TWE / Whiskybase,,,[],0.0,0.0,0.0,0.0,0.0,none,none,manual_review,unknown_distillery|zero_flavor_vector
W000972,benriach 25yo authenticus peated,Unknown,Malt,Unknown,Unknown,25yo,Master of Malt / TWE / Whiskybase,,,[],0.0,0.0,0.0,0.0,0.0,none,none,manual_review,unknown_distillery|zero_flavor_vector
W000974,dun bheagan islay 2009,Unknown,Malt,Islay,Unknown,NAS,Master of Malt / TWE / Whiskybase,,,[],0.0,0.0,0.0,0.0,0.0,none,none,manual_review,unknown_distillery|zero_flavor_vector
W000975,ledaig 19yo marsala finish,Unknown,Malt,Unknown,Unknown,19yo,Master of Malt / TWE / Whiskybase,,,[],0.0,0.0,0.0,0.0,0.0,none,none,manual_review,unknown_distillery|zero_flavor_vector
W000977,glenlivet nadurra peated cask finish,The Glenlivet,Malt,Unknown,Unknown,NAS,Master of Malt / TWE / Whiskybase,,,[],0.0,0.0,0.0,0.0,0.0,none,none,manual_review,zero_flavor_vector
W000978,port ellen douglas laing mcgibbon's provenance john milroy 23yo (all editions),Unknown,Malt,Unknown,Unknown,23yo,Master of Malt / TWE / Whiskybase,,,[],0.0,0.0,0.0,0.0,0.0,none,none,manual_review,unknown_distillery|zero_flavor_vector
W000979,bruichladdich port charlotte 2010 olc:01 9yo,Unknown,Malt,Unknown,Unknown,9yo,Master of Malt / TWE / Whiskybase,,,[],0.0,0.0,0.0,0.0,0.0,none,none,manual_review,unknown_distillery|zero_flavor_vector
W000982,bruichladdich infinity third edition,Unknown,Malt,Unknown,Unknown,NAS,Master of Malt / TWE / Whiskybase,,,[],0.0,0.0,0.0,0.0,0.0,none,none,manual_review,unknown_distillery|zero_flavor_vector
W000983,bruichladdich port charlotte 10yo heavily peated (first edition),Unknown,Malt,Unknown,Unknown,10yo,Master of Malt / TWE / Whiskybase,,,[],0.0,0.0,0.0,0.0,0.0,none,none,manual_review,unknown_distillery|zero_flavor_vector
W000984,highland park 12yo (reviews pre-2014),Unknown,Malt,Highland,Unknown,12yo,Master of Malt / TWE / Whiskybase,,,[],0.0,0.0,0.0,0.0,0.0,none,none,manual_review,unknown_distillery|zero_flavor_vector
W000985,oban 18yo,Unknown,Malt,Unknown,Unknown,18yo,Master of Malt / TWE / Whiskybase,,,[],0.0,0.0,0.0,0.0,0.0,none,none,manual_review,unknown_distillery|zero_flavor_vector
W000986,two brewers release 19 peated,Unknown,Malt,Unknown,Unknown,NAS,Master of Malt / TWE / Whiskybase,,,[],0.0,0.0,0.0,0.0,0.0,none,none,manual_review,unknown_distillery|zero_flavor_vector
W000989,caol ila 18yo,Unknown,Malt,Unknown,Unknown,18yo,Master of Malt / TWE / Whiskybase,,,[],0.0,0.0,0.0,0.0,0.0,none,none,manual_review,unknown_distillery|zero_flavor_vector
W000991,springbank 12yo green,Unknown,Malt,Unknown,Unknown,12yo,Master of Malt / TWE / Whiskybase,,,[],0.0,0.0,0.0,0.0,0.0,none,none,manual_review,unknown_distillery|zero_flavor_vector
W000993,nikka pure malt black,Unknown,Malt,Unknown,Unknown,NAS,Master of Malt / TWE / Whiskybase,,,[],0.0,0.0,0.0,0.0,0.0,none,none,manual_review,unknown_distillery|zero_flavor_vector
W000994,ben nevis celebrated traditional (nas),Unknown,Malt,Unknown,Unknown,NAS,Master of Malt / TWE / Whiskybase,,,[],0.0,0.0,0.0,0.0,0.0,none,none,manual_review,unknown_distillery|zero_flavor_vector
W000995,caol ila 12yo,Unknown,Malt,Unknown,Unknown,12yo,Master of Malt / TWE / Whiskybase,,,[],0.0,0.0,0.0,0.0,0.0,none,none,manual_review,unknown_distillery|zero_flavor_vector
W000996,glendronach peated port wood,Unknown,Malt,Unknown,Unknown,NAS,Master of Malt / TWE / Whiskybase,,,[],0.0,0.0,0.0,0.0,0.0,none,none,manual_review,unknown_distillery|zero_flavor_vector
W000997,port ellen 2nd release 24yo 54.3%,Unknown,Malt,Unknown,Unknown,24yo,Master of Malt / TWE / Whiskybase,,,[],0.0,0.0,0.0,0.0,0.0,none,none,manual_review,unknown_distillery|zero_flavor_vector
W000998,springbank 10yo,Unknown,Malt,Unknown,Unknown,10yo,Master of Malt / TWE / Whiskybase,,,[],0.0,0.0,0.0,0.0,0.0,none,none,manual_review,unknown_distillery|zero_flavor_vector
W000999,highland park 15yo freya,Unknown,Malt,Highland,Unknown,15yo,Master of Malt / TWE / Whiskybase,,,[],0.0,0.0,0.0,0.0,0.0,none,none,manual_review,unknown_distillery|zero_flavor_vector
W001000,bruichladdich port charlotte scottish barley heavily peated,Unknown,Malt,Unknown,Unknown,NAS,Master of Malt / TWE / Whiskybase,,,[],0.0,0.0,0.0,0.0,0.0,none,none,manual_review,unknown_distillery|zero_flavor_vector
W001001,kilchoman sanaig,Unknown,Malt,Unknown,Unknown,NAS,Master of Malt / TWE / Whiskybase,,,[],0.0,0.0,0.0,0.0,0.0,none,none,manual_review,unknown_distillery|zero_flavor_vector
W001002,paul john peated select cask,Unknown,Malt,Unknown,Unknown,NAS,Master of Malt / TWE / Whiskybase,,,[],0.0,0.0,0.0,0.0,0.0,none,none,manual_review,unknown_distillery|zero_flavor_vector
W001003,glenglassaugh torfa,Unknown,Malt,Unknown,Unknown,NAS,Master of Malt / TWE / Whiskybase,,,[],0.0,0.0,0.0,0.0,0.0,none,none,manual_review,unknown_distillery|zero_flavor_vector
W001004,highland park 17yo ice,Unknown,Malt,Highland,Unknown,17yo,Master of Malt / TWE / Whiskybase,,,[],0.0,0.0,0.0,0.0,0.0,none,none,manual_review,unknown_distillery|zero_flavor_vector
W001005,nikka pure malt white,Unknown,Malt,Unknown,Unknown,NAS,Master of Malt / TWE / Whiskybase,,,[],0.0,0.0,0.0,0.0,0.0,none,none,manual_review,unknown_distillery|zero_flavor_vector
W001007,two brewers peated (all releases),Unknown,Malt,Unknown,Unknown,NAS,Master of Malt / TWE / Whiskybase,,,[],0.0,0.0,0.0,0.0,0.0,none,none,manual_review,unknown_distillery|zero_flavor_vector
W001008,two brewers release 25 peated,Unknown,Malt,Unknown,Unknown,25 Year Old,Master of Malt / TWE / Whiskybase,,,[],0.0,0.0,0.0,0.0,0.0,none,none,manual_review,unknown_distillery|zero_flavor_vector
W001010,paul john bold,Unknown,Malt,Unknown,Unknown,NAS,Master of Malt / TWE / Whiskybase,,,[],0.0,0.0,0.0,0.0,0.0,none,none,manual_review,unknown_distillery|zero_flavor_vector
W001011,big peat (douglas laing),Unknown,Malt,Unknown,Unknown,NAS,Master of Malt / TWE / Whiskybase,,,[],0.0,0.0,0.0,0.0,0.0,none,none,manual_review,unknown_distillery|zero_flavor_vector
W001012,kilchoman sauternes cask matured,Unknown,Malt,Unknown,Unknown,NAS,Master of Malt / TWE / Whiskybase,,,[],0.0,0.0,0.0,0.0,0.0,none,none,manual_review,unknown_distillery|zero_flavor_vector
W001014,edradour ballechin 10yo,Unknown,Malt,Unknown,Unknown,10yo,Master of Malt / TWE / Whiskybase,,,[],0.0,0.0,0.0,0.0,0.0,none,none,manual_review,unknown_distillery|zero_flavor_vector
W001016,highland park 12yo (all reviews),Unknown,Malt,Highland,Unknown,12yo,Master of Malt / TWE / Whiskybase,,,[],0.0,0.0,0.0,0.0,0.0,none,none,manual_review,unknown_distillery|zero_flavor_vector
W001017,benriach 10yo curiositas,Unknown,Malt,Unknown,Unknown,10yo,Master of Malt / TWE / Whiskybase,,,[],0.0,0.0,0.0,0.0,0.0,none,none,manual_review,unknown_distillery|zero_flavor_vector
W001018,benromach 10yo,Unknown,Malt,Unknown,Unknown,10yo,Master of Malt / TWE / Whiskybase,,,[],0.0,0.0,0.0,0.0,0.0,none,none,manual_review,unknown_distillery|zero_flavor_vector
W001020,longrow 7yo gaja barolo finish,Unknown,Malt,Unknown,Unknown,7yo,Master of Malt / TWE / Whiskybase,,,[],0.0,0.0,0.0,0.0,0.0,none,none,manual_review,unknown_distillery|zero_flavor_vector
W001021,lohin mckinnon peated,Unknown,Malt,Unknown,Unknown,NAS,Master of Malt / TWE / Whiskybase,,,[],0.0,0.0,0.0,0.0,0.0,none,none,manual_review,unknown_distillery|zero_flavor_vector
W001022,balvenie 14yo peat week,The Balvenie,Malt,Unknown,Unknown,14yo,Master of Malt / TWE / Whiskybase,,,[],0.0,0.0,0.0,0.0,0.0,none,none,manual_review,zero_flavor_vector
W001027,glendronach peated,Unknown,Malt,Unknown,Unknown,NAS,Master of Malt / TWE / Whiskybase,,,[],0.0,0.0,0.0,0.0,0.0,none,none,manual_review,unknown_distillery|zero_flavor_vector
W001028,highland park 12yo viking honour (post-2017),Unknown,Malt,Highland,Unknown,12yo,Master of Malt / TWE / Whiskybase,,,[],0.0,0.0,0.0,0.0,0.0,none,none,manual_review,unknown_distillery|zero_flavor_vector
W001029,port ellen douglas laing mcgibbon's provenance john milroy 23yo 1978-2001,Unknown,Malt,Unknown,Unknown,23yo,Master of Malt / TWE / Whiskybase,,,[],0.0,0.0,0.0,0.0,0.0,none,none,manual_review,unknown_distillery|zero_flavor_vector
W001031,arran malt machrie moor cask strength,Unknown,Malt,Unknown,Unknown,NAS,Master of Malt / TWE / Whiskybase,,,[],0.0,0.0,0.0,0.0,0.0,none,none,manual_review,unknown_distillery|zero_flavor_vector
W001032,dun bheagan islay (all vintage editions),Unknown,Malt,Islay,Unknown,NAS,Master of Malt / TWE / Whiskybase,,,[],0.0,0.0,0.0,0.0,0.0,none,none,manual_review,unknown_distillery|zero_flavor_vector
W001033,game of thrones the night’s watch oban bay reserve,Unknown,Malt,Unknown,Unknown,NAS,Master of Malt / TWE / Whiskybase,,,[],0.0,0.0,0.0,0.0,0.0,none,none,manual_review,unknown_distillery|zero_flavor_vector
W001034,mars kogamatake the revival 2011,Unknown,Malt,Unknown,Unknown,NAS,Master of Malt / TWE / Whiskybase,,,[],0.0,0.0,0.0,0.0,0.0,none,none,manual_review,unknown_distillery|zero_flavor_vector
W001040,kilchoman coull point,Unknown,Malt,Unknown,Unknown,NAS,Master of Malt / TWE / Whiskybase,,,[],0.0,0.0,0.0,0.0,0.0,none,none,manual_review,unknown_distillery|zero_flavor_vector
W001041,"elements of islay ""peat""",Unknown,Malt,Islay,Unknown,NAS,Master of Malt / TWE / Whiskybase,,,[],0.0,0.0,0.0,0.0,0.0,none,none,manual_review,unknown_distillery|zero_flavor_vector
W001042,paul john edited,Unknown,Malt,Unknown,Unknown,NAS,Master of Malt / TWE / Whiskybase,,,[],0.0,0.0,0.0,0.0,0.0,none,none,manual_review,unknown_distillery|zero_flavor_vector
W001043,benriach peated quarter casks,Unknown,Malt,Unknown,Unknown,NAS,Master of Malt / TWE / Whiskybase,,,[],0.0,0.0,0.0,0.0,0.0,none,none,manual_review,unknown_distillery|zero_flavor_vector
W001049,two brewers release 03 peated,Unknown,Malt,Unknown,Unknown,NAS,Master of Malt / TWE / Whiskybase,,,[],0.0,0.0,0.0,0.0,0.0,none,none,manual_review,unknown_distillery|zero_flavor_vector
W001050,highland park 12yo (reviews 2014-2017),Unknown,Malt,Highland,Unknown,12yo,Master of Malt / TWE / Whiskybase,,,[],0.0,0.0,0.0,0.0,0.0,none,none,manual_review,unknown_distillery|zero_flavor_vector
W001051,ledaig 10yo,Unknown,Malt,Unknown,Unknown,10yo,Master of Malt / TWE / Whiskybase,,,[],0.0,0.0,0.0,0.0,0.0,none,none,manual_review,unknown_distillery|zero_flavor_vector
W001053,oban 14yo,Unknown,Malt,Unknown,Unknown,14yo,Master of Malt / TWE / Whiskybase,,,[],0.0,0.0,0.0,0.0,0.0,none,none,manual_review,unknown_distillery|zero_flavor_vector
W001056,dun bheagan islay 1999,Unknown,Malt,Islay,Unknown,NAS,Master of Malt / TWE / Whiskybase,,,[],0.0,0.0,0.0,0.0,0.0,none,none,manual_review,unknown_distillery|zero_flavor_vector
W001057,glen garioch 1997,Unknown,Malt,Unknown,Unknown,NAS,Master of Malt / TWE / Whiskybase,,,[],0.0,0.0,0.0,0.0,0.0,none,none,manual_review,unknown_distillery|zero_flavor_vector
W001059,oban little bay,Unknown,Malt,Unknown,Unknown,NAS,Master of Malt / TWE / Whiskybase,,,[],0.0,0.0,0.0,0.0,0.0,none,none,manual_review,unknown_distillery|zero_flavor_vector
W001061,highland park 10yo (all reviews),Unknown,Malt,Highland,Unknown,10yo,Master of Malt / TWE / Whiskybase,,,[],0.0,0.0,0.0,0.0,0.0,none,none,manual_review,unknown_distillery|zero_flavor_vector
W001064,wemyss malts peat chimney,Unknown,Malt,Unknown,Unknown,NAS,Master of Malt / TWE / Whiskybase,,,[],0.0,0.0,0.0,0.0,0.0,none,none,manual_review,unknown_distillery|zero_flavor_vector
W001066,glen moray classic peated,Unknown,Malt,Unknown,Unknown,NAS,Master of Malt / TWE / Whiskybase,,,[],0.0,0.0,0.0,0.0,0.0,none,none,manual_review,unknown_distillery|zero_flavor_vector
W001067,glenglassaugh octaves peated,Unknown,Malt,Unknown,Unknown,NAS,Master of Malt / TWE / Whiskybase,,,[],0.0,0.0,0.0,0.0,0.0,none,none,manual_review,unknown_distillery|zero_flavor_vector
W001070,benromach sassicaia,Unknown,Malt,Unknown,Unknown,NAS,Master of Malt / TWE / Whiskybase,,,[],0.0,0.0,0.0,0.0,0.0,none,none,manual_review,unknown_distillery|zero_flavor_vector
W001072,highland park 10yo viking scars,Unknown,Malt,Highland,Unknown,10yo,Master of Malt / TWE / Whiskybase,,,[],0.0,0.0,0.0,0.0,0.0,none,none,manual_review,unknown_distillery|zero_flavor_vector
W001077,benriach birnie moss,Unknown,Malt,Unknown,Unknown,NAS,Master of Malt / TWE / Whiskybase,,,[],0.0,0.0,0.0,0.0,0.0,none,none,manual_review,unknown_distillery|zero_flavor_vector
W001080,glenrothes peated cask reserve,Unknown,Malt,Unknown,Unknown,NAS,Master of Malt / TWE / Whiskybase,,,[],0.0,0.0,0.0,0.0,0.0,none,none,manual_review,unknown_distillery|zero_flavor_vector
W001083,bruichladdich 8yo laddie eight,Unknown,Malt,Unknown,Unknown,8yo,Master of Malt / TWE / Whiskybase,,,[],0.0,0.0,0.0,0.0,0.0,none,none,manual_review,unknown_distillery|zero_flavor_vector
W001084,highland park einar,Unknown,Malt,Highland,Unknown,NAS,Master of Malt / TWE / Whiskybase,,,[],0.0,0.0,0.0,0.0,0.0,none,none,manual_review,unknown_distillery|zero_flavor_vector
W001085,old ballantruan peated (toumintoul),Unknown,Malt,Unknown,Unknown,NAS,Master of Malt / TWE / Whiskybase,,,[],0.0,0.0,0.0,0.0,0.0,none,none,manual_review,unknown_distillery|zero_flavor_vector
W001086,arran malt machrie moor peated (all editions),Unknown,Malt,Unknown,Unknown,NAS,Master of Malt / TWE / Whiskybase,,,[],0.0,0.0,0.0,0.0,0.0,none,none,manual_review,unknown_distillery|zero_flavor_vector
W001087,jura 10yo origin,Unknown,Malt,Unknown,Unknown,10yo,Master of Malt / TWE / Whiskybase,,,[],0.0,0.0,0.0,0.0,0.0,none,none,manual_review,unknown_distillery|zero_flavor_vector
W001088,matsui the peated,Unknown,Malt,Unknown,Unknown,NAS,Master of Malt / TWE / Whiskybase,,,[],0.0,0.0,0.0,0.0,0.0,none,none,manual_review,unknown_distillery|zero_flavor_vector
W001091,longrow 10yo tokaji finish,Unknown,Malt,Unknown,Unknown,10yo,Master of Malt / TWE / Whiskybase,,,[],0.0,0.0,0.0,0.0,0.0,none,none,manual_review,unknown_distillery|zero_flavor_vector
W001092,brora 35yo,Unknown,Malt,Unknown,Unknown,35yo,Master of Malt / TWE / Whiskybase,,,[],0.0,0.0,0.0,0.0,0.0,none,none,manual_review,unknown_distillery|zero_flavor_vector
W001093,brora 30yo,Unknown,Malt,Unknown,Unknown,30yo,Master of Malt / TWE / Whiskybase,,,[],0.0,0.0,0.0,0.0,0.0,none,none,manual_review,unknown_distillery|zero_flavor_vector
W001094,ardbeg 23yo twenty something,Unknown,Malt,Unknown,Unknown,23yo,Master of Malt / TWE / Whiskybase,,,[],0.0,0.0,0.0,0.0,0.0,none,none,manual_review,unknown_distillery|zero_flavor_vector
W001096,bruichladdich octomore 10 (third edition),Unknown,Malt,Unknown,Unknown,10 Year Old,Master of Malt / TWE / Whiskybase,,,[],0.0,0.0,0.0,0.0,0.0,none,none,manual_review,unknown_distillery|zero_flavor_vector
W001097,ardbeg 21yo,Unknown,Malt,Unknown,Unknown,21yo,Master of Malt / TWE / Whiskybase,,,[],0.0,0.0,0.0,0.0,0.0,none,none,manual_review,unknown_distillery|zero_flavor_vector
W001099,ardbeg 19yo traigh bhan,Unknown,Malt,Unknown,Unknown,19yo,Master of Malt / TWE / Whiskybase,,,[],0.0,0.0,0.0,0.0,0.0,none,none,manual_review,unknown_distillery|zero_flavor_vector
W001100,lagavulin 16yo,Unknown,Malt,Unknown,Unknown,16yo,Master of Malt / TWE / Whiskybase,,,[],0.0,0.0,0.0,0.0,0.0,none,none,manual_review,unknown_distillery|zero_flavor_vector
W001103,bruichladdich octomore 6.2,Unknown,Malt,Unknown,Unknown,NAS,Master of Malt / TWE / Whiskybase,,,[],0.0,0.0,0.0,0.0,0.0,none,none,manual_review,unknown_distillery|zero_flavor_vector
W001104,bruichladdich octomore 7.3,Unknown,Malt,Unknown,Unknown,NAS,Master of Malt / TWE / Whiskybase,,,[],0.0,0.0,0.0,0.0,0.0,none,none,manual_review,unknown_distillery|zero_flavor_vector
W001105,lagavulin 12yo cask strength,Unknown,Malt,Unknown,Unknown,12yo,Master of Malt / TWE / Whiskybase,,,[],0.0,0.0,0.0,0.0,0.0,none,none,manual_review,unknown_distillery|zero_flavor_vector
W001106,ardbeg supernova 2014,Unknown,Malt,Unknown,Unknown,NAS,original_production_data,https://www.whisky.com/whisky-database/details/W001106.html,Raw notes matched from historical dataset,"['bottle_name', 'bottle_name_clean', 'fruity', 'sweet', 'smoky']",0.0,0.0,0.0,0.0,0.0,high,exact,manual_review,unknown_distillery|zero_flavor_vector
W001107,bruichladdich octomore 8.3,Unknown,Malt,Unknown,Unknown,8 Year Old,Master of Malt / TWE / Whiskybase,,,[],0.0,0.0,0.0,0.0,0.0,none,none,manual_review,unknown_distillery|zero_flavor_vector
W001108,bruichladdich octomore 9.3,Unknown,Malt,Unknown,Unknown,NAS,Master of Malt / TWE / Whiskybase,,,[],0.0,0.0,0.0,0.0,0.0,none,none,manual_review,unknown_distillery|zero_flavor_vector
W001114,bruichladdich octomore 8.2,Unknown,Malt,Unknown,Unknown,8 Year Old,Master of Malt / TWE / Whiskybase,,,[],0.0,0.0,0.0,0.0,0.0,none,none,manual_review,unknown_distillery|zero_flavor_vector
W001115,ardbeg 22yo twenty something,Unknown,Malt,Unknown,Unknown,22yo,Master of Malt / TWE / Whiskybase,,,[],0.0,0.0,0.0,0.0,0.0,none,none,manual_review,unknown_distillery|zero_flavor_vector
W001118,lagavulin distiller's edition (all vintages),Unknown,Malt,Unknown,Unknown,NAS,Master of Malt / TWE / Whiskybase,,,[],0.0,0.0,0.0,0.0,0.0,none,none,manual_review,unknown_distillery|zero_flavor_vector
W001119,ardbeg supernova 2015,Unknown,Malt,Unknown,Unknown,NAS,Master of Malt / TWE / Whiskybase,,,[],0.0,0.0,0.0,0.0,0.0,none,none,manual_review,unknown_distillery|zero_flavor_vector
W001120,bruichladdich octomore 12.3,Unknown,Malt,Unknown,Unknown,12 Year Old,Master of Malt / TWE / Whiskybase,,,[],0.0,0.0,0.0,0.0,0.0,none,none,manual_review,unknown_distillery|zero_flavor_vector
W001121,kilchoman 2008 vintage,Unknown,Malt,Unknown,Unknown,NAS,Master of Malt / TWE / Whiskybase,,,[],0.0,0.0,0.0,0.0,0.0,none,none,manual_review,unknown_distillery|zero_flavor_vector
W001123,longrow 18yo,Unknown,Malt,Unknown,Unknown,18yo,Master of Malt / TWE / Whiskybase,,,[],0.0,0.0,0.0,0.0,0.0,none,none,manual_review,unknown_distillery|zero_flavor_vector
W001124,bruichladdich octomore 7.1,Unknown,Malt,Unknown,Unknown,NAS,Master of Malt / TWE / Whiskybase,,,[],0.0,0.0,0.0,0.0,0.0,none,none,manual_review,unknown_distillery|zero_flavor_vector
W001126,bruichladdich octomore 10 (second edition),Unknown,Malt,Unknown,Unknown,10 Year Old,Master of Malt / TWE / Whiskybase,,,[],0.0,0.0,0.0,0.0,0.0,none,none,manual_review,unknown_distillery|zero_flavor_vector
W001129,bruichladdich octomore 10.2,Unknown,Malt,Unknown,Unknown,10 Year Old,Master of Malt / TWE / Whiskybase,,,[],0.0,0.0,0.0,0.0,0.0,none,none,manual_review,unknown_distillery|zero_flavor_vector
W001131,bruichladdich octomore 8.4,Unknown,Malt,Unknown,Unknown,8 Year Old,Master of Malt / TWE / Whiskybase,,,[],0.0,0.0,0.0,0.0,0.0,none,none,manual_review,unknown_distillery|zero_flavor_vector
W001135,ardbeg 17yo,Unknown,Malt,Unknown,Unknown,17yo,Master of Malt / TWE / Whiskybase,,,[],0.0,0.0,0.0,0.0,0.0,none,none,manual_review,unknown_distillery|zero_flavor_vector
W001136,kilchoman 2009 vintage,Unknown,Malt,Unknown,Unknown,NAS,Master of Malt / TWE / Whiskybase,,,[],0.0,0.0,0.0,0.0,0.0,none,none,manual_review,unknown_distillery|zero_flavor_vector
W001137,kilchoman original cask strength,Unknown,Malt,Unknown,Unknown,NAS,Master of Malt / TWE / Whiskybase,,,[],0.0,0.0,0.0,0.0,0.0,none,none,manual_review,unknown_distillery|zero_flavor_vector
W001140,ancnoc cutter,Unknown,Malt,Unknown,Unknown,NAS,Master of Malt / TWE / Whiskybase,,,[],0.0,0.0,0.0,0.0,0.0,none,none,manual_review,unknown_distillery|zero_flavor_vector
W001141,kilchoman 2007 vintage,Unknown,Malt,Unknown,Unknown,NAS,Master of Malt / TWE / Whiskybase,,,[],0.0,0.0,0.0,0.0,0.0,none,none,manual_review,unknown_distillery|zero_flavor_vector
W001143,bruichladdich octomore 10,Unknown,Malt,Unknown,Unknown,10 Year Old,Master of Malt / TWE / Whiskybase,,,[],0.0,0.0,0.0,0.0,0.0,none,none,manual_review,unknown_distillery|zero_flavor_vector
W001144,bruichladdich octomore 11.3,Unknown,Malt,Unknown,Unknown,NAS,Master of Malt / TWE / Whiskybase,,,[],0.0,0.0,0.0,0.0,0.0,none,none,manual_review,unknown_distillery|zero_flavor_vector
W001146,bruichladdich octomore 10 (fourth edition),Unknown,Malt,Unknown,Unknown,10 Year Old,Master of Malt / TWE / Whiskybase,,,[],0.0,0.0,0.0,0.0,0.0,none,none,manual_review,unknown_distillery|zero_flavor_vector
W001149,bruichladdich octomore 7.2,Unknown,Malt,Unknown,Unknown,NAS,Master of Malt / TWE / Whiskybase,,,[],0.0,0.0,0.0,0.0,0.0,none,none,manual_review,unknown_distillery|zero_flavor_vector
W001152,ardbeg 10yo,Unknown,Malt,Unknown,Unknown,10yo,Master of Malt / TWE / Whiskybase,,,[],0.0,0.0,0.0,0.0,0.0,none,none,manual_review,unknown_distillery|zero_flavor_vector
W001153,brora 21yo,Unknown,Malt,Unknown,Unknown,21yo,Master of Malt / TWE / Whiskybase,,,[],0.0,0.0,0.0,0.0,0.0,none,none,manual_review,unknown_distillery|zero_flavor_vector
W001154,ardbeg grooves,Unknown,Malt,Unknown,Unknown,NAS,Master of Malt / TWE / Whiskybase,,,[],0.0,0.0,0.0,0.0,0.0,none,none,manual_review,unknown_distillery|zero_flavor_vector
W001155,bruichladdich octomore 11.1,Unknown,Malt,Unknown,Unknown,NAS,Master of Malt / TWE / Whiskybase,,,[],0.0,0.0,0.0,0.0,0.0,none,none,manual_review,unknown_distillery|zero_flavor_vector
W001157,bruichladdich octomore 8.1,Unknown,Malt,Unknown,Unknown,8 Year Old,Master of Malt / TWE / Whiskybase,,,[],0.0,0.0,0.0,0.0,0.0,none,none,manual_review,unknown_distillery|zero_flavor_vector
W001158,ardbeg supernova 2019,Unknown,Malt,Unknown,Unknown,NAS,Master of Malt / TWE / Whiskybase,,,[],0.0,0.0,0.0,0.0,0.0,none,none,manual_review,unknown_distillery|zero_flavor_vector
W001159,bruichladdich octomore 12.1,Unknown,Malt,Unknown,Unknown,12 Year Old,Master of Malt / TWE / Whiskybase,,,[],0.0,0.0,0.0,0.0,0.0,none,none,manual_review,unknown_distillery|zero_flavor_vector
W001160,lagavulin 8yo,Unknown,Malt,Unknown,Unknown,8yo,Master of Malt / TWE / Whiskybase,,,[],0.0,0.0,0.0,0.0,0.0,none,none,manual_review,unknown_distillery|zero_flavor_vector
W001165,bruichladdich octomore 6.3,Unknown,Malt,Unknown,Unknown,NAS,original_production_data,https://www.whisky.com/whisky-database/details/W001165.html,Raw notes matched from historical dataset,"['bottle_name', 'bottle_name_clean', 'fruity', 'sweet', 'smoky']",0.0,20.0,7.0,10.0,0.0,high,exact,manual_review,unknown_distillery
W001167,wemyss malts kiln embers,Unknown,Malt,Unknown,Unknown,NAS,Master of Malt / TWE / Whiskybase,,,[],0.0,0.0,0.0,0.0,0.0,none,none,manual_review,unknown_distillery|zero_flavor_vector
W001168,bruichladdich octomore 12.2,Unknown,Malt,Unknown,Unknown,12 Year Old,Master of Malt / TWE / Whiskybase,,,[],0.0,0.0,0.0,0.0,0.0,none,none,manual_review,unknown_distillery|zero_flavor_vector
W001169,ardbeg an oa,Unknown,Malt,Unknown,Unknown,NAS,Master of Malt / TWE / Whiskybase,,,[],0.0,0.0,0.0,0.0,0.0,none,none,manual_review,unknown_distillery|zero_flavor_vector
W001170,bruichladdich octomore 10.3,Unknown,Malt,Unknown,Unknown,10 Year Old,Master of Malt / TWE / Whiskybase,,,[],0.0,0.0,0.0,0.0,0.0,none,none,manual_review,unknown_distillery|zero_flavor_vector
W001171,benriach 18yo dunder,Unknown,Malt,Unknown,Unknown,18yo,Master of Malt / TWE / Whiskybase,,,[],0.0,0.0,0.0,0.0,0.0,none,none,manual_review,unknown_distillery|zero_flavor_vector
W001172,bruichladdich octomore 6.1,Unknown,Malt,Unknown,Unknown,NAS,original_production_data,https://www.whisky.com/whisky-database/details/W001172.html,Raw notes matched from historical dataset,"['bottle_name', 'bottle_name_clean', 'fruity', 'sweet', 'smoky']",2.0,1.0,0.0,0.0,0.0,high,exact,manual_review,unknown_distillery
W001173,bruichladdich port charlotte islay barley heavily peated,Unknown,Malt,Islay,Unknown,NAS,Master of Malt / TWE / Whiskybase,,,[],0.0,0.0,0.0,0.0,0.0,none,none,manual_review,unknown_distillery|zero_flavor_vector
W001175,ardbeg kelpie,Unknown,Malt,Unknown,Unknown,NAS,Master of Malt / TWE / Whiskybase,,,[],0.0,0.0,0.0,0.0,0.0,none,none,manual_review,unknown_distillery|zero_flavor_vector
W001176,bunnahabhain ceòbanach,Unknown,Malt,Unknown,Unknown,NAS,Master of Malt / TWE / Whiskybase,,,[],0.0,0.0,0.0,0.0,0.0,none,none,manual_review,unknown_distillery|zero_flavor_vector
W001178,ardbeg perpetuum,Unknown,Malt,Unknown,Unknown,NAS,Master of Malt / TWE / Whiskybase,,,[],0.0,0.0,0.0,0.0,0.0,none,none,manual_review,unknown_distillery|zero_flavor_vector
W001180,game of thrones house lannister lagavulin 9yo,Unknown,Malt,Unknown,Unknown,9yo,Master of Malt / TWE / Whiskybase,,,[],0.0,0.0,0.0,0.0,0.0,none,none,manual_review,unknown_distillery|zero_flavor_vector
W001184,bruichladdich octomore 10.4,Unknown,Malt,Unknown,Unknown,10 Year Old,Master of Malt / TWE / Whiskybase,,,[],0.0,0.0,0.0,0.0,0.0,none,none,manual_review,unknown_distillery|zero_flavor_vector
W001186,connemara turf mor,Unknown,Malt,Unknown,Unknown,NAS,Master of Malt / TWE / Whiskybase,,,[],0.0,0.0,0.0,0.0,0.0,none,none,manual_review,unknown_distillery|zero_flavor_vector
W001188,two brewers release 12 peated,Unknown,Malt,Unknown,Unknown,12 Year Old,Master of Malt / TWE / Whiskybase,,,[],0.0,0.0,0.0,0.0,0.0,none,none,manual_review,unknown_distillery|zero_flavor_vector
W001189,bruichladdich octomore 9.1,Unknown,Malt,Unknown,Unknown,NAS,Master of Malt / TWE / Whiskybase,,,[],0.0,0.0,0.0,0.0,0.0,none,none,manual_review,unknown_distillery|zero_flavor_vector
W001192,lagavulin 11yo offerman edition,Unknown,Malt,Unknown,Unknown,11yo,Master of Malt / TWE / Whiskybase,,,[],0.0,0.0,0.0,0.0,0.0,none,none,manual_review,unknown_distillery|zero_flavor_vector
W001193,bunnahabhain toiteach a dha,Unknown,Malt,Unknown,Unknown,NAS,Master of Malt / TWE / Whiskybase,,,[],0.0,0.0,0.0,0.0,0.0,none,none,manual_review,unknown_distillery|zero_flavor_vector
W001194,big peat christmas edition (all editions),Unknown,Malt,Unknown,Unknown,NAS,Master of Malt / TWE / Whiskybase,,,[],0.0,0.0,0.0,0.0,0.0,none,none,manual_review,unknown_distillery|zero_flavor_vector
W001195,bruichladdich octomore 7.4,Unknown,Malt,Unknown,Unknown,NAS,Master of Malt / TWE / Whiskybase,,,[],0.0,0.0,0.0,0.0,0.0,none,none,manual_review,unknown_distillery|zero_flavor_vector
W001198,kilchoman spring 2011 release,Unknown,Malt,Unknown,Unknown,NAS,Master of Malt / TWE / Whiskybase,,,[],0.0,0.0,0.0,0.0,0.0,none,none,manual_review,unknown_distillery|zero_flavor_vector
W001200,bruichladdich octomore 10.1,Unknown,Malt,Unknown,Unknown,10 Year Old,Master of Malt / TWE / Whiskybase,,,[],0.0,0.0,0.0,0.0,0.0,none,none,manual_review,unknown_distillery|zero_flavor_vector
W001201,bruichladdich octomore 11.2,Unknown,Malt,Unknown,Unknown,NAS,Master of Malt / TWE / Whiskybase,,,[],0.0,0.0,0.0,0.0,0.0,none,none,manual_review,unknown_distillery|zero_flavor_vector
W001209,ileach peated islay cask strength,Unknown,Malt,Islay,Unknown,NAS,Master of Malt / TWE / Whiskybase,,,[],0.0,0.0,0.0,0.0,0.0,none,none,manual_review,unknown_distillery|zero_flavor_vector
W001211,ardbeg drum,Unknown,Malt,Unknown,Unknown,NAS,Master of Malt / TWE / Whiskybase,,,[],0.0,0.0,0.0,0.0,0.0,none,none,manual_review,unknown_distillery|zero_flavor_vector
W001212,bruichladdich octomore 9.2,Unknown,Malt,Unknown,Unknown,NAS,Master of Malt / TWE / Whiskybase,,,[],0.0,0.0,0.0,0.0,0.0,none,none,manual_review,unknown_distillery|zero_flavor_vector
W001214,bunnahabhain toiteach,Unknown,Malt,Unknown,Unknown,NAS,original_production_data,https://www.whisky.com/whisky-database/details/W001214.html,Raw notes matched from historical dataset,"['bottle_name', 'bottle_name_clean', 'fruity', 'sweet', 'smoky']",3.0,5.0,6.0,13.0,0.0,high,exact,manual_review,unknown_distillery
W001215,ancnoc flaughter,Unknown,Malt,Unknown,Unknown,NAS,Master of Malt / TWE / Whiskybase,,,[],0.0,0.0,0.0,0.0,0.0,none,none,manual_review,unknown_distillery|zero_flavor_vector
W001216,benriach 17yo septendecim peated,Unknown,Malt,Unknown,Unknown,17yo,Master of Malt / TWE / Whiskybase,,,[],0.0,0.0,0.0,0.0,0.0,none,none,manual_review,unknown_distillery|zero_flavor_vector
W001217,benromach peat smoke,Unknown,Malt,Unknown,Unknown,NAS,Master of Malt / TWE / Whiskybase,,,[],0.0,0.0,0.0,0.0,0.0,none,none,manual_review,unknown_distillery|zero_flavor_vector
W001219,kilchoman winter 2010 release,Unknown,Malt,Unknown,Unknown,NAS,Master of Malt / TWE / Whiskybase,,,[],0.0,0.0,0.0,0.0,0.0,none,none,manual_review,unknown_distillery|zero_flavor_vector
W001222,ileach peated islay,Unknown,Malt,Islay,Unknown,NAS,Master of Malt / TWE / Whiskybase,,,[],0.0,0.0,0.0,0.0,0.0,none,none,manual_review,unknown_distillery|zero_flavor_vector
W001223,bunnahabhain cruach mhona,Unknown,Malt,Unknown,Unknown,NAS,Master of Malt / TWE / Whiskybase,,,[],0.0,0.0,0.0,0.0,0.0,none,none,manual_review,unknown_distillery|zero_flavor_vector
W001225,milstone peated,Unknown,Malt,Unknown,Unknown,NAS,Master of Malt / TWE / Whiskybase,,,[],0.0,0.0,0.0,0.0,0.0,none,none,manual_review,unknown_distillery|zero_flavor_vector
W001228,santis edition dreifaltigkeit,Unknown,Malt,Unknown,Unknown,NAS,Master of Malt / TWE / Whiskybase,,,[],0.0,0.0,0.0,0.0,0.0,none,none,manual_review,unknown_distillery|zero_flavor_vector
W001229,santis cask strength peated,Unknown,Malt,Unknown,Unknown,NAS,Master of Malt / TWE / Whiskybase,,,[],0.0,0.0,0.0,0.0,0.0,none,none,manual_review,unknown_distillery|zero_flavor_vector
W001231,black bull 40yo,Unknown,Blend,Unknown,Unknown,40yo,Master of Malt / TWE / Whiskybase,,,[],0.0,0.0,0.0,0.0,0.0,none,none,manual_review,unknown_distillery|zero_flavor_vector
W001233,powers 12yo john's lane,Unknown,Blend,Unknown,Unknown,12yo,Master of Malt / TWE / Whiskybase,,,[],0.0,0.0,0.0,0.0,0.0,none,none,manual_review,unknown_distillery|zero_flavor_vector
W001235,yellow spot 12yo,Unknown,Blend,Unknown,Unknown,12yo,Master of Malt / TWE / Whiskybase,,,[],0.0,0.0,0.0,0.0,0.0,none,none,manual_review,unknown_distillery|zero_flavor_vector
W001237,chivas regal ultis,Unknown,Blend,Unknown,Unknown,NAS,Master of Malt / TWE / Whiskybase,,,[],0.0,0.0,0.0,0.0,0.0,none,none,manual_review,unknown_distillery|zero_flavor_vector
W001238,ballantine's 17yo,Unknown,Blend,Unknown,Unknown,17yo,Master of Malt / TWE / Whiskybase,,,[],0.0,0.0,0.0,0.0,0.0,none,none,manual_review,unknown_distillery|zero_flavor_vector
W001239,the irishman cask strength,Unknown,Blend,Unknown,Unknown,NAS,Master of Malt / TWE / Whiskybase,,,[],0.0,0.0,0.0,0.0,0.0,none,none,manual_review,unknown_distillery|zero_flavor_vector
W001240,writers tears pot still cask strength,Unknown,Blend,Unknown,Unknown,NAS,Master of Malt / TWE / Whiskybase,,,[],0.0,0.0,0.0,0.0,0.0,none,none,manual_review,unknown_distillery|zero_flavor_vector
W001242,chivas regal 25yo,Unknown,Blend,Unknown,Unknown,25yo,Master of Malt / TWE / Whiskybase,,,[],0.0,0.0,0.0,0.0,0.0,none,none,manual_review,unknown_distillery|zero_flavor_vector
W001244,jameson 18yo limited reserve,Unknown,Blend,Unknown,Unknown,18yo,Master of Malt / TWE / Whiskybase,,,[],0.0,0.0,0.0,0.0,0.0,none,none,manual_review,unknown_distillery|zero_flavor_vector
W001245,grant's 18yo,Unknown,Blend,Unknown,Unknown,18yo,Master of Malt / TWE / Whiskybase,,,[],0.0,0.0,0.0,0.0,0.0,none,none,manual_review,unknown_distillery|zero_flavor_vector
W001246,whyte & mackay 30yo,Unknown,Blend,Unknown,Unknown,30yo,Master of Malt / TWE / Whiskybase,,,[],0.0,0.0,0.0,0.0,0.0,none,none,manual_review,unknown_distillery|zero_flavor_vector
W001247,hankey bannister heritage,Unknown,Blend,Unknown,Unknown,NAS,Master of Malt / TWE / Whiskybase,,,[],0.0,0.0,0.0,0.0,0.0,none,none,manual_review,unknown_distillery|zero_flavor_vector
W001248,hankey bannister 21yo partner's reserve,Unknown,Blend,Unknown,Unknown,21yo,Master of Malt / TWE / Whiskybase,,,[],0.0,0.0,0.0,0.0,0.0,none,none,manual_review,unknown_distillery|zero_flavor_vector
W001249,powers 12yo reserve,Unknown,Blend,Unknown,Unknown,12yo,Master of Malt / TWE / Whiskybase,,,[],0.0,0.0,0.0,0.0,0.0,none,none,manual_review,unknown_distillery|zero_flavor_vector
W001250,black bull 12yo,Unknown,Blend,Unknown,Unknown,12yo,Master of Malt / TWE / Whiskybase,,,[],0.0,0.0,0.0,0.0,0.0,none,none,manual_review,unknown_distillery|zero_flavor_vector
W001251,buchanan's 18yo special reserve blended,Unknown,Blend,Unknown,Unknown,18yo,Master of Malt / TWE / Whiskybase,,,[],0.0,0.0,0.0,0.0,0.0,none,none,manual_review,unknown_distillery|zero_flavor_vector
W001253,hankey bannister 12yo regency,Unknown,Blend,Unknown,Unknown,12yo,Master of Malt / TWE / Whiskybase,,,[],0.0,0.0,0.0,0.0,0.0,none,none,manual_review,unknown_distillery|zero_flavor_vector
W001254,johnnie walker 15yo green label,Unknown,Blend,Unknown,Unknown,15yo,Master of Malt / TWE / Whiskybase,,,[],0.0,0.0,0.0,0.0,0.0,none,none,manual_review,unknown_distillery|zero_flavor_vector
W001255,nikka 12yo premium blended,Unknown,Blend,Unknown,Unknown,12yo,Master of Malt / TWE / Whiskybase,,,[],0.0,0.0,0.0,0.0,0.0,none,none,manual_review,unknown_distillery|zero_flavor_vector
W001256,powers three swallow,Unknown,Blend,Unknown,Unknown,NAS,Master of Malt / TWE / Whiskybase,,,[],0.0,0.0,0.0,0.0,0.0,none,none,manual_review,unknown_distillery|zero_flavor_vector
W001260,jameson cooper's croze irish whiskey,Unknown,Blend,Unknown,Unknown,NAS,Master of Malt / TWE / Whiskybase,,,[],0.0,0.0,0.0,0.0,0.0,none,none,manual_review,unknown_distillery|zero_flavor_vector
W001261,jameson round irish whiskey,Unknown,Blend,Unknown,Unknown,NAS,Master of Malt / TWE / Whiskybase,,,[],0.0,0.0,0.0,0.0,0.0,none,none,manual_review,unknown_distillery|zero_flavor_vector
W001262,johnnie walker explorer’s club the gold route,Unknown,Blend,Unknown,Unknown,NAS,Master of Malt / TWE / Whiskybase,,,[],0.0,0.0,0.0,0.0,0.0,none,none,manual_review,unknown_distillery|zero_flavor_vector
W001263,ichiro's malt & grain world blended,Unknown,Blend,Unknown,Unknown,NAS,Master of Malt / TWE / Whiskybase,,,[],0.0,0.0,0.0,0.0,0.0,none,none,manual_review,unknown_distillery|zero_flavor_vector
W001264,powers signature release,Unknown,Blend,Unknown,Unknown,NAS,Master of Malt / TWE / Whiskybase,,,[],0.0,0.0,0.0,0.0,0.0,none,none,manual_review,unknown_distillery|zero_flavor_vector
W001265,chivas royal salute 21yo,Unknown,Blend,Unknown,Unknown,21yo,Master of Malt / TWE / Whiskybase,,,[],0.0,0.0,0.0,0.0,0.0,none,none,manual_review,unknown_distillery|zero_flavor_vector
W001266,famous grouse gold reserve 12yo,Unknown,Blend,Unknown,Unknown,12yo,Master of Malt / TWE / Whiskybase,,,[],0.0,0.0,0.0,0.0,0.0,none,none,manual_review,unknown_distillery|zero_flavor_vector
W001267,cutty sark prohibition,Unknown,Blend,Unknown,Unknown,NAS,Master of Malt / TWE / Whiskybase,,,[],0.0,0.0,0.0,0.0,0.0,none,none,manual_review,unknown_distillery|zero_flavor_vector
W001268,grant's 12yo,Unknown,Blend,Unknown,Unknown,12yo,Master of Malt / TWE / Whiskybase,,,[],0.0,0.0,0.0,0.0,0.0,none,none,manual_review,unknown_distillery|zero_flavor_vector
W001270,writers tears pot still irish whiskey,Unknown,Blend,Unknown,Unknown,NAS,Master of Malt / TWE / Whiskybase,,,[],0.0,0.0,0.0,0.0,0.0,none,none,manual_review,unknown_distillery|zero_flavor_vector
W001273,jameson gold reserve,Unknown,Blend,Unknown,Unknown,NAS,Master of Malt / TWE / Whiskybase,,,[],0.0,0.0,0.0,0.0,0.0,none,none,manual_review,unknown_distillery|zero_flavor_vector
W001274,jameson blender's dog irish whiskey,Unknown,Blend,Unknown,Unknown,NAS,Master of Malt / TWE / Whiskybase,,,[],0.0,0.0,0.0,0.0,0.0,none,none,manual_review,unknown_distillery|zero_flavor_vector
W001277,three ships 10yo,Unknown,Blend,Unknown,Unknown,10yo,Master of Malt / TWE / Whiskybase,,,[],0.0,0.0,0.0,0.0,0.0,none,none,manual_review,unknown_distillery|zero_flavor_vector
W001278,jameson select reserve (black barrel),Unknown,Blend,Unknown,Unknown,NAS,Master of Malt / TWE / Whiskybase,,,[],0.0,0.0,0.0,0.0,0.0,none,none,manual_review,unknown_distillery|zero_flavor_vector
W001280,blandnoch pure scot,Unknown,Blend,Unknown,Unknown,NAS,Master of Malt / TWE / Whiskybase,,,[],0.0,0.0,0.0,0.0,0.0,none,none,manual_review,unknown_distillery|zero_flavor_vector
W001281,johnnie walker 10yo rye cask finish,Unknown,Blend,Unknown,Unknown,10yo,Master of Malt / TWE / Whiskybase,,,[],0.0,0.0,0.0,0.0,0.0,none,none,manual_review,unknown_distillery|zero_flavor_vector
W001283,jameson 12yo special reserve,Unknown,Blend,Unknown,Unknown,12yo,Master of Malt / TWE / Whiskybase,,,[],0.0,0.0,0.0,0.0,0.0,none,none,manual_review,unknown_distillery|zero_flavor_vector
W001284,jameson signature reserve,Unknown,Blend,Unknown,Unknown,NAS,Master of Malt / TWE / Whiskybase,,,[],0.0,0.0,0.0,0.0,0.0,none,none,manual_review,unknown_distillery|zero_flavor_vector
W001285,johnnie walker explorer’s club the spice road,Unknown,Blend,Unknown,Unknown,NAS,Master of Malt / TWE / Whiskybase,,,[],0.0,0.0,0.0,0.0,0.0,none,none,manual_review,unknown_distillery|zero_flavor_vector
W001288,johnnie walker explorer’s club the royal route,Unknown,Blend,Unknown,Unknown,NAS,Master of Malt / TWE / Whiskybase,,,[],0.0,0.0,0.0,0.0,0.0,none,none,manual_review,unknown_distillery|zero_flavor_vector
W001289,the irishman founder’s reserve,Unknown,Blend,Unknown,Unknown,NAS,Master of Malt / TWE / Whiskybase,,,[],0.0,0.0,0.0,0.0,0.0,none,none,manual_review,unknown_distillery|zero_flavor_vector
W001290,buchanan's master blended,Unknown,Blend,Unknown,Unknown,NAS,Master of Malt / TWE / Whiskybase,,,[],0.0,0.0,0.0,0.0,0.0,none,none,manual_review,unknown_distillery|zero_flavor_vector
W001293,johnnie walker gold label reserve,Unknown,Blend,Unknown,Unknown,NAS,Master of Malt / TWE / Whiskybase,,,[],0.0,0.0,0.0,0.0,0.0,none,none,manual_review,unknown_distillery|zero_flavor_vector
W001294,suntory old whisky,Unknown,Blend,Unknown,Unknown,NAS,Master of Malt / TWE / Whiskybase,,,[],0.0,0.0,0.0,0.0,0.0,none,none,manual_review,unknown_distillery|zero_flavor_vector
W001296,jameson crested irish whiskey,Unknown,Blend,Unknown,Unknown,NAS,Master of Malt / TWE / Whiskybase,,,[],0.0,0.0,0.0,0.0,0.0,none,none,manual_review,unknown_distillery|zero_flavor_vector
W001297,jameson bold irish whiskey,Unknown,Blend,Unknown,Unknown,NAS,Master of Malt / TWE / Whiskybase,,,[],0.0,0.0,0.0,0.0,0.0,none,none,manual_review,unknown_distillery|zero_flavor_vector
W001298,johnnie walker 12yo black label,Unknown,Blend,Unknown,Unknown,12yo,Master of Malt / TWE / Whiskybase,,,[],0.0,0.0,0.0,0.0,0.0,none,none,manual_review,unknown_distillery|zero_flavor_vector
W001299,nikka blended,Unknown,Blend,Unknown,Unknown,NAS,Master of Malt / TWE / Whiskybase,,,[],0.0,0.0,0.0,0.0,0.0,none,none,manual_review,unknown_distillery|zero_flavor_vector
W001301,jameson distiller's safe irish whiskey,Unknown,Blend,Unknown,Unknown,NAS,Master of Malt / TWE / Whiskybase,,,[],0.0,0.0,0.0,0.0,0.0,none,none,manual_review,unknown_distillery|zero_flavor_vector
W001303,black bottle (pre-2013),Unknown,Blend,Unknown,Unknown,NAS,Master of Malt / TWE / Whiskybase,,,[],0.0,0.0,0.0,0.0,0.0,none,none,manual_review,unknown_distillery|zero_flavor_vector
W001304,lohin mckinnon barley and rye lightly peated,Unknown,Blend,Unknown,Unknown,NAS,Master of Malt / TWE / Whiskybase,,,[],0.0,0.0,0.0,0.0,0.0,none,none,manual_review,unknown_distillery|zero_flavor_vector
W001305,nikka super nikka,Unknown,Blend,Unknown,Unknown,NAS,Master of Malt / TWE / Whiskybase,,,[],0.0,0.0,0.0,0.0,0.0,none,none,manual_review,unknown_distillery|zero_flavor_vector
W001306,the irishman original clan irish whiskey,Unknown,Blend,Unknown,Unknown,NAS,Master of Malt / TWE / Whiskybase,,,[],0.0,0.0,0.0,0.0,0.0,none,none,manual_review,unknown_distillery|zero_flavor_vector
W001307,chivas regal 18yo,Unknown,Blend,Unknown,Unknown,18yo,Master of Malt / TWE / Whiskybase,,,[],0.0,0.0,0.0,0.0,0.0,none,none,manual_review,unknown_distillery|zero_flavor_vector
W001308,bain's cape mountain whisky,Unknown,Grain,Unknown,Unknown,NAS,Master of Malt / TWE / Whiskybase,,,[],0.0,0.0,0.0,0.0,0.0,none,none,manual_review,unknown_distillery|zero_flavor_vector
W001310,bank note 5yo blended scotch,Unknown,Blend,Unknown,Unknown,5yo,Master of Malt / TWE / Whiskybase,,,[],0.0,0.0,0.0,0.0,0.0,none,none,manual_review,unknown_distillery|zero_flavor_vector
W001311,powers gold label,Unknown,Blend,Unknown,Unknown,NAS,Master of Malt / TWE / Whiskybase,,,[],0.0,0.0,0.0,0.0,0.0,none,none,manual_review,unknown_distillery|zero_flavor_vector
W001313,chivas regal mizunara,Unknown,Blend,Unknown,Unknown,NAS,Master of Malt / TWE / Whiskybase,,,[],0.0,0.0,0.0,0.0,0.0,none,none,manual_review,unknown_distillery|zero_flavor_vector
W001314,famous jubilee,Unknown,Blend,Unknown,Unknown,NAS,Master of Malt / TWE / Whiskybase,,,[],0.0,0.0,0.0,0.0,0.0,none,none,manual_review,unknown_distillery|zero_flavor_vector
W001316,buchanan's red seal blended,Unknown,Blend,Unknown,Unknown,NAS,Master of Malt / TWE / Whiskybase,,,[],0.0,0.0,0.0,0.0,0.0,none,none,manual_review,unknown_distillery|zero_flavor_vector
W001317,tullamore dew special reserve 12yo,Unknown,Blend,Unknown,Unknown,12yo,Master of Malt / TWE / Whiskybase,,,[],0.0,0.0,0.0,0.0,0.0,none,none,manual_review,unknown_distillery|zero_flavor_vector
W001318,whyte & mackay 13yo,Unknown,Blend,Unknown,Unknown,13yo,Master of Malt / TWE / Whiskybase,,,[],0.0,0.0,0.0,0.0,0.0,none,none,manual_review,unknown_distillery|zero_flavor_vector
W001319,cutty sark storm,Unknown,Blend,Unknown,Unknown,NAS,Master of Malt / TWE / Whiskybase,,,[],0.0,0.0,0.0,0.0,0.0,none,none,manual_review,unknown_distillery|zero_flavor_vector
W001320,jameson caskmates stout edition,Unknown,Blend,Unknown,Unknown,NAS,Master of Malt / TWE / Whiskybase,,,[],0.0,0.0,0.0,0.0,0.0,none,none,manual_review,unknown_distillery|zero_flavor_vector
W001321,buchanan's 12yo deluxe blended,Unknown,Blend,Unknown,Unknown,12yo,Master of Malt / TWE / Whiskybase,,,[],0.0,0.0,0.0,0.0,0.0,none,none,manual_review,unknown_distillery|zero_flavor_vector
W001322,nikka days,Unknown,Blend,Unknown,Unknown,NAS,Master of Malt / TWE / Whiskybase,,,[],0.0,0.0,0.0,0.0,0.0,none,none,manual_review,unknown_distillery|zero_flavor_vector
W001323,three ships 5yo,Unknown,Blend,Unknown,Unknown,5yo,Master of Malt / TWE / Whiskybase,,,[],0.0,0.0,0.0,0.0,0.0,none,none,manual_review,unknown_distillery|zero_flavor_vector
W001324,black bottle (after 2013 re-launch),Unknown,Blend,Unknown,Unknown,NAS,Master of Malt / TWE / Whiskybase,,,[],0.0,0.0,0.0,0.0,0.0,none,none,manual_review,unknown_distillery|zero_flavor_vector
W001325,catto's rare old,Unknown,Blend,Unknown,Unknown,NAS,Master of Malt / TWE / Whiskybase,,,[],0.0,0.0,0.0,0.0,0.0,none,none,manual_review,unknown_distillery|zero_flavor_vector
W001326,yamazakura 16yo blended whisky,Unknown,Blend,Unknown,Unknown,16yo,Master of Malt / TWE / Whiskybase,,,[],0.0,0.0,0.0,0.0,0.0,none,none,manual_review,unknown_distillery|zero_flavor_vector
W001327,kakubin yellow label (suntory whisky),Unknown,Blend,Unknown,Unknown,NAS,Master of Malt / TWE / Whiskybase,,,[],0.0,0.0,0.0,0.0,0.0,none,none,manual_review,unknown_distillery|zero_flavor_vector
W001328,suntory toki,Unknown,Blend,Unknown,Unknown,NAS,Master of Malt / TWE / Whiskybase,,,[],0.0,0.0,0.0,0.0,0.0,none,none,manual_review,unknown_distillery|zero_flavor_vector
W001329,catto's 12yo,Unknown,Blend,Unknown,Unknown,12yo,Master of Malt / TWE / Whiskybase,,,[],0.0,0.0,0.0,0.0,0.0,none,none,manual_review,unknown_distillery|zero_flavor_vector
W001330,grant's blended sherry cask,Unknown,Blend,Unknown,Unknown,NAS,Master of Malt / TWE / Whiskybase,,,[],0.0,0.0,0.0,0.0,0.0,none,none,manual_review,unknown_distillery|zero_flavor_vector
W001332,dewar's 12yo,Unknown,Blend,Unknown,Unknown,12yo,Master of Malt / TWE / Whiskybase,,,[],0.0,0.0,0.0,0.0,0.0,none,none,manual_review,unknown_distillery|zero_flavor_vector
W001333,west cork original bourbon cask,Unknown,Blend,Unknown,Unknown,NAS,Master of Malt / TWE / Whiskybase,,,[],0.0,0.0,0.0,0.0,0.0,none,none,manual_review,unknown_distillery|zero_flavor_vector
W001334,islay mist 8yo,Unknown,Blend,Islay,Unknown,8yo,Master of Malt / TWE / Whiskybase,,,[],0.0,0.0,0.0,0.0,0.0,none,none,manual_review,unknown_distillery|zero_flavor_vector
W001335,grand macnish,Unknown,Blend,Unknown,Unknown,NAS,Master of Malt / TWE / Whiskybase,,,[],0.0,0.0,0.0,0.0,0.0,none,none,manual_review,unknown_distillery|zero_flavor_vector
W001336,hankey bannister original,Unknown,Blend,Unknown,Unknown,NAS,Master of Malt / TWE / Whiskybase,,,[],0.0,0.0,0.0,0.0,0.0,none,none,manual_review,unknown_distillery|zero_flavor_vector
W001338,jameson lively irish whiskey,Unknown,Blend,Unknown,Unknown,NAS,Master of Malt / TWE / Whiskybase,,,[],0.0,0.0,0.0,0.0,0.0,none,none,manual_review,unknown_distillery|zero_flavor_vector
W001339,highland queen,Unknown,Blend,Highland,Unknown,NAS,Master of Malt / TWE / Whiskybase,,,[],0.0,0.0,0.0,0.0,0.0,none,none,manual_review,unknown_distillery|zero_flavor_vector
W001340,jameson irish whiskey,Unknown,Blend,Unknown,Unknown,NAS,Master of Malt / TWE / Whiskybase,,,[],0.0,0.0,0.0,0.0,0.0,none,none,manual_review,unknown_distillery|zero_flavor_vector
W001341,johnnie walker explorer’s club the adventurer,Unknown,Blend,Unknown,Unknown,NAS,Master of Malt / TWE / Whiskybase,,,[],0.0,0.0,0.0,0.0,0.0,none,none,manual_review,unknown_distillery|zero_flavor_vector
W001342,tullamore dew original blended,Unknown,Blend,Unknown,Unknown,NAS,Master of Malt / TWE / Whiskybase,,,[],0.0,0.0,0.0,0.0,0.0,none,none,manual_review,unknown_distillery|zero_flavor_vector
W001343,2 gingers irish whiskey,Unknown,Blend,Unknown,Unknown,NAS,Master of Malt / TWE / Whiskybase,,,[],0.0,0.0,0.0,0.0,0.0,none,none,manual_review,unknown_distillery|zero_flavor_vector
W001344,john barr reserve (black label),Unknown,Blend,Unknown,Unknown,NAS,Master of Malt / TWE / Whiskybase,,,[],0.0,0.0,0.0,0.0,0.0,none,none,manual_review,unknown_distillery|zero_flavor_vector
W001346,chivas regal 12yo,Unknown,Blend,Unknown,Unknown,12yo,Master of Malt / TWE / Whiskybase,,,[],0.0,0.0,0.0,0.0,0.0,none,none,manual_review,unknown_distillery|zero_flavor_vector
W001348,cutty sark,Unknown,Blend,Unknown,Unknown,NAS,original_production_data,https://www.whisky.com/whisky-database/details/W001348.html,Raw notes matched from historical dataset,"['bottle_name', 'bottle_name_clean', 'fruity', 'sweet', 'smoky']",8.0,3.0,2.0,1.0,3.0,high,exact,manual_review,unknown_distillery
W001349,the quiet man traditional irish whiskey,Unknown,Blend,Unknown,Unknown,NAS,Master of Malt / TWE / Whiskybase,,,[],0.0,0.0,0.0,0.0,0.0,none,none,manual_review,unknown_distillery|zero_flavor_vector
W001350,whyte & mackay special blended,Unknown,Blend,Unknown,Unknown,NAS,Master of Malt / TWE / Whiskybase,,,[],0.0,0.0,0.0,0.0,0.0,none,none,manual_review,unknown_distillery|zero_flavor_vector
W001352,famous grouse,Unknown,Blend,Unknown,Unknown,NAS,original_production_data,https://www.whisky.com/whisky-database/details/W001352.html,Raw notes matched from historical dataset,"['bottle_name', 'bottle_name_clean', 'fruity', 'sweet', 'smoky']",4.0,0.0,0.0,0.0,0.0,high,exact,manual_review,unknown_distillery
W001353,bell's original scotch whisky,Unknown,Blend,Unknown,Unknown,NAS,Master of Malt / TWE / Whiskybase,,,[],0.0,0.0,0.0,0.0,0.0,none,none,manual_review,unknown_distillery|zero_flavor_vector
W001356,johnnie walker white walker (game of thrones),Unknown,Blend,Unknown,Unknown,NAS,Master of Malt / TWE / Whiskybase,,,[],0.0,0.0,0.0,0.0,0.0,none,none,manual_review,unknown_distillery|zero_flavor_vector
W001357,white oak akashi blended,Unknown,Blend,Unknown,Unknown,NAS,Master of Malt / TWE / Whiskybase,,,[],0.0,0.0,0.0,0.0,0.0,none,none,manual_review,unknown_distillery|zero_flavor_vector
W001360,p&m blended whisky,Unknown,Blend,Unknown,Unknown,NAS,Master of Malt / TWE / Whiskybase,,,[],0.0,0.0,0.0,0.0,0.0,none,none,manual_review,unknown_distillery|zero_flavor_vector
W001361,passport blended scotch,Unknown,Blend,Unknown,Unknown,NAS,Master of Malt / TWE / Whiskybase,,,[],0.0,0.0,0.0,0.0,0.0,none,none,manual_review,unknown_distillery|zero_flavor_vector
W001362,whyte & mackay blended triple matured,Unknown,Blend,Unknown,Unknown,NAS,Master of Malt / TWE / Whiskybase,,,[],0.0,0.0,0.0,0.0,0.0,none,none,manual_review,unknown_distillery|zero_flavor_vector
W001364,yamazakura blended whisky,Unknown,Blend,Unknown,Unknown,NAS,Master of Malt / TWE / Whiskybase,,,[],0.0,0.0,0.0,0.0,0.0,none,none,manual_review,unknown_distillery|zero_flavor_vector
W001365,canadian club 43yo chronicles no. 3 the speakeasy,Unknown,Blend,Unknown,Unknown,43yo,Master of Malt / TWE / Whiskybase,,,[],0.0,0.0,0.0,0.0,0.0,none,none,manual_review,unknown_distillery|zero_flavor_vector
W001367,mister sam tribute whisky,Unknown,Blend,Unknown,Unknown,NAS,Master of Malt / TWE / Whiskybase,,,[],0.0,0.0,0.0,0.0,0.0,none,none,manual_review,unknown_distillery|zero_flavor_vector
W001368,booker's rye,Unknown,Rye,Unknown,Unknown,NAS,Master of Malt / TWE / Whiskybase,,,[],0.0,0.0,0.0,0.0,0.0,none,none,manual_review,unknown_distillery|zero_flavor_vector
W001369,crown royal noble collection 13yo blenders’ mash,Unknown,Blend,Unknown,Unknown,13yo,Master of Malt / TWE / Whiskybase,,,[],0.0,0.0,0.0,0.0,0.0,none,none,manual_review,unknown_distillery|zero_flavor_vector
W001370,crown royal noble collection winter wheat (2021),Unknown,Blend,Unknown,Unknown,NAS,Master of Malt / TWE / Whiskybase,,,[],0.0,0.0,0.0,0.0,0.0,none,none,manual_review,unknown_distillery|zero_flavor_vector
W001371,lot 40 cask strength 11yo (2018),Unknown,Rye,Unknown,Unknown,11yo,Master of Malt / TWE / Whiskybase,,,[],0.0,0.0,0.0,0.0,0.0,none,none,manual_review,unknown_distillery|zero_flavor_vector
W001372,lot 40 cask strength (single cask),Unknown,Rye,Unknown,Unknown,NAS,Master of Malt / TWE / Whiskybase,,,[],0.0,0.0,0.0,0.0,0.0,none,none,manual_review,unknown_distillery|zero_flavor_vector
W001373,"canadian rockies 21yo (46%, old label)",Unknown,Blend,Unknown,Unknown,21yo,Master of Malt / TWE / Whiskybase,,,[],0.0,0.0,0.0,0.0,0.0,none,none,manual_review,unknown_distillery|zero_flavor_vector
W001375,j.p. wiser's 35yo (2018),Unknown,Rye,Unknown,Unknown,35yo,Master of Malt / TWE / Whiskybase,,,[],0.0,0.0,0.0,0.0,0.0,none,none,manual_review,unknown_distillery|zero_flavor_vector
W001377,j.p. wiser's 23yo cask strength blend (2019),Unknown,Rye,Unknown,Unknown,23yo,Master of Malt / TWE / Whiskybase,,,[],0.0,0.0,0.0,0.0,0.0,none,none,manual_review,unknown_distillery|zero_flavor_vector
W001378,smooth ambler old scout single barrel rye,Unknown,Rye,Unknown,Unknown,NAS,Master of Malt / TWE / Whiskybase,,,[],0.0,0.0,0.0,0.0,0.0,none,none,manual_review,unknown_distillery|zero_flavor_vector
W001379,canadian club 42yo chronicles no. 2 the dock man,Unknown,Blend,Unknown,Unknown,42yo,Master of Malt / TWE / Whiskybase,,,[],0.0,0.0,0.0,0.0,0.0,none,none,manual_review,unknown_distillery|zero_flavor_vector
W001380,van winkle family reserve rye 13yo,Unknown,Rye,Unknown,Unknown,13yo,Master of Malt / TWE / Whiskybase,,,[],0.0,0.0,0.0,0.0,0.0,none,none,manual_review,unknown_distillery|zero_flavor_vector
W001382,canadian club 41yo chronicles no. 1,Unknown,Blend,Unknown,Unknown,41yo,Master of Malt / TWE / Whiskybase,,,[],0.0,0.0,0.0,0.0,0.0,none,none,manual_review,unknown_distillery|zero_flavor_vector
W001383,lot 40 cask strength 12yo (2017),Unknown,Rye,Unknown,Unknown,12yo,Master of Malt / TWE / Whiskybase,,,[],0.0,0.0,0.0,0.0,0.0,none,none,manual_review,unknown_distillery|zero_flavor_vector
W001385,j.p. wiser's seven rebels,Unknown,Blend,Unknown,Unknown,NAS,Master of Malt / TWE / Whiskybase,,,[],0.0,0.0,0.0,0.0,0.0,none,none,manual_review,unknown_distillery|zero_flavor_vector
W001386,sazerac 18yo,Unknown,Rye,Unknown,Unknown,18yo,Master of Malt / TWE / Whiskybase,,,[],0.0,0.0,0.0,0.0,0.0,none,none,manual_review,unknown_distillery|zero_flavor_vector
W001387,j.p. wiser's dissertation,Unknown,Blend,Unknown,Unknown,NAS,Master of Malt / TWE / Whiskybase,,,[],0.0,0.0,0.0,0.0,0.0,none,none,manual_review,unknown_distillery|zero_flavor_vector
W001388,canadian club 30yo,Unknown,Blend,Unknown,Unknown,30yo,Master of Malt / TWE / Whiskybase,,,[],0.0,0.0,0.0,0.0,0.0,none,none,manual_review,unknown_distillery|zero_flavor_vector
W001389,canadian rockies 35yo,Unknown,Blend,Unknown,Unknown,35yo,Master of Malt / TWE / Whiskybase,,,[],0.0,0.0,0.0,0.0,0.0,none,none,manual_review,unknown_distillery|zero_flavor_vector
W001390,j.p. wiser's 35yo (2017),Unknown,Rye,Unknown,Unknown,35yo,Master of Malt / TWE / Whiskybase,,,[],0.0,0.0,0.0,0.0,0.0,none,none,manual_review,unknown_distillery|zero_flavor_vector
W001392,little book chapter 2 noe simple task,Unknown,Blend,Unknown,Unknown,NAS,Master of Malt / TWE / Whiskybase,,,[],0.0,0.0,0.0,0.0,0.0,none,none,manual_review,unknown_distillery|zero_flavor_vector
W001394,canadian club 40yo,Unknown,Blend,Unknown,Unknown,40yo,Master of Malt / TWE / Whiskybase,,,[],0.0,0.0,0.0,0.0,0.0,none,none,manual_review,unknown_distillery|zero_flavor_vector
W001396,canadian rockies 21yo (all editions),Unknown,Blend,Unknown,Unknown,21yo,Master of Malt / TWE / Whiskybase,,,[],0.0,0.0,0.0,0.0,0.0,none,none,manual_review,unknown_distillery|zero_flavor_vector
W001397,j.p. wiser's 22yo port cask finished,Unknown,Rye,Unknown,Unknown,22yo,Master of Malt / TWE / Whiskybase,,,[],0.0,0.0,0.0,0.0,0.0,none,none,manual_review,unknown_distillery|zero_flavor_vector
W001401,j.p. wiser's alumni series wendel clark 11yo,Unknown,Rye,Unknown,Unknown,11yo,Master of Malt / TWE / Whiskybase,,,[],0.0,0.0,0.0,0.0,0.0,none,none,manual_review,unknown_distillery|zero_flavor_vector
W001403,alberta premium cask strength rye (batch 2 66% 2020),Unknown,Blend,Unknown,Unknown,NAS,Master of Malt / TWE / Whiskybase,,,[],0.0,0.0,0.0,0.0,0.0,none,none,manual_review,unknown_distillery|zero_flavor_vector
W001406,j.p. wiser's union 52,Unknown,Blend,Unknown,Unknown,NAS,Master of Malt / TWE / Whiskybase,,,[],0.0,0.0,0.0,0.0,0.0,none,none,manual_review,unknown_distillery|zero_flavor_vector
W001407,lot 40,Unknown,Rye,Unknown,Unknown,NAS,Master of Malt / TWE / Whiskybase,,,[],0.0,0.0,0.0,0.0,0.0,none,none,manual_review,unknown_distillery|zero_flavor_vector
W001408,gibson's finest rare 18yo,Unknown,Blend,Unknown,Unknown,18yo,Master of Malt / TWE / Whiskybase,,,[],0.0,0.0,0.0,0.0,0.0,none,none,manual_review,unknown_distillery|zero_flavor_vector
W001412,little book chapter 3 the road home,Unknown,Blend,Unknown,Unknown,NAS,Master of Malt / TWE / Whiskybase,,,[],0.0,0.0,0.0,0.0,0.0,none,none,manual_review,unknown_distillery|zero_flavor_vector
W001415,alberta premium cask strength rye (all batches),Unknown,Blend,Unknown,Unknown,NAS,Master of Malt / TWE / Whiskybase,,,[],0.0,0.0,0.0,0.0,0.0,none,none,manual_review,unknown_distillery|zero_flavor_vector
W001416,alberta premium cask strength rye (batch 1 65.1% 2019),Unknown,Blend,Unknown,Unknown,NAS,Master of Malt / TWE / Whiskybase,,,[],0.0,0.0,0.0,0.0,0.0,none,none,manual_review,unknown_distillery|zero_flavor_vector
W001417,little book (all chapters),Unknown,Blend,Unknown,Unknown,NAS,Master of Malt / TWE / Whiskybase,,,[],0.0,0.0,0.0,0.0,0.0,none,none,manual_review,unknown_distillery|zero_flavor_vector
W001418,pike creek 21yo finished in oloroso sherry casks (2019),Unknown,Blend,Unknown,Unknown,21yo,Master of Malt / TWE / Whiskybase,,,[],0.0,0.0,0.0,0.0,0.0,none,none,manual_review,unknown_distillery|zero_flavor_vector
W001419,masterson's straight rye 10yo,Unknown,Rye,Unknown,Unknown,10yo,Master of Malt / TWE / Whiskybase,,,[],0.0,0.0,0.0,0.0,0.0,none,none,manual_review,unknown_distillery|zero_flavor_vector
W001420,j.p. wiser's alumni series mark messier 11yo,Unknown,Rye,Unknown,Unknown,11yo,Master of Malt / TWE / Whiskybase,,,[],0.0,0.0,0.0,0.0,0.0,none,none,manual_review,unknown_distillery|zero_flavor_vector
W001421,pikesville straight rye,Unknown,Rye,Unknown,Unknown,NAS,Master of Malt / TWE / Whiskybase,,,[],0.0,0.0,0.0,0.0,0.0,none,none,manual_review,unknown_distillery|zero_flavor_vector
W001426,crown royal hand selected barrel,Unknown,Blend,Unknown,Unknown,NAS,Master of Malt / TWE / Whiskybase,,,[],0.0,0.0,0.0,0.0,0.0,none,none,manual_review,unknown_distillery|zero_flavor_vector
W001427,j.p. wiser's alumni series dave keon 14yo,Unknown,Rye,Unknown,Unknown,14yo,Master of Malt / TWE / Whiskybase,,,[],0.0,0.0,0.0,0.0,0.0,none,none,manual_review,unknown_distillery|zero_flavor_vector
W001428,lot 40 cask strength third edition (2019),Unknown,Rye,Unknown,Unknown,NAS,Master of Malt / TWE / Whiskybase,,,[],0.0,0.0,0.0,0.0,0.0,none,none,manual_review,unknown_distillery|zero_flavor_vector
W001430,"canadian rockies 21yo (46%, new label)",Unknown,Blend,Unknown,Unknown,21yo,Master of Malt / TWE / Whiskybase,,,[],0.0,0.0,0.0,0.0,0.0,none,none,manual_review,unknown_distillery|zero_flavor_vector
W001440,russell's reserve 6yo rye,Unknown,Rye,Unknown,Unknown,6yo,Master of Malt / TWE / Whiskybase,,,[],0.0,0.0,0.0,0.0,0.0,none,none,manual_review,unknown_distillery|zero_flavor_vector
W001442,lot 40 dark oak,Unknown,Rye,Unknown,Unknown,NAS,Master of Malt / TWE / Whiskybase,,,[],0.0,0.0,0.0,0.0,0.0,none,none,manual_review,unknown_distillery|zero_flavor_vector
W001443,barrell rye (all batches),Unknown,Rye,Unknown,Unknown,NAS,Master of Malt / TWE / Whiskybase,,,[],0.0,0.0,0.0,0.0,0.0,none,none,manual_review,unknown_distillery|zero_flavor_vector
W001444,highwood ninety rye 20yo,Unknown,Blend,Unknown,Unknown,20yo,Master of Malt / TWE / Whiskybase,,,[],0.0,0.0,0.0,0.0,0.0,none,none,manual_review,unknown_distillery|zero_flavor_vector
W001448,j.p. wiser's alumni series yvan cournoyer 12yo,Unknown,Rye,Unknown,Unknown,12yo,Master of Malt / TWE / Whiskybase,,,[],0.0,0.0,0.0,0.0,0.0,none,none,manual_review,unknown_distillery|zero_flavor_vector
W001449,angel’s envy rye (rum-finished),Unknown,Rye,Unknown,Unknown,NAS,Master of Malt / TWE / Whiskybase,,,[],0.0,0.0,0.0,0.0,0.0,none,none,manual_review,unknown_distillery|zero_flavor_vector
W001450,century reserve 21yo,Unknown,Blend,Unknown,Unknown,21yo,Master of Malt / TWE / Whiskybase,,,[],0.0,0.0,0.0,0.0,0.0,none,none,manual_review,unknown_distillery|zero_flavor_vector
W001451,few rye whisky,Unknown,Rye,Unknown,Unknown,NAS,Master of Malt / TWE / Whiskybase,,,[],0.0,0.0,0.0,0.0,0.0,none,none,manual_review,unknown_distillery|zero_flavor_vector
W001452,alberta rye dark batch,Unknown,Blend,Unknown,Unknown,NAS,Master of Malt / TWE / Whiskybase,,,[],0.0,0.0,0.0,0.0,0.0,none,none,manual_review,unknown_distillery|zero_flavor_vector
W001453,pike creek 21yo double barrel speyside cask finish (2017),Unknown,Blend,Speyside,Unknown,21yo,Master of Malt / TWE / Whiskybase,,,[],0.0,0.0,0.0,0.0,0.0,none,none,manual_review,unknown_distillery|zero_flavor_vector
W001454,wayne gretzky no. 99 ninety nine proof,Unknown,Blend,Unknown,Unknown,NAS,Master of Malt / TWE / Whiskybase,,,[],0.0,0.0,0.0,0.0,0.0,none,none,manual_review,unknown_distillery|zero_flavor_vector
W001456,little book chapter 1 the easy,Unknown,Blend,Unknown,Unknown,NAS,Master of Malt / TWE / Whiskybase,,,[],0.0,0.0,0.0,0.0,0.0,none,none,manual_review,unknown_distillery|zero_flavor_vector
W001457,masterson's straight wheat 12yo,Unknown,Wheat,Unknown,Unknown,12yo,Master of Malt / TWE / Whiskybase,,,[],0.0,0.0,0.0,0.0,0.0,none,none,manual_review,unknown_distillery|zero_flavor_vector
W001458,crown royal noble collection wine barrel finished,Unknown,Blend,Unknown,Unknown,NAS,Master of Malt / TWE / Whiskybase,,,[],0.0,0.0,0.0,0.0,0.0,none,none,manual_review,unknown_distillery|zero_flavor_vector
W001460,j.p. wiser's seasoned oak 19yo,Unknown,Blend,Unknown,Unknown,19yo,Master of Malt / TWE / Whiskybase,,,[],0.0,0.0,0.0,0.0,0.0,none,none,manual_review,unknown_distillery|zero_flavor_vector
W001461,pike creek 15yo cabernet sauvingon finish,Unknown,Blend,Unknown,Unknown,15yo,Master of Malt / TWE / Whiskybase,,,[],0.0,0.0,0.0,0.0,0.0,none,none,manual_review,unknown_distillery|zero_flavor_vector
W001463,j.p. wiser's one fifty,Unknown,Blend,Unknown,Unknown,NAS,Master of Malt / TWE / Whiskybase,,,[],0.0,0.0,0.0,0.0,0.0,none,none,manual_review,unknown_distillery|zero_flavor_vector
W001464,smooth ambler old scout 7yo rye,Unknown,Rye,Unknown,Unknown,7yo,Master of Malt / TWE / Whiskybase,,,[],0.0,0.0,0.0,0.0,0.0,none,none,manual_review,unknown_distillery|zero_flavor_vector
W001465,crown royal monarch 75th anniversary,Unknown,Blend,Unknown,Unknown,NAS,Master of Malt / TWE / Whiskybase,,,[],0.0,0.0,0.0,0.0,0.0,none,none,manual_review,unknown_distillery|zero_flavor_vector
W001467,j.p. wiser's canada 2018,Unknown,Rye,Unknown,Unknown,NAS,Master of Malt / TWE / Whiskybase,,,[],0.0,0.0,0.0,0.0,0.0,none,none,manual_review,unknown_distillery|zero_flavor_vector
W001470,canadian club 20yo,Unknown,Blend,Unknown,Unknown,20yo,Master of Malt / TWE / Whiskybase,,,[],0.0,0.0,0.0,0.0,0.0,none,none,manual_review,unknown_distillery|zero_flavor_vector
W001473,crown royal blender's select,Unknown,Blend,Unknown,Unknown,NAS,Master of Malt / TWE / Whiskybase,,,[],0.0,0.0,0.0,0.0,0.0,none,none,manual_review,unknown_distillery|zero_flavor_vector
W001474,pike creek 21yo double barrel european oak cask (2018),Unknown,Blend,Unknown,Unknown,21yo,Master of Malt / TWE / Whiskybase,,,[],0.0,0.0,0.0,0.0,0.0,none,none,manual_review,unknown_distillery|zero_flavor_vector
W001475,collingwood 21yo,Unknown,Blend,Unknown,Unknown,21yo,Master of Malt / TWE / Whiskybase,,,[],0.0,0.0,0.0,0.0,0.0,none,none,manual_review,unknown_distillery|zero_flavor_vector
W001476,jefferson's straight rye 10yo,Unknown,Rye,Unknown,Unknown,10yo,Master of Malt / TWE / Whiskybase,,,[],0.0,0.0,0.0,0.0,0.0,none,none,manual_review,unknown_distillery|zero_flavor_vector
W001481,j.p. wiser's alumni series larry robinson 6yo,Unknown,Rye,Unknown,Unknown,6yo,Master of Malt / TWE / Whiskybase,,,[],0.0,0.0,0.0,0.0,0.0,none,none,manual_review,unknown_distillery|zero_flavor_vector
W001486,masterson's straight barley 10yo,Unknown,Barley,Unknown,Unknown,10yo,Master of Malt / TWE / Whiskybase,,,[],0.0,0.0,0.0,0.0,0.0,none,none,manual_review,unknown_distillery|zero_flavor_vector
W001487,alberta premium 20yo,Unknown,Blend,Unknown,Unknown,20yo,Master of Malt / TWE / Whiskybase,,,[],0.0,0.0,0.0,0.0,0.0,none,none,manual_review,unknown_distillery|zero_flavor_vector
W001488,canadian rockies 21yo (40%),Unknown,Blend,Unknown,Unknown,21yo,Master of Malt / TWE / Whiskybase,,,[],0.0,0.0,0.0,0.0,0.0,none,none,manual_review,unknown_distillery|zero_flavor_vector
W001489,crown royal northern harvest rye,Unknown,Blend,Unknown,Unknown,NAS,original_production_data,https://www.whisky.com/whisky-database/details/W001489.html,Raw notes matched from historical dataset,"['bottle_name', 'bottle_name_clean', 'fruity', 'sweet', 'smoky']",13.0,4.0,0.0,0.0,2.0,high,exact,manual_review,unknown_distillery
W001490,j.p. wiser's 18yo,Unknown,Blend,Unknown,Unknown,18yo,Master of Malt / TWE / Whiskybase,,,[],0.0,0.0,0.0,0.0,0.0,none,none,manual_review,unknown_distillery|zero_flavor_vector
W001491,j.p. wiser's wheatfield gold,Unknown,Blend,Unknown,Unknown,NAS,Master of Malt / TWE / Whiskybase,,,[],0.0,0.0,0.0,0.0,0.0,none,none,manual_review,unknown_distillery|zero_flavor_vector
W001492,stalk & barrel rye,Unknown,Blend,Unknown,Unknown,NAS,Master of Malt / TWE / Whiskybase,,,[],0.0,0.0,0.0,0.0,0.0,none,none,manual_review,unknown_distillery|zero_flavor_vector
W001495,crown royal xo,Unknown,Blend,Unknown,Unknown,NAS,Master of Malt / TWE / Whiskybase,,,[],0.0,0.0,0.0,0.0,0.0,none,none,manual_review,unknown_distillery|zero_flavor_vector
W001496,danfield's 21yo,Unknown,Blend,Unknown,Unknown,21yo,Master of Malt / TWE / Whiskybase,,,[],0.0,0.0,0.0,0.0,0.0,none,none,manual_review,unknown_distillery|zero_flavor_vector
W001497,j.p. wiser's small batch,Unknown,Blend,Unknown,Unknown,NAS,Master of Malt / TWE / Whiskybase,,,[],0.0,0.0,0.0,0.0,0.0,none,none,manual_review,unknown_distillery|zero_flavor_vector
W001498,crown royal noble collection french oak cask finished,Unknown,Blend,Unknown,Unknown,NAS,Master of Malt / TWE / Whiskybase,,,[],0.0,0.0,0.0,0.0,0.0,none,none,manual_review,unknown_distillery|zero_flavor_vector
W001499,j.p. wiser's alumni series guy lafleur 10yo,Unknown,Blend,Unknown,Unknown,10yo,Master of Malt / TWE / Whiskybase,,,[],0.0,0.0,0.0,0.0,0.0,none,none,manual_review,unknown_distillery|zero_flavor_vector
W001500,j.p. wiser's triple barrel rye,Unknown,Blend,Unknown,Unknown,NAS,Master of Malt / TWE / Whiskybase,,,[],0.0,0.0,0.0,0.0,0.0,none,none,manual_review,unknown_distillery|zero_flavor_vector
W001501,knob creek small batch straight rye whiskey,Unknown,Rye,Unknown,Unknown,NAS,Master of Malt / TWE / Whiskybase,,,[],0.0,0.0,0.0,0.0,0.0,none,none,manual_review,unknown_distillery|zero_flavor_vector
W001502,barrell rye batch 002,Unknown,Rye,Unknown,Unknown,NAS,Master of Malt / TWE / Whiskybase,,,[],0.0,0.0,0.0,0.0,0.0,none,none,manual_review,unknown_distillery|zero_flavor_vector
W001503,crown royal noble collection cornerstone blend,Unknown,Blend,Unknown,Unknown,NAS,Master of Malt / TWE / Whiskybase,,,[],0.0,0.0,0.0,0.0,0.0,none,none,manual_review,unknown_distillery|zero_flavor_vector
W001505,pike creek 10yo rum-finished,Unknown,Blend,Unknown,Unknown,10yo,Master of Malt / TWE / Whiskybase,,,[],0.0,0.0,0.0,0.0,0.0,none,none,manual_review,unknown_distillery|zero_flavor_vector
W001506,caribou crossing single barrel,Unknown,Blend,Unknown,Unknown,NAS,Master of Malt / TWE / Whiskybase,,,[],0.0,0.0,0.0,0.0,0.0,none,none,manual_review,unknown_distillery|zero_flavor_vector
W001508,george dickel rye,Unknown,Rye,Unknown,Unknown,NAS,Master of Malt / TWE / Whiskybase,,,[],0.0,0.0,0.0,0.0,0.0,none,none,manual_review,unknown_distillery|zero_flavor_vector
W001509,millstone 100 rye,Unknown,Rye,Unknown,Unknown,NAS,Master of Malt / TWE / Whiskybase,,,[],0.0,0.0,0.0,0.0,0.0,none,none,manual_review,unknown_distillery|zero_flavor_vector
W001510,parker’s heritage 13th 2019 8yo heavy char barrels rye,Unknown,Rye,Unknown,Unknown,8yo,Master of Malt / TWE / Whiskybase,,,[],0.0,0.0,0.0,0.0,0.0,none,none,manual_review,unknown_distillery|zero_flavor_vector
W001511,prichard’s rye,Unknown,Rye,Unknown,Unknown,NAS,Master of Malt / TWE / Whiskybase,,,[],0.0,0.0,0.0,0.0,0.0,none,none,manual_review,unknown_distillery|zero_flavor_vector
W001515,crown royal reserve,Unknown,Blend,Unknown,Unknown,NAS,Master of Malt / TWE / Whiskybase,,,[],0.0,0.0,0.0,0.0,0.0,none,none,manual_review,unknown_distillery|zero_flavor_vector
W001516,basil hayden's rye whiskey,Unknown,Rye,Unknown,Unknown,NAS,Master of Malt / TWE / Whiskybase,,,[],0.0,0.0,0.0,0.0,0.0,none,none,manual_review,unknown_distillery|zero_flavor_vector
W001517,bearface triple oak 7yo,Unknown,Rye,Unknown,Unknown,7yo,Master of Malt / TWE / Whiskybase,,,[],0.0,0.0,0.0,0.0,0.0,none,none,manual_review,unknown_distillery|zero_flavor_vector
W001519,stalk & barrel rye (cask strength),Unknown,Blend,Unknown,Unknown,NAS,Master of Malt / TWE / Whiskybase,,,[],0.0,0.0,0.0,0.0,0.0,none,none,manual_review,unknown_distillery|zero_flavor_vector
W001522,centennial 10yo,Unknown,Blend,Unknown,Unknown,10yo,Master of Malt / TWE / Whiskybase,,,[],0.0,0.0,0.0,0.0,0.0,none,none,manual_review,unknown_distillery|zero_flavor_vector
W001523,canadian rockies 17yo,Unknown,Blend,Unknown,Unknown,17yo,Master of Malt / TWE / Whiskybase,,,[],0.0,0.0,0.0,0.0,0.0,none,none,manual_review,unknown_distillery|zero_flavor_vector
W001524,canadian club reserve 10yo,Unknown,Blend,Unknown,Unknown,10yo,Master of Malt / TWE / Whiskybase,,,[],0.0,0.0,0.0,0.0,0.0,none,none,manual_review,unknown_distillery|zero_flavor_vector
W001527,j.p. wiser's alumni series martin brodeur 12yo,Unknown,Rye,Unknown,Unknown,12yo,Master of Malt / TWE / Whiskybase,,,[],0.0,0.0,0.0,0.0,0.0,none,none,manual_review,unknown_distillery|zero_flavor_vector
W001529,crown royal limited edition,Unknown,Blend,Unknown,Unknown,NAS,Master of Malt / TWE / Whiskybase,,,[],0.0,0.0,0.0,0.0,0.0,none,none,manual_review,unknown_distillery|zero_flavor_vector
W001531,j.p. wiser's 15yo,Unknown,Blend,Unknown,Unknown,15yo,Master of Malt / TWE / Whiskybase,,,[],0.0,0.0,0.0,0.0,0.0,none,none,manual_review,unknown_distillery|zero_flavor_vector
W001532,j.p. wiser's double still rye,Unknown,Blend,Unknown,Unknown,NAS,Master of Malt / TWE / Whiskybase,,,[],0.0,0.0,0.0,0.0,0.0,none,none,manual_review,unknown_distillery|zero_flavor_vector
W001533,old overholt bonded,Unknown,Rye,Unknown,Unknown,NAS,Master of Malt / TWE / Whiskybase,,,[],0.0,0.0,0.0,0.0,0.0,none,none,manual_review,unknown_distillery|zero_flavor_vector
W001534,yellow rose straight rye,Unknown,Rye,Unknown,Unknown,NAS,Master of Malt / TWE / Whiskybase,,,[],0.0,0.0,0.0,0.0,0.0,none,none,manual_review,unknown_distillery|zero_flavor_vector
W001535,canadian club 100% rye,Unknown,Rye,Unknown,Unknown,NAS,Master of Malt / TWE / Whiskybase,,,[],0.0,0.0,0.0,0.0,0.0,none,none,manual_review,unknown_distillery|zero_flavor_vector
W001536,alberta springs 10yo,Unknown,Blend,Unknown,Unknown,10yo,Master of Malt / TWE / Whiskybase,,,[],0.0,0.0,0.0,0.0,0.0,none,none,manual_review,unknown_distillery|zero_flavor_vector
W001539,crown royal black,Unknown,Blend,Unknown,Unknown,NAS,Master of Malt / TWE / Whiskybase,,,[],0.0,0.0,0.0,0.0,0.0,none,none,manual_review,unknown_distillery|zero_flavor_vector
W001540,pike creek 10yo port-finished,Unknown,Blend,Unknown,Unknown,10yo,Master of Malt / TWE / Whiskybase,,,[],0.0,0.0,0.0,0.0,0.0,none,none,manual_review,unknown_distillery|zero_flavor_vector
W001541,wayne gretzky no. 99 ice cask,Unknown,Blend,Unknown,Unknown,NAS,Master of Malt / TWE / Whiskybase,,,[],0.0,0.0,0.0,0.0,0.0,none,none,manual_review,unknown_distillery|zero_flavor_vector
W001543,gibson's bold 8yo,Unknown,Blend,Unknown,Unknown,8yo,Master of Malt / TWE / Whiskybase,,,[],0.0,0.0,0.0,0.0,0.0,none,none,manual_review,unknown_distillery|zero_flavor_vector
W001545,j.p. wiser's alumni series paul coffey 7yo,Unknown,Rye,Unknown,Unknown,7yo,Master of Malt / TWE / Whiskybase,,,[],0.0,0.0,0.0,0.0,0.0,none,none,manual_review,unknown_distillery|zero_flavor_vector
W001546,stalk & barrel red blend,Unknown,Blend,Unknown,Unknown,NAS,Master of Malt / TWE / Whiskybase,,,[],0.0,0.0,0.0,0.0,0.0,none,none,manual_review,unknown_distillery|zero_flavor_vector
W001548,stalk & barrel 11+1 canadian whisky,Unknown,Blend,Unknown,Unknown,NAS,Master of Malt / TWE / Whiskybase,,,[],0.0,0.0,0.0,0.0,0.0,none,none,manual_review,unknown_distillery|zero_flavor_vector
W001549,crown royal bourbon mash (blender's mash),Unknown,Blend,Unknown,Unknown,NAS,Master of Malt / TWE / Whiskybase,,,[],0.0,0.0,0.0,0.0,0.0,none,none,manual_review,unknown_distillery|zero_flavor_vector
W001550,canadian club sherry cask,Unknown,Blend,Unknown,Unknown,NAS,Master of Malt / TWE / Whiskybase,,,[],0.0,0.0,0.0,0.0,0.0,none,none,manual_review,unknown_distillery|zero_flavor_vector
W001551,pendleton 1910,Unknown,Blend,Unknown,Unknown,NAS,Master of Malt / TWE / Whiskybase,,,[],0.0,0.0,0.0,0.0,0.0,none,none,manual_review,unknown_distillery|zero_flavor_vector
W001554,canadian club classic 12yo (small batch),Unknown,Blend,Unknown,Unknown,12yo,Master of Malt / TWE / Whiskybase,,,[],0.0,0.0,0.0,0.0,0.0,none,none,manual_review,unknown_distillery|zero_flavor_vector
W001555,century reserve lot 15/25,Unknown,Blend,Unknown,Unknown,15 Year Old,Master of Malt / TWE / Whiskybase,,,[],0.0,0.0,0.0,0.0,0.0,none,none,manual_review,unknown_distillery|zero_flavor_vector
W001556,j.p. wiser's alumni series lanny macdonald 9yo,Unknown,Blend,Unknown,Unknown,9yo,Master of Malt / TWE / Whiskybase,,,[],0.0,0.0,0.0,0.0,0.0,none,none,manual_review,unknown_distillery|zero_flavor_vector
W001558,j.p. wiser's alumni series darryl sitter 10yo,Unknown,Rye,Unknown,Unknown,10yo,Master of Malt / TWE / Whiskybase,,,[],0.0,0.0,0.0,0.0,0.0,none,none,manual_review,unknown_distillery|zero_flavor_vector
W001559,j.p. wiser's hopped,Unknown,Blend,Unknown,Unknown,NAS,Master of Malt / TWE / Whiskybase,,,[],0.0,0.0,0.0,0.0,0.0,none,none,manual_review,unknown_distillery|zero_flavor_vector
W001561,alberta premium,Unknown,Blend,Unknown,Unknown,NAS,Master of Malt / TWE / Whiskybase,,,[],0.0,0.0,0.0,0.0,0.0,none,none,manual_review,unknown_distillery|zero_flavor_vector
W001562,royal canadian small batch,Unknown,Blend,Unknown,Unknown,NAS,Master of Malt / TWE / Whiskybase,,,[],0.0,0.0,0.0,0.0,0.0,none,none,manual_review,unknown_distillery|zero_flavor_vector
W001563,canada gold,Unknown,Blend,Unknown,Unknown,NAS,Master of Malt / TWE / Whiskybase,,,[],0.0,0.0,0.0,0.0,0.0,none,none,manual_review,unknown_distillery|zero_flavor_vector
W001564,ezra brooks rye,Unknown,Rye,Unknown,Unknown,NAS,Master of Malt / TWE / Whiskybase,,,[],0.0,0.0,0.0,0.0,0.0,none,none,manual_review,unknown_distillery|zero_flavor_vector
W001565,j.p. wiser's deluxe,Unknown,Blend,Unknown,Unknown,NAS,Master of Malt / TWE / Whiskybase,,,[],0.0,0.0,0.0,0.0,0.0,none,none,manual_review,unknown_distillery|zero_flavor_vector
W001566,basil hayden’s two by two rye,Unknown,Rye,Unknown,Unknown,NAS,Master of Malt / TWE / Whiskybase,,,[],0.0,0.0,0.0,0.0,0.0,none,none,manual_review,unknown_distillery|zero_flavor_vector
W001567,basil hayden’s dark rye,Unknown,Rye,Unknown,Unknown,NAS,Master of Malt / TWE / Whiskybase,,,[],0.0,0.0,0.0,0.0,0.0,none,none,manual_review,unknown_distillery|zero_flavor_vector
W001569,coyote ugly,Unknown,Blend,Unknown,Unknown,NAS,Master of Malt / TWE / Whiskybase,,,[],0.0,0.0,0.0,0.0,0.0,none,none,manual_review,unknown_distillery|zero_flavor_vector
W001571,collingwood,Unknown,Blend,Unknown,Unknown,NAS,Master of Malt / TWE / Whiskybase,,,[],0.0,0.0,0.0,0.0,0.0,none,none,manual_review,unknown_distillery|zero_flavor_vector
W001572,gibson's finest sterling,Unknown,Blend,Unknown,Unknown,NAS,Master of Malt / TWE / Whiskybase,,,[],0.0,0.0,0.0,0.0,0.0,none,none,manual_review,unknown_distillery|zero_flavor_vector
W001573,stalk & barrel blue blend,Unknown,Blend,Unknown,Unknown,NAS,Master of Malt / TWE / Whiskybase,,,[],0.0,0.0,0.0,0.0,0.0,none,none,manual_review,unknown_distillery|zero_flavor_vector
W001575,canadian club reserve 9yo,Unknown,Blend,Unknown,Unknown,9yo,Master of Malt / TWE / Whiskybase,,,[],0.0,0.0,0.0,0.0,0.0,none,none,manual_review,unknown_distillery|zero_flavor_vector
W001576,wayne gretzky no. 99 red cask,Unknown,Blend,Unknown,Unknown,NAS,Master of Malt / TWE / Whiskybase,,,[],0.0,0.0,0.0,0.0,0.0,none,none,manual_review,unknown_distillery|zero_flavor_vector
W001577,j.p. wiser's rye,Unknown,Blend,Unknown,Unknown,NAS,Master of Malt / TWE / Whiskybase,,,[],0.0,0.0,0.0,0.0,0.0,none,none,manual_review,unknown_distillery|zero_flavor_vector
W001578,pendleton (let'er buck),Unknown,Blend,Unknown,Unknown,NAS,Master of Malt / TWE / Whiskybase,,,[],0.0,0.0,0.0,0.0,0.0,none,none,manual_review,unknown_distillery|zero_flavor_vector
W001579,canadian club barley batch,Unknown,Blend,Unknown,Unknown,NAS,Master of Malt / TWE / Whiskybase,,,[],0.0,0.0,0.0,0.0,0.0,none,none,manual_review,unknown_distillery|zero_flavor_vector
W001580,highwood ninety 5yo,Unknown,Blend,Unknown,Unknown,5yo,Master of Malt / TWE / Whiskybase,,,[],0.0,0.0,0.0,0.0,0.0,none,none,manual_review,unknown_distillery|zero_flavor_vector
W001581,gibson's finest 12yo,Unknown,Blend,Unknown,Unknown,12yo,Master of Malt / TWE / Whiskybase,,,[],0.0,0.0,0.0,0.0,0.0,none,none,manual_review,unknown_distillery|zero_flavor_vector
W001582,twelve barrels,Unknown,Blend,Unknown,Unknown,NAS,Master of Malt / TWE / Whiskybase,,,[],0.0,0.0,0.0,0.0,0.0,none,none,manual_review,unknown_distillery|zero_flavor_vector
W001583,basil hayden’s caribbean reserve rye,Unknown,Rye,Unknown,Unknown,NAS,Master of Malt / TWE / Whiskybase,,,[],0.0,0.0,0.0,0.0,0.0,none,none,manual_review,unknown_distillery|zero_flavor_vector
W001584,old overholt,Unknown,Rye,Unknown,Unknown,NAS,Master of Malt / TWE / Whiskybase,,,[],0.0,0.0,0.0,0.0,0.0,none,none,manual_review,unknown_distillery|zero_flavor_vector
W001585,pendleton midnight,Unknown,Blend,Unknown,Unknown,NAS,Master of Malt / TWE / Whiskybase,,,[],0.0,0.0,0.0,0.0,0.0,none,none,manual_review,unknown_distillery|zero_flavor_vector
W001586,schenley golden wedding,Unknown,Blend,Unknown,Unknown,NAS,Master of Malt / TWE / Whiskybase,,,[],0.0,0.0,0.0,0.0,0.0,none,none,manual_review,unknown_distillery|zero_flavor_vector
W001587,rich and rare,Unknown,Blend,Unknown,Unknown,NAS,Master of Malt / TWE / Whiskybase,,,[],0.0,0.0,0.0,0.0,0.0,none,none,manual_review,unknown_distillery|zero_flavor_vector
W001588,rich and rare reserve,Unknown,Blend,Unknown,Unknown,NAS,Master of Malt / TWE / Whiskybase,,,[],0.0,0.0,0.0,0.0,0.0,none,none,manual_review,unknown_distillery|zero_flavor_vector
W001589,black velvet 3yo,Unknown,Blend,Unknown,Unknown,3yo,Master of Malt / TWE / Whiskybase,,,[],0.0,0.0,0.0,0.0,0.0,none,none,manual_review,unknown_distillery|zero_flavor_vector
W001590,silk tassel,Unknown,Blend,Unknown,Unknown,NAS,Master of Malt / TWE / Whiskybase,,,[],0.0,0.0,0.0,0.0,0.0,none,none,manual_review,unknown_distillery|zero_flavor_vector
W001591,seagram's vo,Unknown,Blend,Unknown,Unknown,NAS,Master of Malt / TWE / Whiskybase,,,[],0.0,0.0,0.0,0.0,0.0,none,none,manual_review,unknown_distillery|zero_flavor_vector
W001592,crown royal,Unknown,Blend,Unknown,Unknown,NAS,Master of Malt / TWE / Whiskybase,,,[],0.0,0.0,0.0,0.0,0.0,none,none,manual_review,unknown_distillery|zero_flavor_vector
W001594,8 seconds,Unknown,Blend,Unknown,Unknown,8 Year Old,Master of Malt / TWE / Whiskybase,,,[],0.0,0.0,0.0,0.0,0.0,none,none,manual_review,unknown_distillery|zero_flavor_vector
W001595,black velvet reserve 8yo,Unknown,Blend,Unknown,Unknown,8yo,Master of Malt / TWE / Whiskybase,,,[],0.0,0.0,0.0,0.0,0.0,none,none,manual_review,unknown_distillery|zero_flavor_vector
W001596,seagram's canadian 83,Unknown,Blend,Unknown,Unknown,NAS,Master of Malt / TWE / Whiskybase,,,[],0.0,0.0,0.0,0.0,0.0,none,none,manual_review,unknown_distillery|zero_flavor_vector
W001597,j.p. wiser's special blend,Unknown,Blend,Unknown,Unknown,NAS,Master of Malt / TWE / Whiskybase,,,[],0.0,0.0,0.0,0.0,0.0,none,none,manual_review,unknown_distillery|zero_flavor_vector
W001598,canadian club (premium),Unknown,Blend,Unknown,Unknown,NAS,Master of Malt / TWE / Whiskybase,,,[],0.0,0.0,0.0,0.0,0.0,none,none,manual_review,unknown_distillery|zero_flavor_vector
W001599,proof whisky,Unknown,Blend,Unknown,Unknown,NAS,Master of Malt / TWE / Whiskybase,,,[],0.0,0.0,0.0,0.0,0.0,none,none,manual_review,unknown_distillery|zero_flavor_vector
W001600,black velvet deluxe,Unknown,Blend,Unknown,Unknown,NAS,Master of Malt / TWE / Whiskybase,,,[],0.0,0.0,0.0,0.0,0.0,none,none,manual_review,unknown_distillery|zero_flavor_vector
W001601,ellington reserve 8yo,Unknown,Blend,Unknown,Unknown,8yo,Master of Malt / TWE / Whiskybase,,,[],0.0,0.0,0.0,0.0,0.0,none,none,manual_review,unknown_distillery|zero_flavor_vector
W001603,parker’s heritage 2nd 27yo kentucky straight boubon,Unknown,Bourbon,Unknown,Unknown,27yo,Master of Malt / TWE / Whiskybase,,,[],0.0,0.0,0.0,0.0,0.0,none,none,manual_review,unknown_distillery|zero_flavor_vector
W001604,pappy van winkle family reserve bourbon 15yo,Unknown,Bourbon,Unknown,Unknown,15yo,Master of Malt / TWE / Whiskybase,,,[],0.0,0.0,0.0,0.0,0.0,none,none,manual_review,unknown_distillery|zero_flavor_vector
W001605,barrell single barrel (all barrels),Unknown,Bourbon,Unknown,Unknown,NAS,Master of Malt / TWE / Whiskybase,,,[],0.0,0.0,0.0,0.0,0.0,none,none,manual_review,unknown_distillery|zero_flavor_vector
W001607,pappy van winkle family reserve bourbon 20yo,Unknown,Bourbon,Unknown,Unknown,20yo,Master of Malt / TWE / Whiskybase,,,[],0.0,0.0,0.0,0.0,0.0,none,none,manual_review,unknown_distillery|zero_flavor_vector
W001608,parker’s heritage 7th 10yo promise of hope,Unknown,Bourbon,Unknown,Unknown,10yo,Master of Malt / TWE / Whiskybase,,,[],0.0,0.0,0.0,0.0,0.0,none,none,manual_review,unknown_distillery|zero_flavor_vector
W001610,elijah craig 21yo,Unknown,Bourbon,Unknown,Unknown,21yo,Master of Malt / TWE / Whiskybase,,,[],0.0,0.0,0.0,0.0,0.0,none,none,manual_review,unknown_distillery|zero_flavor_vector
W001614,parker’s heritage 6th blend of mashbills,Unknown,Bourbon,Unknown,Unknown,NAS,Master of Malt / TWE / Whiskybase,,,[],0.0,0.0,0.0,0.0,0.0,none,none,manual_review,unknown_distillery|zero_flavor_vector
W001615,parker’s heritage 4th 10yo wheated mash bill bourbon,Unknown,Bourbon,Unknown,Unknown,10yo,Master of Malt / TWE / Whiskybase,,,[],0.0,0.0,0.0,0.0,0.0,none,none,manual_review,unknown_distillery|zero_flavor_vector
W001616,stagg jr batch 9 (131.9 proof),Unknown,Bourbon,Unknown,Unknown,NAS,Master of Malt / TWE / Whiskybase,,,[],0.0,0.0,0.0,0.0,0.0,none,none,manual_review,unknown_distillery|zero_flavor_vector
W001619,parker’s heritage 5th 10yo cognac barrel finished,Unknown,Bourbon,Unknown,Unknown,10yo,Master of Malt / TWE / Whiskybase,,,[],0.0,0.0,0.0,0.0,0.0,none,none,manual_review,unknown_distillery|zero_flavor_vector
W001620,parker’s heritage 14th 2020 10yo heavy char bourbon,Unknown,Bourbon,Unknown,Unknown,10yo,Master of Malt / TWE / Whiskybase,,,[],0.0,0.0,0.0,0.0,0.0,none,none,manual_review,unknown_distillery|zero_flavor_vector
W001622,baker’s 7yo single barrel bourbon,Unknown,Bourbon,Unknown,Unknown,7yo,Master of Malt / TWE / Whiskybase,,,[],0.0,0.0,0.0,0.0,0.0,none,none,manual_review,unknown_distillery|zero_flavor_vector
W001624,barrell bourbon batch 011,Unknown,Bourbon,Unknown,Unknown,NAS,Master of Malt / TWE / Whiskybase,,,[],0.0,0.0,0.0,0.0,0.0,none,none,manual_review,unknown_distillery|zero_flavor_vector
W001625,stagg jr (batches 3+),Unknown,Bourbon,Unknown,Unknown,NAS,Master of Malt / TWE / Whiskybase,,,[],0.0,0.0,0.0,0.0,0.0,none,none,manual_review,unknown_distillery|zero_flavor_vector
W001626,stagg jr batch 9 (116.8 proof),Unknown,Bourbon,Unknown,Unknown,NAS,Master of Malt / TWE / Whiskybase,,,[],0.0,0.0,0.0,0.0,0.0,none,none,manual_review,unknown_distillery|zero_flavor_vector
W001628,barrell bourbon batch 019,Unknown,Bourbon,Unknown,Unknown,NAS,Master of Malt / TWE / Whiskybase,,,[],0.0,0.0,0.0,0.0,0.0,none,none,manual_review,unknown_distillery|zero_flavor_vector
W001629,parker’s heritage 1st,Unknown,Bourbon,Unknown,Unknown,NAS,Master of Malt / TWE / Whiskybase,,,[],0.0,0.0,0.0,0.0,0.0,none,none,manual_review,unknown_distillery|zero_flavor_vector
W001630,barrell bourbon batch 015,Unknown,Bourbon,Unknown,Unknown,NAS,Master of Malt / TWE / Whiskybase,,,[],0.0,0.0,0.0,0.0,0.0,none,none,manual_review,unknown_distillery|zero_flavor_vector
W001631,stagg jr batch 5 (129.7 proof),Unknown,Bourbon,Unknown,Unknown,NAS,Master of Malt / TWE / Whiskybase,,,[],0.0,0.0,0.0,0.0,0.0,none,none,manual_review,unknown_distillery|zero_flavor_vector
W001632,william heavenhill bib,Unknown,Bourbon,Unknown,Unknown,NAS,Master of Malt / TWE / Whiskybase,,,[],0.0,0.0,0.0,0.0,0.0,none,none,manual_review,unknown_distillery|zero_flavor_vector
W001633,stagg jr batch 4 (132.2 proof),Unknown,Bourbon,Unknown,Unknown,NAS,Master of Malt / TWE / Whiskybase,,,[],0.0,0.0,0.0,0.0,0.0,none,none,manual_review,unknown_distillery|zero_flavor_vector
W001634,barrell bourbon new years (all batches),Unknown,Bourbon,Unknown,Unknown,NAS,Master of Malt / TWE / Whiskybase,,,[],0.0,0.0,0.0,0.0,0.0,none,none,manual_review,unknown_distillery|zero_flavor_vector
W001635,blanton's straight from the barrel bourbon,Unknown,Bourbon,Unknown,Unknown,NAS,Master of Malt / TWE / Whiskybase,,,[],0.0,0.0,0.0,0.0,0.0,none,none,manual_review,unknown_distillery|zero_flavor_vector
W001637,barrell bourbon new years batch 2018,Unknown,Bourbon,Unknown,Unknown,NAS,Master of Malt / TWE / Whiskybase,,,[],0.0,0.0,0.0,0.0,0.0,none,none,manual_review,unknown_distillery|zero_flavor_vector
W001638,parker’s heritage 11th 2017 11yo,Unknown,Bourbon,Unknown,Unknown,11yo,Master of Malt / TWE / Whiskybase,,,[],0.0,0.0,0.0,0.0,0.0,none,none,manual_review,unknown_distillery|zero_flavor_vector
W001639,barrell bourbon batch 018,Unknown,Bourbon,Unknown,Unknown,NAS,Master of Malt / TWE / Whiskybase,,,[],0.0,0.0,0.0,0.0,0.0,none,none,manual_review,unknown_distillery|zero_flavor_vector
W001641,colonel eh. taylor barrel proof,Unknown,Bourbon,Unknown,Unknown,NAS,Master of Malt / TWE / Whiskybase,,,[],0.0,0.0,0.0,0.0,0.0,none,none,manual_review,unknown_distillery|zero_flavor_vector
W001645,stagg jr batch 11 (127.9 proof),Unknown,Bourbon,Unknown,Unknown,NAS,Master of Malt / TWE / Whiskybase,,,[],0.0,0.0,0.0,0.0,0.0,none,none,manual_review,unknown_distillery|zero_flavor_vector
W001646,heaven hill select stock barrel,Unknown,Bourbon,Unknown,Unknown,NAS,Master of Malt / TWE / Whiskybase,,,[],0.0,0.0,0.0,0.0,0.0,none,none,manual_review,unknown_distillery|zero_flavor_vector
W001648,barrell bourbon batch 013,Unknown,Bourbon,Unknown,Unknown,NAS,Master of Malt / TWE / Whiskybase,,,[],0.0,0.0,0.0,0.0,0.0,none,none,manual_review,unknown_distillery|zero_flavor_vector
W001649,eagle rare 17yo,Unknown,Bourbon,Unknown,Unknown,17yo,Master of Malt / TWE / Whiskybase,,,[],0.0,0.0,0.0,0.0,0.0,none,none,manual_review,unknown_distillery|zero_flavor_vector
W001650,barrell dovetail whiskey (all batches),Unknown,Blend,Unknown,Unknown,NAS,Master of Malt / TWE / Whiskybase,,,[],0.0,0.0,0.0,0.0,0.0,none,none,manual_review,unknown_distillery|zero_flavor_vector
W001653,barrell bourbon new years batch 2017,Unknown,Bourbon,Unknown,Unknown,NAS,Master of Malt / TWE / Whiskybase,,,[],0.0,0.0,0.0,0.0,0.0,none,none,manual_review,unknown_distillery|zero_flavor_vector
W001655,pappy van winkle family reserve bourbon 23yo,Unknown,Bourbon,Unknown,Unknown,23yo,Master of Malt / TWE / Whiskybase,,,[],0.0,0.0,0.0,0.0,0.0,none,none,manual_review,unknown_distillery|zero_flavor_vector
W001657,barrell bourbon batch 009,Unknown,Bourbon,Unknown,Unknown,NAS,Master of Malt / TWE / Whiskybase,,,[],0.0,0.0,0.0,0.0,0.0,none,none,manual_review,unknown_distillery|zero_flavor_vector
W001658,w.l. weller 12yo,Unknown,Bourbon,Unknown,Unknown,12yo,Master of Malt / TWE / Whiskybase,,,[],0.0,0.0,0.0,0.0,0.0,none,none,manual_review,unknown_distillery|zero_flavor_vector
W001660,colonel e.h. taylor four grain,Unknown,Bourbon,Unknown,Unknown,NAS,Master of Malt / TWE / Whiskybase,,,[],0.0,0.0,0.0,0.0,0.0,none,none,manual_review,unknown_distillery|zero_flavor_vector
W001662,elijah craig barrel proof,Unknown,Bourbon,Unknown,Unknown,NAS,original_production_data,https://www.whisky.com/whisky-database/details/W001662.html,Raw notes matched from historical dataset,"['bottle_name', 'bottle_name_clean', 'fruity', 'sweet', 'smoky']",0.0,2.0,0.0,1.0,6.0,high,exact,manual_review,unknown_distillery
W001663,yellowstone 2018 limited edition,Unknown,Bourbon,Unknown,Unknown,NAS,Master of Malt / TWE / Whiskybase,,,[],0.0,0.0,0.0,0.0,0.0,none,none,manual_review,unknown_distillery|zero_flavor_vector
W001664,barrell 15yo craft spirits bourbon (batch 001),Unknown,Blend,Unknown,Unknown,15yo,Master of Malt / TWE / Whiskybase,,,[],0.0,0.0,0.0,0.0,0.0,none,none,manual_review,unknown_distillery|zero_flavor_vector
W001665,jefferson's 18yo presidential select,Unknown,Bourbon,Unknown,Unknown,18yo,Master of Malt / TWE / Whiskybase,,,[],0.0,0.0,0.0,0.0,0.0,none,none,manual_review,unknown_distillery|zero_flavor_vector
W001666,parker’s heritage 8th 13yo wheat whiskey,Unknown,Bourbon,Unknown,Unknown,13yo,Master of Malt / TWE / Whiskybase,,,[],0.0,0.0,0.0,0.0,0.0,none,none,manual_review,unknown_distillery|zero_flavor_vector
W001667,smooth ambler old scout single barrel bourbon,Unknown,Bourbon,Unknown,Unknown,NAS,Master of Malt / TWE / Whiskybase,,,[],0.0,0.0,0.0,0.0,0.0,none,none,manual_review,unknown_distillery|zero_flavor_vector
W001670,stagg jr batch 3 (132.1 proof),Unknown,Bourbon,Unknown,Unknown,NAS,Master of Malt / TWE / Whiskybase,,,[],0.0,0.0,0.0,0.0,0.0,none,none,manual_review,unknown_distillery|zero_flavor_vector
W001671,barrell bourbon (all batches),Unknown,Bourbon,Unknown,Unknown,NAS,Master of Malt / TWE / Whiskybase,,,[],0.0,0.0,0.0,0.0,0.0,none,none,manual_review,unknown_distillery|zero_flavor_vector
W001672,barrell bourbon batch 016,Unknown,Bourbon,Unknown,Unknown,NAS,Master of Malt / TWE / Whiskybase,,,[],0.0,0.0,0.0,0.0,0.0,none,none,manual_review,unknown_distillery|zero_flavor_vector
W001675,old forester 1920 prohibition style,Unknown,Bourbon,Unknown,Unknown,NAS,Master of Malt / TWE / Whiskybase,,,[],0.0,0.0,0.0,0.0,0.0,none,none,manual_review,unknown_distillery|zero_flavor_vector
W001676,j.p. wiser's last barrels,Unknown,Blend,Unknown,Unknown,NAS,Master of Malt / TWE / Whiskybase,,,[],0.0,0.0,0.0,0.0,0.0,none,none,manual_review,unknown_distillery|zero_flavor_vector
W001677,stagg jr batch 10 (126.4 proof),Unknown,Bourbon,Unknown,Unknown,10 Year Old,Master of Malt / TWE / Whiskybase,,,[],0.0,0.0,0.0,0.0,0.0,none,none,manual_review,unknown_distillery|zero_flavor_vector
W001678,booker's small batch straight bourbon,Unknown,Bourbon,Unknown,Unknown,NAS,Master of Malt / TWE / Whiskybase,,,[],0.0,0.0,0.0,0.0,0.0,none,none,manual_review,unknown_distillery|zero_flavor_vector
W001679,elijah craig 18yo,Unknown,Bourbon,Unknown,Unknown,18yo,Master of Malt / TWE / Whiskybase,,,[],0.0,0.0,0.0,0.0,0.0,none,none,manual_review,unknown_distillery|zero_flavor_vector
W001680,knob creek single barrel reserve bourbon,Unknown,Bourbon,Unknown,Unknown,NAS,Master of Malt / TWE / Whiskybase,,,[],0.0,0.0,0.0,0.0,0.0,none,none,manual_review,unknown_distillery|zero_flavor_vector
W001682,elmer t. lee single barrel bourbon,Unknown,Bourbon,Unknown,Unknown,NAS,Master of Malt / TWE / Whiskybase,,,[],0.0,0.0,0.0,0.0,0.0,none,none,manual_review,unknown_distillery|zero_flavor_vector
W001683,van winkle special reserve 12yo lot b,Unknown,Bourbon,Unknown,Unknown,12yo,Master of Malt / TWE / Whiskybase,,,[],0.0,0.0,0.0,0.0,0.0,none,none,manual_review,unknown_distillery|zero_flavor_vector
W001684,barrell bourbon batch 007,Unknown,Bourbon,Unknown,Unknown,NAS,Master of Malt / TWE / Whiskybase,,,[],0.0,0.0,0.0,0.0,0.0,none,none,manual_review,unknown_distillery|zero_flavor_vector
W001685,barrell bourbon batch 017,Unknown,Bourbon,Unknown,Unknown,NAS,Master of Malt / TWE / Whiskybase,,,[],0.0,0.0,0.0,0.0,0.0,none,none,manual_review,unknown_distillery|zero_flavor_vector
W001686,henry mckenna 10yo single barrel bib,Unknown,Bourbon,Unknown,Unknown,10yo,Master of Malt / TWE / Whiskybase,,,[],0.0,0.0,0.0,0.0,0.0,none,none,manual_review,unknown_distillery|zero_flavor_vector
W001688,baker’s 7yo small batch bourbon,Unknown,Bourbon,Unknown,Unknown,7yo,Master of Malt / TWE / Whiskybase,,,[],0.0,0.0,0.0,0.0,0.0,none,none,manual_review,unknown_distillery|zero_flavor_vector
W001689,jefferson's ocean aged at sea,Unknown,Bourbon,Unknown,Unknown,NAS,Master of Malt / TWE / Whiskybase,,,[],0.0,0.0,0.0,0.0,0.0,none,none,manual_review,unknown_distillery|zero_flavor_vector
W001690,old forester birthday (all editions),Unknown,Bourbon,Unknown,Unknown,NAS,Master of Malt / TWE / Whiskybase,,,[],0.0,0.0,0.0,0.0,0.0,none,none,manual_review,unknown_distillery|zero_flavor_vector
W001691,stagg jr (all batches),Unknown,Bourbon,Unknown,Unknown,NAS,Master of Malt / TWE / Whiskybase,,,[],0.0,0.0,0.0,0.0,0.0,none,none,manual_review,unknown_distillery|zero_flavor_vector
W001692,barrell bourbon batch 008,Unknown,Bourbon,Unknown,Unknown,NAS,Master of Malt / TWE / Whiskybase,,,[],0.0,0.0,0.0,0.0,0.0,none,none,manual_review,unknown_distillery|zero_flavor_vector
W001693,maker's mark cask strength,Unknown,Bourbon,Unknown,Unknown,NAS,original_production_data,https://www.whisky.com/whisky-database/details/W001693.html,Raw notes matched from historical dataset,"['bottle_name', 'bottle_name_clean', 'fruity', 'sweet', 'smoky']",15.0,14.0,0.0,9.0,12.0,high,exact,manual_review,unknown_distillery
W001694,orphan barrel barterhouse bourbon 20yo,Unknown,Bourbon,Unknown,Unknown,20yo,Master of Malt / TWE / Whiskybase,,,[],0.0,0.0,0.0,0.0,0.0,none,none,manual_review,unknown_distillery|zero_flavor_vector
W001696,barrell bourbon batch 004,Unknown,Bourbon,Unknown,Unknown,NAS,Master of Malt / TWE / Whiskybase,,,[],0.0,0.0,0.0,0.0,0.0,none,none,manual_review,unknown_distillery|zero_flavor_vector
W001697,early times bib kentucky straight,Unknown,Bourbon,Unknown,Unknown,NAS,Master of Malt / TWE / Whiskybase,,,[],0.0,0.0,0.0,0.0,0.0,none,none,manual_review,unknown_distillery|zero_flavor_vector
W001698,yellowstone 2016 limited edition,Unknown,Bourbon,Unknown,Unknown,NAS,Master of Malt / TWE / Whiskybase,,,[],0.0,0.0,0.0,0.0,0.0,none,none,manual_review,unknown_distillery|zero_flavor_vector
W001699,barrell bourbon batch 005,Unknown,Bourbon,Unknown,Unknown,NAS,Master of Malt / TWE / Whiskybase,,,[],0.0,0.0,0.0,0.0,0.0,none,none,manual_review,unknown_distillery|zero_flavor_vector
W001702,stagg jr batch 7 (129.5 proof),Unknown,Bourbon,Unknown,Unknown,NAS,Master of Malt / TWE / Whiskybase,,,[],0.0,0.0,0.0,0.0,0.0,none,none,manual_review,unknown_distillery|zero_flavor_vector
W001703,yellowstone limited edition (all vintages),Unknown,Bourbon,Unknown,Unknown,NAS,Master of Malt / TWE / Whiskybase,,,[],0.0,0.0,0.0,0.0,0.0,none,none,manual_review,unknown_distillery|zero_flavor_vector
W001705,barrell bourbon batch 002,Unknown,Bourbon,Unknown,Unknown,NAS,Master of Malt / TWE / Whiskybase,,,[],0.0,0.0,0.0,0.0,0.0,none,none,manual_review,unknown_distillery|zero_flavor_vector
W001706,blanton's gold kentucky straight bourbon,Unknown,Bourbon,Unknown,Unknown,NAS,Master of Malt / TWE / Whiskybase,,,[],0.0,0.0,0.0,0.0,0.0,none,none,manual_review,unknown_distillery|zero_flavor_vector
W001709,elijah craig 12yo,Unknown,Bourbon,Unknown,Unknown,12yo,Master of Malt / TWE / Whiskybase,,,[],0.0,0.0,0.0,0.0,0.0,none,none,manual_review,unknown_distillery|zero_flavor_vector
W001710,blanton's original bourbon single barrel,Unknown,Bourbon,Unknown,Unknown,NAS,Master of Malt / TWE / Whiskybase,,,[],0.0,0.0,0.0,0.0,0.0,none,none,manual_review,unknown_distillery|zero_flavor_vector
W001712,old forester statesman,Unknown,Bourbon,Unknown,Unknown,NAS,Master of Malt / TWE / Whiskybase,,,[],0.0,0.0,0.0,0.0,0.0,none,none,manual_review,unknown_distillery|zero_flavor_vector
W001713,parker’s heritage 9th 8yo malt whiskey,Unknown,Bourbon,Unknown,Unknown,8yo,Master of Malt / TWE / Whiskybase,,,[],0.0,0.0,0.0,0.0,0.0,none,none,manual_review,unknown_distillery|zero_flavor_vector
W001715,eagle rare 10yo,Unknown,Bourbon,Unknown,Unknown,10yo,Master of Malt / TWE / Whiskybase,,,[],0.0,0.0,0.0,0.0,0.0,none,none,manual_review,unknown_distillery|zero_flavor_vector
W001716,ezra brooks 7yo old ezra 101,Unknown,Bourbon,Unknown,Unknown,7yo,Master of Malt / TWE / Whiskybase,,,[],0.0,0.0,0.0,0.0,0.0,none,none,manual_review,unknown_distillery|zero_flavor_vector
W001717,maker's mark 46,Unknown,Bourbon,Unknown,Unknown,NAS,original_production_data,https://www.whisky.com/whisky-database/details/W001717.html,Raw notes matched from historical dataset,"['bottle_name', 'bottle_name_clean', 'fruity', 'sweet', 'smoky']",0.0,0.0,0.0,0.0,0.0,high,exact,manual_review,unknown_distillery|zero_flavor_vector
W001718,barrell whiskey batch 002,Unknown,Blend,Unknown,Unknown,NAS,Master of Malt / TWE / Whiskybase,,,[],0.0,0.0,0.0,0.0,0.0,none,none,manual_review,unknown_distillery|zero_flavor_vector
W001719,jefferson's reserve very old kentucky straight bourbon,Unknown,Bourbon,Unknown,Unknown,NAS,Master of Malt / TWE / Whiskybase,,,[],0.0,0.0,0.0,0.0,0.0,none,none,manual_review,unknown_distillery|zero_flavor_vector
W001722,evan williams single barrel,Unknown,Bourbon,Unknown,Unknown,NAS,Master of Malt / TWE / Whiskybase,,,[],0.0,0.0,0.0,0.0,0.0,none,none,manual_review,unknown_distillery|zero_flavor_vector
W001723,knob creek small batch 9yo bourbon,Unknown,Bourbon,Unknown,Unknown,9yo,Master of Malt / TWE / Whiskybase,,,[],0.0,0.0,0.0,0.0,0.0,none,none,manual_review,unknown_distillery|zero_flavor_vector
W001724,barrell whiskey batch 004,Unknown,Blend,Unknown,Unknown,NAS,Master of Malt / TWE / Whiskybase,,,[],0.0,0.0,0.0,0.0,0.0,none,none,manual_review,unknown_distillery|zero_flavor_vector
W001726,corner creek reserve bourbon,Unknown,Bourbon,Unknown,Unknown,NAS,Master of Malt / TWE / Whiskybase,,,[],0.0,0.0,0.0,0.0,0.0,none,none,manual_review,unknown_distillery|zero_flavor_vector
W001728,bulleit bourbon barrel strength,Unknown,Bourbon,Unknown,Unknown,NAS,Master of Malt / TWE / Whiskybase,,,[],0.0,0.0,0.0,0.0,0.0,none,none,manual_review,unknown_distillery|zero_flavor_vector
W001729,heaven hill 7yo bib,Unknown,Bourbon,Unknown,Unknown,7yo,Master of Malt / TWE / Whiskybase,,,[],0.0,0.0,0.0,0.0,0.0,none,none,manual_review,unknown_distillery|zero_flavor_vector
W001730,russell's reserve small batch 10yo bourbon,Unknown,Bourbon,Unknown,Unknown,10yo,Master of Malt / TWE / Whiskybase,,,[],0.0,0.0,0.0,0.0,0.0,none,none,manual_review,unknown_distillery|zero_flavor_vector
W001731,barrell bourbon batch 006,Unknown,Bourbon,Unknown,Unknown,NAS,Master of Malt / TWE / Whiskybase,,,[],0.0,0.0,0.0,0.0,0.0,none,none,manual_review,unknown_distillery|zero_flavor_vector
W001732,barrell whiskey batch 001,Unknown,Blend,Unknown,Unknown,NAS,Master of Malt / TWE / Whiskybase,,,[],0.0,0.0,0.0,0.0,0.0,none,none,manual_review,unknown_distillery|zero_flavor_vector
W001736,maker's mark 101 proof,Unknown,Bourbon,Unknown,Unknown,NAS,Master of Malt / TWE / Whiskybase,,,[],0.0,0.0,0.0,0.0,0.0,none,none,manual_review,unknown_distillery|zero_flavor_vector
W001739,barrell whiskey (all batches),Unknown,Blend,Unknown,Unknown,NAS,Master of Malt / TWE / Whiskybase,,,[],0.0,0.0,0.0,0.0,0.0,none,none,manual_review,unknown_distillery|zero_flavor_vector
W001744,bulleit 10yo,Unknown,Bourbon,Unknown,Unknown,10yo,Master of Malt / TWE / Whiskybase,,,[],0.0,0.0,0.0,0.0,0.0,none,none,manual_review,unknown_distillery|zero_flavor_vector
W001746,barrell infinity barrel project (all releases),Unknown,Blend,Unknown,Unknown,NAS,Master of Malt / TWE / Whiskybase,,,[],0.0,0.0,0.0,0.0,0.0,none,none,manual_review,unknown_distillery|zero_flavor_vector
W001749,barrell whiskey batch 005,Unknown,Blend,Unknown,Unknown,NAS,Master of Malt / TWE / Whiskybase,,,[],0.0,0.0,0.0,0.0,0.0,none,none,manual_review,unknown_distillery|zero_flavor_vector
W001753,parker’s heritage 10th 24yo kentucky straight bourbon,Unknown,Bourbon,Unknown,Unknown,24yo,Master of Malt / TWE / Whiskybase,,,[],0.0,0.0,0.0,0.0,0.0,none,none,manual_review,unknown_distillery|zero_flavor_vector
W001755,legent bourbon,Unknown,Bourbon,Unknown,Unknown,NAS,Master of Malt / TWE / Whiskybase,,,[],0.0,0.0,0.0,0.0,0.0,none,none,manual_review,unknown_distillery|zero_flavor_vector
W001757,smooth ambler old scout 7yo bourbon,Unknown,Bourbon,Unknown,Unknown,7yo,Master of Malt / TWE / Whiskybase,,,[],0.0,0.0,0.0,0.0,0.0,none,none,manual_review,unknown_distillery|zero_flavor_vector
W001758,smooth ambler contradiction bourbon,Unknown,Bourbon,Unknown,Unknown,NAS,Master of Malt / TWE / Whiskybase,,,[],0.0,0.0,0.0,0.0,0.0,none,none,manual_review,unknown_distillery|zero_flavor_vector
W001760,ancient age 10yo kentucky straight bourbon,Unknown,Bourbon,Unknown,Unknown,10yo,Master of Malt / TWE / Whiskybase,,,[],0.0,0.0,0.0,0.0,0.0,none,none,manual_review,unknown_distillery|zero_flavor_vector
W001761,few bourbon,Unknown,Bourbon,Unknown,Unknown,NAS,Master of Malt / TWE / Whiskybase,,,[],0.0,0.0,0.0,0.0,0.0,none,none,manual_review,unknown_distillery|zero_flavor_vector
W001762,orphan barrel entrapment canadian 25yo,Unknown,Blend,Unknown,Unknown,25yo,Master of Malt / TWE / Whiskybase,,,[],0.0,0.0,0.0,0.0,0.0,none,none,manual_review,unknown_distillery|zero_flavor_vector
W001764,angel's envy bourbon (port-finished),Unknown,Bourbon,Unknown,Unknown,NAS,Master of Malt / TWE / Whiskybase,,,[],0.0,0.0,0.0,0.0,0.0,none,none,manual_review,unknown_distillery|zero_flavor_vector
W001765,smooth ambler old scout 10yo bourbon,Unknown,Bourbon,Unknown,Unknown,10yo,Master of Malt / TWE / Whiskybase,,,[],0.0,0.0,0.0,0.0,0.0,none,none,manual_review,unknown_distillery|zero_flavor_vector
W001766,old forester 1897 bib,Unknown,Bourbon,Unknown,Unknown,NAS,Master of Malt / TWE / Whiskybase,,,[],0.0,0.0,0.0,0.0,0.0,none,none,manual_review,unknown_distillery|zero_flavor_vector
W001767,stagg jr batch 1 (134.4 proof),Unknown,Bourbon,Unknown,Unknown,NAS,Master of Malt / TWE / Whiskybase,,,[],0.0,0.0,0.0,0.0,0.0,none,none,manual_review,unknown_distillery|zero_flavor_vector
W001769,jefferson's ocean,Unknown,Bourbon,Unknown,Unknown,NAS,Master of Malt / TWE / Whiskybase,,,[],0.0,0.0,0.0,0.0,0.0,none,none,manual_review,unknown_distillery|zero_flavor_vector
W001770,old fitzgerald kentucky straight bourbon,Unknown,Bourbon,Unknown,Unknown,NAS,Master of Malt / TWE / Whiskybase,,,[],0.0,0.0,0.0,0.0,0.0,none,none,manual_review,unknown_distillery|zero_flavor_vector
W001773,old forester signature (100 proof),Unknown,Bourbon,Unknown,Unknown,NAS,Master of Malt / TWE / Whiskybase,,,[],0.0,0.0,0.0,0.0,0.0,none,none,manual_review,unknown_distillery|zero_flavor_vector
W001774,stagg jr (batches 1-2),Unknown,Bourbon,Unknown,Unknown,NAS,Master of Malt / TWE / Whiskybase,,,[],0.0,0.0,0.0,0.0,0.0,none,none,manual_review,unknown_distillery|zero_flavor_vector
W001778,heaven hill 6yo bib,Unknown,Bourbon,Unknown,Unknown,6yo,Master of Malt / TWE / Whiskybase,,,[],0.0,0.0,0.0,0.0,0.0,none,none,manual_review,unknown_distillery|zero_flavor_vector
W001780,yellowstone 2015 limited edition,Unknown,Bourbon,Unknown,Unknown,NAS,Master of Malt / TWE / Whiskybase,,,[],0.0,0.0,0.0,0.0,0.0,none,none,manual_review,unknown_distillery|zero_flavor_vector
W001781,bulleit bourbon,Unknown,Bourbon,Unknown,Unknown,NAS,original_production_data,https://www.whisky.com/whisky-database/details/W001781.html,Raw notes matched from historical dataset,"['bottle_name', 'bottle_name_clean', 'fruity', 'sweet', 'smoky']",0.0,7.0,0.0,5.0,5.0,high,exact,manual_review,unknown_distillery
W001782,elijah craig small batch (nas),Unknown,Bourbon,Unknown,Unknown,NAS,Master of Malt / TWE / Whiskybase,,,[],0.0,0.0,0.0,0.0,0.0,none,none,manual_review,unknown_distillery|zero_flavor_vector
W001783,very old barton 6yo bib,Unknown,Bourbon,Unknown,Unknown,6yo,Master of Malt / TWE / Whiskybase,,,[],0.0,0.0,0.0,0.0,0.0,none,none,manual_review,unknown_distillery|zero_flavor_vector
W001784,evan williams bottled in bond (white label),Unknown,Bourbon,Unknown,Unknown,NAS,Master of Malt / TWE / Whiskybase,,,[],0.0,0.0,0.0,0.0,0.0,none,none,manual_review,unknown_distillery|zero_flavor_vector
W001785,very old barton 6yo,Unknown,Bourbon,Unknown,Unknown,6yo,Master of Malt / TWE / Whiskybase,,,[],0.0,0.0,0.0,0.0,0.0,none,none,manual_review,unknown_distillery|zero_flavor_vector
W001787,blanton's special reserve single barrel (green label),Unknown,Bourbon,Unknown,Unknown,NAS,Master of Malt / TWE / Whiskybase,,,[],0.0,0.0,0.0,0.0,0.0,none,none,manual_review,unknown_distillery|zero_flavor_vector
W001788,basil hayden’s kentucky bourbon,Unknown,Bourbon,Unknown,Unknown,NAS,Master of Malt / TWE / Whiskybase,,,[],0.0,0.0,0.0,0.0,0.0,none,none,manual_review,unknown_distillery|zero_flavor_vector
W001790,old forester 1870 original batch,Unknown,Bourbon,Unknown,Unknown,NAS,Master of Malt / TWE / Whiskybase,,,[],0.0,0.0,0.0,0.0,0.0,none,none,manual_review,unknown_distillery|zero_flavor_vector
W001792,parker’s heritage 12th 2018 finished in orange curaçao barrels,Unknown,Bourbon,Unknown,Unknown,NAS,Master of Malt / TWE / Whiskybase,,,[],0.0,0.0,0.0,0.0,0.0,none,none,manual_review,unknown_distillery|zero_flavor_vector
W001793,yellowstone select,Unknown,Bourbon,Unknown,Unknown,NAS,Master of Malt / TWE / Whiskybase,,,[],0.0,0.0,0.0,0.0,0.0,none,none,manual_review,unknown_distillery|zero_flavor_vector
W001794,old fitzgerald bib,Unknown,Bourbon,Unknown,Unknown,NAS,Master of Malt / TWE / Whiskybase,,,[],0.0,0.0,0.0,0.0,0.0,none,none,manual_review,unknown_distillery|zero_flavor_vector
W001795,basil hayden’s 10yo bourbon,Unknown,Bourbon,Unknown,Unknown,10yo,Master of Malt / TWE / Whiskybase,,,[],0.0,0.0,0.0,0.0,0.0,none,none,manual_review,unknown_distillery|zero_flavor_vector
W001796,bib & tucker 6yo bourbon,Unknown,Bourbon,Unknown,Unknown,6yo,Master of Malt / TWE / Whiskybase,,,[],0.0,0.0,0.0,0.0,0.0,none,none,manual_review,unknown_distillery|zero_flavor_vector
W001797,george dickel no.12,Unknown,Bourbon,Unknown,Unknown,12 Year Old,Master of Malt / TWE / Whiskybase,,,[],0.0,0.0,0.0,0.0,0.0,none,none,manual_review,unknown_distillery|zero_flavor_vector
W001798,maker's mark,Unknown,Bourbon,Unknown,Unknown,NAS,original_production_data,https://www.whisky.com/whisky-database/details/W001798.html,Raw notes matched from historical dataset,"['bottle_name', 'bottle_name_clean', 'fruity', 'sweet', 'smoky']",2.0,5.0,0.0,2.0,2.0,high,exact,manual_review,unknown_distillery
W001800,tincup american whiskey,Unknown,Bourbon,Unknown,Unknown,NAS,Master of Malt / TWE / Whiskybase,,,[],0.0,0.0,0.0,0.0,0.0,none,none,manual_review,unknown_distillery|zero_flavor_vector
W001801,evan williams 1783 small batch,Unknown,Bourbon,Unknown,Unknown,NAS,Master of Malt / TWE / Whiskybase,,,[],0.0,0.0,0.0,0.0,0.0,none,none,manual_review,unknown_distillery|zero_flavor_vector
W001804,old forester,Unknown,Bourbon,Unknown,Unknown,NAS,Master of Malt / TWE / Whiskybase,,,[],0.0,0.0,0.0,0.0,0.0,none,none,manual_review,unknown_distillery|zero_flavor_vector
W001807,henry mckenna straight bourbon,Unknown,Bourbon,Unknown,Unknown,NAS,Master of Malt / TWE / Whiskybase,,,[],0.0,0.0,0.0,0.0,0.0,none,none,manual_review,unknown_distillery|zero_flavor_vector
W001810,mellow corn bib,Unknown,Bourbon,Unknown,Unknown,NAS,Master of Malt / TWE / Whiskybase,,,[],0.0,0.0,0.0,0.0,0.0,none,none,manual_review,unknown_distillery|zero_flavor_vector
W001811,stagg jr batch 2 (128.7 proof),Unknown,Bourbon,Unknown,Unknown,NAS,Master of Malt / TWE / Whiskybase,,,[],0.0,0.0,0.0,0.0,0.0,none,none,manual_review,unknown_distillery|zero_flavor_vector
W001815,smooth ambler old scout yearling bourbon,Unknown,Bourbon,Unknown,Unknown,NAS,Master of Malt / TWE / Whiskybase,,,[],0.0,0.0,0.0,0.0,0.0,none,none,manual_review,unknown_distillery|zero_flavor_vector
W001816,ezra brooks black label,Unknown,Bourbon,Unknown,Unknown,NAS,Master of Malt / TWE / Whiskybase,,,[],0.0,0.0,0.0,0.0,0.0,none,none,manual_review,unknown_distillery|zero_flavor_vector
W001817,jefferson's very small batch bourbon,Unknown,Bourbon,Unknown,Unknown,NAS,Master of Malt / TWE / Whiskybase,,,[],0.0,0.0,0.0,0.0,0.0,none,none,manual_review,unknown_distillery|zero_flavor_vector
W001820,ancient age kentucky straight bourbon,Unknown,Bourbon,Unknown,Unknown,NAS,Master of Malt / TWE / Whiskybase,,,[],0.0,0.0,0.0,0.0,0.0,none,none,manual_review,unknown_distillery|zero_flavor_vector
W001821,redemption high rye bourbon,Unknown,Bourbon,Unknown,Unknown,NAS,Master of Malt / TWE / Whiskybase,,,[],0.0,0.0,0.0,0.0,0.0,none,none,manual_review,unknown_distillery|zero_flavor_vector
W001822,heaven hill old syle bourbon (white label),Unknown,Bourbon,Unknown,Unknown,NAS,Master of Malt / TWE / Whiskybase,,,[],0.0,0.0,0.0,0.0,0.0,none,none,manual_review,unknown_distillery|zero_flavor_vector
W001824,ezra b 12yo single barrel,Unknown,Bourbon,Unknown,Unknown,12yo,Master of Malt / TWE / Whiskybase,,,[],0.0,0.0,0.0,0.0,0.0,none,none,manual_review,unknown_distillery|zero_flavor_vector
W001826,rebel yell kentucky bourbon,Unknown,Bourbon,Unknown,Unknown,NAS,Master of Malt / TWE / Whiskybase,,,[],0.0,0.0,0.0,0.0,0.0,none,none,manual_review,unknown_distillery|zero_flavor_vector
W001829,early times kentucky whisky,Unknown,Bourbon,Unknown,Unknown,NAS,Master of Malt / TWE / Whiskybase,,,[],0.0,0.0,0.0,0.0,0.0,none,none,manual_review,unknown_distillery|zero_flavor_vector
W001830,Bulleit 95 Rye,Bulleit Distilling Co.,Unknown,Unknown,Unknown,NAS,Master of Malt / TWE / Whiskybase,,,[],0.0,0.0,0.0,0.0,0.0,none,none,manual_review,zero_flavor_vector
W001831,Jack Daniel's Single Barrel Select,Jack Daniel'S,Unknown,Unknown,Unknown,NAS,original_production_data,https://www.whisky.com/whisky-database/details/W001831.html,Raw notes matched from historical dataset,"['bottle_name', 'bottle_name_clean', 'fruity', 'sweet', 'smoky']",0.0,14.0,0.0,1.0,3.0,medium,fuzzy_token,manual_review,ok
