queue_id,entity_key,field_name,proposed_value,confidence,source,status,classification
KB_90259306160d4573b985,21e7ffc0-6813-5c8d-9a31-26a99ca23a6f,age,14.0,0.95,smws,pending,NO_CHANGE
KB_0888660398a64f81a8a6,21e7ffc0-6813-5c8d-9a31-26a99ca23a6f,abv,55.4,0.95,smws,pending,NO_CHANGE
KB_eb4292ae243b49568d1b,84b74073-31ee-54c4-b58b-e9f22465b4d4,cask_type,hogshead;refill,0.95,smws,pending,NO_CHANGE
KB_de01abfd6a0a42c39bfc,84b74073-31ee-54c4-b58b-e9f22465b4d4,age,23.0,0.95,smws,pending,NO_CHANGE
KB_878975d3089d4101a410,84b74073-31ee-54c4-b58b-e9f22465b4d4,abv,50.8,0.95,smws,pending,NO_CHANGE
KB_5cb6bc7ee99a4cc985ee,84b74073-31ee-54c4-b58b-e9f22465b4d4,region,Speyside,0.95,smws,pending,NO_CHANGE
KB_a67fdce7c9cb45699309,8b2716e3-6ed0-5b48-afea-d0ee6fa048f2,cask_type,hogshead;refill,0.95,smws,pending,NO_CHANGE
KB_a689a29ab7504e0d8736,8b2716e3-6ed0-5b48-afea-d0ee6fa048f2,age,39.0,0.95,smws,pending,NO_CHANGE
KB_6fdac76977924211baee,8b2716e3-6ed0-5b48-afea-d0ee6fa048f2,abv,53.6,0.95,smws,pending,NO_CHANGE
KB_bf5f21f74d0e40738137,8b2716e3-6ed0-5b48-afea-d0ee6fa048f2,region,Speyside,0.95,smws,pending,NO_CHANGE
KB_8b3a3149a3c240bc9105,472e681d-0af6-5ad3-929f-d79c11568bca,cask_type,first-fill,0.95,smws,pending,NO_CHANGE
KB_944191d57665460a8463,472e681d-0af6-5ad3-929f-d79c11568bca,age,10.0,0.95,smws,pending,NO_CHANGE
KB_8c305db6c8854ce59b3b,472e681d-0af6-5ad3-929f-d79c11568bca,abv,62.4,0.95,smws,pending,NO_CHANGE
KB_e8cbf79f89204b43a088,472e681d-0af6-5ad3-929f-d79c11568bca,region,Speyside,0.95,smws,pending,NO_CHANGE
KB_bbc74d17ed924b1a988d,ba40280d-19ba-5fe7-8ae3-6e1217663f97,cask_type,first-fill barrel,0.95,smws,pending,NO_CHANGE
KB_7c4eaa78cac840ec9ce1,ba40280d-19ba-5fe7-8ae3-6e1217663f97,age,11.0,0.95,smws,pending,NO_CHANGE
KB_b4708e4a6bfb4aac8d6a,ba40280d-19ba-5fe7-8ae3-6e1217663f97,abv,62.5,0.95,smws,pending,NO_CHANGE
KB_9a79bb81294d4cd0b2bf,ba40280d-19ba-5fe7-8ae3-6e1217663f97,region,Speyside,0.95,smws,pending,NO_CHANGE
KB_11f05cac5a3e4398ac81,0efb9d47-4282-5b6a-8374-e789c8ae4d42,cask_type,first-fill barrel,0.95,smws,pending,NO_CHANGE
KB_5cd2dbcaa4504cfabd74,0efb9d47-4282-5b6a-8374-e789c8ae4d42,age,11.0,0.95,smws,pending,NO_CHANGE
KB_41aba5b28b8e4f628ae9,0efb9d47-4282-5b6a-8374-e789c8ae4d42,abv,56.2,0.95,smws,pending,NO_CHANGE
KB_34c97ccf1ed049c0836c,0efb9d47-4282-5b6a-8374-e789c8ae4d42,region,Speyside,0.95,smws,pending,NO_CHANGE
KB_8fa3ee9821af4d088246,9eca5f20-2b16-5025-a428-e2356ac314f2,cask_type,hogshead;refill,0.95,smws,pending,NO_CHANGE
KB_8f5ce212c4494b5aa442,9eca5f20-2b16-5025-a428-e2356ac314f2,age,24.0,0.95,smws,pending,NO_CHANGE
KB_7be3753b51d147ddbd68,9eca5f20-2b16-5025-a428-e2356ac314f2,abv,49.2,0.95,smws,pending,NO_CHANGE
KB_1ee17b0c90274eefa2c4,9eca5f20-2b16-5025-a428-e2356ac314f2,region,Speyside,0.95,smws,pending,NO_CHANGE
KB_ce31b505f5ed4ac39d80,6fd88222-84a9-5958-bf60-a435f494fcbe,cask_type,hogshead;refill,0.95,smws,pending,NO_CHANGE
KB_619295dc6f7b45f0a12e,6fd88222-84a9-5958-bf60-a435f494fcbe,age,27.0,0.95,smws,pending,NO_CHANGE
KB_53305de275cc407bb82e,6fd88222-84a9-5958-bf60-a435f494fcbe,abv,52.1,0.95,smws,pending,NO_CHANGE
KB_35c49bd853c244479902,6fd88222-84a9-5958-bf60-a435f494fcbe,region,Speyside,0.95,smws,pending,NO_CHANGE
KB_b23fb25264b6459cb4f7,4c1b4293-20a1-5b7e-80b9-793710b943e4,cask_type,hogshead;refill,0.95,smws,pending,NO_CHANGE
KB_2f308ac316ba42caab65,4c1b4293-20a1-5b7e-80b9-793710b943e4,age,28.0,0.95,smws,pending,NO_CHANGE
KB_f59d31f725304983b514,4c1b4293-20a1-5b7e-80b9-793710b943e4,abv,53.3,0.95,smws,pending,NO_CHANGE
KB_375a716317fd4caa8d56,4c1b4293-20a1-5b7e-80b9-793710b943e4,region,Speyside,0.95,smws,pending,NO_CHANGE
KB_562cf9d0afc649ae95e5,9c7c1f33-a610-53b4-84d1-33c5fb044c6d,cask_type,hogshead;refill,0.95,smws,pending,NO_CHANGE
KB_ab56c4f53ce440ae8f02,9c7c1f33-a610-53b4-84d1-33c5fb044c6d,age,19.0,0.95,smws,pending,NO_CHANGE
KB_d04979e647c34d9dab6a,9c7c1f33-a610-53b4-84d1-33c5fb044c6d,abv,56.0,0.95,smws,pending,NO_CHANGE
KB_d0d7ac5806d2483b9a5b,9c7c1f33-a610-53b4-84d1-33c5fb044c6d,region,Speyside,0.95,smws,pending,NO_CHANGE
KB_fae8dfda6a434b5ebbdd,617006f0-15e0-5533-a4b7-52f707e4df93,cask_type,hogshead;refill,0.95,smws,pending,NO_CHANGE
KB_f3289c8240fc40bc983a,617006f0-15e0-5533-a4b7-52f707e4df93,age,19.0,0.95,smws,pending,NO_CHANGE
KB_366c762363e243999c41,617006f0-15e0-5533-a4b7-52f707e4df93,abv,55.2,0.95,smws,pending,NO_CHANGE
KB_8ee0008e007549e6a4b4,617006f0-15e0-5533-a4b7-52f707e4df93,region,Speyside,0.95,smws,pending,NO_CHANGE
KB_2252e307d9d64757a247,4bd25146-6032-5610-ba88-a6fc83328ab6,cask_type,hogshead;refill,0.95,smws,pending,NO_CHANGE
KB_9aad0e3fbee1404b83a9,4bd25146-6032-5610-ba88-a6fc83328ab6,age,16.0,0.95,smws,pending,NO_CHANGE
KB_9d40a62267f84d6d9ecf,4bd25146-6032-5610-ba88-a6fc83328ab6,abv,55.4,0.95,smws,pending,NO_CHANGE
KB_4fbfcc97cb524317a470,4bd25146-6032-5610-ba88-a6fc83328ab6,region,Speyside,0.95,smws,pending,NO_CHANGE
KB_6ac5c84db0354bc982f8,7d176195-2e36-57c4-bf37-368dc856fd75,cask_type,first-fill barrel,0.95,smws,pending,NO_CHANGE
KB_4e8f73a8dd8249a88139,7d176195-2e36-57c4-bf37-368dc856fd75,age,11.0,0.95,smws,pending,NO_CHANGE
KB_ec1dc883e94140c5aaa4,7d176195-2e36-57c4-bf37-368dc856fd75,abv,57.3,0.95,smws,pending,NO_CHANGE
KB_5caaad8dabf743058215,7d176195-2e36-57c4-bf37-368dc856fd75,region,Speyside,0.95,smws,pending,NO_CHANGE
KB_605a109d500945ccaa32,39a79eb9-3da4-5893-9a52-2603df1beffa,cask_type,hogshead;refill,0.95,smws,pending,NO_CHANGE
KB_6200794166484e7a9628,39a79eb9-3da4-5893-9a52-2603df1beffa,age,27.0,0.95,smws,pending,NO_CHANGE
KB_4fa0a75d95eb450392f1,39a79eb9-3da4-5893-9a52-2603df1beffa,abv,47.2,0.95,smws,pending,NO_CHANGE
KB_ae273c87a0c544ea89bc,39a79eb9-3da4-5893-9a52-2603df1beffa,region,Speyside,0.95,smws,pending,NO_CHANGE
KB_1f0e767449fe40d7a99b,5124995e-02aa-5c3a-b755-b47e641297ec,cask_type,first-fill barrel,0.95,smws,pending,NO_CHANGE
KB_73b2e5a42acf4ee4a4eb,5124995e-02aa-5c3a-b755-b47e641297ec,age,11.0,0.95,smws,pending,NO_CHANGE
KB_2145e00af572466a9287,5124995e-02aa-5c3a-b755-b47e641297ec,abv,56.4,0.95,smws,pending,NO_CHANGE
KB_4617c7af343a490bbac9,5124995e-02aa-5c3a-b755-b47e641297ec,region,Speyside,0.95,smws,pending,NO_CHANGE
KB_a77d883f7e0b40fe94be,39151d65-4237-575e-8aa0-06832ae53e48,cask_type,hogshead;refill,0.95,smws,pending,NO_CHANGE
KB_7fe9c5a36e9a4cb8962c,39151d65-4237-575e-8aa0-06832ae53e48,age,21.0,0.95,smws,pending,NO_CHANGE
KB_260d07c6f5624b748b5f,39151d65-4237-575e-8aa0-06832ae53e48,abv,54.3,0.95,smws,pending,NO_CHANGE
KB_cf9ea37713824e779f1f,39151d65-4237-575e-8aa0-06832ae53e48,region,Speyside,0.95,smws,pending,NO_CHANGE
KB_89be8c73b3d44bdab3fb,231a6572-2f51-5c75-96ac-b4c3df886881,cask_type,px;sherry butt,0.95,smws,pending,NO_CHANGE
KB_aeb5b11a06b34f16adc9,231a6572-2f51-5c75-96ac-b4c3df886881,age,15.0,0.95,smws,pending,NO_CHANGE
KB_2735467c8a9043599ec9,231a6572-2f51-5c75-96ac-b4c3df886881,abv,51.5,0.95,smws,pending,NO_CHANGE
KB_e6411ad93ad3483a93af,231a6572-2f51-5c75-96ac-b4c3df886881,region,Speyside,0.95,smws,pending,NO_CHANGE
KB_b60468a5cd1e4d1b9725,8a5c5cbb-2d79-53d3-b1c9-7c562230cdbc,cask_type,hogshead;refill,0.95,smws,pending,NO_CHANGE
KB_0adafa050d07471caf82,8a5c5cbb-2d79-53d3-b1c9-7c562230cdbc,age,22.0,0.95,smws,pending,NO_CHANGE
KB_bb011ca748874729840b,8a5c5cbb-2d79-53d3-b1c9-7c562230cdbc,abv,56.0,0.95,smws,pending,NO_CHANGE
KB_f7d7bc4c8e1e4bea8cec,8a5c5cbb-2d79-53d3-b1c9-7c562230cdbc,region,Speyside,0.95,smws,pending,NO_CHANGE
KB_5dc7962e49ad42a992a0,b7a89fb6-3e1c-5301-b434-dc5f5eea56ce,cask_type,first-fill barrel,0.95,smws,pending,NO_CHANGE
KB_ec7b1a4e8081455aa482,b7a89fb6-3e1c-5301-b434-dc5f5eea56ce,age,15.0,0.95,smws,pending,NO_CHANGE
KB_813d9925a1b546d39298,b7a89fb6-3e1c-5301-b434-dc5f5eea56ce,abv,55.7,0.95,smws,pending,NO_CHANGE
KB_93ebb9ffff994f7d9981,b7a89fb6-3e1c-5301-b434-dc5f5eea56ce,region,Speyside,0.95,smws,pending,NO_CHANGE
KB_e2f74cbce27548a9a0ae,50b5141a-ebab-501f-aa51-d3fd7932f699,cask_type,butt;sherry butt,0.95,smws,pending,NO_CHANGE
KB_c6d64be7ecff41489e41,50b5141a-ebab-501f-aa51-d3fd7932f699,age,32.0,0.95,smws,pending,NO_CHANGE
KB_546866b7528f4001bf81,50b5141a-ebab-501f-aa51-d3fd7932f699,abv,62.3,0.95,smws,pending,NO_CHANGE
KB_c91080c118a94ec28bd9,8e6430a0-ce42-54ed-b68f-b238ec0acc3a,cask_type,butt;refill,0.95,smws,pending,NO_CHANGE
KB_a77e5c15bdda4539a318,8e6430a0-ce42-54ed-b68f-b238ec0acc3a,age,16.0,0.95,smws,pending,NO_CHANGE
KB_7bf528e4df944fc3b6c1,8e6430a0-ce42-54ed-b68f-b238ec0acc3a,abv,57.5,0.95,smws,pending,NO_CHANGE
KB_2c3c18f0866849ba93b3,bb7e1cc2-b1ea-5007-9911-c82410d737ca,cask_type,hogshead;refill,0.95,smws,pending,NO_CHANGE
KB_13f5ec8a3cd24b4ba1da,bb7e1cc2-b1ea-5007-9911-c82410d737ca,age,29.0,0.95,smws,pending,NO_CHANGE
KB_a7ce5b7782fb4c0dab70,bb7e1cc2-b1ea-5007-9911-c82410d737ca,abv,57.9,0.95,smws,pending,NO_CHANGE
KB_248ac0c1104d447283e9,de6f75e8-74ba-501c-beda-3658a4df39ea,age,21.0,0.95,smws,pending,NO_CHANGE
KB_7ef03c20f08f453f9922,de6f75e8-74ba-501c-beda-3658a4df39ea,abv,56.1,0.95,smws,pending,NO_CHANGE
KB_b2b73e494b3e42809cde,a72e11d5-2bf8-5544-8feb-803806369af3,cask_type,hogshead;refill,0.95,smws,pending,NO_CHANGE
KB_ec756b9096cb422b865b,a72e11d5-2bf8-5544-8feb-803806369af3,age,16.0,0.95,smws,pending,NO_CHANGE
KB_9f3f40b98e7b46189c3e,a72e11d5-2bf8-5544-8feb-803806369af3,abv,57.1,0.95,smws,pending,NO_CHANGE
KB_572d5b152d42474a90c9,a72e11d5-2bf8-5544-8feb-803806369af3,region,Speyside,0.95,smws,pending,NO_CHANGE
KB_5c7bc70f7f2448959615,e3685494-3da0-554f-96ae-d859a7867d34,cask_type,butt;refill,0.95,smws,pending,NO_CHANGE
KB_bb362bdb10644a0bb48b,e3685494-3da0-554f-96ae-d859a7867d34,age,21.0,0.95,smws,pending,NO_CHANGE
KB_e5e58b72e57f4a2a8f2d,e3685494-3da0-554f-96ae-d859a7867d34,abv,57.7,0.95,smws,pending,NO_CHANGE
KB_5dfa12c0e2934a959fce,e3685494-3da0-554f-96ae-d859a7867d34,region,Speyside,0.95,smws,pending,NO_CHANGE
KB_e74d8f18fc2a420e9cb3,21703ad8-1e23-5467-974e-b8180dc584a7,cask_type,butt;sherry butt,0.95,smws,pending,NO_CHANGE
KB_4fe97277cadc4a74a4ca,21703ad8-1e23-5467-974e-b8180dc584a7,age,15.0,0.95,smws,pending,NO_CHANGE
KB_2d7a91f83f824aa182aa,21703ad8-1e23-5467-974e-b8180dc584a7,abv,59.9,0.95,smws,pending,NO_CHANGE
KB_85f2e5642e1648aebf99,21703ad8-1e23-5467-974e-b8180dc584a7,region,Speyside,0.95,smws,pending,NO_CHANGE
KB_2d4f990f58324a9da8ac,77ea2155-81e6-59cf-ac1f-416982c76bb1,cask_type,hogshead;refill,0.95,smws,pending,NO_CHANGE
KB_e4437c4b9e79470283d0,77ea2155-81e6-59cf-ac1f-416982c76bb1,age,19.0,0.95,smws,pending,NO_CHANGE
KB_451d8ba4ff2d4ac38329,77ea2155-81e6-59cf-ac1f-416982c76bb1,abv,55.2,0.95,smws,pending,NO_CHANGE
KB_115bada368c54d25aa7d,77ea2155-81e6-59cf-ac1f-416982c76bb1,region,Speyside,0.95,smws,pending,NO_CHANGE
KB_c35441d557154b5dbc06,5cf27220-5326-5dff-b41d-9c2b7ffa3eb9,cask_type,refill,0.95,smws,pending,NO_CHANGE
KB_8d49fd45d6dd4ae9a18c,5cf27220-5326-5dff-b41d-9c2b7ffa3eb9,age,9.0,0.95,smws,pending,NO_CHANGE
KB_67526ce4a8ab46ad913f,5cf27220-5326-5dff-b41d-9c2b7ffa3eb9,abv,61.4,0.95,smws,pending,NO_CHANGE
KB_f120e41a421948108bd3,5cf27220-5326-5dff-b41d-9c2b7ffa3eb9,region,Speyside,0.95,smws,pending,NO_CHANGE
KB_8e9f7782af9e4b648fe7,92be4feb-5678-5d29-8431-86b7d5e6c48c,cask_type,hogshead;refill,0.95,smws,pending,NO_CHANGE
KB_a9e1aa254d4e45f09556,92be4feb-5678-5d29-8431-86b7d5e6c48c,age,21.0,0.95,smws,pending,NO_CHANGE
KB_5d516f82ce234087ad07,92be4feb-5678-5d29-8431-86b7d5e6c48c,abv,51.7,0.95,smws,pending,NO_CHANGE
KB_b4b5d0887bd6488fa371,92be4feb-5678-5d29-8431-86b7d5e6c48c,region,Speyside,0.95,smws,pending,NO_CHANGE
KB_89cc860ba4264f5a91c8,32cefab1-c233-5955-a544-77674ac72a58,cask_type,hogshead;refill,0.95,smws,pending,NO_CHANGE
KB_e6b3dcd7b585411db60f,32cefab1-c233-5955-a544-77674ac72a58,age,20.0,0.95,smws,pending,NO_CHANGE
KB_25ca6d75cb1b4b2aa119,32cefab1-c233-5955-a544-77674ac72a58,abv,47.1,0.95,smws,pending,NO_CHANGE
KB_13c574786f214cb2a839,32cefab1-c233-5955-a544-77674ac72a58,region,Speyside,0.95,smws,pending,NO_CHANGE
KB_9b082679692c4466a409,e7692ba0-16bd-5531-a234-17879d59c490,cask_type,refill,0.95,smws,pending,NO_CHANGE
KB_981ade3aa21d42dd86bd,e7692ba0-16bd-5531-a234-17879d59c490,age,10.0,0.95,smws,pending,NO_CHANGE
KB_701f74f4874748d58709,e7692ba0-16bd-5531-a234-17879d59c490,abv,60.2,0.95,smws,pending,NO_CHANGE
KB_d895a452a8eb44828e03,e7692ba0-16bd-5531-a234-17879d59c490,region,Speyside,0.95,smws,pending,NO_CHANGE
KB_56f95bb383eb42848099,427842ee-b573-5f93-87cb-6006930e7489,cask_type,refill,0.95,smws,pending,NO_CHANGE
KB_eec637417f1b404ea118,427842ee-b573-5f93-87cb-6006930e7489,age,12.0,0.95,smws,pending,NO_CHANGE
KB_b6b3847697424d0da68a,427842ee-b573-5f93-87cb-6006930e7489,abv,61.1,0.95,smws,pending,NO_CHANGE
KB_2c75c9d6365945a1b1bd,427842ee-b573-5f93-87cb-6006930e7489,region,Speyside,0.95,smws,pending,NO_CHANGE
KB_ee53ce08799f4728b52f,a2fe662e-d0f5-55af-89fb-f8cb8864d268,cask_type,refill,0.95,smws,pending,NO_CHANGE
KB_5bcf502c245b4710be53,a2fe662e-d0f5-55af-89fb-f8cb8864d268,age,13.0,0.95,smws,pending,NO_CHANGE
KB_bb50b72acc7540a4a741,a2fe662e-d0f5-55af-89fb-f8cb8864d268,abv,60.3,0.95,smws,pending,NO_CHANGE
KB_09c756d4a5a94b659b47,a2fe662e-d0f5-55af-89fb-f8cb8864d268,region,Speyside,0.95,smws,pending,NO_CHANGE
KB_82130c82f0754740a66a,32e0c7c6-2d48-5fae-990a-bfea7fd8cee0,cask_type,refill,0.95,smws,pending,NO_CHANGE
KB_8e2667943b99429d9764,32e0c7c6-2d48-5fae-990a-bfea7fd8cee0,age,9.0,0.95,smws,pending,NO_CHANGE
KB_42f15f05d1b149d19900,32e0c7c6-2d48-5fae-990a-bfea7fd8cee0,abv,60.4,0.95,smws,pending,NO_CHANGE
KB_69b7b24a09634950af9e,32e0c7c6-2d48-5fae-990a-bfea7fd8cee0,region,Speyside,0.95,smws,pending,NO_CHANGE
KB_69447eefc85f40408917,fe365565-a937-51a4-9791-b42204bc9e83,cask_type,refill,0.95,smws,pending,NO_CHANGE
KB_878ae93f01164e04a61b,fe365565-a937-51a4-9791-b42204bc9e83,age,11.0,0.95,smws,pending,NO_CHANGE
KB_0d2bd2697c3147fe9a34,fe365565-a937-51a4-9791-b42204bc9e83,abv,58.6,0.95,smws,pending,NO_CHANGE
KB_668e70f1524b41e18a31,fe365565-a937-51a4-9791-b42204bc9e83,region,Speyside,0.95,smws,pending,NO_CHANGE
KB_fc4ca193fb2f4f159d3b,39e4c233-0ec9-5d42-9fbe-bf734cee666d,age,15.0,0.95,smws,pending,NO_CHANGE
KB_4500b863d6084434ae56,39e4c233-0ec9-5d42-9fbe-bf734cee666d,abv,61.7,0.95,smws,pending,NO_CHANGE
KB_09999a5b4f2f42e0a5c9,7df43210-70eb-5556-8f54-096fa1ae296f,cask_type,hogshead;refill,0.95,smws,pending,NO_CHANGE
KB_a08c0a50ac1b48c98941,7df43210-70eb-5556-8f54-096fa1ae296f,age,5.0,0.95,smws,pending,NO_CHANGE
KB_ea5b5ff5f82d4da5a955,7df43210-70eb-5556-8f54-096fa1ae296f,abv,56.2,0.95,smws,pending,NO_CHANGE
KB_0db8b0d32a5e4ac782d9,a2dfb32f-4c31-5e2a-bde8-8a884168c3c2,cask_type,butt;refill,0.95,smws,pending,NO_CHANGE
KB_7ff3ae0535724a9095d8,a2dfb32f-4c31-5e2a-bde8-8a884168c3c2,age,10.0,0.95,smws,pending,NO_CHANGE
KB_f61aa6a2ad2c460899d2,a2dfb32f-4c31-5e2a-bde8-8a884168c3c2,abv,55.6,0.95,smws,pending,NO_CHANGE
KB_440b441922c34ef5bfcb,90925ce2-f26c-59de-adb7-e323c2c1a5f7,age,10.0,0.95,smws,pending,NO_CHANGE
KB_aae2d7de401d45efa0e1,90925ce2-f26c-59de-adb7-e323c2c1a5f7,abv,56.4,0.95,smws,pending,NO_CHANGE
KB_bd1ddf4c35b9405a987f,afb23bc7-b657-52da-8f88-85bad84dcd45,cask_type,hogshead;refill,0.95,smws,pending,NO_CHANGE
KB_f47164914f8d47dfb30a,afb23bc7-b657-52da-8f88-85bad84dcd45,age,21.0,0.95,smws,pending,NO_CHANGE
KB_4874c04264604701bb0f,afb23bc7-b657-52da-8f88-85bad84dcd45,abv,50.8,0.95,smws,pending,NO_CHANGE
KB_c81a0efb101a442db440,afb23bc7-b657-52da-8f88-85bad84dcd45,region,Islay,0.95,smws,pending,NO_CHANGE
KB_ca2a1a4680cf44fe8e15,a2056777-c982-5377-ad51-7a60dfb52d20,cask_type,first-fill,0.95,smws,pending,NO_CHANGE
KB_26ad4bc9c2dd46aeba93,a2056777-c982-5377-ad51-7a60dfb52d20,age,9.0,0.95,smws,pending,NO_CHANGE
KB_6981f9f12f5f437f9b9b,a2056777-c982-5377-ad51-7a60dfb52d20,abv,58.0,0.95,smws,pending,NO_CHANGE
KB_ec32f1f3c59544379114,a2056777-c982-5377-ad51-7a60dfb52d20,region,Islay,0.95,smws,pending,NO_CHANGE
KB_b9f2cb04945c45e7b060,2d17e8d5-fac6-5d15-83c0-ae17f92e402f,cask_type,butt;sherry butt,0.95,smws,pending,NO_CHANGE
KB_a3ffb43b04e148e8bb09,2d17e8d5-fac6-5d15-83c0-ae17f92e402f,age,11.0,0.95,smws,pending,NO_CHANGE
KB_6d40233c472d455eb38e,2d17e8d5-fac6-5d15-83c0-ae17f92e402f,abv,58.4,0.95,smws,pending,NO_CHANGE
KB_9fe64211e2da4169bb73,2d17e8d5-fac6-5d15-83c0-ae17f92e402f,region,Islay,0.95,smws,pending,NO_CHANGE
KB_742e643e72874a3ab10a,49cb6612-1208-5a5f-b429-17b5c8af8d5c,cask_type,butt;refill,0.95,smws,pending,NO_CHANGE
KB_cd48f95a077745dba0b1,49cb6612-1208-5a5f-b429-17b5c8af8d5c,age,16.0,0.95,smws,pending,NO_CHANGE
KB_633bb35ef2b44c778a37,49cb6612-1208-5a5f-b429-17b5c8af8d5c,abv,56.6,0.95,smws,pending,NO_CHANGE
KB_d3e05fa9e6c3428cb2ab,49cb6612-1208-5a5f-b429-17b5c8af8d5c,region,Islay,0.95,smws,pending,NO_CHANGE
KB_c09b26f0a79f4e088065,bb387b06-8ae8-5b78-adad-082101031288,cask_type,butt;sherry butt,0.95,smws,pending,NO_CHANGE
KB_eb6dd3e0be2544c78f98,bb387b06-8ae8-5b78-adad-082101031288,age,9.0,0.95,smws,pending,NO_CHANGE
KB_2f8c2e5b5e854c5abb08,bb387b06-8ae8-5b78-adad-082101031288,abv,59.1,0.95,smws,pending,NO_CHANGE
KB_679ac1f3b1cd4b57a05d,bb387b06-8ae8-5b78-adad-082101031288,region,Islay,0.95,smws,pending,NO_CHANGE
KB_67efd6f1088947df84f5,cab6a49d-1102-5a3c-a3d5-42504490debd,cask_type,butt;sherry butt,0.95,smws,pending,NO_CHANGE
KB_0563affdf07c46f8951f,cab6a49d-1102-5a3c-a3d5-42504490debd,age,23.0,0.95,smws,pending,NO_CHANGE
KB_1c802f69bf3c4982a3e0,cab6a49d-1102-5a3c-a3d5-42504490debd,abv,48.4,0.95,smws,pending,NO_CHANGE
KB_9da0897a43f44e158c7f,cab6a49d-1102-5a3c-a3d5-42504490debd,region,Islay,0.95,smws,pending,NO_CHANGE
KB_20b0a216b754465a98a5,40519583-3c03-51c4-8259-a16b15634056,cask_type,hogshead;refill,0.95,smws,pending,NO_CHANGE
KB_b2b92392a12c47d39e43,40519583-3c03-51c4-8259-a16b15634056,age,15.0,0.95,smws,pending,NO_CHANGE
KB_6fc5fd5429d045baa856,40519583-3c03-51c4-8259-a16b15634056,abv,61.2,0.95,smws,pending,NO_CHANGE
KB_7192a42845f04286b2a0,40519583-3c03-51c4-8259-a16b15634056,region,Islay,0.95,smws,pending,NO_CHANGE
KB_feba31505b324a799868,a73fc26d-3117-5d0a-9e49-a8d7de9941d9,cask_type,hogshead;refill,0.95,smws,pending,NO_CHANGE
KB_85c2e6eb475a462e9e99,a73fc26d-3117-5d0a-9e49-a8d7de9941d9,age,15.0,0.95,smws,pending,NO_CHANGE
KB_77cd1d0adb2347e59cd7,a73fc26d-3117-5d0a-9e49-a8d7de9941d9,abv,60.5,0.95,smws,pending,NO_CHANGE
KB_b64b2e4b882a412c9fb6,a73fc26d-3117-5d0a-9e49-a8d7de9941d9,region,Islay,0.95,smws,pending,NO_CHANGE
KB_378e2d9375b54869a1f0,a1b32118-e956-521b-8a60-d5dc187b5f49,cask_type,hogshead;refill,0.95,smws,pending,NO_CHANGE
KB_c38147ce66134657933e,a1b32118-e956-521b-8a60-d5dc187b5f49,age,21.0,0.95,smws,pending,NO_CHANGE
KB_897acf0880e14564a372,a1b32118-e956-521b-8a60-d5dc187b5f49,abv,46.4,0.95,smws,pending,NO_CHANGE
KB_29885c9a730743da95d8,a1b32118-e956-521b-8a60-d5dc187b5f49,region,Islay,0.95,smws,pending,NO_CHANGE
KB_8de26046e2bf447fbc5f,417aac1b-cbd2-5e52-8330-ca1f31547bcd,cask_type,hogshead;refill,0.95,smws,pending,NO_CHANGE
KB_baaaebca5793459ba6cd,417aac1b-cbd2-5e52-8330-ca1f31547bcd,age,15.0,0.95,smws,pending,NO_CHANGE
KB_7578518962424f898ddc,417aac1b-cbd2-5e52-8330-ca1f31547bcd,abv,61.0,0.95,smws,pending,NO_CHANGE
KB_528dcaf785744908b007,417aac1b-cbd2-5e52-8330-ca1f31547bcd,region,Islay,0.95,smws,pending,NO_CHANGE
KB_4557a5683b9448399065,9eed4bf3-025b-52d6-94aa-6a07e8433212,cask_type,hogshead;refill,0.95,smws,pending,NO_CHANGE
KB_879ff597a4434149b5a4,9eed4bf3-025b-52d6-94aa-6a07e8433212,age,16.0,0.95,smws,pending,NO_CHANGE
KB_24dbdfaea00b44579973,9eed4bf3-025b-52d6-94aa-6a07e8433212,abv,57.9,0.95,smws,pending,NO_CHANGE
KB_5964853505b141268e50,9eed4bf3-025b-52d6-94aa-6a07e8433212,region,Islay,0.95,smws,pending,NO_CHANGE
KB_4104134e4163427a95af,bc24bcd1-1afb-583a-bc37-0e841c7dfcd9,cask_type,butt;refill,0.95,smws,pending,NO_CHANGE
KB_e3864c4157f1459d887f,bc24bcd1-1afb-583a-bc37-0e841c7dfcd9,age,14.0,0.95,smws,pending,NO_CHANGE
KB_f6793ef9aa554b9ebecd,bc24bcd1-1afb-583a-bc37-0e841c7dfcd9,abv,57.2,0.95,smws,pending,NO_CHANGE
KB_2f9aad76f1f8444e8b33,bc24bcd1-1afb-583a-bc37-0e841c7dfcd9,region,Islay,0.95,smws,pending,NO_CHANGE
KB_2bf03de67d9048c5801d,7d63ad9e-bce9-5249-8352-29a3cce2ac7e,cask_type,butt;refill,0.95,smws,pending,NO_CHANGE
KB_f11fce8b10eb47729a73,7d63ad9e-bce9-5249-8352-29a3cce2ac7e,age,14.0,0.95,smws,pending,NO_CHANGE
KB_61cc1b15910e4e1781a5,7d63ad9e-bce9-5249-8352-29a3cce2ac7e,abv,58.8,0.95,smws,pending,NO_CHANGE
KB_96d8236e48754b04820d,7d63ad9e-bce9-5249-8352-29a3cce2ac7e,region,Islay,0.95,smws,pending,NO_CHANGE
KB_94364348fa344c0eb1e6,9fddc56d-264c-5c5e-87df-c0c9f37e941a,cask_type,butt;refill,0.95,smws,pending,NO_CHANGE
KB_236701d40b3943c3bb6e,9fddc56d-264c-5c5e-87df-c0c9f37e941a,age,14.0,0.95,smws,pending,NO_CHANGE
KB_494c74eb10a94fb48d09,9fddc56d-264c-5c5e-87df-c0c9f37e941a,abv,58.4,0.95,smws,pending,NO_CHANGE
KB_327abed7fba44fae92db,9fddc56d-264c-5c5e-87df-c0c9f37e941a,region,Islay,0.95,smws,pending,NO_CHANGE
KB_dde9b6c96dc94e13a413,a1e1e40f-fd49-5cda-b8da-6055bc6696da,cask_type,butt;sherry butt,0.95,smws,pending,NO_CHANGE
KB_5a6a361d20b245ca8c9a,a1e1e40f-fd49-5cda-b8da-6055bc6696da,age,24.0,0.95,smws,pending,NO_CHANGE
KB_039ebd49d0af4a6186a2,a1e1e40f-fd49-5cda-b8da-6055bc6696da,abv,50.8,0.95,smws,pending,NO_CHANGE
KB_22783d2060b24fb38a1e,a1e1e40f-fd49-5cda-b8da-6055bc6696da,region,Islay,0.95,smws,pending,NO_CHANGE
KB_937ca54c5226451c9716,9371a2f2-e061-5c4d-9a68-9c62625d1520,cask_type,hogshead;refill,0.95,smws,pending,NO_CHANGE
KB_0258b8c08eaf4d838132,9371a2f2-e061-5c4d-9a68-9c62625d1520,age,16.0,0.95,smws,pending,NO_CHANGE
KB_3c7a652a2df744038c6c,9371a2f2-e061-5c4d-9a68-9c62625d1520,abv,59.4,0.95,smws,pending,NO_CHANGE
KB_1bd849354e144ccda1e2,9371a2f2-e061-5c4d-9a68-9c62625d1520,region,Islay,0.95,smws,pending,NO_CHANGE
KB_87ee1f5ac0cc45cb8c25,dec91460-c3a1-54b8-9375-20972a55f20d,cask_type,butt;refill,0.95,smws,pending,NO_CHANGE
KB_4c89d7f9a69f43198701,dec91460-c3a1-54b8-9375-20972a55f20d,age,15.0,0.95,smws,pending,NO_CHANGE
KB_72db8eaa5cbc4d41a1b5,dec91460-c3a1-54b8-9375-20972a55f20d,abv,56.9,0.95,smws,pending,NO_CHANGE
KB_bfda7e46954246248d8e,dec91460-c3a1-54b8-9375-20972a55f20d,region,Islay,0.95,smws,pending,NO_CHANGE
KB_60bd637ab62340c8af43,82168ee9-dd26-564a-a37d-71802cfb9a50,cask_type,hogshead;refill,0.95,smws,pending,NO_CHANGE
KB_161e40c7e8184816a267,82168ee9-dd26-564a-a37d-71802cfb9a50,age,17.0,0.95,smws,pending,NO_CHANGE
KB_6e0ac64e630744e58d64,82168ee9-dd26-564a-a37d-71802cfb9a50,abv,58.9,0.95,smws,pending,NO_CHANGE
KB_26964d7a1f6a4af7800a,82168ee9-dd26-564a-a37d-71802cfb9a50,region,Islay,0.95,smws,pending,NO_CHANGE
KB_b0dc1ed5adba4789b4a8,bddb9ac9-35a3-5f53-9c5c-dcf1f3081c69,cask_type,hogshead;refill,0.95,smws,pending,NO_CHANGE
KB_4e4ee15c7219408d9a19,bddb9ac9-35a3-5f53-9c5c-dcf1f3081c69,age,18.0,0.95,smws,pending,NO_CHANGE
KB_448b74f849f640bc8455,bddb9ac9-35a3-5f53-9c5c-dcf1f3081c69,abv,55.2,0.95,smws,pending,NO_CHANGE
KB_64201734c62444f1aec5,bddb9ac9-35a3-5f53-9c5c-dcf1f3081c69,region,Islay,0.95,smws,pending,NO_CHANGE
KB_11f830abd4574c47ab48,41299eec-9a5b-53bc-8c94-52ed6139f017,cask_type,butt;refill,0.95,smws,pending,NO_CHANGE
KB_295ef45d72ba4725b88f,41299eec-9a5b-53bc-8c94-52ed6139f017,age,16.0,0.95,smws,pending,NO_CHANGE
KB_559b01d840094acfaec4,41299eec-9a5b-53bc-8c94-52ed6139f017,abv,55.6,0.95,smws,pending,NO_CHANGE
KB_640702e1224b49a3995c,41299eec-9a5b-53bc-8c94-52ed6139f017,region,Islay,0.95,smws,pending,NO_CHANGE
KB_4d82e6515b084ffdaa0d,59774bf2-8a22-52ba-ba4c-45a2321293ea,cask_type,first-fill barrel,0.95,smws,pending,NO_CHANGE
KB_666594e4f53341adb26a,59774bf2-8a22-52ba-ba4c-45a2321293ea,age,13.0,0.95,smws,pending,NO_CHANGE
KB_914edf55771b4ec2b67a,59774bf2-8a22-52ba-ba4c-45a2321293ea,abv,54.3,0.95,smws,pending,NO_CHANGE
KB_de2c99b2fa4c46d3b70d,59774bf2-8a22-52ba-ba4c-45a2321293ea,region,Islay,0.95,smws,pending,NO_CHANGE
KB_0540bc1e45974c3bbfe7,cc764bc3-47c4-5780-90bb-246147cbd070,cask_type,butt;refill,0.95,smws,pending,NO_CHANGE
KB_4ce3c0bc4bdd41ac87a8,cc764bc3-47c4-5780-90bb-246147cbd070,age,19.0,0.95,smws,pending,NO_CHANGE
KB_c83d183a288f40e18667,cc764bc3-47c4-5780-90bb-246147cbd070,abv,54.2,0.95,smws,pending,NO_CHANGE
KB_83b66af1f4fb41a39796,cc764bc3-47c4-5780-90bb-246147cbd070,region,Islay,0.95,smws,pending,NO_CHANGE
KB_7a1d1059ba404575ab35,a2e5065b-6368-5eab-8613-06393762ff3e,cask_type,butt;refill,0.95,smws,pending,NO_CHANGE
KB_303a25bafb1e418e9ed5,a2e5065b-6368-5eab-8613-06393762ff3e,age,16.0,0.95,smws,pending,NO_CHANGE
KB_39b94e1c44dc4784befe,a2e5065b-6368-5eab-8613-06393762ff3e,abv,58.3,0.95,smws,pending,NO_CHANGE
KB_2fdef589aea7471ea22b,a2e5065b-6368-5eab-8613-06393762ff3e,region,Islay,0.95,smws,pending,NO_CHANGE
KB_7f1a5e05aa4e42efac57,7ecbfeb2-478b-5b11-b6d7-23e768d070a7,cask_type,butt;refill,0.95,smws,pending,NO_CHANGE
KB_650b07edafbd41128601,7ecbfeb2-478b-5b11-b6d7-23e768d070a7,age,16.0,0.95,smws,pending,NO_CHANGE
KB_ae15a9ea4630444e86d1,7ecbfeb2-478b-5b11-b6d7-23e768d070a7,abv,56.4,0.95,smws,pending,NO_CHANGE
KB_f9a6cc6fa2e14bdbb5e1,7ecbfeb2-478b-5b11-b6d7-23e768d070a7,region,Islay,0.95,smws,pending,NO_CHANGE
KB_74a871fe811a47048a8e,81eda28f-9ccc-5421-a409-d523aa3a6e2a,cask_type,refill,0.95,smws,pending,NO_CHANGE
KB_b871f72144234761a4ba,81eda28f-9ccc-5421-a409-d523aa3a6e2a,age,26.0,0.95,smws,pending,NO_CHANGE
KB_1d57b86acccd4593b507,81eda28f-9ccc-5421-a409-d523aa3a6e2a,abv,51.3,0.95,smws,pending,NO_CHANGE
KB_c790bb343f2947c29d1d,b5f68bce-5f42-59c4-873b-2fbfa0192d68,cask_type,butt;refill,0.95,smws,pending,NO_CHANGE
KB_faa47208cf60453dbf43,b5f68bce-5f42-59c4-873b-2fbfa0192d68,age,16.0,0.95,smws,pending,NO_CHANGE
KB_83ae755981eb4e219db2,6173d1c2-a8f7-5a2e-9aef-a6a9dddc8ee0,cask_type,refill,0.95,smws,pending,NO_CHANGE
KB_810df9e05d3e4c08952e,6173d1c2-a8f7-5a2e-9aef-a6a9dddc8ee0,age,26.0,0.95,smws,pending,NO_CHANGE
KB_224b80b111074ccc8758,6173d1c2-a8f7-5a2e-9aef-a6a9dddc8ee0,abv,50.9,0.95,smws,pending,NO_CHANGE
KB_7a59761b963e4852b2dd,7e2dd5b9-7997-55e0-ba95-2561e478d29d,cask_type,butt;refill,0.95,smws,pending,NO_CHANGE
KB_953a56e4bfb644f386ef,7e2dd5b9-7997-55e0-ba95-2561e478d29d,age,17.0,0.95,smws,pending,NO_CHANGE
KB_d5f99aae2e0142ccbbcc,7e2dd5b9-7997-55e0-ba95-2561e478d29d,abv,56.5,0.95,smws,pending,NO_CHANGE
KB_9edf2627643e4a76962e,35cca668-e02e-5e6f-9e57-0609cc73d833,cask_type,refill,0.95,smws,pending,NO_CHANGE
KB_375e975b76a34cc8aa37,35cca668-e02e-5e6f-9e57-0609cc73d833,age,16.0,0.95,smws,pending,NO_CHANGE
KB_f65db59d9e5a476984ac,35cca668-e02e-5e6f-9e57-0609cc73d833,abv,55.9,0.95,smws,pending,NO_CHANGE
KB_bf4dfe90eb8446139abc,5e380fac-f8d0-5272-9055-951bb15ca470,cask_type,hogshead;refill,0.95,smws,pending,NO_CHANGE
KB_27d94ae535df44fc9db8,5e380fac-f8d0-5272-9055-951bb15ca470,age,19.0,0.95,smws,pending,NO_CHANGE
KB_c3209c6076aa4ddba1ea,5e380fac-f8d0-5272-9055-951bb15ca470,abv,58.1,0.95,smws,pending,NO_CHANGE
KB_abf55af898ef4f1186fb,dcc896ed-ac13-58d9-b6e5-7a762692414e,cask_type,first-fill barrel usa allocation,0.95,smws,pending,NO_CHANGE
KB_4f182cdf93d14479b1e3,dcc896ed-ac13-58d9-b6e5-7a762692414e,age,15.0,0.95,smws,pending,NO_CHANGE
KB_f641690b47b2400885d8,dcc896ed-ac13-58d9-b6e5-7a762692414e,abv,56.3,0.95,smws,pending,NO_CHANGE
KB_171f7e23423b4c10a96e,dcc896ed-ac13-58d9-b6e5-7a762692414e,region,Islay,0.95,smws,pending,NO_CHANGE
KB_185f0ca39df04f99be4f,f8de9132-49dc-5638-acae-f78c8e6986e2,cask_type,butt;refill,0.95,smws,pending,NO_CHANGE
KB_d0eb0caebae2424bb778,f8de9132-49dc-5638-acae-f78c8e6986e2,age,18.0,0.95,smws,pending,NO_CHANGE
KB_857c390352e74e5fa78e,f8de9132-49dc-5638-acae-f78c8e6986e2,abv,55.8,0.95,smws,pending,NO_CHANGE
KB_6af2d98fe0b94c67ba16,f8de9132-49dc-5638-acae-f78c8e6986e2,region,Islay,0.95,smws,pending,NO_CHANGE
KB_822c62b15ae444cda14e,02c1442c-b077-50ba-80f2-17d811a6d0d2,cask_type,hogshead;refill,0.95,smws,pending,NO_CHANGE
KB_cd5a222143114e759b79,02c1442c-b077-50ba-80f2-17d811a6d0d2,age,20.0,0.95,smws,pending,NO_CHANGE
KB_7ee0f2b27ca1490d89a4,02c1442c-b077-50ba-80f2-17d811a6d0d2,abv,53.1,0.95,smws,pending,NO_CHANGE
KB_4c352b7792574b9dbb15,02c1442c-b077-50ba-80f2-17d811a6d0d2,region,Islay,0.95,smws,pending,NO_CHANGE
KB_76cf07d3ca7d4b0cae97,5d3f8399-d8ce-5f0a-b597-db701aefb0f6,age,14.0,0.95,smws,pending,NO_CHANGE
KB_3ac5c0ea00de47518600,5d3f8399-d8ce-5f0a-b597-db701aefb0f6,abv,54.3,0.95,smws,pending,NO_CHANGE
KB_9557c5e9c43d4c51b1ba,0b9d77e4-659a-59ee-a1a0-c30bc035b351,cask_type,refill,0.95,smws,pending,NO_CHANGE
KB_71d8865cb30f4f4b95e8,0b9d77e4-659a-59ee-a1a0-c30bc035b351,age,22.0,0.95,smws,pending,NO_CHANGE
KB_9bd5135423ff4ab982f3,0b9d77e4-659a-59ee-a1a0-c30bc035b351,abv,48.3,0.95,smws,pending,NO_CHANGE
KB_ca84c7c7200f4f56b3a6,ba40e478-5e37-5261-aa3b-e60ef1448470,age,19.0,0.95,smws,pending,NO_CHANGE
KB_508e42cb201647de9b87,ba40e478-5e37-5261-aa3b-e60ef1448470,abv,55.2,0.95,smws,pending,NO_CHANGE
KB_2b06d1a3b4e848b8873b,48b76d49-3cea-56bb-a5ea-02af7c181389,age,17.0,0.95,smws,pending,NO_CHANGE
KB_d63e80ed190941ac8c81,48b76d49-3cea-56bb-a5ea-02af7c181389,abv,51.6,0.95,smws,pending,NO_CHANGE
KB_2eaf5dcd315c4592b24f,6037a55b-ec66-55f7-9e17-b482a403e7e0,cask_type,butt;sherry butt,0.95,smws,pending,NO_CHANGE
KB_565c6624223846d39a4a,6037a55b-ec66-55f7-9e17-b482a403e7e0,age,17.0,0.95,smws,pending,NO_CHANGE
KB_eba146b1a08641ffad4c,6037a55b-ec66-55f7-9e17-b482a403e7e0,abv,61.0,0.95,smws,pending,NO_CHANGE
KB_2063c2a530c543be963c,88035bdd-884f-5488-93f8-c1ffb817364f,age,22.0,0.95,smws,pending,NO_CHANGE
KB_31e2ef041b514ace8ea1,e1fa9e80-a79b-5cf2-bc3f-ae380696f7b4,cask_type,butt;refill,0.95,smws,pending,NO_CHANGE
KB_c6b47920d2c84b538d85,e1fa9e80-a79b-5cf2-bc3f-ae380696f7b4,age,10.0,0.95,smws,pending,NO_CHANGE
KB_93f5e5aa36a744abb414,e1fa9e80-a79b-5cf2-bc3f-ae380696f7b4,abv,59.0,0.95,smws,pending,NO_CHANGE
KB_e73b0b25ce6c435c8314,aaa43573-8c35-57b3-afd2-0c7a26683263,age,20.0,0.95,smws,pending,NO_CHANGE
KB_372e6527e08940af817a,aaa43573-8c35-57b3-afd2-0c7a26683263,abv,50.5,0.95,smws,pending,NO_CHANGE
KB_269f0f531dd648438b93,e074f3a3-e799-5203-8cec-b965bf913e62,cask_type,first-fill,0.95,smws,pending,NO_CHANGE
KB_6962f2ad48254f7b8b3a,e074f3a3-e799-5203-8cec-b965bf913e62,age,10.0,0.95,smws,pending,NO_CHANGE
KB_8e6649537da84ab3adb2,e074f3a3-e799-5203-8cec-b965bf913e62,abv,57.3,0.95,smws,pending,NO_CHANGE
KB_135b1bcf147545c3bbf7,80bacdff-f9e4-5dca-b90b-8c7670b35587,cask_type,butt;refill,0.95,smws,pending,NO_CHANGE
KB_7fe393c94da44345b87a,80bacdff-f9e4-5dca-b90b-8c7670b35587,age,12.0,0.95,smws,pending,NO_CHANGE
KB_d7cffd4082c040adb5fb,80bacdff-f9e4-5dca-b90b-8c7670b35587,abv,58.7,0.95,smws,pending,NO_CHANGE
KB_45678d7e0c9c48f19c03,52a9c5a9-a1f9-5b8c-975b-4d04ccb82290,cask_type,first-fill,0.95,smws,pending,NO_CHANGE
KB_17789073c09140a4b78f,52a9c5a9-a1f9-5b8c-975b-4d04ccb82290,age,9.0,0.95,smws,pending,NO_CHANGE
KB_b86587a44ec242aeb243,52a9c5a9-a1f9-5b8c-975b-4d04ccb82290,abv,61.7,0.95,smws,pending,NO_CHANGE
KB_7dd020fb496b4ec6aa04,9179c557-8797-5aec-b6d4-15e15e75ef29,cask_type,hogshead;refill,0.95,smws,pending,NO_CHANGE
KB_c9e33d155f2046b3aa6f,9179c557-8797-5aec-b6d4-15e15e75ef29,age,21.0,0.95,smws,pending,NO_CHANGE
KB_a35f456bd10a446f9cff,9179c557-8797-5aec-b6d4-15e15e75ef29,abv,52.0,0.95,smws,pending,NO_CHANGE
KB_f5de02687ad7408189fd,d4635d93-bd03-544e-8c28-c6a590c863b4,cask_type,hogshead;refill,0.95,smws,pending,NO_CHANGE
KB_3eb7317b418e4be9a368,d4635d93-bd03-544e-8c28-c6a590c863b4,age,19.0,0.95,smws,pending,NO_CHANGE
KB_eb1f3fdd804f4fc79044,d4635d93-bd03-544e-8c28-c6a590c863b4,abv,54.7,0.95,smws,pending,NO_CHANGE
KB_d3ac8757d7ff4f4a84c7,325e83db-d4dc-552e-8493-7ffbeeb467b3,cask_type,first-fill barrel,0.95,smws,pending,NO_CHANGE
KB_61ac8c4f0fd6496d83ad,325e83db-d4dc-552e-8493-7ffbeeb467b3,age,10.0,0.95,smws,pending,NO_CHANGE
KB_5c3c63e654624698b9b3,325e83db-d4dc-552e-8493-7ffbeeb467b3,abv,59.9,0.95,smws,pending,NO_CHANGE
KB_6cf57f6192784acdad7b,325e83db-d4dc-552e-8493-7ffbeeb467b3,region,Highland,0.95,smws,pending,NO_CHANGE
KB_c96db7522be945a7bb6e,1f9e358e-e702-5cdb-83fd-1f502379b020,cask_type,butt;sherry butt,0.95,smws,pending,NO_CHANGE
KB_24a0b668c194469eb309,1f9e358e-e702-5cdb-83fd-1f502379b020,age,26.0,0.95,smws,pending,NO_CHANGE
KB_0631bd83bb00441a99ea,1f9e358e-e702-5cdb-83fd-1f502379b020,abv,53.1,0.95,smws,pending,NO_CHANGE
KB_c0d4c43bd0924d9eaa48,1dc7c9b6-7d88-53d4-995d-578b398fca2e,cask_type,first-fill barrel,0.95,smws,pending,NO_CHANGE
KB_80f17c5d196e42049de9,1dc7c9b6-7d88-53d4-995d-578b398fca2e,age,11.0,0.95,smws,pending,NO_CHANGE
KB_e7c252402f3b4051b8c1,1dc7c9b6-7d88-53d4-995d-578b398fca2e,abv,58.6,0.95,smws,pending,NO_CHANGE
KB_d345de7dc03c4129967b,4f363859-6736-5a47-a78b-caac43bd7035,cask_type,hogshead;refill,0.95,smws,pending,NO_CHANGE
KB_1fdabd36bee94632ad1c,4f363859-6736-5a47-a78b-caac43bd7035,age,20.0,0.95,smws,pending,NO_CHANGE
KB_24b6cd8c43ba4889baad,4f363859-6736-5a47-a78b-caac43bd7035,abv,53.5,0.95,smws,pending,NO_CHANGE
KB_99fa9d3148544878acd4,4f363859-6736-5a47-a78b-caac43bd7035,region,Highland,0.95,smws,pending,NO_CHANGE
KB_23a622d49d0f4cb08eae,507f6bdb-bf78-5c19-a6e0-8e622b2c2d84,age,14.0,0.95,smws,pending,NO_CHANGE
KB_c11279d25fc14d8d8a30,507f6bdb-bf78-5c19-a6e0-8e622b2c2d84,abv,56.1,0.95,smws,pending,NO_CHANGE
KB_b4e15b18526141fa8eeb,507f6bdb-bf78-5c19-a6e0-8e622b2c2d84,region,Highland,0.95,smws,pending,NO_CHANGE
KB_fea144b289a8473cbd49,f865b05e-a649-5ff1-881a-50c2031c7d80,cask_type,hogshead;refill,0.95,smws,pending,NO_CHANGE
KB_3df9d352449d4736858f,f865b05e-a649-5ff1-881a-50c2031c7d80,age,16.0,0.95,smws,pending,NO_CHANGE
KB_4146c58b1555456ab2c6,f865b05e-a649-5ff1-881a-50c2031c7d80,abv,55.1,0.95,smws,pending,NO_CHANGE
KB_a8fa29cdb9bb404f8f95,f865b05e-a649-5ff1-881a-50c2031c7d80,region,Highland,0.95,smws,pending,NO_CHANGE
KB_c51ea45068294c2e9e69,fbcd8b02-6ff3-56a1-be42-a40619a610d7,cask_type,first-fill barrel,0.95,smws,pending,NO_CHANGE
KB_698e08318dc2460d9f75,fbcd8b02-6ff3-56a1-be42-a40619a610d7,age,11.0,0.95,smws,pending,NO_CHANGE
KB_309d0a6b5ef2428786ab,fbcd8b02-6ff3-56a1-be42-a40619a610d7,abv,62.8,0.95,smws,pending,NO_CHANGE
KB_19eb9a77c1994c6ab78a,fbcd8b02-6ff3-56a1-be42-a40619a610d7,region,Highland,0.95,smws,pending,NO_CHANGE
KB_c549ab2e52864d628191,ab161ef7-6f6b-5d3f-9a75-e79e5499d601,cask_type,first-fill barrel,0.95,smws,pending,NO_CHANGE
KB_576fcc6269014819b996,ab161ef7-6f6b-5d3f-9a75-e79e5499d601,age,11.0,0.95,smws,pending,NO_CHANGE
KB_1972d4a655b040d9a4f8,ab161ef7-6f6b-5d3f-9a75-e79e5499d601,abv,62.0,0.95,smws,pending,NO_CHANGE
KB_6dd555b1c4eb414f8f46,ab161ef7-6f6b-5d3f-9a75-e79e5499d601,region,Highland,0.95,smws,pending,NO_CHANGE
KB_4a79e0195e584324b77e,99abf37a-b1ed-5d55-8566-1a41089efd55,cask_type,first-fill barrel,0.95,smws,pending,NO_CHANGE
KB_321daec242b14da0b319,99abf37a-b1ed-5d55-8566-1a41089efd55,age,25.0,0.95,smws,pending,NO_CHANGE
KB_92ba457f91654f50a2c9,99abf37a-b1ed-5d55-8566-1a41089efd55,abv,59.7,0.95,smws,pending,NO_CHANGE
KB_8b146a34d18d4bf0b1fe,99abf37a-b1ed-5d55-8566-1a41089efd55,region,Highland,0.95,smws,pending,NO_CHANGE
KB_1909a0d217c848bdb519,47003c2d-9022-52e2-9a2a-900c3621db60,cask_type,hogshead;refill,0.95,smws,pending,NO_CHANGE
KB_4dc5bf8c577c4b79b3c7,47003c2d-9022-52e2-9a2a-900c3621db60,age,21.0,0.95,smws,pending,NO_CHANGE
KB_5e4cc60795b7417e92fd,47003c2d-9022-52e2-9a2a-900c3621db60,abv,53.7,0.95,smws,pending,NO_CHANGE
KB_f93529795e2a47a3bf03,47003c2d-9022-52e2-9a2a-900c3621db60,region,Highland,0.95,smws,pending,NO_CHANGE
KB_967288d9c9d844d9b590,61607d8a-3b83-568b-9104-f97ed19300d0,cask_type,first-fill barrel,0.95,smws,pending,NO_CHANGE
KB_13ce3f57bc9e4e63aa40,61607d8a-3b83-568b-9104-f97ed19300d0,age,13.0,0.95,smws,pending,NO_CHANGE
KB_32b9803117de4a4787c7,61607d8a-3b83-568b-9104-f97ed19300d0,abv,60.1,0.95,smws,pending,NO_CHANGE
KB_242e5a89d33d446aa91b,61607d8a-3b83-568b-9104-f97ed19300d0,region,Highland,0.95,smws,pending,NO_CHANGE
KB_8940442595ae461ba9d3,d0392b30-9774-550c-bad5-3f6747f85d1f,cask_type,first-fill barrel,0.95,smws,pending,NO_CHANGE
KB_ba08e4aab27b46afa9c4,d0392b30-9774-550c-bad5-3f6747f85d1f,age,13.0,0.95,smws,pending,NO_CHANGE
KB_d9c6e831c1f14eb688b9,d0392b30-9774-550c-bad5-3f6747f85d1f,abv,55.9,0.95,smws,pending,NO_CHANGE
KB_6a85edde183a490f9c6c,d0392b30-9774-550c-bad5-3f6747f85d1f,region,Highland,0.95,smws,pending,NO_CHANGE
KB_9a781a051e1146f3be4f,01813d48-182c-5cec-8f43-ea9c0ee144d2,cask_type,first-fill barrel,0.95,smws,pending,NO_CHANGE
KB_7740645435e44dbdbb9d,01813d48-182c-5cec-8f43-ea9c0ee144d2,age,18.0,0.95,smws,pending,NO_CHANGE
KB_f9231905a7f34aabb110,01813d48-182c-5cec-8f43-ea9c0ee144d2,abv,59.1,0.95,smws,pending,NO_CHANGE
KB_85c9d4fce6b54c0690ad,01813d48-182c-5cec-8f43-ea9c0ee144d2,region,Highland,0.95,smws,pending,NO_CHANGE
KB_30a6b2040c2c49de88ee,56b0ecd5-b248-5c08-8b28-1e604adedd99,cask_type,first-fill barrel,0.95,smws,pending,NO_CHANGE
KB_e4a80de99bb1455b950f,56b0ecd5-b248-5c08-8b28-1e604adedd99,age,13.0,0.95,smws,pending,NO_CHANGE
KB_56c478c7d5f44ac193c6,56b0ecd5-b248-5c08-8b28-1e604adedd99,abv,62.1,0.95,smws,pending,NO_CHANGE
KB_db2a05fa63b649188561,56b0ecd5-b248-5c08-8b28-1e604adedd99,region,Highland,0.95,smws,pending,NO_CHANGE
KB_a0bf16817b3e4968af45,539c547d-92cd-5ec2-8edf-49b2dd3f1d91,cask_type,first-fill barrel,0.95,smws,pending,NO_CHANGE
KB_b476941df7544053a06f,539c547d-92cd-5ec2-8edf-49b2dd3f1d91,age,13.0,0.95,smws,pending,NO_CHANGE
KB_3d7d8c8767e747e3baf5,539c547d-92cd-5ec2-8edf-49b2dd3f1d91,abv,61.8,0.95,smws,pending,NO_CHANGE
KB_cc0daae0993c47698a23,539c547d-92cd-5ec2-8edf-49b2dd3f1d91,region,Highland,0.95,smws,pending,NO_CHANGE
KB_7288fe28f30b4ea1a2d4,605431d1-f644-5dcc-a88f-17f23ac53b0b,cask_type,hogshead;refill,0.95,smws,pending,NO_CHANGE
KB_3a2eec983c7746ef8ee4,605431d1-f644-5dcc-a88f-17f23ac53b0b,age,22.0,0.95,smws,pending,NO_CHANGE
KB_d6a6d0f8eb774620ae26,605431d1-f644-5dcc-a88f-17f23ac53b0b,abv,53.9,0.95,smws,pending,NO_CHANGE
KB_ce58229e64214fd2a9f0,605431d1-f644-5dcc-a88f-17f23ac53b0b,region,Highland,0.95,smws,pending,NO_CHANGE
KB_0a13a83d53e540d489db,0632580d-de61-55e7-8409-0b5599cd561e,cask_type,hogshead;refill,0.95,smws,pending,NO_CHANGE
KB_e55c6b6646c54f64b35b,0632580d-de61-55e7-8409-0b5599cd561e,age,22.0,0.95,smws,pending,NO_CHANGE
KB_d75cdfa88495447f84b0,0632580d-de61-55e7-8409-0b5599cd561e,abv,54.2,0.95,smws,pending,NO_CHANGE
KB_4c2baea4ac2643008ce0,0632580d-de61-55e7-8409-0b5599cd561e,region,Highland,0.95,smws,pending,NO_CHANGE
KB_6a3958ec05944680bd53,18f2a337-d292-520a-914c-6eaa255f71c9,cask_type,first-fill barrel,0.95,smws,pending,NO_CHANGE
KB_7b67886fe6614e598be4,18f2a337-d292-520a-914c-6eaa255f71c9,age,14.0,0.95,smws,pending,NO_CHANGE
KB_8ba019c275c544e4908c,18f2a337-d292-520a-914c-6eaa255f71c9,abv,56.4,0.95,smws,pending,NO_CHANGE
KB_87896dfe95e3466fbba3,18f2a337-d292-520a-914c-6eaa255f71c9,region,Highland,0.95,smws,pending,NO_CHANGE
KB_7343b840148c48b38d38,52ffae21-8045-5292-8d7a-c742b0b72196,cask_type,first-fill barrel,0.95,smws,pending,NO_CHANGE
KB_3ef565920b5a4a51a2de,52ffae21-8045-5292-8d7a-c742b0b72196,age,15.0,0.95,smws,pending,NO_CHANGE
KB_786ad245fe1b440b8e51,52ffae21-8045-5292-8d7a-c742b0b72196,abv,55.8,0.95,smws,pending,NO_CHANGE
KB_494450e7d6504ce7b143,52ffae21-8045-5292-8d7a-c742b0b72196,region,Highland,0.95,smws,pending,NO_CHANGE
KB_9eb02d1946804a91b3f7,77954d9a-d5cc-57c0-aa4b-e7a982e80b3f,cask_type,hogshead;refill,0.95,smws,pending,NO_CHANGE
KB_8c9bd61c509e45178a90,77954d9a-d5cc-57c0-aa4b-e7a982e80b3f,age,19.0,0.95,smws,pending,NO_CHANGE
KB_e33c3fa2d91c4c949866,77954d9a-d5cc-57c0-aa4b-e7a982e80b3f,abv,54.6,0.95,smws,pending,NO_CHANGE
KB_c45b3168b3d945ce8f51,77954d9a-d5cc-57c0-aa4b-e7a982e80b3f,region,Highland,0.95,smws,pending,NO_CHANGE
KB_084f6cd75e274f91990e,c4765adf-d4d7-533f-a257-85d99269bf8b,cask_type,hogshead;refill,0.95,smws,pending,NO_CHANGE
KB_5074f8fdcfe843849f64,c4765adf-d4d7-533f-a257-85d99269bf8b,age,24.0,0.95,smws,pending,NO_CHANGE
KB_6dc636a2f0c647d5bb88,c4765adf-d4d7-533f-a257-85d99269bf8b,abv,52.2,0.95,smws,pending,NO_CHANGE
KB_cc7f0e51986c4ce5aa94,c4765adf-d4d7-533f-a257-85d99269bf8b,region,Highland,0.95,smws,pending,NO_CHANGE
KB_cd28b0df9b864c618a97,4db5a47f-a3fa-559f-896f-25c1902824b7,cask_type,hogshead;refill,0.95,smws,pending,NO_CHANGE
KB_a5df9b7aae3f4f50bb35,4db5a47f-a3fa-559f-896f-25c1902824b7,age,19.0,0.95,smws,pending,NO_CHANGE
KB_2a06ad1a5e4745eaac0d,4db5a47f-a3fa-559f-896f-25c1902824b7,abv,53.5,0.95,smws,pending,NO_CHANGE
KB_75f6938d679640f6a894,4db5a47f-a3fa-559f-896f-25c1902824b7,region,Highland,0.95,smws,pending,NO_CHANGE
KB_6e5466381bba4123ac1f,1fba5a7a-64ea-5518-bc5d-f16029813fdb,cask_type,hogshead;refill,0.95,smws,pending,NO_CHANGE
KB_1cbbb8d405114be9b23a,1fba5a7a-64ea-5518-bc5d-f16029813fdb,age,19.0,0.95,smws,pending,NO_CHANGE
KB_0c0a1fd9cadc40ffaeb1,1fba5a7a-64ea-5518-bc5d-f16029813fdb,abv,53.9,0.95,smws,pending,NO_CHANGE
KB_d0c7cdeb1c734d73b859,1fba5a7a-64ea-5518-bc5d-f16029813fdb,region,Highland,0.95,smws,pending,NO_CHANGE
KB_3f3c0f36b9704c899349,463e6420-c042-5467-8a93-9d86c0640425,cask_type,first-fill barrel,0.95,smws,pending,NO_CHANGE
KB_0cc645609f1d4a52a28b,463e6420-c042-5467-8a93-9d86c0640425,age,16.0,0.95,smws,pending,NO_CHANGE
KB_ea074e6c170a46ecbba5,463e6420-c042-5467-8a93-9d86c0640425,abv,55.9,0.95,smws,pending,NO_CHANGE
KB_c94c468d39cd4a53a0ba,463e6420-c042-5467-8a93-9d86c0640425,region,Highland,0.95,smws,pending,NO_CHANGE
KB_2f48c41f7a21487fa476,9fdd5383-121f-5566-973a-36d04d95a068,age,18.0,0.95,smws,pending,NO_CHANGE
KB_bc24f4cf92c643e0bc4b,9fdd5383-121f-5566-973a-36d04d95a068,abv,56.1,0.95,smws,pending,NO_CHANGE
KB_261e0664ae44441885ae,1d39566b-4dfb-5b09-b1de-58725679f648,age,11.0,0.95,smws,pending,NO_CHANGE
KB_4a6b5ac1bf544d7fb940,1d39566b-4dfb-5b09-b1de-58725679f648,abv,59.9,0.95,smws,pending,NO_CHANGE
KB_93a71f87987243fcb22d,2ee98027-889e-5d6f-bf3f-8963e0093546,cask_type,hogshead;refill,0.95,smws,pending,NO_CHANGE
KB_b2c49ff764514ce8a335,2ee98027-889e-5d6f-bf3f-8963e0093546,age,10.0,0.95,smws,pending,NO_CHANGE
KB_a22e2a5fbebd4ef0afb4,2ee98027-889e-5d6f-bf3f-8963e0093546,abv,60.4,0.95,smws,pending,NO_CHANGE
KB_a1b551efc2d44dadb724,9d360b99-ea16-5ce8-b2bc-23afa6f5fae2,age,12.0,0.95,smws,pending,NO_CHANGE
KB_f74bd4712a32412c9016,9d360b99-ea16-5ce8-b2bc-23afa6f5fae2,abv,54.7,0.95,smws,pending,NO_CHANGE
KB_3322c46331804332af1b,9cff7a12-1565-5738-bc82-65b68a36d95a,age,14.0,0.95,smws,pending,NO_CHANGE
KB_099b3cd9d7204143b3f3,9cff7a12-1565-5738-bc82-65b68a36d95a,abv,59.8,0.95,smws,pending,NO_CHANGE
KB_8baa602991564f18adb9,9cff7a12-1565-5738-bc82-65b68a36d95a,region,Lowland,0.95,smws,pending,NO_CHANGE
KB_09d52ced87b6436d9125,72edfaa3-ffdc-5814-ab91-5470d61a38aa,cask_type,hogshead;refill,0.95,smws,pending,NO_CHANGE
KB_1073b7843afd4f1590ea,72edfaa3-ffdc-5814-ab91-5470d61a38aa,age,13.0,0.95,smws,pending,NO_CHANGE
KB_c7f5c9b33ef9475ea22e,72edfaa3-ffdc-5814-ab91-5470d61a38aa,abv,57.2,0.95,smws,pending,NO_CHANGE
KB_74d265598da74d7da66c,72edfaa3-ffdc-5814-ab91-5470d61a38aa,region,Lowland,0.95,smws,pending,NO_CHANGE
KB_6f4cb626dac84c029e90,460c18d5-bf31-5734-b56d-298b407cc7da,cask_type,hogshead;refill,0.95,smws,pending,NO_CHANGE
KB_5c8ae13051fd4c92828d,460c18d5-bf31-5734-b56d-298b407cc7da,age,13.0,0.95,smws,pending,NO_CHANGE
KB_76bd055855a4472e845a,460c18d5-bf31-5734-b56d-298b407cc7da,abv,56.7,0.95,smws,pending,NO_CHANGE
KB_cc00374769f143e4b78f,460c18d5-bf31-5734-b56d-298b407cc7da,region,Lowland,0.95,smws,pending,NO_CHANGE
KB_0630e98fa4374505add6,def19358-bdfa-5209-a6bb-86299e561d10,cask_type,hogshead;refill,0.95,smws,pending,NO_CHANGE
KB_e2dad2fda52745938a40,def19358-bdfa-5209-a6bb-86299e561d10,age,14.0,0.95,smws,pending,NO_CHANGE
KB_79575ceef2ec4f10a625,def19358-bdfa-5209-a6bb-86299e561d10,abv,59.8,0.95,smws,pending,NO_CHANGE
KB_c68c6051f57d4fc1bdaa,def19358-bdfa-5209-a6bb-86299e561d10,region,Lowland,0.95,smws,pending,NO_CHANGE
KB_aa9f0d05316d422ba2b0,881baad2-7b08-54a4-ac2f-67d0c35f93af,cask_type,butt;sherry butt,0.95,smws,pending,NO_CHANGE
KB_5f29a388232b48f3a172,881baad2-7b08-54a4-ac2f-67d0c35f93af,age,13.0,0.95,smws,pending,NO_CHANGE
KB_06b24ae39d39413190a6,881baad2-7b08-54a4-ac2f-67d0c35f93af,abv,59.6,0.95,smws,pending,NO_CHANGE
KB_23c1a067748a482d8650,881baad2-7b08-54a4-ac2f-67d0c35f93af,region,Lowland,0.95,smws,pending,NO_CHANGE
KB_61717019660f47d182b1,fd9965cc-f6be-5065-aa7e-710399f0afee,age,11.0,0.95,smws,pending,NO_CHANGE
KB_e4130a8ead5140f9a90c,fd9965cc-f6be-5065-aa7e-710399f0afee,abv,57.3,0.95,smws,pending,NO_CHANGE
KB_296ea268e34e47ab80c5,fd9965cc-f6be-5065-aa7e-710399f0afee,region,Lowland,0.95,smws,pending,NO_CHANGE
KB_b516368088024189acc0,b94ec1af-e421-5f11-ab3f-0d6bdc9cfa42,cask_type,hogshead;refill,0.95,smws,pending,NO_CHANGE
KB_95f32bec749146f4895b,b94ec1af-e421-5f11-ab3f-0d6bdc9cfa42,age,9.0,0.95,smws,pending,NO_CHANGE
KB_18c5c4ecebb04c389c4f,b94ec1af-e421-5f11-ab3f-0d6bdc9cfa42,abv,59.5,0.95,smws,pending,NO_CHANGE
KB_f57144299d3845759605,b94ec1af-e421-5f11-ab3f-0d6bdc9cfa42,region,Speyside,0.95,smws,pending,NO_CHANGE
KB_ffd7f98973d04fc7a1aa,a08082c5-da56-5cab-a819-f1a45681b223,cask_type,hogshead;refill,0.95,smws,pending,NO_CHANGE
KB_5de08eb8fe9040249d61,a08082c5-da56-5cab-a819-f1a45681b223,age,28.0,0.95,smws,pending,NO_CHANGE
KB_f7c942e51f954bb9bdb7,a08082c5-da56-5cab-a819-f1a45681b223,abv,58.7,0.95,smws,pending,NO_CHANGE
KB_a198ca45d51e42e58685,a08082c5-da56-5cab-a819-f1a45681b223,region,Speyside,0.95,smws,pending,NO_CHANGE
KB_223fd602767c4d2bb24d,5ddf0fa2-a15e-5f5f-9a51-c4ccc3fb0189,cask_type,first-fill barrel,0.95,smws,pending,NO_CHANGE
KB_89c01a8d1a9940a1a414,5ddf0fa2-a15e-5f5f-9a51-c4ccc3fb0189,age,10.0,0.95,smws,pending,NO_CHANGE
KB_cf9f103ea36541a9ac92,5ddf0fa2-a15e-5f5f-9a51-c4ccc3fb0189,abv,60.2,0.95,smws,pending,NO_CHANGE
KB_7a1274721bc9478e9788,5ddf0fa2-a15e-5f5f-9a51-c4ccc3fb0189,region,Speyside,0.95,smws,pending,NO_CHANGE
KB_3a54ae964a3d46f6b7be,4f2810a6-5206-5ea0-9716-c798a2e3c8e1,cask_type,hogshead;refill,0.95,smws,pending,NO_CHANGE
KB_d8962e262c01439abca8,4f2810a6-5206-5ea0-9716-c798a2e3c8e1,age,29.0,0.95,smws,pending,NO_CHANGE
KB_83e66c348f43484cb8c3,4f2810a6-5206-5ea0-9716-c798a2e3c8e1,abv,51.6,0.95,smws,pending,NO_CHANGE
KB_518792a1fbec4b60a9ad,4f2810a6-5206-5ea0-9716-c798a2e3c8e1,region,Speyside,0.95,smws,pending,NO_CHANGE
KB_4bf8bd2de21e488bbeee,15f954f0-63dc-5aa5-8ce9-be3fef6414c1,cask_type,first-fill barrel,0.95,smws,pending,NO_CHANGE
KB_1ed117157d2345c4be45,15f954f0-63dc-5aa5-8ce9-be3fef6414c1,age,10.0,0.95,smws,pending,NO_CHANGE
KB_48ff6979f9564fa8b962,15f954f0-63dc-5aa5-8ce9-be3fef6414c1,abv,59.7,0.95,smws,pending,NO_CHANGE
KB_2fa0c2baa8ac46049de8,15f954f0-63dc-5aa5-8ce9-be3fef6414c1,region,Speyside,0.95,smws,pending,NO_CHANGE
KB_a8864c1aff4044f198cf,9173fc7c-8e53-59c7-a590-536def6d65e4,cask_type,first-fill barrel,0.95,smws,pending,NO_CHANGE
KB_651c2197858f45e29f56,9173fc7c-8e53-59c7-a590-536def6d65e4,age,11.0,0.95,smws,pending,NO_CHANGE
KB_7292af3dd0e84fcd8a28,9173fc7c-8e53-59c7-a590-536def6d65e4,abv,60.1,0.95,smws,pending,NO_CHANGE
KB_2474e6f2f39142818317,9173fc7c-8e53-59c7-a590-536def6d65e4,region,Speyside,0.95,smws,pending,NO_CHANGE
KB_1f7f6c7497df493fa2da,1d7003ff-3292-5775-bc19-8d6beb7f95c0,cask_type,butt;sherry butt,0.95,smws,pending,NO_CHANGE
KB_fe8b4b8918e443d49fa9,1d7003ff-3292-5775-bc19-8d6beb7f95c0,age,36.0,0.95,smws,pending,NO_CHANGE
KB_44ec444a7917471187fd,1d7003ff-3292-5775-bc19-8d6beb7f95c0,abv,53.3,0.95,smws,pending,NO_CHANGE
KB_ad950969e7d14750b142,848f0045-74af-53ee-935b-e25e98760ca2,cask_type,butt;sherry butt,0.95,smws,pending,NO_CHANGE
KB_48c630c9796f406f8a5d,848f0045-74af-53ee-935b-e25e98760ca2,age,38.0,0.95,smws,pending,NO_CHANGE
KB_d5ce555ad62447c1b59e,848f0045-74af-53ee-935b-e25e98760ca2,abv,51.0,0.95,smws,pending,NO_CHANGE
KB_3f216d075bbf4c1cbba9,9c7b5716-5970-55c8-bb60-05a13d2312ed,age,39.0,0.95,smws,pending,NO_CHANGE
KB_1ba77ac098d548d1a0c7,9c7b5716-5970-55c8-bb60-05a13d2312ed,abv,49.7,0.95,smws,pending,NO_CHANGE
KB_0762c4ef8c4643348c0c,6443f5b5-8abd-511b-98c8-fa381b6f3bbc,cask_type,butt;sherry butt,0.95,smws,pending,NO_CHANGE
KB_49e46d8053254719a583,6443f5b5-8abd-511b-98c8-fa381b6f3bbc,age,41.0,0.95,smws,pending,NO_CHANGE
KB_2a2d264f66be44748d79,6443f5b5-8abd-511b-98c8-fa381b6f3bbc,abv,46.0,0.95,smws,pending,NO_CHANGE
KB_d8f9ae43f42f4c6abd65,6443f5b5-8abd-511b-98c8-fa381b6f3bbc,region,Speyside,0.95,smws,pending,NO_CHANGE
KB_4f417502a2b844419204,76f7ef6f-0e2b-5c38-8345-f52674017939,cask_type,refill,0.95,smws,pending,NO_CHANGE
KB_f8aa0020616f4e859c30,76f7ef6f-0e2b-5c38-8345-f52674017939,age,22.0,0.95,smws,pending,NO_CHANGE
KB_08d2434c37d5466c8943,76f7ef6f-0e2b-5c38-8345-f52674017939,abv,54.8,0.95,smws,pending,NO_CHANGE
KB_abff71450f7642b4a942,76f7ef6f-0e2b-5c38-8345-f52674017939,region,Speyside,0.95,smws,pending,NO_CHANGE
KB_d7e22f3e3a68413897b2,0da48c20-08fd-5ba8-9a80-2a0d64b06a64,cask_type,refill,0.95,smws,pending,NO_CHANGE
KB_10b32e8e13204dab84ee,0da48c20-08fd-5ba8-9a80-2a0d64b06a64,age,22.0,0.95,smws,pending,NO_CHANGE
KB_5c23724bdaf949af9feb,0da48c20-08fd-5ba8-9a80-2a0d64b06a64,abv,51.4,0.95,smws,pending,NO_CHANGE
KB_42d0d1dca4f2410ebb53,0da48c20-08fd-5ba8-9a80-2a0d64b06a64,region,Speyside,0.95,smws,pending,NO_CHANGE
KB_761a36d7bd6a421598b3,997f0a5e-b3f5-58e0-ac91-7cb6108a8e0f,cask_type,hogshead;refill,0.95,smws,pending,NO_CHANGE
KB_4a42017fa5414aa6ba50,997f0a5e-b3f5-58e0-ac91-7cb6108a8e0f,age,19.0,0.95,smws,pending,NO_CHANGE
KB_b406d04e0dc04681b864,997f0a5e-b3f5-58e0-ac91-7cb6108a8e0f,abv,53.6,0.95,smws,pending,NO_CHANGE
KB_1b49524e169143688605,997f0a5e-b3f5-58e0-ac91-7cb6108a8e0f,region,Speyside,0.95,smws,pending,NO_CHANGE
KB_9fa0302d2b7e4ef0a645,603361f9-a081-5e15-86ae-29a3863bbf57,cask_type,hogshead;refill,0.95,smws,pending,NO_CHANGE
KB_f3b1e873c6d041feb6e9,603361f9-a081-5e15-86ae-29a3863bbf57,age,27.0,0.95,smws,pending,NO_CHANGE
KB_d201d8180f0b4439b5ba,603361f9-a081-5e15-86ae-29a3863bbf57,abv,54.1,0.95,smws,pending,NO_CHANGE
KB_67593babf3c84aa39ebe,603361f9-a081-5e15-86ae-29a3863bbf57,region,Speyside,0.95,smws,pending,NO_CHANGE
KB_ee7bb6720232460cacb4,f8d9a3db-10da-5584-9764-dc3aa0f2d074,cask_type,refill,0.95,smws,pending,NO_CHANGE
KB_608c7b8017cb41349983,f8d9a3db-10da-5584-9764-dc3aa0f2d074,age,11.0,0.95,smws,pending,NO_CHANGE
KB_61d89a4825444c278de4,f8d9a3db-10da-5584-9764-dc3aa0f2d074,abv,57.6,0.95,smws,pending,NO_CHANGE
KB_4446412a66d142a28988,f8d9a3db-10da-5584-9764-dc3aa0f2d074,region,Speyside,0.95,smws,pending,NO_CHANGE
KB_54469f070e064d4db69e,bac17ee6-ba73-5d9b-a9ba-b259420ef1e7,cask_type,hogshead;refill,0.95,smws,pending,NO_CHANGE
KB_c4719d182721411e81d8,bac17ee6-ba73-5d9b-a9ba-b259420ef1e7,age,27.0,0.95,smws,pending,NO_CHANGE
KB_36f829ad21fa41e998cc,bac17ee6-ba73-5d9b-a9ba-b259420ef1e7,abv,55.6,0.95,smws,pending,NO_CHANGE
KB_4ec40726e330494d9440,bac17ee6-ba73-5d9b-a9ba-b259420ef1e7,region,Speyside,0.95,smws,pending,NO_CHANGE
KB_f049d1a4069f464aac6d,085b02c9-ff1e-5311-9b20-b12c22a6eaae,cask_type,hogshead;refill,0.95,smws,pending,NO_CHANGE
KB_ef0dca70b3274328ab47,085b02c9-ff1e-5311-9b20-b12c22a6eaae,age,20.0,0.95,smws,pending,NO_CHANGE
KB_391a12a442b04555847d,085b02c9-ff1e-5311-9b20-b12c22a6eaae,abv,53.9,0.95,smws,pending,NO_CHANGE
KB_91bd63622ab649338cce,085b02c9-ff1e-5311-9b20-b12c22a6eaae,region,Speyside,0.95,smws,pending,NO_CHANGE
KB_d629a4acb88a46f88d6b,9d19f57d-5f19-527e-a2ca-b04899fc0746,cask_type,first-fill barrel,0.95,smws,pending,NO_CHANGE
KB_98583db1d032446d95c2,9d19f57d-5f19-527e-a2ca-b04899fc0746,age,9.0,0.95,smws,pending,NO_CHANGE
KB_d6d21ce993334adca08d,9d19f57d-5f19-527e-a2ca-b04899fc0746,abv,60.2,0.95,smws,pending,NO_CHANGE
KB_b345958b03724e3f9864,9d19f57d-5f19-527e-a2ca-b04899fc0746,region,Speyside,0.95,smws,pending,NO_CHANGE
KB_cb1c00c3a6bc42dabc1b,c3dce1c4-9531-51fe-b1b6-0b2edc1a5e7d,age,14.0,0.95,smws,pending,NO_CHANGE
KB_e681200be5854eaeaa10,c3dce1c4-9531-51fe-b1b6-0b2edc1a5e7d,abv,59.1,0.95,smws,pending,NO_CHANGE
KB_5180b5a152c34a0fb36c,1d6101de-f1a8-5767-9f46-789a3117d799,cask_type,hogshead;refill,0.95,smws,pending,NO_CHANGE
KB_580329a7c2c840e7ad02,1d6101de-f1a8-5767-9f46-789a3117d799,age,24.0,0.95,smws,pending,NO_CHANGE
KB_6c9afcc9e5d344c4b54d,1d6101de-f1a8-5767-9f46-789a3117d799,abv,51.4,0.95,smws,pending,NO_CHANGE
KB_ae84bd80621c4e868dfb,1d6101de-f1a8-5767-9f46-789a3117d799,region,Speyside,0.95,smws,pending,NO_CHANGE
KB_07451da24f104f7f8a66,d0bf10ba-7a56-5074-b833-08e374cec988,cask_type,hogshead;refill,0.95,smws,pending,NO_CHANGE
KB_e9b77676fb644f31a7f7,d0bf10ba-7a56-5074-b833-08e374cec988,age,25.0,0.95,smws,pending,NO_CHANGE
KB_bca2c811549a49aa93cc,d0bf10ba-7a56-5074-b833-08e374cec988,abv,49.4,0.95,smws,pending,NO_CHANGE
KB_898235bc1c5840129b35,d0bf10ba-7a56-5074-b833-08e374cec988,region,Speyside,0.95,smws,pending,NO_CHANGE
KB_dbbd62d5c9e24743b120,0b82dcc4-3f08-5be6-952e-d8b2cac072e3,cask_type,hogshead;refill,0.95,smws,pending,NO_CHANGE
KB_fd449cde22164282948c,0b82dcc4-3f08-5be6-952e-d8b2cac072e3,age,13.0,0.95,smws,pending,NO_CHANGE
KB_333874e00fd44464b80e,0b82dcc4-3f08-5be6-952e-d8b2cac072e3,abv,58.2,0.95,smws,pending,NO_CHANGE
KB_79eb88647a4841fc8fc9,0b82dcc4-3f08-5be6-952e-d8b2cac072e3,region,Speyside,0.95,smws,pending,NO_CHANGE
KB_197b156d3ec7400f89fd,10e9d25e-fd53-5de8-8ed4-dc2a3d1251cb,cask_type,hogshead;refill,0.95,smws,pending,NO_CHANGE
KB_824b626e00414af6b129,10e9d25e-fd53-5de8-8ed4-dc2a3d1251cb,age,13.0,0.95,smws,pending,NO_CHANGE
KB_0ac839c88c104a46bc88,10e9d25e-fd53-5de8-8ed4-dc2a3d1251cb,abv,57.6,0.95,smws,pending,NO_CHANGE
KB_73d91a772f4542c29a36,10e9d25e-fd53-5de8-8ed4-dc2a3d1251cb,region,Speyside,0.95,smws,pending,NO_CHANGE
KB_f9133e5f15a84477ab95,247ccbeb-08fe-5417-818f-d8091f1c01f1,cask_type,first-fill barrel,0.95,smws,pending,NO_CHANGE
KB_2afa2f716d0c4f5db2d4,247ccbeb-08fe-5417-818f-d8091f1c01f1,age,8.0,0.95,smws,pending,NO_CHANGE
KB_45d9d5c8ceb94b77bb4e,247ccbeb-08fe-5417-818f-d8091f1c01f1,abv,62.1,0.95,smws,pending,NO_CHANGE
KB_aeea9d58c2384cacad97,247ccbeb-08fe-5417-818f-d8091f1c01f1,region,Speyside,0.95,smws,pending,NO_CHANGE
KB_0ad91c17bc1e4b6f8560,6c1c7820-11cc-5e6e-9370-34fe66ab652f,cask_type,hogshead;refill,0.95,smws,pending,NO_CHANGE
KB_6eb8cd9c07dc4008a62b,6c1c7820-11cc-5e6e-9370-34fe66ab652f,age,14.0,0.95,smws,pending,NO_CHANGE
KB_9896a4c0015e42448459,6c1c7820-11cc-5e6e-9370-34fe66ab652f,abv,56.5,0.95,smws,pending,NO_CHANGE
KB_42960b53a5cd4ebd878a,6c1c7820-11cc-5e6e-9370-34fe66ab652f,region,Speyside,0.95,smws,pending,NO_CHANGE
KB_f7cf4142f84c4502b1df,b48c2946-4487-5460-9bf9-67eeba662ea4,cask_type,hogshead;refill,0.95,smws,pending,NO_CHANGE
KB_88b65fb86b4f4166a0e8,b48c2946-4487-5460-9bf9-67eeba662ea4,age,17.0,0.95,smws,pending,NO_CHANGE
KB_c8530fbe9e1a470ea004,b48c2946-4487-5460-9bf9-67eeba662ea4,abv,56.9,0.95,smws,pending,NO_CHANGE
KB_caff8341df8c4f13b416,b48c2946-4487-5460-9bf9-67eeba662ea4,region,Speyside,0.95,smws,pending,NO_CHANGE
KB_91f129c5c2ec41338416,5f1f39e3-d220-5d4e-81d3-5f211f45b43c,cask_type,first-fill barrel,0.95,smws,pending,NO_CHANGE
KB_04b2d9052fc84f1a9eca,5f1f39e3-d220-5d4e-81d3-5f211f45b43c,age,10.0,0.95,smws,pending,NO_CHANGE
KB_87771f6b1b2a41428de5,5f1f39e3-d220-5d4e-81d3-5f211f45b43c,abv,62.0,0.95,smws,pending,NO_CHANGE
KB_c777291bc39748adbb56,5f1f39e3-d220-5d4e-81d3-5f211f45b43c,region,Speyside,0.95,smws,pending,NO_CHANGE
KB_46e00ae04cd3447ca97b,cd376a51-6ca5-5f5a-9e66-10b97d79c4f4,cask_type,butt;refill,0.95,smws,pending,NO_CHANGE
KB_4a1716eb4505489fbcec,cd376a51-6ca5-5f5a-9e66-10b97d79c4f4,age,25.0,0.95,smws,pending,NO_CHANGE
KB_df280d1161154de4a5e3,cd376a51-6ca5-5f5a-9e66-10b97d79c4f4,abv,56.1,0.95,smws,pending,NO_CHANGE
KB_1dbaed3537db411a8822,cd376a51-6ca5-5f5a-9e66-10b97d79c4f4,region,Speyside,0.95,smws,pending,NO_CHANGE
KB_d37bf91a6c244bb88d70,271312f3-d211-5822-a9f1-eb952a70c92b,cask_type,first-fill barrel,0.95,smws,pending,NO_CHANGE
KB_e947186953e044f5b315,271312f3-d211-5822-a9f1-eb952a70c92b,age,11.0,0.95,smws,pending,NO_CHANGE
KB_4fbf685afc2e4734b4e3,271312f3-d211-5822-a9f1-eb952a70c92b,abv,59.3,0.95,smws,pending,NO_CHANGE
KB_bd9322b67d6248a08cd1,271312f3-d211-5822-a9f1-eb952a70c92b,region,Speyside,0.95,smws,pending,NO_CHANGE
KB_4ec5265abb6e4f058b62,e31a77ba-fd9e-5527-8b32-bfb221e39fdc,cask_type,hogshead;refill,0.95,smws,pending,NO_CHANGE
KB_28e00fa893e440e48837,e31a77ba-fd9e-5527-8b32-bfb221e39fdc,age,22.0,0.95,smws,pending,NO_CHANGE
KB_26a76e14450c4d05a877,e31a77ba-fd9e-5527-8b32-bfb221e39fdc,abv,57.7,0.95,smws,pending,NO_CHANGE
KB_a9829c44809d4acab1fb,e31a77ba-fd9e-5527-8b32-bfb221e39fdc,region,Speyside,0.95,smws,pending,NO_CHANGE
KB_d65d8313adbe4d4d9ab0,1ebbdb55-ef1e-5cb4-a3e1-212a505d50e3,cask_type,butt;refill,0.95,smws,pending,NO_CHANGE
KB_9ed9797d33f9419fb0ff,1ebbdb55-ef1e-5cb4-a3e1-212a505d50e3,age,25.0,0.95,smws,pending,NO_CHANGE
KB_e5f20536210a4da1a25f,1ebbdb55-ef1e-5cb4-a3e1-212a505d50e3,abv,55.6,0.95,smws,pending,NO_CHANGE
KB_08445b9e77324de693ff,1ebbdb55-ef1e-5cb4-a3e1-212a505d50e3,region,Speyside,0.95,smws,pending,NO_CHANGE
KB_7119961178fd44a39305,3e811c2f-4fe1-5cd1-8474-2eeac5fdd9fa,cask_type,hogshead;refill,0.95,smws,pending,NO_CHANGE
KB_8a92486eba6f48c0b92b,3e811c2f-4fe1-5cd1-8474-2eeac5fdd9fa,age,13.0,0.95,smws,pending,NO_CHANGE
KB_ccb05233ccdc4aa1939d,3e811c2f-4fe1-5cd1-8474-2eeac5fdd9fa,abv,55.9,0.95,smws,pending,NO_CHANGE
KB_47eccd48c8d4415f9eb4,3e811c2f-4fe1-5cd1-8474-2eeac5fdd9fa,region,Islay,0.95,smws,pending,NO_CHANGE
KB_9a429e03fccd4cfa8571,63c13200-4827-547d-9592-5a9864db6374,cask_type,refill,0.95,smws,pending,NO_CHANGE
KB_8222894c407745b7bd9d,63c13200-4827-547d-9592-5a9864db6374,age,8.0,0.95,smws,pending,NO_CHANGE
KB_b89f536590b340cf9a2b,63c13200-4827-547d-9592-5a9864db6374,abv,60.8,0.95,smws,pending,NO_CHANGE
KB_ed65adaf8c974b918a81,63c13200-4827-547d-9592-5a9864db6374,region,Islay,0.95,smws,pending,NO_CHANGE
KB_cca5f940b6cb489ca1a1,52bef5e6-a5a3-5e3d-b5b9-94d7768fbd42,cask_type,hogshead;refill,0.95,smws,pending,NO_CHANGE
KB_357e4178a21d4395b2cb,52bef5e6-a5a3-5e3d-b5b9-94d7768fbd42,age,6.0,0.95,smws,pending,NO_CHANGE
KB_b015454c9aa846079ab2,52bef5e6-a5a3-5e3d-b5b9-94d7768fbd42,abv,61.4,0.95,smws,pending,NO_CHANGE
KB_d30c4d25457c4bb6b580,52bef5e6-a5a3-5e3d-b5b9-94d7768fbd42,region,Islay,0.95,smws,pending,NO_CHANGE
KB_ba1313e95fac400db6a3,62ae6332-c805-5bbb-b9da-caadffc0febf,cask_type,refill,0.95,smws,pending,NO_CHANGE
KB_653a6ebbb2cd4aaa9363,62ae6332-c805-5bbb-b9da-caadffc0febf,age,9.0,0.95,smws,pending,NO_CHANGE
KB_d91651e9cfa24370a000,62ae6332-c805-5bbb-b9da-caadffc0febf,abv,60.4,0.95,smws,pending,NO_CHANGE
KB_9ca5c28be4114a269531,bfb56a35-b717-5916-8048-294f0e5587f9,age,17.0,0.95,smws,pending,NO_CHANGE
KB_267b789d30594d35ab42,bfb56a35-b717-5916-8048-294f0e5587f9,abv,55.8,0.95,smws,pending,NO_CHANGE
KB_6fed5f947aba45b78f43,833d99e1-858a-5b8c-b999-517e04bb7707,cask_type,refill,0.95,smws,pending,NO_CHANGE
KB_cccd8b32cc9242548ae8,833d99e1-858a-5b8c-b999-517e04bb7707,age,10.0,0.95,smws,pending,NO_CHANGE
KB_2c2244e56ef84c3e9078,833d99e1-858a-5b8c-b999-517e04bb7707,abv,61.9,0.95,smws,pending,NO_CHANGE
KB_a3c19c174ed041c58024,095ed3f1-39f5-5ffa-8aee-268daa1be826,cask_type,refill,0.95,smws,pending,NO_CHANGE
KB_e38b5373027347628ba6,095ed3f1-39f5-5ffa-8aee-268daa1be826,age,9.0,0.95,smws,pending,NO_CHANGE
KB_c3968cb83ae54b1dad94,095ed3f1-39f5-5ffa-8aee-268daa1be826,abv,58.6,0.95,smws,pending,NO_CHANGE
KB_0d5a89576072496c9471,dc70b562-1159-5c0a-a834-ff0ed313a132,cask_type,hogshead;refill,0.95,smws,pending,NO_CHANGE
KB_30c4139d091e48f39528,dc70b562-1159-5c0a-a834-ff0ed313a132,age,9.0,0.95,smws,pending,NO_CHANGE
KB_1bc63ccc4ce44bec9779,dc70b562-1159-5c0a-a834-ff0ed313a132,abv,61.4,0.95,smws,pending,NO_CHANGE
KB_8883f56c473940afb518,6bfcd3a9-d5a1-58bd-b708-1f03078d66c1,age,10.0,0.95,smws,pending,NO_CHANGE
KB_750c435b4f634b698ceb,6bfcd3a9-d5a1-58bd-b708-1f03078d66c1,abv,59.6,0.95,smws,pending,NO_CHANGE
KB_87a998ae91a94ce1b3e1,6bfcd3a9-d5a1-58bd-b708-1f03078d66c1,region,Islay,0.95,smws,pending,NO_CHANGE
KB_8c2d9286888e4dd99ec9,4b3de087-6462-5231-a3d5-5f36575d60c2,cask_type,refill,0.95,smws,pending,NO_CHANGE
KB_1a4f47931ab245328bc5,4b3de087-6462-5231-a3d5-5f36575d60c2,age,10.0,0.95,smws,pending,NO_CHANGE
KB_276a9841e7bd45d49ebd,4b3de087-6462-5231-a3d5-5f36575d60c2,region,Speyside,0.95,smws,pending,NO_CHANGE
KB_ac1181d4f9d44375b5f0,00bf2de7-aa9f-56c5-9bad-251e9ef209d7,cask_type,butt;first-fill;sherry butt,0.95,smws,pending,NO_CHANGE
KB_55479eb67b734f78a542,00bf2de7-aa9f-56c5-9bad-251e9ef209d7,age,13.0,0.95,smws,pending,NO_CHANGE
KB_2cd335552aa24b329328,00bf2de7-aa9f-56c5-9bad-251e9ef209d7,abv,62.7,0.95,smws,pending,NO_CHANGE
KB_e57a605cc2774dd9866b,5f0a3cd8-1703-581f-bc4f-9c935c333d8a,cask_type,refill,0.95,smws,pending,NO_CHANGE
KB_692b55d62f154b70b14e,5f0a3cd8-1703-581f-bc4f-9c935c333d8a,age,10.0,0.95,smws,pending,NO_CHANGE
KB_eeab869a66ab44ca8291,5f0a3cd8-1703-581f-bc4f-9c935c333d8a,abv,59.3,0.95,smws,pending,NO_CHANGE
KB_f3c39d03bf6b48249d22,5f0a3cd8-1703-581f-bc4f-9c935c333d8a,region,Highland,0.95,smws,pending,NO_CHANGE
KB_7a60a865deba47d79a67,e9e53564-8947-5707-a819-fc8330a7aa9f,age,22.0,0.95,smws,pending,NO_CHANGE
KB_7e7978a90c8141b0b325,e9e53564-8947-5707-a819-fc8330a7aa9f,abv,51.6,0.95,smws,pending,NO_CHANGE
KB_e386f9588e9f4e069dec,6deb1e12-ebe1-517a-beef-f215484a59db,cask_type,port pipe;refill,0.95,smws,pending,NO_CHANGE
KB_c9941a33a6c6435aa341,6deb1e12-ebe1-517a-beef-f215484a59db,age,10.0,0.95,smws,pending,NO_CHANGE
KB_b799367a5ed24944853a,6deb1e12-ebe1-517a-beef-f215484a59db,abv,57.2,0.95,smws,pending,NO_CHANGE
KB_c1b4d2d3e7064d76a239,438c8685-481e-5fb3-ab5d-4e6a851e9d24,cask_type,refill,0.95,smws,pending,NO_CHANGE
KB_0a1de094df5f42f7ba5d,438c8685-481e-5fb3-ab5d-4e6a851e9d24,age,9.0,0.95,smws,pending,NO_CHANGE
KB_432ab38cad804ff8a3c9,438c8685-481e-5fb3-ab5d-4e6a851e9d24,abv,56.2,0.95,smws,pending,NO_CHANGE
KB_2f70ebe4b36045a6ab93,c689f2f3-bf99-50a5-ad12-b79b75e11892,cask_type,refill,0.95,smws,pending,NO_CHANGE
KB_6f71765d05514f39a247,c689f2f3-bf99-50a5-ad12-b79b75e11892,age,11.0,0.95,smws,pending,NO_CHANGE
KB_97c92c6535a2419a8f39,c689f2f3-bf99-50a5-ad12-b79b75e11892,abv,56.1,0.95,smws,pending,NO_CHANGE
KB_35024225998840b4bfc0,c689f2f3-bf99-50a5-ad12-b79b75e11892,region,Highland,0.95,smws,pending,NO_CHANGE
KB_0675f993e7b64951b03b,a003e793-e244-55be-849d-627ccd0f169b,cask_type,hogshead;refill,0.95,smws,pending,NO_CHANGE
KB_c1fa660fed01416b847d,a003e793-e244-55be-849d-627ccd0f169b,age,27.0,0.95,smws,pending,NO_CHANGE
KB_31f28f9b34f645a38fb7,a003e793-e244-55be-849d-627ccd0f169b,abv,49.2,0.95,smws,pending,NO_CHANGE
KB_94e04797fb424e1cb143,fd7b2a97-d5e8-56f6-b03f-a68591ff085c,age,18.0,0.95,smws,pending,NO_CHANGE
KB_7e9f2961cbe74e27baab,fd7b2a97-d5e8-56f6-b03f-a68591ff085c,abv,52.6,0.95,smws,pending,NO_CHANGE
KB_4be787db4cb14b42af5d,c8e7c7c0-992b-5b2b-8a20-b75ca0b224ca,cask_type,hogshead;refill,0.95,smws,pending,NO_CHANGE
KB_0d62f2d886064a4aa553,c8e7c7c0-992b-5b2b-8a20-b75ca0b224ca,age,19.0,0.95,smws,pending,NO_CHANGE
KB_5c18311dfe9241f38886,c8e7c7c0-992b-5b2b-8a20-b75ca0b224ca,abv,53.5,0.95,smws,pending,NO_CHANGE
KB_a342ed77ad3d4ca18d16,e53e858b-a8f7-5b7e-9fc6-ab1c8bcca7f4,cask_type,hogshead;refill,0.95,smws,pending,NO_CHANGE
KB_92e5d462047246bb9f9a,e53e858b-a8f7-5b7e-9fc6-ab1c8bcca7f4,age,21.0,0.95,smws,pending,NO_CHANGE
KB_360cb897e2d14f0aa013,e53e858b-a8f7-5b7e-9fc6-ab1c8bcca7f4,abv,54.0,0.95,smws,pending,NO_CHANGE
KB_12e2d8157c0247da9318,cbe45610-b791-5769-84ed-a61a1df71386,cask_type,butt;sherry butt,0.95,smws,pending,NO_CHANGE
KB_18a3218783d44bd0b34e,cbe45610-b791-5769-84ed-a61a1df71386,age,24.0,0.95,smws,pending,NO_CHANGE
KB_1950b72cf28748059cc1,cbe45610-b791-5769-84ed-a61a1df71386,abv,54.9,0.95,smws,pending,NO_CHANGE
KB_30358b8f3fb240b2b6ed,cbe45610-b791-5769-84ed-a61a1df71386,region,Lowland,0.95,smws,pending,NO_CHANGE
KB_3fda6baada1446668991,33dfae40-73c8-5be1-a67b-5fb91f3fe9a7,age,13.0,0.95,smws,pending,NO_CHANGE
KB_e941b284f45143ebadd3,33dfae40-73c8-5be1-a67b-5fb91f3fe9a7,abv,56.6,0.95,smws,pending,NO_CHANGE
KB_a528fcae08fc4ae3ac0a,3f8a6602-ccaf-5f8b-b348-9ce76750afdf,age,18.0,0.95,smws,pending,NO_CHANGE
KB_4f83d4428fa84a0fb0aa,3f8a6602-ccaf-5f8b-b348-9ce76750afdf,abv,56.4,0.95,smws,pending,NO_CHANGE
KB_dedca214f1ba432d9cb0,b5d3c297-c493-5c8f-b5a2-e31d15217c0f,cask_type,refill,0.95,smws,pending,NO_CHANGE
KB_eb6c308ecbbf420a9fbc,b5d3c297-c493-5c8f-b5a2-e31d15217c0f,age,6.0,0.95,smws,pending,NO_CHANGE
KB_840d6adaf0364fb8a987,b5d3c297-c493-5c8f-b5a2-e31d15217c0f,abv,63.5,0.95,smws,pending,NO_CHANGE
KB_2f3503558dcc49f99132,b5d3c297-c493-5c8f-b5a2-e31d15217c0f,region,Islay,0.95,smws,pending,NO_CHANGE
KB_4dda854861704012b8ef,af2ffb32-dd5f-5160-953c-301c3f0a5209,cask_type,refill,0.95,smws,pending,NO_CHANGE
KB_31c647302c2f45a98569,af2ffb32-dd5f-5160-953c-301c3f0a5209,age,8.0,0.95,smws,pending,NO_CHANGE
KB_0373989f421e4ab1a96d,af2ffb32-dd5f-5160-953c-301c3f0a5209,abv,62.5,0.95,smws,pending,NO_CHANGE
KB_f5df3997cb764a778ffe,af2ffb32-dd5f-5160-953c-301c3f0a5209,region,Islay,0.95,smws,pending,NO_CHANGE
KB_1dbcd9bb3d1644abbf62,3b535169-85ca-50a3-bb5e-f3a25d9fbccd,cask_type,refill,0.95,smws,pending,NO_CHANGE
KB_13ee17c36fcf49ba9c70,3b535169-85ca-50a3-bb5e-f3a25d9fbccd,age,9.0,0.95,smws,pending,NO_CHANGE
KB_ed16172a83e44f2f98bb,3b535169-85ca-50a3-bb5e-f3a25d9fbccd,abv,66.0,0.95,smws,pending,NO_CHANGE
KB_ebe8c1c7c5b5438594cc,3b535169-85ca-50a3-bb5e-f3a25d9fbccd,region,Islay,0.95,smws,pending,NO_CHANGE
KB_ef3f5a84e03146688284,a773ee7d-2049-5dd9-9256-e753b986b2d3,cask_type,refill,0.95,smws,pending,NO_CHANGE
KB_e29e47ef4d18490faef4,a773ee7d-2049-5dd9-9256-e753b986b2d3,age,9.0,0.95,smws,pending,NO_CHANGE
KB_b5e26abdc62f4a21b933,a773ee7d-2049-5dd9-9256-e753b986b2d3,abv,65.9,0.95,smws,pending,NO_CHANGE
KB_342b12ba3fae4c0dae2c,a773ee7d-2049-5dd9-9256-e753b986b2d3,region,Islay,0.95,smws,pending,NO_CHANGE
KB_13046bb98c38426dab98,fe277e32-849a-5740-86b6-ed4f1765468b,cask_type,butt;sherry butt,0.95,smws,pending,NO_CHANGE
KB_af3cb33412434d17b038,fe277e32-849a-5740-86b6-ed4f1765468b,age,9.0,0.95,smws,pending,NO_CHANGE
KB_7e655885370f4c4e9c14,fe277e32-849a-5740-86b6-ed4f1765468b,abv,66.4,0.95,smws,pending,NO_CHANGE
KB_4f8b65c1fac44210bebc,fe277e32-849a-5740-86b6-ed4f1765468b,region,Islay,0.95,smws,pending,NO_CHANGE
KB_97168687f84440118e27,b6f3a48f-b6ce-5d8c-9ed0-9152e8ed1267,cask_type,refill,0.95,smws,pending,NO_CHANGE
KB_5b45feeff8104affbbbe,b6f3a48f-b6ce-5d8c-9ed0-9152e8ed1267,age,11.0,0.95,smws,pending,NO_CHANGE
KB_d73443df1ca74e3bba67,b6f3a48f-b6ce-5d8c-9ed0-9152e8ed1267,abv,61.5,0.95,smws,pending,NO_CHANGE
KB_7202f40bb6a34f6e8bc6,b6f3a48f-b6ce-5d8c-9ed0-9152e8ed1267,region,Islay,0.95,smws,pending,NO_CHANGE
KB_417c2d20edc24d4eb30b,02a86d9a-5af2-5e4a-bb77-9af6fae9f63d,cask_type,butt;sherry butt,0.95,smws,pending,NO_CHANGE
KB_a9f3bd2a8b2b4df89860,02a86d9a-5af2-5e4a-bb77-9af6fae9f63d,age,16.0,0.95,smws,pending,NO_CHANGE
KB_c9257c5ba7384086a80b,02a86d9a-5af2-5e4a-bb77-9af6fae9f63d,abv,57.4,0.95,smws,pending,NO_CHANGE
KB_2eb5b7b0809146d3b6be,c3facd38-30f5-5a7f-bfe7-71ae09afa327,cask_type,butt;sherry butt,0.95,smws,pending,NO_CHANGE
KB_40406caedbea4647b3f4,c3facd38-30f5-5a7f-bfe7-71ae09afa327,age,16.0,0.95,smws,pending,NO_CHANGE
KB_7b520e1abfb647a880a4,c3facd38-30f5-5a7f-bfe7-71ae09afa327,abv,56.7,0.95,smws,pending,NO_CHANGE
KB_6b12a05e705b4c8e91af,d88b74f9-9f43-5023-ad59-8453fcd1315a,cask_type,first-fill barrel,0.95,smws,pending,NO_CHANGE
KB_240e3a9fe0744894a37c,d88b74f9-9f43-5023-ad59-8453fcd1315a,age,9.0,0.95,smws,pending,NO_CHANGE
KB_0cb8814cab844ed9a9f2,d88b74f9-9f43-5023-ad59-8453fcd1315a,abv,56.5,0.95,smws,pending,NO_CHANGE
KB_aa79ffac344846808ee8,d88b74f9-9f43-5023-ad59-8453fcd1315a,region,Highland,0.95,smws,pending,NO_CHANGE
KB_4fc62a10eae248caac10,271d5220-383f-5b8d-b377-8b5e132554b2,cask_type,butt;refill,0.95,smws,pending,NO_CHANGE
KB_dc73b2faa4bc403a8bae,271d5220-383f-5b8d-b377-8b5e132554b2,age,29.0,0.95,smws,pending,NO_CHANGE
KB_243150308db44a589cb1,271d5220-383f-5b8d-b377-8b5e132554b2,abv,56.0,0.95,smws,pending,NO_CHANGE
KB_6064804d8c74409a9ff4,271d5220-383f-5b8d-b377-8b5e132554b2,region,Highland,0.95,smws,pending,NO_CHANGE
KB_e356bd25a3cc454fb17d,3b362ac6-c8e3-58a9-9480-ea3bbc64d0cb,cask_type,butt;refill,0.95,smws,pending,NO_CHANGE
KB_1c6b1f6175864560855f,3b362ac6-c8e3-58a9-9480-ea3bbc64d0cb,age,29.0,0.95,smws,pending,NO_CHANGE
KB_38ca0d0aec9f483d8703,3b362ac6-c8e3-58a9-9480-ea3bbc64d0cb,abv,57.6,0.95,smws,pending,NO_CHANGE
KB_81b24b1407914aeabb91,3b362ac6-c8e3-58a9-9480-ea3bbc64d0cb,region,Highland,0.95,smws,pending,NO_CHANGE
KB_44d11fb1edb74130af2b,953626cf-c3a9-5f27-a38a-58431d073257,cask_type,butt;refill,0.95,smws,pending,NO_CHANGE
KB_6f622108ba934cbe9b31,953626cf-c3a9-5f27-a38a-58431d073257,age,29.0,0.95,smws,pending,NO_CHANGE
KB_739dc626d8b24b5e9da6,953626cf-c3a9-5f27-a38a-58431d073257,abv,58.0,0.95,smws,pending,NO_CHANGE
KB_4adb9ab5467b4ced996a,953626cf-c3a9-5f27-a38a-58431d073257,region,Highland,0.95,smws,pending,NO_CHANGE
KB_02dfabbef24f49c0a078,38037202-7260-5e4c-8573-08b674fa414a,cask_type,hogshead;refill,0.95,smws,pending,NO_CHANGE
KB_21c6609b4234457aa58b,38037202-7260-5e4c-8573-08b674fa414a,age,13.0,0.95,smws,pending,NO_CHANGE
KB_494df094ee0f49b49e79,38037202-7260-5e4c-8573-08b674fa414a,abv,56.8,0.95,smws,pending,NO_CHANGE
KB_8fdfd1a5a3514ffab5df,38037202-7260-5e4c-8573-08b674fa414a,region,Highland,0.95,smws,pending,NO_CHANGE
KB_6d5caba4864e42409080,62b0665b-f8a0-5e68-a226-9c3cee92b809,age,22.0,0.95,smws,pending,NO_CHANGE
KB_e40a02631c7f408fb4bb,62b0665b-f8a0-5e68-a226-9c3cee92b809,abv,58.3,0.95,smws,pending,NO_CHANGE
KB_d56640ab4d2f44c990a3,eb520084-b461-5b08-bbb3-15cb5284f20a,cask_type,hogshead;refill,0.95,smws,pending,NO_CHANGE
KB_6695d2ac271a4c908226,eb520084-b461-5b08-bbb3-15cb5284f20a,age,26.0,0.95,smws,pending,NO_CHANGE
KB_8f36af730cd8482cbf59,eb520084-b461-5b08-bbb3-15cb5284f20a,abv,55.0,0.95,smws,pending,NO_CHANGE
KB_6202725aeb5542f49b15,f940e7e2-2b86-5539-965c-48e17d84caab,cask_type,refill,0.95,smws,pending,NO_CHANGE
KB_dfa60efc3eaa4be99503,f940e7e2-2b86-5539-965c-48e17d84caab,age,17.0,0.95,smws,pending,NO_CHANGE
KB_b7c11251add742578c90,f940e7e2-2b86-5539-965c-48e17d84caab,abv,49.6,0.95,smws,pending,NO_CHANGE
KB_ec6809b912c54bc982da,937885e0-2c59-5768-ad9b-68d237d8bb44,cask_type,butt;refill,0.95,smws,pending,NO_CHANGE
KB_1f4f0b65d4624b7a8ba3,937885e0-2c59-5768-ad9b-68d237d8bb44,age,25.0,0.95,smws,pending,NO_CHANGE
KB_811ef687ae414ff5842e,937885e0-2c59-5768-ad9b-68d237d8bb44,abv,48.9,0.95,smws,pending,NO_CHANGE
KB_36c6a649f7e54ddeb8ae,fee204ef-9f9c-58a7-8869-1abdbe190ae6,age,19.0,0.95,smws,pending,NO_CHANGE
KB_6814b75b98ef496a8110,fee204ef-9f9c-58a7-8869-1abdbe190ae6,abv,53.0,0.95,smws,pending,NO_CHANGE
KB_5f6b5ad3459241028da3,fee204ef-9f9c-58a7-8869-1abdbe190ae6,region,Highland,0.95,smws,pending,NO_CHANGE
KB_24bf25bfc75b4245a824,656c8b8b-2759-5206-a849-4b19b482e1d8,cask_type,hogshead;refill,0.95,smws,pending,NO_CHANGE
KB_39cc831219e044ac9f6e,656c8b8b-2759-5206-a849-4b19b482e1d8,age,11.0,0.95,smws,pending,NO_CHANGE
KB_b57bf5e69bb94bc8a6f7,656c8b8b-2759-5206-a849-4b19b482e1d8,abv,58.6,0.95,smws,pending,NO_CHANGE
KB_7e29c615473e47f2aebd,7c36c5d6-0365-5fc3-b2f8-ecafd7ada20b,cask_type,refill,0.95,smws,pending,NO_CHANGE
KB_6a1b4c3d1fce4f69ad13,7c36c5d6-0365-5fc3-b2f8-ecafd7ada20b,age,21.0,0.95,smws,pending,NO_CHANGE
KB_3113537e475a4456be34,7c36c5d6-0365-5fc3-b2f8-ecafd7ada20b,abv,49.1,0.95,smws,pending,NO_CHANGE
KB_291ca433f31d411fa4e4,2d1a7d56-7403-5197-b847-040b51e6008e,cask_type,refill,0.95,smws,pending,NO_CHANGE
KB_8fb55df5f21c444f8148,2d1a7d56-7403-5197-b847-040b51e6008e,age,21.0,0.95,smws,pending,NO_CHANGE
KB_340161ed8b2f498dad9c,2d1a7d56-7403-5197-b847-040b51e6008e,abv,50.5,0.95,smws,pending,NO_CHANGE
KB_f009ab354da844af9f0a,2d1a7d56-7403-5197-b847-040b51e6008e,region,Highland,0.95,smws,pending,NO_CHANGE
KB_0d3c64ff4e00483e9f32,1c55b5b8-72e3-5ddc-b78f-5ed4194a22c9,cask_type,hogshead;refill,0.95,smws,pending,NO_CHANGE
KB_30c9748722f24073b4cb,1c55b5b8-72e3-5ddc-b78f-5ed4194a22c9,age,12.0,0.95,smws,pending,NO_CHANGE
KB_78c046ab4d094a04b233,1c55b5b8-72e3-5ddc-b78f-5ed4194a22c9,abv,58.1,0.95,smws,pending,NO_CHANGE
KB_b9b2af1c40644f37860d,1c55b5b8-72e3-5ddc-b78f-5ed4194a22c9,region,Highland,0.95,smws,pending,NO_CHANGE
KB_d4a4146fe60d4e15b150,0bd4089d-4462-582a-a315-cecbf1360c79,cask_type,butt;sherry butt,0.95,smws,pending,NO_CHANGE
KB_a245e5019425469d8ecf,0bd4089d-4462-582a-a315-cecbf1360c79,age,27.0,0.95,smws,pending,NO_CHANGE
KB_84980544cae64b4297a4,0bd4089d-4462-582a-a315-cecbf1360c79,abv,56.6,0.95,smws,pending,NO_CHANGE
KB_be91eb6ff0e045efbc0f,0bd4089d-4462-582a-a315-cecbf1360c79,region,Highland,0.95,smws,pending,NO_CHANGE
KB_be547218f4b94572b438,4abe48d8-a74f-5fe1-973c-9dcfb08f7cf0,cask_type,butt;refill,0.95,smws,pending,NO_CHANGE
KB_2cf09567de0541a2a191,4abe48d8-a74f-5fe1-973c-9dcfb08f7cf0,age,28.0,0.95,smws,pending,NO_CHANGE
KB_124a5d194689438aa4cd,4abe48d8-a74f-5fe1-973c-9dcfb08f7cf0,abv,58.2,0.95,smws,pending,NO_CHANGE
KB_0db5b36f92c845b897a6,4abe48d8-a74f-5fe1-973c-9dcfb08f7cf0,region,Highland,0.95,smws,pending,NO_CHANGE
KB_fd47b693d7e1439eb82d,c8d18f9b-c6ec-562e-9451-64d67765f277,cask_type,first-fill barrel,0.95,smws,pending,NO_CHANGE
KB_de3f0c1c89294fa1b5bf,c8d18f9b-c6ec-562e-9451-64d67765f277,age,10.0,0.95,smws,pending,NO_CHANGE
KB_f94d4867f4224cf49127,c8d18f9b-c6ec-562e-9451-64d67765f277,abv,61.3,0.95,smws,pending,NO_CHANGE
KB_6ee86db933e34edbabe5,c8d18f9b-c6ec-562e-9451-64d67765f277,region,Highland,0.95,smws,pending,NO_CHANGE
KB_9396fa5e74d74b89b0b2,674d5c67-6c9c-55cd-91af-ac7ca89bef94,cask_type,hogshead;refill,0.95,smws,pending,NO_CHANGE
KB_234eb7998eb1452ca202,674d5c67-6c9c-55cd-91af-ac7ca89bef94,age,13.0,0.95,smws,pending,NO_CHANGE
KB_bd227bbdb2294b3bb628,674d5c67-6c9c-55cd-91af-ac7ca89bef94,abv,51.4,0.95,smws,pending,NO_CHANGE
KB_307d9f81e94443ba9523,674d5c67-6c9c-55cd-91af-ac7ca89bef94,region,Highland,0.95,smws,pending,NO_CHANGE
KB_c51a8e598ff0443eb55c,c237a668-ac1d-5592-ae23-24d77e4e1a32,cask_type,refill,0.95,smws,pending,NO_CHANGE
KB_f36e64e98c15469bb11d,c237a668-ac1d-5592-ae23-24d77e4e1a32,age,23.0,0.95,smws,pending,NO_CHANGE
KB_b2f838f129db45beaad1,c237a668-ac1d-5592-ae23-24d77e4e1a32,abv,48.5,0.95,smws,pending,NO_CHANGE
KB_6d031af8b6a34d01a50a,c237a668-ac1d-5592-ae23-24d77e4e1a32,region,Highland,0.95,smws,pending,NO_CHANGE
KB_5c1a94275d3141598c6f,1764dc8a-2501-5e70-9d2e-349c78c6a71c,cask_type,hogshead;sherry butt,0.95,smws,pending,NO_CHANGE
KB_61b4b83969264f20b533,1764dc8a-2501-5e70-9d2e-349c78c6a71c,age,22.0,0.95,smws,pending,NO_CHANGE
KB_72db60a2d24746c687aa,1764dc8a-2501-5e70-9d2e-349c78c6a71c,abv,52.6,0.95,smws,pending,NO_CHANGE
KB_e1832ad64cda4cb6b07e,535e571f-dd40-5900-a939-275b6c7bfa14,cask_type,hogshead;refill,0.95,smws,pending,NO_CHANGE
KB_87661355132444fab895,535e571f-dd40-5900-a939-275b6c7bfa14,age,23.0,0.95,smws,pending,NO_CHANGE
KB_e50580a419a6413a96ae,535e571f-dd40-5900-a939-275b6c7bfa14,abv,51.9,0.95,smws,pending,NO_CHANGE
KB_070211d2046a49828954,535e571f-dd40-5900-a939-275b6c7bfa14,region,Highland,0.95,smws,pending,NO_CHANGE
KB_677f4068d59146c69677,7d5208d8-e8f2-5f60-9796-8be168cd91df,cask_type,refill,0.95,smws,pending,NO_CHANGE
KB_3a585029fed5483f90bb,7d5208d8-e8f2-5f60-9796-8be168cd91df,age,10.0,0.95,smws,pending,NO_CHANGE
KB_15115539e95940d2a750,7d5208d8-e8f2-5f60-9796-8be168cd91df,abv,61.4,0.95,smws,pending,NO_CHANGE
KB_3fcae12fd7fd475fac15,7d5208d8-e8f2-5f60-9796-8be168cd91df,region,Highland,0.95,smws,pending,NO_CHANGE
KB_10cbfd155ee343e695b0,19980adc-80d9-5365-a150-68add5e0b3bf,cask_type,refill,0.95,smws,pending,NO_CHANGE
KB_a3b401af89874665af24,19980adc-80d9-5365-a150-68add5e0b3bf,age,10.0,0.95,smws,pending,NO_CHANGE
KB_460ef89fa13d4aa2adea,19980adc-80d9-5365-a150-68add5e0b3bf,abv,61.6,0.95,smws,pending,NO_CHANGE
KB_ab22eee15f1d4bf592fe,19980adc-80d9-5365-a150-68add5e0b3bf,region,Highland,0.95,smws,pending,NO_CHANGE
KB_4269bab86a4d4d8a8c1d,824f65ab-ef02-57bd-a02a-e26b772d8033,cask_type,hogshead;refill,0.95,smws,pending,NO_CHANGE
KB_dbbca246aa7a4733b9a8,824f65ab-ef02-57bd-a02a-e26b772d8033,age,24.0,0.95,smws,pending,NO_CHANGE
KB_edacfddc79a74cfbb2b7,824f65ab-ef02-57bd-a02a-e26b772d8033,abv,53.3,0.95,smws,pending,NO_CHANGE
KB_02f8a50207db46f48648,824f65ab-ef02-57bd-a02a-e26b772d8033,region,Highland,0.95,smws,pending,NO_CHANGE
KB_e4a514f3b6f14eaaa0a6,4b371400-8da6-5055-a3bb-e5572178e52d,cask_type,hogshead;refill,0.95,smws,pending,NO_CHANGE
KB_0c1221b1fc38435b8093,4b371400-8da6-5055-a3bb-e5572178e52d,age,23.0,0.95,smws,pending,NO_CHANGE
KB_3bc14fdf18564423acbb,4b371400-8da6-5055-a3bb-e5572178e52d,abv,49.8,0.95,smws,pending,NO_CHANGE
KB_e616956cbd064f60bb5c,4b371400-8da6-5055-a3bb-e5572178e52d,region,Islay,0.95,smws,pending,NO_CHANGE
KB_300cad449295419b8a18,a2792400-9949-53f6-93ab-fb758e061c18,cask_type,hogshead;refill,0.95,smws,pending,NO_CHANGE
KB_d22a3938d77b4a8d9e58,a2792400-9949-53f6-93ab-fb758e061c18,age,17.0,0.95,smws,pending,NO_CHANGE
KB_3a10836538e2430a902b,a2792400-9949-53f6-93ab-fb758e061c18,abv,49.2,0.95,smws,pending,NO_CHANGE
KB_0c2631f62f8a46c5ab10,4c2abb3a-be19-578e-b874-e0a8005eaf77,cask_type,refill,0.95,smws,pending,NO_CHANGE
KB_67782a55032449b6a58a,4c2abb3a-be19-578e-b874-e0a8005eaf77,age,20.0,0.95,smws,pending,NO_CHANGE
KB_63482d665b5240cba907,415cab1e-628e-541c-9c9d-a891f95a255b,cask_type,refill,0.95,smws,pending,NO_CHANGE
KB_2d9e006760004c3b8671,415cab1e-628e-541c-9c9d-a891f95a255b,age,20.0,0.95,smws,pending,NO_CHANGE
KB_ba600274cd5b48718e7c,415cab1e-628e-541c-9c9d-a891f95a255b,abv,58.4,0.95,smws,pending,NO_CHANGE
KB_ec10afa0d6e349f691d7,415cab1e-628e-541c-9c9d-a891f95a255b,region,Islay,0.95,smws,pending,NO_CHANGE
KB_c21640bec8b843c5b306,75c93994-2597-5823-bd00-c5bf988fa2e7,cask_type,refill,0.95,smws,pending,NO_CHANGE
KB_824e9a94023b4b68a4fc,75c93994-2597-5823-bd00-c5bf988fa2e7,age,16.0,0.95,smws,pending,NO_CHANGE
KB_b0117fec73f843ebb15c,75c93994-2597-5823-bd00-c5bf988fa2e7,abv,58.5,0.95,smws,pending,NO_CHANGE
KB_18a6d27145dc48fd8da5,19a86362-6101-543d-b38a-321fe261e4f6,cask_type,refill,0.95,smws,pending,NO_CHANGE
KB_cb824af376a34dd88f43,19a86362-6101-543d-b38a-321fe261e4f6,age,16.0,0.95,smws,pending,NO_CHANGE
KB_5f835c3716634adabc2c,19a86362-6101-543d-b38a-321fe261e4f6,abv,51.6,0.95,smws,pending,NO_CHANGE
KB_dfc6eeca5b0041c19dcb,19a86362-6101-543d-b38a-321fe261e4f6,region,Islay,0.95,smws,pending,NO_CHANGE
KB_d0d7924a216c4b689d85,1d9be9ee-5bf0-5823-a027-35adea6e3b31,cask_type,refill,0.95,smws,pending,NO_CHANGE
KB_ef90ae7336af4dc6b813,1d9be9ee-5bf0-5823-a027-35adea6e3b31,age,16.0,0.95,smws,pending,NO_CHANGE
KB_691e58251971467dbc39,1d9be9ee-5bf0-5823-a027-35adea6e3b31,region,Islay,0.95,smws,pending,NO_CHANGE
KB_73d0ac815615442d8720,60044aa8-38fd-5ea6-8655-30420036780c,cask_type,butt;refill,0.95,smws,pending,NO_CHANGE
KB_dea4d15772f041af84a2,60044aa8-38fd-5ea6-8655-30420036780c,age,17.0,0.95,smws,pending,NO_CHANGE
KB_5f2a32b3ee424258838e,60044aa8-38fd-5ea6-8655-30420036780c,abv,58.1,0.95,smws,pending,NO_CHANGE
KB_fa4b59ec8a7848a18adf,60044aa8-38fd-5ea6-8655-30420036780c,region,Islay,0.95,smws,pending,NO_CHANGE
KB_b73a71e70284480a85e4,f1c7dad4-49a1-591b-8873-a426e5aa6bc1,cask_type,butt;refill,0.95,smws,pending,NO_CHANGE
KB_29de2132e6444b649201,f1c7dad4-49a1-591b-8873-a426e5aa6bc1,age,17.0,0.95,smws,pending,NO_CHANGE
KB_b676a7ebded5435cbdeb,f1c7dad4-49a1-591b-8873-a426e5aa6bc1,abv,59.1,0.95,smws,pending,NO_CHANGE
KB_49547af89a564da59b7a,37b64209-818d-5db8-b702-e4befa51d54e,age,18.0,0.95,smws,pending,NO_CHANGE
KB_53a9dbeaf5134ad78fa3,37b64209-818d-5db8-b702-e4befa51d54e,abv,54.6,0.95,smws,pending,NO_CHANGE
KB_7a54a542543a4a52b49e,0f01956b-105b-5d7a-aee4-cfcfcee1bf9b,age,18.0,0.95,smws,pending,NO_CHANGE
KB_abbdd435ee6242bd8e94,0f01956b-105b-5d7a-aee4-cfcfcee1bf9b,abv,54.0,0.95,smws,pending,NO_CHANGE
KB_34d8af58da624a6c962e,14bf995e-4f44-53a0-950d-fb547b537c26,age,11.0,0.95,smws,pending,NO_CHANGE
KB_58862e0199cb4158a965,14bf995e-4f44-53a0-950d-fb547b537c26,abv,58.2,0.95,smws,pending,NO_CHANGE
KB_9cfdab654c4e403db3c9,631f719e-2726-5b69-b272-ca88b906f604,cask_type,hogshead;refill,0.95,smws,pending,NO_CHANGE
KB_81b5b77e06c74d5399d1,631f719e-2726-5b69-b272-ca88b906f604,age,8.0,0.95,smws,pending,NO_CHANGE
KB_df24954cb6ec4ef19683,631f719e-2726-5b69-b272-ca88b906f604,abv,58.2,0.95,smws,pending,NO_CHANGE
KB_6b24e120210742b191d9,631f719e-2726-5b69-b272-ca88b906f604,region,Islay,0.95,smws,pending,NO_CHANGE
KB_79cd35e99221423f97e0,1b3b0b6f-62fe-5bde-a822-73bcc7f2d478,cask_type,hogshead;refill,0.95,smws,pending,NO_CHANGE
KB_ee43cc7b05b44b5ea533,1b3b0b6f-62fe-5bde-a822-73bcc7f2d478,age,10.0,0.95,smws,pending,NO_CHANGE
KB_cbcac85cedd043e78b57,1b3b0b6f-62fe-5bde-a822-73bcc7f2d478,abv,56.1,0.95,smws,pending,NO_CHANGE
KB_e622dc81dd7b4598821a,1b3b0b6f-62fe-5bde-a822-73bcc7f2d478,region,Islay,0.95,smws,pending,NO_CHANGE
KB_b2d4baa205a54917af96,031087b9-d026-59a9-ae43-6a52d8eb36ad,cask_type,hogshead;refill,0.95,smws,pending,NO_CHANGE
KB_3fc71f4b565a49d68913,031087b9-d026-59a9-ae43-6a52d8eb36ad,age,16.0,0.95,smws,pending,NO_CHANGE
KB_0ade7af295614548bc45,031087b9-d026-59a9-ae43-6a52d8eb36ad,abv,52.7,0.95,smws,pending,NO_CHANGE
KB_a08adc0cb6f64dfd926a,031087b9-d026-59a9-ae43-6a52d8eb36ad,region,Islay,0.95,smws,pending,NO_CHANGE
KB_5cd48f49401c4e04ad8d,71c09f39-7f4f-52b5-9ca3-fa9ce9f320e5,cask_type,hogshead;refill,0.95,smws,pending,NO_CHANGE
KB_4d082faf842149099506,71c09f39-7f4f-52b5-9ca3-fa9ce9f320e5,age,10.0,0.95,smws,pending,NO_CHANGE
KB_2ae8cb963aa145f79217,71c09f39-7f4f-52b5-9ca3-fa9ce9f320e5,abv,56.5,0.95,smws,pending,NO_CHANGE
KB_f2d32e546b984b418fbb,71c09f39-7f4f-52b5-9ca3-fa9ce9f320e5,region,Islay,0.95,smws,pending,NO_CHANGE
KB_e8e72bb366ce4a59ab1d,3e599b3c-56e3-55e7-878b-9d3ad09344ee,cask_type,butt;sherry butt,0.95,smws,pending,NO_CHANGE
KB_627fe95e226b44f58ddb,3e599b3c-56e3-55e7-878b-9d3ad09344ee,age,9.0,0.95,smws,pending,NO_CHANGE
KB_8d14a0f626794e25895e,3e599b3c-56e3-55e7-878b-9d3ad09344ee,abv,60.9,0.95,smws,pending,NO_CHANGE
KB_726fb8557e6b423bbace,3e599b3c-56e3-55e7-878b-9d3ad09344ee,region,Islay,0.95,smws,pending,NO_CHANGE
KB_cc582c935e774accbfc7,44db02f0-d229-5eb3-ad25-2357b7019d6e,cask_type,butt;refill,0.95,smws,pending,NO_CHANGE
KB_7008c0629af848caa5de,44db02f0-d229-5eb3-ad25-2357b7019d6e,age,10.0,0.95,smws,pending,NO_CHANGE
KB_c05da65f6cca4136abbb,44db02f0-d229-5eb3-ad25-2357b7019d6e,abv,63.2,0.95,smws,pending,NO_CHANGE
KB_94ad066931ea4b1a845e,44db02f0-d229-5eb3-ad25-2357b7019d6e,region,Islay,0.95,smws,pending,NO_CHANGE
KB_cfed60a4b1964e0a9a8c,a3c6004b-a4ba-5168-88c3-cdb7c8e3c34d,cask_type,butt;sherry butt,0.95,smws,pending,NO_CHANGE
KB_7b3b08ceb7634aacb306,a3c6004b-a4ba-5168-88c3-cdb7c8e3c34d,age,20.0,0.95,smws,pending,NO_CHANGE
KB_7dd08e52909444ccb13a,a3c6004b-a4ba-5168-88c3-cdb7c8e3c34d,abv,59.1,0.95,smws,pending,NO_CHANGE
KB_422c17e514e144658b52,a3c6004b-a4ba-5168-88c3-cdb7c8e3c34d,region,Islay,0.95,smws,pending,NO_CHANGE
KB_20d3aee937ea4305a7b4,1a201662-1db2-5a83-b106-cf45e7b24e53,cask_type,butt;sherry butt,0.95,smws,pending,NO_CHANGE
KB_9bca82c4473d4ca7a282,1a201662-1db2-5a83-b106-cf45e7b24e53,age,19.0,0.95,smws,pending,NO_CHANGE
KB_24e5ce267bf345a5aaba,1a201662-1db2-5a83-b106-cf45e7b24e53,abv,55.9,0.95,smws,pending,NO_CHANGE
KB_bd9cb6763b424ba5a284,1a201662-1db2-5a83-b106-cf45e7b24e53,region,Speyside,0.95,smws,pending,NO_CHANGE
KB_d026ab3b85f742f2b979,84732bb1-b1d2-5f89-8803-5833614ecd84,cask_type,butt;sherry butt,0.95,smws,pending,NO_CHANGE
KB_61a7192d6d964b5bbdc8,84732bb1-b1d2-5f89-8803-5833614ecd84,age,11.0,0.95,smws,pending,NO_CHANGE
KB_4160a54a28a943f69367,84732bb1-b1d2-5f89-8803-5833614ecd84,abv,56.3,0.95,smws,pending,NO_CHANGE
KB_2c5f2825c02f4a88b1b1,84732bb1-b1d2-5f89-8803-5833614ecd84,region,Islay,0.95,smws,pending,NO_CHANGE
KB_4ca96135872642f393c9,52e35574-90b6-5871-bfba-34ee0da64572,cask_type,butt;refill,0.95,smws,pending,NO_CHANGE
KB_be49c1f456ed4ae592cc,52e35574-90b6-5871-bfba-34ee0da64572,age,11.0,0.95,smws,pending,NO_CHANGE
KB_e375c2b277cd4f28bd1a,52e35574-90b6-5871-bfba-34ee0da64572,abv,55.4,0.95,smws,pending,NO_CHANGE
KB_e7cce9d4c6f0471b8e68,52e35574-90b6-5871-bfba-34ee0da64572,region,Islay,0.95,smws,pending,NO_CHANGE
KB_a35c9b8a2dd34a31bf86,cf60ff5e-1643-54ed-aeff-cf4cf3976182,cask_type,first-fill barrel,0.95,smws,pending,NO_CHANGE
KB_dd8086bc01da4df4a6b6,cf60ff5e-1643-54ed-aeff-cf4cf3976182,age,7.0,0.95,smws,pending,NO_CHANGE
KB_618641b63cf842589fbc,cf60ff5e-1643-54ed-aeff-cf4cf3976182,abv,64.4,0.95,smws,pending,NO_CHANGE
KB_d8368f85efb54f1ea43d,cf60ff5e-1643-54ed-aeff-cf4cf3976182,region,Islay,0.95,smws,pending,NO_CHANGE
KB_0bfdb4e26e20483d9eb1,fa6c1dee-a4d6-5a4d-9d30-4fd05495ac2e,age,11.0,0.95,smws,pending,NO_CHANGE
KB_24461a4e110a4c668f9f,fa6c1dee-a4d6-5a4d-9d30-4fd05495ac2e,abv,56.1,0.95,smws,pending,NO_CHANGE
KB_2a08ab2235004053bf6c,fa6c1dee-a4d6-5a4d-9d30-4fd05495ac2e,region,Islay,0.95,smws,pending,NO_CHANGE
KB_8a69263fed8744d29c8a,42ec3bc6-eb54-58b0-addb-16bbfbc88dfb,age,8.0,0.95,smws,pending,NO_CHANGE
KB_b62fd0319eef49d89b10,42ec3bc6-eb54-58b0-addb-16bbfbc88dfb,abv,59.9,0.95,smws,pending,NO_CHANGE
KB_bee37291cded4dcaae10,50b0a8ef-c78a-5168-98e6-797f284bc67d,cask_type,hogshead;refill,0.95,smws,pending,NO_CHANGE
KB_1c10745053eb4a30a3b1,50b0a8ef-c78a-5168-98e6-797f284bc67d,age,39.0,0.95,smws,pending,NO_CHANGE
KB_e52c38e2c2f04f9f9b90,50b0a8ef-c78a-5168-98e6-797f284bc67d,abv,46.2,0.95,smws,pending,NO_CHANGE
KB_00c606c22dbb4351a9c6,50b0a8ef-c78a-5168-98e6-797f284bc67d,region,Speyside,0.95,smws,pending,NO_CHANGE
KB_2f00d00b1afb4abc9dce,5ce7f1cc-e838-5a71-9eaa-ec48050a18b5,cask_type,hogshead;refill,0.95,smws,pending,NO_CHANGE
KB_f700f4c0cebd427480b9,5ce7f1cc-e838-5a71-9eaa-ec48050a18b5,age,26.0,0.95,smws,pending,NO_CHANGE
KB_dcefcf71cfa04c0194da,5ce7f1cc-e838-5a71-9eaa-ec48050a18b5,abv,45.9,0.95,smws,pending,NO_CHANGE
KB_bf36ad724cc44e64be20,5ce7f1cc-e838-5a71-9eaa-ec48050a18b5,region,Speyside,0.95,smws,pending,NO_CHANGE
KB_e16a8e24eb034a1ab374,d717c486-c25f-5650-a7ba-18d77b72e432,cask_type,first-fill designer barrel,0.95,smws,pending,NO_CHANGE
KB_ef16638696da4f0ab9c3,d717c486-c25f-5650-a7ba-18d77b72e432,age,16.0,0.95,smws,pending,NO_CHANGE
KB_a299974d53444d7bb024,d717c486-c25f-5650-a7ba-18d77b72e432,abv,54.4,0.95,smws,pending,NO_CHANGE
KB_ccc5abf2dca64d97ad07,d717c486-c25f-5650-a7ba-18d77b72e432,region,Speyside,0.95,smws,pending,NO_CHANGE
KB_a884ef123d59428c8abf,605a88b7-4697-510d-af18-bca7f8f17167,cask_type,hogshead;refill,0.95,smws,pending,NO_CHANGE
KB_b3dda858ffb545d68ce0,605a88b7-4697-510d-af18-bca7f8f17167,age,28.0,0.95,smws,pending,NO_CHANGE
KB_c5cc52947b2e4bb9ae1d,605a88b7-4697-510d-af18-bca7f8f17167,abv,46.7,0.95,smws,pending,NO_CHANGE
KB_b9b2d98029bf49d19e23,605a88b7-4697-510d-af18-bca7f8f17167,region,Speyside,0.95,smws,pending,NO_CHANGE
KB_dceec0a128454443aa1e,3e9da869-4dd8-5129-bbb2-bc20342f123a,cask_type,first-fill designer barrel,0.95,smws,pending,NO_CHANGE
KB_191d7c0deef84df9b331,3e9da869-4dd8-5129-bbb2-bc20342f123a,age,17.0,0.95,smws,pending,NO_CHANGE
KB_f247a9a32a2d4132943b,3e9da869-4dd8-5129-bbb2-bc20342f123a,abv,49.5,0.95,smws,pending,NO_CHANGE
KB_000d862594544d359893,3e9da869-4dd8-5129-bbb2-bc20342f123a,region,Speyside,0.95,smws,pending,NO_CHANGE
KB_61f2eb901f094976b58b,f833e69f-06db-56de-896c-7b9ddbf14793,cask_type,hogshead;refill,0.95,smws,pending,NO_CHANGE
KB_73b9d5b04e24450f8e16,f833e69f-06db-56de-896c-7b9ddbf14793,age,12.0,0.95,smws,pending,NO_CHANGE
KB_19044c3616554b78aa54,f833e69f-06db-56de-896c-7b9ddbf14793,abv,59.3,0.95,smws,pending,NO_CHANGE
KB_d197e99330ec4a9287a3,f833e69f-06db-56de-896c-7b9ddbf14793,region,Speyside,0.95,smws,pending,NO_CHANGE
KB_f333a98110a04c0da1b7,ed89fd8d-d3b6-52aa-9385-843d6c704e96,cask_type,hogshead,0.95,smws,pending,NO_CHANGE
KB_bd4668dbfc2942778de5,ed89fd8d-d3b6-52aa-9385-843d6c704e96,age,19.0,0.95,smws,pending,NO_CHANGE
KB_080010d89ccf453e92dd,ed89fd8d-d3b6-52aa-9385-843d6c704e96,abv,58.9,0.95,smws,pending,NO_CHANGE
KB_a04530fc5a55404295a8,ed89fd8d-d3b6-52aa-9385-843d6c704e96,region,Speyside,0.95,smws,pending,NO_CHANGE
KB_d63e35d6a4d941368ebf,1343ac71-7bb8-53bf-9c1b-e34c20e471d1,cask_type,first-fill designer barrel,0.95,smws,pending,NO_CHANGE
KB_eda6c6f816e14d24b185,1343ac71-7bb8-53bf-9c1b-e34c20e471d1,age,17.0,0.95,smws,pending,NO_CHANGE
KB_4697db5dd7b64dfc818f,1343ac71-7bb8-53bf-9c1b-e34c20e471d1,abv,54.6,0.95,smws,pending,NO_CHANGE
KB_448899ab0c0c4ac18b46,1343ac71-7bb8-53bf-9c1b-e34c20e471d1,region,Speyside,0.95,smws,pending,NO_CHANGE
KB_ec473944e762467da065,14962f3b-e8ee-549a-9d06-0444aef95d93,cask_type,first-fill barrel,0.95,smws,pending,NO_CHANGE
KB_f513dd76c1ad46ae9e5b,14962f3b-e8ee-549a-9d06-0444aef95d93,age,12.0,0.95,smws,pending,NO_CHANGE
KB_d4b71980bd4348219689,14962f3b-e8ee-549a-9d06-0444aef95d93,region,Speyside,0.95,smws,pending,NO_CHANGE
KB_93d2b26c6ed3408aaba8,f1249309-f99b-52fe-b723-b8c9ac4b3bc3,cask_type,hogshead;refill,0.95,smws,pending,NO_CHANGE
KB_787574267da3426e99a4,f1249309-f99b-52fe-b723-b8c9ac4b3bc3,age,27.0,0.95,smws,pending,NO_CHANGE
KB_152e77b874514a0bb5f3,f1249309-f99b-52fe-b723-b8c9ac4b3bc3,abv,53.8,0.95,smws,pending,NO_CHANGE
KB_91979425167d4e8cbea8,f1249309-f99b-52fe-b723-b8c9ac4b3bc3,region,Speyside,0.95,smws,pending,NO_CHANGE
KB_e88c8afc05b84ed8a16f,9cdbb726-bf09-5860-868c-98e1a5123ff0,cask_type,hogshead,0.95,smws,pending,NO_CHANGE
KB_83c0e2d7e8db4760878d,9cdbb726-bf09-5860-868c-98e1a5123ff0,age,21.0,0.95,smws,pending,NO_CHANGE
KB_caeab6b2484941d8afca,9cdbb726-bf09-5860-868c-98e1a5123ff0,abv,56.2,0.95,smws,pending,NO_CHANGE
KB_a61e4e8aaab0492fa958,9cdbb726-bf09-5860-868c-98e1a5123ff0,region,Speyside,0.95,smws,pending,NO_CHANGE
KB_b1dc411e8d924b0290f2,fce85ca8-cb7f-5afa-9124-b4439b9c6dd8,cask_type,hogshead;refill,0.95,smws,pending,NO_CHANGE
KB_7a94452539964beb8e10,fce85ca8-cb7f-5afa-9124-b4439b9c6dd8,age,29.0,0.95,smws,pending,NO_CHANGE
KB_bb7918b96fc8476da84a,fce85ca8-cb7f-5afa-9124-b4439b9c6dd8,abv,47.7,0.95,smws,pending,NO_CHANGE
KB_a6902f1bcdad4b01b26a,fce85ca8-cb7f-5afa-9124-b4439b9c6dd8,region,Speyside,0.95,smws,pending,NO_CHANGE
KB_530358db8d0e4d35af66,b4df6f56-6372-505a-a0e0-b7d713924932,age,111.0,0.95,smws,pending,INVALID
KB_f5f89142671549caaee8,b4df6f56-6372-505a-a0e0-b7d713924932,abv,59.8,0.95,smws,pending,NO_CHANGE
KB_b2a86d501f2b4b9c9910,65cdbe24-c4a7-5c16-b450-64417c0568f9,age,13.0,0.95,smws,pending,NO_CHANGE
KB_7f1b7d1bc5f44764ad8c,65cdbe24-c4a7-5c16-b450-64417c0568f9,abv,57.0,0.95,smws,pending,NO_CHANGE
KB_0a8452565d114952ba88,65cdbe24-c4a7-5c16-b450-64417c0568f9,region,Speyside,0.95,smws,pending,NO_CHANGE
KB_e787862fef114d34b493,aca26396-0494-5af0-ac2b-ca204cd640ad,cask_type,refill,0.95,smws,pending,NO_CHANGE
KB_e58912ba568c4d768720,aca26396-0494-5af0-ac2b-ca204cd640ad,age,10.0,0.95,smws,pending,NO_CHANGE
KB_5e661525b413478daf7f,aca26396-0494-5af0-ac2b-ca204cd640ad,abv,59.5,0.95,smws,pending,NO_CHANGE
KB_21d928d76fbb491daab6,aca26396-0494-5af0-ac2b-ca204cd640ad,region,Speyside,0.95,smws,pending,NO_CHANGE
KB_c54af12d443a4438b2ef,353b3d23-49a4-5684-a562-91cba32e6018,cask_type,first-fill barrel,0.95,smws,pending,NO_CHANGE
KB_28a5d2dae5294c6ca42b,353b3d23-49a4-5684-a562-91cba32e6018,age,33.0,0.95,smws,pending,NO_CHANGE
KB_8fdad10cf5e3483ab251,353b3d23-49a4-5684-a562-91cba32e6018,abv,53.6,0.95,smws,pending,NO_CHANGE
KB_eefff88944bf454bb31d,353b3d23-49a4-5684-a562-91cba32e6018,region,Speyside,0.95,smws,pending,NO_CHANGE
KB_afbe0bd8241446589ee4,c834e6cf-201e-5c78-b010-be478b018e5c,cask_type,hogshead;refill,0.95,smws,pending,NO_CHANGE
KB_e06dcd330f474b6aa478,c834e6cf-201e-5c78-b010-be478b018e5c,age,39.0,0.95,smws,pending,NO_CHANGE
KB_971ab00d15e645288632,c834e6cf-201e-5c78-b010-be478b018e5c,abv,50.3,0.95,smws,pending,NO_CHANGE
KB_47344f0b321f40f2963d,c834e6cf-201e-5c78-b010-be478b018e5c,region,Speyside,0.95,smws,pending,NO_CHANGE
KB_194b7ada9cb54a948737,86a1f3f7-e7a6-5c87-9819-61e00054cbd2,cask_type,hogshead;refill,0.95,smws,pending,NO_CHANGE
KB_762e3f8d080141b48cf5,86a1f3f7-e7a6-5c87-9819-61e00054cbd2,age,34.0,0.95,smws,pending,NO_CHANGE
KB_485fda1c76524e88bd32,86a1f3f7-e7a6-5c87-9819-61e00054cbd2,abv,53.8,0.95,smws,pending,NO_CHANGE
KB_2b803ba9dd9b45388c23,86a1f3f7-e7a6-5c87-9819-61e00054cbd2,region,Speyside,0.95,smws,pending,NO_CHANGE
KB_611dc5080e6240c2afa5,7f0912de-77f0-5325-a171-243b27dfce41,cask_type,butt;sherry butt,0.95,smws,pending,NO_CHANGE
KB_b979d36397ec4b17b923,7f0912de-77f0-5325-a171-243b27dfce41,age,10.0,0.95,smws,pending,NO_CHANGE
KB_3bc292cacdda4103b594,7f0912de-77f0-5325-a171-243b27dfce41,abv,60.8,0.95,smws,pending,NO_CHANGE
KB_21ea5e0fc5d54ec9b7af,7f0912de-77f0-5325-a171-243b27dfce41,region,Speyside,0.95,smws,pending,NO_CHANGE
KB_40be0f0af6bd490d8d6c,9afa2b83-efff-5b0f-b35a-e6e593a6b12c,cask_type,hogshead;refill,0.95,smws,pending,NO_CHANGE
KB_679920414d1c4dc49c9b,9afa2b83-efff-5b0f-b35a-e6e593a6b12c,age,10.0,0.95,smws,pending,NO_CHANGE
KB_9cf7783b615f4bb39ea0,9afa2b83-efff-5b0f-b35a-e6e593a6b12c,abv,60.3,0.95,smws,pending,NO_CHANGE
KB_98b89a1407c142cd9c10,9afa2b83-efff-5b0f-b35a-e6e593a6b12c,region,Speyside,0.95,smws,pending,NO_CHANGE
KB_0f9dfb2edec840e3a3e8,45f12fdf-f747-5e38-af1b-bed2b6b6ba26,cask_type,hogshead;refill,0.95,smws,pending,NO_CHANGE
KB_63e171c79bf24e21a242,45f12fdf-f747-5e38-af1b-bed2b6b6ba26,age,40.0,0.95,smws,pending,NO_CHANGE
KB_632e23223b504d6b9996,45f12fdf-f747-5e38-af1b-bed2b6b6ba26,abv,47.7,0.95,smws,pending,NO_CHANGE
KB_c475ede50c234e2c878f,45f12fdf-f747-5e38-af1b-bed2b6b6ba26,region,Speyside,0.95,smws,pending,NO_CHANGE
KB_4045ccd1955840218f70,2ba5665a-cbc8-5e37-a862-f2bdcd6e1c7f,cask_type,hogshead,0.95,smws,pending,NO_CHANGE
KB_f2555fc897ff41aaa32c,2ba5665a-cbc8-5e37-a862-f2bdcd6e1c7f,age,17.0,0.95,smws,pending,NO_CHANGE
KB_8f271025cc604c71a2e2,2ba5665a-cbc8-5e37-a862-f2bdcd6e1c7f,abv,58.9,0.95,smws,pending,NO_CHANGE
KB_f81f9dceef9a42a8b91a,2ba5665a-cbc8-5e37-a862-f2bdcd6e1c7f,region,Speyside,0.95,smws,pending,NO_CHANGE
KB_77726465aaa644e98154,e7a008ba-5147-5e95-bb8f-03c21477c157,cask_type,first-fill designer barrel charred,0.95,smws,pending,NO_CHANGE
KB_3c8d962198644e16a90c,e7a008ba-5147-5e95-bb8f-03c21477c157,age,15.0,0.95,smws,pending,NO_CHANGE
KB_30b5f81b9f50473eb2f2,e7a008ba-5147-5e95-bb8f-03c21477c157,abv,52.9,0.95,smws,pending,NO_CHANGE
KB_d377b05b7f3041e4bb4b,e7a008ba-5147-5e95-bb8f-03c21477c157,region,Speyside,0.95,smws,pending,NO_CHANGE
KB_d1ec2ae45fb446d4bcdb,9c209d83-94ca-588a-9543-1c0d6e96b7be,cask_type,first-fill barrel,0.95,smws,pending,NO_CHANGE
KB_c9b926147064420a97bb,9c209d83-94ca-588a-9543-1c0d6e96b7be,age,17.0,0.95,smws,pending,NO_CHANGE
KB_a12ceb36b88144bfa7b0,9c209d83-94ca-588a-9543-1c0d6e96b7be,abv,56.7,0.95,smws,pending,NO_CHANGE
KB_88bac2c1a6284dd8a09b,9c209d83-94ca-588a-9543-1c0d6e96b7be,region,Speyside,0.95,smws,pending,NO_CHANGE
KB_f0e56f5f5e914c5f9960,14b2e951-1feb-51ee-995c-6bcea1f7f7a7,age,14.0,0.95,smws,pending,NO_CHANGE
KB_0b318082f3eb4fc1b9f9,14b2e951-1feb-51ee-995c-6bcea1f7f7a7,abv,56.5,0.95,smws,pending,NO_CHANGE
KB_1475144079e74df19a03,6c3b67e2-8cc8-56af-8fd8-b4dc59094e5d,cask_type,first-fill,0.95,smws,pending,NO_CHANGE
KB_f7f6a01d04894d8eacb3,6c3b67e2-8cc8-56af-8fd8-b4dc59094e5d,age,10.0,0.95,smws,pending,NO_CHANGE
KB_833380926bc44109aba8,6c3b67e2-8cc8-56af-8fd8-b4dc59094e5d,abv,58.8,0.95,smws,pending,NO_CHANGE
KB_9d4da5d755de4819be5b,6c3b67e2-8cc8-56af-8fd8-b4dc59094e5d,region,Speyside,0.95,smws,pending,NO_CHANGE
KB_3e69e440ec124b22a289,27867c46-80ff-5d2f-8543-40156990ab2c,cask_type,hogshead;refill,0.95,smws,pending,NO_CHANGE
KB_9077b9c07a5c4a559d0f,27867c46-80ff-5d2f-8543-40156990ab2c,age,21.0,0.95,smws,pending,NO_CHANGE
KB_164d330ec1f04ff1a6f2,27867c46-80ff-5d2f-8543-40156990ab2c,abv,52.4,0.95,smws,pending,NO_CHANGE
KB_736c62b8b06140d68e24,27867c46-80ff-5d2f-8543-40156990ab2c,region,Speyside,0.95,smws,pending,NO_CHANGE
KB_0c5787bc58f64a6fb05a,d6a833f4-a84c-5766-ba3a-f0703b7a75b9,cask_type,butt;sherry butt,0.95,smws,pending,NO_CHANGE
KB_7233cac25d4545aaaacb,d6a833f4-a84c-5766-ba3a-f0703b7a75b9,age,23.0,0.95,smws,pending,NO_CHANGE
KB_6a793459e94e415ebea4,d6a833f4-a84c-5766-ba3a-f0703b7a75b9,abv,59.2,0.95,smws,pending,NO_CHANGE
KB_3f590c2097214edfa4ce,d6a833f4-a84c-5766-ba3a-f0703b7a75b9,region,Speyside,0.95,smws,pending,NO_CHANGE
KB_72c0021987bd4a6dab76,4daf421f-9ddf-5d38-bb34-fed03de6764f,cask_type,refill,0.95,smws,pending,NO_CHANGE
KB_9fecc266266c4764b8ad,4daf421f-9ddf-5d38-bb34-fed03de6764f,age,11.0,0.95,smws,pending,NO_CHANGE
KB_97e93305b7a548ba9c4e,4daf421f-9ddf-5d38-bb34-fed03de6764f,abv,61.5,0.95,smws,pending,NO_CHANGE
KB_1acfe65a362c498fba7e,4daf421f-9ddf-5d38-bb34-fed03de6764f,region,Speyside,0.95,smws,pending,NO_CHANGE
KB_f462ddfa68d74b7d82cc,c50f9cd6-5068-5ac0-b2fc-7b1ac82a7704,cask_type,first-fill barrel,0.95,smws,pending,NO_CHANGE
KB_eda212629c7b4ae38bc4,c50f9cd6-5068-5ac0-b2fc-7b1ac82a7704,age,10.0,0.95,smws,pending,NO_CHANGE
KB_a105a11fbb06464e8bcb,c50f9cd6-5068-5ac0-b2fc-7b1ac82a7704,abv,58.8,0.95,smws,pending,NO_CHANGE
KB_a67d72b265f7470889fc,c50f9cd6-5068-5ac0-b2fc-7b1ac82a7704,region,Speyside,0.95,smws,pending,NO_CHANGE
KB_16522e05d9594df1b903,90bf1294-089d-5aca-870f-a8900113a7c2,age,21.0,0.95,smws,pending,NO_CHANGE
KB_ce7dd0eba8e949ff90db,90bf1294-089d-5aca-870f-a8900113a7c2,abv,51.3,0.95,smws,pending,NO_CHANGE
KB_d57b4799925c46e3a502,90bf1294-089d-5aca-870f-a8900113a7c2,region,Speyside,0.95,smws,pending,NO_CHANGE
KB_1e52ed099a11487d9ab4,2925e03e-0de8-52c4-bee4-58345c070f0f,cask_type,first-fill barrel,0.95,smws,pending,NO_CHANGE
KB_4c7723af0bfa4d98b41f,2925e03e-0de8-52c4-bee4-58345c070f0f,age,9.0,0.95,smws,pending,NO_CHANGE
KB_c493a15511e94bc1b376,2925e03e-0de8-52c4-bee4-58345c070f0f,abv,59.9,0.95,smws,pending,NO_CHANGE
KB_82079cf63e07478da56c,2925e03e-0de8-52c4-bee4-58345c070f0f,region,Speyside,0.95,smws,pending,NO_CHANGE
KB_46f572bc81564fafa932,41eb0894-7a23-5007-9be6-559e8f495df4,age,21.0,0.95,smws,pending,NO_CHANGE
KB_f05d012f1a874c6795f1,41eb0894-7a23-5007-9be6-559e8f495df4,abv,50.7,0.95,smws,pending,NO_CHANGE
KB_88bdd1a6d5e84c98afe6,41eb0894-7a23-5007-9be6-559e8f495df4,region,Speyside,0.95,smws,pending,NO_CHANGE
KB_a24db62e3e5241e09b52,4ba206a5-3c3e-58fb-b5c9-ec8eda6f1013,age,21.0,0.95,smws,pending,NO_CHANGE
KB_f32fec0b417149b4a480,4ba206a5-3c3e-58fb-b5c9-ec8eda6f1013,abv,54.2,0.95,smws,pending,NO_CHANGE
KB_6445c1a02bd0430386fb,4ba206a5-3c3e-58fb-b5c9-ec8eda6f1013,region,Speyside,0.95,smws,pending,NO_CHANGE
KB_0985f42a81774fd3976f,2f6a5b3d-100b-543c-b800-625f82a41b10,cask_type,refill,0.95,smws,pending,NO_CHANGE
KB_26366328222a49d49446,2f6a5b3d-100b-543c-b800-625f82a41b10,age,17.0,0.95,smws,pending,NO_CHANGE
KB_8c3fd38177164c69bf96,2f6a5b3d-100b-543c-b800-625f82a41b10,abv,59.3,0.95,smws,pending,NO_CHANGE
KB_d97ad9c93f4d4f858ff7,2f6a5b3d-100b-543c-b800-625f82a41b10,region,Speyside,0.95,smws,pending,NO_CHANGE
KB_566ad025caee4aadafb7,0c472ef8-61f0-509f-b944-62256b9b053c,age,23.0,0.95,smws,pending,NO_CHANGE
KB_3426566ebde341baa0d8,0c472ef8-61f0-509f-b944-62256b9b053c,abv,51.0,0.95,smws,pending,NO_CHANGE
KB_4edccd9e571942f5a611,0c472ef8-61f0-509f-b944-62256b9b053c,region,Speyside,0.95,smws,pending,NO_CHANGE
KB_d53bcd84016e4303b85c,1b455c7a-cb06-5dd3-b324-39ab0cf63c31,cask_type,refill,0.95,smws,pending,NO_CHANGE
KB_a97c3f23f06b4edd9372,1b455c7a-cb06-5dd3-b324-39ab0cf63c31,age,17.0,0.95,smws,pending,NO_CHANGE
KB_bf74bd96fd1a4a259cb4,1b455c7a-cb06-5dd3-b324-39ab0cf63c31,region,Speyside,0.95,smws,pending,NO_CHANGE
KB_c96995fdcb65431fb74c,e7c90679-b948-5d05-8869-ca1720279d6e,cask_type,first-fill barrel     usa allocation,0.95,smws,pending,NO_CHANGE
KB_b3f1b3bb69d04890a80e,e7c90679-b948-5d05-8869-ca1720279d6e,age,9.0,0.95,smws,pending,NO_CHANGE
KB_02b8bc3b1ce949fda2eb,e7c90679-b948-5d05-8869-ca1720279d6e,abv,50.1,0.95,smws,pending,NO_CHANGE
KB_25fb28b4e0ec4519a9d3,e7c90679-b948-5d05-8869-ca1720279d6e,region,Speyside,0.95,smws,pending,NO_CHANGE
KB_b8e5d7426d42438b9226,fb8f7cfa-78ee-54dc-8a41-e4b3ca1a7dfb,cask_type,hogshead;refill,0.95,smws,pending,NO_CHANGE
KB_d500d08c47754534bde0,fb8f7cfa-78ee-54dc-8a41-e4b3ca1a7dfb,age,28.0,0.95,smws,pending,NO_CHANGE
KB_7ba756bfc34442aa92c7,fb8f7cfa-78ee-54dc-8a41-e4b3ca1a7dfb,abv,56.4,0.95,smws,pending,NO_CHANGE
KB_107a525b16e641c7bbed,a5551e4a-7c00-5bae-a95a-58e25cd197ff,cask_type,butt;sherry butt,0.95,smws,pending,NO_CHANGE
KB_365cc79addae4cb7b4a4,a5551e4a-7c00-5bae-a95a-58e25cd197ff,age,14.0,0.95,smws,pending,NO_CHANGE
KB_9730a6720463403a81b3,a5551e4a-7c00-5bae-a95a-58e25cd197ff,abv,60.9,0.95,smws,pending,NO_CHANGE
KB_83af86895c2a47bb8971,2880ac31-0882-5907-895a-677c3a693df0,cask_type,hogshead;refill,0.95,smws,pending,NO_CHANGE
KB_8828b35e5257406c94ed,2880ac31-0882-5907-895a-677c3a693df0,age,22.0,0.95,smws,pending,NO_CHANGE
KB_1c2df098c37b459f8439,2880ac31-0882-5907-895a-677c3a693df0,abv,56.5,0.95,smws,pending,NO_CHANGE
KB_da85f071f32d4e44b435,2880ac31-0882-5907-895a-677c3a693df0,region,Speyside,0.95,smws,pending,NO_CHANGE
KB_52974084b6f94e35b8b7,b229f565-dc4d-54bc-b200-19ec15f9bde2,cask_type,hogshead;refill,0.95,smws,pending,NO_CHANGE
KB_130104b697234aab9334,b229f565-dc4d-54bc-b200-19ec15f9bde2,age,10.0,0.95,smws,pending,NO_CHANGE
KB_eb38b73ce67a4959b949,b229f565-dc4d-54bc-b200-19ec15f9bde2,abv,56.0,0.95,smws,pending,NO_CHANGE
KB_10432e980077477487ff,b229f565-dc4d-54bc-b200-19ec15f9bde2,region,Speyside,0.95,smws,pending,NO_CHANGE
KB_bad35f1281fa420ea84b,2f4512ac-949a-5ad7-831f-6e4184db6bc5,age,12.0,0.95,smws,pending,NO_CHANGE
KB_26bc7870b47743e69f2c,2f4512ac-949a-5ad7-831f-6e4184db6bc5,abv,55.4,0.95,smws,pending,NO_CHANGE
KB_e179df43f4894fd390aa,2f4512ac-949a-5ad7-831f-6e4184db6bc5,region,Speyside,0.95,smws,pending,NO_CHANGE
KB_df7b4f9b51ee4b108095,1a5da3d1-410a-5c83-96dc-1f37711f743d,cask_type,hogshead;refill,0.95,smws,pending,NO_CHANGE
KB_161dd55e557a41868649,1a5da3d1-410a-5c83-96dc-1f37711f743d,age,12.0,0.95,smws,pending,NO_CHANGE
KB_ac9f983a71b04f27bd05,1a5da3d1-410a-5c83-96dc-1f37711f743d,abv,54.5,0.95,smws,pending,NO_CHANGE
KB_e842981e1f1e40899a21,1a5da3d1-410a-5c83-96dc-1f37711f743d,region,Speyside,0.95,smws,pending,NO_CHANGE
KB_38c34a38527443e9b6da,21eb6e55-420d-5684-a8cf-b5144075079b,cask_type,butt;sherry butt,0.95,smws,pending,NO_CHANGE
KB_ec2744ba6269424c8de4,21eb6e55-420d-5684-a8cf-b5144075079b,age,18.0,0.95,smws,pending,NO_CHANGE
KB_268a22e9b39549e286cf,21eb6e55-420d-5684-a8cf-b5144075079b,abv,60.0,0.95,smws,pending,NO_CHANGE
KB_ec7aa8870b504c82b471,21eb6e55-420d-5684-a8cf-b5144075079b,region,Speyside,0.95,smws,pending,NO_CHANGE
KB_3120132fdc154191a626,c70437b7-2004-5aca-9ba6-e43e8d80b345,cask_type,hogshead;refill,0.95,smws,pending,NO_CHANGE
KB_ef0453bb90544ce19ba3,c70437b7-2004-5aca-9ba6-e43e8d80b345,age,27.0,0.95,smws,pending,NO_CHANGE
KB_65c6272de3614c7882ab,c70437b7-2004-5aca-9ba6-e43e8d80b345,abv,52.4,0.95,smws,pending,NO_CHANGE
KB_1be390fe1cd04ca4a687,c70437b7-2004-5aca-9ba6-e43e8d80b345,region,Speyside,0.95,smws,pending,NO_CHANGE
KB_6444b8a0fdd449a894a2,ace5d4d2-c540-568c-a0f4-a1dd37104ee6,cask_type,refill,0.95,smws,pending,NO_CHANGE
KB_cd40009a29b548089b22,ace5d4d2-c540-568c-a0f4-a1dd37104ee6,age,22.0,0.95,smws,pending,NO_CHANGE
KB_69d1509cb8c24122a76a,ace5d4d2-c540-568c-a0f4-a1dd37104ee6,abv,52.6,0.95,smws,pending,NO_CHANGE
KB_844576dbe40b4c7489a5,ace5d4d2-c540-568c-a0f4-a1dd37104ee6,region,Speyside,0.95,smws,pending,NO_CHANGE
KB_9bce4cbd85944acfb676,bfd02fd3-2f68-5494-89f2-8d9f5b3fe69b,age,12.0,0.95,smws,pending,NO_CHANGE
KB_14a80456e35e43429f94,bfd02fd3-2f68-5494-89f2-8d9f5b3fe69b,abv,59.4,0.95,smws,pending,NO_CHANGE
KB_6af05702da1d4c7f80e5,3b9fddcc-d2e8-5b32-b263-19521428b3fb,cask_type,hogshead;refill,0.95,smws,pending,NO_CHANGE
KB_2735222e268443b99334,3b9fddcc-d2e8-5b32-b263-19521428b3fb,age,63.0,0.95,smws,pending,INVALID
KB_e9379c7bd1424f43be4c,3b9fddcc-d2e8-5b32-b263-19521428b3fb,abv,58.7,0.95,smws,pending,NO_CHANGE
KB_87b803be787a4bb4b48a,87258de8-1942-558a-8918-53377ccb7bce,cask_type,hogshead;refill,0.95,smws,pending,NO_CHANGE
KB_86d3e190765147909e50,87258de8-1942-558a-8918-53377ccb7bce,age,16.0,0.95,smws,pending,NO_CHANGE
KB_f62e2e3036644f048cb5,87258de8-1942-558a-8918-53377ccb7bce,abv,57.4,0.95,smws,pending,NO_CHANGE
KB_2dbaeee86ebc40449201,87258de8-1942-558a-8918-53377ccb7bce,region,Speyside,0.95,smws,pending,NO_CHANGE
KB_924dd3ec88b447c09f50,9cf39599-6bc3-555c-8a87-75fc94c81667,age,17.0,0.95,smws,pending,NO_CHANGE
KB_0fc61c492b9848ea9c44,9cf39599-6bc3-555c-8a87-75fc94c81667,abv,58.0,0.95,smws,pending,NO_CHANGE
KB_d2160da2f2434744b207,9cf39599-6bc3-555c-8a87-75fc94c81667,region,Speyside,0.95,smws,pending,NO_CHANGE
KB_4d9d96e130084772ad43,1aedd086-0004-5f82-be3f-ac59e247b290,cask_type,hogshead;refill,0.95,smws,pending,NO_CHANGE
KB_91b38c7c648e4e388adb,1aedd086-0004-5f82-be3f-ac59e247b290,age,14.0,0.95,smws,pending,NO_CHANGE
KB_9a77239ef88c4e0b89b9,1aedd086-0004-5f82-be3f-ac59e247b290,abv,58.5,0.95,smws,pending,NO_CHANGE
KB_ff84b52528ab4defadb7,1aedd086-0004-5f82-be3f-ac59e247b290,region,Speyside,0.95,smws,pending,NO_CHANGE
KB_d8504adca2c84d93a9d9,89605e03-9f1d-56d7-a05f-d5715b3ee7d2,cask_type,hogshead;refill,0.95,smws,pending,NO_CHANGE
KB_190b5f94a31a49318754,89605e03-9f1d-56d7-a05f-d5715b3ee7d2,age,14.0,0.95,smws,pending,NO_CHANGE
KB_6c567ad1c2b64190a848,89605e03-9f1d-56d7-a05f-d5715b3ee7d2,abv,58.0,0.95,smws,pending,NO_CHANGE
KB_d52f19f964fc478a91bb,89605e03-9f1d-56d7-a05f-d5715b3ee7d2,region,Speyside,0.95,smws,pending,NO_CHANGE
KB_e920c23a83254ce19c02,503ce28c-d1ed-54e5-aba5-eeb9bd1d271b,age,23.0,0.95,smws,pending,NO_CHANGE
KB_07355a555a584af1b0ad,503ce28c-d1ed-54e5-aba5-eeb9bd1d271b,abv,55.5,0.95,smws,pending,NO_CHANGE
KB_9ef37734b3e445b2a14b,5d7620b8-8700-5341-8367-bdfc4c989ad4,cask_type,hogshead;refill,0.95,smws,pending,NO_CHANGE
KB_7b1ee4d6053545fd8e66,5d7620b8-8700-5341-8367-bdfc4c989ad4,age,26.0,0.95,smws,pending,NO_CHANGE
KB_5d7ccf8bd75a4c078e51,5d7620b8-8700-5341-8367-bdfc4c989ad4,abv,56.4,0.95,smws,pending,NO_CHANGE
KB_ca2b15469c0e4435961c,5d7620b8-8700-5341-8367-bdfc4c989ad4,region,Speyside,0.95,smws,pending,NO_CHANGE
KB_87044951d57345238788,4e6807e5-e7c8-5446-be82-a46029dbc2e3,cask_type,butt;first-fill;sherry butt,0.95,smws,pending,NO_CHANGE
KB_31a513e1836a4f51a216,4e6807e5-e7c8-5446-be82-a46029dbc2e3,age,13.0,0.95,smws,pending,NO_CHANGE
KB_f780512464ff47b99bc2,4e6807e5-e7c8-5446-be82-a46029dbc2e3,abv,58.5,0.95,smws,pending,NO_CHANGE
KB_e2bac882d14d4855a802,4e6807e5-e7c8-5446-be82-a46029dbc2e3,region,Speyside,0.95,smws,pending,NO_CHANGE
KB_a6fadc3dda49445a9395,3c154b07-aca5-59ce-a677-a29b043b961a,cask_type,hogshead;refill,0.95,smws,pending,NO_CHANGE
KB_54502c9eee144681bbdc,3c154b07-aca5-59ce-a677-a29b043b961a,age,19.0,0.95,smws,pending,NO_CHANGE
KB_9b87ed7852d2496ca6d1,3c154b07-aca5-59ce-a677-a29b043b961a,abv,45.9,0.95,smws,pending,NO_CHANGE
KB_41814d785cdb4e3aadda,3c154b07-aca5-59ce-a677-a29b043b961a,region,Speyside,0.95,smws,pending,NO_CHANGE
KB_77b90348f4dc49eb943d,96cb248e-106e-5cc5-aad7-a2e5f389bd62,cask_type,hogshead;refill,0.95,smws,pending,NO_CHANGE
KB_770086a2930d4206bd68,96cb248e-106e-5cc5-aad7-a2e5f389bd62,age,28.0,0.95,smws,pending,NO_CHANGE
KB_2a6dc7e6e5144f4eb14f,96cb248e-106e-5cc5-aad7-a2e5f389bd62,abv,53.9,0.95,smws,pending,NO_CHANGE
KB_bade9c9e6ae1420d9de2,96cb248e-106e-5cc5-aad7-a2e5f389bd62,region,Speyside,0.95,smws,pending,NO_CHANGE
KB_a54ae99e3b1248ca8321,32be3d9b-413c-5cfc-a053-d8dbab8bcd60,cask_type,hogshead;refill,0.95,smws,pending,NO_CHANGE
KB_0030e06ff3654d4a8253,32be3d9b-413c-5cfc-a053-d8dbab8bcd60,age,21.0,0.95,smws,pending,NO_CHANGE
KB_33a89dad25764ccdb232,32be3d9b-413c-5cfc-a053-d8dbab8bcd60,abv,48.0,0.95,smws,pending,NO_CHANGE
KB_df25a6567f414fc98153,32be3d9b-413c-5cfc-a053-d8dbab8bcd60,region,Speyside,0.95,smws,pending,NO_CHANGE
KB_64af077f08da4b92938e,5a823447-dca9-5d25-a2f0-edda49de4929,cask_type,hogshead;refill,0.95,smws,pending,NO_CHANGE
KB_9625f96556e14d5a97ab,5a823447-dca9-5d25-a2f0-edda49de4929,age,22.0,0.95,smws,pending,NO_CHANGE
KB_28b6a19f468b4bbc9460,5a823447-dca9-5d25-a2f0-edda49de4929,abv,46.7,0.95,smws,pending,NO_CHANGE
KB_23e95787f214424b8da4,5a823447-dca9-5d25-a2f0-edda49de4929,region,Speyside,0.95,smws,pending,NO_CHANGE
KB_0d657c81ad094fb0972f,55a30f70-fd7e-5772-acce-9b00a08956ca,cask_type,hogshead;refill,0.95,smws,pending,NO_CHANGE
KB_22b29fc2b6c04c1a9dd8,55a30f70-fd7e-5772-acce-9b00a08956ca,age,23.0,0.95,smws,pending,NO_CHANGE
KB_027185b0f8cf4abcae3d,55a30f70-fd7e-5772-acce-9b00a08956ca,abv,49.5,0.95,smws,pending,NO_CHANGE
KB_6339c8f7f86a4b8d93f1,55a30f70-fd7e-5772-acce-9b00a08956ca,region,Speyside,0.95,smws,pending,NO_CHANGE
KB_aa8294291b0d4e28b433,adb7699c-9e1c-53fb-a00a-f42b32d75885,cask_type,hogshead;refill,0.95,smws,pending,NO_CHANGE
KB_7ce9d12b82e14755a1a0,adb7699c-9e1c-53fb-a00a-f42b32d75885,age,29.0,0.95,smws,pending,NO_CHANGE
KB_40eb774894594d729977,adb7699c-9e1c-53fb-a00a-f42b32d75885,abv,57.9,0.95,smws,pending,NO_CHANGE
KB_19bbe9cdc15d41828269,adb7699c-9e1c-53fb-a00a-f42b32d75885,region,Speyside,0.95,smws,pending,NO_CHANGE
KB_c2a183dbd31a4b80b394,1fb8afd9-e89a-5435-8bcf-3ad839088a2b,cask_type,hogshead;refill,0.95,smws,pending,NO_CHANGE
KB_725140e2120e483d8021,1fb8afd9-e89a-5435-8bcf-3ad839088a2b,age,23.0,0.95,smws,pending,NO_CHANGE
KB_4d8f0f11279e4b1d9175,1fb8afd9-e89a-5435-8bcf-3ad839088a2b,abv,44.7,0.95,smws,pending,NO_CHANGE
KB_c0ab7664441c403dad2a,1fb8afd9-e89a-5435-8bcf-3ad839088a2b,region,Speyside,0.95,smws,pending,NO_CHANGE
KB_395dd9bd8cdb4a768999,54f8070c-a704-56c2-928b-ab0ca9731805,cask_type,refill,0.95,smws,pending,NO_CHANGE
KB_44ed592da0894897aa2f,54f8070c-a704-56c2-928b-ab0ca9731805,age,9.0,0.95,smws,pending,NO_CHANGE
KB_6aade5cb84954e6ea5f9,54f8070c-a704-56c2-928b-ab0ca9731805,abv,61.2,0.95,smws,pending,NO_CHANGE
KB_8bfcd71f67194e83b84a,54f8070c-a704-56c2-928b-ab0ca9731805,region,Speyside,0.95,smws,pending,NO_CHANGE
KB_595188c0cf834723bda9,6efe3504-3026-5aa6-ad5a-aa317e561375,cask_type,hogshead;refill,0.95,smws,pending,NO_CHANGE
KB_6d6a26987e1e4fe49318,6efe3504-3026-5aa6-ad5a-aa317e561375,age,23.0,0.95,smws,pending,NO_CHANGE
KB_59513396b9e24f8283ad,6efe3504-3026-5aa6-ad5a-aa317e561375,abv,59.1,0.95,smws,pending,NO_CHANGE
KB_d65c3085080d45ceb800,6efe3504-3026-5aa6-ad5a-aa317e561375,region,Speyside,0.95,smws,pending,NO_CHANGE
KB_15918b61322e40a0ac1e,859e54f2-410c-5b36-925c-5edd44d347f1,cask_type,hogshead;refill,0.95,smws,pending,NO_CHANGE
KB_431a145ab3e2419ea8d7,859e54f2-410c-5b36-925c-5edd44d347f1,age,23.0,0.95,smws,pending,NO_CHANGE
KB_6be2f5c9f2964528b9b6,859e54f2-410c-5b36-925c-5edd44d347f1,abv,58.9,0.95,smws,pending,NO_CHANGE
KB_c4efb951690e40cfa148,859e54f2-410c-5b36-925c-5edd44d347f1,region,Speyside,0.95,smws,pending,NO_CHANGE
KB_48f96ffbbd644c80b7c4,f436ba72-8ca2-5aaf-82e6-886efe2603b2,cask_type,hogshead;refill,0.95,smws,pending,NO_CHANGE
KB_a14c9959b1e8426c8a0f,f436ba72-8ca2-5aaf-82e6-886efe2603b2,age,28.0,0.95,smws,pending,NO_CHANGE
KB_583f88b0af1e4e098117,f436ba72-8ca2-5aaf-82e6-886efe2603b2,abv,55.3,0.95,smws,pending,NO_CHANGE
KB_811669f09abf49b195f7,f436ba72-8ca2-5aaf-82e6-886efe2603b2,region,Speyside,0.95,smws,pending,NO_CHANGE
KB_cdec2bdec42b4679bcf8,3664b0f4-08fe-50d0-85cb-40ea92995cfb,cask_type,first-fill,0.95,smws,pending,NO_CHANGE
KB_48fbcb8e2b2b455c8896,3664b0f4-08fe-50d0-85cb-40ea92995cfb,age,7.0,0.95,smws,pending,NO_CHANGE
KB_c76adaac4f9748c59b51,3664b0f4-08fe-50d0-85cb-40ea92995cfb,abv,62.5,0.95,smws,pending,NO_CHANGE
KB_4b7fea87f5654599a2b3,3664b0f4-08fe-50d0-85cb-40ea92995cfb,region,Speyside,0.95,smws,pending,NO_CHANGE
KB_a0252b29c19348acb62a,aaa00244-00d2-5dba-9fb4-db4a209b835a,cask_type,butt;sherry butt,0.95,smws,pending,NO_CHANGE
KB_2920592049594654bee3,aaa00244-00d2-5dba-9fb4-db4a209b835a,age,30.0,0.95,smws,pending,NO_CHANGE
KB_ccb6d5a36e9549ff8065,aaa00244-00d2-5dba-9fb4-db4a209b835a,abv,50.9,0.95,smws,pending,NO_CHANGE
KB_161148a8f7da4a06befb,aaa00244-00d2-5dba-9fb4-db4a209b835a,region,Speyside,0.95,smws,pending,NO_CHANGE
KB_24fa7ab0fd894224b066,3a42ba7c-6d46-5712-bc9a-a00ac2a96d79,cask_type,hogshead;refill,0.95,smws,pending,NO_CHANGE
KB_d218ef845ea648809c0a,3a42ba7c-6d46-5712-bc9a-a00ac2a96d79,age,30.0,0.95,smws,pending,NO_CHANGE
KB_9ef0c4188f9942a39560,3a42ba7c-6d46-5712-bc9a-a00ac2a96d79,abv,53.5,0.95,smws,pending,NO_CHANGE
KB_e6dd00dd7d2f40b6bd97,3a42ba7c-6d46-5712-bc9a-a00ac2a96d79,region,Speyside,0.95,smws,pending,NO_CHANGE
KB_cc0f4d399b394a00a75a,f39ecaf0-c8a9-58d1-b69c-de2bd508682e,cask_type,hogshead;refill,0.95,smws,pending,NO_CHANGE
KB_650278e40afd4d56abcf,f39ecaf0-c8a9-58d1-b69c-de2bd508682e,age,21.0,0.95,smws,pending,NO_CHANGE
KB_b6ab7195e5a34d78992b,f39ecaf0-c8a9-58d1-b69c-de2bd508682e,abv,57.1,0.95,smws,pending,NO_CHANGE
KB_04e1869606234b36a6ea,f39ecaf0-c8a9-58d1-b69c-de2bd508682e,region,Speyside,0.95,smws,pending,NO_CHANGE
KB_49ecc438766d4ba9aaf7,56d18e9e-213a-59c7-9033-3d6fdca3d67b,cask_type,first-fill barrel,0.95,smws,pending,NO_CHANGE
KB_b98ebf51048740338bbf,56d18e9e-213a-59c7-9033-3d6fdca3d67b,age,8.0,0.95,smws,pending,NO_CHANGE
KB_85713ef47d9e40a194fe,56d18e9e-213a-59c7-9033-3d6fdca3d67b,abv,58.7,0.95,smws,pending,NO_CHANGE
KB_4ddb0e79cd554151b854,56d18e9e-213a-59c7-9033-3d6fdca3d67b,region,Speyside,0.95,smws,pending,NO_CHANGE
KB_3d527b7ceefc4872a73d,7bf5a7d9-12b0-51b3-86a3-341e9899ca3d,cask_type,hogshead;refill,0.95,smws,pending,NO_CHANGE
KB_c529bbf79ba64b4696d8,7bf5a7d9-12b0-51b3-86a3-341e9899ca3d,age,24.0,0.95,smws,pending,NO_CHANGE
KB_1d9134471b4742ebbf5a,7bf5a7d9-12b0-51b3-86a3-341e9899ca3d,abv,46.4,0.95,smws,pending,NO_CHANGE
KB_e7ae182274d54eeb9a29,7bf5a7d9-12b0-51b3-86a3-341e9899ca3d,region,Speyside,0.95,smws,pending,NO_CHANGE
KB_473dabc6d9dd4ea2a690,917d22c8-e7d3-528e-a919-fa72e1da304f,cask_type,first-fill barrel,0.95,smws,pending,NO_CHANGE
KB_519dbb957c4b4d34a06f,917d22c8-e7d3-528e-a919-fa72e1da304f,age,10.0,0.95,smws,pending,NO_CHANGE
KB_1cfb75a5f4654765a750,917d22c8-e7d3-528e-a919-fa72e1da304f,abv,61.5,0.95,smws,pending,NO_CHANGE
KB_54dbd7341a794b03b37e,917d22c8-e7d3-528e-a919-fa72e1da304f,region,Speyside,0.95,smws,pending,NO_CHANGE
KB_27264933812b4330a5bc,509c177d-1834-57d9-a630-68ddacb1fef9,cask_type,hogshead;refill,0.95,smws,pending,NO_CHANGE
KB_c61ed7fea58e44feb764,509c177d-1834-57d9-a630-68ddacb1fef9,age,33.0,0.95,smws,pending,NO_CHANGE
KB_3d29aa07553d48208ad2,509c177d-1834-57d9-a630-68ddacb1fef9,abv,51.5,0.95,smws,pending,NO_CHANGE
KB_6b62dbe2d1eb4f5b80ef,509c177d-1834-57d9-a630-68ddacb1fef9,region,Speyside,0.95,smws,pending,NO_CHANGE
KB_37d1146038ab4714a4d7,c1660acc-a4e8-5d22-92b8-30e894298475,cask_type,first-fill barrel,0.95,smws,pending,NO_CHANGE
KB_3a437fe13ab7452c901e,c1660acc-a4e8-5d22-92b8-30e894298475,age,11.0,0.95,smws,pending,NO_CHANGE
KB_d24db8e586524bcdb691,c1660acc-a4e8-5d22-92b8-30e894298475,abv,60.3,0.95,smws,pending,NO_CHANGE
KB_dc26bd11fcf4482fb516,c1660acc-a4e8-5d22-92b8-30e894298475,region,Speyside,0.95,smws,pending,NO_CHANGE
KB_44604b72f5c445d69f16,296c029e-4113-5088-991a-02682c7f36dd,cask_type,hogshead;refill,0.95,smws,pending,NO_CHANGE
KB_b9dd8c7f5a304741a4c0,296c029e-4113-5088-991a-02682c7f36dd,age,30.0,0.95,smws,pending,NO_CHANGE
KB_e669bf1561fc43d8ada3,296c029e-4113-5088-991a-02682c7f36dd,abv,53.7,0.95,smws,pending,NO_CHANGE
KB_943a7eb76b0c40b7b0f7,296c029e-4113-5088-991a-02682c7f36dd,region,Speyside,0.95,smws,pending,NO_CHANGE
KB_1e6be1bfe5b044f5b6e8,1df09e00-8b48-5308-ba93-f961345c7edc,cask_type,first-fill barrel,0.95,smws,pending,NO_CHANGE
KB_1d0e00f5e2c04c008537,1df09e00-8b48-5308-ba93-f961345c7edc,age,11.0,0.95,smws,pending,NO_CHANGE
KB_f3cba3f0f3404230b9a7,1df09e00-8b48-5308-ba93-f961345c7edc,abv,59.5,0.95,smws,pending,NO_CHANGE
KB_e72e3e0a3b8f468fb9ad,1df09e00-8b48-5308-ba93-f961345c7edc,region,Speyside,0.95,smws,pending,NO_CHANGE
KB_43d5bf3eb4e949faa7d3,f7887fcd-a423-5627-9b75-3a971f7c1534,cask_type,refill,0.95,smws,pending,NO_CHANGE
KB_a68c0e17e047474f9efc,f7887fcd-a423-5627-9b75-3a971f7c1534,age,7.0,0.95,smws,pending,NO_CHANGE
KB_f794fa6754744463bcb1,f7887fcd-a423-5627-9b75-3a971f7c1534,abv,62.7,0.95,smws,pending,NO_CHANGE
KB_924f7e1d9f454510ba4a,f7887fcd-a423-5627-9b75-3a971f7c1534,region,Highland,0.95,smws,pending,NO_CHANGE
KB_ad433ab2b8a84ca3bd1b,18f7886d-5a8a-55c3-98fc-877e21cecacc,cask_type,hogshead;refill,0.95,smws,pending,NO_CHANGE
KB_8f924ce26a0849e5b115,18f7886d-5a8a-55c3-98fc-877e21cecacc,age,9.0,0.95,smws,pending,NO_CHANGE
KB_436a9a500a4f46ecad45,18f7886d-5a8a-55c3-98fc-877e21cecacc,region,Highland,0.95,smws,pending,NO_CHANGE
KB_7cfaa3314a3e4749ba76,34f2f60a-8227-5f1b-b352-0882b09cff3c,cask_type,hogshead;refill,0.95,smws,pending,NO_CHANGE
KB_af70d42a4ee54a8db2d5,34f2f60a-8227-5f1b-b352-0882b09cff3c,age,9.0,0.95,smws,pending,NO_CHANGE
KB_ff8117a89bf54a428fc1,34f2f60a-8227-5f1b-b352-0882b09cff3c,abv,60.9,0.95,smws,pending,NO_CHANGE
KB_bcfcc05c413741908072,34f2f60a-8227-5f1b-b352-0882b09cff3c,region,Highland,0.95,smws,pending,NO_CHANGE
KB_d74334bee5a5447cbc56,e07d0d92-5962-5e73-83ec-3bbdeca8d21c,cask_type,refill,0.95,smws,pending,NO_CHANGE
KB_00bd98879dda44a3a918,e07d0d92-5962-5e73-83ec-3bbdeca8d21c,age,9.0,0.95,smws,pending,NO_CHANGE
KB_9f1d6991b5ff47a1a0ef,e07d0d92-5962-5e73-83ec-3bbdeca8d21c,abv,58.2,0.95,smws,pending,NO_CHANGE
KB_44c531ea175149a18ca6,e07d0d92-5962-5e73-83ec-3bbdeca8d21c,region,Highland,0.95,smws,pending,NO_CHANGE
KB_05f9dde5169f4335949c,666fcc89-034e-57b3-aaa8-c48bab6959e4,cask_type,refill,0.95,smws,pending,NO_CHANGE
KB_2560b163c2714bf59aae,666fcc89-034e-57b3-aaa8-c48bab6959e4,abv,61.9,0.95,smws,pending,NO_CHANGE
KB_a3a0eab6705b43dc83e2,666fcc89-034e-57b3-aaa8-c48bab6959e4,region,Highland,0.95,smws,pending,NO_CHANGE
KB_dacc50947fd64056a1d0,59761d20-d362-5720-ba97-1e8d1bf89362,age,26.0,0.95,smws,pending,NO_CHANGE
KB_6d20fbd8332e4a6f971a,59761d20-d362-5720-ba97-1e8d1bf89362,abv,56.1,0.95,smws,pending,NO_CHANGE
KB_da86f4d86ab449e7b197,8ad5b983-e855-57fb-8289-a246738d047a,age,24.0,0.95,smws,pending,NO_CHANGE
KB_762f3d84060744048a73,8ad5b983-e855-57fb-8289-a246738d047a,abv,58.1,0.95,smws,pending,NO_CHANGE
KB_ddd73a84b6844dc19acd,44928acd-7487-5a57-b1cf-453f11087454,cask_type,refill,0.95,smws,pending,NO_CHANGE
KB_6772ffb1329c4c5ba90b,44928acd-7487-5a57-b1cf-453f11087454,age,15.0,0.95,smws,pending,NO_CHANGE
KB_7329810a14464f6da04a,44928acd-7487-5a57-b1cf-453f11087454,abv,58.0,0.95,smws,pending,NO_CHANGE
KB_26ca47ce3df04372baed,44928acd-7487-5a57-b1cf-453f11087454,region,Speyside,0.95,smws,pending,NO_CHANGE
KB_2ce830897789491183c4,37f64680-31f6-57a9-ba7c-ada049149bf6,cask_type,hogshead;refill,0.95,smws,pending,NO_CHANGE
KB_0b5d92d2cc55414e8c83,37f64680-31f6-57a9-ba7c-ada049149bf6,age,15.0,0.95,smws,pending,NO_CHANGE
KB_999360257f864942b7f5,37f64680-31f6-57a9-ba7c-ada049149bf6,abv,59.4,0.95,smws,pending,NO_CHANGE
KB_1a36cafd50264d1e9208,37f64680-31f6-57a9-ba7c-ada049149bf6,region,Speyside,0.95,smws,pending,NO_CHANGE
KB_1eecebccef4740738e1b,83c97133-df0a-53b7-9681-48c21b7d5794,cask_type,butt;sherry butt,0.95,smws,pending,NO_CHANGE
KB_ef7be8e30c1740b0bfeb,83c97133-df0a-53b7-9681-48c21b7d5794,age,11.0,0.95,smws,pending,NO_CHANGE
KB_1aaacc70af594ee9b60d,83c97133-df0a-53b7-9681-48c21b7d5794,abv,60.6,0.95,smws,pending,NO_CHANGE
KB_e5e95f91a30b4009b241,83c97133-df0a-53b7-9681-48c21b7d5794,region,Speyside,0.95,smws,pending,NO_CHANGE
KB_48076fd4bee046f68394,91c92fe2-775c-519e-b6ac-581d2cfbb898,cask_type,butt;sherry butt,0.95,smws,pending,NO_CHANGE
KB_fb773b63bf084a75aae6,91c92fe2-775c-519e-b6ac-581d2cfbb898,age,11.0,0.95,smws,pending,NO_CHANGE
KB_ec88f8f3711f4afc8ada,91c92fe2-775c-519e-b6ac-581d2cfbb898,abv,58.7,0.95,smws,pending,NO_CHANGE
KB_ca4ca0b21b3b4fd08e4b,91c92fe2-775c-519e-b6ac-581d2cfbb898,region,Speyside,0.95,smws,pending,NO_CHANGE
KB_214d33f50efc4d0287b1,a92672e0-aa52-506e-8a34-918103f6cf30,cask_type,hogshead;refill,0.95,smws,pending,NO_CHANGE
KB_175c2f0007b147f282e0,a92672e0-aa52-506e-8a34-918103f6cf30,age,22.0,0.95,smws,pending,NO_CHANGE
KB_a23b9e9e7f16487db0b4,a92672e0-aa52-506e-8a34-918103f6cf30,abv,53.7,0.95,smws,pending,NO_CHANGE
KB_ae56be3f40ef46efafd5,a92672e0-aa52-506e-8a34-918103f6cf30,region,Speyside,0.95,smws,pending,NO_CHANGE
KB_20c9b11ed7384d848cf0,6f5d57e1-9efa-5810-8ea2-e4eb7188c876,cask_type,hogshead;refill,0.95,smws,pending,NO_CHANGE
KB_70f607cbd2464819a552,6f5d57e1-9efa-5810-8ea2-e4eb7188c876,age,22.0,0.95,smws,pending,NO_CHANGE
KB_e221f259dee14be8b32b,6f5d57e1-9efa-5810-8ea2-e4eb7188c876,abv,52.9,0.95,smws,pending,NO_CHANGE
KB_3be90f74bca5413e9e9f,6f5d57e1-9efa-5810-8ea2-e4eb7188c876,region,Speyside,0.95,smws,pending,NO_CHANGE
KB_5a2d24547291415bbec2,4da4e3a7-11ef-5569-8929-0446461c150c,cask_type,butt;refill,0.95,smws,pending,NO_CHANGE
KB_b30ae3ab3c344ad3af2f,4da4e3a7-11ef-5569-8929-0446461c150c,age,13.0,0.95,smws,pending,NO_CHANGE
KB_84a2bbf0a0d34a26b08e,4da4e3a7-11ef-5569-8929-0446461c150c,abv,59.1,0.95,smws,pending,NO_CHANGE
KB_37defe7dc1eb48958d67,4da4e3a7-11ef-5569-8929-0446461c150c,region,Speyside,0.95,smws,pending,NO_CHANGE
KB_3088a57c269249b483be,8cfae60b-1520-5fac-9194-7bbbf4582a72,cask_type,hogshead;refill,0.95,smws,pending,NO_CHANGE
KB_d9be395a6b504e6784fa,8cfae60b-1520-5fac-9194-7bbbf4582a72,age,23.0,0.95,smws,pending,NO_CHANGE
KB_22afc1bdda7a4756ad13,8cfae60b-1520-5fac-9194-7bbbf4582a72,abv,51.4,0.95,smws,pending,NO_CHANGE
KB_324c9d0a358848c2b301,8cfae60b-1520-5fac-9194-7bbbf4582a72,region,Speyside,0.95,smws,pending,NO_CHANGE
KB_66919bf0ddd94ed9b3ba,fc05742a-2324-55aa-9157-91546ef3f295,cask_type,butt;refill,0.95,smws,pending,NO_CHANGE
KB_112805f08eed4aa99b73,fc05742a-2324-55aa-9157-91546ef3f295,age,14.0,0.95,smws,pending,NO_CHANGE
KB_a2b7f8a1b3b244b7ab73,fc05742a-2324-55aa-9157-91546ef3f295,abv,56.9,0.95,smws,pending,NO_CHANGE
KB_b317c2e78e634679a27a,fc05742a-2324-55aa-9157-91546ef3f295,region,Speyside,0.95,smws,pending,NO_CHANGE
KB_f961c7fd7653452caa96,b0eda85a-3cd3-5a21-b3d3-a437d1c55364,cask_type,butt;refill,0.95,smws,pending,NO_CHANGE
KB_fee3c0f69d9141c89904,b0eda85a-3cd3-5a21-b3d3-a437d1c55364,age,15.0,0.95,smws,pending,NO_CHANGE
KB_81218a145971447dadb4,b0eda85a-3cd3-5a21-b3d3-a437d1c55364,abv,55.4,0.95,smws,pending,NO_CHANGE
KB_d5bc6b071bda4c63beb4,b0eda85a-3cd3-5a21-b3d3-a437d1c55364,region,Speyside,0.95,smws,pending,NO_CHANGE
KB_607a4d25dc514377993d,6e718c30-489c-5113-b724-d7c3e4a45079,cask_type,hogshead;refill,0.95,smws,pending,NO_CHANGE
KB_2487718440d74d39806e,6e718c30-489c-5113-b724-d7c3e4a45079,age,24.0,0.95,smws,pending,NO_CHANGE
KB_f7e7272860414123a2ce,6e718c30-489c-5113-b724-d7c3e4a45079,abv,52.4,0.95,smws,pending,NO_CHANGE
KB_23d907d249024463ad27,6e718c30-489c-5113-b724-d7c3e4a45079,region,Speyside,0.95,smws,pending,NO_CHANGE
KB_1a996678ab5d4c1e8c8f,19a52edc-7bd3-5c11-9eb0-41f401d73c85,cask_type,hogshead;refill,0.95,smws,pending,NO_CHANGE
KB_d97abb7e0f124a3bb33d,19a52edc-7bd3-5c11-9eb0-41f401d73c85,age,25.0,0.95,smws,pending,NO_CHANGE
KB_66142f0c64334c31849d,19a52edc-7bd3-5c11-9eb0-41f401d73c85,abv,52.2,0.95,smws,pending,NO_CHANGE
KB_821a3fc44f8544ee9b4a,19a52edc-7bd3-5c11-9eb0-41f401d73c85,region,Speyside,0.95,smws,pending,NO_CHANGE
KB_fc379b131ab74a50a427,086f622f-b23c-508d-b448-8218aec33aea,age,15.0,0.95,smws,pending,NO_CHANGE
KB_5b45f4fd851940fb8249,086f622f-b23c-508d-b448-8218aec33aea,abv,52.2,0.95,smws,pending,NO_CHANGE
KB_ea80f04cbc2140b5b30d,9760d26e-28f1-57a7-baf2-b5b089d7e38f,cask_type,refill,0.95,smws,pending,NO_CHANGE
KB_3fd2c61d77fa4ea1b7d5,9760d26e-28f1-57a7-baf2-b5b089d7e38f,age,16.0,0.95,smws,pending,NO_CHANGE
KB_7369560c4b6144479bbe,9760d26e-28f1-57a7-baf2-b5b089d7e38f,abv,52.2,0.95,smws,pending,NO_CHANGE
KB_90d0f69058524def8987,9760d26e-28f1-57a7-baf2-b5b089d7e38f,region,Speyside,0.95,smws,pending,NO_CHANGE
KB_efaa73e607574a4f8d59,41ff30fe-8319-5774-bd9c-ec01fb9413ab,cask_type,butt;refill,0.95,smws,pending,NO_CHANGE
KB_97aa889a17b948feaac7,41ff30fe-8319-5774-bd9c-ec01fb9413ab,age,11.0,0.95,smws,pending,NO_CHANGE
KB_ee266327f784422fac19,41ff30fe-8319-5774-bd9c-ec01fb9413ab,abv,60.9,0.95,smws,pending,NO_CHANGE
KB_4145db51830a4051ba5c,41ff30fe-8319-5774-bd9c-ec01fb9413ab,region,Speyside,0.95,smws,pending,NO_CHANGE
KB_000bae9b7f084ceda213,0330f875-4590-5a45-8118-45f2af3b64c9,cask_type,hogshead;refill,0.95,smws,pending,NO_CHANGE
KB_7b09022bd4504eeebb59,0330f875-4590-5a45-8118-45f2af3b64c9,age,12.0,0.95,smws,pending,NO_CHANGE
KB_a5383abf40574cb48370,0330f875-4590-5a45-8118-45f2af3b64c9,abv,52.6,0.95,smws,pending,NO_CHANGE
KB_f6364f31e4b24fe686ff,0330f875-4590-5a45-8118-45f2af3b64c9,region,Speyside,0.95,smws,pending,NO_CHANGE
KB_23cacc06af284d008e08,98e75ccb-c392-5a4a-8ec4-5d6e1a2784b2,cask_type,butt;refill,0.95,smws,pending,NO_CHANGE
KB_6d408f4ba21b424e90d8,98e75ccb-c392-5a4a-8ec4-5d6e1a2784b2,age,12.0,0.95,smws,pending,NO_CHANGE
KB_09163d57e18d413dabb6,98e75ccb-c392-5a4a-8ec4-5d6e1a2784b2,abv,60.5,0.95,smws,pending,NO_CHANGE
KB_4d5d226a99754bb488d8,98e75ccb-c392-5a4a-8ec4-5d6e1a2784b2,region,Speyside,0.95,smws,pending,NO_CHANGE
KB_b753962c97644b96830f,abce6bf1-3c63-5b38-a750-df2b8cca014a,cask_type,hogshead;refill,0.95,smws,pending,NO_CHANGE
KB_4fe164914d334fb596b5,abce6bf1-3c63-5b38-a750-df2b8cca014a,age,14.0,0.95,smws,pending,NO_CHANGE
KB_cbfc63a7716e40bd90e5,abce6bf1-3c63-5b38-a750-df2b8cca014a,abv,59.1,0.95,smws,pending,NO_CHANGE
KB_b93fc5a4c83445f2a7c8,abce6bf1-3c63-5b38-a750-df2b8cca014a,region,Speyside,0.95,smws,pending,NO_CHANGE
KB_14664b8871cf4d199fee,cc6f4607-d430-5bd9-8bf3-3236889b6800,cask_type,hogshead;refill,0.95,smws,pending,NO_CHANGE
KB_d5ac6f8c3ade482a86a6,cc6f4607-d430-5bd9-8bf3-3236889b6800,age,14.0,0.95,smws,pending,NO_CHANGE
KB_88d3c4567550448094c1,cc6f4607-d430-5bd9-8bf3-3236889b6800,abv,58.6,0.95,smws,pending,NO_CHANGE
KB_d8aa3f5276d3412599b7,cc6f4607-d430-5bd9-8bf3-3236889b6800,region,Speyside,0.95,smws,pending,NO_CHANGE
KB_77cffa271fa4483a9546,bde62812-00f3-515a-897a-62a179eb64f1,cask_type,hogshead;refill,0.95,smws,pending,NO_CHANGE
KB_a04e7d1334a84138a4bf,bde62812-00f3-515a-897a-62a179eb64f1,age,22.0,0.95,smws,pending,NO_CHANGE
KB_29ea289d8f58424693b3,bde62812-00f3-515a-897a-62a179eb64f1,abv,54.2,0.95,smws,pending,NO_CHANGE
KB_1d0063427c844823b428,bde62812-00f3-515a-897a-62a179eb64f1,region,Speyside,0.95,smws,pending,NO_CHANGE
KB_acbc0893efd34446afe5,385b565a-6903-51c9-bf5c-1e19576e6618,cask_type,first-fill,0.95,smws,pending,NO_CHANGE
KB_b94220f8836340d5906a,385b565a-6903-51c9-bf5c-1e19576e6618,age,9.0,0.95,smws,pending,NO_CHANGE
KB_b853f102eb6a40d18db6,385b565a-6903-51c9-bf5c-1e19576e6618,abv,60.8,0.95,smws,pending,NO_CHANGE
KB_80548716b11a408b8b4c,385b565a-6903-51c9-bf5c-1e19576e6618,region,Speyside,0.95,smws,pending,NO_CHANGE
KB_c94b40e2a2ad4286a3d6,2585098f-b06e-5895-89b3-98a27389428b,cask_type,first-fill,0.95,smws,pending,NO_CHANGE
KB_5f3f4ca4317546a1b920,2585098f-b06e-5895-89b3-98a27389428b,age,10.0,0.95,smws,pending,NO_CHANGE
KB_3fae5a7f81624dfc9518,2585098f-b06e-5895-89b3-98a27389428b,abv,60.5,0.95,smws,pending,NO_CHANGE
KB_f19173ae2ee44806a7a1,2585098f-b06e-5895-89b3-98a27389428b,region,Speyside,0.95,smws,pending,NO_CHANGE
KB_d903b5e59b8d476f8f61,3762f537-f9cd-5c03-a7de-089b3027e9b4,cask_type,hogshead;refill,0.95,smws,pending,NO_CHANGE
KB_1458ef2d8508406a9e9d,3762f537-f9cd-5c03-a7de-089b3027e9b4,age,22.0,0.95,smws,pending,NO_CHANGE
KB_394333594dcc4e9f8849,3762f537-f9cd-5c03-a7de-089b3027e9b4,abv,49.3,0.95,smws,pending,NO_CHANGE
KB_883ee94fc42347beb7c8,3762f537-f9cd-5c03-a7de-089b3027e9b4,region,Speyside,0.95,smws,pending,NO_CHANGE
KB_15b5cacb851442959922,028e1935-5750-5873-aecc-57af34268a7a,cask_type,butt;refill,0.95,smws,pending,NO_CHANGE
KB_a44bcf157aa146168463,028e1935-5750-5873-aecc-57af34268a7a,age,23.0,0.95,smws,pending,NO_CHANGE
KB_c99275e3fba84f6b9262,028e1935-5750-5873-aecc-57af34268a7a,abv,50.5,0.95,smws,pending,NO_CHANGE
KB_0a43e7e9c5bd4b0382e7,028e1935-5750-5873-aecc-57af34268a7a,region,Speyside,0.95,smws,pending,NO_CHANGE
KB_fa16b52dc6904409b951,8cdf2bea-62dc-5dbf-a052-175b93919b7e,cask_type,first-fill barrel,0.95,smws,pending,NO_CHANGE
KB_7efb591573c2421db92a,8cdf2bea-62dc-5dbf-a052-175b93919b7e,age,12.0,0.95,smws,pending,NO_CHANGE
KB_df317b2585fe4123a016,8cdf2bea-62dc-5dbf-a052-175b93919b7e,abv,61.0,0.95,smws,pending,NO_CHANGE
KB_fc42309f462744a08f9d,8cdf2bea-62dc-5dbf-a052-175b93919b7e,region,Speyside,0.95,smws,pending,NO_CHANGE
KB_27fa32c0be6348d19cc4,4a5092b0-82c8-50a0-a478-dc77819b2261,cask_type,first-fill barrel,0.95,smws,pending,NO_CHANGE
KB_d1756dc1fab6498a99be,4a5092b0-82c8-50a0-a478-dc77819b2261,age,9.0,0.95,smws,pending,NO_CHANGE
KB_9c5085a296b54378b996,4a5092b0-82c8-50a0-a478-dc77819b2261,abv,63.3,0.95,smws,pending,NO_CHANGE
KB_eb9441d34e94489e84bd,4a5092b0-82c8-50a0-a478-dc77819b2261,region,Speyside,0.95,smws,pending,NO_CHANGE
KB_c8712c8c35a146d7a842,fcfad8c4-ad35-5ff7-b276-06d068b48bfc,cask_type,first-fill barrel,0.95,smws,pending,NO_CHANGE
KB_101d845285544672ab39,fcfad8c4-ad35-5ff7-b276-06d068b48bfc,age,9.0,0.95,smws,pending,NO_CHANGE
KB_7ae584dd6685488d9cac,fcfad8c4-ad35-5ff7-b276-06d068b48bfc,abv,58.6,0.95,smws,pending,NO_CHANGE
KB_cffd64a69f5b469a91a2,fcfad8c4-ad35-5ff7-b276-06d068b48bfc,region,Speyside,0.95,smws,pending,NO_CHANGE
KB_627ea6f8ed784f29ad46,0fba713a-af35-524d-94a7-a7516e0aa71b,cask_type,hogshead;refill,0.95,smws,pending,NO_CHANGE
KB_ac7a351b08494f1fa03c,0fba713a-af35-524d-94a7-a7516e0aa71b,age,25.0,0.95,smws,pending,NO_CHANGE
KB_0aecc933a4064082900d,0fba713a-af35-524d-94a7-a7516e0aa71b,abv,48.3,0.95,smws,pending,NO_CHANGE
KB_778871885f704eb691dc,0fba713a-af35-524d-94a7-a7516e0aa71b,region,Speyside,0.95,smws,pending,NO_CHANGE
KB_a42a144fbc6647d4a11f,9fb26511-7b59-5f7b-a6a3-57fb3509a5c2,cask_type,first-fill barrel,0.95,smws,pending,NO_CHANGE
KB_0ae4636476d14ad79d5b,9fb26511-7b59-5f7b-a6a3-57fb3509a5c2,age,10.0,0.95,smws,pending,NO_CHANGE
KB_0344ca809cb34096b6e1,9fb26511-7b59-5f7b-a6a3-57fb3509a5c2,abv,56.7,0.95,smws,pending,NO_CHANGE
KB_31f5a112747049d2a263,9fb26511-7b59-5f7b-a6a3-57fb3509a5c2,region,Speyside,0.95,smws,pending,NO_CHANGE
KB_78400c754c40456a90d9,1e41f13d-f274-594e-ab20-a9cf6666c04c,cask_type,first-fill barrel,0.95,smws,pending,NO_CHANGE
KB_33de5bfc52a94e96b0a4,1e41f13d-f274-594e-ab20-a9cf6666c04c,age,12.0,0.95,smws,pending,NO_CHANGE
KB_f6e46cb4577748e38dde,1e41f13d-f274-594e-ab20-a9cf6666c04c,abv,55.5,0.95,smws,pending,NO_CHANGE
KB_1b5ec7984672473cba19,1e41f13d-f274-594e-ab20-a9cf6666c04c,region,Speyside,0.95,smws,pending,NO_CHANGE
KB_4a0af892753b47ef9e7d,77eb1e93-718c-5ae5-a01b-70ae954fdf26,cask_type,first-fill barrel,0.95,smws,pending,NO_CHANGE
KB_d6b0ccbf0ff240208552,77eb1e93-718c-5ae5-a01b-70ae954fdf26,age,12.0,0.95,smws,pending,NO_CHANGE
KB_0128519eb41f42ca88b3,77eb1e93-718c-5ae5-a01b-70ae954fdf26,abv,57.4,0.95,smws,pending,NO_CHANGE
KB_4963c54bbbd44f74b921,77eb1e93-718c-5ae5-a01b-70ae954fdf26,region,Speyside,0.95,smws,pending,NO_CHANGE
KB_c22c840cff3b442cab3c,4302fa92-9ccc-562b-91e1-e9f1c0c9ab5e,cask_type,first-fill barrel usa allocation,0.95,smws,pending,NO_CHANGE
KB_d6462ab0e0244bc49d73,4302fa92-9ccc-562b-91e1-e9f1c0c9ab5e,age,13.0,0.95,smws,pending,NO_CHANGE
KB_a15224f8a8654bc2acfe,4302fa92-9ccc-562b-91e1-e9f1c0c9ab5e,abv,56.9,0.95,smws,pending,NO_CHANGE
KB_0fc0dfd8c4fc4be0a858,4302fa92-9ccc-562b-91e1-e9f1c0c9ab5e,region,Speyside,0.95,smws,pending,NO_CHANGE
KB_92a862f52d3f48cbbea7,806765a7-c962-5e8b-a05a-442a8ac49e72,cask_type,first-fill barrel,0.95,smws,pending,NO_CHANGE
KB_e49336fc9b55482ebd5a,806765a7-c962-5e8b-a05a-442a8ac49e72,age,12.0,0.95,smws,pending,NO_CHANGE
KB_d5544645fb3941e4a37a,806765a7-c962-5e8b-a05a-442a8ac49e72,region,Speyside,0.95,smws,pending,NO_CHANGE
KB_204a7ab1ee9940c4bd5a,db0e5646-1718-57e5-adc8-103b3cea1870,age,26.0,0.95,smws,pending,NO_CHANGE
KB_18acfce535f4449598f1,db0e5646-1718-57e5-adc8-103b3cea1870,abv,59.1,0.95,smws,pending,NO_CHANGE
KB_c1b4dbee80f7438faa3a,b37d3fd8-5f0f-50c9-9636-2be8259c829d,age,17.0,0.95,smws,pending,NO_CHANGE
KB_d62a95d6f79a42efb93a,b37d3fd8-5f0f-50c9-9636-2be8259c829d,abv,56.2,0.95,smws,pending,NO_CHANGE
KB_3390739a769048538b32,2d15eb2d-320f-57ab-ba20-dda7d78f7730,cask_type,refill,0.95,smws,pending,NO_CHANGE
KB_a718045be62a4693b976,2d15eb2d-320f-57ab-ba20-dda7d78f7730,age,19.0,0.95,smws,pending,NO_CHANGE
KB_a362ef31910144ee976d,2d15eb2d-320f-57ab-ba20-dda7d78f7730,abv,58.5,0.95,smws,pending,NO_CHANGE
KB_3819020a1b0941dba050,96a19d62-b912-5171-9419-1da846c9bd29,cask_type,hogshead;refill,0.95,smws,pending,NO_CHANGE
KB_b6bcfb13a149426ab3d6,96a19d62-b912-5171-9419-1da846c9bd29,age,18.0,0.95,smws,pending,NO_CHANGE
KB_9405af3da786416b9d56,96a19d62-b912-5171-9419-1da846c9bd29,abv,56.9,0.95,smws,pending,NO_CHANGE
KB_21f4325b71fa45738518,85a69fd7-65cf-5639-9e85-c33d8d586cd5,cask_type,refill,0.95,smws,pending,NO_CHANGE
KB_aa14547fdccc40448cb0,85a69fd7-65cf-5639-9e85-c33d8d586cd5,age,20.0,0.95,smws,pending,NO_CHANGE
KB_5c30ed06e5f04609af3f,85a69fd7-65cf-5639-9e85-c33d8d586cd5,abv,49.2,0.95,smws,pending,NO_CHANGE
KB_7cc553ae72004ae19ae9,7b834e94-e90f-51b3-a140-0ac49ac6b29e,cask_type,hogshead;refill,0.95,smws,pending,NO_CHANGE
KB_09df864779f14c1b8695,7b834e94-e90f-51b3-a140-0ac49ac6b29e,age,21.0,0.95,smws,pending,NO_CHANGE
KB_c3e971701f7c4a7db2e4,7b834e94-e90f-51b3-a140-0ac49ac6b29e,abv,54.6,0.95,smws,pending,NO_CHANGE
KB_284cd9053f58457da15c,5747bc85-3f45-5b79-9935-9e6f7000de43,cask_type,refill,0.95,smws,pending,NO_CHANGE
KB_8f36c231fb84460ba2d5,5747bc85-3f45-5b79-9935-9e6f7000de43,age,21.0,0.95,smws,pending,NO_CHANGE
KB_be074589ea244d9aa568,5747bc85-3f45-5b79-9935-9e6f7000de43,abv,55.8,0.95,smws,pending,NO_CHANGE
KB_590b95eb676d42cfa22c,5747bc85-3f45-5b79-9935-9e6f7000de43,region,Lowland,0.95,smws,pending,NO_CHANGE
KB_c878129ce62d41f9ac0c,b9b1b2a7-2510-5e08-a167-47d71fe5a30f,cask_type,refill,0.95,smws,pending,NO_CHANGE
KB_98bc253733724ab3aac9,b9b1b2a7-2510-5e08-a167-47d71fe5a30f,age,22.0,0.95,smws,pending,NO_CHANGE
KB_02bca8adcbca47c787cc,b9b1b2a7-2510-5e08-a167-47d71fe5a30f,abv,55.8,0.95,smws,pending,NO_CHANGE
KB_cc79a69a3d394cae81d2,b9b1b2a7-2510-5e08-a167-47d71fe5a30f,region,Lowland,0.95,smws,pending,NO_CHANGE
KB_c7e3ab87eb3e42dd87f0,9d6a8a28-1dfa-54f3-a920-47bdd79a7d92,cask_type,refill,0.95,smws,pending,NO_CHANGE
KB_86b09efe3e724f5a9e7b,9d6a8a28-1dfa-54f3-a920-47bdd79a7d92,age,23.0,0.95,smws,pending,NO_CHANGE
KB_bbcb02201bc04d298201,9d6a8a28-1dfa-54f3-a920-47bdd79a7d92,abv,60.3,0.95,smws,pending,NO_CHANGE
KB_3ca4575cb56a4f17a085,9d6a8a28-1dfa-54f3-a920-47bdd79a7d92,region,Lowland,0.95,smws,pending,NO_CHANGE
KB_fc3a91c4594145eebf4b,cc5132bb-137d-57d7-a5ea-b0502b379678,cask_type,refill,0.95,smws,pending,NO_CHANGE
KB_e44573715d324d1dbc7c,cc5132bb-137d-57d7-a5ea-b0502b379678,age,25.0,0.95,smws,pending,NO_CHANGE
KB_2316e3c42fbd49be8aee,cc5132bb-137d-57d7-a5ea-b0502b379678,abv,54.5,0.95,smws,pending,NO_CHANGE
KB_3d5d567f6b914fe5838b,cc5132bb-137d-57d7-a5ea-b0502b379678,region,Lowland,0.95,smws,pending,NO_CHANGE
KB_ac604a7fefd247f183f8,6fc337aa-39e2-54cc-a083-2b8464220478,cask_type,refill,0.95,smws,pending,NO_CHANGE
KB_02618ad898e1424aa775,6fc337aa-39e2-54cc-a083-2b8464220478,age,24.0,0.95,smws,pending,NO_CHANGE
KB_5070e9f35b4748d6acf7,6fc337aa-39e2-54cc-a083-2b8464220478,abv,59.5,0.95,smws,pending,NO_CHANGE
KB_eeebd30be8e047a6a4c3,6fc337aa-39e2-54cc-a083-2b8464220478,region,Lowland,0.95,smws,pending,NO_CHANGE
KB_762f7983554046719aea,843738ae-7af0-5796-bed4-c230cc9a7488,cask_type,refill,0.95,smws,pending,NO_CHANGE
KB_d6cd889fad534854944a,843738ae-7af0-5796-bed4-c230cc9a7488,age,25.0,0.95,smws,pending,NO_CHANGE
KB_aa401eec01d14839b7b9,843738ae-7af0-5796-bed4-c230cc9a7488,abv,56.2,0.95,smws,pending,NO_CHANGE
KB_d2dadce9de194b77a436,843738ae-7af0-5796-bed4-c230cc9a7488,region,Lowland,0.95,smws,pending,NO_CHANGE
KB_6b656d23197944de9edd,1a8d9905-b697-58f1-a50c-51c0d6a294bc,cask_type,refill,0.95,smws,pending,NO_CHANGE
KB_2397772be05a4e0ba3c2,1a8d9905-b697-58f1-a50c-51c0d6a294bc,age,25.0,0.95,smws,pending,NO_CHANGE
KB_f999960398094e0391bf,1a8d9905-b697-58f1-a50c-51c0d6a294bc,abv,54.2,0.95,smws,pending,NO_CHANGE
KB_853890f51bac4acfba55,1a8d9905-b697-58f1-a50c-51c0d6a294bc,region,Lowland,0.95,smws,pending,NO_CHANGE
KB_24f37bcb7327498d9991,b9778eda-edf4-5da4-b948-87579eeac70a,age,24.0,0.95,smws,pending,NO_CHANGE
KB_1645a8f5cfcb410ebaca,b9778eda-edf4-5da4-b948-87579eeac70a,abv,59.7,0.95,smws,pending,NO_CHANGE
KB_64f83e543edd461b8b50,b9778eda-edf4-5da4-b948-87579eeac70a,region,Lowland,0.95,smws,pending,NO_CHANGE
KB_f586921363a64cafa0c9,5ac41468-15ed-5bce-b57d-aa2efe76dd3d,cask_type,refill,0.95,smws,pending,NO_CHANGE
KB_a8969b03042e424c938b,5ac41468-15ed-5bce-b57d-aa2efe76dd3d,age,13.0,0.95,smws,pending,NO_CHANGE
KB_2beaacb5d86448bf8448,5ac41468-15ed-5bce-b57d-aa2efe76dd3d,abv,64.7,0.95,smws,pending,NO_CHANGE
KB_e4eb1efe680b4eacb9b6,5ac41468-15ed-5bce-b57d-aa2efe76dd3d,region,Highland,0.95,smws,pending,NO_CHANGE
KB_24b07e40f6c4494383a1,c8ff908b-57c0-53c0-b4eb-e4b937c96110,age,8.0,0.95,smws,pending,NO_CHANGE
KB_9a699896568d48a38887,c8ff908b-57c0-53c0-b4eb-e4b937c96110,abv,59.5,0.95,smws,pending,NO_CHANGE
KB_71178d359b284a559392,e00d6a82-80c7-54ef-a39f-2385bd7c897d,age,10.0,0.95,smws,pending,NO_CHANGE
KB_bfd9d7c1e3d6475fb13f,e00d6a82-80c7-54ef-a39f-2385bd7c897d,abv,59.9,0.95,smws,pending,NO_CHANGE
KB_f02e235788ba4e1aac2d,777cbd6e-d905-579d-8cd1-64058dccc1f2,age,15.0,0.95,smws,pending,NO_CHANGE
KB_cc0e38a7bacb40878398,777cbd6e-d905-579d-8cd1-64058dccc1f2,abv,54.5,0.95,smws,pending,NO_CHANGE
KB_6c5119011be34713b051,9389b180-caad-501a-a44b-06d1f2630566,age,15.0,0.95,smws,pending,NO_CHANGE
KB_d2ed31632b84408798aa,9389b180-caad-501a-a44b-06d1f2630566,abv,55.2,0.95,smws,pending,NO_CHANGE
KB_b82b36d51ee04d05b64a,39b08c20-64b4-5898-b4f0-728abaf561c2,cask_type,hogshead;refill,0.95,smws,pending,NO_CHANGE
KB_09928c8f1f954545945f,39b08c20-64b4-5898-b4f0-728abaf561c2,age,19.0,0.95,smws,pending,NO_CHANGE
KB_3ba36586662a4a57b07e,39b08c20-64b4-5898-b4f0-728abaf561c2,abv,55.2,0.95,smws,pending,NO_CHANGE
KB_a56a718bd0ff4eda8a05,39b08c20-64b4-5898-b4f0-728abaf561c2,region,Islay,0.95,smws,pending,NO_CHANGE
KB_b3f3bcd4d3ae46e6ad44,e3910df1-672f-5b6a-be82-2d202c566e4b,cask_type,hogshead;refill,0.95,smws,pending,NO_CHANGE
KB_92c76307fac641718ac5,e3910df1-672f-5b6a-be82-2d202c566e4b,age,17.0,0.95,smws,pending,NO_CHANGE
KB_e1696dcc6a9645cc9fe8,e3910df1-672f-5b6a-be82-2d202c566e4b,abv,55.2,0.95,smws,pending,NO_CHANGE
KB_73ae164269634fb293d7,e3910df1-672f-5b6a-be82-2d202c566e4b,region,Islay,0.95,smws,pending,NO_CHANGE
KB_12341011ff564f4eb26f,07b1c861-282c-5720-9def-4ac51caf9781,cask_type,hogshead;refill,0.95,smws,pending,NO_CHANGE
KB_8f01151be81843fe8339,07b1c861-282c-5720-9def-4ac51caf9781,age,27.0,0.95,smws,pending,NO_CHANGE
KB_3313d452505f4e8389e1,07b1c861-282c-5720-9def-4ac51caf9781,abv,55.2,0.95,smws,pending,NO_CHANGE
KB_43f30e6b945b4e199756,07b1c861-282c-5720-9def-4ac51caf9781,region,Islay,0.95,smws,pending,NO_CHANGE
KB_ce5b4791fedd4b7c986f,25b3ee7d-bbc4-5ea8-af11-b89e112783be,cask_type,hogshead;refill,0.95,smws,pending,NO_CHANGE
KB_34bfdda419164b97b4b9,25b3ee7d-bbc4-5ea8-af11-b89e112783be,age,20.0,0.95,smws,pending,NO_CHANGE
KB_e608817a501b4577b9f7,25b3ee7d-bbc4-5ea8-af11-b89e112783be,abv,56.4,0.95,smws,pending,NO_CHANGE
KB_c217aea89d1f4cf19ba5,25b3ee7d-bbc4-5ea8-af11-b89e112783be,region,Islay,0.95,smws,pending,NO_CHANGE
KB_fc8309668e2643238dbd,9bed8feb-1862-5235-a45e-3405b11c3824,cask_type,hogshead;refill,0.95,smws,pending,NO_CHANGE
KB_3bb4782019884580b106,9bed8feb-1862-5235-a45e-3405b11c3824,age,10.0,0.95,smws,pending,NO_CHANGE
KB_10d5bb988d1c49bca73e,9bed8feb-1862-5235-a45e-3405b11c3824,abv,66.6,0.95,smws,pending,NO_CHANGE
KB_c9be597097614446a907,9bed8feb-1862-5235-a45e-3405b11c3824,region,Islay,0.95,smws,pending,NO_CHANGE
KB_fa6a3a6446a440ffbb59,284d4f4f-2ba6-5bca-ac91-9cee292eace6,cask_type,hogshead;refill,0.95,smws,pending,NO_CHANGE
KB_90d87b220c42461baf21,284d4f4f-2ba6-5bca-ac91-9cee292eace6,age,10.0,0.95,smws,pending,NO_CHANGE
KB_79b34d67cf8c486aab1b,284d4f4f-2ba6-5bca-ac91-9cee292eace6,abv,58.0,0.95,smws,pending,NO_CHANGE
KB_955bd62cef1246639282,284d4f4f-2ba6-5bca-ac91-9cee292eace6,region,Islay,0.95,smws,pending,NO_CHANGE
KB_daf92fe107e54c0ea8cb,d216d8d4-6225-5c27-8a34-54239630f1ed,cask_type,hogshead;refill,0.95,smws,pending,NO_CHANGE
KB_9c3048a0b1f049ffbfc7,d216d8d4-6225-5c27-8a34-54239630f1ed,age,14.0,0.95,smws,pending,NO_CHANGE
KB_816f6d25b2ab4cccbb19,d216d8d4-6225-5c27-8a34-54239630f1ed,abv,56.5,0.95,smws,pending,NO_CHANGE
KB_50ff46914c5347b3ae00,d216d8d4-6225-5c27-8a34-54239630f1ed,region,Islay,0.95,smws,pending,NO_CHANGE
KB_1312a23f6f484b228615,a693f1e5-db09-55fe-9849-9ff051d59b01,cask_type,butt;sherry butt,0.95,smws,pending,NO_CHANGE
KB_657bbb99f1a44c1ba1bd,a693f1e5-db09-55fe-9849-9ff051d59b01,age,17.0,0.95,smws,pending,NO_CHANGE
KB_0665539862dd44dc9428,a693f1e5-db09-55fe-9849-9ff051d59b01,abv,59.8,0.95,smws,pending,NO_CHANGE
KB_b71fd453af6b4fb088c4,a693f1e5-db09-55fe-9849-9ff051d59b01,region,Islay,0.95,smws,pending,NO_CHANGE
KB_4d8bc20ee27f43f3bdf8,c0653142-474c-5df6-a254-c6ebd03056ca,cask_type,hogshead;refill,0.95,smws,pending,NO_CHANGE
KB_a873a459adf249fd9a97,c0653142-474c-5df6-a254-c6ebd03056ca,age,10.0,0.95,smws,pending,NO_CHANGE
KB_b158052b6fa84031b93a,c0653142-474c-5df6-a254-c6ebd03056ca,abv,58.0,0.95,smws,pending,NO_CHANGE
KB_1054e0410e8e428ea243,c0653142-474c-5df6-a254-c6ebd03056ca,region,Islay,0.95,smws,pending,NO_CHANGE
KB_a20a257f65dd4f00b40a,d6909c8a-a5a3-5dd7-9dfe-cb615c8ecc02,cask_type,hogshead;refill,0.95,smws,pending,NO_CHANGE
KB_6d89c5bca43d45209b60,d6909c8a-a5a3-5dd7-9dfe-cb615c8ecc02,age,15.0,0.95,smws,pending,NO_CHANGE
KB_d8bb941611624f48a845,d6909c8a-a5a3-5dd7-9dfe-cb615c8ecc02,abv,58.6,0.95,smws,pending,NO_CHANGE
KB_5c5b51e0f84f48de8e68,d6909c8a-a5a3-5dd7-9dfe-cb615c8ecc02,region,Islay,0.95,smws,pending,NO_CHANGE
KB_c4c24910a2cd411dbb62,61f6ade1-0e01-54c3-b45f-c2bfab3aede1,cask_type,hogshead;refill,0.95,smws,pending,NO_CHANGE
KB_6edebd5ab59f4f868204,61f6ade1-0e01-54c3-b45f-c2bfab3aede1,age,15.0,0.95,smws,pending,NO_CHANGE
KB_125143e1f95340449396,61f6ade1-0e01-54c3-b45f-c2bfab3aede1,abv,58.1,0.95,smws,pending,NO_CHANGE
KB_1faec9cc408b4d45b0af,61f6ade1-0e01-54c3-b45f-c2bfab3aede1,region,Islay,0.95,smws,pending,NO_CHANGE
KB_f548e5fc83fd4497a2dd,a73ce705-9e34-5e6e-bb65-6c445696606d,cask_type,hogshead;refill,0.95,smws,pending,NO_CHANGE
KB_8c5940c8b5f44787ac33,a73ce705-9e34-5e6e-bb65-6c445696606d,age,16.0,0.95,smws,pending,NO_CHANGE
KB_35a852468bff4ad986e9,a73ce705-9e34-5e6e-bb65-6c445696606d,abv,56.5,0.95,smws,pending,NO_CHANGE
KB_3c586b6b90cb49c7a08c,a73ce705-9e34-5e6e-bb65-6c445696606d,region,Islay,0.95,smws,pending,NO_CHANGE
KB_d994a29ab7564722af69,3a013e9d-b96d-5aef-8afb-a8e7a7f7fe8d,cask_type,hogshead;refill,0.95,smws,pending,NO_CHANGE
KB_35d67b0fe0b442a2be00,3a013e9d-b96d-5aef-8afb-a8e7a7f7fe8d,age,15.0,0.95,smws,pending,NO_CHANGE
KB_09fbc99c57c14d90bc49,3a013e9d-b96d-5aef-8afb-a8e7a7f7fe8d,abv,57.5,0.95,smws,pending,NO_CHANGE
KB_116f1a0472f94d699370,3a013e9d-b96d-5aef-8afb-a8e7a7f7fe8d,region,Islay,0.95,smws,pending,NO_CHANGE
KB_85a86a1748824b28bb8d,a052f8b6-7ab6-5e1a-9875-d6c848b4b9bd,cask_type,hogshead;refill,0.95,smws,pending,NO_CHANGE
KB_05305b00569a47608f9e,a052f8b6-7ab6-5e1a-9875-d6c848b4b9bd,age,16.0,0.95,smws,pending,NO_CHANGE
KB_dfe1916f4ff94ece9379,a052f8b6-7ab6-5e1a-9875-d6c848b4b9bd,abv,56.4,0.95,smws,pending,NO_CHANGE
KB_27923653a2bc4ec39286,a052f8b6-7ab6-5e1a-9875-d6c848b4b9bd,region,Islay,0.95,smws,pending,NO_CHANGE
KB_c8567c01606c4ee8a415,df8f5a84-ea57-57e6-9f0d-67e08fb9cf89,cask_type,hogshead;refill,0.95,smws,pending,NO_CHANGE
KB_be35046224584779a3a4,df8f5a84-ea57-57e6-9f0d-67e08fb9cf89,age,15.0,0.95,smws,pending,NO_CHANGE
KB_8b340f0aaff9437ab3a0,df8f5a84-ea57-57e6-9f0d-67e08fb9cf89,abv,58.2,0.95,smws,pending,NO_CHANGE
KB_6d97d6957af1482f818c,df8f5a84-ea57-57e6-9f0d-67e08fb9cf89,region,Islay,0.95,smws,pending,NO_CHANGE
KB_c19af63359814b5c8aac,beacf7b7-2d48-5156-a876-122908987681,cask_type,hogshead;refill,0.95,smws,pending,NO_CHANGE
KB_88a99b03ac7449ddb4dd,beacf7b7-2d48-5156-a876-122908987681,age,21.0,0.95,smws,pending,NO_CHANGE
KB_e41d9cf6b3d7436ba205,beacf7b7-2d48-5156-a876-122908987681,abv,52.2,0.95,smws,pending,NO_CHANGE
KB_3cbe3a927e834deb83e5,beacf7b7-2d48-5156-a876-122908987681,region,Islay,0.95,smws,pending,NO_CHANGE
KB_383c41a8139c4578b476,85550d8f-a0f3-5f20-b198-29f42eedcdf1,cask_type,butt;sherry butt,0.95,smws,pending,NO_CHANGE
KB_e7992fe3c49145e8aba0,85550d8f-a0f3-5f20-b198-29f42eedcdf1,age,16.0,0.95,smws,pending,NO_CHANGE
KB_99c7c12d013641efaaec,85550d8f-a0f3-5f20-b198-29f42eedcdf1,abv,59.8,0.95,smws,pending,NO_CHANGE
KB_9aa29122f1c24493af74,85550d8f-a0f3-5f20-b198-29f42eedcdf1,region,Islay,0.95,smws,pending,NO_CHANGE
KB_872cc087b8844e52b214,6dc813b5-7b1f-5df5-a7a9-ec907127c9af,cask_type,hogshead;refill,0.95,smws,pending,NO_CHANGE
KB_a974633ed9d1406180db,6dc813b5-7b1f-5df5-a7a9-ec907127c9af,age,15.0,0.95,smws,pending,NO_CHANGE
KB_159d84c60b61495a9a1c,6dc813b5-7b1f-5df5-a7a9-ec907127c9af,abv,57.2,0.95,smws,pending,NO_CHANGE
KB_d76eeeb9ddae46138103,6dc813b5-7b1f-5df5-a7a9-ec907127c9af,region,Islay,0.95,smws,pending,NO_CHANGE
KB_9264ae2454c34ab79e7d,f35f96fd-559d-5df5-865c-ba94960e6a05,cask_type,butt;sherry butt,0.95,smws,pending,NO_CHANGE
KB_58193722221b489cb02d,f35f96fd-559d-5df5-865c-ba94960e6a05,age,19.0,0.95,smws,pending,NO_CHANGE
KB_849a795e396341edaa41,f35f96fd-559d-5df5-865c-ba94960e6a05,abv,60.4,0.95,smws,pending,NO_CHANGE
KB_b19335b4c12f4eabbfab,f35f96fd-559d-5df5-865c-ba94960e6a05,region,Islay,0.95,smws,pending,NO_CHANGE
KB_2875837dbeb24a1eb35d,eb0cf410-3db6-582a-8224-d11a64e5057c,cask_type,hogshead;refill,0.95,smws,pending,NO_CHANGE
KB_8ceedd8772d24996ae25,eb0cf410-3db6-582a-8224-d11a64e5057c,age,23.0,0.95,smws,pending,NO_CHANGE
KB_878c7986001341fbb719,eb0cf410-3db6-582a-8224-d11a64e5057c,abv,54.2,0.95,smws,pending,NO_CHANGE
KB_ff4c721da4ff489b954b,eb0cf410-3db6-582a-8224-d11a64e5057c,region,Islay,0.95,smws,pending,NO_CHANGE
KB_b295230043a0457bbfeb,fd4d2419-0409-56f9-b32d-0a6ccca825d2,cask_type,hogshead;refill,0.95,smws,pending,NO_CHANGE
KB_c0f8f0789dbe46f9bf95,fd4d2419-0409-56f9-b32d-0a6ccca825d2,age,22.0,0.95,smws,pending,NO_CHANGE
KB_425f71a1780a4cc68cb9,fd4d2419-0409-56f9-b32d-0a6ccca825d2,abv,51.2,0.95,smws,pending,NO_CHANGE
KB_72e512ae77ce4154b611,fd4d2419-0409-56f9-b32d-0a6ccca825d2,region,Islay,0.95,smws,pending,NO_CHANGE
KB_77b94589167e47219529,196991f7-f1d5-5af2-ad7a-029c977645f2,cask_type,hogshead;refill,0.95,smws,pending,NO_CHANGE
KB_336f2129c15d47f2be6a,196991f7-f1d5-5af2-ad7a-029c977645f2,age,21.0,0.95,smws,pending,NO_CHANGE
KB_00933ced8af84a85b985,196991f7-f1d5-5af2-ad7a-029c977645f2,abv,53.3,0.95,smws,pending,NO_CHANGE
KB_4c924a45da004ee495c2,196991f7-f1d5-5af2-ad7a-029c977645f2,region,Islay,0.95,smws,pending,NO_CHANGE
KB_fc33e88d2be44e2697dd,d3bf7371-cc2f-5aec-a548-49c4eb3c8e1f,cask_type,hogshead;refill,0.95,smws,pending,NO_CHANGE
KB_37cf164498f34007b9a5,d3bf7371-cc2f-5aec-a548-49c4eb3c8e1f,age,17.0,0.95,smws,pending,NO_CHANGE
KB_46793c2468e945ef9b7a,d3bf7371-cc2f-5aec-a548-49c4eb3c8e1f,abv,56.8,0.95,smws,pending,NO_CHANGE
KB_6111cf4463024fdca5b4,d3bf7371-cc2f-5aec-a548-49c4eb3c8e1f,region,Islay,0.95,smws,pending,NO_CHANGE
KB_638680a878dc401ab963,5970e91d-71df-52b6-a0e0-e0aa2faa13b2,cask_type,hogshead;refill,0.95,smws,pending,NO_CHANGE
KB_69b1c60ba0f84b38ba8b,5970e91d-71df-52b6-a0e0-e0aa2faa13b2,age,16.0,0.95,smws,pending,NO_CHANGE
KB_4ba2503502fc4396b219,5970e91d-71df-52b6-a0e0-e0aa2faa13b2,abv,56.3,0.95,smws,pending,NO_CHANGE
KB_94ff33018b1d49f9b22e,5970e91d-71df-52b6-a0e0-e0aa2faa13b2,region,Islay,0.95,smws,pending,NO_CHANGE
KB_9fecd057ebae4858b6d3,4c32153c-e562-5860-900c-fd8e605492b5,cask_type,hogshead;refill,0.95,smws,pending,NO_CHANGE
KB_6437808a1c5548379045,4c32153c-e562-5860-900c-fd8e605492b5,age,23.0,0.95,smws,pending,NO_CHANGE
KB_2f1b1882ca5840a9b375,4c32153c-e562-5860-900c-fd8e605492b5,abv,55.9,0.95,smws,pending,NO_CHANGE
KB_b4de205adff2461b9982,4c32153c-e562-5860-900c-fd8e605492b5,region,Islay,0.95,smws,pending,NO_CHANGE
KB_651c5bd328d645e3918f,be730245-3090-5356-8fba-73a7a294e7c6,cask_type,butt;refill,0.95,smws,pending,NO_CHANGE
KB_cc3a8b71fc734c9c8dfd,be730245-3090-5356-8fba-73a7a294e7c6,age,17.0,0.95,smws,pending,NO_CHANGE
KB_7e5eb2dad7ae46e88510,be730245-3090-5356-8fba-73a7a294e7c6,abv,60.1,0.95,smws,pending,NO_CHANGE
KB_5719704846f6486e970d,be730245-3090-5356-8fba-73a7a294e7c6,region,Islay,0.95,smws,pending,NO_CHANGE
KB_d0f6b1d49e7b41f1b13f,e90b6a4d-636c-5545-901b-dc464a1331d3,cask_type,hogshead;refill,0.95,smws,pending,NO_CHANGE
KB_0df169bea03a42d6a5c3,e90b6a4d-636c-5545-901b-dc464a1331d3,age,18.0,0.95,smws,pending,NO_CHANGE
KB_61b2895101eb417d8faf,e90b6a4d-636c-5545-901b-dc464a1331d3,abv,57.4,0.95,smws,pending,NO_CHANGE
KB_6e41f035027e4835a969,e90b6a4d-636c-5545-901b-dc464a1331d3,region,Islay,0.95,smws,pending,NO_CHANGE
KB_21e1318ea4414012b61d,58b4ad62-5373-5233-bfb1-3ca4c7da74b9,cask_type,butt;refill,0.95,smws,pending,NO_CHANGE
KB_949f2c5b35ba432bb3f9,58b4ad62-5373-5233-bfb1-3ca4c7da74b9,age,18.0,0.95,smws,pending,NO_CHANGE
KB_1fd8f90f13204a80b667,58b4ad62-5373-5233-bfb1-3ca4c7da74b9,abv,59.8,0.95,smws,pending,NO_CHANGE
KB_cfeed53ac0024a35aa21,58b4ad62-5373-5233-bfb1-3ca4c7da74b9,region,Islay,0.95,smws,pending,NO_CHANGE
KB_5ceeaa54be7d4697af11,45996da7-518a-59ba-b614-6e14c20dd62c,cask_type,hogshead;refill,0.95,smws,pending,NO_CHANGE
KB_a46392d315a742bda6fe,45996da7-518a-59ba-b614-6e14c20dd62c,age,22.0,0.95,smws,pending,NO_CHANGE
KB_9bddb6b8e7134cb6905f,45996da7-518a-59ba-b614-6e14c20dd62c,abv,52.9,0.95,smws,pending,NO_CHANGE
KB_a502b3f79f63400e8c3f,45996da7-518a-59ba-b614-6e14c20dd62c,region,Islay,0.95,smws,pending,NO_CHANGE
KB_59b6386381bc44898f3c,0fcfaf79-a9e3-50aa-a665-71c43bc9eb8e,cask_type,hogshead;refill,0.95,smws,pending,NO_CHANGE
KB_859d59f80f3147d1bfdf,0fcfaf79-a9e3-50aa-a665-71c43bc9eb8e,age,18.0,0.95,smws,pending,NO_CHANGE
KB_f765c509dc144821bea6,0fcfaf79-a9e3-50aa-a665-71c43bc9eb8e,abv,56.6,0.95,smws,pending,NO_CHANGE
KB_b39cb9547f8047629178,0fcfaf79-a9e3-50aa-a665-71c43bc9eb8e,region,Islay,0.95,smws,pending,NO_CHANGE
KB_6e0be97d017a4e5fb793,cd9808c2-defb-5733-a491-143eb8d2ee07,cask_type,butt;refill,0.95,smws,pending,NO_CHANGE
KB_78e54189fd7643dcbdb3,cd9808c2-defb-5733-a491-143eb8d2ee07,age,20.0,0.95,smws,pending,NO_CHANGE
KB_c3c13b33b47947768a2d,cd9808c2-defb-5733-a491-143eb8d2ee07,abv,58.7,0.95,smws,pending,NO_CHANGE
KB_b5281a5bf9f44e0f855e,cd9808c2-defb-5733-a491-143eb8d2ee07,region,Islay,0.95,smws,pending,NO_CHANGE
KB_246ef2027a444838bd40,44d8e157-3dcb-5a5c-b550-e6302534970a,cask_type,hogshead;refill,0.95,smws,pending,NO_CHANGE
KB_886f40aee498411b8c55,44d8e157-3dcb-5a5c-b550-e6302534970a,age,24.0,0.95,smws,pending,NO_CHANGE
KB_0339945bbfbc470b893c,44d8e157-3dcb-5a5c-b550-e6302534970a,abv,53.3,0.95,smws,pending,NO_CHANGE
KB_f5b80d688fbf4cba9882,44d8e157-3dcb-5a5c-b550-e6302534970a,region,Islay,0.95,smws,pending,NO_CHANGE
KB_41dafc3326f6441ba172,71a423f5-47e4-5e4c-b0c2-8486bfae713e,cask_type,hogshead;refill,0.95,smws,pending,NO_CHANGE
KB_1b8875ef90fa413c933b,71a423f5-47e4-5e4c-b0c2-8486bfae713e,age,22.0,0.95,smws,pending,NO_CHANGE
KB_ab6ae001b97a44e89cab,71a423f5-47e4-5e4c-b0c2-8486bfae713e,abv,54.8,0.95,smws,pending,NO_CHANGE
KB_84bbe3edb055495b831c,188ace10-8a4f-519b-a7ef-a5183e90035d,cask_type,butt;refill,0.95,smws,pending,NO_CHANGE
KB_4241b1e7bf0c4b2297ac,188ace10-8a4f-519b-a7ef-a5183e90035d,age,21.0,0.95,smws,pending,NO_CHANGE
KB_954f7185c6ef4d00999a,188ace10-8a4f-519b-a7ef-a5183e90035d,abv,60.6,0.95,smws,pending,NO_CHANGE
KB_2b63f91a303f4749be20,188ace10-8a4f-519b-a7ef-a5183e90035d,region,Islay,0.95,smws,pending,NO_CHANGE
KB_5344739a4eaf44cea8c2,936ce7ea-f917-5201-b4dc-74ca98bc589a,cask_type,hogshead;refill,0.95,smws,pending,NO_CHANGE
KB_dd94a7ce8c3d455e958c,936ce7ea-f917-5201-b4dc-74ca98bc589a,age,14.0,0.95,smws,pending,NO_CHANGE
KB_4ee8b5dbac134394a968,936ce7ea-f917-5201-b4dc-74ca98bc589a,abv,64.4,0.95,smws,pending,NO_CHANGE
KB_3c0d44206f37443bbb2d,e1077472-1933-5fdd-9a28-9e782d9ab326,cask_type,hogshead;refill,0.95,smws,pending,NO_CHANGE
KB_f55e09f34e9b41618497,e1077472-1933-5fdd-9a28-9e782d9ab326,age,13.0,0.95,smws,pending,NO_CHANGE
KB_02709af907aa4adcbb32,e1077472-1933-5fdd-9a28-9e782d9ab326,abv,58.4,0.95,smws,pending,NO_CHANGE
KB_8ca1e93505ca4e408d9f,8f5461e8-ab06-5e8c-824d-d1cddb31b470,cask_type,hogshead;refill,0.95,smws,pending,NO_CHANGE
KB_992a9ce4a46a43ca8d78,8f5461e8-ab06-5e8c-824d-d1cddb31b470,age,15.0,0.95,smws,pending,NO_CHANGE
KB_83bdf17946524ea899cf,8f5461e8-ab06-5e8c-824d-d1cddb31b470,abv,63.5,0.95,smws,pending,NO_CHANGE
KB_cf09ecdd0ad04cc4a9be,0d9b8cd5-74a2-5cd7-93b0-434f1a99a6ba,cask_type,hogshead;refill,0.95,smws,pending,NO_CHANGE
KB_99e7aa5c639642459bb1,0d9b8cd5-74a2-5cd7-93b0-434f1a99a6ba,age,19.0,0.95,smws,pending,NO_CHANGE
KB_d8382ffa1e1245508b76,0d9b8cd5-74a2-5cd7-93b0-434f1a99a6ba,abv,59.3,0.95,smws,pending,NO_CHANGE
KB_6da65cb3352f4aeca7a3,a1bb7eff-6075-505e-8ce2-14f6154cb3f5,cask_type,hogshead;refill,0.95,smws,pending,NO_CHANGE
KB_c61af9ad3b5d452dac19,a1bb7eff-6075-505e-8ce2-14f6154cb3f5,age,19.0,0.95,smws,pending,NO_CHANGE
KB_b790cfa7c27243dca49e,a1bb7eff-6075-505e-8ce2-14f6154cb3f5,abv,60.0,0.95,smws,pending,NO_CHANGE
KB_c2a583b90e04470dae4d,bfb8a784-5702-5965-8d67-7035e05753e9,cask_type,hogshead;refill,0.95,smws,pending,NO_CHANGE
KB_67cac11124c14023b7c4,bfb8a784-5702-5965-8d67-7035e05753e9,age,16.0,0.95,smws,pending,NO_CHANGE
KB_7b88ff45777f47ef96cc,bfb8a784-5702-5965-8d67-7035e05753e9,abv,64.1,0.95,smws,pending,NO_CHANGE
KB_79cf751199794a5195a7,bfb8a784-5702-5965-8d67-7035e05753e9,region,Islay,0.95,smws,pending,NO_CHANGE
KB_fcdd5136fa164e239dc3,e40b5542-18bf-5aa9-88cc-26d646a20fec,cask_type,butt;refill,0.95,smws,pending,NO_CHANGE
KB_2273002d0e9744489085,e40b5542-18bf-5aa9-88cc-26d646a20fec,age,13.0,0.95,smws,pending,NO_CHANGE
KB_edc1c79e5c7648bf9d47,e40b5542-18bf-5aa9-88cc-26d646a20fec,abv,60.3,0.95,smws,pending,NO_CHANGE
KB_5211c311dd35437f9fa5,e40b5542-18bf-5aa9-88cc-26d646a20fec,region,Speyside,0.95,smws,pending,NO_CHANGE
KB_068a370aff5a489a82b2,3a6a46f8-7199-53ac-b73b-70638bd2c2dd,cask_type,refill,0.95,smws,pending,NO_CHANGE
KB_8f939b2ba9914815b746,3a6a46f8-7199-53ac-b73b-70638bd2c2dd,age,9.0,0.95,smws,pending,NO_CHANGE
KB_b56dbf531c884ffcbeb4,3a6a46f8-7199-53ac-b73b-70638bd2c2dd,abv,57.7,0.95,smws,pending,NO_CHANGE
KB_7cd8363f02c04f8b92b6,3a6a46f8-7199-53ac-b73b-70638bd2c2dd,region,Speyside,0.95,smws,pending,NO_CHANGE
KB_25ddfb1052564c14bfb6,0e11e7bd-1ca1-51c2-a5d2-3ebd538c0ae6,cask_type,refill,0.95,smws,pending,NO_CHANGE
KB_9d015b0f99d940009856,0e11e7bd-1ca1-51c2-a5d2-3ebd538c0ae6,age,11.0,0.95,smws,pending,NO_CHANGE
KB_8ab2558f7a544721b0d7,0e11e7bd-1ca1-51c2-a5d2-3ebd538c0ae6,abv,60.2,0.95,smws,pending,NO_CHANGE
KB_6ade21c031ca414ca303,0e11e7bd-1ca1-51c2-a5d2-3ebd538c0ae6,region,Speyside,0.95,smws,pending,NO_CHANGE
KB_0ca9541b444f4d3aa71b,581e428b-48c8-5de5-aa47-b33ebd55121b,cask_type,refill,0.95,smws,pending,NO_CHANGE
KB_54c5638e6c164ac28298,581e428b-48c8-5de5-aa47-b33ebd55121b,age,9.0,0.95,smws,pending,NO_CHANGE
KB_78bf140767214092a8e7,581e428b-48c8-5de5-aa47-b33ebd55121b,abv,59.8,0.95,smws,pending,NO_CHANGE
KB_9922257b36304c378092,581e428b-48c8-5de5-aa47-b33ebd55121b,region,Speyside,0.95,smws,pending,NO_CHANGE
KB_809027bf3132472aafa7,10a9c185-23ed-5ff8-bc16-fb93438afa02,cask_type,hogshead;refill,0.95,smws,pending,NO_CHANGE
KB_c56c3c3654964afbb380,10a9c185-23ed-5ff8-bc16-fb93438afa02,age,17.0,0.95,smws,pending,NO_CHANGE
KB_d8ac7f2c9d0f46abbed6,10a9c185-23ed-5ff8-bc16-fb93438afa02,abv,55.1,0.95,smws,pending,NO_CHANGE
KB_05683ec1ef074549b569,10a9c185-23ed-5ff8-bc16-fb93438afa02,region,Speyside,0.95,smws,pending,NO_CHANGE
KB_1ffa018ce805446a9107,d07a18c2-5524-57de-bcb3-d39ad082af49,cask_type,refill,0.95,smws,pending,NO_CHANGE
KB_08e2d0d5a57c4602a6aa,d07a18c2-5524-57de-bcb3-d39ad082af49,age,9.0,0.95,smws,pending,NO_CHANGE
KB_bd9dd8f78f0d469aa014,d07a18c2-5524-57de-bcb3-d39ad082af49,abv,61.5,0.95,smws,pending,NO_CHANGE
KB_8a5086109839494f9aa4,d07a18c2-5524-57de-bcb3-d39ad082af49,region,Speyside,0.95,smws,pending,NO_CHANGE
KB_88a5de4426cb470480ea,4a9ca920-e6e8-5174-be70-a21dd127f279,cask_type,first-fill barrel usa allocation,0.95,smws,pending,NO_CHANGE
KB_e2382982060d4f959ca1,4a9ca920-e6e8-5174-be70-a21dd127f279,age,9.0,0.95,smws,pending,NO_CHANGE
KB_39ab1a0218c2432e80d5,4a9ca920-e6e8-5174-be70-a21dd127f279,abv,59.1,0.95,smws,pending,NO_CHANGE
KB_b77be8ccb7f74e0f875e,4a9ca920-e6e8-5174-be70-a21dd127f279,region,Speyside,0.95,smws,pending,NO_CHANGE
KB_ff94c36206cf4e9e8415,c3bb66dc-0665-58f9-9784-933c81a44a84,cask_type,hogshead;refill,0.95,smws,pending,NO_CHANGE
KB_756a70fc7e634306a4e8,c3bb66dc-0665-58f9-9784-933c81a44a84,age,10.0,0.95,smws,pending,NO_CHANGE
KB_41abcd65878f4604afd3,c3bb66dc-0665-58f9-9784-933c81a44a84,abv,60.0,0.95,smws,pending,NO_CHANGE
KB_c2ed372455924304868e,c3bb66dc-0665-58f9-9784-933c81a44a84,region,Speyside,0.95,smws,pending,NO_CHANGE
KB_773d821248e745ae897b,21ddd7df-7535-50ef-8230-4845eeac0f53,age,12.0,0.95,smws,pending,NO_CHANGE
KB_1fa5026e6c754640b311,21ddd7df-7535-50ef-8230-4845eeac0f53,abv,58.8,0.95,smws,pending,NO_CHANGE
KB_8292c1befa924a32aaf4,21ddd7df-7535-50ef-8230-4845eeac0f53,region,Speyside,0.95,smws,pending,NO_CHANGE
KB_7ec9d083c01f4ed5ad5d,ae79c455-2c52-5e0c-9c7f-eb7086a1ae9c,age,12.0,0.95,smws,pending,NO_CHANGE
KB_af7fd4b9de174deeb750,ae79c455-2c52-5e0c-9c7f-eb7086a1ae9c,abv,59.1,0.95,smws,pending,NO_CHANGE
KB_0bcc307886e34d4d881c,ae79c455-2c52-5e0c-9c7f-eb7086a1ae9c,region,Speyside,0.95,smws,pending,NO_CHANGE
KB_19dc31a397ad4a45a509,5bb56175-5b79-5232-917c-8c9fa5d87186,cask_type,hogshead;refill,0.95,smws,pending,NO_CHANGE
KB_6b513f2bd3a945c3b7e2,5bb56175-5b79-5232-917c-8c9fa5d87186,age,20.0,0.95,smws,pending,NO_CHANGE
KB_79391d3526da485f88fb,5bb56175-5b79-5232-917c-8c9fa5d87186,abv,55.1,0.95,smws,pending,NO_CHANGE
KB_a3182329d28446cd818e,5bb56175-5b79-5232-917c-8c9fa5d87186,region,Speyside,0.95,smws,pending,NO_CHANGE
KB_ab29fd1ad9934c03977b,b20cea86-25f7-52af-8482-937bb6f78452,cask_type,hogshead;refill,0.95,smws,pending,NO_CHANGE
KB_5c0b051df1174184afa9,b20cea86-25f7-52af-8482-937bb6f78452,age,14.0,0.95,smws,pending,NO_CHANGE
KB_deffdd75ee9148dea637,b20cea86-25f7-52af-8482-937bb6f78452,abv,57.3,0.95,smws,pending,NO_CHANGE
KB_8a9329637635409da18f,b20cea86-25f7-52af-8482-937bb6f78452,region,Speyside,0.95,smws,pending,NO_CHANGE
KB_f0aab68f3dd04ef0b66d,338ee651-18bf-5228-8b30-50135e91e0b8,cask_type,hogshead;refill,0.95,smws,pending,NO_CHANGE
KB_df0771fbbdf441a5b8aa,338ee651-18bf-5228-8b30-50135e91e0b8,age,14.0,0.95,smws,pending,NO_CHANGE
KB_199c560eccd44ee6a118,338ee651-18bf-5228-8b30-50135e91e0b8,region,Speyside,0.95,smws,pending,NO_CHANGE
KB_441e8d2ebbc240b383b5,b3177a1c-75c5-5146-b929-aa12686e65c4,cask_type,hogshead;refill,0.95,smws,pending,NO_CHANGE
KB_b3de650a957d4c9c8acc,b3177a1c-75c5-5146-b929-aa12686e65c4,age,17.0,0.95,smws,pending,NO_CHANGE
KB_e999e66b920a4107b1d4,b3177a1c-75c5-5146-b929-aa12686e65c4,abv,58.3,0.95,smws,pending,NO_CHANGE
KB_9dc44992e0d8468fa4cc,b3177a1c-75c5-5146-b929-aa12686e65c4,region,Speyside,0.95,smws,pending,NO_CHANGE
KB_c899c3c1cef74d629ae0,1360d5cd-1c8a-5e10-b2ae-027aa400c34d,cask_type,refill,0.95,smws,pending,NO_CHANGE
KB_542c231993f947bc9b2d,1360d5cd-1c8a-5e10-b2ae-027aa400c34d,age,25.0,0.95,smws,pending,NO_CHANGE
KB_9bfd930cf95646e38806,1360d5cd-1c8a-5e10-b2ae-027aa400c34d,region,Speyside,0.95,smws,pending,NO_CHANGE
KB_33074fde829649a69b45,94eb839f-67b1-5f79-83c4-cc4e443957a7,cask_type,refill,0.95,smws,pending,NO_CHANGE
KB_f6dbfd33df874fb6b95a,94eb839f-67b1-5f79-83c4-cc4e443957a7,age,10.0,0.95,smws,pending,NO_CHANGE
KB_583124921e754f42b3c6,94eb839f-67b1-5f79-83c4-cc4e443957a7,region,Speyside,0.95,smws,pending,NO_CHANGE
KB_14370537f11f493fb56a,d1c51c06-1f97-5233-bc06-43685e06e37f,cask_type,refill,0.95,smws,pending,NO_CHANGE
KB_9b5a56f0eeeb47a8a94b,d1c51c06-1f97-5233-bc06-43685e06e37f,age,10.0,0.95,smws,pending,NO_CHANGE
KB_f0f365a9439843359fb7,d1c51c06-1f97-5233-bc06-43685e06e37f,region,Highland,0.95,smws,pending,NO_CHANGE
KB_681c7e5cb9fa40eaa038,fe6f69c1-6d2f-542c-ac5c-da11d61f070f,cask_type,butt;sherry butt,0.95,smws,pending,NO_CHANGE
KB_2a6d47f98596409fb60c,fe6f69c1-6d2f-542c-ac5c-da11d61f070f,age,17.0,0.95,smws,pending,NO_CHANGE
KB_e36b89d4408746e7b090,fe6f69c1-6d2f-542c-ac5c-da11d61f070f,abv,59.0,0.95,smws,pending,NO_CHANGE
KB_0a97f9b60d3148dfae7b,fe6f69c1-6d2f-542c-ac5c-da11d61f070f,region,Highland,0.95,smws,pending,NO_CHANGE
KB_870191c98eae44c58a80,c7000075-6e4e-539b-a2c2-e016ea3336ce,cask_type,hogshead;refill,0.95,smws,pending,NO_CHANGE
KB_8c4aade92ed14d228a8b,c7000075-6e4e-539b-a2c2-e016ea3336ce,age,16.0,0.95,smws,pending,NO_CHANGE
KB_dcc5067d64a84fde81d4,c7000075-6e4e-539b-a2c2-e016ea3336ce,abv,59.7,0.95,smws,pending,NO_CHANGE
KB_751611e47f1a4550aef2,64c9c84f-64ae-5ab9-8dd0-2db5839d53c8,age,27.0,0.95,smws,pending,NO_CHANGE
KB_42281ebe95de42318486,64c9c84f-64ae-5ab9-8dd0-2db5839d53c8,abv,55.0,0.95,smws,pending,NO_CHANGE
KB_c19ed5b355ae471ebb2a,b9ae0e40-4622-576c-8288-e24d0d00b4e7,cask_type,hogshead;refill,0.95,smws,pending,NO_CHANGE
KB_2213461569eb4a43999c,b9ae0e40-4622-576c-8288-e24d0d00b4e7,age,29.0,0.95,smws,pending,NO_CHANGE
KB_e8dbec17f36043fc9a9e,b9ae0e40-4622-576c-8288-e24d0d00b4e7,abv,45.7,0.95,smws,pending,NO_CHANGE
KB_7939370da38942519484,b9ae0e40-4622-576c-8288-e24d0d00b4e7,region,Highland,0.95,smws,pending,NO_CHANGE
KB_a9b240bd0f20462d897d,757eae60-5e83-5475-ba55-c2907b8b93e9,cask_type,hogshead;refill,0.95,smws,pending,NO_CHANGE
KB_4125d377528340f3962b,757eae60-5e83-5475-ba55-c2907b8b93e9,age,30.0,0.95,smws,pending,NO_CHANGE
KB_ae2d92330b7b47a9aa3b,757eae60-5e83-5475-ba55-c2907b8b93e9,abv,51.2,0.95,smws,pending,NO_CHANGE
KB_eac4d3c95a3e4f9fa035,757eae60-5e83-5475-ba55-c2907b8b93e9,region,Highland,0.95,smws,pending,NO_CHANGE
KB_687ff135d5834251869f,9a23dba3-6324-5374-b611-84734b86b04c,cask_type,hogshead;refill,0.95,smws,pending,NO_CHANGE
KB_a79e6e06f5d149698276,9a23dba3-6324-5374-b611-84734b86b04c,age,30.0,0.95,smws,pending,NO_CHANGE
KB_84f5e20285a541a4ac0e,9a23dba3-6324-5374-b611-84734b86b04c,abv,49.2,0.95,smws,pending,NO_CHANGE
KB_0d4c6b7c7fba4861b338,9a23dba3-6324-5374-b611-84734b86b04c,region,Highland,0.95,smws,pending,NO_CHANGE
KB_5d7616da1bef476fafce,ef48b040-83db-5c6b-95da-cc3f219c9a45,cask_type,hogshead;refill,0.95,smws,pending,NO_CHANGE
KB_44f4bb5528ce4de5a49f,ef48b040-83db-5c6b-95da-cc3f219c9a45,age,30.0,0.95,smws,pending,NO_CHANGE
KB_141d4b686c8f4021b7bb,ef48b040-83db-5c6b-95da-cc3f219c9a45,abv,51.5,0.95,smws,pending,NO_CHANGE
KB_1b2936b88e5e428d85d9,ef48b040-83db-5c6b-95da-cc3f219c9a45,region,Highland,0.95,smws,pending,NO_CHANGE
KB_aaee72efc2834789aa0b,68e01dd9-147e-55df-b08b-4185fbeb26b4,age,24.0,0.95,smws,pending,NO_CHANGE
KB_98123920fd764d3ea2dd,68e01dd9-147e-55df-b08b-4185fbeb26b4,abv,59.3,0.95,smws,pending,NO_CHANGE
KB_7ecc091ac2324a6b95af,2b28b0ac-5533-57d5-aafb-cd990d7c350f,cask_type,hogshead;refill,0.95,smws,pending,NO_CHANGE
KB_341060bf63fa4c34b46b,2b28b0ac-5533-57d5-aafb-cd990d7c350f,age,26.0,0.95,smws,pending,NO_CHANGE
KB_075b05bbbf17441aa965,2b28b0ac-5533-57d5-aafb-cd990d7c350f,abv,59.6,0.95,smws,pending,NO_CHANGE
KB_f3ae7da1d2be493ba02e,477544ad-871e-5747-927e-c73dfd020c4d,cask_type,refill,0.95,smws,pending,NO_CHANGE
KB_5bf167b0453444ffa5b5,477544ad-871e-5747-927e-c73dfd020c4d,age,19.0,0.95,smws,pending,NO_CHANGE
KB_881f1ea6117e420a96a3,477544ad-871e-5747-927e-c73dfd020c4d,abv,52.3,0.95,smws,pending,NO_CHANGE
KB_85aa820527ca4305a1c5,477544ad-871e-5747-927e-c73dfd020c4d,region,Speyside,0.95,smws,pending,NO_CHANGE
KB_978d77defc0a4327a991,68640243-ac86-56de-b3d7-b1c51baf2768,age,21.0,0.95,smws,pending,NO_CHANGE
KB_6bee414763cd462f8efa,68640243-ac86-56de-b3d7-b1c51baf2768,abv,52.6,0.95,smws,pending,NO_CHANGE
KB_6a3b20584d8a45fab537,68640243-ac86-56de-b3d7-b1c51baf2768,region,Speyside,0.95,smws,pending,NO_CHANGE
KB_564a43d88a144fdeb82b,6a608283-1078-579e-9c99-b0f0418ac01d,cask_type,butt;sherry butt,0.95,smws,pending,NO_CHANGE
KB_71dc664ad0404c32be17,6a608283-1078-579e-9c99-b0f0418ac01d,age,5.0,0.95,smws,pending,NO_CHANGE
KB_3d746ddd75454f7085d1,6a608283-1078-579e-9c99-b0f0418ac01d,abv,62.3,0.95,smws,pending,NO_CHANGE
KB_194362a228c64e3586da,6a608283-1078-579e-9c99-b0f0418ac01d,region,Speyside,0.95,smws,pending,NO_CHANGE
KB_bcf802a6a2474927b8ff,35889486-794e-59a6-959b-d5a1c03bd14a,cask_type,refill,0.95,smws,pending,NO_CHANGE
KB_ff5b5e7f94424898aba5,35889486-794e-59a6-959b-d5a1c03bd14a,age,23.0,0.95,smws,pending,NO_CHANGE
KB_9726a0ada5c84992a984,35889486-794e-59a6-959b-d5a1c03bd14a,abv,53.0,0.95,smws,pending,NO_CHANGE
KB_6c567072eb6e40b1866f,35889486-794e-59a6-959b-d5a1c03bd14a,region,Speyside,0.95,smws,pending,NO_CHANGE
KB_d293fd81ede743bab2ab,c89c8404-2033-5b00-a517-c9d0ee9e1963,cask_type,refill,0.95,smws,pending,NO_CHANGE
KB_985f0597b8be4e3e97ed,c89c8404-2033-5b00-a517-c9d0ee9e1963,age,25.0,0.95,smws,pending,NO_CHANGE
KB_74c63be8511b468a80a1,c89c8404-2033-5b00-a517-c9d0ee9e1963,abv,51.6,0.95,smws,pending,NO_CHANGE
KB_a9d1fcd5fb2846c597bb,c89c8404-2033-5b00-a517-c9d0ee9e1963,region,Speyside,0.95,smws,pending,NO_CHANGE
KB_5d6e7fe756d649368a6b,56e069bf-6886-507d-9dbd-ecbcc162a7e5,cask_type,refill,0.95,smws,pending,NO_CHANGE
KB_c30edb17933d4e4892bc,56e069bf-6886-507d-9dbd-ecbcc162a7e5,age,25.0,0.95,smws,pending,NO_CHANGE
KB_d38451afe50d482e817a,56e069bf-6886-507d-9dbd-ecbcc162a7e5,abv,50.7,0.95,smws,pending,NO_CHANGE
KB_b2b6bd9ca0444a2e9d89,56e069bf-6886-507d-9dbd-ecbcc162a7e5,region,Speyside,0.95,smws,pending,NO_CHANGE
KB_a7feed93e21a47649e5e,6f658247-ce6c-5917-9718-99c92d81dab6,age,13.0,0.95,smws,pending,NO_CHANGE
KB_95ef644f576840768ff6,6f658247-ce6c-5917-9718-99c92d81dab6,abv,57.1,0.95,smws,pending,NO_CHANGE
KB_0203a37fd8eb455c86b5,da1b0001-0e00-5f4d-bd61-9d9b7d9fae41,cask_type,first-fill,0.95,smws,pending,NO_CHANGE
KB_b1ce3f3cfcb9434e9954,da1b0001-0e00-5f4d-bd61-9d9b7d9fae41,age,8.0,0.95,smws,pending,NO_CHANGE
KB_50d8377a3c18452e8fb5,da1b0001-0e00-5f4d-bd61-9d9b7d9fae41,abv,61.5,0.95,smws,pending,NO_CHANGE
KB_156679f331df4cb4afdf,da1b0001-0e00-5f4d-bd61-9d9b7d9fae41,region,Speyside,0.95,smws,pending,NO_CHANGE
KB_7c7e3ca2a2f2429dba61,7fa0edcd-1e28-5989-9177-f2a5db78309c,cask_type,hogshead;refill,0.95,smws,pending,NO_CHANGE
KB_206b5e266e144267994f,7fa0edcd-1e28-5989-9177-f2a5db78309c,age,27.0,0.95,smws,pending,NO_CHANGE
KB_e90e0060d5494b83a78c,7fa0edcd-1e28-5989-9177-f2a5db78309c,abv,54.9,0.95,smws,pending,NO_CHANGE
KB_8011cc735a544be7a2d5,7fa0edcd-1e28-5989-9177-f2a5db78309c,region,Speyside,0.95,smws,pending,NO_CHANGE
KB_71c824e4caa1486dbd39,a73b1b26-a38b-5396-936d-23002c59e795,cask_type,hogshead;refill,0.95,smws,pending,NO_CHANGE
KB_f54a9cd2801c4411b854,a73b1b26-a38b-5396-936d-23002c59e795,age,21.0,0.95,smws,pending,NO_CHANGE
KB_693c8515c0d74de195e7,a73b1b26-a38b-5396-936d-23002c59e795,abv,48.7,0.95,smws,pending,NO_CHANGE
KB_eeecbbf126454c15b2bf,a73b1b26-a38b-5396-936d-23002c59e795,region,Speyside,0.95,smws,pending,NO_CHANGE
KB_57dbe369cdef4f6db4b2,2b9e88ea-4e1d-5c0e-80bf-67b9c3821999,cask_type,first-fill barrel,0.95,smws,pending,NO_CHANGE
KB_d24377450e734fe1b323,2b9e88ea-4e1d-5c0e-80bf-67b9c3821999,age,9.0,0.95,smws,pending,NO_CHANGE
KB_c1f168e2ba7640c5a277,2b9e88ea-4e1d-5c0e-80bf-67b9c3821999,abv,61.9,0.95,smws,pending,NO_CHANGE
KB_211960b897d14d50ab98,2b9e88ea-4e1d-5c0e-80bf-67b9c3821999,region,Speyside,0.95,smws,pending,NO_CHANGE
KB_ce8b716f70ba42bcbded,28991b99-efbe-5455-a719-85300fe54ce1,cask_type,first-fill barrel,0.95,smws,pending,NO_CHANGE
KB_3e342933d7734b7ebd1b,28991b99-efbe-5455-a719-85300fe54ce1,age,8.0,0.95,smws,pending,NO_CHANGE
KB_af144dd9d9854e199619,28991b99-efbe-5455-a719-85300fe54ce1,abv,62.3,0.95,smws,pending,NO_CHANGE
KB_ca201fd1729b4befa7f0,28991b99-efbe-5455-a719-85300fe54ce1,region,Speyside,0.95,smws,pending,NO_CHANGE
KB_24786b32b26842149deb,b4163c3c-da78-5f90-8620-a0ed7d133c80,cask_type,refill,0.95,smws,pending,NO_CHANGE
KB_e5a7cc63c3174e119ebf,b4163c3c-da78-5f90-8620-a0ed7d133c80,age,21.0,0.95,smws,pending,NO_CHANGE
KB_6e9d9195eaf4495081d1,b4163c3c-da78-5f90-8620-a0ed7d133c80,abv,55.2,0.95,smws,pending,NO_CHANGE
KB_498c7b51354b4be3a6da,b4163c3c-da78-5f90-8620-a0ed7d133c80,region,Speyside,0.95,smws,pending,NO_CHANGE
KB_a9025771eea945b69002,c77dc32b-7a8e-51b6-8192-fbe688c9dc51,cask_type,refill,0.95,smws,pending,NO_CHANGE
KB_905ac7680f8541eeaf35,c77dc32b-7a8e-51b6-8192-fbe688c9dc51,age,22.0,0.95,smws,pending,NO_CHANGE
KB_fcec811c29164d4083bd,c77dc32b-7a8e-51b6-8192-fbe688c9dc51,abv,55.6,0.95,smws,pending,NO_CHANGE
KB_29d7c8fb1900485197f5,c77dc32b-7a8e-51b6-8192-fbe688c9dc51,region,Speyside,0.95,smws,pending,NO_CHANGE
KB_91a9358fe32e4cc5b1b6,ff90728b-cad1-5e26-9dee-a05f77bbe9ea,cask_type,hogshead;refill,0.95,smws,pending,NO_CHANGE
KB_2f2534bcc1d543f4b2e4,ff90728b-cad1-5e26-9dee-a05f77bbe9ea,age,23.0,0.95,smws,pending,NO_CHANGE
KB_e8fdaea1abfe45b2896d,ff90728b-cad1-5e26-9dee-a05f77bbe9ea,abv,55.5,0.95,smws,pending,NO_CHANGE
KB_67d540b397de455690e4,ff90728b-cad1-5e26-9dee-a05f77bbe9ea,region,Speyside,0.95,smws,pending,NO_CHANGE
KB_8b0f674776ad470abf8b,4eceb843-dc6e-5916-ac2a-5c8a146b0e51,cask_type,first-fill barrel,0.95,smws,pending,NO_CHANGE
KB_ccfedb513f6c4f508555,4eceb843-dc6e-5916-ac2a-5c8a146b0e51,age,12.0,0.95,smws,pending,NO_CHANGE
KB_eb65e071f541408c9b96,4eceb843-dc6e-5916-ac2a-5c8a146b0e51,abv,56.7,0.95,smws,pending,NO_CHANGE
KB_be21b7c2fbd14c5b8982,4eceb843-dc6e-5916-ac2a-5c8a146b0e51,region,Speyside,0.95,smws,pending,NO_CHANGE
KB_3785b69c971a4a52a5ac,bf4ed8be-0ac8-5fe2-b3b5-9334cff8213a,cask_type,refill,0.95,smws,pending,NO_CHANGE
KB_00a6942921aa45ddb167,bf4ed8be-0ac8-5fe2-b3b5-9334cff8213a,age,23.0,0.95,smws,pending,NO_CHANGE
KB_4f9ada45bec44707a14e,bf4ed8be-0ac8-5fe2-b3b5-9334cff8213a,abv,56.4,0.95,smws,pending,NO_CHANGE
KB_cc2e650c36a34ddcab70,bf4ed8be-0ac8-5fe2-b3b5-9334cff8213a,region,Speyside,0.95,smws,pending,NO_CHANGE
KB_809c7079a35843a78c9a,c2eef6be-e5bc-5f34-86c6-3cfcc5ad024c,cask_type,first-fill barrel,0.95,smws,pending,NO_CHANGE
KB_f77b2a58712a433faa9c,c2eef6be-e5bc-5f34-86c6-3cfcc5ad024c,age,11.0,0.95,smws,pending,NO_CHANGE
KB_a1241305057f4c97b22b,c2eef6be-e5bc-5f34-86c6-3cfcc5ad024c,abv,62.6,0.95,smws,pending,NO_CHANGE
KB_8b841b5a180c49ecaecd,c2eef6be-e5bc-5f34-86c6-3cfcc5ad024c,region,Speyside,0.95,smws,pending,NO_CHANGE
KB_9e330eb3ed6142dba433,9586f469-fd6a-5a10-884b-c40e3548630b,cask_type,first-fill barrel,0.95,smws,pending,NO_CHANGE
KB_9822671f47d64e92ba32,9586f469-fd6a-5a10-884b-c40e3548630b,age,14.0,0.95,smws,pending,NO_CHANGE
KB_0406ad8809424a9e8727,9586f469-fd6a-5a10-884b-c40e3548630b,abv,60.3,0.95,smws,pending,NO_CHANGE
KB_cd2f11f24dc94c83b217,9586f469-fd6a-5a10-884b-c40e3548630b,region,Speyside,0.95,smws,pending,NO_CHANGE
KB_e0f2f4bb91404a04a41b,32e77202-b5f9-55fa-85cf-3b2e96d47d7c,age,21.0,0.95,smws,pending,NO_CHANGE
KB_405235eae8574065aba6,32e77202-b5f9-55fa-85cf-3b2e96d47d7c,abv,53.9,0.95,smws,pending,NO_CHANGE
KB_680c748454a14294b88f,dec9a160-dd2d-5d5d-a272-063409e324b2,cask_type,hogshead;refill,0.95,smws,pending,NO_CHANGE
KB_cf172ea54ca94e78a2b0,dec9a160-dd2d-5d5d-a272-063409e324b2,age,24.0,0.95,smws,pending,NO_CHANGE
KB_4f4a0980c4c84046825c,dec9a160-dd2d-5d5d-a272-063409e324b2,abv,52.5,0.95,smws,pending,NO_CHANGE
KB_65dced2bf3ba4d32aa3e,dec9a160-dd2d-5d5d-a272-063409e324b2,region,Speyside,0.95,smws,pending,NO_CHANGE
KB_423099d56a5f47c6a7f9,c8f0d9c2-3493-55b8-9cee-b48505bb6595,cask_type,butt;sherry butt,0.95,smws,pending,NO_CHANGE
KB_15e79cfdcf5d4281ab0c,c8f0d9c2-3493-55b8-9cee-b48505bb6595,age,11.0,0.95,smws,pending,NO_CHANGE
KB_fc485d29c6154b03a2e6,c8f0d9c2-3493-55b8-9cee-b48505bb6595,abv,57.6,0.95,smws,pending,NO_CHANGE
KB_99ecb6b58a4f4ceeaa90,c8f0d9c2-3493-55b8-9cee-b48505bb6595,region,Speyside,0.95,smws,pending,NO_CHANGE
KB_2a05f21678534ff09a9f,64bc4415-7c60-5a64-90e0-a9ee8138c282,age,13.0,0.95,smws,pending,NO_CHANGE
KB_6f347fd7a32b4c929449,64bc4415-7c60-5a64-90e0-a9ee8138c282,abv,58.6,0.95,smws,pending,NO_CHANGE
KB_51054c5dc2fb4dbba5c5,64bc4415-7c60-5a64-90e0-a9ee8138c282,region,Speyside,0.95,smws,pending,NO_CHANGE
KB_23518d5cfd774494aeb1,3f0ae34f-aa07-5a8d-b2b8-a75bd7d0dc04,cask_type,refill,0.95,smws,pending,NO_CHANGE
KB_161b9ad43b814380ae2c,3f0ae34f-aa07-5a8d-b2b8-a75bd7d0dc04,age,10.0,0.95,smws,pending,NO_CHANGE
KB_fd0d3f582bf045ae9831,3f0ae34f-aa07-5a8d-b2b8-a75bd7d0dc04,abv,58.0,0.95,smws,pending,NO_CHANGE
KB_9690981a913244c09732,3f0ae34f-aa07-5a8d-b2b8-a75bd7d0dc04,region,Highland,0.95,smws,pending,NO_CHANGE
KB_d6eb4a5009fa472cab52,f8576ff5-fced-5d2a-9669-d8b4ec279255,cask_type,butt;sherry butt,0.95,smws,pending,NO_CHANGE
KB_b131c273c74844f68653,f8576ff5-fced-5d2a-9669-d8b4ec279255,age,9.0,0.95,smws,pending,NO_CHANGE
KB_ceceed6ec631452d93bf,f8576ff5-fced-5d2a-9669-d8b4ec279255,abv,58.2,0.95,smws,pending,NO_CHANGE
KB_4204b7ed26544759b7d2,f8576ff5-fced-5d2a-9669-d8b4ec279255,region,Highland,0.95,smws,pending,NO_CHANGE
KB_b11cb1ad12b842e48a0c,0a887b33-5aa5-5b35-8926-ef5eaeb9adb7,cask_type,refill,0.95,smws,pending,NO_CHANGE
KB_cd00193f427c4563b97a,0a887b33-5aa5-5b35-8926-ef5eaeb9adb7,age,8.0,0.95,smws,pending,NO_CHANGE
KB_b33e2b17168942449c00,0a887b33-5aa5-5b35-8926-ef5eaeb9adb7,abv,59.2,0.95,smws,pending,NO_CHANGE
KB_70739ffcef304936851b,0a887b33-5aa5-5b35-8926-ef5eaeb9adb7,region,Highland,0.95,smws,pending,NO_CHANGE
KB_4c1cf3d36c324a409821,ca9e0464-af5c-543a-a8c6-6882f5bd64d0,cask_type,refill,0.95,smws,pending,NO_CHANGE
KB_f8ed3a0cd83043bb8850,ca9e0464-af5c-543a-a8c6-6882f5bd64d0,age,10.0,0.95,smws,pending,NO_CHANGE
KB_fd04f383c62c47acbd50,ca9e0464-af5c-543a-a8c6-6882f5bd64d0,abv,54.5,0.95,smws,pending,NO_CHANGE
KB_c73e3f06638b4abaa5d8,ca9e0464-af5c-543a-a8c6-6882f5bd64d0,region,Speyside,0.95,smws,pending,NO_CHANGE
KB_4c666b56d4ec4d6993ef,f8606bf9-98cf-57dc-982b-517ed63dfe62,cask_type,butt;refill,0.95,smws,pending,NO_CHANGE
KB_69ab411cd4e54a00a388,f8606bf9-98cf-57dc-982b-517ed63dfe62,age,10.0,0.95,smws,pending,NO_CHANGE
KB_30920a53fe0e4f44bba7,f8606bf9-98cf-57dc-982b-517ed63dfe62,abv,56.9,0.95,smws,pending,NO_CHANGE
KB_06cf8ccb9677417f9712,f8606bf9-98cf-57dc-982b-517ed63dfe62,region,Speyside,0.95,smws,pending,NO_CHANGE
KB_12376c578c0440f883cd,5a1f5982-ab45-5817-bd30-555c7d76894c,cask_type,butt;sherry butt,0.95,smws,pending,NO_CHANGE
KB_a1ab7c1969814742b9fc,5a1f5982-ab45-5817-bd30-555c7d76894c,age,11.0,0.95,smws,pending,NO_CHANGE
KB_9569e27ed25e479e8b56,5a1f5982-ab45-5817-bd30-555c7d76894c,abv,56.7,0.95,smws,pending,NO_CHANGE
KB_81e535ef71144b62b4e5,5a1f5982-ab45-5817-bd30-555c7d76894c,region,Highland,0.95,smws,pending,NO_CHANGE
KB_48304dc6d8724c7b853a,8db39548-50e3-51f6-87dc-ca1fdf263e06,cask_type,refill,0.95,smws,pending,NO_CHANGE
KB_7260bb8dc06e4df0b8cf,8db39548-50e3-51f6-87dc-ca1fdf263e06,age,11.0,0.95,smws,pending,NO_CHANGE
KB_49216cde00bd46e2b838,8db39548-50e3-51f6-87dc-ca1fdf263e06,abv,59.0,0.95,smws,pending,NO_CHANGE
KB_d00d2f8e76f54a60b6dc,8db39548-50e3-51f6-87dc-ca1fdf263e06,region,Highland,0.95,smws,pending,NO_CHANGE
KB_ee8919a825f24c60aca1,5113f64a-ab5f-512f-ac73-1a7c5d6cfd54,cask_type,refill,0.95,smws,pending,NO_CHANGE
KB_e2be4fd8b3d74e59905f,5113f64a-ab5f-512f-ac73-1a7c5d6cfd54,age,11.0,0.95,smws,pending,NO_CHANGE
KB_3139e347ad0641d6b96f,5113f64a-ab5f-512f-ac73-1a7c5d6cfd54,abv,54.4,0.95,smws,pending,NO_CHANGE
KB_015bae6901f7413d9c8e,5113f64a-ab5f-512f-ac73-1a7c5d6cfd54,region,Highland,0.95,smws,pending,NO_CHANGE
KB_a33381df860f4f358f4a,003ad896-ff8c-513e-b983-26330f7873cc,cask_type,refill,0.95,smws,pending,NO_CHANGE
KB_31d417ea0bae450a8f9c,003ad896-ff8c-513e-b983-26330f7873cc,age,11.0,0.95,smws,pending,NO_CHANGE
KB_84dec7577e154d2b9d7d,003ad896-ff8c-513e-b983-26330f7873cc,abv,58.2,0.95,smws,pending,NO_CHANGE
KB_b5e25ab24fac4f10bb9b,003ad896-ff8c-513e-b983-26330f7873cc,region,Highland,0.95,smws,pending,NO_CHANGE
KB_49e98ab0a8ba42ea8051,10d0f418-ac1c-5558-a884-3a2d5319526b,cask_type,refill,0.95,smws,pending,NO_CHANGE
KB_6e9971f2580f42ae85ab,10d0f418-ac1c-5558-a884-3a2d5319526b,age,11.0,0.95,smws,pending,NO_CHANGE
KB_80dda7e86452430eaf23,10d0f418-ac1c-5558-a884-3a2d5319526b,abv,55.7,0.95,smws,pending,NO_CHANGE
KB_998c1e6053b1412580ba,10d0f418-ac1c-5558-a884-3a2d5319526b,region,Highland,0.95,smws,pending,NO_CHANGE
KB_bd3d7256793d4f6ca5c4,07367bd2-7af5-5b27-8dc7-6a6cd9bc2fce,cask_type,refill,0.95,smws,pending,NO_CHANGE
KB_f7a77ef44c064e43993e,07367bd2-7af5-5b27-8dc7-6a6cd9bc2fce,age,12.0,0.95,smws,pending,NO_CHANGE
KB_c05c041ba6eb4b4e9752,07367bd2-7af5-5b27-8dc7-6a6cd9bc2fce,region,Highland,0.95,smws,pending,NO_CHANGE
KB_7550551116c34198ac60,d68e08d8-7767-5ea3-afad-70d0ab12b8cb,age,16.0,0.95,smws,pending,NO_CHANGE
KB_8b3e45851a99476d8cc8,d68e08d8-7767-5ea3-afad-70d0ab12b8cb,abv,56.6,0.95,smws,pending,NO_CHANGE
KB_fe66223805b2488dbc96,d68e08d8-7767-5ea3-afad-70d0ab12b8cb,region,Highland,0.95,smws,pending,NO_CHANGE
KB_667781280f5146aa9fe1,33d8c3cd-e69f-5cc4-a5d9-f45f76db41ef,cask_type,hogshead;wine cask,0.95,smws,pending,NO_CHANGE
KB_78356ccfc3ed42319cd6,33d8c3cd-e69f-5cc4-a5d9-f45f76db41ef,age,10.0,0.95,smws,pending,NO_CHANGE
KB_2f720896aa3e49009227,33d8c3cd-e69f-5cc4-a5d9-f45f76db41ef,abv,62.7,0.95,smws,pending,NO_CHANGE
KB_a084043eb706406cae02,33d8c3cd-e69f-5cc4-a5d9-f45f76db41ef,region,Highland,0.95,smws,pending,NO_CHANGE
KB_a8268274592c4009afab,6e03dc86-a730-58b4-9c57-95febe213473,cask_type,butt;olorosa;sherry butt,0.95,smws,pending,NO_CHANGE
KB_f08768236afb45a6924e,6e03dc86-a730-58b4-9c57-95febe213473,age,23.0,0.95,smws,pending,NO_CHANGE
KB_a53925b08cc24d04bfa4,6e03dc86-a730-58b4-9c57-95febe213473,abv,48.1,0.95,smws,pending,NO_CHANGE
KB_83474f7389934a3384c2,6e03dc86-a730-58b4-9c57-95febe213473,region,Highland,0.95,smws,pending,NO_CHANGE
KB_157b2866ef174121aa47,51e65455-edaf-5f32-a2b2-940fde378821,age,11.0,0.95,smws,pending,NO_CHANGE
KB_edc072a129564e9981e3,51e65455-edaf-5f32-a2b2-940fde378821,abv,61.0,0.95,smws,pending,NO_CHANGE
KB_b4dffbde7f0544a68177,51e65455-edaf-5f32-a2b2-940fde378821,region,Highland,0.95,smws,pending,NO_CHANGE
KB_ad0c994eb816487ea4e6,a3c6cd0a-c560-54d1-900a-9bbc96a86862,cask_type,refill,0.95,smws,pending,NO_CHANGE
KB_1f817d39931a46e386d1,a3c6cd0a-c560-54d1-900a-9bbc96a86862,age,12.0,0.95,smws,pending,NO_CHANGE
KB_0cdd87be1922488c8873,a3c6cd0a-c560-54d1-900a-9bbc96a86862,abv,58.5,0.95,smws,pending,NO_CHANGE
KB_f9f18290cd1e42c0b4c2,a3c6cd0a-c560-54d1-900a-9bbc96a86862,region,Highland,0.95,smws,pending,NO_CHANGE
KB_2604d653490e4ce4b209,98c5807f-5dfd-5aa7-a177-9f479bd71266,age,24.0,0.95,smws,pending,NO_CHANGE
KB_a71e0c662194491f987a,98c5807f-5dfd-5aa7-a177-9f479bd71266,abv,55.1,0.95,smws,pending,NO_CHANGE
KB_31022ae7fe7242e09d07,0da77f45-86ad-55d0-b850-f0288859a360,cask_type,refill,0.95,smws,pending,NO_CHANGE
KB_2834950dd38244eba5e1,0da77f45-86ad-55d0-b850-f0288859a360,age,9.0,0.95,smws,pending,NO_CHANGE
KB_0ff3f864f343403989a5,0da77f45-86ad-55d0-b850-f0288859a360,abv,58.5,0.95,smws,pending,NO_CHANGE
KB_7ce641846ff04de88510,0da77f45-86ad-55d0-b850-f0288859a360,region,Highland,0.95,smws,pending,NO_CHANGE
KB_64f4d358781043ada6c4,094b5ceb-44ee-5701-b034-c068606564f8,cask_type,refill,0.95,smws,pending,NO_CHANGE
KB_9079a535b2b444908757,094b5ceb-44ee-5701-b034-c068606564f8,age,9.0,0.95,smws,pending,NO_CHANGE
KB_461fb0cdb3bd49bcbac6,094b5ceb-44ee-5701-b034-c068606564f8,abv,56.8,0.95,smws,pending,NO_CHANGE
KB_85f1819cfef8457dbc8a,094b5ceb-44ee-5701-b034-c068606564f8,region,Highland,0.95,smws,pending,NO_CHANGE
KB_3271758eb2614d8ba9c0,903f4428-d7b6-5f6d-99ba-bebe5cf4f865,cask_type,refill,0.95,smws,pending,NO_CHANGE
KB_bff51fbed7674c44a340,903f4428-d7b6-5f6d-99ba-bebe5cf4f865,age,9.0,0.95,smws,pending,NO_CHANGE
KB_09dfe55c4eac4471a0c8,903f4428-d7b6-5f6d-99ba-bebe5cf4f865,region,Highland,0.95,smws,pending,NO_CHANGE
KB_1aa02ececccf469eb4ad,e8f62e02-e7d7-521d-be39-ab07f29b9165,cask_type,refill,0.95,smws,pending,NO_CHANGE
KB_31fbb14ea4e945d9a349,e8f62e02-e7d7-521d-be39-ab07f29b9165,age,7.0,0.95,smws,pending,NO_CHANGE
KB_3cfc96a382ef448aa6ff,e8f62e02-e7d7-521d-be39-ab07f29b9165,abv,59.4,0.95,smws,pending,NO_CHANGE
KB_f8982399f5d3492a97f0,e8f62e02-e7d7-521d-be39-ab07f29b9165,region,Highland,0.95,smws,pending,NO_CHANGE
KB_5d985ecc1312446a8a1b,61feb702-492b-5674-b911-5ae85fe3918d,age,20.0,0.95,smws,pending,NO_CHANGE
KB_7de3c9bcb2db4d71ad95,61feb702-492b-5674-b911-5ae85fe3918d,abv,59.8,0.95,smws,pending,NO_CHANGE
KB_6dec043dfb714e16b6cd,acf667d2-4834-5850-a161-124d162e118b,cask_type,butt;refill,0.95,smws,pending,NO_CHANGE
KB_f71a5ac19c5348c88f58,acf667d2-4834-5850-a161-124d162e118b,age,20.0,0.95,smws,pending,NO_CHANGE
KB_03623946d3dc47f8ae9c,acf667d2-4834-5850-a161-124d162e118b,abv,57.4,0.95,smws,pending,NO_CHANGE
KB_06c9bcb8485b41d99829,acf667d2-4834-5850-a161-124d162e118b,region,Speyside,0.95,smws,pending,NO_CHANGE
KB_cb956a636d7949a0ba93,96c03c86-ec05-545c-ae61-95e0a6962f6a,age,13.0,0.95,smws,pending,NO_CHANGE
KB_d2ea9b5ef1814f71917a,96c03c86-ec05-545c-ae61-95e0a6962f6a,abv,56.8,0.95,smws,pending,NO_CHANGE
KB_52ad921aabc149689efe,96c03c86-ec05-545c-ae61-95e0a6962f6a,region,Speyside,0.95,smws,pending,NO_CHANGE
KB_28aae805d15b4838b8b6,7433c595-2faf-59e1-b1c7-68efc3409d34,cask_type,hogshead;refill,0.95,smws,pending,NO_CHANGE
KB_55528c613c5948cea0d9,7433c595-2faf-59e1-b1c7-68efc3409d34,age,27.0,0.95,smws,pending,NO_CHANGE
KB_d829f04c90434cdbac4e,7433c595-2faf-59e1-b1c7-68efc3409d34,abv,57.2,0.95,smws,pending,NO_CHANGE
KB_01de6962e9484a2c9974,7433c595-2faf-59e1-b1c7-68efc3409d34,region,Speyside,0.95,smws,pending,NO_CHANGE
KB_16e7dee279b64dff87b5,bce07d6a-1f60-5499-9e6c-59ea276d8d86,cask_type,hogshead;refill,0.95,smws,pending,NO_CHANGE
KB_0f3aa976dadc4355b086,bce07d6a-1f60-5499-9e6c-59ea276d8d86,age,27.0,0.95,smws,pending,NO_CHANGE
KB_23c8f6c295614b2da42c,bce07d6a-1f60-5499-9e6c-59ea276d8d86,abv,57.0,0.95,smws,pending,NO_CHANGE
KB_6182daa40c9e4ddd81af,bce07d6a-1f60-5499-9e6c-59ea276d8d86,region,Speyside,0.95,smws,pending,NO_CHANGE
KB_4362c4cda8e847b79c05,0eb2c004-ff1c-57fa-985b-03271491f196,cask_type,butt;sherry butt,0.95,smws,pending,NO_CHANGE
KB_f3bf3e7b1fc4416397a4,0eb2c004-ff1c-57fa-985b-03271491f196,age,23.0,0.95,smws,pending,NO_CHANGE
KB_9fb367c50be54854904d,0eb2c004-ff1c-57fa-985b-03271491f196,abv,56.3,0.95,smws,pending,NO_CHANGE
KB_ec39fd9f8518421689d7,0eb2c004-ff1c-57fa-985b-03271491f196,region,Speyside,0.95,smws,pending,NO_CHANGE
KB_1c57d7b617044e5792be,08888c37-9fc1-590c-9147-6c4cec08d9fa,age,17.0,0.95,smws,pending,NO_CHANGE
KB_9788abf7636341639968,08888c37-9fc1-590c-9147-6c4cec08d9fa,abv,57.2,0.95,smws,pending,NO_CHANGE
KB_8542803fd7f34148a00d,08888c37-9fc1-590c-9147-6c4cec08d9fa,region,Speyside,0.95,smws,pending,NO_CHANGE
KB_f7bda00fe7d8431e97aa,932686e9-a892-5876-848c-8eaa8e72cabb,cask_type,butt;refill,0.95,smws,pending,NO_CHANGE
KB_626ac95c27f3449183e8,932686e9-a892-5876-848c-8eaa8e72cabb,age,17.0,0.95,smws,pending,NO_CHANGE
KB_b0676cd232974ea5b3ac,932686e9-a892-5876-848c-8eaa8e72cabb,region,Speyside,0.95,smws,pending,NO_CHANGE
KB_489093f55b2a45cf88fb,bc8e3289-0ab7-57d9-8b9a-42554754f4d5,cask_type,hogshead;refill,0.95,smws,pending,NO_CHANGE
KB_4d3ac4ba218c40e19717,bc8e3289-0ab7-57d9-8b9a-42554754f4d5,age,29.0,0.95,smws,pending,NO_CHANGE
KB_c805e95c91f94432ab61,bc8e3289-0ab7-57d9-8b9a-42554754f4d5,abv,53.7,0.95,smws,pending,NO_CHANGE
KB_6f513085cca04fa1bd47,bc8e3289-0ab7-57d9-8b9a-42554754f4d5,region,Speyside,0.95,smws,pending,NO_CHANGE
KB_555e9c8ab81245c49152,fc17fc25-f5ce-5afb-8926-190c8f6d006d,age,8.0,0.95,smws,pending,NO_CHANGE
KB_c9211a6bced64e7f8048,fc17fc25-f5ce-5afb-8926-190c8f6d006d,abv,60.9,0.95,smws,pending,NO_CHANGE
KB_19549803479349a4a6d2,fc17fc25-f5ce-5afb-8926-190c8f6d006d,region,Speyside,0.95,smws,pending,NO_CHANGE
KB_9747284758cf41dc96e3,7602cca3-5fce-5890-b0c8-87dc7621a683,cask_type,hogshead;refill,0.95,smws,pending,NO_CHANGE
KB_87b4967438a24a08933e,7602cca3-5fce-5890-b0c8-87dc7621a683,age,29.0,0.95,smws,pending,NO_CHANGE
KB_b7b0b66b2d3346c0bbde,7602cca3-5fce-5890-b0c8-87dc7621a683,abv,49.9,0.95,smws,pending,NO_CHANGE
KB_6f69d38e3a714ea1a359,7602cca3-5fce-5890-b0c8-87dc7621a683,region,Speyside,0.95,smws,pending,NO_CHANGE
KB_9edee2de29954c7eba19,8e16168f-3257-5638-ac7b-7e31fc0a9f3e,cask_type,hogshead;refill,0.95,smws,pending,NO_CHANGE
KB_b07344e1c98b486a8159,8e16168f-3257-5638-ac7b-7e31fc0a9f3e,age,30.0,0.95,smws,pending,NO_CHANGE
KB_aed0d177333848d5aa79,8e16168f-3257-5638-ac7b-7e31fc0a9f3e,abv,53.2,0.95,smws,pending,NO_CHANGE
KB_d94d9c8046eb498c9888,8e16168f-3257-5638-ac7b-7e31fc0a9f3e,region,Speyside,0.95,smws,pending,NO_CHANGE
KB_8bd79cebe954421e98f5,c45f760d-d60c-5016-8d27-e0934ef882aa,cask_type,hogshead;refill,0.95,smws,pending,NO_CHANGE
KB_6470cb49b965449f824c,c45f760d-d60c-5016-8d27-e0934ef882aa,age,30.0,0.95,smws,pending,NO_CHANGE
KB_6e36e07a1db1460da67c,c45f760d-d60c-5016-8d27-e0934ef882aa,abv,55.6,0.95,smws,pending,NO_CHANGE
KB_810913307e4c479ea9fb,c45f760d-d60c-5016-8d27-e0934ef882aa,region,Speyside,0.95,smws,pending,NO_CHANGE
KB_ef4578f5ca3d48559ce7,ca1fe3c6-a0eb-5dd7-a92a-de5c475cdf59,cask_type,hogshead;refill,0.95,smws,pending,NO_CHANGE
KB_91455d537f244d5d97b4,ca1fe3c6-a0eb-5dd7-a92a-de5c475cdf59,age,28.0,0.95,smws,pending,NO_CHANGE
KB_49a2bfa5a8a049aea2aa,ca1fe3c6-a0eb-5dd7-a92a-de5c475cdf59,abv,50.1,0.95,smws,pending,NO_CHANGE
KB_f7a3a97ae30c4c3aa513,ca1fe3c6-a0eb-5dd7-a92a-de5c475cdf59,region,Speyside,0.95,smws,pending,NO_CHANGE
KB_3182a24f00a44169aa86,7f7c7191-50b2-52e6-a84f-226071d1c41b,cask_type,hogshead;refill,0.95,smws,pending,NO_CHANGE
KB_7bbe71b07720408eb18b,7f7c7191-50b2-52e6-a84f-226071d1c41b,age,31.0,0.95,smws,pending,NO_CHANGE
KB_e67d0357b7eb4a478b1d,7f7c7191-50b2-52e6-a84f-226071d1c41b,abv,51.1,0.95,smws,pending,NO_CHANGE
KB_488b9eefc78e4d7b8302,7f7c7191-50b2-52e6-a84f-226071d1c41b,region,Speyside,0.95,smws,pending,NO_CHANGE
KB_dca7272265a94593aff2,adaae249-2a59-5059-aa4d-09eff1f0f0af,cask_type,hogshead;wine cask,0.95,smws,pending,NO_CHANGE
KB_29b72dce14f24ef1a4f1,adaae249-2a59-5059-aa4d-09eff1f0f0af,age,9.0,0.95,smws,pending,NO_CHANGE
KB_95d3a1fe9922497da6f9,adaae249-2a59-5059-aa4d-09eff1f0f0af,abv,59.8,0.95,smws,pending,NO_CHANGE
KB_0fd9381056a24b30adc0,adaae249-2a59-5059-aa4d-09eff1f0f0af,region,Speyside,0.95,smws,pending,NO_CHANGE
KB_ca5e16340ac04435b157,2e954436-5611-52fc-a7aa-68ae5303ce3d,cask_type,hogshead;wine cask,0.95,smws,pending,NO_CHANGE
KB_45c537a4962942b5babe,2e954436-5611-52fc-a7aa-68ae5303ce3d,age,10.0,0.95,smws,pending,NO_CHANGE
KB_5a2626100319474ea02c,2e954436-5611-52fc-a7aa-68ae5303ce3d,abv,59.8,0.95,smws,pending,NO_CHANGE
KB_132315730f7b445a9306,2e954436-5611-52fc-a7aa-68ae5303ce3d,region,Speyside,0.95,smws,pending,NO_CHANGE
KB_ffd917b949f041f9ae20,ab1acf78-01da-5510-8850-5a7dd3f9c627,cask_type,hogshead;refill,0.95,smws,pending,NO_CHANGE
KB_5e9457ca83b34509a5f3,ab1acf78-01da-5510-8850-5a7dd3f9c627,age,32.0,0.95,smws,pending,NO_CHANGE
KB_e214810a6f4440779eb0,ab1acf78-01da-5510-8850-5a7dd3f9c627,abv,52.2,0.95,smws,pending,NO_CHANGE
KB_f0675e52e56d4f36b7cd,ab1acf78-01da-5510-8850-5a7dd3f9c627,region,Speyside,0.95,smws,pending,NO_CHANGE
KB_b380dd0d14ab41aca0e2,fc8f57db-14b0-510a-8403-655d55bc07ff,cask_type,hogshead;wine cask,0.95,smws,pending,NO_CHANGE
KB_a1568224d24040338207,fc8f57db-14b0-510a-8403-655d55bc07ff,age,10.0,0.95,smws,pending,NO_CHANGE
KB_ae7d88b6ccc24d9e9354,fc8f57db-14b0-510a-8403-655d55bc07ff,abv,59.7,0.95,smws,pending,NO_CHANGE
KB_bbf67faf65f74937a33e,fc8f57db-14b0-510a-8403-655d55bc07ff,region,Speyside,0.95,smws,pending,NO_CHANGE
KB_545b3dcf205f41a598ce,752ca0b5-c422-52fd-951e-a9673675b22d,age,15.0,0.95,smws,pending,NO_CHANGE
KB_9dbf8977868246188b40,752ca0b5-c422-52fd-951e-a9673675b22d,abv,60.1,0.95,smws,pending,NO_CHANGE
KB_856903b906924a6fa2fd,fa771b36-e4d3-5220-9bc8-0617a8448f30,cask_type,refill,0.95,smws,pending,NO_CHANGE
KB_0496a4bf890c4487b7e4,fa771b36-e4d3-5220-9bc8-0617a8448f30,age,17.0,0.95,smws,pending,NO_CHANGE
KB_9d0ea1c9d50a4a149786,fa771b36-e4d3-5220-9bc8-0617a8448f30,abv,58.8,0.95,smws,pending,NO_CHANGE
KB_0c0a689632b044ef896b,fa771b36-e4d3-5220-9bc8-0617a8448f30,region,Speyside,0.95,smws,pending,NO_CHANGE
KB_34a0b994ff564a98b5fb,f3f011f2-b25d-5179-8c04-076fc2a85544,cask_type,butt;sherry butt,0.95,smws,pending,NO_CHANGE
KB_58fb20c7a13a4addacc9,f3f011f2-b25d-5179-8c04-076fc2a85544,age,18.0,0.95,smws,pending,NO_CHANGE
KB_e3957029d62743ac8094,f3f011f2-b25d-5179-8c04-076fc2a85544,abv,53.8,0.95,smws,pending,NO_CHANGE
KB_789b050bb8974659b2ed,f3f011f2-b25d-5179-8c04-076fc2a85544,region,Speyside,0.95,smws,pending,NO_CHANGE
KB_ce6e7be827144bce8c21,7910972e-e232-5dba-915d-ef3f08fa2fb0,cask_type,butt;sherry butt,0.95,smws,pending,NO_CHANGE
KB_6d8565609c104255a6eb,7910972e-e232-5dba-915d-ef3f08fa2fb0,age,28.0,0.95,smws,pending,NO_CHANGE
KB_38d903acb2a84986b31b,7910972e-e232-5dba-915d-ef3f08fa2fb0,abv,53.2,0.95,smws,pending,NO_CHANGE
KB_05bc6c90fde44827a588,7910972e-e232-5dba-915d-ef3f08fa2fb0,region,Speyside,0.95,smws,pending,NO_CHANGE
KB_1c1c7152fd1c45f8bf60,8e2907f2-6c13-5ac0-a1d3-aac059598b90,cask_type,butt;sherry butt,0.95,smws,pending,NO_CHANGE
KB_817fde38ffc04ffba42e,8e2907f2-6c13-5ac0-a1d3-aac059598b90,age,19.0,0.95,smws,pending,NO_CHANGE
KB_460169057837423d879d,8e2907f2-6c13-5ac0-a1d3-aac059598b90,abv,56.1,0.95,smws,pending,NO_CHANGE
KB_5ce8d3fc342848eabd07,8e2907f2-6c13-5ac0-a1d3-aac059598b90,region,Speyside,0.95,smws,pending,NO_CHANGE
KB_bdc686bc44c446359082,e18688e2-f4bf-5bd5-a3de-095ea7c12f5b,cask_type,refill,0.95,smws,pending,NO_CHANGE
KB_6d768f291d4248d1b4d4,e18688e2-f4bf-5bd5-a3de-095ea7c12f5b,age,12.0,0.95,smws,pending,NO_CHANGE
KB_d2325e3b021c499ca0c4,e18688e2-f4bf-5bd5-a3de-095ea7c12f5b,abv,57.6,0.95,smws,pending,NO_CHANGE
KB_5d125fc8571b41c5b7d4,e18688e2-f4bf-5bd5-a3de-095ea7c12f5b,region,Speyside,0.95,smws,pending,NO_CHANGE
KB_71862bebcf704332a508,e5798dbd-bd37-50b6-acb8-0e3b106dd468,cask_type,refill,0.95,smws,pending,NO_CHANGE
KB_32b4ddcf2b114abdb363,e5798dbd-bd37-50b6-acb8-0e3b106dd468,age,12.0,0.95,smws,pending,NO_CHANGE
KB_19f47d5222a04fd584b2,e5798dbd-bd37-50b6-acb8-0e3b106dd468,abv,57.8,0.95,smws,pending,NO_CHANGE
KB_a2d7c622421541779865,e5798dbd-bd37-50b6-acb8-0e3b106dd468,region,Speyside,0.95,smws,pending,NO_CHANGE
KB_d7e69f63621742608425,64a27f21-5d90-5b2a-8658-10e1206fc801,cask_type,hogshead;refill,0.95,smws,pending,NO_CHANGE
KB_87a783069ca34472a1e3,64a27f21-5d90-5b2a-8658-10e1206fc801,age,20.0,0.95,smws,pending,NO_CHANGE
KB_d9ca165db9df40a1acb6,64a27f21-5d90-5b2a-8658-10e1206fc801,abv,57.4,0.95,smws,pending,NO_CHANGE
KB_5875a860a36049bb85d8,64a27f21-5d90-5b2a-8658-10e1206fc801,region,Speyside,0.95,smws,pending,NO_CHANGE
KB_fcb8ee11c299461bbfa8,411557a7-174a-56a5-9ff7-a4df831c49e5,cask_type,butt;sherry butt,0.95,smws,pending,NO_CHANGE
KB_1b05e427714f46eeb9c1,411557a7-174a-56a5-9ff7-a4df831c49e5,age,23.0,0.95,smws,pending,NO_CHANGE
KB_edcfeeb1c03843b28b3b,411557a7-174a-56a5-9ff7-a4df831c49e5,abv,57.5,0.95,smws,pending,NO_CHANGE
KB_4cd44b12cf4644a89ddd,411557a7-174a-56a5-9ff7-a4df831c49e5,region,Speyside,0.95,smws,pending,NO_CHANGE
KB_c2b06b10cc8444ad9373,89d05ac8-33ab-510a-b455-24233ab73114,cask_type,butt;sherry butt,0.95,smws,pending,NO_CHANGE
KB_d20ab57d31994311afbb,89d05ac8-33ab-510a-b455-24233ab73114,age,10.0,0.95,smws,pending,NO_CHANGE
KB_8e38632d3a464b08bdff,89d05ac8-33ab-510a-b455-24233ab73114,abv,58.9,0.95,smws,pending,NO_CHANGE
KB_913d127d41544b22be7c,89d05ac8-33ab-510a-b455-24233ab73114,region,Speyside,0.95,smws,pending,NO_CHANGE
KB_2a9526d7977b4a94beb6,0dccc341-154b-5284-962c-a6bd0040f621,cask_type,refill,0.95,smws,pending,NO_CHANGE
KB_615cdc2829d441a7a9d9,0dccc341-154b-5284-962c-a6bd0040f621,age,20.0,0.95,smws,pending,NO_CHANGE
KB_7d3cd1e870b94807bcef,0dccc341-154b-5284-962c-a6bd0040f621,abv,57.2,0.95,smws,pending,NO_CHANGE
KB_c084bdfa045f4b768f85,0dccc341-154b-5284-962c-a6bd0040f621,region,Speyside,0.95,smws,pending,NO_CHANGE
KB_1b79f106a6db428ab337,fe67b7c9-ffc7-58ae-84fa-1382508a5218,cask_type,refill,0.95,smws,pending,NO_CHANGE
KB_703638778fc14befbe11,fe67b7c9-ffc7-58ae-84fa-1382508a5218,age,20.0,0.95,smws,pending,NO_CHANGE
KB_d0ab077c9bbe459b9692,fe67b7c9-ffc7-58ae-84fa-1382508a5218,abv,57.7,0.95,smws,pending,NO_CHANGE
KB_2ddac81e900149dc936a,fe67b7c9-ffc7-58ae-84fa-1382508a5218,region,Speyside,0.95,smws,pending,NO_CHANGE
KB_0261278921524a118a7b,4a01c82a-3db3-5c8f-be3f-8e44c303493c,cask_type,butt;refill,0.95,smws,pending,NO_CHANGE
KB_d7178aefc4fc4a089cf5,4a01c82a-3db3-5c8f-be3f-8e44c303493c,age,24.0,0.95,smws,pending,NO_CHANGE
KB_64e6be5a22d2454c81ab,4a01c82a-3db3-5c8f-be3f-8e44c303493c,abv,57.0,0.95,smws,pending,NO_CHANGE
KB_aefb855716f1404dbace,4a01c82a-3db3-5c8f-be3f-8e44c303493c,region,Speyside,0.95,smws,pending,NO_CHANGE
KB_92318269f9cf4494ba60,1bc81389-4831-5bd2-b761-971e178944b2,cask_type,olorosa;sherry butt,0.95,smws,pending,NO_CHANGE
KB_868ef00fc8c24bbf9813,1bc81389-4831-5bd2-b761-971e178944b2,age,24.0,0.95,smws,pending,NO_CHANGE
KB_f00db69cffce41de9521,1bc81389-4831-5bd2-b761-971e178944b2,abv,57.2,0.95,smws,pending,NO_CHANGE
KB_5f51138c9c984d709484,1bc81389-4831-5bd2-b761-971e178944b2,region,Speyside,0.95,smws,pending,NO_CHANGE
KB_9c9928fec2fd4456b3e2,f9819506-4d77-5333-be41-077267d308d5,cask_type,butt;refill,0.95,smws,pending,NO_CHANGE
KB_6c0fab7851f5421e88a4,f9819506-4d77-5333-be41-077267d308d5,age,11.0,0.95,smws,pending,NO_CHANGE
KB_196e4beb252a494ab3a4,f9819506-4d77-5333-be41-077267d308d5,abv,59.8,0.95,smws,pending,NO_CHANGE
KB_ec7f1225a0a241e0b843,f9819506-4d77-5333-be41-077267d308d5,region,Speyside,0.95,smws,pending,NO_CHANGE
KB_c1f4d673e78b46f6a21b,30edb3eb-bfa3-5b61-8975-9c01b5fae902,cask_type,butt;refill,0.95,smws,pending,NO_CHANGE
KB_121c36c21c3d4826a03c,30edb3eb-bfa3-5b61-8975-9c01b5fae902,age,24.0,0.95,smws,pending,NO_CHANGE
KB_8b65ac5a6e5d4fc8a4cc,30edb3eb-bfa3-5b61-8975-9c01b5fae902,abv,58.4,0.95,smws,pending,NO_CHANGE
KB_6e193ea9835144609add,30edb3eb-bfa3-5b61-8975-9c01b5fae902,region,Speyside,0.95,smws,pending,NO_CHANGE
KB_8d016eadf0af4ca3a4b3,16695efa-7910-552d-ac74-1b768a2ea41a,cask_type,butt;refill,0.95,smws,pending,NO_CHANGE
KB_830312a5ab6a44fba1be,16695efa-7910-552d-ac74-1b768a2ea41a,age,24.0,0.95,smws,pending,NO_CHANGE
KB_bd8afd23d9c24a0b93fe,16695efa-7910-552d-ac74-1b768a2ea41a,abv,55.9,0.95,smws,pending,NO_CHANGE
KB_c46c3d0f07be42de9a48,16695efa-7910-552d-ac74-1b768a2ea41a,region,Speyside,0.95,smws,pending,NO_CHANGE
KB_7dca9812259b45d0a43b,ee9c20f2-430a-5a05-b317-f9a70aabe36f,cask_type,butt;refill,0.95,smws,pending,NO_CHANGE
KB_ad3599fbae5c4605bfc2,ee9c20f2-430a-5a05-b317-f9a70aabe36f,age,22.0,0.95,smws,pending,NO_CHANGE
KB_c884e016711d4cefb50a,ee9c20f2-430a-5a05-b317-f9a70aabe36f,abv,52.9,0.95,smws,pending,NO_CHANGE
KB_a1f18cf793fc466b9971,ee9c20f2-430a-5a05-b317-f9a70aabe36f,region,Speyside,0.95,smws,pending,NO_CHANGE
KB_99cde4c0934b490d936a,659fa17f-9402-5b4c-98bc-efe4cdcd0639,cask_type,hogshead;refill,0.95,smws,pending,NO_CHANGE
KB_2ce7a352158b43ae822f,659fa17f-9402-5b4c-98bc-efe4cdcd0639,age,18.0,0.95,smws,pending,NO_CHANGE
KB_c2ab3796cbe54040b592,659fa17f-9402-5b4c-98bc-efe4cdcd0639,abv,57.8,0.95,smws,pending,NO_CHANGE
KB_70e60fb597724b0aae1f,659fa17f-9402-5b4c-98bc-efe4cdcd0639,region,Speyside,0.95,smws,pending,NO_CHANGE
KB_34f6532b04ce4040b1aa,64bece66-a276-59cd-85e0-116eac0fe3fb,cask_type,first-fill barrel,0.95,smws,pending,NO_CHANGE
KB_9dfb1e353f31426d99e6,64bece66-a276-59cd-85e0-116eac0fe3fb,age,9.0,0.95,smws,pending,NO_CHANGE
KB_5ba910e8bd364c1986b6,64bece66-a276-59cd-85e0-116eac0fe3fb,abv,62.1,0.95,smws,pending,NO_CHANGE
KB_6c944fc801684313bd61,64bece66-a276-59cd-85e0-116eac0fe3fb,region,Speyside,0.95,smws,pending,NO_CHANGE
KB_25fb5c68edec457ba73f,221c78dd-bb71-5195-bd7f-0ed89a61bf3c,cask_type,butt;refill,0.95,smws,pending,NO_CHANGE
KB_49dbe5108b5841eea692,221c78dd-bb71-5195-bd7f-0ed89a61bf3c,age,19.0,0.95,smws,pending,NO_CHANGE
KB_750046244e084e27aa45,221c78dd-bb71-5195-bd7f-0ed89a61bf3c,abv,59.3,0.95,smws,pending,NO_CHANGE
KB_ba3cd8379a80464a989c,221c78dd-bb71-5195-bd7f-0ed89a61bf3c,region,Speyside,0.95,smws,pending,NO_CHANGE
KB_9d12408dfc8f41bd9d37,a8d7748f-0f85-5d44-863a-0505f8fe138e,cask_type,first-fill barrel,0.95,smws,pending,NO_CHANGE
KB_4cf2c113e24443c0bd4c,a8d7748f-0f85-5d44-863a-0505f8fe138e,age,8.0,0.95,smws,pending,NO_CHANGE
KB_bf1018448ba9454fb100,a8d7748f-0f85-5d44-863a-0505f8fe138e,abv,59.5,0.95,smws,pending,NO_CHANGE
KB_39211e138508466397ee,a8d7748f-0f85-5d44-863a-0505f8fe138e,region,Speyside,0.95,smws,pending,NO_CHANGE
KB_4c6b55ff1bed4dada55f,f34d1084-aceb-5e69-aa4c-3d706a26afcd,cask_type,first-fill barrel,0.95,smws,pending,NO_CHANGE
KB_74264383fb064ecea28a,f34d1084-aceb-5e69-aa4c-3d706a26afcd,age,11.0,0.95,smws,pending,NO_CHANGE
KB_e55f1f5338854c4ba28c,f34d1084-aceb-5e69-aa4c-3d706a26afcd,abv,58.5,0.95,smws,pending,NO_CHANGE
KB_14119388a6c745deafd9,f34d1084-aceb-5e69-aa4c-3d706a26afcd,region,Speyside,0.95,smws,pending,NO_CHANGE
KB_d5944a81db544eb68d57,219ebc0e-daa5-51ab-8faa-05c8d6c4820f,cask_type,hogshead;refill,0.95,smws,pending,NO_CHANGE
KB_1407743b6d8f436cac39,219ebc0e-daa5-51ab-8faa-05c8d6c4820f,age,26.0,0.95,smws,pending,NO_CHANGE
KB_12973d6efa8348eb81af,219ebc0e-daa5-51ab-8faa-05c8d6c4820f,abv,58.0,0.95,smws,pending,NO_CHANGE
KB_29309ff54463471eb52d,219ebc0e-daa5-51ab-8faa-05c8d6c4820f,region,Speyside,0.95,smws,pending,NO_CHANGE
KB_fefb1d31ea194ae8bf18,0c56eb49-b5da-5493-b1ff-c097bcda1408,cask_type,hogshead;refill,0.95,smws,pending,NO_CHANGE
KB_d48470fc86824db19047,0c56eb49-b5da-5493-b1ff-c097bcda1408,age,27.0,0.95,smws,pending,NO_CHANGE
KB_a6345b17ee05487e80ca,0c56eb49-b5da-5493-b1ff-c097bcda1408,abv,49.5,0.95,smws,pending,NO_CHANGE
KB_4e2412999805455db3f7,0c56eb49-b5da-5493-b1ff-c097bcda1408,region,Speyside,0.95,smws,pending,NO_CHANGE
KB_cc729ac1fa3b4af7855f,2e8dc7db-7fb6-5efc-898f-4dcf24d7fc7a,cask_type,butt;refill,0.95,smws,pending,NO_CHANGE
KB_628262c5141e4028a184,2e8dc7db-7fb6-5efc-898f-4dcf24d7fc7a,age,18.0,0.95,smws,pending,NO_CHANGE
KB_92b569e87de84ada9d14,2e8dc7db-7fb6-5efc-898f-4dcf24d7fc7a,abv,56.7,0.95,smws,pending,NO_CHANGE
KB_6dd4e1f268834399bfeb,2e8dc7db-7fb6-5efc-898f-4dcf24d7fc7a,region,Speyside,0.95,smws,pending,NO_CHANGE
KB_7b2cbe804c4a449ea0fa,0280ab12-6806-55fd-a2c4-5f2312fb186a,cask_type,first-fill barrel,0.95,smws,pending,NO_CHANGE
KB_62fcb4485b19495e869e,0280ab12-6806-55fd-a2c4-5f2312fb186a,age,10.0,0.95,smws,pending,NO_CHANGE
KB_ce595c5571794f37b12e,0280ab12-6806-55fd-a2c4-5f2312fb186a,abv,58.9,0.95,smws,pending,NO_CHANGE
KB_e2bdfdc105e045ca9390,0280ab12-6806-55fd-a2c4-5f2312fb186a,region,Speyside,0.95,smws,pending,NO_CHANGE
KB_74a5ac31d1994b94951f,bef097ab-93a1-529c-b120-7fd87b6120ca,cask_type,hogshead;refill,0.95,smws,pending,NO_CHANGE
KB_a3b7b918d4ba44b5ba67,bef097ab-93a1-529c-b120-7fd87b6120ca,age,28.0,0.95,smws,pending,NO_CHANGE
KB_9c83c17592f946a2b1d9,bef097ab-93a1-529c-b120-7fd87b6120ca,abv,55.9,0.95,smws,pending,NO_CHANGE
KB_6292fcfa6597416ca8ac,bef097ab-93a1-529c-b120-7fd87b6120ca,region,Speyside,0.95,smws,pending,NO_CHANGE
KB_c68afc44f76645bb87f8,9dc633f5-ba81-56d7-974d-c53755c4717a,cask_type,hogshead;refill,0.95,smws,pending,NO_CHANGE
KB_9e0c0b7e91bd407194df,9dc633f5-ba81-56d7-974d-c53755c4717a,age,28.0,0.95,smws,pending,NO_CHANGE
KB_8e5addeaecfb423d9ee5,9dc633f5-ba81-56d7-974d-c53755c4717a,abv,54.0,0.95,smws,pending,NO_CHANGE
KB_ac1ed2870655441aa6ad,9dc633f5-ba81-56d7-974d-c53755c4717a,region,Speyside,0.95,smws,pending,NO_CHANGE
KB_6de0a571142f45e3a906,5f4f2d5f-070a-50c4-a62a-aa719e3c30e2,cask_type,hogshead;refill,0.95,smws,pending,NO_CHANGE
KB_02e71dd719bf40ba824e,5f4f2d5f-070a-50c4-a62a-aa719e3c30e2,age,28.0,0.95,smws,pending,NO_CHANGE
KB_3efc3ab3074d4c2298e0,5f4f2d5f-070a-50c4-a62a-aa719e3c30e2,abv,57.0,0.95,smws,pending,NO_CHANGE
KB_757e40f0e1e547b095bb,5f4f2d5f-070a-50c4-a62a-aa719e3c30e2,region,Speyside,0.95,smws,pending,NO_CHANGE
KB_710f14ff69574bcd9057,741ae3e7-d2db-53fb-9dae-37d261992741,age,10.0,0.95,smws,pending,NO_CHANGE
KB_0ac748617da744008dca,741ae3e7-d2db-53fb-9dae-37d261992741,abv,59.8,0.95,smws,pending,NO_CHANGE
KB_e4a12bc958a84960add9,0a22e0a5-c1ea-5b81-b5ae-88bd79521596,cask_type,hogshead;refill,0.95,smws,pending,NO_CHANGE
KB_aff889993a2d47f0a967,0a22e0a5-c1ea-5b81-b5ae-88bd79521596,age,23.0,0.95,smws,pending,NO_CHANGE
KB_86104dacb93a434d8a28,0a22e0a5-c1ea-5b81-b5ae-88bd79521596,abv,58.5,0.95,smws,pending,NO_CHANGE
KB_06eb4ba0690242c9bee2,0a22e0a5-c1ea-5b81-b5ae-88bd79521596,region,Speyside,0.95,smws,pending,NO_CHANGE
KB_ae74525f11334673a288,c0b90a52-c229-5089-ab19-85bce0b1c238,cask_type,butt;sherry butt,0.95,smws,pending,NO_CHANGE
KB_6685f1efec7a44a2a4c3,c0b90a52-c229-5089-ab19-85bce0b1c238,age,15.0,0.95,smws,pending,NO_CHANGE
KB_f4638bf477204c14a9d8,c0b90a52-c229-5089-ab19-85bce0b1c238,abv,57.6,0.95,smws,pending,NO_CHANGE
KB_2cad44112e984945a1af,c0b90a52-c229-5089-ab19-85bce0b1c238,region,Speyside,0.95,smws,pending,NO_CHANGE
KB_1844d27272d14f4585c7,6fcc98cd-2e99-592a-8843-916dc6e0ee1a,cask_type,butt;first-fill;sherry butt,0.95,smws,pending,NO_CHANGE
KB_fc5fb0d9827440d391e5,6fcc98cd-2e99-592a-8843-916dc6e0ee1a,age,14.0,0.95,smws,pending,NO_CHANGE
KB_f37b3f76dead49bd82d4,6fcc98cd-2e99-592a-8843-916dc6e0ee1a,abv,55.8,0.95,smws,pending,NO_CHANGE
KB_5d5f9c5665e44a5e8917,6fcc98cd-2e99-592a-8843-916dc6e0ee1a,region,Speyside,0.95,smws,pending,NO_CHANGE
KB_7d8940b2f5eb4a88ac1e,3dd332bd-8e00-50bb-a3a5-69e382ecb5b2,cask_type,butt;sherry butt,0.95,smws,pending,NO_CHANGE
KB_0b9316e5d46240d48bff,3dd332bd-8e00-50bb-a3a5-69e382ecb5b2,age,16.0,0.95,smws,pending,NO_CHANGE
KB_ace4846d11d64e3d93ab,3dd332bd-8e00-50bb-a3a5-69e382ecb5b2,abv,58.9,0.95,smws,pending,NO_CHANGE
KB_78a976286fd84c7b8de8,3dd332bd-8e00-50bb-a3a5-69e382ecb5b2,region,Speyside,0.95,smws,pending,NO_CHANGE
KB_8a3c6799acc94f0ebc4c,10b6adca-257b-5eeb-a9d0-747a44a007f6,cask_type,first-fill barrel,0.95,smws,pending,NO_CHANGE
KB_774175b39ce045d6ad5c,10b6adca-257b-5eeb-a9d0-747a44a007f6,age,8.0,0.95,smws,pending,NO_CHANGE
KB_de8eb949b5ef4abbaa19,10b6adca-257b-5eeb-a9d0-747a44a007f6,abv,60.1,0.95,smws,pending,NO_CHANGE
KB_3f5bf1b3c1094466a675,10b6adca-257b-5eeb-a9d0-747a44a007f6,region,Speyside,0.95,smws,pending,NO_CHANGE
KB_3c2f374e77354f4d8fbe,549cadc7-e9b9-516a-8616-09d62dc14bf0,cask_type,butt;sherry butt,0.95,smws,pending,NO_CHANGE
KB_778ee57fcb2d45c29d4c,549cadc7-e9b9-516a-8616-09d62dc14bf0,age,21.0,0.95,smws,pending,NO_CHANGE
KB_a6adde5f78974ed494b2,549cadc7-e9b9-516a-8616-09d62dc14bf0,abv,57.8,0.95,smws,pending,NO_CHANGE
KB_4386e17f54cd4fcc8ff8,549cadc7-e9b9-516a-8616-09d62dc14bf0,region,Speyside,0.95,smws,pending,NO_CHANGE
KB_442c2900ad2c43d2acd8,2f459f94-f840-5e81-94f2-609a527e9ae0,cask_type,butt;sherry butt,0.95,smws,pending,NO_CHANGE
KB_306e89d5906043b895c0,2f459f94-f840-5e81-94f2-609a527e9ae0,age,15.0,0.95,smws,pending,NO_CHANGE
KB_a453a887f7614d0ab5a8,2f459f94-f840-5e81-94f2-609a527e9ae0,abv,55.2,0.95,smws,pending,NO_CHANGE
KB_b77ee99e31964c299f93,2f459f94-f840-5e81-94f2-609a527e9ae0,region,Speyside,0.95,smws,pending,NO_CHANGE
KB_c65c91b58906458ea5be,c67fbbe5-64e6-5ad6-8b88-49c53ec76e5f,age,9.0,0.95,smws,pending,NO_CHANGE
KB_0a33ab04ed9f496fbdb1,c67fbbe5-64e6-5ad6-8b88-49c53ec76e5f,abv,58.9,0.95,smws,pending,NO_CHANGE
KB_10a35a61dcab40b4ac4a,c67fbbe5-64e6-5ad6-8b88-49c53ec76e5f,region,Speyside,0.95,smws,pending,NO_CHANGE
KB_72af122fd2dd4855988c,ab03948b-3bbf-5756-a153-4fc2c3a76be9,cask_type,hogshead;refill,0.95,smws,pending,NO_CHANGE
KB_9c17f09cf9f14f72a360,ab03948b-3bbf-5756-a153-4fc2c3a76be9,age,26.0,0.95,smws,pending,NO_CHANGE
KB_527335aa0a184083aa9d,ab03948b-3bbf-5756-a153-4fc2c3a76be9,abv,59.4,0.95,smws,pending,NO_CHANGE
KB_05bb33b330a846659587,ab03948b-3bbf-5756-a153-4fc2c3a76be9,region,Speyside,0.95,smws,pending,NO_CHANGE
KB_53713825fb1a401d8c1e,cc5dce24-ab72-5240-8b3d-f6eb89f15751,cask_type,hogshead;refill,0.95,smws,pending,NO_CHANGE
KB_a5e09e49ca694bd29db8,cc5dce24-ab72-5240-8b3d-f6eb89f15751,age,25.0,0.95,smws,pending,NO_CHANGE
KB_aa00cab763ec40fe8565,cc5dce24-ab72-5240-8b3d-f6eb89f15751,abv,55.2,0.95,smws,pending,NO_CHANGE
KB_cddde3b9ec464aa0bed9,cc5dce24-ab72-5240-8b3d-f6eb89f15751,region,Speyside,0.95,smws,pending,NO_CHANGE
KB_21047c9d497c4e109041,5481dcb4-a598-57f4-b634-0a2e4256aa3d,cask_type,butt;refill,0.95,smws,pending,NO_CHANGE
KB_406edcc638b34627955d,5481dcb4-a598-57f4-b634-0a2e4256aa3d,age,17.0,0.95,smws,pending,NO_CHANGE
KB_eab7998ce40e4e6d99f9,5481dcb4-a598-57f4-b634-0a2e4256aa3d,abv,57.2,0.95,smws,pending,NO_CHANGE
KB_e0451338701c4997aa34,5481dcb4-a598-57f4-b634-0a2e4256aa3d,region,Speyside,0.95,smws,pending,NO_CHANGE
KB_aa5e05e1216f4523b791,7c33a44c-e616-56d7-b62c-b00c06c9421a,cask_type,first-fill barrel,0.95,smws,pending,NO_CHANGE
KB_0a9b7910dba84517b518,7c33a44c-e616-56d7-b62c-b00c06c9421a,age,9.0,0.95,smws,pending,NO_CHANGE
KB_d02ebbb804b9467c890e,7c33a44c-e616-56d7-b62c-b00c06c9421a,abv,61.7,0.95,smws,pending,NO_CHANGE
KB_58712cc1ced54e3f8d45,7c33a44c-e616-56d7-b62c-b00c06c9421a,region,Speyside,0.95,smws,pending,NO_CHANGE
KB_0a4d18607c0446788738,4ab82ff5-abef-551c-b8cf-6b145556807a,cask_type,hogshead;refill,0.95,smws,pending,NO_CHANGE
KB_e4ba7880e9a543459362,4ab82ff5-abef-551c-b8cf-6b145556807a,age,22.0,0.95,smws,pending,NO_CHANGE
KB_4d89afd5ea61433fb62d,4ab82ff5-abef-551c-b8cf-6b145556807a,abv,58.8,0.95,smws,pending,NO_CHANGE
KB_0f84fce59faf47baa402,19855d22-d283-544c-a121-614fa26f6d2e,age,23.0,0.95,smws,pending,NO_CHANGE
KB_4d739ff85557402b9359,19855d22-d283-544c-a121-614fa26f6d2e,abv,56.8,0.95,smws,pending,NO_CHANGE
KB_932a1b5a9a4d4cd990b2,d1981713-e98c-5f54-81a0-2b2896907de6,cask_type,hogshead;refill,0.95,smws,pending,NO_CHANGE
KB_d330bc7d5abc48bfa700,d1981713-e98c-5f54-81a0-2b2896907de6,age,23.0,0.95,smws,pending,NO_CHANGE
KB_642626bb7d7148e2ae22,d1981713-e98c-5f54-81a0-2b2896907de6,abv,56.8,0.95,smws,pending,NO_CHANGE
KB_856dc1f427b449b3a8d9,da27ee95-83e4-504a-88eb-0806692b48cb,cask_type,hogshead;refill,0.95,smws,pending,NO_CHANGE
KB_cbff7ef103af442cbac6,da27ee95-83e4-504a-88eb-0806692b48cb,age,11.0,0.95,smws,pending,NO_CHANGE
KB_ade2262c083445b8999d,da27ee95-83e4-504a-88eb-0806692b48cb,abv,55.2,0.95,smws,pending,NO_CHANGE
KB_e2e8afe581fe45829e29,cf2068aa-0fac-581e-9846-b083de235ac5,cask_type,hogshead,0.95,smws,pending,NO_CHANGE
KB_77a0036d1c7f459f9117,cf2068aa-0fac-581e-9846-b083de235ac5,age,25.0,0.95,smws,pending,NO_CHANGE
KB_4ae5f5d50c324e4590e4,cf2068aa-0fac-581e-9846-b083de235ac5,abv,54.9,0.95,smws,pending,NO_CHANGE
KB_b265be0e5ded437cb6f0,cf2068aa-0fac-581e-9846-b083de235ac5,region,Highland,0.95,smws,pending,NO_CHANGE
KB_b9e2d80333c34c85806d,6cb6a8ef-a2c6-530d-b1fe-473f6d2028b9,cask_type,hogshead;refill,0.95,smws,pending,NO_CHANGE
KB_63d8ef98c4ed48188ec7,6cb6a8ef-a2c6-530d-b1fe-473f6d2028b9,age,9.0,0.95,smws,pending,NO_CHANGE
KB_3e8dee2ddc9c4977bc79,6cb6a8ef-a2c6-530d-b1fe-473f6d2028b9,abv,61.9,0.95,smws,pending,NO_CHANGE
KB_8e9c6a7a7eb24f4592ae,6cb6a8ef-a2c6-530d-b1fe-473f6d2028b9,region,Highland,0.95,smws,pending,NO_CHANGE
KB_156e7ec42a734d86aa65,ee70ee48-d0ee-5c67-a09d-1476f49706b6,cask_type,refill,0.95,smws,pending,NO_CHANGE
KB_d882e6e2f35140359518,ee70ee48-d0ee-5c67-a09d-1476f49706b6,age,11.0,0.95,smws,pending,NO_CHANGE
KB_64ca8c770e784c8f9b3e,ee70ee48-d0ee-5c67-a09d-1476f49706b6,abv,58.0,0.95,smws,pending,NO_CHANGE
KB_d711a36bcfa544df8622,ee70ee48-d0ee-5c67-a09d-1476f49706b6,region,Highland,0.95,smws,pending,NO_CHANGE
KB_069dfba6949d49cbbeaf,39507de9-8840-575a-8cfe-228d45578d40,cask_type,refill,0.95,smws,pending,NO_CHANGE
KB_31ca6b8f2a464e8e8f18,39507de9-8840-575a-8cfe-228d45578d40,age,11.0,0.95,smws,pending,NO_CHANGE
KB_d6850728f424470b8c56,39507de9-8840-575a-8cfe-228d45578d40,abv,58.4,0.95,smws,pending,NO_CHANGE
KB_1b05e5ed902248189057,39507de9-8840-575a-8cfe-228d45578d40,region,Highland,0.95,smws,pending,NO_CHANGE
KB_74dde538363644d6af7a,ed611e8d-52c4-5ee8-a5cd-39c766619fab,cask_type,butt;sherry butt,0.95,smws,pending,NO_CHANGE
KB_2c074138bc154c379bc8,ed611e8d-52c4-5ee8-a5cd-39c766619fab,age,16.0,0.95,smws,pending,NO_CHANGE
KB_0acd394454ff4074a25d,ed611e8d-52c4-5ee8-a5cd-39c766619fab,abv,55.1,0.95,smws,pending,NO_CHANGE
KB_06940d83bf854ba88dac,ed611e8d-52c4-5ee8-a5cd-39c766619fab,region,Highland,0.95,smws,pending,NO_CHANGE
KB_db15d72e398b4aa48610,332742fb-7e74-54ea-b106-ef4891386b98,cask_type,butt;sherry butt,0.95,smws,pending,NO_CHANGE
KB_24631dfd451d4c329e2c,332742fb-7e74-54ea-b106-ef4891386b98,age,32.0,0.95,smws,pending,NO_CHANGE
KB_2ada74ca912040a2bc8a,332742fb-7e74-54ea-b106-ef4891386b98,abv,56.4,0.95,smws,pending,NO_CHANGE
KB_57fbee787057488c8fc0,b5e4ba52-de1f-527a-81f7-87f07b3560e9,age,13.0,0.95,smws,pending,NO_CHANGE
KB_41d8d5815ff84c7f9018,b5e4ba52-de1f-527a-81f7-87f07b3560e9,abv,60.5,0.95,smws,pending,NO_CHANGE
KB_642726e7ef2e4aa0b1b1,9e1c7d21-d46e-501f-b4db-cb9c49b927e2,cask_type,olorosa,0.95,smws,pending,NO_CHANGE
KB_0f17d9d9159749a183ea,9e1c7d21-d46e-501f-b4db-cb9c49b927e2,age,32.0,0.95,smws,pending,NO_CHANGE
KB_35edd07438994c70a08a,9e1c7d21-d46e-501f-b4db-cb9c49b927e2,abv,55.0,0.95,smws,pending,NO_CHANGE
KB_6ad394efb30646a9813e,82b4b3aa-0e01-50cc-baf0-9c7833bb4889,cask_type,puncheon;refill,0.95,smws,pending,NO_CHANGE
KB_42fd1795611d494f9d3a,82b4b3aa-0e01-50cc-baf0-9c7833bb4889,age,13.0,0.95,smws,pending,NO_CHANGE
KB_dd0edd039da645dab517,82b4b3aa-0e01-50cc-baf0-9c7833bb4889,abv,55.7,0.95,smws,pending,NO_CHANGE
KB_7838580884194a53b605,104887c8-abd6-5fae-becf-239ad918692a,cask_type,olorosa;sherry butt,0.95,smws,pending,NO_CHANGE
KB_0265cad8ecf94f0f95a7,104887c8-abd6-5fae-becf-239ad918692a,age,17.0,0.95,smws,pending,NO_CHANGE
KB_2f7c04ca76b34395ae21,104887c8-abd6-5fae-becf-239ad918692a,abv,54.9,0.95,smws,pending,NO_CHANGE
KB_195a86f110f24b578598,104887c8-abd6-5fae-becf-239ad918692a,region,Highland,0.95,smws,pending,NO_CHANGE
KB_d7a7adb9e0bd4016a5d1,77c09b79-6362-5af1-91de-efd402793afe,cask_type,hogshead;refill,0.95,smws,pending,NO_CHANGE
KB_55b87ad5771b4277ac19,77c09b79-6362-5af1-91de-efd402793afe,age,12.0,0.95,smws,pending,NO_CHANGE
KB_70c3a07a73e74709a918,77c09b79-6362-5af1-91de-efd402793afe,abv,59.3,0.95,smws,pending,NO_CHANGE
KB_ddcac346019149cea5fd,77c09b79-6362-5af1-91de-efd402793afe,region,Speyside,0.95,smws,pending,NO_CHANGE
KB_6cf66e2f44724c349670,a476297a-52c4-5ea1-b5d3-e71272f798d7,cask_type,refill,0.95,smws,pending,NO_CHANGE
KB_e7b4d2133a83432383f5,a476297a-52c4-5ea1-b5d3-e71272f798d7,age,11.0,0.95,smws,pending,NO_CHANGE
KB_a0bafde40d9b46c18dc0,a476297a-52c4-5ea1-b5d3-e71272f798d7,abv,56.4,0.95,smws,pending,NO_CHANGE
KB_45c40e1642ff4dd8962b,a476297a-52c4-5ea1-b5d3-e71272f798d7,region,Speyside,0.95,smws,pending,NO_CHANGE
KB_aa38f064b5694d46a64f,f76b4f4e-43c3-5527-aac8-d588a46256ae,cask_type,refill,0.95,smws,pending,NO_CHANGE
KB_40768733f57941d5a130,f76b4f4e-43c3-5527-aac8-d588a46256ae,age,13.0,0.95,smws,pending,NO_CHANGE
KB_eb2896697ed94bff8094,f76b4f4e-43c3-5527-aac8-d588a46256ae,abv,56.6,0.95,smws,pending,NO_CHANGE
KB_866436e4ef7c4fcc83cf,f76b4f4e-43c3-5527-aac8-d588a46256ae,region,Speyside,0.95,smws,pending,NO_CHANGE
KB_408eeb10aed74272ab53,fd6370a3-9f51-5217-b71d-e3acf90b390f,age,14.0,0.95,smws,pending,NO_CHANGE
KB_e84d9f62010f4cb5bb99,fd6370a3-9f51-5217-b71d-e3acf90b390f,abv,55.3,0.95,smws,pending,NO_CHANGE
KB_4acfd5653d0046d09120,fd6370a3-9f51-5217-b71d-e3acf90b390f,region,Speyside,0.95,smws,pending,NO_CHANGE
KB_f9023d29c1764a9d80bb,68029326-80e1-58d6-b7ad-e3f741a03fde,age,9.0,0.95,smws,pending,NO_CHANGE
KB_77de8007f2cf462f81d9,68029326-80e1-58d6-b7ad-e3f741a03fde,abv,58.7,0.95,smws,pending,NO_CHANGE
KB_3d3e961256094e2fa931,c30c9832-554a-5c5d-af13-9971a95e97dd,cask_type,butt;refill,0.95,smws,pending,NO_CHANGE
KB_a1f26beb4449455fba12,c30c9832-554a-5c5d-af13-9971a95e97dd,age,10.0,0.95,smws,pending,NO_CHANGE
KB_493f1b7c9f16497fb0ec,c30c9832-554a-5c5d-af13-9971a95e97dd,abv,60.2,0.95,smws,pending,NO_CHANGE
KB_3a371e14e4224f20bf78,c30c9832-554a-5c5d-af13-9971a95e97dd,region,Speyside,0.95,smws,pending,NO_CHANGE
KB_a845b2dce5bb4591a0ff,a7bde329-5296-5cf5-a9cb-367459f8e0a6,cask_type,butt;sherry butt,0.95,smws,pending,NO_CHANGE
KB_bc42e267dbad4df581fd,a7bde329-5296-5cf5-a9cb-367459f8e0a6,age,12.0,0.95,smws,pending,NO_CHANGE
KB_0115555a40ce403b9db9,a7bde329-5296-5cf5-a9cb-367459f8e0a6,abv,60.0,0.95,smws,pending,NO_CHANGE
KB_ee9902cb4e884c6e87fb,a7bde329-5296-5cf5-a9cb-367459f8e0a6,region,Speyside,0.95,smws,pending,NO_CHANGE
KB_61876f7bc24d4c498139,116dcdfc-c858-5bfd-aa9d-d3a78211ff7a,cask_type,butt;sherry butt,0.95,smws,pending,NO_CHANGE
KB_a95bfb6795ba490fb2ee,116dcdfc-c858-5bfd-aa9d-d3a78211ff7a,age,12.0,0.95,smws,pending,NO_CHANGE
KB_f0d91d051e6c4bfeb60b,116dcdfc-c858-5bfd-aa9d-d3a78211ff7a,abv,59.4,0.95,smws,pending,NO_CHANGE
KB_11ba7887ae7d47389841,116dcdfc-c858-5bfd-aa9d-d3a78211ff7a,region,Speyside,0.95,smws,pending,NO_CHANGE
KB_bd307f6617bc46f7b774,0995b0b0-eefd-5387-92cf-f2375ccb7322,cask_type,hogshead;refill,0.95,smws,pending,NO_CHANGE
KB_767e333189834cda89a5,0995b0b0-eefd-5387-92cf-f2375ccb7322,age,13.0,0.95,smws,pending,NO_CHANGE
KB_714ab348940d455a917d,0995b0b0-eefd-5387-92cf-f2375ccb7322,abv,56.3,0.95,smws,pending,NO_CHANGE
KB_984d6f3b2abd4c53b3ae,0995b0b0-eefd-5387-92cf-f2375ccb7322,region,Speyside,0.95,smws,pending,NO_CHANGE
KB_eabb66feeaf74084931a,ee0ad751-8b26-56f4-8bf6-0554a423bc61,cask_type,hogshead;refill,0.95,smws,pending,NO_CHANGE
KB_1d176313ad9b45b2a176,ee0ad751-8b26-56f4-8bf6-0554a423bc61,age,29.0,0.95,smws,pending,NO_CHANGE
KB_08d4a63a817e49b9b547,ee0ad751-8b26-56f4-8bf6-0554a423bc61,abv,44.1,0.95,smws,pending,NO_CHANGE
KB_2d424a7cb4fc40bba83d,ee0ad751-8b26-56f4-8bf6-0554a423bc61,region,Speyside,0.95,smws,pending,NO_CHANGE
KB_5356a7310a054373a69c,d4172067-7833-5b17-9570-3cb93f05c752,cask_type,hogshead;refill,0.95,smws,pending,NO_CHANGE
KB_e612fbaf0e684ca68b3f,d4172067-7833-5b17-9570-3cb93f05c752,age,15.0,0.95,smws,pending,NO_CHANGE
KB_6f782cff02434566bfb6,d4172067-7833-5b17-9570-3cb93f05c752,abv,54.2,0.95,smws,pending,NO_CHANGE
KB_e3a9cbf9169b413ba6f0,d4172067-7833-5b17-9570-3cb93f05c752,region,Speyside,0.95,smws,pending,NO_CHANGE
KB_cbc592e905804cf39837,4968639a-5c6f-5170-a24f-491787ad174d,cask_type,first-fill barrel,0.95,smws,pending,NO_CHANGE
KB_4af243e9f9434bea945f,4968639a-5c6f-5170-a24f-491787ad174d,age,9.0,0.95,smws,pending,NO_CHANGE
KB_759f18ee675848d3af18,4968639a-5c6f-5170-a24f-491787ad174d,abv,60.6,0.95,smws,pending,NO_CHANGE
KB_9b111e8d62b947cf8ba4,4968639a-5c6f-5170-a24f-491787ad174d,region,Speyside,0.95,smws,pending,NO_CHANGE
KB_0a6fcf289b5646f19036,3a3722df-f44d-5007-ac82-7ad965e4d906,cask_type,refill,0.95,smws,pending,NO_CHANGE
KB_a573a4f9292b41f99699,3a3722df-f44d-5007-ac82-7ad965e4d906,age,19.0,0.95,smws,pending,NO_CHANGE
KB_0cf9d56be769496c8a14,3a3722df-f44d-5007-ac82-7ad965e4d906,abv,56.7,0.95,smws,pending,NO_CHANGE
KB_2b314bb577b3451aaa80,3a3722df-f44d-5007-ac82-7ad965e4d906,region,Speyside,0.95,smws,pending,NO_CHANGE
KB_fa3a13ac094b40f2995d,383db153-5ff5-55af-b798-483269f9139d,age,14.0,0.95,smws,pending,NO_CHANGE
KB_72decbf8543f4f92baf4,383db153-5ff5-55af-b798-483269f9139d,abv,64.5,0.95,smws,pending,NO_CHANGE
KB_081ba533ce6d410d9271,6930804a-cb30-545b-b9bf-a071bde3cf2d,cask_type,hogshead;refill,0.95,smws,pending,NO_CHANGE
KB_f3f3bacd093a4770b9b0,6930804a-cb30-545b-b9bf-a071bde3cf2d,age,14.0,0.95,smws,pending,NO_CHANGE
KB_618b931b52ad4d05a9f9,6930804a-cb30-545b-b9bf-a071bde3cf2d,abv,65.3,0.95,smws,pending,NO_CHANGE
KB_b0d0829507bb4e49b818,8f1ebd93-a589-5854-b4c9-d477829f0a8b,cask_type,hogshead;refill,0.95,smws,pending,NO_CHANGE
KB_12cbdbd9c495405b9cd1,8f1ebd93-a589-5854-b4c9-d477829f0a8b,age,15.0,0.95,smws,pending,NO_CHANGE
KB_376a3254d41447019fd0,8f1ebd93-a589-5854-b4c9-d477829f0a8b,abv,61.3,0.95,smws,pending,NO_CHANGE
KB_04083bbf4ab340ef8f94,4d5cc295-60dc-550a-877c-1dadbf07cc1f,cask_type,butt;refill,0.95,smws,pending,NO_CHANGE
KB_eabb1cefa1384217bb27,4d5cc295-60dc-550a-877c-1dadbf07cc1f,age,17.0,0.95,smws,pending,NO_CHANGE
KB_0f2c5110bb04475b893e,4d5cc295-60dc-550a-877c-1dadbf07cc1f,abv,57.5,0.95,smws,pending,NO_CHANGE
KB_94bae94272cb4187ad9f,4d5cc295-60dc-550a-877c-1dadbf07cc1f,region,Campbeltown,0.95,smws,pending,NO_CHANGE
KB_24616611a40e4365b29a,7734a93e-da20-5711-a082-4511a26dd3b4,cask_type,refill,0.95,smws,pending,NO_CHANGE
KB_ebc34839f4254b1aba8c,7734a93e-da20-5711-a082-4511a26dd3b4,age,17.0,0.95,smws,pending,NO_CHANGE
KB_6fd1389c97f54ae08b90,7734a93e-da20-5711-a082-4511a26dd3b4,abv,64.3,0.95,smws,pending,NO_CHANGE
KB_9dc3c359b48044e09135,7734a93e-da20-5711-a082-4511a26dd3b4,region,Campbeltown,0.95,smws,pending,NO_CHANGE
KB_bc1451c00e88460c8c48,ee8f6868-3489-5852-8386-c71039cc13c6,age,10.0,0.95,smws,pending,NO_CHANGE
KB_e1bad931fe2e4d679675,ee8f6868-3489-5852-8386-c71039cc13c6,abv,59.6,0.95,smws,pending,NO_CHANGE
KB_b4605a212894401893ad,ee8f6868-3489-5852-8386-c71039cc13c6,region,Campbeltown,0.95,smws,pending,NO_CHANGE
KB_6b9b901a8f14467b9652,0f9afeae-b37e-5bc1-af6d-e25c0047c034,cask_type,refill,0.95,smws,pending,NO_CHANGE
KB_bd3a91df1581419aa1af,0f9afeae-b37e-5bc1-af6d-e25c0047c034,age,11.0,0.95,smws,pending,NO_CHANGE
KB_708fa93ae85e4d398035,0f9afeae-b37e-5bc1-af6d-e25c0047c034,abv,61.8,0.95,smws,pending,NO_CHANGE
KB_dc7788d183de49ed8b12,0f9afeae-b37e-5bc1-af6d-e25c0047c034,region,Campbeltown,0.95,smws,pending,NO_CHANGE
KB_76553f6d24424712b289,2676fa53-9a48-500b-be55-022e0b89f713,age,12.0,0.95,smws,pending,NO_CHANGE
KB_89ae2c589c474a618c55,2676fa53-9a48-500b-be55-022e0b89f713,abv,59.8,0.95,smws,pending,NO_CHANGE
KB_f781c8109cbb432c82dc,2676fa53-9a48-500b-be55-022e0b89f713,region,Campbeltown,0.95,smws,pending,NO_CHANGE
KB_8a13ff21664c405ca09f,4f332474-6427-59b8-9f51-7305c5115a5d,cask_type,refill,0.95,smws,pending,NO_CHANGE
KB_d31c8b7e89b14785bced,4f332474-6427-59b8-9f51-7305c5115a5d,age,9.0,0.95,smws,pending,NO_CHANGE
KB_de08bd3206fe4c7f81d6,4f332474-6427-59b8-9f51-7305c5115a5d,abv,59.7,0.95,smws,pending,NO_CHANGE
KB_54f2050428f64d9891ab,4f332474-6427-59b8-9f51-7305c5115a5d,region,Campbeltown,0.95,smws,pending,NO_CHANGE
KB_7bcec484cc164485be92,7ab379b2-80af-5a88-82e8-11ee90d344a2,cask_type,refill,0.95,smws,pending,NO_CHANGE
KB_7620fef897974d7d8c48,7ab379b2-80af-5a88-82e8-11ee90d344a2,age,12.0,0.95,smws,pending,NO_CHANGE
KB_d2a09f3a862a4e90b268,7ab379b2-80af-5a88-82e8-11ee90d344a2,abv,61.4,0.95,smws,pending,NO_CHANGE
KB_ce954bfeb8af485a9221,7ab379b2-80af-5a88-82e8-11ee90d344a2,region,Campbeltown,0.95,smws,pending,NO_CHANGE
KB_8260a7c1c7bf4494ac13,dc40d854-3c28-539e-851b-450dacb2ea9a,cask_type,refill,0.95,smws,pending,NO_CHANGE
KB_b4b3a0c657ef4770b291,dc40d854-3c28-539e-851b-450dacb2ea9a,age,9.0,0.95,smws,pending,NO_CHANGE
KB_e8451b2a8bf247f48c11,dc40d854-3c28-539e-851b-450dacb2ea9a,abv,58.4,0.95,smws,pending,NO_CHANGE
KB_fe2023bf00754158b9a9,dc40d854-3c28-539e-851b-450dacb2ea9a,region,Campbeltown,0.95,smws,pending,NO_CHANGE
KB_5db335c7f9da482bb7ee,f6d0bff2-8473-598c-bc31-fadcca6d70ed,cask_type,refill,0.95,smws,pending,NO_CHANGE
KB_093d6121ee8d438ab17e,f6d0bff2-8473-598c-bc31-fadcca6d70ed,age,13.0,0.95,smws,pending,NO_CHANGE
KB_4daf9c68e8604d6394d2,f6d0bff2-8473-598c-bc31-fadcca6d70ed,abv,61.4,0.95,smws,pending,NO_CHANGE
KB_7d04d886504f41029872,f6d0bff2-8473-598c-bc31-fadcca6d70ed,region,Campbeltown,0.95,smws,pending,NO_CHANGE
KB_c63fcb69cd54458f8840,00746183-7cf4-562e-8703-cfb555d5535a,cask_type,butt;refill,0.95,smws,pending,NO_CHANGE
KB_45dcba925b3c49349b73,00746183-7cf4-562e-8703-cfb555d5535a,age,21.0,0.95,smws,pending,NO_CHANGE
KB_30fe4b159d0f492388ca,00746183-7cf4-562e-8703-cfb555d5535a,abv,58.3,0.95,smws,pending,NO_CHANGE
KB_247ec0f8b1994cfa9083,00746183-7cf4-562e-8703-cfb555d5535a,region,Campbeltown,0.95,smws,pending,NO_CHANGE
KB_3befa7db750345bca9d6,68b1a646-fb86-5a55-a3ed-195febe9863f,cask_type,hogshead;refill,0.95,smws,pending,NO_CHANGE
KB_53ea8fc0580449dba3d8,68b1a646-fb86-5a55-a3ed-195febe9863f,age,14.0,0.95,smws,pending,NO_CHANGE
KB_d376073ed16d46a38f24,68b1a646-fb86-5a55-a3ed-195febe9863f,abv,58.3,0.95,smws,pending,NO_CHANGE
KB_322c5ce6c4324541a6a7,68b1a646-fb86-5a55-a3ed-195febe9863f,region,Campbeltown,0.95,smws,pending,NO_CHANGE
KB_0cd4833e9169415ca0be,b3f50270-cce5-56af-b16c-8dbb48db390c,cask_type,hogshead;refill,0.95,smws,pending,NO_CHANGE
KB_6d51dafde8ca4e1bbc1b,b3f50270-cce5-56af-b16c-8dbb48db390c,age,15.0,0.95,smws,pending,NO_CHANGE
KB_13c4e0c0c7014fc68636,b3f50270-cce5-56af-b16c-8dbb48db390c,abv,56.1,0.95,smws,pending,NO_CHANGE
KB_cedb8e62bd3f4e68a958,b3f50270-cce5-56af-b16c-8dbb48db390c,region,Campbeltown,0.95,smws,pending,NO_CHANGE
KB_5ed9fae96bd54eaabc8e,a28d8518-7e1a-59b5-8617-c21249581140,cask_type,refill,0.95,smws,pending,NO_CHANGE
KB_c214f014a742498da9bb,a28d8518-7e1a-59b5-8617-c21249581140,age,13.0,0.95,smws,pending,NO_CHANGE
KB_721a45dcd9be48c1bd25,885ea459-a075-568f-9d27-2b53e5272105,cask_type,refill,0.95,smws,pending,NO_CHANGE
KB_8d62462a838148f2a3d4,885ea459-a075-568f-9d27-2b53e5272105,age,13.0,0.95,smws,pending,NO_CHANGE
KB_37dc255c8aa842feba3d,885ea459-a075-568f-9d27-2b53e5272105,abv,58.4,0.95,smws,pending,NO_CHANGE
KB_fea0fe6f13ec40e29695,3a64b472-c997-531f-ac13-2427ce5cfdc4,cask_type,butt;olorosa,0.95,smws,pending,NO_CHANGE
KB_26d98dd7e7384253a748,3a64b472-c997-531f-ac13-2427ce5cfdc4,age,14.0,0.95,smws,pending,NO_CHANGE
KB_d7dc80a1e9ca405cad06,3a64b472-c997-531f-ac13-2427ce5cfdc4,abv,59.5,0.95,smws,pending,NO_CHANGE
KB_1ca8cf1048ae4712abb4,09f3e5e3-5c92-526c-b8e1-4b0fc4b7f27d,cask_type,hogshead;refill,0.95,smws,pending,NO_CHANGE
KB_67c151460c1d4e45a47c,941c8944-8dc4-5a57-be4a-1777dbf1c180,cask_type,refill,0.95,smws,pending,NO_CHANGE
KB_100ba417e2bf4a9eb7e8,941c8944-8dc4-5a57-be4a-1777dbf1c180,age,19.0,0.95,smws,pending,NO_CHANGE
KB_30a7033509d84409bab9,941c8944-8dc4-5a57-be4a-1777dbf1c180,abv,59.0,0.95,smws,pending,NO_CHANGE
KB_7766124926d74ccf97d5,941c8944-8dc4-5a57-be4a-1777dbf1c180,region,Speyside,0.95,smws,pending,NO_CHANGE
KB_a0ab60d093b047d89129,d0d64b84-2480-5b0d-a728-7633642c25aa,cask_type,refill,0.95,smws,pending,NO_CHANGE
KB_590d2aa65d1645e09ef1,d0d64b84-2480-5b0d-a728-7633642c25aa,age,19.0,0.95,smws,pending,NO_CHANGE
KB_f6e4236b97c94315ac36,d0d64b84-2480-5b0d-a728-7633642c25aa,abv,58.4,0.95,smws,pending,NO_CHANGE
KB_15137add248e48f9b2e5,d0d64b84-2480-5b0d-a728-7633642c25aa,region,Speyside,0.95,smws,pending,NO_CHANGE
KB_4cae76603714473690cc,a78b19b9-5976-53ea-a95b-d264da636bb5,cask_type,refill,0.95,smws,pending,NO_CHANGE
KB_504065e12c954ea09e95,a78b19b9-5976-53ea-a95b-d264da636bb5,age,23.0,0.95,smws,pending,NO_CHANGE
KB_196afa8a33de426c95ac,a78b19b9-5976-53ea-a95b-d264da636bb5,abv,57.4,0.95,smws,pending,NO_CHANGE
KB_76b8f51a987348c39819,a78b19b9-5976-53ea-a95b-d264da636bb5,region,Speyside,0.95,smws,pending,NO_CHANGE
KB_8fcd99348460426988ae,b05d58ed-985f-5d00-bb23-dacff70aab08,cask_type,hogshead;refill,0.95,smws,pending,NO_CHANGE
KB_8b13a72ad8ac41c59d1b,b05d58ed-985f-5d00-bb23-dacff70aab08,age,17.0,0.95,smws,pending,NO_CHANGE
KB_c3093a0930394b6399a1,b05d58ed-985f-5d00-bb23-dacff70aab08,abv,53.2,0.95,smws,pending,NO_CHANGE
KB_d0ec9d42b406438a90ac,b05d58ed-985f-5d00-bb23-dacff70aab08,region,Speyside,0.95,smws,pending,NO_CHANGE
KB_902a1689d2284097ac4f,c5d9ea95-7ed8-57f4-8592-40e63a734709,cask_type,hogshead;refill,0.95,smws,pending,NO_CHANGE
KB_2c810f8ad96f42299ce3,c5d9ea95-7ed8-57f4-8592-40e63a734709,age,17.0,0.95,smws,pending,NO_CHANGE
KB_b152ae0c9523429eb8ef,c5d9ea95-7ed8-57f4-8592-40e63a734709,abv,53.2,0.95,smws,pending,NO_CHANGE
KB_903674d79e464b4a9b92,c5d9ea95-7ed8-57f4-8592-40e63a734709,region,Speyside,0.95,smws,pending,NO_CHANGE
KB_ef6afb613c144b25af6d,85f639a6-a130-538b-b701-68da13fbc28d,age,9.0,0.95,smws,pending,NO_CHANGE
KB_2051cb2e3125426b9801,85f639a6-a130-538b-b701-68da13fbc28d,abv,58.1,0.95,smws,pending,NO_CHANGE
KB_5e8913a286e64039aa96,f15cc4a3-203e-57fc-a44e-a8290ce658f3,cask_type,refill,0.95,smws,pending,NO_CHANGE
KB_daf2624e94134e30aaf7,f15cc4a3-203e-57fc-a44e-a8290ce658f3,age,8.0,0.95,smws,pending,NO_CHANGE
KB_183ba1c5d8d4432aa231,f15cc4a3-203e-57fc-a44e-a8290ce658f3,abv,59.1,0.95,smws,pending,NO_CHANGE
KB_7b5fd1d8ff5744b3a640,f15cc4a3-203e-57fc-a44e-a8290ce658f3,region,Speyside,0.95,smws,pending,NO_CHANGE
KB_a25e1f8ebf5b42398650,319488d7-4dee-5391-a1f0-71a6efbd0bf5,age,17.0,0.95,smws,pending,NO_CHANGE
KB_9ef36b63f66a4bdebc0a,319488d7-4dee-5391-a1f0-71a6efbd0bf5,abv,55.1,0.95,smws,pending,NO_CHANGE
KB_2ceea78fd28f497ea7b5,7389e104-5f42-5cf7-8500-9cc05b98c048,age,18.0,0.95,smws,pending,NO_CHANGE
KB_e717e6f1fb444070af43,7389e104-5f42-5cf7-8500-9cc05b98c048,abv,55.6,0.95,smws,pending,NO_CHANGE
KB_9364cd0db87e45fda8ec,3119907a-4791-5cd6-b7f4-0bfa9260601e,cask_type,first-fill,0.95,smws,pending,NO_CHANGE
KB_910369b5310c4f06b7f6,3119907a-4791-5cd6-b7f4-0bfa9260601e,age,19.0,0.95,smws,pending,NO_CHANGE
KB_eaeadf645fc049898135,3119907a-4791-5cd6-b7f4-0bfa9260601e,abv,55.6,0.95,smws,pending,NO_CHANGE
KB_28b5ae7c1ef546f297f2,9c699417-4417-54d0-892f-28b1f8cb8b02,cask_type,first-fill,0.95,smws,pending,NO_CHANGE
KB_ab9e39d34cc64e6d8d95,9c699417-4417-54d0-892f-28b1f8cb8b02,age,16.0,0.95,smws,pending,NO_CHANGE
KB_43c277bea9c24c118845,9c699417-4417-54d0-892f-28b1f8cb8b02,abv,56.2,0.95,smws,pending,NO_CHANGE
KB_bdf8e98d2c934b679011,fa070f60-40ed-54a5-aebb-d581129b2e1b,cask_type,hogshead;refill,0.95,smws,pending,NO_CHANGE
KB_321856faf38a4b5daca2,fa070f60-40ed-54a5-aebb-d581129b2e1b,age,29.0,0.95,smws,pending,NO_CHANGE
KB_16c740b569fc47058016,fa070f60-40ed-54a5-aebb-d581129b2e1b,abv,43.4,0.95,smws,pending,NO_CHANGE
KB_44c3ef28bae043a491d0,58aba0e1-2345-5f34-9ecc-77a776384492,cask_type,olorosa;sherry butt,0.95,smws,pending,NO_CHANGE
KB_402355fe739a40cbbdc0,58aba0e1-2345-5f34-9ecc-77a776384492,age,30.0,0.95,smws,pending,NO_CHANGE
KB_2d17a01f57d546ee8c60,58aba0e1-2345-5f34-9ecc-77a776384492,abv,46.7,0.95,smws,pending,NO_CHANGE
KB_08c02a13ad0b443e91d4,99ed4dcf-fb57-5cd8-8067-72e071da1c56,cask_type,refill,0.95,smws,pending,NO_CHANGE
KB_ea0e5fd210804ae099d3,99ed4dcf-fb57-5cd8-8067-72e071da1c56,age,8.0,0.95,smws,pending,NO_CHANGE
KB_e709bc37b8644efbae1d,99ed4dcf-fb57-5cd8-8067-72e071da1c56,abv,60.3,0.95,smws,pending,NO_CHANGE
KB_868f02ac013946abab8e,99ed4dcf-fb57-5cd8-8067-72e071da1c56,region,Speyside,0.95,smws,pending,NO_CHANGE
KB_f5449e6509454a889a2c,f9c3d580-5258-5d75-838b-033316008a87,cask_type,refill,0.95,smws,pending,NO_CHANGE
KB_c654de30e0f64760a52e,f9c3d580-5258-5d75-838b-033316008a87,age,11.0,0.95,smws,pending,NO_CHANGE
KB_f5ae389912f34d9cbf2e,f9c3d580-5258-5d75-838b-033316008a87,abv,58.6,0.95,smws,pending,NO_CHANGE
KB_c6ccd1d959a24b3fb1cd,f9c3d580-5258-5d75-838b-033316008a87,region,Speyside,0.95,smws,pending,NO_CHANGE
KB_b1026a148cfb4deab052,61ea3423-f370-5b75-b4ad-cc595ad881fb,age,30.0,0.95,smws,pending,NO_CHANGE
KB_e5a4a968df3c4d12aea6,61ea3423-f370-5b75-b4ad-cc595ad881fb,abv,50.9,0.95,smws,pending,NO_CHANGE
KB_612183bdb0d44d29a23e,eec34799-b7ba-51d9-9d85-1e31d79fb37d,age,21.0,0.95,smws,pending,NO_CHANGE
KB_cb72bf4a60bf43c8b1fb,eec34799-b7ba-51d9-9d85-1e31d79fb37d,abv,57.2,0.95,smws,pending,NO_CHANGE
KB_13364c7f60ca49a5a146,4fc0f173-77cb-5d71-b84b-5b13ea7fa1b6,cask_type,first-fill;hogshead;sherry butt,0.95,smws,pending,NO_CHANGE
KB_731e096a027b4fb097d8,4fc0f173-77cb-5d71-b84b-5b13ea7fa1b6,age,25.0,0.95,smws,pending,NO_CHANGE
KB_ec316edd43b04a1cb31f,4fc0f173-77cb-5d71-b84b-5b13ea7fa1b6,abv,55.8,0.95,smws,pending,NO_CHANGE
KB_11467861eaa4413e8314,4fc0f173-77cb-5d71-b84b-5b13ea7fa1b6,region,Speyside,0.95,smws,pending,NO_CHANGE
KB_e2009af82af549089f48,58d83064-5861-570b-a198-39bb657e6b95,cask_type,hogshead;sherry butt,0.95,smws,pending,NO_CHANGE
KB_84a8184c437b4c1ab59c,58d83064-5861-570b-a198-39bb657e6b95,age,28.0,0.95,smws,pending,NO_CHANGE
KB_9052891f173d407a91f6,58d83064-5861-570b-a198-39bb657e6b95,abv,55.4,0.95,smws,pending,NO_CHANGE
KB_a6e882fa882f423c91f0,58d83064-5861-570b-a198-39bb657e6b95,region,Speyside,0.95,smws,pending,NO_CHANGE
KB_94e9ea0d7d1949d19892,86f400bb-59bb-51bc-8d50-28c056e653c7,cask_type,hogshead;sherry butt,0.95,smws,pending,NO_CHANGE
KB_6e0f6af9b8d84e27b45c,86f400bb-59bb-51bc-8d50-28c056e653c7,age,28.0,0.95,smws,pending,NO_CHANGE
KB_38faebfc619a4ca9a82f,86f400bb-59bb-51bc-8d50-28c056e653c7,abv,55.3,0.95,smws,pending,NO_CHANGE
KB_39848697704d4591a601,86f400bb-59bb-51bc-8d50-28c056e653c7,region,Speyside,0.95,smws,pending,NO_CHANGE
KB_140f58bde1524cbc9a65,1bc43c3b-587f-53f6-a134-44e82d179d20,age,18.0,0.95,smws,pending,NO_CHANGE
KB_d725b5ab86cf410abc8c,1bc43c3b-587f-53f6-a134-44e82d179d20,abv,61.8,0.95,smws,pending,NO_CHANGE
KB_f4c698d844914b7ebdea,1bc43c3b-587f-53f6-a134-44e82d179d20,region,Speyside,0.95,smws,pending,NO_CHANGE
KB_9dec10b0aebe40729ff4,1367015f-559d-53c6-b6d9-f04a3408c1a0,age,20.0,0.95,smws,pending,NO_CHANGE
KB_9475a899937d4af1bb76,1367015f-559d-53c6-b6d9-f04a3408c1a0,abv,57.8,0.95,smws,pending,NO_CHANGE
KB_19d0f444b76f4bb9a934,71813f07-be84-5637-94d4-704c5c80b477,cask_type,hogshead;refill,0.95,smws,pending,NO_CHANGE
KB_826663df25a644a1ac4f,71813f07-be84-5637-94d4-704c5c80b477,age,27.0,0.95,smws,pending,NO_CHANGE
KB_35cf95449ef841d29d0a,71813f07-be84-5637-94d4-704c5c80b477,abv,52.6,0.95,smws,pending,NO_CHANGE
KB_35c4c8bee88f43f8ba3e,71813f07-be84-5637-94d4-704c5c80b477,region,Speyside,0.95,smws,pending,NO_CHANGE
KB_e03548be3b6b4e528b31,a03064a7-81b2-5658-b4a3-821ce4ffb573,age,13.0,0.95,smws,pending,NO_CHANGE
KB_de4a980d8c314053a27e,a03064a7-81b2-5658-b4a3-821ce4ffb573,abv,59.0,0.95,smws,pending,NO_CHANGE
KB_234cf5e492734076bd1b,629e3bd9-b38d-5fe6-bccf-8e8db91d912e,age,10.0,0.95,smws,pending,NO_CHANGE
KB_c8132392ba004fa98fb4,629e3bd9-b38d-5fe6-bccf-8e8db91d912e,abv,59.4,0.95,smws,pending,NO_CHANGE
KB_5798c2b028ee457e8faa,629e3bd9-b38d-5fe6-bccf-8e8db91d912e,region,Speyside,0.95,smws,pending,NO_CHANGE
KB_33993d643bb74b4087ec,775b7961-e960-5b8c-b37d-ee5a88a00a6c,cask_type,refill,0.95,smws,pending,NO_CHANGE
KB_44eb389d08054a848775,775b7961-e960-5b8c-b37d-ee5a88a00a6c,age,15.0,0.95,smws,pending,NO_CHANGE
KB_cc40241624fa4fa7a750,775b7961-e960-5b8c-b37d-ee5a88a00a6c,abv,58.9,0.95,smws,pending,NO_CHANGE
KB_a3bf482a47b04be8a0c9,775b7961-e960-5b8c-b37d-ee5a88a00a6c,region,Highland,0.95,smws,pending,NO_CHANGE
KB_9e3f02d4042542a8b838,95c556a9-36de-5187-937d-671083f8989f,cask_type,refill,0.95,smws,pending,NO_CHANGE
KB_5bdff2c871304bc9927e,95c556a9-36de-5187-937d-671083f8989f,age,13.0,0.95,smws,pending,NO_CHANGE
KB_06ad003d6d4d40ffb571,95c556a9-36de-5187-937d-671083f8989f,abv,58.5,0.95,smws,pending,NO_CHANGE
KB_a4827ad29905466881f6,95c556a9-36de-5187-937d-671083f8989f,region,Highland,0.95,smws,pending,NO_CHANGE
KB_621cc5c9d8c843bb90ad,5e18c7c5-206e-5096-88cf-f1faada90bd2,cask_type,refill,0.95,smws,pending,NO_CHANGE
KB_5c8ed14f353c44eb8bbd,5e18c7c5-206e-5096-88cf-f1faada90bd2,age,14.0,0.95,smws,pending,NO_CHANGE
KB_fb1fec46d05d41b08521,5e18c7c5-206e-5096-88cf-f1faada90bd2,abv,57.8,0.95,smws,pending,NO_CHANGE
KB_615d3961defd403b8a6f,5e18c7c5-206e-5096-88cf-f1faada90bd2,region,Highland,0.95,smws,pending,NO_CHANGE
KB_52fd2d6fde5e435f8864,6cf984b4-46ee-5114-a41f-f3f929eaf99a,cask_type,butt;refill,0.95,smws,pending,NO_CHANGE
KB_cbfaabeafea64d529c3b,6cf984b4-46ee-5114-a41f-f3f929eaf99a,age,12.0,0.95,smws,pending,NO_CHANGE
KB_e1a9321541d44732b74c,6cf984b4-46ee-5114-a41f-f3f929eaf99a,abv,57.8,0.95,smws,pending,NO_CHANGE
KB_6302535cfb044bddb9b1,24a282b9-b646-5271-89a6-037c3da7dc7f,cask_type,hogshead;refill;sherry butt,0.95,smws,pending,NO_CHANGE
KB_3bcd000dd27c4e54a740,24a282b9-b646-5271-89a6-037c3da7dc7f,age,22.0,0.95,smws,pending,NO_CHANGE
KB_f6f1c87b41544f7d851a,24a282b9-b646-5271-89a6-037c3da7dc7f,abv,55.5,0.95,smws,pending,NO_CHANGE
KB_ffea000075f74be1a8f4,6b03c73a-4145-560c-8aae-921a89a07b2b,age,10.0,0.95,smws,pending,NO_CHANGE
KB_d29b76a68c0c40eb9c4a,6b03c73a-4145-560c-8aae-921a89a07b2b,abv,52.4,0.95,smws,pending,NO_CHANGE
KB_fa50bc8050d14fbab716,275af4de-f687-57dc-a1a0-ff3a31986d4a,cask_type,butt;refill,0.95,smws,pending,NO_CHANGE
KB_869dba563ddf49cbbc23,275af4de-f687-57dc-a1a0-ff3a31986d4a,age,11.0,0.95,smws,pending,NO_CHANGE
KB_025010e57ffc4753a35d,275af4de-f687-57dc-a1a0-ff3a31986d4a,abv,55.6,0.95,smws,pending,NO_CHANGE
KB_a7c3339b47114dc3b22b,65c1fbdd-cc91-54b1-93e5-5b8333a1247c,cask_type,hogshead;refill,0.95,smws,pending,NO_CHANGE
KB_a24810e1776b41ee869c,65c1fbdd-cc91-54b1-93e5-5b8333a1247c,age,9.0,0.95,smws,pending,NO_CHANGE
KB_fe09adde76684e32bdf8,65c1fbdd-cc91-54b1-93e5-5b8333a1247c,abv,56.3,0.95,smws,pending,NO_CHANGE
KB_2056ac066bf94b36ad45,806f6274-38fd-5002-b1cf-753e1ec00814,cask_type,butt;sherry butt,0.95,smws,pending,NO_CHANGE
KB_3f64b23f7d4d4343af9d,806f6274-38fd-5002-b1cf-753e1ec00814,age,7.0,0.95,smws,pending,NO_CHANGE
KB_c4f4ba093ce9491498c8,806f6274-38fd-5002-b1cf-753e1ec00814,abv,61.6,0.95,smws,pending,NO_CHANGE
KB_2b1d973b322c47a5aeb8,232c4321-c81d-5719-b92f-62ff50dc52e3,cask_type,hogshead;refill,0.95,smws,pending,NO_CHANGE
KB_d00ab22c29674142ac1b,232c4321-c81d-5719-b92f-62ff50dc52e3,age,14.0,0.95,smws,pending,NO_CHANGE
KB_6e0fb7bf052c4bba9eaa,232c4321-c81d-5719-b92f-62ff50dc52e3,abv,52.8,0.95,smws,pending,NO_CHANGE
KB_f2f39de6b04a4a71bf00,f812ec23-95b9-57ec-aa92-37fc7cc805c1,cask_type,refill,0.95,smws,pending,NO_CHANGE
KB_fdb877ab3596464aa5d0,f812ec23-95b9-57ec-aa92-37fc7cc805c1,age,12.0,0.95,smws,pending,NO_CHANGE
KB_841d8ec009314254a760,f812ec23-95b9-57ec-aa92-37fc7cc805c1,abv,56.5,0.95,smws,pending,NO_CHANGE
KB_ba419d0f46fb44b3ad94,0490ef4d-b181-5fdb-b375-325b051a4d56,age,5.0,0.95,smws,pending,NO_CHANGE
KB_f95d099334f548f7a8ac,0490ef4d-b181-5fdb-b375-325b051a4d56,abv,57.7,0.95,smws,pending,NO_CHANGE
KB_dadc245a4e8f481c8197,85c759b9-d1b1-5bdb-8d08-3d9d67fb7f3e,cask_type,refill,0.95,smws,pending,NO_CHANGE
KB_a787d189ae9a49568898,85c759b9-d1b1-5bdb-8d08-3d9d67fb7f3e,age,9.0,0.95,smws,pending,NO_CHANGE
KB_9e77342fdd0a4258bb3a,85c759b9-d1b1-5bdb-8d08-3d9d67fb7f3e,abv,59.9,0.95,smws,pending,NO_CHANGE
KB_27bb6edde1d948c2806c,85c759b9-d1b1-5bdb-8d08-3d9d67fb7f3e,region,Highland,0.95,smws,pending,NO_CHANGE
KB_0931198c46044ae6acb7,643b2bfd-143f-5972-9c0d-1646b1fe2c51,cask_type,hogshead;refill,0.95,smws,pending,NO_CHANGE
KB_6e952574b880404abc19,643b2bfd-143f-5972-9c0d-1646b1fe2c51,age,12.0,0.95,smws,pending,NO_CHANGE
KB_84ed67ce2b9e49e1943b,643b2bfd-143f-5972-9c0d-1646b1fe2c51,abv,56.1,0.95,smws,pending,NO_CHANGE
KB_f89cb26c606c400dbb1c,643b2bfd-143f-5972-9c0d-1646b1fe2c51,region,Highland,0.95,smws,pending,NO_CHANGE
KB_98d17cbc77854d7ea92b,04ce1849-cefd-5799-af77-53ae5eeac1aa,cask_type,hogshead;refill,0.95,smws,pending,NO_CHANGE
KB_421c0eadccee4815a31b,04ce1849-cefd-5799-af77-53ae5eeac1aa,age,12.0,0.95,smws,pending,NO_CHANGE
KB_40663be1b4894ed9b0ff,04ce1849-cefd-5799-af77-53ae5eeac1aa,abv,55.4,0.95,smws,pending,NO_CHANGE
KB_7bbdf9ca784647adacbf,04ce1849-cefd-5799-af77-53ae5eeac1aa,region,Highland,0.95,smws,pending,NO_CHANGE
KB_2f26a546f53c47b69d93,ab73dcf3-49b2-5f40-9291-d17d00881e1c,cask_type,butt;refill,0.95,smws,pending,NO_CHANGE
KB_8e3cc2d1cd5340a2a961,ab73dcf3-49b2-5f40-9291-d17d00881e1c,age,10.0,0.95,smws,pending,NO_CHANGE
KB_92a2358b42e94e7b9732,ab73dcf3-49b2-5f40-9291-d17d00881e1c,abv,61.1,0.95,smws,pending,NO_CHANGE
KB_358ff044b13745b3b4a5,ab73dcf3-49b2-5f40-9291-d17d00881e1c,region,Highland,0.95,smws,pending,NO_CHANGE
KB_70065375624a49c38139,4516f723-86ae-5ecb-9ed5-7915078f513c,cask_type,butt;sherry butt,0.95,smws,pending,NO_CHANGE
KB_dceb8f1d465b46cd8c82,4516f723-86ae-5ecb-9ed5-7915078f513c,age,14.0,0.95,smws,pending,NO_CHANGE
KB_c4b7457a2e53439c92af,4516f723-86ae-5ecb-9ed5-7915078f513c,abv,58.3,0.95,smws,pending,NO_CHANGE
KB_d3947a2c84c84ea5aa78,4516f723-86ae-5ecb-9ed5-7915078f513c,region,Highland,0.95,smws,pending,NO_CHANGE
KB_56ac129231e344d18188,620b6b32-f1e9-5fcd-a2a7-14b689f7eb78,cask_type,hogshead;refill,0.95,smws,pending,NO_CHANGE
KB_1e24865bfd2a445c827a,620b6b32-f1e9-5fcd-a2a7-14b689f7eb78,age,13.0,0.95,smws,pending,NO_CHANGE
KB_15be25eb00f1429bb180,620b6b32-f1e9-5fcd-a2a7-14b689f7eb78,abv,58.1,0.95,smws,pending,NO_CHANGE
KB_1c361b32c93d495ea88c,620b6b32-f1e9-5fcd-a2a7-14b689f7eb78,region,Highland,0.95,smws,pending,NO_CHANGE
KB_f4b62cf1d3584d45a1f8,07a43842-2f5e-5c40-b700-a8f51b7e2c17,cask_type,hogshead;refill,0.95,smws,pending,NO_CHANGE
KB_b7a3afdc86f94e38928b,07a43842-2f5e-5c40-b700-a8f51b7e2c17,age,14.0,0.95,smws,pending,NO_CHANGE
KB_b6c1850a597545c08540,07a43842-2f5e-5c40-b700-a8f51b7e2c17,abv,54.8,0.95,smws,pending,NO_CHANGE
KB_81f79d71b7d04e1587d8,07a43842-2f5e-5c40-b700-a8f51b7e2c17,region,Highland,0.95,smws,pending,NO_CHANGE
KB_853dec2fa5d3459bae01,c83b4287-f2be-5883-b1d6-440eb78fe27c,cask_type,hogshead;refill,0.95,smws,pending,NO_CHANGE
KB_1a8170c7efdd475dbe22,c83b4287-f2be-5883-b1d6-440eb78fe27c,age,14.0,0.95,smws,pending,NO_CHANGE
KB_edb5a738827646799edf,c83b4287-f2be-5883-b1d6-440eb78fe27c,abv,55.6,0.95,smws,pending,NO_CHANGE
KB_fd156ee43dc04d589107,c83b4287-f2be-5883-b1d6-440eb78fe27c,region,Highland,0.95,smws,pending,NO_CHANGE
KB_eb9e1a8178b64180986c,62d73ded-e9ce-516e-b1b8-4409a04ad86b,cask_type,hogshead;refill,0.95,smws,pending,NO_CHANGE
KB_8468163d7e2c4cb18dbf,62d73ded-e9ce-516e-b1b8-4409a04ad86b,age,14.0,0.95,smws,pending,NO_CHANGE
KB_3a182f3398554e11838a,62d73ded-e9ce-516e-b1b8-4409a04ad86b,abv,55.7,0.95,smws,pending,NO_CHANGE
KB_799c40ae1315465cab84,62d73ded-e9ce-516e-b1b8-4409a04ad86b,region,Highland,0.95,smws,pending,NO_CHANGE
KB_452b8a4646d64804bd08,a95bf596-46dc-5bf6-8243-123af1a81f4f,cask_type,hogshead;refill,0.95,smws,pending,NO_CHANGE
KB_95bc37027ac24a7f9b6a,a95bf596-46dc-5bf6-8243-123af1a81f4f,age,19.0,0.95,smws,pending,NO_CHANGE
KB_040a7f82406e41268c5f,a95bf596-46dc-5bf6-8243-123af1a81f4f,abv,53.4,0.95,smws,pending,NO_CHANGE
KB_e900ec58b1514c908854,a95bf596-46dc-5bf6-8243-123af1a81f4f,region,Highland,0.95,smws,pending,NO_CHANGE
KB_800b990fe3e54357ad92,68e10f1f-3b18-5dd8-880c-7c687a7473b6,cask_type,hogshead;refill,0.95,smws,pending,NO_CHANGE
KB_ad8b525ee4274ce78bcd,68e10f1f-3b18-5dd8-880c-7c687a7473b6,age,14.0,0.95,smws,pending,NO_CHANGE
KB_f389facf0ad244179622,68e10f1f-3b18-5dd8-880c-7c687a7473b6,abv,54.6,0.95,smws,pending,NO_CHANGE
KB_460a47420a1d450c98d3,68e10f1f-3b18-5dd8-880c-7c687a7473b6,region,Highland,0.95,smws,pending,NO_CHANGE
KB_1cbdf2ca3d3c480a87e5,1b35eb12-f62a-5203-b665-f6ad2c75f660,cask_type,hogshead;refill,0.95,smws,pending,NO_CHANGE
KB_a392295d506c47c89eea,1b35eb12-f62a-5203-b665-f6ad2c75f660,age,16.0,0.95,smws,pending,NO_CHANGE
KB_3e02d648cacd42d1a1b9,1b35eb12-f62a-5203-b665-f6ad2c75f660,abv,54.1,0.95,smws,pending,NO_CHANGE
KB_8ca500c75e6943d1a7c6,1b35eb12-f62a-5203-b665-f6ad2c75f660,region,Highland,0.95,smws,pending,NO_CHANGE
KB_2c6d23f03cb040e2af5a,dbb848a6-7eb6-51d8-af80-023a111fa87b,age,13.0,0.95,smws,pending,NO_CHANGE
KB_8bb2354502ba41929b59,dbb848a6-7eb6-51d8-af80-023a111fa87b,abv,57.5,0.95,smws,pending,NO_CHANGE
KB_e74670327e5d405a8e5c,462d11ab-27f1-5ee1-ae2a-9ede549f1041,cask_type,refill,0.95,smws,pending,NO_CHANGE
KB_0155e363d5a641b193b4,462d11ab-27f1-5ee1-ae2a-9ede549f1041,age,16.0,0.95,smws,pending,NO_CHANGE
KB_40ded334520847dcb280,462d11ab-27f1-5ee1-ae2a-9ede549f1041,abv,55.1,0.95,smws,pending,NO_CHANGE
KB_0fd5e07059d44d80a2e5,462d11ab-27f1-5ee1-ae2a-9ede549f1041,region,Islay,0.95,smws,pending,NO_CHANGE
KB_b0bf205845f448cca190,ae41eccf-585d-51a7-bc3d-84740a59341d,cask_type,first-fill barrel,0.95,smws,pending,NO_CHANGE
KB_fcf00c09743b43fea2bd,ae41eccf-585d-51a7-bc3d-84740a59341d,age,9.0,0.95,smws,pending,NO_CHANGE
KB_1f6c758a965d48f0a015,ae41eccf-585d-51a7-bc3d-84740a59341d,abv,57.6,0.95,smws,pending,NO_CHANGE
KB_4733df98f15f49f0b84f,ae41eccf-585d-51a7-bc3d-84740a59341d,region,Highland,0.95,smws,pending,NO_CHANGE
KB_82e5f77b3b2141e89b57,0bf77a63-8c48-5142-8447-3064ddfc0994,cask_type,first-fill barrel,0.95,smws,pending,NO_CHANGE
KB_b9914933d4b1420db18c,0bf77a63-8c48-5142-8447-3064ddfc0994,age,9.0,0.95,smws,pending,NO_CHANGE
KB_ab6e8fbe592449d294b6,0bf77a63-8c48-5142-8447-3064ddfc0994,region,Highland,0.95,smws,pending,NO_CHANGE
KB_678cf662c53148e9afe1,9b96950c-b57a-5a8d-8985-d101aeb14ccc,cask_type,first-fill barrel  usa allocation,0.95,smws,pending,NO_CHANGE
KB_d0ee8992f5a149b4becf,9b96950c-b57a-5a8d-8985-d101aeb14ccc,age,10.0,0.95,smws,pending,NO_CHANGE
KB_651cd8382b3045e59803,9b96950c-b57a-5a8d-8985-d101aeb14ccc,abv,57.4,0.95,smws,pending,NO_CHANGE
KB_5eab9a0642584198b939,9b96950c-b57a-5a8d-8985-d101aeb14ccc,region,Highland,0.95,smws,pending,NO_CHANGE
KB_36f7a891533c4a71a885,863941b9-5053-5a93-b7cd-a65db8d2d1d5,cask_type,port pipe,0.95,smws,pending,NO_CHANGE
KB_727fd2f0793f43ac97b4,863941b9-5053-5a93-b7cd-a65db8d2d1d5,age,8.0,0.95,smws,pending,NO_CHANGE
KB_22a65ff39e19459b839e,863941b9-5053-5a93-b7cd-a65db8d2d1d5,abv,60.8,0.95,smws,pending,NO_CHANGE
KB_c5950d9c19b34e3d8ac2,b1f69a31-b7d8-5550-be63-da16d1b652a8,cask_type,port pipe;refill,0.95,smws,pending,NO_CHANGE
KB_9966b815895842099980,b1f69a31-b7d8-5550-be63-da16d1b652a8,age,10.0,0.95,smws,pending,NO_CHANGE
KB_26676a5eb906446ea8c3,b1f69a31-b7d8-5550-be63-da16d1b652a8,abv,59.5,0.95,smws,pending,NO_CHANGE
KB_d8e0e3ff187046068713,16dfd0a5-5971-561e-84f4-5e2d1cbc3b99,cask_type,port pipe;refill,0.95,smws,pending,NO_CHANGE
KB_5ec5fa607e8643eca6af,16dfd0a5-5971-561e-84f4-5e2d1cbc3b99,age,12.0,0.95,smws,pending,NO_CHANGE
KB_9e49ad0eb2e040f9800a,16dfd0a5-5971-561e-84f4-5e2d1cbc3b99,abv,59.2,0.95,smws,pending,NO_CHANGE
KB_f7788324d32b4f06bb69,16dfd0a5-5971-561e-84f4-5e2d1cbc3b99,region,Highland,0.95,smws,pending,NO_CHANGE
KB_ef4850e387144e969b6e,e7daaab4-f147-58c2-a490-85d30dc26f57,cask_type,butt,0.95,smws,pending,NO_CHANGE
KB_d35b47d9ee0345a2b2bb,e7daaab4-f147-58c2-a490-85d30dc26f57,age,16.0,0.95,smws,pending,NO_CHANGE
KB_ce13457330dc4589a6d0,e7daaab4-f147-58c2-a490-85d30dc26f57,abv,56.6,0.95,smws,pending,NO_CHANGE
KB_7e7d6bfa27f647a0b0e1,e7daaab4-f147-58c2-a490-85d30dc26f57,region,Highland,0.95,smws,pending,NO_CHANGE
KB_ae57fbbdab4b422ea663,96a86aa7-1497-5f93-9755-74d58a947f27,cask_type,first-fill,0.95,smws,pending,NO_CHANGE
KB_527d106573604b229260,96a86aa7-1497-5f93-9755-74d58a947f27,age,13.0,0.95,smws,pending,NO_CHANGE
KB_cd91eec93fce46018a59,96a86aa7-1497-5f93-9755-74d58a947f27,abv,56.9,0.95,smws,pending,NO_CHANGE
KB_0e803d009a78415b82c0,cdabbd16-817c-5c8e-a9cc-f856ed6769d7,age,11.0,0.95,smws,pending,NO_CHANGE
KB_ac437bf5770c47388377,cdabbd16-817c-5c8e-a9cc-f856ed6769d7,abv,57.4,0.95,smws,pending,NO_CHANGE
KB_29b34e7cb7d44f6f962f,bc847c33-1103-5655-b5c1-36ea43c66417,age,16.0,0.95,smws,pending,NO_CHANGE
KB_2b37509d71274a4bab92,bc847c33-1103-5655-b5c1-36ea43c66417,abv,52.9,0.95,smws,pending,NO_CHANGE
KB_588ef4fa85274d8392e0,3f3c7b3a-585f-548b-b359-94b6726f1b06,cask_type,first-fill;hogshead,0.95,smws,pending,NO_CHANGE
KB_6530b5ed64df47f18e50,3f3c7b3a-585f-548b-b359-94b6726f1b06,age,19.0,0.95,smws,pending,NO_CHANGE
KB_14efdb2da38c455ab7c7,3f3c7b3a-585f-548b-b359-94b6726f1b06,abv,51.9,0.95,smws,pending,NO_CHANGE
KB_ff09a14dbdee45ba9c1a,a0e3df1d-ca5a-505a-9256-4b706c45c6fd,age,12.0,0.95,smws,pending,NO_CHANGE
KB_ae51e08336764eebbeaf,a0e3df1d-ca5a-505a-9256-4b706c45c6fd,abv,57.2,0.95,smws,pending,NO_CHANGE
KB_e3ef87199745405dbf57,56005555-ecad-5ec4-82b9-cf0a577bfedb,cask_type,butt;sherry butt,0.95,smws,pending,NO_CHANGE
KB_227eaf735390494f92ff,56005555-ecad-5ec4-82b9-cf0a577bfedb,age,16.0,0.95,smws,pending,NO_CHANGE
KB_455e7427a4dd4aab8190,56005555-ecad-5ec4-82b9-cf0a577bfedb,abv,51.1,0.95,smws,pending,NO_CHANGE
KB_afc3dbedd84547b390ad,30863a05-50e1-5b00-aa7a-9ac342467ad5,cask_type,first-fill barrel,0.95,smws,pending,NO_CHANGE
KB_6d66a11e87334a8cbc01,30863a05-50e1-5b00-aa7a-9ac342467ad5,age,10.0,0.95,smws,pending,NO_CHANGE
KB_eb791ff54cec4f52ac56,30863a05-50e1-5b00-aa7a-9ac342467ad5,abv,55.9,0.95,smws,pending,NO_CHANGE
KB_89a5f17df22c4e1c8f9d,66ee047c-3699-5587-887f-7b9ade94fa7a,cask_type,first-fill ex,0.95,smws,pending,NO_CHANGE
KB_afb95836b0eb4d0e91a9,66ee047c-3699-5587-887f-7b9ade94fa7a,age,15.0,0.95,smws,pending,NO_CHANGE
KB_891f1a3037214683960b,66ee047c-3699-5587-887f-7b9ade94fa7a,abv,56.1,0.95,smws,pending,NO_CHANGE
KB_6b0b52f8a27f486d8d71,bcf6a0e2-c9b6-5487-8771-c6c03dd4f5f3,age,12.0,0.95,smws,pending,NO_CHANGE
KB_0e0dce2822584de28f43,bcf6a0e2-c9b6-5487-8771-c6c03dd4f5f3,abv,52.1,0.95,smws,pending,NO_CHANGE
KB_37b50dab668c4c05aa7d,deeea9b1-bdcf-506c-a841-b49a9bc0b476,cask_type,first-fill barrel,0.95,smws,pending,NO_CHANGE
KB_1318f2ada8e5455a9655,deeea9b1-bdcf-506c-a841-b49a9bc0b476,age,9.0,0.95,smws,pending,NO_CHANGE
KB_8a03c85a2fca45728b1a,deeea9b1-bdcf-506c-a841-b49a9bc0b476,abv,57.4,0.95,smws,pending,NO_CHANGE
KB_7102f7227fde487496ab,deeea9b1-bdcf-506c-a841-b49a9bc0b476,region,Highland,0.95,smws,pending,NO_CHANGE
KB_438d2d4d11684874822a,3dcd6ab1-4d7a-5524-beb4-b3dc64037ecd,cask_type,first-fill barrel,0.95,smws,pending,NO_CHANGE
KB_ba8a23ed2ce0457896a2,3dcd6ab1-4d7a-5524-beb4-b3dc64037ecd,age,18.0,0.95,smws,pending,NO_CHANGE
KB_117e90d78d5047459e88,3dcd6ab1-4d7a-5524-beb4-b3dc64037ecd,abv,60.8,0.95,smws,pending,NO_CHANGE
KB_8838ed2c63ed4778a94c,3dcd6ab1-4d7a-5524-beb4-b3dc64037ecd,region,Highland,0.95,smws,pending,NO_CHANGE
KB_8e162e21c0214cd5b32f,4f03178c-c4dd-5d45-aaf6-b658e5b972d1,cask_type,butt;sherry butt,0.95,smws,pending,NO_CHANGE
KB_3fb2f902da394401b27c,4f03178c-c4dd-5d45-aaf6-b658e5b972d1,age,10.0,0.95,smws,pending,NO_CHANGE
KB_de20741a87f747be8839,4f03178c-c4dd-5d45-aaf6-b658e5b972d1,abv,59.9,0.95,smws,pending,NO_CHANGE
KB_045aadf9091f4148a2ff,4f03178c-c4dd-5d45-aaf6-b658e5b972d1,region,Highland,0.95,smws,pending,NO_CHANGE
KB_93b120d61ab4459b9619,68c9536f-0e2b-52cf-91d3-cca4bbb6092c,cask_type,hogshead;refill,0.95,smws,pending,NO_CHANGE
KB_1a8e5db7402446f18f6e,68c9536f-0e2b-52cf-91d3-cca4bbb6092c,age,10.0,0.95,smws,pending,NO_CHANGE
KB_893cec31f6634a4e93ef,68c9536f-0e2b-52cf-91d3-cca4bbb6092c,abv,60.8,0.95,smws,pending,NO_CHANGE
KB_66af7ea3c23d44d4b5a2,68c9536f-0e2b-52cf-91d3-cca4bbb6092c,region,Highland,0.95,smws,pending,NO_CHANGE
KB_8a3721f7793b4eb8ac89,d7508c9b-d23c-54f0-9fe7-c548dfbe9dc3,cask_type,first-fill barrel,0.95,smws,pending,NO_CHANGE
KB_efd056300c0042fb92a2,d7508c9b-d23c-54f0-9fe7-c548dfbe9dc3,age,7.0,0.95,smws,pending,NO_CHANGE
KB_bf49a84ae77f43f1867d,d7508c9b-d23c-54f0-9fe7-c548dfbe9dc3,abv,61.5,0.95,smws,pending,NO_CHANGE
KB_d3634fb2a45b4115b529,d7508c9b-d23c-54f0-9fe7-c548dfbe9dc3,region,Highland,0.95,smws,pending,NO_CHANGE
KB_d55635e84fcc48eba99c,7a129a19-ffd9-596b-824c-d3a4d3ed0ab7,cask_type,first-fill barrel,0.95,smws,pending,NO_CHANGE
KB_d4036bd1ba5a48869926,7a129a19-ffd9-596b-824c-d3a4d3ed0ab7,age,14.0,0.95,smws,pending,NO_CHANGE
KB_f83cb95716f043eeb8df,7a129a19-ffd9-596b-824c-d3a4d3ed0ab7,abv,58.7,0.95,smws,pending,NO_CHANGE
KB_380efda83353490496d7,7a129a19-ffd9-596b-824c-d3a4d3ed0ab7,region,Highland,0.95,smws,pending,NO_CHANGE
KB_c298ebb603e94ed38c88,0db5e21b-c412-51d2-a2dd-74098738ba8b,age,13.0,0.95,smws,pending,NO_CHANGE
KB_7261fbee28564d22b112,0db5e21b-c412-51d2-a2dd-74098738ba8b,abv,52.9,0.95,smws,pending,NO_CHANGE
KB_82dda022807440ff9414,b5deaa5e-087f-59e1-9574-f5aaa6ba8eb9,age,8.0,0.95,smws,pending,NO_CHANGE
KB_e7c826bcc3ee417db24e,b5deaa5e-087f-59e1-9574-f5aaa6ba8eb9,abv,59.3,0.95,smws,pending,NO_CHANGE
KB_7651e3416432498fa79d,b5deaa5e-087f-59e1-9574-f5aaa6ba8eb9,region,Highland,0.95,smws,pending,NO_CHANGE
KB_f3cf8f94e70d4bbda556,b340942d-5301-5676-9bff-6a26051d6bd2,cask_type,first-fill barrel,0.95,smws,pending,NO_CHANGE
KB_dfaf21566c1f4368849c,b340942d-5301-5676-9bff-6a26051d6bd2,age,11.0,0.95,smws,pending,NO_CHANGE
KB_633d12067d404f1da467,b340942d-5301-5676-9bff-6a26051d6bd2,abv,59.3,0.95,smws,pending,NO_CHANGE
KB_fd53285851a44593b37f,b340942d-5301-5676-9bff-6a26051d6bd2,region,Highland,0.95,smws,pending,NO_CHANGE
KB_7acb34be152948f6859d,75457a81-d010-5484-8d64-e54977f7f1d7,age,11.0,0.95,smws,pending,NO_CHANGE
KB_37c4d0cce425453c8cb1,75457a81-d010-5484-8d64-e54977f7f1d7,abv,57.8,0.95,smws,pending,NO_CHANGE
KB_728e982b63e64245b2ab,96cf9554-001b-51b6-9bff-9df3bcf9c1be,cask_type,refill,0.95,smws,pending,NO_CHANGE
KB_34dea6924c9740f19b6a,96cf9554-001b-51b6-9bff-9df3bcf9c1be,age,100.0,0.95,smws,pending,INVALID
KB_2f05c9cf806e4dadbb12,96cf9554-001b-51b6-9bff-9df3bcf9c1be,abv,66.5,0.95,smws,pending,NO_CHANGE
KB_1f3a11b54a7b4195aec0,96cf9554-001b-51b6-9bff-9df3bcf9c1be,region,Islay,0.95,smws,pending,NO_CHANGE
KB_c073ca7c0e7a4ff68b20,f17ba6a3-6620-5604-9f1e-2e3235ede076,cask_type,refill,0.95,smws,pending,NO_CHANGE
KB_a3cb8db083494590bf2f,f17ba6a3-6620-5604-9f1e-2e3235ede076,age,8.0,0.95,smws,pending,NO_CHANGE
KB_a130a231cd784aa8a3fd,f17ba6a3-6620-5604-9f1e-2e3235ede076,abv,66.3,0.95,smws,pending,NO_CHANGE
KB_8282416618454c85b6b7,f17ba6a3-6620-5604-9f1e-2e3235ede076,region,Islay,0.95,smws,pending,NO_CHANGE
KB_7ddc6e1ffca94fa78869,119c6a93-c8e2-5a2f-aaa6-4d1ee8c7ec49,cask_type,refill,0.95,smws,pending,NO_CHANGE
KB_72f14a8aa3d041acbbb0,119c6a93-c8e2-5a2f-aaa6-4d1ee8c7ec49,age,8.0,0.95,smws,pending,NO_CHANGE
KB_70660f7db2aa4602a891,119c6a93-c8e2-5a2f-aaa6-4d1ee8c7ec49,abv,65.7,0.95,smws,pending,NO_CHANGE
KB_22860bc3c3d94012a555,119c6a93-c8e2-5a2f-aaa6-4d1ee8c7ec49,region,Islay,0.95,smws,pending,NO_CHANGE
KB_252a47ec1e6b4801a495,77414f74-ce5e-53fe-9820-96ee47e7d3ad,cask_type,refill,0.95,smws,pending,NO_CHANGE
KB_fc95367b110c478f95b9,77414f74-ce5e-53fe-9820-96ee47e7d3ad,age,9.0,0.95,smws,pending,NO_CHANGE
KB_42093a2ad14c4a37b974,77414f74-ce5e-53fe-9820-96ee47e7d3ad,abv,65.7,0.95,smws,pending,NO_CHANGE
KB_646f1a2feb8a4bb998c9,77414f74-ce5e-53fe-9820-96ee47e7d3ad,region,Islay,0.95,smws,pending,NO_CHANGE
KB_65bdd9278c364f228695,418cece7-9238-55c0-80fc-cf842e4204c7,cask_type,refill,0.95,smws,pending,NO_CHANGE
KB_60a9db32da614ae9a36f,418cece7-9238-55c0-80fc-cf842e4204c7,age,9.0,0.95,smws,pending,NO_CHANGE
KB_16e4643827c44b4b8043,418cece7-9238-55c0-80fc-cf842e4204c7,abv,65.4,0.95,smws,pending,NO_CHANGE
KB_535e479a2c4444669798,418cece7-9238-55c0-80fc-cf842e4204c7,region,Islay,0.95,smws,pending,NO_CHANGE
KB_eae1fb11531e4e7e8022,c573a204-a6d4-5dbd-8253-d99e84d89966,cask_type,refill,0.95,smws,pending,NO_CHANGE
KB_4b6d8fac2e6d49fca34d,c573a204-a6d4-5dbd-8253-d99e84d89966,age,9.0,0.95,smws,pending,NO_CHANGE
KB_a8f4882fbf114080a1fe,c573a204-a6d4-5dbd-8253-d99e84d89966,abv,65.7,0.95,smws,pending,NO_CHANGE
KB_8bf2349d76b74e149252,c573a204-a6d4-5dbd-8253-d99e84d89966,region,Islay,0.95,smws,pending,NO_CHANGE
KB_85f5cd289cb84ce28fab,cac9d1ae-0bae-5766-a32f-b8eb6702d985,cask_type,refill,0.95,smws,pending,NO_CHANGE
KB_bc267ae2a84241a6b2e9,cac9d1ae-0bae-5766-a32f-b8eb6702d985,age,8.0,0.95,smws,pending,NO_CHANGE
KB_8beca4016f8c45429fb5,cac9d1ae-0bae-5766-a32f-b8eb6702d985,abv,66.0,0.95,smws,pending,NO_CHANGE
KB_02027cf3d3584fa388c7,cac9d1ae-0bae-5766-a32f-b8eb6702d985,region,Islay,0.95,smws,pending,NO_CHANGE
KB_f53caaa596224cb9828c,619ecc49-104c-5b3d-8527-477690263190,cask_type,refill,0.95,smws,pending,NO_CHANGE
KB_0f397bf5732c4d019bce,619ecc49-104c-5b3d-8527-477690263190,age,9.0,0.95,smws,pending,NO_CHANGE
KB_be078288297c45f69b69,619ecc49-104c-5b3d-8527-477690263190,abv,65.5,0.95,smws,pending,NO_CHANGE
KB_53c3240fb8fb4e5a9524,619ecc49-104c-5b3d-8527-477690263190,region,Islay,0.95,smws,pending,NO_CHANGE
KB_be58f8ef2d6d438e880f,4774d7b1-f99e-5ed0-b54e-5f6dac5ead08,cask_type,refill,0.95,smws,pending,NO_CHANGE
KB_a067afddf1084462b2a7,4774d7b1-f99e-5ed0-b54e-5f6dac5ead08,age,8.0,0.95,smws,pending,NO_CHANGE
KB_3bc1b97618af4592afcb,4774d7b1-f99e-5ed0-b54e-5f6dac5ead08,abv,66.4,0.95,smws,pending,NO_CHANGE
KB_5ab7fbea30d148ccbea7,4774d7b1-f99e-5ed0-b54e-5f6dac5ead08,region,Islay,0.95,smws,pending,NO_CHANGE
KB_4e93bc92e4534d6699f6,c797ea8f-618a-50d6-80c5-fa5f11448868,cask_type,refill,0.95,smws,pending,NO_CHANGE
KB_a8c237db9a8640e480a9,c797ea8f-618a-50d6-80c5-fa5f11448868,age,8.0,0.95,smws,pending,NO_CHANGE
KB_81e00b7471644c57942e,c797ea8f-618a-50d6-80c5-fa5f11448868,abv,67.0,0.95,smws,pending,NO_CHANGE
KB_6b5b5917c3fd46d6b153,c797ea8f-618a-50d6-80c5-fa5f11448868,region,Islay,0.95,smws,pending,NO_CHANGE
KB_46e818143be947c18d92,26a37f2b-0843-5a2e-a8fe-390288687d8e,cask_type,refill,0.95,smws,pending,NO_CHANGE
KB_91f043f02ca646a4b0c2,26a37f2b-0843-5a2e-a8fe-390288687d8e,age,10.0,0.95,smws,pending,NO_CHANGE
KB_17cba34321b44a5eaacd,26a37f2b-0843-5a2e-a8fe-390288687d8e,abv,64.2,0.95,smws,pending,NO_CHANGE
KB_bc516c71c818499eb12e,26a37f2b-0843-5a2e-a8fe-390288687d8e,region,Islay,0.95,smws,pending,NO_CHANGE
KB_270f6a35ad9f4c4f9944,544d8239-2c01-5e68-b3af-c0c4e846e788,cask_type,refill,0.95,smws,pending,NO_CHANGE
KB_9efe78b381ba461e81ec,544d8239-2c01-5e68-b3af-c0c4e846e788,age,10.0,0.95,smws,pending,NO_CHANGE
KB_87b7a969f55341aabeaf,544d8239-2c01-5e68-b3af-c0c4e846e788,abv,65.2,0.95,smws,pending,NO_CHANGE
KB_74611d665d0f42f2b496,544d8239-2c01-5e68-b3af-c0c4e846e788,region,Islay,0.95,smws,pending,NO_CHANGE
KB_f005f79d35374d279661,c59452ea-8bf0-5cdd-bb76-f6e4abf531b7,cask_type,refill,0.95,smws,pending,NO_CHANGE
KB_f87eff9095934a878c5d,c59452ea-8bf0-5cdd-bb76-f6e4abf531b7,age,9.0,0.95,smws,pending,NO_CHANGE
KB_bd7ecfa46b334612aca5,c59452ea-8bf0-5cdd-bb76-f6e4abf531b7,abv,63.2,0.95,smws,pending,NO_CHANGE
KB_0d1ee869dbe04429b7a2,c59452ea-8bf0-5cdd-bb76-f6e4abf531b7,region,Islay,0.95,smws,pending,NO_CHANGE
KB_3d476aac3ff84b9fa6b7,e349007a-3331-5ff0-b64f-6334cd05893a,cask_type,butt;sherry butt,0.95,smws,pending,NO_CHANGE
KB_bfc86c085a6d436282be,e349007a-3331-5ff0-b64f-6334cd05893a,age,10.0,0.95,smws,pending,NO_CHANGE
KB_c26e0984de284bf8b94f,e349007a-3331-5ff0-b64f-6334cd05893a,abv,66.3,0.95,smws,pending,NO_CHANGE
KB_9316f3d7b9294f57830d,e349007a-3331-5ff0-b64f-6334cd05893a,region,Islay,0.95,smws,pending,NO_CHANGE
KB_58fda16b0d294243aa24,9074648c-a0ec-58db-b5d7-e5677d55b72a,cask_type,butt;refill,0.95,smws,pending,NO_CHANGE
KB_a626941be42a418aa8bc,9074648c-a0ec-58db-b5d7-e5677d55b72a,age,11.0,0.95,smws,pending,NO_CHANGE
KB_c490cb64814e4a469ed0,9074648c-a0ec-58db-b5d7-e5677d55b72a,abv,66.7,0.95,smws,pending,NO_CHANGE
KB_8b5c344dacd84509a14d,9074648c-a0ec-58db-b5d7-e5677d55b72a,region,Islay,0.95,smws,pending,NO_CHANGE
KB_7ed8b778379e4d1983a0,d9d30288-9c63-5bcd-a771-3f34a2213932,cask_type,refill,0.95,smws,pending,NO_CHANGE
KB_47063bda7c8c4894bee5,d9d30288-9c63-5bcd-a771-3f34a2213932,age,12.0,0.95,smws,pending,NO_CHANGE
KB_8133e49dec544ac3bef5,d9d30288-9c63-5bcd-a771-3f34a2213932,abv,65.0,0.95,smws,pending,NO_CHANGE
KB_c2e444086d3f4c018afd,d9d30288-9c63-5bcd-a771-3f34a2213932,region,Islay,0.95,smws,pending,NO_CHANGE
KB_e27b491b145c4be7a3ef,3e065072-8bc7-5833-84d2-8ef1be27e36c,cask_type,butt;sherry butt,0.95,smws,pending,NO_CHANGE
KB_8ad842969d2f4d2a9268,3e065072-8bc7-5833-84d2-8ef1be27e36c,age,7.0,0.95,smws,pending,NO_CHANGE
KB_a0a127a101044ea69792,3e065072-8bc7-5833-84d2-8ef1be27e36c,abv,66.6,0.95,smws,pending,NO_CHANGE
KB_3216bcbdea51416db416,3e065072-8bc7-5833-84d2-8ef1be27e36c,region,Islay,0.95,smws,pending,NO_CHANGE
KB_1d34d68f251c4dc18190,W001645,cask_type,refill,0.95,smws,pending,NO_CHANGE
KB_2a44d972b3094a3aa54f,W001645,region,Islay,0.95,smws,pending,NO_CHANGE
KB_d6615675084f4cf68391,be0c8519-9a6d-5425-86ac-cd3c156dee76,cask_type,hogshead,0.95,smws,pending,NO_CHANGE
KB_8b07e33ccdf346fda85e,be0c8519-9a6d-5425-86ac-cd3c156dee76,age,7.0,0.95,smws,pending,NO_CHANGE
KB_2a309341e03642d2a7e3,be0c8519-9a6d-5425-86ac-cd3c156dee76,abv,60.5,0.95,smws,pending,NO_CHANGE
KB_11822ae3a5a24709b7df,f054b5b7-53cc-5ced-9412-1cf8b9e8641d,cask_type,first-fill barrel,0.95,smws,pending,NO_CHANGE
KB_2ef772e0146748e7a213,f054b5b7-53cc-5ced-9412-1cf8b9e8641d,age,5.0,0.95,smws,pending,NO_CHANGE
KB_883243ca4501469da1e7,f054b5b7-53cc-5ced-9412-1cf8b9e8641d,abv,61.3,0.95,smws,pending,NO_CHANGE
KB_16c3faae66164055956b,82179330-8ad9-50fa-9730-41192fce0d4d,cask_type,first-fill barrel,0.95,smws,pending,NO_CHANGE
KB_afcec405de7049128003,82179330-8ad9-50fa-9730-41192fce0d4d,age,9.0,0.95,smws,pending,NO_CHANGE
KB_d77e43cb4a5b4c12aaea,82179330-8ad9-50fa-9730-41192fce0d4d,abv,60.2,0.95,smws,pending,NO_CHANGE
KB_860c8f5ecb7e462a9393,6f6f9495-5f31-5e8e-9d83-49d809ce9155,cask_type,first-fill barrel,0.95,smws,pending,NO_CHANGE
KB_548a0ae124a54623acb8,6f6f9495-5f31-5e8e-9d83-49d809ce9155,age,5.0,0.95,smws,pending,NO_CHANGE
KB_7d9622991b32485da2b9,6f6f9495-5f31-5e8e-9d83-49d809ce9155,abv,60.2,0.95,smws,pending,NO_CHANGE
KB_52acb77f0e784c5d85da,6f6f9495-5f31-5e8e-9d83-49d809ce9155,region,Islay,0.95,smws,pending,NO_CHANGE
KB_3ae8fcdee24749739f54,2011247b-c342-5468-b8f6-b03491eda7f4,cask_type,first-fill barrel,0.95,smws,pending,NO_CHANGE
KB_fa31a86e0f8d4b2780c2,2011247b-c342-5468-b8f6-b03491eda7f4,age,4.0,0.95,smws,pending,NO_CHANGE
KB_32e51722aec642b79674,2011247b-c342-5468-b8f6-b03491eda7f4,abv,60.2,0.95,smws,pending,NO_CHANGE
KB_b8fd6e9040d0407d9758,2011247b-c342-5468-b8f6-b03491eda7f4,region,Islay,0.95,smws,pending,NO_CHANGE
KB_2699994f6a74418a82c6,5b4b4ad8-0fff-53d3-a6a4-7609919007c7,cask_type,first-fill barrel,0.95,smws,pending,NO_CHANGE
KB_a7e0a4a39e1b408a8150,5b4b4ad8-0fff-53d3-a6a4-7609919007c7,age,4.0,0.95,smws,pending,NO_CHANGE
KB_c4fd638600794367bf3b,5b4b4ad8-0fff-53d3-a6a4-7609919007c7,abv,59.2,0.95,smws,pending,NO_CHANGE
KB_3343e0e2792947abad03,5b4b4ad8-0fff-53d3-a6a4-7609919007c7,region,Islay,0.95,smws,pending,NO_CHANGE
KB_e8c245f4d9b84e5f8e4d,73f62294-1292-58c7-82e8-54cf5233c157,cask_type,first-fill barrel,0.95,smws,pending,NO_CHANGE
KB_544b7f374ac549a5a769,73f62294-1292-58c7-82e8-54cf5233c157,age,6.0,0.95,smws,pending,NO_CHANGE
KB_81f27c24c8b4480eb7ca,73f62294-1292-58c7-82e8-54cf5233c157,abv,58.9,0.95,smws,pending,NO_CHANGE
KB_a924654f65b240f08d93,73f62294-1292-58c7-82e8-54cf5233c157,region,Islay,0.95,smws,pending,NO_CHANGE
KB_c4c6c17e42984e78aff0,361c1dd2-c51e-52bb-a001-2a76e661a567,age,10.0,0.95,smws,pending,NO_CHANGE
KB_dac85d03c73a43cf9643,361c1dd2-c51e-52bb-a001-2a76e661a567,abv,58.7,0.95,smws,pending,NO_CHANGE
KB_ea32b1a0a55f4c0d8e51,2552a877-8167-5645-9a2f-be7cf6449316,cask_type,hogshead;refill,0.95,smws,pending,NO_CHANGE
KB_1c557c44864f46188655,2552a877-8167-5645-9a2f-be7cf6449316,age,13.0,0.95,smws,pending,NO_CHANGE
KB_266532095f0a42ca861f,2552a877-8167-5645-9a2f-be7cf6449316,abv,57.7,0.95,smws,pending,NO_CHANGE
KB_9777e1cbe4d14cbfbceb,2552a877-8167-5645-9a2f-be7cf6449316,region,Islay,0.95,smws,pending,NO_CHANGE
KB_cd901444829e4bbb9e51,b4b5b500-b1f7-5e6e-b66e-9b013fb33f4f,cask_type,hogshead;refill,0.95,smws,pending,NO_CHANGE
KB_64ac31bdf7a3493697d8,b4b5b500-b1f7-5e6e-b66e-9b013fb33f4f,age,17.0,0.95,smws,pending,NO_CHANGE
KB_7981326e97b642feb470,b4b5b500-b1f7-5e6e-b66e-9b013fb33f4f,abv,55.0,0.95,smws,pending,NO_CHANGE
KB_23d03ef971fe4c33b8aa,b4b5b500-b1f7-5e6e-b66e-9b013fb33f4f,region,Islay,0.95,smws,pending,NO_CHANGE
KB_fe3d781b5afd44b9b71c,69447d22-fdd9-5c9e-a755-d1dcf8fd1879,age,12.0,0.95,smws,pending,NO_CHANGE
KB_6eda1a6f829f41eab25e,69447d22-fdd9-5c9e-a755-d1dcf8fd1879,abv,64.4,0.95,smws,pending,NO_CHANGE
KB_4a485691419146f7a316,a9819013-a5a4-5c41-ac2f-65c5246e9163,cask_type,hogshead;refill,0.95,smws,pending,NO_CHANGE
KB_b52dbd30c4294f45bd61,a9819013-a5a4-5c41-ac2f-65c5246e9163,age,21.0,0.95,smws,pending,NO_CHANGE
KB_a9338848b7db4f70aae4,a9819013-a5a4-5c41-ac2f-65c5246e9163,abv,61.1,0.95,smws,pending,NO_CHANGE
KB_144a9f73ba4d40279e0f,27b07f1f-f2fb-512a-a212-d1c275ae2f26,cask_type,butt;refill,0.95,smws,pending,NO_CHANGE
KB_086a414ce69d49e59201,27b07f1f-f2fb-512a-a212-d1c275ae2f26,age,21.0,0.95,smws,pending,NO_CHANGE
KB_b2114e0b5ea249488d5f,27b07f1f-f2fb-512a-a212-d1c275ae2f26,abv,65.1,0.95,smws,pending,NO_CHANGE
KB_70d3155a5dad4e588d3f,152e8a93-cab4-5a10-9807-123149aa12ab,cask_type,hogshead;refill,0.95,smws,pending,NO_CHANGE
KB_9badbfc2139b403ca54d,152e8a93-cab4-5a10-9807-123149aa12ab,age,23.0,0.95,smws,pending,NO_CHANGE
KB_1d22a3c7602e4143bfdf,152e8a93-cab4-5a10-9807-123149aa12ab,abv,60.3,0.95,smws,pending,NO_CHANGE
KB_a9f3374f15634d128dda,8a464a45-a609-5871-b175-9d0733d4a0a1,cask_type,hogshead;refill,0.95,smws,pending,NO_CHANGE
KB_f317f2b590c04849846a,8a464a45-a609-5871-b175-9d0733d4a0a1,age,37.0,0.95,smws,pending,NO_CHANGE
KB_f274a8a5f2854e67998c,8a464a45-a609-5871-b175-9d0733d4a0a1,abv,54.1,0.95,smws,pending,NO_CHANGE
KB_2513bf792ab5431cb328,06e74a41-dbab-563f-92f0-95dffc984aa9,cask_type,hogshead;refill,0.95,smws,pending,NO_CHANGE
KB_b541ffa8068449a7b1ff,06e74a41-dbab-563f-92f0-95dffc984aa9,age,18.0,0.95,smws,pending,NO_CHANGE
KB_d31733f9f03c486ca628,06e74a41-dbab-563f-92f0-95dffc984aa9,abv,64.2,0.95,smws,pending,NO_CHANGE
KB_e7b5b748312e4fb89ab6,38c38fa2-b0c8-5b04-b7ef-5e0381b1c933,cask_type,hogshead;refill,0.95,smws,pending,NO_CHANGE
KB_92b9325971684248bec2,38c38fa2-b0c8-5b04-b7ef-5e0381b1c933,age,21.0,0.95,smws,pending,NO_CHANGE
KB_b717c95ec3c04a4ab8cd,38c38fa2-b0c8-5b04-b7ef-5e0381b1c933,abv,62.9,0.95,smws,pending,NO_CHANGE
KB_f9059a9d306f4601a89f,833c0fdd-cca4-50a7-8f5c-b4baa0d3aca2,cask_type,hogshead;refill,0.95,smws,pending,NO_CHANGE
KB_834641959c0b45a8839a,833c0fdd-cca4-50a7-8f5c-b4baa0d3aca2,age,21.0,0.95,smws,pending,NO_CHANGE
KB_3c806c86b983426a95f7,833c0fdd-cca4-50a7-8f5c-b4baa0d3aca2,abv,62.8,0.95,smws,pending,NO_CHANGE
KB_8a50edd78bf8454daff0,4c71561f-0a5d-5901-8887-c0b10d714293,cask_type,refill,0.95,smws,pending,NO_CHANGE
KB_438fc85de23a4aaab78f,4c71561f-0a5d-5901-8887-c0b10d714293,age,24.0,0.95,smws,pending,NO_CHANGE
KB_47c7e9ed5c8646cba1bf,4c71561f-0a5d-5901-8887-c0b10d714293,abv,59.6,0.95,smws,pending,NO_CHANGE
KB_536a2ae286a541dd8e11,8f95f1ed-d7ab-56af-952b-af1022ad1903,cask_type,refill,0.95,smws,pending,NO_CHANGE
KB_9f085343f7ff46e1a273,8f95f1ed-d7ab-56af-952b-af1022ad1903,age,28.0,0.95,smws,pending,NO_CHANGE
KB_fe1039393eff4d418f72,8f95f1ed-d7ab-56af-952b-af1022ad1903,abv,47.8,0.95,smws,pending,NO_CHANGE
KB_6aff4402a96447739ea2,c5fea2cd-af68-5f11-95b0-f8240a3e511c,cask_type,refill,0.95,smws,pending,NO_CHANGE
KB_3ed6aaf130ff460b8439,c5fea2cd-af68-5f11-95b0-f8240a3e511c,age,35.0,0.95,smws,pending,NO_CHANGE
KB_8de1d14628114f33b7f4,c5fea2cd-af68-5f11-95b0-f8240a3e511c,abv,53.6,0.95,smws,pending,NO_CHANGE
KB_08fcd4eda18543d7ac66,5060614d-276a-58ae-9734-ce4646f24123,cask_type,hogshead;refill,0.95,smws,pending,NO_CHANGE
KB_42d9c072212c419d9cc8,5060614d-276a-58ae-9734-ce4646f24123,age,34.0,0.95,smws,pending,NO_CHANGE
KB_dead958bae9b4435bff2,5060614d-276a-58ae-9734-ce4646f24123,abv,58.3,0.95,smws,pending,NO_CHANGE
KB_6b98c87551ca42bfb427,00f486c8-02df-58f5-9843-45d2de514a58,cask_type,refill,0.95,smws,pending,NO_CHANGE
KB_111dc3623f4543e88344,00f486c8-02df-58f5-9843-45d2de514a58,age,26.0,0.95,smws,pending,NO_CHANGE
KB_36b78b8a411a493aba35,00f486c8-02df-58f5-9843-45d2de514a58,abv,56.0,0.95,smws,pending,NO_CHANGE
KB_5da21f5bc57c4765a351,8ecbd40b-d6db-5746-a4a4-c65d5c52a1db,cask_type,hogshead;refill,0.95,smws,pending,NO_CHANGE
KB_e3fd9200b53a4d73a4af,8ecbd40b-d6db-5746-a4a4-c65d5c52a1db,age,33.0,0.95,smws,pending,NO_CHANGE
KB_bab8d0a8d3504cf4a3c5,8ecbd40b-d6db-5746-a4a4-c65d5c52a1db,abv,53.2,0.95,smws,pending,NO_CHANGE
KB_79213f4276c442db8098,b2a39615-d111-5d4a-a955-7f9a9351a39a,cask_type,hogshead;refill,0.95,smws,pending,NO_CHANGE
KB_51fd8305e0ad47b38da9,b2a39615-d111-5d4a-a955-7f9a9351a39a,age,35.0,0.95,smws,pending,NO_CHANGE
KB_8eae60accd124f4da9f8,b2a39615-d111-5d4a-a955-7f9a9351a39a,abv,53.9,0.95,smws,pending,NO_CHANGE
KB_a6c0d40549164721837f,d7b58b52-3027-5c86-981d-c13e300cb875,cask_type,hogshead;refill,0.95,smws,pending,NO_CHANGE
KB_28764d8f61d34c05ba9b,d7b58b52-3027-5c86-981d-c13e300cb875,age,34.0,0.95,smws,pending,NO_CHANGE
KB_6bcf1981e22448c58d4a,d7b58b52-3027-5c86-981d-c13e300cb875,abv,52.8,0.95,smws,pending,NO_CHANGE
KB_d243e4597040455aa8c9,b9bd2008-a1a3-5f78-89db-ab9038e0069f,cask_type,hogshead;refill,0.95,smws,pending,NO_CHANGE
KB_87fbf2f8d48c43cf9a06,b9bd2008-a1a3-5f78-89db-ab9038e0069f,age,28.0,0.95,smws,pending,NO_CHANGE
KB_5cbab329ad754f999454,b9bd2008-a1a3-5f78-89db-ab9038e0069f,abv,55.4,0.95,smws,pending,NO_CHANGE
KB_44c7ae05381f45059e5e,f4446de1-663d-51a3-b640-bab8e3b82df4,cask_type,hogshead;refill,0.95,smws,pending,NO_CHANGE
KB_0ee10e7437e049f78896,f4446de1-663d-51a3-b640-bab8e3b82df4,age,34.0,0.95,smws,pending,NO_CHANGE
KB_16d9acd72ce44952aff4,f4446de1-663d-51a3-b640-bab8e3b82df4,abv,51.9,0.95,smws,pending,NO_CHANGE
KB_d6cef40573dc470abbcd,e4ef2c1a-ffdf-59f1-9f0a-49971f609d9f,cask_type,refill,0.95,smws,pending,NO_CHANGE
KB_301b03aa75a84a53982d,e4ef2c1a-ffdf-59f1-9f0a-49971f609d9f,age,25.0,0.95,smws,pending,NO_CHANGE
KB_2de070a5b6cf48f2ad92,e4ef2c1a-ffdf-59f1-9f0a-49971f609d9f,abv,62.3,0.95,smws,pending,NO_CHANGE
KB_cc114b9f5d7848178a16,e4ef2c1a-ffdf-59f1-9f0a-49971f609d9f,region,Highland,0.95,smws,pending,NO_CHANGE
KB_06c237e5131f4252acbe,ce9a5b09-26f0-5724-91d9-038bf51d4c76,cask_type,hogshead,0.95,smws,pending,NO_CHANGE
KB_185cf2c7c03d46feb2a4,ce9a5b09-26f0-5724-91d9-038bf51d4c76,age,17.0,0.95,smws,pending,NO_CHANGE
KB_ebff8ac9badc4dd981ac,ce9a5b09-26f0-5724-91d9-038bf51d4c76,abv,65.3,0.95,smws,pending,NO_CHANGE
KB_6c54924cda99456984e9,6276d8f8-6188-5a9e-8f86-2f8b0049045a,cask_type,hogshead;virgin oak,0.95,smws,pending,NO_CHANGE
KB_7f384aa41cbd4645b0d0,6276d8f8-6188-5a9e-8f86-2f8b0049045a,age,18.0,0.95,smws,pending,NO_CHANGE
KB_87aff9ef647e489ca2df,6276d8f8-6188-5a9e-8f86-2f8b0049045a,abv,65.4,0.95,smws,pending,NO_CHANGE
KB_66b6c0890a3440648b22,7d7f1ed3-aee7-5503-ad47-60b8a8ae3f7c,cask_type,hogshead;refill,0.95,smws,pending,NO_CHANGE
KB_6112b240e0ea48e5b868,7d7f1ed3-aee7-5503-ad47-60b8a8ae3f7c,age,19.0,0.95,smws,pending,NO_CHANGE
KB_22bc3d193bfb4ced813a,7d7f1ed3-aee7-5503-ad47-60b8a8ae3f7c,abv,64.6,0.95,smws,pending,NO_CHANGE
KB_20ad050d7721463daf50,4e6be12f-f68c-52c0-a442-1838661a6441,cask_type,refill,0.95,smws,pending,NO_CHANGE
KB_02c7280aba25425e8fa7,4e6be12f-f68c-52c0-a442-1838661a6441,age,18.0,0.95,smws,pending,NO_CHANGE
KB_57df37178de7422cbbc2,4e6be12f-f68c-52c0-a442-1838661a6441,abv,55.2,0.95,smws,pending,NO_CHANGE
KB_1dbe5faf0849483dabbc,92a3f209-ac9f-5af3-82ea-745dee1c80c1,cask_type,hogshead;refill,0.95,smws,pending,NO_CHANGE
KB_07df525bff2c4f768552,92a3f209-ac9f-5af3-82ea-745dee1c80c1,age,35.0,0.95,smws,pending,NO_CHANGE
KB_97036149f5274e79aec6,92a3f209-ac9f-5af3-82ea-745dee1c80c1,abv,50.1,0.95,smws,pending,NO_CHANGE
KB_95450dc308664f67a928,6ee22dc8-9949-5558-8d9d-cd28bc309169,cask_type,hogshead;refill,0.95,smws,pending,NO_CHANGE
KB_b5de866ef62c43fb9ac6,6ee22dc8-9949-5558-8d9d-cd28bc309169,age,31.0,0.95,smws,pending,NO_CHANGE
KB_fb9ef58e3eb24075b248,6ee22dc8-9949-5558-8d9d-cd28bc309169,abv,59.2,0.95,smws,pending,NO_CHANGE
KB_cc72bae647074a0da830,daab7040-7461-508f-b449-0c1e6d6f563c,cask_type,hogshead;refill,0.95,smws,pending,NO_CHANGE
KB_24d438bc86384b6ba99d,daab7040-7461-508f-b449-0c1e6d6f563c,age,27.0,0.95,smws,pending,NO_CHANGE
KB_147555b18468474d9e28,daab7040-7461-508f-b449-0c1e6d6f563c,abv,60.3,0.95,smws,pending,NO_CHANGE
KB_fbc20cfd45b7499abe31,a3aba630-5b70-5c0b-a907-59e5a736ed1a,cask_type,hogshead;refill,0.95,smws,pending,NO_CHANGE
KB_e99dde350cf04da4a2f2,a3aba630-5b70-5c0b-a907-59e5a736ed1a,age,28.0,0.95,smws,pending,NO_CHANGE
KB_e2c767306f344ccc93a4,a3aba630-5b70-5c0b-a907-59e5a736ed1a,abv,58.4,0.95,smws,pending,NO_CHANGE
KB_52144d3aa5fc453b9d37,2cce09c8-5977-5e68-bb5a-94dede9d7c9a,cask_type,hogshead;refill,0.95,smws,pending,NO_CHANGE
KB_968c47066c6c42b2a49a,2cce09c8-5977-5e68-bb5a-94dede9d7c9a,age,30.0,0.95,smws,pending,NO_CHANGE
KB_7f3f2d5b26414ac5af26,2cce09c8-5977-5e68-bb5a-94dede9d7c9a,abv,59.4,0.95,smws,pending,NO_CHANGE
KB_0f7265b3aeb041eea433,12e7d040-7d61-5b1c-beea-f9fea16b56bf,cask_type,refill,0.95,smws,pending,NO_CHANGE
KB_9d2812734def428e8caa,12e7d040-7d61-5b1c-beea-f9fea16b56bf,age,22.0,0.95,smws,pending,NO_CHANGE
KB_eb5b9179bca3486f9653,12e7d040-7d61-5b1c-beea-f9fea16b56bf,abv,57.3,0.95,smws,pending,NO_CHANGE
KB_cb1ca787f99b49c1b5da,18667c85-5acd-57dc-be95-6ed6d247c020,cask_type,hogshead;refill,0.95,smws,pending,NO_CHANGE
KB_5385e8227a9248bf9351,18667c85-5acd-57dc-be95-6ed6d247c020,age,23.0,0.95,smws,pending,NO_CHANGE
KB_d1a47bf7da2948618ac4,18667c85-5acd-57dc-be95-6ed6d247c020,abv,62.4,0.95,smws,pending,NO_CHANGE
KB_244fca63a87e481684f1,bec4ab04-e89d-5702-bf05-134bd42b394e,cask_type,hogshead;refill,0.95,smws,pending,NO_CHANGE
KB_33a7eff618c148929b0a,bec4ab04-e89d-5702-bf05-134bd42b394e,age,23.0,0.95,smws,pending,NO_CHANGE
KB_ef503b02ca514d67989e,bec4ab04-e89d-5702-bf05-134bd42b394e,abv,59.0,0.95,smws,pending,NO_CHANGE
KB_cca8aadbc26f4ec9a1f2,7285577b-af5c-5d2c-ac1e-62c8796c96ca,cask_type,hogshead;refill,0.95,smws,pending,NO_CHANGE
KB_b6fb098829634c098a0b,7285577b-af5c-5d2c-ac1e-62c8796c96ca,age,25.0,0.95,smws,pending,NO_CHANGE
KB_5af0783d2e5a457cbc91,7285577b-af5c-5d2c-ac1e-62c8796c96ca,abv,59.6,0.95,smws,pending,NO_CHANGE
KB_88a625a221694250a7f0,fb0a4b12-03d0-5a3b-b6b2-3b8b992a66b8,cask_type,hogshead;refill,0.95,smws,pending,NO_CHANGE
KB_6b366713454e47fba207,fb0a4b12-03d0-5a3b-b6b2-3b8b992a66b8,age,26.0,0.95,smws,pending,NO_CHANGE
KB_dc338566994947869e5a,fb0a4b12-03d0-5a3b-b6b2-3b8b992a66b8,abv,59.7,0.95,smws,pending,NO_CHANGE
KB_6857ec3062a843fb9c41,3a653f22-ba5d-54fe-9458-17b4bba9481a,cask_type,refill,0.95,smws,pending,NO_CHANGE
KB_ed97b01165504eee8fe6,3a653f22-ba5d-54fe-9458-17b4bba9481a,age,11.0,0.95,smws,pending,NO_CHANGE
KB_d710f733bf2f485c966b,3a653f22-ba5d-54fe-9458-17b4bba9481a,abv,57.8,0.95,smws,pending,NO_CHANGE
