whisky_id,field,current_value,proposed_value,confidence,source,status,classification
21e7ffc0-6813-5c8d-9a31-26a99ca23a6f,age,,14.0,0.95,smws,pending,NO_CHANGE
21e7ffc0-6813-5c8d-9a31-26a99ca23a6f,abv,,55.4,0.95,smws,pending,NO_CHANGE
21e7ffc0-6813-5c8d-9a31-26a99ca23a6f,region,,Highlands,0.95,smws,pending,CONFLICT
84b74073-31ee-54c4-b58b-e9f22465b4d4,cask_type,,hogshead;refill,0.95,smws,pending,NO_CHANGE
84b74073-31ee-54c4-b58b-e9f22465b4d4,age,,23.0,0.95,smws,pending,NO_CHANGE
84b74073-31ee-54c4-b58b-e9f22465b4d4,abv,,50.8,0.95,smws,pending,NO_CHANGE
84b74073-31ee-54c4-b58b-e9f22465b4d4,region,,Speyside,0.95,smws,pending,NO_CHANGE
8b2716e3-6ed0-5b48-afea-d0ee6fa048f2,cask_type,,hogshead;refill,0.95,smws,pending,NO_CHANGE
8b2716e3-6ed0-5b48-afea-d0ee6fa048f2,age,,39.0,0.95,smws,pending,NO_CHANGE
8b2716e3-6ed0-5b48-afea-d0ee6fa048f2,abv,,53.6,0.95,smws,pending,NO_CHANGE
8b2716e3-6ed0-5b48-afea-d0ee6fa048f2,region,,Speyside,0.95,smws,pending,NO_CHANGE
472e681d-0af6-5ad3-929f-d79c11568bca,cask_type,,first-fill,0.95,smws,pending,NO_CHANGE
472e681d-0af6-5ad3-929f-d79c11568bca,age,,10.0,0.95,smws,pending,NO_CHANGE
472e681d-0af6-5ad3-929f-d79c11568bca,abv,,62.4,0.95,smws,pending,NO_CHANGE
472e681d-0af6-5ad3-929f-d79c11568bca,region,,Speyside,0.95,smws,pending,NO_CHANGE
ba40280d-19ba-5fe7-8ae3-6e1217663f97,cask_type,,first-fill barrel,0.95,smws,pending,NO_CHANGE
ba40280d-19ba-5fe7-8ae3-6e1217663f97,age,,11.0,0.95,smws,pending,NO_CHANGE
ba40280d-19ba-5fe7-8ae3-6e1217663f97,abv,,62.5,0.95,smws,pending,NO_CHANGE
ba40280d-19ba-5fe7-8ae3-6e1217663f97,region,,Speyside,0.95,smws,pending,NO_CHANGE
0efb9d47-4282-5b6a-8374-e789c8ae4d42,cask_type,,first-fill barrel,0.95,smws,pending,NO_CHANGE
0efb9d47-4282-5b6a-8374-e789c8ae4d42,age,,11.0,0.95,smws,pending,NO_CHANGE
0efb9d47-4282-5b6a-8374-e789c8ae4d42,abv,,56.2,0.95,smws,pending,NO_CHANGE
0efb9d47-4282-5b6a-8374-e789c8ae4d42,region,,Speyside,0.95,smws,pending,NO_CHANGE
9eca5f20-2b16-5025-a428-e2356ac314f2,cask_type,,hogshead;refill,0.95,smws,pending,NO_CHANGE
9eca5f20-2b16-5025-a428-e2356ac314f2,age,,24.0,0.95,smws,pending,NO_CHANGE
9eca5f20-2b16-5025-a428-e2356ac314f2,abv,,49.2,0.95,smws,pending,NO_CHANGE
9eca5f20-2b16-5025-a428-e2356ac314f2,region,,Speyside,0.95,smws,pending,NO_CHANGE
6fd88222-84a9-5958-bf60-a435f494fcbe,cask_type,,hogshead;refill,0.95,smws,pending,NO_CHANGE
6fd88222-84a9-5958-bf60-a435f494fcbe,age,,27.0,0.95,smws,pending,NO_CHANGE
6fd88222-84a9-5958-bf60-a435f494fcbe,abv,,52.1,0.95,smws,pending,NO_CHANGE
6fd88222-84a9-5958-bf60-a435f494fcbe,region,,Speyside,0.95,smws,pending,NO_CHANGE
4c1b4293-20a1-5b7e-80b9-793710b943e4,cask_type,,hogshead;refill,0.95,smws,pending,NO_CHANGE
4c1b4293-20a1-5b7e-80b9-793710b943e4,age,,28.0,0.95,smws,pending,NO_CHANGE
4c1b4293-20a1-5b7e-80b9-793710b943e4,abv,,53.3,0.95,smws,pending,NO_CHANGE
4c1b4293-20a1-5b7e-80b9-793710b943e4,region,,Speyside,0.95,smws,pending,NO_CHANGE
9c7c1f33-a610-53b4-84d1-33c5fb044c6d,cask_type,,hogshead;refill,0.95,smws,pending,NO_CHANGE
9c7c1f33-a610-53b4-84d1-33c5fb044c6d,age,,19.0,0.95,smws,pending,NO_CHANGE
9c7c1f33-a610-53b4-84d1-33c5fb044c6d,abv,,56.0,0.95,smws,pending,NO_CHANGE
9c7c1f33-a610-53b4-84d1-33c5fb044c6d,region,,Speyside,0.95,smws,pending,NO_CHANGE
617006f0-15e0-5533-a4b7-52f707e4df93,cask_type,,hogshead;refill,0.95,smws,pending,NO_CHANGE
617006f0-15e0-5533-a4b7-52f707e4df93,age,,19.0,0.95,smws,pending,NO_CHANGE
617006f0-15e0-5533-a4b7-52f707e4df93,abv,,55.2,0.95,smws,pending,NO_CHANGE
617006f0-15e0-5533-a4b7-52f707e4df93,region,,Speyside,0.95,smws,pending,NO_CHANGE
4bd25146-6032-5610-ba88-a6fc83328ab6,cask_type,,hogshead;refill,0.95,smws,pending,NO_CHANGE
4bd25146-6032-5610-ba88-a6fc83328ab6,age,,16.0,0.95,smws,pending,NO_CHANGE
4bd25146-6032-5610-ba88-a6fc83328ab6,abv,,55.4,0.95,smws,pending,NO_CHANGE
4bd25146-6032-5610-ba88-a6fc83328ab6,region,,Speyside,0.95,smws,pending,NO_CHANGE
7d176195-2e36-57c4-bf37-368dc856fd75,cask_type,,first-fill barrel,0.95,smws,pending,NO_CHANGE
7d176195-2e36-57c4-bf37-368dc856fd75,age,,11.0,0.95,smws,pending,NO_CHANGE
7d176195-2e36-57c4-bf37-368dc856fd75,abv,,57.3,0.95,smws,pending,NO_CHANGE
7d176195-2e36-57c4-bf37-368dc856fd75,region,,Speyside,0.95,smws,pending,NO_CHANGE
39a79eb9-3da4-5893-9a52-2603df1beffa,cask_type,,hogshead;refill,0.95,smws,pending,NO_CHANGE
39a79eb9-3da4-5893-9a52-2603df1beffa,age,,27.0,0.95,smws,pending,NO_CHANGE
39a79eb9-3da4-5893-9a52-2603df1beffa,abv,,47.2,0.95,smws,pending,NO_CHANGE
39a79eb9-3da4-5893-9a52-2603df1beffa,region,,Speyside,0.95,smws,pending,NO_CHANGE
5124995e-02aa-5c3a-b755-b47e641297ec,cask_type,,first-fill barrel,0.95,smws,pending,NO_CHANGE
5124995e-02aa-5c3a-b755-b47e641297ec,age,,11.0,0.95,smws,pending,NO_CHANGE
5124995e-02aa-5c3a-b755-b47e641297ec,abv,,56.4,0.95,smws,pending,NO_CHANGE
5124995e-02aa-5c3a-b755-b47e641297ec,region,,Speyside,0.95,smws,pending,NO_CHANGE
39151d65-4237-575e-8aa0-06832ae53e48,cask_type,,hogshead;refill,0.95,smws,pending,NO_CHANGE
39151d65-4237-575e-8aa0-06832ae53e48,age,,21.0,0.95,smws,pending,NO_CHANGE
39151d65-4237-575e-8aa0-06832ae53e48,abv,,54.3,0.95,smws,pending,NO_CHANGE
39151d65-4237-575e-8aa0-06832ae53e48,region,,Speyside,0.95,smws,pending,NO_CHANGE
231a6572-2f51-5c75-96ac-b4c3df886881,cask_type,,px;sherry butt,0.95,smws,pending,NO_CHANGE
231a6572-2f51-5c75-96ac-b4c3df886881,age,,15.0,0.95,smws,pending,NO_CHANGE
231a6572-2f51-5c75-96ac-b4c3df886881,abv,,51.5,0.95,smws,pending,NO_CHANGE
231a6572-2f51-5c75-96ac-b4c3df886881,region,,Speyside,0.95,smws,pending,NO_CHANGE
8a5c5cbb-2d79-53d3-b1c9-7c562230cdbc,cask_type,,hogshead;refill,0.95,smws,pending,NO_CHANGE
8a5c5cbb-2d79-53d3-b1c9-7c562230cdbc,age,,22.0,0.95,smws,pending,NO_CHANGE
8a5c5cbb-2d79-53d3-b1c9-7c562230cdbc,abv,,56.0,0.95,smws,pending,NO_CHANGE
8a5c5cbb-2d79-53d3-b1c9-7c562230cdbc,region,,Speyside,0.95,smws,pending,NO_CHANGE
b7a89fb6-3e1c-5301-b434-dc5f5eea56ce,cask_type,,first-fill barrel,0.95,smws,pending,NO_CHANGE
b7a89fb6-3e1c-5301-b434-dc5f5eea56ce,age,,15.0,0.95,smws,pending,NO_CHANGE
b7a89fb6-3e1c-5301-b434-dc5f5eea56ce,abv,,55.7,0.95,smws,pending,NO_CHANGE
b7a89fb6-3e1c-5301-b434-dc5f5eea56ce,region,,Speyside,0.95,smws,pending,NO_CHANGE
50b5141a-ebab-501f-aa51-d3fd7932f699,cask_type,,butt;sherry butt,0.95,smws,pending,NO_CHANGE
50b5141a-ebab-501f-aa51-d3fd7932f699,age,,32.0,0.95,smws,pending,NO_CHANGE
50b5141a-ebab-501f-aa51-d3fd7932f699,abv,,62.3,0.95,smws,pending,NO_CHANGE
8e6430a0-ce42-54ed-b68f-b238ec0acc3a,cask_type,,butt;refill,0.95,smws,pending,NO_CHANGE
8e6430a0-ce42-54ed-b68f-b238ec0acc3a,age,,16.0,0.95,smws,pending,NO_CHANGE
8e6430a0-ce42-54ed-b68f-b238ec0acc3a,abv,,57.5,0.95,smws,pending,NO_CHANGE
8e6430a0-ce42-54ed-b68f-b238ec0acc3a,region,,Highland,0.95,smws,pending,CONFLICT
bb7e1cc2-b1ea-5007-9911-c82410d737ca,cask_type,,hogshead;refill,0.95,smws,pending,NO_CHANGE
bb7e1cc2-b1ea-5007-9911-c82410d737ca,age,,29.0,0.95,smws,pending,NO_CHANGE
bb7e1cc2-b1ea-5007-9911-c82410d737ca,abv,,57.9,0.95,smws,pending,NO_CHANGE
bb7e1cc2-b1ea-5007-9911-c82410d737ca,region,,Highlands,0.95,smws,pending,CONFLICT
de6f75e8-74ba-501c-beda-3658a4df39ea,age,,21.0,0.95,smws,pending,NO_CHANGE
de6f75e8-74ba-501c-beda-3658a4df39ea,abv,,56.1,0.95,smws,pending,NO_CHANGE
de6f75e8-74ba-501c-beda-3658a4df39ea,region,,Highlands,0.95,smws,pending,CONFLICT
a72e11d5-2bf8-5544-8feb-803806369af3,cask_type,,hogshead;refill,0.95,smws,pending,NO_CHANGE
a72e11d5-2bf8-5544-8feb-803806369af3,age,,16.0,0.95,smws,pending,NO_CHANGE
a72e11d5-2bf8-5544-8feb-803806369af3,abv,,57.1,0.95,smws,pending,NO_CHANGE
a72e11d5-2bf8-5544-8feb-803806369af3,region,,Speyside,0.95,smws,pending,NO_CHANGE
e3685494-3da0-554f-96ae-d859a7867d34,cask_type,,butt;refill,0.95,smws,pending,NO_CHANGE
e3685494-3da0-554f-96ae-d859a7867d34,age,,21.0,0.95,smws,pending,NO_CHANGE
e3685494-3da0-554f-96ae-d859a7867d34,abv,,57.7,0.95,smws,pending,NO_CHANGE
e3685494-3da0-554f-96ae-d859a7867d34,region,,Speyside,0.95,smws,pending,NO_CHANGE
21703ad8-1e23-5467-974e-b8180dc584a7,cask_type,,butt;sherry butt,0.95,smws,pending,NO_CHANGE
21703ad8-1e23-5467-974e-b8180dc584a7,age,,15.0,0.95,smws,pending,NO_CHANGE
21703ad8-1e23-5467-974e-b8180dc584a7,abv,,59.9,0.95,smws,pending,NO_CHANGE
21703ad8-1e23-5467-974e-b8180dc584a7,region,,Speyside,0.95,smws,pending,NO_CHANGE
77ea2155-81e6-59cf-ac1f-416982c76bb1,cask_type,,hogshead;refill,0.95,smws,pending,NO_CHANGE
77ea2155-81e6-59cf-ac1f-416982c76bb1,age,,19.0,0.95,smws,pending,NO_CHANGE
77ea2155-81e6-59cf-ac1f-416982c76bb1,abv,,55.2,0.95,smws,pending,NO_CHANGE
77ea2155-81e6-59cf-ac1f-416982c76bb1,region,,Speyside,0.95,smws,pending,NO_CHANGE
5cf27220-5326-5dff-b41d-9c2b7ffa3eb9,cask_type,,refill,0.95,smws,pending,NO_CHANGE
5cf27220-5326-5dff-b41d-9c2b7ffa3eb9,age,,9.0,0.95,smws,pending,NO_CHANGE
5cf27220-5326-5dff-b41d-9c2b7ffa3eb9,abv,,61.4,0.95,smws,pending,NO_CHANGE
5cf27220-5326-5dff-b41d-9c2b7ffa3eb9,region,,Speyside,0.95,smws,pending,NO_CHANGE
92be4feb-5678-5d29-8431-86b7d5e6c48c,cask_type,,hogshead;refill,0.95,smws,pending,NO_CHANGE
92be4feb-5678-5d29-8431-86b7d5e6c48c,age,,21.0,0.95,smws,pending,NO_CHANGE
92be4feb-5678-5d29-8431-86b7d5e6c48c,abv,,51.7,0.95,smws,pending,NO_CHANGE
92be4feb-5678-5d29-8431-86b7d5e6c48c,region,,Speyside,0.95,smws,pending,NO_CHANGE
32cefab1-c233-5955-a544-77674ac72a58,cask_type,,hogshead;refill,0.95,smws,pending,NO_CHANGE
32cefab1-c233-5955-a544-77674ac72a58,age,,20.0,0.95,smws,pending,NO_CHANGE
32cefab1-c233-5955-a544-77674ac72a58,abv,,47.1,0.95,smws,pending,NO_CHANGE
32cefab1-c233-5955-a544-77674ac72a58,region,,Speyside,0.95,smws,pending,NO_CHANGE
e7692ba0-16bd-5531-a234-17879d59c490,cask_type,,refill,0.95,smws,pending,NO_CHANGE
e7692ba0-16bd-5531-a234-17879d59c490,age,,10.0,0.95,smws,pending,NO_CHANGE
e7692ba0-16bd-5531-a234-17879d59c490,abv,,60.2,0.95,smws,pending,NO_CHANGE
e7692ba0-16bd-5531-a234-17879d59c490,region,,Speyside,0.95,smws,pending,NO_CHANGE
427842ee-b573-5f93-87cb-6006930e7489,cask_type,,refill,0.95,smws,pending,NO_CHANGE
427842ee-b573-5f93-87cb-6006930e7489,age,,12.0,0.95,smws,pending,NO_CHANGE
427842ee-b573-5f93-87cb-6006930e7489,abv,,61.1,0.95,smws,pending,NO_CHANGE
427842ee-b573-5f93-87cb-6006930e7489,region,,Speyside,0.95,smws,pending,NO_CHANGE
a2fe662e-d0f5-55af-89fb-f8cb8864d268,cask_type,,refill,0.95,smws,pending,NO_CHANGE
a2fe662e-d0f5-55af-89fb-f8cb8864d268,age,,13.0,0.95,smws,pending,NO_CHANGE
a2fe662e-d0f5-55af-89fb-f8cb8864d268,abv,,60.3,0.95,smws,pending,NO_CHANGE
a2fe662e-d0f5-55af-89fb-f8cb8864d268,region,,Speyside,0.95,smws,pending,NO_CHANGE
32e0c7c6-2d48-5fae-990a-bfea7fd8cee0,cask_type,,refill,0.95,smws,pending,NO_CHANGE
32e0c7c6-2d48-5fae-990a-bfea7fd8cee0,age,,9.0,0.95,smws,pending,NO_CHANGE
32e0c7c6-2d48-5fae-990a-bfea7fd8cee0,abv,,60.4,0.95,smws,pending,NO_CHANGE
32e0c7c6-2d48-5fae-990a-bfea7fd8cee0,region,,Speyside,0.95,smws,pending,NO_CHANGE
fe365565-a937-51a4-9791-b42204bc9e83,cask_type,,refill,0.95,smws,pending,NO_CHANGE
fe365565-a937-51a4-9791-b42204bc9e83,age,,11.0,0.95,smws,pending,NO_CHANGE
fe365565-a937-51a4-9791-b42204bc9e83,abv,,58.6,0.95,smws,pending,NO_CHANGE
fe365565-a937-51a4-9791-b42204bc9e83,region,,Speyside,0.95,smws,pending,NO_CHANGE
39e4c233-0ec9-5d42-9fbe-bf734cee666d,age,,15.0,0.95,smws,pending,NO_CHANGE
39e4c233-0ec9-5d42-9fbe-bf734cee666d,abv,,61.7,0.95,smws,pending,NO_CHANGE
39e4c233-0ec9-5d42-9fbe-bf734cee666d,region,,Islay,0.95,smws,pending,CONFLICT
7df43210-70eb-5556-8f54-096fa1ae296f,cask_type,,hogshead;refill,0.95,smws,pending,NO_CHANGE
7df43210-70eb-5556-8f54-096fa1ae296f,age,,5.0,0.95,smws,pending,NO_CHANGE
7df43210-70eb-5556-8f54-096fa1ae296f,abv,,56.2,0.95,smws,pending,NO_CHANGE
7df43210-70eb-5556-8f54-096fa1ae296f,region,,Islay,0.95,smws,pending,CONFLICT
a2dfb32f-4c31-5e2a-bde8-8a884168c3c2,cask_type,,butt;refill,0.95,smws,pending,NO_CHANGE
a2dfb32f-4c31-5e2a-bde8-8a884168c3c2,age,,10.0,0.95,smws,pending,NO_CHANGE
a2dfb32f-4c31-5e2a-bde8-8a884168c3c2,abv,,55.6,0.95,smws,pending,NO_CHANGE
a2dfb32f-4c31-5e2a-bde8-8a884168c3c2,region,,Islay,0.95,smws,pending,CONFLICT
90925ce2-f26c-59de-adb7-e323c2c1a5f7,age,,10.0,0.95,smws,pending,NO_CHANGE
90925ce2-f26c-59de-adb7-e323c2c1a5f7,abv,,56.4,0.95,smws,pending,NO_CHANGE
90925ce2-f26c-59de-adb7-e323c2c1a5f7,region,,Islay,0.95,smws,pending,CONFLICT
afb23bc7-b657-52da-8f88-85bad84dcd45,cask_type,,hogshead;refill,0.95,smws,pending,NO_CHANGE
afb23bc7-b657-52da-8f88-85bad84dcd45,age,,21.0,0.95,smws,pending,NO_CHANGE
afb23bc7-b657-52da-8f88-85bad84dcd45,abv,,50.8,0.95,smws,pending,NO_CHANGE
afb23bc7-b657-52da-8f88-85bad84dcd45,region,,Islay,0.95,smws,pending,NO_CHANGE
a2056777-c982-5377-ad51-7a60dfb52d20,cask_type,,first-fill,0.95,smws,pending,NO_CHANGE
a2056777-c982-5377-ad51-7a60dfb52d20,age,,9.0,0.95,smws,pending,NO_CHANGE
a2056777-c982-5377-ad51-7a60dfb52d20,abv,,58.0,0.95,smws,pending,NO_CHANGE
a2056777-c982-5377-ad51-7a60dfb52d20,region,,Islay,0.95,smws,pending,NO_CHANGE
2d17e8d5-fac6-5d15-83c0-ae17f92e402f,cask_type,,butt;sherry butt,0.95,smws,pending,NO_CHANGE
2d17e8d5-fac6-5d15-83c0-ae17f92e402f,age,,11.0,0.95,smws,pending,NO_CHANGE
2d17e8d5-fac6-5d15-83c0-ae17f92e402f,abv,,58.4,0.95,smws,pending,NO_CHANGE
2d17e8d5-fac6-5d15-83c0-ae17f92e402f,region,,Islay,0.95,smws,pending,NO_CHANGE
49cb6612-1208-5a5f-b429-17b5c8af8d5c,cask_type,,butt;refill,0.95,smws,pending,NO_CHANGE
49cb6612-1208-5a5f-b429-17b5c8af8d5c,age,,16.0,0.95,smws,pending,NO_CHANGE
49cb6612-1208-5a5f-b429-17b5c8af8d5c,abv,,56.6,0.95,smws,pending,NO_CHANGE
49cb6612-1208-5a5f-b429-17b5c8af8d5c,region,,Islay,0.95,smws,pending,NO_CHANGE
bb387b06-8ae8-5b78-adad-082101031288,cask_type,,butt;sherry butt,0.95,smws,pending,NO_CHANGE
bb387b06-8ae8-5b78-adad-082101031288,age,,9.0,0.95,smws,pending,NO_CHANGE
bb387b06-8ae8-5b78-adad-082101031288,abv,,59.1,0.95,smws,pending,NO_CHANGE
bb387b06-8ae8-5b78-adad-082101031288,region,,Islay,0.95,smws,pending,NO_CHANGE
cab6a49d-1102-5a3c-a3d5-42504490debd,cask_type,,butt;sherry butt,0.95,smws,pending,NO_CHANGE
cab6a49d-1102-5a3c-a3d5-42504490debd,age,,23.0,0.95,smws,pending,NO_CHANGE
cab6a49d-1102-5a3c-a3d5-42504490debd,abv,,48.4,0.95,smws,pending,NO_CHANGE
cab6a49d-1102-5a3c-a3d5-42504490debd,region,,Islay,0.95,smws,pending,NO_CHANGE
40519583-3c03-51c4-8259-a16b15634056,cask_type,,hogshead;refill,0.95,smws,pending,NO_CHANGE
40519583-3c03-51c4-8259-a16b15634056,age,,15.0,0.95,smws,pending,NO_CHANGE
40519583-3c03-51c4-8259-a16b15634056,abv,,61.2,0.95,smws,pending,NO_CHANGE
40519583-3c03-51c4-8259-a16b15634056,region,,Islay,0.95,smws,pending,NO_CHANGE
a73fc26d-3117-5d0a-9e49-a8d7de9941d9,cask_type,,hogshead;refill,0.95,smws,pending,NO_CHANGE
a73fc26d-3117-5d0a-9e49-a8d7de9941d9,age,,15.0,0.95,smws,pending,NO_CHANGE
a73fc26d-3117-5d0a-9e49-a8d7de9941d9,abv,,60.5,0.95,smws,pending,NO_CHANGE
a73fc26d-3117-5d0a-9e49-a8d7de9941d9,region,,Islay,0.95,smws,pending,NO_CHANGE
a1b32118-e956-521b-8a60-d5dc187b5f49,cask_type,,hogshead;refill,0.95,smws,pending,NO_CHANGE
a1b32118-e956-521b-8a60-d5dc187b5f49,age,,21.0,0.95,smws,pending,NO_CHANGE
a1b32118-e956-521b-8a60-d5dc187b5f49,abv,,46.4,0.95,smws,pending,NO_CHANGE
a1b32118-e956-521b-8a60-d5dc187b5f49,region,,Islay,0.95,smws,pending,NO_CHANGE
417aac1b-cbd2-5e52-8330-ca1f31547bcd,cask_type,,hogshead;refill,0.95,smws,pending,NO_CHANGE
417aac1b-cbd2-5e52-8330-ca1f31547bcd,age,,15.0,0.95,smws,pending,NO_CHANGE
417aac1b-cbd2-5e52-8330-ca1f31547bcd,abv,,61.0,0.95,smws,pending,NO_CHANGE
417aac1b-cbd2-5e52-8330-ca1f31547bcd,region,,Islay,0.95,smws,pending,NO_CHANGE
9eed4bf3-025b-52d6-94aa-6a07e8433212,cask_type,,hogshead;refill,0.95,smws,pending,NO_CHANGE
9eed4bf3-025b-52d6-94aa-6a07e8433212,age,,16.0,0.95,smws,pending,NO_CHANGE
9eed4bf3-025b-52d6-94aa-6a07e8433212,abv,,57.9,0.95,smws,pending,NO_CHANGE
9eed4bf3-025b-52d6-94aa-6a07e8433212,region,,Islay,0.95,smws,pending,NO_CHANGE
bc24bcd1-1afb-583a-bc37-0e841c7dfcd9,cask_type,,butt;refill,0.95,smws,pending,NO_CHANGE
bc24bcd1-1afb-583a-bc37-0e841c7dfcd9,age,,14.0,0.95,smws,pending,NO_CHANGE
bc24bcd1-1afb-583a-bc37-0e841c7dfcd9,abv,,57.2,0.95,smws,pending,NO_CHANGE
bc24bcd1-1afb-583a-bc37-0e841c7dfcd9,region,,Islay,0.95,smws,pending,NO_CHANGE
7d63ad9e-bce9-5249-8352-29a3cce2ac7e,cask_type,,butt;refill,0.95,smws,pending,NO_CHANGE
7d63ad9e-bce9-5249-8352-29a3cce2ac7e,age,,14.0,0.95,smws,pending,NO_CHANGE
7d63ad9e-bce9-5249-8352-29a3cce2ac7e,abv,,58.8,0.95,smws,pending,NO_CHANGE
7d63ad9e-bce9-5249-8352-29a3cce2ac7e,region,,Islay,0.95,smws,pending,NO_CHANGE
9fddc56d-264c-5c5e-87df-c0c9f37e941a,cask_type,,butt;refill,0.95,smws,pending,NO_CHANGE
9fddc56d-264c-5c5e-87df-c0c9f37e941a,age,,14.0,0.95,smws,pending,NO_CHANGE
9fddc56d-264c-5c5e-87df-c0c9f37e941a,abv,,58.4,0.95,smws,pending,NO_CHANGE
9fddc56d-264c-5c5e-87df-c0c9f37e941a,region,,Islay,0.95,smws,pending,NO_CHANGE
a1e1e40f-fd49-5cda-b8da-6055bc6696da,cask_type,,butt;sherry butt,0.95,smws,pending,NO_CHANGE
a1e1e40f-fd49-5cda-b8da-6055bc6696da,age,,24.0,0.95,smws,pending,NO_CHANGE
a1e1e40f-fd49-5cda-b8da-6055bc6696da,abv,,50.8,0.95,smws,pending,NO_CHANGE
a1e1e40f-fd49-5cda-b8da-6055bc6696da,region,,Islay,0.95,smws,pending,NO_CHANGE
9371a2f2-e061-5c4d-9a68-9c62625d1520,cask_type,,hogshead;refill,0.95,smws,pending,NO_CHANGE
9371a2f2-e061-5c4d-9a68-9c62625d1520,age,,16.0,0.95,smws,pending,NO_CHANGE
9371a2f2-e061-5c4d-9a68-9c62625d1520,abv,,59.4,0.95,smws,pending,NO_CHANGE
9371a2f2-e061-5c4d-9a68-9c62625d1520,region,,Islay,0.95,smws,pending,NO_CHANGE
dec91460-c3a1-54b8-9375-20972a55f20d,cask_type,,butt;refill,0.95,smws,pending,NO_CHANGE
dec91460-c3a1-54b8-9375-20972a55f20d,age,,15.0,0.95,smws,pending,NO_CHANGE
dec91460-c3a1-54b8-9375-20972a55f20d,abv,,56.9,0.95,smws,pending,NO_CHANGE
dec91460-c3a1-54b8-9375-20972a55f20d,region,,Islay,0.95,smws,pending,NO_CHANGE
82168ee9-dd26-564a-a37d-71802cfb9a50,cask_type,,hogshead;refill,0.95,smws,pending,NO_CHANGE
82168ee9-dd26-564a-a37d-71802cfb9a50,age,,17.0,0.95,smws,pending,NO_CHANGE
82168ee9-dd26-564a-a37d-71802cfb9a50,abv,,58.9,0.95,smws,pending,NO_CHANGE
82168ee9-dd26-564a-a37d-71802cfb9a50,region,,Islay,0.95,smws,pending,NO_CHANGE
bddb9ac9-35a3-5f53-9c5c-dcf1f3081c69,cask_type,,hogshead;refill,0.95,smws,pending,NO_CHANGE
bddb9ac9-35a3-5f53-9c5c-dcf1f3081c69,age,,18.0,0.95,smws,pending,NO_CHANGE
bddb9ac9-35a3-5f53-9c5c-dcf1f3081c69,abv,,55.2,0.95,smws,pending,NO_CHANGE
bddb9ac9-35a3-5f53-9c5c-dcf1f3081c69,region,,Islay,0.95,smws,pending,NO_CHANGE
41299eec-9a5b-53bc-8c94-52ed6139f017,cask_type,,butt;refill,0.95,smws,pending,NO_CHANGE
41299eec-9a5b-53bc-8c94-52ed6139f017,age,,16.0,0.95,smws,pending,NO_CHANGE
41299eec-9a5b-53bc-8c94-52ed6139f017,abv,,55.6,0.95,smws,pending,NO_CHANGE
41299eec-9a5b-53bc-8c94-52ed6139f017,region,,Islay,0.95,smws,pending,NO_CHANGE
59774bf2-8a22-52ba-ba4c-45a2321293ea,cask_type,,first-fill barrel,0.95,smws,pending,NO_CHANGE
59774bf2-8a22-52ba-ba4c-45a2321293ea,age,,13.0,0.95,smws,pending,NO_CHANGE
59774bf2-8a22-52ba-ba4c-45a2321293ea,abv,,54.3,0.95,smws,pending,NO_CHANGE
59774bf2-8a22-52ba-ba4c-45a2321293ea,region,,Islay,0.95,smws,pending,NO_CHANGE
cc764bc3-47c4-5780-90bb-246147cbd070,cask_type,,butt;refill,0.95,smws,pending,NO_CHANGE
cc764bc3-47c4-5780-90bb-246147cbd070,age,,19.0,0.95,smws,pending,NO_CHANGE
cc764bc3-47c4-5780-90bb-246147cbd070,abv,,54.2,0.95,smws,pending,NO_CHANGE
cc764bc3-47c4-5780-90bb-246147cbd070,region,,Islay,0.95,smws,pending,NO_CHANGE
a2e5065b-6368-5eab-8613-06393762ff3e,cask_type,,butt;refill,0.95,smws,pending,NO_CHANGE
a2e5065b-6368-5eab-8613-06393762ff3e,age,,16.0,0.95,smws,pending,NO_CHANGE
a2e5065b-6368-5eab-8613-06393762ff3e,abv,,58.3,0.95,smws,pending,NO_CHANGE
a2e5065b-6368-5eab-8613-06393762ff3e,region,,Islay,0.95,smws,pending,NO_CHANGE
7ecbfeb2-478b-5b11-b6d7-23e768d070a7,cask_type,,butt;refill,0.95,smws,pending,NO_CHANGE
7ecbfeb2-478b-5b11-b6d7-23e768d070a7,age,,16.0,0.95,smws,pending,NO_CHANGE
7ecbfeb2-478b-5b11-b6d7-23e768d070a7,abv,,56.4,0.95,smws,pending,NO_CHANGE
7ecbfeb2-478b-5b11-b6d7-23e768d070a7,region,,Islay,0.95,smws,pending,NO_CHANGE
81eda28f-9ccc-5421-a409-d523aa3a6e2a,cask_type,,refill,0.95,smws,pending,NO_CHANGE
81eda28f-9ccc-5421-a409-d523aa3a6e2a,age,,26.0,0.95,smws,pending,NO_CHANGE
81eda28f-9ccc-5421-a409-d523aa3a6e2a,abv,,51.3,0.95,smws,pending,NO_CHANGE
b5f68bce-5f42-59c4-873b-2fbfa0192d68,cask_type,,butt;refill,0.95,smws,pending,NO_CHANGE
b5f68bce-5f42-59c4-873b-2fbfa0192d68,age,,16.0,0.95,smws,pending,NO_CHANGE
6173d1c2-a8f7-5a2e-9aef-a6a9dddc8ee0,cask_type,,refill,0.95,smws,pending,NO_CHANGE
6173d1c2-a8f7-5a2e-9aef-a6a9dddc8ee0,age,,26.0,0.95,smws,pending,NO_CHANGE
6173d1c2-a8f7-5a2e-9aef-a6a9dddc8ee0,abv,,50.9,0.95,smws,pending,NO_CHANGE
7e2dd5b9-7997-55e0-ba95-2561e478d29d,cask_type,,butt;refill,0.95,smws,pending,NO_CHANGE
7e2dd5b9-7997-55e0-ba95-2561e478d29d,age,,17.0,0.95,smws,pending,NO_CHANGE
7e2dd5b9-7997-55e0-ba95-2561e478d29d,abv,,56.5,0.95,smws,pending,NO_CHANGE
35cca668-e02e-5e6f-9e57-0609cc73d833,cask_type,,refill,0.95,smws,pending,NO_CHANGE
35cca668-e02e-5e6f-9e57-0609cc73d833,age,,16.0,0.95,smws,pending,NO_CHANGE
35cca668-e02e-5e6f-9e57-0609cc73d833,abv,,55.9,0.95,smws,pending,NO_CHANGE
5e380fac-f8d0-5272-9055-951bb15ca470,cask_type,,hogshead;refill,0.95,smws,pending,NO_CHANGE
5e380fac-f8d0-5272-9055-951bb15ca470,age,,19.0,0.95,smws,pending,NO_CHANGE
5e380fac-f8d0-5272-9055-951bb15ca470,abv,,58.1,0.95,smws,pending,NO_CHANGE
dcc896ed-ac13-58d9-b6e5-7a762692414e,cask_type,,first-fill barrel usa allocation,0.95,smws,pending,NO_CHANGE
dcc896ed-ac13-58d9-b6e5-7a762692414e,age,,15.0,0.95,smws,pending,NO_CHANGE
dcc896ed-ac13-58d9-b6e5-7a762692414e,abv,,56.3,0.95,smws,pending,NO_CHANGE
dcc896ed-ac13-58d9-b6e5-7a762692414e,region,,Islay,0.95,smws,pending,NO_CHANGE
f8de9132-49dc-5638-acae-f78c8e6986e2,cask_type,,butt;refill,0.95,smws,pending,NO_CHANGE
f8de9132-49dc-5638-acae-f78c8e6986e2,age,,18.0,0.95,smws,pending,NO_CHANGE
f8de9132-49dc-5638-acae-f78c8e6986e2,abv,,55.8,0.95,smws,pending,NO_CHANGE
f8de9132-49dc-5638-acae-f78c8e6986e2,region,,Islay,0.95,smws,pending,NO_CHANGE
02c1442c-b077-50ba-80f2-17d811a6d0d2,cask_type,,hogshead;refill,0.95,smws,pending,NO_CHANGE
02c1442c-b077-50ba-80f2-17d811a6d0d2,age,,20.0,0.95,smws,pending,NO_CHANGE
02c1442c-b077-50ba-80f2-17d811a6d0d2,abv,,53.1,0.95,smws,pending,NO_CHANGE
02c1442c-b077-50ba-80f2-17d811a6d0d2,region,,Islay,0.95,smws,pending,NO_CHANGE
5d3f8399-d8ce-5f0a-b597-db701aefb0f6,age,,14.0,0.95,smws,pending,NO_CHANGE
5d3f8399-d8ce-5f0a-b597-db701aefb0f6,abv,,54.3,0.95,smws,pending,NO_CHANGE
5d3f8399-d8ce-5f0a-b597-db701aefb0f6,region,,Islay,0.95,smws,pending,CONFLICT
0b9d77e4-659a-59ee-a1a0-c30bc035b351,cask_type,,refill,0.95,smws,pending,NO_CHANGE
0b9d77e4-659a-59ee-a1a0-c30bc035b351,age,,22.0,0.95,smws,pending,NO_CHANGE
0b9d77e4-659a-59ee-a1a0-c30bc035b351,abv,,48.3,0.95,smws,pending,NO_CHANGE
0b9d77e4-659a-59ee-a1a0-c30bc035b351,region,,Islay,0.95,smws,pending,CONFLICT
ba40e478-5e37-5261-aa3b-e60ef1448470,age,,19.0,0.95,smws,pending,NO_CHANGE
ba40e478-5e37-5261-aa3b-e60ef1448470,abv,,55.2,0.95,smws,pending,NO_CHANGE
ba40e478-5e37-5261-aa3b-e60ef1448470,region,,Islay,0.95,smws,pending,CONFLICT
48b76d49-3cea-56bb-a5ea-02af7c181389,age,,17.0,0.95,smws,pending,NO_CHANGE
48b76d49-3cea-56bb-a5ea-02af7c181389,abv,,51.6,0.95,smws,pending,NO_CHANGE
48b76d49-3cea-56bb-a5ea-02af7c181389,region,,Highlands,0.95,smws,pending,CONFLICT
6037a55b-ec66-55f7-9e17-b482a403e7e0,cask_type,,butt;sherry butt,0.95,smws,pending,NO_CHANGE
6037a55b-ec66-55f7-9e17-b482a403e7e0,age,,17.0,0.95,smws,pending,NO_CHANGE
6037a55b-ec66-55f7-9e17-b482a403e7e0,abv,,61.0,0.95,smws,pending,NO_CHANGE
6037a55b-ec66-55f7-9e17-b482a403e7e0,region,,Highlands,0.95,smws,pending,CONFLICT
88035bdd-884f-5488-93f8-c1ffb817364f,age,,22.0,0.95,smws,pending,NO_CHANGE
88035bdd-884f-5488-93f8-c1ffb817364f,abv,,52.5,0.95,smws,pending,READY_NULL_FILL
88035bdd-884f-5488-93f8-c1ffb817364f,region,,Highlands,0.95,smws,pending,CONFLICT
e1fa9e80-a79b-5cf2-bc3f-ae380696f7b4,cask_type,,butt;refill,0.95,smws,pending,NO_CHANGE
e1fa9e80-a79b-5cf2-bc3f-ae380696f7b4,age,,10.0,0.95,smws,pending,NO_CHANGE
e1fa9e80-a79b-5cf2-bc3f-ae380696f7b4,abv,,59.0,0.95,smws,pending,NO_CHANGE
e1fa9e80-a79b-5cf2-bc3f-ae380696f7b4,region,,Highlands,0.95,smws,pending,CONFLICT
aaa43573-8c35-57b3-afd2-0c7a26683263,age,,20.0,0.95,smws,pending,NO_CHANGE
aaa43573-8c35-57b3-afd2-0c7a26683263,abv,,50.5,0.95,smws,pending,NO_CHANGE
aaa43573-8c35-57b3-afd2-0c7a26683263,region,,Highlands,0.95,smws,pending,CONFLICT
e074f3a3-e799-5203-8cec-b965bf913e62,cask_type,,first-fill,0.95,smws,pending,NO_CHANGE
e074f3a3-e799-5203-8cec-b965bf913e62,age,,10.0,0.95,smws,pending,NO_CHANGE
e074f3a3-e799-5203-8cec-b965bf913e62,abv,,57.3,0.95,smws,pending,NO_CHANGE
80bacdff-f9e4-5dca-b90b-8c7670b35587,cask_type,,butt;refill,0.95,smws,pending,NO_CHANGE
80bacdff-f9e4-5dca-b90b-8c7670b35587,age,,12.0,0.95,smws,pending,NO_CHANGE
80bacdff-f9e4-5dca-b90b-8c7670b35587,abv,,58.7,0.95,smws,pending,NO_CHANGE
52a9c5a9-a1f9-5b8c-975b-4d04ccb82290,cask_type,,first-fill,0.95,smws,pending,NO_CHANGE
52a9c5a9-a1f9-5b8c-975b-4d04ccb82290,age,,9.0,0.95,smws,pending,NO_CHANGE
52a9c5a9-a1f9-5b8c-975b-4d04ccb82290,abv,,61.7,0.95,smws,pending,NO_CHANGE
9179c557-8797-5aec-b6d4-15e15e75ef29,cask_type,,hogshead;refill,0.95,smws,pending,NO_CHANGE
9179c557-8797-5aec-b6d4-15e15e75ef29,age,,21.0,0.95,smws,pending,NO_CHANGE
9179c557-8797-5aec-b6d4-15e15e75ef29,abv,,52.0,0.95,smws,pending,NO_CHANGE
d4635d93-bd03-544e-8c28-c6a590c863b4,cask_type,,hogshead;refill,0.95,smws,pending,NO_CHANGE
d4635d93-bd03-544e-8c28-c6a590c863b4,age,,19.0,0.95,smws,pending,NO_CHANGE
d4635d93-bd03-544e-8c28-c6a590c863b4,abv,,54.7,0.95,smws,pending,NO_CHANGE
325e83db-d4dc-552e-8493-7ffbeeb467b3,cask_type,,first-fill barrel,0.95,smws,pending,NO_CHANGE
325e83db-d4dc-552e-8493-7ffbeeb467b3,age,,10.0,0.95,smws,pending,NO_CHANGE
325e83db-d4dc-552e-8493-7ffbeeb467b3,abv,,59.9,0.95,smws,pending,NO_CHANGE
325e83db-d4dc-552e-8493-7ffbeeb467b3,region,,Highland,0.95,smws,pending,NO_CHANGE
1f9e358e-e702-5cdb-83fd-1f502379b020,cask_type,,butt;sherry butt,0.95,smws,pending,NO_CHANGE
1f9e358e-e702-5cdb-83fd-1f502379b020,age,,26.0,0.95,smws,pending,NO_CHANGE
1f9e358e-e702-5cdb-83fd-1f502379b020,abv,,53.1,0.95,smws,pending,NO_CHANGE
1dc7c9b6-7d88-53d4-995d-578b398fca2e,cask_type,,first-fill barrel,0.95,smws,pending,NO_CHANGE
1dc7c9b6-7d88-53d4-995d-578b398fca2e,age,,11.0,0.95,smws,pending,NO_CHANGE
1dc7c9b6-7d88-53d4-995d-578b398fca2e,abv,,58.6,0.95,smws,pending,NO_CHANGE
4f363859-6736-5a47-a78b-caac43bd7035,cask_type,,hogshead;refill,0.95,smws,pending,NO_CHANGE
4f363859-6736-5a47-a78b-caac43bd7035,age,,20.0,0.95,smws,pending,NO_CHANGE
4f363859-6736-5a47-a78b-caac43bd7035,abv,,53.5,0.95,smws,pending,NO_CHANGE
4f363859-6736-5a47-a78b-caac43bd7035,region,,Highland,0.95,smws,pending,NO_CHANGE
507f6bdb-bf78-5c19-a6e0-8e622b2c2d84,age,,14.0,0.95,smws,pending,NO_CHANGE
507f6bdb-bf78-5c19-a6e0-8e622b2c2d84,abv,,56.1,0.95,smws,pending,NO_CHANGE
507f6bdb-bf78-5c19-a6e0-8e622b2c2d84,region,,Highland,0.95,smws,pending,NO_CHANGE
f865b05e-a649-5ff1-881a-50c2031c7d80,cask_type,,hogshead;refill,0.95,smws,pending,NO_CHANGE
f865b05e-a649-5ff1-881a-50c2031c7d80,age,,16.0,0.95,smws,pending,NO_CHANGE
f865b05e-a649-5ff1-881a-50c2031c7d80,abv,,55.1,0.95,smws,pending,NO_CHANGE
f865b05e-a649-5ff1-881a-50c2031c7d80,region,,Highland,0.95,smws,pending,NO_CHANGE
fbcd8b02-6ff3-56a1-be42-a40619a610d7,cask_type,,first-fill barrel,0.95,smws,pending,NO_CHANGE
fbcd8b02-6ff3-56a1-be42-a40619a610d7,age,,11.0,0.95,smws,pending,NO_CHANGE
fbcd8b02-6ff3-56a1-be42-a40619a610d7,abv,,62.8,0.95,smws,pending,NO_CHANGE
fbcd8b02-6ff3-56a1-be42-a40619a610d7,region,,Highland,0.95,smws,pending,NO_CHANGE
ab161ef7-6f6b-5d3f-9a75-e79e5499d601,cask_type,,first-fill barrel,0.95,smws,pending,NO_CHANGE
ab161ef7-6f6b-5d3f-9a75-e79e5499d601,age,,11.0,0.95,smws,pending,NO_CHANGE
ab161ef7-6f6b-5d3f-9a75-e79e5499d601,abv,,62.0,0.95,smws,pending,NO_CHANGE
ab161ef7-6f6b-5d3f-9a75-e79e5499d601,region,,Highland,0.95,smws,pending,NO_CHANGE
99abf37a-b1ed-5d55-8566-1a41089efd55,cask_type,,first-fill barrel,0.95,smws,pending,NO_CHANGE
99abf37a-b1ed-5d55-8566-1a41089efd55,age,,25.0,0.95,smws,pending,NO_CHANGE
99abf37a-b1ed-5d55-8566-1a41089efd55,abv,,59.7,0.95,smws,pending,NO_CHANGE
99abf37a-b1ed-5d55-8566-1a41089efd55,region,,Highland,0.95,smws,pending,NO_CHANGE
47003c2d-9022-52e2-9a2a-900c3621db60,cask_type,,hogshead;refill,0.95,smws,pending,NO_CHANGE
47003c2d-9022-52e2-9a2a-900c3621db60,age,,21.0,0.95,smws,pending,NO_CHANGE
47003c2d-9022-52e2-9a2a-900c3621db60,abv,,53.7,0.95,smws,pending,NO_CHANGE
47003c2d-9022-52e2-9a2a-900c3621db60,region,,Highland,0.95,smws,pending,NO_CHANGE
61607d8a-3b83-568b-9104-f97ed19300d0,cask_type,,first-fill barrel,0.95,smws,pending,NO_CHANGE
61607d8a-3b83-568b-9104-f97ed19300d0,age,,13.0,0.95,smws,pending,NO_CHANGE
61607d8a-3b83-568b-9104-f97ed19300d0,abv,,60.1,0.95,smws,pending,NO_CHANGE
61607d8a-3b83-568b-9104-f97ed19300d0,region,,Highland,0.95,smws,pending,NO_CHANGE
d0392b30-9774-550c-bad5-3f6747f85d1f,cask_type,,first-fill barrel,0.95,smws,pending,NO_CHANGE
d0392b30-9774-550c-bad5-3f6747f85d1f,age,,13.0,0.95,smws,pending,NO_CHANGE
d0392b30-9774-550c-bad5-3f6747f85d1f,abv,,55.9,0.95,smws,pending,NO_CHANGE
d0392b30-9774-550c-bad5-3f6747f85d1f,region,,Highland,0.95,smws,pending,NO_CHANGE
01813d48-182c-5cec-8f43-ea9c0ee144d2,cask_type,,first-fill barrel,0.95,smws,pending,NO_CHANGE
01813d48-182c-5cec-8f43-ea9c0ee144d2,age,,18.0,0.95,smws,pending,NO_CHANGE
01813d48-182c-5cec-8f43-ea9c0ee144d2,abv,,59.1,0.95,smws,pending,NO_CHANGE
01813d48-182c-5cec-8f43-ea9c0ee144d2,region,,Highland,0.95,smws,pending,NO_CHANGE
56b0ecd5-b248-5c08-8b28-1e604adedd99,cask_type,,first-fill barrel,0.95,smws,pending,NO_CHANGE
56b0ecd5-b248-5c08-8b28-1e604adedd99,age,,13.0,0.95,smws,pending,NO_CHANGE
56b0ecd5-b248-5c08-8b28-1e604adedd99,abv,,62.1,0.95,smws,pending,NO_CHANGE
56b0ecd5-b248-5c08-8b28-1e604adedd99,region,,Highland,0.95,smws,pending,NO_CHANGE
539c547d-92cd-5ec2-8edf-49b2dd3f1d91,cask_type,,first-fill barrel,0.95,smws,pending,NO_CHANGE
539c547d-92cd-5ec2-8edf-49b2dd3f1d91,age,,13.0,0.95,smws,pending,NO_CHANGE
539c547d-92cd-5ec2-8edf-49b2dd3f1d91,abv,,61.8,0.95,smws,pending,NO_CHANGE
539c547d-92cd-5ec2-8edf-49b2dd3f1d91,region,,Highland,0.95,smws,pending,NO_CHANGE
605431d1-f644-5dcc-a88f-17f23ac53b0b,cask_type,,hogshead;refill,0.95,smws,pending,NO_CHANGE
605431d1-f644-5dcc-a88f-17f23ac53b0b,age,,22.0,0.95,smws,pending,NO_CHANGE
605431d1-f644-5dcc-a88f-17f23ac53b0b,abv,,53.9,0.95,smws,pending,NO_CHANGE
605431d1-f644-5dcc-a88f-17f23ac53b0b,region,,Highland,0.95,smws,pending,NO_CHANGE
0632580d-de61-55e7-8409-0b5599cd561e,cask_type,,hogshead;refill,0.95,smws,pending,NO_CHANGE
0632580d-de61-55e7-8409-0b5599cd561e,age,,22.0,0.95,smws,pending,NO_CHANGE
0632580d-de61-55e7-8409-0b5599cd561e,abv,,54.2,0.95,smws,pending,NO_CHANGE
0632580d-de61-55e7-8409-0b5599cd561e,region,,Highland,0.95,smws,pending,NO_CHANGE
18f2a337-d292-520a-914c-6eaa255f71c9,cask_type,,first-fill barrel,0.95,smws,pending,NO_CHANGE
18f2a337-d292-520a-914c-6eaa255f71c9,age,,14.0,0.95,smws,pending,NO_CHANGE
18f2a337-d292-520a-914c-6eaa255f71c9,abv,,56.4,0.95,smws,pending,NO_CHANGE
18f2a337-d292-520a-914c-6eaa255f71c9,region,,Highland,0.95,smws,pending,NO_CHANGE
52ffae21-8045-5292-8d7a-c742b0b72196,cask_type,,first-fill barrel,0.95,smws,pending,NO_CHANGE
52ffae21-8045-5292-8d7a-c742b0b72196,age,,15.0,0.95,smws,pending,NO_CHANGE
52ffae21-8045-5292-8d7a-c742b0b72196,abv,,55.8,0.95,smws,pending,NO_CHANGE
52ffae21-8045-5292-8d7a-c742b0b72196,region,,Highland,0.95,smws,pending,NO_CHANGE
77954d9a-d5cc-57c0-aa4b-e7a982e80b3f,cask_type,,hogshead;refill,0.95,smws,pending,NO_CHANGE
77954d9a-d5cc-57c0-aa4b-e7a982e80b3f,age,,19.0,0.95,smws,pending,NO_CHANGE
77954d9a-d5cc-57c0-aa4b-e7a982e80b3f,abv,,54.6,0.95,smws,pending,NO_CHANGE
77954d9a-d5cc-57c0-aa4b-e7a982e80b3f,region,,Highland,0.95,smws,pending,NO_CHANGE
c4765adf-d4d7-533f-a257-85d99269bf8b,cask_type,,hogshead;refill,0.95,smws,pending,NO_CHANGE
c4765adf-d4d7-533f-a257-85d99269bf8b,age,,24.0,0.95,smws,pending,NO_CHANGE
c4765adf-d4d7-533f-a257-85d99269bf8b,abv,,52.2,0.95,smws,pending,NO_CHANGE
c4765adf-d4d7-533f-a257-85d99269bf8b,region,,Highland,0.95,smws,pending,NO_CHANGE
4db5a47f-a3fa-559f-896f-25c1902824b7,cask_type,,hogshead;refill,0.95,smws,pending,NO_CHANGE
4db5a47f-a3fa-559f-896f-25c1902824b7,age,,19.0,0.95,smws,pending,NO_CHANGE
4db5a47f-a3fa-559f-896f-25c1902824b7,abv,,53.5,0.95,smws,pending,NO_CHANGE
4db5a47f-a3fa-559f-896f-25c1902824b7,region,,Highland,0.95,smws,pending,NO_CHANGE
1fba5a7a-64ea-5518-bc5d-f16029813fdb,cask_type,,hogshead;refill,0.95,smws,pending,NO_CHANGE
1fba5a7a-64ea-5518-bc5d-f16029813fdb,age,,19.0,0.95,smws,pending,NO_CHANGE
1fba5a7a-64ea-5518-bc5d-f16029813fdb,abv,,53.9,0.95,smws,pending,NO_CHANGE
1fba5a7a-64ea-5518-bc5d-f16029813fdb,region,,Highland,0.95,smws,pending,NO_CHANGE
463e6420-c042-5467-8a93-9d86c0640425,cask_type,,first-fill barrel,0.95,smws,pending,NO_CHANGE
463e6420-c042-5467-8a93-9d86c0640425,age,,16.0,0.95,smws,pending,NO_CHANGE
463e6420-c042-5467-8a93-9d86c0640425,abv,,55.9,0.95,smws,pending,NO_CHANGE
463e6420-c042-5467-8a93-9d86c0640425,region,,Highland,0.95,smws,pending,NO_CHANGE
9fdd5383-121f-5566-973a-36d04d95a068,age,,18.0,0.95,smws,pending,NO_CHANGE
9fdd5383-121f-5566-973a-36d04d95a068,abv,,56.1,0.95,smws,pending,NO_CHANGE
9fdd5383-121f-5566-973a-36d04d95a068,region,,Highlands,0.95,smws,pending,CONFLICT
1d39566b-4dfb-5b09-b1de-58725679f648,age,,11.0,0.95,smws,pending,NO_CHANGE
1d39566b-4dfb-5b09-b1de-58725679f648,abv,,59.9,0.95,smws,pending,NO_CHANGE
2ee98027-889e-5d6f-bf3f-8963e0093546,cask_type,,hogshead;refill,0.95,smws,pending,NO_CHANGE
2ee98027-889e-5d6f-bf3f-8963e0093546,age,,10.0,0.95,smws,pending,NO_CHANGE
2ee98027-889e-5d6f-bf3f-8963e0093546,abv,,60.4,0.95,smws,pending,NO_CHANGE
9d360b99-ea16-5ce8-b2bc-23afa6f5fae2,age,,12.0,0.95,smws,pending,NO_CHANGE
9d360b99-ea16-5ce8-b2bc-23afa6f5fae2,abv,,54.7,0.95,smws,pending,NO_CHANGE
9cff7a12-1565-5738-bc82-65b68a36d95a,age,,14.0,0.95,smws,pending,NO_CHANGE
9cff7a12-1565-5738-bc82-65b68a36d95a,abv,,59.8,0.95,smws,pending,NO_CHANGE
9cff7a12-1565-5738-bc82-65b68a36d95a,region,,Lowland,0.95,smws,pending,NO_CHANGE
72edfaa3-ffdc-5814-ab91-5470d61a38aa,cask_type,,hogshead;refill,0.95,smws,pending,NO_CHANGE
72edfaa3-ffdc-5814-ab91-5470d61a38aa,age,,13.0,0.95,smws,pending,NO_CHANGE
72edfaa3-ffdc-5814-ab91-5470d61a38aa,abv,,57.2,0.95,smws,pending,NO_CHANGE
72edfaa3-ffdc-5814-ab91-5470d61a38aa,region,,Lowland,0.95,smws,pending,NO_CHANGE
460c18d5-bf31-5734-b56d-298b407cc7da,cask_type,,hogshead;refill,0.95,smws,pending,NO_CHANGE
460c18d5-bf31-5734-b56d-298b407cc7da,age,,13.0,0.95,smws,pending,NO_CHANGE
460c18d5-bf31-5734-b56d-298b407cc7da,abv,,56.7,0.95,smws,pending,NO_CHANGE
460c18d5-bf31-5734-b56d-298b407cc7da,region,,Lowland,0.95,smws,pending,NO_CHANGE
def19358-bdfa-5209-a6bb-86299e561d10,cask_type,,hogshead;refill,0.95,smws,pending,NO_CHANGE
def19358-bdfa-5209-a6bb-86299e561d10,age,,14.0,0.95,smws,pending,NO_CHANGE
def19358-bdfa-5209-a6bb-86299e561d10,abv,,59.8,0.95,smws,pending,NO_CHANGE
def19358-bdfa-5209-a6bb-86299e561d10,region,,Lowland,0.95,smws,pending,NO_CHANGE
881baad2-7b08-54a4-ac2f-67d0c35f93af,cask_type,,butt;sherry butt,0.95,smws,pending,NO_CHANGE
881baad2-7b08-54a4-ac2f-67d0c35f93af,age,,13.0,0.95,smws,pending,NO_CHANGE
881baad2-7b08-54a4-ac2f-67d0c35f93af,abv,,59.6,0.95,smws,pending,NO_CHANGE
881baad2-7b08-54a4-ac2f-67d0c35f93af,region,,Lowland,0.95,smws,pending,NO_CHANGE
fd9965cc-f6be-5065-aa7e-710399f0afee,age,,11.0,0.95,smws,pending,NO_CHANGE
fd9965cc-f6be-5065-aa7e-710399f0afee,abv,,57.3,0.95,smws,pending,NO_CHANGE
fd9965cc-f6be-5065-aa7e-710399f0afee,region,,Lowland,0.95,smws,pending,NO_CHANGE
b94ec1af-e421-5f11-ab3f-0d6bdc9cfa42,cask_type,,hogshead;refill,0.95,smws,pending,NO_CHANGE
b94ec1af-e421-5f11-ab3f-0d6bdc9cfa42,age,,9.0,0.95,smws,pending,NO_CHANGE
b94ec1af-e421-5f11-ab3f-0d6bdc9cfa42,abv,,59.5,0.95,smws,pending,NO_CHANGE
b94ec1af-e421-5f11-ab3f-0d6bdc9cfa42,region,,Speyside,0.95,smws,pending,NO_CHANGE
a08082c5-da56-5cab-a819-f1a45681b223,cask_type,,hogshead;refill,0.95,smws,pending,NO_CHANGE
a08082c5-da56-5cab-a819-f1a45681b223,age,,28.0,0.95,smws,pending,NO_CHANGE
a08082c5-da56-5cab-a819-f1a45681b223,abv,,58.7,0.95,smws,pending,NO_CHANGE
a08082c5-da56-5cab-a819-f1a45681b223,region,,Speyside,0.95,smws,pending,NO_CHANGE
5ddf0fa2-a15e-5f5f-9a51-c4ccc3fb0189,cask_type,,first-fill barrel,0.95,smws,pending,NO_CHANGE
5ddf0fa2-a15e-5f5f-9a51-c4ccc3fb0189,age,,10.0,0.95,smws,pending,NO_CHANGE
5ddf0fa2-a15e-5f5f-9a51-c4ccc3fb0189,abv,,60.2,0.95,smws,pending,NO_CHANGE
5ddf0fa2-a15e-5f5f-9a51-c4ccc3fb0189,region,,Speyside,0.95,smws,pending,NO_CHANGE
4f2810a6-5206-5ea0-9716-c798a2e3c8e1,cask_type,,hogshead;refill,0.95,smws,pending,NO_CHANGE
4f2810a6-5206-5ea0-9716-c798a2e3c8e1,age,,29.0,0.95,smws,pending,NO_CHANGE
4f2810a6-5206-5ea0-9716-c798a2e3c8e1,abv,,51.6,0.95,smws,pending,NO_CHANGE
4f2810a6-5206-5ea0-9716-c798a2e3c8e1,region,,Speyside,0.95,smws,pending,NO_CHANGE
15f954f0-63dc-5aa5-8ce9-be3fef6414c1,cask_type,,first-fill barrel,0.95,smws,pending,NO_CHANGE
15f954f0-63dc-5aa5-8ce9-be3fef6414c1,age,,10.0,0.95,smws,pending,NO_CHANGE
15f954f0-63dc-5aa5-8ce9-be3fef6414c1,abv,,59.7,0.95,smws,pending,NO_CHANGE
15f954f0-63dc-5aa5-8ce9-be3fef6414c1,region,,Speyside,0.95,smws,pending,NO_CHANGE
9173fc7c-8e53-59c7-a590-536def6d65e4,cask_type,,first-fill barrel,0.95,smws,pending,NO_CHANGE
9173fc7c-8e53-59c7-a590-536def6d65e4,age,,11.0,0.95,smws,pending,NO_CHANGE
9173fc7c-8e53-59c7-a590-536def6d65e4,abv,,60.1,0.95,smws,pending,NO_CHANGE
9173fc7c-8e53-59c7-a590-536def6d65e4,region,,Speyside,0.95,smws,pending,NO_CHANGE
1d7003ff-3292-5775-bc19-8d6beb7f95c0,cask_type,,butt;sherry butt,0.95,smws,pending,NO_CHANGE
1d7003ff-3292-5775-bc19-8d6beb7f95c0,age,,36.0,0.95,smws,pending,NO_CHANGE
1d7003ff-3292-5775-bc19-8d6beb7f95c0,abv,,53.3,0.95,smws,pending,NO_CHANGE
1d7003ff-3292-5775-bc19-8d6beb7f95c0,region,,Highland,0.95,smws,pending,CONFLICT
848f0045-74af-53ee-935b-e25e98760ca2,cask_type,,butt;sherry butt,0.95,smws,pending,NO_CHANGE
848f0045-74af-53ee-935b-e25e98760ca2,age,,38.0,0.95,smws,pending,NO_CHANGE
848f0045-74af-53ee-935b-e25e98760ca2,abv,,51.0,0.95,smws,pending,NO_CHANGE
848f0045-74af-53ee-935b-e25e98760ca2,region,,Highlands,0.95,smws,pending,CONFLICT
9c7b5716-5970-55c8-bb60-05a13d2312ed,age,,39.0,0.95,smws,pending,NO_CHANGE
9c7b5716-5970-55c8-bb60-05a13d2312ed,abv,,49.7,0.95,smws,pending,NO_CHANGE
9c7b5716-5970-55c8-bb60-05a13d2312ed,region,,Highlands,0.95,smws,pending,CONFLICT
6443f5b5-8abd-511b-98c8-fa381b6f3bbc,cask_type,,butt;sherry butt,0.95,smws,pending,NO_CHANGE
6443f5b5-8abd-511b-98c8-fa381b6f3bbc,age,,41.0,0.95,smws,pending,NO_CHANGE
6443f5b5-8abd-511b-98c8-fa381b6f3bbc,abv,,46.0,0.95,smws,pending,NO_CHANGE
6443f5b5-8abd-511b-98c8-fa381b6f3bbc,region,,Speyside,0.95,smws,pending,NO_CHANGE
76f7ef6f-0e2b-5c38-8345-f52674017939,cask_type,,refill,0.95,smws,pending,NO_CHANGE
76f7ef6f-0e2b-5c38-8345-f52674017939,age,,22.0,0.95,smws,pending,NO_CHANGE
76f7ef6f-0e2b-5c38-8345-f52674017939,abv,,54.8,0.95,smws,pending,NO_CHANGE
76f7ef6f-0e2b-5c38-8345-f52674017939,region,,Speyside,0.95,smws,pending,NO_CHANGE
0da48c20-08fd-5ba8-9a80-2a0d64b06a64,cask_type,,refill,0.95,smws,pending,NO_CHANGE
0da48c20-08fd-5ba8-9a80-2a0d64b06a64,age,,22.0,0.95,smws,pending,NO_CHANGE
0da48c20-08fd-5ba8-9a80-2a0d64b06a64,abv,,51.4,0.95,smws,pending,NO_CHANGE
0da48c20-08fd-5ba8-9a80-2a0d64b06a64,region,,Speyside,0.95,smws,pending,NO_CHANGE
997f0a5e-b3f5-58e0-ac91-7cb6108a8e0f,cask_type,,hogshead;refill,0.95,smws,pending,NO_CHANGE
997f0a5e-b3f5-58e0-ac91-7cb6108a8e0f,age,,19.0,0.95,smws,pending,NO_CHANGE
997f0a5e-b3f5-58e0-ac91-7cb6108a8e0f,abv,,53.6,0.95,smws,pending,NO_CHANGE
997f0a5e-b3f5-58e0-ac91-7cb6108a8e0f,region,,Speyside,0.95,smws,pending,NO_CHANGE
603361f9-a081-5e15-86ae-29a3863bbf57,cask_type,,hogshead;refill,0.95,smws,pending,NO_CHANGE
603361f9-a081-5e15-86ae-29a3863bbf57,age,,27.0,0.95,smws,pending,NO_CHANGE
603361f9-a081-5e15-86ae-29a3863bbf57,abv,,54.1,0.95,smws,pending,NO_CHANGE
603361f9-a081-5e15-86ae-29a3863bbf57,region,,Speyside,0.95,smws,pending,NO_CHANGE
f8d9a3db-10da-5584-9764-dc3aa0f2d074,cask_type,,refill,0.95,smws,pending,NO_CHANGE
f8d9a3db-10da-5584-9764-dc3aa0f2d074,age,,11.0,0.95,smws,pending,NO_CHANGE
f8d9a3db-10da-5584-9764-dc3aa0f2d074,abv,,57.6,0.95,smws,pending,NO_CHANGE
f8d9a3db-10da-5584-9764-dc3aa0f2d074,region,,Speyside,0.95,smws,pending,NO_CHANGE
bac17ee6-ba73-5d9b-a9ba-b259420ef1e7,cask_type,,hogshead;refill,0.95,smws,pending,NO_CHANGE
bac17ee6-ba73-5d9b-a9ba-b259420ef1e7,age,,27.0,0.95,smws,pending,NO_CHANGE
bac17ee6-ba73-5d9b-a9ba-b259420ef1e7,abv,,55.6,0.95,smws,pending,NO_CHANGE
bac17ee6-ba73-5d9b-a9ba-b259420ef1e7,region,,Speyside,0.95,smws,pending,NO_CHANGE
085b02c9-ff1e-5311-9b20-b12c22a6eaae,cask_type,,hogshead;refill,0.95,smws,pending,NO_CHANGE
085b02c9-ff1e-5311-9b20-b12c22a6eaae,age,,20.0,0.95,smws,pending,NO_CHANGE
085b02c9-ff1e-5311-9b20-b12c22a6eaae,abv,,53.9,0.95,smws,pending,NO_CHANGE
085b02c9-ff1e-5311-9b20-b12c22a6eaae,region,,Speyside,0.95,smws,pending,NO_CHANGE
9d19f57d-5f19-527e-a2ca-b04899fc0746,cask_type,,first-fill barrel,0.95,smws,pending,NO_CHANGE
9d19f57d-5f19-527e-a2ca-b04899fc0746,age,,9.0,0.95,smws,pending,NO_CHANGE
9d19f57d-5f19-527e-a2ca-b04899fc0746,abv,,60.2,0.95,smws,pending,NO_CHANGE
9d19f57d-5f19-527e-a2ca-b04899fc0746,region,,Speyside,0.95,smws,pending,NO_CHANGE
c3dce1c4-9531-51fe-b1b6-0b2edc1a5e7d,age,,14.0,0.95,smws,pending,NO_CHANGE
c3dce1c4-9531-51fe-b1b6-0b2edc1a5e7d,abv,,59.1,0.95,smws,pending,NO_CHANGE
c3dce1c4-9531-51fe-b1b6-0b2edc1a5e7d,region,,Highland,0.95,smws,pending,CONFLICT
1d6101de-f1a8-5767-9f46-789a3117d799,cask_type,,hogshead;refill,0.95,smws,pending,NO_CHANGE
1d6101de-f1a8-5767-9f46-789a3117d799,age,,24.0,0.95,smws,pending,NO_CHANGE
1d6101de-f1a8-5767-9f46-789a3117d799,abv,,51.4,0.95,smws,pending,NO_CHANGE
1d6101de-f1a8-5767-9f46-789a3117d799,region,,Speyside,0.95,smws,pending,NO_CHANGE
d0bf10ba-7a56-5074-b833-08e374cec988,cask_type,,hogshead;refill,0.95,smws,pending,NO_CHANGE
d0bf10ba-7a56-5074-b833-08e374cec988,age,,25.0,0.95,smws,pending,NO_CHANGE
d0bf10ba-7a56-5074-b833-08e374cec988,abv,,49.4,0.95,smws,pending,NO_CHANGE
d0bf10ba-7a56-5074-b833-08e374cec988,region,,Speyside,0.95,smws,pending,NO_CHANGE
0b82dcc4-3f08-5be6-952e-d8b2cac072e3,cask_type,,hogshead;refill,0.95,smws,pending,NO_CHANGE
0b82dcc4-3f08-5be6-952e-d8b2cac072e3,age,,13.0,0.95,smws,pending,NO_CHANGE
0b82dcc4-3f08-5be6-952e-d8b2cac072e3,abv,,58.2,0.95,smws,pending,NO_CHANGE
0b82dcc4-3f08-5be6-952e-d8b2cac072e3,region,,Speyside,0.95,smws,pending,NO_CHANGE
10e9d25e-fd53-5de8-8ed4-dc2a3d1251cb,cask_type,,hogshead;refill,0.95,smws,pending,NO_CHANGE
10e9d25e-fd53-5de8-8ed4-dc2a3d1251cb,age,,13.0,0.95,smws,pending,NO_CHANGE
10e9d25e-fd53-5de8-8ed4-dc2a3d1251cb,abv,,57.6,0.95,smws,pending,NO_CHANGE
10e9d25e-fd53-5de8-8ed4-dc2a3d1251cb,region,,Speyside,0.95,smws,pending,NO_CHANGE
247ccbeb-08fe-5417-818f-d8091f1c01f1,cask_type,,first-fill barrel,0.95,smws,pending,NO_CHANGE
247ccbeb-08fe-5417-818f-d8091f1c01f1,age,,8.0,0.95,smws,pending,NO_CHANGE
247ccbeb-08fe-5417-818f-d8091f1c01f1,abv,,62.1,0.95,smws,pending,NO_CHANGE
247ccbeb-08fe-5417-818f-d8091f1c01f1,region,,Speyside,0.95,smws,pending,NO_CHANGE
6c1c7820-11cc-5e6e-9370-34fe66ab652f,cask_type,,hogshead;refill,0.95,smws,pending,NO_CHANGE
6c1c7820-11cc-5e6e-9370-34fe66ab652f,age,,14.0,0.95,smws,pending,NO_CHANGE
6c1c7820-11cc-5e6e-9370-34fe66ab652f,abv,,56.5,0.95,smws,pending,NO_CHANGE
6c1c7820-11cc-5e6e-9370-34fe66ab652f,region,,Speyside,0.95,smws,pending,NO_CHANGE
b48c2946-4487-5460-9bf9-67eeba662ea4,cask_type,,hogshead;refill,0.95,smws,pending,NO_CHANGE
b48c2946-4487-5460-9bf9-67eeba662ea4,age,,17.0,0.95,smws,pending,NO_CHANGE
b48c2946-4487-5460-9bf9-67eeba662ea4,abv,,56.9,0.95,smws,pending,NO_CHANGE
b48c2946-4487-5460-9bf9-67eeba662ea4,region,,Speyside,0.95,smws,pending,NO_CHANGE
5f1f39e3-d220-5d4e-81d3-5f211f45b43c,cask_type,,first-fill barrel,0.95,smws,pending,NO_CHANGE
5f1f39e3-d220-5d4e-81d3-5f211f45b43c,age,,10.0,0.95,smws,pending,NO_CHANGE
5f1f39e3-d220-5d4e-81d3-5f211f45b43c,abv,,62.0,0.95,smws,pending,NO_CHANGE
5f1f39e3-d220-5d4e-81d3-5f211f45b43c,region,,Speyside,0.95,smws,pending,NO_CHANGE
cd376a51-6ca5-5f5a-9e66-10b97d79c4f4,cask_type,,butt;refill,0.95,smws,pending,NO_CHANGE
cd376a51-6ca5-5f5a-9e66-10b97d79c4f4,age,,25.0,0.95,smws,pending,NO_CHANGE
cd376a51-6ca5-5f5a-9e66-10b97d79c4f4,abv,,56.1,0.95,smws,pending,NO_CHANGE
cd376a51-6ca5-5f5a-9e66-10b97d79c4f4,region,,Speyside,0.95,smws,pending,NO_CHANGE
271312f3-d211-5822-a9f1-eb952a70c92b,cask_type,,first-fill barrel,0.95,smws,pending,NO_CHANGE
271312f3-d211-5822-a9f1-eb952a70c92b,age,,11.0,0.95,smws,pending,NO_CHANGE
271312f3-d211-5822-a9f1-eb952a70c92b,abv,,59.3,0.95,smws,pending,NO_CHANGE
271312f3-d211-5822-a9f1-eb952a70c92b,region,,Speyside,0.95,smws,pending,NO_CHANGE
e31a77ba-fd9e-5527-8b32-bfb221e39fdc,cask_type,,hogshead;refill,0.95,smws,pending,NO_CHANGE
e31a77ba-fd9e-5527-8b32-bfb221e39fdc,age,,22.0,0.95,smws,pending,NO_CHANGE
e31a77ba-fd9e-5527-8b32-bfb221e39fdc,abv,,57.7,0.95,smws,pending,NO_CHANGE
e31a77ba-fd9e-5527-8b32-bfb221e39fdc,region,,Speyside,0.95,smws,pending,NO_CHANGE
1ebbdb55-ef1e-5cb4-a3e1-212a505d50e3,cask_type,,butt;refill,0.95,smws,pending,NO_CHANGE
1ebbdb55-ef1e-5cb4-a3e1-212a505d50e3,age,,25.0,0.95,smws,pending,NO_CHANGE
1ebbdb55-ef1e-5cb4-a3e1-212a505d50e3,abv,,55.6,0.95,smws,pending,NO_CHANGE
1ebbdb55-ef1e-5cb4-a3e1-212a505d50e3,region,,Speyside,0.95,smws,pending,NO_CHANGE
3e811c2f-4fe1-5cd1-8474-2eeac5fdd9fa,cask_type,,hogshead;refill,0.95,smws,pending,NO_CHANGE
3e811c2f-4fe1-5cd1-8474-2eeac5fdd9fa,age,,13.0,0.95,smws,pending,NO_CHANGE
3e811c2f-4fe1-5cd1-8474-2eeac5fdd9fa,abv,,55.9,0.95,smws,pending,NO_CHANGE
3e811c2f-4fe1-5cd1-8474-2eeac5fdd9fa,region,,Islay,0.95,smws,pending,NO_CHANGE
63c13200-4827-547d-9592-5a9864db6374,cask_type,,refill,0.95,smws,pending,NO_CHANGE
63c13200-4827-547d-9592-5a9864db6374,age,,8.0,0.95,smws,pending,NO_CHANGE
63c13200-4827-547d-9592-5a9864db6374,abv,,60.8,0.95,smws,pending,NO_CHANGE
63c13200-4827-547d-9592-5a9864db6374,region,,Islay,0.95,smws,pending,NO_CHANGE
52bef5e6-a5a3-5e3d-b5b9-94d7768fbd42,cask_type,,hogshead;refill,0.95,smws,pending,NO_CHANGE
52bef5e6-a5a3-5e3d-b5b9-94d7768fbd42,age,,6.0,0.95,smws,pending,NO_CHANGE
52bef5e6-a5a3-5e3d-b5b9-94d7768fbd42,abv,,61.4,0.95,smws,pending,NO_CHANGE
52bef5e6-a5a3-5e3d-b5b9-94d7768fbd42,region,,Islay,0.95,smws,pending,NO_CHANGE
62ae6332-c805-5bbb-b9da-caadffc0febf,cask_type,,refill,0.95,smws,pending,NO_CHANGE
62ae6332-c805-5bbb-b9da-caadffc0febf,age,,9.0,0.95,smws,pending,NO_CHANGE
62ae6332-c805-5bbb-b9da-caadffc0febf,abv,,60.4,0.95,smws,pending,NO_CHANGE
bfb56a35-b717-5916-8048-294f0e5587f9,age,,17.0,0.95,smws,pending,NO_CHANGE
bfb56a35-b717-5916-8048-294f0e5587f9,abv,,55.8,0.95,smws,pending,NO_CHANGE
833d99e1-858a-5b8c-b999-517e04bb7707,cask_type,,refill,0.95,smws,pending,NO_CHANGE
833d99e1-858a-5b8c-b999-517e04bb7707,age,,10.0,0.95,smws,pending,NO_CHANGE
833d99e1-858a-5b8c-b999-517e04bb7707,abv,,61.9,0.95,smws,pending,NO_CHANGE
095ed3f1-39f5-5ffa-8aee-268daa1be826,cask_type,,refill,0.95,smws,pending,NO_CHANGE
095ed3f1-39f5-5ffa-8aee-268daa1be826,age,,9.0,0.95,smws,pending,NO_CHANGE
095ed3f1-39f5-5ffa-8aee-268daa1be826,abv,,58.6,0.95,smws,pending,NO_CHANGE
dc70b562-1159-5c0a-a834-ff0ed313a132,cask_type,,hogshead;refill,0.95,smws,pending,NO_CHANGE
dc70b562-1159-5c0a-a834-ff0ed313a132,age,,9.0,0.95,smws,pending,NO_CHANGE
dc70b562-1159-5c0a-a834-ff0ed313a132,abv,,61.4,0.95,smws,pending,NO_CHANGE
6bfcd3a9-d5a1-58bd-b708-1f03078d66c1,age,,10.0,0.95,smws,pending,NO_CHANGE
6bfcd3a9-d5a1-58bd-b708-1f03078d66c1,abv,,59.6,0.95,smws,pending,NO_CHANGE
6bfcd3a9-d5a1-58bd-b708-1f03078d66c1,region,,Islay,0.95,smws,pending,NO_CHANGE
4b3de087-6462-5231-a3d5-5f36575d60c2,cask_type,,refill,0.95,smws,pending,NO_CHANGE
4b3de087-6462-5231-a3d5-5f36575d60c2,age,,10.0,0.95,smws,pending,NO_CHANGE
4b3de087-6462-5231-a3d5-5f36575d60c2,region,,Speyside,0.95,smws,pending,NO_CHANGE
00bf2de7-aa9f-56c5-9bad-251e9ef209d7,cask_type,,butt;first-fill;sherry butt,0.95,smws,pending,NO_CHANGE
00bf2de7-aa9f-56c5-9bad-251e9ef209d7,age,,13.0,0.95,smws,pending,NO_CHANGE
00bf2de7-aa9f-56c5-9bad-251e9ef209d7,abv,,62.7,0.95,smws,pending,NO_CHANGE
5f0a3cd8-1703-581f-bc4f-9c935c333d8a,cask_type,,refill,0.95,smws,pending,NO_CHANGE
5f0a3cd8-1703-581f-bc4f-9c935c333d8a,age,,10.0,0.95,smws,pending,NO_CHANGE
5f0a3cd8-1703-581f-bc4f-9c935c333d8a,abv,,59.3,0.95,smws,pending,NO_CHANGE
5f0a3cd8-1703-581f-bc4f-9c935c333d8a,region,,Highland,0.95,smws,pending,NO_CHANGE
e9e53564-8947-5707-a819-fc8330a7aa9f,age,,22.0,0.95,smws,pending,NO_CHANGE
e9e53564-8947-5707-a819-fc8330a7aa9f,abv,,51.6,0.95,smws,pending,NO_CHANGE
6deb1e12-ebe1-517a-beef-f215484a59db,cask_type,,port pipe;refill,0.95,smws,pending,NO_CHANGE
6deb1e12-ebe1-517a-beef-f215484a59db,age,,10.0,0.95,smws,pending,NO_CHANGE
6deb1e12-ebe1-517a-beef-f215484a59db,abv,,57.2,0.95,smws,pending,NO_CHANGE
438c8685-481e-5fb3-ab5d-4e6a851e9d24,cask_type,,refill,0.95,smws,pending,NO_CHANGE
438c8685-481e-5fb3-ab5d-4e6a851e9d24,age,,9.0,0.95,smws,pending,NO_CHANGE
438c8685-481e-5fb3-ab5d-4e6a851e9d24,abv,,56.2,0.95,smws,pending,NO_CHANGE
c689f2f3-bf99-50a5-ad12-b79b75e11892,cask_type,,refill,0.95,smws,pending,NO_CHANGE
c689f2f3-bf99-50a5-ad12-b79b75e11892,age,,11.0,0.95,smws,pending,NO_CHANGE
c689f2f3-bf99-50a5-ad12-b79b75e11892,abv,,56.1,0.95,smws,pending,NO_CHANGE
c689f2f3-bf99-50a5-ad12-b79b75e11892,region,,Highland,0.95,smws,pending,NO_CHANGE
a003e793-e244-55be-849d-627ccd0f169b,cask_type,,hogshead;refill,0.95,smws,pending,NO_CHANGE
a003e793-e244-55be-849d-627ccd0f169b,age,,27.0,0.95,smws,pending,NO_CHANGE
a003e793-e244-55be-849d-627ccd0f169b,abv,,49.2,0.95,smws,pending,NO_CHANGE
fd7b2a97-d5e8-56f6-b03f-a68591ff085c,age,,18.0,0.95,smws,pending,NO_CHANGE
fd7b2a97-d5e8-56f6-b03f-a68591ff085c,abv,,52.6,0.95,smws,pending,NO_CHANGE
fd7b2a97-d5e8-56f6-b03f-a68591ff085c,region,,Lowland,0.95,smws,pending,CONFLICT
c8e7c7c0-992b-5b2b-8a20-b75ca0b224ca,cask_type,,hogshead;refill,0.95,smws,pending,NO_CHANGE
c8e7c7c0-992b-5b2b-8a20-b75ca0b224ca,age,,19.0,0.95,smws,pending,NO_CHANGE
c8e7c7c0-992b-5b2b-8a20-b75ca0b224ca,abv,,53.5,0.95,smws,pending,NO_CHANGE
c8e7c7c0-992b-5b2b-8a20-b75ca0b224ca,region,,Lowlands,0.95,smws,pending,CONFLICT
e53e858b-a8f7-5b7e-9fc6-ab1c8bcca7f4,cask_type,,hogshead;refill,0.95,smws,pending,NO_CHANGE
e53e858b-a8f7-5b7e-9fc6-ab1c8bcca7f4,age,,21.0,0.95,smws,pending,NO_CHANGE
e53e858b-a8f7-5b7e-9fc6-ab1c8bcca7f4,abv,,54.0,0.95,smws,pending,NO_CHANGE
cbe45610-b791-5769-84ed-a61a1df71386,cask_type,,butt;sherry butt,0.95,smws,pending,NO_CHANGE
cbe45610-b791-5769-84ed-a61a1df71386,age,,24.0,0.95,smws,pending,NO_CHANGE
cbe45610-b791-5769-84ed-a61a1df71386,abv,,54.9,0.95,smws,pending,NO_CHANGE
cbe45610-b791-5769-84ed-a61a1df71386,region,,Lowland,0.95,smws,pending,NO_CHANGE
33dfae40-73c8-5be1-a67b-5fb91f3fe9a7,age,,13.0,0.95,smws,pending,NO_CHANGE
33dfae40-73c8-5be1-a67b-5fb91f3fe9a7,abv,,56.6,0.95,smws,pending,NO_CHANGE
33dfae40-73c8-5be1-a67b-5fb91f3fe9a7,region,,Islay,0.95,smws,pending,CONFLICT
3f8a6602-ccaf-5f8b-b348-9ce76750afdf,age,,18.0,0.95,smws,pending,NO_CHANGE
3f8a6602-ccaf-5f8b-b348-9ce76750afdf,abv,,56.4,0.95,smws,pending,NO_CHANGE
3f8a6602-ccaf-5f8b-b348-9ce76750afdf,region,,Islay,0.95,smws,pending,CONFLICT
b5d3c297-c493-5c8f-b5a2-e31d15217c0f,cask_type,,refill,0.95,smws,pending,NO_CHANGE
b5d3c297-c493-5c8f-b5a2-e31d15217c0f,age,,6.0,0.95,smws,pending,NO_CHANGE
b5d3c297-c493-5c8f-b5a2-e31d15217c0f,abv,,63.5,0.95,smws,pending,NO_CHANGE
b5d3c297-c493-5c8f-b5a2-e31d15217c0f,region,,Islay,0.95,smws,pending,NO_CHANGE
af2ffb32-dd5f-5160-953c-301c3f0a5209,cask_type,,refill,0.95,smws,pending,NO_CHANGE
af2ffb32-dd5f-5160-953c-301c3f0a5209,age,,8.0,0.95,smws,pending,NO_CHANGE
af2ffb32-dd5f-5160-953c-301c3f0a5209,abv,,62.5,0.95,smws,pending,NO_CHANGE
af2ffb32-dd5f-5160-953c-301c3f0a5209,region,,Islay,0.95,smws,pending,NO_CHANGE
3b535169-85ca-50a3-bb5e-f3a25d9fbccd,cask_type,,refill,0.95,smws,pending,NO_CHANGE
3b535169-85ca-50a3-bb5e-f3a25d9fbccd,age,,9.0,0.95,smws,pending,NO_CHANGE
3b535169-85ca-50a3-bb5e-f3a25d9fbccd,abv,,66.0,0.95,smws,pending,NO_CHANGE
3b535169-85ca-50a3-bb5e-f3a25d9fbccd,region,,Islay,0.95,smws,pending,NO_CHANGE
a773ee7d-2049-5dd9-9256-e753b986b2d3,cask_type,,refill,0.95,smws,pending,NO_CHANGE
a773ee7d-2049-5dd9-9256-e753b986b2d3,age,,9.0,0.95,smws,pending,NO_CHANGE
a773ee7d-2049-5dd9-9256-e753b986b2d3,abv,,65.9,0.95,smws,pending,NO_CHANGE
a773ee7d-2049-5dd9-9256-e753b986b2d3,region,,Islay,0.95,smws,pending,NO_CHANGE
fe277e32-849a-5740-86b6-ed4f1765468b,cask_type,,butt;sherry butt,0.95,smws,pending,NO_CHANGE
fe277e32-849a-5740-86b6-ed4f1765468b,age,,9.0,0.95,smws,pending,NO_CHANGE
fe277e32-849a-5740-86b6-ed4f1765468b,abv,,66.4,0.95,smws,pending,NO_CHANGE
fe277e32-849a-5740-86b6-ed4f1765468b,region,,Islay,0.95,smws,pending,NO_CHANGE
b6f3a48f-b6ce-5d8c-9ed0-9152e8ed1267,cask_type,,refill,0.95,smws,pending,NO_CHANGE
b6f3a48f-b6ce-5d8c-9ed0-9152e8ed1267,age,,11.0,0.95,smws,pending,NO_CHANGE
b6f3a48f-b6ce-5d8c-9ed0-9152e8ed1267,abv,,61.5,0.95,smws,pending,NO_CHANGE
b6f3a48f-b6ce-5d8c-9ed0-9152e8ed1267,region,,Islay,0.95,smws,pending,NO_CHANGE
02a86d9a-5af2-5e4a-bb77-9af6fae9f63d,cask_type,,butt;sherry butt,0.95,smws,pending,NO_CHANGE
02a86d9a-5af2-5e4a-bb77-9af6fae9f63d,age,,16.0,0.95,smws,pending,NO_CHANGE
02a86d9a-5af2-5e4a-bb77-9af6fae9f63d,abv,,57.4,0.95,smws,pending,NO_CHANGE
02a86d9a-5af2-5e4a-bb77-9af6fae9f63d,region,,Highland,0.95,smws,pending,CONFLICT
c3facd38-30f5-5a7f-bfe7-71ae09afa327,cask_type,,butt;sherry butt,0.95,smws,pending,NO_CHANGE
c3facd38-30f5-5a7f-bfe7-71ae09afa327,age,,16.0,0.95,smws,pending,NO_CHANGE
c3facd38-30f5-5a7f-bfe7-71ae09afa327,abv,,56.7,0.95,smws,pending,NO_CHANGE
c3facd38-30f5-5a7f-bfe7-71ae09afa327,region,,Highlands,0.95,smws,pending,CONFLICT
d88b74f9-9f43-5023-ad59-8453fcd1315a,cask_type,,first-fill barrel,0.95,smws,pending,NO_CHANGE
d88b74f9-9f43-5023-ad59-8453fcd1315a,age,,9.0,0.95,smws,pending,NO_CHANGE
d88b74f9-9f43-5023-ad59-8453fcd1315a,abv,,56.5,0.95,smws,pending,NO_CHANGE
d88b74f9-9f43-5023-ad59-8453fcd1315a,region,,Highland,0.95,smws,pending,NO_CHANGE
271d5220-383f-5b8d-b377-8b5e132554b2,cask_type,,butt;refill,0.95,smws,pending,NO_CHANGE
271d5220-383f-5b8d-b377-8b5e132554b2,age,,29.0,0.95,smws,pending,NO_CHANGE
271d5220-383f-5b8d-b377-8b5e132554b2,abv,,56.0,0.95,smws,pending,NO_CHANGE
271d5220-383f-5b8d-b377-8b5e132554b2,region,,Highland,0.95,smws,pending,NO_CHANGE
3b362ac6-c8e3-58a9-9480-ea3bbc64d0cb,cask_type,,butt;refill,0.95,smws,pending,NO_CHANGE
3b362ac6-c8e3-58a9-9480-ea3bbc64d0cb,age,,29.0,0.95,smws,pending,NO_CHANGE
3b362ac6-c8e3-58a9-9480-ea3bbc64d0cb,abv,,57.6,0.95,smws,pending,NO_CHANGE
3b362ac6-c8e3-58a9-9480-ea3bbc64d0cb,region,,Highland,0.95,smws,pending,NO_CHANGE
953626cf-c3a9-5f27-a38a-58431d073257,cask_type,,butt;refill,0.95,smws,pending,NO_CHANGE
953626cf-c3a9-5f27-a38a-58431d073257,age,,29.0,0.95,smws,pending,NO_CHANGE
953626cf-c3a9-5f27-a38a-58431d073257,abv,,58.0,0.95,smws,pending,NO_CHANGE
953626cf-c3a9-5f27-a38a-58431d073257,region,,Highland,0.95,smws,pending,NO_CHANGE
38037202-7260-5e4c-8573-08b674fa414a,cask_type,,hogshead;refill,0.95,smws,pending,NO_CHANGE
38037202-7260-5e4c-8573-08b674fa414a,age,,13.0,0.95,smws,pending,NO_CHANGE
38037202-7260-5e4c-8573-08b674fa414a,abv,,56.8,0.95,smws,pending,NO_CHANGE
38037202-7260-5e4c-8573-08b674fa414a,region,,Highland,0.95,smws,pending,NO_CHANGE
62b0665b-f8a0-5e68-a226-9c3cee92b809,age,,22.0,0.95,smws,pending,NO_CHANGE
62b0665b-f8a0-5e68-a226-9c3cee92b809,abv,,58.3,0.95,smws,pending,NO_CHANGE
62b0665b-f8a0-5e68-a226-9c3cee92b809,region,,Highlands,0.95,smws,pending,CONFLICT
eb520084-b461-5b08-bbb3-15cb5284f20a,cask_type,,hogshead;refill,0.95,smws,pending,NO_CHANGE
eb520084-b461-5b08-bbb3-15cb5284f20a,age,,26.0,0.95,smws,pending,NO_CHANGE
eb520084-b461-5b08-bbb3-15cb5284f20a,abv,,55.0,0.95,smws,pending,NO_CHANGE
f940e7e2-2b86-5539-965c-48e17d84caab,cask_type,,refill,0.95,smws,pending,NO_CHANGE
f940e7e2-2b86-5539-965c-48e17d84caab,age,,17.0,0.95,smws,pending,NO_CHANGE
f940e7e2-2b86-5539-965c-48e17d84caab,abv,,49.6,0.95,smws,pending,NO_CHANGE
937885e0-2c59-5768-ad9b-68d237d8bb44,cask_type,,butt;refill,0.95,smws,pending,NO_CHANGE
937885e0-2c59-5768-ad9b-68d237d8bb44,age,,25.0,0.95,smws,pending,NO_CHANGE
937885e0-2c59-5768-ad9b-68d237d8bb44,abv,,48.9,0.95,smws,pending,NO_CHANGE
fee204ef-9f9c-58a7-8869-1abdbe190ae6,age,,19.0,0.95,smws,pending,NO_CHANGE
fee204ef-9f9c-58a7-8869-1abdbe190ae6,abv,,53.0,0.95,smws,pending,NO_CHANGE
fee204ef-9f9c-58a7-8869-1abdbe190ae6,region,,Highland,0.95,smws,pending,NO_CHANGE
656c8b8b-2759-5206-a849-4b19b482e1d8,cask_type,,hogshead;refill,0.95,smws,pending,NO_CHANGE
656c8b8b-2759-5206-a849-4b19b482e1d8,age,,11.0,0.95,smws,pending,NO_CHANGE
656c8b8b-2759-5206-a849-4b19b482e1d8,abv,,58.6,0.95,smws,pending,NO_CHANGE
7c36c5d6-0365-5fc3-b2f8-ecafd7ada20b,cask_type,,refill,0.95,smws,pending,NO_CHANGE
7c36c5d6-0365-5fc3-b2f8-ecafd7ada20b,age,,21.0,0.95,smws,pending,NO_CHANGE
7c36c5d6-0365-5fc3-b2f8-ecafd7ada20b,abv,,49.1,0.95,smws,pending,NO_CHANGE
2d1a7d56-7403-5197-b847-040b51e6008e,cask_type,,refill,0.95,smws,pending,NO_CHANGE
2d1a7d56-7403-5197-b847-040b51e6008e,age,,21.0,0.95,smws,pending,NO_CHANGE
2d1a7d56-7403-5197-b847-040b51e6008e,abv,,50.5,0.95,smws,pending,NO_CHANGE
2d1a7d56-7403-5197-b847-040b51e6008e,region,,Highland,0.95,smws,pending,NO_CHANGE
1c55b5b8-72e3-5ddc-b78f-5ed4194a22c9,cask_type,,hogshead;refill,0.95,smws,pending,NO_CHANGE
1c55b5b8-72e3-5ddc-b78f-5ed4194a22c9,age,,12.0,0.95,smws,pending,NO_CHANGE
1c55b5b8-72e3-5ddc-b78f-5ed4194a22c9,abv,,58.1,0.95,smws,pending,NO_CHANGE
1c55b5b8-72e3-5ddc-b78f-5ed4194a22c9,region,,Highland,0.95,smws,pending,NO_CHANGE
0bd4089d-4462-582a-a315-cecbf1360c79,cask_type,,butt;sherry butt,0.95,smws,pending,NO_CHANGE
0bd4089d-4462-582a-a315-cecbf1360c79,age,,27.0,0.95,smws,pending,NO_CHANGE
0bd4089d-4462-582a-a315-cecbf1360c79,abv,,56.6,0.95,smws,pending,NO_CHANGE
0bd4089d-4462-582a-a315-cecbf1360c79,region,,Highland,0.95,smws,pending,NO_CHANGE
4abe48d8-a74f-5fe1-973c-9dcfb08f7cf0,cask_type,,butt;refill,0.95,smws,pending,NO_CHANGE
4abe48d8-a74f-5fe1-973c-9dcfb08f7cf0,age,,28.0,0.95,smws,pending,NO_CHANGE
4abe48d8-a74f-5fe1-973c-9dcfb08f7cf0,abv,,58.2,0.95,smws,pending,NO_CHANGE
4abe48d8-a74f-5fe1-973c-9dcfb08f7cf0,region,,Highland,0.95,smws,pending,NO_CHANGE
c8d18f9b-c6ec-562e-9451-64d67765f277,cask_type,,first-fill barrel,0.95,smws,pending,NO_CHANGE
c8d18f9b-c6ec-562e-9451-64d67765f277,age,,10.0,0.95,smws,pending,NO_CHANGE
c8d18f9b-c6ec-562e-9451-64d67765f277,abv,,61.3,0.95,smws,pending,NO_CHANGE
c8d18f9b-c6ec-562e-9451-64d67765f277,region,,Highland,0.95,smws,pending,NO_CHANGE
674d5c67-6c9c-55cd-91af-ac7ca89bef94,cask_type,,hogshead;refill,0.95,smws,pending,NO_CHANGE
674d5c67-6c9c-55cd-91af-ac7ca89bef94,age,,13.0,0.95,smws,pending,NO_CHANGE
674d5c67-6c9c-55cd-91af-ac7ca89bef94,abv,,51.4,0.95,smws,pending,NO_CHANGE
674d5c67-6c9c-55cd-91af-ac7ca89bef94,region,,Highland,0.95,smws,pending,NO_CHANGE
c237a668-ac1d-5592-ae23-24d77e4e1a32,cask_type,,refill,0.95,smws,pending,NO_CHANGE
c237a668-ac1d-5592-ae23-24d77e4e1a32,age,,23.0,0.95,smws,pending,NO_CHANGE
c237a668-ac1d-5592-ae23-24d77e4e1a32,abv,,48.5,0.95,smws,pending,NO_CHANGE
c237a668-ac1d-5592-ae23-24d77e4e1a32,region,,Highland,0.95,smws,pending,NO_CHANGE
1764dc8a-2501-5e70-9d2e-349c78c6a71c,cask_type,,hogshead;sherry butt,0.95,smws,pending,NO_CHANGE
1764dc8a-2501-5e70-9d2e-349c78c6a71c,age,,22.0,0.95,smws,pending,NO_CHANGE
1764dc8a-2501-5e70-9d2e-349c78c6a71c,abv,,52.6,0.95,smws,pending,NO_CHANGE
535e571f-dd40-5900-a939-275b6c7bfa14,cask_type,,hogshead;refill,0.95,smws,pending,NO_CHANGE
535e571f-dd40-5900-a939-275b6c7bfa14,age,,23.0,0.95,smws,pending,NO_CHANGE
535e571f-dd40-5900-a939-275b6c7bfa14,abv,,51.9,0.95,smws,pending,NO_CHANGE
535e571f-dd40-5900-a939-275b6c7bfa14,region,,Highland,0.95,smws,pending,NO_CHANGE
7d5208d8-e8f2-5f60-9796-8be168cd91df,cask_type,,refill,0.95,smws,pending,NO_CHANGE
7d5208d8-e8f2-5f60-9796-8be168cd91df,age,,10.0,0.95,smws,pending,NO_CHANGE
7d5208d8-e8f2-5f60-9796-8be168cd91df,abv,,61.4,0.95,smws,pending,NO_CHANGE
7d5208d8-e8f2-5f60-9796-8be168cd91df,region,,Highland,0.95,smws,pending,NO_CHANGE
19980adc-80d9-5365-a150-68add5e0b3bf,cask_type,,refill,0.95,smws,pending,NO_CHANGE
19980adc-80d9-5365-a150-68add5e0b3bf,age,,10.0,0.95,smws,pending,NO_CHANGE
19980adc-80d9-5365-a150-68add5e0b3bf,abv,,61.6,0.95,smws,pending,NO_CHANGE
19980adc-80d9-5365-a150-68add5e0b3bf,region,,Highland,0.95,smws,pending,NO_CHANGE
824f65ab-ef02-57bd-a02a-e26b772d8033,cask_type,,hogshead;refill,0.95,smws,pending,NO_CHANGE
824f65ab-ef02-57bd-a02a-e26b772d8033,age,,24.0,0.95,smws,pending,NO_CHANGE
824f65ab-ef02-57bd-a02a-e26b772d8033,abv,,53.3,0.95,smws,pending,NO_CHANGE
824f65ab-ef02-57bd-a02a-e26b772d8033,region,,Highland,0.95,smws,pending,NO_CHANGE
4b371400-8da6-5055-a3bb-e5572178e52d,cask_type,,hogshead;refill,0.95,smws,pending,NO_CHANGE
4b371400-8da6-5055-a3bb-e5572178e52d,age,,23.0,0.95,smws,pending,NO_CHANGE
4b371400-8da6-5055-a3bb-e5572178e52d,abv,,49.8,0.95,smws,pending,NO_CHANGE
4b371400-8da6-5055-a3bb-e5572178e52d,region,,Islay,0.95,smws,pending,NO_CHANGE
a2792400-9949-53f6-93ab-fb758e061c18,cask_type,,hogshead;refill,0.95,smws,pending,NO_CHANGE
a2792400-9949-53f6-93ab-fb758e061c18,age,,17.0,0.95,smws,pending,NO_CHANGE
a2792400-9949-53f6-93ab-fb758e061c18,abv,,49.2,0.95,smws,pending,NO_CHANGE
4c2abb3a-be19-578e-b874-e0a8005eaf77,cask_type,,refill,0.95,smws,pending,NO_CHANGE
4c2abb3a-be19-578e-b874-e0a8005eaf77,age,,20.0,0.95,smws,pending,NO_CHANGE
415cab1e-628e-541c-9c9d-a891f95a255b,cask_type,,refill,0.95,smws,pending,NO_CHANGE
415cab1e-628e-541c-9c9d-a891f95a255b,age,,20.0,0.95,smws,pending,NO_CHANGE
415cab1e-628e-541c-9c9d-a891f95a255b,abv,,58.4,0.95,smws,pending,NO_CHANGE
415cab1e-628e-541c-9c9d-a891f95a255b,region,,Islay,0.95,smws,pending,NO_CHANGE
75c93994-2597-5823-bd00-c5bf988fa2e7,cask_type,,refill,0.95,smws,pending,NO_CHANGE
75c93994-2597-5823-bd00-c5bf988fa2e7,age,,16.0,0.95,smws,pending,NO_CHANGE
75c93994-2597-5823-bd00-c5bf988fa2e7,abv,,58.5,0.95,smws,pending,NO_CHANGE
19a86362-6101-543d-b38a-321fe261e4f6,cask_type,,refill,0.95,smws,pending,NO_CHANGE
19a86362-6101-543d-b38a-321fe261e4f6,age,,16.0,0.95,smws,pending,NO_CHANGE
19a86362-6101-543d-b38a-321fe261e4f6,abv,,51.6,0.95,smws,pending,NO_CHANGE
19a86362-6101-543d-b38a-321fe261e4f6,region,,Islay,0.95,smws,pending,NO_CHANGE
1d9be9ee-5bf0-5823-a027-35adea6e3b31,cask_type,,refill,0.95,smws,pending,NO_CHANGE
1d9be9ee-5bf0-5823-a027-35adea6e3b31,age,,16.0,0.95,smws,pending,NO_CHANGE
1d9be9ee-5bf0-5823-a027-35adea6e3b31,region,,Islay,0.95,smws,pending,NO_CHANGE
60044aa8-38fd-5ea6-8655-30420036780c,cask_type,,butt;refill,0.95,smws,pending,NO_CHANGE
60044aa8-38fd-5ea6-8655-30420036780c,age,,17.0,0.95,smws,pending,NO_CHANGE
60044aa8-38fd-5ea6-8655-30420036780c,abv,,58.1,0.95,smws,pending,NO_CHANGE
60044aa8-38fd-5ea6-8655-30420036780c,region,,Islay,0.95,smws,pending,NO_CHANGE
f1c7dad4-49a1-591b-8873-a426e5aa6bc1,cask_type,,butt;refill,0.95,smws,pending,NO_CHANGE
f1c7dad4-49a1-591b-8873-a426e5aa6bc1,age,,17.0,0.95,smws,pending,NO_CHANGE
f1c7dad4-49a1-591b-8873-a426e5aa6bc1,abv,,59.1,0.95,smws,pending,NO_CHANGE
f1c7dad4-49a1-591b-8873-a426e5aa6bc1,region,,Islay,0.95,smws,pending,CONFLICT
37b64209-818d-5db8-b702-e4befa51d54e,age,,18.0,0.95,smws,pending,NO_CHANGE
37b64209-818d-5db8-b702-e4befa51d54e,abv,,54.6,0.95,smws,pending,NO_CHANGE
37b64209-818d-5db8-b702-e4befa51d54e,region,,Islay,0.95,smws,pending,CONFLICT
0f01956b-105b-5d7a-aee4-cfcfcee1bf9b,age,,18.0,0.95,smws,pending,NO_CHANGE
0f01956b-105b-5d7a-aee4-cfcfcee1bf9b,abv,,54.0,0.95,smws,pending,NO_CHANGE
0f01956b-105b-5d7a-aee4-cfcfcee1bf9b,region,,Islay,0.95,smws,pending,CONFLICT
14bf995e-4f44-53a0-950d-fb547b537c26,age,,11.0,0.95,smws,pending,NO_CHANGE
14bf995e-4f44-53a0-950d-fb547b537c26,abv,,58.2,0.95,smws,pending,NO_CHANGE
14bf995e-4f44-53a0-950d-fb547b537c26,region,,Islay,0.95,smws,pending,CONFLICT
631f719e-2726-5b69-b272-ca88b906f604,cask_type,,hogshead;refill,0.95,smws,pending,NO_CHANGE
631f719e-2726-5b69-b272-ca88b906f604,age,,8.0,0.95,smws,pending,NO_CHANGE
631f719e-2726-5b69-b272-ca88b906f604,abv,,58.2,0.95,smws,pending,NO_CHANGE
631f719e-2726-5b69-b272-ca88b906f604,region,,Islay,0.95,smws,pending,NO_CHANGE
1b3b0b6f-62fe-5bde-a822-73bcc7f2d478,cask_type,,hogshead;refill,0.95,smws,pending,NO_CHANGE
1b3b0b6f-62fe-5bde-a822-73bcc7f2d478,age,,10.0,0.95,smws,pending,NO_CHANGE
1b3b0b6f-62fe-5bde-a822-73bcc7f2d478,abv,,56.1,0.95,smws,pending,NO_CHANGE
1b3b0b6f-62fe-5bde-a822-73bcc7f2d478,region,,Islay,0.95,smws,pending,NO_CHANGE
031087b9-d026-59a9-ae43-6a52d8eb36ad,cask_type,,hogshead;refill,0.95,smws,pending,NO_CHANGE
031087b9-d026-59a9-ae43-6a52d8eb36ad,age,,16.0,0.95,smws,pending,NO_CHANGE
031087b9-d026-59a9-ae43-6a52d8eb36ad,abv,,52.7,0.95,smws,pending,NO_CHANGE
031087b9-d026-59a9-ae43-6a52d8eb36ad,region,,Islay,0.95,smws,pending,NO_CHANGE
71c09f39-7f4f-52b5-9ca3-fa9ce9f320e5,cask_type,,hogshead;refill,0.95,smws,pending,NO_CHANGE
71c09f39-7f4f-52b5-9ca3-fa9ce9f320e5,age,,10.0,0.95,smws,pending,NO_CHANGE
71c09f39-7f4f-52b5-9ca3-fa9ce9f320e5,abv,,56.5,0.95,smws,pending,NO_CHANGE
71c09f39-7f4f-52b5-9ca3-fa9ce9f320e5,region,,Islay,0.95,smws,pending,NO_CHANGE
3e599b3c-56e3-55e7-878b-9d3ad09344ee,cask_type,,butt;sherry butt,0.95,smws,pending,NO_CHANGE
3e599b3c-56e3-55e7-878b-9d3ad09344ee,age,,9.0,0.95,smws,pending,NO_CHANGE
3e599b3c-56e3-55e7-878b-9d3ad09344ee,abv,,60.9,0.95,smws,pending,NO_CHANGE
3e599b3c-56e3-55e7-878b-9d3ad09344ee,region,,Islay,0.95,smws,pending,NO_CHANGE
44db02f0-d229-5eb3-ad25-2357b7019d6e,cask_type,,butt;refill,0.95,smws,pending,NO_CHANGE
44db02f0-d229-5eb3-ad25-2357b7019d6e,age,,10.0,0.95,smws,pending,NO_CHANGE
44db02f0-d229-5eb3-ad25-2357b7019d6e,abv,,63.2,0.95,smws,pending,NO_CHANGE
44db02f0-d229-5eb3-ad25-2357b7019d6e,region,,Islay,0.95,smws,pending,NO_CHANGE
a3c6004b-a4ba-5168-88c3-cdb7c8e3c34d,cask_type,,butt;sherry butt,0.95,smws,pending,NO_CHANGE
a3c6004b-a4ba-5168-88c3-cdb7c8e3c34d,age,,20.0,0.95,smws,pending,NO_CHANGE
a3c6004b-a4ba-5168-88c3-cdb7c8e3c34d,abv,,59.1,0.95,smws,pending,NO_CHANGE
a3c6004b-a4ba-5168-88c3-cdb7c8e3c34d,region,,Islay,0.95,smws,pending,NO_CHANGE
1a201662-1db2-5a83-b106-cf45e7b24e53,cask_type,,butt;sherry butt,0.95,smws,pending,NO_CHANGE
1a201662-1db2-5a83-b106-cf45e7b24e53,age,,19.0,0.95,smws,pending,NO_CHANGE
1a201662-1db2-5a83-b106-cf45e7b24e53,abv,,55.9,0.95,smws,pending,NO_CHANGE
1a201662-1db2-5a83-b106-cf45e7b24e53,region,,Speyside,0.95,smws,pending,NO_CHANGE
84732bb1-b1d2-5f89-8803-5833614ecd84,cask_type,,butt;sherry butt,0.95,smws,pending,NO_CHANGE
84732bb1-b1d2-5f89-8803-5833614ecd84,age,,11.0,0.95,smws,pending,NO_CHANGE
84732bb1-b1d2-5f89-8803-5833614ecd84,abv,,56.3,0.95,smws,pending,NO_CHANGE
84732bb1-b1d2-5f89-8803-5833614ecd84,region,,Islay,0.95,smws,pending,NO_CHANGE
52e35574-90b6-5871-bfba-34ee0da64572,cask_type,,butt;refill,0.95,smws,pending,NO_CHANGE
52e35574-90b6-5871-bfba-34ee0da64572,age,,11.0,0.95,smws,pending,NO_CHANGE
52e35574-90b6-5871-bfba-34ee0da64572,abv,,55.4,0.95,smws,pending,NO_CHANGE
52e35574-90b6-5871-bfba-34ee0da64572,region,,Islay,0.95,smws,pending,NO_CHANGE
cf60ff5e-1643-54ed-aeff-cf4cf3976182,cask_type,,first-fill barrel,0.95,smws,pending,NO_CHANGE
cf60ff5e-1643-54ed-aeff-cf4cf3976182,age,,7.0,0.95,smws,pending,NO_CHANGE
cf60ff5e-1643-54ed-aeff-cf4cf3976182,abv,,64.4,0.95,smws,pending,NO_CHANGE
cf60ff5e-1643-54ed-aeff-cf4cf3976182,region,,Islay,0.95,smws,pending,NO_CHANGE
fa6c1dee-a4d6-5a4d-9d30-4fd05495ac2e,age,,11.0,0.95,smws,pending,NO_CHANGE
fa6c1dee-a4d6-5a4d-9d30-4fd05495ac2e,abv,,56.1,0.95,smws,pending,NO_CHANGE
fa6c1dee-a4d6-5a4d-9d30-4fd05495ac2e,region,,Islay,0.95,smws,pending,NO_CHANGE
42ec3bc6-eb54-58b0-addb-16bbfbc88dfb,age,,8.0,0.95,smws,pending,NO_CHANGE
42ec3bc6-eb54-58b0-addb-16bbfbc88dfb,abv,,59.9,0.95,smws,pending,NO_CHANGE
50b0a8ef-c78a-5168-98e6-797f284bc67d,cask_type,,hogshead;refill,0.95,smws,pending,NO_CHANGE
50b0a8ef-c78a-5168-98e6-797f284bc67d,age,,39.0,0.95,smws,pending,NO_CHANGE
50b0a8ef-c78a-5168-98e6-797f284bc67d,abv,,46.2,0.95,smws,pending,NO_CHANGE
50b0a8ef-c78a-5168-98e6-797f284bc67d,region,,Speyside,0.95,smws,pending,NO_CHANGE
5ce7f1cc-e838-5a71-9eaa-ec48050a18b5,cask_type,,hogshead;refill,0.95,smws,pending,NO_CHANGE
5ce7f1cc-e838-5a71-9eaa-ec48050a18b5,age,,26.0,0.95,smws,pending,NO_CHANGE
5ce7f1cc-e838-5a71-9eaa-ec48050a18b5,abv,,45.9,0.95,smws,pending,NO_CHANGE
5ce7f1cc-e838-5a71-9eaa-ec48050a18b5,region,,Speyside,0.95,smws,pending,NO_CHANGE
d717c486-c25f-5650-a7ba-18d77b72e432,cask_type,,first-fill designer barrel,0.95,smws,pending,NO_CHANGE
d717c486-c25f-5650-a7ba-18d77b72e432,age,,16.0,0.95,smws,pending,NO_CHANGE
d717c486-c25f-5650-a7ba-18d77b72e432,abv,,54.4,0.95,smws,pending,NO_CHANGE
d717c486-c25f-5650-a7ba-18d77b72e432,region,,Speyside,0.95,smws,pending,NO_CHANGE
605a88b7-4697-510d-af18-bca7f8f17167,cask_type,,hogshead;refill,0.95,smws,pending,NO_CHANGE
605a88b7-4697-510d-af18-bca7f8f17167,age,,28.0,0.95,smws,pending,NO_CHANGE
605a88b7-4697-510d-af18-bca7f8f17167,abv,,46.7,0.95,smws,pending,NO_CHANGE
605a88b7-4697-510d-af18-bca7f8f17167,region,,Speyside,0.95,smws,pending,NO_CHANGE
3e9da869-4dd8-5129-bbb2-bc20342f123a,cask_type,,first-fill designer barrel,0.95,smws,pending,NO_CHANGE
3e9da869-4dd8-5129-bbb2-bc20342f123a,age,,17.0,0.95,smws,pending,NO_CHANGE
3e9da869-4dd8-5129-bbb2-bc20342f123a,abv,,49.5,0.95,smws,pending,NO_CHANGE
3e9da869-4dd8-5129-bbb2-bc20342f123a,region,,Speyside,0.95,smws,pending,NO_CHANGE
f833e69f-06db-56de-896c-7b9ddbf14793,cask_type,,hogshead;refill,0.95,smws,pending,NO_CHANGE
f833e69f-06db-56de-896c-7b9ddbf14793,age,,12.0,0.95,smws,pending,NO_CHANGE
f833e69f-06db-56de-896c-7b9ddbf14793,abv,,59.3,0.95,smws,pending,NO_CHANGE
f833e69f-06db-56de-896c-7b9ddbf14793,region,,Speyside,0.95,smws,pending,NO_CHANGE
ed89fd8d-d3b6-52aa-9385-843d6c704e96,cask_type,,hogshead,0.95,smws,pending,NO_CHANGE
ed89fd8d-d3b6-52aa-9385-843d6c704e96,age,,19.0,0.95,smws,pending,NO_CHANGE
ed89fd8d-d3b6-52aa-9385-843d6c704e96,abv,,58.9,0.95,smws,pending,NO_CHANGE
ed89fd8d-d3b6-52aa-9385-843d6c704e96,region,,Speyside,0.95,smws,pending,NO_CHANGE
1343ac71-7bb8-53bf-9c1b-e34c20e471d1,cask_type,,first-fill designer barrel,0.95,smws,pending,NO_CHANGE
1343ac71-7bb8-53bf-9c1b-e34c20e471d1,age,,17.0,0.95,smws,pending,NO_CHANGE
1343ac71-7bb8-53bf-9c1b-e34c20e471d1,abv,,54.6,0.95,smws,pending,NO_CHANGE
1343ac71-7bb8-53bf-9c1b-e34c20e471d1,region,,Speyside,0.95,smws,pending,NO_CHANGE
14962f3b-e8ee-549a-9d06-0444aef95d93,cask_type,,first-fill barrel,0.95,smws,pending,NO_CHANGE
14962f3b-e8ee-549a-9d06-0444aef95d93,age,,12.0,0.95,smws,pending,NO_CHANGE
14962f3b-e8ee-549a-9d06-0444aef95d93,region,,Speyside,0.95,smws,pending,NO_CHANGE
f1249309-f99b-52fe-b723-b8c9ac4b3bc3,cask_type,,hogshead;refill,0.95,smws,pending,NO_CHANGE
f1249309-f99b-52fe-b723-b8c9ac4b3bc3,age,,27.0,0.95,smws,pending,NO_CHANGE
f1249309-f99b-52fe-b723-b8c9ac4b3bc3,abv,,53.8,0.95,smws,pending,NO_CHANGE
f1249309-f99b-52fe-b723-b8c9ac4b3bc3,region,,Speyside,0.95,smws,pending,NO_CHANGE
9cdbb726-bf09-5860-868c-98e1a5123ff0,cask_type,,hogshead,0.95,smws,pending,NO_CHANGE
9cdbb726-bf09-5860-868c-98e1a5123ff0,age,,21.0,0.95,smws,pending,NO_CHANGE
9cdbb726-bf09-5860-868c-98e1a5123ff0,abv,,56.2,0.95,smws,pending,NO_CHANGE
9cdbb726-bf09-5860-868c-98e1a5123ff0,region,,Speyside,0.95,smws,pending,NO_CHANGE
fce85ca8-cb7f-5afa-9124-b4439b9c6dd8,cask_type,,hogshead;refill,0.95,smws,pending,NO_CHANGE
fce85ca8-cb7f-5afa-9124-b4439b9c6dd8,age,,29.0,0.95,smws,pending,NO_CHANGE
fce85ca8-cb7f-5afa-9124-b4439b9c6dd8,abv,,47.7,0.95,smws,pending,NO_CHANGE
fce85ca8-cb7f-5afa-9124-b4439b9c6dd8,region,,Speyside,0.95,smws,pending,NO_CHANGE
b4df6f56-6372-505a-a0e0-b7d713924932,age,,111.0,0.95,smws,pending,CONFLICT
b4df6f56-6372-505a-a0e0-b7d713924932,abv,,59.8,0.95,smws,pending,NO_CHANGE
b4df6f56-6372-505a-a0e0-b7d713924932,region,,Highlands,0.95,smws,pending,CONFLICT
65cdbe24-c4a7-5c16-b450-64417c0568f9,age,,13.0,0.95,smws,pending,NO_CHANGE
65cdbe24-c4a7-5c16-b450-64417c0568f9,abv,,57.0,0.95,smws,pending,NO_CHANGE
65cdbe24-c4a7-5c16-b450-64417c0568f9,region,,Speyside,0.95,smws,pending,NO_CHANGE
aca26396-0494-5af0-ac2b-ca204cd640ad,cask_type,,refill,0.95,smws,pending,NO_CHANGE
aca26396-0494-5af0-ac2b-ca204cd640ad,age,,10.0,0.95,smws,pending,NO_CHANGE
aca26396-0494-5af0-ac2b-ca204cd640ad,abv,,59.5,0.95,smws,pending,NO_CHANGE
aca26396-0494-5af0-ac2b-ca204cd640ad,region,,Speyside,0.95,smws,pending,NO_CHANGE
353b3d23-49a4-5684-a562-91cba32e6018,cask_type,,first-fill barrel,0.95,smws,pending,NO_CHANGE
353b3d23-49a4-5684-a562-91cba32e6018,age,,33.0,0.95,smws,pending,NO_CHANGE
353b3d23-49a4-5684-a562-91cba32e6018,abv,,53.6,0.95,smws,pending,NO_CHANGE
353b3d23-49a4-5684-a562-91cba32e6018,region,,Speyside,0.95,smws,pending,NO_CHANGE
c834e6cf-201e-5c78-b010-be478b018e5c,cask_type,,hogshead;refill,0.95,smws,pending,NO_CHANGE
c834e6cf-201e-5c78-b010-be478b018e5c,age,,39.0,0.95,smws,pending,NO_CHANGE
c834e6cf-201e-5c78-b010-be478b018e5c,abv,,50.3,0.95,smws,pending,NO_CHANGE
c834e6cf-201e-5c78-b010-be478b018e5c,region,,Speyside,0.95,smws,pending,NO_CHANGE
86a1f3f7-e7a6-5c87-9819-61e00054cbd2,cask_type,,hogshead;refill,0.95,smws,pending,NO_CHANGE
86a1f3f7-e7a6-5c87-9819-61e00054cbd2,age,,34.0,0.95,smws,pending,NO_CHANGE
86a1f3f7-e7a6-5c87-9819-61e00054cbd2,abv,,53.8,0.95,smws,pending,NO_CHANGE
86a1f3f7-e7a6-5c87-9819-61e00054cbd2,region,,Speyside,0.95,smws,pending,NO_CHANGE
7f0912de-77f0-5325-a171-243b27dfce41,cask_type,,butt;sherry butt,0.95,smws,pending,NO_CHANGE
7f0912de-77f0-5325-a171-243b27dfce41,age,,10.0,0.95,smws,pending,NO_CHANGE
7f0912de-77f0-5325-a171-243b27dfce41,abv,,60.8,0.95,smws,pending,NO_CHANGE
7f0912de-77f0-5325-a171-243b27dfce41,region,,Speyside,0.95,smws,pending,NO_CHANGE
9afa2b83-efff-5b0f-b35a-e6e593a6b12c,cask_type,,hogshead;refill,0.95,smws,pending,NO_CHANGE
9afa2b83-efff-5b0f-b35a-e6e593a6b12c,age,,10.0,0.95,smws,pending,NO_CHANGE
9afa2b83-efff-5b0f-b35a-e6e593a6b12c,abv,,60.3,0.95,smws,pending,NO_CHANGE
9afa2b83-efff-5b0f-b35a-e6e593a6b12c,region,,Speyside,0.95,smws,pending,NO_CHANGE
45f12fdf-f747-5e38-af1b-bed2b6b6ba26,cask_type,,hogshead;refill,0.95,smws,pending,NO_CHANGE
45f12fdf-f747-5e38-af1b-bed2b6b6ba26,age,,40.0,0.95,smws,pending,NO_CHANGE
45f12fdf-f747-5e38-af1b-bed2b6b6ba26,abv,,47.7,0.95,smws,pending,NO_CHANGE
45f12fdf-f747-5e38-af1b-bed2b6b6ba26,region,,Speyside,0.95,smws,pending,NO_CHANGE
2ba5665a-cbc8-5e37-a862-f2bdcd6e1c7f,cask_type,,hogshead,0.95,smws,pending,NO_CHANGE
2ba5665a-cbc8-5e37-a862-f2bdcd6e1c7f,age,,17.0,0.95,smws,pending,NO_CHANGE
2ba5665a-cbc8-5e37-a862-f2bdcd6e1c7f,abv,,58.9,0.95,smws,pending,NO_CHANGE
2ba5665a-cbc8-5e37-a862-f2bdcd6e1c7f,region,,Speyside,0.95,smws,pending,NO_CHANGE
e7a008ba-5147-5e95-bb8f-03c21477c157,cask_type,,first-fill designer barrel charred,0.95,smws,pending,NO_CHANGE
e7a008ba-5147-5e95-bb8f-03c21477c157,age,,15.0,0.95,smws,pending,NO_CHANGE
e7a008ba-5147-5e95-bb8f-03c21477c157,abv,,52.9,0.95,smws,pending,NO_CHANGE
e7a008ba-5147-5e95-bb8f-03c21477c157,region,,Speyside,0.95,smws,pending,NO_CHANGE
9c209d83-94ca-588a-9543-1c0d6e96b7be,cask_type,,first-fill barrel,0.95,smws,pending,NO_CHANGE
9c209d83-94ca-588a-9543-1c0d6e96b7be,age,,17.0,0.95,smws,pending,NO_CHANGE
9c209d83-94ca-588a-9543-1c0d6e96b7be,abv,,56.7,0.95,smws,pending,NO_CHANGE
9c209d83-94ca-588a-9543-1c0d6e96b7be,region,,Speyside,0.95,smws,pending,NO_CHANGE
14b2e951-1feb-51ee-995c-6bcea1f7f7a7,age,,14.0,0.95,smws,pending,NO_CHANGE
14b2e951-1feb-51ee-995c-6bcea1f7f7a7,abv,,56.5,0.95,smws,pending,NO_CHANGE
14b2e951-1feb-51ee-995c-6bcea1f7f7a7,region,,Highlands,0.95,smws,pending,CONFLICT
6c3b67e2-8cc8-56af-8fd8-b4dc59094e5d,cask_type,,first-fill,0.95,smws,pending,NO_CHANGE
6c3b67e2-8cc8-56af-8fd8-b4dc59094e5d,age,,10.0,0.95,smws,pending,NO_CHANGE
6c3b67e2-8cc8-56af-8fd8-b4dc59094e5d,abv,,58.8,0.95,smws,pending,NO_CHANGE
6c3b67e2-8cc8-56af-8fd8-b4dc59094e5d,region,,Speyside,0.95,smws,pending,NO_CHANGE
27867c46-80ff-5d2f-8543-40156990ab2c,cask_type,,hogshead;refill,0.95,smws,pending,NO_CHANGE
27867c46-80ff-5d2f-8543-40156990ab2c,age,,21.0,0.95,smws,pending,NO_CHANGE
27867c46-80ff-5d2f-8543-40156990ab2c,abv,,52.4,0.95,smws,pending,NO_CHANGE
27867c46-80ff-5d2f-8543-40156990ab2c,region,,Speyside,0.95,smws,pending,NO_CHANGE
d6a833f4-a84c-5766-ba3a-f0703b7a75b9,cask_type,,butt;sherry butt,0.95,smws,pending,NO_CHANGE
d6a833f4-a84c-5766-ba3a-f0703b7a75b9,age,,23.0,0.95,smws,pending,NO_CHANGE
d6a833f4-a84c-5766-ba3a-f0703b7a75b9,abv,,59.2,0.95,smws,pending,NO_CHANGE
d6a833f4-a84c-5766-ba3a-f0703b7a75b9,region,,Speyside,0.95,smws,pending,NO_CHANGE
4daf421f-9ddf-5d38-bb34-fed03de6764f,cask_type,,refill,0.95,smws,pending,NO_CHANGE
4daf421f-9ddf-5d38-bb34-fed03de6764f,age,,11.0,0.95,smws,pending,NO_CHANGE
4daf421f-9ddf-5d38-bb34-fed03de6764f,abv,,61.5,0.95,smws,pending,NO_CHANGE
4daf421f-9ddf-5d38-bb34-fed03de6764f,region,,Speyside,0.95,smws,pending,NO_CHANGE
c50f9cd6-5068-5ac0-b2fc-7b1ac82a7704,cask_type,,first-fill barrel,0.95,smws,pending,NO_CHANGE
c50f9cd6-5068-5ac0-b2fc-7b1ac82a7704,age,,10.0,0.95,smws,pending,NO_CHANGE
c50f9cd6-5068-5ac0-b2fc-7b1ac82a7704,abv,,58.8,0.95,smws,pending,NO_CHANGE
c50f9cd6-5068-5ac0-b2fc-7b1ac82a7704,region,,Speyside,0.95,smws,pending,NO_CHANGE
90bf1294-089d-5aca-870f-a8900113a7c2,age,,21.0,0.95,smws,pending,NO_CHANGE
90bf1294-089d-5aca-870f-a8900113a7c2,abv,,51.3,0.95,smws,pending,NO_CHANGE
90bf1294-089d-5aca-870f-a8900113a7c2,region,,Speyside,0.95,smws,pending,NO_CHANGE
2925e03e-0de8-52c4-bee4-58345c070f0f,cask_type,,first-fill barrel,0.95,smws,pending,NO_CHANGE
2925e03e-0de8-52c4-bee4-58345c070f0f,age,,9.0,0.95,smws,pending,NO_CHANGE
2925e03e-0de8-52c4-bee4-58345c070f0f,abv,,59.9,0.95,smws,pending,NO_CHANGE
2925e03e-0de8-52c4-bee4-58345c070f0f,region,,Speyside,0.95,smws,pending,NO_CHANGE
41eb0894-7a23-5007-9be6-559e8f495df4,age,,21.0,0.95,smws,pending,NO_CHANGE
41eb0894-7a23-5007-9be6-559e8f495df4,abv,,50.7,0.95,smws,pending,NO_CHANGE
41eb0894-7a23-5007-9be6-559e8f495df4,region,,Speyside,0.95,smws,pending,NO_CHANGE
4ba206a5-3c3e-58fb-b5c9-ec8eda6f1013,age,,21.0,0.95,smws,pending,NO_CHANGE
4ba206a5-3c3e-58fb-b5c9-ec8eda6f1013,abv,,54.2,0.95,smws,pending,NO_CHANGE
4ba206a5-3c3e-58fb-b5c9-ec8eda6f1013,region,,Speyside,0.95,smws,pending,NO_CHANGE
2f6a5b3d-100b-543c-b800-625f82a41b10,cask_type,,refill,0.95,smws,pending,NO_CHANGE
2f6a5b3d-100b-543c-b800-625f82a41b10,age,,17.0,0.95,smws,pending,NO_CHANGE
2f6a5b3d-100b-543c-b800-625f82a41b10,abv,,59.3,0.95,smws,pending,NO_CHANGE
2f6a5b3d-100b-543c-b800-625f82a41b10,region,,Speyside,0.95,smws,pending,NO_CHANGE
0c472ef8-61f0-509f-b944-62256b9b053c,age,,23.0,0.95,smws,pending,NO_CHANGE
0c472ef8-61f0-509f-b944-62256b9b053c,abv,,51.0,0.95,smws,pending,NO_CHANGE
0c472ef8-61f0-509f-b944-62256b9b053c,region,,Speyside,0.95,smws,pending,NO_CHANGE
1b455c7a-cb06-5dd3-b324-39ab0cf63c31,cask_type,,refill,0.95,smws,pending,NO_CHANGE
1b455c7a-cb06-5dd3-b324-39ab0cf63c31,age,,17.0,0.95,smws,pending,NO_CHANGE
1b455c7a-cb06-5dd3-b324-39ab0cf63c31,region,,Speyside,0.95,smws,pending,NO_CHANGE
e7c90679-b948-5d05-8869-ca1720279d6e,cask_type,,first-fill barrel     usa allocation,0.95,smws,pending,NO_CHANGE
e7c90679-b948-5d05-8869-ca1720279d6e,age,,9.0,0.95,smws,pending,NO_CHANGE
e7c90679-b948-5d05-8869-ca1720279d6e,abv,,50.1,0.95,smws,pending,NO_CHANGE
e7c90679-b948-5d05-8869-ca1720279d6e,region,,Speyside,0.95,smws,pending,NO_CHANGE
fb8f7cfa-78ee-54dc-8a41-e4b3ca1a7dfb,cask_type,,hogshead;refill,0.95,smws,pending,NO_CHANGE
fb8f7cfa-78ee-54dc-8a41-e4b3ca1a7dfb,age,,28.0,0.95,smws,pending,NO_CHANGE
fb8f7cfa-78ee-54dc-8a41-e4b3ca1a7dfb,abv,,56.4,0.95,smws,pending,NO_CHANGE
fb8f7cfa-78ee-54dc-8a41-e4b3ca1a7dfb,region,,Highlands,0.95,smws,pending,CONFLICT
a5551e4a-7c00-5bae-a95a-58e25cd197ff,cask_type,,butt;sherry butt,0.95,smws,pending,NO_CHANGE
a5551e4a-7c00-5bae-a95a-58e25cd197ff,age,,14.0,0.95,smws,pending,NO_CHANGE
a5551e4a-7c00-5bae-a95a-58e25cd197ff,abv,,60.9,0.95,smws,pending,NO_CHANGE
a5551e4a-7c00-5bae-a95a-58e25cd197ff,region,,Highlands,0.95,smws,pending,CONFLICT
2880ac31-0882-5907-895a-677c3a693df0,cask_type,,hogshead;refill,0.95,smws,pending,NO_CHANGE
2880ac31-0882-5907-895a-677c3a693df0,age,,22.0,0.95,smws,pending,NO_CHANGE
2880ac31-0882-5907-895a-677c3a693df0,abv,,56.5,0.95,smws,pending,NO_CHANGE
2880ac31-0882-5907-895a-677c3a693df0,region,,Speyside,0.95,smws,pending,NO_CHANGE
b229f565-dc4d-54bc-b200-19ec15f9bde2,cask_type,,hogshead;refill,0.95,smws,pending,NO_CHANGE
b229f565-dc4d-54bc-b200-19ec15f9bde2,age,,10.0,0.95,smws,pending,NO_CHANGE
b229f565-dc4d-54bc-b200-19ec15f9bde2,abv,,56.0,0.95,smws,pending,NO_CHANGE
b229f565-dc4d-54bc-b200-19ec15f9bde2,region,,Speyside,0.95,smws,pending,NO_CHANGE
2f4512ac-949a-5ad7-831f-6e4184db6bc5,age,,12.0,0.95,smws,pending,NO_CHANGE
2f4512ac-949a-5ad7-831f-6e4184db6bc5,abv,,55.4,0.95,smws,pending,NO_CHANGE
2f4512ac-949a-5ad7-831f-6e4184db6bc5,region,,Speyside,0.95,smws,pending,NO_CHANGE
1a5da3d1-410a-5c83-96dc-1f37711f743d,cask_type,,hogshead;refill,0.95,smws,pending,NO_CHANGE
1a5da3d1-410a-5c83-96dc-1f37711f743d,age,,12.0,0.95,smws,pending,NO_CHANGE
1a5da3d1-410a-5c83-96dc-1f37711f743d,abv,,54.5,0.95,smws,pending,NO_CHANGE
1a5da3d1-410a-5c83-96dc-1f37711f743d,region,,Speyside,0.95,smws,pending,NO_CHANGE
21eb6e55-420d-5684-a8cf-b5144075079b,cask_type,,butt;sherry butt,0.95,smws,pending,NO_CHANGE
21eb6e55-420d-5684-a8cf-b5144075079b,age,,18.0,0.95,smws,pending,NO_CHANGE
21eb6e55-420d-5684-a8cf-b5144075079b,abv,,60.0,0.95,smws,pending,NO_CHANGE
21eb6e55-420d-5684-a8cf-b5144075079b,region,,Speyside,0.95,smws,pending,NO_CHANGE
c70437b7-2004-5aca-9ba6-e43e8d80b345,cask_type,,hogshead;refill,0.95,smws,pending,NO_CHANGE
c70437b7-2004-5aca-9ba6-e43e8d80b345,age,,27.0,0.95,smws,pending,NO_CHANGE
c70437b7-2004-5aca-9ba6-e43e8d80b345,abv,,52.4,0.95,smws,pending,NO_CHANGE
c70437b7-2004-5aca-9ba6-e43e8d80b345,region,,Speyside,0.95,smws,pending,NO_CHANGE
ace5d4d2-c540-568c-a0f4-a1dd37104ee6,cask_type,,refill,0.95,smws,pending,NO_CHANGE
ace5d4d2-c540-568c-a0f4-a1dd37104ee6,age,,22.0,0.95,smws,pending,NO_CHANGE
ace5d4d2-c540-568c-a0f4-a1dd37104ee6,abv,,52.6,0.95,smws,pending,NO_CHANGE
ace5d4d2-c540-568c-a0f4-a1dd37104ee6,region,,Speyside,0.95,smws,pending,NO_CHANGE
bfd02fd3-2f68-5494-89f2-8d9f5b3fe69b,age,,12.0,0.95,smws,pending,NO_CHANGE
bfd02fd3-2f68-5494-89f2-8d9f5b3fe69b,abv,,59.4,0.95,smws,pending,NO_CHANGE
bfd02fd3-2f68-5494-89f2-8d9f5b3fe69b,region,,Highlands,0.95,smws,pending,CONFLICT
3b9fddcc-d2e8-5b32-b263-19521428b3fb,cask_type,,hogshead;refill,0.95,smws,pending,NO_CHANGE
3b9fddcc-d2e8-5b32-b263-19521428b3fb,age,,63.0,0.95,smws,pending,NO_CHANGE
3b9fddcc-d2e8-5b32-b263-19521428b3fb,abv,,58.7,0.95,smws,pending,NO_CHANGE
3b9fddcc-d2e8-5b32-b263-19521428b3fb,region,,Highlands,0.95,smws,pending,CONFLICT
87258de8-1942-558a-8918-53377ccb7bce,cask_type,,hogshead;refill,0.95,smws,pending,NO_CHANGE
87258de8-1942-558a-8918-53377ccb7bce,age,,16.0,0.95,smws,pending,NO_CHANGE
87258de8-1942-558a-8918-53377ccb7bce,abv,,57.4,0.95,smws,pending,NO_CHANGE
87258de8-1942-558a-8918-53377ccb7bce,region,,Speyside,0.95,smws,pending,NO_CHANGE
9cf39599-6bc3-555c-8a87-75fc94c81667,age,,17.0,0.95,smws,pending,NO_CHANGE
9cf39599-6bc3-555c-8a87-75fc94c81667,abv,,58.0,0.95,smws,pending,NO_CHANGE
9cf39599-6bc3-555c-8a87-75fc94c81667,region,,Speyside,0.95,smws,pending,NO_CHANGE
1aedd086-0004-5f82-be3f-ac59e247b290,cask_type,,hogshead;refill,0.95,smws,pending,NO_CHANGE
1aedd086-0004-5f82-be3f-ac59e247b290,age,,14.0,0.95,smws,pending,NO_CHANGE
1aedd086-0004-5f82-be3f-ac59e247b290,abv,,58.5,0.95,smws,pending,NO_CHANGE
1aedd086-0004-5f82-be3f-ac59e247b290,region,,Speyside,0.95,smws,pending,NO_CHANGE
89605e03-9f1d-56d7-a05f-d5715b3ee7d2,cask_type,,hogshead;refill,0.95,smws,pending,NO_CHANGE
89605e03-9f1d-56d7-a05f-d5715b3ee7d2,age,,14.0,0.95,smws,pending,NO_CHANGE
89605e03-9f1d-56d7-a05f-d5715b3ee7d2,abv,,58.0,0.95,smws,pending,NO_CHANGE
89605e03-9f1d-56d7-a05f-d5715b3ee7d2,region,,Speyside,0.95,smws,pending,NO_CHANGE
503ce28c-d1ed-54e5-aba5-eeb9bd1d271b,age,,23.0,0.95,smws,pending,NO_CHANGE
503ce28c-d1ed-54e5-aba5-eeb9bd1d271b,abv,,55.5,0.95,smws,pending,NO_CHANGE
503ce28c-d1ed-54e5-aba5-eeb9bd1d271b,region,,Highlands,0.95,smws,pending,CONFLICT
5d7620b8-8700-5341-8367-bdfc4c989ad4,cask_type,,hogshead;refill,0.95,smws,pending,NO_CHANGE
5d7620b8-8700-5341-8367-bdfc4c989ad4,age,,26.0,0.95,smws,pending,NO_CHANGE
5d7620b8-8700-5341-8367-bdfc4c989ad4,abv,,56.4,0.95,smws,pending,NO_CHANGE
5d7620b8-8700-5341-8367-bdfc4c989ad4,region,,Speyside,0.95,smws,pending,NO_CHANGE
4e6807e5-e7c8-5446-be82-a46029dbc2e3,cask_type,,butt;first-fill;sherry butt,0.95,smws,pending,NO_CHANGE
4e6807e5-e7c8-5446-be82-a46029dbc2e3,age,,13.0,0.95,smws,pending,NO_CHANGE
4e6807e5-e7c8-5446-be82-a46029dbc2e3,abv,,58.5,0.95,smws,pending,NO_CHANGE
4e6807e5-e7c8-5446-be82-a46029dbc2e3,region,,Speyside,0.95,smws,pending,NO_CHANGE
3c154b07-aca5-59ce-a677-a29b043b961a,cask_type,,hogshead;refill,0.95,smws,pending,NO_CHANGE
3c154b07-aca5-59ce-a677-a29b043b961a,age,,19.0,0.95,smws,pending,NO_CHANGE
3c154b07-aca5-59ce-a677-a29b043b961a,abv,,45.9,0.95,smws,pending,NO_CHANGE
3c154b07-aca5-59ce-a677-a29b043b961a,region,,Speyside,0.95,smws,pending,NO_CHANGE
96cb248e-106e-5cc5-aad7-a2e5f389bd62,cask_type,,hogshead;refill,0.95,smws,pending,NO_CHANGE
96cb248e-106e-5cc5-aad7-a2e5f389bd62,age,,28.0,0.95,smws,pending,NO_CHANGE
96cb248e-106e-5cc5-aad7-a2e5f389bd62,abv,,53.9,0.95,smws,pending,NO_CHANGE
96cb248e-106e-5cc5-aad7-a2e5f389bd62,region,,Speyside,0.95,smws,pending,NO_CHANGE
32be3d9b-413c-5cfc-a053-d8dbab8bcd60,cask_type,,hogshead;refill,0.95,smws,pending,NO_CHANGE
32be3d9b-413c-5cfc-a053-d8dbab8bcd60,age,,21.0,0.95,smws,pending,NO_CHANGE
32be3d9b-413c-5cfc-a053-d8dbab8bcd60,abv,,48.0,0.95,smws,pending,NO_CHANGE
32be3d9b-413c-5cfc-a053-d8dbab8bcd60,region,,Speyside,0.95,smws,pending,NO_CHANGE
5a823447-dca9-5d25-a2f0-edda49de4929,cask_type,,hogshead;refill,0.95,smws,pending,NO_CHANGE
5a823447-dca9-5d25-a2f0-edda49de4929,age,,22.0,0.95,smws,pending,NO_CHANGE
5a823447-dca9-5d25-a2f0-edda49de4929,abv,,46.7,0.95,smws,pending,NO_CHANGE
5a823447-dca9-5d25-a2f0-edda49de4929,region,,Speyside,0.95,smws,pending,NO_CHANGE
55a30f70-fd7e-5772-acce-9b00a08956ca,cask_type,,hogshead;refill,0.95,smws,pending,NO_CHANGE
55a30f70-fd7e-5772-acce-9b00a08956ca,age,,23.0,0.95,smws,pending,NO_CHANGE
55a30f70-fd7e-5772-acce-9b00a08956ca,abv,,49.5,0.95,smws,pending,NO_CHANGE
55a30f70-fd7e-5772-acce-9b00a08956ca,region,,Speyside,0.95,smws,pending,NO_CHANGE
adb7699c-9e1c-53fb-a00a-f42b32d75885,cask_type,,hogshead;refill,0.95,smws,pending,NO_CHANGE
adb7699c-9e1c-53fb-a00a-f42b32d75885,age,,29.0,0.95,smws,pending,NO_CHANGE
adb7699c-9e1c-53fb-a00a-f42b32d75885,abv,,57.9,0.95,smws,pending,NO_CHANGE
adb7699c-9e1c-53fb-a00a-f42b32d75885,region,,Speyside,0.95,smws,pending,NO_CHANGE
1fb8afd9-e89a-5435-8bcf-3ad839088a2b,cask_type,,hogshead;refill,0.95,smws,pending,NO_CHANGE
1fb8afd9-e89a-5435-8bcf-3ad839088a2b,age,,23.0,0.95,smws,pending,NO_CHANGE
1fb8afd9-e89a-5435-8bcf-3ad839088a2b,abv,,44.7,0.95,smws,pending,NO_CHANGE
1fb8afd9-e89a-5435-8bcf-3ad839088a2b,region,,Speyside,0.95,smws,pending,NO_CHANGE
54f8070c-a704-56c2-928b-ab0ca9731805,cask_type,,refill,0.95,smws,pending,NO_CHANGE
54f8070c-a704-56c2-928b-ab0ca9731805,age,,9.0,0.95,smws,pending,NO_CHANGE
54f8070c-a704-56c2-928b-ab0ca9731805,abv,,61.2,0.95,smws,pending,NO_CHANGE
54f8070c-a704-56c2-928b-ab0ca9731805,region,,Speyside,0.95,smws,pending,NO_CHANGE
6efe3504-3026-5aa6-ad5a-aa317e561375,cask_type,,hogshead;refill,0.95,smws,pending,NO_CHANGE
6efe3504-3026-5aa6-ad5a-aa317e561375,age,,23.0,0.95,smws,pending,NO_CHANGE
6efe3504-3026-5aa6-ad5a-aa317e561375,abv,,59.1,0.95,smws,pending,NO_CHANGE
6efe3504-3026-5aa6-ad5a-aa317e561375,region,,Speyside,0.95,smws,pending,NO_CHANGE
859e54f2-410c-5b36-925c-5edd44d347f1,cask_type,,hogshead;refill,0.95,smws,pending,NO_CHANGE
859e54f2-410c-5b36-925c-5edd44d347f1,age,,23.0,0.95,smws,pending,NO_CHANGE
859e54f2-410c-5b36-925c-5edd44d347f1,abv,,58.9,0.95,smws,pending,NO_CHANGE
859e54f2-410c-5b36-925c-5edd44d347f1,region,,Speyside,0.95,smws,pending,NO_CHANGE
f436ba72-8ca2-5aaf-82e6-886efe2603b2,cask_type,,hogshead;refill,0.95,smws,pending,NO_CHANGE
f436ba72-8ca2-5aaf-82e6-886efe2603b2,age,,28.0,0.95,smws,pending,NO_CHANGE
f436ba72-8ca2-5aaf-82e6-886efe2603b2,abv,,55.3,0.95,smws,pending,NO_CHANGE
f436ba72-8ca2-5aaf-82e6-886efe2603b2,region,,Speyside,0.95,smws,pending,NO_CHANGE
3664b0f4-08fe-50d0-85cb-40ea92995cfb,cask_type,,first-fill,0.95,smws,pending,NO_CHANGE
3664b0f4-08fe-50d0-85cb-40ea92995cfb,age,,7.0,0.95,smws,pending,NO_CHANGE
3664b0f4-08fe-50d0-85cb-40ea92995cfb,abv,,62.5,0.95,smws,pending,NO_CHANGE
3664b0f4-08fe-50d0-85cb-40ea92995cfb,region,,Speyside,0.95,smws,pending,NO_CHANGE
aaa00244-00d2-5dba-9fb4-db4a209b835a,cask_type,,butt;sherry butt,0.95,smws,pending,NO_CHANGE
aaa00244-00d2-5dba-9fb4-db4a209b835a,age,,30.0,0.95,smws,pending,NO_CHANGE
aaa00244-00d2-5dba-9fb4-db4a209b835a,abv,,50.9,0.95,smws,pending,NO_CHANGE
aaa00244-00d2-5dba-9fb4-db4a209b835a,region,,Speyside,0.95,smws,pending,NO_CHANGE
3a42ba7c-6d46-5712-bc9a-a00ac2a96d79,cask_type,,hogshead;refill,0.95,smws,pending,NO_CHANGE
3a42ba7c-6d46-5712-bc9a-a00ac2a96d79,age,,30.0,0.95,smws,pending,NO_CHANGE
3a42ba7c-6d46-5712-bc9a-a00ac2a96d79,abv,,53.5,0.95,smws,pending,NO_CHANGE
3a42ba7c-6d46-5712-bc9a-a00ac2a96d79,region,,Speyside,0.95,smws,pending,NO_CHANGE
f39ecaf0-c8a9-58d1-b69c-de2bd508682e,cask_type,,hogshead;refill,0.95,smws,pending,NO_CHANGE
f39ecaf0-c8a9-58d1-b69c-de2bd508682e,age,,21.0,0.95,smws,pending,NO_CHANGE
f39ecaf0-c8a9-58d1-b69c-de2bd508682e,abv,,57.1,0.95,smws,pending,NO_CHANGE
f39ecaf0-c8a9-58d1-b69c-de2bd508682e,region,,Speyside,0.95,smws,pending,NO_CHANGE
56d18e9e-213a-59c7-9033-3d6fdca3d67b,cask_type,,first-fill barrel,0.95,smws,pending,NO_CHANGE
56d18e9e-213a-59c7-9033-3d6fdca3d67b,age,,8.0,0.95,smws,pending,NO_CHANGE
56d18e9e-213a-59c7-9033-3d6fdca3d67b,abv,,58.7,0.95,smws,pending,NO_CHANGE
56d18e9e-213a-59c7-9033-3d6fdca3d67b,region,,Speyside,0.95,smws,pending,NO_CHANGE
7bf5a7d9-12b0-51b3-86a3-341e9899ca3d,cask_type,,hogshead;refill,0.95,smws,pending,NO_CHANGE
7bf5a7d9-12b0-51b3-86a3-341e9899ca3d,age,,24.0,0.95,smws,pending,NO_CHANGE
7bf5a7d9-12b0-51b3-86a3-341e9899ca3d,abv,,46.4,0.95,smws,pending,NO_CHANGE
7bf5a7d9-12b0-51b3-86a3-341e9899ca3d,region,,Speyside,0.95,smws,pending,NO_CHANGE
917d22c8-e7d3-528e-a919-fa72e1da304f,cask_type,,first-fill barrel,0.95,smws,pending,NO_CHANGE
917d22c8-e7d3-528e-a919-fa72e1da304f,age,,10.0,0.95,smws,pending,NO_CHANGE
917d22c8-e7d3-528e-a919-fa72e1da304f,abv,,61.5,0.95,smws,pending,NO_CHANGE
917d22c8-e7d3-528e-a919-fa72e1da304f,region,,Speyside,0.95,smws,pending,NO_CHANGE
509c177d-1834-57d9-a630-68ddacb1fef9,cask_type,,hogshead;refill,0.95,smws,pending,NO_CHANGE
509c177d-1834-57d9-a630-68ddacb1fef9,age,,33.0,0.95,smws,pending,NO_CHANGE
509c177d-1834-57d9-a630-68ddacb1fef9,abv,,51.5,0.95,smws,pending,NO_CHANGE
509c177d-1834-57d9-a630-68ddacb1fef9,region,,Speyside,0.95,smws,pending,NO_CHANGE
c1660acc-a4e8-5d22-92b8-30e894298475,cask_type,,first-fill barrel,0.95,smws,pending,NO_CHANGE
c1660acc-a4e8-5d22-92b8-30e894298475,age,,11.0,0.95,smws,pending,NO_CHANGE
c1660acc-a4e8-5d22-92b8-30e894298475,abv,,60.3,0.95,smws,pending,NO_CHANGE
c1660acc-a4e8-5d22-92b8-30e894298475,region,,Speyside,0.95,smws,pending,NO_CHANGE
296c029e-4113-5088-991a-02682c7f36dd,cask_type,,hogshead;refill,0.95,smws,pending,NO_CHANGE
296c029e-4113-5088-991a-02682c7f36dd,age,,30.0,0.95,smws,pending,NO_CHANGE
296c029e-4113-5088-991a-02682c7f36dd,abv,,53.7,0.95,smws,pending,NO_CHANGE
296c029e-4113-5088-991a-02682c7f36dd,region,,Speyside,0.95,smws,pending,NO_CHANGE
1df09e00-8b48-5308-ba93-f961345c7edc,cask_type,,first-fill barrel,0.95,smws,pending,NO_CHANGE
1df09e00-8b48-5308-ba93-f961345c7edc,age,,11.0,0.95,smws,pending,NO_CHANGE
1df09e00-8b48-5308-ba93-f961345c7edc,abv,,59.5,0.95,smws,pending,NO_CHANGE
1df09e00-8b48-5308-ba93-f961345c7edc,region,,Speyside,0.95,smws,pending,NO_CHANGE
f7887fcd-a423-5627-9b75-3a971f7c1534,cask_type,,refill,0.95,smws,pending,NO_CHANGE
f7887fcd-a423-5627-9b75-3a971f7c1534,age,,7.0,0.95,smws,pending,NO_CHANGE
f7887fcd-a423-5627-9b75-3a971f7c1534,abv,,62.7,0.95,smws,pending,NO_CHANGE
f7887fcd-a423-5627-9b75-3a971f7c1534,region,,Highland,0.95,smws,pending,NO_CHANGE
18f7886d-5a8a-55c3-98fc-877e21cecacc,cask_type,,hogshead;refill,0.95,smws,pending,NO_CHANGE
18f7886d-5a8a-55c3-98fc-877e21cecacc,age,,9.0,0.95,smws,pending,NO_CHANGE
18f7886d-5a8a-55c3-98fc-877e21cecacc,region,,Highland,0.95,smws,pending,NO_CHANGE
34f2f60a-8227-5f1b-b352-0882b09cff3c,cask_type,,hogshead;refill,0.95,smws,pending,NO_CHANGE
34f2f60a-8227-5f1b-b352-0882b09cff3c,age,,9.0,0.95,smws,pending,NO_CHANGE
34f2f60a-8227-5f1b-b352-0882b09cff3c,abv,,60.9,0.95,smws,pending,NO_CHANGE
34f2f60a-8227-5f1b-b352-0882b09cff3c,region,,Highland,0.95,smws,pending,NO_CHANGE
e07d0d92-5962-5e73-83ec-3bbdeca8d21c,cask_type,,refill,0.95,smws,pending,NO_CHANGE
e07d0d92-5962-5e73-83ec-3bbdeca8d21c,age,,9.0,0.95,smws,pending,NO_CHANGE
e07d0d92-5962-5e73-83ec-3bbdeca8d21c,abv,,58.2,0.95,smws,pending,NO_CHANGE
e07d0d92-5962-5e73-83ec-3bbdeca8d21c,region,,Highland,0.95,smws,pending,NO_CHANGE
666fcc89-034e-57b3-aaa8-c48bab6959e4,cask_type,,refill,0.95,smws,pending,NO_CHANGE
666fcc89-034e-57b3-aaa8-c48bab6959e4,age,,10.0,0.95,smws,pending,CONFLICT
666fcc89-034e-57b3-aaa8-c48bab6959e4,abv,,61.9,0.95,smws,pending,NO_CHANGE
666fcc89-034e-57b3-aaa8-c48bab6959e4,region,,Highland,0.95,smws,pending,NO_CHANGE
59761d20-d362-5720-ba97-1e8d1bf89362,age,,26.0,0.95,smws,pending,NO_CHANGE
59761d20-d362-5720-ba97-1e8d1bf89362,abv,,56.1,0.95,smws,pending,NO_CHANGE
59761d20-d362-5720-ba97-1e8d1bf89362,region,,Islay,0.95,smws,pending,CONFLICT
8ad5b983-e855-57fb-8289-a246738d047a,age,,24.0,0.95,smws,pending,NO_CHANGE
8ad5b983-e855-57fb-8289-a246738d047a,abv,,58.1,0.95,smws,pending,NO_CHANGE
8ad5b983-e855-57fb-8289-a246738d047a,region,,Highlands,0.95,smws,pending,CONFLICT
44928acd-7487-5a57-b1cf-453f11087454,cask_type,,refill,0.95,smws,pending,NO_CHANGE
44928acd-7487-5a57-b1cf-453f11087454,age,,15.0,0.95,smws,pending,NO_CHANGE
44928acd-7487-5a57-b1cf-453f11087454,abv,,58.0,0.95,smws,pending,NO_CHANGE
44928acd-7487-5a57-b1cf-453f11087454,region,,Speyside,0.95,smws,pending,NO_CHANGE
37f64680-31f6-57a9-ba7c-ada049149bf6,cask_type,,hogshead;refill,0.95,smws,pending,NO_CHANGE
37f64680-31f6-57a9-ba7c-ada049149bf6,age,,15.0,0.95,smws,pending,NO_CHANGE
37f64680-31f6-57a9-ba7c-ada049149bf6,abv,,59.4,0.95,smws,pending,NO_CHANGE
37f64680-31f6-57a9-ba7c-ada049149bf6,region,,Speyside,0.95,smws,pending,NO_CHANGE
83c97133-df0a-53b7-9681-48c21b7d5794,cask_type,,butt;sherry butt,0.95,smws,pending,NO_CHANGE
83c97133-df0a-53b7-9681-48c21b7d5794,age,,11.0,0.95,smws,pending,NO_CHANGE
83c97133-df0a-53b7-9681-48c21b7d5794,abv,,60.6,0.95,smws,pending,NO_CHANGE
83c97133-df0a-53b7-9681-48c21b7d5794,region,,Speyside,0.95,smws,pending,NO_CHANGE
91c92fe2-775c-519e-b6ac-581d2cfbb898,cask_type,,butt;sherry butt,0.95,smws,pending,NO_CHANGE
91c92fe2-775c-519e-b6ac-581d2cfbb898,age,,11.0,0.95,smws,pending,NO_CHANGE
91c92fe2-775c-519e-b6ac-581d2cfbb898,abv,,58.7,0.95,smws,pending,NO_CHANGE
91c92fe2-775c-519e-b6ac-581d2cfbb898,region,,Speyside,0.95,smws,pending,NO_CHANGE
a92672e0-aa52-506e-8a34-918103f6cf30,cask_type,,hogshead;refill,0.95,smws,pending,NO_CHANGE
a92672e0-aa52-506e-8a34-918103f6cf30,age,,22.0,0.95,smws,pending,NO_CHANGE
a92672e0-aa52-506e-8a34-918103f6cf30,abv,,53.7,0.95,smws,pending,NO_CHANGE
a92672e0-aa52-506e-8a34-918103f6cf30,region,,Speyside,0.95,smws,pending,NO_CHANGE
6f5d57e1-9efa-5810-8ea2-e4eb7188c876,cask_type,,hogshead;refill,0.95,smws,pending,NO_CHANGE
6f5d57e1-9efa-5810-8ea2-e4eb7188c876,age,,22.0,0.95,smws,pending,NO_CHANGE
6f5d57e1-9efa-5810-8ea2-e4eb7188c876,abv,,52.9,0.95,smws,pending,NO_CHANGE
6f5d57e1-9efa-5810-8ea2-e4eb7188c876,region,,Speyside,0.95,smws,pending,NO_CHANGE
4da4e3a7-11ef-5569-8929-0446461c150c,cask_type,,butt;refill,0.95,smws,pending,NO_CHANGE
4da4e3a7-11ef-5569-8929-0446461c150c,age,,13.0,0.95,smws,pending,NO_CHANGE
4da4e3a7-11ef-5569-8929-0446461c150c,abv,,59.1,0.95,smws,pending,NO_CHANGE
4da4e3a7-11ef-5569-8929-0446461c150c,region,,Speyside,0.95,smws,pending,NO_CHANGE
8cfae60b-1520-5fac-9194-7bbbf4582a72,cask_type,,hogshead;refill,0.95,smws,pending,NO_CHANGE
8cfae60b-1520-5fac-9194-7bbbf4582a72,age,,23.0,0.95,smws,pending,NO_CHANGE
8cfae60b-1520-5fac-9194-7bbbf4582a72,abv,,51.4,0.95,smws,pending,NO_CHANGE
8cfae60b-1520-5fac-9194-7bbbf4582a72,region,,Speyside,0.95,smws,pending,NO_CHANGE
fc05742a-2324-55aa-9157-91546ef3f295,cask_type,,butt;refill,0.95,smws,pending,NO_CHANGE
fc05742a-2324-55aa-9157-91546ef3f295,age,,14.0,0.95,smws,pending,NO_CHANGE
fc05742a-2324-55aa-9157-91546ef3f295,abv,,56.9,0.95,smws,pending,NO_CHANGE
fc05742a-2324-55aa-9157-91546ef3f295,region,,Speyside,0.95,smws,pending,NO_CHANGE
b0eda85a-3cd3-5a21-b3d3-a437d1c55364,cask_type,,butt;refill,0.95,smws,pending,NO_CHANGE
b0eda85a-3cd3-5a21-b3d3-a437d1c55364,age,,15.0,0.95,smws,pending,NO_CHANGE
b0eda85a-3cd3-5a21-b3d3-a437d1c55364,abv,,55.4,0.95,smws,pending,NO_CHANGE
b0eda85a-3cd3-5a21-b3d3-a437d1c55364,region,,Speyside,0.95,smws,pending,NO_CHANGE
6e718c30-489c-5113-b724-d7c3e4a45079,cask_type,,hogshead;refill,0.95,smws,pending,NO_CHANGE
6e718c30-489c-5113-b724-d7c3e4a45079,age,,24.0,0.95,smws,pending,NO_CHANGE
6e718c30-489c-5113-b724-d7c3e4a45079,abv,,52.4,0.95,smws,pending,NO_CHANGE
6e718c30-489c-5113-b724-d7c3e4a45079,region,,Speyside,0.95,smws,pending,NO_CHANGE
19a52edc-7bd3-5c11-9eb0-41f401d73c85,cask_type,,hogshead;refill,0.95,smws,pending,NO_CHANGE
19a52edc-7bd3-5c11-9eb0-41f401d73c85,age,,25.0,0.95,smws,pending,NO_CHANGE
19a52edc-7bd3-5c11-9eb0-41f401d73c85,abv,,52.2,0.95,smws,pending,NO_CHANGE
19a52edc-7bd3-5c11-9eb0-41f401d73c85,region,,Speyside,0.95,smws,pending,NO_CHANGE
086f622f-b23c-508d-b448-8218aec33aea,age,,15.0,0.95,smws,pending,NO_CHANGE
086f622f-b23c-508d-b448-8218aec33aea,abv,,52.2,0.95,smws,pending,NO_CHANGE
086f622f-b23c-508d-b448-8218aec33aea,region,,Highlands,0.95,smws,pending,CONFLICT
9760d26e-28f1-57a7-baf2-b5b089d7e38f,cask_type,,refill,0.95,smws,pending,NO_CHANGE
9760d26e-28f1-57a7-baf2-b5b089d7e38f,age,,16.0,0.95,smws,pending,NO_CHANGE
9760d26e-28f1-57a7-baf2-b5b089d7e38f,abv,,52.2,0.95,smws,pending,NO_CHANGE
9760d26e-28f1-57a7-baf2-b5b089d7e38f,region,,Speyside,0.95,smws,pending,NO_CHANGE
41ff30fe-8319-5774-bd9c-ec01fb9413ab,cask_type,,butt;refill,0.95,smws,pending,NO_CHANGE
41ff30fe-8319-5774-bd9c-ec01fb9413ab,age,,11.0,0.95,smws,pending,NO_CHANGE
41ff30fe-8319-5774-bd9c-ec01fb9413ab,abv,,60.9,0.95,smws,pending,NO_CHANGE
41ff30fe-8319-5774-bd9c-ec01fb9413ab,region,,Speyside,0.95,smws,pending,NO_CHANGE
0330f875-4590-5a45-8118-45f2af3b64c9,cask_type,,hogshead;refill,0.95,smws,pending,NO_CHANGE
0330f875-4590-5a45-8118-45f2af3b64c9,age,,12.0,0.95,smws,pending,NO_CHANGE
0330f875-4590-5a45-8118-45f2af3b64c9,abv,,52.6,0.95,smws,pending,NO_CHANGE
0330f875-4590-5a45-8118-45f2af3b64c9,region,,Speyside,0.95,smws,pending,NO_CHANGE
98e75ccb-c392-5a4a-8ec4-5d6e1a2784b2,cask_type,,butt;refill,0.95,smws,pending,NO_CHANGE
98e75ccb-c392-5a4a-8ec4-5d6e1a2784b2,age,,12.0,0.95,smws,pending,NO_CHANGE
98e75ccb-c392-5a4a-8ec4-5d6e1a2784b2,abv,,60.5,0.95,smws,pending,NO_CHANGE
98e75ccb-c392-5a4a-8ec4-5d6e1a2784b2,region,,Speyside,0.95,smws,pending,NO_CHANGE
abce6bf1-3c63-5b38-a750-df2b8cca014a,cask_type,,hogshead;refill,0.95,smws,pending,NO_CHANGE
abce6bf1-3c63-5b38-a750-df2b8cca014a,age,,14.0,0.95,smws,pending,NO_CHANGE
abce6bf1-3c63-5b38-a750-df2b8cca014a,abv,,59.1,0.95,smws,pending,NO_CHANGE
abce6bf1-3c63-5b38-a750-df2b8cca014a,region,,Speyside,0.95,smws,pending,NO_CHANGE
cc6f4607-d430-5bd9-8bf3-3236889b6800,cask_type,,hogshead;refill,0.95,smws,pending,NO_CHANGE
cc6f4607-d430-5bd9-8bf3-3236889b6800,age,,14.0,0.95,smws,pending,NO_CHANGE
cc6f4607-d430-5bd9-8bf3-3236889b6800,abv,,58.6,0.95,smws,pending,NO_CHANGE
cc6f4607-d430-5bd9-8bf3-3236889b6800,region,,Speyside,0.95,smws,pending,NO_CHANGE
bde62812-00f3-515a-897a-62a179eb64f1,cask_type,,hogshead;refill,0.95,smws,pending,NO_CHANGE
bde62812-00f3-515a-897a-62a179eb64f1,age,,22.0,0.95,smws,pending,NO_CHANGE
bde62812-00f3-515a-897a-62a179eb64f1,abv,,54.2,0.95,smws,pending,NO_CHANGE
bde62812-00f3-515a-897a-62a179eb64f1,region,,Speyside,0.95,smws,pending,NO_CHANGE
385b565a-6903-51c9-bf5c-1e19576e6618,cask_type,,first-fill,0.95,smws,pending,NO_CHANGE
385b565a-6903-51c9-bf5c-1e19576e6618,age,,9.0,0.95,smws,pending,NO_CHANGE
385b565a-6903-51c9-bf5c-1e19576e6618,abv,,60.8,0.95,smws,pending,NO_CHANGE
385b565a-6903-51c9-bf5c-1e19576e6618,region,,Speyside,0.95,smws,pending,NO_CHANGE
2585098f-b06e-5895-89b3-98a27389428b,cask_type,,first-fill,0.95,smws,pending,NO_CHANGE
2585098f-b06e-5895-89b3-98a27389428b,age,,10.0,0.95,smws,pending,NO_CHANGE
2585098f-b06e-5895-89b3-98a27389428b,abv,,60.5,0.95,smws,pending,NO_CHANGE
2585098f-b06e-5895-89b3-98a27389428b,region,,Speyside,0.95,smws,pending,NO_CHANGE
3762f537-f9cd-5c03-a7de-089b3027e9b4,cask_type,,hogshead;refill,0.95,smws,pending,NO_CHANGE
3762f537-f9cd-5c03-a7de-089b3027e9b4,age,,22.0,0.95,smws,pending,NO_CHANGE
3762f537-f9cd-5c03-a7de-089b3027e9b4,abv,,49.3,0.95,smws,pending,NO_CHANGE
3762f537-f9cd-5c03-a7de-089b3027e9b4,region,,Speyside,0.95,smws,pending,NO_CHANGE
028e1935-5750-5873-aecc-57af34268a7a,cask_type,,butt;refill,0.95,smws,pending,NO_CHANGE
028e1935-5750-5873-aecc-57af34268a7a,age,,23.0,0.95,smws,pending,NO_CHANGE
028e1935-5750-5873-aecc-57af34268a7a,abv,,50.5,0.95,smws,pending,NO_CHANGE
028e1935-5750-5873-aecc-57af34268a7a,region,,Speyside,0.95,smws,pending,NO_CHANGE
8cdf2bea-62dc-5dbf-a052-175b93919b7e,cask_type,,first-fill barrel,0.95,smws,pending,NO_CHANGE
8cdf2bea-62dc-5dbf-a052-175b93919b7e,age,,12.0,0.95,smws,pending,NO_CHANGE
8cdf2bea-62dc-5dbf-a052-175b93919b7e,abv,,61.0,0.95,smws,pending,NO_CHANGE
8cdf2bea-62dc-5dbf-a052-175b93919b7e,region,,Speyside,0.95,smws,pending,NO_CHANGE
4a5092b0-82c8-50a0-a478-dc77819b2261,cask_type,,first-fill barrel,0.95,smws,pending,NO_CHANGE
4a5092b0-82c8-50a0-a478-dc77819b2261,age,,9.0,0.95,smws,pending,NO_CHANGE
4a5092b0-82c8-50a0-a478-dc77819b2261,abv,,63.3,0.95,smws,pending,NO_CHANGE
4a5092b0-82c8-50a0-a478-dc77819b2261,region,,Speyside,0.95,smws,pending,NO_CHANGE
fcfad8c4-ad35-5ff7-b276-06d068b48bfc,cask_type,,first-fill barrel,0.95,smws,pending,NO_CHANGE
fcfad8c4-ad35-5ff7-b276-06d068b48bfc,age,,9.0,0.95,smws,pending,NO_CHANGE
fcfad8c4-ad35-5ff7-b276-06d068b48bfc,abv,,58.6,0.95,smws,pending,NO_CHANGE
fcfad8c4-ad35-5ff7-b276-06d068b48bfc,region,,Speyside,0.95,smws,pending,NO_CHANGE
0fba713a-af35-524d-94a7-a7516e0aa71b,cask_type,,hogshead;refill,0.95,smws,pending,NO_CHANGE
0fba713a-af35-524d-94a7-a7516e0aa71b,age,,25.0,0.95,smws,pending,NO_CHANGE
0fba713a-af35-524d-94a7-a7516e0aa71b,abv,,48.3,0.95,smws,pending,NO_CHANGE
0fba713a-af35-524d-94a7-a7516e0aa71b,region,,Speyside,0.95,smws,pending,NO_CHANGE
9fb26511-7b59-5f7b-a6a3-57fb3509a5c2,cask_type,,first-fill barrel,0.95,smws,pending,NO_CHANGE
9fb26511-7b59-5f7b-a6a3-57fb3509a5c2,age,,10.0,0.95,smws,pending,NO_CHANGE
9fb26511-7b59-5f7b-a6a3-57fb3509a5c2,abv,,56.7,0.95,smws,pending,NO_CHANGE
9fb26511-7b59-5f7b-a6a3-57fb3509a5c2,region,,Speyside,0.95,smws,pending,NO_CHANGE
1e41f13d-f274-594e-ab20-a9cf6666c04c,cask_type,,first-fill barrel,0.95,smws,pending,NO_CHANGE
1e41f13d-f274-594e-ab20-a9cf6666c04c,age,,12.0,0.95,smws,pending,NO_CHANGE
1e41f13d-f274-594e-ab20-a9cf6666c04c,abv,,55.5,0.95,smws,pending,NO_CHANGE
1e41f13d-f274-594e-ab20-a9cf6666c04c,region,,Speyside,0.95,smws,pending,NO_CHANGE
77eb1e93-718c-5ae5-a01b-70ae954fdf26,cask_type,,first-fill barrel,0.95,smws,pending,NO_CHANGE
77eb1e93-718c-5ae5-a01b-70ae954fdf26,age,,12.0,0.95,smws,pending,NO_CHANGE
77eb1e93-718c-5ae5-a01b-70ae954fdf26,abv,,57.4,0.95,smws,pending,NO_CHANGE
77eb1e93-718c-5ae5-a01b-70ae954fdf26,region,,Speyside,0.95,smws,pending,NO_CHANGE
4302fa92-9ccc-562b-91e1-e9f1c0c9ab5e,cask_type,,first-fill barrel usa allocation,0.95,smws,pending,NO_CHANGE
4302fa92-9ccc-562b-91e1-e9f1c0c9ab5e,age,,13.0,0.95,smws,pending,NO_CHANGE
4302fa92-9ccc-562b-91e1-e9f1c0c9ab5e,abv,,56.9,0.95,smws,pending,NO_CHANGE
4302fa92-9ccc-562b-91e1-e9f1c0c9ab5e,region,,Speyside,0.95,smws,pending,NO_CHANGE
806765a7-c962-5e8b-a05a-442a8ac49e72,cask_type,,first-fill barrel,0.95,smws,pending,NO_CHANGE
806765a7-c962-5e8b-a05a-442a8ac49e72,age,,12.0,0.95,smws,pending,NO_CHANGE
806765a7-c962-5e8b-a05a-442a8ac49e72,region,,Speyside,0.95,smws,pending,NO_CHANGE
db0e5646-1718-57e5-adc8-103b3cea1870,age,,26.0,0.95,smws,pending,NO_CHANGE
db0e5646-1718-57e5-adc8-103b3cea1870,abv,,59.1,0.95,smws,pending,NO_CHANGE
db0e5646-1718-57e5-adc8-103b3cea1870,region,,Lowlands,0.95,smws,pending,CONFLICT
b37d3fd8-5f0f-50c9-9636-2be8259c829d,age,,17.0,0.95,smws,pending,NO_CHANGE
b37d3fd8-5f0f-50c9-9636-2be8259c829d,abv,,56.2,0.95,smws,pending,NO_CHANGE
b37d3fd8-5f0f-50c9-9636-2be8259c829d,region,,Lowlands,0.95,smws,pending,CONFLICT
2d15eb2d-320f-57ab-ba20-dda7d78f7730,cask_type,,refill,0.95,smws,pending,NO_CHANGE
2d15eb2d-320f-57ab-ba20-dda7d78f7730,age,,19.0,0.95,smws,pending,NO_CHANGE
2d15eb2d-320f-57ab-ba20-dda7d78f7730,abv,,58.5,0.95,smws,pending,NO_CHANGE
96a19d62-b912-5171-9419-1da846c9bd29,cask_type,,hogshead;refill,0.95,smws,pending,NO_CHANGE
96a19d62-b912-5171-9419-1da846c9bd29,age,,18.0,0.95,smws,pending,NO_CHANGE
96a19d62-b912-5171-9419-1da846c9bd29,abv,,56.9,0.95,smws,pending,NO_CHANGE
85a69fd7-65cf-5639-9e85-c33d8d586cd5,cask_type,,refill,0.95,smws,pending,NO_CHANGE
85a69fd7-65cf-5639-9e85-c33d8d586cd5,age,,20.0,0.95,smws,pending,NO_CHANGE
85a69fd7-65cf-5639-9e85-c33d8d586cd5,abv,,49.2,0.95,smws,pending,NO_CHANGE
7b834e94-e90f-51b3-a140-0ac49ac6b29e,cask_type,,hogshead;refill,0.95,smws,pending,NO_CHANGE
7b834e94-e90f-51b3-a140-0ac49ac6b29e,age,,21.0,0.95,smws,pending,NO_CHANGE
7b834e94-e90f-51b3-a140-0ac49ac6b29e,abv,,54.6,0.95,smws,pending,NO_CHANGE
5747bc85-3f45-5b79-9935-9e6f7000de43,cask_type,,refill,0.95,smws,pending,NO_CHANGE
5747bc85-3f45-5b79-9935-9e6f7000de43,age,,21.0,0.95,smws,pending,NO_CHANGE
5747bc85-3f45-5b79-9935-9e6f7000de43,abv,,55.8,0.95,smws,pending,NO_CHANGE
5747bc85-3f45-5b79-9935-9e6f7000de43,region,,Lowland,0.95,smws,pending,NO_CHANGE
b9b1b2a7-2510-5e08-a167-47d71fe5a30f,cask_type,,refill,0.95,smws,pending,NO_CHANGE
b9b1b2a7-2510-5e08-a167-47d71fe5a30f,age,,22.0,0.95,smws,pending,NO_CHANGE
b9b1b2a7-2510-5e08-a167-47d71fe5a30f,abv,,55.8,0.95,smws,pending,NO_CHANGE
b9b1b2a7-2510-5e08-a167-47d71fe5a30f,region,,Lowland,0.95,smws,pending,NO_CHANGE
9d6a8a28-1dfa-54f3-a920-47bdd79a7d92,cask_type,,refill,0.95,smws,pending,NO_CHANGE
9d6a8a28-1dfa-54f3-a920-47bdd79a7d92,age,,23.0,0.95,smws,pending,NO_CHANGE
9d6a8a28-1dfa-54f3-a920-47bdd79a7d92,abv,,60.3,0.95,smws,pending,NO_CHANGE
9d6a8a28-1dfa-54f3-a920-47bdd79a7d92,region,,Lowland,0.95,smws,pending,NO_CHANGE
cc5132bb-137d-57d7-a5ea-b0502b379678,cask_type,,refill,0.95,smws,pending,NO_CHANGE
cc5132bb-137d-57d7-a5ea-b0502b379678,age,,25.0,0.95,smws,pending,NO_CHANGE
cc5132bb-137d-57d7-a5ea-b0502b379678,abv,,54.5,0.95,smws,pending,NO_CHANGE
cc5132bb-137d-57d7-a5ea-b0502b379678,region,,Lowland,0.95,smws,pending,NO_CHANGE
6fc337aa-39e2-54cc-a083-2b8464220478,cask_type,,refill,0.95,smws,pending,NO_CHANGE
6fc337aa-39e2-54cc-a083-2b8464220478,age,,24.0,0.95,smws,pending,NO_CHANGE
6fc337aa-39e2-54cc-a083-2b8464220478,abv,,59.5,0.95,smws,pending,NO_CHANGE
6fc337aa-39e2-54cc-a083-2b8464220478,region,,Lowland,0.95,smws,pending,NO_CHANGE
843738ae-7af0-5796-bed4-c230cc9a7488,cask_type,,refill,0.95,smws,pending,NO_CHANGE
843738ae-7af0-5796-bed4-c230cc9a7488,age,,25.0,0.95,smws,pending,NO_CHANGE
843738ae-7af0-5796-bed4-c230cc9a7488,abv,,56.2,0.95,smws,pending,NO_CHANGE
843738ae-7af0-5796-bed4-c230cc9a7488,region,,Lowland,0.95,smws,pending,NO_CHANGE
1a8d9905-b697-58f1-a50c-51c0d6a294bc,cask_type,,refill,0.95,smws,pending,NO_CHANGE
1a8d9905-b697-58f1-a50c-51c0d6a294bc,age,,25.0,0.95,smws,pending,NO_CHANGE
1a8d9905-b697-58f1-a50c-51c0d6a294bc,abv,,54.2,0.95,smws,pending,NO_CHANGE
1a8d9905-b697-58f1-a50c-51c0d6a294bc,region,,Lowland,0.95,smws,pending,NO_CHANGE
b9778eda-edf4-5da4-b948-87579eeac70a,age,,24.0,0.95,smws,pending,NO_CHANGE
b9778eda-edf4-5da4-b948-87579eeac70a,abv,,59.7,0.95,smws,pending,NO_CHANGE
b9778eda-edf4-5da4-b948-87579eeac70a,region,,Lowland,0.95,smws,pending,NO_CHANGE
5ac41468-15ed-5bce-b57d-aa2efe76dd3d,cask_type,,refill,0.95,smws,pending,NO_CHANGE
5ac41468-15ed-5bce-b57d-aa2efe76dd3d,age,,13.0,0.95,smws,pending,NO_CHANGE
5ac41468-15ed-5bce-b57d-aa2efe76dd3d,abv,,64.7,0.95,smws,pending,NO_CHANGE
5ac41468-15ed-5bce-b57d-aa2efe76dd3d,region,,Highland,0.95,smws,pending,NO_CHANGE
c8ff908b-57c0-53c0-b4eb-e4b937c96110,age,,8.0,0.95,smws,pending,NO_CHANGE
c8ff908b-57c0-53c0-b4eb-e4b937c96110,abv,,59.5,0.95,smws,pending,NO_CHANGE
c8ff908b-57c0-53c0-b4eb-e4b937c96110,region,,Islay,0.95,smws,pending,CONFLICT
e00d6a82-80c7-54ef-a39f-2385bd7c897d,age,,10.0,0.95,smws,pending,NO_CHANGE
e00d6a82-80c7-54ef-a39f-2385bd7c897d,abv,,59.9,0.95,smws,pending,NO_CHANGE
e00d6a82-80c7-54ef-a39f-2385bd7c897d,region,,Islay,0.95,smws,pending,CONFLICT
777cbd6e-d905-579d-8cd1-64058dccc1f2,age,,15.0,0.95,smws,pending,NO_CHANGE
777cbd6e-d905-579d-8cd1-64058dccc1f2,abv,,54.5,0.95,smws,pending,NO_CHANGE
777cbd6e-d905-579d-8cd1-64058dccc1f2,region,,Islay,0.95,smws,pending,CONFLICT
9389b180-caad-501a-a44b-06d1f2630566,age,,15.0,0.95,smws,pending,NO_CHANGE
9389b180-caad-501a-a44b-06d1f2630566,abv,,55.2,0.95,smws,pending,NO_CHANGE
9389b180-caad-501a-a44b-06d1f2630566,region,,Islay,0.95,smws,pending,CONFLICT
39b08c20-64b4-5898-b4f0-728abaf561c2,cask_type,,hogshead;refill,0.95,smws,pending,NO_CHANGE
39b08c20-64b4-5898-b4f0-728abaf561c2,age,,19.0,0.95,smws,pending,NO_CHANGE
39b08c20-64b4-5898-b4f0-728abaf561c2,abv,,55.2,0.95,smws,pending,NO_CHANGE
39b08c20-64b4-5898-b4f0-728abaf561c2,region,,Islay,0.95,smws,pending,NO_CHANGE
e3910df1-672f-5b6a-be82-2d202c566e4b,cask_type,,hogshead;refill,0.95,smws,pending,NO_CHANGE
e3910df1-672f-5b6a-be82-2d202c566e4b,age,,17.0,0.95,smws,pending,NO_CHANGE
e3910df1-672f-5b6a-be82-2d202c566e4b,abv,,55.2,0.95,smws,pending,NO_CHANGE
e3910df1-672f-5b6a-be82-2d202c566e4b,region,,Islay,0.95,smws,pending,NO_CHANGE
07b1c861-282c-5720-9def-4ac51caf9781,cask_type,,hogshead;refill,0.95,smws,pending,NO_CHANGE
07b1c861-282c-5720-9def-4ac51caf9781,age,,27.0,0.95,smws,pending,NO_CHANGE
07b1c861-282c-5720-9def-4ac51caf9781,abv,,55.2,0.95,smws,pending,NO_CHANGE
07b1c861-282c-5720-9def-4ac51caf9781,region,,Islay,0.95,smws,pending,NO_CHANGE
25b3ee7d-bbc4-5ea8-af11-b89e112783be,cask_type,,hogshead;refill,0.95,smws,pending,NO_CHANGE
25b3ee7d-bbc4-5ea8-af11-b89e112783be,age,,20.0,0.95,smws,pending,NO_CHANGE
25b3ee7d-bbc4-5ea8-af11-b89e112783be,abv,,56.4,0.95,smws,pending,NO_CHANGE
25b3ee7d-bbc4-5ea8-af11-b89e112783be,region,,Islay,0.95,smws,pending,NO_CHANGE
9bed8feb-1862-5235-a45e-3405b11c3824,cask_type,,hogshead;refill,0.95,smws,pending,NO_CHANGE
9bed8feb-1862-5235-a45e-3405b11c3824,age,,10.0,0.95,smws,pending,NO_CHANGE
9bed8feb-1862-5235-a45e-3405b11c3824,abv,,66.6,0.95,smws,pending,NO_CHANGE
9bed8feb-1862-5235-a45e-3405b11c3824,region,,Islay,0.95,smws,pending,NO_CHANGE
284d4f4f-2ba6-5bca-ac91-9cee292eace6,cask_type,,hogshead;refill,0.95,smws,pending,NO_CHANGE
284d4f4f-2ba6-5bca-ac91-9cee292eace6,age,,10.0,0.95,smws,pending,NO_CHANGE
284d4f4f-2ba6-5bca-ac91-9cee292eace6,abv,,58.0,0.95,smws,pending,NO_CHANGE
284d4f4f-2ba6-5bca-ac91-9cee292eace6,region,,Islay,0.95,smws,pending,NO_CHANGE
d216d8d4-6225-5c27-8a34-54239630f1ed,cask_type,,hogshead;refill,0.95,smws,pending,NO_CHANGE
d216d8d4-6225-5c27-8a34-54239630f1ed,age,,14.0,0.95,smws,pending,NO_CHANGE
d216d8d4-6225-5c27-8a34-54239630f1ed,abv,,56.5,0.95,smws,pending,NO_CHANGE
d216d8d4-6225-5c27-8a34-54239630f1ed,region,,Islay,0.95,smws,pending,NO_CHANGE
a693f1e5-db09-55fe-9849-9ff051d59b01,cask_type,,butt;sherry butt,0.95,smws,pending,NO_CHANGE
a693f1e5-db09-55fe-9849-9ff051d59b01,age,,17.0,0.95,smws,pending,NO_CHANGE
a693f1e5-db09-55fe-9849-9ff051d59b01,abv,,59.8,0.95,smws,pending,NO_CHANGE
a693f1e5-db09-55fe-9849-9ff051d59b01,region,,Islay,0.95,smws,pending,NO_CHANGE
c0653142-474c-5df6-a254-c6ebd03056ca,cask_type,,hogshead;refill,0.95,smws,pending,NO_CHANGE
c0653142-474c-5df6-a254-c6ebd03056ca,age,,10.0,0.95,smws,pending,NO_CHANGE
c0653142-474c-5df6-a254-c6ebd03056ca,abv,,58.0,0.95,smws,pending,NO_CHANGE
c0653142-474c-5df6-a254-c6ebd03056ca,region,,Islay,0.95,smws,pending,NO_CHANGE
d6909c8a-a5a3-5dd7-9dfe-cb615c8ecc02,cask_type,,hogshead;refill,0.95,smws,pending,NO_CHANGE
d6909c8a-a5a3-5dd7-9dfe-cb615c8ecc02,age,,15.0,0.95,smws,pending,NO_CHANGE
d6909c8a-a5a3-5dd7-9dfe-cb615c8ecc02,abv,,58.6,0.95,smws,pending,NO_CHANGE
d6909c8a-a5a3-5dd7-9dfe-cb615c8ecc02,region,,Islay,0.95,smws,pending,NO_CHANGE
61f6ade1-0e01-54c3-b45f-c2bfab3aede1,cask_type,,hogshead;refill,0.95,smws,pending,NO_CHANGE
61f6ade1-0e01-54c3-b45f-c2bfab3aede1,age,,15.0,0.95,smws,pending,NO_CHANGE
61f6ade1-0e01-54c3-b45f-c2bfab3aede1,abv,,58.1,0.95,smws,pending,NO_CHANGE
61f6ade1-0e01-54c3-b45f-c2bfab3aede1,region,,Islay,0.95,smws,pending,NO_CHANGE
a73ce705-9e34-5e6e-bb65-6c445696606d,cask_type,,hogshead;refill,0.95,smws,pending,NO_CHANGE
a73ce705-9e34-5e6e-bb65-6c445696606d,age,,16.0,0.95,smws,pending,NO_CHANGE
a73ce705-9e34-5e6e-bb65-6c445696606d,abv,,56.5,0.95,smws,pending,NO_CHANGE
a73ce705-9e34-5e6e-bb65-6c445696606d,region,,Islay,0.95,smws,pending,NO_CHANGE
3a013e9d-b96d-5aef-8afb-a8e7a7f7fe8d,cask_type,,hogshead;refill,0.95,smws,pending,NO_CHANGE
3a013e9d-b96d-5aef-8afb-a8e7a7f7fe8d,age,,15.0,0.95,smws,pending,NO_CHANGE
3a013e9d-b96d-5aef-8afb-a8e7a7f7fe8d,abv,,57.5,0.95,smws,pending,NO_CHANGE
3a013e9d-b96d-5aef-8afb-a8e7a7f7fe8d,region,,Islay,0.95,smws,pending,NO_CHANGE
a052f8b6-7ab6-5e1a-9875-d6c848b4b9bd,cask_type,,hogshead;refill,0.95,smws,pending,NO_CHANGE
a052f8b6-7ab6-5e1a-9875-d6c848b4b9bd,age,,16.0,0.95,smws,pending,NO_CHANGE
a052f8b6-7ab6-5e1a-9875-d6c848b4b9bd,abv,,56.4,0.95,smws,pending,NO_CHANGE
a052f8b6-7ab6-5e1a-9875-d6c848b4b9bd,region,,Islay,0.95,smws,pending,NO_CHANGE
df8f5a84-ea57-57e6-9f0d-67e08fb9cf89,cask_type,,hogshead;refill,0.95,smws,pending,NO_CHANGE
df8f5a84-ea57-57e6-9f0d-67e08fb9cf89,age,,15.0,0.95,smws,pending,NO_CHANGE
df8f5a84-ea57-57e6-9f0d-67e08fb9cf89,abv,,58.2,0.95,smws,pending,NO_CHANGE
df8f5a84-ea57-57e6-9f0d-67e08fb9cf89,region,,Islay,0.95,smws,pending,NO_CHANGE
beacf7b7-2d48-5156-a876-122908987681,cask_type,,hogshead;refill,0.95,smws,pending,NO_CHANGE
beacf7b7-2d48-5156-a876-122908987681,age,,21.0,0.95,smws,pending,NO_CHANGE
beacf7b7-2d48-5156-a876-122908987681,abv,,52.2,0.95,smws,pending,NO_CHANGE
beacf7b7-2d48-5156-a876-122908987681,region,,Islay,0.95,smws,pending,NO_CHANGE
85550d8f-a0f3-5f20-b198-29f42eedcdf1,cask_type,,butt;sherry butt,0.95,smws,pending,NO_CHANGE
85550d8f-a0f3-5f20-b198-29f42eedcdf1,age,,16.0,0.95,smws,pending,NO_CHANGE
85550d8f-a0f3-5f20-b198-29f42eedcdf1,abv,,59.8,0.95,smws,pending,NO_CHANGE
85550d8f-a0f3-5f20-b198-29f42eedcdf1,region,,Islay,0.95,smws,pending,NO_CHANGE
6dc813b5-7b1f-5df5-a7a9-ec907127c9af,cask_type,,hogshead;refill,0.95,smws,pending,NO_CHANGE
6dc813b5-7b1f-5df5-a7a9-ec907127c9af,age,,15.0,0.95,smws,pending,NO_CHANGE
6dc813b5-7b1f-5df5-a7a9-ec907127c9af,abv,,57.2,0.95,smws,pending,NO_CHANGE
6dc813b5-7b1f-5df5-a7a9-ec907127c9af,region,,Islay,0.95,smws,pending,NO_CHANGE
f35f96fd-559d-5df5-865c-ba94960e6a05,cask_type,,butt;sherry butt,0.95,smws,pending,NO_CHANGE
f35f96fd-559d-5df5-865c-ba94960e6a05,age,,19.0,0.95,smws,pending,NO_CHANGE
f35f96fd-559d-5df5-865c-ba94960e6a05,abv,,60.4,0.95,smws,pending,NO_CHANGE
f35f96fd-559d-5df5-865c-ba94960e6a05,region,,Islay,0.95,smws,pending,NO_CHANGE
eb0cf410-3db6-582a-8224-d11a64e5057c,cask_type,,hogshead;refill,0.95,smws,pending,NO_CHANGE
eb0cf410-3db6-582a-8224-d11a64e5057c,age,,23.0,0.95,smws,pending,NO_CHANGE
eb0cf410-3db6-582a-8224-d11a64e5057c,abv,,54.2,0.95,smws,pending,NO_CHANGE
eb0cf410-3db6-582a-8224-d11a64e5057c,region,,Islay,0.95,smws,pending,NO_CHANGE
fd4d2419-0409-56f9-b32d-0a6ccca825d2,cask_type,,hogshead;refill,0.95,smws,pending,NO_CHANGE
fd4d2419-0409-56f9-b32d-0a6ccca825d2,age,,22.0,0.95,smws,pending,NO_CHANGE
fd4d2419-0409-56f9-b32d-0a6ccca825d2,abv,,51.2,0.95,smws,pending,NO_CHANGE
fd4d2419-0409-56f9-b32d-0a6ccca825d2,region,,Islay,0.95,smws,pending,NO_CHANGE
196991f7-f1d5-5af2-ad7a-029c977645f2,cask_type,,hogshead;refill,0.95,smws,pending,NO_CHANGE
196991f7-f1d5-5af2-ad7a-029c977645f2,age,,21.0,0.95,smws,pending,NO_CHANGE
196991f7-f1d5-5af2-ad7a-029c977645f2,abv,,53.3,0.95,smws,pending,NO_CHANGE
196991f7-f1d5-5af2-ad7a-029c977645f2,region,,Islay,0.95,smws,pending,NO_CHANGE
d3bf7371-cc2f-5aec-a548-49c4eb3c8e1f,cask_type,,hogshead;refill,0.95,smws,pending,NO_CHANGE
d3bf7371-cc2f-5aec-a548-49c4eb3c8e1f,age,,17.0,0.95,smws,pending,NO_CHANGE
d3bf7371-cc2f-5aec-a548-49c4eb3c8e1f,abv,,56.8,0.95,smws,pending,NO_CHANGE
d3bf7371-cc2f-5aec-a548-49c4eb3c8e1f,region,,Islay,0.95,smws,pending,NO_CHANGE
5970e91d-71df-52b6-a0e0-e0aa2faa13b2,cask_type,,hogshead;refill,0.95,smws,pending,NO_CHANGE
5970e91d-71df-52b6-a0e0-e0aa2faa13b2,age,,16.0,0.95,smws,pending,NO_CHANGE
5970e91d-71df-52b6-a0e0-e0aa2faa13b2,abv,,56.3,0.95,smws,pending,NO_CHANGE
5970e91d-71df-52b6-a0e0-e0aa2faa13b2,region,,Islay,0.95,smws,pending,NO_CHANGE
4c32153c-e562-5860-900c-fd8e605492b5,cask_type,,hogshead;refill,0.95,smws,pending,NO_CHANGE
4c32153c-e562-5860-900c-fd8e605492b5,age,,23.0,0.95,smws,pending,NO_CHANGE
4c32153c-e562-5860-900c-fd8e605492b5,abv,,55.9,0.95,smws,pending,NO_CHANGE
4c32153c-e562-5860-900c-fd8e605492b5,region,,Islay,0.95,smws,pending,NO_CHANGE
be730245-3090-5356-8fba-73a7a294e7c6,cask_type,,butt;refill,0.95,smws,pending,NO_CHANGE
be730245-3090-5356-8fba-73a7a294e7c6,age,,17.0,0.95,smws,pending,NO_CHANGE
be730245-3090-5356-8fba-73a7a294e7c6,abv,,60.1,0.95,smws,pending,NO_CHANGE
be730245-3090-5356-8fba-73a7a294e7c6,region,,Islay,0.95,smws,pending,NO_CHANGE
e90b6a4d-636c-5545-901b-dc464a1331d3,cask_type,,hogshead;refill,0.95,smws,pending,NO_CHANGE
e90b6a4d-636c-5545-901b-dc464a1331d3,age,,18.0,0.95,smws,pending,NO_CHANGE
e90b6a4d-636c-5545-901b-dc464a1331d3,abv,,57.4,0.95,smws,pending,NO_CHANGE
e90b6a4d-636c-5545-901b-dc464a1331d3,region,,Islay,0.95,smws,pending,NO_CHANGE
58b4ad62-5373-5233-bfb1-3ca4c7da74b9,cask_type,,butt;refill,0.95,smws,pending,NO_CHANGE
58b4ad62-5373-5233-bfb1-3ca4c7da74b9,age,,18.0,0.95,smws,pending,NO_CHANGE
58b4ad62-5373-5233-bfb1-3ca4c7da74b9,abv,,59.8,0.95,smws,pending,NO_CHANGE
58b4ad62-5373-5233-bfb1-3ca4c7da74b9,region,,Islay,0.95,smws,pending,NO_CHANGE
45996da7-518a-59ba-b614-6e14c20dd62c,cask_type,,hogshead;refill,0.95,smws,pending,NO_CHANGE
45996da7-518a-59ba-b614-6e14c20dd62c,age,,22.0,0.95,smws,pending,NO_CHANGE
45996da7-518a-59ba-b614-6e14c20dd62c,abv,,52.9,0.95,smws,pending,NO_CHANGE
45996da7-518a-59ba-b614-6e14c20dd62c,region,,Islay,0.95,smws,pending,NO_CHANGE
0fcfaf79-a9e3-50aa-a665-71c43bc9eb8e,cask_type,,hogshead;refill,0.95,smws,pending,NO_CHANGE
0fcfaf79-a9e3-50aa-a665-71c43bc9eb8e,age,,18.0,0.95,smws,pending,NO_CHANGE
0fcfaf79-a9e3-50aa-a665-71c43bc9eb8e,abv,,56.6,0.95,smws,pending,NO_CHANGE
0fcfaf79-a9e3-50aa-a665-71c43bc9eb8e,region,,Islay,0.95,smws,pending,NO_CHANGE
cd9808c2-defb-5733-a491-143eb8d2ee07,cask_type,,butt;refill,0.95,smws,pending,NO_CHANGE
cd9808c2-defb-5733-a491-143eb8d2ee07,age,,20.0,0.95,smws,pending,NO_CHANGE
cd9808c2-defb-5733-a491-143eb8d2ee07,abv,,58.7,0.95,smws,pending,NO_CHANGE
cd9808c2-defb-5733-a491-143eb8d2ee07,region,,Islay,0.95,smws,pending,NO_CHANGE
44d8e157-3dcb-5a5c-b550-e6302534970a,cask_type,,hogshead;refill,0.95,smws,pending,NO_CHANGE
44d8e157-3dcb-5a5c-b550-e6302534970a,age,,24.0,0.95,smws,pending,NO_CHANGE
44d8e157-3dcb-5a5c-b550-e6302534970a,abv,,53.3,0.95,smws,pending,NO_CHANGE
44d8e157-3dcb-5a5c-b550-e6302534970a,region,,Islay,0.95,smws,pending,NO_CHANGE
71a423f5-47e4-5e4c-b0c2-8486bfae713e,cask_type,,hogshead;refill,0.95,smws,pending,NO_CHANGE
71a423f5-47e4-5e4c-b0c2-8486bfae713e,age,,22.0,0.95,smws,pending,NO_CHANGE
71a423f5-47e4-5e4c-b0c2-8486bfae713e,abv,,54.8,0.95,smws,pending,NO_CHANGE
188ace10-8a4f-519b-a7ef-a5183e90035d,cask_type,,butt;refill,0.95,smws,pending,NO_CHANGE
188ace10-8a4f-519b-a7ef-a5183e90035d,age,,21.0,0.95,smws,pending,NO_CHANGE
188ace10-8a4f-519b-a7ef-a5183e90035d,abv,,60.6,0.95,smws,pending,NO_CHANGE
188ace10-8a4f-519b-a7ef-a5183e90035d,region,,Islay,0.95,smws,pending,NO_CHANGE
936ce7ea-f917-5201-b4dc-74ca98bc589a,cask_type,,hogshead;refill,0.95,smws,pending,NO_CHANGE
936ce7ea-f917-5201-b4dc-74ca98bc589a,age,,14.0,0.95,smws,pending,NO_CHANGE
936ce7ea-f917-5201-b4dc-74ca98bc589a,abv,,64.4,0.95,smws,pending,NO_CHANGE
e1077472-1933-5fdd-9a28-9e782d9ab326,cask_type,,hogshead;refill,0.95,smws,pending,NO_CHANGE
e1077472-1933-5fdd-9a28-9e782d9ab326,age,,13.0,0.95,smws,pending,NO_CHANGE
e1077472-1933-5fdd-9a28-9e782d9ab326,abv,,58.4,0.95,smws,pending,NO_CHANGE
8f5461e8-ab06-5e8c-824d-d1cddb31b470,cask_type,,hogshead;refill,0.95,smws,pending,NO_CHANGE
8f5461e8-ab06-5e8c-824d-d1cddb31b470,age,,15.0,0.95,smws,pending,NO_CHANGE
8f5461e8-ab06-5e8c-824d-d1cddb31b470,abv,,63.5,0.95,smws,pending,NO_CHANGE
0d9b8cd5-74a2-5cd7-93b0-434f1a99a6ba,cask_type,,hogshead;refill,0.95,smws,pending,NO_CHANGE
0d9b8cd5-74a2-5cd7-93b0-434f1a99a6ba,age,,19.0,0.95,smws,pending,NO_CHANGE
0d9b8cd5-74a2-5cd7-93b0-434f1a99a6ba,abv,,59.3,0.95,smws,pending,NO_CHANGE
a1bb7eff-6075-505e-8ce2-14f6154cb3f5,cask_type,,hogshead;refill,0.95,smws,pending,NO_CHANGE
a1bb7eff-6075-505e-8ce2-14f6154cb3f5,age,,19.0,0.95,smws,pending,NO_CHANGE
a1bb7eff-6075-505e-8ce2-14f6154cb3f5,abv,,60.0,0.95,smws,pending,NO_CHANGE
bfb8a784-5702-5965-8d67-7035e05753e9,cask_type,,hogshead;refill,0.95,smws,pending,NO_CHANGE
bfb8a784-5702-5965-8d67-7035e05753e9,age,,16.0,0.95,smws,pending,NO_CHANGE
bfb8a784-5702-5965-8d67-7035e05753e9,abv,,64.1,0.95,smws,pending,NO_CHANGE
bfb8a784-5702-5965-8d67-7035e05753e9,region,,Islay,0.95,smws,pending,NO_CHANGE
e40b5542-18bf-5aa9-88cc-26d646a20fec,cask_type,,butt;refill,0.95,smws,pending,NO_CHANGE
e40b5542-18bf-5aa9-88cc-26d646a20fec,age,,13.0,0.95,smws,pending,NO_CHANGE
e40b5542-18bf-5aa9-88cc-26d646a20fec,abv,,60.3,0.95,smws,pending,NO_CHANGE
e40b5542-18bf-5aa9-88cc-26d646a20fec,region,,Speyside,0.95,smws,pending,NO_CHANGE
3a6a46f8-7199-53ac-b73b-70638bd2c2dd,cask_type,,refill,0.95,smws,pending,NO_CHANGE
3a6a46f8-7199-53ac-b73b-70638bd2c2dd,age,,9.0,0.95,smws,pending,NO_CHANGE
3a6a46f8-7199-53ac-b73b-70638bd2c2dd,abv,,57.7,0.95,smws,pending,NO_CHANGE
3a6a46f8-7199-53ac-b73b-70638bd2c2dd,region,,Speyside,0.95,smws,pending,NO_CHANGE
0e11e7bd-1ca1-51c2-a5d2-3ebd538c0ae6,cask_type,,refill,0.95,smws,pending,NO_CHANGE
0e11e7bd-1ca1-51c2-a5d2-3ebd538c0ae6,age,,11.0,0.95,smws,pending,NO_CHANGE
0e11e7bd-1ca1-51c2-a5d2-3ebd538c0ae6,abv,,60.2,0.95,smws,pending,NO_CHANGE
0e11e7bd-1ca1-51c2-a5d2-3ebd538c0ae6,region,,Speyside,0.95,smws,pending,NO_CHANGE
581e428b-48c8-5de5-aa47-b33ebd55121b,cask_type,,refill,0.95,smws,pending,NO_CHANGE
581e428b-48c8-5de5-aa47-b33ebd55121b,age,,9.0,0.95,smws,pending,NO_CHANGE
581e428b-48c8-5de5-aa47-b33ebd55121b,abv,,59.8,0.95,smws,pending,NO_CHANGE
581e428b-48c8-5de5-aa47-b33ebd55121b,region,,Speyside,0.95,smws,pending,NO_CHANGE
10a9c185-23ed-5ff8-bc16-fb93438afa02,cask_type,,hogshead;refill,0.95,smws,pending,NO_CHANGE
10a9c185-23ed-5ff8-bc16-fb93438afa02,age,,17.0,0.95,smws,pending,NO_CHANGE
10a9c185-23ed-5ff8-bc16-fb93438afa02,abv,,55.1,0.95,smws,pending,NO_CHANGE
10a9c185-23ed-5ff8-bc16-fb93438afa02,region,,Speyside,0.95,smws,pending,NO_CHANGE
d07a18c2-5524-57de-bcb3-d39ad082af49,cask_type,,refill,0.95,smws,pending,NO_CHANGE
d07a18c2-5524-57de-bcb3-d39ad082af49,age,,9.0,0.95,smws,pending,NO_CHANGE
d07a18c2-5524-57de-bcb3-d39ad082af49,abv,,61.5,0.95,smws,pending,NO_CHANGE
d07a18c2-5524-57de-bcb3-d39ad082af49,region,,Speyside,0.95,smws,pending,NO_CHANGE
4a9ca920-e6e8-5174-be70-a21dd127f279,cask_type,,first-fill barrel usa allocation,0.95,smws,pending,NO_CHANGE
4a9ca920-e6e8-5174-be70-a21dd127f279,age,,9.0,0.95,smws,pending,NO_CHANGE
4a9ca920-e6e8-5174-be70-a21dd127f279,abv,,59.1,0.95,smws,pending,NO_CHANGE
4a9ca920-e6e8-5174-be70-a21dd127f279,region,,Speyside,0.95,smws,pending,NO_CHANGE
c3bb66dc-0665-58f9-9784-933c81a44a84,cask_type,,hogshead;refill,0.95,smws,pending,NO_CHANGE
c3bb66dc-0665-58f9-9784-933c81a44a84,age,,10.0,0.95,smws,pending,NO_CHANGE
c3bb66dc-0665-58f9-9784-933c81a44a84,abv,,60.0,0.95,smws,pending,NO_CHANGE
c3bb66dc-0665-58f9-9784-933c81a44a84,region,,Speyside,0.95,smws,pending,NO_CHANGE
21ddd7df-7535-50ef-8230-4845eeac0f53,age,,12.0,0.95,smws,pending,NO_CHANGE
21ddd7df-7535-50ef-8230-4845eeac0f53,abv,,58.8,0.95,smws,pending,NO_CHANGE
21ddd7df-7535-50ef-8230-4845eeac0f53,region,,Speyside,0.95,smws,pending,NO_CHANGE
ae79c455-2c52-5e0c-9c7f-eb7086a1ae9c,age,,12.0,0.95,smws,pending,NO_CHANGE
ae79c455-2c52-5e0c-9c7f-eb7086a1ae9c,abv,,59.1,0.95,smws,pending,NO_CHANGE
ae79c455-2c52-5e0c-9c7f-eb7086a1ae9c,region,,Speyside,0.95,smws,pending,NO_CHANGE
5bb56175-5b79-5232-917c-8c9fa5d87186,cask_type,,hogshead;refill,0.95,smws,pending,NO_CHANGE
5bb56175-5b79-5232-917c-8c9fa5d87186,age,,20.0,0.95,smws,pending,NO_CHANGE
5bb56175-5b79-5232-917c-8c9fa5d87186,abv,,55.1,0.95,smws,pending,NO_CHANGE
5bb56175-5b79-5232-917c-8c9fa5d87186,region,,Speyside,0.95,smws,pending,NO_CHANGE
b20cea86-25f7-52af-8482-937bb6f78452,cask_type,,hogshead;refill,0.95,smws,pending,NO_CHANGE
b20cea86-25f7-52af-8482-937bb6f78452,age,,14.0,0.95,smws,pending,NO_CHANGE
b20cea86-25f7-52af-8482-937bb6f78452,abv,,57.3,0.95,smws,pending,NO_CHANGE
b20cea86-25f7-52af-8482-937bb6f78452,region,,Speyside,0.95,smws,pending,NO_CHANGE
338ee651-18bf-5228-8b30-50135e91e0b8,cask_type,,hogshead;refill,0.95,smws,pending,NO_CHANGE
338ee651-18bf-5228-8b30-50135e91e0b8,age,,14.0,0.95,smws,pending,NO_CHANGE
338ee651-18bf-5228-8b30-50135e91e0b8,region,,Speyside,0.95,smws,pending,NO_CHANGE
b3177a1c-75c5-5146-b929-aa12686e65c4,cask_type,,hogshead;refill,0.95,smws,pending,NO_CHANGE
b3177a1c-75c5-5146-b929-aa12686e65c4,age,,17.0,0.95,smws,pending,NO_CHANGE
b3177a1c-75c5-5146-b929-aa12686e65c4,abv,,58.3,0.95,smws,pending,NO_CHANGE
b3177a1c-75c5-5146-b929-aa12686e65c4,region,,Speyside,0.95,smws,pending,NO_CHANGE
1360d5cd-1c8a-5e10-b2ae-027aa400c34d,cask_type,,refill,0.95,smws,pending,NO_CHANGE
1360d5cd-1c8a-5e10-b2ae-027aa400c34d,age,,25.0,0.95,smws,pending,NO_CHANGE
1360d5cd-1c8a-5e10-b2ae-027aa400c34d,region,,Speyside,0.95,smws,pending,NO_CHANGE
94eb839f-67b1-5f79-83c4-cc4e443957a7,cask_type,,refill,0.95,smws,pending,NO_CHANGE
94eb839f-67b1-5f79-83c4-cc4e443957a7,age,,10.0,0.95,smws,pending,NO_CHANGE
94eb839f-67b1-5f79-83c4-cc4e443957a7,region,,Speyside,0.95,smws,pending,NO_CHANGE
d1c51c06-1f97-5233-bc06-43685e06e37f,cask_type,,refill,0.95,smws,pending,NO_CHANGE
d1c51c06-1f97-5233-bc06-43685e06e37f,age,,10.0,0.95,smws,pending,NO_CHANGE
d1c51c06-1f97-5233-bc06-43685e06e37f,region,,Highland,0.95,smws,pending,NO_CHANGE
fe6f69c1-6d2f-542c-ac5c-da11d61f070f,cask_type,,butt;sherry butt,0.95,smws,pending,NO_CHANGE
fe6f69c1-6d2f-542c-ac5c-da11d61f070f,age,,17.0,0.95,smws,pending,NO_CHANGE
fe6f69c1-6d2f-542c-ac5c-da11d61f070f,abv,,59.0,0.95,smws,pending,NO_CHANGE
fe6f69c1-6d2f-542c-ac5c-da11d61f070f,region,,Highland,0.95,smws,pending,NO_CHANGE
c7000075-6e4e-539b-a2c2-e016ea3336ce,cask_type,,hogshead;refill,0.95,smws,pending,NO_CHANGE
c7000075-6e4e-539b-a2c2-e016ea3336ce,age,,16.0,0.95,smws,pending,NO_CHANGE
c7000075-6e4e-539b-a2c2-e016ea3336ce,abv,,59.7,0.95,smws,pending,NO_CHANGE
64c9c84f-64ae-5ab9-8dd0-2db5839d53c8,age,,27.0,0.95,smws,pending,NO_CHANGE
64c9c84f-64ae-5ab9-8dd0-2db5839d53c8,abv,,55.0,0.95,smws,pending,NO_CHANGE
b9ae0e40-4622-576c-8288-e24d0d00b4e7,cask_type,,hogshead;refill,0.95,smws,pending,NO_CHANGE
b9ae0e40-4622-576c-8288-e24d0d00b4e7,age,,29.0,0.95,smws,pending,NO_CHANGE
b9ae0e40-4622-576c-8288-e24d0d00b4e7,abv,,45.7,0.95,smws,pending,NO_CHANGE
b9ae0e40-4622-576c-8288-e24d0d00b4e7,region,,Highland,0.95,smws,pending,NO_CHANGE
757eae60-5e83-5475-ba55-c2907b8b93e9,cask_type,,hogshead;refill,0.95,smws,pending,NO_CHANGE
757eae60-5e83-5475-ba55-c2907b8b93e9,age,,30.0,0.95,smws,pending,NO_CHANGE
757eae60-5e83-5475-ba55-c2907b8b93e9,abv,,51.2,0.95,smws,pending,NO_CHANGE
757eae60-5e83-5475-ba55-c2907b8b93e9,region,,Highland,0.95,smws,pending,NO_CHANGE
9a23dba3-6324-5374-b611-84734b86b04c,cask_type,,hogshead;refill,0.95,smws,pending,NO_CHANGE
9a23dba3-6324-5374-b611-84734b86b04c,age,,30.0,0.95,smws,pending,NO_CHANGE
9a23dba3-6324-5374-b611-84734b86b04c,abv,,49.2,0.95,smws,pending,NO_CHANGE
9a23dba3-6324-5374-b611-84734b86b04c,region,,Highland,0.95,smws,pending,NO_CHANGE
ef48b040-83db-5c6b-95da-cc3f219c9a45,cask_type,,hogshead;refill,0.95,smws,pending,NO_CHANGE
ef48b040-83db-5c6b-95da-cc3f219c9a45,age,,30.0,0.95,smws,pending,NO_CHANGE
ef48b040-83db-5c6b-95da-cc3f219c9a45,abv,,51.5,0.95,smws,pending,NO_CHANGE
ef48b040-83db-5c6b-95da-cc3f219c9a45,region,,Highland,0.95,smws,pending,NO_CHANGE
68e01dd9-147e-55df-b08b-4185fbeb26b4,age,,24.0,0.95,smws,pending,NO_CHANGE
68e01dd9-147e-55df-b08b-4185fbeb26b4,abv,,59.3,0.95,smws,pending,NO_CHANGE
68e01dd9-147e-55df-b08b-4185fbeb26b4,region,,Highland,0.95,smws,pending,CONFLICT
2b28b0ac-5533-57d5-aafb-cd990d7c350f,cask_type,,hogshead;refill,0.95,smws,pending,NO_CHANGE
2b28b0ac-5533-57d5-aafb-cd990d7c350f,age,,26.0,0.95,smws,pending,NO_CHANGE
2b28b0ac-5533-57d5-aafb-cd990d7c350f,abv,,59.6,0.95,smws,pending,NO_CHANGE
2b28b0ac-5533-57d5-aafb-cd990d7c350f,region,,Highlands,0.95,smws,pending,CONFLICT
477544ad-871e-5747-927e-c73dfd020c4d,cask_type,,refill,0.95,smws,pending,NO_CHANGE
477544ad-871e-5747-927e-c73dfd020c4d,age,,19.0,0.95,smws,pending,NO_CHANGE
477544ad-871e-5747-927e-c73dfd020c4d,abv,,52.3,0.95,smws,pending,NO_CHANGE
477544ad-871e-5747-927e-c73dfd020c4d,region,,Speyside,0.95,smws,pending,NO_CHANGE
68640243-ac86-56de-b3d7-b1c51baf2768,age,,21.0,0.95,smws,pending,NO_CHANGE
68640243-ac86-56de-b3d7-b1c51baf2768,abv,,52.6,0.95,smws,pending,NO_CHANGE
68640243-ac86-56de-b3d7-b1c51baf2768,region,,Speyside,0.95,smws,pending,NO_CHANGE
6a608283-1078-579e-9c99-b0f0418ac01d,cask_type,,butt;sherry butt,0.95,smws,pending,NO_CHANGE
6a608283-1078-579e-9c99-b0f0418ac01d,age,,5.0,0.95,smws,pending,NO_CHANGE
6a608283-1078-579e-9c99-b0f0418ac01d,abv,,62.3,0.95,smws,pending,NO_CHANGE
6a608283-1078-579e-9c99-b0f0418ac01d,region,,Speyside,0.95,smws,pending,NO_CHANGE
35889486-794e-59a6-959b-d5a1c03bd14a,cask_type,,refill,0.95,smws,pending,NO_CHANGE
35889486-794e-59a6-959b-d5a1c03bd14a,age,,23.0,0.95,smws,pending,NO_CHANGE
35889486-794e-59a6-959b-d5a1c03bd14a,abv,,53.0,0.95,smws,pending,NO_CHANGE
35889486-794e-59a6-959b-d5a1c03bd14a,region,,Speyside,0.95,smws,pending,NO_CHANGE
c89c8404-2033-5b00-a517-c9d0ee9e1963,cask_type,,refill,0.95,smws,pending,NO_CHANGE
c89c8404-2033-5b00-a517-c9d0ee9e1963,age,,25.0,0.95,smws,pending,NO_CHANGE
c89c8404-2033-5b00-a517-c9d0ee9e1963,abv,,51.6,0.95,smws,pending,NO_CHANGE
c89c8404-2033-5b00-a517-c9d0ee9e1963,region,,Speyside,0.95,smws,pending,NO_CHANGE
56e069bf-6886-507d-9dbd-ecbcc162a7e5,cask_type,,refill,0.95,smws,pending,NO_CHANGE
56e069bf-6886-507d-9dbd-ecbcc162a7e5,age,,25.0,0.95,smws,pending,NO_CHANGE
56e069bf-6886-507d-9dbd-ecbcc162a7e5,abv,,50.7,0.95,smws,pending,NO_CHANGE
56e069bf-6886-507d-9dbd-ecbcc162a7e5,region,,Speyside,0.95,smws,pending,NO_CHANGE
6f658247-ce6c-5917-9718-99c92d81dab6,age,,13.0,0.95,smws,pending,NO_CHANGE
6f658247-ce6c-5917-9718-99c92d81dab6,abv,,57.1,0.95,smws,pending,NO_CHANGE
6f658247-ce6c-5917-9718-99c92d81dab6,region,,Highlands,0.95,smws,pending,CONFLICT
da1b0001-0e00-5f4d-bd61-9d9b7d9fae41,cask_type,,first-fill,0.95,smws,pending,NO_CHANGE
da1b0001-0e00-5f4d-bd61-9d9b7d9fae41,age,,8.0,0.95,smws,pending,NO_CHANGE
da1b0001-0e00-5f4d-bd61-9d9b7d9fae41,abv,,61.5,0.95,smws,pending,NO_CHANGE
da1b0001-0e00-5f4d-bd61-9d9b7d9fae41,region,,Speyside,0.95,smws,pending,NO_CHANGE
7fa0edcd-1e28-5989-9177-f2a5db78309c,cask_type,,hogshead;refill,0.95,smws,pending,NO_CHANGE
7fa0edcd-1e28-5989-9177-f2a5db78309c,age,,27.0,0.95,smws,pending,NO_CHANGE
7fa0edcd-1e28-5989-9177-f2a5db78309c,abv,,54.9,0.95,smws,pending,NO_CHANGE
7fa0edcd-1e28-5989-9177-f2a5db78309c,region,,Speyside,0.95,smws,pending,NO_CHANGE
a73b1b26-a38b-5396-936d-23002c59e795,cask_type,,hogshead;refill,0.95,smws,pending,NO_CHANGE
a73b1b26-a38b-5396-936d-23002c59e795,age,,21.0,0.95,smws,pending,NO_CHANGE
a73b1b26-a38b-5396-936d-23002c59e795,abv,,48.7,0.95,smws,pending,NO_CHANGE
a73b1b26-a38b-5396-936d-23002c59e795,region,,Speyside,0.95,smws,pending,NO_CHANGE
2b9e88ea-4e1d-5c0e-80bf-67b9c3821999,cask_type,,first-fill barrel,0.95,smws,pending,NO_CHANGE
2b9e88ea-4e1d-5c0e-80bf-67b9c3821999,age,,9.0,0.95,smws,pending,NO_CHANGE
2b9e88ea-4e1d-5c0e-80bf-67b9c3821999,abv,,61.9,0.95,smws,pending,NO_CHANGE
2b9e88ea-4e1d-5c0e-80bf-67b9c3821999,region,,Speyside,0.95,smws,pending,NO_CHANGE
28991b99-efbe-5455-a719-85300fe54ce1,cask_type,,first-fill barrel,0.95,smws,pending,NO_CHANGE
28991b99-efbe-5455-a719-85300fe54ce1,age,,8.0,0.95,smws,pending,NO_CHANGE
28991b99-efbe-5455-a719-85300fe54ce1,abv,,62.3,0.95,smws,pending,NO_CHANGE
28991b99-efbe-5455-a719-85300fe54ce1,region,,Speyside,0.95,smws,pending,NO_CHANGE
b4163c3c-da78-5f90-8620-a0ed7d133c80,cask_type,,refill,0.95,smws,pending,NO_CHANGE
b4163c3c-da78-5f90-8620-a0ed7d133c80,age,,21.0,0.95,smws,pending,NO_CHANGE
b4163c3c-da78-5f90-8620-a0ed7d133c80,abv,,55.2,0.95,smws,pending,NO_CHANGE
b4163c3c-da78-5f90-8620-a0ed7d133c80,region,,Speyside,0.95,smws,pending,NO_CHANGE
c77dc32b-7a8e-51b6-8192-fbe688c9dc51,cask_type,,refill,0.95,smws,pending,NO_CHANGE
c77dc32b-7a8e-51b6-8192-fbe688c9dc51,age,,22.0,0.95,smws,pending,NO_CHANGE
c77dc32b-7a8e-51b6-8192-fbe688c9dc51,abv,,55.6,0.95,smws,pending,NO_CHANGE
c77dc32b-7a8e-51b6-8192-fbe688c9dc51,region,,Speyside,0.95,smws,pending,NO_CHANGE
ff90728b-cad1-5e26-9dee-a05f77bbe9ea,cask_type,,hogshead;refill,0.95,smws,pending,NO_CHANGE
ff90728b-cad1-5e26-9dee-a05f77bbe9ea,age,,23.0,0.95,smws,pending,NO_CHANGE
ff90728b-cad1-5e26-9dee-a05f77bbe9ea,abv,,55.5,0.95,smws,pending,NO_CHANGE
ff90728b-cad1-5e26-9dee-a05f77bbe9ea,region,,Speyside,0.95,smws,pending,NO_CHANGE
4eceb843-dc6e-5916-ac2a-5c8a146b0e51,cask_type,,first-fill barrel,0.95,smws,pending,NO_CHANGE
4eceb843-dc6e-5916-ac2a-5c8a146b0e51,age,,12.0,0.95,smws,pending,NO_CHANGE
4eceb843-dc6e-5916-ac2a-5c8a146b0e51,abv,,56.7,0.95,smws,pending,NO_CHANGE
4eceb843-dc6e-5916-ac2a-5c8a146b0e51,region,,Speyside,0.95,smws,pending,NO_CHANGE
bf4ed8be-0ac8-5fe2-b3b5-9334cff8213a,cask_type,,refill,0.95,smws,pending,NO_CHANGE
bf4ed8be-0ac8-5fe2-b3b5-9334cff8213a,age,,23.0,0.95,smws,pending,NO_CHANGE
bf4ed8be-0ac8-5fe2-b3b5-9334cff8213a,abv,,56.4,0.95,smws,pending,NO_CHANGE
bf4ed8be-0ac8-5fe2-b3b5-9334cff8213a,region,,Speyside,0.95,smws,pending,NO_CHANGE
c2eef6be-e5bc-5f34-86c6-3cfcc5ad024c,cask_type,,first-fill barrel,0.95,smws,pending,NO_CHANGE
c2eef6be-e5bc-5f34-86c6-3cfcc5ad024c,age,,11.0,0.95,smws,pending,NO_CHANGE
c2eef6be-e5bc-5f34-86c6-3cfcc5ad024c,abv,,62.6,0.95,smws,pending,NO_CHANGE
c2eef6be-e5bc-5f34-86c6-3cfcc5ad024c,region,,Speyside,0.95,smws,pending,NO_CHANGE
9586f469-fd6a-5a10-884b-c40e3548630b,cask_type,,first-fill barrel,0.95,smws,pending,NO_CHANGE
9586f469-fd6a-5a10-884b-c40e3548630b,age,,14.0,0.95,smws,pending,NO_CHANGE
9586f469-fd6a-5a10-884b-c40e3548630b,abv,,60.3,0.95,smws,pending,NO_CHANGE
9586f469-fd6a-5a10-884b-c40e3548630b,region,,Speyside,0.95,smws,pending,NO_CHANGE
32e77202-b5f9-55fa-85cf-3b2e96d47d7c,age,,21.0,0.95,smws,pending,NO_CHANGE
32e77202-b5f9-55fa-85cf-3b2e96d47d7c,abv,,53.9,0.95,smws,pending,NO_CHANGE
32e77202-b5f9-55fa-85cf-3b2e96d47d7c,region,,Highlands,0.95,smws,pending,CONFLICT
dec9a160-dd2d-5d5d-a272-063409e324b2,cask_type,,hogshead;refill,0.95,smws,pending,NO_CHANGE
dec9a160-dd2d-5d5d-a272-063409e324b2,age,,24.0,0.95,smws,pending,NO_CHANGE
dec9a160-dd2d-5d5d-a272-063409e324b2,abv,,52.5,0.95,smws,pending,NO_CHANGE
dec9a160-dd2d-5d5d-a272-063409e324b2,region,,Speyside,0.95,smws,pending,NO_CHANGE
c8f0d9c2-3493-55b8-9cee-b48505bb6595,cask_type,,butt;sherry butt,0.95,smws,pending,NO_CHANGE
c8f0d9c2-3493-55b8-9cee-b48505bb6595,age,,11.0,0.95,smws,pending,NO_CHANGE
c8f0d9c2-3493-55b8-9cee-b48505bb6595,abv,,57.6,0.95,smws,pending,NO_CHANGE
c8f0d9c2-3493-55b8-9cee-b48505bb6595,region,,Speyside,0.95,smws,pending,NO_CHANGE
64bc4415-7c60-5a64-90e0-a9ee8138c282,age,,13.0,0.95,smws,pending,NO_CHANGE
64bc4415-7c60-5a64-90e0-a9ee8138c282,abv,,58.6,0.95,smws,pending,NO_CHANGE
64bc4415-7c60-5a64-90e0-a9ee8138c282,region,,Speyside,0.95,smws,pending,NO_CHANGE
3f0ae34f-aa07-5a8d-b2b8-a75bd7d0dc04,cask_type,,refill,0.95,smws,pending,NO_CHANGE
3f0ae34f-aa07-5a8d-b2b8-a75bd7d0dc04,age,,10.0,0.95,smws,pending,NO_CHANGE
3f0ae34f-aa07-5a8d-b2b8-a75bd7d0dc04,abv,,58.0,0.95,smws,pending,NO_CHANGE
3f0ae34f-aa07-5a8d-b2b8-a75bd7d0dc04,region,,Highland,0.95,smws,pending,NO_CHANGE
f8576ff5-fced-5d2a-9669-d8b4ec279255,cask_type,,butt;sherry butt,0.95,smws,pending,NO_CHANGE
f8576ff5-fced-5d2a-9669-d8b4ec279255,age,,9.0,0.95,smws,pending,NO_CHANGE
f8576ff5-fced-5d2a-9669-d8b4ec279255,abv,,58.2,0.95,smws,pending,NO_CHANGE
f8576ff5-fced-5d2a-9669-d8b4ec279255,region,,Highland,0.95,smws,pending,NO_CHANGE
0a887b33-5aa5-5b35-8926-ef5eaeb9adb7,cask_type,,refill,0.95,smws,pending,NO_CHANGE
0a887b33-5aa5-5b35-8926-ef5eaeb9adb7,age,,8.0,0.95,smws,pending,NO_CHANGE
0a887b33-5aa5-5b35-8926-ef5eaeb9adb7,abv,,59.2,0.95,smws,pending,NO_CHANGE
0a887b33-5aa5-5b35-8926-ef5eaeb9adb7,region,,Highland,0.95,smws,pending,NO_CHANGE
ca9e0464-af5c-543a-a8c6-6882f5bd64d0,cask_type,,refill,0.95,smws,pending,NO_CHANGE
ca9e0464-af5c-543a-a8c6-6882f5bd64d0,age,,10.0,0.95,smws,pending,NO_CHANGE
ca9e0464-af5c-543a-a8c6-6882f5bd64d0,abv,,54.5,0.95,smws,pending,NO_CHANGE
ca9e0464-af5c-543a-a8c6-6882f5bd64d0,region,,Speyside,0.95,smws,pending,NO_CHANGE
f8606bf9-98cf-57dc-982b-517ed63dfe62,cask_type,,butt;refill,0.95,smws,pending,NO_CHANGE
f8606bf9-98cf-57dc-982b-517ed63dfe62,age,,10.0,0.95,smws,pending,NO_CHANGE
f8606bf9-98cf-57dc-982b-517ed63dfe62,abv,,56.9,0.95,smws,pending,NO_CHANGE
f8606bf9-98cf-57dc-982b-517ed63dfe62,region,,Speyside,0.95,smws,pending,NO_CHANGE
5a1f5982-ab45-5817-bd30-555c7d76894c,cask_type,,butt;sherry butt,0.95,smws,pending,NO_CHANGE
5a1f5982-ab45-5817-bd30-555c7d76894c,age,,11.0,0.95,smws,pending,NO_CHANGE
5a1f5982-ab45-5817-bd30-555c7d76894c,abv,,56.7,0.95,smws,pending,NO_CHANGE
5a1f5982-ab45-5817-bd30-555c7d76894c,region,,Highland,0.95,smws,pending,NO_CHANGE
8db39548-50e3-51f6-87dc-ca1fdf263e06,cask_type,,refill,0.95,smws,pending,NO_CHANGE
8db39548-50e3-51f6-87dc-ca1fdf263e06,age,,11.0,0.95,smws,pending,NO_CHANGE
8db39548-50e3-51f6-87dc-ca1fdf263e06,abv,,59.0,0.95,smws,pending,NO_CHANGE
8db39548-50e3-51f6-87dc-ca1fdf263e06,region,,Highland,0.95,smws,pending,NO_CHANGE
5113f64a-ab5f-512f-ac73-1a7c5d6cfd54,cask_type,,refill,0.95,smws,pending,NO_CHANGE
5113f64a-ab5f-512f-ac73-1a7c5d6cfd54,age,,11.0,0.95,smws,pending,NO_CHANGE
5113f64a-ab5f-512f-ac73-1a7c5d6cfd54,abv,,54.4,0.95,smws,pending,NO_CHANGE
5113f64a-ab5f-512f-ac73-1a7c5d6cfd54,region,,Highland,0.95,smws,pending,NO_CHANGE
003ad896-ff8c-513e-b983-26330f7873cc,cask_type,,refill,0.95,smws,pending,NO_CHANGE
003ad896-ff8c-513e-b983-26330f7873cc,age,,11.0,0.95,smws,pending,NO_CHANGE
003ad896-ff8c-513e-b983-26330f7873cc,abv,,58.2,0.95,smws,pending,NO_CHANGE
003ad896-ff8c-513e-b983-26330f7873cc,region,,Highland,0.95,smws,pending,NO_CHANGE
10d0f418-ac1c-5558-a884-3a2d5319526b,cask_type,,refill,0.95,smws,pending,NO_CHANGE
10d0f418-ac1c-5558-a884-3a2d5319526b,age,,11.0,0.95,smws,pending,NO_CHANGE
10d0f418-ac1c-5558-a884-3a2d5319526b,abv,,55.7,0.95,smws,pending,NO_CHANGE
10d0f418-ac1c-5558-a884-3a2d5319526b,region,,Highland,0.95,smws,pending,NO_CHANGE
07367bd2-7af5-5b27-8dc7-6a6cd9bc2fce,cask_type,,refill,0.95,smws,pending,NO_CHANGE
07367bd2-7af5-5b27-8dc7-6a6cd9bc2fce,age,,12.0,0.95,smws,pending,NO_CHANGE
07367bd2-7af5-5b27-8dc7-6a6cd9bc2fce,region,,Highland,0.95,smws,pending,NO_CHANGE
d68e08d8-7767-5ea3-afad-70d0ab12b8cb,age,,16.0,0.95,smws,pending,NO_CHANGE
d68e08d8-7767-5ea3-afad-70d0ab12b8cb,abv,,56.6,0.95,smws,pending,NO_CHANGE
d68e08d8-7767-5ea3-afad-70d0ab12b8cb,region,,Highland,0.95,smws,pending,NO_CHANGE
33d8c3cd-e69f-5cc4-a5d9-f45f76db41ef,cask_type,,hogshead;wine cask,0.95,smws,pending,NO_CHANGE
33d8c3cd-e69f-5cc4-a5d9-f45f76db41ef,age,,10.0,0.95,smws,pending,NO_CHANGE
33d8c3cd-e69f-5cc4-a5d9-f45f76db41ef,abv,,62.7,0.95,smws,pending,NO_CHANGE
33d8c3cd-e69f-5cc4-a5d9-f45f76db41ef,region,,Highland,0.95,smws,pending,NO_CHANGE
6e03dc86-a730-58b4-9c57-95febe213473,cask_type,,butt;olorosa;sherry butt,0.95,smws,pending,NO_CHANGE
6e03dc86-a730-58b4-9c57-95febe213473,age,,23.0,0.95,smws,pending,NO_CHANGE
6e03dc86-a730-58b4-9c57-95febe213473,abv,,48.1,0.95,smws,pending,NO_CHANGE
6e03dc86-a730-58b4-9c57-95febe213473,region,,Highland,0.95,smws,pending,NO_CHANGE
51e65455-edaf-5f32-a2b2-940fde378821,age,,11.0,0.95,smws,pending,NO_CHANGE
51e65455-edaf-5f32-a2b2-940fde378821,abv,,61.0,0.95,smws,pending,NO_CHANGE
51e65455-edaf-5f32-a2b2-940fde378821,region,,Highland,0.95,smws,pending,NO_CHANGE
a3c6cd0a-c560-54d1-900a-9bbc96a86862,cask_type,,refill,0.95,smws,pending,NO_CHANGE
a3c6cd0a-c560-54d1-900a-9bbc96a86862,age,,12.0,0.95,smws,pending,NO_CHANGE
a3c6cd0a-c560-54d1-900a-9bbc96a86862,abv,,58.5,0.95,smws,pending,NO_CHANGE
a3c6cd0a-c560-54d1-900a-9bbc96a86862,region,,Highland,0.95,smws,pending,NO_CHANGE
98c5807f-5dfd-5aa7-a177-9f479bd71266,age,,24.0,0.95,smws,pending,NO_CHANGE
98c5807f-5dfd-5aa7-a177-9f479bd71266,abv,,55.1,0.95,smws,pending,NO_CHANGE
0da77f45-86ad-55d0-b850-f0288859a360,cask_type,,refill,0.95,smws,pending,NO_CHANGE
0da77f45-86ad-55d0-b850-f0288859a360,age,,9.0,0.95,smws,pending,NO_CHANGE
0da77f45-86ad-55d0-b850-f0288859a360,abv,,58.5,0.95,smws,pending,NO_CHANGE
0da77f45-86ad-55d0-b850-f0288859a360,region,,Highland,0.95,smws,pending,NO_CHANGE
094b5ceb-44ee-5701-b034-c068606564f8,cask_type,,refill,0.95,smws,pending,NO_CHANGE
094b5ceb-44ee-5701-b034-c068606564f8,age,,9.0,0.95,smws,pending,NO_CHANGE
094b5ceb-44ee-5701-b034-c068606564f8,abv,,56.8,0.95,smws,pending,NO_CHANGE
094b5ceb-44ee-5701-b034-c068606564f8,region,,Highland,0.95,smws,pending,NO_CHANGE
903f4428-d7b6-5f6d-99ba-bebe5cf4f865,cask_type,,refill,0.95,smws,pending,NO_CHANGE
903f4428-d7b6-5f6d-99ba-bebe5cf4f865,age,,9.0,0.95,smws,pending,NO_CHANGE
903f4428-d7b6-5f6d-99ba-bebe5cf4f865,region,,Highland,0.95,smws,pending,NO_CHANGE
e8f62e02-e7d7-521d-be39-ab07f29b9165,cask_type,,refill,0.95,smws,pending,NO_CHANGE
e8f62e02-e7d7-521d-be39-ab07f29b9165,age,,7.0,0.95,smws,pending,NO_CHANGE
e8f62e02-e7d7-521d-be39-ab07f29b9165,abv,,59.4,0.95,smws,pending,NO_CHANGE
e8f62e02-e7d7-521d-be39-ab07f29b9165,region,,Highland,0.95,smws,pending,NO_CHANGE
61feb702-492b-5674-b911-5ae85fe3918d,age,,20.0,0.95,smws,pending,NO_CHANGE
61feb702-492b-5674-b911-5ae85fe3918d,abv,,59.8,0.95,smws,pending,NO_CHANGE
61feb702-492b-5674-b911-5ae85fe3918d,region,,Highland,0.95,smws,pending,CONFLICT
acf667d2-4834-5850-a161-124d162e118b,cask_type,,butt;refill,0.95,smws,pending,NO_CHANGE
acf667d2-4834-5850-a161-124d162e118b,age,,20.0,0.95,smws,pending,NO_CHANGE
acf667d2-4834-5850-a161-124d162e118b,abv,,57.4,0.95,smws,pending,NO_CHANGE
acf667d2-4834-5850-a161-124d162e118b,region,,Speyside,0.95,smws,pending,NO_CHANGE
96c03c86-ec05-545c-ae61-95e0a6962f6a,age,,13.0,0.95,smws,pending,NO_CHANGE
96c03c86-ec05-545c-ae61-95e0a6962f6a,abv,,56.8,0.95,smws,pending,NO_CHANGE
96c03c86-ec05-545c-ae61-95e0a6962f6a,region,,Speyside,0.95,smws,pending,NO_CHANGE
7433c595-2faf-59e1-b1c7-68efc3409d34,cask_type,,hogshead;refill,0.95,smws,pending,NO_CHANGE
7433c595-2faf-59e1-b1c7-68efc3409d34,age,,27.0,0.95,smws,pending,NO_CHANGE
7433c595-2faf-59e1-b1c7-68efc3409d34,abv,,57.2,0.95,smws,pending,NO_CHANGE
7433c595-2faf-59e1-b1c7-68efc3409d34,region,,Speyside,0.95,smws,pending,NO_CHANGE
bce07d6a-1f60-5499-9e6c-59ea276d8d86,cask_type,,hogshead;refill,0.95,smws,pending,NO_CHANGE
bce07d6a-1f60-5499-9e6c-59ea276d8d86,age,,27.0,0.95,smws,pending,NO_CHANGE
bce07d6a-1f60-5499-9e6c-59ea276d8d86,abv,,57.0,0.95,smws,pending,NO_CHANGE
bce07d6a-1f60-5499-9e6c-59ea276d8d86,region,,Speyside,0.95,smws,pending,NO_CHANGE
0eb2c004-ff1c-57fa-985b-03271491f196,cask_type,,butt;sherry butt,0.95,smws,pending,NO_CHANGE
0eb2c004-ff1c-57fa-985b-03271491f196,age,,23.0,0.95,smws,pending,NO_CHANGE
0eb2c004-ff1c-57fa-985b-03271491f196,abv,,56.3,0.95,smws,pending,NO_CHANGE
0eb2c004-ff1c-57fa-985b-03271491f196,region,,Speyside,0.95,smws,pending,NO_CHANGE
08888c37-9fc1-590c-9147-6c4cec08d9fa,age,,17.0,0.95,smws,pending,NO_CHANGE
08888c37-9fc1-590c-9147-6c4cec08d9fa,abv,,57.2,0.95,smws,pending,NO_CHANGE
08888c37-9fc1-590c-9147-6c4cec08d9fa,region,,Speyside,0.95,smws,pending,NO_CHANGE
932686e9-a892-5876-848c-8eaa8e72cabb,cask_type,,butt;refill,0.95,smws,pending,NO_CHANGE
932686e9-a892-5876-848c-8eaa8e72cabb,age,,17.0,0.95,smws,pending,NO_CHANGE
932686e9-a892-5876-848c-8eaa8e72cabb,region,,Speyside,0.95,smws,pending,NO_CHANGE
bc8e3289-0ab7-57d9-8b9a-42554754f4d5,cask_type,,hogshead;refill,0.95,smws,pending,NO_CHANGE
bc8e3289-0ab7-57d9-8b9a-42554754f4d5,age,,29.0,0.95,smws,pending,NO_CHANGE
bc8e3289-0ab7-57d9-8b9a-42554754f4d5,abv,,53.7,0.95,smws,pending,NO_CHANGE
bc8e3289-0ab7-57d9-8b9a-42554754f4d5,region,,Speyside,0.95,smws,pending,NO_CHANGE
fc17fc25-f5ce-5afb-8926-190c8f6d006d,age,,8.0,0.95,smws,pending,NO_CHANGE
fc17fc25-f5ce-5afb-8926-190c8f6d006d,abv,,60.9,0.95,smws,pending,NO_CHANGE
fc17fc25-f5ce-5afb-8926-190c8f6d006d,region,,Speyside,0.95,smws,pending,NO_CHANGE
7602cca3-5fce-5890-b0c8-87dc7621a683,cask_type,,hogshead;refill,0.95,smws,pending,NO_CHANGE
7602cca3-5fce-5890-b0c8-87dc7621a683,age,,29.0,0.95,smws,pending,NO_CHANGE
7602cca3-5fce-5890-b0c8-87dc7621a683,abv,,49.9,0.95,smws,pending,NO_CHANGE
7602cca3-5fce-5890-b0c8-87dc7621a683,region,,Speyside,0.95,smws,pending,NO_CHANGE
8e16168f-3257-5638-ac7b-7e31fc0a9f3e,cask_type,,hogshead;refill,0.95,smws,pending,NO_CHANGE
8e16168f-3257-5638-ac7b-7e31fc0a9f3e,age,,30.0,0.95,smws,pending,NO_CHANGE
8e16168f-3257-5638-ac7b-7e31fc0a9f3e,abv,,53.2,0.95,smws,pending,NO_CHANGE
8e16168f-3257-5638-ac7b-7e31fc0a9f3e,region,,Speyside,0.95,smws,pending,NO_CHANGE
c45f760d-d60c-5016-8d27-e0934ef882aa,cask_type,,hogshead;refill,0.95,smws,pending,NO_CHANGE
c45f760d-d60c-5016-8d27-e0934ef882aa,age,,30.0,0.95,smws,pending,NO_CHANGE
c45f760d-d60c-5016-8d27-e0934ef882aa,abv,,55.6,0.95,smws,pending,NO_CHANGE
c45f760d-d60c-5016-8d27-e0934ef882aa,region,,Speyside,0.95,smws,pending,NO_CHANGE
ca1fe3c6-a0eb-5dd7-a92a-de5c475cdf59,cask_type,,hogshead;refill,0.95,smws,pending,NO_CHANGE
ca1fe3c6-a0eb-5dd7-a92a-de5c475cdf59,age,,28.0,0.95,smws,pending,NO_CHANGE
ca1fe3c6-a0eb-5dd7-a92a-de5c475cdf59,abv,,50.1,0.95,smws,pending,NO_CHANGE
ca1fe3c6-a0eb-5dd7-a92a-de5c475cdf59,region,,Speyside,0.95,smws,pending,NO_CHANGE
7f7c7191-50b2-52e6-a84f-226071d1c41b,cask_type,,hogshead;refill,0.95,smws,pending,NO_CHANGE
7f7c7191-50b2-52e6-a84f-226071d1c41b,age,,31.0,0.95,smws,pending,NO_CHANGE
7f7c7191-50b2-52e6-a84f-226071d1c41b,abv,,51.1,0.95,smws,pending,NO_CHANGE
7f7c7191-50b2-52e6-a84f-226071d1c41b,region,,Speyside,0.95,smws,pending,NO_CHANGE
adaae249-2a59-5059-aa4d-09eff1f0f0af,cask_type,,hogshead;wine cask,0.95,smws,pending,NO_CHANGE
adaae249-2a59-5059-aa4d-09eff1f0f0af,age,,9.0,0.95,smws,pending,NO_CHANGE
adaae249-2a59-5059-aa4d-09eff1f0f0af,abv,,59.8,0.95,smws,pending,NO_CHANGE
adaae249-2a59-5059-aa4d-09eff1f0f0af,region,,Speyside,0.95,smws,pending,NO_CHANGE
2e954436-5611-52fc-a7aa-68ae5303ce3d,cask_type,,hogshead;wine cask,0.95,smws,pending,NO_CHANGE
2e954436-5611-52fc-a7aa-68ae5303ce3d,age,,10.0,0.95,smws,pending,NO_CHANGE
2e954436-5611-52fc-a7aa-68ae5303ce3d,abv,,59.8,0.95,smws,pending,NO_CHANGE
2e954436-5611-52fc-a7aa-68ae5303ce3d,region,,Speyside,0.95,smws,pending,NO_CHANGE
ab1acf78-01da-5510-8850-5a7dd3f9c627,cask_type,,hogshead;refill,0.95,smws,pending,NO_CHANGE
ab1acf78-01da-5510-8850-5a7dd3f9c627,age,,32.0,0.95,smws,pending,NO_CHANGE
ab1acf78-01da-5510-8850-5a7dd3f9c627,abv,,52.2,0.95,smws,pending,NO_CHANGE
ab1acf78-01da-5510-8850-5a7dd3f9c627,region,,Speyside,0.95,smws,pending,NO_CHANGE
fc8f57db-14b0-510a-8403-655d55bc07ff,cask_type,,hogshead;wine cask,0.95,smws,pending,NO_CHANGE
fc8f57db-14b0-510a-8403-655d55bc07ff,age,,10.0,0.95,smws,pending,NO_CHANGE
fc8f57db-14b0-510a-8403-655d55bc07ff,abv,,59.7,0.95,smws,pending,NO_CHANGE
fc8f57db-14b0-510a-8403-655d55bc07ff,region,,Speyside,0.95,smws,pending,NO_CHANGE
752ca0b5-c422-52fd-951e-a9673675b22d,age,,15.0,0.95,smws,pending,NO_CHANGE
752ca0b5-c422-52fd-951e-a9673675b22d,abv,,60.1,0.95,smws,pending,NO_CHANGE
752ca0b5-c422-52fd-951e-a9673675b22d,region,,Highlands,0.95,smws,pending,CONFLICT
fa771b36-e4d3-5220-9bc8-0617a8448f30,cask_type,,refill,0.95,smws,pending,NO_CHANGE
fa771b36-e4d3-5220-9bc8-0617a8448f30,age,,17.0,0.95,smws,pending,NO_CHANGE
fa771b36-e4d3-5220-9bc8-0617a8448f30,abv,,58.8,0.95,smws,pending,NO_CHANGE
fa771b36-e4d3-5220-9bc8-0617a8448f30,region,,Speyside,0.95,smws,pending,NO_CHANGE
f3f011f2-b25d-5179-8c04-076fc2a85544,cask_type,,butt;sherry butt,0.95,smws,pending,NO_CHANGE
f3f011f2-b25d-5179-8c04-076fc2a85544,age,,18.0,0.95,smws,pending,NO_CHANGE
f3f011f2-b25d-5179-8c04-076fc2a85544,abv,,53.8,0.95,smws,pending,NO_CHANGE
f3f011f2-b25d-5179-8c04-076fc2a85544,region,,Speyside,0.95,smws,pending,NO_CHANGE
7910972e-e232-5dba-915d-ef3f08fa2fb0,cask_type,,butt;sherry butt,0.95,smws,pending,NO_CHANGE
7910972e-e232-5dba-915d-ef3f08fa2fb0,age,,28.0,0.95,smws,pending,NO_CHANGE
7910972e-e232-5dba-915d-ef3f08fa2fb0,abv,,53.2,0.95,smws,pending,NO_CHANGE
7910972e-e232-5dba-915d-ef3f08fa2fb0,region,,Speyside,0.95,smws,pending,NO_CHANGE
8e2907f2-6c13-5ac0-a1d3-aac059598b90,cask_type,,butt;sherry butt,0.95,smws,pending,NO_CHANGE
8e2907f2-6c13-5ac0-a1d3-aac059598b90,age,,19.0,0.95,smws,pending,NO_CHANGE
8e2907f2-6c13-5ac0-a1d3-aac059598b90,abv,,56.1,0.95,smws,pending,NO_CHANGE
8e2907f2-6c13-5ac0-a1d3-aac059598b90,region,,Speyside,0.95,smws,pending,NO_CHANGE
e18688e2-f4bf-5bd5-a3de-095ea7c12f5b,cask_type,,refill,0.95,smws,pending,NO_CHANGE
e18688e2-f4bf-5bd5-a3de-095ea7c12f5b,age,,12.0,0.95,smws,pending,NO_CHANGE
e18688e2-f4bf-5bd5-a3de-095ea7c12f5b,abv,,57.6,0.95,smws,pending,NO_CHANGE
e18688e2-f4bf-5bd5-a3de-095ea7c12f5b,region,,Speyside,0.95,smws,pending,NO_CHANGE
e5798dbd-bd37-50b6-acb8-0e3b106dd468,cask_type,,refill,0.95,smws,pending,NO_CHANGE
e5798dbd-bd37-50b6-acb8-0e3b106dd468,age,,12.0,0.95,smws,pending,NO_CHANGE
e5798dbd-bd37-50b6-acb8-0e3b106dd468,abv,,57.8,0.95,smws,pending,NO_CHANGE
e5798dbd-bd37-50b6-acb8-0e3b106dd468,region,,Speyside,0.95,smws,pending,NO_CHANGE
64a27f21-5d90-5b2a-8658-10e1206fc801,cask_type,,hogshead;refill,0.95,smws,pending,NO_CHANGE
64a27f21-5d90-5b2a-8658-10e1206fc801,age,,20.0,0.95,smws,pending,NO_CHANGE
64a27f21-5d90-5b2a-8658-10e1206fc801,abv,,57.4,0.95,smws,pending,NO_CHANGE
64a27f21-5d90-5b2a-8658-10e1206fc801,region,,Speyside,0.95,smws,pending,NO_CHANGE
411557a7-174a-56a5-9ff7-a4df831c49e5,cask_type,,butt;sherry butt,0.95,smws,pending,NO_CHANGE
411557a7-174a-56a5-9ff7-a4df831c49e5,age,,23.0,0.95,smws,pending,NO_CHANGE
411557a7-174a-56a5-9ff7-a4df831c49e5,abv,,57.5,0.95,smws,pending,NO_CHANGE
411557a7-174a-56a5-9ff7-a4df831c49e5,region,,Speyside,0.95,smws,pending,NO_CHANGE
89d05ac8-33ab-510a-b455-24233ab73114,cask_type,,butt;sherry butt,0.95,smws,pending,NO_CHANGE
89d05ac8-33ab-510a-b455-24233ab73114,age,,10.0,0.95,smws,pending,NO_CHANGE
89d05ac8-33ab-510a-b455-24233ab73114,abv,,58.9,0.95,smws,pending,NO_CHANGE
89d05ac8-33ab-510a-b455-24233ab73114,region,,Speyside,0.95,smws,pending,NO_CHANGE
0dccc341-154b-5284-962c-a6bd0040f621,cask_type,,refill,0.95,smws,pending,NO_CHANGE
0dccc341-154b-5284-962c-a6bd0040f621,age,,20.0,0.95,smws,pending,NO_CHANGE
0dccc341-154b-5284-962c-a6bd0040f621,abv,,57.2,0.95,smws,pending,NO_CHANGE
0dccc341-154b-5284-962c-a6bd0040f621,region,,Speyside,0.95,smws,pending,NO_CHANGE
fe67b7c9-ffc7-58ae-84fa-1382508a5218,cask_type,,refill,0.95,smws,pending,NO_CHANGE
fe67b7c9-ffc7-58ae-84fa-1382508a5218,age,,20.0,0.95,smws,pending,NO_CHANGE
fe67b7c9-ffc7-58ae-84fa-1382508a5218,abv,,57.7,0.95,smws,pending,NO_CHANGE
fe67b7c9-ffc7-58ae-84fa-1382508a5218,region,,Speyside,0.95,smws,pending,NO_CHANGE
4a01c82a-3db3-5c8f-be3f-8e44c303493c,cask_type,,butt;refill,0.95,smws,pending,NO_CHANGE
4a01c82a-3db3-5c8f-be3f-8e44c303493c,age,,24.0,0.95,smws,pending,NO_CHANGE
4a01c82a-3db3-5c8f-be3f-8e44c303493c,abv,,57.0,0.95,smws,pending,NO_CHANGE
4a01c82a-3db3-5c8f-be3f-8e44c303493c,region,,Speyside,0.95,smws,pending,NO_CHANGE
1bc81389-4831-5bd2-b761-971e178944b2,cask_type,,olorosa;sherry butt,0.95,smws,pending,NO_CHANGE
1bc81389-4831-5bd2-b761-971e178944b2,age,,24.0,0.95,smws,pending,NO_CHANGE
1bc81389-4831-5bd2-b761-971e178944b2,abv,,57.2,0.95,smws,pending,NO_CHANGE
1bc81389-4831-5bd2-b761-971e178944b2,region,,Speyside,0.95,smws,pending,NO_CHANGE
f9819506-4d77-5333-be41-077267d308d5,cask_type,,butt;refill,0.95,smws,pending,NO_CHANGE
f9819506-4d77-5333-be41-077267d308d5,age,,11.0,0.95,smws,pending,NO_CHANGE
f9819506-4d77-5333-be41-077267d308d5,abv,,59.8,0.95,smws,pending,NO_CHANGE
f9819506-4d77-5333-be41-077267d308d5,region,,Speyside,0.95,smws,pending,NO_CHANGE
30edb3eb-bfa3-5b61-8975-9c01b5fae902,cask_type,,butt;refill,0.95,smws,pending,NO_CHANGE
30edb3eb-bfa3-5b61-8975-9c01b5fae902,age,,24.0,0.95,smws,pending,NO_CHANGE
30edb3eb-bfa3-5b61-8975-9c01b5fae902,abv,,58.4,0.95,smws,pending,NO_CHANGE
30edb3eb-bfa3-5b61-8975-9c01b5fae902,region,,Speyside,0.95,smws,pending,NO_CHANGE
16695efa-7910-552d-ac74-1b768a2ea41a,cask_type,,butt;refill,0.95,smws,pending,NO_CHANGE
16695efa-7910-552d-ac74-1b768a2ea41a,age,,24.0,0.95,smws,pending,NO_CHANGE
16695efa-7910-552d-ac74-1b768a2ea41a,abv,,55.9,0.95,smws,pending,NO_CHANGE
16695efa-7910-552d-ac74-1b768a2ea41a,region,,Speyside,0.95,smws,pending,NO_CHANGE
ee9c20f2-430a-5a05-b317-f9a70aabe36f,cask_type,,butt;refill,0.95,smws,pending,NO_CHANGE
ee9c20f2-430a-5a05-b317-f9a70aabe36f,age,,22.0,0.95,smws,pending,NO_CHANGE
ee9c20f2-430a-5a05-b317-f9a70aabe36f,abv,,52.9,0.95,smws,pending,NO_CHANGE
ee9c20f2-430a-5a05-b317-f9a70aabe36f,region,,Speyside,0.95,smws,pending,NO_CHANGE
659fa17f-9402-5b4c-98bc-efe4cdcd0639,cask_type,,hogshead;refill,0.95,smws,pending,NO_CHANGE
659fa17f-9402-5b4c-98bc-efe4cdcd0639,age,,18.0,0.95,smws,pending,NO_CHANGE
659fa17f-9402-5b4c-98bc-efe4cdcd0639,abv,,57.8,0.95,smws,pending,NO_CHANGE
659fa17f-9402-5b4c-98bc-efe4cdcd0639,region,,Speyside,0.95,smws,pending,NO_CHANGE
64bece66-a276-59cd-85e0-116eac0fe3fb,cask_type,,first-fill barrel,0.95,smws,pending,NO_CHANGE
64bece66-a276-59cd-85e0-116eac0fe3fb,age,,9.0,0.95,smws,pending,NO_CHANGE
64bece66-a276-59cd-85e0-116eac0fe3fb,abv,,62.1,0.95,smws,pending,NO_CHANGE
64bece66-a276-59cd-85e0-116eac0fe3fb,region,,Speyside,0.95,smws,pending,NO_CHANGE
221c78dd-bb71-5195-bd7f-0ed89a61bf3c,cask_type,,butt;refill,0.95,smws,pending,NO_CHANGE
221c78dd-bb71-5195-bd7f-0ed89a61bf3c,age,,19.0,0.95,smws,pending,NO_CHANGE
221c78dd-bb71-5195-bd7f-0ed89a61bf3c,abv,,59.3,0.95,smws,pending,NO_CHANGE
221c78dd-bb71-5195-bd7f-0ed89a61bf3c,region,,Speyside,0.95,smws,pending,NO_CHANGE
a8d7748f-0f85-5d44-863a-0505f8fe138e,cask_type,,first-fill barrel,0.95,smws,pending,NO_CHANGE
a8d7748f-0f85-5d44-863a-0505f8fe138e,age,,8.0,0.95,smws,pending,NO_CHANGE
a8d7748f-0f85-5d44-863a-0505f8fe138e,abv,,59.5,0.95,smws,pending,NO_CHANGE
a8d7748f-0f85-5d44-863a-0505f8fe138e,region,,Speyside,0.95,smws,pending,NO_CHANGE
f34d1084-aceb-5e69-aa4c-3d706a26afcd,cask_type,,first-fill barrel,0.95,smws,pending,NO_CHANGE
f34d1084-aceb-5e69-aa4c-3d706a26afcd,age,,11.0,0.95,smws,pending,NO_CHANGE
f34d1084-aceb-5e69-aa4c-3d706a26afcd,abv,,58.5,0.95,smws,pending,NO_CHANGE
f34d1084-aceb-5e69-aa4c-3d706a26afcd,region,,Speyside,0.95,smws,pending,NO_CHANGE
219ebc0e-daa5-51ab-8faa-05c8d6c4820f,cask_type,,hogshead;refill,0.95,smws,pending,NO_CHANGE
219ebc0e-daa5-51ab-8faa-05c8d6c4820f,age,,26.0,0.95,smws,pending,NO_CHANGE
219ebc0e-daa5-51ab-8faa-05c8d6c4820f,abv,,58.0,0.95,smws,pending,NO_CHANGE
219ebc0e-daa5-51ab-8faa-05c8d6c4820f,region,,Speyside,0.95,smws,pending,NO_CHANGE
0c56eb49-b5da-5493-b1ff-c097bcda1408,cask_type,,hogshead;refill,0.95,smws,pending,NO_CHANGE
0c56eb49-b5da-5493-b1ff-c097bcda1408,age,,27.0,0.95,smws,pending,NO_CHANGE
0c56eb49-b5da-5493-b1ff-c097bcda1408,abv,,49.5,0.95,smws,pending,NO_CHANGE
0c56eb49-b5da-5493-b1ff-c097bcda1408,region,,Speyside,0.95,smws,pending,NO_CHANGE
2e8dc7db-7fb6-5efc-898f-4dcf24d7fc7a,cask_type,,butt;refill,0.95,smws,pending,NO_CHANGE
2e8dc7db-7fb6-5efc-898f-4dcf24d7fc7a,age,,18.0,0.95,smws,pending,NO_CHANGE
2e8dc7db-7fb6-5efc-898f-4dcf24d7fc7a,abv,,56.7,0.95,smws,pending,NO_CHANGE
2e8dc7db-7fb6-5efc-898f-4dcf24d7fc7a,region,,Speyside,0.95,smws,pending,NO_CHANGE
0280ab12-6806-55fd-a2c4-5f2312fb186a,cask_type,,first-fill barrel,0.95,smws,pending,NO_CHANGE
0280ab12-6806-55fd-a2c4-5f2312fb186a,age,,10.0,0.95,smws,pending,NO_CHANGE
0280ab12-6806-55fd-a2c4-5f2312fb186a,abv,,58.9,0.95,smws,pending,NO_CHANGE
0280ab12-6806-55fd-a2c4-5f2312fb186a,region,,Speyside,0.95,smws,pending,NO_CHANGE
bef097ab-93a1-529c-b120-7fd87b6120ca,cask_type,,hogshead;refill,0.95,smws,pending,NO_CHANGE
bef097ab-93a1-529c-b120-7fd87b6120ca,age,,28.0,0.95,smws,pending,NO_CHANGE
bef097ab-93a1-529c-b120-7fd87b6120ca,abv,,55.9,0.95,smws,pending,NO_CHANGE
bef097ab-93a1-529c-b120-7fd87b6120ca,region,,Speyside,0.95,smws,pending,NO_CHANGE
9dc633f5-ba81-56d7-974d-c53755c4717a,cask_type,,hogshead;refill,0.95,smws,pending,NO_CHANGE
9dc633f5-ba81-56d7-974d-c53755c4717a,age,,28.0,0.95,smws,pending,NO_CHANGE
9dc633f5-ba81-56d7-974d-c53755c4717a,abv,,54.0,0.95,smws,pending,NO_CHANGE
9dc633f5-ba81-56d7-974d-c53755c4717a,region,,Speyside,0.95,smws,pending,NO_CHANGE
5f4f2d5f-070a-50c4-a62a-aa719e3c30e2,cask_type,,hogshead;refill,0.95,smws,pending,NO_CHANGE
5f4f2d5f-070a-50c4-a62a-aa719e3c30e2,age,,28.0,0.95,smws,pending,NO_CHANGE
5f4f2d5f-070a-50c4-a62a-aa719e3c30e2,abv,,57.0,0.95,smws,pending,NO_CHANGE
5f4f2d5f-070a-50c4-a62a-aa719e3c30e2,region,,Speyside,0.95,smws,pending,NO_CHANGE
741ae3e7-d2db-53fb-9dae-37d261992741,age,,10.0,0.95,smws,pending,NO_CHANGE
741ae3e7-d2db-53fb-9dae-37d261992741,abv,,59.8,0.95,smws,pending,NO_CHANGE
741ae3e7-d2db-53fb-9dae-37d261992741,region,,Highlands,0.95,smws,pending,CONFLICT
0a22e0a5-c1ea-5b81-b5ae-88bd79521596,cask_type,,hogshead;refill,0.95,smws,pending,NO_CHANGE
0a22e0a5-c1ea-5b81-b5ae-88bd79521596,age,,23.0,0.95,smws,pending,NO_CHANGE
0a22e0a5-c1ea-5b81-b5ae-88bd79521596,abv,,58.5,0.95,smws,pending,NO_CHANGE
0a22e0a5-c1ea-5b81-b5ae-88bd79521596,region,,Speyside,0.95,smws,pending,NO_CHANGE
c0b90a52-c229-5089-ab19-85bce0b1c238,cask_type,,butt;sherry butt,0.95,smws,pending,NO_CHANGE
c0b90a52-c229-5089-ab19-85bce0b1c238,age,,15.0,0.95,smws,pending,NO_CHANGE
c0b90a52-c229-5089-ab19-85bce0b1c238,abv,,57.6,0.95,smws,pending,NO_CHANGE
c0b90a52-c229-5089-ab19-85bce0b1c238,region,,Speyside,0.95,smws,pending,NO_CHANGE
6fcc98cd-2e99-592a-8843-916dc6e0ee1a,cask_type,,butt;first-fill;sherry butt,0.95,smws,pending,NO_CHANGE
6fcc98cd-2e99-592a-8843-916dc6e0ee1a,age,,14.0,0.95,smws,pending,NO_CHANGE
6fcc98cd-2e99-592a-8843-916dc6e0ee1a,abv,,55.8,0.95,smws,pending,NO_CHANGE
6fcc98cd-2e99-592a-8843-916dc6e0ee1a,region,,Speyside,0.95,smws,pending,NO_CHANGE
3dd332bd-8e00-50bb-a3a5-69e382ecb5b2,cask_type,,butt;sherry butt,0.95,smws,pending,NO_CHANGE
3dd332bd-8e00-50bb-a3a5-69e382ecb5b2,age,,16.0,0.95,smws,pending,NO_CHANGE
3dd332bd-8e00-50bb-a3a5-69e382ecb5b2,abv,,58.9,0.95,smws,pending,NO_CHANGE
3dd332bd-8e00-50bb-a3a5-69e382ecb5b2,region,,Speyside,0.95,smws,pending,NO_CHANGE
10b6adca-257b-5eeb-a9d0-747a44a007f6,cask_type,,first-fill barrel,0.95,smws,pending,NO_CHANGE
10b6adca-257b-5eeb-a9d0-747a44a007f6,age,,8.0,0.95,smws,pending,NO_CHANGE
10b6adca-257b-5eeb-a9d0-747a44a007f6,abv,,60.1,0.95,smws,pending,NO_CHANGE
10b6adca-257b-5eeb-a9d0-747a44a007f6,region,,Speyside,0.95,smws,pending,NO_CHANGE
549cadc7-e9b9-516a-8616-09d62dc14bf0,cask_type,,butt;sherry butt,0.95,smws,pending,NO_CHANGE
549cadc7-e9b9-516a-8616-09d62dc14bf0,age,,21.0,0.95,smws,pending,NO_CHANGE
549cadc7-e9b9-516a-8616-09d62dc14bf0,abv,,57.8,0.95,smws,pending,NO_CHANGE
549cadc7-e9b9-516a-8616-09d62dc14bf0,region,,Speyside,0.95,smws,pending,NO_CHANGE
2f459f94-f840-5e81-94f2-609a527e9ae0,cask_type,,butt;sherry butt,0.95,smws,pending,NO_CHANGE
2f459f94-f840-5e81-94f2-609a527e9ae0,age,,15.0,0.95,smws,pending,NO_CHANGE
2f459f94-f840-5e81-94f2-609a527e9ae0,abv,,55.2,0.95,smws,pending,NO_CHANGE
2f459f94-f840-5e81-94f2-609a527e9ae0,region,,Speyside,0.95,smws,pending,NO_CHANGE
c67fbbe5-64e6-5ad6-8b88-49c53ec76e5f,age,,9.0,0.95,smws,pending,NO_CHANGE
c67fbbe5-64e6-5ad6-8b88-49c53ec76e5f,abv,,58.9,0.95,smws,pending,NO_CHANGE
c67fbbe5-64e6-5ad6-8b88-49c53ec76e5f,region,,Speyside,0.95,smws,pending,NO_CHANGE
ab03948b-3bbf-5756-a153-4fc2c3a76be9,cask_type,,hogshead;refill,0.95,smws,pending,NO_CHANGE
ab03948b-3bbf-5756-a153-4fc2c3a76be9,age,,26.0,0.95,smws,pending,NO_CHANGE
ab03948b-3bbf-5756-a153-4fc2c3a76be9,abv,,59.4,0.95,smws,pending,NO_CHANGE
ab03948b-3bbf-5756-a153-4fc2c3a76be9,region,,Speyside,0.95,smws,pending,NO_CHANGE
cc5dce24-ab72-5240-8b3d-f6eb89f15751,cask_type,,hogshead;refill,0.95,smws,pending,NO_CHANGE
cc5dce24-ab72-5240-8b3d-f6eb89f15751,age,,25.0,0.95,smws,pending,NO_CHANGE
cc5dce24-ab72-5240-8b3d-f6eb89f15751,abv,,55.2,0.95,smws,pending,NO_CHANGE
cc5dce24-ab72-5240-8b3d-f6eb89f15751,region,,Speyside,0.95,smws,pending,NO_CHANGE
5481dcb4-a598-57f4-b634-0a2e4256aa3d,cask_type,,butt;refill,0.95,smws,pending,NO_CHANGE
5481dcb4-a598-57f4-b634-0a2e4256aa3d,age,,17.0,0.95,smws,pending,NO_CHANGE
5481dcb4-a598-57f4-b634-0a2e4256aa3d,abv,,57.2,0.95,smws,pending,NO_CHANGE
5481dcb4-a598-57f4-b634-0a2e4256aa3d,region,,Speyside,0.95,smws,pending,NO_CHANGE
7c33a44c-e616-56d7-b62c-b00c06c9421a,cask_type,,first-fill barrel,0.95,smws,pending,NO_CHANGE
7c33a44c-e616-56d7-b62c-b00c06c9421a,age,,9.0,0.95,smws,pending,NO_CHANGE
7c33a44c-e616-56d7-b62c-b00c06c9421a,abv,,61.7,0.95,smws,pending,NO_CHANGE
7c33a44c-e616-56d7-b62c-b00c06c9421a,region,,Speyside,0.95,smws,pending,NO_CHANGE
4ab82ff5-abef-551c-b8cf-6b145556807a,cask_type,,hogshead;refill,0.95,smws,pending,NO_CHANGE
4ab82ff5-abef-551c-b8cf-6b145556807a,age,,22.0,0.95,smws,pending,NO_CHANGE
4ab82ff5-abef-551c-b8cf-6b145556807a,abv,,58.8,0.95,smws,pending,NO_CHANGE
19855d22-d283-544c-a121-614fa26f6d2e,age,,23.0,0.95,smws,pending,NO_CHANGE
19855d22-d283-544c-a121-614fa26f6d2e,abv,,56.8,0.95,smws,pending,NO_CHANGE
d1981713-e98c-5f54-81a0-2b2896907de6,cask_type,,hogshead;refill,0.95,smws,pending,NO_CHANGE
d1981713-e98c-5f54-81a0-2b2896907de6,age,,23.0,0.95,smws,pending,NO_CHANGE
d1981713-e98c-5f54-81a0-2b2896907de6,abv,,56.8,0.95,smws,pending,NO_CHANGE
da27ee95-83e4-504a-88eb-0806692b48cb,cask_type,,hogshead;refill,0.95,smws,pending,NO_CHANGE
da27ee95-83e4-504a-88eb-0806692b48cb,age,,11.0,0.95,smws,pending,NO_CHANGE
da27ee95-83e4-504a-88eb-0806692b48cb,abv,,55.2,0.95,smws,pending,NO_CHANGE
cf2068aa-0fac-581e-9846-b083de235ac5,cask_type,,hogshead,0.95,smws,pending,NO_CHANGE
cf2068aa-0fac-581e-9846-b083de235ac5,age,,25.0,0.95,smws,pending,NO_CHANGE
cf2068aa-0fac-581e-9846-b083de235ac5,abv,,54.9,0.95,smws,pending,NO_CHANGE
cf2068aa-0fac-581e-9846-b083de235ac5,region,,Highland,0.95,smws,pending,NO_CHANGE
6cb6a8ef-a2c6-530d-b1fe-473f6d2028b9,cask_type,,hogshead;refill,0.95,smws,pending,NO_CHANGE
6cb6a8ef-a2c6-530d-b1fe-473f6d2028b9,age,,9.0,0.95,smws,pending,NO_CHANGE
6cb6a8ef-a2c6-530d-b1fe-473f6d2028b9,abv,,61.9,0.95,smws,pending,NO_CHANGE
6cb6a8ef-a2c6-530d-b1fe-473f6d2028b9,region,,Highland,0.95,smws,pending,NO_CHANGE
ee70ee48-d0ee-5c67-a09d-1476f49706b6,cask_type,,refill,0.95,smws,pending,NO_CHANGE
ee70ee48-d0ee-5c67-a09d-1476f49706b6,age,,11.0,0.95,smws,pending,NO_CHANGE
ee70ee48-d0ee-5c67-a09d-1476f49706b6,abv,,58.0,0.95,smws,pending,NO_CHANGE
ee70ee48-d0ee-5c67-a09d-1476f49706b6,region,,Highland,0.95,smws,pending,NO_CHANGE
39507de9-8840-575a-8cfe-228d45578d40,cask_type,,refill,0.95,smws,pending,NO_CHANGE
39507de9-8840-575a-8cfe-228d45578d40,age,,11.0,0.95,smws,pending,NO_CHANGE
39507de9-8840-575a-8cfe-228d45578d40,abv,,58.4,0.95,smws,pending,NO_CHANGE
39507de9-8840-575a-8cfe-228d45578d40,region,,Highland,0.95,smws,pending,NO_CHANGE
ed611e8d-52c4-5ee8-a5cd-39c766619fab,cask_type,,butt;sherry butt,0.95,smws,pending,NO_CHANGE
ed611e8d-52c4-5ee8-a5cd-39c766619fab,age,,16.0,0.95,smws,pending,NO_CHANGE
ed611e8d-52c4-5ee8-a5cd-39c766619fab,abv,,55.1,0.95,smws,pending,NO_CHANGE
ed611e8d-52c4-5ee8-a5cd-39c766619fab,region,,Highland,0.95,smws,pending,NO_CHANGE
332742fb-7e74-54ea-b106-ef4891386b98,cask_type,,butt;sherry butt,0.95,smws,pending,NO_CHANGE
332742fb-7e74-54ea-b106-ef4891386b98,age,,32.0,0.95,smws,pending,NO_CHANGE
332742fb-7e74-54ea-b106-ef4891386b98,abv,,56.4,0.95,smws,pending,NO_CHANGE
332742fb-7e74-54ea-b106-ef4891386b98,region,,Highlands,0.95,smws,pending,CONFLICT
b5e4ba52-de1f-527a-81f7-87f07b3560e9,age,,13.0,0.95,smws,pending,NO_CHANGE
b5e4ba52-de1f-527a-81f7-87f07b3560e9,abv,,60.5,0.95,smws,pending,NO_CHANGE
b5e4ba52-de1f-527a-81f7-87f07b3560e9,region,,Highlands,0.95,smws,pending,CONFLICT
9e1c7d21-d46e-501f-b4db-cb9c49b927e2,cask_type,,olorosa,0.95,smws,pending,NO_CHANGE
9e1c7d21-d46e-501f-b4db-cb9c49b927e2,age,,32.0,0.95,smws,pending,NO_CHANGE
9e1c7d21-d46e-501f-b4db-cb9c49b927e2,abv,,55.0,0.95,smws,pending,NO_CHANGE
9e1c7d21-d46e-501f-b4db-cb9c49b927e2,region,,Highlands,0.95,smws,pending,CONFLICT
82b4b3aa-0e01-50cc-baf0-9c7833bb4889,cask_type,,puncheon;refill,0.95,smws,pending,NO_CHANGE
82b4b3aa-0e01-50cc-baf0-9c7833bb4889,age,,13.0,0.95,smws,pending,NO_CHANGE
82b4b3aa-0e01-50cc-baf0-9c7833bb4889,abv,,55.7,0.95,smws,pending,NO_CHANGE
104887c8-abd6-5fae-becf-239ad918692a,cask_type,,olorosa;sherry butt,0.95,smws,pending,NO_CHANGE
104887c8-abd6-5fae-becf-239ad918692a,age,,17.0,0.95,smws,pending,NO_CHANGE
104887c8-abd6-5fae-becf-239ad918692a,abv,,54.9,0.95,smws,pending,NO_CHANGE
104887c8-abd6-5fae-becf-239ad918692a,region,,Highland,0.95,smws,pending,NO_CHANGE
77c09b79-6362-5af1-91de-efd402793afe,cask_type,,hogshead;refill,0.95,smws,pending,NO_CHANGE
77c09b79-6362-5af1-91de-efd402793afe,age,,12.0,0.95,smws,pending,NO_CHANGE
77c09b79-6362-5af1-91de-efd402793afe,abv,,59.3,0.95,smws,pending,NO_CHANGE
77c09b79-6362-5af1-91de-efd402793afe,region,,Speyside,0.95,smws,pending,NO_CHANGE
a476297a-52c4-5ea1-b5d3-e71272f798d7,cask_type,,refill,0.95,smws,pending,NO_CHANGE
a476297a-52c4-5ea1-b5d3-e71272f798d7,age,,11.0,0.95,smws,pending,NO_CHANGE
a476297a-52c4-5ea1-b5d3-e71272f798d7,abv,,56.4,0.95,smws,pending,NO_CHANGE
a476297a-52c4-5ea1-b5d3-e71272f798d7,region,,Speyside,0.95,smws,pending,NO_CHANGE
f76b4f4e-43c3-5527-aac8-d588a46256ae,cask_type,,refill,0.95,smws,pending,NO_CHANGE
f76b4f4e-43c3-5527-aac8-d588a46256ae,age,,13.0,0.95,smws,pending,NO_CHANGE
f76b4f4e-43c3-5527-aac8-d588a46256ae,abv,,56.6,0.95,smws,pending,NO_CHANGE
f76b4f4e-43c3-5527-aac8-d588a46256ae,region,,Speyside,0.95,smws,pending,NO_CHANGE
fd6370a3-9f51-5217-b71d-e3acf90b390f,age,,14.0,0.95,smws,pending,NO_CHANGE
fd6370a3-9f51-5217-b71d-e3acf90b390f,abv,,55.3,0.95,smws,pending,NO_CHANGE
fd6370a3-9f51-5217-b71d-e3acf90b390f,region,,Speyside,0.95,smws,pending,NO_CHANGE
68029326-80e1-58d6-b7ad-e3f741a03fde,age,,9.0,0.95,smws,pending,NO_CHANGE
68029326-80e1-58d6-b7ad-e3f741a03fde,abv,,58.7,0.95,smws,pending,NO_CHANGE
68029326-80e1-58d6-b7ad-e3f741a03fde,region,,Highlands,0.95,smws,pending,CONFLICT
c30c9832-554a-5c5d-af13-9971a95e97dd,cask_type,,butt;refill,0.95,smws,pending,NO_CHANGE
c30c9832-554a-5c5d-af13-9971a95e97dd,age,,10.0,0.95,smws,pending,NO_CHANGE
c30c9832-554a-5c5d-af13-9971a95e97dd,abv,,60.2,0.95,smws,pending,NO_CHANGE
c30c9832-554a-5c5d-af13-9971a95e97dd,region,,Speyside,0.95,smws,pending,NO_CHANGE
a7bde329-5296-5cf5-a9cb-367459f8e0a6,cask_type,,butt;sherry butt,0.95,smws,pending,NO_CHANGE
a7bde329-5296-5cf5-a9cb-367459f8e0a6,age,,12.0,0.95,smws,pending,NO_CHANGE
a7bde329-5296-5cf5-a9cb-367459f8e0a6,abv,,60.0,0.95,smws,pending,NO_CHANGE
a7bde329-5296-5cf5-a9cb-367459f8e0a6,region,,Speyside,0.95,smws,pending,NO_CHANGE
116dcdfc-c858-5bfd-aa9d-d3a78211ff7a,cask_type,,butt;sherry butt,0.95,smws,pending,NO_CHANGE
116dcdfc-c858-5bfd-aa9d-d3a78211ff7a,age,,12.0,0.95,smws,pending,NO_CHANGE
116dcdfc-c858-5bfd-aa9d-d3a78211ff7a,abv,,59.4,0.95,smws,pending,NO_CHANGE
116dcdfc-c858-5bfd-aa9d-d3a78211ff7a,region,,Speyside,0.95,smws,pending,NO_CHANGE
0995b0b0-eefd-5387-92cf-f2375ccb7322,cask_type,,hogshead;refill,0.95,smws,pending,NO_CHANGE
0995b0b0-eefd-5387-92cf-f2375ccb7322,age,,13.0,0.95,smws,pending,NO_CHANGE
0995b0b0-eefd-5387-92cf-f2375ccb7322,abv,,56.3,0.95,smws,pending,NO_CHANGE
0995b0b0-eefd-5387-92cf-f2375ccb7322,region,,Speyside,0.95,smws,pending,NO_CHANGE
ee0ad751-8b26-56f4-8bf6-0554a423bc61,cask_type,,hogshead;refill,0.95,smws,pending,NO_CHANGE
ee0ad751-8b26-56f4-8bf6-0554a423bc61,age,,29.0,0.95,smws,pending,NO_CHANGE
ee0ad751-8b26-56f4-8bf6-0554a423bc61,abv,,44.1,0.95,smws,pending,NO_CHANGE
ee0ad751-8b26-56f4-8bf6-0554a423bc61,region,,Speyside,0.95,smws,pending,NO_CHANGE
d4172067-7833-5b17-9570-3cb93f05c752,cask_type,,hogshead;refill,0.95,smws,pending,NO_CHANGE
d4172067-7833-5b17-9570-3cb93f05c752,age,,15.0,0.95,smws,pending,NO_CHANGE
d4172067-7833-5b17-9570-3cb93f05c752,abv,,54.2,0.95,smws,pending,NO_CHANGE
d4172067-7833-5b17-9570-3cb93f05c752,region,,Speyside,0.95,smws,pending,NO_CHANGE
4968639a-5c6f-5170-a24f-491787ad174d,cask_type,,first-fill barrel,0.95,smws,pending,NO_CHANGE
4968639a-5c6f-5170-a24f-491787ad174d,age,,9.0,0.95,smws,pending,NO_CHANGE
4968639a-5c6f-5170-a24f-491787ad174d,abv,,60.6,0.95,smws,pending,NO_CHANGE
4968639a-5c6f-5170-a24f-491787ad174d,region,,Speyside,0.95,smws,pending,NO_CHANGE
3a3722df-f44d-5007-ac82-7ad965e4d906,cask_type,,refill,0.95,smws,pending,NO_CHANGE
3a3722df-f44d-5007-ac82-7ad965e4d906,age,,19.0,0.95,smws,pending,NO_CHANGE
3a3722df-f44d-5007-ac82-7ad965e4d906,abv,,56.7,0.95,smws,pending,NO_CHANGE
3a3722df-f44d-5007-ac82-7ad965e4d906,region,,Speyside,0.95,smws,pending,NO_CHANGE
383db153-5ff5-55af-b798-483269f9139d,age,,14.0,0.95,smws,pending,NO_CHANGE
383db153-5ff5-55af-b798-483269f9139d,abv,,64.5,0.95,smws,pending,NO_CHANGE
383db153-5ff5-55af-b798-483269f9139d,region,,Campbeltown,0.95,smws,pending,CONFLICT
6930804a-cb30-545b-b9bf-a071bde3cf2d,cask_type,,hogshead;refill,0.95,smws,pending,NO_CHANGE
6930804a-cb30-545b-b9bf-a071bde3cf2d,age,,14.0,0.95,smws,pending,NO_CHANGE
6930804a-cb30-545b-b9bf-a071bde3cf2d,abv,,65.3,0.95,smws,pending,NO_CHANGE
6930804a-cb30-545b-b9bf-a071bde3cf2d,region,,Campbeltown,0.95,smws,pending,CONFLICT
8f1ebd93-a589-5854-b4c9-d477829f0a8b,cask_type,,hogshead;refill,0.95,smws,pending,NO_CHANGE
8f1ebd93-a589-5854-b4c9-d477829f0a8b,age,,15.0,0.95,smws,pending,NO_CHANGE
8f1ebd93-a589-5854-b4c9-d477829f0a8b,abv,,61.3,0.95,smws,pending,NO_CHANGE
8f1ebd93-a589-5854-b4c9-d477829f0a8b,region,,Campbeltown,0.95,smws,pending,CONFLICT
4d5cc295-60dc-550a-877c-1dadbf07cc1f,cask_type,,butt;refill,0.95,smws,pending,NO_CHANGE
4d5cc295-60dc-550a-877c-1dadbf07cc1f,age,,17.0,0.95,smws,pending,NO_CHANGE
4d5cc295-60dc-550a-877c-1dadbf07cc1f,abv,,57.5,0.95,smws,pending,NO_CHANGE
4d5cc295-60dc-550a-877c-1dadbf07cc1f,region,,Campbeltown,0.95,smws,pending,NO_CHANGE
7734a93e-da20-5711-a082-4511a26dd3b4,cask_type,,refill,0.95,smws,pending,NO_CHANGE
7734a93e-da20-5711-a082-4511a26dd3b4,age,,17.0,0.95,smws,pending,NO_CHANGE
7734a93e-da20-5711-a082-4511a26dd3b4,abv,,64.3,0.95,smws,pending,NO_CHANGE
7734a93e-da20-5711-a082-4511a26dd3b4,region,,Campbeltown,0.95,smws,pending,NO_CHANGE
ee8f6868-3489-5852-8386-c71039cc13c6,age,,10.0,0.95,smws,pending,NO_CHANGE
ee8f6868-3489-5852-8386-c71039cc13c6,abv,,59.6,0.95,smws,pending,NO_CHANGE
ee8f6868-3489-5852-8386-c71039cc13c6,region,,Campbeltown,0.95,smws,pending,NO_CHANGE
0f9afeae-b37e-5bc1-af6d-e25c0047c034,cask_type,,refill,0.95,smws,pending,NO_CHANGE
0f9afeae-b37e-5bc1-af6d-e25c0047c034,age,,11.0,0.95,smws,pending,NO_CHANGE
0f9afeae-b37e-5bc1-af6d-e25c0047c034,abv,,61.8,0.95,smws,pending,NO_CHANGE
0f9afeae-b37e-5bc1-af6d-e25c0047c034,region,,Campbeltown,0.95,smws,pending,NO_CHANGE
2676fa53-9a48-500b-be55-022e0b89f713,age,,12.0,0.95,smws,pending,NO_CHANGE
2676fa53-9a48-500b-be55-022e0b89f713,abv,,59.8,0.95,smws,pending,NO_CHANGE
2676fa53-9a48-500b-be55-022e0b89f713,region,,Campbeltown,0.95,smws,pending,NO_CHANGE
4f332474-6427-59b8-9f51-7305c5115a5d,cask_type,,refill,0.95,smws,pending,NO_CHANGE
4f332474-6427-59b8-9f51-7305c5115a5d,age,,9.0,0.95,smws,pending,NO_CHANGE
4f332474-6427-59b8-9f51-7305c5115a5d,abv,,59.7,0.95,smws,pending,NO_CHANGE
4f332474-6427-59b8-9f51-7305c5115a5d,region,,Campbeltown,0.95,smws,pending,NO_CHANGE
7ab379b2-80af-5a88-82e8-11ee90d344a2,cask_type,,refill,0.95,smws,pending,NO_CHANGE
7ab379b2-80af-5a88-82e8-11ee90d344a2,age,,12.0,0.95,smws,pending,NO_CHANGE
7ab379b2-80af-5a88-82e8-11ee90d344a2,abv,,61.4,0.95,smws,pending,NO_CHANGE
7ab379b2-80af-5a88-82e8-11ee90d344a2,region,,Campbeltown,0.95,smws,pending,NO_CHANGE
dc40d854-3c28-539e-851b-450dacb2ea9a,cask_type,,refill,0.95,smws,pending,NO_CHANGE
dc40d854-3c28-539e-851b-450dacb2ea9a,age,,9.0,0.95,smws,pending,NO_CHANGE
dc40d854-3c28-539e-851b-450dacb2ea9a,abv,,58.4,0.95,smws,pending,NO_CHANGE
dc40d854-3c28-539e-851b-450dacb2ea9a,region,,Campbeltown,0.95,smws,pending,NO_CHANGE
f6d0bff2-8473-598c-bc31-fadcca6d70ed,cask_type,,refill,0.95,smws,pending,NO_CHANGE
f6d0bff2-8473-598c-bc31-fadcca6d70ed,age,,13.0,0.95,smws,pending,NO_CHANGE
f6d0bff2-8473-598c-bc31-fadcca6d70ed,abv,,61.4,0.95,smws,pending,NO_CHANGE
f6d0bff2-8473-598c-bc31-fadcca6d70ed,region,,Campbeltown,0.95,smws,pending,NO_CHANGE
00746183-7cf4-562e-8703-cfb555d5535a,cask_type,,butt;refill,0.95,smws,pending,NO_CHANGE
00746183-7cf4-562e-8703-cfb555d5535a,age,,21.0,0.95,smws,pending,NO_CHANGE
00746183-7cf4-562e-8703-cfb555d5535a,abv,,58.3,0.95,smws,pending,NO_CHANGE
00746183-7cf4-562e-8703-cfb555d5535a,region,,Campbeltown,0.95,smws,pending,NO_CHANGE
68b1a646-fb86-5a55-a3ed-195febe9863f,cask_type,,hogshead;refill,0.95,smws,pending,NO_CHANGE
68b1a646-fb86-5a55-a3ed-195febe9863f,age,,14.0,0.95,smws,pending,NO_CHANGE
68b1a646-fb86-5a55-a3ed-195febe9863f,abv,,58.3,0.95,smws,pending,NO_CHANGE
68b1a646-fb86-5a55-a3ed-195febe9863f,region,,Campbeltown,0.95,smws,pending,NO_CHANGE
b3f50270-cce5-56af-b16c-8dbb48db390c,cask_type,,hogshead;refill,0.95,smws,pending,NO_CHANGE
b3f50270-cce5-56af-b16c-8dbb48db390c,age,,15.0,0.95,smws,pending,NO_CHANGE
b3f50270-cce5-56af-b16c-8dbb48db390c,abv,,56.1,0.95,smws,pending,NO_CHANGE
b3f50270-cce5-56af-b16c-8dbb48db390c,region,,Campbeltown,0.95,smws,pending,NO_CHANGE
a28d8518-7e1a-59b5-8617-c21249581140,cask_type,,refill,0.95,smws,pending,NO_CHANGE
a28d8518-7e1a-59b5-8617-c21249581140,age,,13.0,0.95,smws,pending,NO_CHANGE
885ea459-a075-568f-9d27-2b53e5272105,cask_type,,refill,0.95,smws,pending,NO_CHANGE
885ea459-a075-568f-9d27-2b53e5272105,age,,13.0,0.95,smws,pending,NO_CHANGE
885ea459-a075-568f-9d27-2b53e5272105,abv,,58.4,0.95,smws,pending,NO_CHANGE
3a64b472-c997-531f-ac13-2427ce5cfdc4,cask_type,,butt;olorosa,0.95,smws,pending,NO_CHANGE
3a64b472-c997-531f-ac13-2427ce5cfdc4,age,,14.0,0.95,smws,pending,NO_CHANGE
3a64b472-c997-531f-ac13-2427ce5cfdc4,abv,,59.5,0.95,smws,pending,NO_CHANGE
09f3e5e3-5c92-526c-b8e1-4b0fc4b7f27d,cask_type,,hogshead;refill,0.95,smws,pending,NO_CHANGE
09f3e5e3-5c92-526c-b8e1-4b0fc4b7f27d,age,,24.0,0.95,smws,pending,CONFLICT
09f3e5e3-5c92-526c-b8e1-4b0fc4b7f27d,abv,,52.3,0.95,smws,pending,CONFLICT
09f3e5e3-5c92-526c-b8e1-4b0fc4b7f27d,region,,Highland,0.95,smws,pending,CONFLICT
941c8944-8dc4-5a57-be4a-1777dbf1c180,cask_type,,refill,0.95,smws,pending,NO_CHANGE
941c8944-8dc4-5a57-be4a-1777dbf1c180,age,,19.0,0.95,smws,pending,NO_CHANGE
941c8944-8dc4-5a57-be4a-1777dbf1c180,abv,,59.0,0.95,smws,pending,NO_CHANGE
941c8944-8dc4-5a57-be4a-1777dbf1c180,region,,Speyside,0.95,smws,pending,NO_CHANGE
d0d64b84-2480-5b0d-a728-7633642c25aa,cask_type,,refill,0.95,smws,pending,NO_CHANGE
d0d64b84-2480-5b0d-a728-7633642c25aa,age,,19.0,0.95,smws,pending,NO_CHANGE
d0d64b84-2480-5b0d-a728-7633642c25aa,abv,,58.4,0.95,smws,pending,NO_CHANGE
d0d64b84-2480-5b0d-a728-7633642c25aa,region,,Speyside,0.95,smws,pending,NO_CHANGE
a78b19b9-5976-53ea-a95b-d264da636bb5,cask_type,,refill,0.95,smws,pending,NO_CHANGE
a78b19b9-5976-53ea-a95b-d264da636bb5,age,,23.0,0.95,smws,pending,NO_CHANGE
a78b19b9-5976-53ea-a95b-d264da636bb5,abv,,57.4,0.95,smws,pending,NO_CHANGE
a78b19b9-5976-53ea-a95b-d264da636bb5,region,,Speyside,0.95,smws,pending,NO_CHANGE
b05d58ed-985f-5d00-bb23-dacff70aab08,cask_type,,hogshead;refill,0.95,smws,pending,NO_CHANGE
b05d58ed-985f-5d00-bb23-dacff70aab08,age,,17.0,0.95,smws,pending,NO_CHANGE
b05d58ed-985f-5d00-bb23-dacff70aab08,abv,,53.2,0.95,smws,pending,NO_CHANGE
b05d58ed-985f-5d00-bb23-dacff70aab08,region,,Speyside,0.95,smws,pending,NO_CHANGE
c5d9ea95-7ed8-57f4-8592-40e63a734709,cask_type,,hogshead;refill,0.95,smws,pending,NO_CHANGE
c5d9ea95-7ed8-57f4-8592-40e63a734709,age,,17.0,0.95,smws,pending,NO_CHANGE
c5d9ea95-7ed8-57f4-8592-40e63a734709,abv,,53.2,0.95,smws,pending,NO_CHANGE
c5d9ea95-7ed8-57f4-8592-40e63a734709,region,,Speyside,0.95,smws,pending,NO_CHANGE
85f639a6-a130-538b-b701-68da13fbc28d,age,,9.0,0.95,smws,pending,NO_CHANGE
85f639a6-a130-538b-b701-68da13fbc28d,abv,,58.1,0.95,smws,pending,NO_CHANGE
85f639a6-a130-538b-b701-68da13fbc28d,region,,Highlands,0.95,smws,pending,CONFLICT
f15cc4a3-203e-57fc-a44e-a8290ce658f3,cask_type,,refill,0.95,smws,pending,NO_CHANGE
f15cc4a3-203e-57fc-a44e-a8290ce658f3,age,,8.0,0.95,smws,pending,NO_CHANGE
f15cc4a3-203e-57fc-a44e-a8290ce658f3,abv,,59.1,0.95,smws,pending,NO_CHANGE
f15cc4a3-203e-57fc-a44e-a8290ce658f3,region,,Speyside,0.95,smws,pending,NO_CHANGE
319488d7-4dee-5391-a1f0-71a6efbd0bf5,age,,17.0,0.95,smws,pending,NO_CHANGE
319488d7-4dee-5391-a1f0-71a6efbd0bf5,abv,,55.1,0.95,smws,pending,NO_CHANGE
319488d7-4dee-5391-a1f0-71a6efbd0bf5,region,,Lowlands,0.95,smws,pending,CONFLICT
7389e104-5f42-5cf7-8500-9cc05b98c048,age,,18.0,0.95,smws,pending,NO_CHANGE
7389e104-5f42-5cf7-8500-9cc05b98c048,abv,,55.6,0.95,smws,pending,NO_CHANGE
7389e104-5f42-5cf7-8500-9cc05b98c048,region,,Lowlands,0.95,smws,pending,CONFLICT
3119907a-4791-5cd6-b7f4-0bfa9260601e,cask_type,,first-fill,0.95,smws,pending,NO_CHANGE
3119907a-4791-5cd6-b7f4-0bfa9260601e,age,,19.0,0.95,smws,pending,NO_CHANGE
3119907a-4791-5cd6-b7f4-0bfa9260601e,abv,,55.6,0.95,smws,pending,NO_CHANGE
9c699417-4417-54d0-892f-28b1f8cb8b02,cask_type,,first-fill,0.95,smws,pending,NO_CHANGE
9c699417-4417-54d0-892f-28b1f8cb8b02,age,,16.0,0.95,smws,pending,NO_CHANGE
9c699417-4417-54d0-892f-28b1f8cb8b02,abv,,56.2,0.95,smws,pending,NO_CHANGE
9c699417-4417-54d0-892f-28b1f8cb8b02,region,,Lowlands,0.95,smws,pending,CONFLICT
fa070f60-40ed-54a5-aebb-d581129b2e1b,cask_type,,hogshead;refill,0.95,smws,pending,NO_CHANGE
fa070f60-40ed-54a5-aebb-d581129b2e1b,age,,29.0,0.95,smws,pending,NO_CHANGE
fa070f60-40ed-54a5-aebb-d581129b2e1b,abv,,43.4,0.95,smws,pending,NO_CHANGE
58aba0e1-2345-5f34-9ecc-77a776384492,cask_type,,olorosa;sherry butt,0.95,smws,pending,NO_CHANGE
58aba0e1-2345-5f34-9ecc-77a776384492,age,,30.0,0.95,smws,pending,NO_CHANGE
58aba0e1-2345-5f34-9ecc-77a776384492,abv,,46.7,0.95,smws,pending,NO_CHANGE
99ed4dcf-fb57-5cd8-8067-72e071da1c56,cask_type,,refill,0.95,smws,pending,NO_CHANGE
99ed4dcf-fb57-5cd8-8067-72e071da1c56,age,,8.0,0.95,smws,pending,NO_CHANGE
99ed4dcf-fb57-5cd8-8067-72e071da1c56,abv,,60.3,0.95,smws,pending,NO_CHANGE
99ed4dcf-fb57-5cd8-8067-72e071da1c56,region,,Speyside,0.95,smws,pending,NO_CHANGE
f9c3d580-5258-5d75-838b-033316008a87,cask_type,,refill,0.95,smws,pending,NO_CHANGE
f9c3d580-5258-5d75-838b-033316008a87,age,,11.0,0.95,smws,pending,NO_CHANGE
f9c3d580-5258-5d75-838b-033316008a87,abv,,58.6,0.95,smws,pending,NO_CHANGE
f9c3d580-5258-5d75-838b-033316008a87,region,,Speyside,0.95,smws,pending,NO_CHANGE
61ea3423-f370-5b75-b4ad-cc595ad881fb,age,,30.0,0.95,smws,pending,NO_CHANGE
61ea3423-f370-5b75-b4ad-cc595ad881fb,abv,,50.9,0.95,smws,pending,NO_CHANGE
eec34799-b7ba-51d9-9d85-1e31d79fb37d,age,,21.0,0.95,smws,pending,NO_CHANGE
eec34799-b7ba-51d9-9d85-1e31d79fb37d,abv,,57.2,0.95,smws,pending,NO_CHANGE
eec34799-b7ba-51d9-9d85-1e31d79fb37d,region,,Highlands,0.95,smws,pending,CONFLICT
4fc0f173-77cb-5d71-b84b-5b13ea7fa1b6,cask_type,,first-fill;hogshead;sherry butt,0.95,smws,pending,NO_CHANGE
4fc0f173-77cb-5d71-b84b-5b13ea7fa1b6,age,,25.0,0.95,smws,pending,NO_CHANGE
4fc0f173-77cb-5d71-b84b-5b13ea7fa1b6,abv,,55.8,0.95,smws,pending,NO_CHANGE
4fc0f173-77cb-5d71-b84b-5b13ea7fa1b6,region,,Speyside,0.95,smws,pending,NO_CHANGE
58d83064-5861-570b-a198-39bb657e6b95,cask_type,,hogshead;sherry butt,0.95,smws,pending,NO_CHANGE
58d83064-5861-570b-a198-39bb657e6b95,age,,28.0,0.95,smws,pending,NO_CHANGE
58d83064-5861-570b-a198-39bb657e6b95,abv,,55.4,0.95,smws,pending,NO_CHANGE
58d83064-5861-570b-a198-39bb657e6b95,region,,Speyside,0.95,smws,pending,NO_CHANGE
86f400bb-59bb-51bc-8d50-28c056e653c7,cask_type,,hogshead;sherry butt,0.95,smws,pending,NO_CHANGE
86f400bb-59bb-51bc-8d50-28c056e653c7,age,,28.0,0.95,smws,pending,NO_CHANGE
86f400bb-59bb-51bc-8d50-28c056e653c7,abv,,55.3,0.95,smws,pending,NO_CHANGE
86f400bb-59bb-51bc-8d50-28c056e653c7,region,,Speyside,0.95,smws,pending,NO_CHANGE
1bc43c3b-587f-53f6-a134-44e82d179d20,age,,18.0,0.95,smws,pending,NO_CHANGE
1bc43c3b-587f-53f6-a134-44e82d179d20,abv,,61.8,0.95,smws,pending,NO_CHANGE
1bc43c3b-587f-53f6-a134-44e82d179d20,region,,Speyside,0.95,smws,pending,NO_CHANGE
1367015f-559d-53c6-b6d9-f04a3408c1a0,age,,20.0,0.95,smws,pending,NO_CHANGE
1367015f-559d-53c6-b6d9-f04a3408c1a0,abv,,57.8,0.95,smws,pending,NO_CHANGE
71813f07-be84-5637-94d4-704c5c80b477,cask_type,,hogshead;refill,0.95,smws,pending,NO_CHANGE
71813f07-be84-5637-94d4-704c5c80b477,age,,27.0,0.95,smws,pending,NO_CHANGE
71813f07-be84-5637-94d4-704c5c80b477,abv,,52.6,0.95,smws,pending,NO_CHANGE
71813f07-be84-5637-94d4-704c5c80b477,region,,Speyside,0.95,smws,pending,NO_CHANGE
a03064a7-81b2-5658-b4a3-821ce4ffb573,age,,13.0,0.95,smws,pending,NO_CHANGE
a03064a7-81b2-5658-b4a3-821ce4ffb573,abv,,59.0,0.95,smws,pending,NO_CHANGE
a03064a7-81b2-5658-b4a3-821ce4ffb573,region,,Highlands,0.95,smws,pending,CONFLICT
629e3bd9-b38d-5fe6-bccf-8e8db91d912e,age,,10.0,0.95,smws,pending,NO_CHANGE
629e3bd9-b38d-5fe6-bccf-8e8db91d912e,abv,,59.4,0.95,smws,pending,NO_CHANGE
629e3bd9-b38d-5fe6-bccf-8e8db91d912e,region,,Speyside,0.95,smws,pending,NO_CHANGE
775b7961-e960-5b8c-b37d-ee5a88a00a6c,cask_type,,refill,0.95,smws,pending,NO_CHANGE
775b7961-e960-5b8c-b37d-ee5a88a00a6c,age,,15.0,0.95,smws,pending,NO_CHANGE
775b7961-e960-5b8c-b37d-ee5a88a00a6c,abv,,58.9,0.95,smws,pending,NO_CHANGE
775b7961-e960-5b8c-b37d-ee5a88a00a6c,region,,Highland,0.95,smws,pending,NO_CHANGE
95c556a9-36de-5187-937d-671083f8989f,cask_type,,refill,0.95,smws,pending,NO_CHANGE
95c556a9-36de-5187-937d-671083f8989f,age,,13.0,0.95,smws,pending,NO_CHANGE
95c556a9-36de-5187-937d-671083f8989f,abv,,58.5,0.95,smws,pending,NO_CHANGE
95c556a9-36de-5187-937d-671083f8989f,region,,Highland,0.95,smws,pending,NO_CHANGE
5e18c7c5-206e-5096-88cf-f1faada90bd2,cask_type,,refill,0.95,smws,pending,NO_CHANGE
5e18c7c5-206e-5096-88cf-f1faada90bd2,age,,14.0,0.95,smws,pending,NO_CHANGE
5e18c7c5-206e-5096-88cf-f1faada90bd2,abv,,57.8,0.95,smws,pending,NO_CHANGE
5e18c7c5-206e-5096-88cf-f1faada90bd2,region,,Highland,0.95,smws,pending,NO_CHANGE
6cf984b4-46ee-5114-a41f-f3f929eaf99a,cask_type,,butt;refill,0.95,smws,pending,NO_CHANGE
6cf984b4-46ee-5114-a41f-f3f929eaf99a,age,,12.0,0.95,smws,pending,NO_CHANGE
6cf984b4-46ee-5114-a41f-f3f929eaf99a,abv,,57.8,0.95,smws,pending,NO_CHANGE
24a282b9-b646-5271-89a6-037c3da7dc7f,cask_type,,hogshead;refill;sherry butt,0.95,smws,pending,NO_CHANGE
24a282b9-b646-5271-89a6-037c3da7dc7f,age,,22.0,0.95,smws,pending,NO_CHANGE
24a282b9-b646-5271-89a6-037c3da7dc7f,abv,,55.5,0.95,smws,pending,NO_CHANGE
6b03c73a-4145-560c-8aae-921a89a07b2b,age,,10.0,0.95,smws,pending,NO_CHANGE
6b03c73a-4145-560c-8aae-921a89a07b2b,abv,,52.4,0.95,smws,pending,NO_CHANGE
275af4de-f687-57dc-a1a0-ff3a31986d4a,cask_type,,butt;refill,0.95,smws,pending,NO_CHANGE
275af4de-f687-57dc-a1a0-ff3a31986d4a,age,,11.0,0.95,smws,pending,NO_CHANGE
275af4de-f687-57dc-a1a0-ff3a31986d4a,abv,,55.6,0.95,smws,pending,NO_CHANGE
65c1fbdd-cc91-54b1-93e5-5b8333a1247c,cask_type,,hogshead;refill,0.95,smws,pending,NO_CHANGE
65c1fbdd-cc91-54b1-93e5-5b8333a1247c,age,,9.0,0.95,smws,pending,NO_CHANGE
65c1fbdd-cc91-54b1-93e5-5b8333a1247c,abv,,56.3,0.95,smws,pending,NO_CHANGE
806f6274-38fd-5002-b1cf-753e1ec00814,cask_type,,butt;sherry butt,0.95,smws,pending,NO_CHANGE
806f6274-38fd-5002-b1cf-753e1ec00814,age,,7.0,0.95,smws,pending,NO_CHANGE
806f6274-38fd-5002-b1cf-753e1ec00814,abv,,61.6,0.95,smws,pending,NO_CHANGE
232c4321-c81d-5719-b92f-62ff50dc52e3,cask_type,,hogshead;refill,0.95,smws,pending,NO_CHANGE
232c4321-c81d-5719-b92f-62ff50dc52e3,age,,14.0,0.95,smws,pending,NO_CHANGE
232c4321-c81d-5719-b92f-62ff50dc52e3,abv,,52.8,0.95,smws,pending,NO_CHANGE
f812ec23-95b9-57ec-aa92-37fc7cc805c1,cask_type,,refill,0.95,smws,pending,NO_CHANGE
f812ec23-95b9-57ec-aa92-37fc7cc805c1,age,,12.0,0.95,smws,pending,NO_CHANGE
f812ec23-95b9-57ec-aa92-37fc7cc805c1,abv,,56.5,0.95,smws,pending,NO_CHANGE
0490ef4d-b181-5fdb-b375-325b051a4d56,age,,5.0,0.95,smws,pending,NO_CHANGE
0490ef4d-b181-5fdb-b375-325b051a4d56,abv,,57.7,0.95,smws,pending,NO_CHANGE
85c759b9-d1b1-5bdb-8d08-3d9d67fb7f3e,cask_type,,refill,0.95,smws,pending,NO_CHANGE
85c759b9-d1b1-5bdb-8d08-3d9d67fb7f3e,age,,9.0,0.95,smws,pending,NO_CHANGE
85c759b9-d1b1-5bdb-8d08-3d9d67fb7f3e,abv,,59.9,0.95,smws,pending,NO_CHANGE
85c759b9-d1b1-5bdb-8d08-3d9d67fb7f3e,region,,Highland,0.95,smws,pending,NO_CHANGE
643b2bfd-143f-5972-9c0d-1646b1fe2c51,cask_type,,hogshead;refill,0.95,smws,pending,NO_CHANGE
643b2bfd-143f-5972-9c0d-1646b1fe2c51,age,,12.0,0.95,smws,pending,NO_CHANGE
643b2bfd-143f-5972-9c0d-1646b1fe2c51,abv,,56.1,0.95,smws,pending,NO_CHANGE
643b2bfd-143f-5972-9c0d-1646b1fe2c51,region,,Highland,0.95,smws,pending,NO_CHANGE
04ce1849-cefd-5799-af77-53ae5eeac1aa,cask_type,,hogshead;refill,0.95,smws,pending,NO_CHANGE
04ce1849-cefd-5799-af77-53ae5eeac1aa,age,,12.0,0.95,smws,pending,NO_CHANGE
04ce1849-cefd-5799-af77-53ae5eeac1aa,abv,,55.4,0.95,smws,pending,NO_CHANGE
04ce1849-cefd-5799-af77-53ae5eeac1aa,region,,Highland,0.95,smws,pending,NO_CHANGE
ab73dcf3-49b2-5f40-9291-d17d00881e1c,cask_type,,butt;refill,0.95,smws,pending,NO_CHANGE
ab73dcf3-49b2-5f40-9291-d17d00881e1c,age,,10.0,0.95,smws,pending,NO_CHANGE
ab73dcf3-49b2-5f40-9291-d17d00881e1c,abv,,61.1,0.95,smws,pending,NO_CHANGE
ab73dcf3-49b2-5f40-9291-d17d00881e1c,region,,Highland,0.95,smws,pending,NO_CHANGE
4516f723-86ae-5ecb-9ed5-7915078f513c,cask_type,,butt;sherry butt,0.95,smws,pending,NO_CHANGE
4516f723-86ae-5ecb-9ed5-7915078f513c,age,,14.0,0.95,smws,pending,NO_CHANGE
4516f723-86ae-5ecb-9ed5-7915078f513c,abv,,58.3,0.95,smws,pending,NO_CHANGE
4516f723-86ae-5ecb-9ed5-7915078f513c,region,,Highland,0.95,smws,pending,NO_CHANGE
620b6b32-f1e9-5fcd-a2a7-14b689f7eb78,cask_type,,hogshead;refill,0.95,smws,pending,NO_CHANGE
620b6b32-f1e9-5fcd-a2a7-14b689f7eb78,age,,13.0,0.95,smws,pending,NO_CHANGE
620b6b32-f1e9-5fcd-a2a7-14b689f7eb78,abv,,58.1,0.95,smws,pending,NO_CHANGE
620b6b32-f1e9-5fcd-a2a7-14b689f7eb78,region,,Highland,0.95,smws,pending,NO_CHANGE
07a43842-2f5e-5c40-b700-a8f51b7e2c17,cask_type,,hogshead;refill,0.95,smws,pending,NO_CHANGE
07a43842-2f5e-5c40-b700-a8f51b7e2c17,age,,14.0,0.95,smws,pending,NO_CHANGE
07a43842-2f5e-5c40-b700-a8f51b7e2c17,abv,,54.8,0.95,smws,pending,NO_CHANGE
07a43842-2f5e-5c40-b700-a8f51b7e2c17,region,,Highland,0.95,smws,pending,NO_CHANGE
c83b4287-f2be-5883-b1d6-440eb78fe27c,cask_type,,hogshead;refill,0.95,smws,pending,NO_CHANGE
c83b4287-f2be-5883-b1d6-440eb78fe27c,age,,14.0,0.95,smws,pending,NO_CHANGE
c83b4287-f2be-5883-b1d6-440eb78fe27c,abv,,55.6,0.95,smws,pending,NO_CHANGE
c83b4287-f2be-5883-b1d6-440eb78fe27c,region,,Highland,0.95,smws,pending,NO_CHANGE
62d73ded-e9ce-516e-b1b8-4409a04ad86b,cask_type,,hogshead;refill,0.95,smws,pending,NO_CHANGE
62d73ded-e9ce-516e-b1b8-4409a04ad86b,age,,14.0,0.95,smws,pending,NO_CHANGE
62d73ded-e9ce-516e-b1b8-4409a04ad86b,abv,,55.7,0.95,smws,pending,NO_CHANGE
62d73ded-e9ce-516e-b1b8-4409a04ad86b,region,,Highland,0.95,smws,pending,NO_CHANGE
a95bf596-46dc-5bf6-8243-123af1a81f4f,cask_type,,hogshead;refill,0.95,smws,pending,NO_CHANGE
a95bf596-46dc-5bf6-8243-123af1a81f4f,age,,19.0,0.95,smws,pending,NO_CHANGE
a95bf596-46dc-5bf6-8243-123af1a81f4f,abv,,53.4,0.95,smws,pending,NO_CHANGE
a95bf596-46dc-5bf6-8243-123af1a81f4f,region,,Highland,0.95,smws,pending,NO_CHANGE
68e10f1f-3b18-5dd8-880c-7c687a7473b6,cask_type,,hogshead;refill,0.95,smws,pending,NO_CHANGE
68e10f1f-3b18-5dd8-880c-7c687a7473b6,age,,14.0,0.95,smws,pending,NO_CHANGE
68e10f1f-3b18-5dd8-880c-7c687a7473b6,abv,,54.6,0.95,smws,pending,NO_CHANGE
68e10f1f-3b18-5dd8-880c-7c687a7473b6,region,,Highland,0.95,smws,pending,NO_CHANGE
1b35eb12-f62a-5203-b665-f6ad2c75f660,cask_type,,hogshead;refill,0.95,smws,pending,NO_CHANGE
1b35eb12-f62a-5203-b665-f6ad2c75f660,age,,16.0,0.95,smws,pending,NO_CHANGE
1b35eb12-f62a-5203-b665-f6ad2c75f660,abv,,54.1,0.95,smws,pending,NO_CHANGE
1b35eb12-f62a-5203-b665-f6ad2c75f660,region,,Highland,0.95,smws,pending,NO_CHANGE
dbb848a6-7eb6-51d8-af80-023a111fa87b,age,,13.0,0.95,smws,pending,NO_CHANGE
dbb848a6-7eb6-51d8-af80-023a111fa87b,abv,,57.5,0.95,smws,pending,NO_CHANGE
dbb848a6-7eb6-51d8-af80-023a111fa87b,region,,Highlands,0.95,smws,pending,CONFLICT
462d11ab-27f1-5ee1-ae2a-9ede549f1041,cask_type,,refill,0.95,smws,pending,NO_CHANGE
462d11ab-27f1-5ee1-ae2a-9ede549f1041,age,,16.0,0.95,smws,pending,NO_CHANGE
462d11ab-27f1-5ee1-ae2a-9ede549f1041,abv,,55.1,0.95,smws,pending,NO_CHANGE
462d11ab-27f1-5ee1-ae2a-9ede549f1041,region,,Islay,0.95,smws,pending,NO_CHANGE
ae41eccf-585d-51a7-bc3d-84740a59341d,cask_type,,first-fill barrel,0.95,smws,pending,NO_CHANGE
ae41eccf-585d-51a7-bc3d-84740a59341d,age,,9.0,0.95,smws,pending,NO_CHANGE
ae41eccf-585d-51a7-bc3d-84740a59341d,abv,,57.6,0.95,smws,pending,NO_CHANGE
ae41eccf-585d-51a7-bc3d-84740a59341d,region,,Highland,0.95,smws,pending,NO_CHANGE
0bf77a63-8c48-5142-8447-3064ddfc0994,cask_type,,first-fill barrel,0.95,smws,pending,NO_CHANGE
0bf77a63-8c48-5142-8447-3064ddfc0994,age,,9.0,0.95,smws,pending,NO_CHANGE
0bf77a63-8c48-5142-8447-3064ddfc0994,region,,Highland,0.95,smws,pending,NO_CHANGE
9b96950c-b57a-5a8d-8985-d101aeb14ccc,cask_type,,first-fill barrel  usa allocation,0.95,smws,pending,NO_CHANGE
9b96950c-b57a-5a8d-8985-d101aeb14ccc,age,,10.0,0.95,smws,pending,NO_CHANGE
9b96950c-b57a-5a8d-8985-d101aeb14ccc,abv,,57.4,0.95,smws,pending,NO_CHANGE
9b96950c-b57a-5a8d-8985-d101aeb14ccc,region,,Highland,0.95,smws,pending,NO_CHANGE
863941b9-5053-5a93-b7cd-a65db8d2d1d5,cask_type,,port pipe,0.95,smws,pending,NO_CHANGE
863941b9-5053-5a93-b7cd-a65db8d2d1d5,age,,8.0,0.95,smws,pending,NO_CHANGE
863941b9-5053-5a93-b7cd-a65db8d2d1d5,abv,,60.8,0.95,smws,pending,NO_CHANGE
b1f69a31-b7d8-5550-be63-da16d1b652a8,cask_type,,port pipe;refill,0.95,smws,pending,NO_CHANGE
b1f69a31-b7d8-5550-be63-da16d1b652a8,age,,10.0,0.95,smws,pending,NO_CHANGE
b1f69a31-b7d8-5550-be63-da16d1b652a8,abv,,59.5,0.95,smws,pending,NO_CHANGE
16dfd0a5-5971-561e-84f4-5e2d1cbc3b99,cask_type,,port pipe;refill,0.95,smws,pending,NO_CHANGE
16dfd0a5-5971-561e-84f4-5e2d1cbc3b99,age,,12.0,0.95,smws,pending,NO_CHANGE
16dfd0a5-5971-561e-84f4-5e2d1cbc3b99,abv,,59.2,0.95,smws,pending,NO_CHANGE
16dfd0a5-5971-561e-84f4-5e2d1cbc3b99,region,,Highland,0.95,smws,pending,NO_CHANGE
e7daaab4-f147-58c2-a490-85d30dc26f57,cask_type,,butt,0.95,smws,pending,NO_CHANGE
e7daaab4-f147-58c2-a490-85d30dc26f57,age,,16.0,0.95,smws,pending,NO_CHANGE
e7daaab4-f147-58c2-a490-85d30dc26f57,abv,,56.6,0.95,smws,pending,NO_CHANGE
e7daaab4-f147-58c2-a490-85d30dc26f57,region,,Highland,0.95,smws,pending,NO_CHANGE
96a86aa7-1497-5f93-9755-74d58a947f27,cask_type,,first-fill,0.95,smws,pending,NO_CHANGE
96a86aa7-1497-5f93-9755-74d58a947f27,age,,13.0,0.95,smws,pending,NO_CHANGE
96a86aa7-1497-5f93-9755-74d58a947f27,abv,,56.9,0.95,smws,pending,NO_CHANGE
96a86aa7-1497-5f93-9755-74d58a947f27,region,,Highlands,0.95,smws,pending,CONFLICT
cdabbd16-817c-5c8e-a9cc-f856ed6769d7,age,,11.0,0.95,smws,pending,NO_CHANGE
cdabbd16-817c-5c8e-a9cc-f856ed6769d7,abv,,57.4,0.95,smws,pending,NO_CHANGE
bc847c33-1103-5655-b5c1-36ea43c66417,age,,16.0,0.95,smws,pending,NO_CHANGE
bc847c33-1103-5655-b5c1-36ea43c66417,abv,,52.9,0.95,smws,pending,NO_CHANGE
3f3c7b3a-585f-548b-b359-94b6726f1b06,cask_type,,first-fill;hogshead,0.95,smws,pending,NO_CHANGE
3f3c7b3a-585f-548b-b359-94b6726f1b06,age,,19.0,0.95,smws,pending,NO_CHANGE
3f3c7b3a-585f-548b-b359-94b6726f1b06,abv,,51.9,0.95,smws,pending,NO_CHANGE
a0e3df1d-ca5a-505a-9256-4b706c45c6fd,age,,12.0,0.95,smws,pending,NO_CHANGE
a0e3df1d-ca5a-505a-9256-4b706c45c6fd,abv,,57.2,0.95,smws,pending,NO_CHANGE
56005555-ecad-5ec4-82b9-cf0a577bfedb,cask_type,,butt;sherry butt,0.95,smws,pending,NO_CHANGE
56005555-ecad-5ec4-82b9-cf0a577bfedb,age,,16.0,0.95,smws,pending,NO_CHANGE
56005555-ecad-5ec4-82b9-cf0a577bfedb,abv,,51.1,0.95,smws,pending,NO_CHANGE
30863a05-50e1-5b00-aa7a-9ac342467ad5,cask_type,,first-fill barrel,0.95,smws,pending,NO_CHANGE
30863a05-50e1-5b00-aa7a-9ac342467ad5,age,,10.0,0.95,smws,pending,NO_CHANGE
30863a05-50e1-5b00-aa7a-9ac342467ad5,abv,,55.9,0.95,smws,pending,NO_CHANGE
66ee047c-3699-5587-887f-7b9ade94fa7a,cask_type,,first-fill ex,0.95,smws,pending,NO_CHANGE
66ee047c-3699-5587-887f-7b9ade94fa7a,age,,15.0,0.95,smws,pending,NO_CHANGE
66ee047c-3699-5587-887f-7b9ade94fa7a,abv,,56.1,0.95,smws,pending,NO_CHANGE
bcf6a0e2-c9b6-5487-8771-c6c03dd4f5f3,age,,12.0,0.95,smws,pending,NO_CHANGE
bcf6a0e2-c9b6-5487-8771-c6c03dd4f5f3,abv,,52.1,0.95,smws,pending,NO_CHANGE
deeea9b1-bdcf-506c-a841-b49a9bc0b476,cask_type,,first-fill barrel,0.95,smws,pending,NO_CHANGE
deeea9b1-bdcf-506c-a841-b49a9bc0b476,age,,9.0,0.95,smws,pending,NO_CHANGE
deeea9b1-bdcf-506c-a841-b49a9bc0b476,abv,,57.4,0.95,smws,pending,NO_CHANGE
deeea9b1-bdcf-506c-a841-b49a9bc0b476,region,,Highland,0.95,smws,pending,NO_CHANGE
3dcd6ab1-4d7a-5524-beb4-b3dc64037ecd,cask_type,,first-fill barrel,0.95,smws,pending,NO_CHANGE
3dcd6ab1-4d7a-5524-beb4-b3dc64037ecd,age,,18.0,0.95,smws,pending,NO_CHANGE
3dcd6ab1-4d7a-5524-beb4-b3dc64037ecd,abv,,60.8,0.95,smws,pending,NO_CHANGE
3dcd6ab1-4d7a-5524-beb4-b3dc64037ecd,region,,Highland,0.95,smws,pending,NO_CHANGE
4f03178c-c4dd-5d45-aaf6-b658e5b972d1,cask_type,,butt;sherry butt,0.95,smws,pending,NO_CHANGE
4f03178c-c4dd-5d45-aaf6-b658e5b972d1,age,,10.0,0.95,smws,pending,NO_CHANGE
4f03178c-c4dd-5d45-aaf6-b658e5b972d1,abv,,59.9,0.95,smws,pending,NO_CHANGE
4f03178c-c4dd-5d45-aaf6-b658e5b972d1,region,,Highland,0.95,smws,pending,NO_CHANGE
68c9536f-0e2b-52cf-91d3-cca4bbb6092c,cask_type,,hogshead;refill,0.95,smws,pending,NO_CHANGE
68c9536f-0e2b-52cf-91d3-cca4bbb6092c,age,,10.0,0.95,smws,pending,NO_CHANGE
68c9536f-0e2b-52cf-91d3-cca4bbb6092c,abv,,60.8,0.95,smws,pending,NO_CHANGE
68c9536f-0e2b-52cf-91d3-cca4bbb6092c,region,,Highland,0.95,smws,pending,NO_CHANGE
d7508c9b-d23c-54f0-9fe7-c548dfbe9dc3,cask_type,,first-fill barrel,0.95,smws,pending,NO_CHANGE
d7508c9b-d23c-54f0-9fe7-c548dfbe9dc3,age,,7.0,0.95,smws,pending,NO_CHANGE
d7508c9b-d23c-54f0-9fe7-c548dfbe9dc3,abv,,61.5,0.95,smws,pending,NO_CHANGE
d7508c9b-d23c-54f0-9fe7-c548dfbe9dc3,region,,Highland,0.95,smws,pending,NO_CHANGE
7a129a19-ffd9-596b-824c-d3a4d3ed0ab7,cask_type,,first-fill barrel,0.95,smws,pending,NO_CHANGE
7a129a19-ffd9-596b-824c-d3a4d3ed0ab7,age,,14.0,0.95,smws,pending,NO_CHANGE
7a129a19-ffd9-596b-824c-d3a4d3ed0ab7,abv,,58.7,0.95,smws,pending,NO_CHANGE
7a129a19-ffd9-596b-824c-d3a4d3ed0ab7,region,,Highland,0.95,smws,pending,NO_CHANGE
0db5e21b-c412-51d2-a2dd-74098738ba8b,age,,13.0,0.95,smws,pending,NO_CHANGE
0db5e21b-c412-51d2-a2dd-74098738ba8b,abv,,52.9,0.95,smws,pending,NO_CHANGE
0db5e21b-c412-51d2-a2dd-74098738ba8b,region,,Highlands,0.95,smws,pending,CONFLICT
b5deaa5e-087f-59e1-9574-f5aaa6ba8eb9,age,,8.0,0.95,smws,pending,NO_CHANGE
b5deaa5e-087f-59e1-9574-f5aaa6ba8eb9,abv,,59.3,0.95,smws,pending,NO_CHANGE
b5deaa5e-087f-59e1-9574-f5aaa6ba8eb9,region,,Highland,0.95,smws,pending,NO_CHANGE
b340942d-5301-5676-9bff-6a26051d6bd2,cask_type,,first-fill barrel,0.95,smws,pending,NO_CHANGE
b340942d-5301-5676-9bff-6a26051d6bd2,age,,11.0,0.95,smws,pending,NO_CHANGE
b340942d-5301-5676-9bff-6a26051d6bd2,abv,,59.3,0.95,smws,pending,NO_CHANGE
b340942d-5301-5676-9bff-6a26051d6bd2,region,,Highland,0.95,smws,pending,NO_CHANGE
75457a81-d010-5484-8d64-e54977f7f1d7,age,,11.0,0.95,smws,pending,NO_CHANGE
75457a81-d010-5484-8d64-e54977f7f1d7,abv,,57.8,0.95,smws,pending,NO_CHANGE
75457a81-d010-5484-8d64-e54977f7f1d7,region,,Highlands,0.95,smws,pending,CONFLICT
96cf9554-001b-51b6-9bff-9df3bcf9c1be,cask_type,,refill,0.95,smws,pending,NO_CHANGE
96cf9554-001b-51b6-9bff-9df3bcf9c1be,age,,100.0,0.95,smws,pending,CONFLICT
96cf9554-001b-51b6-9bff-9df3bcf9c1be,abv,,66.5,0.95,smws,pending,NO_CHANGE
96cf9554-001b-51b6-9bff-9df3bcf9c1be,region,,Islay,0.95,smws,pending,NO_CHANGE
f17ba6a3-6620-5604-9f1e-2e3235ede076,cask_type,,refill,0.95,smws,pending,NO_CHANGE
f17ba6a3-6620-5604-9f1e-2e3235ede076,age,,8.0,0.95,smws,pending,NO_CHANGE
f17ba6a3-6620-5604-9f1e-2e3235ede076,abv,,66.3,0.95,smws,pending,NO_CHANGE
f17ba6a3-6620-5604-9f1e-2e3235ede076,region,,Islay,0.95,smws,pending,NO_CHANGE
119c6a93-c8e2-5a2f-aaa6-4d1ee8c7ec49,cask_type,,refill,0.95,smws,pending,NO_CHANGE
119c6a93-c8e2-5a2f-aaa6-4d1ee8c7ec49,age,,8.0,0.95,smws,pending,NO_CHANGE
119c6a93-c8e2-5a2f-aaa6-4d1ee8c7ec49,abv,,65.7,0.95,smws,pending,NO_CHANGE
119c6a93-c8e2-5a2f-aaa6-4d1ee8c7ec49,region,,Islay,0.95,smws,pending,NO_CHANGE
77414f74-ce5e-53fe-9820-96ee47e7d3ad,cask_type,,refill,0.95,smws,pending,NO_CHANGE
77414f74-ce5e-53fe-9820-96ee47e7d3ad,age,,9.0,0.95,smws,pending,NO_CHANGE
77414f74-ce5e-53fe-9820-96ee47e7d3ad,abv,,65.7,0.95,smws,pending,NO_CHANGE
77414f74-ce5e-53fe-9820-96ee47e7d3ad,region,,Islay,0.95,smws,pending,NO_CHANGE
418cece7-9238-55c0-80fc-cf842e4204c7,cask_type,,refill,0.95,smws,pending,NO_CHANGE
418cece7-9238-55c0-80fc-cf842e4204c7,age,,9.0,0.95,smws,pending,NO_CHANGE
418cece7-9238-55c0-80fc-cf842e4204c7,abv,,65.4,0.95,smws,pending,NO_CHANGE
418cece7-9238-55c0-80fc-cf842e4204c7,region,,Islay,0.95,smws,pending,NO_CHANGE
c573a204-a6d4-5dbd-8253-d99e84d89966,cask_type,,refill,0.95,smws,pending,NO_CHANGE
c573a204-a6d4-5dbd-8253-d99e84d89966,age,,9.0,0.95,smws,pending,NO_CHANGE
c573a204-a6d4-5dbd-8253-d99e84d89966,abv,,65.7,0.95,smws,pending,NO_CHANGE
c573a204-a6d4-5dbd-8253-d99e84d89966,region,,Islay,0.95,smws,pending,NO_CHANGE
cac9d1ae-0bae-5766-a32f-b8eb6702d985,cask_type,,refill,0.95,smws,pending,NO_CHANGE
cac9d1ae-0bae-5766-a32f-b8eb6702d985,age,,8.0,0.95,smws,pending,NO_CHANGE
cac9d1ae-0bae-5766-a32f-b8eb6702d985,abv,,66.0,0.95,smws,pending,NO_CHANGE
cac9d1ae-0bae-5766-a32f-b8eb6702d985,region,,Islay,0.95,smws,pending,NO_CHANGE
619ecc49-104c-5b3d-8527-477690263190,cask_type,,refill,0.95,smws,pending,NO_CHANGE
619ecc49-104c-5b3d-8527-477690263190,age,,9.0,0.95,smws,pending,NO_CHANGE
619ecc49-104c-5b3d-8527-477690263190,abv,,65.5,0.95,smws,pending,NO_CHANGE
619ecc49-104c-5b3d-8527-477690263190,region,,Islay,0.95,smws,pending,NO_CHANGE
4774d7b1-f99e-5ed0-b54e-5f6dac5ead08,cask_type,,refill,0.95,smws,pending,NO_CHANGE
4774d7b1-f99e-5ed0-b54e-5f6dac5ead08,age,,8.0,0.95,smws,pending,NO_CHANGE
4774d7b1-f99e-5ed0-b54e-5f6dac5ead08,abv,,66.4,0.95,smws,pending,NO_CHANGE
4774d7b1-f99e-5ed0-b54e-5f6dac5ead08,region,,Islay,0.95,smws,pending,NO_CHANGE
c797ea8f-618a-50d6-80c5-fa5f11448868,cask_type,,refill,0.95,smws,pending,NO_CHANGE
c797ea8f-618a-50d6-80c5-fa5f11448868,age,,8.0,0.95,smws,pending,NO_CHANGE
c797ea8f-618a-50d6-80c5-fa5f11448868,abv,,67.0,0.95,smws,pending,NO_CHANGE
c797ea8f-618a-50d6-80c5-fa5f11448868,region,,Islay,0.95,smws,pending,NO_CHANGE
26a37f2b-0843-5a2e-a8fe-390288687d8e,cask_type,,refill,0.95,smws,pending,NO_CHANGE
26a37f2b-0843-5a2e-a8fe-390288687d8e,age,,10.0,0.95,smws,pending,NO_CHANGE
26a37f2b-0843-5a2e-a8fe-390288687d8e,abv,,64.2,0.95,smws,pending,NO_CHANGE
26a37f2b-0843-5a2e-a8fe-390288687d8e,region,,Islay,0.95,smws,pending,NO_CHANGE
544d8239-2c01-5e68-b3af-c0c4e846e788,cask_type,,refill,0.95,smws,pending,NO_CHANGE
544d8239-2c01-5e68-b3af-c0c4e846e788,age,,10.0,0.95,smws,pending,NO_CHANGE
544d8239-2c01-5e68-b3af-c0c4e846e788,abv,,65.2,0.95,smws,pending,NO_CHANGE
544d8239-2c01-5e68-b3af-c0c4e846e788,region,,Islay,0.95,smws,pending,NO_CHANGE
c59452ea-8bf0-5cdd-bb76-f6e4abf531b7,cask_type,,refill,0.95,smws,pending,NO_CHANGE
c59452ea-8bf0-5cdd-bb76-f6e4abf531b7,age,,9.0,0.95,smws,pending,NO_CHANGE
c59452ea-8bf0-5cdd-bb76-f6e4abf531b7,abv,,63.2,0.95,smws,pending,NO_CHANGE
c59452ea-8bf0-5cdd-bb76-f6e4abf531b7,region,,Islay,0.95,smws,pending,NO_CHANGE
e349007a-3331-5ff0-b64f-6334cd05893a,cask_type,,butt;sherry butt,0.95,smws,pending,NO_CHANGE
e349007a-3331-5ff0-b64f-6334cd05893a,age,,10.0,0.95,smws,pending,NO_CHANGE
e349007a-3331-5ff0-b64f-6334cd05893a,abv,,66.3,0.95,smws,pending,NO_CHANGE
e349007a-3331-5ff0-b64f-6334cd05893a,region,,Islay,0.95,smws,pending,NO_CHANGE
9074648c-a0ec-58db-b5d7-e5677d55b72a,cask_type,,butt;refill,0.95,smws,pending,NO_CHANGE
9074648c-a0ec-58db-b5d7-e5677d55b72a,age,,11.0,0.95,smws,pending,NO_CHANGE
9074648c-a0ec-58db-b5d7-e5677d55b72a,abv,,66.7,0.95,smws,pending,NO_CHANGE
9074648c-a0ec-58db-b5d7-e5677d55b72a,region,,Islay,0.95,smws,pending,NO_CHANGE
d9d30288-9c63-5bcd-a771-3f34a2213932,cask_type,,refill,0.95,smws,pending,NO_CHANGE
d9d30288-9c63-5bcd-a771-3f34a2213932,age,,12.0,0.95,smws,pending,NO_CHANGE
d9d30288-9c63-5bcd-a771-3f34a2213932,abv,,65.0,0.95,smws,pending,NO_CHANGE
d9d30288-9c63-5bcd-a771-3f34a2213932,region,,Islay,0.95,smws,pending,NO_CHANGE
3e065072-8bc7-5833-84d2-8ef1be27e36c,cask_type,,butt;sherry butt,0.95,smws,pending,NO_CHANGE
3e065072-8bc7-5833-84d2-8ef1be27e36c,age,,7.0,0.95,smws,pending,NO_CHANGE
3e065072-8bc7-5833-84d2-8ef1be27e36c,abv,,66.6,0.95,smws,pending,NO_CHANGE
3e065072-8bc7-5833-84d2-8ef1be27e36c,region,,Islay,0.95,smws,pending,NO_CHANGE
W001645,cask_type,,refill,0.95,smws,pending,NO_CHANGE
W001645,age,,9.0,0.95,smws,pending,READY_NULL_FILL
W001645,abv,,65.1,0.95,smws,pending,READY_NULL_FILL
W001645,region,,Islay,0.95,smws,pending,NO_CHANGE
be0c8519-9a6d-5425-86ac-cd3c156dee76,cask_type,,hogshead,0.95,smws,pending,NO_CHANGE
be0c8519-9a6d-5425-86ac-cd3c156dee76,age,,7.0,0.95,smws,pending,NO_CHANGE
be0c8519-9a6d-5425-86ac-cd3c156dee76,abv,,60.5,0.95,smws,pending,NO_CHANGE
f054b5b7-53cc-5ced-9412-1cf8b9e8641d,cask_type,,first-fill barrel,0.95,smws,pending,NO_CHANGE
f054b5b7-53cc-5ced-9412-1cf8b9e8641d,age,,5.0,0.95,smws,pending,NO_CHANGE
f054b5b7-53cc-5ced-9412-1cf8b9e8641d,abv,,61.3,0.95,smws,pending,NO_CHANGE
82179330-8ad9-50fa-9730-41192fce0d4d,cask_type,,first-fill barrel,0.95,smws,pending,NO_CHANGE
82179330-8ad9-50fa-9730-41192fce0d4d,age,,9.0,0.95,smws,pending,NO_CHANGE
82179330-8ad9-50fa-9730-41192fce0d4d,abv,,60.2,0.95,smws,pending,NO_CHANGE
6f6f9495-5f31-5e8e-9d83-49d809ce9155,cask_type,,first-fill barrel,0.95,smws,pending,NO_CHANGE
6f6f9495-5f31-5e8e-9d83-49d809ce9155,age,,5.0,0.95,smws,pending,NO_CHANGE
6f6f9495-5f31-5e8e-9d83-49d809ce9155,abv,,60.2,0.95,smws,pending,NO_CHANGE
6f6f9495-5f31-5e8e-9d83-49d809ce9155,region,,Islay,0.95,smws,pending,NO_CHANGE
2011247b-c342-5468-b8f6-b03491eda7f4,cask_type,,first-fill barrel,0.95,smws,pending,NO_CHANGE
2011247b-c342-5468-b8f6-b03491eda7f4,age,,4.0,0.95,smws,pending,NO_CHANGE
2011247b-c342-5468-b8f6-b03491eda7f4,abv,,60.2,0.95,smws,pending,NO_CHANGE
2011247b-c342-5468-b8f6-b03491eda7f4,region,,Islay,0.95,smws,pending,NO_CHANGE
5b4b4ad8-0fff-53d3-a6a4-7609919007c7,cask_type,,first-fill barrel,0.95,smws,pending,NO_CHANGE
5b4b4ad8-0fff-53d3-a6a4-7609919007c7,age,,4.0,0.95,smws,pending,NO_CHANGE
5b4b4ad8-0fff-53d3-a6a4-7609919007c7,abv,,59.2,0.95,smws,pending,NO_CHANGE
5b4b4ad8-0fff-53d3-a6a4-7609919007c7,region,,Islay,0.95,smws,pending,NO_CHANGE
73f62294-1292-58c7-82e8-54cf5233c157,cask_type,,first-fill barrel,0.95,smws,pending,NO_CHANGE
73f62294-1292-58c7-82e8-54cf5233c157,age,,6.0,0.95,smws,pending,NO_CHANGE
73f62294-1292-58c7-82e8-54cf5233c157,abv,,58.9,0.95,smws,pending,NO_CHANGE
73f62294-1292-58c7-82e8-54cf5233c157,region,,Islay,0.95,smws,pending,NO_CHANGE
361c1dd2-c51e-52bb-a001-2a76e661a567,age,,10.0,0.95,smws,pending,NO_CHANGE
361c1dd2-c51e-52bb-a001-2a76e661a567,abv,,58.7,0.95,smws,pending,NO_CHANGE
361c1dd2-c51e-52bb-a001-2a76e661a567,region,,Islay,0.95,smws,pending,CONFLICT
2552a877-8167-5645-9a2f-be7cf6449316,cask_type,,hogshead;refill,0.95,smws,pending,NO_CHANGE
2552a877-8167-5645-9a2f-be7cf6449316,age,,13.0,0.95,smws,pending,NO_CHANGE
2552a877-8167-5645-9a2f-be7cf6449316,abv,,57.7,0.95,smws,pending,NO_CHANGE
2552a877-8167-5645-9a2f-be7cf6449316,region,,Islay,0.95,smws,pending,NO_CHANGE
b4b5b500-b1f7-5e6e-b66e-9b013fb33f4f,cask_type,,hogshead;refill,0.95,smws,pending,NO_CHANGE
b4b5b500-b1f7-5e6e-b66e-9b013fb33f4f,age,,17.0,0.95,smws,pending,NO_CHANGE
b4b5b500-b1f7-5e6e-b66e-9b013fb33f4f,abv,,55.0,0.95,smws,pending,NO_CHANGE
b4b5b500-b1f7-5e6e-b66e-9b013fb33f4f,region,,Islay,0.95,smws,pending,NO_CHANGE
69447d22-fdd9-5c9e-a755-d1dcf8fd1879,age,,12.0,0.95,smws,pending,NO_CHANGE
69447d22-fdd9-5c9e-a755-d1dcf8fd1879,abv,,64.4,0.95,smws,pending,NO_CHANGE
69447d22-fdd9-5c9e-a755-d1dcf8fd1879,region,,Highlands,0.95,smws,pending,CONFLICT
a9819013-a5a4-5c41-ac2f-65c5246e9163,cask_type,,hogshead;refill,0.95,smws,pending,NO_CHANGE
a9819013-a5a4-5c41-ac2f-65c5246e9163,age,,21.0,0.95,smws,pending,NO_CHANGE
a9819013-a5a4-5c41-ac2f-65c5246e9163,abv,,61.1,0.95,smws,pending,NO_CHANGE
27b07f1f-f2fb-512a-a212-d1c275ae2f26,cask_type,,butt;refill,0.95,smws,pending,NO_CHANGE
27b07f1f-f2fb-512a-a212-d1c275ae2f26,age,,21.0,0.95,smws,pending,NO_CHANGE
27b07f1f-f2fb-512a-a212-d1c275ae2f26,abv,,65.1,0.95,smws,pending,NO_CHANGE
152e8a93-cab4-5a10-9807-123149aa12ab,cask_type,,hogshead;refill,0.95,smws,pending,NO_CHANGE
152e8a93-cab4-5a10-9807-123149aa12ab,age,,23.0,0.95,smws,pending,NO_CHANGE
152e8a93-cab4-5a10-9807-123149aa12ab,abv,,60.3,0.95,smws,pending,NO_CHANGE
8a464a45-a609-5871-b175-9d0733d4a0a1,cask_type,,hogshead;refill,0.95,smws,pending,NO_CHANGE
8a464a45-a609-5871-b175-9d0733d4a0a1,age,,37.0,0.95,smws,pending,NO_CHANGE
8a464a45-a609-5871-b175-9d0733d4a0a1,abv,,54.1,0.95,smws,pending,NO_CHANGE
06e74a41-dbab-563f-92f0-95dffc984aa9,cask_type,,hogshead;refill,0.95,smws,pending,NO_CHANGE
06e74a41-dbab-563f-92f0-95dffc984aa9,age,,18.0,0.95,smws,pending,NO_CHANGE
06e74a41-dbab-563f-92f0-95dffc984aa9,abv,,64.2,0.95,smws,pending,NO_CHANGE
38c38fa2-b0c8-5b04-b7ef-5e0381b1c933,cask_type,,hogshead;refill,0.95,smws,pending,NO_CHANGE
38c38fa2-b0c8-5b04-b7ef-5e0381b1c933,age,,21.0,0.95,smws,pending,NO_CHANGE
38c38fa2-b0c8-5b04-b7ef-5e0381b1c933,abv,,62.9,0.95,smws,pending,NO_CHANGE
833c0fdd-cca4-50a7-8f5c-b4baa0d3aca2,cask_type,,hogshead;refill,0.95,smws,pending,NO_CHANGE
833c0fdd-cca4-50a7-8f5c-b4baa0d3aca2,age,,21.0,0.95,smws,pending,NO_CHANGE
833c0fdd-cca4-50a7-8f5c-b4baa0d3aca2,abv,,62.8,0.95,smws,pending,NO_CHANGE
4c71561f-0a5d-5901-8887-c0b10d714293,cask_type,,refill,0.95,smws,pending,NO_CHANGE
4c71561f-0a5d-5901-8887-c0b10d714293,age,,24.0,0.95,smws,pending,NO_CHANGE
4c71561f-0a5d-5901-8887-c0b10d714293,abv,,59.6,0.95,smws,pending,NO_CHANGE
8f95f1ed-d7ab-56af-952b-af1022ad1903,cask_type,,refill,0.95,smws,pending,NO_CHANGE
8f95f1ed-d7ab-56af-952b-af1022ad1903,age,,28.0,0.95,smws,pending,NO_CHANGE
8f95f1ed-d7ab-56af-952b-af1022ad1903,abv,,47.8,0.95,smws,pending,NO_CHANGE
c5fea2cd-af68-5f11-95b0-f8240a3e511c,cask_type,,refill,0.95,smws,pending,NO_CHANGE
c5fea2cd-af68-5f11-95b0-f8240a3e511c,age,,35.0,0.95,smws,pending,NO_CHANGE
c5fea2cd-af68-5f11-95b0-f8240a3e511c,abv,,53.6,0.95,smws,pending,NO_CHANGE
5060614d-276a-58ae-9734-ce4646f24123,cask_type,,hogshead;refill,0.95,smws,pending,NO_CHANGE
5060614d-276a-58ae-9734-ce4646f24123,age,,34.0,0.95,smws,pending,NO_CHANGE
5060614d-276a-58ae-9734-ce4646f24123,abv,,58.3,0.95,smws,pending,NO_CHANGE
00f486c8-02df-58f5-9843-45d2de514a58,cask_type,,refill,0.95,smws,pending,NO_CHANGE
00f486c8-02df-58f5-9843-45d2de514a58,age,,26.0,0.95,smws,pending,NO_CHANGE
00f486c8-02df-58f5-9843-45d2de514a58,abv,,56.0,0.95,smws,pending,NO_CHANGE
8ecbd40b-d6db-5746-a4a4-c65d5c52a1db,cask_type,,hogshead;refill,0.95,smws,pending,NO_CHANGE
8ecbd40b-d6db-5746-a4a4-c65d5c52a1db,age,,33.0,0.95,smws,pending,NO_CHANGE
8ecbd40b-d6db-5746-a4a4-c65d5c52a1db,abv,,53.2,0.95,smws,pending,NO_CHANGE
b2a39615-d111-5d4a-a955-7f9a9351a39a,cask_type,,hogshead;refill,0.95,smws,pending,NO_CHANGE
b2a39615-d111-5d4a-a955-7f9a9351a39a,age,,35.0,0.95,smws,pending,NO_CHANGE
b2a39615-d111-5d4a-a955-7f9a9351a39a,abv,,53.9,0.95,smws,pending,NO_CHANGE
d7b58b52-3027-5c86-981d-c13e300cb875,cask_type,,hogshead;refill,0.95,smws,pending,NO_CHANGE
d7b58b52-3027-5c86-981d-c13e300cb875,age,,34.0,0.95,smws,pending,NO_CHANGE
d7b58b52-3027-5c86-981d-c13e300cb875,abv,,52.8,0.95,smws,pending,NO_CHANGE
b9bd2008-a1a3-5f78-89db-ab9038e0069f,cask_type,,hogshead;refill,0.95,smws,pending,NO_CHANGE
b9bd2008-a1a3-5f78-89db-ab9038e0069f,age,,28.0,0.95,smws,pending,NO_CHANGE
b9bd2008-a1a3-5f78-89db-ab9038e0069f,abv,,55.4,0.95,smws,pending,NO_CHANGE
f4446de1-663d-51a3-b640-bab8e3b82df4,cask_type,,hogshead;refill,0.95,smws,pending,NO_CHANGE
f4446de1-663d-51a3-b640-bab8e3b82df4,age,,34.0,0.95,smws,pending,NO_CHANGE
f4446de1-663d-51a3-b640-bab8e3b82df4,abv,,51.9,0.95,smws,pending,NO_CHANGE
e4ef2c1a-ffdf-59f1-9f0a-49971f609d9f,cask_type,,refill,0.95,smws,pending,NO_CHANGE
e4ef2c1a-ffdf-59f1-9f0a-49971f609d9f,age,,25.0,0.95,smws,pending,NO_CHANGE
e4ef2c1a-ffdf-59f1-9f0a-49971f609d9f,abv,,62.3,0.95,smws,pending,NO_CHANGE
e4ef2c1a-ffdf-59f1-9f0a-49971f609d9f,region,,Highland,0.95,smws,pending,NO_CHANGE
ce9a5b09-26f0-5724-91d9-038bf51d4c76,cask_type,,hogshead,0.95,smws,pending,NO_CHANGE
ce9a5b09-26f0-5724-91d9-038bf51d4c76,age,,17.0,0.95,smws,pending,NO_CHANGE
ce9a5b09-26f0-5724-91d9-038bf51d4c76,abv,,65.3,0.95,smws,pending,NO_CHANGE
6276d8f8-6188-5a9e-8f86-2f8b0049045a,cask_type,,hogshead;virgin oak,0.95,smws,pending,NO_CHANGE
6276d8f8-6188-5a9e-8f86-2f8b0049045a,age,,18.0,0.95,smws,pending,NO_CHANGE
6276d8f8-6188-5a9e-8f86-2f8b0049045a,abv,,65.4,0.95,smws,pending,NO_CHANGE
7d7f1ed3-aee7-5503-ad47-60b8a8ae3f7c,cask_type,,hogshead;refill,0.95,smws,pending,NO_CHANGE
7d7f1ed3-aee7-5503-ad47-60b8a8ae3f7c,age,,19.0,0.95,smws,pending,NO_CHANGE
7d7f1ed3-aee7-5503-ad47-60b8a8ae3f7c,abv,,64.6,0.95,smws,pending,NO_CHANGE
4e6be12f-f68c-52c0-a442-1838661a6441,cask_type,,refill,0.95,smws,pending,NO_CHANGE
4e6be12f-f68c-52c0-a442-1838661a6441,age,,18.0,0.95,smws,pending,NO_CHANGE
4e6be12f-f68c-52c0-a442-1838661a6441,abv,,55.2,0.95,smws,pending,NO_CHANGE
92a3f209-ac9f-5af3-82ea-745dee1c80c1,cask_type,,hogshead;refill,0.95,smws,pending,NO_CHANGE
92a3f209-ac9f-5af3-82ea-745dee1c80c1,age,,35.0,0.95,smws,pending,NO_CHANGE
92a3f209-ac9f-5af3-82ea-745dee1c80c1,abv,,50.1,0.95,smws,pending,NO_CHANGE
6ee22dc8-9949-5558-8d9d-cd28bc309169,cask_type,,hogshead;refill,0.95,smws,pending,NO_CHANGE
6ee22dc8-9949-5558-8d9d-cd28bc309169,age,,31.0,0.95,smws,pending,NO_CHANGE
6ee22dc8-9949-5558-8d9d-cd28bc309169,abv,,59.2,0.95,smws,pending,NO_CHANGE
daab7040-7461-508f-b449-0c1e6d6f563c,cask_type,,hogshead;refill,0.95,smws,pending,NO_CHANGE
daab7040-7461-508f-b449-0c1e6d6f563c,age,,27.0,0.95,smws,pending,NO_CHANGE
daab7040-7461-508f-b449-0c1e6d6f563c,abv,,60.3,0.95,smws,pending,NO_CHANGE
a3aba630-5b70-5c0b-a907-59e5a736ed1a,cask_type,,hogshead;refill,0.95,smws,pending,NO_CHANGE
a3aba630-5b70-5c0b-a907-59e5a736ed1a,age,,28.0,0.95,smws,pending,NO_CHANGE
a3aba630-5b70-5c0b-a907-59e5a736ed1a,abv,,58.4,0.95,smws,pending,NO_CHANGE
2cce09c8-5977-5e68-bb5a-94dede9d7c9a,cask_type,,hogshead;refill,0.95,smws,pending,NO_CHANGE
2cce09c8-5977-5e68-bb5a-94dede9d7c9a,age,,30.0,0.95,smws,pending,NO_CHANGE
2cce09c8-5977-5e68-bb5a-94dede9d7c9a,abv,,59.4,0.95,smws,pending,NO_CHANGE
12e7d040-7d61-5b1c-beea-f9fea16b56bf,cask_type,,refill,0.95,smws,pending,NO_CHANGE
12e7d040-7d61-5b1c-beea-f9fea16b56bf,age,,22.0,0.95,smws,pending,NO_CHANGE
12e7d040-7d61-5b1c-beea-f9fea16b56bf,abv,,57.3,0.95,smws,pending,NO_CHANGE
18667c85-5acd-57dc-be95-6ed6d247c020,cask_type,,hogshead;refill,0.95,smws,pending,NO_CHANGE
18667c85-5acd-57dc-be95-6ed6d247c020,age,,23.0,0.95,smws,pending,NO_CHANGE
18667c85-5acd-57dc-be95-6ed6d247c020,abv,,62.4,0.95,smws,pending,NO_CHANGE
bec4ab04-e89d-5702-bf05-134bd42b394e,cask_type,,hogshead;refill,0.95,smws,pending,NO_CHANGE
bec4ab04-e89d-5702-bf05-134bd42b394e,age,,23.0,0.95,smws,pending,NO_CHANGE
bec4ab04-e89d-5702-bf05-134bd42b394e,abv,,59.0,0.95,smws,pending,NO_CHANGE
7285577b-af5c-5d2c-ac1e-62c8796c96ca,cask_type,,hogshead;refill,0.95,smws,pending,NO_CHANGE
7285577b-af5c-5d2c-ac1e-62c8796c96ca,age,,25.0,0.95,smws,pending,NO_CHANGE
7285577b-af5c-5d2c-ac1e-62c8796c96ca,abv,,59.6,0.95,smws,pending,NO_CHANGE
fb0a4b12-03d0-5a3b-b6b2-3b8b992a66b8,cask_type,,hogshead;refill,0.95,smws,pending,NO_CHANGE
fb0a4b12-03d0-5a3b-b6b2-3b8b992a66b8,age,,26.0,0.95,smws,pending,NO_CHANGE
fb0a4b12-03d0-5a3b-b6b2-3b8b992a66b8,abv,,59.7,0.95,smws,pending,NO_CHANGE
3a653f22-ba5d-54fe-9458-17b4bba9481a,cask_type,,refill,0.95,smws,pending,NO_CHANGE
3a653f22-ba5d-54fe-9458-17b4bba9481a,age,,11.0,0.95,smws,pending,NO_CHANGE
3a653f22-ba5d-54fe-9458-17b4bba9481a,abv,,57.8,0.95,smws,pending,NO_CHANGE
