whisky_id,field,column,current_value,proposed_value,action,field_class,confidence,citation_id,source,dedupe_key,conflict
003ad896-ff8c-513e-b983-26330f7873cc,cask_type,cask_type,,refill,APPEND,APPEND,0.95,CIT_2d560d99404e5f48f7daa2246cfd1cac86ccfb2cfb6d8fbdf4115d3acfcccc8a,smws,1dcd7e49363e7af87ffe4ce8785460297c75dab01f6557c9cf13a9a5e1075d30,fill_null
003ad896-ff8c-513e-b983-26330f7873cc,region,region,,Highland,APPLY,REPLACE,0.95,CIT_2d560d99404e5f48f7daa2246cfd1cac86ccfb2cfb6d8fbdf4115d3acfcccc8a,smws,6bbf30dd7fb7580732f199fe8d8ad839f1c59a0fe7257fa35d60ce305aebf49f,fill_null
00746183-7cf4-562e-8703-cfb555d5535a,cask_type,cask_type,,butt;refill,APPEND,APPEND,0.95,CIT_ee6bd6b00f68d845bfff58ded1befb350367764d355a07b6fff507718387f17f,smws,17870abd1ab0bf58d232ba28df5647da7700c4f9b9b706a38e4a8fd4b5cc7a21,fill_null
00746183-7cf4-562e-8703-cfb555d5535a,region,region,,Campbeltown,APPLY,REPLACE,0.95,CIT_ee6bd6b00f68d845bfff58ded1befb350367764d355a07b6fff507718387f17f,smws,83775467257c441b932ec98ee1655b83419b46643bec85309c0758c868e1ed98,fill_null
00bf2de7-aa9f-56c5-9bad-251e9ef209d7,cask_type,cask_type,,butt;first-fill;sherry butt,APPEND,APPEND,0.95,CIT_2fbfc31c1139840447c5180f2fd405b671bebc9deb004d8aa8fe4fe7410978a2,smws,6337b35805e0cf3c6c6a9f67155630874f453de0bef07a55307d0738d789eeef,fill_null
00f486c8-02df-58f5-9843-45d2de514a58,cask_type,cask_type,,refill,APPEND,APPEND,0.95,CIT_c8eedfdd989877cd7ef222e14cc2af0bdc33226404504f438b23e59b2dc8f516,smws,6e58ec6e8babba93346956774d6926a091ca85223a659ee1fb3885e79924e6fb,fill_null
01813d48-182c-5cec-8f43-ea9c0ee144d2,cask_type,cask_type,,first-fill barrel,APPEND,APPEND,0.95,CIT_77e651d87909caaa47e68530f73360e0e17c1647b030a19cf91557eca9bacd1b,smws,652cd3a98b711012942be8f10107c739bcdcd67f120638a706e4a0b42707ce23,fill_null
01813d48-182c-5cec-8f43-ea9c0ee144d2,region,region,,Highland,APPLY,REPLACE,0.95,CIT_77e651d87909caaa47e68530f73360e0e17c1647b030a19cf91557eca9bacd1b,smws,8936cc62ec4ce0a1797369cfecd762afe6539a2bc3d36d45e2e61fed3d29ef3f,fill_null
0280ab12-6806-55fd-a2c4-5f2312fb186a,cask_type,cask_type,,first-fill barrel,APPEND,APPEND,0.95,CIT_fdebe63a7b05ce58c85e2994f43646781b261998bc093bb48f5f01b346397aac,smws,53f24a47ea0c833a5f6f2f888db72305d14e16a1af5ef5e4c8c472935d2db346,fill_null
0280ab12-6806-55fd-a2c4-5f2312fb186a,region,region,,Speyside,APPLY,REPLACE,0.95,CIT_fdebe63a7b05ce58c85e2994f43646781b261998bc093bb48f5f01b346397aac,smws,69882defa2c981787d46b80aa99ea1b5da39ebf6f8ceb1dff84bb10155d689bc,fill_null
028e1935-5750-5873-aecc-57af34268a7a,cask_type,cask_type,,butt;refill,APPEND,APPEND,0.95,CIT_0493fabc355eb7338fe1d1e5685afcf9046399e80bab00f14f2fccc69ee24d5f,smws,53485f0a84b73b8b0cdd63736e46f16aceb4d541816ea1a077e12de86fea26da,fill_null
028e1935-5750-5873-aecc-57af34268a7a,region,region,,Speyside,APPLY,REPLACE,0.95,CIT_0493fabc355eb7338fe1d1e5685afcf9046399e80bab00f14f2fccc69ee24d5f,smws,7dad006c04602135d7656e8eaab52913996d91ba65eef7fcdd2a08618c914542,fill_null
02a86d9a-5af2-5e4a-bb77-9af6fae9f63d,cask_type,cask_type,,butt;sherry butt,APPEND,APPEND,0.95,CIT_6e18e4c4bf7b93e8fe2bfc73dde639a8556b481c088da9f1ddb850514d71f359,smws,ffd624205ed925ef16ed5e5d882de3ee55d031a7a3f7d3be6397ec526b64d3eb,fill_null
02a86d9a-5af2-5e4a-bb77-9af6fae9f63d,region,region,Highland / District,Highland / District,APPLY,REPLACE,0.95,CIT_6e18e4c4bf7b93e8fe2bfc73dde639a8556b481c088da9f1ddb850514d71f359,smws,e63b169709f1458d1282142931ff2d3d0987695bf7dc302854e9e05c51760376,skipped_existing_stronger
02c1442c-b077-50ba-80f2-17d811a6d0d2,cask_type,cask_type,,hogshead;refill,APPEND,APPEND,0.95,CIT_f53ee8a87a68253592cba2fbb33b297418044bc039d1d9063dc6c3de27665335,smws,fbaf97bb0aa6eb0d7cbcbeb9439ed1fc9937a0d4be6b9d676091cc3ddec31583,fill_null
02c1442c-b077-50ba-80f2-17d811a6d0d2,region,region,,Islay,APPLY,REPLACE,0.95,CIT_f53ee8a87a68253592cba2fbb33b297418044bc039d1d9063dc6c3de27665335,smws,9e36c2d9bc58d993fffc0f884983a448dc07b0e5235495e63a116016308c54fb,fill_null
031087b9-d026-59a9-ae43-6a52d8eb36ad,cask_type,cask_type,,hogshead;refill,APPEND,APPEND,0.95,CIT_5524cd10034ab5083350d61846282c6265368d5aaec6a28b2e775bd20d08425d,smws,254d44a52ca376e01abc68431d8e308798420f0d0b7ea593d585f5a3a257152c,fill_null
031087b9-d026-59a9-ae43-6a52d8eb36ad,region,region,,Islay,APPLY,REPLACE,0.95,CIT_5524cd10034ab5083350d61846282c6265368d5aaec6a28b2e775bd20d08425d,smws,45d2531e91ba38c7511ca999faeea0ee3ef2962fb1032b39b9ac2e01c03d5e79,fill_null
0330f875-4590-5a45-8118-45f2af3b64c9,cask_type,cask_type,,hogshead;refill,APPEND,APPEND,0.95,CIT_fa2f507e696a39cba9dd9942c17b01a5850ff12d39ea144362966ec9aa7eb29a,smws,62ede98d0c8301bc1fbfbd3d97c4ee45a0d693b7b5db90d018a303f9530f6a88,fill_null
0330f875-4590-5a45-8118-45f2af3b64c9,region,region,,Speyside,APPLY,REPLACE,0.95,CIT_fa2f507e696a39cba9dd9942c17b01a5850ff12d39ea144362966ec9aa7eb29a,smws,f9e55211f9f7d35e185c641eee032ef00806a15b5522842b17816894ac069164,fill_null
04ce1849-cefd-5799-af77-53ae5eeac1aa,cask_type,cask_type,,hogshead;refill,APPEND,APPEND,0.95,CIT_0b98c8e38a70f9a7bbb926cfd65a4a5527047b5f4709e729e9991b1130429662,smws,32431c30c18262cac64a2777e8422b043f3291d8d8f8f3342c4f606779357bf4,fill_null
04ce1849-cefd-5799-af77-53ae5eeac1aa,region,region,,Highland,APPLY,REPLACE,0.95,CIT_0b98c8e38a70f9a7bbb926cfd65a4a5527047b5f4709e729e9991b1130429662,smws,3e135c5ef89c69732f014781a9f9a392044595f63e71c15a6cda421460bea32c,fill_null
0632580d-de61-55e7-8409-0b5599cd561e,cask_type,cask_type,,hogshead;refill,APPEND,APPEND,0.95,CIT_88e88cef632e570c37f2f11f0f7de8bb51c6a9e4562145becd7d6f37cdd38c77,smws,ae59f66cb248d9366b63469e3a054a2a5798c8a44a0dae2c1f7536be1990e980,fill_null
0632580d-de61-55e7-8409-0b5599cd561e,region,region,,Highland,APPLY,REPLACE,0.95,CIT_88e88cef632e570c37f2f11f0f7de8bb51c6a9e4562145becd7d6f37cdd38c77,smws,65368100a52252f2f80cb698edf718ccd054f8f3a6e035f399056522a9f01e20,fill_null
06e74a41-dbab-563f-92f0-95dffc984aa9,cask_type,cask_type,,hogshead;refill,APPEND,APPEND,0.95,CIT_7c862056a6a30c67ad8ce3646ed111702e8fb583b62c13e0ff197eef148c8123,smws,a654ed151d316a0dc0664b15725d972ce049f31c805e9315661015ebd012906c,fill_null
07367bd2-7af5-5b27-8dc7-6a6cd9bc2fce,cask_type,cask_type,,refill,APPEND,APPEND,0.95,CIT_81c36df342675867d3ec8a5e27521e6ede810332ec24db43d3ce4b843c7d1bb0,smws,927628fb55e91e5bc7571e6b09574df428bcd078926bbafe9ef5ea187e3b9cc9,fill_null
07367bd2-7af5-5b27-8dc7-6a6cd9bc2fce,region,region,,Highland,APPLY,REPLACE,0.95,CIT_81c36df342675867d3ec8a5e27521e6ede810332ec24db43d3ce4b843c7d1bb0,smws,1f46401b315fad34ccc752ed3fd0f6dec10b177ef9b33bdfb079637781195365,fill_null
07a43842-2f5e-5c40-b700-a8f51b7e2c17,cask_type,cask_type,,hogshead;refill,APPEND,APPEND,0.95,CIT_e336a442bb6e6d70f918d52f71b372f4965a27702ed1fca9e342c61520df8be7,smws,0b1051324bd64e6d698e7919299c899022adcf0bfda2b1d641f886914646e8b7,fill_null
07a43842-2f5e-5c40-b700-a8f51b7e2c17,region,region,,Highland,APPLY,REPLACE,0.95,CIT_e336a442bb6e6d70f918d52f71b372f4965a27702ed1fca9e342c61520df8be7,smws,6c806c9074c8dfc788c43a5d3a45c32dee5dea865b161f7df01c7b7f11c51f51,fill_null
07b1c861-282c-5720-9def-4ac51caf9781,cask_type,cask_type,,hogshead;refill,APPEND,APPEND,0.95,CIT_123b396c23430c1756fd099767970801343cda23a900f7e39f4a7e5cb7ea26a7,smws,9c766ca9acd79ac2f3399078a2d9457de22b29845a9ba4d0d89088b6f02609f1,fill_null
07b1c861-282c-5720-9def-4ac51caf9781,region,region,,Islay,APPLY,REPLACE,0.95,CIT_123b396c23430c1756fd099767970801343cda23a900f7e39f4a7e5cb7ea26a7,smws,8ac1cf15e0a9dfa461194d57b077aa8a9b96df7aa5db0c004d99382ecd664823,fill_null
085b02c9-ff1e-5311-9b20-b12c22a6eaae,cask_type,cask_type,,hogshead;refill,APPEND,APPEND,0.95,CIT_2587317250bc0a74c944ed9dd87821e96b2bc7f4ecac81eb69a6e9e07f1eacca,smws,7f8c468b622fac250a7b796706bb1f733c791edd615e8929b96cc72d76caeabf,fill_null
085b02c9-ff1e-5311-9b20-b12c22a6eaae,region,region,,Speyside,APPLY,REPLACE,0.95,CIT_2587317250bc0a74c944ed9dd87821e96b2bc7f4ecac81eb69a6e9e07f1eacca,smws,9b5ac235b488d6aeebe2f515b1c1ce1bf0719c6851b52f30b24fa0f4618a848f,fill_null
086f622f-b23c-508d-b448-8218aec33aea,region,region,"Highlands
          District","Highlands
          District",APPLY,REPLACE,0.95,CIT_f2356e85f8e7f026961f566a35ed7764175eb36ca0630d554483acc324132e64,smws,4830c50137ee08d38e0a91b4686f4c7d59e7e4eed5fb25ef878ad65e965aec07,skipped_existing_stronger
08888c37-9fc1-590c-9147-6c4cec08d9fa,region,region,,Speyside,APPLY,REPLACE,0.95,CIT_441136b03470cd466d76ec4406a1a205d1269ea1875ff9214d7492cd5a824a01,smws,14a376a1273b59b918b7d9d7eae0100b04ec3db2df148266acc0df8e2c382353,fill_null
094b5ceb-44ee-5701-b034-c068606564f8,cask_type,cask_type,,refill,APPEND,APPEND,0.95,CIT_54cfdbc89726f56b75deda5d808bad2847e00f7e8729ac4246f9640aee0d671b,smws,1b03f9c8d61921b2fb7c634d6eaa9d27d76e464fa84bc21cfbbaeeb4a2c47ed0,fill_null
094b5ceb-44ee-5701-b034-c068606564f8,region,region,,Highland,APPLY,REPLACE,0.95,CIT_54cfdbc89726f56b75deda5d808bad2847e00f7e8729ac4246f9640aee0d671b,smws,c781ed72b8fb9fbb8d6d67532569fc2627eeceb53e73f21729241af3c4678e87,fill_null
095ed3f1-39f5-5ffa-8aee-268daa1be826,cask_type,cask_type,,refill,APPEND,APPEND,0.95,CIT_8f1d65859cdc44966490e264aa545b9f7d25b2ffd42c0ba146b8ccb090d421ca,smws,09b4083af5a267e8423588ed22650f0a4c4350482d2c0b204c4ae27b45d6b958,fill_null
0995b0b0-eefd-5387-92cf-f2375ccb7322,cask_type,cask_type,,hogshead;refill,APPEND,APPEND,0.95,CIT_347c28b56464a03cb451cf4c8155a04041a79eb997c520fc609c28d0e132ccf2,smws,6c193e3bf8567e027c65f721a32b4d575e6eccc866b8d728b4d7803547e0eeb3,fill_null
0995b0b0-eefd-5387-92cf-f2375ccb7322,region,region,,Speyside,APPLY,REPLACE,0.95,CIT_347c28b56464a03cb451cf4c8155a04041a79eb997c520fc609c28d0e132ccf2,smws,2e00f26a630b5eee9343a57a54b3705028eab857e18e804ce6b2639566d0742f,fill_null
09f3e5e3-5c92-526c-b8e1-4b0fc4b7f27d,cask_type,cask_type,,hogshead;refill,APPEND,APPEND,0.95,CIT_cc45ccf7cde3468a8625f274037e3f26d70144244344fded52eafde431c96402,smws,bcb131aebd776ccc33809b6f8c243ae155d26db02c15e80adef539d1d53f1be7,fill_null
09f3e5e3-5c92-526c-b8e1-4b0fc4b7f27d,region,region,Highland District,Highland District,APPLY,REPLACE,0.95,CIT_cc45ccf7cde3468a8625f274037e3f26d70144244344fded52eafde431c96402,smws,5a1ba9a734d8435b040fe2df33cbad8e6713472fd727fbaa94c3e31ed9065bf2,skipped_existing_stronger
0a22e0a5-c1ea-5b81-b5ae-88bd79521596,cask_type,cask_type,,hogshead;refill,APPEND,APPEND,0.95,CIT_ac8a6ca2ef03db9ea333aa81ed3c22ffbb708b5251c31dd94821b40dfc7cefde,smws,dd9b793cd380bea79081ba3ef9d42516cc4a012dd1a13b527c35ba26d30215a7,fill_null
0a22e0a5-c1ea-5b81-b5ae-88bd79521596,region,region,,Speyside,APPLY,REPLACE,0.95,CIT_ac8a6ca2ef03db9ea333aa81ed3c22ffbb708b5251c31dd94821b40dfc7cefde,smws,bd7de827feae5e3331059745bd8b838f707a0135c36a2663bc03b0901d30bb42,fill_null
0a887b33-5aa5-5b35-8926-ef5eaeb9adb7,cask_type,cask_type,,refill,APPEND,APPEND,0.95,CIT_da2f63385ff1db3ebd9422053a866c52a1a15dbb5ded02bddc9e13be5a928908,smws,d948d81c9e5810d5c47e63453c5556b55601daf26a8f228e9d9341d8629c7ecc,fill_null
0a887b33-5aa5-5b35-8926-ef5eaeb9adb7,region,region,,Highland,APPLY,REPLACE,0.95,CIT_da2f63385ff1db3ebd9422053a866c52a1a15dbb5ded02bddc9e13be5a928908,smws,9c569fd94f47c8ab58938acd91564caa6c0cb683a8cff418f7512c5c54aef0bf,fill_null
0b82dcc4-3f08-5be6-952e-d8b2cac072e3,cask_type,cask_type,,hogshead;refill,APPEND,APPEND,0.95,CIT_d2ce668af83d38dea7f0425d08bc86ba82b93ed00ce4feb2db939c9c250e3cf1,smws,bdc62895305186fbbc6f6ec9e8afb7749807008c71e092cdc0a5df552dea286e,fill_null
0b82dcc4-3f08-5be6-952e-d8b2cac072e3,region,region,,Speyside,APPLY,REPLACE,0.95,CIT_d2ce668af83d38dea7f0425d08bc86ba82b93ed00ce4feb2db939c9c250e3cf1,smws,d3a84ce234e7fda0948733b00164bc26de1e8996a67286f5549b65f538ea0db2,fill_null
0b9d77e4-659a-59ee-a1a0-c30bc035b351,cask_type,cask_type,,refill,APPEND,APPEND,0.95,CIT_aa9df6ad6bbc5c167e556ea05ea5585c5db090949ea587b4dfc11d4aae5882ca,smws,1ab3c760023fdc2efd63cfba76d4258b9831039d2f964cf9f7cb1d76b6ff571c,fill_null
0b9d77e4-659a-59ee-a1a0-c30bc035b351,region,region,Islay District,Islay District,APPLY,REPLACE,0.95,CIT_aa9df6ad6bbc5c167e556ea05ea5585c5db090949ea587b4dfc11d4aae5882ca,smws,72edcaa3b1f776c642dd6d1854744783d9a18389811f5e42ddd8392087365f57,skipped_existing_stronger
0bd4089d-4462-582a-a315-cecbf1360c79,cask_type,cask_type,,butt;sherry butt,APPEND,APPEND,0.95,CIT_f724ab2cfef84a73b4a4c08d1c6164ae0e44ee65aba9333883064bca4407e3a6,smws,43aadd03108bb6a14c114a6a4ba79e300f04c8b0bba50bb903841d5caacbeae3,fill_null
0bd4089d-4462-582a-a315-cecbf1360c79,region,region,,Highland,APPLY,REPLACE,0.95,CIT_f724ab2cfef84a73b4a4c08d1c6164ae0e44ee65aba9333883064bca4407e3a6,smws,81fd5968c09894c09cab09b5f864f7be088bfbab88a403ae1c3c101bd80220b7,fill_null
0bf77a63-8c48-5142-8447-3064ddfc0994,cask_type,cask_type,,first-fill barrel,APPEND,APPEND,0.95,CIT_72ec4ddf6c9b157a4ca5993a16a22d4ed71857eb0eb92933b1cfe21cd5e01f30,smws,8e2d024f05b373a4dadcd687eb9dd19727ba6be751257c79040aca2a6b509983,fill_null
0bf77a63-8c48-5142-8447-3064ddfc0994,region,region,,Highland,APPLY,REPLACE,0.95,CIT_72ec4ddf6c9b157a4ca5993a16a22d4ed71857eb0eb92933b1cfe21cd5e01f30,smws,9247c8da68e341bce0c45c49531282ab8f1f1744b8ca4c859301564ba39a3e4c,fill_null
0c472ef8-61f0-509f-b944-62256b9b053c,region,region,,Speyside,APPLY,REPLACE,0.95,CIT_61d87a5990763aa99ef2549672966e3882bc447709c82c0924f29dc3c6ff6b59,smws,b13983e2e8561f4d8d39a081ff6bf3159a47fe73ffff515eee187c86084113f9,fill_null
0c56eb49-b5da-5493-b1ff-c097bcda1408,cask_type,cask_type,,hogshead;refill,APPEND,APPEND,0.95,CIT_4e0a603a0ce5030ab962d7f080b475086972d7283019587c4531277c202878cb,smws,6d44932ea7f12200ebd6e32ec70a27890d341b88560d943d2e771e95a854f96f,fill_null
0c56eb49-b5da-5493-b1ff-c097bcda1408,region,region,,Speyside,APPLY,REPLACE,0.95,CIT_4e0a603a0ce5030ab962d7f080b475086972d7283019587c4531277c202878cb,smws,8fef3043c57970e99b1a31f822373477d5ec48cf4fcc0261df9dde6ec4794087,fill_null
0d9b8cd5-74a2-5cd7-93b0-434f1a99a6ba,cask_type,cask_type,,hogshead;refill,APPEND,APPEND,0.95,CIT_ab87726731161b3819ab01e64853159cbb2ed6813af5b77fef9633b83ab88dd4,smws,f267ba2302f3c17ae693966aaceb118ac64862c5df539b18b3ff2f8663cc6a6b,fill_null
0da48c20-08fd-5ba8-9a80-2a0d64b06a64,cask_type,cask_type,,refill,APPEND,APPEND,0.95,CIT_ab63cf6c3a43dc9a8eed1f018fe99e833e02f2b12971a193ce6463be670ab1a8,smws,106962df17c85032aef01aee472949d4f8fa88e50d7d971fe54eba3495f9a2d7,fill_null
0da48c20-08fd-5ba8-9a80-2a0d64b06a64,region,region,,Speyside,APPLY,REPLACE,0.95,CIT_ab63cf6c3a43dc9a8eed1f018fe99e833e02f2b12971a193ce6463be670ab1a8,smws,74696bb264c9c48aa3232861f81c67b8e63ef65fc0eba3839cf4836f2f30a762,fill_null
0da77f45-86ad-55d0-b850-f0288859a360,cask_type,cask_type,,refill,APPEND,APPEND,0.95,CIT_cd45fcf36956ab33c5d31a7bc12fe38216e118250746bbd165cf2f5c7cd005b8,smws,6a2412353090c6cce3504afb6f96b1ec7cb9fe81d9596c61f07f4506f1fd425f,fill_null
0da77f45-86ad-55d0-b850-f0288859a360,region,region,,Highland,APPLY,REPLACE,0.95,CIT_cd45fcf36956ab33c5d31a7bc12fe38216e118250746bbd165cf2f5c7cd005b8,smws,e8abf4c79cc73f0f00e72ef32ce27b081413f07f69cc8e450805e0638d9dbab0,fill_null
0db5e21b-c412-51d2-a2dd-74098738ba8b,region,region,Highlands / District,Highlands / District,APPLY,REPLACE,0.95,CIT_b982bff34ee5f09db8b61b5424f0a45b3ad78d11e7904e09fbe9022fac311e74,smws,f96597ae91e45d8e26de2ec5c881853e0b6830a85b8f4818699c0dd1844413ae,skipped_existing_stronger
0dccc341-154b-5284-962c-a6bd0040f621,cask_type,cask_type,,refill,APPEND,APPEND,0.95,CIT_d690d4991c2004e2c0ef2f3ce6748669d27bc487929f0c79a07cdd7f694118f8,smws,ae8d4327c18398680ced6677e357548c644aa8e1681ef04f3417ccaac5f8d1e7,fill_null
0dccc341-154b-5284-962c-a6bd0040f621,region,region,,Speyside,APPLY,REPLACE,0.95,CIT_d690d4991c2004e2c0ef2f3ce6748669d27bc487929f0c79a07cdd7f694118f8,smws,ab073a05dd073dfaecae1e098d5cdd5c1c834a59d483aac922d374066da7fed4,fill_null
0e11e7bd-1ca1-51c2-a5d2-3ebd538c0ae6,cask_type,cask_type,,refill,APPEND,APPEND,0.95,CIT_19980e34ef32ea8cf45523208d5f71eee2a2acacad17971e4767a55293eda71d,smws,78e3e0504d188ee4cc7a1800978ac4a7157d0a1f70869fb943d9fa44a745fe15,fill_null
0e11e7bd-1ca1-51c2-a5d2-3ebd538c0ae6,region,region,,Speyside,APPLY,REPLACE,0.95,CIT_19980e34ef32ea8cf45523208d5f71eee2a2acacad17971e4767a55293eda71d,smws,1134bffa048e7f66ccaef8c6047a18c199953a1cee6dd903f80088865aaee983,fill_null
0eb2c004-ff1c-57fa-985b-03271491f196,cask_type,cask_type,,butt;sherry butt,APPEND,APPEND,0.95,CIT_055f38cefa37cb314c8558a9c33f27fd1ef316d87a3086f1331205a5a57f254f,smws,0cfb2765a4e070e8213f914b76e155485a981eb7351f36d584f6c8dc6b297b02,fill_null
0eb2c004-ff1c-57fa-985b-03271491f196,region,region,,Speyside,APPLY,REPLACE,0.95,CIT_055f38cefa37cb314c8558a9c33f27fd1ef316d87a3086f1331205a5a57f254f,smws,95e0a955fab9e73dc9620766c69cfffb579d2effbb8746324cb5de44075690f9,fill_null
0efb9d47-4282-5b6a-8374-e789c8ae4d42,cask_type,cask_type,,first-fill barrel,APPEND,APPEND,0.95,CIT_8566f5a7d5e2e27cedf9c69d2e35263c8b6115d79db62b6ebfbbe54fb7002631,smws,1393a55e6f155e9bdae5573fd70eba7a071fa98bbff3303459b155d8d89c4dca,fill_null
0efb9d47-4282-5b6a-8374-e789c8ae4d42,region,region,,Speyside,APPLY,REPLACE,0.95,CIT_8566f5a7d5e2e27cedf9c69d2e35263c8b6115d79db62b6ebfbbe54fb7002631,smws,370fac3d24702a0bb6ac451ef6929e237c90414d2fdfea865214de9d29f762c3,fill_null
0f01956b-105b-5d7a-aee4-cfcfcee1bf9b,region,region,Islay / District,Islay / District,APPLY,REPLACE,0.95,CIT_3c2d9b30f634dd9be2158cac61d57bf62b0ad123260db951889e25cd5fbb0817,smws,b339b46eee243ff21a2360de707bda0b1ae2e9a2c5fdb0829cd5bcdb049746b4,skipped_existing_stronger
0f9afeae-b37e-5bc1-af6d-e25c0047c034,cask_type,cask_type,,refill,APPEND,APPEND,0.95,CIT_37798c2eb00df7397acf52909dae9f3ad1d5258bfa94e8fd865405bd677cca68,smws,fc3d34ac98ab063ed612200d9f2b36c9eccc7a9a2f46e2736e74238b405b9f28,fill_null
0f9afeae-b37e-5bc1-af6d-e25c0047c034,region,region,,Campbeltown,APPLY,REPLACE,0.95,CIT_37798c2eb00df7397acf52909dae9f3ad1d5258bfa94e8fd865405bd677cca68,smws,06b61eb43cd7dc025667dbb3d8299f36120599bbd6234c844f9707b84282aba9,fill_null
0fba713a-af35-524d-94a7-a7516e0aa71b,cask_type,cask_type,,hogshead;refill,APPEND,APPEND,0.95,CIT_a08f79b5b2ce3e6f3e196126accf9f39ad618df2c4e7fa910699ac9881b0a2ec,smws,975dcf48a04ce3f161f434b080c4ac9e77180c02821a219126005bcad1b5b856,fill_null
0fba713a-af35-524d-94a7-a7516e0aa71b,region,region,,Speyside,APPLY,REPLACE,0.95,CIT_a08f79b5b2ce3e6f3e196126accf9f39ad618df2c4e7fa910699ac9881b0a2ec,smws,3248cf74306478e0584658abaf8b5a6ce07d3e34f6c7f029de9a17a6098d8bf9,fill_null
0fcfaf79-a9e3-50aa-a665-71c43bc9eb8e,cask_type,cask_type,,hogshead;refill,APPEND,APPEND,0.95,CIT_d751fd0e44e8d15e834481107a3ae4e23c8b452a821c6fd88c0ddf75e7c48c08,smws,1fb42367a94f85ff487ec81bf8bd54066b4a97f478751401fd53e6fcf7803530,fill_null
0fcfaf79-a9e3-50aa-a665-71c43bc9eb8e,region,region,,Islay,APPLY,REPLACE,0.95,CIT_d751fd0e44e8d15e834481107a3ae4e23c8b452a821c6fd88c0ddf75e7c48c08,smws,99fa64414287f94772a0a0194e56ff6778442322584985473cd7d67826f59ab5,fill_null
104887c8-abd6-5fae-becf-239ad918692a,cask_type,cask_type,,olorosa;sherry butt,APPEND,APPEND,0.95,CIT_4427152a0412478956306e3696001760df57621aede97907c7ade86447a477c2,smws,14ca9c819fde0daa2e491b3d4cda96298712780a92a073f13b90204fb44e15bf,fill_null
104887c8-abd6-5fae-becf-239ad918692a,region,region,,Highland,APPLY,REPLACE,0.95,CIT_4427152a0412478956306e3696001760df57621aede97907c7ade86447a477c2,smws,88ab1e963ab05bfae7d75127ff345797600faedd2fcfcc2cef84b1ad7aff68ff,fill_null
10a9c185-23ed-5ff8-bc16-fb93438afa02,cask_type,cask_type,,hogshead;refill,APPEND,APPEND,0.95,CIT_39c5ff5f00b48d94fbae474a9235beb9a36edac326093b49b37853d039572599,smws,bf8ce2a86eb52f8eadf3003389e7267cf9b9fc8d0f5ccbfb21e1bc04992c4696,fill_null
10a9c185-23ed-5ff8-bc16-fb93438afa02,region,region,,Speyside,APPLY,REPLACE,0.95,CIT_39c5ff5f00b48d94fbae474a9235beb9a36edac326093b49b37853d039572599,smws,c22ef9339e3dac01f0e4cca28a678b346645a3ce55058ead9275d22d73a87f19,fill_null
10b6adca-257b-5eeb-a9d0-747a44a007f6,cask_type,cask_type,,first-fill barrel,APPEND,APPEND,0.95,CIT_1f8bf0495cee6216ed1de96c0e537f79eea1ef103811eb783d3f34052f5fdfa5,smws,5c3bcf1f7d46886cf2271e85c11d2a845cc6f407a85b5736728b2f07c505a128,fill_null
10b6adca-257b-5eeb-a9d0-747a44a007f6,region,region,,Speyside,APPLY,REPLACE,0.95,CIT_1f8bf0495cee6216ed1de96c0e537f79eea1ef103811eb783d3f34052f5fdfa5,smws,319384fec671deda54c1b9154e416e57ec8ccfa4d0689fb818e7c0f4f28ff53d,fill_null
10d0f418-ac1c-5558-a884-3a2d5319526b,cask_type,cask_type,,refill,APPEND,APPEND,0.95,CIT_2b8897ab7da1d7393866e3e7545f7648af74461e510f011b87c75f5c1ab5c685,smws,fc56319cbeff8836bf576aa82c0130779c528f613b5d2e9c78c1cef6116903fe,fill_null
10d0f418-ac1c-5558-a884-3a2d5319526b,region,region,,Highland,APPLY,REPLACE,0.95,CIT_2b8897ab7da1d7393866e3e7545f7648af74461e510f011b87c75f5c1ab5c685,smws,3e7fbf51337f1e635f05cf70455e3e580ce7fabae639c6defaf3241c45b50450,fill_null
10e9d25e-fd53-5de8-8ed4-dc2a3d1251cb,cask_type,cask_type,,hogshead;refill,APPEND,APPEND,0.95,CIT_5855c137528f1f36822d1b3856b87f18f5156fde612cae5dac374c0a9a3de756,smws,0f3695467712ac2b04e779197da6a0162a9a8ba9b5a19bbc1ea7809a9ba7bebe,fill_null
10e9d25e-fd53-5de8-8ed4-dc2a3d1251cb,region,region,,Speyside,APPLY,REPLACE,0.95,CIT_5855c137528f1f36822d1b3856b87f18f5156fde612cae5dac374c0a9a3de756,smws,3d2557d5e792bec13af9161e4ca7e24ec7b11808db77895eec46528e733476d2,fill_null
116dcdfc-c858-5bfd-aa9d-d3a78211ff7a,cask_type,cask_type,,butt;sherry butt,APPEND,APPEND,0.95,CIT_409cd4b949e22649e72fdc4a70fc1a15763dcdd18a53e22ffc150489dd76e5fd,smws,4ea6902d9f4cf32f79bc525bd9f93c82574bd886189102bba92cd90e0bfb9e48,fill_null
116dcdfc-c858-5bfd-aa9d-d3a78211ff7a,region,region,,Speyside,APPLY,REPLACE,0.95,CIT_409cd4b949e22649e72fdc4a70fc1a15763dcdd18a53e22ffc150489dd76e5fd,smws,a18baa1d25c29c3796a88700a51956e71930e72b0e48a7bc3063838ff69bb018,fill_null
119c6a93-c8e2-5a2f-aaa6-4d1ee8c7ec49,cask_type,cask_type,,refill,APPEND,APPEND,0.95,CIT_55167f476db069b39853a9acb23206fc5466995b2149af6cced02da33fe048e2,smws,783644a55b155879be61c5b837e7fa488d6a8c54f3a7c4981eb5b273326b2d4c,fill_null
119c6a93-c8e2-5a2f-aaa6-4d1ee8c7ec49,region,region,,Islay,APPLY,REPLACE,0.95,CIT_55167f476db069b39853a9acb23206fc5466995b2149af6cced02da33fe048e2,smws,2ac64dce99d549725f26ad62298ac62bb7c1e450e73a33142830265f09fe95cd,fill_null
12e7d040-7d61-5b1c-beea-f9fea16b56bf,cask_type,cask_type,,refill,APPEND,APPEND,0.95,CIT_0f3d38fa9c9857aa5a340cb2ba42ffa0b62b7a2d08f429a3ac4488ad50961a6b,smws,e37f32b0fe8de72f2b90b9bc073651a7b5e31fdd94adaa7e914da7db0d49377a,fill_null
1343ac71-7bb8-53bf-9c1b-e34c20e471d1,cask_type,cask_type,,first-fill designer barrel,APPEND,APPEND,0.95,CIT_a85a928facef7cf55601c52dec1c43ef973a66381aa35f208af4f95bfd7d1a8a,smws,72d31fba2495b31a69f6daabe94a4487601c0dcd566916393cb1f6c05e02d6e9,fill_null
1343ac71-7bb8-53bf-9c1b-e34c20e471d1,region,region,,Speyside,APPLY,REPLACE,0.95,CIT_a85a928facef7cf55601c52dec1c43ef973a66381aa35f208af4f95bfd7d1a8a,smws,435c8ba01be0ac7383e67bb3c594145154f06b8b280e1b4880be14460cedfcab,fill_null
1360d5cd-1c8a-5e10-b2ae-027aa400c34d,cask_type,cask_type,,refill,APPEND,APPEND,0.95,CIT_8a5da0c4daf96308663af8cd862d5785370fd91288b0733b83390e0ba165d608,smws,4638814173c955087a021121d6d352e55f0041e0267a949ae1814e17518500dd,fill_null
1360d5cd-1c8a-5e10-b2ae-027aa400c34d,region,region,,Speyside,APPLY,REPLACE,0.95,CIT_8a5da0c4daf96308663af8cd862d5785370fd91288b0733b83390e0ba165d608,smws,dc39a9b0e7ed3de1b22f667d6801792e36897aa9e7f71755f915feaee255c73e,fill_null
14962f3b-e8ee-549a-9d06-0444aef95d93,cask_type,cask_type,,first-fill barrel,APPEND,APPEND,0.95,CIT_a6ce8096901c7a61c8523b7ef8a9feb065664ca6318860e011d2fcae2aed1178,smws,6f56aedda0d935890659789ec6c94fca03e21da2a6cfc6016d854230bd545053,fill_null
14962f3b-e8ee-549a-9d06-0444aef95d93,region,region,,Speyside,APPLY,REPLACE,0.95,CIT_a6ce8096901c7a61c8523b7ef8a9feb065664ca6318860e011d2fcae2aed1178,smws,ce7b28a613aebaeb14d58f1c3784ad14296de8b01e99c0d2af5fb62b0227c381,fill_null
14b2e951-1feb-51ee-995c-6bcea1f7f7a7,region,region,Highlands / District,Highlands / District,APPLY,REPLACE,0.95,CIT_6ac27f7f688a29e622c3321efa471afb50c64d9c43cc676bb3279f5eb985ed94,smws,964ed882fd91d678a48b4657988b8fe951d8e0e02c3be6664643ebd6340685d4,skipped_existing_stronger
14bf995e-4f44-53a0-950d-fb547b537c26,region,region,"Islay
              District","Islay
              District",APPLY,REPLACE,0.95,CIT_f60f0c2dc973f285b92ad27567d4ab6e73ae470918ed7e59d5a4a2708fb1cb57,smws,df152c8f7a98bf8b2568f6249e451f74665a56c523a57585a6ae4db8566083cb,skipped_existing_stronger
152e8a93-cab4-5a10-9807-123149aa12ab,cask_type,cask_type,,hogshead;refill,APPEND,APPEND,0.95,CIT_6336840236603924ac0581f7c6f894cb107ab7d85aca144d684f1f6da04f7fa2,smws,b01fcbd02c3e03ca05d60dea51c4a4c52a52a9ac307e7ff2242252ed1aab8030,fill_null
15f954f0-63dc-5aa5-8ce9-be3fef6414c1,cask_type,cask_type,,first-fill barrel,APPEND,APPEND,0.95,CIT_0829ed35ed506c92fc3c3dbbea12f3082df96a69929607a28dc08576bc3d3750,smws,dab9487b6c8bd843e76d143b3c9863885c89ce2430ef5dff3ab6930b0e76f594,fill_null
15f954f0-63dc-5aa5-8ce9-be3fef6414c1,region,region,,Speyside,APPLY,REPLACE,0.95,CIT_0829ed35ed506c92fc3c3dbbea12f3082df96a69929607a28dc08576bc3d3750,smws,659c956bb8d59cc26096e3a66af7ad45c5f7cf12db5e4af89ff733ad381de5f2,fill_null
16695efa-7910-552d-ac74-1b768a2ea41a,cask_type,cask_type,,butt;refill,APPEND,APPEND,0.95,CIT_1142a0e5c58ee62ad3d3560b6575730ef7ead3376737a62b50c6a6e25870ffb7,smws,6e9208fb898d033a685e32b9f5a763ce3e857057d2cb6152cd84f8e62b31242c,fill_null
16695efa-7910-552d-ac74-1b768a2ea41a,region,region,,Speyside,APPLY,REPLACE,0.95,CIT_1142a0e5c58ee62ad3d3560b6575730ef7ead3376737a62b50c6a6e25870ffb7,smws,828ac5f7e35274f7bd0cb253bfa40c028b3e6ac0cc19b489017758a01b2558cf,fill_null
16dfd0a5-5971-561e-84f4-5e2d1cbc3b99,cask_type,cask_type,,port pipe;refill,APPEND,APPEND,0.95,CIT_a97013a07dee506293ac91b3ab0eeb24d43d7200cabcba3adc71064bec7d3bb2,smws,2af99d90112d055d3e6ec3be24403b9e13c16dfed94d1662ef0d96deb24d3759,fill_null
16dfd0a5-5971-561e-84f4-5e2d1cbc3b99,region,region,,Highland,APPLY,REPLACE,0.95,CIT_a97013a07dee506293ac91b3ab0eeb24d43d7200cabcba3adc71064bec7d3bb2,smws,29a4a568289d592b9ff0cc6806c86dd2399cb96cd4f78c07f00c2dc04f4c355c,fill_null
1764dc8a-2501-5e70-9d2e-349c78c6a71c,cask_type,cask_type,,hogshead;sherry butt,APPEND,APPEND,0.95,CIT_2bf38792f2ba510e008f175938f6819e9c8edb411ee4b70b091772134d0fddaf,smws,c04f219777319136c3e33bf8399ecd797ef0da0e5e4a01f7f7ddc155434825a8,fill_null
18667c85-5acd-57dc-be95-6ed6d247c020,cask_type,cask_type,,hogshead;refill,APPEND,APPEND,0.95,CIT_0890a52cd33dc486c5bf09e002953d938ce9e4fe6998a62611d9d6aaa8736e09,smws,8df0c7c7aa1cebca2b29f5c332c50384d8bc535ee23bb30be025c5eeb484921a,fill_null
188ace10-8a4f-519b-a7ef-a5183e90035d,cask_type,cask_type,,butt;refill,APPEND,APPEND,0.95,CIT_b94055b419aede38bb6508d187665f024942fa4eae8758fe5d0114ea125199a8,smws,12fda5567e6b0f7898f83b855f9de2838f63097d4745d47ac6ede8ea3a2fad22,fill_null
188ace10-8a4f-519b-a7ef-a5183e90035d,region,region,,Islay,APPLY,REPLACE,0.95,CIT_b94055b419aede38bb6508d187665f024942fa4eae8758fe5d0114ea125199a8,smws,35cc0e240a41a8eb998fc0b911002e2fcde1e50e5fe8d924f4054bf8e6385e21,fill_null
18f2a337-d292-520a-914c-6eaa255f71c9,cask_type,cask_type,,first-fill barrel,APPEND,APPEND,0.95,CIT_65e5400b8812003bfff32090663392bf9c2efeda801c01eb05635818303954af,smws,e967b1cf0d5aa06c578c136278829aa034ebefc4acb48c61e2e4e48aa8626634,fill_null
18f2a337-d292-520a-914c-6eaa255f71c9,region,region,,Highland,APPLY,REPLACE,0.95,CIT_65e5400b8812003bfff32090663392bf9c2efeda801c01eb05635818303954af,smws,a91345076248320274b323403ff1107645cafe026eaadb1c21b7132a43c6941c,fill_null
18f7886d-5a8a-55c3-98fc-877e21cecacc,cask_type,cask_type,,hogshead;refill,APPEND,APPEND,0.95,CIT_4c30e4f5cb7865a31a155dde232f463aa3f69e6268f5b7eefb308fb638560aab,smws,170a2beed0131e4d5146826f7731dd34e7f9690d8b2a024653a59a3d9e1b784c,fill_null
18f7886d-5a8a-55c3-98fc-877e21cecacc,region,region,,Highland,APPLY,REPLACE,0.95,CIT_4c30e4f5cb7865a31a155dde232f463aa3f69e6268f5b7eefb308fb638560aab,smws,4c43c0b593ff202c2eba8f92d125199026e1533fb890b6a1f0e7741642880a74,fill_null
196991f7-f1d5-5af2-ad7a-029c977645f2,cask_type,cask_type,,hogshead;refill,APPEND,APPEND,0.95,CIT_8ba7fdc3136afc0394dc5b45ddc22e3325886680cea75f712ee5e459f2b35978,smws,de32f9e9740f2b752630aa4ff5132f55bf45e05771433c3a99f7a7ccbf70f354,fill_null
196991f7-f1d5-5af2-ad7a-029c977645f2,region,region,,Islay,APPLY,REPLACE,0.95,CIT_8ba7fdc3136afc0394dc5b45ddc22e3325886680cea75f712ee5e459f2b35978,smws,85de23fe9991ee7edb9c4eedbf3bc6face4b75361624f062f5e1cac338825ec3,fill_null
19980adc-80d9-5365-a150-68add5e0b3bf,cask_type,cask_type,,refill,APPEND,APPEND,0.95,CIT_4f834c270a27633fd9957f37311d7ac8663f1063de98a81f0c18548ba77a018f,smws,cd4347008f37b5890cf601fbc6415c2f1499f3479e88485399a07fd95a17c6f5,fill_null
19980adc-80d9-5365-a150-68add5e0b3bf,region,region,,Highland,APPLY,REPLACE,0.95,CIT_4f834c270a27633fd9957f37311d7ac8663f1063de98a81f0c18548ba77a018f,smws,f8b45d9f839ea1baceda43f246cb6dca876c61d50c7e4e2063f8f3868bc981a8,fill_null
19a52edc-7bd3-5c11-9eb0-41f401d73c85,cask_type,cask_type,,hogshead;refill,APPEND,APPEND,0.95,CIT_e446ddcf66d5001154cfd4931da325a02fa5952aef90f0db5d59b599c96cb258,smws,3a9403b4e80e9805e8e132a8853a1fa2fe52d04964c04a08a983de4bdb3388c3,fill_null
19a52edc-7bd3-5c11-9eb0-41f401d73c85,region,region,,Speyside,APPLY,REPLACE,0.95,CIT_e446ddcf66d5001154cfd4931da325a02fa5952aef90f0db5d59b599c96cb258,smws,154060997d2b37b1712d73762050d1bd81633b42d37b22d22ec3dfbb67b62c3d,fill_null
19a86362-6101-543d-b38a-321fe261e4f6,cask_type,cask_type,,refill,APPEND,APPEND,0.95,CIT_a1f3e02d869ab999936f6dbf86b579f5293db42dc60ff2d0bf12d2bb6f88e5d6,smws,d2503dcb79251eec045ba3d8340a20e82f23c61a4ff034013adfc18d0ee9f259,fill_null
19a86362-6101-543d-b38a-321fe261e4f6,region,region,,Islay,APPLY,REPLACE,0.95,CIT_a1f3e02d869ab999936f6dbf86b579f5293db42dc60ff2d0bf12d2bb6f88e5d6,smws,4aca720c7696674079b37a337acfa9be0cee89b838d89e5c0e6153904a0561b2,fill_null
1a201662-1db2-5a83-b106-cf45e7b24e53,cask_type,cask_type,,butt;sherry butt,APPEND,APPEND,0.95,CIT_d67908d47f8ddd1a21727db87f5afd5fe4bb8ac8ebeb9ce9baae7eeae4ced724,smws,980fbdb7a82874dd3ebd300e6fd69cf31070de09f9af92884d92b14a6d36f90a,fill_null
1a201662-1db2-5a83-b106-cf45e7b24e53,region,region,,Speyside,APPLY,REPLACE,0.95,CIT_d67908d47f8ddd1a21727db87f5afd5fe4bb8ac8ebeb9ce9baae7eeae4ced724,smws,09a1d6cc13b3889a9c5386bb7f17b178833453c0130c37da35c84f5740265d52,fill_null
1a5da3d1-410a-5c83-96dc-1f37711f743d,cask_type,cask_type,,hogshead;refill,APPEND,APPEND,0.95,CIT_ca4ba1fe7dd9fe984fa10f60d5382e287d78f6d6c2db0fa3022533d58aed3871,smws,17d7cd542bd3ccb8de86e9621759e5c9364f14fe58c702076f7d39ba9ef14b1f,fill_null
1a5da3d1-410a-5c83-96dc-1f37711f743d,region,region,,Speyside,APPLY,REPLACE,0.95,CIT_ca4ba1fe7dd9fe984fa10f60d5382e287d78f6d6c2db0fa3022533d58aed3871,smws,2745a454aa306f71d9232b1802bc038dc9ceedae804fc8e63f93b5ee44499061,fill_null
1a8d9905-b697-58f1-a50c-51c0d6a294bc,cask_type,cask_type,,refill,APPEND,APPEND,0.95,CIT_6cd76fe1f068862685e21f4f8ea6036f807228262afb35f56cd0baf5270611f0,smws,82282b349d09ab6cad38748cc4c00180b5a5c12d9d4ff433e8a6fbf8fcc49afb,fill_null
1a8d9905-b697-58f1-a50c-51c0d6a294bc,region,region,,Lowland,APPLY,REPLACE,0.95,CIT_6cd76fe1f068862685e21f4f8ea6036f807228262afb35f56cd0baf5270611f0,smws,2e7cb10f50ad5824cdf56016a084987a6892a34b947a284a0bcf8825b66b5413,fill_null
1aedd086-0004-5f82-be3f-ac59e247b290,cask_type,cask_type,,hogshead;refill,APPEND,APPEND,0.95,CIT_e2ea097c8711fcd7833cb27161b9d4b5042ca9f18b8c6994195284ed0c7a934a,smws,e38e1b890a8a5cf5ccf03dffb2dcdd0804e51e63a0c6480c07b77c7b0800b886,fill_null
1aedd086-0004-5f82-be3f-ac59e247b290,region,region,,Speyside,APPLY,REPLACE,0.95,CIT_e2ea097c8711fcd7833cb27161b9d4b5042ca9f18b8c6994195284ed0c7a934a,smws,6c1557efa35ff4540460e86758afeca03c7907b1d31fddcc2350741e9f893e73,fill_null
1b35eb12-f62a-5203-b665-f6ad2c75f660,cask_type,cask_type,,hogshead;refill,APPEND,APPEND,0.95,CIT_5a98f4a764d9862462480b70db127fcc2e7b604a11e9bc43b0f83583ab08fb77,smws,43a26dd8a84f92f3bbd68027ec6557cf283662d47bb04f4306cc15eab7c0abed,fill_null
1b35eb12-f62a-5203-b665-f6ad2c75f660,region,region,,Highland,APPLY,REPLACE,0.95,CIT_5a98f4a764d9862462480b70db127fcc2e7b604a11e9bc43b0f83583ab08fb77,smws,733ed35f276f3f37bcab18028f958636d285df96263e8f718a71b6f5cbb79685,fill_null
1b3b0b6f-62fe-5bde-a822-73bcc7f2d478,cask_type,cask_type,,hogshead;refill,APPEND,APPEND,0.95,CIT_948804525d4e23914bc1ac974e33431d9d87c22e012f4a49db29815ec06ffaff,smws,8f6d333176f2f3135a9a781b1a2bd41dff5bee549c8b2347223b16f9cb576403,fill_null
1b3b0b6f-62fe-5bde-a822-73bcc7f2d478,region,region,,Islay,APPLY,REPLACE,0.95,CIT_948804525d4e23914bc1ac974e33431d9d87c22e012f4a49db29815ec06ffaff,smws,c6e666572073f7663726a1222863c71f1207690666d4c9a9701fe2124fc953bf,fill_null
1b455c7a-cb06-5dd3-b324-39ab0cf63c31,cask_type,cask_type,,refill,APPEND,APPEND,0.95,CIT_a771eb594221b6d6da9436ab88116e71f25136b52571c9e6fa840e7730fa1785,smws,8ee7d43298ee989210acd6c5712c7f9543a45722b46a56f817b2fdf9f21691c7,fill_null
1b455c7a-cb06-5dd3-b324-39ab0cf63c31,region,region,,Speyside,APPLY,REPLACE,0.95,CIT_a771eb594221b6d6da9436ab88116e71f25136b52571c9e6fa840e7730fa1785,smws,f0766ebbd3d07cf98f273d65d096ee343cf0bb2cbf9c5de88c7641a79f39a34d,fill_null
1bc43c3b-587f-53f6-a134-44e82d179d20,region,region,,Speyside,APPLY,REPLACE,0.95,CIT_c16824c42109ae376cf6015183461d89d083333beba6fa21f33d5568902d7302,smws,8854c7b801d5864d9a55f79d9100aae0f0e14b76cceeec68420577811bd0fa00,fill_null
1bc81389-4831-5bd2-b761-971e178944b2,cask_type,cask_type,,olorosa;sherry butt,APPEND,APPEND,0.95,CIT_dcad02e3806c06450256b14885b16c54004260e6cb9a20dbff552cf5300b3ed9,smws,17646780fd24eed423b85abd673a4a999b1447c2069005037d8c336fa67f5c76,fill_null
1bc81389-4831-5bd2-b761-971e178944b2,region,region,,Speyside,APPLY,REPLACE,0.95,CIT_dcad02e3806c06450256b14885b16c54004260e6cb9a20dbff552cf5300b3ed9,smws,47b600ca49cafe8c0593a1fb61477f8bb542d5e4cf47d504cb4f7f896b9331e3,fill_null
1c55b5b8-72e3-5ddc-b78f-5ed4194a22c9,cask_type,cask_type,,hogshead;refill,APPEND,APPEND,0.95,CIT_8d84b97c641bcd831e06cad85ae0960608f31ffaab33bf4adcb28d3788badd89,smws,70f19b1bdc92025ec11662f87290ca9ffd56d16fc230cb3a679825050de9fc92,fill_null
1c55b5b8-72e3-5ddc-b78f-5ed4194a22c9,region,region,,Highland,APPLY,REPLACE,0.95,CIT_8d84b97c641bcd831e06cad85ae0960608f31ffaab33bf4adcb28d3788badd89,smws,a69a6778faee9ccb6857bf9a85de10eee573ea7a468977de1e79975e593c5954,fill_null
1d6101de-f1a8-5767-9f46-789a3117d799,cask_type,cask_type,,hogshead;refill,APPEND,APPEND,0.95,CIT_4c5212fa5cce25f3d7157f92fcbfc96bc5fd01427a70b3b35818562db9323160,smws,6407c5fc5c58469f5de7cd04f8837d693211508c8d984b2c6b75209d8470b34c,fill_null
1d6101de-f1a8-5767-9f46-789a3117d799,region,region,,Speyside,APPLY,REPLACE,0.95,CIT_4c5212fa5cce25f3d7157f92fcbfc96bc5fd01427a70b3b35818562db9323160,smws,0aa13d55489a89f6e8ba5ccc8f4a7759900353015969b69dc49821d30cf13de3,fill_null
1d7003ff-3292-5775-bc19-8d6beb7f95c0,cask_type,cask_type,,butt;sherry butt,APPEND,APPEND,0.95,CIT_b3956b6f96bb681ca2b1c97ff2a26386d0049d8054665f6a67f3f7967308dfa7,smws,6731a0bc78fb59df775272d02f22ab6f826129df3ee340214a99d1a5d50ff169,fill_null
1d7003ff-3292-5775-bc19-8d6beb7f95c0,region,region,Highland / District,Highland / District,APPLY,REPLACE,0.95,CIT_b3956b6f96bb681ca2b1c97ff2a26386d0049d8054665f6a67f3f7967308dfa7,smws,6cc331dd7110da85663757724026e1a2e42ce17ae4ad7263c30b0157926fa17b,skipped_existing_stronger
1d9be9ee-5bf0-5823-a027-35adea6e3b31,cask_type,cask_type,,refill,APPEND,APPEND,0.95,CIT_1203c7500ed2172151f6ce85da91054b8f5a754f7ffb35bbc02730a754a5d9dd,smws,de28280c09108cd9d9a2ae789dee5f859473de03fee240c85908df8449fbb4b6,fill_null
1d9be9ee-5bf0-5823-a027-35adea6e3b31,region,region,,Islay,APPLY,REPLACE,0.95,CIT_1203c7500ed2172151f6ce85da91054b8f5a754f7ffb35bbc02730a754a5d9dd,smws,29c522b4537831e0fbef188b163028c09514771a2ca60f9c88901de163dd3ade,fill_null
1dc7c9b6-7d88-53d4-995d-578b398fca2e,cask_type,cask_type,,first-fill barrel,APPEND,APPEND,0.95,CIT_bd33ab0f276bed302e461c732f6ed9716809648cd74b95f74dec7c1458716bb8,smws,c96458f34f23e7b4d2dac5c1756c32170a62d8fbbbef919d984d3e309d948c0a,fill_null
1df09e00-8b48-5308-ba93-f961345c7edc,cask_type,cask_type,,first-fill barrel,APPEND,APPEND,0.95,CIT_00c8df68cdf134eb24ba734d7ba228bf2a3fd8629d52790b053c8eb4a4d5fd16,smws,cee234043692cacb28277b3596192dc260afbe80fa7efdc78ae6b622959c1077,fill_null
1df09e00-8b48-5308-ba93-f961345c7edc,region,region,,Speyside,APPLY,REPLACE,0.95,CIT_00c8df68cdf134eb24ba734d7ba228bf2a3fd8629d52790b053c8eb4a4d5fd16,smws,5487f059d61a2c8569161bc54b0217748f29bbfde96edc0df669d3141b46fdf8,fill_null
1e41f13d-f274-594e-ab20-a9cf6666c04c,cask_type,cask_type,,first-fill barrel,APPEND,APPEND,0.95,CIT_f9d58503ea26e4c218e669924c736465231f96cc8111615758d916beb9457e17,smws,9c8065b14d0de5d95f54736d855ddec5feb5437b32ec42411710721429300f38,fill_null
1e41f13d-f274-594e-ab20-a9cf6666c04c,region,region,,Speyside,APPLY,REPLACE,0.95,CIT_f9d58503ea26e4c218e669924c736465231f96cc8111615758d916beb9457e17,smws,dce9684d54fb84858f7316bfc2a5b7b174d0dea82e52cec26e0341270a874d52,fill_null
1ebbdb55-ef1e-5cb4-a3e1-212a505d50e3,cask_type,cask_type,,butt;refill,APPEND,APPEND,0.95,CIT_49f925c68b58e52f084c0f07c2995db2394e7a212b0f8457127fd430a79740fe,smws,2adc2fff5bebba9522d4942f26b2d56f2cf26e20107a98dd7ea02ff04381c28b,fill_null
1ebbdb55-ef1e-5cb4-a3e1-212a505d50e3,region,region,,Speyside,APPLY,REPLACE,0.95,CIT_49f925c68b58e52f084c0f07c2995db2394e7a212b0f8457127fd430a79740fe,smws,74585a5e70b0d33854271c00ffa4af08d27c4fa12441dca968cd2276d0312729,fill_null
1f9e358e-e702-5cdb-83fd-1f502379b020,cask_type,cask_type,,butt;sherry butt,APPEND,APPEND,0.95,CIT_f03adae6c842b4190bace60b6e3974b89aa0f37992b1e274a492d34f8dd79bfd,smws,d17c2e1e8106bea19d1b35a7b7d34a3ca4d4b04f5dc3ef2b00524a00fc92c726,fill_null
1fb8afd9-e89a-5435-8bcf-3ad839088a2b,cask_type,cask_type,,hogshead;refill,APPEND,APPEND,0.95,CIT_31d49b58508f0b595465fdcc03b8b228c223dd6595908e05c86ce79095696c55,smws,372455a2ececf4d1559edab709f2cf5d4083e56c990e4ad595b71ed0f5b4fd89,fill_null
1fb8afd9-e89a-5435-8bcf-3ad839088a2b,region,region,,Speyside,APPLY,REPLACE,0.95,CIT_31d49b58508f0b595465fdcc03b8b228c223dd6595908e05c86ce79095696c55,smws,016bda87cf89e8af4dd3d94b11e28a5f5c2e8a8234309a395dba276eb38569c9,fill_null
1fba5a7a-64ea-5518-bc5d-f16029813fdb,cask_type,cask_type,,hogshead;refill,APPEND,APPEND,0.95,CIT_7bd1b85ee1b0fb2d044c46d14b391b86f37a303bd5dbe6d241146f7947ae3146,smws,8d602ecc7f1fdcd09c905b4b4e66778f1f1df26526b6b7acc0a3487020b2464b,fill_null
1fba5a7a-64ea-5518-bc5d-f16029813fdb,region,region,,Highland,APPLY,REPLACE,0.95,CIT_7bd1b85ee1b0fb2d044c46d14b391b86f37a303bd5dbe6d241146f7947ae3146,smws,57616bbedffe6b80143d8d9b9c4f72f8ddb9f4bfe78c2e70b5b2312db7196787,fill_null
2011247b-c342-5468-b8f6-b03491eda7f4,cask_type,cask_type,,first-fill barrel,APPEND,APPEND,0.95,CIT_b7a7c466a2d10575bd76c1d75ad6dc89d5a3bed4f5bc1b4c4f736f86524dcc60,smws,76fc6578d0d9e8020772d3e832d3c1e970f1bbafad6bbc9963d0491c84249a5e,fill_null
2011247b-c342-5468-b8f6-b03491eda7f4,region,region,,Islay,APPLY,REPLACE,0.95,CIT_b7a7c466a2d10575bd76c1d75ad6dc89d5a3bed4f5bc1b4c4f736f86524dcc60,smws,5d8dbe8a49ba74c55a8a2c4450ce861c7f90d7bdd2a3134e613b98c9ae6dd514,fill_null
21703ad8-1e23-5467-974e-b8180dc584a7,cask_type,cask_type,,butt;sherry butt,APPEND,APPEND,0.95,CIT_406f5c97ca3b0e4ccc47724af35cbe8cb2c4f0b99b9488aaab5e22e2f8e083e0,smws,07da697b106c8eaaff146c82793eb6e7bcb88dee0113148330aa664578ea4ec1,fill_null
21703ad8-1e23-5467-974e-b8180dc584a7,region,region,,Speyside,APPLY,REPLACE,0.95,CIT_406f5c97ca3b0e4ccc47724af35cbe8cb2c4f0b99b9488aaab5e22e2f8e083e0,smws,52943c6bd6f9675bd955767240dedf4994d57a57ebf1a36c48050807dd81b9cb,fill_null
219ebc0e-daa5-51ab-8faa-05c8d6c4820f,cask_type,cask_type,,hogshead;refill,APPEND,APPEND,0.95,CIT_c184314a33ad680b4bc5130570a6a3b1197e5aa63c2f82d2fe3b2d96ee764979,smws,ac3a159c54051b72c52059bdc7c9f4fd92d0ec69b08c21492af6196830592173,fill_null
219ebc0e-daa5-51ab-8faa-05c8d6c4820f,region,region,,Speyside,APPLY,REPLACE,0.95,CIT_c184314a33ad680b4bc5130570a6a3b1197e5aa63c2f82d2fe3b2d96ee764979,smws,f6cd9cf1fa837877de841c1294f471e7122694bc947aa77e6f870b71ac35ff37,fill_null
21ddd7df-7535-50ef-8230-4845eeac0f53,region,region,,Speyside,APPLY,REPLACE,0.95,CIT_7811773712efcffca7f9a7f2f45a342d081287688f8289bb57884a7c582386b9,smws,d640b0c5029d52f3ec27d4bd8b4a55f5fc06cb94877390bc576ddd3a83d402f9,fill_null
21e7ffc0-6813-5c8d-9a31-26a99ca23a6f,region,region,Highlands / District,Highlands / District,APPLY,REPLACE,0.95,CIT_8ba7fff7ca2b7762c8a2914a7c2418c08ba1319e89d24881fbf6cdb98d83ceb2,smws,161d5ca783ab3fab53078a09afd9e23570e26c1791b9ebb29ca43ee83bc004c9,skipped_existing_stronger
21eb6e55-420d-5684-a8cf-b5144075079b,cask_type,cask_type,,butt;sherry butt,APPEND,APPEND,0.95,CIT_708d0fa3880e0f57b1be7c90d649c35b9c8bcb1ba593994cd0128eaf96bdf5c4,smws,03ef9954671764e39c6332b9dfdedba48c16528245f1e243351e0f8020734549,fill_null
21eb6e55-420d-5684-a8cf-b5144075079b,region,region,,Speyside,APPLY,REPLACE,0.95,CIT_708d0fa3880e0f57b1be7c90d649c35b9c8bcb1ba593994cd0128eaf96bdf5c4,smws,0288dac600aabc14731e4177a5108c0f7a6f9599f430815ac7ae38989b07b913,fill_null
221c78dd-bb71-5195-bd7f-0ed89a61bf3c,cask_type,cask_type,,butt;refill,APPEND,APPEND,0.95,CIT_42e68a0dd99f69827caa0a93269526f930d5aac9f9cd0a79c50c1b08570f9457,smws,cc0a66e3f4a0b37eacc06a55e716ffac46843765a17c97e1b4a2bf2514455b6e,fill_null
221c78dd-bb71-5195-bd7f-0ed89a61bf3c,region,region,,Speyside,APPLY,REPLACE,0.95,CIT_42e68a0dd99f69827caa0a93269526f930d5aac9f9cd0a79c50c1b08570f9457,smws,75dcc33081d6cd8d33a2f8d845b5cfa0751c0d2e3fd87e822f846d1c1965f002,fill_null
231a6572-2f51-5c75-96ac-b4c3df886881,cask_type,cask_type,,px;sherry butt,APPEND,APPEND,0.95,CIT_df343ed887456015577d0d257e9a30a43050f619cd295de786c5a092da04c324,smws,97faaed1595358cc48aa25fd5eac8c02ffeeb046b6ad0e5c483698bbdb0178b9,fill_null
231a6572-2f51-5c75-96ac-b4c3df886881,region,region,,Speyside,APPLY,REPLACE,0.95,CIT_df343ed887456015577d0d257e9a30a43050f619cd295de786c5a092da04c324,smws,b2432d97f10f1d109dbfecf110af8fcbef69029e03056ed00a041a80d67d16bc,fill_null
232c4321-c81d-5719-b92f-62ff50dc52e3,cask_type,cask_type,,hogshead;refill,APPEND,APPEND,0.95,CIT_48afd5f68222e8aa55f6e897fcb96fefe1a92c76f9a46b9019f0f1e5bb9ea793,smws,a2eb14648c30efea17836834ba2128574e0402ac9eb908465104f0aa6316c38d,fill_null
247ccbeb-08fe-5417-818f-d8091f1c01f1,cask_type,cask_type,,first-fill barrel,APPEND,APPEND,0.95,CIT_8e10cb3e38fa4da91ee42bbaaabbc0fe38afea6586ce33084e3c27102c580cb5,smws,09b70b9ebbc59f983c031a94fcd19e03e30b5874d63e536c7a58d245ae3590e3,fill_null
247ccbeb-08fe-5417-818f-d8091f1c01f1,region,region,,Speyside,APPLY,REPLACE,0.95,CIT_8e10cb3e38fa4da91ee42bbaaabbc0fe38afea6586ce33084e3c27102c580cb5,smws,96e434c6deadd1b0363c017e2028a25d31aff0b775a95748799074c3ecc4973f,fill_null
24a282b9-b646-5271-89a6-037c3da7dc7f,cask_type,cask_type,,hogshead;refill;sherry butt,APPEND,APPEND,0.95,CIT_0711de0132e27c49203670e85f53e14ed6568901104687b00493e85fd169c8a3,smws,7795572f756da40b9d8cf7be95b9d63f678df0bcc89c0b6b0f0d7650a8da405b,fill_null
2552a877-8167-5645-9a2f-be7cf6449316,cask_type,cask_type,,hogshead;refill,APPEND,APPEND,0.95,CIT_24dd84da14ec80017d8da95b01fefb10867a27918936edb5cbec4d5507441d3d,smws,c30986a2fe0d9cf0546f627e5a230e77180eb6b78927fc14026db52bdba4a08a,fill_null
2552a877-8167-5645-9a2f-be7cf6449316,region,region,,Islay,APPLY,REPLACE,0.95,CIT_24dd84da14ec80017d8da95b01fefb10867a27918936edb5cbec4d5507441d3d,smws,5e2247cae431d8061e90c3b62ba6e76421876c8b52ebd4fcfa67b1ec092162e2,fill_null
2585098f-b06e-5895-89b3-98a27389428b,cask_type,cask_type,,first-fill,APPEND,APPEND,0.95,CIT_a4648fb4e7d7a598ddd8fc3fede311f76c0776d4eb86ea4ad007106eb3fb704d,smws,e83aeb54a4bb5921b87cb9ecfeab4263c4be1305beb086e3b8afc46f6b689cba,fill_null
2585098f-b06e-5895-89b3-98a27389428b,region,region,,Speyside,APPLY,REPLACE,0.95,CIT_a4648fb4e7d7a598ddd8fc3fede311f76c0776d4eb86ea4ad007106eb3fb704d,smws,0f12aaf254e21defbd78593b9fdd155cba8ec4474b2ea2935f658db6ff30f58e,fill_null
25b3ee7d-bbc4-5ea8-af11-b89e112783be,cask_type,cask_type,,hogshead;refill,APPEND,APPEND,0.95,CIT_740e797c5f6769dea093460c6ebaee0b1bba42991f7e4155bb7624572cbdf01e,smws,8864f1a5ae1b0c34356f4ea4765a3b7daa6fcf1122f2100c1545f059efca137c,fill_null
25b3ee7d-bbc4-5ea8-af11-b89e112783be,region,region,,Islay,APPLY,REPLACE,0.95,CIT_740e797c5f6769dea093460c6ebaee0b1bba42991f7e4155bb7624572cbdf01e,smws,03c78fc61104c79359b946fa8d71697c84e158a517a7719191a31b1de1618e84,fill_null
2676fa53-9a48-500b-be55-022e0b89f713,region,region,,Campbeltown,APPLY,REPLACE,0.95,CIT_39cd5dc1c1b1427fcb67a5a1f604fc4d8f8faec001c2551795b6c644171dd2c3,smws,972ae2e4a3952f934a7b0878029a3bddb06ee983c5f914690ab2b6ce5309b1e1,fill_null
26a37f2b-0843-5a2e-a8fe-390288687d8e,cask_type,cask_type,,refill,APPEND,APPEND,0.95,CIT_5c55aaf68aa6e83bf4b81815b4fe058d8a840c520aa33cab84a116b66cfbcc88,smws,f7c0232ed1396384848030300801eb9cb676cb89ad07254ebc26b7d16ab0dec9,fill_null
26a37f2b-0843-5a2e-a8fe-390288687d8e,region,region,,Islay,APPLY,REPLACE,0.95,CIT_5c55aaf68aa6e83bf4b81815b4fe058d8a840c520aa33cab84a116b66cfbcc88,smws,cdcad1e6aa1ee28a120137a4df7fe587631f0728ab0eed2f7da921d7cd234c61,fill_null
271312f3-d211-5822-a9f1-eb952a70c92b,cask_type,cask_type,,first-fill barrel,APPEND,APPEND,0.95,CIT_9b32c49efbd9bb09c3572234ae6c9cf323c4266c48ad5e3a44df22aa266e0e9e,smws,83207fd38b17ec1cc8309b43e692ff863d489429f043202a266b1fc759e01139,fill_null
271312f3-d211-5822-a9f1-eb952a70c92b,region,region,,Speyside,APPLY,REPLACE,0.95,CIT_9b32c49efbd9bb09c3572234ae6c9cf323c4266c48ad5e3a44df22aa266e0e9e,smws,62218aa4070e9c6307668d81d88071e58662eddb87bb1bb5c3564c8cc6e7f1af,fill_null
271d5220-383f-5b8d-b377-8b5e132554b2,cask_type,cask_type,,butt;refill,APPEND,APPEND,0.95,CIT_6972b59f6f617bdf41e7be26c75fcdaf173cee49aeec6b65eb7525b3e7fb90bf,smws,98c0a0b1651712a78b8fd2ff6c40beae819e189c834112dedd799cf9d99a7716,fill_null
271d5220-383f-5b8d-b377-8b5e132554b2,region,region,,Highland,APPLY,REPLACE,0.95,CIT_6972b59f6f617bdf41e7be26c75fcdaf173cee49aeec6b65eb7525b3e7fb90bf,smws,863f4265e30ec97df52a9f878d6f8dd495de940e07de0415e8e5a7b0c2dfd40d,fill_null
275af4de-f687-57dc-a1a0-ff3a31986d4a,cask_type,cask_type,,butt;refill,APPEND,APPEND,0.95,CIT_11f6ef66d50e64050b6e769f77de93c0522f3303afff9692986f9a67cc1f2f5b,smws,0cf4e757b05a87d0ba893094ff078b29a32c09feb86395c55c63d1bceeae24a8,fill_null
27867c46-80ff-5d2f-8543-40156990ab2c,cask_type,cask_type,,hogshead;refill,APPEND,APPEND,0.95,CIT_4120e5a84572aa08cabfb0c6237ef23564f3498e5b78b9f3adda78ce193f9083,smws,c6b87ffc8aed8d7658d982a643510ea570e5d569a90bf586c60178c27eeabe72,fill_null
27867c46-80ff-5d2f-8543-40156990ab2c,region,region,,Speyside,APPLY,REPLACE,0.95,CIT_4120e5a84572aa08cabfb0c6237ef23564f3498e5b78b9f3adda78ce193f9083,smws,de14243974fce82258568813735f7c21f31d1b0ac6a93388ecf4f1e02e956053,fill_null
27b07f1f-f2fb-512a-a212-d1c275ae2f26,cask_type,cask_type,,butt;refill,APPEND,APPEND,0.95,CIT_dea31884f4beca8b97a0f0a36fdb48aacc05b90a409b53ff266596af93094d22,smws,62724385585692c03d2e3c88939466dfc8963580eeaa2121c1fa59fd16f06897,fill_null
284d4f4f-2ba6-5bca-ac91-9cee292eace6,cask_type,cask_type,,hogshead;refill,APPEND,APPEND,0.95,CIT_80e075f1b49f011b13453ec56289e27a7464978d8c84b30c1402a3496134dc7e,smws,2f64200f6318f8b78a2b0af8d62588e0a747abcfa7b68a8ba52b7aa10c20cec6,fill_null
284d4f4f-2ba6-5bca-ac91-9cee292eace6,region,region,,Islay,APPLY,REPLACE,0.95,CIT_80e075f1b49f011b13453ec56289e27a7464978d8c84b30c1402a3496134dc7e,smws,1b55f16710376b95a04f3bded7b7908ee1f5ae79484979e7f578ea566fbc0e84,fill_null
2880ac31-0882-5907-895a-677c3a693df0,cask_type,cask_type,,hogshead;refill,APPEND,APPEND,0.95,CIT_1489ac1bf6ed4ca58639cd6688aaf41037542d756cc06d0cacf3fd7011b635b8,smws,3cbaa6e38bae477e39c40798f9df8900c4aef99d092eb2e7f62c52b6fc2f40fc,fill_null
2880ac31-0882-5907-895a-677c3a693df0,region,region,,Speyside,APPLY,REPLACE,0.95,CIT_1489ac1bf6ed4ca58639cd6688aaf41037542d756cc06d0cacf3fd7011b635b8,smws,cfe4ddd73d8f4048572ea152212fdcaa490f1852aeee9748f491b5f179243940,fill_null
28991b99-efbe-5455-a719-85300fe54ce1,cask_type,cask_type,,first-fill barrel,APPEND,APPEND,0.95,CIT_8da82c27ecb9a98db893ecac9316a0123f7aa9290e486f3cdde94904a7824394,smws,f42a65935f3fe5a2df9c4eb326138e0ff6809d2d49d6c09665d27f778620eb34,fill_null
28991b99-efbe-5455-a719-85300fe54ce1,region,region,,Speyside,APPLY,REPLACE,0.95,CIT_8da82c27ecb9a98db893ecac9316a0123f7aa9290e486f3cdde94904a7824394,smws,fbadbb7a77ce9da64d81b92b5ccd3019138764e7e9713e0ee087ca9d85b15f63,fill_null
2925e03e-0de8-52c4-bee4-58345c070f0f,cask_type,cask_type,,first-fill barrel,APPEND,APPEND,0.95,CIT_57d2fbfca98ec15579e0b6a67bc812f6a24e034834ba517bf21cecb1ad65ab20,smws,f97efd001e5213916fd0c742bed75a47646f9803fff14069b2844e0e35e11116,fill_null
2925e03e-0de8-52c4-bee4-58345c070f0f,region,region,,Speyside,APPLY,REPLACE,0.95,CIT_57d2fbfca98ec15579e0b6a67bc812f6a24e034834ba517bf21cecb1ad65ab20,smws,046bda3ade65dd6015b535a2d8dedf9e7768b8f8789aca77ee54695261d5b0c8,fill_null
296c029e-4113-5088-991a-02682c7f36dd,cask_type,cask_type,,hogshead;refill,APPEND,APPEND,0.95,CIT_05d2c4da992a941c0c303e7cf3e63be3ce7fa0862e8280052100ed73f2d6449a,smws,386151efedeefa1bd52df81607a0570ea2c19192d694a98e489b73c7b6828cf3,fill_null
296c029e-4113-5088-991a-02682c7f36dd,region,region,,Speyside,APPLY,REPLACE,0.95,CIT_05d2c4da992a941c0c303e7cf3e63be3ce7fa0862e8280052100ed73f2d6449a,smws,73fe296671e1fba5b858484535ca42e96596e863c20c4abc446db3f2e2a6029f,fill_null
2b28b0ac-5533-57d5-aafb-cd990d7c350f,cask_type,cask_type,,hogshead;refill,APPEND,APPEND,0.95,CIT_33d653faa72360bcedb937a01f50c2ba89b9233fda9967edce866d0e33ff0c00,smws,4ff6f070cddb69684b302d5554defaa705fa71b0ae1036d4614787448c45389e,fill_null
2b28b0ac-5533-57d5-aafb-cd990d7c350f,region,region,"Highlands
          District","Highlands
          District",APPLY,REPLACE,0.95,CIT_33d653faa72360bcedb937a01f50c2ba89b9233fda9967edce866d0e33ff0c00,smws,5a48981973b368c110c359a7311e6f4ab418a9fca6db4eabcdabd465dae6558c,skipped_existing_stronger
2b9e88ea-4e1d-5c0e-80bf-67b9c3821999,cask_type,cask_type,,first-fill barrel,APPEND,APPEND,0.95,CIT_b1dad68069ee33d4c592a9484342d7a70fa2e4cc2f4e59e3e9049a3152f6cafb,smws,d7850fe0e9e5fabd84cbc090f576261cf7382e2a28eb4a74a9635de8aacc3dc1,fill_null
2b9e88ea-4e1d-5c0e-80bf-67b9c3821999,region,region,,Speyside,APPLY,REPLACE,0.95,CIT_b1dad68069ee33d4c592a9484342d7a70fa2e4cc2f4e59e3e9049a3152f6cafb,smws,0f703db849c7d97a670929789f29e8fa9845044fc3e86b678c4765b851e71cd6,fill_null
2ba5665a-cbc8-5e37-a862-f2bdcd6e1c7f,cask_type,cask_type,,hogshead,APPEND,APPEND,0.95,CIT_eafa4ed18faea0cb475329d144c9b1938ff8a9969cc726052c9cc65d6cbd5c45,smws,9f4859c60c40ac24a70cdd3011da41722d9e87fd77e6bcc2aeecc6f49ceece12,fill_null
2ba5665a-cbc8-5e37-a862-f2bdcd6e1c7f,region,region,,Speyside,APPLY,REPLACE,0.95,CIT_eafa4ed18faea0cb475329d144c9b1938ff8a9969cc726052c9cc65d6cbd5c45,smws,933a7a3bd58d9dc74f34e042460f42597cccfe8dc1a8e22de24139032baedc8a,fill_null
2cce09c8-5977-5e68-bb5a-94dede9d7c9a,cask_type,cask_type,,hogshead;refill,APPEND,APPEND,0.95,CIT_a372366d291c6569aff4fb7ba4a570c44e472ccf21cea587881d2dcac4497f60,smws,fd2ded32cae632ddea83a87428e551a8ac683809d41362191cfc9b54bfe8bc54,fill_null
2d15eb2d-320f-57ab-ba20-dda7d78f7730,cask_type,cask_type,,refill,APPEND,APPEND,0.95,CIT_dda8260afc7193f4e1731b72147db5615dd85679e0fe13ae6af802f82151ee6f,smws,2d37e73adb7f4ad37912739a2d08bf6b3137068fab29bd8c13ee53c21de27027,fill_null
2d17e8d5-fac6-5d15-83c0-ae17f92e402f,cask_type,cask_type,,butt;sherry butt,APPEND,APPEND,0.95,CIT_ced13d2f15d4095a467691272cd7882de2136c41ac43b25e16e0b7643a24671c,smws,d50480844046423ebd3e57f5cba42a1dccd9db18a53ca7c4e0cd8ab81cebd97d,fill_null
2d17e8d5-fac6-5d15-83c0-ae17f92e402f,region,region,,Islay,APPLY,REPLACE,0.95,CIT_ced13d2f15d4095a467691272cd7882de2136c41ac43b25e16e0b7643a24671c,smws,08f28b6ab5949b8c90e4d2289225701ef27a9c6ddfa3f1675f8c6a845f8163fc,fill_null
2d1a7d56-7403-5197-b847-040b51e6008e,cask_type,cask_type,,refill,APPEND,APPEND,0.95,CIT_e2121502dc080bbdfe20b52ebd4262de50e61e39abe9f131badc814031ea23d7,smws,ac6d1967899413e325eac63abb228ddd8dd0ddcce35e97c053ee318ab7c25ef1,fill_null
2d1a7d56-7403-5197-b847-040b51e6008e,region,region,,Highland,APPLY,REPLACE,0.95,CIT_e2121502dc080bbdfe20b52ebd4262de50e61e39abe9f131badc814031ea23d7,smws,f13a0b000d4ce89402d4bc2e6ce99b1b11682001d66699d7fc21c19eed7f18fc,fill_null
2e8dc7db-7fb6-5efc-898f-4dcf24d7fc7a,cask_type,cask_type,,butt;refill,APPEND,APPEND,0.95,CIT_b5bdc2f3a187468dca00c0badd7bfdb81b61f8bf6b151fd3e4de8104d7d99050,smws,44d95fe9dad1b6a728780aa1439d17132786753397a5d06b9368d13a1aac42db,fill_null
2e8dc7db-7fb6-5efc-898f-4dcf24d7fc7a,region,region,,Speyside,APPLY,REPLACE,0.95,CIT_b5bdc2f3a187468dca00c0badd7bfdb81b61f8bf6b151fd3e4de8104d7d99050,smws,62cd6fb78198ba07fbffd99ee8b5c09c9cd3f9f6729b66d2fe50193dc3989d96,fill_null
2e954436-5611-52fc-a7aa-68ae5303ce3d,cask_type,cask_type,,hogshead;wine cask,APPEND,APPEND,0.95,CIT_620bcbb603c6330e2ebe34e2f70a50881140128f880652630a0514bf9a549429,smws,dbcceb9721cc50149b6f9502ae7f30021d915d1899bdfcbab7c97a3d5ba93275,fill_null
2e954436-5611-52fc-a7aa-68ae5303ce3d,region,region,,Speyside,APPLY,REPLACE,0.95,CIT_620bcbb603c6330e2ebe34e2f70a50881140128f880652630a0514bf9a549429,smws,f75396f423a2ead49aea6524bf72617ef40ea405db29facaa9efe4c61993b8d3,fill_null
2ee98027-889e-5d6f-bf3f-8963e0093546,cask_type,cask_type,,hogshead;refill,APPEND,APPEND,0.95,CIT_31f80a0bae82d01ed4b36fcd82f74a77050d9c2ba7b33b4b64f0eb954e6631bd,smws,9b136865978866a63fa6da5c6c2d4c1963791258ead7fe36198de95607e6f54d,fill_null
2f4512ac-949a-5ad7-831f-6e4184db6bc5,region,region,,Speyside,APPLY,REPLACE,0.95,CIT_f444f3644964f1ae25b849e99fcee2851a8c0bf365d65f79e0d6c7922391074f,smws,d69fcdc807c73f6be633452d86c51f43959d0944d509469f7240b4d9dd48cf51,fill_null
2f459f94-f840-5e81-94f2-609a527e9ae0,cask_type,cask_type,,butt;sherry butt,APPEND,APPEND,0.95,CIT_5c41469cf146ed3bf6ca1d5031b261689f3182c459f92da6860b22a19c1099f3,smws,0046464d81a3223c92a95b936b6e02b3d179d47c1c0c15867ca28b941f04aeb4,fill_null
2f459f94-f840-5e81-94f2-609a527e9ae0,region,region,,Speyside,APPLY,REPLACE,0.95,CIT_5c41469cf146ed3bf6ca1d5031b261689f3182c459f92da6860b22a19c1099f3,smws,00d7f559dd839dfa49f7db9368fa99354234611439e6116c2a972c1fe2add302,fill_null
2f6a5b3d-100b-543c-b800-625f82a41b10,cask_type,cask_type,,refill,APPEND,APPEND,0.95,CIT_002ce16d99c6f8a6f04dd50e414a35f599f943fc5502661a67f8eca4c5e91b2a,smws,75a0d0145bfc90fd51bfb1df3a60accefe1278a368996cac9e0fb9bfcb02a4b1,fill_null
2f6a5b3d-100b-543c-b800-625f82a41b10,region,region,,Speyside,APPLY,REPLACE,0.95,CIT_002ce16d99c6f8a6f04dd50e414a35f599f943fc5502661a67f8eca4c5e91b2a,smws,16d537da6c952ae5a75ca96aaf53747231e5fbd0e1aaf269f7a5e6ae6cb6c83f,fill_null
30863a05-50e1-5b00-aa7a-9ac342467ad5,cask_type,cask_type,,first-fill barrel,APPEND,APPEND,0.95,CIT_6b642fae48745bc01030a52c34fe2b6cfbcbe71d0977ba6b0f0481dc40d8609f,smws,37ff7557b8a3280ec1a8b32b1e731d5a57922acf198500b63d206f4d419fc5fc,fill_null
30edb3eb-bfa3-5b61-8975-9c01b5fae902,cask_type,cask_type,,butt;refill,APPEND,APPEND,0.95,CIT_2c5838037fba631b6040041e9f0abcf3396172fd146f59ae38196f546dbc56b0,smws,073ac0b44e538889fa9286b4fa0a7f5f0753cda676ada50aa9689d9d2b321e0c,fill_null
30edb3eb-bfa3-5b61-8975-9c01b5fae902,region,region,,Speyside,APPLY,REPLACE,0.95,CIT_2c5838037fba631b6040041e9f0abcf3396172fd146f59ae38196f546dbc56b0,smws,b4a3ce880e88e1b7df287c80eb6599e505d0c8876f7fd96e301c6628f4902085,fill_null
3119907a-4791-5cd6-b7f4-0bfa9260601e,cask_type,cask_type,,first-fill,APPEND,APPEND,0.95,CIT_075c534d7194f62d412e143455ffc9788ca162f471f3a443af0c175980b7a5cb,smws,9d43a15627a02062a86bfa86d73b26e356f96b061ce33f0596cb8876b6bbf766,fill_null
319488d7-4dee-5391-a1f0-71a6efbd0bf5,region,region,"Lowlands
               District","Lowlands
               District",APPLY,REPLACE,0.95,CIT_bcfe9421988b5a775c461b9290bad0747210f63b6e950307ff7bf3091bcba113,smws,6ebc984c876dc1583a520e1f6075ffb9f44a30ea9ffba95e03bc638834fe036d,skipped_existing_stronger
325e83db-d4dc-552e-8493-7ffbeeb467b3,cask_type,cask_type,,first-fill barrel,APPEND,APPEND,0.95,CIT_3d75b4fc7b1e59894401cb3f9bdf6731a47272533f35f827ca93fd325187d23c,smws,f88931a306ba9a437ae71503ac07225f3428e664d9d9c801953dc31d560dce1a,fill_null
325e83db-d4dc-552e-8493-7ffbeeb467b3,region,region,,Highland,APPLY,REPLACE,0.95,CIT_3d75b4fc7b1e59894401cb3f9bdf6731a47272533f35f827ca93fd325187d23c,smws,1b73a83b289b0a3595e5468ff04a7f39ba73411373d5f0898fd362f748dd922d,fill_null
32be3d9b-413c-5cfc-a053-d8dbab8bcd60,cask_type,cask_type,,hogshead;refill,APPEND,APPEND,0.95,CIT_3d05054405c60adf1e1b215a6c3e72bcbd0fe1e91200e3755793c6968c22e893,smws,aaa317654436376c15ebc2e9ec15939fb72df9f792a77a22c54fc7501f6ee750,fill_null
32be3d9b-413c-5cfc-a053-d8dbab8bcd60,region,region,,Speyside,APPLY,REPLACE,0.95,CIT_3d05054405c60adf1e1b215a6c3e72bcbd0fe1e91200e3755793c6968c22e893,smws,98cf1ab9153eac56a6a377d6707d8340bb9b3f8accdbaf2d87208685c128d660,fill_null
32cefab1-c233-5955-a544-77674ac72a58,cask_type,cask_type,,hogshead;refill,APPEND,APPEND,0.95,CIT_9e61d809056895fb8ece3d3b40c0c0fd608608c5b1facc0fefa3ef04a9368f0a,smws,de7f54f7aff3475c5c8f14ba480e55d8c437c75fb1b486361d7cc987480a761c,fill_null
32cefab1-c233-5955-a544-77674ac72a58,region,region,,Speyside,APPLY,REPLACE,0.95,CIT_9e61d809056895fb8ece3d3b40c0c0fd608608c5b1facc0fefa3ef04a9368f0a,smws,de00982780ea6536bfe669816819e2577349da3cd26460b3faec86d4c562a93c,fill_null
32e0c7c6-2d48-5fae-990a-bfea7fd8cee0,cask_type,cask_type,,refill,APPEND,APPEND,0.95,CIT_1fcba63f7839735cd2bb15b5a9891811996092bc015c2392a1ae6ff4ddbba020,smws,bcac01384b997d6d6d15ad4bab76059936805f728ddc21f9f1bf6daf2200dac8,fill_null
32e0c7c6-2d48-5fae-990a-bfea7fd8cee0,region,region,,Speyside,APPLY,REPLACE,0.95,CIT_1fcba63f7839735cd2bb15b5a9891811996092bc015c2392a1ae6ff4ddbba020,smws,3bffb27b5d7f8cb496ac688979e66b7b20184d9e8830e4aad99b87c9edfdd696,fill_null
32e77202-b5f9-55fa-85cf-3b2e96d47d7c,region,region,Highlands / District,Highlands / District,APPLY,REPLACE,0.95,CIT_fbdcfa6af063d4bfce3173481c83410851a6858513e79dc3aa2ca7c3a877e938,smws,ad41831b1e74e490a2f7c4b43f453edd209853be01195cf03db93c06ee723b8c,skipped_existing_stronger
332742fb-7e74-54ea-b106-ef4891386b98,cask_type,cask_type,,butt;sherry butt,APPEND,APPEND,0.95,CIT_ce8ae4d0bfeb1c1a223c2a4ab0a37a50582669ecc4c543a946d4c368d7050d65,smws,19dac71661a5adb2e580468ab78cdf34838030460a51dc46e34705b6269a0c16,fill_null
332742fb-7e74-54ea-b106-ef4891386b98,region,region,Highlands / District,Highlands / District,APPLY,REPLACE,0.95,CIT_ce8ae4d0bfeb1c1a223c2a4ab0a37a50582669ecc4c543a946d4c368d7050d65,smws,aa78de8221093f0c3e0240aa866b77ad7042829104f2e45a5325e0be8a642eee,skipped_existing_stronger
338ee651-18bf-5228-8b30-50135e91e0b8,cask_type,cask_type,,hogshead;refill,APPEND,APPEND,0.95,CIT_57106e05055acc67718a64e9b69eaa56c8a9f310e462395c79a81f99b7288e00,smws,4e094754bcc8c3aa21fd92f4a02dc92e9d1efc03306bda0df0ddd88f59297e78,fill_null
338ee651-18bf-5228-8b30-50135e91e0b8,region,region,,Speyside,APPLY,REPLACE,0.95,CIT_57106e05055acc67718a64e9b69eaa56c8a9f310e462395c79a81f99b7288e00,smws,ab12dddc99077daf38b998b901d52ebbde820d6c6e74f627f886cdaf7cc69c7b,fill_null
33d8c3cd-e69f-5cc4-a5d9-f45f76db41ef,cask_type,cask_type,,hogshead;wine cask,APPEND,APPEND,0.95,CIT_8751974c122691222dd38d33fd8534b40d1439087e8b7643633a4986e78619f3,smws,798b58e91fbe9414a3f6474c66036bf219db47032ad957669ff0def2ef87bb60,fill_null
33d8c3cd-e69f-5cc4-a5d9-f45f76db41ef,region,region,,Highland,APPLY,REPLACE,0.95,CIT_8751974c122691222dd38d33fd8534b40d1439087e8b7643633a4986e78619f3,smws,741d819f2883e3cceecefd9ea8c7922267a245a0e7506ae82eae384b4daef5d6,fill_null
33dfae40-73c8-5be1-a67b-5fb91f3fe9a7,region,region,Islay / District,Islay / District,APPLY,REPLACE,0.95,CIT_12a8f2563f6b4e7f2f15d72d2eef19ff44e9f774b7b33dc2ea7410625d3e973b,smws,91367caaa91ab88cb7e9f8b4671743469167715c9e612aa728cfb95522ec2286,skipped_existing_stronger
34f2f60a-8227-5f1b-b352-0882b09cff3c,cask_type,cask_type,,hogshead;refill,APPEND,APPEND,0.95,CIT_032dbb39c10972e9524d12d98d76d85360cf07b98ab2f463b804744275198283,smws,650729ba8068415e35d73d636049e23686e591018d143e9a915be6648ef580c2,fill_null
34f2f60a-8227-5f1b-b352-0882b09cff3c,region,region,,Highland,APPLY,REPLACE,0.95,CIT_032dbb39c10972e9524d12d98d76d85360cf07b98ab2f463b804744275198283,smws,9409ff504beb1c10b18c92d83f830727e7698fcf6e00fd9a5691a617bfa4514a,fill_null
353b3d23-49a4-5684-a562-91cba32e6018,cask_type,cask_type,,first-fill barrel,APPEND,APPEND,0.95,CIT_e4458edbacb5e9d4c11ad70ce63311a5e0364fe2bd1f2f414f286a96cc51aea2,smws,e6e509fc8ad17a5372dbc894efb58912798338377adcde53fbe77c88a4a93e79,fill_null
353b3d23-49a4-5684-a562-91cba32e6018,region,region,,Speyside,APPLY,REPLACE,0.95,CIT_e4458edbacb5e9d4c11ad70ce63311a5e0364fe2bd1f2f414f286a96cc51aea2,smws,10cf956db5402a620716820eee2ce7fad3f2c768e532bcecfb209d34ad647af6,fill_null
35889486-794e-59a6-959b-d5a1c03bd14a,cask_type,cask_type,,refill,APPEND,APPEND,0.95,CIT_492ccd07c7421e4b912c2a7cc65bed054a1b3cb4344bf7c1228641bb6786a36a,smws,24ce6717d9c2b063c79628e80b7085a0ecc396af7f55d5c8bf17a4894b13e3ce,fill_null
35889486-794e-59a6-959b-d5a1c03bd14a,region,region,,Speyside,APPLY,REPLACE,0.95,CIT_492ccd07c7421e4b912c2a7cc65bed054a1b3cb4344bf7c1228641bb6786a36a,smws,1e0c01175c4d8bcd7401e3ae1f4db6c1b99fa54f15ab3391151aa438495228ae,fill_null
35cca668-e02e-5e6f-9e57-0609cc73d833,cask_type,cask_type,,refill,APPEND,APPEND,0.95,CIT_cf7b12f59f01bba068be9827621a147b2babb70307268e6d056e32b390a4da6c,smws,b85e071ebb1f312947508abef5bc0ef3475792db5c235c628d5ea8a223c6afc8,fill_null
361c1dd2-c51e-52bb-a001-2a76e661a567,region,region,Islay / District,Islay / District,APPLY,REPLACE,0.95,CIT_4f5b442b21dbcfd53ffeb70a4f4f28bd7d6e66ffee1693815f6b0712f7e88464,smws,6d26aea1ab01ca34d90754683369eb333540847c2fb4892d48ba3d9aa3ed8b42,skipped_existing_stronger
3664b0f4-08fe-50d0-85cb-40ea92995cfb,cask_type,cask_type,,first-fill,APPEND,APPEND,0.95,CIT_b860f09c8118cd5ccd9b4962f81520453708750a8edd698ccb9de62051a07b05,smws,12bd886230da20fd91330d73aa85292a8bcbffff3f3957a9005d1c27342fd1ce,fill_null
3664b0f4-08fe-50d0-85cb-40ea92995cfb,region,region,,Speyside,APPLY,REPLACE,0.95,CIT_b860f09c8118cd5ccd9b4962f81520453708750a8edd698ccb9de62051a07b05,smws,ca5f75b1e9d17c9214c0ccde80f89bc75db10de013f9881d033ef6d4d759d84b,fill_null
3762f537-f9cd-5c03-a7de-089b3027e9b4,cask_type,cask_type,,hogshead;refill,APPEND,APPEND,0.95,CIT_18cb6aaf397ce2fd8dcb56caf703d99e39b6dc7d57d0b84e0d1c04c05402af72,smws,83cdbe979999beb2a8e0a31c25c396dd0273dabf2e5143761129a9fc3fd754a4,fill_null
3762f537-f9cd-5c03-a7de-089b3027e9b4,region,region,,Speyside,APPLY,REPLACE,0.95,CIT_18cb6aaf397ce2fd8dcb56caf703d99e39b6dc7d57d0b84e0d1c04c05402af72,smws,1d6c2d5e44f40b5b84f232660c2de792cb8c54ca90380d5c1abe091a045bc866,fill_null
37b64209-818d-5db8-b702-e4befa51d54e,region,region,Islay / District,Islay / District,APPLY,REPLACE,0.95,CIT_151a3305cdc1db1903fd720b903d739718f5a7d3e0cf7dca251f3398c489f494,smws,aab1b67ac4789340dffbbcd89e18af019b4c3fcbea76b0b58817da8a7c4549ae,skipped_existing_stronger
37f64680-31f6-57a9-ba7c-ada049149bf6,cask_type,cask_type,,hogshead;refill,APPEND,APPEND,0.95,CIT_94640a26d4064661f0a5074497792ad83bb0f47bb6edc62ec0226288de041acb,smws,0089324d17d0d9502a958f88747419ad057050e90c456a0baff6cb0c7afb85e2,fill_null
37f64680-31f6-57a9-ba7c-ada049149bf6,region,region,,Speyside,APPLY,REPLACE,0.95,CIT_94640a26d4064661f0a5074497792ad83bb0f47bb6edc62ec0226288de041acb,smws,d2623245492fdc8800ad4bb44e15533750ee578bcbac2a3935a581414cd8eef4,fill_null
38037202-7260-5e4c-8573-08b674fa414a,cask_type,cask_type,,hogshead;refill,APPEND,APPEND,0.95,CIT_468311aaf131a89704b6c34e7f0cc4b7f2bbc4dfaf20405a3387cbfe81b76769,smws,3ee3d4bb947f3d50303639cd7d38621f9b2f621de9799010d179bf6aa30a3fe8,fill_null
38037202-7260-5e4c-8573-08b674fa414a,region,region,,Highland,APPLY,REPLACE,0.95,CIT_468311aaf131a89704b6c34e7f0cc4b7f2bbc4dfaf20405a3387cbfe81b76769,smws,e7696382f80c262055245e9117136d99cb215ef9b4d3ca4b1d3dbb970b3626ed,fill_null
383db153-5ff5-55af-b798-483269f9139d,region,region,Campbeltown / District,Campbeltown / District,APPLY,REPLACE,0.95,CIT_31d4455d9b54c2e04f19c5310e400265cf3940ca73e818e7b34ffcb429468798,smws,62c72155eb24a9303013678d40ade8748e546a07e7ff804827ba337d186db9f5,skipped_existing_stronger
385b565a-6903-51c9-bf5c-1e19576e6618,cask_type,cask_type,,first-fill,APPEND,APPEND,0.95,CIT_75df23b0322e4cb78fc7b2b5f87596a18a15225a6585911644e909bcb26dd427,smws,638f91a65ded98ec26935339723f564dd65359b528ce94271a6124935e85ae15,fill_null
385b565a-6903-51c9-bf5c-1e19576e6618,region,region,,Speyside,APPLY,REPLACE,0.95,CIT_75df23b0322e4cb78fc7b2b5f87596a18a15225a6585911644e909bcb26dd427,smws,5be416e287cb8d94f3bac2a062aef4f362c708a3ce647c77f447f15fd7159faa,fill_null
38c38fa2-b0c8-5b04-b7ef-5e0381b1c933,cask_type,cask_type,,hogshead;refill,APPEND,APPEND,0.95,CIT_bfb9b1f437aad5114b15cc8f9c1aa59dea6082408a94eefcc5fc6524f948810b,smws,c6de51bb2e1287ff252cb38522b2b692249fe5e8be269b99bb2760502f5ef975,fill_null
39151d65-4237-575e-8aa0-06832ae53e48,cask_type,cask_type,,hogshead;refill,APPEND,APPEND,0.95,CIT_bf4e4d2825339d41116335af61166a31f19d849d49f3a820b7c6ce4dbb290f3c,smws,b98748b2188a94fb71622013fbbf5edbf79fdc7036f5f503cef84293411ff786,fill_null
39151d65-4237-575e-8aa0-06832ae53e48,region,region,,Speyside,APPLY,REPLACE,0.95,CIT_bf4e4d2825339d41116335af61166a31f19d849d49f3a820b7c6ce4dbb290f3c,smws,a02644e2a860273cebf44c48bfc0150ae3d06d090aa13b82580e6fcfdf1c7e7c,fill_null
39507de9-8840-575a-8cfe-228d45578d40,cask_type,cask_type,,refill,APPEND,APPEND,0.95,CIT_d055e7565e959b9ee366a48d3d55e33569245d6297a7ec03ec4f455ebf981d49,smws,6ec0950bfdbed92c490e3733f2b34d99a6ae8df7c3d4defb77fc98f96c5d21ba,fill_null
39507de9-8840-575a-8cfe-228d45578d40,region,region,,Highland,APPLY,REPLACE,0.95,CIT_d055e7565e959b9ee366a48d3d55e33569245d6297a7ec03ec4f455ebf981d49,smws,5d569ebecd3ab78b4c92523f450f37b4f91fdce95e9c411c8e23f0d6591be728,fill_null
39a79eb9-3da4-5893-9a52-2603df1beffa,cask_type,cask_type,,hogshead;refill,APPEND,APPEND,0.95,CIT_33cda642105bf940800e6ca573092892fa0db831219406f1cacdea1328d7cb11,smws,3d5bf2e9a99634b9f9ebadd4139af8707c1db596f10b161ea467fe4c70fe4d0f,fill_null
39a79eb9-3da4-5893-9a52-2603df1beffa,region,region,,Speyside,APPLY,REPLACE,0.95,CIT_33cda642105bf940800e6ca573092892fa0db831219406f1cacdea1328d7cb11,smws,93bd2437d1f23bc57c45414700fe02c25a83787a4a36318906a65f9ca42697e6,fill_null
39b08c20-64b4-5898-b4f0-728abaf561c2,cask_type,cask_type,,hogshead;refill,APPEND,APPEND,0.95,CIT_f344ea8b65fe9d0af8bd8dd44269bfbf3f17ea0d06aa9823b7e36d98caf23fc9,smws,094da44357f1b2685892c936d44dc4c7042b9b389eaf6dd5b6f9cf2761f42954,fill_null
39b08c20-64b4-5898-b4f0-728abaf561c2,region,region,,Islay,APPLY,REPLACE,0.95,CIT_f344ea8b65fe9d0af8bd8dd44269bfbf3f17ea0d06aa9823b7e36d98caf23fc9,smws,e66f2e59d288a0db627673cabbebdd9210a7c59b19ec0cc378b9782f1f582754,fill_null
39e4c233-0ec9-5d42-9fbe-bf734cee666d,region,region,Islay / District,Islay / District,APPLY,REPLACE,0.95,CIT_d243ecb2d47f913df93af7382db8b3febf20a445bc74902b236b03029fdafda9,smws,fecf86936fc9394086facb8c8773bc57b0f30439558fc8a52eb7781d780e4d33,skipped_existing_stronger
3a013e9d-b96d-5aef-8afb-a8e7a7f7fe8d,cask_type,cask_type,,hogshead;refill,APPEND,APPEND,0.95,CIT_317781b4a3aa65d06c18e049777795a4298ef9b24bc155c2635ae956bd21b363,smws,fe637110538a3c0b13f69b32ec72c3bc58e9372642a30e5ad470c1e33fceeaed,fill_null
3a013e9d-b96d-5aef-8afb-a8e7a7f7fe8d,region,region,,Islay,APPLY,REPLACE,0.95,CIT_317781b4a3aa65d06c18e049777795a4298ef9b24bc155c2635ae956bd21b363,smws,c7378d436d8e3a0b22657983112dc16be0d5abc1cda95ddff7b222bb7b105b76,fill_null
3a3722df-f44d-5007-ac82-7ad965e4d906,cask_type,cask_type,,refill,APPEND,APPEND,0.95,CIT_52c777b8769c0283128973816ac5a690e491363afcc18bcaa02bf6681d138369,smws,d8074d1e34de721414022ba69b879085e5452aaacab280dd9adfefca28de6716,fill_null
3a3722df-f44d-5007-ac82-7ad965e4d906,region,region,,Speyside,APPLY,REPLACE,0.95,CIT_52c777b8769c0283128973816ac5a690e491363afcc18bcaa02bf6681d138369,smws,268064ea7b01ce3f1a0dd40ce425d404657dba984acddaae31d98de2c4cd44a6,fill_null
3a42ba7c-6d46-5712-bc9a-a00ac2a96d79,cask_type,cask_type,,hogshead;refill,APPEND,APPEND,0.95,CIT_ea841dddd8320441c71bbd876e101363bc9da7f0245a39c50df8df87eb254f9c,smws,29f8f6784cbc384dfb417849b9b0c34f9384dede8c8ae214db1eb4dc21009f52,fill_null
3a42ba7c-6d46-5712-bc9a-a00ac2a96d79,region,region,,Speyside,APPLY,REPLACE,0.95,CIT_ea841dddd8320441c71bbd876e101363bc9da7f0245a39c50df8df87eb254f9c,smws,8c3587bb115c37638337ca7316dfb62ea3c1235ab40628f5b4cb7f18c4f5bb4f,fill_null
3a64b472-c997-531f-ac13-2427ce5cfdc4,cask_type,cask_type,,butt;olorosa,APPEND,APPEND,0.95,CIT_fc0c69e3749d79228e0a5083374fd52d2da7e35df8f4417c8461b957dff8d8a9,smws,88115f6cee8df182a56932e828fface90b2835836f5ba8c5bc69e145d9b16095,fill_null
3a653f22-ba5d-54fe-9458-17b4bba9481a,cask_type,cask_type,,refill,APPEND,APPEND,0.95,CIT_8ddccb999cb5db719dfa3b395b7977a085cf2467bd5791845e837de67139a4a9,smws,48a5ff29dfc62f1bbbc6176d2840bfe8b71f7c7868b36a6c97c84ee5f7c85e56,fill_null
3a6a46f8-7199-53ac-b73b-70638bd2c2dd,cask_type,cask_type,,refill,APPEND,APPEND,0.95,CIT_92b4f140528ca91ffec505b3afd0eb50bb14e662f4cdccac1193180e314085c1,smws,146248c4bbf5e2964e11aa068125a007a28558ae68078e82721d52f358df90ab,fill_null
3a6a46f8-7199-53ac-b73b-70638bd2c2dd,region,region,,Speyside,APPLY,REPLACE,0.95,CIT_92b4f140528ca91ffec505b3afd0eb50bb14e662f4cdccac1193180e314085c1,smws,4dcf543e6d3eed61c30fc1fda3dac273eff43a09790583dacab3736a958e97df,fill_null
3b362ac6-c8e3-58a9-9480-ea3bbc64d0cb,cask_type,cask_type,,butt;refill,APPEND,APPEND,0.95,CIT_f44489d60ede7135d5a8a37983d4a07fecd6cc49187b95bf6221c24df1479cf1,smws,487621126420c0a6f21013ef175eea65fddf272856019d5297c12e228a0657ce,fill_null
3b362ac6-c8e3-58a9-9480-ea3bbc64d0cb,region,region,,Highland,APPLY,REPLACE,0.95,CIT_f44489d60ede7135d5a8a37983d4a07fecd6cc49187b95bf6221c24df1479cf1,smws,7c49bb966f88d71dfabef7285cd91c45198772a2d5e1bc40a78f0d78acba8f84,fill_null
3b535169-85ca-50a3-bb5e-f3a25d9fbccd,cask_type,cask_type,,refill,APPEND,APPEND,0.95,CIT_495fa376fc90c8b8571b33dbb7c7b04e99bd459c0910f949e2ff22b000c38082,smws,2323b4e32d0522705176d839c6928af46b5bf372c98f04b406a165092c5914a8,fill_null
3b535169-85ca-50a3-bb5e-f3a25d9fbccd,region,region,,Islay,APPLY,REPLACE,0.95,CIT_495fa376fc90c8b8571b33dbb7c7b04e99bd459c0910f949e2ff22b000c38082,smws,61b1d2ab89e119094f2f7fa144d41a9ec29cf62e061a778c519d870644c8802b,fill_null
3b9fddcc-d2e8-5b32-b263-19521428b3fb,cask_type,cask_type,,hogshead;refill,APPEND,APPEND,0.95,CIT_6575d6f4a6ccc1c1753449cf2197786883bd4bff238e10d2132dbea11b6880f5,smws,3e9bd570382518ee6c71f741227f40274c1fd74bc49d8186b3edf59081571f44,fill_null
3b9fddcc-d2e8-5b32-b263-19521428b3fb,region,region,Highlands / Speyside,Highlands / Speyside,APPLY,REPLACE,0.95,CIT_6575d6f4a6ccc1c1753449cf2197786883bd4bff238e10d2132dbea11b6880f5,smws,ab7ccc060ed5002a5ab152f3e0bbc024401f6709c9c08290a8e7ee8169cf181f,skipped_existing_stronger
3c154b07-aca5-59ce-a677-a29b043b961a,cask_type,cask_type,,hogshead;refill,APPEND,APPEND,0.95,CIT_df3ba009a2af63027c2d34dfd4f2777e739e554e7e472a356c668736489ed63f,smws,1135a2b3374e267f372bcba3e43334d9d3859de87155d6b8fbfc73304b4066c8,fill_null
3c154b07-aca5-59ce-a677-a29b043b961a,region,region,,Speyside,APPLY,REPLACE,0.95,CIT_df3ba009a2af63027c2d34dfd4f2777e739e554e7e472a356c668736489ed63f,smws,640ee950f6c62737b6095283dfff0895ca40bc4b4b2e8f71e8eef28fd0c0c563,fill_null
3dcd6ab1-4d7a-5524-beb4-b3dc64037ecd,cask_type,cask_type,,first-fill barrel,APPEND,APPEND,0.95,CIT_9ab0a16a4b5c916e9ff321ad567aa8cb75c074866a3ea88bee472a5adc04adc9,smws,833c393ed7062d35a5c59a8245e5c2f64fcfe0bf00acbe4daeb3eac747730f13,fill_null
3dcd6ab1-4d7a-5524-beb4-b3dc64037ecd,region,region,,Highland,APPLY,REPLACE,0.95,CIT_9ab0a16a4b5c916e9ff321ad567aa8cb75c074866a3ea88bee472a5adc04adc9,smws,dac411be255b96e505e9beae5e38295258e6da312b8b8e3920ec7013b9eaf7e2,fill_null
3dd332bd-8e00-50bb-a3a5-69e382ecb5b2,cask_type,cask_type,,butt;sherry butt,APPEND,APPEND,0.95,CIT_ad3b872e9fd6b832273dd7a0801a14562b318a2fe6848e7a00091e0027201bba,smws,a11cb546df64c44111c08fcff63fe6d2f5a61b9bfd81276bfbe0fcfbfcbb9e06,fill_null
3dd332bd-8e00-50bb-a3a5-69e382ecb5b2,region,region,,Speyside,APPLY,REPLACE,0.95,CIT_ad3b872e9fd6b832273dd7a0801a14562b318a2fe6848e7a00091e0027201bba,smws,2f758e8662c7a643c7bde25a2975f0f1f315bf8e8f31bbc68a6c35a8e775b474,fill_null
3e065072-8bc7-5833-84d2-8ef1be27e36c,cask_type,cask_type,,butt;sherry butt,APPEND,APPEND,0.95,CIT_fa46614561ef0405a558759a70282c627f9bf43a34252fb0cdfffa855da21953,smws,c169e46a9931c311ec55c6c859b5f94d9279209dec2a18a99e1e973e9cc97085,fill_null
3e065072-8bc7-5833-84d2-8ef1be27e36c,region,region,,Islay,APPLY,REPLACE,0.95,CIT_fa46614561ef0405a558759a70282c627f9bf43a34252fb0cdfffa855da21953,smws,a5cc3981594c38202bb719c4f7ce807cffcbdcd8bb559aa07fdd16087fdaa5a9,fill_null
3e599b3c-56e3-55e7-878b-9d3ad09344ee,cask_type,cask_type,,butt;sherry butt,APPEND,APPEND,0.95,CIT_1a269669e99ee67c8c7da4e93f76992876ee781cc572a7509adb9b476a9d8fbd,smws,122b7c3605a71a9a4f4817fd75296e615c22da5d0dbba54d6b6476337f107e9e,fill_null
3e599b3c-56e3-55e7-878b-9d3ad09344ee,region,region,,Islay,APPLY,REPLACE,0.95,CIT_1a269669e99ee67c8c7da4e93f76992876ee781cc572a7509adb9b476a9d8fbd,smws,a5f7ee0bd2031d2c6d1b6267f5464e4b94b19f9f7b92b279ad6d85e5631c36ac,fill_null
3e811c2f-4fe1-5cd1-8474-2eeac5fdd9fa,cask_type,cask_type,,hogshead;refill,APPEND,APPEND,0.95,CIT_9f0a3b98d59b2ab3d21107fdaaa5c897839c25d9f07d386f6bcc8fb885dcd277,smws,42788af1e97187bf3b590264da24214fa07095e029602364cd0e9476a874ffee,fill_null
3e811c2f-4fe1-5cd1-8474-2eeac5fdd9fa,region,region,,Islay,APPLY,REPLACE,0.95,CIT_9f0a3b98d59b2ab3d21107fdaaa5c897839c25d9f07d386f6bcc8fb885dcd277,smws,07b02bac8d0cd51cb32185d15db808726e0e88bec1d14cdc58eef0a304cf2f80,fill_null
3e9da869-4dd8-5129-bbb2-bc20342f123a,cask_type,cask_type,,first-fill designer barrel,APPEND,APPEND,0.95,CIT_a418a2a5cc8269132d7986340029f93f9402dc1beb04099601e374bbe3fc4301,smws,6c7e626226d2717d8e62d928565c80ed2efd4fa3b47474e036523a6ae6f3e2ca,fill_null
3e9da869-4dd8-5129-bbb2-bc20342f123a,region,region,,Speyside,APPLY,REPLACE,0.95,CIT_a418a2a5cc8269132d7986340029f93f9402dc1beb04099601e374bbe3fc4301,smws,77ab42811b27fcfbfa26e1d0289d4ca08a44c680b8209275a315ca323d168ca3,fill_null
3f0ae34f-aa07-5a8d-b2b8-a75bd7d0dc04,cask_type,cask_type,,refill,APPEND,APPEND,0.95,CIT_5cc2dc25616a4192b0fb3befcd60e53035ba314ff430c886aaba169b71031043,smws,9e163e64936dafaa616b5800bfffa69f9c96e1319e62da7f4c2952d429594485,fill_null
3f0ae34f-aa07-5a8d-b2b8-a75bd7d0dc04,region,region,,Highland,APPLY,REPLACE,0.95,CIT_5cc2dc25616a4192b0fb3befcd60e53035ba314ff430c886aaba169b71031043,smws,518777f396218c5cf5054d62655b3ef72a6e41b6b4361e1de0fff614c8b38fdf,fill_null
3f3c7b3a-585f-548b-b359-94b6726f1b06,cask_type,cask_type,,first-fill;hogshead,APPEND,APPEND,0.95,CIT_0277e32c11ea9a64418222148ed943035676e702cbe0edba8ef346c0187794c8,smws,c0c78007f8d2247aaef7eb60b7b411eb9dea517090aa894597ded3ba4cddcf7f,fill_null
3f8a6602-ccaf-5f8b-b348-9ce76750afdf,region,region,Islay / District,Islay / District,APPLY,REPLACE,0.95,CIT_7016d89fb67f49fd0e11bc5461e5dcbb25839cc55f2beef4c2a9ca676d530c96,smws,837e8d25fb7fc15e6150d643631ef45999586b834f1a6a5d77de18068c4cc2a1,skipped_existing_stronger
40519583-3c03-51c4-8259-a16b15634056,cask_type,cask_type,,hogshead;refill,APPEND,APPEND,0.95,CIT_33acd82c3a36bb1e8952173048524f22a0dac09917c2940151fc4ed2cf35bc9d,smws,328ff58c101fd4d9292c40bc4508c0d8aeacca9ecdbea4e6251c242d62a2b138,fill_null
40519583-3c03-51c4-8259-a16b15634056,region,region,,Islay,APPLY,REPLACE,0.95,CIT_33acd82c3a36bb1e8952173048524f22a0dac09917c2940151fc4ed2cf35bc9d,smws,55d0e197150b782bc4f687be6a5382b893d6f1a1e90bcdb5e55fbb6cff8a5126,fill_null
411557a7-174a-56a5-9ff7-a4df831c49e5,cask_type,cask_type,,butt;sherry butt,APPEND,APPEND,0.95,CIT_469bf48c5cd1455e21c3435ebd2da9e757c3882c850305f30c6b9258d90f36a5,smws,eac706d010e2e2304173f42df8ef5dbc3c1199bd930f3a66596021b4c401bf25,fill_null
411557a7-174a-56a5-9ff7-a4df831c49e5,region,region,,Speyside,APPLY,REPLACE,0.95,CIT_469bf48c5cd1455e21c3435ebd2da9e757c3882c850305f30c6b9258d90f36a5,smws,458673a47057a18e6a137caf687fab52c81f70a217207fe6076711f31ab3712a,fill_null
41299eec-9a5b-53bc-8c94-52ed6139f017,cask_type,cask_type,,butt;refill,APPEND,APPEND,0.95,CIT_135356cc0abae397bf04af110a5ad65485dca13c276d886d8bd4ad37a807e485,smws,5136cc9fcd69854a105dc17d59e598062cc16ee44f3efef848f21225212f2032,fill_null
41299eec-9a5b-53bc-8c94-52ed6139f017,region,region,,Islay,APPLY,REPLACE,0.95,CIT_135356cc0abae397bf04af110a5ad65485dca13c276d886d8bd4ad37a807e485,smws,65d196b41b8942a0f90ce8d1bcf8ea85dc1fed8c2e0c429cddfcc1936074a311,fill_null
415cab1e-628e-541c-9c9d-a891f95a255b,cask_type,cask_type,,refill,APPEND,APPEND,0.95,CIT_5316a8e284bee04b92326c8d13279be912e1d888b8080a315678bd5f52af8efa,smws,463440a5d34bf51ab5d31423a2a562fa5128546b1f7a624607a4518b6eb50fde,fill_null
415cab1e-628e-541c-9c9d-a891f95a255b,region,region,,Islay,APPLY,REPLACE,0.95,CIT_5316a8e284bee04b92326c8d13279be912e1d888b8080a315678bd5f52af8efa,smws,1716feacad92535b75b16ab0cfb281f00cb5874d05cbbc1cf1f5cd54785a636d,fill_null
417aac1b-cbd2-5e52-8330-ca1f31547bcd,cask_type,cask_type,,hogshead;refill,APPEND,APPEND,0.95,CIT_59273c4ade217d7df0c65d7503d37bccfb2411ededaa77df0b2b22a09ae58214,smws,424705e029a8ef82a222429cb83141b0fe2b88371dbbfa8acca8d3d174841353,fill_null
417aac1b-cbd2-5e52-8330-ca1f31547bcd,region,region,,Islay,APPLY,REPLACE,0.95,CIT_59273c4ade217d7df0c65d7503d37bccfb2411ededaa77df0b2b22a09ae58214,smws,3e59cd425c6da6973640da9c3cbc069fcda1c428bb470abbe2b7a96508b43d23,fill_null
418cece7-9238-55c0-80fc-cf842e4204c7,cask_type,cask_type,,refill,APPEND,APPEND,0.95,CIT_098e56ca7f3064a3202a23bf012c10b0ad589f3925643eab51f784fd4aefd206,smws,4cf964906a36d5ed37ba7c3b1bc24c00f77df409d846fb03a52c1133ffe463bf,fill_null
418cece7-9238-55c0-80fc-cf842e4204c7,region,region,,Islay,APPLY,REPLACE,0.95,CIT_098e56ca7f3064a3202a23bf012c10b0ad589f3925643eab51f784fd4aefd206,smws,204641c8f39798fe51036d6f3873c6cc0659f8c2b5b1853604e6f545c0300b3e,fill_null
41eb0894-7a23-5007-9be6-559e8f495df4,region,region,,Speyside,APPLY,REPLACE,0.95,CIT_7ab280be3965d0adfc817523b67b539d029f34201b4b82befc4d2c056abb2b41,smws,d566741eeeaff4e2e6ca061edb8b7691a1b521650aed6a44b09adfb3d25a3c3a,fill_null
41ff30fe-8319-5774-bd9c-ec01fb9413ab,cask_type,cask_type,,butt;refill,APPEND,APPEND,0.95,CIT_ca5d4f692c973183943842795587918016b8beedadafe3bab3e57f6e5e0e6348,smws,c782896d630cec7b42edebaf53abee74fccd7d911d1c2451c383210466011c95,fill_null
41ff30fe-8319-5774-bd9c-ec01fb9413ab,region,region,,Speyside,APPLY,REPLACE,0.95,CIT_ca5d4f692c973183943842795587918016b8beedadafe3bab3e57f6e5e0e6348,smws,d4a6aea2804f48b6b1b7e889030f2e993d80d9a0dc89a6ebff794221803deed0,fill_null
427842ee-b573-5f93-87cb-6006930e7489,cask_type,cask_type,,refill,APPEND,APPEND,0.95,CIT_c638b96d62fde201625bb31c2a8c9d81b6b1b6de5309b9ca2f989b7f37476a62,smws,06458055d0fe7e41cbeb5cf8b75c864b137decfcf98cf3dc8c916a8bdf726b6b,fill_null
427842ee-b573-5f93-87cb-6006930e7489,region,region,,Speyside,APPLY,REPLACE,0.95,CIT_c638b96d62fde201625bb31c2a8c9d81b6b1b6de5309b9ca2f989b7f37476a62,smws,4dd9749be0eaa3a4d6652c6405edd60ba7ff88c4f26f37b0bf286f7c7bc8329e,fill_null
4302fa92-9ccc-562b-91e1-e9f1c0c9ab5e,cask_type,cask_type,,first-fill barrel usa allocation,APPEND,APPEND,0.95,CIT_075652f486a197fc9221623211be6c8283cfcaef6e1f19b84b4d85a1d03efa33,smws,26512904ba036ea9ccbbe570e0759d8e753c260c618692cb9a400bfc0b5749ca,fill_null
4302fa92-9ccc-562b-91e1-e9f1c0c9ab5e,region,region,,Speyside,APPLY,REPLACE,0.95,CIT_075652f486a197fc9221623211be6c8283cfcaef6e1f19b84b4d85a1d03efa33,smws,69d82393cbf27534a66884bd1495fcd6b5648b29b36a24de5372586f63a7a222,fill_null
438c8685-481e-5fb3-ab5d-4e6a851e9d24,cask_type,cask_type,,refill,APPEND,APPEND,0.95,CIT_3b09116c7fe5716636ffca21fe0b5b64564bf70541c598990bcde214705f4c6b,smws,d39c95ac1595bc10dcd8c98e3401070b8b0db82ce2ceb884ee414bd7dd76c0e1,fill_null
44928acd-7487-5a57-b1cf-453f11087454,cask_type,cask_type,,refill,APPEND,APPEND,0.95,CIT_52dade14b09e219dc2bde0c30f9724114fcda2d450751b4a7cc78328f3fe3d71,smws,3aea0aeff9a4704b85206bfebe01d4c2fbf6e686073c880bd7c00c5c5d80d45a,fill_null
44928acd-7487-5a57-b1cf-453f11087454,region,region,,Speyside,APPLY,REPLACE,0.95,CIT_52dade14b09e219dc2bde0c30f9724114fcda2d450751b4a7cc78328f3fe3d71,smws,80b74da753988c15bc5d81dde2dcd3bfe68d83547356bc0a706ec814f9141a68,fill_null
44d8e157-3dcb-5a5c-b550-e6302534970a,cask_type,cask_type,,hogshead;refill,APPEND,APPEND,0.95,CIT_b044d6c435a6e1a8845e7c65ae7c46b6e16231cb2ab087bdba5c1532632e3073,smws,96e4bb455bef090fad70e750fe933b4e3a9164c36285702440241ffdac62809d,fill_null
44d8e157-3dcb-5a5c-b550-e6302534970a,region,region,,Islay,APPLY,REPLACE,0.95,CIT_b044d6c435a6e1a8845e7c65ae7c46b6e16231cb2ab087bdba5c1532632e3073,smws,4a61587c0f2b6c1a7cb9e5f472487ab7b8ba90e3225c2cbc69c5fcd0fd852b58,fill_null
44db02f0-d229-5eb3-ad25-2357b7019d6e,cask_type,cask_type,,butt;refill,APPEND,APPEND,0.95,CIT_022b947cdebb6deda0152fe240d56e2d36ebca96032fa6e3f1ab01a12d845726,smws,7fc6ad706167ea8d63be9b34a9d59b55fc739a1072588410abc835f925ce8be7,fill_null
44db02f0-d229-5eb3-ad25-2357b7019d6e,region,region,,Islay,APPLY,REPLACE,0.95,CIT_022b947cdebb6deda0152fe240d56e2d36ebca96032fa6e3f1ab01a12d845726,smws,8267275b31974d6e9175db23b6fde1b2b8c4e530b23d955e3a09a4aff7d84c30,fill_null
4516f723-86ae-5ecb-9ed5-7915078f513c,cask_type,cask_type,,butt;sherry butt,APPEND,APPEND,0.95,CIT_4196598f96ef86872d679fe4a1535b8f4831a70ad8288e2ef4df8cbe7db18fc8,smws,a1c2c1142d282ccdfe11d5d6183b24c3b7da37252bcb536e36866fac106cd413,fill_null
4516f723-86ae-5ecb-9ed5-7915078f513c,region,region,,Highland,APPLY,REPLACE,0.95,CIT_4196598f96ef86872d679fe4a1535b8f4831a70ad8288e2ef4df8cbe7db18fc8,smws,0a9605241faa82b1a7b4939decd4e16666878e4979f733247ec3ce72baa6e316,fill_null
45996da7-518a-59ba-b614-6e14c20dd62c,cask_type,cask_type,,hogshead;refill,APPEND,APPEND,0.95,CIT_9f154a9716d1a23d7ea73eeffdf3ae7dcf8ae388afa30112ae3b457ac72a22cd,smws,c56ea05f99ce90bd030ba2bd3c207c733b36fcd3a101ff4112800e007bd9f0dd,fill_null
45996da7-518a-59ba-b614-6e14c20dd62c,region,region,,Islay,APPLY,REPLACE,0.95,CIT_9f154a9716d1a23d7ea73eeffdf3ae7dcf8ae388afa30112ae3b457ac72a22cd,smws,33241127cd1802f82bac3381701d976921102099b5dbcd593e805dcc2d3cb476,fill_null
45f12fdf-f747-5e38-af1b-bed2b6b6ba26,cask_type,cask_type,,hogshead;refill,APPEND,APPEND,0.95,CIT_b95b2083d77ddb47ee9686112b7e3d62719605078c4d627f6ac14aa871056be9,smws,9b0788f1b110354a9b3290b8c4f36404233e53511be6c47888b85b183126b21c,fill_null
45f12fdf-f747-5e38-af1b-bed2b6b6ba26,region,region,,Speyside,APPLY,REPLACE,0.95,CIT_b95b2083d77ddb47ee9686112b7e3d62719605078c4d627f6ac14aa871056be9,smws,927e7b0faabf5a1fbd73cac8d1529f85b7b9d4215a4a42dcb5c6251b762c7202,fill_null
460c18d5-bf31-5734-b56d-298b407cc7da,cask_type,cask_type,,hogshead;refill,APPEND,APPEND,0.95,CIT_ab8ed4703640eb4d94fd814c34794a4a8e6d99eb7453ef12f3773efe1110b35d,smws,84c80c97d40b64fb45fc48a5c5131a12b8c1309e9c4106f23a30e0da31c72e3f,fill_null
460c18d5-bf31-5734-b56d-298b407cc7da,region,region,,Lowland,APPLY,REPLACE,0.95,CIT_ab8ed4703640eb4d94fd814c34794a4a8e6d99eb7453ef12f3773efe1110b35d,smws,b33d6a6f736b21ea881ff10647bb1f297442e83930bc108b8ea5787c17f3f2e6,fill_null
462d11ab-27f1-5ee1-ae2a-9ede549f1041,cask_type,cask_type,,refill,APPEND,APPEND,0.95,CIT_cab91c3b1ed3e67e4943756a9b036c9ccbb579fe3398689b385d6a2b3bd7c927,smws,7721d947f5621903638310d0085915b0f1c54752143b140c47ad250bc43ab196,fill_null
462d11ab-27f1-5ee1-ae2a-9ede549f1041,region,region,,Islay,APPLY,REPLACE,0.95,CIT_cab91c3b1ed3e67e4943756a9b036c9ccbb579fe3398689b385d6a2b3bd7c927,smws,d0d5227551fcf33f9e3758ab4909551b9571874c7424581663b1d6264415e0bf,fill_null
463e6420-c042-5467-8a93-9d86c0640425,cask_type,cask_type,,first-fill barrel,APPEND,APPEND,0.95,CIT_15465720334c455cf527d950ac48afec8dd56336b4d88fc4585ee25a78d15807,smws,f6a038b114b563e143244952edb438815a328f7dc71999e33399a7d97b52ecad,fill_null
463e6420-c042-5467-8a93-9d86c0640425,region,region,,Highland,APPLY,REPLACE,0.95,CIT_15465720334c455cf527d950ac48afec8dd56336b4d88fc4585ee25a78d15807,smws,bacddea3c392523b33d3cd568a200b0c9cc471d6280aaa4065ac633533273dac,fill_null
47003c2d-9022-52e2-9a2a-900c3621db60,cask_type,cask_type,,hogshead;refill,APPEND,APPEND,0.95,CIT_0497b5057bab3bfef7c6231ab0e536489918ef4eb54e6ff773b0116ac2cb5f1f,smws,cb55f8f7dd56776c5327e3a718826d60e56f5287f8dd2d154500f4791e761065,fill_null
47003c2d-9022-52e2-9a2a-900c3621db60,region,region,,Highland,APPLY,REPLACE,0.95,CIT_0497b5057bab3bfef7c6231ab0e536489918ef4eb54e6ff773b0116ac2cb5f1f,smws,d08705bc38af1da890c2b8440925be2729dd70917403cb79f5f9e6bd19ea6dab,fill_null
472e681d-0af6-5ad3-929f-d79c11568bca,cask_type,cask_type,,first-fill,APPEND,APPEND,0.95,CIT_ee1ec7aed49939c68d5c92ca6ee3ea8691b6be201e59a2005b0c8d08082ca152,smws,9929bd2f0ce2b91f1a462f48d1b101591a5573d54d210ed3aa99d1f9faa8cd3a,fill_null
472e681d-0af6-5ad3-929f-d79c11568bca,region,region,,Speyside,APPLY,REPLACE,0.95,CIT_ee1ec7aed49939c68d5c92ca6ee3ea8691b6be201e59a2005b0c8d08082ca152,smws,38be6eb651c3bed882a6232a92626303ea87be7917c04ede8076a2cca2bffe3b,fill_null
4774d7b1-f99e-5ed0-b54e-5f6dac5ead08,cask_type,cask_type,,refill,APPEND,APPEND,0.95,CIT_9f340054c947020ad31a1cdd7927b3a8d16375063822b19da9cc962ed69bf41e,smws,fee1f28ca96e9b02aee59536f9795ea7acffee75d735f2ce8d359491f52408bb,fill_null
4774d7b1-f99e-5ed0-b54e-5f6dac5ead08,region,region,,Islay,APPLY,REPLACE,0.95,CIT_9f340054c947020ad31a1cdd7927b3a8d16375063822b19da9cc962ed69bf41e,smws,82fb512dfa99e559137f6cadef39d925b9a4c87f095ee74abd23baa61277298b,fill_null
477544ad-871e-5747-927e-c73dfd020c4d,cask_type,cask_type,,refill,APPEND,APPEND,0.95,CIT_6c5b651ffc732660645c58563eb9394e9253016c863ac292c157cbdb65de1cb2,smws,a269bb77a5eb04f773744024aed4892e847c08b661a0b8486a27f6654b14378a,fill_null
477544ad-871e-5747-927e-c73dfd020c4d,region,region,,Speyside,APPLY,REPLACE,0.95,CIT_6c5b651ffc732660645c58563eb9394e9253016c863ac292c157cbdb65de1cb2,smws,0d74c3d5946c22e19401958b7430b2190f9e310d8fb6316ea386619247ca1126,fill_null
48b76d49-3cea-56bb-a5ea-02af7c181389,region,region,Highlands / Island,Highlands / Island,APPLY,REPLACE,0.95,CIT_ca76bc74d85f13fe7b6ead425f2813e476d17ea3a08eff13133a60b5913047b0,smws,30707dfddbe9aa23e362f4c193b86a513fbc94ba8e73ddc5995fe352ffa33bf0,skipped_existing_stronger
4968639a-5c6f-5170-a24f-491787ad174d,cask_type,cask_type,,first-fill barrel,APPEND,APPEND,0.95,CIT_765471e924788c9c7f4a15e2ffaeab3743d6e3a637d1fbcee4bd7020c39a253d,smws,b86b90531948e3cee7326e314076426110c47c5b11ebba141f505af8fc368818,fill_null
4968639a-5c6f-5170-a24f-491787ad174d,region,region,,Speyside,APPLY,REPLACE,0.95,CIT_765471e924788c9c7f4a15e2ffaeab3743d6e3a637d1fbcee4bd7020c39a253d,smws,a81dfe7ff8e0d974257fd8fe4505f8e8395f47f2c7e756093e0c7a00cd14c2f3,fill_null
49cb6612-1208-5a5f-b429-17b5c8af8d5c,cask_type,cask_type,,butt;refill,APPEND,APPEND,0.95,CIT_df0a4d827df660792039535815cf67ae2c08b139544e876adc77abbc5bd2cf80,smws,6288b40178be373468b64d1a824785853da7bc00d4b6c3652fa5b71be6188e07,fill_null
49cb6612-1208-5a5f-b429-17b5c8af8d5c,region,region,,Islay,APPLY,REPLACE,0.95,CIT_df0a4d827df660792039535815cf67ae2c08b139544e876adc77abbc5bd2cf80,smws,bd8506145a8d48fa674c8a7fe024adb6978e90a627c5f32a5c7616f726425ccf,fill_null
4a01c82a-3db3-5c8f-be3f-8e44c303493c,cask_type,cask_type,,butt;refill,APPEND,APPEND,0.95,CIT_45e199633270b4af514037dc42b69283227f76eda54277ef37b8ace7dec86906,smws,6b90301961eef944019e37f5ae7148460fd9be83ba7af665f308fbab18fa18e0,fill_null
4a01c82a-3db3-5c8f-be3f-8e44c303493c,region,region,,Speyside,APPLY,REPLACE,0.95,CIT_45e199633270b4af514037dc42b69283227f76eda54277ef37b8ace7dec86906,smws,5b322e68c0499258056d25d64164312e5e038afc00678a43e2fe3fe901d4aec1,fill_null
4a5092b0-82c8-50a0-a478-dc77819b2261,cask_type,cask_type,,first-fill barrel,APPEND,APPEND,0.95,CIT_b267517c65ce02796db04cd99a3f175a53a3d8607b918c56b2be2d45d06e803a,smws,cc8a6657f6b418e4bbbb549b88f9155f5dbd884a3faf12c9064388f6ba5153c9,fill_null
4a5092b0-82c8-50a0-a478-dc77819b2261,region,region,,Speyside,APPLY,REPLACE,0.95,CIT_b267517c65ce02796db04cd99a3f175a53a3d8607b918c56b2be2d45d06e803a,smws,e426a08c5c4473b15366b63388caf26cf1d6ea850f74aa2920c8e0fe8f8346aa,fill_null
4a9ca920-e6e8-5174-be70-a21dd127f279,cask_type,cask_type,,first-fill barrel usa allocation,APPEND,APPEND,0.95,CIT_787afb0a7033cd559c86825fb8628a5a922a33abc1f297fc399f659cf893ded2,smws,ba8875c2a14cb3a52ada522fa7ccbdf7be9bcbce0e90dab6d26ed14037c062d1,fill_null
4a9ca920-e6e8-5174-be70-a21dd127f279,region,region,,Speyside,APPLY,REPLACE,0.95,CIT_787afb0a7033cd559c86825fb8628a5a922a33abc1f297fc399f659cf893ded2,smws,2fbbc00c457387adc6bc37a04d491818348a461e12c55592309e08aef3ca4466,fill_null
4ab82ff5-abef-551c-b8cf-6b145556807a,cask_type,cask_type,,hogshead;refill,APPEND,APPEND,0.95,CIT_110a6f714a03d900606760777519aa074bf5afaafd91e9998cc424dfe99d8887,smws,1e1b163a0c85aaea5ce41b3b47d00fa51db7e342b89c3b29904340064557d388,fill_null
4abe48d8-a74f-5fe1-973c-9dcfb08f7cf0,cask_type,cask_type,,butt;refill,APPEND,APPEND,0.95,CIT_d39bda0002bacb34b8c9f617d96e875289548098b8708af394b2f6b5199a3303,smws,b49930074c0363d50bf949203934d3a089568ea766fd420243ac4da29f212a90,fill_null
4abe48d8-a74f-5fe1-973c-9dcfb08f7cf0,region,region,,Highland,APPLY,REPLACE,0.95,CIT_d39bda0002bacb34b8c9f617d96e875289548098b8708af394b2f6b5199a3303,smws,dd796c573a1d7547a6daa55a8ac1413199c82050c11a71fac301886579214b51,fill_null
4b371400-8da6-5055-a3bb-e5572178e52d,cask_type,cask_type,,hogshead;refill,APPEND,APPEND,0.95,CIT_e0cabd9b2a242603c3de941accc9d3f91edf1cfd6e6078683d231702ba52e957,smws,b0d05f70da6ef9a1f047c0b859d9e763e173227b74fdcbec8311ded1ee180de4,fill_null
4b371400-8da6-5055-a3bb-e5572178e52d,region,region,,Islay,APPLY,REPLACE,0.95,CIT_e0cabd9b2a242603c3de941accc9d3f91edf1cfd6e6078683d231702ba52e957,smws,03224a552802c31ba099808058d0bc36f0d1be743c4688bfe39c81a4244e3255,fill_null
4b3de087-6462-5231-a3d5-5f36575d60c2,cask_type,cask_type,,refill,APPEND,APPEND,0.95,CIT_b39b098bc07647749a3408acae453516488f63c1cf47041a6edc678c189050cf,smws,a792b26d179cbf6372361841067f5a9afcea379e78ecfda4a36365f29642a72b,fill_null
4b3de087-6462-5231-a3d5-5f36575d60c2,region,region,,Speyside,APPLY,REPLACE,0.95,CIT_b39b098bc07647749a3408acae453516488f63c1cf47041a6edc678c189050cf,smws,9aaab93cb1f0cd9b5f252d80dbb78f6774a55c979e6b47dc0607b146a2e71bc3,fill_null
4ba206a5-3c3e-58fb-b5c9-ec8eda6f1013,region,region,,Speyside,APPLY,REPLACE,0.95,CIT_af2bb69b59e4978e341ea620952b6730425b5eea9af6b24f3874b499b8336dd2,smws,3aaa7b755a80696c329c79f1fa37750016d5ccacb96a37eb8597e26f78cb3b26,fill_null
4bd25146-6032-5610-ba88-a6fc83328ab6,cask_type,cask_type,,hogshead;refill,APPEND,APPEND,0.95,CIT_c281436453f8a61f5a0c1b88b686c30c303bbfaffb3f872f28204ac32b1106d8,smws,724f15ce217f9c09dfe521addd7c554a256a30ce6edbf7cd296d16075cc4984d,fill_null
4bd25146-6032-5610-ba88-a6fc83328ab6,region,region,,Speyside,APPLY,REPLACE,0.95,CIT_c281436453f8a61f5a0c1b88b686c30c303bbfaffb3f872f28204ac32b1106d8,smws,b1d0af72c1bf8f4b29b8de661c5fc839d0d137d07067bc604bc5e721b6b65a15,fill_null
4c1b4293-20a1-5b7e-80b9-793710b943e4,cask_type,cask_type,,hogshead;refill,APPEND,APPEND,0.95,CIT_49832f774aa3474dc718d9160a5dbba45496f6a0cbb58d07f50f3e5f8e0b33e1,smws,6be4ab5273cdfd92a183f239b14cfb181bc06172ef814a0d61608993da9ca295,fill_null
4c1b4293-20a1-5b7e-80b9-793710b943e4,region,region,,Speyside,APPLY,REPLACE,0.95,CIT_49832f774aa3474dc718d9160a5dbba45496f6a0cbb58d07f50f3e5f8e0b33e1,smws,cf0481e6144c13607dee37980a080b9808b619117952e26845f3c5ab715dc545,fill_null
4c2abb3a-be19-578e-b874-e0a8005eaf77,cask_type,cask_type,,refill,APPEND,APPEND,0.95,CIT_7b22c115b81ad2bb22403acf42f4c98d1561f6f66069604e0b85a6fab2bfdb42,smws,5280c46b54211d3145a509d4bd76380c7d23c26552c3c547b71df41909c718ab,fill_null
4c32153c-e562-5860-900c-fd8e605492b5,cask_type,cask_type,,hogshead;refill,APPEND,APPEND,0.95,CIT_0ceecae017a15b55a91ae547bca1c4d34c8c7aaa6d55b884c684135c3b1ad2ad,smws,0b6239c447612a9cb81dd4a5934e206d02e91ff09cb589319087c8b5fdead06f,fill_null
4c32153c-e562-5860-900c-fd8e605492b5,region,region,,Islay,APPLY,REPLACE,0.95,CIT_0ceecae017a15b55a91ae547bca1c4d34c8c7aaa6d55b884c684135c3b1ad2ad,smws,ab7aba5549ca2224bddc693b99bd168ac4e5b54f866b0487bb4d15b8a61acc4c,fill_null
4c71561f-0a5d-5901-8887-c0b10d714293,cask_type,cask_type,,refill,APPEND,APPEND,0.95,CIT_828c02843ea147e115a96cc65024cd0f4ed2e2c0a1eeebaf6ee9d013f3ba8b91,smws,6b3a269f91923bc40af6a69f2d0f32fc1b69d57f92cc4fd74adcfac2ba79df93,fill_null
4d5cc295-60dc-550a-877c-1dadbf07cc1f,cask_type,cask_type,,butt;refill,APPEND,APPEND,0.95,CIT_158cc78555cabf1aa6dbcb657d54eb011efaa77e69fa944b9ef9b0500cf22a07,smws,488242b3a99ffe139c2ab87ba39a7daba2ada7ed9ac6316dfafb7ca18d189f3b,fill_null
4d5cc295-60dc-550a-877c-1dadbf07cc1f,region,region,,Campbeltown,APPLY,REPLACE,0.95,CIT_158cc78555cabf1aa6dbcb657d54eb011efaa77e69fa944b9ef9b0500cf22a07,smws,1be115a9bc5f628d0debbf54ecac84a2807363af00b1d61a88e8353ac9353e25,fill_null
4da4e3a7-11ef-5569-8929-0446461c150c,cask_type,cask_type,,butt;refill,APPEND,APPEND,0.95,CIT_1ecf4beab876cf6e1aef03ca104ad8fe6ec05d06ae6b3a2e250b2fe4271cca1c,smws,746d35cb304d8704a0d2e2792eba79e45fa8d857bf697ee2f841fc329d3ddc42,fill_null
4da4e3a7-11ef-5569-8929-0446461c150c,region,region,,Speyside,APPLY,REPLACE,0.95,CIT_1ecf4beab876cf6e1aef03ca104ad8fe6ec05d06ae6b3a2e250b2fe4271cca1c,smws,87a1d29419dbaa330e8d56dd2515cf89ae1c2784b5c794c4c3aac6e95f99ffa3,fill_null
4daf421f-9ddf-5d38-bb34-fed03de6764f,cask_type,cask_type,,refill,APPEND,APPEND,0.95,CIT_e454429c26b7a1eb9e4fb761af953ea43f439f46d1474c8fb233f6cc01fd47dd,smws,3479625f44b6b34f749070b164e308d5cc4ae12afb69ce0e5959a55902d98504,fill_null
4daf421f-9ddf-5d38-bb34-fed03de6764f,region,region,,Speyside,APPLY,REPLACE,0.95,CIT_e454429c26b7a1eb9e4fb761af953ea43f439f46d1474c8fb233f6cc01fd47dd,smws,b9a1111e4c9ed73f8548c54d577e212e09997d73f07b0abfb07d3b535cc398bd,fill_null
4db5a47f-a3fa-559f-896f-25c1902824b7,cask_type,cask_type,,hogshead;refill,APPEND,APPEND,0.95,CIT_dd2eb42077b601ae51926ecfd0130918f3114209a13a9e5b1df02f1c07f1e513,smws,f0870f7908d0121597af7936b66118b9b1b27eca528b4f8224d8685c780018dd,fill_null
4db5a47f-a3fa-559f-896f-25c1902824b7,region,region,,Highland,APPLY,REPLACE,0.95,CIT_dd2eb42077b601ae51926ecfd0130918f3114209a13a9e5b1df02f1c07f1e513,smws,20ad2b48bea6186eb54e4507abf6d8397d322e7a42240855e8d1b61561087b91,fill_null
4e6807e5-e7c8-5446-be82-a46029dbc2e3,cask_type,cask_type,,butt;first-fill;sherry butt,APPEND,APPEND,0.95,CIT_d24c5011e18c0cf8d0a1cb6361c840bdd93d72edcab67decedfffb904f96f431,smws,c8541ba0ae1d9c12949dceb37f6798761ff3c5f3c5649904a35adce3b7458c45,fill_null
4e6807e5-e7c8-5446-be82-a46029dbc2e3,region,region,,Speyside,APPLY,REPLACE,0.95,CIT_d24c5011e18c0cf8d0a1cb6361c840bdd93d72edcab67decedfffb904f96f431,smws,a0eafc5692cf8756d78b7dc2ae6d55cb876a3dfadbcae29ee3b20cb2607a59ee,fill_null
4e6be12f-f68c-52c0-a442-1838661a6441,cask_type,cask_type,,refill,APPEND,APPEND,0.95,CIT_5de6f6077594056a4e0b264220aecfb2e1c0cac3501a3fd6f8fc472690908f6d,smws,1266afdb759c376652a1b48645a50a1adaec2cf0d71dc2b8c541adc832c8216d,fill_null
4eceb843-dc6e-5916-ac2a-5c8a146b0e51,cask_type,cask_type,,first-fill barrel,APPEND,APPEND,0.95,CIT_a15b879eb05ff821fa7d791578b01cbf6da893120bc607b4989a1b973ba12599,smws,49013af0095b59312fbe83e80603b579793b6b514b7e7230f014fd83a3850ade,fill_null
4eceb843-dc6e-5916-ac2a-5c8a146b0e51,region,region,,Speyside,APPLY,REPLACE,0.95,CIT_a15b879eb05ff821fa7d791578b01cbf6da893120bc607b4989a1b973ba12599,smws,ac632c6e2cadf36a946b4afe3b75d8ec774b64880ea9888c7acfd2fca352f61b,fill_null
4f03178c-c4dd-5d45-aaf6-b658e5b972d1,cask_type,cask_type,,butt;sherry butt,APPEND,APPEND,0.95,CIT_d3cb368dc34cfd4c19bc24cbfe3e90babb2a34d6cfb8eb8d404c93df9023c8b3,smws,dc59a97ee4cdb8d94d876da993a08668f9b15784f8bcd0fa61ee5efb7eebaea5,fill_null
4f03178c-c4dd-5d45-aaf6-b658e5b972d1,region,region,,Highland,APPLY,REPLACE,0.95,CIT_d3cb368dc34cfd4c19bc24cbfe3e90babb2a34d6cfb8eb8d404c93df9023c8b3,smws,dd6b0c8d31af9c2e39d8959796af7f8357331c6797c38bf2aaf99e5e7287c3fd,fill_null
4f2810a6-5206-5ea0-9716-c798a2e3c8e1,cask_type,cask_type,,hogshead;refill,APPEND,APPEND,0.95,CIT_b1a77f08876d2dfadb42e1ae189cfe1dabef6f27a82e7d0db4e8e151f12d5d0c,smws,d21e9481db64293d0da9ed89cee44e5fa8dcaf78f4fe3025bdb7b97b1545b277,fill_null
4f2810a6-5206-5ea0-9716-c798a2e3c8e1,region,region,,Speyside,APPLY,REPLACE,0.95,CIT_b1a77f08876d2dfadb42e1ae189cfe1dabef6f27a82e7d0db4e8e151f12d5d0c,smws,0fdfe485bde5341111d7f98c2b9c00ab05255c31a1862dca82d024e57e842d68,fill_null
4f332474-6427-59b8-9f51-7305c5115a5d,cask_type,cask_type,,refill,APPEND,APPEND,0.95,CIT_c65fafcd4dc1b44d0366e5b1a5fc635cefb0edb3ee6d2f663082e9d3748bd3ab,smws,4763804ba282834d1584048d96cce4186d99d8ebdaa72c795fdda4948366ab40,fill_null
4f332474-6427-59b8-9f51-7305c5115a5d,region,region,,Campbeltown,APPLY,REPLACE,0.95,CIT_c65fafcd4dc1b44d0366e5b1a5fc635cefb0edb3ee6d2f663082e9d3748bd3ab,smws,6acc2f8f5f91c86a21adb8dc8509d060465bcb658aa4d2e44fb51881321c6345,fill_null
4f363859-6736-5a47-a78b-caac43bd7035,cask_type,cask_type,,hogshead;refill,APPEND,APPEND,0.95,CIT_040828330d05c8e519933dca2b6a7ec7dc63ed8e535bce48ca8b938728b4f49e,smws,c0011f47b1bf4fe1542391f5929d042574f89805aac9786a808aa72f11254404,fill_null
4f363859-6736-5a47-a78b-caac43bd7035,region,region,,Highland,APPLY,REPLACE,0.95,CIT_040828330d05c8e519933dca2b6a7ec7dc63ed8e535bce48ca8b938728b4f49e,smws,5a960b6f1789bc50a632a3a905f45bba17c8d422c038b4201970ccb63b32b9f7,fill_null
4fc0f173-77cb-5d71-b84b-5b13ea7fa1b6,cask_type,cask_type,,first-fill;hogshead;sherry butt,APPEND,APPEND,0.95,CIT_e0428d357ab28a1be4d642b42ee4ef28582f9fce48913bc0331618dbd05a1c62,smws,6f5deb440c879905381601aa6b901884ca875b6729b2e6b075dae9e4e3aaf5d7,fill_null
4fc0f173-77cb-5d71-b84b-5b13ea7fa1b6,region,region,,Speyside,APPLY,REPLACE,0.95,CIT_e0428d357ab28a1be4d642b42ee4ef28582f9fce48913bc0331618dbd05a1c62,smws,868e5188570281034fa6f716bd3995e58ea65dd11de4364d86ce89ec8b261767,fill_null
503ce28c-d1ed-54e5-aba5-eeb9bd1d271b,region,region,Highlands / District,Highlands / District,APPLY,REPLACE,0.95,CIT_fd27aedc887881315bd13de5a37940da4f057d74cda043f41e8ea25ab1841b9a,smws,36da6bf6aa59cfec62993caa439f6a9354a37f4c745d796f1d7d0badac7608f6,skipped_existing_stronger
5060614d-276a-58ae-9734-ce4646f24123,cask_type,cask_type,,hogshead;refill,APPEND,APPEND,0.95,CIT_62572d70b45fb2455d27ce4c5963cd8f12106794513fe7b326ab602f62746c20,smws,a7e89162aa76ae6241874e9e3e43dafa05a275185acb55510d11398b8379646f,fill_null
507f6bdb-bf78-5c19-a6e0-8e622b2c2d84,region,region,,Highland,APPLY,REPLACE,0.95,CIT_d4420d817b997007c1b568bba4fd29f3e34bb6ca64bd570084993035fdeef822,smws,544596f52b5401c4ff0ecc576f2cf847e7af2092736e6fd534443c89e5e149c6,fill_null
509c177d-1834-57d9-a630-68ddacb1fef9,cask_type,cask_type,,hogshead;refill,APPEND,APPEND,0.95,CIT_4236e52fb03f34d64950c12a2c4bf0e1728c7e7213e3713850602211c0acafb1,smws,6b520d4101ae61c2be23812ce8641168e36722320e18e126eb19abb5afde7ee5,fill_null
509c177d-1834-57d9-a630-68ddacb1fef9,region,region,,Speyside,APPLY,REPLACE,0.95,CIT_4236e52fb03f34d64950c12a2c4bf0e1728c7e7213e3713850602211c0acafb1,smws,9bdae8ded0d4173baab89ed61849103f302e4ec75c09e5240600018608196eb4,fill_null
50b0a8ef-c78a-5168-98e6-797f284bc67d,cask_type,cask_type,,hogshead;refill,APPEND,APPEND,0.95,CIT_33e231a8baa418b31c327614071a5fe73d3838613078f86639d8c57e8ab04c3e,smws,b38230341273124190da4887306bcc4b4d969e20678448be9c3b691c20192354,fill_null
50b0a8ef-c78a-5168-98e6-797f284bc67d,region,region,,Speyside,APPLY,REPLACE,0.95,CIT_33e231a8baa418b31c327614071a5fe73d3838613078f86639d8c57e8ab04c3e,smws,33c35b124f68405f42d7f116bf78cb8303771554de11a8c9e699f820a1a5ddd5,fill_null
50b5141a-ebab-501f-aa51-d3fd7932f699,cask_type,cask_type,,butt;sherry butt,APPEND,APPEND,0.95,CIT_e13e43ecacd9fc31b07111b6e6808e2f062b1dbc6c3e487703eb29ad398534fe,smws,901761f4e087c5e618fdcd39bb5fb15122c6ae1fd675d9fe0b442e1d491f6d3f,fill_null
5113f64a-ab5f-512f-ac73-1a7c5d6cfd54,cask_type,cask_type,,refill,APPEND,APPEND,0.95,CIT_521ae5a6a46f4bef32865244f1272c8b48f3669974dda101f4192852a412f2cb,smws,3fb3214bd5de18355cd2cf182fb1f37bbe98826dcf2c6616ad9283de0fdf23e1,fill_null
5113f64a-ab5f-512f-ac73-1a7c5d6cfd54,region,region,,Highland,APPLY,REPLACE,0.95,CIT_521ae5a6a46f4bef32865244f1272c8b48f3669974dda101f4192852a412f2cb,smws,0d18c99c90cb887aed04be87e2342b162f0b018ca0a0dd5252cc3c47fff83f00,fill_null
5124995e-02aa-5c3a-b755-b47e641297ec,cask_type,cask_type,,first-fill barrel,APPEND,APPEND,0.95,CIT_88da36701ce23bc5f295855587f65f9facf5d605294ef185295f6adabc2051de,smws,96569e1073a699aed5956c12ef1f747ea42566745f3cd05c9844e486ef5c7de1,fill_null
5124995e-02aa-5c3a-b755-b47e641297ec,region,region,,Speyside,APPLY,REPLACE,0.95,CIT_88da36701ce23bc5f295855587f65f9facf5d605294ef185295f6adabc2051de,smws,03e66eaed7bef5c1d84d9d38b543c4c042ab91d949449c6be12e31e01d3e2b37,fill_null
51e65455-edaf-5f32-a2b2-940fde378821,region,region,,Highland,APPLY,REPLACE,0.95,CIT_0dd2f1a0eb06b81fe093fe1599fb7209aa75ff1ee3f76025258bc6f0340d232f,smws,85c8f0d7cd3dcb0f72f2c1079a0d7fae6273fc234e9a162793663444b35f0e63,fill_null
52a9c5a9-a1f9-5b8c-975b-4d04ccb82290,cask_type,cask_type,,first-fill,APPEND,APPEND,0.95,CIT_55d13407ff95b38b2fe297c9505d912c54ae7544d5a2e959f9c73a0c0fdafdab,smws,1897a30fe1bfd0feda98c9003fe41a88cc9e3ea15383209b11902ef91d00c65c,fill_null
52bef5e6-a5a3-5e3d-b5b9-94d7768fbd42,cask_type,cask_type,,hogshead;refill,APPEND,APPEND,0.95,CIT_8d3eb941b771e0d01f5cf730163b1d9297bab1d984939411c6343a32acfdcc6a,smws,ddf7a7876d67d83b9e36c3e20b2b7b22059735830a71acf58182f21ca716b2f5,fill_null
52bef5e6-a5a3-5e3d-b5b9-94d7768fbd42,region,region,,Islay,APPLY,REPLACE,0.95,CIT_8d3eb941b771e0d01f5cf730163b1d9297bab1d984939411c6343a32acfdcc6a,smws,9813afb383c45e77912caaf5883191038888e68bf9104cc0b6a9fdec715b2079,fill_null
52e35574-90b6-5871-bfba-34ee0da64572,cask_type,cask_type,,butt;refill,APPEND,APPEND,0.95,CIT_15cae4f86055307e47c1b6cfe551bde62128d39eea0dfba4991efef8a7484dd8,smws,ed3df8762495effb323a5cad76b4f445de64231f7593467f0683867e2116b7e5,fill_null
52e35574-90b6-5871-bfba-34ee0da64572,region,region,,Islay,APPLY,REPLACE,0.95,CIT_15cae4f86055307e47c1b6cfe551bde62128d39eea0dfba4991efef8a7484dd8,smws,cc116498ec7440baf02257defc9883b467878db7dd923f5d0eea2d8574f75a3d,fill_null
52ffae21-8045-5292-8d7a-c742b0b72196,cask_type,cask_type,,first-fill barrel,APPEND,APPEND,0.95,CIT_91887e5552c28e9cc2ee42a3c1e4ef9b1e4584d8ad2295a00d858ca833fe90c3,smws,c8ca79d19cbaebd3f2d17f61cb1506ccc87ed51031b728ca20059aa89fe8605e,fill_null
52ffae21-8045-5292-8d7a-c742b0b72196,region,region,,Highland,APPLY,REPLACE,0.95,CIT_91887e5552c28e9cc2ee42a3c1e4ef9b1e4584d8ad2295a00d858ca833fe90c3,smws,c2c9af8d477bc3b9fcff39ab6e44b2f7e219f4032abdc83fa85fbe7309b4cf14,fill_null
535e571f-dd40-5900-a939-275b6c7bfa14,cask_type,cask_type,,hogshead;refill,APPEND,APPEND,0.95,CIT_d3943c1da98ce1c41ee6c59232a4bc8eb5739bc88f447fe506a4e82a75dce199,smws,1d03baafb098f6a2e8fa8eb293f0726687ec258b5718c679347142eac58238d5,fill_null
535e571f-dd40-5900-a939-275b6c7bfa14,region,region,,Highland,APPLY,REPLACE,0.95,CIT_d3943c1da98ce1c41ee6c59232a4bc8eb5739bc88f447fe506a4e82a75dce199,smws,6c59387ae487c6bca5823795699d0269fa1a72955127108fabb49114d6d5f9a2,fill_null
539c547d-92cd-5ec2-8edf-49b2dd3f1d91,cask_type,cask_type,,first-fill barrel,APPEND,APPEND,0.95,CIT_60171d3692fea9f545b36c61bcca0585ca1df9d16ff59cfb3b8b5c65a45e2249,smws,284bde23c1b5136ba30f1b8bd969fb6a0e5fd17b2985331fc9a187db735d64fd,fill_null
539c547d-92cd-5ec2-8edf-49b2dd3f1d91,region,region,,Highland,APPLY,REPLACE,0.95,CIT_60171d3692fea9f545b36c61bcca0585ca1df9d16ff59cfb3b8b5c65a45e2249,smws,84fa9fcd3cb4d0133b5437893a6e075647fc3d6e5266d503ca20480778559f2a,fill_null
544d8239-2c01-5e68-b3af-c0c4e846e788,cask_type,cask_type,,refill,APPEND,APPEND,0.95,CIT_715a6483fc95d73ed13bc3e14b81bed9d5f755bbbf4904dd51dbea480ef85dd7,smws,a825c4ee32703b5d7d77956cd477440c6ae8c24fb591d54372b2df3d4066e220,fill_null
544d8239-2c01-5e68-b3af-c0c4e846e788,region,region,,Islay,APPLY,REPLACE,0.95,CIT_715a6483fc95d73ed13bc3e14b81bed9d5f755bbbf4904dd51dbea480ef85dd7,smws,3c1a71abd2d9a3fe352a800e17423f29f671747d95da4bf8c4c6b549b853f191,fill_null
5481dcb4-a598-57f4-b634-0a2e4256aa3d,cask_type,cask_type,,butt;refill,APPEND,APPEND,0.95,CIT_ebd4ae8f6161195ab153052f50a9d71d6eef446d4cbd6790beb3dae884abd6e3,smws,ac90d473f99358deee62246e03932330122785f7c8adea469c7ddc778a1f5c0d,fill_null
5481dcb4-a598-57f4-b634-0a2e4256aa3d,region,region,,Speyside,APPLY,REPLACE,0.95,CIT_ebd4ae8f6161195ab153052f50a9d71d6eef446d4cbd6790beb3dae884abd6e3,smws,fe796c34ff2ae110524a7d6c22dbccb0e1148f09ab18e052b02675270160d9da,fill_null
549cadc7-e9b9-516a-8616-09d62dc14bf0,cask_type,cask_type,,butt;sherry butt,APPEND,APPEND,0.95,CIT_7dbe9921a6149966367b2eeff9e398c8517f2f10cc5b5001b5009eea7673f52b,smws,f0278c58f247ac5fcda019e825689e49135fd3aaef59bb8a9c5c96b08347df29,fill_null
549cadc7-e9b9-516a-8616-09d62dc14bf0,region,region,,Speyside,APPLY,REPLACE,0.95,CIT_7dbe9921a6149966367b2eeff9e398c8517f2f10cc5b5001b5009eea7673f52b,smws,2139465f2e6778be51b86c53144a276cf1b7b0deae5252e3442b51ad3fe9c400,fill_null
54f8070c-a704-56c2-928b-ab0ca9731805,cask_type,cask_type,,refill,APPEND,APPEND,0.95,CIT_d81eeee065e824f0a96630a2e03f10cb8c0e99d6cb7bf374232195f24bb9bf91,smws,b8b45e95c68e6f2fac1935b9beb515f50c55658aa9777b76fb736f1711e13eb0,fill_null
54f8070c-a704-56c2-928b-ab0ca9731805,region,region,,Speyside,APPLY,REPLACE,0.95,CIT_d81eeee065e824f0a96630a2e03f10cb8c0e99d6cb7bf374232195f24bb9bf91,smws,e5e634260a66f50e116416900fff6a0d462d338ad35e2750aeee3efa74dc2ad2,fill_null
55a30f70-fd7e-5772-acce-9b00a08956ca,cask_type,cask_type,,hogshead;refill,APPEND,APPEND,0.95,CIT_92c80aa3abd09661cb3ac45b69422f59339ea1ca0536156d8ae1ed33bb0e5365,smws,99a89f47a212ce69066ef3fab12685f953f2586ae6ec9aca0ddc7d94d78c9af9,fill_null
55a30f70-fd7e-5772-acce-9b00a08956ca,region,region,,Speyside,APPLY,REPLACE,0.95,CIT_92c80aa3abd09661cb3ac45b69422f59339ea1ca0536156d8ae1ed33bb0e5365,smws,f91f11f1cb793b2db4d36ab41c8863aca95dcf6bc6e59e2adbe28193cf3098e6,fill_null
56005555-ecad-5ec4-82b9-cf0a577bfedb,cask_type,cask_type,,butt;sherry butt,APPEND,APPEND,0.95,CIT_fc4324dc43607b698f9dc1b699db541064b8b81288c60feefe7b2d0089f51489,smws,7ad2b2b4ad3dee04822e5f87a28b67b667ac3a794454a49d1d53175231f37f43,fill_null
56b0ecd5-b248-5c08-8b28-1e604adedd99,cask_type,cask_type,,first-fill barrel,APPEND,APPEND,0.95,CIT_4b19d7e68c9a056bfa216c76832f51777b2faa53043782e0e25f0be769b751fd,smws,ab9dacbcde00a0549006566a3dd87cf157f26f9efb9d345cab11f5d4628d4912,fill_null
56b0ecd5-b248-5c08-8b28-1e604adedd99,region,region,,Highland,APPLY,REPLACE,0.95,CIT_4b19d7e68c9a056bfa216c76832f51777b2faa53043782e0e25f0be769b751fd,smws,28311a888e46539de5c253d3ffea97fe4c927801527fe0afee4c7ad7c3d8b965,fill_null
56d18e9e-213a-59c7-9033-3d6fdca3d67b,cask_type,cask_type,,first-fill barrel,APPEND,APPEND,0.95,CIT_8babfafcb185eb91286b21689c44b9362847006b7da69ca523871eb80f4e4337,smws,693198ef92ca7fae29c0fe4becb6fe09970e48148ba2201c78d1e159e94471f5,fill_null
56d18e9e-213a-59c7-9033-3d6fdca3d67b,region,region,,Speyside,APPLY,REPLACE,0.95,CIT_8babfafcb185eb91286b21689c44b9362847006b7da69ca523871eb80f4e4337,smws,77efdb8d9d0d00c1352ea532a9e8d5534cdb4636e7f685cc9b1d64c441930006,fill_null
56e069bf-6886-507d-9dbd-ecbcc162a7e5,cask_type,cask_type,,refill,APPEND,APPEND,0.95,CIT_61ccf55df1f0e748440b8cc62c208deb1b2849ee76d13b681d32212b49422510,smws,b09aedabf5f4eea381226d9251ca711df2602d20d6ccc2132b829e1cb78f9eb0,fill_null
56e069bf-6886-507d-9dbd-ecbcc162a7e5,region,region,,Speyside,APPLY,REPLACE,0.95,CIT_61ccf55df1f0e748440b8cc62c208deb1b2849ee76d13b681d32212b49422510,smws,bb7c433917bfcb21caaa2d046009b1fc38c0df9dd0de4b85f4febd296ffefacd,fill_null
5747bc85-3f45-5b79-9935-9e6f7000de43,cask_type,cask_type,,refill,APPEND,APPEND,0.95,CIT_294659fa8009c2cad0c416d3ba7cc49f0248a7e8c8ee062a04c000ae6185c319,smws,2a4ca041b5d58a9ea48a2dd93a9caf748925b81faac425714063f1f6f4b9659d,fill_null
5747bc85-3f45-5b79-9935-9e6f7000de43,region,region,,Lowland,APPLY,REPLACE,0.95,CIT_294659fa8009c2cad0c416d3ba7cc49f0248a7e8c8ee062a04c000ae6185c319,smws,274ff50e67d894dcc05c5929f1b798fd8f67a37b2d5c85bf177cbb7b78c35a22,fill_null
581e428b-48c8-5de5-aa47-b33ebd55121b,cask_type,cask_type,,refill,APPEND,APPEND,0.95,CIT_cfe6fb5ea2e18aadd8881e264098342546290802124352f14aabe67241ca6311,smws,979e20f9b650e0f326916768c461de697cb4a6eed6445d551e67e2a4bbd839b1,fill_null
581e428b-48c8-5de5-aa47-b33ebd55121b,region,region,,Speyside,APPLY,REPLACE,0.95,CIT_cfe6fb5ea2e18aadd8881e264098342546290802124352f14aabe67241ca6311,smws,d2cb2b7a965093b57cef86d6e0270287d0a0bd8b4a4b3875f6d086651492ff54,fill_null
58aba0e1-2345-5f34-9ecc-77a776384492,cask_type,cask_type,,olorosa;sherry butt,APPEND,APPEND,0.95,CIT_066092e2e8800a8f642ee902366ad9f670ee24b914bb30d44cac0c9555781ce8,smws,229277ecd6c1965a3298589c8e5a475c781237d5830d13117d4fb13f4a892e4e,fill_null
58b4ad62-5373-5233-bfb1-3ca4c7da74b9,cask_type,cask_type,,butt;refill,APPEND,APPEND,0.95,CIT_3c0961753aae5cd0429f31188009a79f4d59685b05a4dda6a36f04e424b56a9a,smws,b4aed28354161a38366253250930c999010fc2e24adf438a3cb245bdf8e8f9cc,fill_null
58b4ad62-5373-5233-bfb1-3ca4c7da74b9,region,region,,Islay,APPLY,REPLACE,0.95,CIT_3c0961753aae5cd0429f31188009a79f4d59685b05a4dda6a36f04e424b56a9a,smws,87b6d2e8f1816bf42a3033520acb19419cddccd4f59fadaf55996d7b52ce7069,fill_null
58d83064-5861-570b-a198-39bb657e6b95,cask_type,cask_type,,hogshead;sherry butt,APPEND,APPEND,0.95,CIT_873e56ec20af109a38236b7347b878d344878acf41da737dee1c0d5d562ffe80,smws,8d0825ace12f72904bda0c20eff911051622e928e3c6d6541ca6ceee65513736,fill_null
58d83064-5861-570b-a198-39bb657e6b95,region,region,,Speyside,APPLY,REPLACE,0.95,CIT_873e56ec20af109a38236b7347b878d344878acf41da737dee1c0d5d562ffe80,smws,9c02c1cf05f8217e42c5ebd12251748a6937d18f1d242a044da548037b66d6ba,fill_null
5970e91d-71df-52b6-a0e0-e0aa2faa13b2,cask_type,cask_type,,hogshead;refill,APPEND,APPEND,0.95,CIT_3ffc14a65e854df313eeec1720ea6d86242950f3c683d78e43a3214babcfaa19,smws,a0d81e95c9d4412c3eb8c7ab5f5fd43f67770b03a5e9ab82da4c7b50d4059d4d,fill_null
5970e91d-71df-52b6-a0e0-e0aa2faa13b2,region,region,,Islay,APPLY,REPLACE,0.95,CIT_3ffc14a65e854df313eeec1720ea6d86242950f3c683d78e43a3214babcfaa19,smws,2491c170fce82e891cf544dbfd6d3de14606dc2fab074c2e1f2091d843e4086a,fill_null
59761d20-d362-5720-ba97-1e8d1bf89362,region,region,Islay / District,Islay / District,APPLY,REPLACE,0.95,CIT_e573fb1b4fbb869b206f26f744041ffbb833c6ab91d98e5af8941be60ba0ac0e,smws,18e36ec973c0cce858cc37044ef656862e74981d8cbdb19afa2e38caf7fb61b6,skipped_existing_stronger
59774bf2-8a22-52ba-ba4c-45a2321293ea,cask_type,cask_type,,first-fill barrel,APPEND,APPEND,0.95,CIT_6fd2a2b3dc1055bab521dfa5f3f005448edc5b5dfaa9ec62755d43dc0e05e0e7,smws,76f71adc79bc0e8dcb7e4799e6ba3c575d510fc94a95a20d1b6eda49d093ee57,fill_null
59774bf2-8a22-52ba-ba4c-45a2321293ea,region,region,,Islay,APPLY,REPLACE,0.95,CIT_6fd2a2b3dc1055bab521dfa5f3f005448edc5b5dfaa9ec62755d43dc0e05e0e7,smws,4435e193c181eb178660c6432b3d671e266dee59c5e6ce4188bcbd6a58ce7505,fill_null
5a1f5982-ab45-5817-bd30-555c7d76894c,cask_type,cask_type,,butt;sherry butt,APPEND,APPEND,0.95,CIT_2972b4cde3ea02cdbfe70b9ef3d5bbe01507bab9ac54dbdf5e8fd8cd9cdf7350,smws,10fe39df32b216e31a75cf08319c7fca62da3cda415f9bc8851ffe8f0e33e1a9,fill_null
5a1f5982-ab45-5817-bd30-555c7d76894c,region,region,,Highland,APPLY,REPLACE,0.95,CIT_2972b4cde3ea02cdbfe70b9ef3d5bbe01507bab9ac54dbdf5e8fd8cd9cdf7350,smws,f9f420a2a97903730bc22d6c973d5e30904f05e51f13e738c67b445bec332f1e,fill_null
5a823447-dca9-5d25-a2f0-edda49de4929,cask_type,cask_type,,hogshead;refill,APPEND,APPEND,0.95,CIT_45931e8dd13963f5d8b2d68cb098ded4925a29432bc285d8478ba6f51db27490,smws,ea7e9f7cb17bae90dee5e933af39388782163ed29a2f9bb70e1d71cb3d278abe,fill_null
5a823447-dca9-5d25-a2f0-edda49de4929,region,region,,Speyside,APPLY,REPLACE,0.95,CIT_45931e8dd13963f5d8b2d68cb098ded4925a29432bc285d8478ba6f51db27490,smws,c1a073d379de01dce584994f8b447409ba6cd40c4685581042f0c9e914139111,fill_null
5ac41468-15ed-5bce-b57d-aa2efe76dd3d,cask_type,cask_type,,refill,APPEND,APPEND,0.95,CIT_edf3cfab39219d8d977002a55414f29cd356d9d3110be71abb70233a42d33639,smws,3a057b152088c9de1b84f9cedcc310782691de2c3f298e5fa85286007156e188,fill_null
5ac41468-15ed-5bce-b57d-aa2efe76dd3d,region,region,,Highland,APPLY,REPLACE,0.95,CIT_edf3cfab39219d8d977002a55414f29cd356d9d3110be71abb70233a42d33639,smws,49971d2574e6ae53e893e502cc682d7723b3ade637b501b705589a6e18c3b727,fill_null
5b4b4ad8-0fff-53d3-a6a4-7609919007c7,cask_type,cask_type,,first-fill barrel,APPEND,APPEND,0.95,CIT_d06de943721021fd4132ea8a08f7dfd8e2344cfbcb1c0cf45ec7b7e99930b23b,smws,d18c54f1c2f623a7b0e12d3bb160bb72375218ecdef72a771bfa4683a84ee5f2,fill_null
5b4b4ad8-0fff-53d3-a6a4-7609919007c7,region,region,,Islay,APPLY,REPLACE,0.95,CIT_d06de943721021fd4132ea8a08f7dfd8e2344cfbcb1c0cf45ec7b7e99930b23b,smws,a1207d89a1b5739aaaa226a6d5cb8b47dcd244c594fd77b5e0b327cffe515ea1,fill_null
5bb56175-5b79-5232-917c-8c9fa5d87186,cask_type,cask_type,,hogshead;refill,APPEND,APPEND,0.95,CIT_3b3dc5b37274033fb9e90e69f411b3266cdcf433ba39d4638920fa1eb638366e,smws,b8832a43e1b932727050bcbbafa309ebea45d2995e2c1a4114fccd1bc40041fd,fill_null
5bb56175-5b79-5232-917c-8c9fa5d87186,region,region,,Speyside,APPLY,REPLACE,0.95,CIT_3b3dc5b37274033fb9e90e69f411b3266cdcf433ba39d4638920fa1eb638366e,smws,1f7fd67089171b4a8bd1d0eb7185a20209b32b497521ac5289718966d0b5ff04,fill_null
5ce7f1cc-e838-5a71-9eaa-ec48050a18b5,cask_type,cask_type,,hogshead;refill,APPEND,APPEND,0.95,CIT_f18975bd8decf3a01ac0cfcb987ffe831407c780e37828cd4021e79218ae6850,smws,b88f4ab24751180cdd4b4869a96bf2b2c3abf2c48c976eae33337aee39ba2ef9,fill_null
5ce7f1cc-e838-5a71-9eaa-ec48050a18b5,region,region,,Speyside,APPLY,REPLACE,0.95,CIT_f18975bd8decf3a01ac0cfcb987ffe831407c780e37828cd4021e79218ae6850,smws,5ba693db525ba175ed94391a6f30ddf456c69cb29595469290aca87c078a2526,fill_null
5cf27220-5326-5dff-b41d-9c2b7ffa3eb9,cask_type,cask_type,,refill,APPEND,APPEND,0.95,CIT_9459296c95153ed11cc87e673ec01be8c3d17a9acb4425f0167fdcd59cf709ac,smws,13563c7dc6a89e42f0e7cc5253c3ec9ebc52c067f020255cd25c78bbc77da57d,fill_null
5cf27220-5326-5dff-b41d-9c2b7ffa3eb9,region,region,,Speyside,APPLY,REPLACE,0.95,CIT_9459296c95153ed11cc87e673ec01be8c3d17a9acb4425f0167fdcd59cf709ac,smws,50f92bf89d3b45a489f1a0ae2dd2ffe418d950d8b705f33bed516237a4f426ea,fill_null
5d3f8399-d8ce-5f0a-b597-db701aefb0f6,region,region,Islay District,Islay District,APPLY,REPLACE,0.95,CIT_bbaf4ad819b98f06bad7374830c837559939924e94fa42b3609e493cdf06cd8d,smws,bc8f419c5c0f8a532782b81bc4ca66b1a44b7c6285a7c8c3a04676da748cf2b8,skipped_existing_stronger
5d7620b8-8700-5341-8367-bdfc4c989ad4,cask_type,cask_type,,hogshead;refill,APPEND,APPEND,0.95,CIT_e53dac11fc54f2af7b6561e52af673f77af01ee94c920f8bd8c42ec15dd5f343,smws,756a808bc0028b067a70d1eda2210671e44166c63b97c1d687d4c35ebb542f9b,fill_null
5d7620b8-8700-5341-8367-bdfc4c989ad4,region,region,,Speyside,APPLY,REPLACE,0.95,CIT_e53dac11fc54f2af7b6561e52af673f77af01ee94c920f8bd8c42ec15dd5f343,smws,9c9f52609342499a1b07377ddf1983beeb4745adb2a2e5682d0cacf7d5723c1f,fill_null
5ddf0fa2-a15e-5f5f-9a51-c4ccc3fb0189,cask_type,cask_type,,first-fill barrel,APPEND,APPEND,0.95,CIT_b87f6bcb56e24cc466e061b656e9f13498d9e3d7ec2925b6e51cd90f3165246a,smws,dd47a07a2ff1334560e4b20134e00c46a96d5227223f6f8dbcda13441f77288b,fill_null
5ddf0fa2-a15e-5f5f-9a51-c4ccc3fb0189,region,region,,Speyside,APPLY,REPLACE,0.95,CIT_b87f6bcb56e24cc466e061b656e9f13498d9e3d7ec2925b6e51cd90f3165246a,smws,3c42ddd9825ededd497264b02dc572f93357b9491d33be28d5bab4dcb8ad0099,fill_null
5e18c7c5-206e-5096-88cf-f1faada90bd2,cask_type,cask_type,,refill,APPEND,APPEND,0.95,CIT_cad3b1480194f0b02207da721fd76e84a11673fac032392ddf8c3a678e742b7c,smws,45f94365cfc53e1c2d5dfd45a9a8c23beca883e14bc3ea05e15f98ff8fde25fe,fill_null
5e18c7c5-206e-5096-88cf-f1faada90bd2,region,region,,Highland,APPLY,REPLACE,0.95,CIT_cad3b1480194f0b02207da721fd76e84a11673fac032392ddf8c3a678e742b7c,smws,d22b34debc487791c2685058f42550033dc827971ef50934f360e8c8734ad682,fill_null
5e380fac-f8d0-5272-9055-951bb15ca470,cask_type,cask_type,,hogshead;refill,APPEND,APPEND,0.95,CIT_2fa0f8e331d58f3d45c93551539029510c4a8edfaa982f87b00792a08943aab5,smws,3a3c9be3f5eb6aac82736a93d72dd17e5d960784e71f1925c00ccafdc919464a,fill_null
5f0a3cd8-1703-581f-bc4f-9c935c333d8a,cask_type,cask_type,,refill,APPEND,APPEND,0.95,CIT_b7d96e4f3f2f49e6e369a3fc6d135da367a6e95c4d5dc2ab7118f5942b941624,smws,aa5915849a10e7d8b08563cde657f4e47f267e98059ddfea7b2c62d81d9039ab,fill_null
5f0a3cd8-1703-581f-bc4f-9c935c333d8a,region,region,,Highland,APPLY,REPLACE,0.95,CIT_b7d96e4f3f2f49e6e369a3fc6d135da367a6e95c4d5dc2ab7118f5942b941624,smws,bb83c4df9e7873ea4098f3557802b862f8edfe1d023330cb42f5c96c2fda08b7,fill_null
5f1f39e3-d220-5d4e-81d3-5f211f45b43c,cask_type,cask_type,,first-fill barrel,APPEND,APPEND,0.95,CIT_cd6ab24f1332b69ce6146a6121e8fceda11573878ec18470ff005b1cb41314c9,smws,b46867b462eed40718e84190d26035714abdf94b923fa0baaaaab4b317a876ca,fill_null
5f1f39e3-d220-5d4e-81d3-5f211f45b43c,region,region,,Speyside,APPLY,REPLACE,0.95,CIT_cd6ab24f1332b69ce6146a6121e8fceda11573878ec18470ff005b1cb41314c9,smws,48e1583e32392dc860e00d7314bc68919d9fc0024c5b81b5dc02c32b638fa3dc,fill_null
5f4f2d5f-070a-50c4-a62a-aa719e3c30e2,cask_type,cask_type,,hogshead;refill,APPEND,APPEND,0.95,CIT_6fbca8c6f0ef74d6dbf4117aa899f67ac76d8230e6448a987bbda7705695ec05,smws,1e6291c7a3be3f354b9853d8a8bd0294f2091ed33db6bb60a6619ecaff571989,fill_null
5f4f2d5f-070a-50c4-a62a-aa719e3c30e2,region,region,,Speyside,APPLY,REPLACE,0.95,CIT_6fbca8c6f0ef74d6dbf4117aa899f67ac76d8230e6448a987bbda7705695ec05,smws,b3d0e6080f832f50216afaa3f5e1b6faeb9e429311609f090e24102f6e61701c,fill_null
60044aa8-38fd-5ea6-8655-30420036780c,cask_type,cask_type,,butt;refill,APPEND,APPEND,0.95,CIT_c9a78087d04dea57aaadc35d8c8dfe29c2f3dcf65b6a51542c6fe84e00a40f11,smws,ccdeb8cc24bbc51a6b0a83e16fc1041b2508d28ea132970a2aa208786d4febb6,fill_null
60044aa8-38fd-5ea6-8655-30420036780c,region,region,,Islay,APPLY,REPLACE,0.95,CIT_c9a78087d04dea57aaadc35d8c8dfe29c2f3dcf65b6a51542c6fe84e00a40f11,smws,39e1dc5ee3c2efbb6c4672b07a14688ead508a67a16bec519066ead9be4456f5,fill_null
603361f9-a081-5e15-86ae-29a3863bbf57,cask_type,cask_type,,hogshead;refill,APPEND,APPEND,0.95,CIT_222eb3cc421948387a8362e1c8aa4ec600a7001a573510e069db1fb3a22c6d91,smws,876c0da65456ad3cb52a61f4c95b905344b18234dd29e5c2e060bb7624e63024,fill_null
603361f9-a081-5e15-86ae-29a3863bbf57,region,region,,Speyside,APPLY,REPLACE,0.95,CIT_222eb3cc421948387a8362e1c8aa4ec600a7001a573510e069db1fb3a22c6d91,smws,fbd150189e226541b638a4d4237b60728313523cebd60fed0faaabac351cc3db,fill_null
6037a55b-ec66-55f7-9e17-b482a403e7e0,cask_type,cask_type,,butt;sherry butt,APPEND,APPEND,0.95,CIT_138f58e5cbf684da724e22895e6e03d9ddf471f57ce6a09638b4d828df4a54fc,smws,29c72865b57c94bf2f868e9c2178c248a45b1bef6c10de608e9f3052b5c51d47,fill_null
6037a55b-ec66-55f7-9e17-b482a403e7e0,region,region,Highlands / Island,Highlands / Island,APPLY,REPLACE,0.95,CIT_138f58e5cbf684da724e22895e6e03d9ddf471f57ce6a09638b4d828df4a54fc,smws,6f74cd85d350d6bfa29ae78f88f649b0a22f1134586d0c52ce3aa6472544883a,skipped_existing_stronger
605431d1-f644-5dcc-a88f-17f23ac53b0b,cask_type,cask_type,,hogshead;refill,APPEND,APPEND,0.95,CIT_4efae41f7244ebf96c0c4e10a6601838dccd9de45ad9890851843dd2e248c795,smws,2ea5506941c2cb8b9b170a62193b0860495a4d3cb365155de454683d6a485cdd,fill_null
605431d1-f644-5dcc-a88f-17f23ac53b0b,region,region,,Highland,APPLY,REPLACE,0.95,CIT_4efae41f7244ebf96c0c4e10a6601838dccd9de45ad9890851843dd2e248c795,smws,30da7b3618f5fc04e66717e5fe6bf3363bfa2fb473f65bc4c418b5e38b1af5b5,fill_null
605a88b7-4697-510d-af18-bca7f8f17167,cask_type,cask_type,,hogshead;refill,APPEND,APPEND,0.95,CIT_be14dd774895ecdf3e1942b56e6f2bff2dc1b3e88e726dfd3634b522e5d5dfa0,smws,a9bd8449fe6d9785e9e6a25a0a3ec29c440f5e380cf9ac2d9f4a0d9f81c891fd,fill_null
605a88b7-4697-510d-af18-bca7f8f17167,region,region,,Speyside,APPLY,REPLACE,0.95,CIT_be14dd774895ecdf3e1942b56e6f2bff2dc1b3e88e726dfd3634b522e5d5dfa0,smws,2c430f64bdac8392898aff19d0492169901e22f54ef139576b6e988ff6417631,fill_null
61607d8a-3b83-568b-9104-f97ed19300d0,cask_type,cask_type,,first-fill barrel,APPEND,APPEND,0.95,CIT_b0efa035bd2d90f5be2228cad9be507b9be7f9d3bcdc09a7df5e4c25464cdd63,smws,08b672ff4270b6a1d6ba562efad84917017709f0b34b6659d909dcd7141b711d,fill_null
61607d8a-3b83-568b-9104-f97ed19300d0,region,region,,Highland,APPLY,REPLACE,0.95,CIT_b0efa035bd2d90f5be2228cad9be507b9be7f9d3bcdc09a7df5e4c25464cdd63,smws,777bcfe26db2b663201e32698cff7824566da36a49f551ee1dc3c432cfc0e0f7,fill_null
617006f0-15e0-5533-a4b7-52f707e4df93,cask_type,cask_type,,hogshead;refill,APPEND,APPEND,0.95,CIT_9b312d2c773ecbfe3b83ebb985d3562e7d099420c5305fdda8d2248782c50f06,smws,7f9ebd76a5aecc24135b9b06b5f25e8d0bd94a4d3a049f66de31ff8bd7b412bf,fill_null
617006f0-15e0-5533-a4b7-52f707e4df93,region,region,,Speyside,APPLY,REPLACE,0.95,CIT_9b312d2c773ecbfe3b83ebb985d3562e7d099420c5305fdda8d2248782c50f06,smws,17fc851f149a8d4888bfa2597b527b9ea954835be85c025c6653b0ad71137384,fill_null
6173d1c2-a8f7-5a2e-9aef-a6a9dddc8ee0,cask_type,cask_type,,refill,APPEND,APPEND,0.95,CIT_b11a92e70fc6a7de1d371dc2828986d0f88182935535f4558c1c67a772d2b130,smws,a6f2eccd134880e92b20031e1455049bb2ff55a4b497815b79dfc83c8fdc1779,fill_null
619ecc49-104c-5b3d-8527-477690263190,cask_type,cask_type,,refill,APPEND,APPEND,0.95,CIT_a4591c6f055f5653250862bda0d9e183739c56713d695e3147c370ca22291d4f,smws,f52cc8ddc4ddfe1cbce262b6a47af9d588a12736e4bd97437c3967c76bd7841a,fill_null
619ecc49-104c-5b3d-8527-477690263190,region,region,,Islay,APPLY,REPLACE,0.95,CIT_a4591c6f055f5653250862bda0d9e183739c56713d695e3147c370ca22291d4f,smws,f1cacb0f098ceb681931b9a90c21980f2f20e30334b4c06426d8472ce156ce66,fill_null
61f6ade1-0e01-54c3-b45f-c2bfab3aede1,cask_type,cask_type,,hogshead;refill,APPEND,APPEND,0.95,CIT_20c9b0165a935ae58ab8536cfbb5259e94d44323afaf06309cc6b644e8fb49ad,smws,3430770d6c21902475b11f25a26b029367e90198e60d91ef547204ccc8bfc2ed,fill_null
61f6ade1-0e01-54c3-b45f-c2bfab3aede1,region,region,,Islay,APPLY,REPLACE,0.95,CIT_20c9b0165a935ae58ab8536cfbb5259e94d44323afaf06309cc6b644e8fb49ad,smws,a1feed9c993d947252b907b22da25ca7d6e0343eabeaf08a39a6eca297baa2aa,fill_null
61feb702-492b-5674-b911-5ae85fe3918d,region,region,Highland / District,Highland / District,APPLY,REPLACE,0.95,CIT_af28bc87ab4cef35df0f7ac2207e231ee150a88fca7e3d34af2f3c64330a2519,smws,f3523fae1627f276926b5f9e82fbcdb5ce382976b15b787bf685174e7c50365c,skipped_existing_stronger
620b6b32-f1e9-5fcd-a2a7-14b689f7eb78,cask_type,cask_type,,hogshead;refill,APPEND,APPEND,0.95,CIT_2e9107da28d0a45cc5d19b52989e12469efcf03afa5ac8c471d1453405350d43,smws,5066ee2ce734afe6c61d4fd2d19532f7e09173b1dbc53f28140b36306f52179a,fill_null
620b6b32-f1e9-5fcd-a2a7-14b689f7eb78,region,region,,Highland,APPLY,REPLACE,0.95,CIT_2e9107da28d0a45cc5d19b52989e12469efcf03afa5ac8c471d1453405350d43,smws,c6067b562436a9c8b5987b08b3d37bebccf7af58b01d950a412327d5c0b52d02,fill_null
6276d8f8-6188-5a9e-8f86-2f8b0049045a,cask_type,cask_type,,hogshead;virgin oak,APPEND,APPEND,0.95,CIT_53dd27ba3035e24595560951b575677a5ccae5cfaec96d7b89728e2ef0ba0a24,smws,4d133aae404b7b76ce629be449f8545b63202b7aa78c16639a8e7812472533b9,fill_null
629e3bd9-b38d-5fe6-bccf-8e8db91d912e,region,region,,Speyside,APPLY,REPLACE,0.95,CIT_f7280dbd9a46fb5fac459a2c93d6e2b0ed4f971e4a7f699c2513c51fe1835fcb,smws,43d39de5ede7da3d511a5b4f70610f0df968965edaaaaa6d7e41882893adf180,fill_null
62ae6332-c805-5bbb-b9da-caadffc0febf,cask_type,cask_type,,refill,APPEND,APPEND,0.95,CIT_d0d3dfe4baeb2a18767960c13f54cc9aa616e2313ddc251991a8fed1edf5bab5,smws,44d20d7e2783e1e43fcf9b479d5642839a2fe96418071092c274f70cf8f9d91c,fill_null
62b0665b-f8a0-5e68-a226-9c3cee92b809,region,region,"Highlands
         District","Highlands
         District",APPLY,REPLACE,0.95,CIT_c92ccb7246dc23853b5e2e94433b61892f1c37ed00cc8a75958cc81ab83b0f34,smws,bff4567b0b7e3952eb37a3791968067a9156ee15c296fd33555f135beaea7417,skipped_existing_stronger
62d73ded-e9ce-516e-b1b8-4409a04ad86b,cask_type,cask_type,,hogshead;refill,APPEND,APPEND,0.95,CIT_cd49ebb9fd8fc82b3a90f20af293eda0e692132f0e614624f4615f455d95a0b9,smws,c645c6c7c26d30254c2b93b50fa775689ed72f51b11cadefa30c400161b8c93e,fill_null
62d73ded-e9ce-516e-b1b8-4409a04ad86b,region,region,,Highland,APPLY,REPLACE,0.95,CIT_cd49ebb9fd8fc82b3a90f20af293eda0e692132f0e614624f4615f455d95a0b9,smws,95ee56df9f2f82d4e781141e27fc6da6547b040d1cb916ecfe08479170565c4a,fill_null
631f719e-2726-5b69-b272-ca88b906f604,cask_type,cask_type,,hogshead;refill,APPEND,APPEND,0.95,CIT_a3ab9adaf4fb77545c05e8e52c9a5709e9c84c01272803631c436966387b2c44,smws,66bfdd11c967e6b40d0114e196a10e29828c9781d7d14bcc5b6343c18d7a4d79,fill_null
631f719e-2726-5b69-b272-ca88b906f604,region,region,,Islay,APPLY,REPLACE,0.95,CIT_a3ab9adaf4fb77545c05e8e52c9a5709e9c84c01272803631c436966387b2c44,smws,da4ce8ab178d1165c23c795b44e432987ae3560f4209e442d8f9d7d8c27e9562,fill_null
63c13200-4827-547d-9592-5a9864db6374,cask_type,cask_type,,refill,APPEND,APPEND,0.95,CIT_d0f4b2d6f3e6248d5dcd38839281223b829205cbbdc9747ae56662e9d8271b79,smws,c89fb90c363acd8a2fc2b7d35776205790adf856b87d5ff8f194330f0cd3895a,fill_null
63c13200-4827-547d-9592-5a9864db6374,region,region,,Islay,APPLY,REPLACE,0.95,CIT_d0f4b2d6f3e6248d5dcd38839281223b829205cbbdc9747ae56662e9d8271b79,smws,f7b46729109267eb6c55074f0e4165b0970bf5af2b38d960a1f170299425155f,fill_null
643b2bfd-143f-5972-9c0d-1646b1fe2c51,cask_type,cask_type,,hogshead;refill,APPEND,APPEND,0.95,CIT_139996ce3e107cfb7191f9aac3af0db1d45829a63fa23f3a4bb9bfc5a3548bbe,smws,68d74b828b4a021ac865ead0a3ca58699b45e579ad3b58c625412ca2d2809860,fill_null
643b2bfd-143f-5972-9c0d-1646b1fe2c51,region,region,,Highland,APPLY,REPLACE,0.95,CIT_139996ce3e107cfb7191f9aac3af0db1d45829a63fa23f3a4bb9bfc5a3548bbe,smws,03425f0028fe7da00ea84c59d42027e3b69e987f441bc7b168f7c330ec169cc1,fill_null
6443f5b5-8abd-511b-98c8-fa381b6f3bbc,cask_type,cask_type,,butt;sherry butt,APPEND,APPEND,0.95,CIT_fd4736a142ce150d1016f07a21c37cca6a30be0f667ca837785d62d9b478667d,smws,932843e86bb13363f0e2ed427f29f8932ef262b19ec8e5a5f47cd2c92dc132fa,fill_null
6443f5b5-8abd-511b-98c8-fa381b6f3bbc,region,region,,Speyside,APPLY,REPLACE,0.95,CIT_fd4736a142ce150d1016f07a21c37cca6a30be0f667ca837785d62d9b478667d,smws,9b5b486ba81de5dd9c62eaebdd5baee0f7857eb7696e4ee14706c54114842db7,fill_null
64a27f21-5d90-5b2a-8658-10e1206fc801,cask_type,cask_type,,hogshead;refill,APPEND,APPEND,0.95,CIT_495153571771cb65f573d92af0bd9f07f8a585f4fd56f71c6904ed31f8f7eb67,smws,94131dbf20213e05a7af3d195bc672de3b672e331bfba9caf86d2dbffe94ea5b,fill_null
64a27f21-5d90-5b2a-8658-10e1206fc801,region,region,,Speyside,APPLY,REPLACE,0.95,CIT_495153571771cb65f573d92af0bd9f07f8a585f4fd56f71c6904ed31f8f7eb67,smws,8e4eba4c83103c51f99ee1672a2757e849d153737e2d22d20201d2a74d1111af,fill_null
64bc4415-7c60-5a64-90e0-a9ee8138c282,region,region,,Speyside,APPLY,REPLACE,0.95,CIT_8ad5b4c36de99e60b090c14ed193de5a09c5c65132879e6714060ea1faff0d63,smws,86da76753706c12aaaafed25fd52a4436df902d4c13c1dfb5699a8dd556317f3,fill_null
64bece66-a276-59cd-85e0-116eac0fe3fb,cask_type,cask_type,,first-fill barrel,APPEND,APPEND,0.95,CIT_54b90af79e7ea3a623d5bf49d761c9aa32e174d39ddfe13df64ca2d6636e1015,smws,354d54b3a489e2cf99ce174421cadb39025965cb22be8785bcf18b2b80337183,fill_null
64bece66-a276-59cd-85e0-116eac0fe3fb,region,region,,Speyside,APPLY,REPLACE,0.95,CIT_54b90af79e7ea3a623d5bf49d761c9aa32e174d39ddfe13df64ca2d6636e1015,smws,96c3634da273c6633e3004e696a8e200721a0d2f80237099c25b9a226f98a79b,fill_null
656c8b8b-2759-5206-a849-4b19b482e1d8,cask_type,cask_type,,hogshead;refill,APPEND,APPEND,0.95,CIT_2a0e8207b76371212c10b500bb9f1634d151523815f9538de6e8fface668607f,smws,8f2d2b60bb65373638647a8f292c66dcb9092bd86b25e393e1629f13c0ba0818,fill_null
659fa17f-9402-5b4c-98bc-efe4cdcd0639,cask_type,cask_type,,hogshead;refill,APPEND,APPEND,0.95,CIT_0c987b1391caf0055e49ef1dd63e40eab5a3b56616fc8675881f3b579a4acc0d,smws,aec676ea44c06f3fea04fa23aba7c9bd0a3ca500ab060392a0fe8c3e1b4cfb08,fill_null
659fa17f-9402-5b4c-98bc-efe4cdcd0639,region,region,,Speyside,APPLY,REPLACE,0.95,CIT_0c987b1391caf0055e49ef1dd63e40eab5a3b56616fc8675881f3b579a4acc0d,smws,aefd68da19f24b557c11a96ddb8a345df28bf96f190dc7b40bcc451e3493d451,fill_null
65c1fbdd-cc91-54b1-93e5-5b8333a1247c,cask_type,cask_type,,hogshead;refill,APPEND,APPEND,0.95,CIT_55879cf96a67d0bd06619699547a7778bdbe6c2fabf00afb9d73701ab88ec5b2,smws,ab172a390448a4a5fc8462b0655d9666d696cff417f495912a46e411a019e030,fill_null
65cdbe24-c4a7-5c16-b450-64417c0568f9,region,region,,Speyside,APPLY,REPLACE,0.95,CIT_0870c8aa50d38c8f1e24663fa48a8c477ea1dad3982dc658535812196ceb5c6f,smws,1fc009e850e885b9c1d1108fd6ac072c648e47c92b7529db9d3e42cd14a6de10,fill_null
666fcc89-034e-57b3-aaa8-c48bab6959e4,cask_type,cask_type,,refill,APPEND,APPEND,0.95,CIT_fde4609a53664fda2aa91c04255bfed92ae4b6496c0458f3098b4c1f7dd5bdd0,smws,a8f654185046f8b5a03d75416074989d3763bf34d9d1a10a30ed1aa79b7f9f9d,fill_null
666fcc89-034e-57b3-aaa8-c48bab6959e4,region,region,,Highland,APPLY,REPLACE,0.95,CIT_fde4609a53664fda2aa91c04255bfed92ae4b6496c0458f3098b4c1f7dd5bdd0,smws,e6eafe7643602ad4abf3686545a0be4834e6323d0a2c158cf5b478a193bf4ab9,fill_null
66ee047c-3699-5587-887f-7b9ade94fa7a,cask_type,cask_type,,first-fill ex,APPEND,APPEND,0.95,CIT_e535256fa85a5d06134c8df95be9e6317ea4193a4770018ff7bfadd84dbd38a4,smws,12ac83026c0d19f3ca2e5e788a6cb607902d64c856b125b3de62dcfa5b824f95,fill_null
674d5c67-6c9c-55cd-91af-ac7ca89bef94,cask_type,cask_type,,hogshead;refill,APPEND,APPEND,0.95,CIT_e0231348b7bb1bdb776701229a6ffe8ad01fc0ece094f4a28862ce40dff57ebe,smws,370914ff90c2c7f8b7fe117ca18e482a458c3d819b43f5328e9f39503d7836c7,fill_null
674d5c67-6c9c-55cd-91af-ac7ca89bef94,region,region,,Highland,APPLY,REPLACE,0.95,CIT_e0231348b7bb1bdb776701229a6ffe8ad01fc0ece094f4a28862ce40dff57ebe,smws,e2185792e12fd00d17fbc503e74eebd9aaf33e609328d6ac7ce2bdf007878af7,fill_null
68029326-80e1-58d6-b7ad-e3f741a03fde,region,region,Highlands District,Highlands District,APPLY,REPLACE,0.95,CIT_83c47e30db0cac741692dc5b05c68c2a4afdb70007b30e007a257b515c9d5cfe,smws,a48b98e2b70fb63f6767447df718a52468a6774f4786216d755e9b11ba2fa57f,skipped_existing_stronger
68640243-ac86-56de-b3d7-b1c51baf2768,region,region,,Speyside,APPLY,REPLACE,0.95,CIT_4a0befe5138e19befa47b828e84c8037da070e7927bc405aa48edef05cc11c9f,smws,7e4469a4926f0554ff9aeea426181df5e099ba8d13b451dfcf750f7765846865,fill_null
68b1a646-fb86-5a55-a3ed-195febe9863f,cask_type,cask_type,,hogshead;refill,APPEND,APPEND,0.95,CIT_761617f71280e7fd8b70348e290d0f2eb3220097337986a2426ba24223110828,smws,1ace62e8fa4a4ca444c149a26da1b97087b964f2d9803ef2bde487369ac568e4,fill_null
68b1a646-fb86-5a55-a3ed-195febe9863f,region,region,,Campbeltown,APPLY,REPLACE,0.95,CIT_761617f71280e7fd8b70348e290d0f2eb3220097337986a2426ba24223110828,smws,aac54f61cd93603e6bcc202633dfc2264005d01498e8428700fa9c39a33372bf,fill_null
68c9536f-0e2b-52cf-91d3-cca4bbb6092c,cask_type,cask_type,,hogshead;refill,APPEND,APPEND,0.95,CIT_6365da851c716244f767a1cc3e5d61fd817dd2bf5dab03c0f3149852fdbe9b02,smws,7c9bc055ed91ce964bed3c720eb6bb7177a034ba699340c871896b392db41ec0,fill_null
68c9536f-0e2b-52cf-91d3-cca4bbb6092c,region,region,,Highland,APPLY,REPLACE,0.95,CIT_6365da851c716244f767a1cc3e5d61fd817dd2bf5dab03c0f3149852fdbe9b02,smws,918d9cb9780d6f52a125a5377c11d8c69add07d3893c1aa211b5e361bc7c25f1,fill_null
68e01dd9-147e-55df-b08b-4185fbeb26b4,region,region,Highland / Western,Highland / Western,APPLY,REPLACE,0.95,CIT_25259931ea8f64545f865ec717ef9c429cb3c733e85d87dcce4096f9a1cbbd1e,smws,2be5710e62ce758b0a5e01ddd5487dda0470097fe8ff84cb0dce0fbab63d6d7e,skipped_existing_stronger
68e10f1f-3b18-5dd8-880c-7c687a7473b6,cask_type,cask_type,,hogshead;refill,APPEND,APPEND,0.95,CIT_48a1b0f6738997eeb94a7144864e9a00afd07dd1a41791601e672fdabdafcefa,smws,2570a5cfe9f257eece557de8175c70851a9f95038bd1cd85b7786b139a14cc40,fill_null
68e10f1f-3b18-5dd8-880c-7c687a7473b6,region,region,,Highland,APPLY,REPLACE,0.95,CIT_48a1b0f6738997eeb94a7144864e9a00afd07dd1a41791601e672fdabdafcefa,smws,bc954b60981d07fbfd928f8668c66a916f95bd0c4a521c77e45d027a85bc8f72,fill_null
6930804a-cb30-545b-b9bf-a071bde3cf2d,cask_type,cask_type,,hogshead;refill,APPEND,APPEND,0.95,CIT_2568ede729c64c1a460c45ce5d32ae2ae289d6f73bafe0cc76600d7b4827f392,smws,a6119545adaea7e3498528324cdee9f3646f4afe7ce88bcf85bffa8b360d0e69,fill_null
6930804a-cb30-545b-b9bf-a071bde3cf2d,region,region,Campbeltown / District,Campbeltown / District,APPLY,REPLACE,0.95,CIT_2568ede729c64c1a460c45ce5d32ae2ae289d6f73bafe0cc76600d7b4827f392,smws,20bb6841352f5778e000a795bba518a0df20ab93a20f484f99b0e31ebaaf1632,skipped_existing_stronger
69447d22-fdd9-5c9e-a755-d1dcf8fd1879,region,region,Highlands/ Northern                   Region,Highlands/ Northern                   Region,APPLY,REPLACE,0.95,CIT_08b1c06de94bd2936b2205cb13ed3d10d6a127435c7a720611d655f4f2a6f327,smws,8c2267a46528a130ece5a92343fb8739da9e0aff26f409a173585f4856234b70,skipped_existing_stronger
6a608283-1078-579e-9c99-b0f0418ac01d,cask_type,cask_type,,butt;sherry butt,APPEND,APPEND,0.95,CIT_799f47a2e9688c3998d60a798b36afc90bf6dd35721a2fe208fec9c3cfdc9cfd,smws,3a3332d99bacfa9c336796ab8babb657a75def225cfae2ba1cf373059439a715,fill_null
6a608283-1078-579e-9c99-b0f0418ac01d,region,region,,Speyside,APPLY,REPLACE,0.95,CIT_799f47a2e9688c3998d60a798b36afc90bf6dd35721a2fe208fec9c3cfdc9cfd,smws,5faa103af3ed94d9785b5fec236fb96c0eb03350a0d707357db758449d69b554,fill_null
6bfcd3a9-d5a1-58bd-b708-1f03078d66c1,region,region,,Islay,APPLY,REPLACE,0.95,CIT_d6f7f6f4733452b5835d23dbd566c0d4f7b17ffaa01f80333c2c9232f1a92d24,smws,0beb92a00094733e8d16ab7bd47126b3ae74a5dcbe611f90d7041cc608358031,fill_null
6c1c7820-11cc-5e6e-9370-34fe66ab652f,cask_type,cask_type,,hogshead;refill,APPEND,APPEND,0.95,CIT_73a8a878dbb63e72662095aba084e54acd21cbb2a2d310e2615a56ce46eda537,smws,b943dbd11adfe51b082b518cbada241beae59490bcea2677b8f9eb21e101a2b9,fill_null
6c1c7820-11cc-5e6e-9370-34fe66ab652f,region,region,,Speyside,APPLY,REPLACE,0.95,CIT_73a8a878dbb63e72662095aba084e54acd21cbb2a2d310e2615a56ce46eda537,smws,20a3b08f54657fb4574145d19a955ca8a4d74c46dc152acd51bfcd5062c55c85,fill_null
6c3b67e2-8cc8-56af-8fd8-b4dc59094e5d,cask_type,cask_type,,first-fill,APPEND,APPEND,0.95,CIT_6ec787020277a566e45719003388b154095327dd69a57f66be41f4ea88a7352e,smws,11587b73b8135b1fee2327d146a42abd1b252e0049d3f70aeed05552ee75f775,fill_null
6c3b67e2-8cc8-56af-8fd8-b4dc59094e5d,region,region,,Speyside,APPLY,REPLACE,0.95,CIT_6ec787020277a566e45719003388b154095327dd69a57f66be41f4ea88a7352e,smws,5e2114b568380e5334e848a02c7561e6a0918a432e9cc909e80c6f46c4909c2b,fill_null
6cb6a8ef-a2c6-530d-b1fe-473f6d2028b9,cask_type,cask_type,,hogshead;refill,APPEND,APPEND,0.95,CIT_7f243821eb5ff63580b91fc06e0b6df5125a21e3c6fa67781b89424e0b238b97,smws,6b012570a35c47613e76bc6fd186c0d66f7bfc67e4c52aba50fd0ab56f2998ed,fill_null
6cb6a8ef-a2c6-530d-b1fe-473f6d2028b9,region,region,,Highland,APPLY,REPLACE,0.95,CIT_7f243821eb5ff63580b91fc06e0b6df5125a21e3c6fa67781b89424e0b238b97,smws,4cf0711e25226c7d38f5901ee8d758d342b8ed36973a653807554b3b36c6feee,fill_null
6cf984b4-46ee-5114-a41f-f3f929eaf99a,cask_type,cask_type,,butt;refill,APPEND,APPEND,0.95,CIT_688f5d23ce745bdaebc7373e122a17467ef81d7c8b02f34e281140f68c76a306,smws,9843a951e42825123efe20245ffca4dfa609a01847d8c3deeaaf4a0a71b26aed,fill_null
6dc813b5-7b1f-5df5-a7a9-ec907127c9af,cask_type,cask_type,,hogshead;refill,APPEND,APPEND,0.95,CIT_269f21c03c1c55295963ddac34e088e00b8a0967d74517d40889b8663b18bc59,smws,c5a7b915284873c9e0351aa7cf9aa714339b32aca42bdc0363ab8b24b23366e1,fill_null
6dc813b5-7b1f-5df5-a7a9-ec907127c9af,region,region,,Islay,APPLY,REPLACE,0.95,CIT_269f21c03c1c55295963ddac34e088e00b8a0967d74517d40889b8663b18bc59,smws,7d86eb39ece81709bf949592008e3962a5d6bff277a1ce0dc6fa0d83e10bdb74,fill_null
6deb1e12-ebe1-517a-beef-f215484a59db,cask_type,cask_type,,port pipe;refill,APPEND,APPEND,0.95,CIT_b534432ba634bdbafe376d642e5107503efc62f1b4e8d69ff7793fd7bbb37d25,smws,d2b90c171027774f5e2caa63ba23862aaf24010604a0b7f9b19d27f80381e8ad,fill_null
6e03dc86-a730-58b4-9c57-95febe213473,cask_type,cask_type,,butt;olorosa;sherry butt,APPEND,APPEND,0.95,CIT_6a2234424bf9c0086639518de0d136fb7e9e58d6df98719f100b0b3bb560d808,smws,c61dff8e72cd039650506469beafc276e9f68e4adf94a715fdc9acaa9fbec34a,fill_null
6e03dc86-a730-58b4-9c57-95febe213473,region,region,,Highland,APPLY,REPLACE,0.95,CIT_6a2234424bf9c0086639518de0d136fb7e9e58d6df98719f100b0b3bb560d808,smws,4f73414c9483f081e69b647749f50821972b9cb90999f99149afcda4746efb03,fill_null
6e718c30-489c-5113-b724-d7c3e4a45079,cask_type,cask_type,,hogshead;refill,APPEND,APPEND,0.95,CIT_255cc6a687827a8acd9ccfcd3964b2ac286a146ef8c6f40c7256649be5a6a0d6,smws,bd83211ec7e7b7d32bd8ce2795e3bc27c78501d245aa8421d2e2ed56549a0bba,fill_null
6e718c30-489c-5113-b724-d7c3e4a45079,region,region,,Speyside,APPLY,REPLACE,0.95,CIT_255cc6a687827a8acd9ccfcd3964b2ac286a146ef8c6f40c7256649be5a6a0d6,smws,4c6b43c63b80c8a2093827b0a301928ad0616083b594f3cd712d00e0c6448623,fill_null
6ee22dc8-9949-5558-8d9d-cd28bc309169,cask_type,cask_type,,hogshead;refill,APPEND,APPEND,0.95,CIT_1357135949a1c314488801c68174df1f3d49ac08450370c03fc2e885e6d0d9dc,smws,5a5692e797c67e2dedf4e8f5d9a4f8339d383570dc456013db2830c86f209eb5,fill_null
6efe3504-3026-5aa6-ad5a-aa317e561375,cask_type,cask_type,,hogshead;refill,APPEND,APPEND,0.95,CIT_348d6194e5287c227757e22d832a0e01f659f877226fa340b29fac059801b9f8,smws,990636de562e2e20861d29e5d570c86407be44fa8711ce7e606d3a462ed5829e,fill_null
6efe3504-3026-5aa6-ad5a-aa317e561375,region,region,,Speyside,APPLY,REPLACE,0.95,CIT_348d6194e5287c227757e22d832a0e01f659f877226fa340b29fac059801b9f8,smws,7cb15912506e6b7f2186f4a4353ef6b4ba94db790518390c71356bc0e3448ac9,fill_null
6f5d57e1-9efa-5810-8ea2-e4eb7188c876,cask_type,cask_type,,hogshead;refill,APPEND,APPEND,0.95,CIT_8fa4e4795c22c97a61b2a4127a318d792e92050c4645a5867c514cbb057fe11c,smws,2426890952835a93da5d15683f72bbf14d577a9abef896ed19a361ec50befe74,fill_null
6f5d57e1-9efa-5810-8ea2-e4eb7188c876,region,region,,Speyside,APPLY,REPLACE,0.95,CIT_8fa4e4795c22c97a61b2a4127a318d792e92050c4645a5867c514cbb057fe11c,smws,28c3ac452e069c462815773dfe35dd494b2788fca91cb3a465939823c1a062a2,fill_null
6f658247-ce6c-5917-9718-99c92d81dab6,region,region,"Highlands
           District","Highlands
           District",APPLY,REPLACE,0.95,CIT_36baa6d8e3cd8ddc85683927543dccbce856b3d9774ba8ad94efef4ea3a81f7e,smws,c7193985f7488a8b6995bf8f7669ed30aff99ac2f8f8f678bdc910c0536c5d2b,skipped_existing_stronger
6f6f9495-5f31-5e8e-9d83-49d809ce9155,cask_type,cask_type,,first-fill barrel,APPEND,APPEND,0.95,CIT_c19f96f9ac2ffce14d79ee56c4581e5b43d6fd9f0171d10464b12cce215955ef,smws,fa02603f8aca5634f52b8ff6cbc07ef6edd69933f6efade18cc3f4741709ee6c,fill_null
6f6f9495-5f31-5e8e-9d83-49d809ce9155,region,region,,Islay,APPLY,REPLACE,0.95,CIT_c19f96f9ac2ffce14d79ee56c4581e5b43d6fd9f0171d10464b12cce215955ef,smws,f32305a7c73c76bd090e45be94435dcc5bfcb9d2ad324ee6fb8e7f60814849bc,fill_null
6fc337aa-39e2-54cc-a083-2b8464220478,cask_type,cask_type,,refill,APPEND,APPEND,0.95,CIT_2b257b8954c50e0dea8ba0393255513aa940f4df97d4408fae08b7ab2dec8932,smws,23f5653a5d3a1327f214a5edca148eb004c4943a3fbd9c1951618b5adef83da5,fill_null
6fc337aa-39e2-54cc-a083-2b8464220478,region,region,,Lowland,APPLY,REPLACE,0.95,CIT_2b257b8954c50e0dea8ba0393255513aa940f4df97d4408fae08b7ab2dec8932,smws,b84ecbb18a79308ff9d56af30e93c01dd2065cc4a2fb6e1fe2fe4f23e479452c,fill_null
6fcc98cd-2e99-592a-8843-916dc6e0ee1a,cask_type,cask_type,,butt;first-fill;sherry butt,APPEND,APPEND,0.95,CIT_284dce843266b3e42b14be4082d274970005f291e05aa1daccba25440d2fa703,smws,8fc5f9e641eb39720c434cf95929413fc9efc931c17d002362b636f8f477a4ee,fill_null
6fcc98cd-2e99-592a-8843-916dc6e0ee1a,region,region,,Speyside,APPLY,REPLACE,0.95,CIT_284dce843266b3e42b14be4082d274970005f291e05aa1daccba25440d2fa703,smws,f0f74590c6dfda6fb52d54f06504759b1fcd815cdea8051811a76f6c5b657551,fill_null
6fd88222-84a9-5958-bf60-a435f494fcbe,cask_type,cask_type,,hogshead;refill,APPEND,APPEND,0.95,CIT_35a562116c0e5393038a3ff7725280687ff608d011eda093c62bc60526b911a2,smws,5e8cc774debc7e42188fd4295f8f041dfafc200e19c42451743a60fd3c991328,fill_null
6fd88222-84a9-5958-bf60-a435f494fcbe,region,region,,Speyside,APPLY,REPLACE,0.95,CIT_35a562116c0e5393038a3ff7725280687ff608d011eda093c62bc60526b911a2,smws,ecd5cc5eef74305700491e19fb742bd8ebef629189b23cec0274d23b40ccc1d6,fill_null
71813f07-be84-5637-94d4-704c5c80b477,cask_type,cask_type,,hogshead;refill,APPEND,APPEND,0.95,CIT_9bb065b94943a68035bcc39fa479e59a41a53a3dbaedad82e1231698f2d74999,smws,b4513ca115afd0088a4bce816416b45e6201b9c6b32e9a94affabe561317723f,fill_null
71813f07-be84-5637-94d4-704c5c80b477,region,region,,Speyside,APPLY,REPLACE,0.95,CIT_9bb065b94943a68035bcc39fa479e59a41a53a3dbaedad82e1231698f2d74999,smws,83c9f35be8d9199f8b6a220f4d24e4e8a595a196e80248769f7b75c669ea01b8,fill_null
71a423f5-47e4-5e4c-b0c2-8486bfae713e,cask_type,cask_type,,hogshead;refill,APPEND,APPEND,0.95,CIT_45d857d3cb63737edfe2fc5c85bce1505b9d4215b4450a67cdaf614138aa1767,smws,6afdf81f5e98abecc7a304fd7b0151231c8c45b14a2fab58227faf1769e3ed08,fill_null
71c09f39-7f4f-52b5-9ca3-fa9ce9f320e5,cask_type,cask_type,,hogshead;refill,APPEND,APPEND,0.95,CIT_98e963dbdd5e937cf4daf1d934fd2a8c58743bc7c5fe8389d093ca3eb5b6dab5,smws,ea19ee706b9f19c79c27793f2d471698860bce04328c790e4ad8bc8ee2f0fd22,fill_null
71c09f39-7f4f-52b5-9ca3-fa9ce9f320e5,region,region,,Islay,APPLY,REPLACE,0.95,CIT_98e963dbdd5e937cf4daf1d934fd2a8c58743bc7c5fe8389d093ca3eb5b6dab5,smws,351bf9ba1a48840475bb97840f11401c120573a00764c361bc7bf0f811afa222,fill_null
7285577b-af5c-5d2c-ac1e-62c8796c96ca,cask_type,cask_type,,hogshead;refill,APPEND,APPEND,0.95,CIT_e4f960b2f3510dc06b9c5a841a9dc31cd5574ec64477e9568571df9d618c229d,smws,7d57c7db963e7fba0f22f1c37e5b27b17c02f69cdac497150a168a6dc6c8d833,fill_null
72edfaa3-ffdc-5814-ab91-5470d61a38aa,cask_type,cask_type,,hogshead;refill,APPEND,APPEND,0.95,CIT_de792f82c7af648f8e63e7f95666117d3d13aa0724a200983ffed4cbbb7ef7c8,smws,eb272789c10e2524bb416a64a14d29c34383e894400d9d03a824d79b7a331b33,fill_null
72edfaa3-ffdc-5814-ab91-5470d61a38aa,region,region,,Lowland,APPLY,REPLACE,0.95,CIT_de792f82c7af648f8e63e7f95666117d3d13aa0724a200983ffed4cbbb7ef7c8,smws,b493b5eaae2cafe04eec037cde4c5e80d164d39b35029a1167626e84b5155233,fill_null
7389e104-5f42-5cf7-8500-9cc05b98c048,region,region,"Lowlands
               District","Lowlands
               District",APPLY,REPLACE,0.95,CIT_b0052d996df2131afdc1d9a7a91cccf38380be67327eb544c19c4049ff652642,smws,7bd53080d31b55fb077c516e8b649cd371c9d0c93f1ca03c41640c75c9a364b0,skipped_existing_stronger
73f62294-1292-58c7-82e8-54cf5233c157,cask_type,cask_type,,first-fill barrel,APPEND,APPEND,0.95,CIT_9013b4bd47a122ecb5fd24fb6f3e4d59cc08fa2f81165a86c3bb48892db944da,smws,e7ef543c74a7835a4ecd48e5384d88b27643aa81b097d237f01913c9f419d9e7,fill_null
73f62294-1292-58c7-82e8-54cf5233c157,region,region,,Islay,APPLY,REPLACE,0.95,CIT_9013b4bd47a122ecb5fd24fb6f3e4d59cc08fa2f81165a86c3bb48892db944da,smws,5a74bdb8a9be95df7a55b7677685a12ee4db29a39b2fa14bbf16b0f28c75f88b,fill_null
741ae3e7-d2db-53fb-9dae-37d261992741,region,region,"Highlands
         District","Highlands
         District",APPLY,REPLACE,0.95,CIT_2c43688a116418707b1ee5dcbb90ea6baf4b2e061d99362fa769cd5b9d7e0adb,smws,2248ed7a799c00b777d22e109e1af4243306e0758c985b2059278a8dd429c672,skipped_existing_stronger
7433c595-2faf-59e1-b1c7-68efc3409d34,cask_type,cask_type,,hogshead;refill,APPEND,APPEND,0.95,CIT_1efb980dad211a94f312f3c7d1b5ff05a77e1e2dc5df356b629dbb19d1d154b1,smws,ebf79aa04e52df479dc360514cd77f30fa5a4d5900c802768470292aa74c9593,fill_null
7433c595-2faf-59e1-b1c7-68efc3409d34,region,region,,Speyside,APPLY,REPLACE,0.95,CIT_1efb980dad211a94f312f3c7d1b5ff05a77e1e2dc5df356b629dbb19d1d154b1,smws,47992403f8da2c051fc0c2353f603a6e08af75c4e962d1d8763d350b7f052216,fill_null
752ca0b5-c422-52fd-951e-a9673675b22d,region,region,Highlands / Speyside,Highlands / Speyside,APPLY,REPLACE,0.95,CIT_41ab84545a27fef7781a405c716269f0cab159257f0dc17c26c89cf14ffaf96e,smws,391ad07a3d7297de5c42b3f66eaea8d126c3282d232540c8f6dd3b45b4537a7e,skipped_existing_stronger
75457a81-d010-5484-8d64-e54977f7f1d7,region,region,Highlands / District,Highlands / District,APPLY,REPLACE,0.95,CIT_c6f6116cf2e189742724657f9dadb2f5114e2eacb867367dfb118b25047f0e05,smws,b004b53eae2d71043181526df21938065ebcee530524129a7a150ac44d601007,skipped_existing_stronger
757eae60-5e83-5475-ba55-c2907b8b93e9,cask_type,cask_type,,hogshead;refill,APPEND,APPEND,0.95,CIT_bccc4edbc6d9f1816e9e72add7c4b51cdb7b787d4d58d46d3193895fe19a7869,smws,af6558557a12b2eeb684780ec32f0d23f40a7cb0a81fd8388c86c12d834b6ae6,fill_null
757eae60-5e83-5475-ba55-c2907b8b93e9,region,region,,Highland,APPLY,REPLACE,0.95,CIT_bccc4edbc6d9f1816e9e72add7c4b51cdb7b787d4d58d46d3193895fe19a7869,smws,27e05f6eee2d60c21484e73181f7a99321436c9350b98a3643d51258c758b7be,fill_null
75c93994-2597-5823-bd00-c5bf988fa2e7,cask_type,cask_type,,refill,APPEND,APPEND,0.95,CIT_c2028819a6a4ca86bb2a10489caea291b489a54ecdb8d7e0e91743d11ff50402,smws,4c3f6e3b4726387264ee614b2a9b1e2be5c13bbce3e432f10b6ce83745615789,fill_null
7602cca3-5fce-5890-b0c8-87dc7621a683,cask_type,cask_type,,hogshead;refill,APPEND,APPEND,0.95,CIT_4b7005a7ee45d5494447858b99928081eafcb3a02ae313a614510b265066e924,smws,4d395d9bfa748e9bf46e69ff810da8280b50571b82e173b0f1e70ba0065e0869,fill_null
7602cca3-5fce-5890-b0c8-87dc7621a683,region,region,,Speyside,APPLY,REPLACE,0.95,CIT_4b7005a7ee45d5494447858b99928081eafcb3a02ae313a614510b265066e924,smws,1011f6c1d1a306eb9fe8bbc40db45f1ee291734e1dba42026a1463ef01a55fa7,fill_null
76f7ef6f-0e2b-5c38-8345-f52674017939,cask_type,cask_type,,refill,APPEND,APPEND,0.95,CIT_794f4f2996769930e86046ca71041b48b4e159d82b4ecd3ae254bc37688c6a79,smws,cc505b9d8beed9bc3774a3e6631030bb1cc99224d0c084bfeea9d3dfd3e450c7,fill_null
76f7ef6f-0e2b-5c38-8345-f52674017939,region,region,,Speyside,APPLY,REPLACE,0.95,CIT_794f4f2996769930e86046ca71041b48b4e159d82b4ecd3ae254bc37688c6a79,smws,8565047f2360eed679a58205a574febd4ef8d26b543edf8925ef1731bbebb6d3,fill_null
7734a93e-da20-5711-a082-4511a26dd3b4,cask_type,cask_type,,refill,APPEND,APPEND,0.95,CIT_30bec10da3a4807d19e25a45e51b95624a8b8056f1dd12dc764a470c629f219f,smws,7d7e7d2f809e69efadc67231add8fff61fafb405db8f3d547a07f317807fc920,fill_null
7734a93e-da20-5711-a082-4511a26dd3b4,region,region,,Campbeltown,APPLY,REPLACE,0.95,CIT_30bec10da3a4807d19e25a45e51b95624a8b8056f1dd12dc764a470c629f219f,smws,7ad3904f3aebe96ff8d5532e7b6bb058f5f17ee6bbb8fc62cfb7723a7079368b,fill_null
77414f74-ce5e-53fe-9820-96ee47e7d3ad,cask_type,cask_type,,refill,APPEND,APPEND,0.95,CIT_3310d0e632cbcce28408c1b7ff4fd4e63378b1466bd4924be717fc9e1988782c,smws,e735800d15af4b8594da0c7813d43995891bdaae60eb380c33efff93c3b161cc,fill_null
77414f74-ce5e-53fe-9820-96ee47e7d3ad,region,region,,Islay,APPLY,REPLACE,0.95,CIT_3310d0e632cbcce28408c1b7ff4fd4e63378b1466bd4924be717fc9e1988782c,smws,9b326e758d8b542a0e786734d09ff58b337f4c5e035b372d2065927d42e1add1,fill_null
775b7961-e960-5b8c-b37d-ee5a88a00a6c,cask_type,cask_type,,refill,APPEND,APPEND,0.95,CIT_44f023c7a3486fc2179338ec109a7b7f08efa527283866b08641c3ae488e9737,smws,172dd1cd06ea8e398cfec65741c67f9fbc3baced43dd8af805002db16c2c4564,fill_null
775b7961-e960-5b8c-b37d-ee5a88a00a6c,region,region,,Highland,APPLY,REPLACE,0.95,CIT_44f023c7a3486fc2179338ec109a7b7f08efa527283866b08641c3ae488e9737,smws,33f904ae2b43b6fdd238c2a6396ee0aef028d30bdb34ba2351529b4ad9e8dbe7,fill_null
777cbd6e-d905-579d-8cd1-64058dccc1f2,region,region,Islay / District,Islay / District,APPLY,REPLACE,0.95,CIT_7af46cac88fc9bdbb7a0aac8a714088827cf69962fa727a5812f5018cfa2c9f5,smws,ca584558be9ab743f5fe7d8b941ab49134cd8d7cabbfadccf0a2895f8506d712,skipped_existing_stronger
77954d9a-d5cc-57c0-aa4b-e7a982e80b3f,cask_type,cask_type,,hogshead;refill,APPEND,APPEND,0.95,CIT_629b7aa617298f5410d229f5a3f1f2b1f77138a29d5b6f1d56abc079d07a9ee0,smws,a5b3d0190aabaad7519abbe2792c4115863332012d07811412e32c08f980f826,fill_null
77954d9a-d5cc-57c0-aa4b-e7a982e80b3f,region,region,,Highland,APPLY,REPLACE,0.95,CIT_629b7aa617298f5410d229f5a3f1f2b1f77138a29d5b6f1d56abc079d07a9ee0,smws,74e52d26901efc872da602dfeb1131a5ef391a4109ff2440cbb085652ec20b39,fill_null
77c09b79-6362-5af1-91de-efd402793afe,cask_type,cask_type,,hogshead;refill,APPEND,APPEND,0.95,CIT_9a1d0d4394fc02428672d0c515ad8b5178798b28a62d920738d33e7d226bc8de,smws,0e7a2eaf06aff14c67adc11844b6f5215472589285f1ea4f90bfcfd88c86ba98,fill_null
77c09b79-6362-5af1-91de-efd402793afe,region,region,,Speyside,APPLY,REPLACE,0.95,CIT_9a1d0d4394fc02428672d0c515ad8b5178798b28a62d920738d33e7d226bc8de,smws,b7d4fc0262021b3095f601ef6e73b947905af3d8d96ad8b05e925937a6e5ccbe,fill_null
77ea2155-81e6-59cf-ac1f-416982c76bb1,cask_type,cask_type,,hogshead;refill,APPEND,APPEND,0.95,CIT_eba739660102bd6e8cdbebdb6250da43afc7b7dcd843d1d9c34e1a0714a48e28,smws,4735c695746b2961724d60203491845918440406966239f63c8cfd57e3d45757,fill_null
77ea2155-81e6-59cf-ac1f-416982c76bb1,region,region,,Speyside,APPLY,REPLACE,0.95,CIT_eba739660102bd6e8cdbebdb6250da43afc7b7dcd843d1d9c34e1a0714a48e28,smws,163850176b71bff09158a6c2496eb60adc83f74a59844ba41962f4bcabdd6947,fill_null
77eb1e93-718c-5ae5-a01b-70ae954fdf26,cask_type,cask_type,,first-fill barrel,APPEND,APPEND,0.95,CIT_e64d509d2a9360b40b62ea1f0add958f833bf931ba6a959f642c5c932a815f62,smws,881eb4286475d2415e4f69d083f565aea144c3a9406d5d45d619ecddcb8bde9a,fill_null
77eb1e93-718c-5ae5-a01b-70ae954fdf26,region,region,,Speyside,APPLY,REPLACE,0.95,CIT_e64d509d2a9360b40b62ea1f0add958f833bf931ba6a959f642c5c932a815f62,smws,71984c4230ea0e57749d63ea3884494d81c05557e88561971625fe2e27d2a826,fill_null
7910972e-e232-5dba-915d-ef3f08fa2fb0,cask_type,cask_type,,butt;sherry butt,APPEND,APPEND,0.95,CIT_2be5e80714fc1f85f23b15521fa2f185c88c96a73cf9c7bdf9a2f9302eb79ad5,smws,b705ff5c29db835b64df2200c1ae1592ea198c9876842285f8732cf5371514b2,fill_null
7910972e-e232-5dba-915d-ef3f08fa2fb0,region,region,,Speyside,APPLY,REPLACE,0.95,CIT_2be5e80714fc1f85f23b15521fa2f185c88c96a73cf9c7bdf9a2f9302eb79ad5,smws,56c6b5e6e341013a9e1e82f8a3261f1cfdb0873de1016439487530c9c7080e39,fill_null
7a129a19-ffd9-596b-824c-d3a4d3ed0ab7,cask_type,cask_type,,first-fill barrel,APPEND,APPEND,0.95,CIT_bcb9a9e8c6ae7a85df1393a303f6ed16672f5e8bcd9c5b5bdc4bd6dd310d5ea0,smws,e10337d8f12c8c62c0b1cce1cb5c594b76928f0b86a1cf6a5c1db1ef1425cbd9,fill_null
7a129a19-ffd9-596b-824c-d3a4d3ed0ab7,region,region,,Highland,APPLY,REPLACE,0.95,CIT_bcb9a9e8c6ae7a85df1393a303f6ed16672f5e8bcd9c5b5bdc4bd6dd310d5ea0,smws,26dc97bc2e594308e6d602c2f00b9cda3cc65b80a85e0e40fbb173dbe50bd60a,fill_null
7ab379b2-80af-5a88-82e8-11ee90d344a2,cask_type,cask_type,,refill,APPEND,APPEND,0.95,CIT_82a9bcfcdc7f8a4db1d5202184800b9a7a4aab22576cc95fe514eb4d477c2ae0,smws,7e12a34dd835b74f7d508a37f874973ca48954853d0d4bcce376d5c96bd0484f,fill_null
7ab379b2-80af-5a88-82e8-11ee90d344a2,region,region,,Campbeltown,APPLY,REPLACE,0.95,CIT_82a9bcfcdc7f8a4db1d5202184800b9a7a4aab22576cc95fe514eb4d477c2ae0,smws,e019b9bc0cd0280639129c8833339e31346c1416eb92295039ab6732ff7d4ab5,fill_null
7b834e94-e90f-51b3-a140-0ac49ac6b29e,cask_type,cask_type,,hogshead;refill,APPEND,APPEND,0.95,CIT_67342de59c19158bd352c0061e4057832e386c51a442a355ec80ce09bbd35233,smws,f90010c136807eaa514cf003f76eb21fd5999b999c663d203da9eff3458106ca,fill_null
7bf5a7d9-12b0-51b3-86a3-341e9899ca3d,cask_type,cask_type,,hogshead;refill,APPEND,APPEND,0.95,CIT_12498efb874e1bebbc249e4b379591124fdcf6fab6d8d604e08f9e87fbb151e7,smws,9df320ab3ff609c9270f680cee3bcda344c09064c31bd414b717a65c88e43eff,fill_null
7bf5a7d9-12b0-51b3-86a3-341e9899ca3d,region,region,,Speyside,APPLY,REPLACE,0.95,CIT_12498efb874e1bebbc249e4b379591124fdcf6fab6d8d604e08f9e87fbb151e7,smws,d6c27720212164a15e24d1b83526c1fc3d4ca3d937593fabb5e39906d6396b28,fill_null
7c33a44c-e616-56d7-b62c-b00c06c9421a,cask_type,cask_type,,first-fill barrel,APPEND,APPEND,0.95,CIT_402d0a849f835f555ef204e7e665318f130cc6a794421ad22fabcff52814b377,smws,746b7a96e23199e02488f44c12ac5a37ca93d9a6f13bc87027022139bfe342d7,fill_null
7c33a44c-e616-56d7-b62c-b00c06c9421a,region,region,,Speyside,APPLY,REPLACE,0.95,CIT_402d0a849f835f555ef204e7e665318f130cc6a794421ad22fabcff52814b377,smws,b80eb661732ac61da1ac378f5e07ec0b90a0e360d9dfbbbe8c37d7ab81b4f73f,fill_null
7c36c5d6-0365-5fc3-b2f8-ecafd7ada20b,cask_type,cask_type,,refill,APPEND,APPEND,0.95,CIT_fc39ca03c15c92010c738bffcb6f240668e0ac25a116e92f72fc89a929a94e99,smws,0cd9efb9b7e75c9d2002e85bfcb23721b5855e7c1c272d2124db68c04a76f66f,fill_null
7d176195-2e36-57c4-bf37-368dc856fd75,cask_type,cask_type,,first-fill barrel,APPEND,APPEND,0.95,CIT_600d88fdd71e192f75174a68e8f6918ceedf87059b8d86b0d8506faf31c43739,smws,14f1b2eaa4ca157391e9088b2af4e0bcabb68a4185791651f3615f6973e2b474,fill_null
7d176195-2e36-57c4-bf37-368dc856fd75,region,region,,Speyside,APPLY,REPLACE,0.95,CIT_600d88fdd71e192f75174a68e8f6918ceedf87059b8d86b0d8506faf31c43739,smws,6e5033d276fdf9c6aff1786291ce22f969ac86f53af1529f1be1b0a78cf8f1b9,fill_null
7d5208d8-e8f2-5f60-9796-8be168cd91df,cask_type,cask_type,,refill,APPEND,APPEND,0.95,CIT_a45bc06353fbed9f9be8b9314c54bb29de1f2ef758e12b71236352bc3673757c,smws,f364bde28b3ed7d8e4106b226f407840723d662b49ad9b39b18695e11098b0df,fill_null
7d5208d8-e8f2-5f60-9796-8be168cd91df,region,region,,Highland,APPLY,REPLACE,0.95,CIT_a45bc06353fbed9f9be8b9314c54bb29de1f2ef758e12b71236352bc3673757c,smws,ee11ecf507077f25b5083559f223d0a6ad54d939d37138e00eaafe0291965cfe,fill_null
7d63ad9e-bce9-5249-8352-29a3cce2ac7e,cask_type,cask_type,,butt;refill,APPEND,APPEND,0.95,CIT_0aa7f9d6178f9c8df8cedef24008e24cf38b0d6a6ec317a1a72d537f23edc2b3,smws,0e1a4624f6f9216e876ec05a2d896aafd8b02af65ee54f59830d16a7d71a3386,fill_null
7d63ad9e-bce9-5249-8352-29a3cce2ac7e,region,region,,Islay,APPLY,REPLACE,0.95,CIT_0aa7f9d6178f9c8df8cedef24008e24cf38b0d6a6ec317a1a72d537f23edc2b3,smws,0ae3ca3aaed5f814c5b02d59cd5d6046cfa51cdfbeaa6795399e95133ed6fe03,fill_null
7d7f1ed3-aee7-5503-ad47-60b8a8ae3f7c,cask_type,cask_type,,hogshead;refill,APPEND,APPEND,0.95,CIT_c9ffd7e2b806995e892bb18ec03ab25231f87c0b213495aedad04f789772fc85,smws,69fbba1cb0aa06b3bb719ade35e1a047e17d2889feb3a67e483543aa779f96e1,fill_null
7df43210-70eb-5556-8f54-096fa1ae296f,cask_type,cask_type,,hogshead;refill,APPEND,APPEND,0.95,CIT_1c9a7e79e1919846e2e4684a93bc6e138e6e310ffff6033ee7ef32cb06ffe5dd,smws,bc8c10a5892ffdcb2eecc2f60a920b28ddd8b3a72798379a5ecddc85913724e6,fill_null
7df43210-70eb-5556-8f54-096fa1ae296f,region,region,Islay District,Islay District,APPLY,REPLACE,0.95,CIT_1c9a7e79e1919846e2e4684a93bc6e138e6e310ffff6033ee7ef32cb06ffe5dd,smws,1f4cd4e31fa3c77aaffac526be543893219b5e2877436fd72f216cccdf5fd8b4,skipped_existing_stronger
7e2dd5b9-7997-55e0-ba95-2561e478d29d,cask_type,cask_type,,butt;refill,APPEND,APPEND,0.95,CIT_cb0e1270ebcb51e001077baed0055632703b16526cd5ca3d4f0fb95577cef850,smws,5b93c1a0d116c816762894020c1663bc87c867fe9d098724e9792e68a101202f,fill_null
7ecbfeb2-478b-5b11-b6d7-23e768d070a7,cask_type,cask_type,,butt;refill,APPEND,APPEND,0.95,CIT_93f522f4cee28d788c4b5c380a8663ffd87fe8e2fe04cb42de2a1e943c5328e7,smws,8d25067d395c8027faf82f50edfed75acbb8a9c4bdc89b160adff5cfaab546fc,fill_null
7ecbfeb2-478b-5b11-b6d7-23e768d070a7,region,region,,Islay,APPLY,REPLACE,0.95,CIT_93f522f4cee28d788c4b5c380a8663ffd87fe8e2fe04cb42de2a1e943c5328e7,smws,b5eceaac91c846366fa2f7df6ec5cb6e999ae19fa1857d871577efab69be7e96,fill_null
7f0912de-77f0-5325-a171-243b27dfce41,cask_type,cask_type,,butt;sherry butt,APPEND,APPEND,0.95,CIT_928ee4db6ea061d5580741085cbb22e58a39556bbc52a5f4fa17d49319b87045,smws,6d32685e0c4c811dd12a848a2ac5fdcc25da26d162f4ea09070365a1d19011e4,fill_null
7f0912de-77f0-5325-a171-243b27dfce41,region,region,,Speyside,APPLY,REPLACE,0.95,CIT_928ee4db6ea061d5580741085cbb22e58a39556bbc52a5f4fa17d49319b87045,smws,2c02b11d1b36df4307f94c3a644bc035129055b697d7dd1606da91772cff6d35,fill_null
7f7c7191-50b2-52e6-a84f-226071d1c41b,cask_type,cask_type,,hogshead;refill,APPEND,APPEND,0.95,CIT_12d19180648860e645495009658e0233cfefa8f9a60f3518c7708878e87e9c03,smws,40f5c7d0cd2755cb4c5b67b90ba9fdcd51c98ceb912124efa77d5061a9cbab14,fill_null
7f7c7191-50b2-52e6-a84f-226071d1c41b,region,region,,Speyside,APPLY,REPLACE,0.95,CIT_12d19180648860e645495009658e0233cfefa8f9a60f3518c7708878e87e9c03,smws,c536a9cd42bb7e8bdc5a45776fc6e622eb249d559d871fd3ecda0c6e92b8feb3,fill_null
7fa0edcd-1e28-5989-9177-f2a5db78309c,cask_type,cask_type,,hogshead;refill,APPEND,APPEND,0.95,CIT_70b4091f43c484c11f424f589cd9d3e7c3ed3a5a1a43d15b6fc045d81ebd7f87,smws,4492009829dc3530aff19002314985893974d46433eb0f05fe1b7ed9ed956335,fill_null
7fa0edcd-1e28-5989-9177-f2a5db78309c,region,region,,Speyside,APPLY,REPLACE,0.95,CIT_70b4091f43c484c11f424f589cd9d3e7c3ed3a5a1a43d15b6fc045d81ebd7f87,smws,2aaf1899c34ec5f6470333a7bc2a1b829818624c8a01e00ef08f9cc8fd26a1c5,fill_null
806765a7-c962-5e8b-a05a-442a8ac49e72,cask_type,cask_type,,first-fill barrel,APPEND,APPEND,0.95,CIT_29d9f33a355e2b798152e476be9f831789992b3fa6481bee6b107131f8da19ad,smws,dc9b7b4389988feea0d34685326e2386589164bec8fcf5cc2c76fbbd83dac8ed,fill_null
806765a7-c962-5e8b-a05a-442a8ac49e72,region,region,,Speyside,APPLY,REPLACE,0.95,CIT_29d9f33a355e2b798152e476be9f831789992b3fa6481bee6b107131f8da19ad,smws,186514843c6fee16ba8fc5d0d7034c85e22de7ff160050a2194d1eabacdfe9a9,fill_null
806f6274-38fd-5002-b1cf-753e1ec00814,cask_type,cask_type,,butt;sherry butt,APPEND,APPEND,0.95,CIT_5cd693ab7b29a295142d247653316886ed57469b58a13634800ab601259b4a39,smws,a5f352c655914649a1b6dbb92061f10c71b58e86fa6792a7f4486e0f3b1bb437,fill_null
80bacdff-f9e4-5dca-b90b-8c7670b35587,cask_type,cask_type,,butt;refill,APPEND,APPEND,0.95,CIT_562a4e365b3951ed871d679fd14efe18d831ad671b550a5fbe160f7b2ac5ce28,smws,efe994abcbf9db1ef13a69a70ce52e4c8ac8a589cc14dafb6353201814b11c7d,fill_null
81eda28f-9ccc-5421-a409-d523aa3a6e2a,cask_type,cask_type,,refill,APPEND,APPEND,0.95,CIT_4cbcb2307408ec183d02de59be8da670dd45d46f1f3a0771e177087ca66cdb63,smws,d37472f706211309a7afcfdeadbafecfd83cee4cbc8866fa7c066eaedd8597ce,fill_null
82168ee9-dd26-564a-a37d-71802cfb9a50,cask_type,cask_type,,hogshead;refill,APPEND,APPEND,0.95,CIT_20a35f61e70fb61ad8eaa197a4272add8274164368e7ce540803b4f7e3f8f0d6,smws,483f936a4b958252ac48d6dc080c959e41b0d31fdcf6335db52a9eff0eea9cf1,fill_null
82168ee9-dd26-564a-a37d-71802cfb9a50,region,region,,Islay,APPLY,REPLACE,0.95,CIT_20a35f61e70fb61ad8eaa197a4272add8274164368e7ce540803b4f7e3f8f0d6,smws,fe141f6ced8dcdae9d33fdf0831a9ef510f856c500d74a466b8142996d7ada88,fill_null
82179330-8ad9-50fa-9730-41192fce0d4d,cask_type,cask_type,,first-fill barrel,APPEND,APPEND,0.95,CIT_c2d1a82f352ff5a3f264fcb72c9bbf6a1f9384bfab7a913633ef4c8d350d06f8,smws,c61084921170f2cfe332657150a53c830196f680ecaebcc8c19e53f998a18b7e,fill_null
824f65ab-ef02-57bd-a02a-e26b772d8033,cask_type,cask_type,,hogshead;refill,APPEND,APPEND,0.95,CIT_e02c19bb1d33e47c2371191c5cfeb4b1e471ccc826991e305af5a5669d0fa9be,smws,f5374d5c00cbe4c47f7a705cb1b624d8b882a0f17401efe0e0751950b5b8930b,fill_null
824f65ab-ef02-57bd-a02a-e26b772d8033,region,region,,Highland,APPLY,REPLACE,0.95,CIT_e02c19bb1d33e47c2371191c5cfeb4b1e471ccc826991e305af5a5669d0fa9be,smws,79b71faf90a8f0c945ed1daee752eb0aa9c7990108e7244ab177f99f39c037cd,fill_null
82b4b3aa-0e01-50cc-baf0-9c7833bb4889,cask_type,cask_type,,puncheon;refill,APPEND,APPEND,0.95,CIT_167ce6d25dc274221fef9ae4dbb021d971ef4776f2899ea6e972024b9366898f,smws,293574c3881e479d9e3f420fff0ad0e85331e89da69c6a1e40e027534500cfd7,fill_null
833c0fdd-cca4-50a7-8f5c-b4baa0d3aca2,cask_type,cask_type,,hogshead;refill,APPEND,APPEND,0.95,CIT_effdef9197643af3b43d3c64b94a037dc6dbca54a120792556d6b3d48e5933cd,smws,256cd153dc993e80252f1dab095dbd7410824a6c54e8de048fbbb8958c2616de,fill_null
833d99e1-858a-5b8c-b999-517e04bb7707,cask_type,cask_type,,refill,APPEND,APPEND,0.95,CIT_f572e48444f372b2e434503a56c19a5f3b529a18cda67f2620782a830c121464,smws,c1a85fb1ca4d7b7e3a273bd0b24d9a89b410e96cb3ad0b251eba6a4218af1819,fill_null
83c97133-df0a-53b7-9681-48c21b7d5794,cask_type,cask_type,,butt;sherry butt,APPEND,APPEND,0.95,CIT_48c7abda870d78370902cf27c640d9d191f6f198b9b87f0c95b810ddcecd5588,smws,05a8fbc9ef07a0a281a67da55d56e0b760f8b16ea60289ee20e944ef30be8b6e,fill_null
83c97133-df0a-53b7-9681-48c21b7d5794,region,region,,Speyside,APPLY,REPLACE,0.95,CIT_48c7abda870d78370902cf27c640d9d191f6f198b9b87f0c95b810ddcecd5588,smws,46af22d028fb0326e527acc22a21aea717276ed1a596d1e7db3311d88f718850,fill_null
843738ae-7af0-5796-bed4-c230cc9a7488,cask_type,cask_type,,refill,APPEND,APPEND,0.95,CIT_fe962501ab327c6d1881514995cfb41e73ea43fcf2a5db3e36d4085448b30ec5,smws,c3035fbb6faf639f74ad381bbd0bf55000d7cdee44c2a41732ed1ca8dc1a5410,fill_null
843738ae-7af0-5796-bed4-c230cc9a7488,region,region,,Lowland,APPLY,REPLACE,0.95,CIT_fe962501ab327c6d1881514995cfb41e73ea43fcf2a5db3e36d4085448b30ec5,smws,38320769559f1c155c1fbdc05de86caee1234c456e9a609d3102d5a6913731fa,fill_null
84732bb1-b1d2-5f89-8803-5833614ecd84,cask_type,cask_type,,butt;sherry butt,APPEND,APPEND,0.95,CIT_857feaad6b390bc58171733a0deace9948c3e4e0e4ac1bb7b773af078695f4c4,smws,57c4605edf937a23025fd9c9c9fa857c08da355479fe36a29bb4c847d189b705,fill_null
84732bb1-b1d2-5f89-8803-5833614ecd84,region,region,,Islay,APPLY,REPLACE,0.95,CIT_857feaad6b390bc58171733a0deace9948c3e4e0e4ac1bb7b773af078695f4c4,smws,dbf2eeb8f31f1d6c48b4fcbf229fa7cba5288bb4b4decfd60f6559103b7cada7,fill_null
848f0045-74af-53ee-935b-e25e98760ca2,cask_type,cask_type,,butt;sherry butt,APPEND,APPEND,0.95,CIT_fba8b414d107b87fa81fb7d82083fe1807cc35571fcb03f30c2d53a975462eaa,smws,fb1c93551d1e3dbac5c8dcb134174c02db5f905906a8dfc4274bf7a6b0e9e52f,fill_null
848f0045-74af-53ee-935b-e25e98760ca2,region,region,Highlands / Speyside,Highlands / Speyside,APPLY,REPLACE,0.95,CIT_fba8b414d107b87fa81fb7d82083fe1807cc35571fcb03f30c2d53a975462eaa,smws,3a89dfca979e89cc562a394112e14c8694c51fdc9c0f3cbba7bc178bb4566e39,skipped_existing_stronger
84b74073-31ee-54c4-b58b-e9f22465b4d4,cask_type,cask_type,,hogshead;refill,APPEND,APPEND,0.95,CIT_8568e6cd4fba9ef0d6581d5d773289be2c4334681f63ad5ef92dc7e035f17a68,smws,ffe038db0ccdef3d04f529beee546d9c5cf0e3f72e6e317b7eaaf517b736c276,fill_null
84b74073-31ee-54c4-b58b-e9f22465b4d4,region,region,,Speyside,APPLY,REPLACE,0.95,CIT_8568e6cd4fba9ef0d6581d5d773289be2c4334681f63ad5ef92dc7e035f17a68,smws,de9fa5a53e6c57a2fd1418febbcae2ddba3682677bdef0a2b8f315286936ac99,fill_null
85550d8f-a0f3-5f20-b198-29f42eedcdf1,cask_type,cask_type,,butt;sherry butt,APPEND,APPEND,0.95,CIT_3fe57dc093429c3ddd2d6ecfd1e461a406a98f54fb2b912ad939a8c12b5ac7f4,smws,c65edd2cd70a3adc7e2b07aa9128b6bbf2ed2b0fcd1ce491b9f12052a4ca2f0e,fill_null
85550d8f-a0f3-5f20-b198-29f42eedcdf1,region,region,,Islay,APPLY,REPLACE,0.95,CIT_3fe57dc093429c3ddd2d6ecfd1e461a406a98f54fb2b912ad939a8c12b5ac7f4,smws,fd611b8d9b27dc31faaa710c78830dac21e858d733ca1c9461f06714621cb170,fill_null
859e54f2-410c-5b36-925c-5edd44d347f1,cask_type,cask_type,,hogshead;refill,APPEND,APPEND,0.95,CIT_fd6a22128b765d8ef9d69772defb704b487effb4b70991bfabb578d81b934552,smws,066ad6df0c6728e0333814e35852be4cdc6c1851af6cc828da1fb71c6ef7af76,fill_null
859e54f2-410c-5b36-925c-5edd44d347f1,region,region,,Speyside,APPLY,REPLACE,0.95,CIT_fd6a22128b765d8ef9d69772defb704b487effb4b70991bfabb578d81b934552,smws,0a899d420b113fae863e6ceb1c93450a1a11784371b79d17c82dfdf4cb3d7ebf,fill_null
85a69fd7-65cf-5639-9e85-c33d8d586cd5,cask_type,cask_type,,refill,APPEND,APPEND,0.95,CIT_8abacf4c3c1f379e7982bfeb7ba5692100e7fc2692689d8f30989ab67dcad18b,smws,f2ec746c76b4a25a4e2c83e2e5ca81f3b6cfe4be8e77b9f5cc1d360b9de96c2f,fill_null
85c759b9-d1b1-5bdb-8d08-3d9d67fb7f3e,cask_type,cask_type,,refill,APPEND,APPEND,0.95,CIT_b301704d2be4c078c7035bdb724465e7753262f2a1a98c8972a63e329c0afd27,smws,e959f816037c8d955728007d96d081ccedccc11dfa8971973d1e783c36a9ef5f,fill_null
85c759b9-d1b1-5bdb-8d08-3d9d67fb7f3e,region,region,,Highland,APPLY,REPLACE,0.95,CIT_b301704d2be4c078c7035bdb724465e7753262f2a1a98c8972a63e329c0afd27,smws,9563b04407278c5aee0e14a696581c1f24872d11dafb0ac8fce6c6dff9f8a8cd,fill_null
85f639a6-a130-538b-b701-68da13fbc28d,region,region,Highlands / District,Highlands / District,APPLY,REPLACE,0.95,CIT_93b30545abff51be90d42457369824c8ec5d9a61de2097a745ebc96fc80bf184,smws,3de02385dd00388f7392697d1246d6b5b03f38cfdf2bef1387008c4ce62387eb,skipped_existing_stronger
863941b9-5053-5a93-b7cd-a65db8d2d1d5,cask_type,cask_type,,port pipe,APPEND,APPEND,0.95,CIT_f82d108c4f763d6115476f7276e73514eca2ea8791a074f5f1d8f9b757258ad6,smws,198a7cf6781a00d21aee53166e90bed37e58e0c141f8af608b57a5bc74e321bf,fill_null
86a1f3f7-e7a6-5c87-9819-61e00054cbd2,cask_type,cask_type,,hogshead;refill,APPEND,APPEND,0.95,CIT_b32ac1e5e65239d35c53dacf667e5bc4c1ccfc5b2bb37136b8c20f09f5f6f83c,smws,54592dff805775171e4be8037aaca44978fde769016d413e45d81e9b3f529a59,fill_null
86a1f3f7-e7a6-5c87-9819-61e00054cbd2,region,region,,Speyside,APPLY,REPLACE,0.95,CIT_b32ac1e5e65239d35c53dacf667e5bc4c1ccfc5b2bb37136b8c20f09f5f6f83c,smws,d141fda76b987d55776e7e9f66c967e41c1efc09bbf5b78bf8a15498f63d56f4,fill_null
86f400bb-59bb-51bc-8d50-28c056e653c7,cask_type,cask_type,,hogshead;sherry butt,APPEND,APPEND,0.95,CIT_4538b3ef3d054aab78731d7b8847b209ea1ecdcc6c9b33105b39dd59f0b48a6a,smws,7afe79eb8e8a601e2d9d07e61900617451e803408e7cd8e738db6b3d0e6d2b40,fill_null
86f400bb-59bb-51bc-8d50-28c056e653c7,region,region,,Speyside,APPLY,REPLACE,0.95,CIT_4538b3ef3d054aab78731d7b8847b209ea1ecdcc6c9b33105b39dd59f0b48a6a,smws,5800fb14a2e7e20e05f85bab7206e13c78883a57ec1a8260e44d38bb023c0c99,fill_null
87258de8-1942-558a-8918-53377ccb7bce,cask_type,cask_type,,hogshead;refill,APPEND,APPEND,0.95,CIT_ea353480f434a42b0c02327916da8158c8d186acd6264a78da4d54674606b8e0,smws,9c88123bb4eaa9dd48a319c88e91f0bf779bb69864d2fc73b5d78b73d7b40dbf,fill_null
87258de8-1942-558a-8918-53377ccb7bce,region,region,,Speyside,APPLY,REPLACE,0.95,CIT_ea353480f434a42b0c02327916da8158c8d186acd6264a78da4d54674606b8e0,smws,a241dbca38d730c2301819484fe2b2367ccd6cc8ade18dec3fdbb40e7a39c4fb,fill_null
88035bdd-884f-5488-93f8-c1ffb817364f,region,region,Highlands / Island,Highlands / Island,APPLY,REPLACE,0.95,CIT_d81ba0d3fde0c28093eb08d4e10d3523806cf54aced02d41535763d571bdefb4,smws,3d570caed9483494c4424ef4043bcaccc5fba9de8393d2b0dc7f22d9b9c800cf,skipped_existing_stronger
881baad2-7b08-54a4-ac2f-67d0c35f93af,cask_type,cask_type,,butt;sherry butt,APPEND,APPEND,0.95,CIT_8cedfff9d5b13c5f95600a07161abda2fac8a32b3ef48e2c996e7c6b441f3437,smws,0497d3ef95da8654fd0cbe073d104afb2a6b1cf22c91efc534dbc0524c46436c,fill_null
881baad2-7b08-54a4-ac2f-67d0c35f93af,region,region,,Lowland,APPLY,REPLACE,0.95,CIT_8cedfff9d5b13c5f95600a07161abda2fac8a32b3ef48e2c996e7c6b441f3437,smws,462377daf0de54213cc7b9233db5bf3ae355a36bffb978612eea5d3c7c2c8fb8,fill_null
885ea459-a075-568f-9d27-2b53e5272105,cask_type,cask_type,,refill,APPEND,APPEND,0.95,CIT_0301f2c2521e69eb32c31d00414b736232dc16691e22a69e6eceeb9f1af54158,smws,d1f7e49087ada02b2662370ac0d3a6a9047f5030a8090976ee0d5f8f606a27a0,fill_null
89605e03-9f1d-56d7-a05f-d5715b3ee7d2,cask_type,cask_type,,hogshead;refill,APPEND,APPEND,0.95,CIT_54c66663c834808ece84605b174540c39b138f4b419b12295273f460b1b63986,smws,3cbb080855f5b696a64b98040331f9d98d2ecb2d092b81dd4cd232d962052784,fill_null
89605e03-9f1d-56d7-a05f-d5715b3ee7d2,region,region,,Speyside,APPLY,REPLACE,0.95,CIT_54c66663c834808ece84605b174540c39b138f4b419b12295273f460b1b63986,smws,7c8d597e4cb57b7f3958e210031a8d531c42dcfdfaed0c29a20f1d03bfeabf78,fill_null
89d05ac8-33ab-510a-b455-24233ab73114,cask_type,cask_type,,butt;sherry butt,APPEND,APPEND,0.95,CIT_cc38301018aac0ccc77612aab76ff307b4a87f79b55f12782f3d9b8df2487b71,smws,16782fbb3c5b32ac8f592785df85add09fd7ff223ba227628fbafca129c7e5ff,fill_null
89d05ac8-33ab-510a-b455-24233ab73114,region,region,,Speyside,APPLY,REPLACE,0.95,CIT_cc38301018aac0ccc77612aab76ff307b4a87f79b55f12782f3d9b8df2487b71,smws,3bfc3741c2ceeac3d6aeba13b21deb8887db5af547e91d3468066c94ae2f47ab,fill_null
8a464a45-a609-5871-b175-9d0733d4a0a1,cask_type,cask_type,,hogshead;refill,APPEND,APPEND,0.95,CIT_b61b6d2654e43ffc3047d23c02724485a5c206f565ce2124ee2459a87f7f3615,smws,43821549074c2233470bc2c14c61760c6d5ac5debdd4a7fed77eec1646c3eb71,fill_null
8a5c5cbb-2d79-53d3-b1c9-7c562230cdbc,cask_type,cask_type,,hogshead;refill,APPEND,APPEND,0.95,CIT_a63d80b476a863a5275bc2b670a4696f149acd2de08a8ccc0021a24a393c8828,smws,fee85d304abbc9ba66084c6cb63a035b96925be02b1da27a22b2863be3cf1e67,fill_null
8a5c5cbb-2d79-53d3-b1c9-7c562230cdbc,region,region,,Speyside,APPLY,REPLACE,0.95,CIT_a63d80b476a863a5275bc2b670a4696f149acd2de08a8ccc0021a24a393c8828,smws,d8b40cbaa673bc2fb28423fc3672ee1cdce3a8c283cec5d6969f556178dde414,fill_null
8ad5b983-e855-57fb-8289-a246738d047a,region,region,Highlands / District,Highlands / District,APPLY,REPLACE,0.95,CIT_260da2aa8200fd5901f760e40f9915d1e85b9a27da41578d44c0f141226b2fb9,smws,4449109d4d7acdb987173e37795a40c3b803d98354aeabc8f5a8e412cc786d68,skipped_existing_stronger
8b2716e3-6ed0-5b48-afea-d0ee6fa048f2,cask_type,cask_type,,hogshead;refill,APPEND,APPEND,0.95,CIT_a406669c044ba34cb6ad268293c48558db45d69d3699c9715a9899d3fba45e31,smws,840aff6fd25fe792dbc9b8a79fe5ddcc106060164adb3353f538533dcace20b0,fill_null
8b2716e3-6ed0-5b48-afea-d0ee6fa048f2,region,region,,Speyside,APPLY,REPLACE,0.95,CIT_a406669c044ba34cb6ad268293c48558db45d69d3699c9715a9899d3fba45e31,smws,9b6949d7f66ae629f3e76ba784db0dbc334e26c2454002a100030f9c56ed2716,fill_null
8cdf2bea-62dc-5dbf-a052-175b93919b7e,cask_type,cask_type,,first-fill barrel,APPEND,APPEND,0.95,CIT_5453fc11575c23777f4204d893856856a440fd0dd01d331003b3213cf5a297f7,smws,661d32182ebf14b9ad5c17a7fb32fac2afdcd9a40aec73109509898ba1aae3b9,fill_null
8cdf2bea-62dc-5dbf-a052-175b93919b7e,region,region,,Speyside,APPLY,REPLACE,0.95,CIT_5453fc11575c23777f4204d893856856a440fd0dd01d331003b3213cf5a297f7,smws,b39183adf0af73d04c40d5ba82ac6518fabd59e8fa3bdbb73341efdb7620d775,fill_null
8cfae60b-1520-5fac-9194-7bbbf4582a72,cask_type,cask_type,,hogshead;refill,APPEND,APPEND,0.95,CIT_fa0990cfa7a9959e3d4b912499c42a27c1de07748e00154f77a7254c78c8fa69,smws,83e1d81f2490cc5809c2a1f8a9d1fda9fba68f73ee36582738bbf4651873e395,fill_null
8cfae60b-1520-5fac-9194-7bbbf4582a72,region,region,,Speyside,APPLY,REPLACE,0.95,CIT_fa0990cfa7a9959e3d4b912499c42a27c1de07748e00154f77a7254c78c8fa69,smws,45fe445baddebd67ff6a43739343dcd62dd124545729d78ba2fb088e19598ca0,fill_null
8db39548-50e3-51f6-87dc-ca1fdf263e06,cask_type,cask_type,,refill,APPEND,APPEND,0.95,CIT_3f0a4429146a2f9b02b8675b8d451535355524d51bd521dff6b12fbe1db546b0,smws,de5a54c238d1b811dd4cc0c6ad9ec2f4c2835a65fe239bcb15f69e7c9aea651c,fill_null
8db39548-50e3-51f6-87dc-ca1fdf263e06,region,region,,Highland,APPLY,REPLACE,0.95,CIT_3f0a4429146a2f9b02b8675b8d451535355524d51bd521dff6b12fbe1db546b0,smws,167ac23f3f1252432fd75dd4b542fca8d3f3ec897afe7538277dd3cfe892b661,fill_null
8e16168f-3257-5638-ac7b-7e31fc0a9f3e,cask_type,cask_type,,hogshead;refill,APPEND,APPEND,0.95,CIT_a9a806238f9fe7ba67f330763b3c22edfa7ecd69e0aabc4b0ab6afb1f710d711,smws,ed90c6c963d154abc1e5d40c5b23ac4288af19a16f78a01c29afe5aa0e078ea1,fill_null
8e16168f-3257-5638-ac7b-7e31fc0a9f3e,region,region,,Speyside,APPLY,REPLACE,0.95,CIT_a9a806238f9fe7ba67f330763b3c22edfa7ecd69e0aabc4b0ab6afb1f710d711,smws,3064191ac43d4bd7ca46a73f82441fde3389079e9f8a347b206d87c12c7c7e1a,fill_null
8e2907f2-6c13-5ac0-a1d3-aac059598b90,cask_type,cask_type,,butt;sherry butt,APPEND,APPEND,0.95,CIT_f5d3b59b2f3bed51393c07f53b55df2c488e362f33efc66d80c60600ae6824e9,smws,8a04d5f5859e8be9e88e75af7d4029f019644522709a9a5056d14fe962efd1c2,fill_null
8e2907f2-6c13-5ac0-a1d3-aac059598b90,region,region,,Speyside,APPLY,REPLACE,0.95,CIT_f5d3b59b2f3bed51393c07f53b55df2c488e362f33efc66d80c60600ae6824e9,smws,1bc50703053e99932763dacf6b71964e479eb545d925eb78d94f611b7d763605,fill_null
8e6430a0-ce42-54ed-b68f-b238ec0acc3a,cask_type,cask_type,,butt;refill,APPEND,APPEND,0.95,CIT_3dc0f13e7228eccfdc8df2520cee996ff676277188dcff77c77e0958e5e0ba8b,smws,676588c0888dd989d12986beb8b308a58156dbce8579f01940f461bda02e6746,fill_null
8e6430a0-ce42-54ed-b68f-b238ec0acc3a,region,region,Highland / District,Highland / District,APPLY,REPLACE,0.95,CIT_3dc0f13e7228eccfdc8df2520cee996ff676277188dcff77c77e0958e5e0ba8b,smws,ffdfd9668dc18baac02876b83f167fb2ea463c87cdf7493ff7a39356d6d830c2,skipped_existing_stronger
8ecbd40b-d6db-5746-a4a4-c65d5c52a1db,cask_type,cask_type,,hogshead;refill,APPEND,APPEND,0.95,CIT_7b2c611fd32259add9d784765f3b0146ea759eeb24813cf0c2d16a89e269cb4b,smws,392d20454669cc1f60fc125deb3c41e8e11d5142d9baf59eee9db852f352bd35,fill_null
8f1ebd93-a589-5854-b4c9-d477829f0a8b,cask_type,cask_type,,hogshead;refill,APPEND,APPEND,0.95,CIT_5427300d233ef973351c8f06d5c71bf04b1362c5c98c0d7dac24b5dd7aa3327f,smws,e3eb34bf3d5f015bb13889675ec45c8746c3fbe7f4043b1aec3e78223984e412,fill_null
8f1ebd93-a589-5854-b4c9-d477829f0a8b,region,region,Campbeltown / District,Campbeltown / District,APPLY,REPLACE,0.95,CIT_5427300d233ef973351c8f06d5c71bf04b1362c5c98c0d7dac24b5dd7aa3327f,smws,fe91edebd7d129c4727429d8a307ae63b91458867b4be08521706e53a97d1c5b,skipped_existing_stronger
8f5461e8-ab06-5e8c-824d-d1cddb31b470,cask_type,cask_type,,hogshead;refill,APPEND,APPEND,0.95,CIT_6a3af2c43b0de6600b4eefa4a8f3e4d131913a230afba8883d2ac8911f227e01,smws,27c145019536abb92d834ca86c653b23af2715ce0257bdee2d405788f64d27d5,fill_null
8f95f1ed-d7ab-56af-952b-af1022ad1903,cask_type,cask_type,,refill,APPEND,APPEND,0.95,CIT_45d8e67e760fe6e55c9e7c2fc7a1b08006aef1a8c6bfd1607e3d5191c1451528,smws,8599b5484eea45b18469d869613d0f676a55158255585c0081d7ad2583c18268,fill_null
903f4428-d7b6-5f6d-99ba-bebe5cf4f865,cask_type,cask_type,,refill,APPEND,APPEND,0.95,CIT_8b9a9517087302e8c34f440d02c0c9dc9f08db25535508c19329824f8ab96309,smws,5f39f14ddc9af0e1a2231d5a5bbf24d6b266d56ee5750271e3166ef2b48a93fb,fill_null
903f4428-d7b6-5f6d-99ba-bebe5cf4f865,region,region,,Highland,APPLY,REPLACE,0.95,CIT_8b9a9517087302e8c34f440d02c0c9dc9f08db25535508c19329824f8ab96309,smws,4e076997f567e6140de72cbcae8a8e0de896715c8fcd7e576d6dbf5cee53606e,fill_null
9074648c-a0ec-58db-b5d7-e5677d55b72a,cask_type,cask_type,,butt;refill,APPEND,APPEND,0.95,CIT_d226b212a2c5ca221a8d8787c7570786ac2e64597c99cf6f915a03f36f154130,smws,c9a1a8bf8af4947732a0a5dea8337c0f390c3b43674926fb6d5a5dcab77ee0a2,fill_null
9074648c-a0ec-58db-b5d7-e5677d55b72a,region,region,,Islay,APPLY,REPLACE,0.95,CIT_d226b212a2c5ca221a8d8787c7570786ac2e64597c99cf6f915a03f36f154130,smws,c57ee773e525c47bc45210092f0d6396eac5fb5f6f0f25646b2c3a7ca0a6df61,fill_null
90925ce2-f26c-59de-adb7-e323c2c1a5f7,region,region,Islay / District,Islay / District,APPLY,REPLACE,0.95,CIT_82844df8f5ebd43545d7fea6b52ce71d7c1288b55e847bb97f8e4a139cd0ea38,smws,f1e82f7d4699a6def1fb1c594ff7ca51debd3a1160a7d92ab67538976a6096e5,skipped_existing_stronger
90bf1294-089d-5aca-870f-a8900113a7c2,region,region,,Speyside,APPLY,REPLACE,0.95,CIT_6866d5beb65183ec33ff942d2fb0cd870e898feb6b6d57a147477af57d1c1b6d,smws,81d595c8d411f816fb600cef6d1aad15547281da3c57e5069b91af3cdbdafb17,fill_null
9173fc7c-8e53-59c7-a590-536def6d65e4,cask_type,cask_type,,first-fill barrel,APPEND,APPEND,0.95,CIT_24a7d75a2dfac80345cb15574c9b5fb2b609b5ff5a54d3484f9196212cb47665,smws,70241a26f2b2ae644621f6ebd7e5b6d54f9aa64fee774598f43af28bc046e6b0,fill_null
9173fc7c-8e53-59c7-a590-536def6d65e4,region,region,,Speyside,APPLY,REPLACE,0.95,CIT_24a7d75a2dfac80345cb15574c9b5fb2b609b5ff5a54d3484f9196212cb47665,smws,7d41ddff4fd03ad2755adf3a498d91b786e76d637ee8638a1ab526051652bb92,fill_null
9179c557-8797-5aec-b6d4-15e15e75ef29,cask_type,cask_type,,hogshead;refill,APPEND,APPEND,0.95,CIT_46912cb953be78f3a7d88ab2ee6db7abab8874864e35f24fa481a3278b0fb10d,smws,9b27fb3d801f4fec4b9f2c727c738cba2bd480a5718136463d055e31320ef3c8,fill_null
917d22c8-e7d3-528e-a919-fa72e1da304f,cask_type,cask_type,,first-fill barrel,APPEND,APPEND,0.95,CIT_e8ffe0402abd81c944cfb1b2e930a9161d53deedcbc55042b4bd4efd158b9b54,smws,9a16eba66caaafbc9fd5c66a2e2980df8f210a8ff95f1d85077226aae086fdfc,fill_null
917d22c8-e7d3-528e-a919-fa72e1da304f,region,region,,Speyside,APPLY,REPLACE,0.95,CIT_e8ffe0402abd81c944cfb1b2e930a9161d53deedcbc55042b4bd4efd158b9b54,smws,427cec30a6db042a55a0440e65b55cc9fcd30b787194d48fe3f2770cafab8032,fill_null
91c92fe2-775c-519e-b6ac-581d2cfbb898,cask_type,cask_type,,butt;sherry butt,APPEND,APPEND,0.95,CIT_67a945dc0348053be681e785daef99ca9d1f76728f199f3f67807baeac35fc61,smws,9a908eb4053d0cbc1e60ff91f07658e62affc1bff4781cb4c822b3bba0638ca7,fill_null
91c92fe2-775c-519e-b6ac-581d2cfbb898,region,region,,Speyside,APPLY,REPLACE,0.95,CIT_67a945dc0348053be681e785daef99ca9d1f76728f199f3f67807baeac35fc61,smws,102ca00b48baa0178b0dc418f148a8b2e8e16f9d94e97261fad1279079d37e79,fill_null
92a3f209-ac9f-5af3-82ea-745dee1c80c1,cask_type,cask_type,,hogshead;refill,APPEND,APPEND,0.95,CIT_ac8b7501527e4566df8e409465f43acc4998e784d412ad8066625a9bc8a3f70f,smws,58e55ec41d7f474a6025abb3ca49edd7dc322262f8ef9146c536d39adb7d1316,fill_null
92be4feb-5678-5d29-8431-86b7d5e6c48c,cask_type,cask_type,,hogshead;refill,APPEND,APPEND,0.95,CIT_790467840c84f31b4647998b9ade13b02da8de4ecb3cd9d4592fb8fab376ed78,smws,1c11d24e64d44ed906210d25d296051c7530cfa249084cde79c3f1df7222ce4a,fill_null
92be4feb-5678-5d29-8431-86b7d5e6c48c,region,region,,Speyside,APPLY,REPLACE,0.95,CIT_790467840c84f31b4647998b9ade13b02da8de4ecb3cd9d4592fb8fab376ed78,smws,bd5ada3d5e866c05020c127a5b0c0ed8a24aba2334ee21aac1332ee08fb40499,fill_null
932686e9-a892-5876-848c-8eaa8e72cabb,cask_type,cask_type,,butt;refill,APPEND,APPEND,0.95,CIT_37476307137146d5d90b4f5d98c82e49429dd533785b7c93e70130aa47f370ff,smws,0abe193b7e9d6140e2f20ef79d77a2d07b9cb7fc7927d25b80892b5dbe8a5c34,fill_null
932686e9-a892-5876-848c-8eaa8e72cabb,region,region,,Speyside,APPLY,REPLACE,0.95,CIT_37476307137146d5d90b4f5d98c82e49429dd533785b7c93e70130aa47f370ff,smws,5106b6c5ff31efd1ca9ba742d4730f97afb6067f66a1e90a413e6dcd4ccbc9da,fill_null
936ce7ea-f917-5201-b4dc-74ca98bc589a,cask_type,cask_type,,hogshead;refill,APPEND,APPEND,0.95,CIT_f154ccb82453d40a13250cd09dcb7c819033db784695d766087ef77e1dfe11de,smws,7f0892363500ed1e2677dc3eeac2269cb024c7007670bc758446638928b806a5,fill_null
9371a2f2-e061-5c4d-9a68-9c62625d1520,cask_type,cask_type,,hogshead;refill,APPEND,APPEND,0.95,CIT_1c2acb26f54f269d6dc21296212dc41736c64aed50c0830fdd446b8923fac6b7,smws,2adeb5db34e847a5a68fb4b071efadd06211dcdf0ca46640dcdcdd0f7b895637,fill_null
9371a2f2-e061-5c4d-9a68-9c62625d1520,region,region,,Islay,APPLY,REPLACE,0.95,CIT_1c2acb26f54f269d6dc21296212dc41736c64aed50c0830fdd446b8923fac6b7,smws,22a03e69cd90bd488fe5bdff1edd6e1e2c716b53f7ba160a56e47c1f0f5aea79,fill_null
937885e0-2c59-5768-ad9b-68d237d8bb44,cask_type,cask_type,,butt;refill,APPEND,APPEND,0.95,CIT_b2de059f6286d8f977fa972f309b485680e445a953ed43d94423247baa44460b,smws,d5d585f74901db884843dc6d1fccd3cfe1958b69bac74bbbab3f0f48a1aca54e,fill_null
9389b180-caad-501a-a44b-06d1f2630566,region,region,Islay / District,Islay / District,APPLY,REPLACE,0.95,CIT_fffb6e1e5b64c6610f361551410dc40552c5512a12555f91f8906b5370318e92,smws,7dbcb3fdf68186034d5a9b4c563aba7da74497914d0afc95d0db45b5dc1611a4,skipped_existing_stronger
941c8944-8dc4-5a57-be4a-1777dbf1c180,cask_type,cask_type,,refill,APPEND,APPEND,0.95,CIT_003b3900765b34e593bc7a30af0fde232050e8a9a23d9a1f97e5eb1d565f79a9,smws,12568fc9112ba4ee4c54148c15f17d30cddc583eb993a077d5609ac9f1c866fd,fill_null
941c8944-8dc4-5a57-be4a-1777dbf1c180,region,region,,Speyside,APPLY,REPLACE,0.95,CIT_003b3900765b34e593bc7a30af0fde232050e8a9a23d9a1f97e5eb1d565f79a9,smws,ee46eb128204076f75c46517bde1db22d5c8472ffffd49546e04dea170c3da40,fill_null
94eb839f-67b1-5f79-83c4-cc4e443957a7,cask_type,cask_type,,refill,APPEND,APPEND,0.95,CIT_285666307dcc223cd1255d346264029c80c5789675e99acb29d31e9d98c9ced1,smws,f3b0e9ec853407375be6fb630d1bcf7e099e685751c63c38a3c161788273cc0d,fill_null
94eb839f-67b1-5f79-83c4-cc4e443957a7,region,region,,Speyside,APPLY,REPLACE,0.95,CIT_285666307dcc223cd1255d346264029c80c5789675e99acb29d31e9d98c9ced1,smws,5e889a43c2e02f7795bf7c98e0ba9af2c1d46a117053cbca64f2c0e0279f9ead,fill_null
953626cf-c3a9-5f27-a38a-58431d073257,cask_type,cask_type,,butt;refill,APPEND,APPEND,0.95,CIT_267a13709d65d0e308b31377226ca3236d6757d411eea73d6dd1c7a84e52ab86,smws,d849ad4ad65e51a7efbcf0ef33504e86f53ac86c06c0a45deaacc28de5cbdbdb,fill_null
953626cf-c3a9-5f27-a38a-58431d073257,region,region,,Highland,APPLY,REPLACE,0.95,CIT_267a13709d65d0e308b31377226ca3236d6757d411eea73d6dd1c7a84e52ab86,smws,5c06c3ca75203ef5a161de1387ce982c80a0c66a4c09186a557967930a9c9ce8,fill_null
9586f469-fd6a-5a10-884b-c40e3548630b,cask_type,cask_type,,first-fill barrel,APPEND,APPEND,0.95,CIT_7b27d918f40a6d26250769baa91a22460e8f14736bddabf084a7824bc3fd68e8,smws,89bfc226d4a35f14677bb93d4a55554d91c1f0d0e14737b962fd99ad519fb6ea,fill_null
9586f469-fd6a-5a10-884b-c40e3548630b,region,region,,Speyside,APPLY,REPLACE,0.95,CIT_7b27d918f40a6d26250769baa91a22460e8f14736bddabf084a7824bc3fd68e8,smws,9ab66e7d32742108c0e9ad700e5fb65cb4037f951c1575747cd809e9d3cdad87,fill_null
95c556a9-36de-5187-937d-671083f8989f,cask_type,cask_type,,refill,APPEND,APPEND,0.95,CIT_1bfe37993cb38e08f82dc979f5c6e6c6ec8986eaa16e96192b08ef896598dd91,smws,f0582a5d150413b711879f4e21ac3f9ed40efa49d712949dedabd71e7fc8c8ae,fill_null
95c556a9-36de-5187-937d-671083f8989f,region,region,,Highland,APPLY,REPLACE,0.95,CIT_1bfe37993cb38e08f82dc979f5c6e6c6ec8986eaa16e96192b08ef896598dd91,smws,857ec753e16c15ee0bf9d8fb5d1170c764d95b711179878e029bdcd9359e2654,fill_null
96a19d62-b912-5171-9419-1da846c9bd29,cask_type,cask_type,,hogshead;refill,APPEND,APPEND,0.95,CIT_da337fae1796128f12b7d1dcc9f08f76cb4a26f2b1072d0cd03fcb0166076206,smws,ca7f651afc1e929b7b7e9987d3c8c3a030c75d72eea0adcc5bb2063e8cff3bcf,fill_null
96a86aa7-1497-5f93-9755-74d58a947f27,cask_type,cask_type,,first-fill,APPEND,APPEND,0.95,CIT_673a9f0ac0d7ea5dfa34f54f5205084499f74a25b902ab942cee28fd0eeca079,smws,f25b66448f31289a2583e1af75d52cbdf27a40ecd488322e59c3ff781e10a07a,fill_null
96a86aa7-1497-5f93-9755-74d58a947f27,region,region,"Highlands
         District","Highlands
         District",APPLY,REPLACE,0.95,CIT_673a9f0ac0d7ea5dfa34f54f5205084499f74a25b902ab942cee28fd0eeca079,smws,6920f3e662bf60d4fb056a62c9672c507cb7ee18b3d46f6973a5516f18e984a7,skipped_existing_stronger
96c03c86-ec05-545c-ae61-95e0a6962f6a,region,region,,Speyside,APPLY,REPLACE,0.95,CIT_dd1b12097061939654405df0e163d900b7a663ff27b0b338593b82f42c34f271,smws,392a0ef0867ebf9dc891a963e04ab0eaa0aab3793db2d0dbc308063179ebb6ab,fill_null
96cb248e-106e-5cc5-aad7-a2e5f389bd62,cask_type,cask_type,,hogshead;refill,APPEND,APPEND,0.95,CIT_a6f20908062046fff956ad2736429d089cf6648d90c9eea33c99cc37c3c4ca1c,smws,e6c035548409996ba8704202c05c613efdad1879aebe035ea7a2c8ce8ef1520a,fill_null
96cb248e-106e-5cc5-aad7-a2e5f389bd62,region,region,,Speyside,APPLY,REPLACE,0.95,CIT_a6f20908062046fff956ad2736429d089cf6648d90c9eea33c99cc37c3c4ca1c,smws,a82e054f55d497a9c26e9380951499aff0a485e2bd6f67ad7fdb48c04c292806,fill_null
96cf9554-001b-51b6-9bff-9df3bcf9c1be,cask_type,cask_type,,refill,APPEND,APPEND,0.95,CIT_4bde45d23635c5e848fc4a3838fa0d74e63a8393fc16da93349cfc919a3351dd,smws,94677d9e7c8f93e63905aee08b4040f96945f5eb3d298b8c9d541b30285f01ed,fill_null
96cf9554-001b-51b6-9bff-9df3bcf9c1be,region,region,,Islay,APPLY,REPLACE,0.95,CIT_4bde45d23635c5e848fc4a3838fa0d74e63a8393fc16da93349cfc919a3351dd,smws,4ed9f772659b9a53f89fe6bdba93753ba240003f98d870f9a47801195c2b0f47,fill_null
9760d26e-28f1-57a7-baf2-b5b089d7e38f,cask_type,cask_type,,refill,APPEND,APPEND,0.95,CIT_17aaf04a9240d3a2b91908ceac23001d76de943a53d49fedd34c36ea3929687c,smws,3db9bbc0396b640614817f9b6e6c3876d053f9466c8b7ad224d26d55260029db,fill_null
9760d26e-28f1-57a7-baf2-b5b089d7e38f,region,region,,Speyside,APPLY,REPLACE,0.95,CIT_17aaf04a9240d3a2b91908ceac23001d76de943a53d49fedd34c36ea3929687c,smws,d061a004d55bf9d8d347743045da5f07db44c47a78db855eca3631b93e9fdf0b,fill_null
98e75ccb-c392-5a4a-8ec4-5d6e1a2784b2,cask_type,cask_type,,butt;refill,APPEND,APPEND,0.95,CIT_d0e3f121d4a73ad29e64ac9801781f2f9c8e73956f4525dee7304ee1b56bf1a9,smws,b9409dfbb31c8bad7cb53261888563b9d595f0caff7b992fd635e523223e6d57,fill_null
98e75ccb-c392-5a4a-8ec4-5d6e1a2784b2,region,region,,Speyside,APPLY,REPLACE,0.95,CIT_d0e3f121d4a73ad29e64ac9801781f2f9c8e73956f4525dee7304ee1b56bf1a9,smws,a246f876b0e6cc2eb108be11df5e427573e110b67a2b6403e779dd8094487656,fill_null
997f0a5e-b3f5-58e0-ac91-7cb6108a8e0f,cask_type,cask_type,,hogshead;refill,APPEND,APPEND,0.95,CIT_26de4ebc90d60bab338bcd2fdd5e64f79361dc302fce9e4bda6f700ee9fb0510,smws,ea709adc645e75205d89b55dcaa0c4e591aa0c0204cd0f6c118e70f8b1a9ac7f,fill_null
997f0a5e-b3f5-58e0-ac91-7cb6108a8e0f,region,region,,Speyside,APPLY,REPLACE,0.95,CIT_26de4ebc90d60bab338bcd2fdd5e64f79361dc302fce9e4bda6f700ee9fb0510,smws,fa0510f0fa8b1c3b461c35eb4bf2fc9bdf5c67451f4536f55dffa317a7983e55,fill_null
99abf37a-b1ed-5d55-8566-1a41089efd55,cask_type,cask_type,,first-fill barrel,APPEND,APPEND,0.95,CIT_5623cce48713c2570600bc4e43fb34ee59b1decf9056fc9b3be6702aa0b6d50c,smws,49637d95f2b3744091af5667c60697e05d105e654d5031c8db41b67bc4e2462e,fill_null
99abf37a-b1ed-5d55-8566-1a41089efd55,region,region,,Highland,APPLY,REPLACE,0.95,CIT_5623cce48713c2570600bc4e43fb34ee59b1decf9056fc9b3be6702aa0b6d50c,smws,0e41595573f7cbdc349e2d6352d5c6f9f19feb2f9f795e125fc4b45341a2dbde,fill_null
99ed4dcf-fb57-5cd8-8067-72e071da1c56,cask_type,cask_type,,refill,APPEND,APPEND,0.95,CIT_61427296d6c8cd12990e606d9f9c0ddc0c29dcc6df78093fb0c6e79ea171276f,smws,a9bcef1fcb07a87aadbf3a11c58f3707e04bddbc1106c7ac626ecc8b19bf5716,fill_null
99ed4dcf-fb57-5cd8-8067-72e071da1c56,region,region,,Speyside,APPLY,REPLACE,0.95,CIT_61427296d6c8cd12990e606d9f9c0ddc0c29dcc6df78093fb0c6e79ea171276f,smws,07d18c1bb9c3f13cec9fcca12cbad23fde7ae9bdcd8d489c939fb58db046bd5f,fill_null
9a23dba3-6324-5374-b611-84734b86b04c,cask_type,cask_type,,hogshead;refill,APPEND,APPEND,0.95,CIT_f375f12a4874a61a559c0edcda3c6067426fb2695ba90529876a4e02941b5564,smws,b0dcd077b013cf5f8c88f273ac02be6e193d108710c7e2788aca6cdab16b3661,fill_null
9a23dba3-6324-5374-b611-84734b86b04c,region,region,,Highland,APPLY,REPLACE,0.95,CIT_f375f12a4874a61a559c0edcda3c6067426fb2695ba90529876a4e02941b5564,smws,6011669b3e084af59cd42192305838282ea3d130cf41001c48849752ca241d5b,fill_null
9afa2b83-efff-5b0f-b35a-e6e593a6b12c,cask_type,cask_type,,hogshead;refill,APPEND,APPEND,0.95,CIT_4ad40a88f328c2e6bfa9556769887b018dfda9a843cfbe7f1aabf4d8612eac23,smws,5e828d4fc55166600cb6be591d96f551fa0ffb42ab60a547d0af280b88b497c1,fill_null
9afa2b83-efff-5b0f-b35a-e6e593a6b12c,region,region,,Speyside,APPLY,REPLACE,0.95,CIT_4ad40a88f328c2e6bfa9556769887b018dfda9a843cfbe7f1aabf4d8612eac23,smws,27e12531b0a52390214cad7b24e52362d4a07e5dfcefda1f9b832b9c59ee1ac0,fill_null
9b96950c-b57a-5a8d-8985-d101aeb14ccc,cask_type,cask_type,,first-fill barrel  usa allocation,APPEND,APPEND,0.95,CIT_55b872f2b9dbd6f3492fa1a41c7b952da48cf5f3762677332a6b1bebb8337211,smws,18eacde392a957caedc342d12e2da0a7fb0de5507538a80ef1e7f20bf76bb6fc,fill_null
9b96950c-b57a-5a8d-8985-d101aeb14ccc,region,region,,Highland,APPLY,REPLACE,0.95,CIT_55b872f2b9dbd6f3492fa1a41c7b952da48cf5f3762677332a6b1bebb8337211,smws,79ddf0cda3883908be99d3417646058dad30b2d439551186acb1393ec9c842e1,fill_null
9bed8feb-1862-5235-a45e-3405b11c3824,cask_type,cask_type,,hogshead;refill,APPEND,APPEND,0.95,CIT_ed6bb21d0a997bc461920666931497702a9c4710a8962f3ada68206b71286b2b,smws,558f5b9c3804a4b58b9ef80f67b5a793ca5ba2341b25e7ecd3a667c32114461c,fill_null
9bed8feb-1862-5235-a45e-3405b11c3824,region,region,,Islay,APPLY,REPLACE,0.95,CIT_ed6bb21d0a997bc461920666931497702a9c4710a8962f3ada68206b71286b2b,smws,dd4c1b65adaeccbd18e473172ad7295f6d91aad954ab5c762639e2a5142a5fbd,fill_null
9c209d83-94ca-588a-9543-1c0d6e96b7be,cask_type,cask_type,,first-fill barrel,APPEND,APPEND,0.95,CIT_916bd8f5aa90fc66d069b45f4a6fc4d1a825dbd8173c16cd7ddfa8e7064ae1a5,smws,dc9c3daf8529ead1c951ba3545189f2d4405f4a6aaad200c43d7500ada6d7628,fill_null
9c209d83-94ca-588a-9543-1c0d6e96b7be,region,region,,Speyside,APPLY,REPLACE,0.95,CIT_916bd8f5aa90fc66d069b45f4a6fc4d1a825dbd8173c16cd7ddfa8e7064ae1a5,smws,f640ab237976c5182ea75ca21cd8ea06227d6a97c35b78c5d33f82b70121efd3,fill_null
9c699417-4417-54d0-892f-28b1f8cb8b02,cask_type,cask_type,,first-fill,APPEND,APPEND,0.95,CIT_93eda577edbf3721e9d4e7647492e45e77255b25c880c880dcbba1dd34d31575,smws,4f5541957fb8c4d789956c0fa2f016acad3f093064eec2ee0ca62e22d1d7fe11,fill_null
9c699417-4417-54d0-892f-28b1f8cb8b02,region,region,Lowlands / Western Lowlands,Lowlands / Western Lowlands,APPLY,REPLACE,0.95,CIT_93eda577edbf3721e9d4e7647492e45e77255b25c880c880dcbba1dd34d31575,smws,2aa78bad27af99f797080b8c820a6b47f015842cdfdcfb7adc387857540b6151,skipped_existing_stronger
9c7b5716-5970-55c8-bb60-05a13d2312ed,region,region,"Highlands
          District","Highlands
          District",APPLY,REPLACE,0.95,CIT_94b05c02894d76449001fe1cf292fd59c20deafd156fc26911cdf66fcb8ebcc8,smws,3dae4744d578c775ed669fd87119fb6e282be00814a5ee003dc7252e8663fd20,skipped_existing_stronger
9c7c1f33-a610-53b4-84d1-33c5fb044c6d,cask_type,cask_type,,hogshead;refill,APPEND,APPEND,0.95,CIT_0b861a157ea9eccdac508cbd7e5700d04ef28d0703e97c64804b17e38fb79b73,smws,08718e798b943444843e9b38892143e9d5269b91c54f4b1f0c8d27b6a1cd50e0,fill_null
9c7c1f33-a610-53b4-84d1-33c5fb044c6d,region,region,,Speyside,APPLY,REPLACE,0.95,CIT_0b861a157ea9eccdac508cbd7e5700d04ef28d0703e97c64804b17e38fb79b73,smws,0785009c0899055be45a43fb41f7eecc98ff8f76b4e36f3e4d286dce796a3ebe,fill_null
9cdbb726-bf09-5860-868c-98e1a5123ff0,cask_type,cask_type,,hogshead,APPEND,APPEND,0.95,CIT_b069ceee9aa689f4e34d6670950d9c87658fbffe34340205a076f25d8a95c762,smws,bf9b96c28734e05154740e1c5e55414f52d8ad81185b287548f620859ef5de55,fill_null
9cdbb726-bf09-5860-868c-98e1a5123ff0,region,region,,Speyside,APPLY,REPLACE,0.95,CIT_b069ceee9aa689f4e34d6670950d9c87658fbffe34340205a076f25d8a95c762,smws,5c58b9cfd3fb03c19d1bfd230243e8b21c42443f3f760838c80b411a884709ab,fill_null
9cf39599-6bc3-555c-8a87-75fc94c81667,region,region,,Speyside,APPLY,REPLACE,0.95,CIT_dd191e3d8a8099833b974c7aa4f4f24caf24bfe36d07c9318b210693c1ccfbc7,smws,890630e05a817c618a596717203d0c067ca8e016aea5895378476623e25d016c,fill_null
9cff7a12-1565-5738-bc82-65b68a36d95a,region,region,,Lowland,APPLY,REPLACE,0.95,CIT_e7215de9c71dc31083ead37b64dbc7ce0ae8ef636a878d1ff62a68eb884849f1,smws,1b8e43ab643f4fdf584adbc1481c9a32362767d0e91ae8156042bdfc8900e47d,fill_null
9d19f57d-5f19-527e-a2ca-b04899fc0746,cask_type,cask_type,,first-fill barrel,APPEND,APPEND,0.95,CIT_0e53fe1ceb1ef7234b249e1c742c9825b292c775ef1a6ea670f57c291eb95c0a,smws,e98bd4ad92e89893edfc868a27296ffb816780dab80d405969e989ffea50e3f7,fill_null
9d19f57d-5f19-527e-a2ca-b04899fc0746,region,region,,Speyside,APPLY,REPLACE,0.95,CIT_0e53fe1ceb1ef7234b249e1c742c9825b292c775ef1a6ea670f57c291eb95c0a,smws,3864fa75a35ab38ba717bdb13dce6c49afc1ef967ffd06bdf9435cefa6a5852a,fill_null
9d6a8a28-1dfa-54f3-a920-47bdd79a7d92,cask_type,cask_type,,refill,APPEND,APPEND,0.95,CIT_e40ee109fde92de09ed8c96fb1390122b8327c47a9e079736007a3aef41c5a33,smws,e90767362a12288cf314cc219cc530144c804b50fdfa0936eaf4f654c60d5450,fill_null
9d6a8a28-1dfa-54f3-a920-47bdd79a7d92,region,region,,Lowland,APPLY,REPLACE,0.95,CIT_e40ee109fde92de09ed8c96fb1390122b8327c47a9e079736007a3aef41c5a33,smws,9e082434773614767f6540f29ee645c108cc6cb91e731219478229513cc2f198,fill_null
9dc633f5-ba81-56d7-974d-c53755c4717a,cask_type,cask_type,,hogshead;refill,APPEND,APPEND,0.95,CIT_4a5723ba1715fabff21f9eb44faa466696c6f9499f06894498d3619f808dfba1,smws,3c5a6d5b7e4f1e5892b0db76caddef968ac5dc01238f08b85733d97c7b2c7644,fill_null
9dc633f5-ba81-56d7-974d-c53755c4717a,region,region,,Speyside,APPLY,REPLACE,0.95,CIT_4a5723ba1715fabff21f9eb44faa466696c6f9499f06894498d3619f808dfba1,smws,c43c82a197313e6c2f766b47ba31c75e109684b530354199cb63b362fc3b1824,fill_null
9e1c7d21-d46e-501f-b4db-cb9c49b927e2,cask_type,cask_type,,olorosa,APPEND,APPEND,0.95,CIT_705de95c15ce3afaa07254a07509e9128d1392eb6deda2a88a4f0d52596c8127,smws,4a5f782f3a7afb725da3ba686c5bd11491e5794198c19ceaa7a95a390a35fa7e,fill_null
9e1c7d21-d46e-501f-b4db-cb9c49b927e2,region,region,Highlands District,Highlands District,APPLY,REPLACE,0.95,CIT_705de95c15ce3afaa07254a07509e9128d1392eb6deda2a88a4f0d52596c8127,smws,88dc72f9ce14a2b035bca021f378f2dac20445b700d843f17f8ef932d526ce93,skipped_existing_stronger
9eca5f20-2b16-5025-a428-e2356ac314f2,cask_type,cask_type,,hogshead;refill,APPEND,APPEND,0.95,CIT_ba23e4c485df08ccc77e66ca2bf2f66735e0ffd0c5353129d5b0ce9dd0843588,smws,c2bd6629936a5b5c6ff06cd073b5aaefd4db0278d7cef9f2ff961609ab482163,fill_null
9eca5f20-2b16-5025-a428-e2356ac314f2,region,region,,Speyside,APPLY,REPLACE,0.95,CIT_ba23e4c485df08ccc77e66ca2bf2f66735e0ffd0c5353129d5b0ce9dd0843588,smws,5f77c0c504f0d63d27e03df9467ce5eeb52bac31d0defffa3b83d6f3bf440b01,fill_null
9eed4bf3-025b-52d6-94aa-6a07e8433212,cask_type,cask_type,,hogshead;refill,APPEND,APPEND,0.95,CIT_201743fa17f64b5d3454c1773f841dfa01147e4d694bb3d7576a3423117548e7,smws,510f0709b965ae22b96156fc02552688f59976017d4acdd23a23893ded830a68,fill_null
9eed4bf3-025b-52d6-94aa-6a07e8433212,region,region,,Islay,APPLY,REPLACE,0.95,CIT_201743fa17f64b5d3454c1773f841dfa01147e4d694bb3d7576a3423117548e7,smws,6834ce82b9d78d1817e9885a36a1da30d49dc3fd9cd3b871c50ef27b238af0e3,fill_null
9fb26511-7b59-5f7b-a6a3-57fb3509a5c2,cask_type,cask_type,,first-fill barrel,APPEND,APPEND,0.95,CIT_8c0128e864252b75ee59d434c77f13b44bb6fa7a5769c07181672e3b6af11b6b,smws,6e9e67d792ac349d283dfa77927285c5acfc119414319786e564fd374c58e16d,fill_null
9fb26511-7b59-5f7b-a6a3-57fb3509a5c2,region,region,,Speyside,APPLY,REPLACE,0.95,CIT_8c0128e864252b75ee59d434c77f13b44bb6fa7a5769c07181672e3b6af11b6b,smws,f1ca0ac3e275fbdbb156d04ce7bc28ef9e2fe2202dbeadcf11d62cf7f5dff776,fill_null
9fdd5383-121f-5566-973a-36d04d95a068,region,region,Highlands / Island,Highlands / Island,APPLY,REPLACE,0.95,CIT_5f2c36cf49b3fb4f96594c6ed674e0d145314b0545f0828da61d3cc08abd5816,smws,ab2a102cad743415b0c2508fa67ef73d61f98e677d134db736c8481433abf8f3,skipped_existing_stronger
9fddc56d-264c-5c5e-87df-c0c9f37e941a,cask_type,cask_type,,butt;refill,APPEND,APPEND,0.95,CIT_5d6c4a9d12cc846b43bcd0deb8b28d84bc8d0c86e9de73ecd1dabe8c567f6313,smws,2f28d9bc3c869602b97782899226b433a1705d70a49a78c1221fbfa52d49b9a1,fill_null
9fddc56d-264c-5c5e-87df-c0c9f37e941a,region,region,,Islay,APPLY,REPLACE,0.95,CIT_5d6c4a9d12cc846b43bcd0deb8b28d84bc8d0c86e9de73ecd1dabe8c567f6313,smws,2b3caeba56e798d4f3c845dc164beab136bf55eb78db5e1df10302aadc4dcb57,fill_null
W001645,cask_type,cask_type,,refill,APPEND,APPEND,0.95,CIT_e55db1e47faab12aa73a331482d6ca605d609686e4b8e5ca2856cda9e31eb987,smws,179cf7bafa96950be784922142394eaa3a781c7d43b93ee84c276823f32c17ff,fill_null
W001645,region,region,,Islay,APPLY,REPLACE,0.95,CIT_e55db1e47faab12aa73a331482d6ca605d609686e4b8e5ca2856cda9e31eb987,smws,483e83728eac930a41f11e6439114c4cfa3c6f6e86961a9ba880a9c746c4ef4d,fill_null
a003e793-e244-55be-849d-627ccd0f169b,cask_type,cask_type,,hogshead;refill,APPEND,APPEND,0.95,CIT_3161f867c69aa5a043418c4ab4e01b645a6ded073b6b3a4a152e7ca5e9e87d3e,smws,f9f618e17d29120e4773b24bbc8108faf8cee94fc055f4acd58e981a0bc687ce,fill_null
a03064a7-81b2-5658-b4a3-821ce4ffb573,region,region,Highlands / District,Highlands / District,APPLY,REPLACE,0.95,CIT_0d12a1d3c3918b5bd13a48b123c0a56bc1fbca09ec75a203058ece35e225a5a8,smws,7185b165ec59634fb26933ced99802c51a084381566bac5eb4bd541f48fade11,skipped_existing_stronger
a052f8b6-7ab6-5e1a-9875-d6c848b4b9bd,cask_type,cask_type,,hogshead;refill,APPEND,APPEND,0.95,CIT_09cde77ab441ad0cef3c565afa833f97c1a0d4d07338e03f2141cb051a16fa64,smws,96f5fdea85e65e82930fc05819a6989af976469af21fb6dd9b076467f76b9e2b,fill_null
a052f8b6-7ab6-5e1a-9875-d6c848b4b9bd,region,region,,Islay,APPLY,REPLACE,0.95,CIT_09cde77ab441ad0cef3c565afa833f97c1a0d4d07338e03f2141cb051a16fa64,smws,4f246e32501db56b36e8593585c62c50db86bf90a1d48c294601aae9a9245326,fill_null
a08082c5-da56-5cab-a819-f1a45681b223,cask_type,cask_type,,hogshead;refill,APPEND,APPEND,0.95,CIT_19261fd3e255e4db3596a5d9dbbaeb873487c2158fbdeda2d6e93bb98d5300f4,smws,16c442cd413c6690c06d6ad1c1a30af7cc97c3bafeecbf4dae97c6c1ab4e9df1,fill_null
a08082c5-da56-5cab-a819-f1a45681b223,region,region,,Speyside,APPLY,REPLACE,0.95,CIT_19261fd3e255e4db3596a5d9dbbaeb873487c2158fbdeda2d6e93bb98d5300f4,smws,cf27b19be6e3e2a5042e84301d5a6ac3711d8306a7e3827689726a5bb26924c2,fill_null
a1b32118-e956-521b-8a60-d5dc187b5f49,cask_type,cask_type,,hogshead;refill,APPEND,APPEND,0.95,CIT_1cb8a73e74d894ae3a1e9e238e4e3702bc196afabedf97955b0e088f38759412,smws,d495c9d5744b596877ab4311ec0939321364b998b7e477ad191047b734151854,fill_null
a1b32118-e956-521b-8a60-d5dc187b5f49,region,region,,Islay,APPLY,REPLACE,0.95,CIT_1cb8a73e74d894ae3a1e9e238e4e3702bc196afabedf97955b0e088f38759412,smws,f10de58bc0c399cfed0d635b636e70cf9ced30a8241fffe8ed23f0d6144f0416,fill_null
a1bb7eff-6075-505e-8ce2-14f6154cb3f5,cask_type,cask_type,,hogshead;refill,APPEND,APPEND,0.95,CIT_16e2179407d7044a26d417e38383f129de365ad389c8145b772204aa8af1a63f,smws,e78865d64117d7c8a8dd8d70807b818746c3a6a60ab17822dbb3e2e4b4a91dd7,fill_null
a1e1e40f-fd49-5cda-b8da-6055bc6696da,cask_type,cask_type,,butt;sherry butt,APPEND,APPEND,0.95,CIT_170680adda31d4b5752a1d044786e43ec823f26bbbd3e87284c5b4664e738074,smws,d9dbae5a9d4a79cd6ce2238cff425a7d92a924671b9a3f815f7cda0e214e5817,fill_null
a1e1e40f-fd49-5cda-b8da-6055bc6696da,region,region,,Islay,APPLY,REPLACE,0.95,CIT_170680adda31d4b5752a1d044786e43ec823f26bbbd3e87284c5b4664e738074,smws,219f5fdbcbfe146331bb3a80c35efec6a5f1d8b0eddc2fb632bca01f23363b73,fill_null
a2056777-c982-5377-ad51-7a60dfb52d20,cask_type,cask_type,,first-fill,APPEND,APPEND,0.95,CIT_ed02295845562da05f72c2cb5737aee77ba418ba7a50aa550ed24e61632ae467,smws,0dca9c9cd09ece15436eb9cc62c55e4e349f29d1763b874db7ef5d12b961cc60,fill_null
a2056777-c982-5377-ad51-7a60dfb52d20,region,region,,Islay,APPLY,REPLACE,0.95,CIT_ed02295845562da05f72c2cb5737aee77ba418ba7a50aa550ed24e61632ae467,smws,034f3f19eb16ec953d34323c6b6864e13ee2b641ecd7d9a1a78323bf4ad6c5d7,fill_null
a2792400-9949-53f6-93ab-fb758e061c18,cask_type,cask_type,,hogshead;refill,APPEND,APPEND,0.95,CIT_d32ac40effdc20ad17371a804645e4ed0df6168b1c4d9d50235f2e04db861a6a,smws,77ff22e24dce75e1cc70ac3397cba7f8b57eb0158c350e01a29772c51619205c,fill_null
a28d8518-7e1a-59b5-8617-c21249581140,cask_type,cask_type,,refill,APPEND,APPEND,0.95,CIT_1123ec0dde55146bef7948ba3a49b94f5c1bcde126b9a2db9fbe94d47630c947,smws,25c4750f875cccec36a82fb1acb66b04f56094f03497956420a104145f7ea703,fill_null
a2dfb32f-4c31-5e2a-bde8-8a884168c3c2,cask_type,cask_type,,butt;refill,APPEND,APPEND,0.95,CIT_874288ad1b8c5a35fda1cf572fa738a645daf52d05dffffb7c51c192c2563048,smws,bb8cbbe944ba805fd5eb2557f0b781ec7d89592f607070914ec0816f0b2073eb,fill_null
a2dfb32f-4c31-5e2a-bde8-8a884168c3c2,region,region,Islay / District,Islay / District,APPLY,REPLACE,0.95,CIT_874288ad1b8c5a35fda1cf572fa738a645daf52d05dffffb7c51c192c2563048,smws,798b2cc2ccdbb552f5beef1b3d10ffb0f0b52fee3cda986456a017a0010e8627,skipped_existing_stronger
a2e5065b-6368-5eab-8613-06393762ff3e,cask_type,cask_type,,butt;refill,APPEND,APPEND,0.95,CIT_8e583d8af25c624367fc283750fe0269d8c3479f83b79825a7c259f37f166c38,smws,45bb3c84b60470c231e6cd1ee02c1a0466cfbf4aa3e28bacdcd5296587cba215,fill_null
a2e5065b-6368-5eab-8613-06393762ff3e,region,region,,Islay,APPLY,REPLACE,0.95,CIT_8e583d8af25c624367fc283750fe0269d8c3479f83b79825a7c259f37f166c38,smws,6f99a032e330abcbfd181d1728d6d1355a655b382735c32ad82789ee1c5cd325,fill_null
a2fe662e-d0f5-55af-89fb-f8cb8864d268,cask_type,cask_type,,refill,APPEND,APPEND,0.95,CIT_b7638104ff77c54cc005388e4850d9fc4585fd34942ff4bb58b477fd6fb7a577,smws,f7f822a38fad1ecb699d72930f2e74cfa0530dca30fe9f06eefa18bbb4006d35,fill_null
a2fe662e-d0f5-55af-89fb-f8cb8864d268,region,region,,Speyside,APPLY,REPLACE,0.95,CIT_b7638104ff77c54cc005388e4850d9fc4585fd34942ff4bb58b477fd6fb7a577,smws,a25a2a2176e8be54be2ffec45a8ccf46ed747845a53e89e7bce3f16c2cef8980,fill_null
a3aba630-5b70-5c0b-a907-59e5a736ed1a,cask_type,cask_type,,hogshead;refill,APPEND,APPEND,0.95,CIT_189dd29f6a39ddb4d1f75655fa3e93d3dffbf6a20aa68f7c668e38958fc7bc9c,smws,7130f176bac445c7fad696cba5fe82d1f232f67cf4ab9bb752d64cc4d7943839,fill_null
a3c6004b-a4ba-5168-88c3-cdb7c8e3c34d,cask_type,cask_type,,butt;sherry butt,APPEND,APPEND,0.95,CIT_1ba3f933f3f7efef0c221990959bdb9d76babb12105de2ee32023a0215c8f265,smws,dc48722bfd2e6963d37e207af93fc5a52431a94ebf42ab63ebd92c642d2099dc,fill_null
a3c6004b-a4ba-5168-88c3-cdb7c8e3c34d,region,region,,Islay,APPLY,REPLACE,0.95,CIT_1ba3f933f3f7efef0c221990959bdb9d76babb12105de2ee32023a0215c8f265,smws,7fcb93b63dfa20389409733a3ff752cd8628ebaa7a44f9831c70a2a4875298d6,fill_null
a3c6cd0a-c560-54d1-900a-9bbc96a86862,cask_type,cask_type,,refill,APPEND,APPEND,0.95,CIT_f17a5c4e4b38f021f9844251249fc0182f69ffb840b4223be989c74bfc7303be,smws,b02761c19ed7474a9d34d0f66bd071cf462490bdf64f595fcfd0211c1898c22d,fill_null
a3c6cd0a-c560-54d1-900a-9bbc96a86862,region,region,,Highland,APPLY,REPLACE,0.95,CIT_f17a5c4e4b38f021f9844251249fc0182f69ffb840b4223be989c74bfc7303be,smws,bf34a10a848970d07091dc64881fcfab7d436a5352ffbe71764216216fdef4ad,fill_null
a476297a-52c4-5ea1-b5d3-e71272f798d7,cask_type,cask_type,,refill,APPEND,APPEND,0.95,CIT_ea178dc39ecf99a65a8185dcbd18703e9afcddad631c9a0045c85d1cf79fd950,smws,d03556934af0e8768942ad5369669034b2912d3b010ac93ef515e05eff575836,fill_null
a476297a-52c4-5ea1-b5d3-e71272f798d7,region,region,,Speyside,APPLY,REPLACE,0.95,CIT_ea178dc39ecf99a65a8185dcbd18703e9afcddad631c9a0045c85d1cf79fd950,smws,2d1afcf19e35f5e820cfec71678d5f1772cf670f3f7c5a1319be4ecc750b0846,fill_null
a5551e4a-7c00-5bae-a95a-58e25cd197ff,cask_type,cask_type,,butt;sherry butt,APPEND,APPEND,0.95,CIT_0f01681ff2b608ccda6b1d3bb1ffe403ac4776918c959d1052757036163fa871,smws,fb49e3ec8fffbdb3ef9f2b9fa3f86b6627db78fda4578179bac08c98d82b7555,fill_null
a5551e4a-7c00-5bae-a95a-58e25cd197ff,region,region,Highlands / District,Highlands / District,APPLY,REPLACE,0.95,CIT_0f01681ff2b608ccda6b1d3bb1ffe403ac4776918c959d1052757036163fa871,smws,35d20b47c7a9ea98d891c47f9f06bcea69416de747e6aa1dd9b8c4f1c5c56a55,skipped_existing_stronger
a693f1e5-db09-55fe-9849-9ff051d59b01,cask_type,cask_type,,butt;sherry butt,APPEND,APPEND,0.95,CIT_494642a8ca0f166e3586f27d1e3555df0d868484bd760e075ac06f4297218266,smws,5537de6b43b9071e58606c5824a2ce6dde16d33eb8cacd3355d315f69963d0b4,fill_null
a693f1e5-db09-55fe-9849-9ff051d59b01,region,region,,Islay,APPLY,REPLACE,0.95,CIT_494642a8ca0f166e3586f27d1e3555df0d868484bd760e075ac06f4297218266,smws,36d876bf7beab7661b145da73fbd13babeb7184e0d13d16e40a38fbdced34910,fill_null
a72e11d5-2bf8-5544-8feb-803806369af3,cask_type,cask_type,,hogshead;refill,APPEND,APPEND,0.95,CIT_f58dd11b8061bc2abcfc0b20c39e11866c4b017b172ff1cc78eda102f67a06db,smws,ea74270acb3e0b07d0d66d37fbfa97e6b155e7035b62d3dc2338b8a9c45d77d3,fill_null
a72e11d5-2bf8-5544-8feb-803806369af3,region,region,,Speyside,APPLY,REPLACE,0.95,CIT_f58dd11b8061bc2abcfc0b20c39e11866c4b017b172ff1cc78eda102f67a06db,smws,e355b9661df85e20c77e68f03b3467cbce9300bbed18720a2e2aff14327d8b46,fill_null
a73b1b26-a38b-5396-936d-23002c59e795,cask_type,cask_type,,hogshead;refill,APPEND,APPEND,0.95,CIT_070f323a42774a69aff2002f508c687bcd2e293de23b473ccdc641eaf75b5357,smws,2631a5c36e4c917a0929759d8e0d959120718319094d34271d5f0ffa089d7deb,fill_null
a73b1b26-a38b-5396-936d-23002c59e795,region,region,,Speyside,APPLY,REPLACE,0.95,CIT_070f323a42774a69aff2002f508c687bcd2e293de23b473ccdc641eaf75b5357,smws,c5d14690a07cd5c18ef8cfeca32dffe727298488ce0bc950c4e6626d9beb7603,fill_null
a73ce705-9e34-5e6e-bb65-6c445696606d,cask_type,cask_type,,hogshead;refill,APPEND,APPEND,0.95,CIT_5711ed4a629f3af427c40eed67c0ca94a8395620e89fa57f52c7624769ff873e,smws,fa9e6e597c26d04c0aff72d734af67ade45c304269af4018e658a854e516bce3,fill_null
a73ce705-9e34-5e6e-bb65-6c445696606d,region,region,,Islay,APPLY,REPLACE,0.95,CIT_5711ed4a629f3af427c40eed67c0ca94a8395620e89fa57f52c7624769ff873e,smws,508692c6eda97d9fa770c3d5ecfeb3a0c10562898280283c619bee323c87d46a,fill_null
a73fc26d-3117-5d0a-9e49-a8d7de9941d9,cask_type,cask_type,,hogshead;refill,APPEND,APPEND,0.95,CIT_51e6159abb1a0be8a143e6ba9710a439f562b4ebee363781385716324f7ccfa8,smws,b1aa91405ca06bfb6b12d89fc005b8fd9b507d10b21e0b8c6507c5238ab2ec5a,fill_null
a73fc26d-3117-5d0a-9e49-a8d7de9941d9,region,region,,Islay,APPLY,REPLACE,0.95,CIT_51e6159abb1a0be8a143e6ba9710a439f562b4ebee363781385716324f7ccfa8,smws,594d801316d1d30c77026dec76db26348b397dae1101b39245fff37ba7ff12ac,fill_null
a773ee7d-2049-5dd9-9256-e753b986b2d3,cask_type,cask_type,,refill,APPEND,APPEND,0.95,CIT_a02e69ced044e078b398aa5a57dbdfe18b08abb8edb549b9b115a36e8ea292cc,smws,0494390561f5bebc7fcf75be3b72a8bdead5a8beeb62c650db2e533650dc4be5,fill_null
a773ee7d-2049-5dd9-9256-e753b986b2d3,region,region,,Islay,APPLY,REPLACE,0.95,CIT_a02e69ced044e078b398aa5a57dbdfe18b08abb8edb549b9b115a36e8ea292cc,smws,aec80417fb30d0b8399f707e74b0b1b46254fe16d175d17a2ccacb4558d09c8a,fill_null
a78b19b9-5976-53ea-a95b-d264da636bb5,cask_type,cask_type,,refill,APPEND,APPEND,0.95,CIT_07a6a066eef19d37c044b2d181e0eaf1b99924db08320403fa99d6a7f803b5c9,smws,9454bc02e08925072a13c820bb5509aef0e705507d236d59964d14e6cb96783a,fill_null
a78b19b9-5976-53ea-a95b-d264da636bb5,region,region,,Speyside,APPLY,REPLACE,0.95,CIT_07a6a066eef19d37c044b2d181e0eaf1b99924db08320403fa99d6a7f803b5c9,smws,2e2d52381d0cf9ade10a3ee4b7d9eb0fb9bf88af7f200ce996634cf603c04d30,fill_null
a7bde329-5296-5cf5-a9cb-367459f8e0a6,cask_type,cask_type,,butt;sherry butt,APPEND,APPEND,0.95,CIT_224eacca6f2090b25225f5bd65fa7b166c0b1545be771e7b57f0e1d6db89d8ff,smws,db79d2313bd43a079a7272d23f4acd3d722a96e0830f1465326a0588413e2308,fill_null
a7bde329-5296-5cf5-a9cb-367459f8e0a6,region,region,,Speyside,APPLY,REPLACE,0.95,CIT_224eacca6f2090b25225f5bd65fa7b166c0b1545be771e7b57f0e1d6db89d8ff,smws,32d75441f16ac64bec7817cb42c28d52e29c4139c1e8e243eeeb983e03d6549a,fill_null
a8d7748f-0f85-5d44-863a-0505f8fe138e,cask_type,cask_type,,first-fill barrel,APPEND,APPEND,0.95,CIT_aa05d31f654a3a70c491b7d06c1475b17dd3b23b3fe1e993b8a23d197478c1e2,smws,c53db253d74e5631b7126197c5ce376b56bdf98e759dba113c05da858c5323c5,fill_null
a8d7748f-0f85-5d44-863a-0505f8fe138e,region,region,,Speyside,APPLY,REPLACE,0.95,CIT_aa05d31f654a3a70c491b7d06c1475b17dd3b23b3fe1e993b8a23d197478c1e2,smws,7093ebe55d0ff5d3ad810622efff80bb98705d5ed2c7f9db0bf7596812a4aec8,fill_null
a92672e0-aa52-506e-8a34-918103f6cf30,cask_type,cask_type,,hogshead;refill,APPEND,APPEND,0.95,CIT_4a15e7703deee225362a5540807a6581d0442163b705fe921b33d10860bd3995,smws,b332c07082135adcbb52976f2fca575bc660a8ebdcd28b08221e1e1326f023de,fill_null
a92672e0-aa52-506e-8a34-918103f6cf30,region,region,,Speyside,APPLY,REPLACE,0.95,CIT_4a15e7703deee225362a5540807a6581d0442163b705fe921b33d10860bd3995,smws,fd5533eb74784ddf798be97aed69651d88c2b37dd96c31511ad5de81235c128b,fill_null
a95bf596-46dc-5bf6-8243-123af1a81f4f,cask_type,cask_type,,hogshead;refill,APPEND,APPEND,0.95,CIT_c7bbbafc59a14f8678e03793fc676aa00be525691fb6c301d71bdc7049f10260,smws,20129175576567115d60e413d3d368a9eaa8ef34948b7755f30a8258143a492c,fill_null
a95bf596-46dc-5bf6-8243-123af1a81f4f,region,region,,Highland,APPLY,REPLACE,0.95,CIT_c7bbbafc59a14f8678e03793fc676aa00be525691fb6c301d71bdc7049f10260,smws,182b35c39bda9f06d6cb1cfe4509c8f17ea0c5024ec999c9ae83957f8b3358f8,fill_null
a9819013-a5a4-5c41-ac2f-65c5246e9163,cask_type,cask_type,,hogshead;refill,APPEND,APPEND,0.95,CIT_1011b25a5133d9f7e99ca6f2dfbc1610262568140f24bcb705309d00d9c6acd0,smws,4d2ee2bf584dfe2cdddb156d6fa7baaad3ecb7d27d6169141d2e38bd2fb79c18,fill_null
aaa00244-00d2-5dba-9fb4-db4a209b835a,cask_type,cask_type,,butt;sherry butt,APPEND,APPEND,0.95,CIT_2b3c8dada5aa18ad8db309d2f22bc410174a39447175cc7522203cc3a03ed58e,smws,6651c241d6bc0ed0b9056e9218c7aeca25afe11e64c21f5e86de7a1c73879ced,fill_null
aaa00244-00d2-5dba-9fb4-db4a209b835a,region,region,,Speyside,APPLY,REPLACE,0.95,CIT_2b3c8dada5aa18ad8db309d2f22bc410174a39447175cc7522203cc3a03ed58e,smws,18cfdf1e7c4add07577e76766189d519998f196e73677aa7ca088cb96553037d,fill_null
aaa43573-8c35-57b3-afd2-0c7a26683263,region,region,Highlands / Island,Highlands / Island,APPLY,REPLACE,0.95,CIT_d4b5397081ee52e7d465f80da781ea7ac685c494af7dc62dd3d6fc3521158675,smws,0a8ce7c379a600afbb7d925d040aa1d10f9e0c6a6637fecba390622ace3690f6,skipped_existing_stronger
ab03948b-3bbf-5756-a153-4fc2c3a76be9,cask_type,cask_type,,hogshead;refill,APPEND,APPEND,0.95,CIT_a81b74a1dd98bafc7be9fa3006ab9a8ce2b86dac2a1b9dbd535ec5fd7594df8d,smws,398a0be1b503edcb08466d87f2e7737ca20f2f1aabedf567fc5cee2019d31fdf,fill_null
ab03948b-3bbf-5756-a153-4fc2c3a76be9,region,region,,Speyside,APPLY,REPLACE,0.95,CIT_a81b74a1dd98bafc7be9fa3006ab9a8ce2b86dac2a1b9dbd535ec5fd7594df8d,smws,420b118391b051b184edaf3c0293aecdb52c0e432780e93423d56b0bd5189f16,fill_null
ab161ef7-6f6b-5d3f-9a75-e79e5499d601,cask_type,cask_type,,first-fill barrel,APPEND,APPEND,0.95,CIT_2930a3908d3c6853375123fce036b6f5e0ec05767fe6e71a86b54488eee008af,smws,2588fb8c137168e52ac1d91b16cfb9c666365d93fca6c84b79cb82aba3bec21e,fill_null
ab161ef7-6f6b-5d3f-9a75-e79e5499d601,region,region,,Highland,APPLY,REPLACE,0.95,CIT_2930a3908d3c6853375123fce036b6f5e0ec05767fe6e71a86b54488eee008af,smws,8594cc1b6f7b2adb9e0dbc07dee81100f9b3bfdff04b21a08a1de3ad01300d68,fill_null
ab1acf78-01da-5510-8850-5a7dd3f9c627,cask_type,cask_type,,hogshead;refill,APPEND,APPEND,0.95,CIT_d5ac98db1466357814310e41b10ea75cb49fd69c6fec7ce89dafd35436e63599,smws,6588b3e4e9a50e54a021f6aaaf3e3328b3fcbd405a29d9ccf55a29c5bbc8fad4,fill_null
ab1acf78-01da-5510-8850-5a7dd3f9c627,region,region,,Speyside,APPLY,REPLACE,0.95,CIT_d5ac98db1466357814310e41b10ea75cb49fd69c6fec7ce89dafd35436e63599,smws,baa10a2b363cdfa913ca5e150f79412d54fe299312c6ec59a8b2815ba5565ba4,fill_null
ab73dcf3-49b2-5f40-9291-d17d00881e1c,cask_type,cask_type,,butt;refill,APPEND,APPEND,0.95,CIT_dd23e0dbe70144cb59893322c825d6c5e797cdab2a25785d95f6cb89c1585d2b,smws,dd109e9eee87b2563e47d2c7d4d6938d5649f4b4e773c4eceb0c2526e3fcf2d9,fill_null
ab73dcf3-49b2-5f40-9291-d17d00881e1c,region,region,,Highland,APPLY,REPLACE,0.95,CIT_dd23e0dbe70144cb59893322c825d6c5e797cdab2a25785d95f6cb89c1585d2b,smws,801f5627ed2b1ad8aff911c35f837d05887b9478afd22f3cb19f20d6c4e564b1,fill_null
abce6bf1-3c63-5b38-a750-df2b8cca014a,cask_type,cask_type,,hogshead;refill,APPEND,APPEND,0.95,CIT_e24afad1f5718518a3c95aa052d9c9f98caa182035ccc68b96a7bcf5621d7ed4,smws,294a6c374eb2e2666d0413603af85f819f25bb155d0cce1b406b09016bf90140,fill_null
abce6bf1-3c63-5b38-a750-df2b8cca014a,region,region,,Speyside,APPLY,REPLACE,0.95,CIT_e24afad1f5718518a3c95aa052d9c9f98caa182035ccc68b96a7bcf5621d7ed4,smws,f878d2c52377bef1be921b72c03a25009f7988a63e444e829fb02388e3743abc,fill_null
aca26396-0494-5af0-ac2b-ca204cd640ad,cask_type,cask_type,,refill,APPEND,APPEND,0.95,CIT_45301082df59c86953bef790305fc82af5e67e03690a0ca8495062453a1f672e,smws,4e6532ee46583e85753c66b17896e7a082d748cd96cc235989e8e1f36bc582c1,fill_null
aca26396-0494-5af0-ac2b-ca204cd640ad,region,region,,Speyside,APPLY,REPLACE,0.95,CIT_45301082df59c86953bef790305fc82af5e67e03690a0ca8495062453a1f672e,smws,af0f39121ef24e6beaed5fb47af0f2a48b719b126cc44526dfd09810bb2e3d2b,fill_null
ace5d4d2-c540-568c-a0f4-a1dd37104ee6,cask_type,cask_type,,refill,APPEND,APPEND,0.95,CIT_1b3f80f99a73fb02c713253eaf1d4792bcf8ea3414aaa6b5aca21d1cb3458ca2,smws,3e4972e518cc4c38683f2e432ae32d505b214c9316a0ac343b9a50db5f93e164,fill_null
ace5d4d2-c540-568c-a0f4-a1dd37104ee6,region,region,,Speyside,APPLY,REPLACE,0.95,CIT_1b3f80f99a73fb02c713253eaf1d4792bcf8ea3414aaa6b5aca21d1cb3458ca2,smws,5c6e474da9766d69c58d30138be7b78dd26337b4484aecbae74504dea7a10e4d,fill_null
acf667d2-4834-5850-a161-124d162e118b,cask_type,cask_type,,butt;refill,APPEND,APPEND,0.95,CIT_1d841c5a549343cff68c70fc1a80ad4d1510b0052eae96d6c5566322da05f134,smws,7f7252b7f3f9497054d4ba033efc6bc41e3ccf3bd386896313eef4fc4ece0281,fill_null
acf667d2-4834-5850-a161-124d162e118b,region,region,,Speyside,APPLY,REPLACE,0.95,CIT_1d841c5a549343cff68c70fc1a80ad4d1510b0052eae96d6c5566322da05f134,smws,33ea2006c6de32496fbbf7ab20c9239ca328dde28dd958808e48948196daa9b9,fill_null
adaae249-2a59-5059-aa4d-09eff1f0f0af,cask_type,cask_type,,hogshead;wine cask,APPEND,APPEND,0.95,CIT_261d1bc3f1f1d77bddd8b032b11567959c474c51696095f514211cbd74970633,smws,96ead456be2e87266d94ef2844003e27f85df859a8c9bf4e7b892e939f26c6b1,fill_null
adaae249-2a59-5059-aa4d-09eff1f0f0af,region,region,,Speyside,APPLY,REPLACE,0.95,CIT_261d1bc3f1f1d77bddd8b032b11567959c474c51696095f514211cbd74970633,smws,f2b0d9df81793a4854d910fe7107c7d4f0789104c0825d0dfe9227ee3b3ec8ad,fill_null
adb7699c-9e1c-53fb-a00a-f42b32d75885,cask_type,cask_type,,hogshead;refill,APPEND,APPEND,0.95,CIT_a0189d4c225845b53d3ec420aa76be58ac3159150b1e60083b6741edff5d37b7,smws,4b3f2db55aef33061b181178b4f4b670cc69c7d570dd2fdd4f1b2b66b070ec47,fill_null
adb7699c-9e1c-53fb-a00a-f42b32d75885,region,region,,Speyside,APPLY,REPLACE,0.95,CIT_a0189d4c225845b53d3ec420aa76be58ac3159150b1e60083b6741edff5d37b7,smws,fea35d46bf8b985aa5f90ba9a4b99b8bc6870bd09363e11c1ab7a74b5922ea89,fill_null
ae41eccf-585d-51a7-bc3d-84740a59341d,cask_type,cask_type,,first-fill barrel,APPEND,APPEND,0.95,CIT_67ad5d32395c09639759ca75e9c42b5eb9bf156f7860bb4f9e1f3a82f5f30670,smws,1084a2c77672cd0b4414bbd961e9fbfb8c455755a588f47c4abe8adf65799e78,fill_null
ae41eccf-585d-51a7-bc3d-84740a59341d,region,region,,Highland,APPLY,REPLACE,0.95,CIT_67ad5d32395c09639759ca75e9c42b5eb9bf156f7860bb4f9e1f3a82f5f30670,smws,b3f11cf2b87ca8ea825b5ba6fbd6dfe88cc4046279ce4ebf74e00f319190c5c0,fill_null
ae79c455-2c52-5e0c-9c7f-eb7086a1ae9c,region,region,,Speyside,APPLY,REPLACE,0.95,CIT_f03efc4cd73d6835d99fad066368800a237fbe9a82827f16a658a913548b1573,smws,ac15e07cb66f1e4664a757088fcb41a54ec3d2b8014a007a9b0e7a24b2701ea9,fill_null
af2ffb32-dd5f-5160-953c-301c3f0a5209,cask_type,cask_type,,refill,APPEND,APPEND,0.95,CIT_396a395f08a17a758227372fed90d089f7f805e67f810cb0c134372d57074ac2,smws,8fa5e07a6b4e4d4ef1dbf635e4eee020301ac80acf747c7b0424895e77a15300,fill_null
af2ffb32-dd5f-5160-953c-301c3f0a5209,region,region,,Islay,APPLY,REPLACE,0.95,CIT_396a395f08a17a758227372fed90d089f7f805e67f810cb0c134372d57074ac2,smws,a8ef3785df3a0a4ed70045c446fd259e8ca9080984ad95c38e283c242fae6907,fill_null
afb23bc7-b657-52da-8f88-85bad84dcd45,cask_type,cask_type,,hogshead;refill,APPEND,APPEND,0.95,CIT_943d9fe952da18a6be9949f3cfe3f417ea26759a88d979e305d16b7df6c54935,smws,899eba650d293196ec634da7e908274293d662f7883ae12d9fdbd2b28ae635da,fill_null
afb23bc7-b657-52da-8f88-85bad84dcd45,region,region,,Islay,APPLY,REPLACE,0.95,CIT_943d9fe952da18a6be9949f3cfe3f417ea26759a88d979e305d16b7df6c54935,smws,c9011cfa3e4139e1ce7497ec76efbeb02889840b8ff1fcd4b7fcd60d053393ce,fill_null
b05d58ed-985f-5d00-bb23-dacff70aab08,cask_type,cask_type,,hogshead;refill,APPEND,APPEND,0.95,CIT_305adfe79d793b9f23496d86ff890f7b1df7d983fa3b8e19d934eff1da3446e1,smws,15b44b4d79c578597acc99f40fa0653ac58981821589fb97966196cfc32d0692,fill_null
b05d58ed-985f-5d00-bb23-dacff70aab08,region,region,,Speyside,APPLY,REPLACE,0.95,CIT_305adfe79d793b9f23496d86ff890f7b1df7d983fa3b8e19d934eff1da3446e1,smws,ff49dbf60a20a1c9443d1c5d83748a9d13aa63231e796566db857754177b8b9c,fill_null
b0eda85a-3cd3-5a21-b3d3-a437d1c55364,cask_type,cask_type,,butt;refill,APPEND,APPEND,0.95,CIT_90a1377dc8381e186659fd3edfc2e6413bb2e27dfeb11e663b903a5dd05992f9,smws,006dfc5080eb5b138dd6e82a103a1d350588ddac4d530af52556bbe8f5e43d80,fill_null
b0eda85a-3cd3-5a21-b3d3-a437d1c55364,region,region,,Speyside,APPLY,REPLACE,0.95,CIT_90a1377dc8381e186659fd3edfc2e6413bb2e27dfeb11e663b903a5dd05992f9,smws,d4c139b7a3d407b43fb57939a67eb2a9c31f54ff924044cf9e7df603685351a8,fill_null
b1f69a31-b7d8-5550-be63-da16d1b652a8,cask_type,cask_type,,port pipe;refill,APPEND,APPEND,0.95,CIT_42d46548030c9def5d4c248074e9afbf06f075dfc5fabc845d281c7b05d615cb,smws,654db715fcb6bb8eb2b2677a16e056411d063e3e5b12658ebcf8fd6696731977,fill_null
b20cea86-25f7-52af-8482-937bb6f78452,cask_type,cask_type,,hogshead;refill,APPEND,APPEND,0.95,CIT_b5664be7dd5e931352dece37b670afd99ad5ec40942c5baf6a50763c3b9498e2,smws,a9ae6b31d38325ac528f8952bb66af21230f62bde7116fdf63a3f5f7d63a7840,fill_null
b20cea86-25f7-52af-8482-937bb6f78452,region,region,,Speyside,APPLY,REPLACE,0.95,CIT_b5664be7dd5e931352dece37b670afd99ad5ec40942c5baf6a50763c3b9498e2,smws,18834f8076708cf6c5cc1af855c573756baa54b97012a4dd70880af46af81c01,fill_null
b229f565-dc4d-54bc-b200-19ec15f9bde2,cask_type,cask_type,,hogshead;refill,APPEND,APPEND,0.95,CIT_e826ce3fd577bd08a2fc08ab48706c438cf3725795b298535eac82ce25e178c3,smws,e4eb4ced2fed696d91e440cf6734b7fabfe415dc3300a3a320697e8d291fbee5,fill_null
b229f565-dc4d-54bc-b200-19ec15f9bde2,region,region,,Speyside,APPLY,REPLACE,0.95,CIT_e826ce3fd577bd08a2fc08ab48706c438cf3725795b298535eac82ce25e178c3,smws,754a1602a3dc73bb483652374ee7ab282a11ff08988baf1dc95f61533a73ad2c,fill_null
b2a39615-d111-5d4a-a955-7f9a9351a39a,cask_type,cask_type,,hogshead;refill,APPEND,APPEND,0.95,CIT_58905ccd4fb25133b9f0ebe8c89a94c373a2d5f3f87c3bdd37aedb73f81a4c24,smws,4a1f2ed066b905c93ee205f2af747bf8fc019577dc20429680b69116dfbab871,fill_null
b3177a1c-75c5-5146-b929-aa12686e65c4,cask_type,cask_type,,hogshead;refill,APPEND,APPEND,0.95,CIT_6d265487e392087673f3eff186493c8c7c93e29067e3fd067eb91da7e6d722b0,smws,876139be9779146aab692c6b512a6b30553b4ffc61312de4f105294220dff454,fill_null
b3177a1c-75c5-5146-b929-aa12686e65c4,region,region,,Speyside,APPLY,REPLACE,0.95,CIT_6d265487e392087673f3eff186493c8c7c93e29067e3fd067eb91da7e6d722b0,smws,9d40b51209f9f301398899c6146a8fa3abd4092ec763c2243addb5f53247818d,fill_null
b340942d-5301-5676-9bff-6a26051d6bd2,cask_type,cask_type,,first-fill barrel,APPEND,APPEND,0.95,CIT_71483523dc6054cf3d95e521baff22602f89cc1e1e0a91d30004f2dd30d2cfda,smws,98e7f2093e77343ec27897c7d97000b2b55383942c03ea03efe206693f7090d2,fill_null
b340942d-5301-5676-9bff-6a26051d6bd2,region,region,,Highland,APPLY,REPLACE,0.95,CIT_71483523dc6054cf3d95e521baff22602f89cc1e1e0a91d30004f2dd30d2cfda,smws,6c2399ce3ef68d5513e3a209622600ca2a1e908667ca7bc05fab7759480c06b2,fill_null
b37d3fd8-5f0f-50c9-9636-2be8259c829d,region,region,Lowlands / District,Lowlands / District,APPLY,REPLACE,0.95,CIT_0a02087c528289f13e79cb3c283d2a75aaeeab40f4e995a6f8408c25c67b1428,smws,8c7b455b3d1dc6fd98f2551417808e6cd180b67358fda54f90cb25a419c64631,skipped_existing_stronger
b3f50270-cce5-56af-b16c-8dbb48db390c,cask_type,cask_type,,hogshead;refill,APPEND,APPEND,0.95,CIT_af6960cab808a5a3b443c904621d21242ff57784d5053ea6049799ca15d86895,smws,d3d19312dc040ba6814348bfd3f72a25d570abec4970074e01c2c131feceb331,fill_null
b3f50270-cce5-56af-b16c-8dbb48db390c,region,region,,Campbeltown,APPLY,REPLACE,0.95,CIT_af6960cab808a5a3b443c904621d21242ff57784d5053ea6049799ca15d86895,smws,53b1ee07c7d01c16da5655237a43e42cc8d94fac5622aa7a5571bea55b9e5af4,fill_null
b4163c3c-da78-5f90-8620-a0ed7d133c80,cask_type,cask_type,,refill,APPEND,APPEND,0.95,CIT_1f5206d33e88dee4e84495916b68cc6824f33c7c5b175cc1589b4d09e3b0bed8,smws,72ceb28d86b3b17d5e9ebffd353d9a45137c71f7a98eae394378420c2c7a8119,fill_null
b4163c3c-da78-5f90-8620-a0ed7d133c80,region,region,,Speyside,APPLY,REPLACE,0.95,CIT_1f5206d33e88dee4e84495916b68cc6824f33c7c5b175cc1589b4d09e3b0bed8,smws,e7fa2943e28d518eec1f0559731683cc5a111ae8051cc103e1b9b4a11e9e6464,fill_null
b48c2946-4487-5460-9bf9-67eeba662ea4,cask_type,cask_type,,hogshead;refill,APPEND,APPEND,0.95,CIT_e3703a70f91338dab1b4651a3b3c149cf662caadb0bd107466b0f9a2c1df9e61,smws,837ae037d3f8b53a473c9ad47b522661b7cf71f9eadd52e5bac15e8e98123dcd,fill_null
b48c2946-4487-5460-9bf9-67eeba662ea4,region,region,,Speyside,APPLY,REPLACE,0.95,CIT_e3703a70f91338dab1b4651a3b3c149cf662caadb0bd107466b0f9a2c1df9e61,smws,87252ab08038a8005fea1354d5385d5e37372466e006a80b6c0c9d40c0e4f226,fill_null
b4b5b500-b1f7-5e6e-b66e-9b013fb33f4f,cask_type,cask_type,,hogshead;refill,APPEND,APPEND,0.95,CIT_0511a25f049cee5750da16b6adc3af6bc1b58b3da9f11851d98c28b38fc4c847,smws,7202f3c114ab256257b8676f75cdf37000dd19e79d8d4a3cc12ab0bb2c296d65,fill_null
b4b5b500-b1f7-5e6e-b66e-9b013fb33f4f,region,region,,Islay,APPLY,REPLACE,0.95,CIT_0511a25f049cee5750da16b6adc3af6bc1b58b3da9f11851d98c28b38fc4c847,smws,e19fbe68873e7bb8dd32d917636ee3990ade3731ce53baa718de9d8cf8a2e69d,fill_null
b4df6f56-6372-505a-a0e0-b7d713924932,region,region,Highlands / Speyside,Highlands / Speyside,APPLY,REPLACE,0.95,CIT_62f51b682f42dcffdc7dbc159aab16c3d0ea254c303a49fa2cce991555b25454,smws,8a9b7b0ba73f3df15bd14ba5db1ac145d2d5958f90f08ee8556abbb2f0efce27,skipped_existing_stronger
b5d3c297-c493-5c8f-b5a2-e31d15217c0f,cask_type,cask_type,,refill,APPEND,APPEND,0.95,CIT_3badb4c9c7afb3767a330f08f2d8648343ad6ff9dadeeb98b486c117a4b7de65,smws,e605da2a06f8cc2a5f49a6c4ea282e5d8519eb161cffac512315c1425610c225,fill_null
b5d3c297-c493-5c8f-b5a2-e31d15217c0f,region,region,,Islay,APPLY,REPLACE,0.95,CIT_3badb4c9c7afb3767a330f08f2d8648343ad6ff9dadeeb98b486c117a4b7de65,smws,1de1d8c7ef2cf3ee51ee7cd0bab056aee4bf10ed9bac2b6f12c409e670a2f4dd,fill_null
b5deaa5e-087f-59e1-9574-f5aaa6ba8eb9,region,region,,Highland,APPLY,REPLACE,0.95,CIT_2376032174b46a0403a87af51f0418f132fbb6456de468afe5ba20705a3ec197,smws,f489d1906f3130cc88ffcd2e27c4a2772a72481fa1c8d13e0ddabbcb03608bba,fill_null
b5e4ba52-de1f-527a-81f7-87f07b3560e9,region,region,Highlands / District,Highlands / District,APPLY,REPLACE,0.95,CIT_06b9ecfaa191f9ae9d20789e421a0a27fe355ea80cb11a74cdc6bef9106c1e5d,smws,8d8b3a19ab64f8485810cafc11958934ea97916ac1daf9b2d5838c5351300abd,skipped_existing_stronger
b5f68bce-5f42-59c4-873b-2fbfa0192d68,cask_type,cask_type,,butt;refill,APPEND,APPEND,0.95,CIT_7d20d56dbe0a253f1eb1bd72ed6beece5a821cab805d41f8328d8243f7a4f7ff,smws,339ecd0da8672a1d4ee0c50b254f7db9d28f67f332415ec04f0ebfad59574c06,fill_null
b6f3a48f-b6ce-5d8c-9ed0-9152e8ed1267,cask_type,cask_type,,refill,APPEND,APPEND,0.95,CIT_535898ff206604b1910c8904933ed3e19c79e10c9dae75ab0bbd83409f0d7c20,smws,b5da6c884672dc6a0de81da54aa71edf6a1c30483c569dd997d7f9a8c204705d,fill_null
b6f3a48f-b6ce-5d8c-9ed0-9152e8ed1267,region,region,,Islay,APPLY,REPLACE,0.95,CIT_535898ff206604b1910c8904933ed3e19c79e10c9dae75ab0bbd83409f0d7c20,smws,6d1879e1d788faf06b88985d17d8bf40944ca84a1a385d4ccda1a873a2a40ad5,fill_null
b7a89fb6-3e1c-5301-b434-dc5f5eea56ce,cask_type,cask_type,,first-fill barrel,APPEND,APPEND,0.95,CIT_c54c3d9e86ac3edc6f56d621f11b4eafd9a8d2d6cb8dcf8956b549fb0412b1a5,smws,dc60a2f1f4e326ac38e2eb31ab7b7b85e48d70b38301207488d51622c9d13c6d,fill_null
b7a89fb6-3e1c-5301-b434-dc5f5eea56ce,region,region,,Speyside,APPLY,REPLACE,0.95,CIT_c54c3d9e86ac3edc6f56d621f11b4eafd9a8d2d6cb8dcf8956b549fb0412b1a5,smws,a8fc860ca8c0937a01a85b89e08f5a6b8d9e080e3bf8e2240b1714566e0bf02e,fill_null
b94ec1af-e421-5f11-ab3f-0d6bdc9cfa42,cask_type,cask_type,,hogshead;refill,APPEND,APPEND,0.95,CIT_8e9196c829bd27875a6071dd61fb0290278977dfdd0dd2465b353f48b04bc5af,smws,ef46715545e7449de571ed13e566142674c0a9525e245009dac39de166c779e7,fill_null
b94ec1af-e421-5f11-ab3f-0d6bdc9cfa42,region,region,,Speyside,APPLY,REPLACE,0.95,CIT_8e9196c829bd27875a6071dd61fb0290278977dfdd0dd2465b353f48b04bc5af,smws,b88835ba8eb2af43fb92db241062f91e175a25acf80ce96e0af42414136dd95f,fill_null
b9778eda-edf4-5da4-b948-87579eeac70a,region,region,,Lowland,APPLY,REPLACE,0.95,CIT_06c5e785135a349991559b2bbd1e3cfb3742004224ee4940b1769b9508ec3552,smws,14c15e8e2f61e7a357fa96357b988a91152968b47f01c20e5e3e6bbdef631057,fill_null
b9ae0e40-4622-576c-8288-e24d0d00b4e7,cask_type,cask_type,,hogshead;refill,APPEND,APPEND,0.95,CIT_9844093d6fde52cb5276aecbf416d1d67a09f4df96130db6c3845d156973e3aa,smws,1325fa0762df1c32e76afd94ddc19d7fcba4129cc54152f7d2106f340699b88a,fill_null
b9ae0e40-4622-576c-8288-e24d0d00b4e7,region,region,,Highland,APPLY,REPLACE,0.95,CIT_9844093d6fde52cb5276aecbf416d1d67a09f4df96130db6c3845d156973e3aa,smws,971a37544a5dd10522fad2001093d71f64901ea70be3f7079ca0485c720689a6,fill_null
b9b1b2a7-2510-5e08-a167-47d71fe5a30f,cask_type,cask_type,,refill,APPEND,APPEND,0.95,CIT_9280294f31a350714e820b5528f1d3a7adc554935063b76c64b2223823f07053,smws,cbdc60a3fb355c0c4a03480a31f94c9940da1375ea154bd7510c0bc8a454634e,fill_null
b9b1b2a7-2510-5e08-a167-47d71fe5a30f,region,region,,Lowland,APPLY,REPLACE,0.95,CIT_9280294f31a350714e820b5528f1d3a7adc554935063b76c64b2223823f07053,smws,e2d96538fd223daaa42e21d4f60d63132460f93c74167189401e9d6bc860a3b8,fill_null
b9bd2008-a1a3-5f78-89db-ab9038e0069f,cask_type,cask_type,,hogshead;refill,APPEND,APPEND,0.95,CIT_103e73d1c409f30e0abf6da33eb02f2f1d03a9cb72c93363aa41091a55c024bf,smws,3add357e92d6ede521a68e0c03648283edac01fcb48f61f0cb52e13f30856f29,fill_null
ba40280d-19ba-5fe7-8ae3-6e1217663f97,cask_type,cask_type,,first-fill barrel,APPEND,APPEND,0.95,CIT_dfe809348f807745e1aca14f1ba9feb8dac532b7ae86f17b129e8c264c42c148,smws,4567a7bfdc1d488048979f8a1a6715b514c4573bd46e2ead3cf169b70df85c15,fill_null
ba40280d-19ba-5fe7-8ae3-6e1217663f97,region,region,,Speyside,APPLY,REPLACE,0.95,CIT_dfe809348f807745e1aca14f1ba9feb8dac532b7ae86f17b129e8c264c42c148,smws,22c4f208e0a5a9e89b0b5100d70349a88b5d6c4f2c13de5fe8a1fefc3f9c109f,fill_null
ba40e478-5e37-5261-aa3b-e60ef1448470,region,region,Islay District,Islay District,APPLY,REPLACE,0.95,CIT_fa923a0171f4972bf190ea273a45f1b2674d89ed9bbe335df9dec91dc72fc1d8,smws,d57d79a86c56749eb9a10e4cb6d8858b68e380d4a9dc95500e28f827f5feb06d,skipped_existing_stronger
bac17ee6-ba73-5d9b-a9ba-b259420ef1e7,cask_type,cask_type,,hogshead;refill,APPEND,APPEND,0.95,CIT_34b1a6777c21a9da41743eea083e61f05f63fb09e15125fe63ff5f9596a4bb7a,smws,c67534a2ecdc0995806c0c8a01076db4bc0d6349e6864fdf387bcaf6854e82cf,fill_null
bac17ee6-ba73-5d9b-a9ba-b259420ef1e7,region,region,,Speyside,APPLY,REPLACE,0.95,CIT_34b1a6777c21a9da41743eea083e61f05f63fb09e15125fe63ff5f9596a4bb7a,smws,7acc525484108cf148bfcbf965fb45b4142209b81b0d9cb7904045c5a69f490e,fill_null
bb387b06-8ae8-5b78-adad-082101031288,cask_type,cask_type,,butt;sherry butt,APPEND,APPEND,0.95,CIT_df13be33e7971abede8e567e6d53769d6c4f7a9f4a61e6cb5807c3c3c03803e4,smws,6c22900e524ebaca00c332d3943c62e5daea54cef789b82fe1d85e5db5bae15d,fill_null
bb387b06-8ae8-5b78-adad-082101031288,region,region,,Islay,APPLY,REPLACE,0.95,CIT_df13be33e7971abede8e567e6d53769d6c4f7a9f4a61e6cb5807c3c3c03803e4,smws,6c3d117c121c955bed8ec2fab6a9c07a298d399ebe86162653cc32db35aa6c68,fill_null
bb7e1cc2-b1ea-5007-9911-c82410d737ca,cask_type,cask_type,,hogshead;refill,APPEND,APPEND,0.95,CIT_ebe448d3b1d53aa89cc8ecc20986feb881f1f2651edba0072a27ebcd200e3c77,smws,6333e817c64a180447568de204e0dfc14cfedda8560ac32f9b1f19323e9e9709,fill_null
bb7e1cc2-b1ea-5007-9911-c82410d737ca,region,region,Highlands / District,Highlands / District,APPLY,REPLACE,0.95,CIT_ebe448d3b1d53aa89cc8ecc20986feb881f1f2651edba0072a27ebcd200e3c77,smws,84a73ff9310f4c7dbc98bfbe218e3356ab87ca7b586cea917e74537a4bd66a08,skipped_existing_stronger
bc24bcd1-1afb-583a-bc37-0e841c7dfcd9,cask_type,cask_type,,butt;refill,APPEND,APPEND,0.95,CIT_10a8cccc978698c1088863cfdf50cbfde13dee730e0cb879ef724c00c299fd76,smws,93fcec7d5eb925dd98448aee727bfe33cca024faee9ce17f32818d25cc965b88,fill_null
bc24bcd1-1afb-583a-bc37-0e841c7dfcd9,region,region,,Islay,APPLY,REPLACE,0.95,CIT_10a8cccc978698c1088863cfdf50cbfde13dee730e0cb879ef724c00c299fd76,smws,0bfe856a05dd9ba5ad48bb29760936ccfe7cf5212d7e0a77c3f27786c86094d1,fill_null
bc8e3289-0ab7-57d9-8b9a-42554754f4d5,cask_type,cask_type,,hogshead;refill,APPEND,APPEND,0.95,CIT_a85161ad11258723a9ce4b594b526b7e28b790c6f66b806c5190adac0789577c,smws,b4252e91fc389959f9a475a6598803e8653f031a2ee3cf99eb4bb2756a9383ca,fill_null
bc8e3289-0ab7-57d9-8b9a-42554754f4d5,region,region,,Speyside,APPLY,REPLACE,0.95,CIT_a85161ad11258723a9ce4b594b526b7e28b790c6f66b806c5190adac0789577c,smws,78f2a05ff5ba1a1ed975c5a8e9e615bb4fc4a4671ff69d3859c9de745136cd55,fill_null
bce07d6a-1f60-5499-9e6c-59ea276d8d86,cask_type,cask_type,,hogshead;refill,APPEND,APPEND,0.95,CIT_002088f3fbb533799d349a5bd224e64570f0cf9622286c0b7688fcd42ed6cbf6,smws,a7e7e0a9f05af22538f60caaa37adaa80f607eaaf009aae63d5593a74a2bbcf0,fill_null
bce07d6a-1f60-5499-9e6c-59ea276d8d86,region,region,,Speyside,APPLY,REPLACE,0.95,CIT_002088f3fbb533799d349a5bd224e64570f0cf9622286c0b7688fcd42ed6cbf6,smws,4d5e5772c0669ce3c3ea5c5596b20ec08e276bc655b73d5852b510e0b51b762c,fill_null
bddb9ac9-35a3-5f53-9c5c-dcf1f3081c69,cask_type,cask_type,,hogshead;refill,APPEND,APPEND,0.95,CIT_d2981604081f2f533cc65974dc3f48a1b728c86dd0e28613ff2a4810073a0a41,smws,5c173be51a03f71e3716015fff981955935c3ab7861f9522930a394a2334fd27,fill_null
bddb9ac9-35a3-5f53-9c5c-dcf1f3081c69,region,region,,Islay,APPLY,REPLACE,0.95,CIT_d2981604081f2f533cc65974dc3f48a1b728c86dd0e28613ff2a4810073a0a41,smws,90902900fb2491b4d04b00769c3eabda79a5e2c12a8d85735e3f00a993a44be3,fill_null
bde62812-00f3-515a-897a-62a179eb64f1,cask_type,cask_type,,hogshead;refill,APPEND,APPEND,0.95,CIT_d69ed8c5688601ac8955fecef30cf6c5c9b0098a09787f96e0e038aa9e4b059b,smws,e5419fd50bcf141c9889d4df9eff40cce97f407323e374c4f97db6f868193b1f,fill_null
bde62812-00f3-515a-897a-62a179eb64f1,region,region,,Speyside,APPLY,REPLACE,0.95,CIT_d69ed8c5688601ac8955fecef30cf6c5c9b0098a09787f96e0e038aa9e4b059b,smws,0a53d369cc8633730d92c0fbd8102b573e1eaec801d2d545533da368fbdf1034,fill_null
be0c8519-9a6d-5425-86ac-cd3c156dee76,cask_type,cask_type,,hogshead,APPEND,APPEND,0.95,CIT_5e50459be1b9173ba1275fdd66ecef8d88ac214c5b0610dc73d568ba39398bdf,smws,3e3d0333e2dfff6b2fa2c73168f47ede3df92b5f331b1c6144fa79cf2dbd7a89,fill_null
be730245-3090-5356-8fba-73a7a294e7c6,cask_type,cask_type,,butt;refill,APPEND,APPEND,0.95,CIT_65b544908d7e8e9b72d08775fe8ffb0cb6f7c6e514c74dcc8138be8f687cc0d2,smws,f00cc5f6b6cf56989649f29944a7668b71b9fc96e473c5504e9dbcb6806bf1ea,fill_null
be730245-3090-5356-8fba-73a7a294e7c6,region,region,,Islay,APPLY,REPLACE,0.95,CIT_65b544908d7e8e9b72d08775fe8ffb0cb6f7c6e514c74dcc8138be8f687cc0d2,smws,a09d7d303d57b3a2d8f8a566c565adf4532b5c68cbc3676821b01c26d377b71f,fill_null
beacf7b7-2d48-5156-a876-122908987681,cask_type,cask_type,,hogshead;refill,APPEND,APPEND,0.95,CIT_fa8d8f7c95254f6e5398615ffd101c018deccb1a92bd214de2a09388c15b8071,smws,e396b7e8e002541c79ed35f97d88fa4a570650c91e191d78e3a3f47ff0d56d45,fill_null
beacf7b7-2d48-5156-a876-122908987681,region,region,,Islay,APPLY,REPLACE,0.95,CIT_fa8d8f7c95254f6e5398615ffd101c018deccb1a92bd214de2a09388c15b8071,smws,527664faa713bf86a45cfa063a9f4247e235ec95afadd6f89f2dcd6b1f308836,fill_null
bec4ab04-e89d-5702-bf05-134bd42b394e,cask_type,cask_type,,hogshead;refill,APPEND,APPEND,0.95,CIT_60cdabfb497969b5d2f89427b9f39d49974fec67e343a8d1bad6eea95527f11e,smws,af4eee9609600b7e5f848a6784a5b14bd66d508eae15106107118b84e3f207ea,fill_null
bef097ab-93a1-529c-b120-7fd87b6120ca,cask_type,cask_type,,hogshead;refill,APPEND,APPEND,0.95,CIT_c58bf061a7d0cf2daa57d7b64d8a7cfa9bef978f782e30c6581fad700437da1b,smws,07251f0f7150133ff3ce6e525fc7af1b082effa07eeba165854cb42755e0ad2b,fill_null
bef097ab-93a1-529c-b120-7fd87b6120ca,region,region,,Speyside,APPLY,REPLACE,0.95,CIT_c58bf061a7d0cf2daa57d7b64d8a7cfa9bef978f782e30c6581fad700437da1b,smws,66ade7250efa46eebaaa0ce2ae9f9bc08e7d9c35cd37f79477b7e32977af78f9,fill_null
bf4ed8be-0ac8-5fe2-b3b5-9334cff8213a,cask_type,cask_type,,refill,APPEND,APPEND,0.95,CIT_6fea86dd2fa553c84391ba72a2560d8954bad822c4c8cbee4b8cde53088e3a38,smws,d70308af747083fb9e7a6734970b806909373dbaff9469d2639772a3ead2738f,fill_null
bf4ed8be-0ac8-5fe2-b3b5-9334cff8213a,region,region,,Speyside,APPLY,REPLACE,0.95,CIT_6fea86dd2fa553c84391ba72a2560d8954bad822c4c8cbee4b8cde53088e3a38,smws,6a5d4878773b667a225bdc91e8000b88410680b7c4645f087bb34ed17fdd4038,fill_null
bfb8a784-5702-5965-8d67-7035e05753e9,cask_type,cask_type,,hogshead;refill,APPEND,APPEND,0.95,CIT_b75c741321adf487fcee7352d9ae2e2b9b63e2edc57feacd0d0dde549adb4641,smws,85ca7031986fae83ddc0c51868d71ba472bdf229d1f2e5d0db16da4e281503d3,fill_null
bfb8a784-5702-5965-8d67-7035e05753e9,region,region,,Islay,APPLY,REPLACE,0.95,CIT_b75c741321adf487fcee7352d9ae2e2b9b63e2edc57feacd0d0dde549adb4641,smws,d8550241327fffa9ce7ce4f38e9b8b36c6f65b6980ebd200460e351464c8a7de,fill_null
bfd02fd3-2f68-5494-89f2-8d9f5b3fe69b,region,region,"Highlands
           District","Highlands
           District",APPLY,REPLACE,0.95,CIT_4bdabe9494fa3e787568773008b5603847dd972764ae4023f9a92b82903f891b,smws,55bbf61785044560f63587e7c46ee3ce8062ac67e283d6732368bb0f32569c42,skipped_existing_stronger
c0653142-474c-5df6-a254-c6ebd03056ca,cask_type,cask_type,,hogshead;refill,APPEND,APPEND,0.95,CIT_f36cb43d753f0d1a4936d5eb6785701d161d75007f5200f0beefb5e8322ca26e,smws,8bba879dfcf00265149ded5fa21aa826b107e97402b46f84c08965d647e7fc85,fill_null
c0653142-474c-5df6-a254-c6ebd03056ca,region,region,,Islay,APPLY,REPLACE,0.95,CIT_f36cb43d753f0d1a4936d5eb6785701d161d75007f5200f0beefb5e8322ca26e,smws,9b5852f5f5f72283d776995e990f29bd81b232a581b2d85527f51bd66b0b661e,fill_null
c0b90a52-c229-5089-ab19-85bce0b1c238,cask_type,cask_type,,butt;sherry butt,APPEND,APPEND,0.95,CIT_ee02e2c98420cd1e18cd2e2ba0d89cdb0fbbefe1959c5e5554f149dfc3dece05,smws,117f47de3d93d33db9b20a4a65e0e3e29b9dbbcc35db1b788f52959819abd3a4,fill_null
c0b90a52-c229-5089-ab19-85bce0b1c238,region,region,,Speyside,APPLY,REPLACE,0.95,CIT_ee02e2c98420cd1e18cd2e2ba0d89cdb0fbbefe1959c5e5554f149dfc3dece05,smws,c70873ef6ebe7f5a28dd5c39656df90e24172fee2c1f5bde9748cc547f1f6a8c,fill_null
c1660acc-a4e8-5d22-92b8-30e894298475,cask_type,cask_type,,first-fill barrel,APPEND,APPEND,0.95,CIT_59dfcb21885fa0a06f76ee3abd8bba69251ddc27570340c8a6229dfc844afb38,smws,9781324e1f62cbcc1941dbf06e27258f4ec1823e75771e730a32cedc8fe64ae6,fill_null
c1660acc-a4e8-5d22-92b8-30e894298475,region,region,,Speyside,APPLY,REPLACE,0.95,CIT_59dfcb21885fa0a06f76ee3abd8bba69251ddc27570340c8a6229dfc844afb38,smws,c332c232351e3b12b4dee4c4910ea675300ca6407718d3f45f5b3c7ba55ef63d,fill_null
c237a668-ac1d-5592-ae23-24d77e4e1a32,cask_type,cask_type,,refill,APPEND,APPEND,0.95,CIT_3a4820baff0ca1179e41acc9b46254075710cd67f78d6ab7671ef6448da54d1e,smws,af3318be0696ed8f9efbde376a5cf460a81e79635b3b3da4e8add7eee3c05ac1,fill_null
c237a668-ac1d-5592-ae23-24d77e4e1a32,region,region,,Highland,APPLY,REPLACE,0.95,CIT_3a4820baff0ca1179e41acc9b46254075710cd67f78d6ab7671ef6448da54d1e,smws,18c4f71bc0ee44ae2b1cb21dce94255a7c227ecfb638962864ec13ba6e6ff09f,fill_null
c2eef6be-e5bc-5f34-86c6-3cfcc5ad024c,cask_type,cask_type,,first-fill barrel,APPEND,APPEND,0.95,CIT_af14f3b5c5ceaf668693aec32e09e9dc107934d3b668c59a4b37a1abf1b766db,smws,21fe05072283781400fa8843bfc52f994d652f7641865876572e5c5856cda5e9,fill_null
c2eef6be-e5bc-5f34-86c6-3cfcc5ad024c,region,region,,Speyside,APPLY,REPLACE,0.95,CIT_af14f3b5c5ceaf668693aec32e09e9dc107934d3b668c59a4b37a1abf1b766db,smws,2226be906460641e217be4649934eeb2ef74524cdaeb5423b897d5d259e3bc0e,fill_null
c30c9832-554a-5c5d-af13-9971a95e97dd,cask_type,cask_type,,butt;refill,APPEND,APPEND,0.95,CIT_802293d555f806da3d013b5fe6698af351cdb36edfcde27bd994f910563a357d,smws,2679941f3112190ddef62977cc24254c8f5ae3c693e62f9f622b7b1fc0679249,fill_null
c30c9832-554a-5c5d-af13-9971a95e97dd,region,region,,Speyside,APPLY,REPLACE,0.95,CIT_802293d555f806da3d013b5fe6698af351cdb36edfcde27bd994f910563a357d,smws,7f53435b376a50754ee71ca2ba0f269a51b223ef7551c10cf3972c74bb2f2523,fill_null
c3bb66dc-0665-58f9-9784-933c81a44a84,cask_type,cask_type,,hogshead;refill,APPEND,APPEND,0.95,CIT_47de44cfd513df8321b8583ec696e2bc49a093fd294f841bb3cea831c504725d,smws,58ea2e2fb0bcf0ca0fbb7546493ec06c678d6ef03102b9845a4330e8762676e7,fill_null
c3bb66dc-0665-58f9-9784-933c81a44a84,region,region,,Speyside,APPLY,REPLACE,0.95,CIT_47de44cfd513df8321b8583ec696e2bc49a093fd294f841bb3cea831c504725d,smws,2b0216a12950ac952ce387557145a02b7bf7c1c93dc57761794bb548204c3793,fill_null
c3dce1c4-9531-51fe-b1b6-0b2edc1a5e7d,region,region,Highland / District,Highland / District,APPLY,REPLACE,0.95,CIT_cd18113fa77d15f15de4f6801bb52b20f9379805d8ca878ff0eda5943ceeef10,smws,4f1f60d719d60f596785d7a18c5d848fb85752349d53a70ed24a852268b3bff0,skipped_existing_stronger
c3facd38-30f5-5a7f-bfe7-71ae09afa327,cask_type,cask_type,,butt;sherry butt,APPEND,APPEND,0.95,CIT_825d636c551e655d731d87ef4a7d42023dba1fb173e51db08b5e91de82d2e79d,smws,a9cc856930653912c515af527bd70fd402c706714b2bd96f2944f980ec019838,fill_null
c3facd38-30f5-5a7f-bfe7-71ae09afa327,region,region,Highlands / District,Highlands / District,APPLY,REPLACE,0.95,CIT_825d636c551e655d731d87ef4a7d42023dba1fb173e51db08b5e91de82d2e79d,smws,63d1b63f694717571c57179ca0b117d70b7d8ac3c3f1271c32ee0900dcd40cb4,skipped_existing_stronger
c45f760d-d60c-5016-8d27-e0934ef882aa,cask_type,cask_type,,hogshead;refill,APPEND,APPEND,0.95,CIT_394610f05221777331d73ef3a0dbb8ff72d9da354656d73d108e52134ab2a969,smws,6c8cea9bd882cc0b74fddbe8d09b8f0fd12b45096847525a42611a9dada2a0be,fill_null
c45f760d-d60c-5016-8d27-e0934ef882aa,region,region,,Speyside,APPLY,REPLACE,0.95,CIT_394610f05221777331d73ef3a0dbb8ff72d9da354656d73d108e52134ab2a969,smws,84a698e3be85baa9d4dcd86deb6e0f7288374c5e2b7e4a8568747c0f67afef00,fill_null
c4765adf-d4d7-533f-a257-85d99269bf8b,cask_type,cask_type,,hogshead;refill,APPEND,APPEND,0.95,CIT_0e2dd4afae937c965c85c25843b661686615fdecae1b414b38de30556fc85f14,smws,47ff9d8f318019b947f808f0580e02f4aa9385652aa7588f1df797d3eb24ee96,fill_null
c4765adf-d4d7-533f-a257-85d99269bf8b,region,region,,Highland,APPLY,REPLACE,0.95,CIT_0e2dd4afae937c965c85c25843b661686615fdecae1b414b38de30556fc85f14,smws,9cb6d43d4377e23b6190aea7620c0272c57783d115bc34698b4c5ce59cb493da,fill_null
c50f9cd6-5068-5ac0-b2fc-7b1ac82a7704,cask_type,cask_type,,first-fill barrel,APPEND,APPEND,0.95,CIT_2dd7f6161484cf5894f1a349c234e09459b1c16f96e9259b1fbf218b4b7be29a,smws,45118d0b2d531b5829f042e7928dd13de6b9d8f4e536f8056c23a438d63cf7ef,fill_null
c50f9cd6-5068-5ac0-b2fc-7b1ac82a7704,region,region,,Speyside,APPLY,REPLACE,0.95,CIT_2dd7f6161484cf5894f1a349c234e09459b1c16f96e9259b1fbf218b4b7be29a,smws,95ec0a23a6e0fc875e4213211e7316f218cb98d2613bd590310242ec2d65d875,fill_null
c573a204-a6d4-5dbd-8253-d99e84d89966,cask_type,cask_type,,refill,APPEND,APPEND,0.95,CIT_bdc461921ef8639d2a3559af910cad40900e451cae4ebc2199aa7a53729e24f6,smws,a1748885002865135b449c03ca0012655c0c7a1e09ea4709b63d493cc23b6c90,fill_null
c573a204-a6d4-5dbd-8253-d99e84d89966,region,region,,Islay,APPLY,REPLACE,0.95,CIT_bdc461921ef8639d2a3559af910cad40900e451cae4ebc2199aa7a53729e24f6,smws,fb5b5ee096a9908e01f6e0dfa37497a5487453d28d57b64c5deb7139349a0d1a,fill_null
c59452ea-8bf0-5cdd-bb76-f6e4abf531b7,cask_type,cask_type,,refill,APPEND,APPEND,0.95,CIT_f3e8b11261d5805ec3c518ad3622d32802810a01ea9fc8b4ee65490358d0d827,smws,89100672845cfb9c96e43dfb20696b43a5d21e301ed4cd224d71b940d19a88da,fill_null
c59452ea-8bf0-5cdd-bb76-f6e4abf531b7,region,region,,Islay,APPLY,REPLACE,0.95,CIT_f3e8b11261d5805ec3c518ad3622d32802810a01ea9fc8b4ee65490358d0d827,smws,54edc2863604c1c823d1b230598ce70191cad4a55b2d59161270ac4b54f1a65e,fill_null
c5d9ea95-7ed8-57f4-8592-40e63a734709,cask_type,cask_type,,hogshead;refill,APPEND,APPEND,0.95,CIT_2e70ac8251d76b795b7d64211c56304d7694ee7bbb3a0b89896b1b08b3b238ae,smws,fe1bfe0be97652fe3f6d1f266fa6933337041baeb0883dc1fddd8d10b9dbdbbe,fill_null
c5d9ea95-7ed8-57f4-8592-40e63a734709,region,region,,Speyside,APPLY,REPLACE,0.95,CIT_2e70ac8251d76b795b7d64211c56304d7694ee7bbb3a0b89896b1b08b3b238ae,smws,5194f1f48edde129b77699eb0aed1c664c53c6a224168abcdcb20d795d2bca06,fill_null
c5fea2cd-af68-5f11-95b0-f8240a3e511c,cask_type,cask_type,,refill,APPEND,APPEND,0.95,CIT_c61f7bd3a1a56fb717b6ca34e92bf5c778e697fb98dae723f3b6429ad0427af6,smws,856b2096be7e63f6de0b6650555186663960cc2bc38e25b891ce248d7a085bb2,fill_null
c67fbbe5-64e6-5ad6-8b88-49c53ec76e5f,region,region,,Speyside,APPLY,REPLACE,0.95,CIT_ad96acf9cd6d77c705fbe8a6f8ae8516cbdeca4b834d2206b34c5ab02a6a7cd0,smws,13da82ea86f6443fde9c6b25ffdfdb675a821b0476fb8a7a9962042c141be44f,fill_null
c689f2f3-bf99-50a5-ad12-b79b75e11892,cask_type,cask_type,,refill,APPEND,APPEND,0.95,CIT_1df5b8c8d8deb746090615836a01b4a7063dbbcc7ee4e0bce833c7321ab5038e,smws,5da0e04ca1fc03457fe19824a176fb5cfd9ea1cd8ebd2ab434741e7c287587ed,fill_null
c689f2f3-bf99-50a5-ad12-b79b75e11892,region,region,,Highland,APPLY,REPLACE,0.95,CIT_1df5b8c8d8deb746090615836a01b4a7063dbbcc7ee4e0bce833c7321ab5038e,smws,1f7d6c5ede5331389b4f7b2978dcd2e0f48ad5df63a78a5719984b48d086039e,fill_null
c7000075-6e4e-539b-a2c2-e016ea3336ce,cask_type,cask_type,,hogshead;refill,APPEND,APPEND,0.95,CIT_16ec985f2272a4adf76884a14b4035f946117d0691657d95b61310fad895e290,smws,cd69f0901e88a6f59465a92c6fae4069f2a5f992598aebb214465a9a939113d2,fill_null
c70437b7-2004-5aca-9ba6-e43e8d80b345,cask_type,cask_type,,hogshead;refill,APPEND,APPEND,0.95,CIT_211688cc291fd5fb729a00b0960b9b1794b14ce20ca827d6363e70131d7cc945,smws,a902e50f946013332d82f729de9b61564a7318450d80d5fb5ee921415efd4fb8,fill_null
c70437b7-2004-5aca-9ba6-e43e8d80b345,region,region,,Speyside,APPLY,REPLACE,0.95,CIT_211688cc291fd5fb729a00b0960b9b1794b14ce20ca827d6363e70131d7cc945,smws,17dc3ddce5ccf62370432a543974234f104815efef50de5137278c38c29d9555,fill_null
c77dc32b-7a8e-51b6-8192-fbe688c9dc51,cask_type,cask_type,,refill,APPEND,APPEND,0.95,CIT_e41004f4cfc27d2ee499a26bde1e7a8dd09a8374227caeace6c529546455d553,smws,a24e9bc49ce11d4b62b45ab890f3d296861cf2b0509778441219d4d36b59fcac,fill_null
c77dc32b-7a8e-51b6-8192-fbe688c9dc51,region,region,,Speyside,APPLY,REPLACE,0.95,CIT_e41004f4cfc27d2ee499a26bde1e7a8dd09a8374227caeace6c529546455d553,smws,e639a905e37a686821adce01ced8847b4462ddd9808faeaf684f0e392f8afaed,fill_null
c797ea8f-618a-50d6-80c5-fa5f11448868,cask_type,cask_type,,refill,APPEND,APPEND,0.95,CIT_69fd4f3976e46f539fbcb147ea4f3eedfbab7c4a7c43241a7d3692124f997eca,smws,526994bf5b55f98149dce11aefdb9cdd93fd90d2cf5b51efdab66b9b3285ea3a,fill_null
c797ea8f-618a-50d6-80c5-fa5f11448868,region,region,,Islay,APPLY,REPLACE,0.95,CIT_69fd4f3976e46f539fbcb147ea4f3eedfbab7c4a7c43241a7d3692124f997eca,smws,fde54e6fcca2c7e35656412e556f7cfbdbc476464f1f6aa1329d298adb50ddac,fill_null
c834e6cf-201e-5c78-b010-be478b018e5c,cask_type,cask_type,,hogshead;refill,APPEND,APPEND,0.95,CIT_985d820ce13d1113c94cb4e1d9decacb4fd40a7aa52f36181271978db8be0663,smws,de01f8ce26b3214d3d0d2055f090ce47679a5e5f020cff3d47f6aed682bc890a,fill_null
c834e6cf-201e-5c78-b010-be478b018e5c,region,region,,Speyside,APPLY,REPLACE,0.95,CIT_985d820ce13d1113c94cb4e1d9decacb4fd40a7aa52f36181271978db8be0663,smws,fa39cdb375d53bd94838ea376fe1d9afbd6034240a024d80d0ecd437c1c8db4c,fill_null
c83b4287-f2be-5883-b1d6-440eb78fe27c,cask_type,cask_type,,hogshead;refill,APPEND,APPEND,0.95,CIT_ea5de121647bf6317902b69df38410bfb59806bb501f459fa4f597bba6131140,smws,d6b9f64208062a2e6ed52e10b189ca53634e546a623cf337a58d5c1c770bdc35,fill_null
c83b4287-f2be-5883-b1d6-440eb78fe27c,region,region,,Highland,APPLY,REPLACE,0.95,CIT_ea5de121647bf6317902b69df38410bfb59806bb501f459fa4f597bba6131140,smws,67c0a9c216239663fab9a6d343b4904b3e36c7bbe4f988c9ab1e2fd92378049d,fill_null
c89c8404-2033-5b00-a517-c9d0ee9e1963,cask_type,cask_type,,refill,APPEND,APPEND,0.95,CIT_104e0ec9c3e552458adf38eeea7f72d960cb4f83bf8aa7982f79964fbb7435f7,smws,c6b5a8261d498e7a8473b6de9280381f4bf28e95ad4b09bf397bbd9376752060,fill_null
c89c8404-2033-5b00-a517-c9d0ee9e1963,region,region,,Speyside,APPLY,REPLACE,0.95,CIT_104e0ec9c3e552458adf38eeea7f72d960cb4f83bf8aa7982f79964fbb7435f7,smws,548a0964317b31c117a0f92f64b1b63b97ab0998c7619af511a29a7176eded01,fill_null
c8d18f9b-c6ec-562e-9451-64d67765f277,cask_type,cask_type,,first-fill barrel,APPEND,APPEND,0.95,CIT_663a9811afa375cf81d2ed06e080c9771ef52665c90d8fdb7b1744c6afd804b1,smws,8436983cda989fd62c085093b15f6d0b2804b016be302123be92dcf40436e84e,fill_null
c8d18f9b-c6ec-562e-9451-64d67765f277,region,region,,Highland,APPLY,REPLACE,0.95,CIT_663a9811afa375cf81d2ed06e080c9771ef52665c90d8fdb7b1744c6afd804b1,smws,7305fccfaba1c16925cc46aacf40d1d9068d88c84d4fc79bd5ac639a18cf3846,fill_null
c8e7c7c0-992b-5b2b-8a20-b75ca0b224ca,cask_type,cask_type,,hogshead;refill,APPEND,APPEND,0.95,CIT_5a18b776463dae4892517c5909fcfdb4a7a5e101eee171f2888940819419618e,smws,ac701c185441e75a43ac73f40a316aafcac5f44ab6e2a385e6151b752d3fe360,fill_null
c8e7c7c0-992b-5b2b-8a20-b75ca0b224ca,region,region,"Lowlands
            District","Lowlands
            District",APPLY,REPLACE,0.95,CIT_5a18b776463dae4892517c5909fcfdb4a7a5e101eee171f2888940819419618e,smws,df418ccf59127790fd9649e8c04fbfe8b5b79f2b122b9fe41a5a516ba92da7cd,skipped_existing_stronger
c8f0d9c2-3493-55b8-9cee-b48505bb6595,cask_type,cask_type,,butt;sherry butt,APPEND,APPEND,0.95,CIT_566c90e4ce6ba503db455f184ea589434bc5e801ecf6659bd79f5e241c48da2c,smws,f9ea1890804267dd212ab8c7909e9313f433176d49a284b16dce4394402abd05,fill_null
c8f0d9c2-3493-55b8-9cee-b48505bb6595,region,region,,Speyside,APPLY,REPLACE,0.95,CIT_566c90e4ce6ba503db455f184ea589434bc5e801ecf6659bd79f5e241c48da2c,smws,b3b90b8fe53eb7b912a096f57309156a316a87f4336d9d39c1bb1367bd132abc,fill_null
c8ff908b-57c0-53c0-b4eb-e4b937c96110,region,region,Islay District,Islay District,APPLY,REPLACE,0.95,CIT_35cbe98709be4abb603955ed12f33869753430a0e150a7356dd76d343abeb93c,smws,389b8d17b13d40f2df06cbedc39453528e9fbac0a5ba0793c937ed2b1b2bf32e,skipped_existing_stronger
ca1fe3c6-a0eb-5dd7-a92a-de5c475cdf59,cask_type,cask_type,,hogshead;refill,APPEND,APPEND,0.95,CIT_7decc1b6df7367d5adb729fed5ab8ca9f99a30f40b84096b3e33d8c44ad8ecc7,smws,828b971e3548faa01ac440eb23de7bd8a563e7c952b6bc3f6d1321371a87769c,fill_null
ca1fe3c6-a0eb-5dd7-a92a-de5c475cdf59,region,region,,Speyside,APPLY,REPLACE,0.95,CIT_7decc1b6df7367d5adb729fed5ab8ca9f99a30f40b84096b3e33d8c44ad8ecc7,smws,5519eba2bd06982d5e94ae7e568865f6970c71949a7d45670393a478473e0d21,fill_null
ca9e0464-af5c-543a-a8c6-6882f5bd64d0,cask_type,cask_type,,refill,APPEND,APPEND,0.95,CIT_6d8c0a48414a948d235ecd60556676ac38aab8eb57d363b71f550be674599536,smws,50f2e17fc20a5f64582c89bc9a92f5647ebad9f50c341737d809402b1357cdcc,fill_null
ca9e0464-af5c-543a-a8c6-6882f5bd64d0,region,region,,Speyside,APPLY,REPLACE,0.95,CIT_6d8c0a48414a948d235ecd60556676ac38aab8eb57d363b71f550be674599536,smws,c2794ed3a3f2b79a86ad0f62df1879c2f3577d743984e9ad038c2c723c2fbe57,fill_null
cab6a49d-1102-5a3c-a3d5-42504490debd,cask_type,cask_type,,butt;sherry butt,APPEND,APPEND,0.95,CIT_7fe40f3b24dfc69ec2e1bc2ee7bad7e3a94f565f5ae4d8e3f4a3b05859055838,smws,be9c26bee828299804d82f085ee126b3c9fdf3b078aa8d80feb2bb5b2de63313,fill_null
cab6a49d-1102-5a3c-a3d5-42504490debd,region,region,,Islay,APPLY,REPLACE,0.95,CIT_7fe40f3b24dfc69ec2e1bc2ee7bad7e3a94f565f5ae4d8e3f4a3b05859055838,smws,3c6fdb30024cf4866a8eaa75fd38945e6c5dd31b8fc0a7ea2dae9edafe2a67ef,fill_null
cac9d1ae-0bae-5766-a32f-b8eb6702d985,cask_type,cask_type,,refill,APPEND,APPEND,0.95,CIT_d1fabc14b9a3f4b7d1277ecd517964844faf15672b536c94d795891cedb923c2,smws,a11b165242ff90c2278f1a19a5cd2151531b8ee9c12f9521e75f9d63e3b349a0,fill_null
cac9d1ae-0bae-5766-a32f-b8eb6702d985,region,region,,Islay,APPLY,REPLACE,0.95,CIT_d1fabc14b9a3f4b7d1277ecd517964844faf15672b536c94d795891cedb923c2,smws,de725c03a1218b2a1033176eebcbb4cf12a6ac87d9ae04f136200d39d69b10fa,fill_null
cbe45610-b791-5769-84ed-a61a1df71386,cask_type,cask_type,,butt;sherry butt,APPEND,APPEND,0.95,CIT_56f3628bca903edd09d9c75ed6c506674f9da320fef4a4a9845eb57804e4a644,smws,25d2c55cc443ac35bc640c8d637dee1da75ed0250836d90098d21daeeb8c2d41,fill_null
cbe45610-b791-5769-84ed-a61a1df71386,region,region,,Lowland,APPLY,REPLACE,0.95,CIT_56f3628bca903edd09d9c75ed6c506674f9da320fef4a4a9845eb57804e4a644,smws,a0f6fe22ca3a3cef46623190358de1a70894b10d6c04bce17d13d558a4226dc4,fill_null
cc5132bb-137d-57d7-a5ea-b0502b379678,cask_type,cask_type,,refill,APPEND,APPEND,0.95,CIT_3b9878aa889688b19d214113a8ea1d436e8752eb33100a3e2595046ccee2f905,smws,0c44daf5e1764ae5734c1c6315fe458bcf5e876e734b29d68d5d17becf3758f8,fill_null
cc5132bb-137d-57d7-a5ea-b0502b379678,region,region,,Lowland,APPLY,REPLACE,0.95,CIT_3b9878aa889688b19d214113a8ea1d436e8752eb33100a3e2595046ccee2f905,smws,e9cd35bf283cef1252d3349021d38d9c7dfca9fa729c4cc86ffb42c751538951,fill_null
cc5dce24-ab72-5240-8b3d-f6eb89f15751,cask_type,cask_type,,hogshead;refill,APPEND,APPEND,0.95,CIT_f3182cd7e36113f6c1c76a9a7e896f23524b163567b7fe269a380ef253e8f188,smws,506c27bbaa89ae56977531431debddb2d47030d9b1dde01e5ca7b87e8d73c0eb,fill_null
cc5dce24-ab72-5240-8b3d-f6eb89f15751,region,region,,Speyside,APPLY,REPLACE,0.95,CIT_f3182cd7e36113f6c1c76a9a7e896f23524b163567b7fe269a380ef253e8f188,smws,23abec27702a2e7e5377bdbdb9b4e77f960bf889226b67a412f0909f12ff4904,fill_null
cc6f4607-d430-5bd9-8bf3-3236889b6800,cask_type,cask_type,,hogshead;refill,APPEND,APPEND,0.95,CIT_c3ca5dcf948f1d34793641b4062273d6069023a92207247a01a0a5afd7196cba,smws,c40d8cbb3e189a24c82daaf6b9528bacf2356a1b4e7ac488466faf43c11ed9f9,fill_null
cc6f4607-d430-5bd9-8bf3-3236889b6800,region,region,,Speyside,APPLY,REPLACE,0.95,CIT_c3ca5dcf948f1d34793641b4062273d6069023a92207247a01a0a5afd7196cba,smws,436f9cc25649919797c26d9095699c0f9b1c1d9afab877d360ec9336c480e398,fill_null
cc764bc3-47c4-5780-90bb-246147cbd070,cask_type,cask_type,,butt;refill,APPEND,APPEND,0.95,CIT_6689b9eb3afedf34ca8d16d61b8d5052bce57480af184c7a130cc37aecf05011,smws,8931b99bd40b43287ac1e9938c3030c884c9446a832fbc552ec6e96ffc03810c,fill_null
cc764bc3-47c4-5780-90bb-246147cbd070,region,region,,Islay,APPLY,REPLACE,0.95,CIT_6689b9eb3afedf34ca8d16d61b8d5052bce57480af184c7a130cc37aecf05011,smws,a7197ee1593181bd8c8cd9290fc84cd6436c01c2e716ee38940664f5578f575b,fill_null
cd376a51-6ca5-5f5a-9e66-10b97d79c4f4,cask_type,cask_type,,butt;refill,APPEND,APPEND,0.95,CIT_095ecd3bc56e9698c898df50aed8481bc3ba03376c928a524fa18c46e4d7148c,smws,4f5d6ecd4313e77427f80e37df5861c7e9f66a79eb1ee542b0b4370d6e46a2ff,fill_null
cd376a51-6ca5-5f5a-9e66-10b97d79c4f4,region,region,,Speyside,APPLY,REPLACE,0.95,CIT_095ecd3bc56e9698c898df50aed8481bc3ba03376c928a524fa18c46e4d7148c,smws,361972cf59f39cee981e60de16689028ba415f130ad91ef3245e8e809cf584db,fill_null
cd9808c2-defb-5733-a491-143eb8d2ee07,cask_type,cask_type,,butt;refill,APPEND,APPEND,0.95,CIT_45c0a24ea155614ee6f9c9801a6b5e2c7eb34777ce9022c2a3d9aea060642059,smws,958970253ce8e5ddba7ecd3fb4d110a7c977475b45a868d01a8053bc8f993f2e,fill_null
cd9808c2-defb-5733-a491-143eb8d2ee07,region,region,,Islay,APPLY,REPLACE,0.95,CIT_45c0a24ea155614ee6f9c9801a6b5e2c7eb34777ce9022c2a3d9aea060642059,smws,eb9507c98d68299a3a524c0798cd70b7b4ea6e64c44a0e499e7eb86166cee235,fill_null
ce9a5b09-26f0-5724-91d9-038bf51d4c76,cask_type,cask_type,,hogshead,APPEND,APPEND,0.95,CIT_c7fe6f54e90963f22154c1747a6b40d880117f16fe8ca8e86844713f33df846d,smws,837728e5419ccd9f56c0f2cef12f47ad751fe13e28966a010512e390f7c373ff,fill_null
cf2068aa-0fac-581e-9846-b083de235ac5,cask_type,cask_type,,hogshead,APPEND,APPEND,0.95,CIT_a13875ec97d277a37389bb14ab300d9cd818c60a13772548d3ba756b884cb625,smws,1a3b71f7c9a3473f662a5f1458768b086554fc60523f1c5f22a5c5ccc8d2abf4,fill_null
cf2068aa-0fac-581e-9846-b083de235ac5,region,region,,Highland,APPLY,REPLACE,0.95,CIT_a13875ec97d277a37389bb14ab300d9cd818c60a13772548d3ba756b884cb625,smws,4287dcaef5b8550449dc27f0277b560209691285984379dc36818e8c3a28ea87,fill_null
cf60ff5e-1643-54ed-aeff-cf4cf3976182,cask_type,cask_type,,first-fill barrel,APPEND,APPEND,0.95,CIT_4107c18fdd658962315bb36c81daa0f0de6c6817305a57192dbbcdf272dd5a44,smws,3a70080cf525089364da81ffc195ea3228910c12409c73e30f7fda7325530e91,fill_null
cf60ff5e-1643-54ed-aeff-cf4cf3976182,region,region,,Islay,APPLY,REPLACE,0.95,CIT_4107c18fdd658962315bb36c81daa0f0de6c6817305a57192dbbcdf272dd5a44,smws,d27c61c625f34ccb5854d43628e068f9c853f7917f068b0db64c47fc5e3f3613,fill_null
d0392b30-9774-550c-bad5-3f6747f85d1f,cask_type,cask_type,,first-fill barrel,APPEND,APPEND,0.95,CIT_5f2b5d512b1915bd5be73904bc40bc57c87b07c94b0eac1fd3ec6a0969ebdb77,smws,0e7dc4f6346f3b503ef9bab9cf4f0978427e6a5ef8bee1a6e6e61944ce3e2326,fill_null
d0392b30-9774-550c-bad5-3f6747f85d1f,region,region,,Highland,APPLY,REPLACE,0.95,CIT_5f2b5d512b1915bd5be73904bc40bc57c87b07c94b0eac1fd3ec6a0969ebdb77,smws,b9c94406973f09cfc445d40050527cace788e888d5b5a20c65144fc1aa01b1e0,fill_null
d07a18c2-5524-57de-bcb3-d39ad082af49,cask_type,cask_type,,refill,APPEND,APPEND,0.95,CIT_091ee8ccc6cf2d7d62c607a72f52e23bd0afd3d4f3835a8a6785e5006b66e3ff,smws,ba72a6a0d42ccbfc8e80850277bcfee1017f986f848783637a18fcdd7c428788,fill_null
d07a18c2-5524-57de-bcb3-d39ad082af49,region,region,,Speyside,APPLY,REPLACE,0.95,CIT_091ee8ccc6cf2d7d62c607a72f52e23bd0afd3d4f3835a8a6785e5006b66e3ff,smws,1a4a1c5e57c9a70eb943ae141d145dad425361b2797c5fed7969a75e07c1ec6f,fill_null
d0bf10ba-7a56-5074-b833-08e374cec988,cask_type,cask_type,,hogshead;refill,APPEND,APPEND,0.95,CIT_8eae9c354964900b176e38f4a2b89b81a9c75e9edde9b71ac2a747dd8028d2a9,smws,cc21dee22bcbfb37675f800cf4280bdcd3228e88e8de46d7790e7029e71cb784,fill_null
d0bf10ba-7a56-5074-b833-08e374cec988,region,region,,Speyside,APPLY,REPLACE,0.95,CIT_8eae9c354964900b176e38f4a2b89b81a9c75e9edde9b71ac2a747dd8028d2a9,smws,746ca965dc907d59997a17236629281847d13f078d74d338555d2263a672c7dc,fill_null
d0d64b84-2480-5b0d-a728-7633642c25aa,cask_type,cask_type,,refill,APPEND,APPEND,0.95,CIT_ed212deb4788566e06c31d6ceb44b3b80fb01aa6add7baef5775ef6fcec42caf,smws,8435beaf1f76029ec2db12bf33bfc9a78702c20e034aec0f599e34c21662fd73,fill_null
d0d64b84-2480-5b0d-a728-7633642c25aa,region,region,,Speyside,APPLY,REPLACE,0.95,CIT_ed212deb4788566e06c31d6ceb44b3b80fb01aa6add7baef5775ef6fcec42caf,smws,0db5213df4fbaf11434bf78d3d0cae5f3f207817f9583c840eab13fb0e4160db,fill_null
d1981713-e98c-5f54-81a0-2b2896907de6,cask_type,cask_type,,hogshead;refill,APPEND,APPEND,0.95,CIT_d94a1cc7d3f01a93a953a56a4d885bbb716e5f7b4dad0af64fecec37341b3007,smws,260c87a8752053384fdff50f9a3cf71bb9175944132a5fba983393a5967cd7db,fill_null
d1c51c06-1f97-5233-bc06-43685e06e37f,cask_type,cask_type,,refill,APPEND,APPEND,0.95,CIT_cb09fee163020f4882a78ff50be1f08aaf6744a1efc2c4439b92a6ee7556d71e,smws,543aa0dd0d51173ae62df130799fb69da165b62e93b5313bd9b57fc0951efa96,fill_null
d1c51c06-1f97-5233-bc06-43685e06e37f,region,region,,Highland,APPLY,REPLACE,0.95,CIT_cb09fee163020f4882a78ff50be1f08aaf6744a1efc2c4439b92a6ee7556d71e,smws,4942ddec60667e8de04d3fd7f731b4b0b6002542d027d7c40b72f643366868bf,fill_null
d216d8d4-6225-5c27-8a34-54239630f1ed,cask_type,cask_type,,hogshead;refill,APPEND,APPEND,0.95,CIT_0d41df0125a5f7e66fc8b13a474c5587902062b1b554744eb09f2f73bdc71cc3,smws,0050e977c98cc0b95ba8c48dff18f897574aa45538a7b2c2850c54c77f642fb3,fill_null
d216d8d4-6225-5c27-8a34-54239630f1ed,region,region,,Islay,APPLY,REPLACE,0.95,CIT_0d41df0125a5f7e66fc8b13a474c5587902062b1b554744eb09f2f73bdc71cc3,smws,f1592570324dff628b3222ede481e0629c4f0fbfdb3e87a62e5b2eb1481bb7d0,fill_null
d3bf7371-cc2f-5aec-a548-49c4eb3c8e1f,cask_type,cask_type,,hogshead;refill,APPEND,APPEND,0.95,CIT_bda54d597ac6ec96fe35e747e6082d1157b30deda9dc6629d6c0abbfa87ef894,smws,a92203f1e9707ce249d65275f3af90cdca7364adcb9960324fb5aaf5dfba0c0f,fill_null
d3bf7371-cc2f-5aec-a548-49c4eb3c8e1f,region,region,,Islay,APPLY,REPLACE,0.95,CIT_bda54d597ac6ec96fe35e747e6082d1157b30deda9dc6629d6c0abbfa87ef894,smws,b48fb8194731f44b71b636532d0736e8fbf4294d1ff96e82066479a8d3ab2aba,fill_null
d4172067-7833-5b17-9570-3cb93f05c752,cask_type,cask_type,,hogshead;refill,APPEND,APPEND,0.95,CIT_064b00645bfcdc8713efdeed5d9c0a5821158d0c6e940bb4cc25450bead15513,smws,280f1a694b52cef04c915233f3229ea8d254d2aab6fcf23bb290eb4fe91cec6a,fill_null
d4172067-7833-5b17-9570-3cb93f05c752,region,region,,Speyside,APPLY,REPLACE,0.95,CIT_064b00645bfcdc8713efdeed5d9c0a5821158d0c6e940bb4cc25450bead15513,smws,dffb0351a0854a439ec2a9c8b4ebed903dbd5895be6034b4a98c2af22e8ad3ed,fill_null
d4635d93-bd03-544e-8c28-c6a590c863b4,cask_type,cask_type,,hogshead;refill,APPEND,APPEND,0.95,CIT_7e0ca24b27a166f30c9aabe7f91a6a25e5d4a7852d9ca71584cdea4f90ea6de9,smws,38e91fdc5da3242bd135f4ab63dab8e90de61db8b580f68149ce3b08a0e4f5c1,fill_null
d68e08d8-7767-5ea3-afad-70d0ab12b8cb,region,region,,Highland,APPLY,REPLACE,0.95,CIT_5d7bf2b76e52147424a434be204923678b0b8921b42db7633e2cddeb0f356772,smws,ac1b869773402e8479e8caa323c8db9c7fa4b77c40b1200e44349e1b4e1c64d4,fill_null
d6909c8a-a5a3-5dd7-9dfe-cb615c8ecc02,cask_type,cask_type,,hogshead;refill,APPEND,APPEND,0.95,CIT_ada6a98bfb48a469fb98d62a6e45f9383b0651d1b4eb90e6b525fba3a7d0aae9,smws,9c79a4d600c290e60228c0a95f78f8852d86b86e007c34ff27f9c55fde934990,fill_null
d6909c8a-a5a3-5dd7-9dfe-cb615c8ecc02,region,region,,Islay,APPLY,REPLACE,0.95,CIT_ada6a98bfb48a469fb98d62a6e45f9383b0651d1b4eb90e6b525fba3a7d0aae9,smws,3ce44ec95c09a5ed188509177c745ca330c84ba6a093f5d57cf343b584dd6ee7,fill_null
d6a833f4-a84c-5766-ba3a-f0703b7a75b9,cask_type,cask_type,,butt;sherry butt,APPEND,APPEND,0.95,CIT_34dfe39412104a5f26be973fbfa2f2764f77a326e11ed6cd2f95fce8bb81cfc6,smws,6621669e4386bb959242b5d9a34cdb92c64b9ed8f6e8f577f7cbbd61d5090300,fill_null
d6a833f4-a84c-5766-ba3a-f0703b7a75b9,region,region,,Speyside,APPLY,REPLACE,0.95,CIT_34dfe39412104a5f26be973fbfa2f2764f77a326e11ed6cd2f95fce8bb81cfc6,smws,07dc4c0363b25f95922fbdf1087ef2456bcb7f51cb772e765526525e78b614b6,fill_null
d717c486-c25f-5650-a7ba-18d77b72e432,cask_type,cask_type,,first-fill designer barrel,APPEND,APPEND,0.95,CIT_a4499d086b6f5243e9a336186585783d487227f1bba680dd28b3b023a0273251,smws,f67b83652d7e9d83153c3fba0a6a05cc6336c21e5dedc08d0d9ca933e39b4e34,fill_null
d717c486-c25f-5650-a7ba-18d77b72e432,region,region,,Speyside,APPLY,REPLACE,0.95,CIT_a4499d086b6f5243e9a336186585783d487227f1bba680dd28b3b023a0273251,smws,387d0d5fa3769117e36788d06e5fc2834ff0bb4d5200815cbd5ad7e641ee9adf,fill_null
d7508c9b-d23c-54f0-9fe7-c548dfbe9dc3,cask_type,cask_type,,first-fill barrel,APPEND,APPEND,0.95,CIT_6a9c2af1151f119af3c2f05bb0d5a2e5143748510704a9bf16fbd16ca7bc3f03,smws,64f1d5759d1e77c1e631bd0256b2982968a6025bfb57da50a52e9b4ca8ba2dd6,fill_null
d7508c9b-d23c-54f0-9fe7-c548dfbe9dc3,region,region,,Highland,APPLY,REPLACE,0.95,CIT_6a9c2af1151f119af3c2f05bb0d5a2e5143748510704a9bf16fbd16ca7bc3f03,smws,dcc0a25aecf780689b431307c0c7a1bae653a3d65c10766eefac4d3f74b8c9b7,fill_null
d7b58b52-3027-5c86-981d-c13e300cb875,cask_type,cask_type,,hogshead;refill,APPEND,APPEND,0.95,CIT_7a5c9b71a39e0fdfc6d9e7e563653f24ff7979a649f1203479a1f97b89bc34c7,smws,6985209702b2562b103fdf3936b8eab3a0461a6f29e0e46581f961f770414d07,fill_null
d88b74f9-9f43-5023-ad59-8453fcd1315a,cask_type,cask_type,,first-fill barrel,APPEND,APPEND,0.95,CIT_6f8f6418d46c72f56b0bbce55a591484d223138dd5db0712a223f705bfaf3c8d,smws,75c61260117237de8c7f827af7647a79353c4006de8ac8c4e8988708339b775f,fill_null
d88b74f9-9f43-5023-ad59-8453fcd1315a,region,region,,Highland,APPLY,REPLACE,0.95,CIT_6f8f6418d46c72f56b0bbce55a591484d223138dd5db0712a223f705bfaf3c8d,smws,05667473d75dc196760b73ac8c6a3f35570bbb7b8ecee1cd06509f98ac54e98d,fill_null
d9d30288-9c63-5bcd-a771-3f34a2213932,cask_type,cask_type,,refill,APPEND,APPEND,0.95,CIT_b2167a9ae37d20edec13f0a71ffedd2c00b8176a15a0883b00b5897de61eb639,smws,7d90b6544d0d686c3160e09d0edabe0bb988788746a631981d67ebb805146d62,fill_null
d9d30288-9c63-5bcd-a771-3f34a2213932,region,region,,Islay,APPLY,REPLACE,0.95,CIT_b2167a9ae37d20edec13f0a71ffedd2c00b8176a15a0883b00b5897de61eb639,smws,63aa156ee1c3a738d8045dda30e902fc346c6fc00c49e1370bf1dfa852aa794b,fill_null
da1b0001-0e00-5f4d-bd61-9d9b7d9fae41,cask_type,cask_type,,first-fill,APPEND,APPEND,0.95,CIT_26e93c0fdcbd22fe695507f1f763e28c34de33bb1e0f48a66b3c645703cf2630,smws,e3aded0587d2dfe5a53b5c581129787441a90539c1e751f1ef5c2e9cc7b76585,fill_null
da1b0001-0e00-5f4d-bd61-9d9b7d9fae41,region,region,,Speyside,APPLY,REPLACE,0.95,CIT_26e93c0fdcbd22fe695507f1f763e28c34de33bb1e0f48a66b3c645703cf2630,smws,dc5bc24fda0705be82e24ba1839baebf55582cff30e4c6e05f64ade9a7d1bc98,fill_null
da27ee95-83e4-504a-88eb-0806692b48cb,cask_type,cask_type,,hogshead;refill,APPEND,APPEND,0.95,CIT_4a8209d44d9ac6d9b92c821bc4bc57d694ea60a964cb06ebbb02e972937ec3c7,smws,b224dc4ce23c92f1ae80ffb25998e42b1d00153720a7eee28295ab56e53ee209,fill_null
daab7040-7461-508f-b449-0c1e6d6f563c,cask_type,cask_type,,hogshead;refill,APPEND,APPEND,0.95,CIT_43f76f34fb80074e6b4e7edc10a94aab4b701d6c52725154316966d03603b2fe,smws,f97468853b1a516d5d93fdcfef105b107ae65d2b4f16fdcc7fd689dbfe483ae2,fill_null
db0e5646-1718-57e5-adc8-103b3cea1870,region,region,"Lowlands
            District","Lowlands
            District",APPLY,REPLACE,0.95,CIT_9c923123488e9dcb03f9de9a8f8eb6b80a598b1aa1964929ce178abb1e21bc49,smws,9b17fe8383dde4b9f95900d4f71e97649e81d8bc2763ee8f850c50a2a1227c60,skipped_existing_stronger
dbb848a6-7eb6-51d8-af80-023a111fa87b,region,region,Highlands / District,Highlands / District,APPLY,REPLACE,0.95,CIT_f95b94463e39e825be3399fdc614db1482030af3e14f66bb4d5b8a68539202a3,smws,a26c1a533e5ba773c2f702e6f0c4ffdaaeb821107334b021dbbf4bae6d6af1c9,skipped_existing_stronger
dc40d854-3c28-539e-851b-450dacb2ea9a,cask_type,cask_type,,refill,APPEND,APPEND,0.95,CIT_c408a167e1acdc2601e2a29020eef5352e076721ca92464ac3ebcb5dbe975523,smws,ba42235e886d0f3fdb23e20d25410d8f2e76b82549fd5fbd98632d9d33e08204,fill_null
dc40d854-3c28-539e-851b-450dacb2ea9a,region,region,,Campbeltown,APPLY,REPLACE,0.95,CIT_c408a167e1acdc2601e2a29020eef5352e076721ca92464ac3ebcb5dbe975523,smws,51a764c651066b8450b1e30c9842d7c931f676a7ab9ef65461ca386b72ba6555,fill_null
dc70b562-1159-5c0a-a834-ff0ed313a132,cask_type,cask_type,,hogshead;refill,APPEND,APPEND,0.95,CIT_7894322650baf9969bfc7d4d8e0f8fe5f02be84c3aea1d84418bcffe3a28353a,smws,d390748de554943f8c92d4a6fda226bb96469e335b216989c9834933c78ed827,fill_null
dcc896ed-ac13-58d9-b6e5-7a762692414e,cask_type,cask_type,,first-fill barrel usa allocation,APPEND,APPEND,0.95,CIT_ea6d6b919af735601d11306b5f7837bd1469573d17f92bba93557642f9375cf8,smws,eff489f8c895cc42123a381f5a485c8393b0b4f1c75eb3271e82fbb68e6e345c,fill_null
dcc896ed-ac13-58d9-b6e5-7a762692414e,region,region,,Islay,APPLY,REPLACE,0.95,CIT_ea6d6b919af735601d11306b5f7837bd1469573d17f92bba93557642f9375cf8,smws,790942b9a7bc4e82dc2e9109f081ae3c7509be5369db6df9eee78bcfc48551b7,fill_null
de6f75e8-74ba-501c-beda-3658a4df39ea,region,region,Highlands / District,Highlands / District,APPLY,REPLACE,0.95,CIT_707416e4ccfe13771dc7454647bc8540751bf376a4767ce82d0fcda4168464cb,smws,fbf7d517a4e2402d58c33eac421225e9f50c071143209dbe84161204faefab8c,skipped_existing_stronger
dec91460-c3a1-54b8-9375-20972a55f20d,cask_type,cask_type,,butt;refill,APPEND,APPEND,0.95,CIT_507db9965c059305b007f443d2f97a19dc8fcce5d5f51966691c152215c3afe2,smws,4f778add4ecee50247a25a4ee36bd89c7d8d57c8dc1b7f094f55ed6e1b0d1821,fill_null
dec91460-c3a1-54b8-9375-20972a55f20d,region,region,,Islay,APPLY,REPLACE,0.95,CIT_507db9965c059305b007f443d2f97a19dc8fcce5d5f51966691c152215c3afe2,smws,e1f21f281b9df8f2617e6f009f972d769a61bb9ae9124328194bcd5176fb1a8b,fill_null
dec9a160-dd2d-5d5d-a272-063409e324b2,cask_type,cask_type,,hogshead;refill,APPEND,APPEND,0.95,CIT_9af0fe347ee404d7075903fa9bc8559b85db5faf9329bcdd1197ea30d2297945,smws,e5be4549cf52438ec9da7d65395a5a523d51576a12714e8ed914f26236373d97,fill_null
dec9a160-dd2d-5d5d-a272-063409e324b2,region,region,,Speyside,APPLY,REPLACE,0.95,CIT_9af0fe347ee404d7075903fa9bc8559b85db5faf9329bcdd1197ea30d2297945,smws,ab30cbef93bfbf98797521de1b8e0a9c1e8d2f7ba8e5f0496139e5f2e98bbdf2,fill_null
deeea9b1-bdcf-506c-a841-b49a9bc0b476,cask_type,cask_type,,first-fill barrel,APPEND,APPEND,0.95,CIT_07a933845a3f8fd0b4f5bbd1e1219ca249ca48796ac2726990cb4511f8fa8b56,smws,06f10834d159f4b9e0b4f83b0a2dcd1e4a126988aa7c77339e3197994a62c1d3,fill_null
deeea9b1-bdcf-506c-a841-b49a9bc0b476,region,region,,Highland,APPLY,REPLACE,0.95,CIT_07a933845a3f8fd0b4f5bbd1e1219ca249ca48796ac2726990cb4511f8fa8b56,smws,256e6ecfa1df8de2966fb29a6501e0b3cb3d2604b1c9b9115c0f49d5a188cda0,fill_null
def19358-bdfa-5209-a6bb-86299e561d10,cask_type,cask_type,,hogshead;refill,APPEND,APPEND,0.95,CIT_66c7afaf3ab304002cc5dbca68e64029bdb7261390fb784699078d5c51915208,smws,8375b78ec3c4c8b8a1085efe08db1082f44b14702cde452f25ab8af5af90a32a,fill_null
def19358-bdfa-5209-a6bb-86299e561d10,region,region,,Lowland,APPLY,REPLACE,0.95,CIT_66c7afaf3ab304002cc5dbca68e64029bdb7261390fb784699078d5c51915208,smws,3684ba2f9032eb5f9f59ac75e9687d63391aa2bcc54330176e583045bdcd849a,fill_null
df8f5a84-ea57-57e6-9f0d-67e08fb9cf89,cask_type,cask_type,,hogshead;refill,APPEND,APPEND,0.95,CIT_33136f98896a69ae60beaa5a88dd1483b965b078ce800dfeed9e0962d4d1be37,smws,32d93c9e10436d477776c66e51fc4f0f2dc712eee3594350d3f7b69f45ef7e18,fill_null
df8f5a84-ea57-57e6-9f0d-67e08fb9cf89,region,region,,Islay,APPLY,REPLACE,0.95,CIT_33136f98896a69ae60beaa5a88dd1483b965b078ce800dfeed9e0962d4d1be37,smws,2dc74385a36db9b02ae7b275dc41a3e26c75b8573435a6bca48ab7610bc167aa,fill_null
e00d6a82-80c7-54ef-a39f-2385bd7c897d,region,region,Islay / District,Islay / District,APPLY,REPLACE,0.95,CIT_afa7df3d08686907d16f29ca81a5f558339176540e7e5173514232b01a72bc88,smws,a5f58c9e5262d066cf9376deab5af9a5db772e9304b72c8d0f866a7a082f171b,skipped_existing_stronger
e074f3a3-e799-5203-8cec-b965bf913e62,cask_type,cask_type,,first-fill,APPEND,APPEND,0.95,CIT_e658d3d83cbd34499728fbac2ae619bd5ebf48ba00fa7206c8bf1f2785e01562,smws,64f209b47421fdcf9421d31e37227dacd2a77a749401690daa45cf4414dc59b6,fill_null
e07d0d92-5962-5e73-83ec-3bbdeca8d21c,cask_type,cask_type,,refill,APPEND,APPEND,0.95,CIT_b6dc4808265698a1f0f1a82e52bc7f9f5415de7d0e5317dfbf63f56e95e6d294,smws,1534006404cbb2586d580bfd05333b0e7fefcb27d078ceafdddc18ac5fec6144,fill_null
e07d0d92-5962-5e73-83ec-3bbdeca8d21c,region,region,,Highland,APPLY,REPLACE,0.95,CIT_b6dc4808265698a1f0f1a82e52bc7f9f5415de7d0e5317dfbf63f56e95e6d294,smws,8960dce1790f5f7356bc9a49cd98287f670c584009659ada3fb66c601e371ec2,fill_null
e1077472-1933-5fdd-9a28-9e782d9ab326,cask_type,cask_type,,hogshead;refill,APPEND,APPEND,0.95,CIT_11d95410007af00cc18893ae099e03e1639998f403f29ea86e544206f93362a1,smws,b4a0a08b3274b8df676207305d9dd73869c5475931587db24466788891691522,fill_null
e18688e2-f4bf-5bd5-a3de-095ea7c12f5b,cask_type,cask_type,,refill,APPEND,APPEND,0.95,CIT_e8a32fc5d291c7f52fd208f228f5d7ddef19d52de25a680c1247e99922db423c,smws,59697949e992ad395f2e410389011cb24bbcf390abcd5cf51dbcabe1b1936ba9,fill_null
e18688e2-f4bf-5bd5-a3de-095ea7c12f5b,region,region,,Speyside,APPLY,REPLACE,0.95,CIT_e8a32fc5d291c7f52fd208f228f5d7ddef19d52de25a680c1247e99922db423c,smws,6cd9a0270d98376220c3db2b6c04a0f4eabc7b78f56b8ae06fcc89b5b482e9ff,fill_null
e1fa9e80-a79b-5cf2-bc3f-ae380696f7b4,cask_type,cask_type,,butt;refill,APPEND,APPEND,0.95,CIT_38edf6c37fa9c4b7d1d6af06a611831d593f192818aef279b399e95e38238bb6,smws,896bb3d17570746a499b125126a6fb98093e3735d4d3892d3e4e23b9fd33c2d4,fill_null
e1fa9e80-a79b-5cf2-bc3f-ae380696f7b4,region,region,Highlands / Island,Highlands / Island,APPLY,REPLACE,0.95,CIT_38edf6c37fa9c4b7d1d6af06a611831d593f192818aef279b399e95e38238bb6,smws,ba5f2dbcd6f7898fd1735551b6108606d573b89d9271bc8bec7f9c5c2e94d47c,skipped_existing_stronger
e31a77ba-fd9e-5527-8b32-bfb221e39fdc,cask_type,cask_type,,hogshead;refill,APPEND,APPEND,0.95,CIT_52d32b0302c52d51282d0e2fa96fc44fbf085dc580c86194dafd868a7a5b3491,smws,17d95bbd7e5ec41e0d1d88d97cee962d9ca417a9a27ec81fcbe6cc49b7bcd82d,fill_null
e31a77ba-fd9e-5527-8b32-bfb221e39fdc,region,region,,Speyside,APPLY,REPLACE,0.95,CIT_52d32b0302c52d51282d0e2fa96fc44fbf085dc580c86194dafd868a7a5b3491,smws,cca51e274ac635f18e6c59f80e044c5f106bc2ad5fa4da28506897aa9184f259,fill_null
e349007a-3331-5ff0-b64f-6334cd05893a,cask_type,cask_type,,butt;sherry butt,APPEND,APPEND,0.95,CIT_4b9fa92c0bdc5fa46b15104b1443ea9ebee9c6fa988aeb45826ee5647c4f6272,smws,3d6b2bcf6ff68be8490613286a473eb6e47051d783e113471d5f690d276af20c,fill_null
e349007a-3331-5ff0-b64f-6334cd05893a,region,region,,Islay,APPLY,REPLACE,0.95,CIT_4b9fa92c0bdc5fa46b15104b1443ea9ebee9c6fa988aeb45826ee5647c4f6272,smws,38e738adac45c45ea8443ffa8682b42d8536949a2f1328c26bcb85981edb95ab,fill_null
e3685494-3da0-554f-96ae-d859a7867d34,cask_type,cask_type,,butt;refill,APPEND,APPEND,0.95,CIT_6d8f592bd65f5ceaaca5dc861cf14f775459184e010a74d4df36f41d4e23cd2b,smws,e49377ca653b86fd68ac5a2c20afbe55f0fd6de968635830d5fcf36df3bb8d87,fill_null
e3685494-3da0-554f-96ae-d859a7867d34,region,region,,Speyside,APPLY,REPLACE,0.95,CIT_6d8f592bd65f5ceaaca5dc861cf14f775459184e010a74d4df36f41d4e23cd2b,smws,4ba0a6733d9314fc93d2aa9fd94d99982c4bdaf6e70bfe4ec69785d708cbaef4,fill_null
e3910df1-672f-5b6a-be82-2d202c566e4b,cask_type,cask_type,,hogshead;refill,APPEND,APPEND,0.95,CIT_94d674f5623e613fd7f9446492381d5ada1faa650dd0de497cbc6db4ff5d69b5,smws,bd7d0f1a5cb7021e55b8105a927158cd1d1d5ab706fc37b222041f4d8975817a,fill_null
e3910df1-672f-5b6a-be82-2d202c566e4b,region,region,,Islay,APPLY,REPLACE,0.95,CIT_94d674f5623e613fd7f9446492381d5ada1faa650dd0de497cbc6db4ff5d69b5,smws,809fef10e861f4155fd2f4793deff8b985881c73d63869f43a90c6c42b8b585a,fill_null
e40b5542-18bf-5aa9-88cc-26d646a20fec,cask_type,cask_type,,butt;refill,APPEND,APPEND,0.95,CIT_46341cfcaed0c96cd600ad131d8dbb61332ed8a08b8d0b49bc3f8afcb839defa,smws,b5ceb84bab077450ed95e8d7c58c53cb49a23a3a453354612ee8375af35fafaf,fill_null
e40b5542-18bf-5aa9-88cc-26d646a20fec,region,region,,Speyside,APPLY,REPLACE,0.95,CIT_46341cfcaed0c96cd600ad131d8dbb61332ed8a08b8d0b49bc3f8afcb839defa,smws,1022a86c2da024d4591417aaeea8094faf34db591f772787e22a97f5e58516e2,fill_null
e4ef2c1a-ffdf-59f1-9f0a-49971f609d9f,cask_type,cask_type,,refill,APPEND,APPEND,0.95,CIT_6eb0332d0187ae204d36a111319a3642a7c853e33367f64c6e7450dd671f606b,smws,4d7c4efe58a8b84cf0af8089a697c889c2246bfbb1146eb825e9f935fe2b7b00,fill_null
e4ef2c1a-ffdf-59f1-9f0a-49971f609d9f,region,region,,Highland,APPLY,REPLACE,0.95,CIT_6eb0332d0187ae204d36a111319a3642a7c853e33367f64c6e7450dd671f606b,smws,55090341ee9a9112c3154465dfb7a076c0d79603fea7d22be279568df282acae,fill_null
e53e858b-a8f7-5b7e-9fc6-ab1c8bcca7f4,cask_type,cask_type,,hogshead;refill,APPEND,APPEND,0.95,CIT_d4fccdc92be03fb7a61048d55a892e613bc40de8058079473e0d87c0979b3ad1,smws,24ea9b924dfb9f8ef31a12291888ddd381c6b57b23d4a7e08a66533d0bd3d1b0,fill_null
e5798dbd-bd37-50b6-acb8-0e3b106dd468,cask_type,cask_type,,refill,APPEND,APPEND,0.95,CIT_d16eb57f5eba4915b82041fd2c78f68599af9e2270c8738696dcd17eb19dfc6c,smws,ab41b3ca25839467ccfc5efcedf4ef40e1c40025e017417bd8b5b92a3e606a44,fill_null
e5798dbd-bd37-50b6-acb8-0e3b106dd468,region,region,,Speyside,APPLY,REPLACE,0.95,CIT_d16eb57f5eba4915b82041fd2c78f68599af9e2270c8738696dcd17eb19dfc6c,smws,da610646b9a3a867a90e79a57f9eca4f814f3cf9da7dd835e2a0cdfa708f0bc6,fill_null
e7692ba0-16bd-5531-a234-17879d59c490,cask_type,cask_type,,refill,APPEND,APPEND,0.95,CIT_5a823f6ff75b3f8290cfc330ad04a7112892fd47c0ef47e425d7d2a3a169b10b,smws,8282619f63ed600c6618f0ee186fee3960421650d9a8b184d6e578148af9f8a7,fill_null
e7692ba0-16bd-5531-a234-17879d59c490,region,region,,Speyside,APPLY,REPLACE,0.95,CIT_5a823f6ff75b3f8290cfc330ad04a7112892fd47c0ef47e425d7d2a3a169b10b,smws,ada52f454c5f843277585c9d54489bf967bfc4dd01878b7e9f251a18686bdc8e,fill_null
e7a008ba-5147-5e95-bb8f-03c21477c157,cask_type,cask_type,,first-fill designer barrel charred,APPEND,APPEND,0.95,CIT_fdec4ed82f8284772711150a2dae4fe6b6291247c9152d364d2d35c68c9344d7,smws,2c46656e972165d8b9265422a946fc8b551d54060ced3b6c31b60f59ed96358d,fill_null
e7a008ba-5147-5e95-bb8f-03c21477c157,region,region,,Speyside,APPLY,REPLACE,0.95,CIT_fdec4ed82f8284772711150a2dae4fe6b6291247c9152d364d2d35c68c9344d7,smws,12455a6dede6e73659de869c2794ce891e1467a51b9bb926be7c1faf286d372a,fill_null
e7c90679-b948-5d05-8869-ca1720279d6e,cask_type,cask_type,,first-fill barrel     usa allocation,APPEND,APPEND,0.95,CIT_bb8f1a5814b4fc3c2785afc074cc0cb078b0c377c32059f9254e79a4f82cac95,smws,e0251557bef25bccbec6f6f7acc08abd89db26e93b80ec15ec5d27e55fa37aea,fill_null
e7c90679-b948-5d05-8869-ca1720279d6e,region,region,,Speyside,APPLY,REPLACE,0.95,CIT_bb8f1a5814b4fc3c2785afc074cc0cb078b0c377c32059f9254e79a4f82cac95,smws,eea5eb00a4330b43dfdea3c82e8a64ac587bbfe6048724fdcf1b85fed4ffc364,fill_null
e7daaab4-f147-58c2-a490-85d30dc26f57,cask_type,cask_type,,butt,APPEND,APPEND,0.95,CIT_1a7fb51cbd3c5498344bc6a91f3e18af3a9cfae3ed54968154d68b5af573fce5,smws,3c5a6fed0ad6c76fe511a48d09f7cc444976e7e49536e9d84f02aeb2a813fb9d,fill_null
e7daaab4-f147-58c2-a490-85d30dc26f57,region,region,,Highland,APPLY,REPLACE,0.95,CIT_1a7fb51cbd3c5498344bc6a91f3e18af3a9cfae3ed54968154d68b5af573fce5,smws,96c173763b647710e350d13b48e137563d9eb80dae226bc3f55dcbd4757f10d2,fill_null
e8f62e02-e7d7-521d-be39-ab07f29b9165,cask_type,cask_type,,refill,APPEND,APPEND,0.95,CIT_4aa1713ba9f00b9c0d6300c6a8223b33cdd3d3646c1e40109ef697943bfcce2d,smws,e3d131fcdf5a31748ad573cc187a897cf0d72b472a68759d9cc4858e745d1aaa,fill_null
e8f62e02-e7d7-521d-be39-ab07f29b9165,region,region,,Highland,APPLY,REPLACE,0.95,CIT_4aa1713ba9f00b9c0d6300c6a8223b33cdd3d3646c1e40109ef697943bfcce2d,smws,b7e3f310362b43fa4ee73d2cce40ed3e2da525df3d388d0cf8c9dee8834d41b6,fill_null
e90b6a4d-636c-5545-901b-dc464a1331d3,cask_type,cask_type,,hogshead;refill,APPEND,APPEND,0.95,CIT_8d5dd907894681847a7e574e69babb4ea00c54605526c8734c0a1016863e0bbf,smws,f6a2a95631b30c85b1344e8f420a15e4879c1022833de3dac2f1a0172a109814,fill_null
e90b6a4d-636c-5545-901b-dc464a1331d3,region,region,,Islay,APPLY,REPLACE,0.95,CIT_8d5dd907894681847a7e574e69babb4ea00c54605526c8734c0a1016863e0bbf,smws,0846655cfba67d516a6aa6ce0609989e67eafa97174a696e08aebf090449ea5c,fill_null
eb0cf410-3db6-582a-8224-d11a64e5057c,cask_type,cask_type,,hogshead;refill,APPEND,APPEND,0.95,CIT_85f30e143a7c8d8f4ce9d7beee78f40e2662d8b40a78e4373986cff4c1f0015c,smws,c10a81c69dce782caedc956621455d44947b95f5d029f0ccf43ba056cad23e7d,fill_null
eb0cf410-3db6-582a-8224-d11a64e5057c,region,region,,Islay,APPLY,REPLACE,0.95,CIT_85f30e143a7c8d8f4ce9d7beee78f40e2662d8b40a78e4373986cff4c1f0015c,smws,0aa720a859004c493aca409ed0203c408646c7c441eb40120724e86d0e3b7628,fill_null
eb520084-b461-5b08-bbb3-15cb5284f20a,cask_type,cask_type,,hogshead;refill,APPEND,APPEND,0.95,CIT_bd2b19f70df8f9dc8a652b028ba8ee826213e46823247330c4edb709bb20b413,smws,44f83047a53e1f093640d290b8cd59a205e606798de69b12186afe261ab90649,fill_null
ed611e8d-52c4-5ee8-a5cd-39c766619fab,cask_type,cask_type,,butt;sherry butt,APPEND,APPEND,0.95,CIT_6fa7b5f9b417db75c7bdf3be77326247fee7ab0e591d980b2e47cbe4cbabff62,smws,aa02fca7ed9348a3ebdcfab10f857b232d3604bdd45a551e1c0181f127adbb51,fill_null
ed611e8d-52c4-5ee8-a5cd-39c766619fab,region,region,,Highland,APPLY,REPLACE,0.95,CIT_6fa7b5f9b417db75c7bdf3be77326247fee7ab0e591d980b2e47cbe4cbabff62,smws,a1d5ee981ea5f3913c7b613551b04faf91870b75f02f0b03a8ff3aa5a13c536f,fill_null
ed89fd8d-d3b6-52aa-9385-843d6c704e96,cask_type,cask_type,,hogshead,APPEND,APPEND,0.95,CIT_6b562223443fbaee1cf9f18b13499c26e38fea334fee50ce727c743bd2a67128,smws,9892d4b6c41700b275535d7f55af108a02a23adabc2268a6d84395d59a3521d1,fill_null
ed89fd8d-d3b6-52aa-9385-843d6c704e96,region,region,,Speyside,APPLY,REPLACE,0.95,CIT_6b562223443fbaee1cf9f18b13499c26e38fea334fee50ce727c743bd2a67128,smws,3bceb049ad7fa2b35fe61158ab771e63d2c4848eb627cf95edda3870a4369d86,fill_null
ee0ad751-8b26-56f4-8bf6-0554a423bc61,cask_type,cask_type,,hogshead;refill,APPEND,APPEND,0.95,CIT_13eb7d393a3fc4ee6cefd47b0aa3c4b43513fe46ca2bb85b28e85544c7f576e4,smws,501bf023c6c709e80d4183f4e655553ff4ec9f951edc000be2832f9ce51e6a1c,fill_null
ee0ad751-8b26-56f4-8bf6-0554a423bc61,region,region,,Speyside,APPLY,REPLACE,0.95,CIT_13eb7d393a3fc4ee6cefd47b0aa3c4b43513fe46ca2bb85b28e85544c7f576e4,smws,451da60c3f1415d6c0a2488e2fcb141b19d0b2cb8c31c258860bac6fb4910b4f,fill_null
ee70ee48-d0ee-5c67-a09d-1476f49706b6,cask_type,cask_type,,refill,APPEND,APPEND,0.95,CIT_b985229f1307bdfff4716a7b67b54898d92f40b547ae1e55240a2ebab8c8f6ed,smws,292f2a84d5c3d1cedef096a7daa0aff253e87305f53c165e1a01f86d70219673,fill_null
ee70ee48-d0ee-5c67-a09d-1476f49706b6,region,region,,Highland,APPLY,REPLACE,0.95,CIT_b985229f1307bdfff4716a7b67b54898d92f40b547ae1e55240a2ebab8c8f6ed,smws,0527f6791aea14025b15a196838ed746da442f85cc6e1d3e487cda25237fb324,fill_null
ee8f6868-3489-5852-8386-c71039cc13c6,region,region,,Campbeltown,APPLY,REPLACE,0.95,CIT_d105b45423927476ac0d970c11c7bf4f82680c3bef4dbd7e3edda59b4f1dd320,smws,2946d5ec67577329c9bd71a8e28dc1f9918e529da9c4bcdde78cfa1f1c7c47f7,fill_null
ee9c20f2-430a-5a05-b317-f9a70aabe36f,cask_type,cask_type,,butt;refill,APPEND,APPEND,0.95,CIT_4461ac3bf9a519d5b212fbc4052bf721e95e93f39748eab4bd62d199aeee13f4,smws,34b0d6b42588afa0e21a1771e2334e51cd2fa4dc6b8c68d6ad861be35a1fd771,fill_null
ee9c20f2-430a-5a05-b317-f9a70aabe36f,region,region,,Speyside,APPLY,REPLACE,0.95,CIT_4461ac3bf9a519d5b212fbc4052bf721e95e93f39748eab4bd62d199aeee13f4,smws,22c1e0d06d39003206dc93039600c12bf9872f96acd631cd25a76e2a48c4d05a,fill_null
eec34799-b7ba-51d9-9d85-1e31d79fb37d,region,region,Highlands / District,Highlands / District,APPLY,REPLACE,0.95,CIT_fbe28e42ae082874419b57016fee08eb9343f0a490ba38ec040315b4db678ccc,smws,7ea356316ebc92a599ca99a348992273128d4e1d8d22aca879675165a5ef3828,skipped_existing_stronger
ef48b040-83db-5c6b-95da-cc3f219c9a45,cask_type,cask_type,,hogshead;refill,APPEND,APPEND,0.95,CIT_b4ee9c705343eb1c028a9ba09f2a9243c755bf26a744f4540c455136f73e30f6,smws,f22ee5774206bf19e8b014c7290732795a3e8c4fdc97e18b10a92ebc5d0f8359,fill_null
ef48b040-83db-5c6b-95da-cc3f219c9a45,region,region,,Highland,APPLY,REPLACE,0.95,CIT_b4ee9c705343eb1c028a9ba09f2a9243c755bf26a744f4540c455136f73e30f6,smws,5ffe990cec9f296a3217820d9ca3b3e89587989905965efe2a6cf537f3e8a473,fill_null
f054b5b7-53cc-5ced-9412-1cf8b9e8641d,cask_type,cask_type,,first-fill barrel,APPEND,APPEND,0.95,CIT_f617e89a16db47b5f792c3cf483ecfccc87c74639c63baefc8e83548e7aa3cb9,smws,c974df59440cf8a1431e5a364fe940e9ccdfcdd87bb236dd827f1299101abd8a,fill_null
f1249309-f99b-52fe-b723-b8c9ac4b3bc3,cask_type,cask_type,,hogshead;refill,APPEND,APPEND,0.95,CIT_e6f28fe0d2f844b42d84f27b566e1241f9e77aa6162ad26b07ec85e2c0017209,smws,d4d817f44b29e4f13d7b251ff59e5733c4734b0d5427d3adcf65ea9110ecf605,fill_null
f1249309-f99b-52fe-b723-b8c9ac4b3bc3,region,region,,Speyside,APPLY,REPLACE,0.95,CIT_e6f28fe0d2f844b42d84f27b566e1241f9e77aa6162ad26b07ec85e2c0017209,smws,6ce3547b7dc61c1f624b7bbc0897ea2782a12c9f7967cd5c13f4f24d651567b9,fill_null
f15cc4a3-203e-57fc-a44e-a8290ce658f3,cask_type,cask_type,,refill,APPEND,APPEND,0.95,CIT_18322247da274a2ef3dac64e4239a7481f076a136d70962c46479ec58b7398cd,smws,abfea37b450037f63cee60e35097e9bd15d36d61ab3e7e7e4db923ec520c4da4,fill_null
f15cc4a3-203e-57fc-a44e-a8290ce658f3,region,region,,Speyside,APPLY,REPLACE,0.95,CIT_18322247da274a2ef3dac64e4239a7481f076a136d70962c46479ec58b7398cd,smws,9a8ddb57ce3830b544a26bdbd5528d7159719bbe9a7d014f77decf553784b3a6,fill_null
f17ba6a3-6620-5604-9f1e-2e3235ede076,cask_type,cask_type,,refill,APPEND,APPEND,0.95,CIT_b259f7c3e03c39801dba1d2a0e3483ff401e9128417b5c162ebd9811cc11c116,smws,4ba54f8a5ce280b3a158949ad04b4ecd93f17a49a1b41fc84fe4e7c407784f1c,fill_null
f17ba6a3-6620-5604-9f1e-2e3235ede076,region,region,,Islay,APPLY,REPLACE,0.95,CIT_b259f7c3e03c39801dba1d2a0e3483ff401e9128417b5c162ebd9811cc11c116,smws,a3a7bc00e55f512671f2be6b14a21c65476a37f703e62107d4ea1e5a37d84ec4,fill_null
f1c7dad4-49a1-591b-8873-a426e5aa6bc1,cask_type,cask_type,,butt;refill,APPEND,APPEND,0.95,CIT_5dcecd39b14c8cb99a35e5cbaf2c95ea571d641a7ed14ccd27ab308828236be0,smws,0d6299374819b7ac8ddd061c58561921bded96245a787efd2f9ef48283e4eb6e,fill_null
f1c7dad4-49a1-591b-8873-a426e5aa6bc1,region,region,Islay / South Shore,Islay / South Shore,APPLY,REPLACE,0.95,CIT_5dcecd39b14c8cb99a35e5cbaf2c95ea571d641a7ed14ccd27ab308828236be0,smws,7a4405dabeff9bd5f549a6fe445b68cf9f9e824c052fa6f8feeb823ba6431be7,skipped_existing_stronger
f34d1084-aceb-5e69-aa4c-3d706a26afcd,cask_type,cask_type,,first-fill barrel,APPEND,APPEND,0.95,CIT_9e6248193f84ab92b5b997949089af7b9139b7dfb8b2eb8286627abdfd91a18c,smws,08895df1b42876b773db105fde167a902737ea6f44d59f3f5a56c916bec509a6,fill_null
f34d1084-aceb-5e69-aa4c-3d706a26afcd,region,region,,Speyside,APPLY,REPLACE,0.95,CIT_9e6248193f84ab92b5b997949089af7b9139b7dfb8b2eb8286627abdfd91a18c,smws,8ad61815fd1f6ffe0c11b1b4ca51a60fd413cfe99bcad4c920c6a61153ee54d0,fill_null
f35f96fd-559d-5df5-865c-ba94960e6a05,cask_type,cask_type,,butt;sherry butt,APPEND,APPEND,0.95,CIT_725802521a4f0ef6be1bbecd75e1094868a987218c2e72d74cbebc042dd94941,smws,424aafbd8c5fcf524aa02d9a19d612da6224fca80fe594724d3f3e141b48d9e4,fill_null
f35f96fd-559d-5df5-865c-ba94960e6a05,region,region,,Islay,APPLY,REPLACE,0.95,CIT_725802521a4f0ef6be1bbecd75e1094868a987218c2e72d74cbebc042dd94941,smws,cef243e92ffcdae1d7592f9db20aea515d7db1d7b9346904cf618b7ae6abcf45,fill_null
f39ecaf0-c8a9-58d1-b69c-de2bd508682e,cask_type,cask_type,,hogshead;refill,APPEND,APPEND,0.95,CIT_d801e80c0cd48a6d1df3493674f878ff6889fa779cff6bc8a36d5b5dde1d29d1,smws,8aca57c9ce1885d544418d4a737dbceacb0a58be5ae5ff370192d19599a5865e,fill_null
f39ecaf0-c8a9-58d1-b69c-de2bd508682e,region,region,,Speyside,APPLY,REPLACE,0.95,CIT_d801e80c0cd48a6d1df3493674f878ff6889fa779cff6bc8a36d5b5dde1d29d1,smws,c8477daee38be16bc6e855672dd3726881f6a1ed0886ff9f3b9cab3b7cdc8fba,fill_null
f3f011f2-b25d-5179-8c04-076fc2a85544,cask_type,cask_type,,butt;sherry butt,APPEND,APPEND,0.95,CIT_810009816e59cd565b2290375d475c0d8d7a98af533ee66ebf3d13175cfad2c1,smws,1892f19ed477845cb1b70c6d5ebfec784d0ca807bded82142722fd63fe50a854,fill_null
f3f011f2-b25d-5179-8c04-076fc2a85544,region,region,,Speyside,APPLY,REPLACE,0.95,CIT_810009816e59cd565b2290375d475c0d8d7a98af533ee66ebf3d13175cfad2c1,smws,c6d7eda50f3dafff7e2dcc01ca747c99837da4d9db1a5a1bd528ee09194f3863,fill_null
f436ba72-8ca2-5aaf-82e6-886efe2603b2,cask_type,cask_type,,hogshead;refill,APPEND,APPEND,0.95,CIT_f49b2707232596e601827c287b215da7a4e958f6716007bfc56c8e38f15081aa,smws,09f0ec90dad8d63b432f1fa35f6fcf28e93ae39b220a8c96925f80380224f23c,fill_null
f436ba72-8ca2-5aaf-82e6-886efe2603b2,region,region,,Speyside,APPLY,REPLACE,0.95,CIT_f49b2707232596e601827c287b215da7a4e958f6716007bfc56c8e38f15081aa,smws,33472549d3c5426329423adf05cead148f4eb676d45fef950b8027b6080be228,fill_null
f4446de1-663d-51a3-b640-bab8e3b82df4,cask_type,cask_type,,hogshead;refill,APPEND,APPEND,0.95,CIT_1dfdc5547b82dd10da7c2a6107e3a12f6d04c74e91d197913118f56778895631,smws,f9eccac2f06cf9c60fd42f66dc21f70e284861cef29abc0708517328699b5eff,fill_null
f6d0bff2-8473-598c-bc31-fadcca6d70ed,cask_type,cask_type,,refill,APPEND,APPEND,0.95,CIT_3bb7576b5fccb4123c0672bbd3a0cf62a980a3355ee5e68a96601f3d68e17c64,smws,266382d98194a178e92dbee49d26a239ec1be00bc5b4a8356b7b5d46e6de1628,fill_null
f6d0bff2-8473-598c-bc31-fadcca6d70ed,region,region,,Campbeltown,APPLY,REPLACE,0.95,CIT_3bb7576b5fccb4123c0672bbd3a0cf62a980a3355ee5e68a96601f3d68e17c64,smws,cc06c17ceb83ba7ac9c2deab9f5840e30673711e5be04d1a8625cc12d8c0cd1c,fill_null
f76b4f4e-43c3-5527-aac8-d588a46256ae,cask_type,cask_type,,refill,APPEND,APPEND,0.95,CIT_b3a23720ada8a6f713169a86be5bcf1e2949dfe0e9add3f2d39b63a636031cdb,smws,d370eb3d2cae5680d205f28ea5daaffa560adf391cfca632956d2fa58d96f533,fill_null
f76b4f4e-43c3-5527-aac8-d588a46256ae,region,region,,Speyside,APPLY,REPLACE,0.95,CIT_b3a23720ada8a6f713169a86be5bcf1e2949dfe0e9add3f2d39b63a636031cdb,smws,6b193c2ead888a9526b0087f3a1284c0ff311f3f93c85e2fdabf00d35ee0236f,fill_null
f7887fcd-a423-5627-9b75-3a971f7c1534,cask_type,cask_type,,refill,APPEND,APPEND,0.95,CIT_4a20bab2f1850a1199a75d3864b66ed677a718db618c6cf6651da95d889b1533,smws,de75fc43353a65721f993d136c2e6a2ac8ebb9c2dec4b58db91546d04eda6243,fill_null
f7887fcd-a423-5627-9b75-3a971f7c1534,region,region,,Highland,APPLY,REPLACE,0.95,CIT_4a20bab2f1850a1199a75d3864b66ed677a718db618c6cf6651da95d889b1533,smws,70b5ad69bfea03480ac83a786bfdb2bfed3b647888be63c64c849f63317d1720,fill_null
f812ec23-95b9-57ec-aa92-37fc7cc805c1,cask_type,cask_type,,refill,APPEND,APPEND,0.95,CIT_268e4bb7d752e1c0524499016ae3c38038b6c899f5315015632a3621a2fe17f7,smws,21ef37aefe78b8f1ca4a212172b3a770dae96f649a14bd6effc0ab512ebc1408,fill_null
f833e69f-06db-56de-896c-7b9ddbf14793,cask_type,cask_type,,hogshead;refill,APPEND,APPEND,0.95,CIT_feca1101246c05bef9d15762da339f570b00d899a6d3278726c2203f9a74f87d,smws,6408a288435129cc9660f7ebff7505f3b31a2f1a0e149d4b07f48c76390c971b,fill_null
f833e69f-06db-56de-896c-7b9ddbf14793,region,region,,Speyside,APPLY,REPLACE,0.95,CIT_feca1101246c05bef9d15762da339f570b00d899a6d3278726c2203f9a74f87d,smws,ef10c3e185be245833708fcff69d2937574bea886cde91bfd58c892f458f7e83,fill_null
f8576ff5-fced-5d2a-9669-d8b4ec279255,cask_type,cask_type,,butt;sherry butt,APPEND,APPEND,0.95,CIT_e9c5a403243d18939b3d2c0d46a04193d554508119ade87ad7ccc3566dc97770,smws,c6441db07bef3287cf77b3bc9de121cb7126366b5aaff5be2e1f196109d0fee2,fill_null
f8576ff5-fced-5d2a-9669-d8b4ec279255,region,region,,Highland,APPLY,REPLACE,0.95,CIT_e9c5a403243d18939b3d2c0d46a04193d554508119ade87ad7ccc3566dc97770,smws,1145fd20327ea815b36c7184a96cc057274c89256629bcd783b9967bbe498ceb,fill_null
f8606bf9-98cf-57dc-982b-517ed63dfe62,cask_type,cask_type,,butt;refill,APPEND,APPEND,0.95,CIT_9e43ae91c3fdd519350cef92dcddca7cde26fffddb10427fd0073bd28855f7f7,smws,f8610d9c1cfd701a1e4ab297e077df7f80aa5ade974d100e4271b522a2204dd4,fill_null
f8606bf9-98cf-57dc-982b-517ed63dfe62,region,region,,Speyside,APPLY,REPLACE,0.95,CIT_9e43ae91c3fdd519350cef92dcddca7cde26fffddb10427fd0073bd28855f7f7,smws,570fabd5bfa07a2cbaa5c5ae3fa3ecd9ce29abf0a84439821937a8f4a8b93407,fill_null
f865b05e-a649-5ff1-881a-50c2031c7d80,cask_type,cask_type,,hogshead;refill,APPEND,APPEND,0.95,CIT_59c02d9888d6eb1ab1c2da640aaa41d9e8d481f2ad5607ea46ccddfc4cdda6d3,smws,d4f4a220ab47e764eba361d3e6d1bc7f4c8c4869316e4d4ef9ffc18a1bc049a4,fill_null
f865b05e-a649-5ff1-881a-50c2031c7d80,region,region,,Highland,APPLY,REPLACE,0.95,CIT_59c02d9888d6eb1ab1c2da640aaa41d9e8d481f2ad5607ea46ccddfc4cdda6d3,smws,d87edfb37f73bbac1ed6d59fca1c0e4e514dfa1490ba7285799fc5b67861420c,fill_null
f8d9a3db-10da-5584-9764-dc3aa0f2d074,cask_type,cask_type,,refill,APPEND,APPEND,0.95,CIT_6f039dc1a7cbf07a901aa2f006cb51b1cf120088b4bb71dc586fdadb749fd10a,smws,9df8480dcff6637c6a8073527f8e14c19c62c031d76eca2e73a137a46d8c8fe4,fill_null
f8d9a3db-10da-5584-9764-dc3aa0f2d074,region,region,,Speyside,APPLY,REPLACE,0.95,CIT_6f039dc1a7cbf07a901aa2f006cb51b1cf120088b4bb71dc586fdadb749fd10a,smws,6c40468f7926ae5613250f48232c0272036a4eeaa8736e3b564ceaf9ef94908d,fill_null
f8de9132-49dc-5638-acae-f78c8e6986e2,cask_type,cask_type,,butt;refill,APPEND,APPEND,0.95,CIT_3d0ff8d161e427125e752c6af6141ba755f40934e44b9a4597b53a98db0688fd,smws,c5ef69d60c8c09e9483ff2998cc29be409db0096b46d04988e2d612ff6ca7f32,fill_null
f8de9132-49dc-5638-acae-f78c8e6986e2,region,region,,Islay,APPLY,REPLACE,0.95,CIT_3d0ff8d161e427125e752c6af6141ba755f40934e44b9a4597b53a98db0688fd,smws,9871a459ff3071a3953146aab8c22c25a38790291e7043b848be5ca5b6356145,fill_null
f940e7e2-2b86-5539-965c-48e17d84caab,cask_type,cask_type,,refill,APPEND,APPEND,0.95,CIT_1979e7321e9f224d69c5390450693a758e7aa0b94e6747e57cac3b3960baedd5,smws,a4fb48417aa78647027836500acbca4083d1fac95d105ff6c503b1cbab902fe7,fill_null
f9819506-4d77-5333-be41-077267d308d5,cask_type,cask_type,,butt;refill,APPEND,APPEND,0.95,CIT_ad9af441f268932556930df51f58972391b6f0b711b9b6718ad4ed442dbce90f,smws,552e16bffc1a6f8bc6ace23c7958ff5f3011c43ce6f93dac5c2bdaea5db74e0d,fill_null
f9819506-4d77-5333-be41-077267d308d5,region,region,,Speyside,APPLY,REPLACE,0.95,CIT_ad9af441f268932556930df51f58972391b6f0b711b9b6718ad4ed442dbce90f,smws,cf306a50ab2ff4a785bd2f5bd1655ae3a012305f65932d7f1cd2812b71070e9d,fill_null
f9c3d580-5258-5d75-838b-033316008a87,cask_type,cask_type,,refill,APPEND,APPEND,0.95,CIT_ad21c69c8e8eb0b20902b831b62a89df06b0bae0a5e66de148aa5c52b93a3e10,smws,88d3b8d6ff6f62cecac0a81a6170a512a46b0d34e76a5f7a1d92aa4b62862dad,fill_null
f9c3d580-5258-5d75-838b-033316008a87,region,region,,Speyside,APPLY,REPLACE,0.95,CIT_ad21c69c8e8eb0b20902b831b62a89df06b0bae0a5e66de148aa5c52b93a3e10,smws,a1439a1c6697e90372ad5e6e11be074c5d60b873394c7956a2f901ce7ef3335a,fill_null
fa070f60-40ed-54a5-aebb-d581129b2e1b,cask_type,cask_type,,hogshead;refill,APPEND,APPEND,0.95,CIT_7a1af2b969322dcd9000734121bcb14aac2087a2aeb3d749096ab8257cb64cfc,smws,43b85352e26e97da37a61456d20c40d59bc9223f96c9fac4e4a426f67d319287,fill_null
fa6c1dee-a4d6-5a4d-9d30-4fd05495ac2e,region,region,,Islay,APPLY,REPLACE,0.95,CIT_cf46c61a99676c95c3b5d079858e2310db3ff51c439f99212343d91e3454f206,smws,3ac10f902c8a1055c9481ebb12c037711071842c4f2f624ac9d9812c1e7a4604,fill_null
fa771b36-e4d3-5220-9bc8-0617a8448f30,cask_type,cask_type,,refill,APPEND,APPEND,0.95,CIT_7d307ba7d633114ec9e04d4931e17626b2a9ab754f1667c5ef72e20a04e342f4,smws,de15d4b04589919c10e4fc4da6a44f6976ab840a5eff4ea0681121e8f9ae2a1c,fill_null
fa771b36-e4d3-5220-9bc8-0617a8448f30,region,region,,Speyside,APPLY,REPLACE,0.95,CIT_7d307ba7d633114ec9e04d4931e17626b2a9ab754f1667c5ef72e20a04e342f4,smws,3386a362f4dff31608f59f28f506b459e875985c6b67dada17e383322def573f,fill_null
fb0a4b12-03d0-5a3b-b6b2-3b8b992a66b8,cask_type,cask_type,,hogshead;refill,APPEND,APPEND,0.95,CIT_8ecf38d0c74dd966fb8e897afee8ad872a5b78830b01bb488580c1f6f0bd3065,smws,3997e1f924f072e5686d921406a2053df1501e473ced9347fdbca4fef86d6ead,fill_null
fb8f7cfa-78ee-54dc-8a41-e4b3ca1a7dfb,cask_type,cask_type,,hogshead;refill,APPEND,APPEND,0.95,CIT_340b44c741ec10b571eabb609b4f3aaf79077002d843faa74641671da9a93100,smws,cc1bf2f10a7a10911d7962fc0617e66a3762d54f2ece77eeb0fb377b612214f2,fill_null
fb8f7cfa-78ee-54dc-8a41-e4b3ca1a7dfb,region,region,Highlands / District,Highlands / District,APPLY,REPLACE,0.95,CIT_340b44c741ec10b571eabb609b4f3aaf79077002d843faa74641671da9a93100,smws,699859729ea74961aafd3a061047fcabc6378dc7ebd535650c9b62247dd52ed5,skipped_existing_stronger
fbcd8b02-6ff3-56a1-be42-a40619a610d7,cask_type,cask_type,,first-fill barrel,APPEND,APPEND,0.95,CIT_a006b47879630854a9bd06069321e7109401ab72589ab24e78c0795540914e54,smws,46d364aef846beb1a4b9344dcee8d3dc79ff9a4db9957d1c9370ab74a347612e,fill_null
fbcd8b02-6ff3-56a1-be42-a40619a610d7,region,region,,Highland,APPLY,REPLACE,0.95,CIT_a006b47879630854a9bd06069321e7109401ab72589ab24e78c0795540914e54,smws,15f3accb69eba6a2605b2b68117163f740784186367f3f8d62c470f4a43a0ca1,fill_null
fc05742a-2324-55aa-9157-91546ef3f295,cask_type,cask_type,,butt;refill,APPEND,APPEND,0.95,CIT_44f075b5885fa6eaf78345e3b81450666c244606fa6d7c4afeae01b16a1d5ce4,smws,d6d83ee98bc6100807ef6495a943e9678130d86ab188ba2738dcb9092baba370,fill_null
fc05742a-2324-55aa-9157-91546ef3f295,region,region,,Speyside,APPLY,REPLACE,0.95,CIT_44f075b5885fa6eaf78345e3b81450666c244606fa6d7c4afeae01b16a1d5ce4,smws,2364d53241c5bf1c047d4826406311df257fc56e5a467cf513256c0a6c09ad5e,fill_null
fc17fc25-f5ce-5afb-8926-190c8f6d006d,region,region,,Speyside,APPLY,REPLACE,0.95,CIT_50478300a69c1bf33e3f72f3edf318f58cf454c5ed44785af9cf450a64eecaaf,smws,a480304dc24a8946f8ddaed13daf3ead94d674a1f30d89759a4163cc221cf624,fill_null
fc8f57db-14b0-510a-8403-655d55bc07ff,cask_type,cask_type,,hogshead;wine cask,APPEND,APPEND,0.95,CIT_7fd1fa168d07787c8c8d6d0b7c148ab788bdf5dee33b1773e32f795432d230cf,smws,32f573ae103db9ffc16f059a1e7680f2ba822fb458d271782fcb8411413e5791,fill_null
fc8f57db-14b0-510a-8403-655d55bc07ff,region,region,,Speyside,APPLY,REPLACE,0.95,CIT_7fd1fa168d07787c8c8d6d0b7c148ab788bdf5dee33b1773e32f795432d230cf,smws,ae885c60de3c1fc8c925a5273e858dd39553489a57175dd994e0bb15d7c75e17,fill_null
fce85ca8-cb7f-5afa-9124-b4439b9c6dd8,cask_type,cask_type,,hogshead;refill,APPEND,APPEND,0.95,CIT_b4a03769dd1afb980d7dea4a7e8bf29e9c37e66e48e2fc619c8ac0ccef29101a,smws,40b12a1798595897229927cb107008a5dc8de407b7827096fdf1846967acfe7f,fill_null
fce85ca8-cb7f-5afa-9124-b4439b9c6dd8,region,region,,Speyside,APPLY,REPLACE,0.95,CIT_b4a03769dd1afb980d7dea4a7e8bf29e9c37e66e48e2fc619c8ac0ccef29101a,smws,383e93d46e429f704d18a00fe6e5c3ead73a60d66195670e29d3ed8ebec8c7d4,fill_null
fcfad8c4-ad35-5ff7-b276-06d068b48bfc,cask_type,cask_type,,first-fill barrel,APPEND,APPEND,0.95,CIT_965913ee2b6fd8d2b163c992fdfa0ee442c8ea8449afdd0081f11f07ecac7b44,smws,910928f316f57765a8b256e8e8ab374d84c2eb7b1b6861b77870c69713a0e160,fill_null
fcfad8c4-ad35-5ff7-b276-06d068b48bfc,region,region,,Speyside,APPLY,REPLACE,0.95,CIT_965913ee2b6fd8d2b163c992fdfa0ee442c8ea8449afdd0081f11f07ecac7b44,smws,cdf707920684580ef6ade2f7ad7d550e2ca4e2edc0f528064605bb71785a6cb3,fill_null
fd4d2419-0409-56f9-b32d-0a6ccca825d2,cask_type,cask_type,,hogshead;refill,APPEND,APPEND,0.95,CIT_8f98e1dbdc2aa9770e77f10213468d99fbdd28623d251ee4675e1e7fb457d9d9,smws,816c11706ecee49b878d29b7d8741f9ff12741e8c310e5bb3aed5c13f5fa9e77,fill_null
fd4d2419-0409-56f9-b32d-0a6ccca825d2,region,region,,Islay,APPLY,REPLACE,0.95,CIT_8f98e1dbdc2aa9770e77f10213468d99fbdd28623d251ee4675e1e7fb457d9d9,smws,69b6ae079850cc3e62289eb31f6e97182d5009e6632bf8889260010e885b1482,fill_null
fd6370a3-9f51-5217-b71d-e3acf90b390f,region,region,,Speyside,APPLY,REPLACE,0.95,CIT_494700d9f44fc1dbf71a8642fd69922c85f4bbdb72c0ca8765669df05805b69f,smws,f63b0637842f326e31e67426d24d7853145281a4eb177d58d81c39848fb31df3,fill_null
fd7b2a97-d5e8-56f6-b03f-a68591ff085c,region,region,Lowland / District,Lowland / District,APPLY,REPLACE,0.95,CIT_5056a335128f90955f059bfa01f8c01128cc8361a19f69fe1f118e18b485a8fa,smws,6d0a5e0e5ed39c9227cc3ffed9ffb536a850dde484e6badcffee06536784447e,skipped_existing_stronger
fd9965cc-f6be-5065-aa7e-710399f0afee,region,region,,Lowland,APPLY,REPLACE,0.95,CIT_96c1a8c9ff105bda6cf8d5d22191aab72f5bb4093665c18b4ca65c763689af66,smws,2403ed36d112b9a1ed18d0e3b3ae7cb6a3b4129eb58beff5afb496c7737724d4,fill_null
fe277e32-849a-5740-86b6-ed4f1765468b,cask_type,cask_type,,butt;sherry butt,APPEND,APPEND,0.95,CIT_4b636cd2925d48bd90f1d105d1571d0dab5b607f52a0fd0c466cfa09fdb62f75,smws,7d418e31c8eb743827fe7234b11d2fec9f23c38fddb38d8ab641c1482bb654d9,fill_null
fe277e32-849a-5740-86b6-ed4f1765468b,region,region,,Islay,APPLY,REPLACE,0.95,CIT_4b636cd2925d48bd90f1d105d1571d0dab5b607f52a0fd0c466cfa09fdb62f75,smws,13e02020c0f91116360bb5b6f660c12b7d21a8572ea59821fd0398f765d29bfb,fill_null
fe365565-a937-51a4-9791-b42204bc9e83,cask_type,cask_type,,refill,APPEND,APPEND,0.95,CIT_19c3399b882c28d1e94c8d5094d57c2a23f85f2252c5ddf29fb7b8a06453a834,smws,70f13bea14c5ae32ba19b7b6ea92fcd9cdaf84c5d6b426abb5702d7fadba0070,fill_null
fe365565-a937-51a4-9791-b42204bc9e83,region,region,,Speyside,APPLY,REPLACE,0.95,CIT_19c3399b882c28d1e94c8d5094d57c2a23f85f2252c5ddf29fb7b8a06453a834,smws,41c0e9f012fc83aae4512fbfac8727ad0a62fd4981bee934c38168560f6174c5,fill_null
fe67b7c9-ffc7-58ae-84fa-1382508a5218,cask_type,cask_type,,refill,APPEND,APPEND,0.95,CIT_e631fad89915c66d7a08b139b822b82f2830bbeb7ccd2b591b7cb22152ea307c,smws,04904fb876ce46914311d51d93fca5aaf8ac6eb1dc8b347a851d7c57deda328e,fill_null
fe67b7c9-ffc7-58ae-84fa-1382508a5218,region,region,,Speyside,APPLY,REPLACE,0.95,CIT_e631fad89915c66d7a08b139b822b82f2830bbeb7ccd2b591b7cb22152ea307c,smws,b3adf1c7d0b135e0ad08444b23e178a0e34dd75d1edc6c57726ef0f66e1cc766,fill_null
fe6f69c1-6d2f-542c-ac5c-da11d61f070f,cask_type,cask_type,,butt;sherry butt,APPEND,APPEND,0.95,CIT_74a414ca2215d8a32fc2a6def967ca3559d4528dbc18fcebbc21946ca369d3a8,smws,b73d3f2d3ce5034bd750f6dca3778884f09105232ab6c138e74a97595509d546,fill_null
fe6f69c1-6d2f-542c-ac5c-da11d61f070f,region,region,,Highland,APPLY,REPLACE,0.95,CIT_74a414ca2215d8a32fc2a6def967ca3559d4528dbc18fcebbc21946ca369d3a8,smws,e19a8dad34f73416183a8fad0292542846fb35c752612371d42580695d74f353,fill_null
fee204ef-9f9c-58a7-8869-1abdbe190ae6,region,region,,Highland,APPLY,REPLACE,0.95,CIT_9e0cfd1d31d449e35494128440d20df0527d16e92d754e08872d343cb984c325,smws,0dfff43014cbc20dd60fe742af9107bc83906c64fecb74ec01707e27b63fd405,fill_null
ff90728b-cad1-5e26-9dee-a05f77bbe9ea,cask_type,cask_type,,hogshead;refill,APPEND,APPEND,0.95,CIT_b4b4cceb6c31269b3592e04a5e98fa9d1a01a456b88064d23301059856d42046,smws,93eaf23881af5a8aeee1840f55d9b83ebf66188df7a25bd0a95d74c9de230d89,fill_null
ff90728b-cad1-5e26-9dee-a05f77bbe9ea,region,region,,Speyside,APPLY,REPLACE,0.95,CIT_b4b4cceb6c31269b3592e04a5e98fa9d1a01a456b88064d23301059856d42046,smws,0fa5ff7fe992fe74e1acf0d2e0939d11f31ae8e931c57a6c2830d75d66e36a01,fill_null
